sep=;
FECHA_GRUPO;VALOR (msnm)
13/03/2025 00:15;487.14
13/03/2025 00:30;487.14
13/03/2025 00:45;487.14
13/03/2025 01:00;487.14
13/03/2025 01:15;487.14
13/03/2025 01:30;487.14
13/03/2025 01:45;487.14
13/03/2025 02:00;487.15
13/03/2025 02:15;487.15
13/03/2025 02:30;487.15
13/03/2025 02:45;487.15
13/03/2025 03:00;487.15
13/03/2025 03:15;487.15
13/03/2025 03:30;487.15
13/03/2025 03:45;487.15
13/03/2025 04:00;487.15
13/03/2025 04:15;487.15
13/03/2025 04:30;487.15
13/03/2025 04:45;487.16
13/03/2025 05:00;487.16
13/03/2025 05:15;487.16
13/03/2025 05:30;487.16
13/03/2025 05:45;487.16
13/03/2025 06:00;487.16
13/03/2025 06:15;487.16
13/03/2025 06:30;487.16
13/03/2025 06:45;487.16
13/03/2025 07:00;487.16
13/03/2025 07:15;487.16
13/03/2025 07:30;487.16
13/03/2025 07:45;487.16
13/03/2025 08:00;487.17
13/03/2025 08:15;487.17
13/03/2025 08:30;487.17
13/03/2025 08:45;487.17
13/03/2025 09:00;487.17
13/03/2025 09:15;487.17
13/03/2025 09:30;487.17
13/03/2025 09:45;487.17
13/03/2025 10:00;487.17
13/03/2025 10:15;487.17
13/03/2025 10:30;487.17
13/03/2025 10:45;487.17
13/03/2025 11:00;487.17
13/03/2025 11:15;487.18
13/03/2025 11:30;487.17
13/03/2025 11:45;487.18
13/03/2025 12:00;487.18
13/03/2025 12:15;487.18
13/03/2025 12:30;487.18
13/03/2025 12:45;487.18
13/03/2025 13:00;487.18
13/03/2025 13:15;487.18
13/03/2025 13:30;487.18
13/03/2025 13:45;487.18
13/03/2025 14:00;487.18
13/03/2025 14:15;487.18
13/03/2025 14:30;487.18
13/03/2025 14:45;487.18
13/03/2025 15:00;487.19
13/03/2025 15:15;487.18
13/03/2025 15:30;487.19
13/03/2025 15:45;487.19
13/03/2025 16:00;487.19
13/03/2025 16:15;487.19
13/03/2025 16:30;487.19
13/03/2025 16:45;487.19
13/03/2025 17:00;487.19
13/03/2025 17:15;487.19
13/03/2025 17:30;487.19
13/03/2025 17:45;487.19
13/03/2025 18:00;487.19
13/03/2025 18:15;487.19
13/03/2025 18:30;487.19
13/03/2025 18:45;487.19
13/03/2025 19:00;487.19
13/03/2025 19:15;487.19
13/03/2025 19:30;487.19
13/03/2025 19:45;487.19
13/03/2025 20:00;487.19
13/03/2025 20:15;487.19
13/03/2025 20:30;487.2
13/03/2025 20:45;487.2
13/03/2025 21:00;487.2
13/03/2025 21:15;487.2
13/03/2025 21:30;487.2
13/03/2025 21:45;487.2
13/03/2025 22:00;487.2
13/03/2025 22:15;487.2
13/03/2025 22:30;487.2
13/03/2025 22:45;487.2
13/03/2025 23:00;487.2
13/03/2025 23:15;487.2
13/03/2025 23:30;487.2
13/03/2025 23:45;487.2
14/03/2025 00:00;487.2
14/03/2025 00:15;487.2
14/03/2025 00:30;487.2
14/03/2025 00:45;487.2
14/03/2025 01:00;487.2
14/03/2025 01:15;487.2
14/03/2025 01:30;487.2
14/03/2025 01:45;487.2
14/03/2025 02:00;487.2
14/03/2025 02:15;487.2
14/03/2025 02:30;487.2
14/03/2025 02:45;487.21
14/03/2025 03:00;487.21
14/03/2025 03:15;487.2
14/03/2025 03:30;487.21
14/03/2025 03:45;487.21
14/03/2025 04:00;487.21
14/03/2025 04:15;487.21
14/03/2025 04:30;487.21
14/03/2025 04:45;487.21
14/03/2025 05:00;487.21
14/03/2025 05:15;487.21
14/03/2025 05:30;487.21
14/03/2025 05:45;487.21
14/03/2025 06:00;487.21
14/03/2025 06:15;487.21
14/03/2025 06:30;487.21
14/03/2025 06:45;487.21
14/03/2025 07:00;487.21
14/03/2025 07:15;487.21
14/03/2025 07:30;487.21
14/03/2025 07:45;487.21
14/03/2025 08:00;487.21
14/03/2025 08:15;487.21
14/03/2025 08:30;487.21
14/03/2025 08:45;487.21
14/03/2025 09:00;487.21
14/03/2025 09:15;487.21
14/03/2025 09:30;487.21
14/03/2025 09:45;487.21
14/03/2025 10:00;487.21
14/03/2025 10:15;487.21
14/03/2025 10:30;487.21
14/03/2025 10:45;487.21
14/03/2025 11:00;487.21
14/03/2025 11:15;487.21
14/03/2025 11:30;487.21
14/03/2025 11:45;487.21
14/03/2025 12:00;487.21
14/03/2025 12:15;487.21
14/03/2025 12:30;487.21
14/03/2025 12:45;487.21
14/03/2025 13:00;487.21
14/03/2025 13:15;487.21
14/03/2025 13:30;487.21
14/03/2025 13:45;487.21
14/03/2025 14:00;487.21
14/03/2025 14:15;487.21
14/03/2025 14:30;487.21
14/03/2025 14:45;487.21
14/03/2025 15:00;487.21
14/03/2025 15:15;487.21
14/03/2025 15:30;487.21
14/03/2025 15:45;487.21
14/03/2025 16:00;487.21
14/03/2025 16:15;487.21
14/03/2025 16:30;487.21
14/03/2025 16:45;487.21
14/03/2025 17:00;487.21
14/03/2025 17:15;487.21
14/03/2025 17:30;487.21
14/03/2025 17:45;487.21
14/03/2025 18:00;487.21
14/03/2025 18:15;487.21
14/03/2025 18:30;487.21
14/03/2025 18:45;487.21
14/03/2025 19:00;487.21
14/03/2025 19:15;487.21
14/03/2025 19:30;487.21
14/03/2025 19:45;487.21
14/03/2025 20:00;487.21
14/03/2025 20:15;487.21
14/03/2025 20:30;487.21
14/03/2025 20:45;487.22
14/03/2025 21:00;487.21
14/03/2025 21:15;487.22
14/03/2025 21:30;487.22
14/03/2025 21:45;487.21
14/03/2025 22:00;487.21
14/03/2025 22:15;487.21
14/03/2025 22:30;487.21
14/03/2025 22:45;487.21
14/03/2025 23:00;487.21
14/03/2025 23:15;487.21
14/03/2025 23:30;487.21
14/03/2025 23:45;487.21
15/03/2025 00:00;487.21
15/03/2025 00:15;487.21
15/03/2025 00:30;487.21
15/03/2025 00:45;487.21
15/03/2025 01:00;487.21
15/03/2025 01:15;487.21
15/03/2025 01:30;487.21
15/03/2025 01:45;487.21
15/03/2025 02:00;487.21
15/03/2025 02:15;487.21
15/03/2025 02:30;487.21
15/03/2025 02:45;487.21
15/03/2025 03:00;487.22
15/03/2025 03:15;487.21
15/03/2025 03:30;487.21
15/03/2025 03:45;487.21
15/03/2025 04:00;487.21
15/03/2025 04:15;487.21
15/03/2025 04:30;487.21
15/03/2025 04:45;487.21
15/03/2025 05:00;487.21
15/03/2025 05:15;487.22
15/03/2025 05:30;487.22
15/03/2025 05:45;487.22
15/03/2025 06:00;487.22
15/03/2025 06:15;487.21
15/03/2025 06:30;487.22
15/03/2025 06:45;487.21
15/03/2025 07:00;487.21
15/03/2025 07:15;487.22
15/03/2025 07:30;487.21
15/03/2025 07:45;487.21
15/03/2025 08:00;487.21
15/03/2025 08:15;487.21
15/03/2025 08:30;487.21
15/03/2025 08:45;487.21
15/03/2025 09:00;487.21
15/03/2025 09:15;487.21
15/03/2025 09:30;487.21
15/03/2025 09:45;487.21
15/03/2025 10:00;487.21
15/03/2025 10:15;487.21
15/03/2025 10:30;487.21
15/03/2025 10:45;487.21
15/03/2025 11:00;487.22
15/03/2025 11:15;487.21
15/03/2025 11:30;487.21
15/03/2025 11:45;487.21
15/03/2025 12:00;487.21
15/03/2025 12:15;487.21
15/03/2025 12:30;487.21
15/03/2025 12:45;487.21
15/03/2025 13:00;487.21
15/03/2025 13:15;487.21
15/03/2025 13:30;487.21
15/03/2025 13:45;487.21
15/03/2025 14:00;487.21
15/03/2025 14:15;487.21
15/03/2025 14:30;487.21
15/03/2025 14:45;487.21
15/03/2025 15:00;487.21
15/03/2025 15:15;487.2
15/03/2025 15:30;487.2
15/03/2025 15:45;487.21
15/03/2025 16:00;487.2
15/03/2025 16:15;487.21
15/03/2025 16:30;487.2
15/03/2025 16:45;487.2
15/03/2025 17:00;487.21
15/03/2025 17:15;487.2
15/03/2025 17:30;487.21
15/03/2025 17:45;487.2
15/03/2025 18:00;487.2
15/03/2025 18:15;487.2
15/03/2025 18:30;487.2
15/03/2025 18:45;487.2
15/03/2025 19:00;487.2
15/03/2025 19:15;487.2
15/03/2025 19:30;487.2
15/03/2025 19:45;487.2
15/03/2025 20:00;487.2
15/03/2025 20:15;487.2
15/03/2025 20:30;487.2
15/03/2025 20:45;487.2
15/03/2025 21:00;487.2
15/03/2025 21:15;487.2
15/03/2025 21:30;487.2
15/03/2025 21:45;487.2
15/03/2025 22:00;487.2
15/03/2025 22:15;487.2
15/03/2025 22:30;487.2
15/03/2025 22:45;487.2
15/03/2025 23:00;487.2
15/03/2025 23:15;487.2
15/03/2025 23:30;487.2
15/03/2025 23:45;487.2
16/03/2025 00:00;487.2
16/03/2025 00:15;487.2
16/03/2025 00:30;487.2
16/03/2025 00:45;487.19
16/03/2025 01:00;487.2
16/03/2025 01:15;487.2
16/03/2025 01:30;487.2
16/03/2025 01:45;487.2
16/03/2025 02:00;487.19
16/03/2025 02:15;487.19
16/03/2025 02:30;487.2
16/03/2025 02:45;487.19
16/03/2025 03:00;487.19
16/03/2025 03:15;487.2
16/03/2025 03:30;487.19
16/03/2025 03:45;487.19
16/03/2025 04:00;487.19
16/03/2025 04:15;487.19
16/03/2025 04:30;487.19
16/03/2025 04:45;487.19
16/03/2025 05:00;487.19
16/03/2025 05:15;487.19
16/03/2025 05:30;487.19
16/03/2025 05:45;487.19
16/03/2025 06:00;487.19
16/03/2025 06:15;487.19
16/03/2025 06:30;487.19
16/03/2025 06:45;487.19
16/03/2025 07:00;487.19
16/03/2025 07:15;487.19
16/03/2025 07:30;487.19
16/03/2025 07:45;487.19
16/03/2025 08:00;487.19
16/03/2025 08:15;487.19
16/03/2025 08:30;487.19
16/03/2025 08:45;487.19
16/03/2025 09:00;487.19
16/03/2025 09:15;487.19
16/03/2025 09:30;487.19
16/03/2025 09:45;487.19
16/03/2025 10:00;487.19
16/03/2025 10:15;487.19
16/03/2025 10:30;487.19
16/03/2025 10:45;487.19
16/03/2025 11:00;487.19
16/03/2025 11:15;487.18
16/03/2025 11:30;487.18
16/03/2025 11:45;487.18
16/03/2025 12:00;487.18
16/03/2025 12:15;487.18
16/03/2025 12:30;487.18
16/03/2025 12:45;487.18
16/03/2025 13:00;487.18
16/03/2025 13:15;487.18
16/03/2025 13:30;487.18
16/03/2025 13:45;487.18
16/03/2025 14:00;487.18
16/03/2025 14:15;487.18
16/03/2025 14:30;487.18
16/03/2025 14:45;487.18
16/03/2025 15:00;487.18
16/03/2025 15:15;487.18
16/03/2025 15:30;487.18
16/03/2025 15:45;487.17
16/03/2025 16:00;487.17
16/03/2025 16:15;487.18
16/03/2025 16:30;487.18
16/03/2025 16:45;487.18
16/03/2025 17:00;487.18
16/03/2025 17:15;487.18
16/03/2025 17:30;487.18
16/03/2025 17:45;487.18
16/03/2025 18:00;487.18
16/03/2025 18:15;487.17
16/03/2025 18:30;487.17
16/03/2025 18:45;487.17
16/03/2025 19:00;487.17
16/03/2025 19:15;487.17
16/03/2025 19:30;487.17
16/03/2025 19:45;487.17
16/03/2025 20:00;487.17
16/03/2025 20:15;487.17
16/03/2025 20:30;487.17
16/03/2025 20:45;487.17
16/03/2025 21:00;487.17
16/03/2025 21:15;487.17
16/03/2025 21:30;487.17
16/03/2025 21:45;487.17
16/03/2025 22:00;487.17
16/03/2025 22:15;487.17
16/03/2025 22:30;487.17
16/03/2025 22:45;487.17
16/03/2025 23:00;487.16
16/03/2025 23:15;487.16
16/03/2025 23:30;487.17
16/03/2025 23:45;487.16
17/03/2025 00:00;487.16
17/03/2025 00:15;487.16
17/03/2025 00:30;487.16
17/03/2025 00:45;487.16
17/03/2025 01:00;487.16
17/03/2025 01:15;487.16
17/03/2025 01:30;487.16
17/03/2025 01:45;487.16
17/03/2025 02:00;487.16
17/03/2025 02:15;487.16
17/03/2025 02:30;487.16
17/03/2025 02:45;487.16
17/03/2025 03:00;487.16
17/03/2025 03:15;487.16
17/03/2025 03:30;487.16
17/03/2025 03:45;487.16
17/03/2025 04:00;487.16
17/03/2025 04:15;487.16
17/03/2025 04:30;487.16
17/03/2025 04:45;487.16
17/03/2025 05:00;487.16
17/03/2025 05:15;487.16
17/03/2025 05:30;487.16
17/03/2025 05:45;487.16
17/03/2025 06:00;487.16
17/03/2025 06:15;487.16
17/03/2025 06:30;487.16
17/03/2025 06:45;487.16
17/03/2025 07:00;487.16
17/03/2025 07:15;487.16
17/03/2025 07:30;487.16
17/03/2025 07:45;487.16
17/03/2025 08:00;487.16
17/03/2025 08:15;487.15
17/03/2025 08:30;487.15
17/03/2025 08:45;487.15
17/03/2025 09:00;487.15
17/03/2025 09:15;487.15
17/03/2025 09:30;487.15
17/03/2025 09:45;487.15
17/03/2025 10:00;487.15
17/03/2025 10:15;487.15
17/03/2025 10:30;487.15
17/03/2025 10:45;487.15
17/03/2025 11:00;487.15
17/03/2025 11:15;487.15
17/03/2025 11:30;487.15
17/03/2025 11:45;487.15
17/03/2025 12:00;487.15
17/03/2025 12:15;487.15
17/03/2025 12:30;487.15
17/03/2025 12:45;487.15
17/03/2025 13:00;487.15
17/03/2025 13:15;487.15
17/03/2025 13:30;487.15
17/03/2025 13:45;487.14
17/03/2025 14:00;487.14
17/03/2025 14:15;487.14
17/03/2025 14:30;487.14
17/03/2025 14:45;487.14
17/03/2025 15:00;487.14
17/03/2025 15:15;487.14
17/03/2025 15:30;487.14
17/03/2025 15:45;487.14
17/03/2025 16:00;487.14
17/03/2025 16:15;487.14
17/03/2025 16:30;487.14
17/03/2025 16:45;487.14
17/03/2025 17:00;487.14
17/03/2025 17:15;487.14
17/03/2025 17:30;487.14
17/03/2025 17:45;487.14
17/03/2025 18:00;487.14
17/03/2025 18:15;487.14
17/03/2025 18:30;487.14
17/03/2025 18:45;487.14
17/03/2025 19:00;487.13
17/03/2025 19:15;487.13
17/03/2025 19:30;487.13
17/03/2025 19:45;487.13
17/03/2025 20:00;487.13
17/03/2025 20:15;487.13
17/03/2025 20:30;487.13
17/03/2025 20:45;487.13
17/03/2025 21:00;487.13
17/03/2025 21:15;487.13
17/03/2025 21:30;487.13
17/03/2025 21:45;487.13
17/03/2025 22:00;487.13
17/03/2025 22:15;487.13
17/03/2025 22:30;487.13
17/03/2025 22:45;487.13
17/03/2025 23:00;487.13
17/03/2025 23:15;487.13
17/03/2025 23:30;487.13
17/03/2025 23:45;487.13
18/03/2025 00:00;487.13
18/03/2025 00:15;487.13
18/03/2025 00:30;487.13
18/03/2025 00:45;487.13
18/03/2025 01:00;487.13
18/03/2025 01:15;487.13
18/03/2025 01:30;487.13
18/03/2025 01:45;487.13
18/03/2025 02:00;487.13
18/03/2025 02:15;487.13
18/03/2025 02:30;487.13
18/03/2025 02:45;487.13
18/03/2025 03:00;487.13
18/03/2025 03:15;487.13
18/03/2025 03:30;487.13
18/03/2025 03:45;487.12
18/03/2025 04:00;487.12
18/03/2025 04:15;487.12
18/03/2025 04:30;487.12
18/03/2025 04:45;487.12
18/03/2025 05:00;487.12
18/03/2025 05:15;487.12
18/03/2025 05:30;487.12
18/03/2025 05:45;487.12
18/03/2025 06:00;487.12
18/03/2025 06:15;487.12
18/03/2025 06:30;487.12
18/03/2025 06:45;487.12
18/03/2025 07:00;487.12
18/03/2025 07:15;487.12
18/03/2025 07:30;487.12
18/03/2025 07:45;487.12
18/03/2025 08:00;487.12
18/03/2025 08:15;487.12
18/03/2025 08:30;487.12
18/03/2025 08:45;487.12
18/03/2025 09:00;487.12
18/03/2025 09:15;487.12
18/03/2025 09:30;487.12
18/03/2025 09:45;487.12
18/03/2025 10:00;487.12
18/03/2025 10:15;487.12
18/03/2025 10:30;487.12
18/03/2025 10:45;487.11
18/03/2025 11:00;487.11
18/03/2025 11:15;487.11
18/03/2025 11:30;487.11
18/03/2025 11:45;487.11
18/03/2025 12:00;487.11
18/03/2025 12:15;487.11
18/03/2025 12:30;487.11
18/03/2025 12:45;487.11
18/03/2025 13:00;487.11
18/03/2025 13:15;487.11
18/03/2025 13:30;487.11
18/03/2025 13:45;487.1
18/03/2025 14:00;487.1
18/03/2025 14:15;487.1
18/03/2025 14:30;487.1
18/03/2025 14:45;487.1
18/03/2025 15:00;487.1
18/03/2025 15:15;487.1
18/03/2025 15:30;487.1
18/03/2025 15:45;487.1
18/03/2025 16:00;487.1
18/03/2025 16:15;487.1
18/03/2025 16:30;487.1
18/03/2025 16:45;487.1
18/03/2025 17:00;487.1
18/03/2025 17:15;487.1
18/03/2025 17:30;487.1
18/03/2025 17:45;487.1
18/03/2025 18:00;487.1
18/03/2025 18:15;487.1
18/03/2025 18:30;487.09
18/03/2025 18:45;487.09
18/03/2025 19:00;487.09
18/03/2025 19:15;487.09
18/03/2025 19:30;487.09
18/03/2025 19:45;487.09
18/03/2025 20:00;487.09
18/03/2025 20:15;487.09
18/03/2025 20:30;487.09
18/03/2025 20:45;487.09
18/03/2025 21:00;487.09
18/03/2025 21:15;487.09
18/03/2025 21:30;487.08
18/03/2025 21:45;487.08
18/03/2025 22:00;487.08
18/03/2025 22:15;487.08
18/03/2025 22:30;487.08
18/03/2025 22:45;487.08
18/03/2025 23:00;487.08
18/03/2025 23:15;487.08
18/03/2025 23:30;487.08
18/03/2025 23:45;487.08
19/03/2025 00:00;487.08
19/03/2025 00:15;487.08
19/03/2025 00:30;487.08
19/03/2025 00:45;487.08
19/03/2025 01:00;487.08
19/03/2025 01:15;487.08
19/03/2025 01:30;487.08
19/03/2025 01:45;487.07
19/03/2025 02:00;487.07
19/03/2025 02:15;487.07
19/03/2025 02:30;487.07
19/03/2025 02:45;487.07
19/03/2025 03:00;487.07
19/03/2025 03:15;487.07
19/03/2025 03:30;487.07
19/03/2025 03:45;487.07
19/03/2025 04:00;487.07
19/03/2025 04:15;487.07
19/03/2025 04:30;487.06
19/03/2025 04:45;487.06
19/03/2025 05:00;487.06
19/03/2025 05:15;487.06
19/03/2025 05:30;487.06
19/03/2025 05:45;487.06
19/03/2025 06:00;487.06
19/03/2025 06:15;487.06
19/03/2025 06:30;487.06
19/03/2025 06:45;487.06
19/03/2025 07:00;487.06
19/03/2025 07:15;487.06
19/03/2025 07:30;487.06
19/03/2025 07:45;487.06
19/03/2025 08:00;487.05
19/03/2025 08:15;487.05
19/03/2025 08:30;487.05
19/03/2025 08:45;487.05
19/03/2025 09:00;487.05
19/03/2025 09:15;487.05
19/03/2025 09:30;487.05
19/03/2025 09:45;487.05
19/03/2025 10:00;487.05
19/03/2025 10:15;487.05
19/03/2025 10:30;487.05
19/03/2025 10:45;487.05
19/03/2025 11:00;487.05
19/03/2025 11:15;487.04
19/03/2025 11:30;487.04
19/03/2025 11:45;487.04
19/03/2025 12:00;487.04
19/03/2025 12:15;487.04
19/03/2025 12:30;487.04
19/03/2025 12:45;487.04
19/03/2025 13:00;487.03
19/03/2025 13:15;487.04
19/03/2025 13:30;487.03
19/03/2025 13:45;487.03
19/03/2025 14:00;487.03
19/03/2025 14:15;487.03
19/03/2025 14:30;487.03
19/03/2025 14:45;487.03
19/03/2025 15:00;487.03
19/03/2025 15:15;487.03
19/03/2025 15:30;487.03
19/03/2025 15:45;487.03
19/03/2025 16:00;487.03
19/03/2025 16:15;487.03
19/03/2025 16:30;487.03
19/03/2025 16:45;487.03
19/03/2025 17:00;487.03
19/03/2025 17:15;487.03
19/03/2025 17:30;487.03
19/03/2025 17:45;487.02
19/03/2025 18:00;487.03
19/03/2025 18:15;487.03
19/03/2025 18:30;487.03
19/03/2025 18:45;487.02
19/03/2025 19:00;487.02
19/03/2025 19:15;487.02
19/03/2025 19:30;487.02
19/03/2025 19:45;487.02
19/03/2025 20:00;487.02
19/03/2025 20:15;487.02
19/03/2025 20:30;487.02
19/03/2025 20:45;487.02
19/03/2025 21:00;487.02
19/03/2025 21:15;487.02
19/03/2025 21:30;487.01
19/03/2025 21:45;487.01
19/03/2025 22:00;487.02
19/03/2025 22:15;487.01
19/03/2025 22:30;487.01
19/03/2025 22:45;487.01
19/03/2025 23:00;487.01
19/03/2025 23:15;487.01
19/03/2025 23:30;487.01
19/03/2025 23:45;487
20/03/2025 00:00;487.01
20/03/2025 00:15;487.01
20/03/2025 00:30;487
20/03/2025 00:45;487
20/03/2025 01:00;487
20/03/2025 01:15;487
20/03/2025 01:30;487
20/03/2025 01:45;487
20/03/2025 02:00;487
20/03/2025 02:15;487
20/03/2025 02:30;487
20/03/2025 02:45;487
20/03/2025 03:00;487
20/03/2025 03:15;487
20/03/2025 03:30;487
20/03/2025 03:45;487
20/03/2025 04:00;486.99
20/03/2025 04:15;486.99
20/03/2025 04:30;486.99
20/03/2025 04:45;486.99
20/03/2025 05:00;486.99
20/03/2025 05:15;486.99
20/03/2025 05:30;486.99
20/03/2025 05:45;486.99
20/03/2025 06:00;486.99
20/03/2025 06:15;486.99
20/03/2025 06:30;486.99
20/03/2025 06:45;486.99
20/03/2025 07:00;486.99
20/03/2025 07:15;486.99
20/03/2025 07:30;486.99
20/03/2025 07:45;486.99
20/03/2025 08:00;486.99
20/03/2025 08:15;486.98
20/03/2025 08:30;486.98
20/03/2025 08:45;486.98
20/03/2025 09:00;486.98
20/03/2025 09:15;486.98
20/03/2025 09:30;486.98
20/03/2025 09:45;486.98
20/03/2025 10:00;486.97
20/03/2025 10:15;486.97
20/03/2025 10:30;486.97
20/03/2025 10:45;486.97
20/03/2025 11:00;486.97
20/03/2025 11:15;486.97
20/03/2025 11:30;486.97
20/03/2025 11:45;486.97
20/03/2025 12:00;486.97
20/03/2025 12:15;486.97
20/03/2025 12:30;486.97
20/03/2025 12:45;486.97
20/03/2025 13:00;486.97
20/03/2025 13:15;486.97
20/03/2025 13:30;486.97
20/03/2025 13:45;486.97
20/03/2025 14:00;486.97
20/03/2025 14:15;486.97
20/03/2025 14:30;486.97
20/03/2025 14:45;486.97
20/03/2025 15:00;486.97
20/03/2025 15:15;486.96
20/03/2025 15:30;486.96
20/03/2025 15:45;486.96
20/03/2025 16:00;486.96
20/03/2025 16:15;486.96
20/03/2025 16:30;486.96
20/03/2025 16:45;486.96
20/03/2025 17:00;486.96
20/03/2025 17:15;486.96
20/03/2025 17:30;486.97
20/03/2025 17:45;486.96
20/03/2025 18:00;486.96
20/03/2025 18:15;486.96
20/03/2025 18:30;486.96
20/03/2025 18:45;486.95
20/03/2025 19:00;486.96
20/03/2025 19:15;486.96
20/03/2025 19:30;486.95
20/03/2025 19:45;486.95
20/03/2025 20:00;486.95
20/03/2025 20:15;486.95
20/03/2025 20:30;486.95
20/03/2025 20:45;486.95
20/03/2025 21:00;486.95
20/03/2025 21:15;486.95
20/03/2025 21:30;486.95
20/03/2025 21:45;486.95
20/03/2025 22:00;486.94
20/03/2025 22:15;486.94
20/03/2025 22:30;486.94
20/03/2025 22:45;486.93
20/03/2025 23:00;486.93
20/03/2025 23:15;486.94
20/03/2025 23:30;486.93
20/03/2025 23:45;486.93
21/03/2025 00:00;486.93
21/03/2025 00:15;486.93
21/03/2025 00:30;486.93
21/03/2025 00:45;486.94
21/03/2025 01:00;486.93
21/03/2025 01:15;486.94
21/03/2025 01:30;486.94
21/03/2025 01:45;486.93
21/03/2025 02:00;486.94
21/03/2025 02:15;486.93
21/03/2025 02:30;486.93
21/03/2025 02:45;486.93
21/03/2025 03:00;486.92
21/03/2025 03:15;486.92
21/03/2025 03:30;486.92
21/03/2025 03:45;486.92
21/03/2025 04:00;486.92
21/03/2025 04:15;486.92
21/03/2025 04:30;486.92
21/03/2025 04:45;486.92
21/03/2025 05:00;486.92
21/03/2025 05:15;486.92
21/03/2025 05:30;486.92
21/03/2025 05:45;486.92
21/03/2025 06:00;486.92
21/03/2025 06:15;486.93
21/03/2025 06:30;486.92
21/03/2025 06:45;486.92
21/03/2025 07:00;486.92
21/03/2025 07:15;486.91
21/03/2025 07:30;486.92
21/03/2025 07:45;486.92
21/03/2025 08:00;486.92
21/03/2025 08:15;486.92
21/03/2025 08:30;486.92
21/03/2025 08:45;486.92
21/03/2025 09:00;486.92
21/03/2025 09:15;486.92
21/03/2025 09:30;486.92
21/03/2025 09:45;486.92
21/03/2025 10:00;486.91
21/03/2025 10:15;486.91
21/03/2025 10:30;486.91
21/03/2025 10:45;486.91
21/03/2025 11:00;486.91
21/03/2025 11:15;486.91
21/03/2025 11:30;486.91
21/03/2025 11:45;486.91
21/03/2025 12:00;486.91
21/03/2025 12:15;486.91
21/03/2025 12:30;486.91
21/03/2025 12:45;486.91
21/03/2025 13:00;486.91
21/03/2025 13:15;486.92
21/03/2025 13:30;486.91
21/03/2025 13:45;486.91
21/03/2025 14:00;486.92
21/03/2025 14:15;486.92
21/03/2025 14:30;486.92
21/03/2025 14:45;486.92
21/03/2025 15:00;486.92
21/03/2025 15:15;486.92
21/03/2025 15:30;486.92
21/03/2025 15:45;486.93
21/03/2025 16:00;486.93
21/03/2025 16:15;486.93
21/03/2025 16:30;486.93
21/03/2025 16:45;486.93
21/03/2025 17:00;486.93
21/03/2025 17:15;486.93
21/03/2025 17:30;486.94
21/03/2025 17:45;486.94
21/03/2025 18:00;486.94
21/03/2025 18:15;486.94
21/03/2025 18:30;486.94
21/03/2025 18:45;486.95
21/03/2025 19:00;486.95
21/03/2025 19:15;486.95
21/03/2025 19:30;486.95
21/03/2025 19:45;486.96
21/03/2025 20:00;486.96
21/03/2025 20:15;486.96
21/03/2025 20:30;486.96
21/03/2025 20:45;486.97
21/03/2025 21:00;486.97
21/03/2025 21:15;486.97
21/03/2025 21:30;486.97
21/03/2025 21:45;486.98
21/03/2025 22:00;486.98
21/03/2025 22:15;486.98
21/03/2025 22:30;486.99
21/03/2025 22:45;486.99
21/03/2025 23:00;486.99
21/03/2025 23:15;487
21/03/2025 23:30;487
21/03/2025 23:45;487
22/03/2025 00:00;487
22/03/2025 00:15;487
22/03/2025 00:30;487
22/03/2025 00:45;487.01
22/03/2025 01:00;487.01
22/03/2025 01:15;487.01
22/03/2025 01:30;487.01
22/03/2025 01:45;487.01
22/03/2025 02:00;487.01
22/03/2025 02:15;487.02
22/03/2025 02:30;487.02
22/03/2025 02:45;487.02
22/03/2025 03:00;487.02
22/03/2025 03:15;487.02
22/03/2025 03:30;487.02
22/03/2025 03:45;487.03
22/03/2025 04:00;487.03
22/03/2025 04:15;487.03
22/03/2025 04:30;487.04
22/03/2025 04:45;487.03
22/03/2025 05:00;487.04
22/03/2025 05:15;487.04
22/03/2025 05:30;487.04
22/03/2025 05:45;487.04
22/03/2025 06:00;487.05
22/03/2025 06:15;487.04
22/03/2025 06:30;487.05
22/03/2025 06:45;487.05
22/03/2025 07:00;487.05
22/03/2025 07:15;487.06
22/03/2025 07:30;487.06
22/03/2025 07:45;487.06
22/03/2025 08:00;487.07
22/03/2025 08:15;487.07
22/03/2025 08:30;487.07
22/03/2025 08:45;487.07
22/03/2025 09:00;487.07
22/03/2025 09:15;487.08
22/03/2025 09:30;487.08
22/03/2025 09:45;487.08
22/03/2025 10:00;487.09
22/03/2025 10:15;487.09
22/03/2025 10:30;487.09
22/03/2025 10:45;487.09
22/03/2025 11:00;487.1
22/03/2025 11:15;487.1
22/03/2025 11:30;487.1
22/03/2025 11:45;487.11
22/03/2025 12:00;487.11
22/03/2025 12:15;487.12
22/03/2025 12:30;487.12
22/03/2025 12:45;487.13
22/03/2025 13:00;487.13
22/03/2025 13:15;487.13
22/03/2025 13:30;487.14
22/03/2025 13:45;487.14
22/03/2025 14:00;487.15
22/03/2025 14:15;487.15
22/03/2025 14:30;487.16
22/03/2025 14:45;487.16
22/03/2025 15:00;487.17
22/03/2025 15:15;487.17
22/03/2025 15:30;487.18
22/03/2025 15:45;487.18
22/03/2025 16:00;487.18
22/03/2025 16:15;487.19
22/03/2025 16:30;487.19
22/03/2025 16:45;487.2
22/03/2025 17:00;487.2
22/03/2025 17:15;487.2
22/03/2025 17:30;487.21
22/03/2025 17:45;487.21
22/03/2025 18:00;487.22
22/03/2025 18:15;487.22
22/03/2025 18:30;487.23
22/03/2025 18:45;487.23
22/03/2025 19:00;487.23
22/03/2025 19:15;487.24
22/03/2025 19:30;487.24
22/03/2025 19:45;487.24
22/03/2025 20:00;487.25
22/03/2025 20:15;487.25
22/03/2025 20:30;487.25
22/03/2025 20:45;487.26
22/03/2025 21:00;487.26
22/03/2025 21:15;487.26
22/03/2025 21:30;487.27
22/03/2025 21:45;487.27
22/03/2025 22:00;487.27
22/03/2025 22:15;487.28
22/03/2025 22:30;487.28
22/03/2025 22:45;487.28
22/03/2025 23:00;487.29
22/03/2025 23:15;487.29
22/03/2025 23:30;487.29
22/03/2025 23:45;487.3
23/03/2025 00:00;487.3
23/03/2025 00:15;487.3
23/03/2025 00:30;487.3
23/03/2025 00:45;487.31
23/03/2025 01:00;487.31
23/03/2025 01:15;487.31
23/03/2025 01:30;487.32
23/03/2025 01:45;487.32
23/03/2025 02:00;487.32
23/03/2025 02:15;487.32
23/03/2025 02:30;487.32
23/03/2025 02:45;487.33
23/03/2025 03:00;487.33
23/03/2025 03:15;487.33
23/03/2025 03:30;487.34
23/03/2025 03:45;487.34
23/03/2025 04:00;487.34
23/03/2025 04:15;487.35
23/03/2025 04:30;487.35
23/03/2025 04:45;487.35
23/03/2025 05:00;487.35
23/03/2025 05:15;487.36
23/03/2025 05:30;487.36
23/03/2025 05:45;487.36
23/03/2025 06:00;487.36
23/03/2025 06:15;487.37
23/03/2025 06:30;487.37
23/03/2025 06:45;487.37
23/03/2025 07:00;487.37
23/03/2025 07:15;487.38
23/03/2025 07:30;487.38
23/03/2025 07:45;487.38
23/03/2025 08:00;487.39
23/03/2025 08:15;487.39
23/03/2025 08:30;487.39
23/03/2025 08:45;487.39
23/03/2025 09:00;487.39
23/03/2025 09:15;487.4
23/03/2025 09:30;487.4
23/03/2025 09:45;487.41
23/03/2025 10:00;487.41
23/03/2025 10:15;487.41
23/03/2025 10:30;487.41
23/03/2025 10:45;487.42
23/03/2025 11:00;487.42
23/03/2025 11:15;487.42
23/03/2025 11:30;487.43
23/03/2025 11:45;487.43
23/03/2025 12:00;487.43
23/03/2025 12:15;487.43
23/03/2025 12:30;487.43
23/03/2025 12:45;487.44
23/03/2025 13:00;487.44
23/03/2025 13:15;487.44
23/03/2025 13:30;487.45
23/03/2025 13:45;487.45
23/03/2025 14:00;487.45
23/03/2025 14:15;487.45
23/03/2025 14:30;487.46
23/03/2025 14:45;487.46
23/03/2025 15:00;487.46
23/03/2025 15:15;487.46
23/03/2025 15:30;487.47
23/03/2025 15:45;487.47
23/03/2025 16:00;487.47
23/03/2025 16:15;487.47
23/03/2025 16:30;487.48
23/03/2025 16:45;487.48
23/03/2025 17:00;487.48
23/03/2025 17:15;487.48
23/03/2025 17:30;487.48
23/03/2025 17:45;487.48
23/03/2025 18:00;487.49
23/03/2025 18:15;487.49
23/03/2025 18:30;487.49
23/03/2025 18:45;487.49
23/03/2025 19:00;487.49
23/03/2025 19:15;487.5
23/03/2025 19:30;487.5
23/03/2025 19:45;487.5
23/03/2025 20:00;487.5
23/03/2025 20:15;487.51
23/03/2025 20:30;487.51
23/03/2025 20:45;487.51
23/03/2025 21:00;487.51
23/03/2025 21:15;487.51
23/03/2025 21:30;487.51
23/03/2025 21:45;487.52
23/03/2025 22:00;487.52
23/03/2025 22:15;487.52
23/03/2025 22:30;487.52
23/03/2025 22:45;487.52
23/03/2025 23:00;487.52
23/03/2025 23:15;487.52
23/03/2025 23:30;487.53
23/03/2025 23:45;487.53
24/03/2025 00:00;487.53
24/03/2025 00:15;487.53
24/03/2025 00:30;487.53
24/03/2025 00:45;487.53
24/03/2025 01:00;487.54
24/03/2025 01:15;487.54
24/03/2025 01:30;487.54
24/03/2025 01:45;487.54
24/03/2025 02:00;487.54
24/03/2025 02:15;487.54
24/03/2025 02:30;487.54
24/03/2025 02:45;487.54
24/03/2025 03:00;487.54
24/03/2025 03:15;487.54
24/03/2025 03:30;487.55
24/03/2025 03:45;487.55
24/03/2025 04:00;487.55
24/03/2025 04:15;487.55
24/03/2025 04:30;487.55
24/03/2025 04:45;487.55
24/03/2025 05:00;487.55
24/03/2025 05:15;487.55
24/03/2025 05:30;487.56
24/03/2025 05:45;487.56
24/03/2025 06:00;487.56
24/03/2025 06:15;487.56
24/03/2025 06:30;487.56
24/03/2025 06:45;487.56
24/03/2025 07:00;487.56
24/03/2025 07:15;487.56
24/03/2025 07:30;487.57
24/03/2025 07:45;487.57
24/03/2025 08:00;487.57
24/03/2025 08:15;487.57
24/03/2025 08:30;487.57
24/03/2025 08:45;487.57
24/03/2025 09:00;487.57
24/03/2025 09:15;487.57
24/03/2025 09:30;487.57
24/03/2025 09:45;487.57
24/03/2025 10:00;487.57
24/03/2025 10:15;487.58
24/03/2025 10:30;487.58
24/03/2025 10:45;487.58
24/03/2025 11:00;487.57
24/03/2025 11:15;487.58
24/03/2025 11:30;487.58
24/03/2025 11:45;487.58
24/03/2025 12:00;487.58
24/03/2025 12:15;487.58
24/03/2025 12:30;487.58
24/03/2025 12:45;487.58
24/03/2025 13:00;487.58
24/03/2025 13:15;487.58
24/03/2025 13:30;487.58
24/03/2025 13:45;487.58
24/03/2025 14:00;487.58
24/03/2025 14:15;487.58
24/03/2025 14:30;487.58
24/03/2025 14:45;487.58
24/03/2025 15:00;487.58
24/03/2025 15:15;487.58
24/03/2025 15:30;487.58
24/03/2025 15:45;487.58
24/03/2025 16:00;487.58
24/03/2025 16:15;487.58
24/03/2025 16:30;487.58
24/03/2025 16:45;487.58
24/03/2025 17:00;487.57
24/03/2025 17:15;487.57
24/03/2025 17:30;487.57
24/03/2025 17:45;487.57
24/03/2025 18:00;487.57
24/03/2025 18:15;487.57
24/03/2025 18:30;487.57
24/03/2025 18:45;487.57
24/03/2025 19:00;487.57
24/03/2025 19:15;487.57
24/03/2025 19:30;487.57
24/03/2025 19:45;487.57
24/03/2025 20:00;487.57
24/03/2025 20:15;487.57
24/03/2025 20:30;487.57
24/03/2025 20:45;487.56
24/03/2025 21:00;487.56
24/03/2025 21:15;487.56
24/03/2025 21:30;487.56
24/03/2025 21:45;487.56
24/03/2025 22:00;487.56
24/03/2025 22:15;487.56
24/03/2025 22:30;487.56
24/03/2025 22:45;487.56
24/03/2025 23:00;487.56
24/03/2025 23:15;487.56
24/03/2025 23:30;487.55
24/03/2025 23:45;487.55
25/03/2025 00:00;487.56
25/03/2025 00:15;487.56
25/03/2025 00:30;487.55
25/03/2025 00:45;487.55
25/03/2025 01:00;487.55
25/03/2025 01:15;487.55
25/03/2025 01:30;487.55
25/03/2025 01:45;487.55
25/03/2025 02:00;487.55
25/03/2025 02:15;487.55
25/03/2025 02:30;487.55
25/03/2025 02:45;487.54
25/03/2025 03:00;487.55
25/03/2025 03:15;487.54
25/03/2025 03:30;487.54
25/03/2025 03:45;487.54
25/03/2025 04:00;487.54
25/03/2025 04:15;487.54
25/03/2025 04:30;487.54
25/03/2025 04:45;487.53
25/03/2025 05:00;487.54
25/03/2025 05:15;487.53
25/03/2025 05:30;487.53
25/03/2025 05:45;487.53
25/03/2025 06:00;487.53
25/03/2025 06:15;487.53
25/03/2025 06:30;487.53
25/03/2025 06:45;487.53
25/03/2025 07:00;487.53
25/03/2025 07:15;487.52
25/03/2025 07:30;487.53
25/03/2025 07:45;487.53
25/03/2025 08:00;487.53
25/03/2025 08:15;487.53
25/03/2025 08:30;487.53
25/03/2025 08:45;487.52
25/03/2025 09:00;487.52
25/03/2025 09:15;487.52
25/03/2025 09:30;487.52
25/03/2025 09:45;487.52
25/03/2025 10:00;487.51
25/03/2025 10:15;487.51
25/03/2025 10:30;487.51
25/03/2025 10:45;487.51
25/03/2025 11:00;487.51
25/03/2025 11:15;487.5
25/03/2025 11:30;487.5
25/03/2025 11:45;487.5
25/03/2025 12:00;487.5
25/03/2025 12:15;487.5
25/03/2025 12:30;487.5
25/03/2025 12:45;487.5
25/03/2025 13:00;487.5
25/03/2025 13:15;487.49
25/03/2025 13:30;487.49
25/03/2025 13:45;487.49
25/03/2025 14:00;487.49
25/03/2025 14:15;487.49
25/03/2025 14:30;487.49
25/03/2025 14:45;487.48
25/03/2025 15:00;487.48
25/03/2025 15:15;487.48
25/03/2025 15:30;487.48
25/03/2025 15:45;487.48
25/03/2025 16:00;487.47
25/03/2025 16:15;487.48
25/03/2025 16:30;487.47
25/03/2025 16:45;487.47
25/03/2025 17:00;487.47
25/03/2025 17:15;487.47
25/03/2025 17:30;487.47
25/03/2025 17:45;487.47
25/03/2025 18:00;487.47
25/03/2025 18:15;487.46
25/03/2025 18:30;487.46
25/03/2025 18:45;487.46
25/03/2025 19:00;487.46
25/03/2025 19:15;487.46
25/03/2025 19:30;487.46
25/03/2025 19:45;487.46
25/03/2025 20:00;487.46
25/03/2025 20:15;487.46
25/03/2025 20:30;487.46
25/03/2025 20:45;487.46
25/03/2025 21:00;487.46
25/03/2025 21:15;487.46
25/03/2025 21:30;487.46
25/03/2025 21:45;487.45
25/03/2025 22:00;487.45
25/03/2025 22:15;487.45
25/03/2025 22:30;487.45
25/03/2025 22:45;487.45
25/03/2025 23:00;487.45
25/03/2025 23:15;487.45
25/03/2025 23:30;487.44
25/03/2025 23:45;487.44
26/03/2025 00:00;487.44
26/03/2025 00:15;487.44
26/03/2025 00:30;487.44
26/03/2025 00:45;487.44
26/03/2025 01:00;487.44
26/03/2025 01:15;487.44
26/03/2025 01:30;487.44
26/03/2025 01:45;487.44
26/03/2025 02:00;487.44
26/03/2025 02:15;487.43
26/03/2025 02:30;487.43
26/03/2025 02:45;487.43
26/03/2025 03:00;487.43
26/03/2025 03:15;487.43
26/03/2025 03:30;487.43
26/03/2025 03:45;487.43
26/03/2025 04:00;487.43
26/03/2025 04:15;487.42
26/03/2025 04:30;487.42
26/03/2025 04:45;487.42
26/03/2025 05:00;487.42
26/03/2025 05:15;487.42
26/03/2025 05:30;487.42
26/03/2025 05:45;487.42
26/03/2025 06:00;487.41
26/03/2025 06:15;487.41
26/03/2025 06:30;487.41
26/03/2025 06:45;487.41
26/03/2025 07:00;487.41
26/03/2025 07:15;487.41
26/03/2025 07:30;487.41
26/03/2025 07:45;487.41
26/03/2025 08:00;487.41
26/03/2025 08:15;487.4
26/03/2025 08:30;487.41
26/03/2025 08:45;487.4
26/03/2025 09:00;487.4
26/03/2025 09:15;487.4
26/03/2025 09:30;487.4
26/03/2025 09:45;487.4
26/03/2025 10:00;487.39
26/03/2025 10:15;487.4
26/03/2025 10:30;487.4
26/03/2025 10:45;487.39
26/03/2025 11:00;487.39
26/03/2025 11:15;487.39
26/03/2025 11:30;487.39
26/03/2025 11:45;487.39
26/03/2025 12:00;487.39
26/03/2025 12:15;487.39
26/03/2025 12:30;487.39
26/03/2025 12:45;487.38
26/03/2025 13:00;487.38
26/03/2025 13:15;487.39
26/03/2025 13:30;487.39
26/03/2025 13:45;487.38
26/03/2025 14:00;487.38
26/03/2025 14:15;487.38
26/03/2025 14:30;487.37
26/03/2025 14:45;487.37
26/03/2025 15:00;487.37
26/03/2025 15:15;487.37
26/03/2025 15:30;487.37
26/03/2025 15:45;487.37
26/03/2025 16:00;487.36
26/03/2025 16:15;487.36
26/03/2025 16:30;487.36
26/03/2025 16:45;487.36
26/03/2025 17:00;487.36
26/03/2025 17:15;487.35
26/03/2025 17:30;487.35
26/03/2025 17:45;487.35
26/03/2025 18:00;487.35
26/03/2025 18:15;487.35
26/03/2025 18:30;487.35
26/03/2025 18:45;487.35
26/03/2025 19:00;487.35
26/03/2025 19:15;487.34
26/03/2025 19:30;487.34
26/03/2025 19:45;487.34
26/03/2025 20:00;487.34
26/03/2025 20:15;487.34
26/03/2025 20:30;487.34
26/03/2025 20:45;487.34
26/03/2025 21:00;487.34
26/03/2025 21:15;487.34
26/03/2025 21:30;487.34
26/03/2025 21:45;487.34
26/03/2025 22:00;487.34
26/03/2025 22:15;487.34
26/03/2025 22:30;487.33
26/03/2025 22:45;487.33
26/03/2025 23:00;487.33
26/03/2025 23:15;487.33
26/03/2025 23:30;487.33
26/03/2025 23:45;487.33
27/03/2025 00:00;487.33
27/03/2025 00:15;487.33
27/03/2025 00:30;487.32
27/03/2025 00:45;487.32
27/03/2025 01:00;487.32
27/03/2025 01:15;487.32
27/03/2025 01:30;487.32
27/03/2025 01:45;487.32
27/03/2025 02:00;487.32
27/03/2025 02:15;487.31
27/03/2025 02:30;487.31
27/03/2025 02:45;487.31
27/03/2025 03:00;487.31
27/03/2025 03:15;487.31
27/03/2025 03:30;487.31
27/03/2025 03:45;487.31
27/03/2025 04:00;487.3
27/03/2025 04:15;487.3
27/03/2025 04:30;487.3
27/03/2025 04:45;487.3
27/03/2025 05:00;487.3
27/03/2025 05:15;487.3
27/03/2025 05:30;487.29
27/03/2025 05:45;487.29
27/03/2025 06:00;487.29
27/03/2025 06:15;487.29
27/03/2025 06:30;487.29
27/03/2025 06:45;487.29
27/03/2025 07:00;487.29
27/03/2025 07:15;487.29
27/03/2025 07:30;487.28
27/03/2025 07:45;487.28
27/03/2025 08:00;487.28
27/03/2025 08:15;487.28
27/03/2025 08:30;487.28
27/03/2025 08:45;487.28
27/03/2025 09:00;487.28
27/03/2025 09:15;487.28
27/03/2025 09:30;487.27
27/03/2025 09:45;487.27
27/03/2025 10:00;487.27
27/03/2025 10:15;487.27
27/03/2025 10:30;487.27
27/03/2025 10:45;487.27
27/03/2025 11:00;487.27
27/03/2025 11:15;487.27
27/03/2025 11:30;487.27
27/03/2025 11:45;487.27
27/03/2025 12:00;487.27
27/03/2025 12:15;487.26
27/03/2025 12:30;487.27
27/03/2025 12:45;487.26
27/03/2025 13:00;487.26
27/03/2025 13:15;487.26
27/03/2025 13:30;487.26
27/03/2025 13:45;487.26
27/03/2025 14:00;487.26
27/03/2025 14:15;487.26
27/03/2025 14:30;487.26
27/03/2025 14:45;487.26
27/03/2025 15:00;487.26
27/03/2025 15:15;487.26
27/03/2025 15:30;487.26
27/03/2025 15:45;487.25
27/03/2025 16:00;487.25
27/03/2025 16:15;487.25
27/03/2025 16:30;487.25
27/03/2025 16:45;487.25
27/03/2025 17:00;487.25
27/03/2025 17:15;487.24
27/03/2025 17:30;487.25
27/03/2025 17:45;487.25
27/03/2025 18:00;487.24
27/03/2025 18:15;487.25
27/03/2025 18:30;487.24
27/03/2025 18:45;487.24
27/03/2025 19:00;487.24
27/03/2025 19:15;487.24
27/03/2025 19:30;487.24
27/03/2025 19:45;487.24
27/03/2025 20:00;487.24
27/03/2025 20:15;487.24
27/03/2025 20:30;487.24
27/03/2025 20:45;487.24
27/03/2025 21:00;487.23
27/03/2025 21:15;487.23
27/03/2025 21:30;487.23
27/03/2025 21:45;487.23
27/03/2025 22:00;487.23
27/03/2025 22:15;487.23
27/03/2025 22:30;487.23
27/03/2025 22:45;487.23
27/03/2025 23:00;487.23
27/03/2025 23:15;487.23
27/03/2025 23:30;487.23
27/03/2025 23:45;487.23
28/03/2025 00:00;487.23
28/03/2025 00:15;487.23
28/03/2025 00:30;487.23
28/03/2025 00:45;487.23
28/03/2025 01:00;487.23
28/03/2025 01:15;487.23
28/03/2025 01:30;487.23
28/03/2025 01:45;487.23
28/03/2025 02:00;487.23
28/03/2025 02:15;487.23
28/03/2025 02:30;487.23
28/03/2025 02:45;487.22
28/03/2025 03:00;487.23
28/03/2025 03:15;487.22
28/03/2025 03:30;487.22
28/03/2025 03:45;487.22
28/03/2025 04:00;487.22
28/03/2025 04:15;487.22
28/03/2025 04:30;487.22
28/03/2025 04:45;487.22
28/03/2025 05:00;487.22
28/03/2025 05:15;487.22
28/03/2025 05:30;487.22
28/03/2025 05:45;487.22
28/03/2025 06:00;487.22
28/03/2025 06:15;487.22
28/03/2025 06:30;487.21
28/03/2025 06:45;487.21
28/03/2025 07:00;487.21
28/03/2025 07:15;487.21
28/03/2025 07:30;487.21
28/03/2025 07:45;487.21
28/03/2025 08:00;487.21
28/03/2025 08:15;487.21
28/03/2025 08:30;487.21
28/03/2025 08:45;487.21
28/03/2025 09:00;487.21
28/03/2025 09:15;487.21
28/03/2025 09:30;487.21
28/03/2025 09:45;487.21
28/03/2025 10:00;487.21
28/03/2025 10:15;487.21
28/03/2025 10:30;487.21
28/03/2025 10:45;487.21
28/03/2025 11:00;487.21
28/03/2025 11:15;487.21
28/03/2025 11:30;487.21
28/03/2025 11:45;487.21
28/03/2025 12:00;487.21
28/03/2025 12:15;487.21
28/03/2025 12:30;487.21
28/03/2025 12:45;487.21
28/03/2025 13:00;487.21
28/03/2025 13:15;487.21
28/03/2025 13:30;487.21
28/03/2025 13:45;487.21
28/03/2025 14:00;487.21
28/03/2025 14:15;487.21
28/03/2025 14:30;487.21
28/03/2025 14:45;487.21
28/03/2025 15:00;487.21
28/03/2025 15:15;487.21
28/03/2025 15:30;487.21
28/03/2025 15:45;487.21
28/03/2025 16:00;487.21
28/03/2025 16:15;487.21
28/03/2025 16:30;487.21
28/03/2025 16:45;487.21
28/03/2025 17:00;487.21
28/03/2025 17:15;487.21
28/03/2025 17:30;487.21
28/03/2025 17:45;487.21
28/03/2025 18:00;487.21
28/03/2025 18:15;487.21
28/03/2025 18:30;487.21
28/03/2025 18:45;487.21
28/03/2025 19:00;487.21
28/03/2025 19:15;487.21
28/03/2025 19:30;487.21
28/03/2025 19:45;487.2
28/03/2025 20:00;487.21
28/03/2025 20:15;487.21
28/03/2025 20:30;487.21
28/03/2025 20:45;487.21
28/03/2025 21:00;487.21
28/03/2025 21:15;487.2
28/03/2025 21:30;487.2
28/03/2025 21:45;487.2
28/03/2025 22:00;487.2
28/03/2025 22:15;487.2
28/03/2025 22:30;487.21
28/03/2025 22:45;487.2
28/03/2025 23:00;487.2
28/03/2025 23:15;487.2
28/03/2025 23:30;487.2
28/03/2025 23:45;487.2
29/03/2025 00:00;487.21
29/03/2025 00:15;487.2
29/03/2025 00:30;487.2
29/03/2025 00:45;487.2
29/03/2025 01:00;487.2
29/03/2025 01:15;487.2
29/03/2025 01:30;487.2
29/03/2025 01:45;487.2
29/03/2025 02:00;487.2
29/03/2025 02:15;487.2
29/03/2025 02:30;487.2
29/03/2025 02:45;487.2
29/03/2025 03:00;487.2
29/03/2025 03:15;487.19
29/03/2025 03:30;487.19
29/03/2025 03:45;487.2
29/03/2025 04:00;487.2
29/03/2025 04:15;487.2
29/03/2025 04:30;487.2
29/03/2025 04:45;487.2
29/03/2025 05:00;487.2
29/03/2025 05:15;487.2
29/03/2025 05:30;487.21
29/03/2025 05:45;487.2
29/03/2025 06:00;487.2
29/03/2025 06:15;487.2
29/03/2025 06:30;487.2
29/03/2025 06:45;487.2
29/03/2025 07:00;487.2
29/03/2025 07:15;487.2
29/03/2025 07:30;487.2
29/03/2025 07:45;487.2
29/03/2025 08:00;487.2
29/03/2025 08:15;487.2
29/03/2025 08:30;487.2
29/03/2025 08:45;487.2
29/03/2025 09:00;487.2
29/03/2025 09:15;487.2
29/03/2025 09:30;487.2
29/03/2025 09:45;487.2
29/03/2025 10:00;487.2
29/03/2025 10:15;487.2
29/03/2025 10:30;487.2
29/03/2025 10:45;487.21
29/03/2025 11:00;487.2
29/03/2025 11:15;487.2
29/03/2025 11:30;487.2
29/03/2025 11:45;487.2
29/03/2025 12:00;487.2
29/03/2025 12:15;487.2
29/03/2025 12:30;487.2
29/03/2025 12:45;487.2
29/03/2025 13:00;487.2
29/03/2025 13:15;487.2
29/03/2025 13:30;487.2
29/03/2025 13:45;487.2
29/03/2025 14:00;487.21
29/03/2025 14:15;487.2
29/03/2025 14:30;487.2
29/03/2025 14:45;487.2
29/03/2025 15:00;487.19
29/03/2025 15:15;487.2
29/03/2025 15:30;487.19
29/03/2025 15:45;487.2
29/03/2025 16:00;487.2
29/03/2025 16:15;487.19
29/03/2025 16:30;487.2
29/03/2025 16:45;487.19
29/03/2025 17:00;487.19
29/03/2025 17:15;487.19
29/03/2025 17:30;487.19
29/03/2025 17:45;487.19
29/03/2025 18:00;487.18
29/03/2025 18:15;487.19
29/03/2025 18:30;487.18
29/03/2025 18:45;487.19
29/03/2025 19:00;487.18
29/03/2025 19:15;487.19
29/03/2025 19:30;487.19
29/03/2025 19:45;487.19
29/03/2025 20:00;487.19
29/03/2025 20:15;487.19
29/03/2025 20:30;487.19
29/03/2025 20:45;487.19
29/03/2025 21:00;487.19
29/03/2025 21:15;487.19
29/03/2025 21:30;487.19
29/03/2025 21:45;487.19
29/03/2025 22:00;487.18
29/03/2025 22:15;487.19
29/03/2025 22:30;487.19
29/03/2025 22:45;487.18
29/03/2025 23:00;487.18
29/03/2025 23:15;487.18
29/03/2025 23:30;487.18
29/03/2025 23:45;487.18
30/03/2025 00:00;487.18
30/03/2025 00:15;487.18
30/03/2025 00:30;487.18
30/03/2025 00:45;487.17
30/03/2025 01:00;487.17
30/03/2025 01:15;487.17
30/03/2025 01:30;487.17
30/03/2025 01:45;487.18
30/03/2025 02:00;487.18
30/03/2025 02:15;487.18
30/03/2025 02:30;487.18
30/03/2025 02:45;487.18
30/03/2025 03:00;487.18
30/03/2025 03:15;487.18
30/03/2025 03:30;487.18
30/03/2025 03:45;487.18
30/03/2025 04:00;487.18
30/03/2025 04:15;487.18
30/03/2025 04:30;487.18
30/03/2025 04:45;487.18
30/03/2025 05:00;487.18
30/03/2025 05:15;487.18
30/03/2025 05:30;487.18
30/03/2025 05:45;487.17
30/03/2025 06:00;487.18
30/03/2025 06:15;487.18
30/03/2025 06:30;487.18
30/03/2025 06:45;487.17
30/03/2025 07:00;487.17
30/03/2025 07:15;487.17
30/03/2025 07:30;487.17
30/03/2025 07:45;487.17
30/03/2025 08:00;487.17
30/03/2025 08:15;487.17
30/03/2025 08:30;487.17
30/03/2025 08:45;487.17
30/03/2025 09:00;487.17
30/03/2025 09:15;487.17
30/03/2025 09:30;487.17
30/03/2025 09:45;487.17
30/03/2025 10:00;487.17
30/03/2025 10:15;487.17
30/03/2025 10:30;487.17
30/03/2025 10:45;487.18
30/03/2025 11:00;487.17
30/03/2025 11:15;487.17
30/03/2025 11:30;487.17
30/03/2025 11:45;487.17
30/03/2025 12:00;487.18
30/03/2025 12:15;487.18
30/03/2025 12:30;487.17
30/03/2025 12:45;487.17
30/03/2025 13:00;487.17
30/03/2025 13:15;487.17
30/03/2025 13:30;487.17
30/03/2025 13:45;487.17
30/03/2025 14:00;487.17
30/03/2025 14:15;487.17
30/03/2025 14:30;487.17
30/03/2025 14:45;487.16
30/03/2025 15:00;487.16
30/03/2025 15:15;487.16
30/03/2025 15:30;487.16
30/03/2025 15:45;487.16
30/03/2025 16:00;487.16
30/03/2025 16:15;487.16
30/03/2025 16:30;487.16
30/03/2025 16:45;487.16
30/03/2025 17:00;487.16
30/03/2025 17:15;487.16
30/03/2025 17:30;487.16
30/03/2025 17:45;487.16
30/03/2025 18:00;487.16
30/03/2025 18:15;487.16
30/03/2025 18:30;487.16
30/03/2025 18:45;487.15
30/03/2025 19:00;487.15
30/03/2025 19:15;487.15
30/03/2025 19:30;487.15
30/03/2025 19:45;487.15
30/03/2025 20:00;487.15
30/03/2025 20:15;487.15
30/03/2025 20:30;487.15
30/03/2025 20:45;487.15
30/03/2025 21:00;487.15
30/03/2025 21:15;487.15
30/03/2025 21:30;487.15
30/03/2025 21:45;487.15
30/03/2025 22:00;487.15
30/03/2025 22:15;487.14
30/03/2025 22:30;487.14
30/03/2025 22:45;487.14
30/03/2025 23:00;487.14
30/03/2025 23:15;487.14
30/03/2025 23:30;487.14
30/03/2025 23:45;487.14
31/03/2025 00:00;487.14
31/03/2025 00:15;487.14
31/03/2025 00:30;487.14
31/03/2025 00:45;487.14
31/03/2025 01:00;487.14
31/03/2025 01:15;487.14
31/03/2025 01:30;487.14
31/03/2025 01:45;487.14
31/03/2025 02:00;487.14
31/03/2025 02:15;487.14
31/03/2025 02:30;487.14
31/03/2025 02:45;487.14
31/03/2025 03:00;487.14
31/03/2025 03:15;487.14
31/03/2025 03:30;487.14
31/03/2025 03:45;487.14
31/03/2025 04:00;487.14
31/03/2025 04:15;487.14
31/03/2025 04:30;487.14
31/03/2025 04:45;487.14
31/03/2025 05:00;487.14
31/03/2025 05:15;487.14
31/03/2025 05:30;487.14
31/03/2025 05:45;487.14
31/03/2025 06:00;487.14
31/03/2025 06:15;487.14
31/03/2025 06:30;487.14
31/03/2025 06:45;487.14
31/03/2025 07:00;487.14
31/03/2025 07:15;487.14
31/03/2025 07:30;487.14
31/03/2025 07:45;487.14
31/03/2025 08:00;487.14
31/03/2025 08:15;487.14
31/03/2025 08:30;487.14
31/03/2025 08:45;487.14
31/03/2025 09:00;487.14
31/03/2025 09:15;487.14
31/03/2025 09:30;487.14
31/03/2025 09:45;487.14
31/03/2025 10:00;487.14
31/03/2025 10:15;487.14
31/03/2025 10:30;487.13
31/03/2025 10:45;487.13
31/03/2025 11:00;487.13
31/03/2025 11:15;487.13
31/03/2025 11:30;487.13
31/03/2025 11:45;487.13
31/03/2025 12:00;487.13
31/03/2025 12:15;487.13
31/03/2025 12:30;487.13
31/03/2025 12:45;487.13
31/03/2025 13:00;487.13
31/03/2025 13:15;487.13
31/03/2025 13:30;487.13
31/03/2025 13:45;487.13
31/03/2025 14:00;487.13
31/03/2025 14:15;487.13
31/03/2025 14:30;487.13
31/03/2025 14:45;487.13
31/03/2025 15:00;487.13
31/03/2025 15:15;487.13
31/03/2025 15:30;487.13
31/03/2025 15:45;487.13
31/03/2025 16:00;487.12
31/03/2025 16:15;487.12
31/03/2025 16:30;487.13
31/03/2025 16:45;487.13
31/03/2025 17:00;487.13
31/03/2025 17:15;487.13
31/03/2025 17:30;487.13
31/03/2025 17:45;487.13
31/03/2025 18:00;487.13
31/03/2025 18:15;487.12
31/03/2025 18:30;487.13
31/03/2025 18:45;487.13
31/03/2025 19:00;487.12
31/03/2025 19:15;487.12
31/03/2025 19:30;487.12
31/03/2025 19:45;487.12
31/03/2025 20:00;487.12
31/03/2025 20:15;487.12
31/03/2025 20:30;487.12
31/03/2025 20:45;487.12
31/03/2025 21:00;487.12
31/03/2025 21:15;487.12
31/03/2025 21:30;487.12
31/03/2025 21:45;487.12
31/03/2025 22:00;487.12
31/03/2025 22:15;487.12
31/03/2025 22:30;487.12
31/03/2025 22:45;487.12
31/03/2025 23:00;487.12
31/03/2025 23:15;487.12
31/03/2025 23:30;487.12
31/03/2025 23:45;487.12
01/04/2025 00:00;487.12
01/04/2025 00:15;487.12
01/04/2025 00:30;487.12
01/04/2025 00:45;487.12
01/04/2025 01:00;487.12
01/04/2025 01:15;487.12
01/04/2025 01:30;487.12
01/04/2025 01:45;487.12
01/04/2025 02:00;487.12
01/04/2025 02:15;487.12
01/04/2025 02:30;487.12
01/04/2025 02:45;487.12
01/04/2025 03:00;487.12
01/04/2025 03:15;487.12
01/04/2025 03:30;487.12
01/04/2025 03:45;487.12
01/04/2025 04:00;487.12
01/04/2025 04:15;487.12
01/04/2025 04:30;487.12
01/04/2025 04:45;487.13
01/04/2025 05:00;487.13
01/04/2025 05:15;487.13
01/04/2025 05:30;487.14
01/04/2025 05:45;487.13
01/04/2025 06:00;487.14
01/04/2025 06:15;487.14
01/04/2025 06:30;487.13
01/04/2025 06:45;487.14
01/04/2025 07:00;487.14
01/04/2025 07:15;487.14
01/04/2025 07:30;487.14
01/04/2025 07:45;487.14
01/04/2025 08:00;487.14
01/04/2025 08:15;487.14
01/04/2025 08:30;487.14
01/04/2025 08:45;487.14
01/04/2025 09:00;487.14
01/04/2025 09:15;487.14
01/04/2025 09:30;487.14
01/04/2025 09:45;487.14
01/04/2025 10:00;487.14
01/04/2025 10:15;487.14
01/04/2025 10:30;487.14
01/04/2025 10:45;487.14
01/04/2025 11:00;487.14
01/04/2025 11:15;487.14
01/04/2025 11:30;487.14
01/04/2025 11:45;487.14
01/04/2025 12:00;487.14
01/04/2025 12:15;487.14
01/04/2025 12:30;487.14
01/04/2025 12:45;487.14
01/04/2025 13:00;487.14
01/04/2025 13:15;487.14
01/04/2025 13:30;487.14
01/04/2025 13:45;487.14
01/04/2025 14:00;487.14
01/04/2025 14:15;487.14
01/04/2025 14:30;487.13
01/04/2025 14:45;487.14
01/04/2025 15:00;487.14
01/04/2025 15:15;487.14
01/04/2025 15:30;487.14
01/04/2025 15:45;487.14
01/04/2025 16:00;487.14
01/04/2025 16:15;487.14
01/04/2025 16:30;487.14
01/04/2025 16:45;487.14
01/04/2025 17:00;487.14
01/04/2025 17:15;487.14
01/04/2025 17:30;487.13
01/04/2025 17:45;487.14
01/04/2025 18:00;487.14
01/04/2025 18:15;487.14
01/04/2025 18:30;487.13
01/04/2025 18:45;487.14
01/04/2025 19:00;487.14
01/04/2025 19:15;487.14
01/04/2025 19:30;487.14
01/04/2025 19:45;487.14
01/04/2025 20:00;487.14
01/04/2025 20:15;487.14
01/04/2025 20:30;487.14
01/04/2025 20:45;487.14
01/04/2025 21:00;487.14
01/04/2025 21:15;487.13
01/04/2025 21:30;487.14
01/04/2025 21:45;487.13
01/04/2025 22:00;487.13
01/04/2025 22:15;487.14
01/04/2025 22:30;487.14
01/04/2025 22:45;487.14
01/04/2025 23:00;487.14
01/04/2025 23:15;487.14
01/04/2025 23:30;487.13
01/04/2025 23:45;487.13
02/04/2025 00:00;487.14
02/04/2025 00:15;487.14
02/04/2025 00:30;487.14
02/04/2025 00:45;487.13
02/04/2025 01:00;487.13
02/04/2025 01:15;487.13
02/04/2025 01:30;487.13
02/04/2025 01:45;487.14
02/04/2025 02:00;487.14
02/04/2025 02:15;487.14
02/04/2025 02:30;487.14
02/04/2025 02:45;487.14
02/04/2025 03:00;487.14
02/04/2025 03:15;487.14
02/04/2025 03:30;487.14
02/04/2025 03:45;487.14
02/04/2025 04:00;487.14
02/04/2025 04:15;487.14
02/04/2025 04:30;487.14
02/04/2025 04:45;487.14
02/04/2025 05:00;487.14
02/04/2025 05:15;487.14
02/04/2025 05:30;487.14
02/04/2025 05:45;487.14
02/04/2025 06:00;487.14
02/04/2025 06:15;487.14
02/04/2025 06:30;487.14
02/04/2025 06:45;487.14
02/04/2025 07:00;487.14
02/04/2025 07:15;487.14
02/04/2025 07:30;487.14
02/04/2025 07:45;487.14
02/04/2025 08:00;487.14
02/04/2025 08:15;487.14
02/04/2025 08:30;487.14
02/04/2025 08:45;487.14
02/04/2025 09:00;487.14
02/04/2025 09:15;487.14
02/04/2025 09:30;487.14
02/04/2025 09:45;487.14
02/04/2025 10:00;487.14
02/04/2025 10:15;487.14
02/04/2025 10:30;487.14
02/04/2025 10:45;487.14
02/04/2025 11:00;487.14
02/04/2025 11:15;487.14
02/04/2025 11:30;487.14
02/04/2025 11:45;487.14
02/04/2025 12:00;487.14
02/04/2025 12:15;487.14
02/04/2025 12:30;487.14
02/04/2025 12:45;487.14
02/04/2025 13:00;487.14
02/04/2025 13:15;487.14
02/04/2025 13:30;487.14
02/04/2025 13:45;487.14
02/04/2025 14:00;487.14
02/04/2025 14:15;487.14
02/04/2025 14:30;487.14
02/04/2025 14:45;487.14
02/04/2025 15:00;487.14
02/04/2025 15:15;487.14
02/04/2025 15:30;487.14
02/04/2025 15:45;487.14
02/04/2025 16:00;487.14
02/04/2025 16:15;487.14
02/04/2025 16:30;487.14
02/04/2025 16:45;487.14
02/04/2025 17:00;487.14
02/04/2025 17:15;487.13
02/04/2025 17:30;487.14
02/04/2025 17:45;487.14
02/04/2025 18:00;487.13
02/04/2025 18:15;487.14
02/04/2025 18:30;487.14
02/04/2025 18:45;487.14
02/04/2025 19:00;487.14
02/04/2025 19:15;487.14
02/04/2025 19:30;487.14
02/04/2025 19:45;487.14
02/04/2025 20:00;487.13
02/04/2025 20:15;487.14
02/04/2025 20:30;487.14
02/04/2025 20:45;487.14
02/04/2025 21:00;487.14
02/04/2025 21:15;487.14
02/04/2025 21:30;487.14
02/04/2025 21:45;487.14
02/04/2025 22:00;487.13
02/04/2025 22:15;487.13
02/04/2025 22:30;487.13
02/04/2025 22:45;487.13
02/04/2025 23:00;487.14
02/04/2025 23:15;487.14
02/04/2025 23:30;487.13
02/04/2025 23:45;487.14
03/04/2025 00:00;487.13
03/04/2025 00:15;487.13
03/04/2025 00:30;487.13
03/04/2025 00:45;487.13
03/04/2025 01:00;487.13
03/04/2025 01:15;487.13
03/04/2025 01:30;487.13
03/04/2025 01:45;487.13
03/04/2025 02:00;487.13
03/04/2025 02:15;487.13
03/04/2025 02:30;487.13
03/04/2025 02:45;487.13
03/04/2025 03:00;487.13
03/04/2025 03:15;487.13
03/04/2025 03:30;487.13
03/04/2025 03:45;487.13
03/04/2025 04:00;487.13
03/04/2025 04:15;487.13
03/04/2025 04:30;487.12
03/04/2025 04:45;487.13
03/04/2025 05:00;487.12
03/04/2025 05:15;487.13
03/04/2025 05:30;487.12
03/04/2025 05:45;487.13
03/04/2025 06:00;487.13
03/04/2025 06:15;487.12
03/04/2025 06:30;487.12
03/04/2025 06:45;487.12
03/04/2025 07:00;487.12
03/04/2025 07:15;487.12
03/04/2025 07:30;487.12
03/04/2025 07:45;487.11
03/04/2025 08:00;487.12
03/04/2025 08:15;487.11
03/04/2025 08:30;487.11
03/04/2025 08:45;487.12
03/04/2025 09:00;487.12
03/04/2025 09:15;487.11
03/04/2025 09:30;487.11
03/04/2025 09:45;487.11
03/04/2025 10:00;487.11
03/04/2025 10:15;487.11
03/04/2025 10:30;487.11
03/04/2025 10:45;487.11
03/04/2025 11:00;487.11
03/04/2025 11:15;487.11
03/04/2025 11:30;487.11
03/04/2025 11:45;487.11
03/04/2025 12:00;487.11
03/04/2025 12:15;487.11
03/04/2025 12:30;487.11
03/04/2025 12:45;487.11
03/04/2025 13:00;487.11
03/04/2025 13:15;487.11
03/04/2025 13:30;487.11
03/04/2025 13:45;487.11
03/04/2025 14:00;487.11
03/04/2025 14:15;487.11
03/04/2025 14:30;487.11
03/04/2025 14:45;487.11
03/04/2025 15:00;487.11
03/04/2025 15:15;487.11
03/04/2025 15:30;487.11
03/04/2025 15:45;487.11
03/04/2025 16:00;487.11
03/04/2025 16:15;487.11
03/04/2025 16:30;487.1
03/04/2025 16:45;487.1
03/04/2025 17:00;487.1
03/04/2025 17:15;487.1
03/04/2025 17:30;487.1
03/04/2025 17:45;487.1
03/04/2025 18:00;487.1
03/04/2025 18:15;487.1
03/04/2025 18:30;487.1
03/04/2025 18:45;487.1
03/04/2025 19:00;487.1
03/04/2025 19:15;487.1
03/04/2025 19:30;487.1
03/04/2025 19:45;487.1
03/04/2025 20:00;487.1
03/04/2025 20:15;487.1
03/04/2025 20:30;487.1
03/04/2025 20:45;487.1
03/04/2025 21:00;487.1
03/04/2025 21:15;487.1
03/04/2025 21:30;487.1
03/04/2025 21:45;487.1
03/04/2025 22:00;487.1
03/04/2025 22:15;487.1
03/04/2025 22:30;487.1
03/04/2025 22:45;487.1
03/04/2025 23:00;487.1
03/04/2025 23:15;487.1
03/04/2025 23:30;487.1
03/04/2025 23:45;487.1
04/04/2025 00:00;487.1
04/04/2025 00:15;487.1
04/04/2025 00:30;487.1
04/04/2025 00:45;487.1
04/04/2025 01:00;487.1
04/04/2025 01:15;487.1
04/04/2025 01:30;487.1
04/04/2025 01:45;487.1
04/04/2025 02:00;487.1
04/04/2025 02:15;487.1
04/04/2025 02:30;487.1
04/04/2025 02:45;487.1
04/04/2025 03:00;487.1
04/04/2025 03:15;487.1
04/04/2025 03:30;487.1
04/04/2025 03:45;487.1
04/04/2025 04:00;487.1
04/04/2025 04:15;487.09
04/04/2025 04:30;487.09
04/04/2025 04:45;487.09
04/04/2025 05:00;487.09
04/04/2025 05:15;487.09
04/04/2025 05:30;487.1
04/04/2025 05:45;487.1
04/04/2025 06:00;487.09
04/04/2025 06:15;487.09
04/04/2025 06:30;487.09
04/04/2025 06:45;487.09
04/04/2025 07:00;487.1
04/04/2025 07:15;487.09
04/04/2025 07:30;487.1
04/04/2025 07:45;487.1
04/04/2025 08:00;487.1
04/04/2025 08:15;487.1
04/04/2025 08:30;487.09
04/04/2025 08:45;487.09
04/04/2025 09:00;487.1
04/04/2025 09:15;487.09
04/04/2025 09:30;487.09
04/04/2025 09:45;487.09
04/04/2025 10:00;487.09
04/04/2025 10:15;487.09
04/04/2025 10:30;487.09
04/04/2025 10:45;487.09
04/04/2025 11:00;487.09
04/04/2025 11:15;487.09
04/04/2025 11:30;487.1
04/04/2025 11:45;487.1
04/04/2025 12:00;487.1
04/04/2025 12:15;487.1
04/04/2025 12:30;487.1
04/04/2025 12:45;487.1
04/04/2025 13:00;487.1
04/04/2025 13:15;487.09
04/04/2025 13:30;487.1
04/04/2025 13:45;487.1
04/04/2025 14:00;487.09
04/04/2025 14:15;487.1
04/04/2025 14:30;487.09
04/04/2025 14:45;487.09
04/04/2025 15:00;487.1
04/04/2025 15:15;487.09
04/04/2025 15:30;487.1
04/04/2025 15:45;487.1
04/04/2025 16:00;487.09
04/04/2025 16:15;487.1
04/04/2025 16:30;487.1
04/04/2025 16:45;487.1
04/04/2025 17:00;487.1
04/04/2025 17:15;487.1
04/04/2025 17:30;487.1
04/04/2025 17:45;487.1
04/04/2025 18:00;487.1
04/04/2025 18:15;487.1
04/04/2025 18:30;487.09
04/04/2025 18:45;487.1
04/04/2025 19:00;487.1
04/04/2025 19:15;487.1
04/04/2025 19:30;487.1
04/04/2025 19:45;487.1
04/04/2025 20:00;487.1
04/04/2025 20:15;487.1
04/04/2025 20:30;487.1
04/04/2025 20:45;487.1
04/04/2025 21:00;487.1
04/04/2025 21:15;487.1
04/04/2025 21:30;487.1
04/04/2025 21:45;487.1
04/04/2025 22:00;487.09
04/04/2025 22:15;487.1
04/04/2025 22:30;487.1
04/04/2025 22:45;487.1
04/04/2025 23:00;487.1
04/04/2025 23:15;487.1
04/04/2025 23:30;487.1
04/04/2025 23:45;487.11
05/04/2025 00:00;487.11
05/04/2025 00:15;487.11
05/04/2025 00:30;487.11
05/04/2025 00:45;487.11
05/04/2025 01:00;487.11
05/04/2025 01:15;487.11
05/04/2025 01:30;487.11
05/04/2025 01:45;487.11
05/04/2025 02:00;487.11
05/04/2025 02:15;487.11
05/04/2025 02:30;487.11
05/04/2025 02:45;487.11
05/04/2025 03:00;487.11
05/04/2025 03:15;487.11
05/04/2025 03:30;487.12
05/04/2025 03:45;487.12
05/04/2025 04:00;487.12
05/04/2025 04:15;487.12
05/04/2025 04:30;487.12
05/04/2025 04:45;487.12
05/04/2025 05:00;487.12
05/04/2025 05:15;487.12
05/04/2025 05:30;487.12
05/04/2025 05:45;487.12
05/04/2025 06:00;487.12
05/04/2025 06:15;487.12
05/04/2025 06:30;487.12
05/04/2025 06:45;487.12
05/04/2025 07:00;487.12
05/04/2025 07:15;487.12
05/04/2025 07:30;487.12
05/04/2025 07:45;487.13
05/04/2025 08:00;487.12
05/04/2025 08:15;487.13
05/04/2025 08:30;487.13
05/04/2025 08:45;487.13
05/04/2025 09:00;487.13
05/04/2025 09:15;487.13
05/04/2025 09:30;487.13
05/04/2025 09:45;487.13
05/04/2025 10:00;487.13
05/04/2025 10:15;487.14
05/04/2025 10:30;487.14
05/04/2025 10:45;487.14
05/04/2025 11:00;487.14
05/04/2025 11:15;487.14
05/04/2025 11:30;487.14
05/04/2025 11:45;487.15
05/04/2025 12:00;487.15
05/04/2025 12:15;487.15
05/04/2025 12:30;487.15
05/04/2025 12:45;487.15
05/04/2025 13:00;487.15
05/04/2025 13:15;487.16
05/04/2025 13:30;487.16
05/04/2025 13:45;487.16
05/04/2025 14:00;487.16
05/04/2025 14:15;487.16
05/04/2025 14:30;487.16
05/04/2025 14:45;487.16
05/04/2025 15:00;487.16
05/04/2025 15:15;487.17
05/04/2025 15:30;487.17
05/04/2025 15:45;487.17
05/04/2025 16:00;487.17
05/04/2025 16:15;487.17
05/04/2025 16:30;487.17
05/04/2025 16:45;487.18
05/04/2025 17:00;487.18
05/04/2025 17:15;487.18
05/04/2025 17:30;487.18
05/04/2025 17:45;487.18
05/04/2025 18:00;487.18
05/04/2025 18:15;487.18
05/04/2025 18:30;487.19
05/04/2025 18:45;487.19
05/04/2025 19:00;487.19
05/04/2025 19:15;487.19
05/04/2025 19:30;487.19
05/04/2025 19:45;487.19
05/04/2025 20:00;487.19
05/04/2025 20:15;487.19
05/04/2025 20:30;487.2
05/04/2025 20:45;487.2
05/04/2025 21:00;487.2
05/04/2025 21:15;487.2
05/04/2025 21:30;487.2
05/04/2025 21:45;487.2
05/04/2025 22:00;487.2
05/04/2025 22:15;487.2
05/04/2025 22:30;487.21
05/04/2025 22:45;487.21
05/04/2025 23:00;487.21
05/04/2025 23:15;487.21
05/04/2025 23:30;487.21
05/04/2025 23:45;487.21
06/04/2025 00:00;487.21
06/04/2025 00:15;487.21
06/04/2025 00:30;487.22
06/04/2025 00:45;487.22
06/04/2025 01:00;487.22
06/04/2025 01:15;487.22
06/04/2025 01:30;487.22
06/04/2025 01:45;487.22
06/04/2025 02:00;487.23
06/04/2025 02:15;487.23
06/04/2025 02:30;487.23
06/04/2025 02:45;487.23
06/04/2025 03:00;487.23
06/04/2025 03:15;487.24
06/04/2025 03:30;487.24
06/04/2025 03:45;487.24
06/04/2025 04:00;487.24
06/04/2025 04:15;487.24
06/04/2025 04:30;487.24
06/04/2025 04:45;487.24
06/04/2025 05:00;487.25
06/04/2025 05:15;487.25
06/04/2025 05:30;487.25
06/04/2025 05:45;487.25
06/04/2025 06:00;487.25
06/04/2025 06:15;487.26
06/04/2025 06:30;487.26
06/04/2025 06:45;487.26
06/04/2025 07:00;487.26
06/04/2025 07:15;487.26
06/04/2025 07:30;487.26
06/04/2025 07:45;487.27
06/04/2025 08:00;487.27
06/04/2025 08:15;487.27
06/04/2025 08:30;487.27
06/04/2025 08:45;487.27
06/04/2025 09:00;487.27
06/04/2025 09:15;487.27
06/04/2025 09:30;487.28
06/04/2025 09:45;487.28
06/04/2025 10:00;487.28
06/04/2025 10:15;487.28
06/04/2025 10:30;487.28
06/04/2025 10:45;487.28
06/04/2025 11:00;487.28
06/04/2025 11:15;487.29
06/04/2025 11:30;487.29
06/04/2025 11:45;487.29
06/04/2025 12:00;487.29
06/04/2025 12:15;487.29
06/04/2025 12:30;487.29
06/04/2025 12:45;487.29
06/04/2025 13:00;487.29
06/04/2025 13:15;487.3
06/04/2025 13:30;487.3
06/04/2025 13:45;487.3
06/04/2025 14:00;487.3
06/04/2025 14:15;487.3
06/04/2025 14:30;487.3
06/04/2025 14:45;487.3
06/04/2025 15:00;487.3
06/04/2025 15:15;487.3
06/04/2025 15:30;487.3
06/04/2025 15:45;487.3
06/04/2025 16:00;487.3
06/04/2025 16:15;487.3
06/04/2025 16:30;487.3
06/04/2025 16:45;487.31
06/04/2025 17:00;487.31
06/04/2025 17:15;487.31
06/04/2025 17:30;487.31
06/04/2025 17:45;487.31
06/04/2025 18:00;487.31
06/04/2025 18:15;487.31
06/04/2025 18:30;487.31
06/04/2025 18:45;487.31
06/04/2025 19:00;487.31
06/04/2025 19:15;487.31
06/04/2025 19:30;487.31
06/04/2025 19:45;487.31
06/04/2025 20:00;487.31
06/04/2025 20:15;487.32
06/04/2025 20:30;487.32
06/04/2025 20:45;487.32
06/04/2025 21:00;487.32
06/04/2025 21:15;487.32
06/04/2025 21:30;487.32
06/04/2025 21:45;487.32
06/04/2025 22:00;487.32
06/04/2025 22:15;487.32
06/04/2025 22:30;487.32
06/04/2025 22:45;487.32
06/04/2025 23:00;487.32
06/04/2025 23:15;487.33
06/04/2025 23:30;487.33
06/04/2025 23:45;487.33
07/04/2025 00:00;487.33
07/04/2025 00:15;487.33
07/04/2025 00:30;487.33
07/04/2025 00:45;487.33
07/04/2025 01:00;487.33
07/04/2025 01:15;487.33
07/04/2025 01:30;487.33
07/04/2025 01:45;487.33
07/04/2025 02:00;487.34
07/04/2025 02:15;487.34
07/04/2025 02:30;487.34
07/04/2025 02:45;487.34
07/04/2025 03:00;487.34
07/04/2025 03:15;487.34
07/04/2025 03:30;487.34
07/04/2025 03:45;487.34
07/04/2025 04:00;487.34
07/04/2025 04:15;487.34
07/04/2025 04:30;487.34
07/04/2025 04:45;487.35
07/04/2025 05:00;487.35
07/04/2025 05:15;487.35
07/04/2025 05:30;487.35
07/04/2025 05:45;487.35
07/04/2025 06:00;487.35
07/04/2025 06:15;487.35
07/04/2025 06:30;487.35
07/04/2025 06:45;487.35
07/04/2025 07:00;487.36
07/04/2025 07:15;487.36
07/04/2025 07:30;487.36
07/04/2025 07:45;487.36
07/04/2025 08:00;487.36
07/04/2025 08:15;487.36
07/04/2025 08:30;487.36
07/04/2025 08:45;487.36
07/04/2025 09:00;487.37
07/04/2025 09:15;487.37
07/04/2025 09:30;487.37
07/04/2025 09:45;487.37
07/04/2025 10:00;487.37
07/04/2025 10:15;487.37
07/04/2025 10:30;487.37
07/04/2025 10:45;487.37
07/04/2025 11:00;487.37
07/04/2025 11:15;487.38
07/04/2025 11:30;487.38
07/04/2025 11:45;487.38
07/04/2025 12:00;487.38
07/04/2025 12:15;487.38
07/04/2025 12:30;487.38
07/04/2025 12:45;487.38
07/04/2025 13:00;487.38
07/04/2025 13:15;487.38
07/04/2025 13:30;487.38
07/04/2025 13:45;487.38
07/04/2025 14:00;487.38
07/04/2025 14:15;487.39
07/04/2025 14:30;487.39
07/04/2025 14:45;487.39
07/04/2025 15:00;487.39
07/04/2025 15:15;487.39
07/04/2025 15:30;487.39
07/04/2025 15:45;487.39
07/04/2025 16:00;487.39
07/04/2025 16:15;487.39
07/04/2025 16:30;487.39
07/04/2025 16:45;487.39
07/04/2025 17:00;487.39
07/04/2025 17:15;487.39
07/04/2025 17:30;487.39
07/04/2025 17:45;487.39
07/04/2025 18:00;487.39
07/04/2025 18:15;487.39
07/04/2025 18:30;487.39
07/04/2025 18:45;487.39
07/04/2025 19:00;487.4
07/04/2025 19:15;487.4
07/04/2025 19:30;487.4
07/04/2025 19:45;487.4
07/04/2025 20:00;487.4
07/04/2025 20:15;487.4
07/04/2025 20:30;487.4
07/04/2025 20:45;487.4
07/04/2025 21:00;487.4
07/04/2025 21:15;487.4
07/04/2025 21:30;487.4
07/04/2025 21:45;487.4
07/04/2025 22:00;487.4
07/04/2025 22:15;487.4
07/04/2025 22:30;487.4
07/04/2025 22:45;487.41
07/04/2025 23:00;487.41
07/04/2025 23:15;487.41
07/04/2025 23:30;487.41
07/04/2025 23:45;487.41
08/04/2025 00:00;487.41
08/04/2025 00:15;487.41
08/04/2025 00:30;487.41
08/04/2025 00:45;487.41
08/04/2025 01:00;487.41
08/04/2025 01:15;487.41
08/04/2025 01:30;487.41
08/04/2025 01:45;487.41
08/04/2025 02:00;487.41
08/04/2025 02:15;487.41
08/04/2025 02:30;487.42
08/04/2025 02:45;487.42
08/04/2025 03:00;487.42
08/04/2025 03:15;487.42
08/04/2025 03:30;487.42
08/04/2025 03:45;487.42
08/04/2025 04:00;487.42
08/04/2025 04:15;487.42
08/04/2025 04:30;487.42
08/04/2025 04:45;487.42
08/04/2025 05:00;487.42
08/04/2025 05:15;487.42
08/04/2025 05:30;487.43
08/04/2025 05:45;487.43
08/04/2025 06:00;487.43
08/04/2025 06:15;487.43
08/04/2025 06:30;487.43
08/04/2025 06:45;487.43
08/04/2025 07:00;487.43
08/04/2025 07:15;487.43
08/04/2025 07:30;487.43
08/04/2025 07:45;487.43
08/04/2025 08:00;487.43
08/04/2025 08:15;487.44
08/04/2025 08:30;487.44
08/04/2025 08:45;487.44
08/04/2025 09:00;487.44
08/04/2025 09:15;487.44
08/04/2025 09:30;487.44
08/04/2025 09:45;487.44
08/04/2025 10:00;487.44
08/04/2025 10:15;487.44
08/04/2025 10:30;487.44
08/04/2025 10:45;487.44
08/04/2025 11:00;487.44
08/04/2025 11:15;487.44
08/04/2025 11:30;487.44
08/04/2025 11:45;487.45
08/04/2025 12:00;487.45
08/04/2025 12:15;487.45
08/04/2025 12:30;487.45
08/04/2025 12:45;487.45
08/04/2025 13:00;487.44
08/04/2025 13:15;487.44
08/04/2025 13:30;487.44
08/04/2025 13:45;487.44
08/04/2025 14:00;487.45
08/04/2025 14:15;487.44
08/04/2025 14:30;487.44
08/04/2025 14:45;487.44
08/04/2025 15:00;487.44
08/04/2025 15:15;487.44
08/04/2025 15:30;487.44
08/04/2025 15:45;487.44
08/04/2025 16:00;487.44
08/04/2025 16:15;487.44
08/04/2025 16:30;487.44
08/04/2025 16:45;487.44
08/04/2025 17:00;487.44
08/04/2025 17:15;487.44
08/04/2025 17:30;487.44
08/04/2025 17:45;487.44
08/04/2025 18:00;487.44
08/04/2025 18:15;487.44
08/04/2025 18:30;487.44
08/04/2025 18:45;487.44
08/04/2025 19:00;487.44
08/04/2025 19:15;487.44
08/04/2025 19:30;487.44
08/04/2025 19:45;487.44
08/04/2025 20:00;487.44
08/04/2025 20:15;487.44
08/04/2025 20:30;487.44
08/04/2025 20:45;487.44
08/04/2025 21:00;487.44
08/04/2025 21:15;487.44
08/04/2025 21:30;487.44
08/04/2025 21:45;487.44
08/04/2025 22:00;487.44
08/04/2025 22:15;487.44
08/04/2025 22:30;487.44
08/04/2025 22:45;487.44
08/04/2025 23:00;487.44
08/04/2025 23:15;487.44
08/04/2025 23:30;487.44
08/04/2025 23:45;487.44
09/04/2025 00:00;487.44
09/04/2025 00:15;487.44
09/04/2025 00:30;487.44
09/04/2025 00:45;487.44
09/04/2025 01:00;487.44
09/04/2025 01:15;487.44
09/04/2025 01:30;487.44
09/04/2025 01:45;487.44
09/04/2025 02:00;487.44
09/04/2025 02:15;487.44
09/04/2025 02:30;487.44
09/04/2025 02:45;487.44
09/04/2025 03:00;487.44
09/04/2025 03:15;487.44
09/04/2025 03:30;487.44
09/04/2025 03:45;487.44
09/04/2025 04:00;487.44
09/04/2025 04:15;487.44
09/04/2025 04:30;487.44
09/04/2025 04:45;487.44
09/04/2025 05:00;487.44
09/04/2025 05:15;487.44
09/04/2025 05:30;487.44
09/04/2025 05:45;487.45
09/04/2025 06:00;487.45
09/04/2025 06:15;487.44
09/04/2025 06:30;487.45
09/04/2025 06:45;487.45
09/04/2025 07:00;487.45
09/04/2025 07:15;487.45
09/04/2025 07:30;487.45
09/04/2025 07:45;487.45
09/04/2025 08:00;487.45
09/04/2025 08:15;487.44
09/04/2025 08:30;487.44
09/04/2025 08:45;487.44
09/04/2025 09:00;487.44
09/04/2025 09:15;487.45
09/04/2025 09:30;487.45
09/04/2025 09:45;487.45
09/04/2025 10:00;487.45
09/04/2025 10:15;487.45
09/04/2025 10:30;487.45
09/04/2025 10:45;487.45
09/04/2025 11:00;487.45
09/04/2025 11:15;487.45
09/04/2025 11:30;487.44
09/04/2025 11:45;487.44
09/04/2025 12:00;487.44
09/04/2025 12:15;487.44
09/04/2025 12:30;487.44
09/04/2025 12:45;487.45
09/04/2025 13:00;487.45
09/04/2025 13:15;487.44
09/04/2025 13:30;487.44
09/04/2025 13:45;487.44
09/04/2025 14:00;487.44
09/04/2025 14:15;487.44
09/04/2025 14:30;487.44
09/04/2025 14:45;487.44
09/04/2025 15:00;487.44
09/04/2025 15:15;487.44
09/04/2025 15:30;487.44
09/04/2025 15:45;487.44
09/04/2025 16:00;487.44
09/04/2025 16:15;487.44
09/04/2025 16:30;487.44
09/04/2025 16:45;487.44
09/04/2025 17:00;487.44
09/04/2025 17:15;487.44
09/04/2025 17:30;487.44
09/04/2025 17:45;487.44
09/04/2025 18:00;487.44
09/04/2025 18:15;487.44
09/04/2025 18:30;487.44
09/04/2025 18:45;487.43
09/04/2025 19:00;487.43
09/04/2025 19:15;487.43
09/04/2025 19:30;487.43
09/04/2025 19:45;487.43
09/04/2025 20:00;487.43
09/04/2025 20:15;487.43
09/04/2025 20:30;487.43
09/04/2025 20:45;487.42
09/04/2025 21:00;487.42
09/04/2025 21:15;487.42
09/04/2025 21:30;487.42
09/04/2025 21:45;487.42
09/04/2025 22:00;487.42
09/04/2025 22:15;487.42
09/04/2025 22:30;487.42
09/04/2025 22:45;487.42
09/04/2025 23:00;487.42
09/04/2025 23:15;487.42
09/04/2025 23:30;487.42
09/04/2025 23:45;487.42
10/04/2025 00:00;487.42
10/04/2025 00:15;487.42
10/04/2025 00:30;487.42
10/04/2025 00:45;487.42
10/04/2025 01:00;487.42
10/04/2025 01:15;487.42
10/04/2025 01:30;487.42
10/04/2025 01:45;487.42
10/04/2025 02:00;487.42
10/04/2025 02:15;487.42
10/04/2025 02:30;487.42
10/04/2025 02:45;487.42
10/04/2025 03:00;487.42
10/04/2025 03:15;487.42
10/04/2025 03:30;487.42
10/04/2025 03:45;487.42
10/04/2025 04:00;487.42
10/04/2025 04:15;487.42
10/04/2025 04:30;487.41
10/04/2025 04:45;487.42
10/04/2025 05:00;487.42
10/04/2025 05:15;487.41
10/04/2025 05:30;487.42
10/04/2025 05:45;487.41
10/04/2025 06:00;487.41
10/04/2025 06:15;487.41
10/04/2025 06:30;487.41
10/04/2025 06:45;487.41
10/04/2025 07:00;487.41
10/04/2025 07:15;487.41
10/04/2025 07:30;487.41
10/04/2025 07:45;487.41
10/04/2025 08:00;487.41
10/04/2025 08:15;487.41
10/04/2025 08:30;487.41
10/04/2025 08:45;487.41
10/04/2025 09:00;487.41
10/04/2025 09:15;487.41
10/04/2025 09:30;487.41
10/04/2025 09:45;487.41
10/04/2025 10:00;487.41
10/04/2025 10:15;487.41
10/04/2025 10:30;487.41
10/04/2025 10:45;487.41
10/04/2025 11:00;487.41
10/04/2025 11:15;487.41
10/04/2025 11:30;487.41
10/04/2025 11:45;487.41
10/04/2025 12:00;487.41
10/04/2025 12:15;487.4
10/04/2025 12:30;487.4
10/04/2025 12:45;487.4
10/04/2025 13:00;487.4
10/04/2025 13:15;487.4
10/04/2025 13:30;487.4
10/04/2025 13:45;487.4
10/04/2025 14:00;487.4
10/04/2025 14:15;487.4
10/04/2025 14:30;487.4
10/04/2025 14:45;487.4
10/04/2025 15:00;487.4
10/04/2025 15:15;487.4
10/04/2025 15:30;487.4
10/04/2025 15:45;487.4
10/04/2025 16:00;487.4
10/04/2025 16:15;487.4
10/04/2025 16:30;487.4
10/04/2025 16:45;487.4
10/04/2025 17:00;487.4
10/04/2025 17:15;487.4
10/04/2025 17:30;487.39
10/04/2025 17:45;487.39
10/04/2025 18:00;487.39
10/04/2025 18:15;487.39
10/04/2025 18:30;487.39
10/04/2025 18:45;487.39
10/04/2025 19:00;487.39
10/04/2025 19:15;487.39
10/04/2025 19:30;487.39
10/04/2025 19:45;487.39
10/04/2025 20:00;487.39
10/04/2025 20:15;487.39
10/04/2025 20:30;487.38
10/04/2025 20:45;487.38
10/04/2025 21:00;487.38
10/04/2025 21:15;487.38
10/04/2025 21:30;487.38
10/04/2025 21:45;487.38
10/04/2025 22:00;487.38
10/04/2025 22:15;487.38
10/04/2025 22:30;487.38
10/04/2025 22:45;487.38
10/04/2025 23:00;487.38
10/04/2025 23:15;487.38
10/04/2025 23:30;487.37
10/04/2025 23:45;487.37
11/04/2025 00:00;487.37
11/04/2025 00:15;487.37
11/04/2025 00:30;487.37
11/04/2025 00:45;487.37
11/04/2025 01:00;487.37
11/04/2025 01:15;487.36
11/04/2025 01:30;487.36
11/04/2025 01:45;487.36
11/04/2025 02:00;487.36
11/04/2025 02:15;487.36
11/04/2025 02:30;487.36
11/04/2025 02:45;487.36
11/04/2025 03:00;487.36
11/04/2025 03:15;487.35
11/04/2025 03:30;487.35
11/04/2025 03:45;487.35
11/04/2025 04:00;487.35
11/04/2025 04:15;487.35
11/04/2025 04:30;487.35
11/04/2025 04:45;487.35
11/04/2025 05:00;487.34
11/04/2025 05:15;487.34
11/04/2025 05:30;487.34
11/04/2025 05:45;487.34
11/04/2025 06:00;487.34
11/04/2025 06:15;487.34
11/04/2025 06:30;487.33
11/04/2025 06:45;487.34
11/04/2025 07:00;487.33
11/04/2025 07:15;487.33
11/04/2025 07:30;487.33
11/04/2025 07:45;487.33
11/04/2025 08:00;487.33
11/04/2025 08:15;487.33
11/04/2025 08:30;487.32
11/04/2025 08:45;487.32
11/04/2025 09:00;487.32
11/04/2025 09:15;487.32
11/04/2025 09:30;487.32
11/04/2025 09:45;487.32
11/04/2025 10:00;487.32
11/04/2025 10:15;487.31
11/04/2025 10:30;487.31
11/04/2025 10:45;487.31
11/04/2025 11:00;487.31
11/04/2025 11:15;487.31
11/04/2025 11:30;487.31
11/04/2025 11:45;487.31
11/04/2025 12:00;487.3
11/04/2025 12:15;487.3
11/04/2025 12:30;487.3
11/04/2025 12:45;487.3
11/04/2025 13:00;487.3
11/04/2025 13:15;487.3
11/04/2025 13:30;487.3
11/04/2025 13:45;487.29
11/04/2025 14:00;487.29
11/04/2025 14:15;487.29
11/04/2025 14:30;487.29
11/04/2025 14:45;487.29
11/04/2025 15:00;487.29
11/04/2025 15:15;487.29
11/04/2025 15:30;487.28
11/04/2025 15:45;487.28
11/04/2025 16:00;487.28
11/04/2025 16:15;487.28
11/04/2025 16:30;487.28
11/04/2025 16:45;487.28
11/04/2025 17:00;487.27
11/04/2025 17:15;487.27
11/04/2025 17:30;487.27
11/04/2025 17:45;487.27
11/04/2025 18:00;487.27
11/04/2025 18:15;487.27
11/04/2025 18:30;487.27
11/04/2025 18:45;487.26
11/04/2025 19:00;487.26
11/04/2025 19:15;487.26
11/04/2025 19:30;487.26
11/04/2025 19:45;487.26
11/04/2025 20:00;487.26
11/04/2025 20:15;487.25
11/04/2025 20:30;487.26
11/04/2025 20:45;487.25
11/04/2025 21:00;487.25
11/04/2025 21:15;487.25
11/04/2025 21:30;487.25
11/04/2025 21:45;487.24
11/04/2025 22:00;487.24
11/04/2025 22:15;487.24
11/04/2025 22:30;487.24
11/04/2025 22:45;487.24
11/04/2025 23:00;487.24
11/04/2025 23:15;487.24
11/04/2025 23:30;487.24
11/04/2025 23:45;487.24
12/04/2025 00:00;487.24
12/04/2025 00:15;487.24
12/04/2025 00:30;487.23
12/04/2025 00:45;487.23
12/04/2025 01:00;487.23
12/04/2025 01:15;487.23
12/04/2025 01:30;487.23
12/04/2025 01:45;487.23
12/04/2025 02:00;487.23
12/04/2025 02:15;487.23
12/04/2025 02:30;487.22
12/04/2025 02:45;487.22
12/04/2025 03:00;487.22
12/04/2025 03:15;487.22
12/04/2025 03:30;487.22
12/04/2025 03:45;487.22
12/04/2025 04:00;487.22
12/04/2025 04:15;487.22
12/04/2025 04:30;487.21
12/04/2025 04:45;487.21
12/04/2025 05:00;487.21
12/04/2025 05:15;487.2
12/04/2025 05:30;487.2
12/04/2025 05:45;487.2
12/04/2025 06:00;487.2
12/04/2025 06:15;487.2
12/04/2025 06:30;487.2
12/04/2025 06:45;487.2
12/04/2025 07:00;487.19
12/04/2025 07:15;487.19
12/04/2025 07:30;487.19
12/04/2025 07:45;487.19
12/04/2025 08:00;487.19
12/04/2025 08:15;487.19
12/04/2025 08:30;487.19
12/04/2025 08:45;487.19
12/04/2025 09:00;487.18
12/04/2025 09:15;487.18
12/04/2025 09:30;487.18
12/04/2025 09:45;487.18
12/04/2025 10:00;487.18
12/04/2025 10:15;487.18
12/04/2025 10:30;487.18
12/04/2025 10:45;487.17
12/04/2025 11:00;487.17
12/04/2025 11:15;487.17
12/04/2025 11:30;487.17
12/04/2025 11:45;487.17
12/04/2025 12:00;487.16
12/04/2025 12:15;487.16
12/04/2025 12:30;487.16
12/04/2025 12:45;487.16
12/04/2025 13:00;487.16
12/04/2025 13:15;487.16
12/04/2025 13:30;487.16
12/04/2025 13:45;487.16
12/04/2025 14:00;487.16
12/04/2025 14:15;487.16
12/04/2025 14:30;487.15
12/04/2025 14:45;487.15
12/04/2025 15:00;487.15
12/04/2025 15:15;487.15
12/04/2025 15:30;487.15
12/04/2025 15:45;487.15
12/04/2025 16:00;487.15
12/04/2025 16:15;487.14
12/04/2025 16:30;487.14
12/04/2025 16:45;487.14
12/04/2025 17:00;487.14
12/04/2025 17:15;487.14
12/04/2025 17:30;487.14
12/04/2025 17:45;487.14
12/04/2025 18:00;487.13
12/04/2025 18:15;487.13
12/04/2025 18:30;487.13
12/04/2025 18:45;487.13
12/04/2025 19:00;487.13
12/04/2025 19:15;487.13
12/04/2025 19:30;487.13
12/04/2025 19:45;487.12
12/04/2025 20:00;487.12
12/04/2025 20:15;487.12
12/04/2025 20:30;487.12
12/04/2025 20:45;487.12
12/04/2025 21:00;487.11
12/04/2025 21:15;487.11
12/04/2025 21:30;487.11
12/04/2025 21:45;487.11
12/04/2025 22:00;487.11
12/04/2025 22:15;487.11
12/04/2025 22:30;487.11
12/04/2025 22:45;487.1
12/04/2025 23:00;487.1
12/04/2025 23:15;487.1
12/04/2025 23:30;487.1
12/04/2025 23:45;487.1
13/04/2025 00:00;487.1
13/04/2025 00:15;487.1
13/04/2025 00:30;487.11
13/04/2025 00:45;487.1
13/04/2025 01:00;487.11
13/04/2025 01:15;487.11
13/04/2025 01:30;487.11
13/04/2025 01:45;487.1
13/04/2025 02:00;487.1
13/04/2025 02:15;487.1
13/04/2025 02:30;487.1
13/04/2025 02:45;487.1
13/04/2025 03:00;487.1
13/04/2025 03:15;487.1
13/04/2025 03:30;487.09
13/04/2025 03:45;487.09
13/04/2025 04:00;487.09
13/04/2025 04:15;487.09
13/04/2025 04:30;487.09
13/04/2025 04:45;487.09
13/04/2025 05:00;487.09
13/04/2025 05:15;487.09
13/04/2025 05:30;487.08
13/04/2025 05:45;487.08
13/04/2025 06:00;487.08
13/04/2025 06:15;487.08
13/04/2025 06:30;487.08
13/04/2025 06:45;487.08
13/04/2025 07:00;487.08
13/04/2025 07:15;487.08
13/04/2025 07:30;487.08
13/04/2025 07:45;487.07
13/04/2025 08:00;487.07
13/04/2025 08:15;487.07
13/04/2025 08:30;487.07
13/04/2025 08:45;487.07
13/04/2025 09:00;487.07
13/04/2025 09:15;487.07
13/04/2025 09:30;487.07
13/04/2025 09:45;487.07
13/04/2025 10:00;487.07
13/04/2025 10:15;487.07
13/04/2025 10:30;487.07
13/04/2025 10:45;487.07
13/04/2025 11:00;487.07
13/04/2025 11:15;487.07
13/04/2025 11:30;487.07
13/04/2025 11:45;487.07
13/04/2025 12:00;487.07
13/04/2025 12:15;487.07
13/04/2025 12:30;487.06
13/04/2025 12:45;487.06
13/04/2025 13:00;487.06
13/04/2025 13:15;487.06
13/04/2025 13:30;487.06
13/04/2025 13:45;487.06
13/04/2025 14:00;487.06
13/04/2025 14:15;487.06
13/04/2025 14:30;487.06
13/04/2025 14:45;487.06
13/04/2025 15:00;487.06
13/04/2025 15:15;487.06
13/04/2025 15:30;487.06
13/04/2025 15:45;487.06
13/04/2025 16:00;487.05
13/04/2025 16:15;487.05
13/04/2025 16:30;487.05
13/04/2025 16:45;487.05
13/04/2025 17:00;487.05
13/04/2025 17:15;487.05
13/04/2025 17:30;487.05
13/04/2025 17:45;487.05
13/04/2025 18:00;487.05
13/04/2025 18:15;487.05
13/04/2025 18:30;487.05
13/04/2025 18:45;487.05
13/04/2025 19:00;487.04
13/04/2025 19:15;487.04
13/04/2025 19:30;487.04
13/04/2025 19:45;487.04
13/04/2025 20:00;487.04
13/04/2025 20:15;487.04
13/04/2025 20:30;487.04
13/04/2025 20:45;487.04
13/04/2025 21:00;487.04
13/04/2025 21:15;487.04
13/04/2025 21:30;487.04
13/04/2025 21:45;487.03
13/04/2025 22:00;487.03
13/04/2025 22:15;487.03
13/04/2025 22:30;487.03
13/04/2025 22:45;487.03
13/04/2025 23:00;487.03
13/04/2025 23:15;487.03
13/04/2025 23:30;487.03
13/04/2025 23:45;487.03
14/04/2025 00:00;487.03
14/04/2025 00:15;487.02
14/04/2025 00:30;487.02
14/04/2025 00:45;487.02
14/04/2025 01:00;487.02
14/04/2025 01:15;487.02
14/04/2025 01:30;487.02
14/04/2025 01:45;487.02
14/04/2025 02:00;487.02
14/04/2025 02:15;487.02
14/04/2025 02:30;487.01
14/04/2025 02:45;487.01
14/04/2025 03:00;487.01
14/04/2025 03:15;487.01
14/04/2025 03:30;487.01
14/04/2025 03:45;487.01
14/04/2025 04:00;487.01
14/04/2025 04:15;487.01
14/04/2025 04:30;487.01
14/04/2025 04:45;487.01
14/04/2025 05:00;487.01
14/04/2025 05:15;487.01
14/04/2025 05:30;487.01
14/04/2025 05:45;487.01
14/04/2025 06:00;487.01
14/04/2025 06:15;487
14/04/2025 06:30;487
14/04/2025 06:45;487
14/04/2025 07:00;487
14/04/2025 07:15;487
14/04/2025 07:30;487
14/04/2025 07:45;486.99
14/04/2025 08:00;486.99
14/04/2025 08:15;486.99
14/04/2025 08:30;486.99
14/04/2025 08:45;486.99
14/04/2025 09:00;486.99
14/04/2025 09:15;486.99
14/04/2025 09:30;486.99
14/04/2025 09:45;486.99
14/04/2025 10:00;486.99
14/04/2025 10:15;486.99
14/04/2025 10:30;486.99
14/04/2025 10:45;486.99
14/04/2025 11:00;486.99
14/04/2025 11:15;486.98
14/04/2025 11:30;486.98
14/04/2025 11:45;486.98
14/04/2025 12:00;486.98
14/04/2025 12:15;486.98
14/04/2025 12:30;486.98
14/04/2025 12:45;486.98
14/04/2025 13:00;486.98
14/04/2025 13:15;486.98
14/04/2025 13:30;486.98
14/04/2025 13:45;486.98
14/04/2025 14:00;486.98
14/04/2025 14:15;486.98
14/04/2025 14:30;486.98
14/04/2025 14:45;486.98
14/04/2025 15:00;486.98
14/04/2025 15:15;486.98
14/04/2025 15:30;486.98
14/04/2025 15:45;486.98
14/04/2025 16:00;486.98
14/04/2025 16:15;486.98
14/04/2025 16:30;486.98
14/04/2025 16:45;486.98
14/04/2025 17:00;486.99
14/04/2025 17:15;486.98
14/04/2025 17:30;486.98
14/04/2025 17:45;486.99
14/04/2025 18:00;486.98
14/04/2025 18:15;486.98
14/04/2025 18:30;486.98
14/04/2025 18:45;486.98
14/04/2025 19:00;486.98
14/04/2025 19:15;486.98
14/04/2025 19:30;486.98
14/04/2025 19:45;486.98
14/04/2025 20:00;486.98
14/04/2025 20:15;486.98
14/04/2025 20:30;486.98
14/04/2025 20:45;486.98
14/04/2025 21:00;486.98
14/04/2025 21:15;486.98
14/04/2025 21:30;486.98
14/04/2025 21:45;486.98
14/04/2025 22:00;486.98
14/04/2025 22:15;486.98
14/04/2025 22:30;486.98
14/04/2025 22:45;486.98
14/04/2025 23:00;486.97
14/04/2025 23:15;486.97
14/04/2025 23:30;486.97
14/04/2025 23:45;486.97
15/04/2025 00:00;486.97
15/04/2025 00:15;486.97
15/04/2025 00:30;486.97
15/04/2025 00:45;486.97
15/04/2025 01:00;486.97
15/04/2025 01:15;486.97
15/04/2025 01:30;486.97
15/04/2025 01:45;486.97
15/04/2025 02:00;486.97
15/04/2025 02:15;486.97
15/04/2025 02:30;486.97
15/04/2025 02:45;486.97
15/04/2025 03:00;486.97
15/04/2025 03:15;486.97
15/04/2025 03:30;486.97
15/04/2025 03:45;486.97
15/04/2025 04:00;486.98
15/04/2025 04:15;486.98
15/04/2025 04:30;486.98
15/04/2025 04:45;486.98
15/04/2025 05:00;486.98
15/04/2025 05:15;486.98
15/04/2025 05:30;486.98
15/04/2025 05:45;486.98
15/04/2025 06:00;486.98
15/04/2025 06:15;486.98
15/04/2025 06:30;486.98
15/04/2025 06:45;486.98
15/04/2025 07:00;486.98
15/04/2025 07:15;486.98
15/04/2025 07:30;486.98
15/04/2025 07:45;486.98
15/04/2025 08:00;486.98
15/04/2025 08:15;486.98
15/04/2025 08:30;486.98
15/04/2025 08:45;486.98
15/04/2025 09:00;486.99
15/04/2025 09:15;486.99
15/04/2025 09:30;486.99
15/04/2025 09:45;486.99
15/04/2025 10:00;486.99
15/04/2025 10:15;486.99
15/04/2025 10:30;486.99
15/04/2025 10:45;486.99
15/04/2025 11:00;486.99
15/04/2025 11:15;486.99
15/04/2025 11:30;486.99
15/04/2025 11:45;486.99
15/04/2025 12:00;486.99
15/04/2025 12:15;487
15/04/2025 12:30;487
15/04/2025 12:45;487
15/04/2025 13:00;487
15/04/2025 13:15;487
15/04/2025 13:30;487
15/04/2025 13:45;487
15/04/2025 14:00;487.01
15/04/2025 14:15;487.01
15/04/2025 14:30;487.01
15/04/2025 14:45;487.01
15/04/2025 15:00;487.02
15/04/2025 15:15;487.02
15/04/2025 15:30;487.02
15/04/2025 15:45;487.03
15/04/2025 16:00;487.03
15/04/2025 16:15;487.03
15/04/2025 16:30;487.04
15/04/2025 16:45;487.04
15/04/2025 17:00;487.04
15/04/2025 17:15;487.05
15/04/2025 17:30;487.05
15/04/2025 17:45;487.05
15/04/2025 18:00;487.05
15/04/2025 18:15;487.06
15/04/2025 18:30;487.07
15/04/2025 18:45;487.07
15/04/2025 19:00;487.08
15/04/2025 19:15;487.08
15/04/2025 19:30;487.08
15/04/2025 19:45;487.09
15/04/2025 20:00;487.09
15/04/2025 20:15;487.09
15/04/2025 20:30;487.1
15/04/2025 20:45;487.1
15/04/2025 21:00;487.1
15/04/2025 21:15;487.11
15/04/2025 21:30;487.11
15/04/2025 21:45;487.11
15/04/2025 22:00;487.12
15/04/2025 22:15;487.12
15/04/2025 22:30;487.12
15/04/2025 22:45;487.12
15/04/2025 23:00;487.13
15/04/2025 23:15;487.13
15/04/2025 23:30;487.13
15/04/2025 23:45;487.14
16/04/2025 00:00;487.14
16/04/2025 00:15;487.14
16/04/2025 00:30;487.14
16/04/2025 00:45;487.14
16/04/2025 01:00;487.15
16/04/2025 01:15;487.15
16/04/2025 01:30;487.15
16/04/2025 01:45;487.15
16/04/2025 02:00;487.15
16/04/2025 02:15;487.16
16/04/2025 02:30;487.16
16/04/2025 02:45;487.16
16/04/2025 03:00;487.16
16/04/2025 03:15;487.16
16/04/2025 03:30;487.17
16/04/2025 03:45;487.17
16/04/2025 04:00;487.17
16/04/2025 04:15;487.17
16/04/2025 04:30;487.18
16/04/2025 04:45;487.18
16/04/2025 05:00;487.18
16/04/2025 05:15;487.18
16/04/2025 05:30;487.18
16/04/2025 05:45;487.18
16/04/2025 06:00;487.18
16/04/2025 06:15;487.19
16/04/2025 06:30;487.19
16/04/2025 06:45;487.19
16/04/2025 07:00;487.19
16/04/2025 07:15;487.19
16/04/2025 07:30;487.2
16/04/2025 07:45;487.2
16/04/2025 08:00;487.2
16/04/2025 08:15;487.2
16/04/2025 08:30;487.2
16/04/2025 08:45;487.2
16/04/2025 09:00;487.2
16/04/2025 09:15;487.21
16/04/2025 09:30;487.21
16/04/2025 09:45;487.21
16/04/2025 10:00;487.21
16/04/2025 10:15;487.21
16/04/2025 10:30;487.21
16/04/2025 10:45;487.21
16/04/2025 11:00;487.21
16/04/2025 11:15;487.22
16/04/2025 11:30;487.22
16/04/2025 11:45;487.22
16/04/2025 12:00;487.22
16/04/2025 12:15;487.22
16/04/2025 12:30;487.22
16/04/2025 12:45;487.22
16/04/2025 13:00;487.22
16/04/2025 13:15;487.22
16/04/2025 13:30;487.23
16/04/2025 13:45;487.23
16/04/2025 14:00;487.23
16/04/2025 14:15;487.23
16/04/2025 14:30;487.23
16/04/2025 14:45;487.23
16/04/2025 15:00;487.23
16/04/2025 15:15;487.23
16/04/2025 15:30;487.23
16/04/2025 15:45;487.23
16/04/2025 16:00;487.23
16/04/2025 16:15;487.23
16/04/2025 16:30;487.23
16/04/2025 16:45;487.23
16/04/2025 17:00;487.23
16/04/2025 17:15;487.24
16/04/2025 17:30;487.24
16/04/2025 17:45;487.23
16/04/2025 18:00;487.23
16/04/2025 18:15;487.24
16/04/2025 18:30;487.23
16/04/2025 18:45;487.23
16/04/2025 19:00;487.23
16/04/2025 19:15;487.23
16/04/2025 19:30;487.23
16/04/2025 19:45;487.23
16/04/2025 20:00;487.23
16/04/2025 20:15;487.23
16/04/2025 20:30;487.22
16/04/2025 20:45;487.22
16/04/2025 21:00;487.23
16/04/2025 21:15;487.23
16/04/2025 21:30;487.22
16/04/2025 21:45;487.22
16/04/2025 22:00;487.23
16/04/2025 22:15;487.22
16/04/2025 22:30;487.22
16/04/2025 22:45;487.22
16/04/2025 23:00;487.23
16/04/2025 23:15;487.22
16/04/2025 23:30;487.22
16/04/2025 23:45;487.22
17/04/2025 00:00;487.22
17/04/2025 00:15;487.22
17/04/2025 00:30;487.22
17/04/2025 00:45;487.22
17/04/2025 01:00;487.21
17/04/2025 01:15;487.21
17/04/2025 01:30;487.21
17/04/2025 01:45;487.21
17/04/2025 02:00;487.21
17/04/2025 02:15;487.21
17/04/2025 02:30;487.21
17/04/2025 02:45;487.21
17/04/2025 03:00;487.21
17/04/2025 03:15;487.21
17/04/2025 03:30;487.21
17/04/2025 03:45;487.21
17/04/2025 04:00;487.21
17/04/2025 04:15;487.21
17/04/2025 04:30;487.2
17/04/2025 04:45;487.2
17/04/2025 05:00;487.2
17/04/2025 05:15;487.2
17/04/2025 05:30;487.2
17/04/2025 05:45;487.2
17/04/2025 06:00;487.2
17/04/2025 06:15;487.2
17/04/2025 06:30;487.2
17/04/2025 06:45;487.2
17/04/2025 07:00;487.2
17/04/2025 07:15;487.2
17/04/2025 07:30;487.2
17/04/2025 07:45;487.2
17/04/2025 08:00;487.19
17/04/2025 08:15;487.19
17/04/2025 08:30;487.19
17/04/2025 08:45;487.19
17/04/2025 09:00;487.19
17/04/2025 09:15;487.19
17/04/2025 09:30;487.19
17/04/2025 09:45;487.19
17/04/2025 10:00;487.19
17/04/2025 10:15;487.19
17/04/2025 10:30;487.19
17/04/2025 10:45;487.19
17/04/2025 11:00;487.19
17/04/2025 11:15;487.19
17/04/2025 11:30;487.18
17/04/2025 11:45;487.18
17/04/2025 12:00;487.18
17/04/2025 12:15;487.18
17/04/2025 12:30;487.18
17/04/2025 12:45;487.18
17/04/2025 13:00;487.18
17/04/2025 13:15;487.17
17/04/2025 13:30;487.17
17/04/2025 13:45;487.17
17/04/2025 14:00;487.17
17/04/2025 14:15;487.17
17/04/2025 14:30;487.17
17/04/2025 14:45;487.17
17/04/2025 15:00;487.16
17/04/2025 15:15;487.16
17/04/2025 15:30;487.16
17/04/2025 15:45;487.16
17/04/2025 16:00;487.16
17/04/2025 16:15;487.15
17/04/2025 16:30;487.15
17/04/2025 16:45;487.15
17/04/2025 17:00;487.15
17/04/2025 17:15;487.14
17/04/2025 17:30;487.14
17/04/2025 17:45;487.14
17/04/2025 18:00;487.14
17/04/2025 18:15;487.14
17/04/2025 18:30;487.13
17/04/2025 18:45;487.13
17/04/2025 19:00;487.13
17/04/2025 19:15;487.12
17/04/2025 19:30;487.12
17/04/2025 19:45;487.12
17/04/2025 20:00;487.12
17/04/2025 20:15;487.12
17/04/2025 20:30;487.12
17/04/2025 20:45;487.11
17/04/2025 21:00;487.11
17/04/2025 21:15;487.11
17/04/2025 21:30;487.11
17/04/2025 21:45;487.11
17/04/2025 22:00;487.1
17/04/2025 22:15;487.1
17/04/2025 22:30;487.1
17/04/2025 22:45;487.09
17/04/2025 23:00;487.09
17/04/2025 23:15;487.09
17/04/2025 23:30;487.09
17/04/2025 23:45;487.08
18/04/2025 00:00;487.08
18/04/2025 00:15;487.08
18/04/2025 00:30;487.08
18/04/2025 00:45;487.08
18/04/2025 01:00;487.08
18/04/2025 01:15;487.07
18/04/2025 01:30;487.07
18/04/2025 01:45;487.07
18/04/2025 02:00;487.07
18/04/2025 02:15;487.07
18/04/2025 02:30;487.06
18/04/2025 02:45;487.06
18/04/2025 03:00;487.06
18/04/2025 03:15;487.06
18/04/2025 03:30;487.05
18/04/2025 03:45;487.05
18/04/2025 04:00;487.05
18/04/2025 04:15;487.05
18/04/2025 04:30;487.05
18/04/2025 04:45;487.05
18/04/2025 05:00;487.04
18/04/2025 05:15;487.04
18/04/2025 05:30;487.04
18/04/2025 05:45;487.03
18/04/2025 06:00;487.03
18/04/2025 06:15;487.03
18/04/2025 06:30;487.03
18/04/2025 06:45;487.03
18/04/2025 07:00;487.02
18/04/2025 07:15;487.02
18/04/2025 07:30;487.02
18/04/2025 07:45;487.02
18/04/2025 08:00;487.02
18/04/2025 08:15;487.01
18/04/2025 08:30;487.01
18/04/2025 08:45;487.01
18/04/2025 09:00;487.01
18/04/2025 09:15;487
18/04/2025 09:30;487
18/04/2025 09:45;487
18/04/2025 10:00;487
18/04/2025 10:15;486.99
18/04/2025 10:30;486.99
18/04/2025 10:45;486.99
18/04/2025 11:00;486.99
18/04/2025 11:15;486.98
18/04/2025 11:30;486.98
18/04/2025 11:45;486.98
18/04/2025 12:00;486.98
18/04/2025 12:15;486.97
18/04/2025 12:30;486.97
18/04/2025 12:45;486.97
18/04/2025 13:00;486.97
18/04/2025 13:15;486.97
18/04/2025 13:30;486.96
18/04/2025 13:45;486.96
18/04/2025 14:00;486.96
18/04/2025 14:15;486.95
18/04/2025 14:30;486.95
18/04/2025 14:45;486.95
18/04/2025 15:00;486.95
18/04/2025 15:15;486.95
18/04/2025 15:30;486.94
18/04/2025 15:45;486.94
18/04/2025 16:00;486.94
18/04/2025 16:15;486.93
18/04/2025 16:30;486.93
18/04/2025 16:45;486.93
18/04/2025 17:00;486.93
18/04/2025 17:15;486.92
18/04/2025 17:30;486.92
18/04/2025 17:45;486.92
18/04/2025 18:00;486.92
18/04/2025 18:15;486.91
18/04/2025 18:30;486.91
18/04/2025 18:45;486.91
18/04/2025 19:00;486.9
18/04/2025 19:15;486.9
18/04/2025 19:30;486.89
18/04/2025 19:45;486.89
18/04/2025 20:00;486.89
18/04/2025 20:15;486.89
18/04/2025 20:30;486.89
18/04/2025 20:45;486.88
18/04/2025 21:00;486.87
18/04/2025 21:15;486.87
18/04/2025 21:30;486.88
18/04/2025 21:45;486.88
18/04/2025 22:00;486.87
18/04/2025 22:15;486.88
18/04/2025 22:30;486.87
18/04/2025 22:45;486.87
18/04/2025 23:00;486.87
18/04/2025 23:15;486.86
18/04/2025 23:30;486.86
18/04/2025 23:45;486.86
19/04/2025 00:00;486.85
19/04/2025 00:15;486.85
19/04/2025 00:30;486.85
19/04/2025 00:45;486.85
19/04/2025 01:00;486.85
19/04/2025 01:15;486.84
19/04/2025 01:30;486.84
19/04/2025 01:45;486.84
19/04/2025 02:00;486.84
19/04/2025 02:15;486.83
19/04/2025 02:30;486.83
19/04/2025 02:45;486.83
19/04/2025 03:00;486.83
19/04/2025 03:15;486.82
19/04/2025 03:30;486.82
19/04/2025 03:45;486.82
19/04/2025 04:00;486.81
19/04/2025 04:15;486.81
19/04/2025 04:30;486.81
19/04/2025 04:45;486.81
19/04/2025 05:00;486.8
19/04/2025 05:15;486.8
19/04/2025 05:30;486.8
19/04/2025 05:45;486.8
19/04/2025 06:00;486.8
19/04/2025 06:15;486.79
19/04/2025 06:30;486.79
19/04/2025 06:45;486.79
19/04/2025 07:00;486.79
19/04/2025 07:15;486.79
19/04/2025 07:30;486.79
19/04/2025 07:45;486.78
19/04/2025 08:00;486.78
19/04/2025 08:15;486.78
19/04/2025 08:30;486.78
19/04/2025 08:45;486.78
19/04/2025 09:00;486.78
19/04/2025 09:15;486.78
19/04/2025 09:30;486.77
19/04/2025 09:45;486.77
19/04/2025 10:00;486.77
19/04/2025 10:15;486.77
19/04/2025 10:30;486.77
19/04/2025 10:45;486.76
19/04/2025 11:00;486.77
19/04/2025 11:15;486.77
19/04/2025 11:30;486.77
19/04/2025 11:45;486.77
19/04/2025 12:00;486.77
19/04/2025 12:15;486.77
19/04/2025 12:30;486.78
19/04/2025 12:45;486.78
19/04/2025 13:00;486.78
19/04/2025 13:15;486.78
19/04/2025 13:30;486.78
19/04/2025 13:45;486.79
19/04/2025 14:00;486.79
19/04/2025 14:15;486.79
19/04/2025 14:30;486.79
19/04/2025 14:45;486.8
19/04/2025 15:00;486.8
19/04/2025 15:15;486.81
19/04/2025 15:30;486.81
19/04/2025 15:45;486.82
19/04/2025 16:00;486.82
19/04/2025 16:15;486.83
19/04/2025 16:30;486.83
19/04/2025 16:45;486.84
19/04/2025 17:00;486.85
19/04/2025 17:15;486.85
19/04/2025 17:30;486.86
19/04/2025 17:45;486.87
19/04/2025 18:00;486.87
19/04/2025 18:15;486.88
19/04/2025 18:30;486.89
19/04/2025 18:45;486.9
19/04/2025 19:00;486.92
19/04/2025 19:15;486.93
19/04/2025 19:30;486.93
19/04/2025 19:45;486.95
19/04/2025 20:00;486.95
19/04/2025 20:15;486.96
19/04/2025 20:30;486.97
19/04/2025 20:45;486.98
19/04/2025 21:00;486.99
19/04/2025 21:15;486.99
19/04/2025 21:30;487
19/04/2025 21:45;487.01
19/04/2025 22:00;487.02
19/04/2025 22:15;487.02
19/04/2025 22:30;487.03
19/04/2025 22:45;487.04
19/04/2025 23:00;487.04
19/04/2025 23:15;487.05
19/04/2025 23:30;487.06
19/04/2025 23:45;487.06
20/04/2025 00:00;487.07
20/04/2025 00:15;487.07
20/04/2025 00:30;487.08
20/04/2025 00:45;487.08
20/04/2025 01:00;487.08
20/04/2025 01:15;487.09
20/04/2025 01:30;487.1
20/04/2025 01:45;487.1
20/04/2025 02:00;487.11
20/04/2025 02:15;487.11
20/04/2025 02:30;487.11
20/04/2025 02:45;487.12
20/04/2025 03:00;487.12
20/04/2025 03:15;487.13
20/04/2025 03:30;487.13
20/04/2025 03:45;487.13
20/04/2025 04:00;487.14
20/04/2025 04:15;487.14
20/04/2025 04:30;487.14
20/04/2025 04:45;487.15
20/04/2025 05:00;487.16
20/04/2025 05:15;487.16
20/04/2025 05:30;487.16
20/04/2025 05:45;487.17
20/04/2025 06:00;487.17
20/04/2025 06:15;487.17
20/04/2025 06:30;487.18
20/04/2025 06:45;487.18
20/04/2025 07:00;487.18
20/04/2025 07:15;487.19
20/04/2025 07:30;487.19
20/04/2025 07:45;487.19
20/04/2025 08:00;487.2
20/04/2025 08:15;487.2
20/04/2025 08:30;487.2
20/04/2025 08:45;487.21
20/04/2025 09:00;487.21
20/04/2025 09:15;487.21
20/04/2025 09:30;487.22
20/04/2025 09:45;487.22
20/04/2025 10:00;487.22
20/04/2025 10:15;487.22
20/04/2025 10:30;487.22
20/04/2025 10:45;487.23
20/04/2025 11:00;487.23
20/04/2025 11:15;487.23
20/04/2025 11:30;487.24
20/04/2025 11:45;487.24
20/04/2025 12:00;487.24
20/04/2025 12:15;487.24
20/04/2025 12:30;487.24
20/04/2025 12:45;487.25
20/04/2025 13:00;487.25
20/04/2025 13:15;487.25
20/04/2025 13:30;487.25
20/04/2025 13:45;487.25
20/04/2025 14:00;487.25
20/04/2025 14:15;487.26
20/04/2025 14:30;487.26
20/04/2025 14:45;487.26
20/04/2025 15:00;487.26
20/04/2025 15:15;487.26
20/04/2025 15:30;487.26
20/04/2025 15:45;487.26
20/04/2025 16:00;487.27
20/04/2025 16:15;487.27
20/04/2025 16:30;487.28
20/04/2025 16:45;487.28
20/04/2025 17:00;487.28
20/04/2025 17:15;487.28
20/04/2025 17:30;487.28
20/04/2025 17:45;487.28
20/04/2025 18:00;487.28
20/04/2025 18:15;487.29
20/04/2025 18:30;487.29
20/04/2025 18:45;487.29
20/04/2025 19:00;487.29
20/04/2025 19:15;487.29
20/04/2025 19:30;487.29
20/04/2025 19:45;487.3
20/04/2025 20:00;487.3
20/04/2025 20:15;487.3
20/04/2025 20:30;487.3
20/04/2025 20:45;487.3
20/04/2025 21:00;487.3
20/04/2025 21:15;487.3
20/04/2025 21:30;487.3
20/04/2025 21:45;487.3
20/04/2025 22:00;487.3
20/04/2025 22:15;487.3
20/04/2025 22:30;487.31
20/04/2025 22:45;487.31
20/04/2025 23:00;487.2
20/04/2025 23:15;487.31
20/04/2025 23:30;487.31
20/04/2025 23:45;487.31
21/04/2025 00:00;487.31
21/04/2025 00:15;487.31
21/04/2025 00:30;487.31
21/04/2025 00:45;487.31
21/04/2025 01:00;487.31
21/04/2025 01:15;487.31
21/04/2025 01:30;487.31
21/04/2025 01:45;487.32
21/04/2025 02:00;487.32
21/04/2025 02:15;487.32
21/04/2025 02:30;487.32
21/04/2025 02:45;487.32
21/04/2025 03:00;487.32
21/04/2025 03:15;487.32
21/04/2025 03:30;487.32
21/04/2025 03:45;487.32
21/04/2025 04:00;487.32
21/04/2025 04:15;487.32
21/04/2025 04:30;487.32
21/04/2025 04:45;487.32
21/04/2025 05:00;487.32
21/04/2025 05:15;487.32
21/04/2025 05:30;487.32
21/04/2025 05:45;487.32
21/04/2025 06:00;487.33
21/04/2025 06:15;487.33
21/04/2025 06:30;487.33
21/04/2025 06:45;487.33
21/04/2025 07:00;487.33
21/04/2025 07:15;487.33
21/04/2025 07:30;487.33
21/04/2025 07:45;487.33
21/04/2025 08:00;487.33
21/04/2025 08:15;487.33
21/04/2025 08:30;487.33
21/04/2025 08:45;487.33
21/04/2025 09:00;487.33
21/04/2025 09:15;487.33
21/04/2025 09:30;487.33
21/04/2025 09:45;487.33
21/04/2025 10:00;487.33
21/04/2025 10:15;487.33
21/04/2025 10:30;487.33
21/04/2025 10:45;487.33
21/04/2025 11:00;487.33
21/04/2025 11:15;487.33
21/04/2025 11:30;487.33
21/04/2025 11:45;487.34
21/04/2025 12:00;487.34
21/04/2025 12:15;487.33
21/04/2025 12:30;487.33
21/04/2025 12:45;487.33
21/04/2025 13:00;487.34
21/04/2025 13:15;487.34
21/04/2025 13:30;487.34
21/04/2025 13:45;487.34
21/04/2025 14:00;487.34
21/04/2025 14:15;487.33
21/04/2025 14:30;487.33
21/04/2025 14:45;487.33
21/04/2025 15:00;487.33
21/04/2025 15:15;487.33
21/04/2025 15:30;487.33
21/04/2025 15:45;487.33
21/04/2025 16:00;487.33
21/04/2025 16:15;487.33
21/04/2025 16:30;487.33
21/04/2025 16:45;487.33
21/04/2025 17:00;487.33
21/04/2025 17:15;487.33
21/04/2025 17:30;487.33
21/04/2025 17:45;487.33
21/04/2025 18:00;487.33
21/04/2025 18:15;487.32
21/04/2025 18:30;487.33
21/04/2025 18:45;487.33
21/04/2025 19:00;487.33
21/04/2025 19:15;487.33
21/04/2025 19:30;487.33
21/04/2025 19:45;487.33
21/04/2025 20:00;487.33
21/04/2025 20:15;487.32
21/04/2025 20:30;487.32
21/04/2025 20:45;487.32
21/04/2025 21:00;487.32
21/04/2025 21:15;487.32
21/04/2025 21:30;487.32
21/04/2025 21:45;487.32
21/04/2025 22:00;487.32
21/04/2025 22:15;487.32
21/04/2025 22:30;487.32
21/04/2025 22:45;487.32
21/04/2025 23:00;487.32
21/04/2025 23:15;487.32
21/04/2025 23:30;487.32
21/04/2025 23:45;487.32
22/04/2025 00:00;487.32
22/04/2025 00:15;487.32
22/04/2025 00:30;487.32
22/04/2025 00:45;487.32
22/04/2025 01:00;487.32
22/04/2025 01:15;487.32
22/04/2025 01:30;487.32
22/04/2025 01:45;487.32
22/04/2025 02:00;487.32
22/04/2025 02:15;487.31
22/04/2025 02:30;487.31
22/04/2025 02:45;487.31
22/04/2025 03:00;487.31
22/04/2025 03:15;487.31
22/04/2025 03:30;487.31
22/04/2025 03:45;487.31
22/04/2025 04:00;487.31
22/04/2025 04:15;487.31
22/04/2025 04:30;487.31
22/04/2025 04:45;487.31
22/04/2025 05:00;487.32
22/04/2025 05:15;487.31
22/04/2025 05:30;487.31
22/04/2025 05:45;487.31
22/04/2025 06:00;487.31
22/04/2025 06:15;487.31
22/04/2025 06:30;487.31
22/04/2025 06:45;487.31
22/04/2025 07:00;487.31
22/04/2025 07:15;487.31
22/04/2025 07:30;487.31
22/04/2025 07:45;487.31
22/04/2025 08:00;487.31
22/04/2025 08:15;487.31
22/04/2025 08:30;487.31
22/04/2025 08:45;487.31
22/04/2025 09:00;487.31
22/04/2025 09:15;487.31
22/04/2025 09:30;487.31
22/04/2025 09:45;487.31
22/04/2025 10:00;487.31
22/04/2025 10:15;487.31
22/04/2025 10:30;487.31
22/04/2025 10:45;487.31
22/04/2025 11:00;487.31
22/04/2025 11:15;487.31
22/04/2025 11:30;487.31
22/04/2025 11:45;487.31
22/04/2025 12:00;487.31
22/04/2025 12:15;487.31
22/04/2025 12:30;487.31
22/04/2025 12:45;487.31
22/04/2025 13:00;487.31
22/04/2025 13:15;487.31
22/04/2025 13:30;487.31
22/04/2025 13:45;487.31
22/04/2025 14:00;487.31
22/04/2025 14:15;487.3
22/04/2025 14:30;487.3
22/04/2025 14:45;487.3
22/04/2025 15:00;487.3
22/04/2025 15:15;487.3
22/04/2025 15:30;487.3
22/04/2025 15:45;487.3
22/04/2025 16:00;487.3
22/04/2025 16:15;487.3
22/04/2025 16:30;487.3
22/04/2025 16:45;487.3
22/04/2025 17:00;487.3
22/04/2025 17:15;487.3
22/04/2025 17:30;487.3
22/04/2025 17:45;487.3
22/04/2025 18:00;487.3
22/04/2025 18:15;487.3
22/04/2025 18:30;487.3
22/04/2025 18:45;487.3
22/04/2025 19:00;487.31
22/04/2025 19:15;487.31
22/04/2025 19:30;487.31
22/04/2025 19:45;487.3
22/04/2025 20:00;487.31
22/04/2025 20:15;487.3
22/04/2025 20:30;487.31
22/04/2025 20:45;487.3
22/04/2025 21:00;487.3
22/04/2025 21:15;487.3
22/04/2025 21:30;487.3
22/04/2025 21:45;487.31
22/04/2025 22:00;487.31
22/04/2025 22:15;487.31
22/04/2025 22:30;487.31
22/04/2025 22:45;487.31
22/04/2025 23:00;487.31
22/04/2025 23:15;487.31
22/04/2025 23:30;487.31
22/04/2025 23:45;487.31
23/04/2025 00:00;487.31
23/04/2025 00:15;487.31
23/04/2025 00:30;487.31
23/04/2025 00:45;487.31
23/04/2025 01:00;487.31
23/04/2025 01:15;487.31
23/04/2025 01:30;487.31
23/04/2025 01:45;487.31
23/04/2025 02:00;487.31
23/04/2025 02:15;487.31
23/04/2025 02:30;487.31
23/04/2025 02:45;487.31
23/04/2025 03:00;487.32
23/04/2025 03:15;487.32
23/04/2025 03:30;487.32
23/04/2025 03:45;487.32
23/04/2025 04:00;487.32
23/04/2025 04:15;487.32
23/04/2025 04:30;487.32
23/04/2025 04:45;487.32
23/04/2025 05:00;487.32
23/04/2025 05:15;487.32
23/04/2025 05:30;487.32
23/04/2025 05:45;487.32
23/04/2025 06:00;487.32
23/04/2025 06:15;487.32
23/04/2025 06:30;487.32
23/04/2025 06:45;487.32
23/04/2025 07:00;487.32
23/04/2025 07:15;487.32
23/04/2025 07:30;487.32
23/04/2025 07:45;487.32
23/04/2025 08:00;487.32
23/04/2025 08:15;487.32
23/04/2025 08:30;487.32
23/04/2025 08:45;487.32
23/04/2025 09:00;487.32
23/04/2025 09:15;487.32
23/04/2025 09:30;487.32
23/04/2025 09:45;487.32
23/04/2025 10:00;487.32
23/04/2025 10:15;487.32
23/04/2025 10:30;487.32
23/04/2025 10:45;487.32
23/04/2025 11:00;487.33
23/04/2025 11:15;487.33
23/04/2025 11:30;487.33
23/04/2025 11:45;487.33
23/04/2025 12:00;487.33
23/04/2025 12:15;487.33
23/04/2025 12:30;487.33
23/04/2025 12:45;487.33
23/04/2025 13:00;487.33
23/04/2025 13:15;487.33
23/04/2025 13:30;487.33
23/04/2025 13:45;487.33
23/04/2025 14:00;487.33
23/04/2025 14:15;487.33
23/04/2025 14:30;487.33
23/04/2025 14:45;487.33
23/04/2025 15:00;487.33
23/04/2025 15:15;487.33
23/04/2025 15:30;487.33
23/04/2025 15:45;487.33
23/04/2025 16:00;487.33
23/04/2025 16:15;487.33
23/04/2025 16:30;487.33
23/04/2025 16:45;487.32
23/04/2025 17:00;487.32
23/04/2025 17:15;487.32
23/04/2025 17:30;487.32
23/04/2025 17:45;487.32
23/04/2025 18:00;487.32
23/04/2025 18:15;487.33
23/04/2025 18:30;487.32
23/04/2025 18:45;487.32
23/04/2025 19:00;487.32
23/04/2025 19:15;487.32
23/04/2025 19:30;487.32
23/04/2025 19:45;487.32
23/04/2025 20:00;487.32
23/04/2025 20:15;487.32
23/04/2025 20:30;487.32
23/04/2025 20:45;487.32
23/04/2025 21:00;487.31
23/04/2025 21:15;487.32
23/04/2025 21:30;487.32
23/04/2025 21:45;487.31
23/04/2025 22:00;487.31
23/04/2025 22:15;487.31
23/04/2025 22:30;487.31
23/04/2025 22:45;487.31
23/04/2025 23:00;487.31
23/04/2025 23:15;487.31
23/04/2025 23:30;487.31
23/04/2025 23:45;487.31
24/04/2025 00:00;487.3
24/04/2025 00:15;487.3
24/04/2025 00:30;487.3
24/04/2025 00:45;487.3
24/04/2025 01:00;487.3
24/04/2025 01:15;487.3
24/04/2025 01:30;487.3
24/04/2025 01:45;487.3
24/04/2025 02:00;487.3
24/04/2025 02:15;487.3
24/04/2025 02:30;487.3
24/04/2025 02:45;487.29
24/04/2025 03:00;487.29
24/04/2025 03:15;487.29
24/04/2025 03:30;487.29
24/04/2025 03:45;487.29
24/04/2025 04:00;487.28
24/04/2025 04:15;487.28
24/04/2025 04:30;487.28
24/04/2025 04:45;487.28
24/04/2025 05:00;487.28
24/04/2025 05:15;487.28
24/04/2025 05:30;487.28
24/04/2025 05:45;487.28
24/04/2025 06:00;487.28
24/04/2025 06:15;487.28
24/04/2025 06:30;487.28
24/04/2025 06:45;487.28
24/04/2025 07:00;487.28
24/04/2025 07:15;487.28
24/04/2025 07:30;487.28
24/04/2025 07:45;487.28
24/04/2025 08:00;487.27
24/04/2025 08:15;487.27
24/04/2025 08:30;487.27
24/04/2025 08:45;487.27
24/04/2025 09:00;487.27
24/04/2025 09:15;487.27
24/04/2025 09:30;487.27
24/04/2025 09:45;487.27
24/04/2025 10:00;487.27
24/04/2025 10:15;487.27
24/04/2025 10:30;487.27
24/04/2025 10:45;487.27
24/04/2025 11:00;487.27
24/04/2025 11:15;487.27
24/04/2025 11:30;487.27
24/04/2025 11:45;487.27
24/04/2025 12:00;487.27
24/04/2025 12:15;487.27
24/04/2025 12:30;487.27
24/04/2025 12:45;487.27
24/04/2025 13:00;487.27
24/04/2025 13:15;487.27
24/04/2025 13:30;487.27
24/04/2025 13:45;487.28
24/04/2025 14:00;487.28
24/04/2025 14:15;487.28
24/04/2025 14:30;487.28
24/04/2025 14:45;487.28
24/04/2025 15:00;487.28
24/04/2025 15:15;487.28
24/04/2025 15:30;487.28
24/04/2025 15:45;487.28
24/04/2025 16:00;487.28
24/04/2025 16:15;487.28
24/04/2025 16:30;487.28
24/04/2025 16:45;487.28
24/04/2025 17:00;487.28
24/04/2025 17:15;487.28
24/04/2025 17:30;487.28
24/04/2025 17:45;487.28
24/04/2025 18:00;487.28
24/04/2025 18:15;487.28
24/04/2025 18:30;487.28
24/04/2025 18:45;487.28
24/04/2025 19:00;487.28
24/04/2025 19:15;487.28
24/04/2025 19:30;487.28
24/04/2025 19:45;487.28
24/04/2025 20:00;487.28
24/04/2025 20:15;487.28
24/04/2025 20:30;487.28
24/04/2025 20:45;487.28
24/04/2025 21:00;487.28
24/04/2025 21:15;487.28
24/04/2025 21:30;487.28
24/04/2025 21:45;487.28
24/04/2025 22:00;487.28
24/04/2025 22:15;487.28
24/04/2025 22:30;487.28
24/04/2025 22:45;487.28
24/04/2025 23:00;487.28
24/04/2025 23:15;487.28
24/04/2025 23:30;487.28
24/04/2025 23:45;487.28
25/04/2025 00:00;487.28
25/04/2025 00:15;487.28
25/04/2025 00:30;487.28
25/04/2025 00:45;487.28
25/04/2025 01:00;487.28
25/04/2025 01:15;487.28
25/04/2025 01:30;487.28
25/04/2025 01:45;487.28
25/04/2025 02:00;487.28
25/04/2025 02:15;487.28
25/04/2025 02:30;487.28
25/04/2025 02:45;487.28
25/04/2025 03:00;487.28
25/04/2025 03:15;487.28
25/04/2025 03:30;487.28
25/04/2025 03:45;487.28
25/04/2025 04:00;487.28
25/04/2025 04:15;487.28
25/04/2025 04:30;487.28
25/04/2025 04:45;487.28
25/04/2025 05:00;487.28
25/04/2025 05:15;487.28
25/04/2025 05:30;487.29
25/04/2025 05:45;487.29
25/04/2025 06:00;487.29
25/04/2025 06:15;487.28
25/04/2025 06:30;487.28
25/04/2025 06:45;487.28
25/04/2025 07:00;487.29
25/04/2025 07:15;487.29
25/04/2025 07:30;487.29
25/04/2025 07:45;487.29
25/04/2025 08:00;487.29
25/04/2025 08:15;487.29
25/04/2025 08:30;487.29
25/04/2025 08:45;487.29
25/04/2025 09:00;487.29
25/04/2025 09:15;487.29
25/04/2025 09:30;487.29
25/04/2025 09:45;487.29
25/04/2025 10:00;487.29
25/04/2025 10:15;487.29
25/04/2025 10:30;487.29
25/04/2025 10:45;487.29
25/04/2025 11:00;487.29
25/04/2025 11:15;487.29
25/04/2025 11:30;487.3
25/04/2025 11:45;487.3
25/04/2025 12:00;487.3
25/04/2025 12:15;487.3
25/04/2025 12:30;487.3
25/04/2025 12:45;487.3
25/04/2025 13:00;487.3
25/04/2025 13:15;487.3
25/04/2025 13:30;487.3
25/04/2025 13:45;487.3
25/04/2025 14:00;487.3
25/04/2025 14:15;487.3
25/04/2025 14:30;487.3
25/04/2025 14:45;487.3
25/04/2025 15:00;487.3
25/04/2025 15:15;487.3
25/04/2025 15:30;487.3
25/04/2025 15:45;487.3
25/04/2025 16:00;487.3
25/04/2025 16:15;487.3
25/04/2025 16:30;487.3
25/04/2025 16:45;487.3
25/04/2025 17:00;487.3
25/04/2025 17:15;487.3
25/04/2025 17:30;487.3
25/04/2025 17:45;487.3
25/04/2025 18:00;487.3
25/04/2025 18:15;487.29
25/04/2025 18:30;487.29
25/04/2025 18:45;487.29
25/04/2025 19:00;487.29
25/04/2025 19:15;487.29
25/04/2025 19:30;487.29
25/04/2025 19:45;487.29
25/04/2025 20:00;487.29
25/04/2025 20:15;487.29
25/04/2025 20:30;487.29
25/04/2025 20:45;487.29
25/04/2025 21:00;487.29
25/04/2025 21:15;487.29
25/04/2025 21:30;487.29
25/04/2025 21:45;487.29
25/04/2025 22:00;487.29
25/04/2025 22:15;487.29
25/04/2025 22:30;487.29
25/04/2025 22:45;487.29
25/04/2025 23:00;487.29
25/04/2025 23:15;487.29
25/04/2025 23:30;487.28
25/04/2025 23:45;487.28
26/04/2025 00:00;487.28
26/04/2025 00:15;487.28
26/04/2025 00:30;487.28
26/04/2025 00:45;487.28
26/04/2025 01:00;487.28
26/04/2025 01:15;487.28
26/04/2025 01:30;487.29
26/04/2025 01:45;487.28
26/04/2025 02:00;487.28
26/04/2025 02:15;487.28
26/04/2025 02:30;487.28
26/04/2025 02:45;487.28
26/04/2025 03:00;487.28
26/04/2025 03:15;487.28
26/04/2025 03:30;487.28
26/04/2025 03:45;487.28
26/04/2025 04:00;487.28
26/04/2025 04:15;487.28
26/04/2025 04:30;487.28
26/04/2025 04:45;487.28
26/04/2025 05:00;487.28
26/04/2025 05:15;487.28
26/04/2025 05:30;487.28
26/04/2025 05:45;487.28
26/04/2025 06:00;487.28
26/04/2025 06:15;487.28
26/04/2025 06:30;487.28
26/04/2025 06:45;487.28
26/04/2025 07:00;487.27
26/04/2025 07:15;487.28
26/04/2025 07:30;487.28
26/04/2025 07:45;487.27
26/04/2025 08:00;487.27
26/04/2025 08:15;487.28
26/04/2025 08:30;487.28
26/04/2025 08:45;487.27
26/04/2025 09:00;487.28
26/04/2025 09:15;487.27
26/04/2025 09:30;487.27
26/04/2025 09:45;487.27
26/04/2025 10:00;487.28
26/04/2025 10:15;487.28
26/04/2025 10:30;487.27
26/04/2025 10:45;487.27
26/04/2025 11:00;487.27
26/04/2025 11:15;487.28
26/04/2025 11:30;487.27
26/04/2025 11:45;487.27
26/04/2025 12:00;487.27
26/04/2025 12:15;487.28
26/04/2025 12:30;487.27
26/04/2025 12:45;487.27
26/04/2025 13:00;487.27
26/04/2025 13:15;487.27
26/04/2025 13:30;487.27
26/04/2025 13:45;487.27
26/04/2025 14:00;487.27
26/04/2025 14:15;487.27
26/04/2025 14:30;487.27
26/04/2025 14:45;487.27
26/04/2025 15:00;487.27
26/04/2025 15:15;487.27
26/04/2025 15:30;487.27
26/04/2025 15:45;487.27
26/04/2025 16:00;487.27
26/04/2025 16:15;487.27
26/04/2025 16:30;487.26
26/04/2025 16:45;487.27
26/04/2025 17:00;487.27
26/04/2025 17:15;487.27
26/04/2025 17:30;487.27
26/04/2025 17:45;487.27
26/04/2025 18:00;487.27
26/04/2025 18:15;487.26
26/04/2025 18:30;487.26
26/04/2025 18:45;487.26
26/04/2025 19:00;487.27
26/04/2025 19:15;487.27
26/04/2025 19:30;487.27
26/04/2025 19:45;487.26
26/04/2025 20:00;487.26
26/04/2025 20:15;487.26
26/04/2025 20:30;487.26
26/04/2025 20:45;487.26
26/04/2025 21:00;487.26
26/04/2025 21:15;487.26
26/04/2025 21:30;487.26
26/04/2025 21:45;487.26
26/04/2025 22:00;487.26
26/04/2025 22:15;487.26
26/04/2025 22:30;487.26
26/04/2025 22:45;487.26
26/04/2025 23:00;487.26
26/04/2025 23:15;487.26
26/04/2025 23:30;487.26
26/04/2025 23:45;487.26
27/04/2025 00:00;487.26
27/04/2025 00:15;487.26
27/04/2025 00:30;487.25
27/04/2025 00:45;487.25
27/04/2025 01:00;487.25
27/04/2025 01:15;487.25
27/04/2025 01:30;487.25
27/04/2025 01:45;487.25
27/04/2025 02:00;487.25
27/04/2025 02:15;487.25
27/04/2025 02:30;487.25
27/04/2025 02:45;487.25
27/04/2025 03:00;487.25
27/04/2025 03:15;487.25
27/04/2025 03:30;487.25
27/04/2025 03:45;487.25
27/04/2025 04:00;487.25
27/04/2025 04:15;487.25
27/04/2025 04:30;487.25
27/04/2025 04:45;487.25
27/04/2025 05:00;487.25
27/04/2025 05:15;487.25
27/04/2025 05:30;487.25
27/04/2025 05:45;487.25
27/04/2025 06:00;487.25
27/04/2025 06:15;487.25
27/04/2025 06:30;487.25
27/04/2025 06:45;487.25
27/04/2025 07:00;487.25
27/04/2025 07:15;487.25
27/04/2025 07:30;487.25
27/04/2025 07:45;487.25
27/04/2025 08:00;487.25
27/04/2025 08:15;487.25
27/04/2025 08:30;487.25
27/04/2025 08:45;487.25
27/04/2025 09:00;487.25
27/04/2025 09:15;487.25
27/04/2025 09:30;487.25
27/04/2025 09:45;487.25
27/04/2025 10:00;487.25
27/04/2025 10:15;487.25
27/04/2025 10:30;487.25
27/04/2025 10:45;487.25
27/04/2025 11:00;487.25
27/04/2025 11:15;487.25
27/04/2025 11:30;487.25
27/04/2025 11:45;487.25
27/04/2025 12:00;487.25
27/04/2025 12:15;487.25
27/04/2025 12:30;487.25
27/04/2025 12:45;487.25
27/04/2025 13:00;487.25
27/04/2025 13:15;487.26
27/04/2025 13:30;487.25
27/04/2025 13:45;487.25
27/04/2025 14:00;487.25
27/04/2025 14:15;487.25
27/04/2025 14:30;487.25
27/04/2025 14:45;487.26
27/04/2025 15:00;487.26
27/04/2025 15:15;487.26
27/04/2025 15:30;487.26
27/04/2025 15:45;487.26
27/04/2025 16:00;487.26
27/04/2025 16:15;487.26
27/04/2025 16:30;487.26
27/04/2025 16:45;487.27
27/04/2025 17:00;487.26
27/04/2025 17:15;487.26
27/04/2025 17:30;487.26
27/04/2025 17:45;487.26
27/04/2025 18:00;487.27
27/04/2025 18:15;487.27
27/04/2025 18:30;487.27
27/04/2025 18:45;487.27
27/04/2025 19:00;487.27
27/04/2025 19:15;487.27
27/04/2025 19:30;487.27
27/04/2025 19:45;487.27
27/04/2025 20:00;487.27
27/04/2025 20:15;487.27
27/04/2025 20:30;487.27
27/04/2025 20:45;487.27
27/04/2025 21:00;487.28
27/04/2025 21:15;487.28
27/04/2025 21:30;487.28
27/04/2025 21:45;487.28
27/04/2025 22:00;487.28
27/04/2025 22:15;487.28
27/04/2025 22:30;487.28
27/04/2025 22:45;487.28
27/04/2025 23:00;487.28
27/04/2025 23:15;487.27
27/04/2025 23:30;487.28
27/04/2025 23:45;487.28
28/04/2025 00:00;487.28
28/04/2025 00:15;487.28
28/04/2025 00:30;487.28
28/04/2025 00:45;487.28
28/04/2025 01:00;487.28
28/04/2025 01:15;487.28
28/04/2025 01:30;487.28
28/04/2025 01:45;487.28
28/04/2025 02:00;487.28
28/04/2025 02:15;487.28
28/04/2025 02:30;487.28
28/04/2025 02:45;487.28
28/04/2025 03:00;487.28
28/04/2025 03:15;487.28
28/04/2025 03:30;487.28
28/04/2025 03:45;487.28
28/04/2025 04:00;487.28
28/04/2025 04:15;487.28
28/04/2025 04:30;487.28
28/04/2025 04:45;487.27
28/04/2025 05:00;487.28
28/04/2025 05:15;487.28
28/04/2025 05:30;487.28
28/04/2025 05:45;487.28
28/04/2025 06:00;487.28
28/04/2025 06:15;487.28
28/04/2025 06:30;487.28
28/04/2025 06:45;487.28
28/04/2025 07:00;487.28
28/04/2025 07:15;487.28
28/04/2025 07:30;487.28
28/04/2025 07:45;487.28
28/04/2025 08:00;487.28
28/04/2025 08:15;487.27
28/04/2025 08:30;487.28
28/04/2025 08:45;487.27
28/04/2025 09:00;487.28
28/04/2025 09:15;487.28
28/04/2025 09:30;487.28
28/04/2025 09:45;487.28
28/04/2025 10:00;487.28
28/04/2025 10:15;487.28
28/04/2025 10:30;487.28
28/04/2025 10:45;487.28
28/04/2025 11:00;487.28
28/04/2025 11:15;487.28
28/04/2025 11:30;487.28
28/04/2025 11:45;487.28
28/04/2025 12:00;487.28
28/04/2025 12:15;487.28
28/04/2025 12:30;487.28
28/04/2025 12:45;487.29
28/04/2025 13:00;487.29
28/04/2025 13:15;487.29
28/04/2025 13:30;487.29
28/04/2025 13:45;487.29
28/04/2025 14:00;487.29
28/04/2025 14:15;487.29
28/04/2025 14:30;487.29
28/04/2025 14:45;487.29
28/04/2025 15:00;487.3
28/04/2025 15:15;487.3
28/04/2025 15:30;487.3
28/04/2025 15:45;487.3
28/04/2025 16:00;487.3
28/04/2025 16:15;487.3
28/04/2025 16:30;487.3
28/04/2025 16:45;487.3
28/04/2025 17:00;487.3
28/04/2025 17:15;487.3
28/04/2025 17:30;487.3
28/04/2025 17:45;487.3
28/04/2025 18:00;487.3
28/04/2025 18:15;487.3
28/04/2025 18:30;487.3
28/04/2025 18:45;487.3
28/04/2025 19:00;487.31
28/04/2025 19:15;487.31
28/04/2025 19:30;487.31
28/04/2025 19:45;487.31
28/04/2025 20:00;487.31
28/04/2025 20:15;487.31
28/04/2025 20:30;487.31
28/04/2025 20:45;487.31
28/04/2025 21:00;487.31
28/04/2025 21:15;487.31
28/04/2025 21:30;487.31
28/04/2025 21:45;487.31
28/04/2025 22:00;487.31
28/04/2025 22:15;487.31
28/04/2025 22:30;487.31
28/04/2025 22:45;487.31
28/04/2025 23:00;487.31
28/04/2025 23:15;487.31
28/04/2025 23:30;487.31
28/04/2025 23:45;487.31
29/04/2025 00:00;487.31
29/04/2025 00:15;487.31
29/04/2025 00:30;487.31
29/04/2025 00:45;487.32
29/04/2025 01:00;487.32
29/04/2025 01:15;487.32
29/04/2025 01:30;487.32
29/04/2025 01:45;487.32
29/04/2025 02:00;487.32
29/04/2025 02:15;487.32
29/04/2025 02:30;487.32
29/04/2025 02:45;487.32
29/04/2025 03:00;487.32
29/04/2025 03:15;487.32
29/04/2025 03:30;487.32
29/04/2025 03:45;487.32
29/04/2025 04:00;487.33
29/04/2025 04:15;487.32
29/04/2025 04:30;487.33
29/04/2025 04:45;487.33
29/04/2025 05:00;487.33
29/04/2025 05:15;487.33
29/04/2025 05:30;487.33
29/04/2025 05:45;487.33
29/04/2025 06:00;487.33
29/04/2025 06:15;487.33
29/04/2025 06:30;487.33
29/04/2025 06:45;487.33
29/04/2025 07:00;487.33
29/04/2025 07:15;487.34
29/04/2025 07:30;487.34
29/04/2025 07:45;487.34
29/04/2025 08:00;487.34
29/04/2025 08:15;487.34
29/04/2025 08:30;487.34
29/04/2025 08:45;487.34
29/04/2025 09:00;487.34
29/04/2025 09:15;487.34
29/04/2025 09:30;487.34
29/04/2025 09:45;487.34
29/04/2025 10:00;487.34
29/04/2025 10:15;487.34
29/04/2025 10:30;487.34
29/04/2025 10:45;487.34
29/04/2025 11:00;487.35
29/04/2025 11:15;487.35
29/04/2025 11:30;487.35
29/04/2025 11:45;487.35
29/04/2025 12:00;487.35
29/04/2025 12:15;487.35
29/04/2025 12:30;487.35
29/04/2025 12:45;487.35
29/04/2025 13:00;487.35
29/04/2025 13:15;487.35
29/04/2025 13:30;487.35
29/04/2025 13:45;487.35
29/04/2025 14:00;487.35
29/04/2025 14:15;487.35
29/04/2025 14:30;487.35
29/04/2025 14:45;487.35
29/04/2025 15:00;487.35
29/04/2025 15:15;487.35
29/04/2025 15:30;487.35
29/04/2025 15:45;487.35
29/04/2025 16:00;487.35
29/04/2025 16:15;487.35
29/04/2025 16:30;487.35
29/04/2025 16:45;487.35
29/04/2025 17:00;487.35
29/04/2025 17:15;487.35
29/04/2025 17:30;487.35
29/04/2025 17:45;487.35
29/04/2025 18:00;487.35
29/04/2025 18:15;487.35
29/04/2025 18:30;487.35
29/04/2025 18:45;487.35
29/04/2025 19:00;487.35
29/04/2025 19:15;487.35
29/04/2025 19:30;487.35
29/04/2025 19:45;487.35
29/04/2025 20:00;487.35
29/04/2025 20:15;487.36
29/04/2025 20:30;487.35
29/04/2025 20:45;487.35
29/04/2025 21:00;487.36
29/04/2025 21:15;487.35
29/04/2025 21:30;487.35
29/04/2025 21:45;487.35
29/04/2025 22:00;487.35
29/04/2025 22:15;487.36
29/04/2025 22:30;487.35
29/04/2025 22:45;487.35
29/04/2025 23:00;487.35
29/04/2025 23:15;487.35
29/04/2025 23:30;487.35
29/04/2025 23:45;487.35
30/04/2025 00:00;487.35
30/04/2025 00:15;487.35
30/04/2025 00:30;487.35
30/04/2025 00:45;487.35
30/04/2025 01:00;487.35
30/04/2025 01:15;487.35
30/04/2025 01:30;487.35
30/04/2025 01:45;487.35
30/04/2025 02:00;487.35
30/04/2025 02:15;487.35
30/04/2025 02:30;487.35
30/04/2025 02:45;487.35
30/04/2025 03:00;487.35
30/04/2025 03:15;487.35
30/04/2025 03:30;487.35
30/04/2025 03:45;487.35
30/04/2025 04:00;487.35
30/04/2025 04:15;487.35
30/04/2025 04:30;487.35
30/04/2025 04:45;487.35
30/04/2025 05:00;487.35
30/04/2025 05:15;487.35
30/04/2025 05:30;487.35
30/04/2025 05:45;487.35
30/04/2025 06:00;487.35
30/04/2025 06:15;487.35
30/04/2025 06:30;487.35
30/04/2025 06:45;487.35
30/04/2025 07:00;487.35
30/04/2025 07:15;487.35
30/04/2025 07:30;487.35
30/04/2025 07:45;487.35
30/04/2025 08:00;487.35
30/04/2025 08:15;487.35
30/04/2025 08:30;487.35
30/04/2025 08:45;487.35
30/04/2025 09:00;487.35
30/04/2025 09:15;487.35
30/04/2025 09:30;487.35
30/04/2025 09:45;487.35
30/04/2025 10:00;487.35
30/04/2025 10:15;487.35
30/04/2025 10:30;487.35
30/04/2025 10:45;487.35
30/04/2025 11:00;487.35
30/04/2025 11:15;487.35
30/04/2025 11:30;487.35
30/04/2025 11:45;487.35
30/04/2025 12:00;487.35
30/04/2025 12:15;487.35
30/04/2025 12:30;487.35
30/04/2025 12:45;487.35
30/04/2025 13:00;487.35
30/04/2025 13:15;487.35
30/04/2025 13:30;487.35
30/04/2025 13:45;487.35
30/04/2025 14:00;487.34
30/04/2025 14:15;487.35
30/04/2025 14:30;487.35
30/04/2025 14:45;487.34
30/04/2025 15:00;487.35
30/04/2025 15:15;487.35
30/04/2025 15:30;487.34
30/04/2025 15:45;487.34
30/04/2025 16:00;487.34
30/04/2025 16:15;487.34
30/04/2025 16:30;487.34
30/04/2025 16:45;487.34
30/04/2025 17:00;487.34
30/04/2025 17:15;487.34
30/04/2025 17:30;487.34
30/04/2025 17:45;487.34
30/04/2025 18:00;487.34
30/04/2025 18:15;487.34
30/04/2025 18:30;487.34
30/04/2025 18:45;487.34
30/04/2025 19:00;487.34
30/04/2025 19:15;487.34
30/04/2025 19:30;487.34
30/04/2025 19:45;487.34
30/04/2025 20:00;487.34
30/04/2025 20:15;487.34
30/04/2025 20:30;487.34
30/04/2025 20:45;487.34
30/04/2025 21:00;487.34
30/04/2025 21:15;487.34
30/04/2025 21:30;487.34
30/04/2025 21:45;487.34
30/04/2025 22:00;487.34
30/04/2025 22:15;487.34
30/04/2025 22:30;487.34
30/04/2025 22:45;487.34
30/04/2025 23:00;487.34
30/04/2025 23:15;487.34
30/04/2025 23:30;487.33
30/04/2025 23:45;487.33
01/05/2025 00:00;487.33
01/05/2025 00:15;487.33
01/05/2025 00:30;487.33
01/05/2025 00:45;487.33
01/05/2025 01:00;487.33
01/05/2025 01:15;487.33
01/05/2025 01:30;487.33
01/05/2025 01:45;487.33
01/05/2025 02:00;487.33
01/05/2025 02:15;487.33
01/05/2025 02:30;487.33
01/05/2025 02:45;487.33
01/05/2025 03:00;487.33
01/05/2025 03:15;487.33
01/05/2025 03:30;487.33
01/05/2025 03:45;487.33
01/05/2025 04:00;487.33
01/05/2025 04:15;487.33
01/05/2025 04:30;487.33
01/05/2025 04:45;487.33
01/05/2025 05:00;487.32
01/05/2025 05:15;487.33
01/05/2025 05:30;487.33
01/05/2025 05:45;487.32
01/05/2025 06:00;487.32
01/05/2025 06:15;487.33
01/05/2025 06:30;487.32
01/05/2025 06:45;487.33
01/05/2025 07:00;487.33
01/05/2025 07:15;487.32
01/05/2025 07:30;487.32
01/05/2025 07:45;487.32
01/05/2025 08:00;487.32
01/05/2025 08:15;487.32
01/05/2025 08:30;487.32
01/05/2025 08:45;487.32
01/05/2025 09:00;487.32
01/05/2025 09:15;487.32
01/05/2025 09:30;487.32
01/05/2025 09:45;487.32
01/05/2025 10:00;487.32
01/05/2025 10:15;487.32
01/05/2025 10:30;487.32
01/05/2025 10:45;487.32
01/05/2025 11:00;487.33
01/05/2025 11:15;487.32
01/05/2025 11:30;487.32
01/05/2025 11:45;487.32
01/05/2025 12:00;487.32
01/05/2025 12:15;487.32
01/05/2025 12:30;487.32
01/05/2025 12:45;487.32
01/05/2025 13:00;487.32
01/05/2025 13:15;487.32
01/05/2025 13:30;487.32
01/05/2025 13:45;487.32
01/05/2025 14:00;487.32
01/05/2025 14:15;487.26
01/05/2025 14:30;487.32
01/05/2025 14:45;487.32
01/05/2025 15:00;487.32
01/05/2025 15:15;487.32
01/05/2025 15:30;487.32
01/05/2025 15:45;487.32
01/05/2025 16:00;487.32
01/05/2025 16:15;487.32
01/05/2025 16:30;487.32
01/05/2025 16:45;487.32
01/05/2025 17:00;487.32
01/05/2025 17:15;487.32
01/05/2025 17:30;487.32
01/05/2025 17:45;487.32
01/05/2025 18:00;487.32
01/05/2025 18:15;487.32
01/05/2025 18:30;487.32
01/05/2025 18:45;487.32
01/05/2025 19:00;487.32
01/05/2025 19:15;487.31
01/05/2025 19:30;487.31
01/05/2025 19:45;487.31
01/05/2025 20:00;487.31
01/05/2025 20:15;487.31
01/05/2025 20:30;487.31
01/05/2025 20:45;487.31
01/05/2025 21:00;487.31
01/05/2025 21:15;487.31
01/05/2025 21:30;487.31
01/05/2025 21:45;487.31
01/05/2025 22:00;487.31
01/05/2025 22:15;487.31
01/05/2025 22:30;487.31
01/05/2025 22:45;487.31
01/05/2025 23:00;487.31
01/05/2025 23:15;487.31
01/05/2025 23:30;487.31
01/05/2025 23:45;487.31
02/05/2025 00:00;487.31
02/05/2025 00:15;487.31
02/05/2025 00:30;487.31
02/05/2025 00:45;487.31
02/05/2025 01:00;487.31
02/05/2025 01:15;487.31
02/05/2025 01:30;487.31
02/05/2025 01:45;487.31
02/05/2025 02:00;487.31
02/05/2025 02:15;487.31
02/05/2025 02:30;487.31
02/05/2025 02:45;487.31
02/05/2025 03:00;487.31
02/05/2025 03:15;487.3
02/05/2025 03:30;487.3
02/05/2025 03:45;487.3
02/05/2025 04:00;487.3
02/05/2025 04:15;487.3
02/05/2025 04:30;487.24
02/05/2025 04:45;487.3
02/05/2025 05:00;487.3
02/05/2025 05:15;487.3
02/05/2025 05:30;487.3
02/05/2025 05:45;487.3
02/05/2025 06:00;487.3
02/05/2025 06:15;487.3
02/05/2025 06:30;487.3
02/05/2025 06:45;487.3
02/05/2025 07:00;487.3
02/05/2025 07:15;487.3
02/05/2025 07:30;487.3
02/05/2025 07:45;487.3
02/05/2025 08:00;487.3
02/05/2025 08:15;487.3
02/05/2025 08:30;487.3
02/05/2025 08:45;487.29
02/05/2025 09:00;487.29
02/05/2025 09:15;487.29
02/05/2025 09:30;487.29
02/05/2025 09:45;487.29
02/05/2025 10:00;487.29
02/05/2025 10:15;487.29
02/05/2025 10:30;487.29
02/05/2025 10:45;487.3
02/05/2025 11:00;487.3
02/05/2025 11:15;487.29
02/05/2025 11:30;487.29
02/05/2025 11:45;487.31
02/05/2025 12:00;487.3
02/05/2025 12:15;487.3
02/05/2025 12:30;487.3
02/05/2025 12:45;487.3
02/05/2025 13:00;487.29
02/05/2025 13:15;487.3
02/05/2025 13:30;487.3
02/05/2025 13:45;487.3
02/05/2025 14:00;487.3
02/05/2025 14:15;487.3
02/05/2025 14:30;487.3
02/05/2025 14:45;487.3
02/05/2025 15:00;487.3
02/05/2025 15:15;487.3
02/05/2025 15:30;487.29
02/05/2025 15:45;487.29
02/05/2025 16:00;487.29
02/05/2025 16:15;487.29
02/05/2025 16:30;487.3
02/05/2025 16:45;487.3
02/05/2025 17:00;487.3
02/05/2025 17:15;487.3
02/05/2025 17:30;487.3
02/05/2025 17:45;487.3
02/05/2025 18:00;487.31
02/05/2025 18:15;487.31
02/05/2025 18:30;487.3
02/05/2025 18:45;487.31
02/05/2025 19:00;487.31
02/05/2025 19:15;487.3
02/05/2025 19:30;487.3
02/05/2025 19:45;487.3
02/05/2025 20:00;487.3
02/05/2025 20:15;487.3
02/05/2025 20:30;487.3
02/05/2025 20:45;487.3
02/05/2025 21:00;487.3
02/05/2025 21:15;487.3
02/05/2025 21:30;487.31
02/05/2025 21:45;487.31
02/05/2025 22:00;487.31
02/05/2025 22:15;487.3
02/05/2025 22:30;487.31
02/05/2025 22:45;487.3
02/05/2025 23:00;487.3
02/05/2025 23:15;487.3
02/05/2025 23:30;487.3
02/05/2025 23:45;487.3
03/05/2025 00:00;487.3
03/05/2025 00:15;487.3
03/05/2025 00:30;487.3
03/05/2025 00:45;487.3
03/05/2025 01:00;487.3
03/05/2025 01:15;487.3
03/05/2025 01:30;487.3
03/05/2025 01:45;487.3
03/05/2025 02:00;487.3
03/05/2025 02:15;487.3
03/05/2025 02:30;487.3
03/05/2025 02:45;487.3
03/05/2025 03:00;487.3
03/05/2025 03:15;487.31
03/05/2025 03:30;487.25
03/05/2025 03:45;487.28
03/05/2025 04:00;487.31
03/05/2025 04:15;487.31
03/05/2025 04:30;487.31
03/05/2025 04:45;487.31
03/05/2025 05:00;487.31
03/05/2025 05:15;487.31
03/05/2025 05:30;487.32
03/05/2025 05:45;487.32
03/05/2025 06:00;487.32
03/05/2025 06:15;487.32
03/05/2025 06:30;487.32
03/05/2025 06:45;487.32
03/05/2025 07:00;487.33
03/05/2025 07:15;487.33
03/05/2025 07:30;487.33
03/05/2025 07:45;487.33
03/05/2025 08:00;487.33
03/05/2025 08:15;487.33
03/05/2025 08:30;487.33
03/05/2025 08:45;487.34
03/05/2025 09:00;487.34
03/05/2025 09:15;487.34
03/05/2025 09:30;487.34
03/05/2025 09:45;487.34
03/05/2025 10:00;487.35
03/05/2025 10:15;487.35
03/05/2025 10:30;487.35
03/05/2025 10:45;487.35
03/05/2025 11:00;487.35
03/05/2025 11:15;487.35
03/05/2025 11:30;487.35
03/05/2025 11:45;487.35
03/05/2025 12:00;487.35
03/05/2025 12:15;487.36
03/05/2025 12:30;487.36
03/05/2025 12:45;487.36
03/05/2025 13:00;487.36
03/05/2025 13:15;487.36
03/05/2025 13:30;487.36
03/05/2025 13:45;487.36
03/05/2025 14:00;487.36
03/05/2025 14:15;487.36
03/05/2025 14:30;487.36
03/05/2025 14:45;487.37
03/05/2025 15:00;487.37
03/05/2025 15:15;487.37
03/05/2025 15:30;487.37
03/05/2025 15:45;487.37
03/05/2025 16:00;487.37
03/05/2025 16:15;487.37
03/05/2025 16:30;487.37
03/05/2025 16:45;487.37
03/05/2025 17:00;487.37
03/05/2025 17:15;487.37
03/05/2025 17:30;487.38
03/05/2025 17:45;487.38
03/05/2025 18:00;487.38
03/05/2025 18:15;487.38
03/05/2025 18:30;487.38
03/05/2025 18:45;487.38
03/05/2025 19:00;487.38
03/05/2025 19:15;487.38
03/05/2025 19:30;487.38
03/05/2025 19:45;487.38
03/05/2025 20:00;487.38
03/05/2025 20:15;487.38
03/05/2025 20:30;487.38
03/05/2025 20:45;487.38
03/05/2025 21:00;487.38
03/05/2025 21:15;487.38
03/05/2025 21:30;487.38
03/05/2025 21:45;487.38
03/05/2025 22:00;487.39
03/05/2025 22:15;487.39
03/05/2025 22:30;487.39
03/05/2025 22:45;487.39
03/05/2025 23:00;487.39
03/05/2025 23:15;487.39
03/05/2025 23:30;487.38
03/05/2025 23:45;487.39
04/05/2025 00:00;487.39
04/05/2025 00:15;487.39
04/05/2025 00:30;487.39
04/05/2025 00:45;487.39
04/05/2025 01:00;487.4
04/05/2025 01:15;487.39
04/05/2025 01:30;487.4
04/05/2025 01:45;487.4
04/05/2025 02:00;487.4
04/05/2025 02:15;487.4
04/05/2025 02:30;487.4
04/05/2025 02:45;487.4
04/05/2025 03:00;487.4
04/05/2025 03:15;487.4
04/05/2025 03:30;487.4
04/05/2025 03:45;487.4
04/05/2025 04:00;487.4
04/05/2025 04:15;487.4
04/05/2025 04:30;487.4
04/05/2025 04:45;487.4
04/05/2025 05:00;487.41
04/05/2025 05:15;487.41
04/05/2025 05:30;487.41
04/05/2025 05:45;487.41
04/05/2025 06:00;487.41
04/05/2025 06:15;487.41
04/05/2025 06:30;487.41
04/05/2025 06:45;487.41
04/05/2025 07:00;487.41
04/05/2025 07:15;487.41
04/05/2025 07:30;487.42
04/05/2025 07:45;487.42
04/05/2025 08:00;487.42
04/05/2025 08:15;487.42
04/05/2025 08:30;487.42
04/05/2025 08:45;487.42
04/05/2025 09:00;487.42
04/05/2025 09:15;487.42
04/05/2025 09:30;487.43
04/05/2025 09:45;487.43
04/05/2025 10:00;487.43
04/05/2025 10:15;487.43
04/05/2025 10:30;487.43
04/05/2025 10:45;487.43
04/05/2025 11:00;487.43
04/05/2025 11:15;487.43
04/05/2025 11:30;487.43
04/05/2025 11:45;487.43
04/05/2025 12:00;487.43
04/05/2025 12:15;487.43
04/05/2025 12:30;487.44
04/05/2025 12:45;487.44
04/05/2025 13:00;487.43
04/05/2025 13:15;487.44
04/05/2025 13:30;487.44
04/05/2025 13:45;487.44
04/05/2025 14:00;487.44
04/05/2025 14:15;487.43
04/05/2025 14:30;487.44
04/05/2025 14:45;487.44
04/05/2025 15:00;487.44
04/05/2025 15:15;487.44
04/05/2025 15:30;487.44
04/05/2025 15:45;487.44
04/05/2025 16:00;487.44
04/05/2025 16:15;487.44
04/05/2025 16:30;487.44
04/05/2025 16:45;487.43
04/05/2025 17:00;487.44
04/05/2025 17:15;487.45
04/05/2025 17:30;487.44
04/05/2025 17:45;487.45
04/05/2025 18:00;487.45
04/05/2025 18:15;487.44
04/05/2025 18:30;487.45
04/05/2025 18:45;487.45
04/05/2025 19:00;487.45
04/05/2025 19:15;487.45
04/05/2025 19:30;487.45
04/05/2025 19:45;487.45
04/05/2025 20:00;487.45
04/05/2025 20:15;487.45
04/05/2025 20:30;487.46
04/05/2025 20:45;487.45
04/05/2025 21:00;487.46
04/05/2025 21:15;487.46
04/05/2025 21:30;487.46
04/05/2025 21:45;487.46
04/05/2025 22:00;487.46
04/05/2025 22:15;487.46
04/05/2025 22:30;487.46
04/05/2025 22:45;487.46
04/05/2025 23:00;487.46
04/05/2025 23:15;487.46
04/05/2025 23:30;487.46
04/05/2025 23:45;487.46
05/05/2025 00:00;487.46
05/05/2025 00:15;487.46
05/05/2025 00:30;487.46
05/05/2025 00:45;487.46
05/05/2025 01:00;487.47
05/05/2025 01:15;487.47
05/05/2025 01:30;487.47
05/05/2025 01:45;487.47
05/05/2025 02:00;487.47
05/05/2025 02:15;487.47
05/05/2025 02:30;487.47
05/05/2025 02:45;487.47
05/05/2025 03:00;487.47
05/05/2025 03:15;487.47
05/05/2025 03:30;487.47
05/05/2025 03:45;487.47
05/05/2025 04:00;487.47
05/05/2025 04:15;487.47
05/05/2025 04:30;487.47
05/05/2025 04:45;487.47
05/05/2025 05:00;487.48
05/05/2025 05:15;487.48
05/05/2025 05:30;487.48
05/05/2025 05:45;487.48
05/05/2025 06:00;487.48
05/05/2025 06:15;487.48
05/05/2025 06:30;487.48
05/05/2025 06:45;487.48
05/05/2025 07:00;487.48
05/05/2025 07:15;487.48
05/05/2025 07:30;487.48
05/05/2025 07:45;487.48
05/05/2025 08:00;487.48
05/05/2025 08:15;487.48
05/05/2025 08:30;487.48
05/05/2025 08:45;487.48
05/05/2025 09:00;487.48
05/05/2025 09:15;487.48
05/05/2025 09:30;487.48
05/05/2025 09:45;487.48
05/05/2025 10:00;487.48
05/05/2025 10:15;487.48
05/05/2025 10:30;487.48
05/05/2025 10:45;487.49
05/05/2025 11:00;487.49
05/05/2025 11:15;487.49
05/05/2025 11:30;487.49
05/05/2025 11:45;487.49
05/05/2025 12:00;487.49
05/05/2025 12:15;487.49
05/05/2025 12:30;487.49
05/05/2025 12:45;487.49
05/05/2025 13:00;487.49
05/05/2025 13:15;487.49
05/05/2025 13:30;487.49
05/05/2025 13:45;487.49
05/05/2025 14:00;487.49
05/05/2025 14:15;487.49
05/05/2025 14:30;487.49
05/05/2025 14:45;487.49
05/05/2025 15:00;487.49
05/05/2025 15:15;487.49
05/05/2025 15:30;487.49
05/05/2025 15:45;487.49
05/05/2025 16:00;487.49
05/05/2025 16:15;487.49
05/05/2025 16:30;487.5
05/05/2025 16:45;487.49
05/05/2025 17:00;487.5
05/05/2025 17:15;487.5
05/05/2025 17:30;487.49
05/05/2025 17:45;487.5
05/05/2025 18:00;487.5
05/05/2025 18:15;487.49
05/05/2025 18:30;487.5
05/05/2025 18:45;487.5
05/05/2025 19:00;487.5
05/05/2025 19:15;487.5
05/05/2025 19:30;487.5
05/05/2025 19:45;487.5
05/05/2025 20:00;487.5
05/05/2025 20:15;487.5
05/05/2025 20:30;487.5
05/05/2025 20:45;487.5
05/05/2025 21:00;487.5
05/05/2025 21:15;487.5
05/05/2025 21:30;487.5
05/05/2025 21:45;487.5
05/05/2025 22:00;487.5
05/05/2025 22:15;487.5
05/05/2025 22:30;487.5
05/05/2025 22:45;487.5
05/05/2025 23:00;487.5
05/05/2025 23:15;487.5
05/05/2025 23:30;487.5
05/05/2025 23:45;487.5
06/05/2025 00:00;487.5
06/05/2025 00:15;487.5
06/05/2025 00:30;487.5
06/05/2025 00:45;487.5
06/05/2025 01:00;487.5
06/05/2025 01:15;487.5
06/05/2025 01:30;487.5
06/05/2025 01:45;487.5
06/05/2025 02:00;487.5
06/05/2025 02:15;487.5
06/05/2025 02:30;487.51
06/05/2025 02:45;487.51
06/05/2025 03:00;487.51
06/05/2025 03:15;487.51
06/05/2025 03:30;487.51
06/05/2025 03:45;487.51
06/05/2025 04:00;487.51
06/05/2025 04:15;487.51
06/05/2025 04:30;487.51
06/05/2025 04:45;487.51
06/05/2025 05:00;487.51
06/05/2025 05:15;487.51
06/05/2025 05:30;487.51
06/05/2025 05:45;487.51
06/05/2025 06:00;487.51
06/05/2025 06:15;487.51
06/05/2025 06:30;487.51
06/05/2025 06:45;487.51
06/05/2025 07:00;487.51
06/05/2025 07:15;487.51
06/05/2025 07:30;487.51
06/05/2025 07:45;487.51
06/05/2025 08:00;487.51
06/05/2025 08:15;487.51
06/05/2025 08:30;487.51
06/05/2025 08:45;487.51
06/05/2025 09:00;487.51
06/05/2025 09:15;487.51
06/05/2025 09:30;487.51
06/05/2025 09:45;487.51
06/05/2025 10:00;487.51
06/05/2025 10:15;487.51
06/05/2025 10:30;487.51
06/05/2025 10:45;487.51
06/05/2025 11:00;487.51
06/05/2025 11:15;487.51
06/05/2025 11:30;487.51
06/05/2025 11:45;487.51
06/05/2025 12:00;487.51
06/05/2025 12:15;487.51
06/05/2025 12:30;487.51
06/05/2025 12:45;487.51
06/05/2025 13:00;487.51
06/05/2025 13:15;487.51
06/05/2025 13:30;487.51
06/05/2025 13:45;487.51
06/05/2025 14:00;487.51
06/05/2025 14:15;487.51
06/05/2025 14:30;487.51
06/05/2025 14:45;487.51
06/05/2025 15:00;487.51
06/05/2025 15:15;487.51
06/05/2025 15:30;487.51
06/05/2025 15:45;487.51
06/05/2025 16:00;487.51
06/05/2025 16:15;487.51
06/05/2025 16:30;487.51
06/05/2025 16:45;487.51
06/05/2025 17:00;487.5
06/05/2025 17:15;487.5
06/05/2025 17:30;487.5
06/05/2025 17:45;487.5
06/05/2025 18:00;487.51
06/05/2025 18:15;487.51
06/05/2025 18:30;487.51
06/05/2025 18:45;487.51
06/05/2025 19:00;487.51
06/05/2025 19:15;487.51
06/05/2025 19:30;487.51
06/05/2025 19:45;487.51
06/05/2025 20:00;487.51
06/05/2025 20:15;487.51
06/05/2025 20:30;487.51
06/05/2025 20:45;487.51
06/05/2025 21:00;487.51
06/05/2025 21:15;487.51
06/05/2025 21:30;487.51
06/05/2025 21:45;487.51
06/05/2025 22:00;487.51
06/05/2025 22:15;487.51
06/05/2025 22:30;487.5
06/05/2025 22:45;487.51
06/05/2025 23:00;487.51
06/05/2025 23:15;487.51
06/05/2025 23:30;487.51
06/05/2025 23:45;487.51
07/05/2025 00:00;487.51
07/05/2025 00:15;487.51
07/05/2025 00:30;487.51
07/05/2025 00:45;487.51
07/05/2025 01:00;487.51
07/05/2025 01:15;487.51
07/05/2025 01:30;487.51
07/05/2025 01:45;487.5
07/05/2025 02:00;487.5
07/05/2025 02:15;487.51
07/05/2025 02:30;487.5
07/05/2025 02:45;487.51
07/05/2025 03:00;487.5
07/05/2025 03:15;487.5
07/05/2025 03:30;487.51
07/05/2025 03:45;487.5
07/05/2025 04:00;487.5
07/05/2025 04:15;487.5
07/05/2025 04:30;487.5
07/05/2025 04:45;487.5
07/05/2025 05:00;487.5
07/05/2025 05:15;487.5
07/05/2025 05:30;487.5
07/05/2025 05:45;487.5
07/05/2025 06:00;487.5
07/05/2025 06:15;487.5
07/05/2025 06:30;487.5
07/05/2025 06:45;487.5
07/05/2025 07:00;487.5
07/05/2025 07:15;487.5
07/05/2025 07:30;487.5
07/05/2025 07:45;487.5
07/05/2025 08:00;487.5
07/05/2025 08:15;487.5
07/05/2025 08:30;487.5
07/05/2025 08:45;487.5
07/05/2025 09:00;487.5
07/05/2025 09:15;487.5
07/05/2025 09:30;487.5
07/05/2025 09:45;487.5
07/05/2025 10:00;487.5
07/05/2025 10:15;487.5
07/05/2025 10:30;487.5
07/05/2025 10:45;487.5
07/05/2025 11:00;487.5
07/05/2025 11:15;487.5
07/05/2025 11:30;487.5
07/05/2025 11:45;487.5
07/05/2025 12:00;487.5
07/05/2025 12:15;487.5
07/05/2025 12:30;487.5
07/05/2025 12:45;487.5
07/05/2025 13:00;487.5
07/05/2025 13:15;487.5
07/05/2025 13:30;487.5
07/05/2025 13:45;487.5
07/05/2025 14:00;487.5
07/05/2025 14:15;487.5
07/05/2025 14:30;487.5
07/05/2025 14:45;487.5
07/05/2025 15:00;487.5
07/05/2025 15:15;487.5
07/05/2025 15:30;487.49
07/05/2025 15:45;487.49
07/05/2025 16:00;487.49
07/05/2025 16:15;487.49
07/05/2025 16:30;487.49
07/05/2025 16:45;487.49
07/05/2025 17:00;487.49
07/05/2025 17:15;487.49
07/05/2025 17:30;487.49
07/05/2025 17:45;487.49
07/05/2025 18:00;487.49
07/05/2025 18:15;487.49
07/05/2025 18:30;487.49
07/05/2025 18:45;487.49
07/05/2025 19:00;487.49
07/05/2025 19:15;487.49
07/05/2025 19:30;487.48
07/05/2025 19:45;487.49
07/05/2025 20:00;487.49
07/05/2025 20:15;487.48
07/05/2025 20:30;487.48
07/05/2025 20:45;487.48
07/05/2025 21:00;487.48
07/05/2025 21:15;487.48
07/05/2025 21:30;487.48
07/05/2025 21:45;487.48
07/05/2025 22:00;487.48
07/05/2025 22:15;487.48
07/05/2025 22:30;487.48
07/05/2025 22:45;487.48
07/05/2025 23:00;487.48
07/05/2025 23:15;487.48
07/05/2025 23:30;487.48
07/05/2025 23:45;487.48
08/05/2025 00:00;487.48
08/05/2025 00:15;487.48
08/05/2025 00:30;487.48
08/05/2025 00:45;487.48
08/05/2025 01:00;487.48
08/05/2025 01:15;487.47
08/05/2025 01:30;487.47
08/05/2025 01:45;487.48
08/05/2025 02:00;487.47
08/05/2025 02:15;487.47
08/05/2025 02:30;487.47
08/05/2025 02:45;487.47
08/05/2025 03:00;487.47
08/05/2025 03:15;487.47
08/05/2025 03:30;487.47
08/05/2025 03:45;487.47
08/05/2025 04:00;487.47
08/05/2025 04:15;487.47
08/05/2025 04:30;487.47
08/05/2025 04:45;487.47
08/05/2025 05:00;487.47
08/05/2025 05:15;487.47
08/05/2025 05:30;487.47
08/05/2025 05:45;487.47
08/05/2025 06:00;487.47
08/05/2025 06:15;487.47
08/05/2025 06:30;487.47
08/05/2025 06:45;487.47
08/05/2025 07:00;487.46
08/05/2025 07:15;487.46
08/05/2025 07:30;487.46
08/05/2025 07:45;487.46
08/05/2025 08:00;487.46
08/05/2025 08:15;487.46
08/05/2025 08:30;487.46
08/05/2025 08:45;487.46
08/05/2025 09:00;487.46
08/05/2025 09:15;487.46
08/05/2025 09:30;487.46
08/05/2025 09:45;487.46
08/05/2025 10:00;487.46
08/05/2025 10:15;487.46
08/05/2025 10:30;487.46
08/05/2025 10:45;487.46
08/05/2025 11:00;487.46
08/05/2025 11:15;487.46
08/05/2025 11:30;487.46
08/05/2025 11:45;487.46
08/05/2025 12:00;487.46
08/05/2025 12:15;487.46
08/05/2025 12:30;487.45
08/05/2025 12:45;487.45
08/05/2025 13:00;487.45
08/05/2025 13:15;487.45
08/05/2025 13:30;487.45
08/05/2025 13:45;487.45
08/05/2025 14:00;487.45
08/05/2025 14:15;487.45
08/05/2025 14:30;487.45
08/05/2025 14:45;487.45
08/05/2025 15:00;487.45
08/05/2025 15:15;487.45
08/05/2025 15:30;487.45
08/05/2025 15:45;487.45
08/05/2025 16:00;487.45
08/05/2025 16:15;487.45
08/05/2025 16:30;487.45
08/05/2025 16:45;487.44
08/05/2025 17:00;487.44
08/05/2025 17:15;487.44
08/05/2025 17:30;487.44
08/05/2025 17:45;487.44
08/05/2025 18:00;487.44
08/05/2025 18:15;487.44
08/05/2025 18:30;487.44
08/05/2025 18:45;487.44
08/05/2025 19:00;487.44
08/05/2025 19:15;487.44
08/05/2025 19:30;487.44
08/05/2025 19:45;487.44
08/05/2025 20:00;487.44
08/05/2025 20:15;487.43
08/05/2025 20:30;487.44
08/05/2025 20:45;487.43
08/05/2025 21:00;487.43
08/05/2025 21:15;487.43
08/05/2025 21:30;487.43
08/05/2025 21:45;487.43
08/05/2025 22:00;487.43
08/05/2025 22:15;487.43
08/05/2025 22:30;487.43
08/05/2025 22:45;487.43
08/05/2025 23:00;487.43
08/05/2025 23:15;487.43
08/05/2025 23:30;487.43
08/05/2025 23:45;487.43
09/05/2025 00:00;487.43
09/05/2025 00:15;487.43
09/05/2025 00:30;487.43
09/05/2025 00:45;487.43
09/05/2025 01:00;487.43
09/05/2025 01:15;487.43
09/05/2025 01:30;487.42
09/05/2025 01:45;487.42
09/05/2025 02:00;487.42
09/05/2025 02:15;487.42
09/05/2025 02:30;487.42
09/05/2025 02:45;487.42
09/05/2025 03:00;487.42
09/05/2025 03:15;487.42
09/05/2025 03:30;487.42
09/05/2025 03:45;487.42
09/05/2025 04:00;487.42
09/05/2025 04:15;487.42
09/05/2025 04:30;487.42
09/05/2025 04:45;487.42
09/05/2025 05:00;487.42
09/05/2025 05:15;487.42
09/05/2025 05:30;487.42
09/05/2025 05:45;487.42
09/05/2025 06:00;487.42
09/05/2025 06:15;487.41
09/05/2025 06:30;487.41
09/05/2025 06:45;487.41
09/05/2025 07:00;487.41
09/05/2025 07:15;487.41
09/05/2025 07:30;487.41
09/05/2025 07:45;487.41
09/05/2025 08:00;487.41
09/05/2025 08:15;487.41
09/05/2025 08:30;487.41
09/05/2025 08:45;487.41
09/05/2025 09:00;487.41
09/05/2025 09:15;487.41
09/05/2025 09:30;487.41
09/05/2025 09:45;487.41
09/05/2025 10:00;487.41
09/05/2025 10:15;487.41
09/05/2025 10:30;487.41
09/05/2025 10:45;487.41
09/05/2025 11:00;487.41
09/05/2025 11:15;487.4
09/05/2025 11:30;487.4
09/05/2025 11:45;487.4
09/05/2025 12:00;487.4
09/05/2025 12:15;487.4
09/05/2025 12:30;487.4
09/05/2025 12:45;487.4
09/05/2025 13:00;487.4
09/05/2025 13:15;487.4
09/05/2025 13:30;487.4
09/05/2025 13:45;487.4
09/05/2025 14:00;487.4
09/05/2025 14:15;487.39
09/05/2025 14:30;487.39
09/05/2025 14:45;487.4
09/05/2025 15:00;487.4
09/05/2025 15:15;487.39
09/05/2025 15:30;487.39
09/05/2025 15:45;487.39
09/05/2025 16:00;487.39
09/05/2025 16:15;487.38
09/05/2025 16:30;487.38
09/05/2025 16:45;487.38
09/05/2025 17:00;487.38
09/05/2025 17:15;487.38
09/05/2025 17:30;487.37
09/05/2025 17:45;487.37
09/05/2025 18:00;487.37
09/05/2025 18:15;487.37
09/05/2025 18:30;487.36
09/05/2025 18:45;487.36
09/05/2025 19:00;487.36
09/05/2025 19:15;487.36
09/05/2025 19:30;487.35
09/05/2025 19:45;487.35
09/05/2025 20:00;487.35
09/05/2025 20:15;487.35
09/05/2025 20:30;487.34
09/05/2025 20:45;487.33
09/05/2025 21:00;487.33
09/05/2025 21:15;487.33
09/05/2025 21:30;487.33
09/05/2025 21:45;487.32
09/05/2025 22:00;487.32
09/05/2025 22:15;487.32
09/05/2025 22:30;487.31
09/05/2025 22:45;487.31
09/05/2025 23:00;487.3
09/05/2025 23:15;487.29
09/05/2025 23:30;487.29
09/05/2025 23:45;487.28
10/05/2025 00:00;487.28
10/05/2025 00:15;487.28
10/05/2025 00:30;487.27
10/05/2025 00:45;487.27
10/05/2025 01:00;487.26
10/05/2025 01:15;487.26
10/05/2025 01:30;487.25
10/05/2025 01:45;487.25
10/05/2025 02:00;487.25
10/05/2025 02:15;487.24
10/05/2025 02:30;487.24
10/05/2025 02:45;487.24
10/05/2025 03:00;487.23
10/05/2025 03:15;487.23
10/05/2025 03:30;487.22
10/05/2025 03:45;487.22
10/05/2025 04:00;487.21
10/05/2025 04:15;487.21
10/05/2025 04:30;487.21
10/05/2025 04:45;487.2
10/05/2025 05:00;487.2
10/05/2025 05:15;487.19
10/05/2025 05:30;487.19
10/05/2025 05:45;487.18
10/05/2025 06:00;487.18
10/05/2025 06:15;487.17
10/05/2025 06:30;487.17
10/05/2025 06:45;487.16
10/05/2025 07:00;487.15
10/05/2025 07:15;487.15
10/05/2025 07:30;487.15
10/05/2025 07:45;487.15
10/05/2025 08:00;487.14
10/05/2025 08:15;487.14
10/05/2025 08:30;487.13
10/05/2025 08:45;487.13
10/05/2025 09:00;487.13
10/05/2025 09:15;487.12
10/05/2025 09:30;487.12
10/05/2025 09:45;487.11
10/05/2025 10:00;487.11
10/05/2025 10:15;487.11
10/05/2025 10:30;487.1
10/05/2025 10:45;487.09
10/05/2025 11:00;487.09
10/05/2025 11:15;487.09
10/05/2025 11:30;487.08
10/05/2025 11:45;487.08
10/05/2025 12:00;487.07
10/05/2025 12:15;487.07
10/05/2025 12:30;487.06
10/05/2025 12:45;487.06
10/05/2025 13:00;487.06
10/05/2025 13:15;487.05
10/05/2025 13:30;487.05
10/05/2025 13:45;487.04
10/05/2025 14:00;487.04
10/05/2025 14:15;487.04
10/05/2025 14:30;487.04
10/05/2025 14:45;487.04
10/05/2025 15:00;487.03
10/05/2025 15:15;487.02
10/05/2025 15:30;487.02
10/05/2025 15:45;487.02
10/05/2025 16:00;487.01
10/05/2025 16:15;487.02
10/05/2025 16:30;487.01
10/05/2025 16:45;487.03
10/05/2025 17:00;487.02
10/05/2025 17:15;487.02
10/05/2025 17:30;487.02
10/05/2025 17:45;487.01
10/05/2025 18:00;487.01
10/05/2025 18:15;487.01
10/05/2025 18:30;487
10/05/2025 18:45;487
10/05/2025 19:00;487
10/05/2025 19:15;487
10/05/2025 19:30;487
10/05/2025 19:45;486.99
10/05/2025 20:00;486.99
10/05/2025 20:15;486.99
10/05/2025 20:30;486.99
10/05/2025 20:45;486.99
10/05/2025 21:00;486.99
10/05/2025 21:15;486.99
10/05/2025 21:30;486.99
10/05/2025 21:45;486.98
10/05/2025 22:00;486.98
10/05/2025 22:15;486.98
10/05/2025 22:30;486.99
10/05/2025 22:45;486.98
10/05/2025 23:00;486.99
10/05/2025 23:15;486.99
10/05/2025 23:30;486.99
10/05/2025 23:45;486.99
11/05/2025 00:00;486.99
11/05/2025 00:15;487
11/05/2025 00:30;487
11/05/2025 00:45;487
11/05/2025 01:00;487.01
11/05/2025 01:15;487.01
11/05/2025 01:30;487.01
11/05/2025 01:45;487.01
11/05/2025 02:00;487.01
11/05/2025 02:15;487.01
11/05/2025 02:30;487.02
11/05/2025 02:45;487.02
11/05/2025 03:00;487.02
11/05/2025 03:15;487.02
11/05/2025 03:30;487.03
11/05/2025 03:45;487.03
11/05/2025 04:00;487.03
11/05/2025 04:15;487.04
11/05/2025 04:30;487.04
11/05/2025 04:45;487.04
11/05/2025 05:00;487.04
11/05/2025 05:15;487.04
11/05/2025 05:30;487.05
11/05/2025 05:45;487.05
11/05/2025 06:00;487.05
11/05/2025 06:15;487.05
11/05/2025 06:30;487.05
11/05/2025 06:45;487.06
11/05/2025 07:00;487.06
11/05/2025 07:15;487.06
11/05/2025 07:30;487.06
11/05/2025 07:45;487.06
11/05/2025 08:00;487.07
11/05/2025 08:15;487.07
11/05/2025 08:30;487.07
11/05/2025 08:45;487.07
11/05/2025 09:00;487.07
11/05/2025 09:15;487.07
11/05/2025 09:30;487.08
11/05/2025 09:45;487.08
11/05/2025 10:00;487.08
11/05/2025 10:15;487.08
11/05/2025 10:30;487.08
11/05/2025 10:45;487.08
11/05/2025 11:00;487.09
11/05/2025 11:15;487.09
11/05/2025 11:30;487.09
11/05/2025 11:45;487.09
11/05/2025 12:00;487.1
11/05/2025 12:15;487.1
11/05/2025 12:30;487.1
11/05/2025 12:45;487.11
11/05/2025 13:00;487.11
11/05/2025 13:15;487.11
11/05/2025 13:30;487.11
11/05/2025 13:45;487.11
11/05/2025 14:00;487.12
11/05/2025 14:15;487.12
11/05/2025 14:30;487.12
11/05/2025 14:45;487.12
11/05/2025 15:00;487.13
11/05/2025 15:15;487.13
11/05/2025 15:30;487.13
11/05/2025 15:45;487.13
11/05/2025 16:00;487.14
11/05/2025 16:15;487.14
11/05/2025 16:30;487.14
11/05/2025 16:45;487.14
11/05/2025 17:00;487.15
11/05/2025 17:15;487.15
11/05/2025 17:30;487.15
11/05/2025 17:45;487.15
11/05/2025 18:00;487.16
11/05/2025 18:15;487.16
11/05/2025 18:30;487.16
11/05/2025 18:45;487.17
11/05/2025 19:00;487.17
11/05/2025 19:15;487.17
11/05/2025 19:30;487.17
11/05/2025 19:45;487.17
11/05/2025 20:00;487.18
11/05/2025 20:15;487.18
11/05/2025 20:30;487.18
11/05/2025 20:45;487.18
11/05/2025 21:00;487.18
11/05/2025 21:15;487.19
11/05/2025 21:30;487.19
11/05/2025 21:45;487.19
11/05/2025 22:00;487.19
11/05/2025 22:15;487.2
11/05/2025 22:30;487.2
11/05/2025 22:45;487.2
11/05/2025 23:00;487.2
11/05/2025 23:15;487.21
11/05/2025 23:30;487.21
11/05/2025 23:45;487.21
12/05/2025 00:00;487.21
12/05/2025 00:15;487.21
12/05/2025 00:30;487.22
12/05/2025 00:45;487.22
12/05/2025 01:00;487.22
12/05/2025 01:15;487.22
12/05/2025 01:30;487.23
12/05/2025 01:45;487.23
12/05/2025 02:00;487.23
12/05/2025 02:15;487.23
12/05/2025 02:30;487.24
12/05/2025 02:45;487.24
12/05/2025 03:00;487.24
12/05/2025 03:15;487.24
12/05/2025 03:30;487.24
12/05/2025 03:45;487.24
12/05/2025 04:00;487.24
12/05/2025 04:15;487.25
12/05/2025 04:30;487.25
12/05/2025 04:45;487.25
12/05/2025 05:00;487.25
12/05/2025 05:15;487.26
12/05/2025 05:30;487.26
12/05/2025 05:45;487.26
12/05/2025 06:00;487.26
12/05/2025 06:15;487.27
12/05/2025 06:30;487.27
12/05/2025 06:45;487.27
12/05/2025 07:00;487.27
12/05/2025 07:15;487.27
12/05/2025 07:30;487.27
12/05/2025 07:45;487.27
12/05/2025 08:00;487.28
12/05/2025 08:15;487.28
12/05/2025 08:30;487.28
12/05/2025 08:45;487.28
12/05/2025 09:00;487.28
12/05/2025 09:15;487.29
12/05/2025 09:30;487.29
12/05/2025 09:45;487.29
12/05/2025 10:00;487.29
12/05/2025 10:15;487.3
12/05/2025 10:30;487.3
12/05/2025 10:45;487.3
12/05/2025 11:00;487.3
12/05/2025 11:15;487.3
12/05/2025 11:30;487.31
12/05/2025 11:45;487.31
12/05/2025 12:00;487.31
12/05/2025 12:15;487.31
12/05/2025 12:30;487.31
12/05/2025 12:45;487.32
12/05/2025 13:00;487.32
12/05/2025 13:15;487.32
12/05/2025 13:30;487.32
12/05/2025 13:45;487.32
12/05/2025 14:00;487.33
12/05/2025 14:15;487.33
12/05/2025 14:30;487.33
12/05/2025 14:45;487.33
12/05/2025 15:00;487.33
12/05/2025 15:15;487.34
12/05/2025 15:30;487.34
12/05/2025 15:45;487.34
12/05/2025 16:00;487.34
12/05/2025 16:15;487.34
12/05/2025 16:30;487.35
12/05/2025 16:45;487.35
12/05/2025 17:00;487.35
12/05/2025 17:15;487.35
12/05/2025 17:30;487.35
12/05/2025 17:45;487.35
12/05/2025 18:00;487.35
12/05/2025 18:15;487.36
12/05/2025 18:30;487.36
12/05/2025 18:45;487.36
12/05/2025 19:00;487.36
12/05/2025 19:15;487.36
12/05/2025 19:30;487.36
12/05/2025 19:45;487.37
12/05/2025 20:00;487.37
12/05/2025 20:15;487.37
12/05/2025 20:30;487.37
12/05/2025 20:45;487.37
12/05/2025 21:00;487.37
12/05/2025 21:15;487.37
12/05/2025 21:30;487.37
12/05/2025 21:45;487.38
12/05/2025 22:00;487.38
12/05/2025 22:15;487.38
12/05/2025 22:30;487.38
12/05/2025 22:45;487.38
12/05/2025 23:00;487.38
12/05/2025 23:15;487.38
12/05/2025 23:30;487.38
12/05/2025 23:45;487.38
13/05/2025 00:00;487.38
13/05/2025 00:15;487.38
13/05/2025 00:30;487.38
13/05/2025 00:45;487.38
13/05/2025 01:00;487.38
13/05/2025 01:15;487.39
13/05/2025 01:30;487.39
13/05/2025 01:45;487.39
13/05/2025 02:00;487.39
13/05/2025 02:15;487.4
13/05/2025 02:30;487.4
13/05/2025 02:45;487.4
13/05/2025 03:00;487.4
13/05/2025 03:15;487.4
13/05/2025 03:30;487.4
13/05/2025 03:45;487.41
13/05/2025 04:00;487.41
13/05/2025 04:15;487.41
13/05/2025 04:30;487.41
13/05/2025 04:45;487.41
13/05/2025 05:00;487.42
13/05/2025 05:15;487.42
13/05/2025 05:30;487.42
13/05/2025 05:45;487.42
13/05/2025 06:00;487.42
13/05/2025 06:15;487.42
13/05/2025 06:30;487.42
13/05/2025 06:45;487.43
13/05/2025 07:00;487.43
13/05/2025 07:15;487.43
13/05/2025 07:30;487.44
13/05/2025 07:45;487.44
13/05/2025 08:00;487.44
13/05/2025 08:15;487.44
13/05/2025 08:30;487.44
13/05/2025 08:45;487.44
13/05/2025 09:00;487.45
13/05/2025 09:15;487.45
13/05/2025 09:30;487.45
13/05/2025 09:45;487.44
13/05/2025 10:00;487.44
13/05/2025 10:15;487.44
13/05/2025 10:30;487.45
13/05/2025 10:45;487.45
13/05/2025 11:00;487.45
13/05/2025 11:15;487.45
13/05/2025 11:30;487.45
13/05/2025 11:45;487.45
13/05/2025 12:00;487.45
13/05/2025 12:15;487.46
13/05/2025 12:30;487.46
13/05/2025 12:45;487.46
13/05/2025 13:00;487.46
13/05/2025 13:15;487.46
13/05/2025 13:30;487.46
13/05/2025 13:45;487.47
13/05/2025 14:00;487.47
13/05/2025 14:15;487.47
13/05/2025 14:30;487.47
13/05/2025 14:45;487.47
13/05/2025 15:00;487.47
13/05/2025 15:15;487.47
13/05/2025 15:30;487.48
13/05/2025 15:45;487.48
13/05/2025 16:00;487.48
13/05/2025 16:15;487.48
13/05/2025 16:30;487.48
13/05/2025 16:45;487.48
13/05/2025 17:00;487.48
13/05/2025 17:15;487.48
13/05/2025 17:30;487.49
13/05/2025 17:45;487.49
13/05/2025 18:00;487.49
13/05/2025 18:15;487.49
13/05/2025 18:30;487.49
13/05/2025 18:45;487.49
13/05/2025 19:00;487.49
13/05/2025 19:15;487.49
13/05/2025 19:30;487.49
13/05/2025 19:45;487.5
13/05/2025 20:00;487.5
13/05/2025 20:15;487.5
13/05/2025 20:30;487.5
13/05/2025 20:45;487.5
13/05/2025 21:00;487.5
13/05/2025 21:15;487.5
13/05/2025 21:30;487.5
13/05/2025 21:45;487.5
13/05/2025 22:00;487.5
13/05/2025 22:15;487.5
13/05/2025 22:30;487.5
13/05/2025 22:45;487.5
13/05/2025 23:00;487.5
13/05/2025 23:15;487.51
13/05/2025 23:30;487.52
13/05/2025 23:45;487.52
14/05/2025 00:00;487.52
14/05/2025 00:15;487.52
14/05/2025 00:30;487.53
14/05/2025 00:45;487.52
14/05/2025 01:00;487.53
14/05/2025 01:15;487.53
14/05/2025 01:30;487.53
14/05/2025 01:45;487.53
14/05/2025 02:00;487.53
14/05/2025 02:15;487.54
14/05/2025 02:30;487.54
14/05/2025 02:45;487.54
14/05/2025 03:00;487.54
14/05/2025 03:15;487.54
14/05/2025 03:30;487.54
14/05/2025 03:45;487.54
14/05/2025 04:00;487.55
14/05/2025 04:15;487.55
14/05/2025 04:30;487.55
14/05/2025 04:45;487.55
14/05/2025 05:00;487.55
14/05/2025 05:15;487.55
14/05/2025 05:30;487.55
14/05/2025 05:45;487.55
14/05/2025 06:00;487.56
14/05/2025 06:15;487.56
14/05/2025 06:30;487.56
14/05/2025 06:45;487.56
14/05/2025 07:00;487.56
14/05/2025 07:15;487.56
14/05/2025 07:30;487.56
14/05/2025 07:45;487.56
14/05/2025 08:00;487.56
14/05/2025 08:15;487.56
14/05/2025 08:30;487.57
14/05/2025 08:45;487.57
14/05/2025 09:00;487.57
14/05/2025 09:15;487.57
14/05/2025 09:30;487.57
14/05/2025 09:45;487.57
14/05/2025 10:00;487.58
14/05/2025 10:15;487.58
14/05/2025 10:30;487.58
14/05/2025 10:45;487.58
14/05/2025 11:00;487.58
14/05/2025 11:15;487.58
14/05/2025 11:30;487.59
14/05/2025 11:45;487.59
14/05/2025 12:00;487.59
14/05/2025 12:15;487.59
14/05/2025 12:30;487.59
14/05/2025 12:45;487.59
14/05/2025 13:00;487.6
14/05/2025 13:15;487.6
14/05/2025 13:30;487.6
14/05/2025 13:45;487.6
14/05/2025 14:00;487.6
14/05/2025 14:15;487.6
14/05/2025 14:30;487.61
14/05/2025 14:45;487.61
14/05/2025 15:00;487.61
14/05/2025 15:15;487.61
14/05/2025 15:30;487.61
14/05/2025 15:45;487.61
14/05/2025 16:00;487.61
14/05/2025 16:15;487.62
14/05/2025 16:30;487.63
14/05/2025 16:45;487.63
14/05/2025 17:00;487.63
14/05/2025 17:15;487.63
14/05/2025 17:30;487.63
14/05/2025 17:45;487.63
14/05/2025 18:00;487.64
14/05/2025 18:15;487.64
14/05/2025 18:30;487.64
14/05/2025 18:45;487.64
14/05/2025 19:00;487.64
14/05/2025 19:15;487.64
14/05/2025 19:30;487.64
14/05/2025 19:45;487.65
14/05/2025 20:00;487.65
14/05/2025 20:15;487.65
14/05/2025 20:30;487.66
14/05/2025 20:45;487.65
14/05/2025 21:00;487.65
14/05/2025 21:15;487.66
14/05/2025 21:30;487.66
14/05/2025 21:45;487.66
14/05/2025 22:00;487.66
14/05/2025 22:15;487.66
14/05/2025 22:30;487.67
14/05/2025 22:45;487.67
14/05/2025 23:00;487.67
14/05/2025 23:15;487.67
14/05/2025 23:30;487.67
14/05/2025 23:45;487.68
15/05/2025 00:00;487.68
15/05/2025 00:15;487.69
15/05/2025 00:30;487.69
15/05/2025 00:45;487.69
15/05/2025 01:00;487.7
15/05/2025 01:15;487.7
15/05/2025 01:30;487.7
15/05/2025 01:45;487.7
15/05/2025 02:00;487.71
15/05/2025 02:15;487.71
15/05/2025 02:30;487.7
15/05/2025 02:45;487.71
15/05/2025 03:00;487.71
15/05/2025 03:15;487.71
15/05/2025 03:30;487.71
15/05/2025 03:45;487.72
15/05/2025 04:00;487.72
15/05/2025 04:15;487.72
15/05/2025 04:30;487.72
15/05/2025 04:45;487.73
15/05/2025 05:00;487.73
15/05/2025 05:15;487.73
15/05/2025 05:30;487.73
15/05/2025 05:45;487.74
15/05/2025 06:00;487.74
15/05/2025 06:15;487.74
15/05/2025 06:30;487.74
15/05/2025 06:45;487.74
15/05/2025 07:00;487.74
15/05/2025 07:15;487.74
15/05/2025 07:30;487.75
15/05/2025 07:45;487.75
15/05/2025 08:00;487.75
15/05/2025 08:15;487.75
15/05/2025 08:30;487.75
15/05/2025 08:45;487.76
15/05/2025 09:00;487.76
15/05/2025 09:15;487.76
15/05/2025 09:30;487.76
15/05/2025 09:45;487.76
15/05/2025 10:00;487.76
15/05/2025 10:15;487.76
15/05/2025 10:30;487.76
15/05/2025 10:45;487.77
15/05/2025 11:00;487.77
15/05/2025 11:15;487.77
15/05/2025 11:30;487.77
15/05/2025 11:45;487.77
15/05/2025 12:00;487.76
15/05/2025 12:15;487.76
15/05/2025 12:30;487.76
15/05/2025 12:45;487.76
15/05/2025 13:00;487.76
15/05/2025 13:15;487.76
15/05/2025 13:30;487.76
15/05/2025 13:45;487.76
15/05/2025 14:00;487.76
15/05/2025 14:15;487.76
15/05/2025 14:30;487.76
15/05/2025 14:45;487.76
15/05/2025 15:00;487.76
15/05/2025 15:15;487.76
15/05/2025 15:30;487.76
15/05/2025 15:45;487.76
15/05/2025 16:00;487.76
15/05/2025 16:15;487.76
15/05/2025 16:30;487.75
15/05/2025 16:45;487.75
15/05/2025 17:00;487.75
15/05/2025 17:15;487.75
15/05/2025 17:30;487.75
15/05/2025 17:45;487.75
15/05/2025 18:00;487.75
15/05/2025 18:15;487.75
15/05/2025 18:30;487.75
15/05/2025 18:45;487.75
15/05/2025 19:00;487.76
15/05/2025 19:15;487.75
15/05/2025 19:30;487.76
15/05/2025 19:45;487.75
15/05/2025 20:00;487.76
15/05/2025 20:15;487.76
15/05/2025 20:30;487.76
15/05/2025 20:45;487.75
15/05/2025 21:00;487.75
15/05/2025 21:15;487.75
15/05/2025 21:30;487.75
15/05/2025 21:45;487.75
15/05/2025 22:00;487.75
15/05/2025 22:15;487.75
15/05/2025 22:30;487.75
15/05/2025 22:45;487.74
15/05/2025 23:00;487.75
15/05/2025 23:15;487.75
15/05/2025 23:30;487.74
15/05/2025 23:45;487.74
16/05/2025 00:00;487.74
16/05/2025 00:15;487.74
16/05/2025 00:30;487.74
16/05/2025 00:45;487.74
16/05/2025 01:00;487.74
16/05/2025 01:15;487.74
16/05/2025 01:30;487.74
16/05/2025 01:45;487.74
16/05/2025 02:00;487.74
16/05/2025 02:15;487.74
16/05/2025 02:30;487.74
16/05/2025 02:45;487.74
16/05/2025 03:00;487.74
16/05/2025 03:15;487.74
16/05/2025 03:30;487.74
16/05/2025 03:45;487.74
16/05/2025 04:00;487.74
16/05/2025 04:15;487.74
16/05/2025 04:30;487.74
16/05/2025 04:45;487.74
16/05/2025 05:00;487.74
16/05/2025 05:15;487.74
16/05/2025 05:30;487.74
16/05/2025 05:45;487.74
16/05/2025 06:00;487.74
16/05/2025 06:15;487.74
16/05/2025 06:30;487.74
16/05/2025 06:45;487.74
16/05/2025 07:00;487.74
16/05/2025 07:15;487.74
16/05/2025 07:30;487.74
16/05/2025 07:45;487.74
16/05/2025 08:00;487.74
16/05/2025 08:15;487.74
16/05/2025 08:30;487.74
16/05/2025 08:45;487.74
16/05/2025 09:00;487.73
16/05/2025 09:15;487.73
16/05/2025 09:30;487.73
16/05/2025 09:45;487.73
16/05/2025 10:00;487.73
16/05/2025 10:15;487.73
16/05/2025 10:30;487.73
16/05/2025 10:45;487.73
16/05/2025 11:00;487.73
16/05/2025 11:15;487.73
16/05/2025 11:30;487.73
16/05/2025 11:45;487.73
16/05/2025 12:00;487.73
16/05/2025 12:15;487.72
16/05/2025 12:30;487.72
16/05/2025 12:45;487.72
16/05/2025 13:00;487.72
16/05/2025 13:15;487.72
16/05/2025 13:30;487.72
16/05/2025 13:45;487.71
16/05/2025 14:00;487.71
16/05/2025 14:15;487.71
16/05/2025 14:30;487.71
16/05/2025 14:45;487.71
16/05/2025 15:00;487.71
16/05/2025 15:15;487.71
16/05/2025 15:30;487.71
16/05/2025 15:45;487.71
16/05/2025 16:00;487.71
16/05/2025 16:15;487.71
16/05/2025 16:30;487.71
16/05/2025 16:45;487.71
16/05/2025 17:00;487.71
16/05/2025 17:15;487.71
16/05/2025 17:30;487.7
16/05/2025 17:45;487.7
16/05/2025 18:00;487.7
16/05/2025 18:15;487.7
16/05/2025 18:30;487.7
16/05/2025 18:45;487.7
16/05/2025 19:00;487.7
16/05/2025 19:15;487.7
16/05/2025 19:30;487.7
16/05/2025 19:45;487.7
16/05/2025 20:00;487.7
16/05/2025 20:15;487.7
16/05/2025 20:30;487.7
16/05/2025 20:45;487.7
16/05/2025 21:00;487.7
16/05/2025 21:15;487.7
16/05/2025 21:30;487.69
16/05/2025 21:45;487.69
16/05/2025 22:00;487.69
16/05/2025 22:15;487.69
16/05/2025 22:30;487.69
16/05/2025 22:45;487.69
16/05/2025 23:00;487.69
16/05/2025 23:15;487.69
16/05/2025 23:30;487.69
16/05/2025 23:45;487.69
17/05/2025 00:00;487.69
17/05/2025 00:15;487.69
17/05/2025 00:30;487.68
17/05/2025 00:45;487.68
17/05/2025 01:00;487.68
17/05/2025 01:15;487.68
17/05/2025 01:30;487.68
17/05/2025 01:45;487.68
17/05/2025 02:00;487.68
17/05/2025 02:15;487.68
17/05/2025 02:30;487.68
17/05/2025 02:45;487.68
17/05/2025 03:00;487.68
17/05/2025 03:15;487.67
17/05/2025 03:30;487.67
17/05/2025 03:45;487.68
17/05/2025 04:00;487.68
17/05/2025 04:15;487.67
17/05/2025 04:30;487.67
17/05/2025 04:45;487.67
17/05/2025 05:00;487.67
17/05/2025 05:15;487.67
17/05/2025 05:30;487.67
17/05/2025 05:45;487.67
17/05/2025 06:00;487.67
17/05/2025 06:15;487.67
17/05/2025 06:30;487.67
17/05/2025 06:45;487.67
17/05/2025 07:00;487.67
17/05/2025 07:15;487.67
17/05/2025 07:30;487.67
17/05/2025 07:45;487.66
17/05/2025 08:00;487.66
17/05/2025 08:15;487.66
17/05/2025 08:30;487.66
17/05/2025 08:45;487.66
17/05/2025 09:00;487.66
17/05/2025 09:15;487.66
17/05/2025 09:30;487.66
17/05/2025 09:45;487.65
17/05/2025 10:00;487.65
17/05/2025 10:15;487.65
17/05/2025 10:30;487.65
17/05/2025 10:45;487.65
17/05/2025 11:00;487.65
17/05/2025 11:15;487.65
17/05/2025 11:30;487.65
17/05/2025 11:45;487.65
17/05/2025 12:00;487.65
17/05/2025 12:15;487.65
17/05/2025 12:30;487.65
17/05/2025 12:45;487.65
17/05/2025 13:00;487.65
17/05/2025 13:15;487.65
17/05/2025 13:30;487.64
17/05/2025 13:45;487.64
17/05/2025 14:00;487.64
17/05/2025 14:15;487.64
17/05/2025 14:30;487.64
17/05/2025 14:45;487.64
17/05/2025 15:00;487.64
17/05/2025 15:15;487.64
17/05/2025 15:30;487.64
17/05/2025 15:45;487.64
17/05/2025 16:00;487.63
17/05/2025 16:15;487.63
17/05/2025 16:30;487.63
17/05/2025 16:45;487.63
17/05/2025 17:00;487.63
17/05/2025 17:15;487.63
17/05/2025 17:30;487.63
17/05/2025 17:45;487.63
17/05/2025 18:00;487.63
17/05/2025 18:15;487.62
17/05/2025 18:30;487.62
17/05/2025 18:45;487.62
17/05/2025 19:00;487.62
17/05/2025 19:15;487.62
17/05/2025 19:30;487.62
17/05/2025 19:45;487.61
17/05/2025 20:00;487.61
17/05/2025 20:15;487.61
17/05/2025 20:30;487.61
17/05/2025 20:45;487.61
17/05/2025 21:00;487.61
17/05/2025 21:15;487.61
17/05/2025 21:30;487.61
17/05/2025 21:45;487.61
17/05/2025 22:00;487.61
17/05/2025 22:15;487.61
17/05/2025 22:30;487.6
17/05/2025 22:45;487.6
17/05/2025 23:00;487.6
17/05/2025 23:15;487.6
17/05/2025 23:30;487.6
17/05/2025 23:45;487.6
18/05/2025 00:00;487.6
18/05/2025 00:15;487.6
18/05/2025 00:30;487.59
18/05/2025 00:45;487.59
18/05/2025 01:00;487.59
18/05/2025 01:15;487.59
18/05/2025 01:30;487.59
18/05/2025 01:45;487.59
18/05/2025 02:00;487.59
18/05/2025 02:15;487.59
18/05/2025 02:30;487.59
18/05/2025 02:45;487.59
18/05/2025 03:00;487.59
18/05/2025 03:15;487.58
18/05/2025 03:30;487.58
18/05/2025 03:45;487.58
18/05/2025 04:00;487.58
18/05/2025 04:15;487.58
18/05/2025 04:30;487.58
18/05/2025 04:45;487.58
18/05/2025 05:00;487.58
18/05/2025 05:15;487.58
18/05/2025 05:30;487.58
18/05/2025 05:45;487.58
18/05/2025 06:00;487.58
18/05/2025 06:15;487.57
18/05/2025 06:30;487.57
18/05/2025 06:45;487.57
18/05/2025 07:00;487.57
18/05/2025 07:15;487.57
18/05/2025 07:30;487.57
18/05/2025 07:45;487.57
18/05/2025 08:00;487.57
18/05/2025 08:15;487.57
18/05/2025 08:30;487.57
18/05/2025 08:45;487.57
18/05/2025 09:00;487.57
18/05/2025 09:15;487.56
18/05/2025 09:30;487.56
18/05/2025 09:45;487.56
18/05/2025 10:00;487.56
18/05/2025 10:15;487.56
18/05/2025 10:30;487.56
18/05/2025 10:45;487.56
18/05/2025 11:00;487.55
18/05/2025 11:15;487.55
18/05/2025 11:30;487.55
18/05/2025 11:45;487.55
18/05/2025 12:00;487.55
18/05/2025 12:15;487.55
18/05/2025 12:30;487.55
18/05/2025 12:45;487.55
18/05/2025 13:00;487.55
18/05/2025 13:15;487.54
18/05/2025 13:30;487.54
18/05/2025 13:45;487.54
18/05/2025 14:00;487.54
18/05/2025 14:15;487.54
18/05/2025 14:30;487.54
18/05/2025 14:45;487.53
18/05/2025 15:00;487.53
18/05/2025 15:15;487.53
18/05/2025 15:30;487.53
18/05/2025 15:45;487.53
18/05/2025 16:00;487.53
18/05/2025 16:15;487.53
18/05/2025 16:30;487.52
18/05/2025 16:45;487.52
18/05/2025 17:00;487.52
18/05/2025 17:15;487.52
18/05/2025 17:30;487.52
18/05/2025 17:45;487.52
18/05/2025 18:00;487.52
18/05/2025 18:15;487.52
18/05/2025 18:30;487.51
18/05/2025 18:45;487.51
18/05/2025 19:00;487.51
18/05/2025 19:15;487.51
18/05/2025 19:30;487.51
18/05/2025 19:45;487.51
18/05/2025 20:00;487.5
18/05/2025 20:15;487.5
18/05/2025 20:30;487.5
18/05/2025 20:45;487.5
18/05/2025 21:00;487.5
18/05/2025 21:15;487.5
18/05/2025 21:30;487.5
18/05/2025 21:45;487.49
18/05/2025 22:00;487.49
18/05/2025 22:15;487.49
18/05/2025 22:30;487.49
18/05/2025 22:45;487.49
18/05/2025 23:00;487.49
18/05/2025 23:15;487.49
18/05/2025 23:30;487.48
18/05/2025 23:45;487.48
19/05/2025 00:00;487.48
19/05/2025 00:15;487.48
19/05/2025 00:30;487.48
19/05/2025 00:45;487.48
19/05/2025 01:00;487.47
19/05/2025 01:15;487.47
19/05/2025 01:30;487.47
19/05/2025 01:45;487.47
19/05/2025 02:00;487.47
19/05/2025 02:15;487.47
19/05/2025 02:30;487.47
19/05/2025 02:45;487.47
19/05/2025 03:00;487.46
19/05/2025 03:15;487.47
19/05/2025 03:30;487.46
19/05/2025 03:45;487.46
19/05/2025 04:00;487.46
19/05/2025 04:15;487.45
19/05/2025 04:30;487.46
19/05/2025 04:45;487.45
19/05/2025 05:00;487.45
19/05/2025 05:15;487.45
19/05/2025 05:30;487.45
19/05/2025 05:45;487.45
19/05/2025 06:00;487.45
19/05/2025 06:15;487.45
19/05/2025 06:30;487.44
19/05/2025 06:45;487.44
19/05/2025 07:00;487.44
19/05/2025 07:15;487.44
19/05/2025 07:30;487.44
19/05/2025 07:45;487.44
19/05/2025 08:00;487.44
19/05/2025 08:15;487.44
19/05/2025 08:30;487.44
19/05/2025 08:45;487.44
19/05/2025 09:00;487.43
19/05/2025 09:15;487.43
19/05/2025 09:30;487.43
19/05/2025 09:45;487.43
19/05/2025 10:00;487.43
19/05/2025 10:15;487.43
19/05/2025 10:30;487.43
19/05/2025 10:45;487.42
19/05/2025 11:00;487.43
19/05/2025 11:15;487.42
19/05/2025 11:30;487.42
19/05/2025 11:45;487.42
19/05/2025 12:00;487.42
19/05/2025 12:15;487.42
19/05/2025 12:30;487.42
19/05/2025 12:45;487.42
19/05/2025 13:00;487.41
19/05/2025 13:15;487.41
19/05/2025 13:30;487.41
19/05/2025 13:45;487.41
19/05/2025 14:00;487.41
19/05/2025 14:15;487.41
19/05/2025 14:30;487.39
19/05/2025 14:45;487.39
19/05/2025 15:00;487.4
19/05/2025 15:15;487.39
19/05/2025 15:30;487.4
19/05/2025 15:45;487.4
19/05/2025 16:00;487.39
19/05/2025 16:15;487.4
19/05/2025 16:30;487.41
19/05/2025 16:45;487.41
19/05/2025 17:00;487.41
19/05/2025 17:15;487.41
19/05/2025 17:30;487.41
19/05/2025 17:45;487.41
19/05/2025 18:00;487.41
19/05/2025 18:15;487.41
19/05/2025 18:30;487.41
19/05/2025 18:45;487.41
19/05/2025 19:00;487.42
19/05/2025 19:15;487.41
19/05/2025 19:30;487.41
19/05/2025 19:45;487.41
19/05/2025 20:00;487.41
19/05/2025 20:15;487.41
19/05/2025 20:30;487.41
19/05/2025 20:45;487.41
19/05/2025 21:00;487.41
19/05/2025 21:15;487.41
19/05/2025 21:30;487.42
19/05/2025 21:45;487.41
19/05/2025 22:00;487.42
19/05/2025 22:15;487.42
19/05/2025 22:30;487.42
19/05/2025 22:45;487.42
19/05/2025 23:00;487.42
19/05/2025 23:15;487.42
19/05/2025 23:30;487.42
19/05/2025 23:45;487.42
20/05/2025 00:00;487.42
20/05/2025 00:15;487.42
20/05/2025 00:30;487.42
20/05/2025 00:45;487.42
20/05/2025 01:00;487.42
20/05/2025 01:15;487.42
20/05/2025 01:30;487.42
20/05/2025 01:45;487.42
20/05/2025 02:00;487.42
20/05/2025 02:15;487.42
20/05/2025 02:30;487.42
20/05/2025 02:45;487.42
20/05/2025 03:00;487.42
20/05/2025 03:15;487.42
20/05/2025 03:30;487.42
20/05/2025 03:45;487.42
20/05/2025 04:00;487.42
20/05/2025 04:15;487.42
20/05/2025 04:30;487.42
20/05/2025 04:45;487.42
20/05/2025 05:00;487.42
20/05/2025 05:15;487.42
20/05/2025 05:30;487.42
20/05/2025 05:45;487.42
20/05/2025 06:00;487.43
20/05/2025 06:15;487.42
20/05/2025 06:30;487.42
20/05/2025 06:45;487.42
20/05/2025 07:00;487.42
20/05/2025 07:15;487.42
20/05/2025 07:30;487.42
20/05/2025 07:45;487.43
20/05/2025 08:00;487.43
20/05/2025 08:15;487.43
20/05/2025 08:30;487.43
20/05/2025 08:45;487.43
20/05/2025 09:00;487.43
20/05/2025 09:15;487.43
20/05/2025 09:30;487.43
20/05/2025 09:45;487.43
20/05/2025 10:00;487.43
20/05/2025 10:15;487.43
20/05/2025 10:30;487.43
20/05/2025 10:45;487.43
20/05/2025 11:00;487.43
20/05/2025 11:15;487.43
20/05/2025 11:30;487.43
20/05/2025 11:45;487.43
20/05/2025 12:00;487.43
20/05/2025 12:15;487.43
20/05/2025 12:30;487.43
20/05/2025 12:45;487.43
20/05/2025 13:00;487.43
20/05/2025 13:15;487.43
20/05/2025 13:30;487.43
20/05/2025 13:45;487.43
20/05/2025 14:00;487.43
20/05/2025 14:15;487.43
20/05/2025 14:30;487.44
20/05/2025 14:45;487.43
20/05/2025 15:00;487.44
20/05/2025 15:15;487.44
20/05/2025 15:30;487.44
20/05/2025 15:45;487.44
20/05/2025 16:00;487.44
20/05/2025 16:15;487.44
20/05/2025 16:30;487.44
20/05/2025 16:45;487.44
20/05/2025 17:00;487.44
20/05/2025 17:15;487.44
20/05/2025 17:30;487.44
20/05/2025 17:45;487.44
20/05/2025 18:00;487.44
20/05/2025 18:15;487.44
20/05/2025 18:30;487.44
20/05/2025 18:45;487.44
20/05/2025 19:00;487.44
20/05/2025 19:15;487.44
20/05/2025 19:30;487.44
20/05/2025 19:45;487.44
20/05/2025 20:00;487.44
20/05/2025 20:15;487.44
20/05/2025 20:30;487.44
20/05/2025 20:45;487.44
20/05/2025 21:00;487.44
20/05/2025 21:15;487.44
20/05/2025 21:30;487.44
20/05/2025 21:45;487.45
20/05/2025 22:00;487.45
20/05/2025 22:15;487.44
20/05/2025 22:30;487.45
20/05/2025 22:45;487.45
20/05/2025 23:00;487.44
20/05/2025 23:15;487.44
20/05/2025 23:30;487.44
20/05/2025 23:45;487.44
21/05/2025 00:00;487.44
21/05/2025 00:15;487.44
21/05/2025 00:30;487.44
21/05/2025 00:45;487.44
21/05/2025 01:00;487.44
21/05/2025 01:15;487.44
21/05/2025 01:30;487.44
21/05/2025 01:45;487.44
21/05/2025 02:00;487.44
21/05/2025 02:15;487.44
21/05/2025 02:30;487.44
21/05/2025 02:45;487.44
21/05/2025 03:00;487.45
21/05/2025 03:15;487.45
21/05/2025 03:30;487.45
21/05/2025 03:45;487.45
21/05/2025 04:00;487.45
21/05/2025 04:15;487.45
21/05/2025 04:30;487.45
21/05/2025 04:45;487.45
21/05/2025 05:00;487.45
21/05/2025 05:15;487.45
21/05/2025 05:30;487.45
21/05/2025 05:45;487.45
21/05/2025 06:00;487.45
21/05/2025 06:15;487.45
21/05/2025 06:30;487.45
21/05/2025 06:45;487.45
21/05/2025 07:00;487.45
21/05/2025 07:15;487.45
21/05/2025 07:30;487.45
21/05/2025 07:45;487.45
21/05/2025 08:00;487.45
21/05/2025 08:15;487.45
21/05/2025 08:30;487.44
21/05/2025 08:45;487.44
21/05/2025 09:00;487.45
21/05/2025 09:15;487.45
21/05/2025 09:30;487.45
21/05/2025 09:45;487.45
21/05/2025 10:00;487.45
21/05/2025 10:15;487.45
21/05/2025 10:30;487.45
21/05/2025 10:45;487.45
21/05/2025 11:00;487.45
21/05/2025 11:15;487.45
21/05/2025 11:30;487.45
21/05/2025 11:45;487.45
21/05/2025 12:00;487.45
21/05/2025 12:15;487.45
21/05/2025 12:30;487.45
21/05/2025 12:45;487.45
21/05/2025 13:00;487.45
21/05/2025 13:15;487.45
21/05/2025 13:30;487.45
21/05/2025 13:45;487.45
21/05/2025 14:00;487.45
21/05/2025 14:15;487.45
21/05/2025 14:30;487.45
21/05/2025 14:45;487.45
21/05/2025 15:00;487.44
21/05/2025 15:15;487.44
21/05/2025 15:30;487.44
21/05/2025 15:45;487.44
21/05/2025 16:00;487.44
21/05/2025 16:15;487.44
21/05/2025 16:30;487.44
21/05/2025 16:45;487.44
21/05/2025 17:00;487.44
21/05/2025 17:15;487.44
21/05/2025 17:30;487.44
21/05/2025 17:45;487.44
21/05/2025 18:00;487.44
21/05/2025 18:15;487.44
21/05/2025 18:30;487.44
21/05/2025 18:45;487.44
21/05/2025 19:00;487.44
21/05/2025 19:15;487.44
21/05/2025 19:30;487.44
21/05/2025 19:45;487.44
21/05/2025 20:00;487.44
21/05/2025 20:15;487.44
21/05/2025 20:30;487.44
21/05/2025 20:45;487.44
21/05/2025 21:00;487.44
21/05/2025 21:15;487.44
21/05/2025 21:30;487.44
21/05/2025 21:45;487.44
21/05/2025 22:00;487.44
21/05/2025 22:15;487.44
21/05/2025 22:30;487.43
21/05/2025 22:45;487.43
21/05/2025 23:00;487.43
21/05/2025 23:15;487.44
21/05/2025 23:30;487.44
21/05/2025 23:45;487.44
22/05/2025 00:00;487.44
22/05/2025 00:15;487.43
22/05/2025 00:30;487.43
22/05/2025 00:45;487.43
22/05/2025 01:00;487.43
22/05/2025 01:15;487.43
22/05/2025 01:30;487.43
22/05/2025 01:45;487.43
22/05/2025 02:00;487.43
22/05/2025 02:15;487.43
22/05/2025 02:30;487.43
22/05/2025 02:45;487.43
22/05/2025 03:00;487.43
22/05/2025 03:15;487.43
22/05/2025 03:30;487.43
22/05/2025 03:45;487.43
22/05/2025 04:00;487.43
22/05/2025 04:15;487.42
22/05/2025 04:30;487.43
22/05/2025 04:45;487.42
22/05/2025 05:00;487.42
22/05/2025 05:15;487.42
22/05/2025 05:30;487.42
22/05/2025 05:45;487.42
22/05/2025 06:00;487.42
22/05/2025 06:15;487.42
22/05/2025 06:30;487.42
22/05/2025 06:45;487.42
22/05/2025 07:00;487.42
22/05/2025 07:15;487.42
22/05/2025 07:30;487.42
22/05/2025 07:45;487.42
22/05/2025 08:00;487.42
22/05/2025 08:15;487.42
22/05/2025 08:30;487.42
22/05/2025 08:45;487.42
22/05/2025 09:00;487.42
22/05/2025 09:15;487.42
22/05/2025 09:30;487.42
22/05/2025 09:45;487.42
22/05/2025 10:00;487.42
22/05/2025 10:15;487.42
22/05/2025 10:30;487.42
22/05/2025 10:45;487.42
22/05/2025 11:00;487.42
22/05/2025 11:15;487.42
22/05/2025 11:30;487.42
22/05/2025 11:45;487.42
22/05/2025 12:00;487.42
22/05/2025 12:15;487.42
22/05/2025 12:30;487.42
22/05/2025 12:45;487.42
22/05/2025 13:00;487.42
22/05/2025 13:15;487.42
22/05/2025 13:30;487.42
22/05/2025 13:45;487.42
22/05/2025 14:00;487.41
22/05/2025 14:15;487.42
22/05/2025 14:30;487.41
22/05/2025 14:45;487.41
22/05/2025 15:00;487.41
22/05/2025 15:15;487.41
22/05/2025 15:30;487.41
22/05/2025 15:45;487.41
22/05/2025 16:00;487.41
22/05/2025 16:15;487.41
22/05/2025 16:30;487.41
22/05/2025 16:45;487.41
22/05/2025 17:00;487.41
22/05/2025 17:15;487.41
22/05/2025 17:30;487.41
22/05/2025 17:45;487.41
22/05/2025 18:00;487.41
22/05/2025 18:15;487.41
22/05/2025 18:30;487.41
22/05/2025 18:45;487.41
22/05/2025 19:00;487.41
22/05/2025 19:15;487.41
22/05/2025 19:30;487.41
22/05/2025 19:45;487.41
22/05/2025 20:00;487.4
22/05/2025 20:15;487.4
22/05/2025 20:30;487.4
22/05/2025 20:45;487.4
22/05/2025 21:00;487.4
22/05/2025 21:15;487.4
22/05/2025 21:30;487.4
22/05/2025 21:45;487.4
22/05/2025 22:00;487.4
22/05/2025 22:15;487.39
22/05/2025 22:30;487.39
22/05/2025 22:45;487.39
22/05/2025 23:00;487.39
22/05/2025 23:15;487.39
22/05/2025 23:30;487.39
22/05/2025 23:45;487.39
23/05/2025 00:00;487.39
23/05/2025 00:15;487.39
23/05/2025 00:30;487.39
23/05/2025 00:45;487.39
23/05/2025 01:00;487.39
23/05/2025 01:15;487.39
23/05/2025 01:30;487.39
23/05/2025 01:45;487.4
23/05/2025 02:00;487.4
23/05/2025 02:15;487.4
23/05/2025 02:30;487.4
23/05/2025 02:45;487.39
23/05/2025 03:00;487.4
23/05/2025 03:15;487.39
23/05/2025 03:30;487.39
23/05/2025 03:45;487.39
23/05/2025 04:00;487.39
23/05/2025 04:15;487.39
23/05/2025 04:30;487.39
23/05/2025 04:45;487.39
23/05/2025 05:00;487.39
23/05/2025 05:15;487.39
23/05/2025 05:30;487.39
23/05/2025 05:45;487.39
23/05/2025 06:00;487.39
23/05/2025 06:15;487.39
23/05/2025 06:30;487.39
23/05/2025 06:45;487.39
23/05/2025 07:00;487.39
23/05/2025 07:15;487.39
23/05/2025 07:30;487.39
23/05/2025 07:45;487.39
23/05/2025 08:00;487.39
23/05/2025 08:15;487.38
23/05/2025 08:30;487.38
23/05/2025 08:45;487.38
23/05/2025 09:00;487.38
23/05/2025 09:15;487.38
23/05/2025 09:30;487.38
23/05/2025 09:45;487.38
23/05/2025 10:00;487.38
23/05/2025 10:15;487.38
23/05/2025 10:30;487.38
23/05/2025 10:45;487.38
23/05/2025 11:00;487.38
23/05/2025 11:15;487.38
23/05/2025 11:30;487.38
23/05/2025 11:45;487.38
23/05/2025 12:00;487.38
23/05/2025 12:15;487.38
23/05/2025 12:30;487.37
23/05/2025 12:45;487.37
23/05/2025 13:00;487.37
23/05/2025 13:15;487.37
23/05/2025 13:30;487.37
23/05/2025 13:45;487.37
23/05/2025 14:00;487.37
23/05/2025 14:15;487.37
23/05/2025 14:30;487.37
23/05/2025 14:45;487.37
23/05/2025 15:00;487.37
23/05/2025 15:15;487.36
23/05/2025 15:30;487.37
23/05/2025 15:45;487.37
23/05/2025 16:00;487.36
23/05/2025 16:15;487.36
23/05/2025 16:30;487.36
23/05/2025 16:45;487.36
23/05/2025 17:00;487.36
23/05/2025 17:15;487.36
23/05/2025 17:30;487.36
23/05/2025 17:45;487.36
23/05/2025 18:00;487.36
23/05/2025 18:15;487.36
23/05/2025 18:30;487.36
23/05/2025 18:45;487.36
23/05/2025 19:00;487.36
23/05/2025 19:15;487.35
23/05/2025 19:30;487.36
23/05/2025 19:45;487.35
23/05/2025 20:00;487.35
23/05/2025 20:15;487.35
23/05/2025 20:30;487.35
23/05/2025 20:45;487.35
23/05/2025 21:00;487.35
23/05/2025 21:15;487.35
23/05/2025 21:30;487.35
23/05/2025 21:45;487.34
23/05/2025 22:00;487.34
23/05/2025 22:15;487.35
23/05/2025 22:30;487.35
23/05/2025 22:45;487.35
23/05/2025 23:00;487.35
23/05/2025 23:15;487.35
23/05/2025 23:30;487.35
23/05/2025 23:45;487.35
24/05/2025 00:00;487.35
24/05/2025 00:15;487.35
24/05/2025 00:30;487.35
24/05/2025 00:45;487.35
24/05/2025 01:00;487.34
24/05/2025 01:15;487.34
24/05/2025 01:30;487.34
24/05/2025 01:45;487.34
24/05/2025 02:00;487.34
24/05/2025 02:15;487.34
24/05/2025 02:30;487.34
24/05/2025 02:45;487.34
24/05/2025 03:00;487.34
24/05/2025 03:15;487.34
24/05/2025 03:30;487.34
24/05/2025 03:45;487.33
24/05/2025 04:00;487.33
24/05/2025 04:15;487.33
24/05/2025 04:30;487.33
24/05/2025 04:45;487.32
24/05/2025 05:00;487.32
24/05/2025 05:15;487.32
24/05/2025 05:30;487.32
24/05/2025 05:45;487.32
24/05/2025 06:00;487.33
24/05/2025 06:15;487.33
24/05/2025 06:30;487.32
24/05/2025 06:45;487.32
24/05/2025 07:00;487.32
24/05/2025 07:15;487.32
24/05/2025 07:30;487.32
24/05/2025 07:45;487.32
24/05/2025 08:00;487.32
24/05/2025 08:15;487.32
24/05/2025 08:30;487.32
24/05/2025 08:45;487.32
24/05/2025 09:00;487.32
24/05/2025 09:15;487.32
24/05/2025 09:30;487.31
24/05/2025 09:45;487.31
24/05/2025 10:00;487.31
24/05/2025 10:15;487.31
24/05/2025 10:30;487.31
24/05/2025 10:45;487.31
24/05/2025 11:00;487.31
24/05/2025 11:15;487.31
24/05/2025 11:30;487.31
24/05/2025 11:45;487.31
24/05/2025 12:00;487.31
24/05/2025 12:15;487.31
24/05/2025 12:30;487.31
24/05/2025 12:45;487.31
24/05/2025 13:00;487.31
24/05/2025 13:15;487.31
24/05/2025 13:30;487.31
24/05/2025 13:45;487.31
24/05/2025 14:00;487.31
24/05/2025 14:15;487.31
24/05/2025 14:30;487.31
24/05/2025 14:45;487.31
24/05/2025 15:00;487.3
24/05/2025 15:15;487.3
24/05/2025 15:30;487.3
24/05/2025 15:45;487.3
24/05/2025 16:00;487.3
24/05/2025 16:15;487.3
24/05/2025 16:30;487.3
24/05/2025 16:45;487.3
24/05/2025 17:00;487.3
24/05/2025 17:15;487.3
24/05/2025 17:30;487.3
24/05/2025 17:45;487.3
24/05/2025 18:00;487.3
24/05/2025 18:15;487.3
24/05/2025 18:30;487.3
24/05/2025 18:45;487.3
24/05/2025 19:00;487.29
24/05/2025 19:15;487.29
24/05/2025 19:30;487.29
24/05/2025 19:45;487.29
24/05/2025 20:00;487.29
24/05/2025 20:15;487.29
24/05/2025 20:30;487.29
24/05/2025 20:45;487.29
24/05/2025 21:00;487.28
24/05/2025 21:15;487.28
24/05/2025 21:30;487.28
24/05/2025 21:45;487.28
24/05/2025 22:00;487.28
24/05/2025 22:15;487.28
24/05/2025 22:30;487.28
24/05/2025 22:45;487.28
24/05/2025 23:00;487.28
24/05/2025 23:15;487.28
24/05/2025 23:30;487.28
24/05/2025 23:45;487.28
25/05/2025 00:00;487.28
25/05/2025 00:15;487.28
25/05/2025 00:30;487.28
25/05/2025 00:45;487.28
25/05/2025 01:00;487.28
25/05/2025 01:15;487.28
25/05/2025 01:30;487.28
25/05/2025 01:45;487.28
25/05/2025 02:00;487.28
25/05/2025 02:15;487.27
25/05/2025 02:30;487.28
25/05/2025 02:45;487.28
25/05/2025 03:00;487.27
25/05/2025 03:15;487.27
25/05/2025 03:30;487.27
25/05/2025 03:45;487.27
25/05/2025 04:00;487.27
25/05/2025 04:15;487.27
25/05/2025 04:30;487.27
25/05/2025 04:45;487.27
25/05/2025 05:00;487.27
25/05/2025 05:15;487.27
25/05/2025 05:30;487.27
25/05/2025 05:45;487.27
25/05/2025 06:00;487.26
25/05/2025 06:15;487.27
25/05/2025 06:30;487.26
25/05/2025 06:45;487.26
25/05/2025 07:00;487.26
25/05/2025 07:15;487.26
25/05/2025 07:30;487.26
25/05/2025 07:45;487.26
25/05/2025 08:00;487.26
25/05/2025 08:15;487.26
25/05/2025 08:30;487.26
25/05/2025 08:45;487.26
25/05/2025 09:00;487.26
25/05/2025 09:15;487.26
25/05/2025 09:30;487.26
25/05/2025 09:45;487.25
25/05/2025 10:00;487.25
25/05/2025 10:15;487.25
25/05/2025 10:30;487.25
25/05/2025 10:45;487.25
25/05/2025 11:00;487.25
25/05/2025 11:15;487.25
25/05/2025 11:30;487.25
25/05/2025 11:45;487.25
25/05/2025 12:00;487.25
25/05/2025 12:15;487.25
25/05/2025 12:30;487.25
25/05/2025 12:45;487.25
25/05/2025 13:00;487.25
25/05/2025 13:15;487.25
25/05/2025 13:30;487.25
25/05/2025 13:45;487.25
25/05/2025 14:00;487.25
25/05/2025 14:15;487.24
25/05/2025 14:30;487.24
25/05/2025 14:45;487.24
25/05/2025 15:00;487.24
25/05/2025 15:15;487.24
25/05/2025 15:30;487.24
25/05/2025 15:45;487.24
25/05/2025 16:00;487.24
25/05/2025 16:15;487.24
25/05/2025 16:30;487.24
25/05/2025 16:45;487.24
25/05/2025 17:00;487.24
25/05/2025 17:15;487.24
25/05/2025 17:30;487.24
25/05/2025 17:45;487.23
25/05/2025 18:00;487.23
25/05/2025 18:15;487.23
25/05/2025 18:30;487.23
25/05/2025 18:45;487.23
25/05/2025 19:00;487.23
25/05/2025 19:15;487.23
25/05/2025 19:30;487.23
25/05/2025 19:45;487.22
25/05/2025 20:00;487.22
25/05/2025 20:15;487.22
25/05/2025 20:30;487.22
25/05/2025 20:45;487.22
25/05/2025 21:00;487.22
25/05/2025 21:15;487.22
25/05/2025 21:30;487.22
25/05/2025 21:45;487.22
25/05/2025 22:00;487.22
25/05/2025 22:15;487.22
25/05/2025 22:30;487.21
25/05/2025 22:45;487.21
25/05/2025 23:00;487.21
25/05/2025 23:15;487.21
25/05/2025 23:30;487.21
25/05/2025 23:45;487.21
26/05/2025 00:00;487.2
26/05/2025 00:15;487.2
26/05/2025 00:30;487.21
26/05/2025 00:45;487.2
26/05/2025 01:00;487.2
26/05/2025 01:15;487.21
26/05/2025 01:30;487.21
26/05/2025 01:45;487.21
26/05/2025 02:00;487.2
26/05/2025 02:15;487.2
26/05/2025 02:30;487.2
26/05/2025 02:45;487.2
26/05/2025 03:00;487.2
26/05/2025 03:15;487.2
26/05/2025 03:30;487.2
26/05/2025 03:45;487.2
26/05/2025 04:00;487.2
26/05/2025 04:15;487.2
26/05/2025 04:30;487.2
26/05/2025 04:45;487.19
26/05/2025 05:00;487.19
26/05/2025 05:15;487.19
26/05/2025 05:30;487.19
26/05/2025 05:45;487.19
26/05/2025 06:00;487.19
26/05/2025 06:15;487.19
26/05/2025 06:30;487.19
26/05/2025 06:45;487.19
26/05/2025 07:00;487.19
26/05/2025 07:15;487.19
26/05/2025 07:30;487.18
26/05/2025 07:45;487.19
26/05/2025 08:00;487.18
26/05/2025 08:15;487.18
26/05/2025 08:30;487.18
26/05/2025 08:45;487.18
26/05/2025 09:00;487.18
26/05/2025 09:15;487.18
26/05/2025 09:30;487.18
26/05/2025 09:45;487.18
26/05/2025 10:00;487.18
26/05/2025 10:15;487.18
26/05/2025 10:30;487.18
26/05/2025 10:45;487.17
26/05/2025 11:00;487.17
26/05/2025 11:15;487.17
26/05/2025 11:30;487.17
26/05/2025 11:45;487.17
26/05/2025 12:00;487.17
26/05/2025 12:15;487.17
26/05/2025 12:30;487.17
26/05/2025 12:45;487.17
26/05/2025 13:00;487.17
26/05/2025 13:15;487.17
26/05/2025 13:30;487.17
26/05/2025 13:45;487.17
26/05/2025 14:00;487.16
26/05/2025 14:15;487.16
26/05/2025 14:30;487.16
26/05/2025 14:45;487.16
26/05/2025 15:00;487.16
26/05/2025 15:15;487.16
26/05/2025 15:30;487.16
26/05/2025 15:45;487.16
26/05/2025 16:00;487.16
26/05/2025 16:15;487.16
26/05/2025 16:30;487.16
26/05/2025 16:45;487.15
26/05/2025 17:00;487.15
26/05/2025 17:15;487.15
26/05/2025 17:30;487.15
26/05/2025 17:45;487.15
26/05/2025 18:00;487.15
26/05/2025 18:15;487.15
26/05/2025 18:30;487.15
26/05/2025 18:45;487.15
26/05/2025 19:00;487.14
26/05/2025 19:15;487.14
26/05/2025 19:30;487.14
26/05/2025 19:45;487.14
26/05/2025 20:00;487.14
26/05/2025 20:15;487.14
26/05/2025 20:30;487.14
26/05/2025 20:45;487.14
26/05/2025 21:00;487.14
26/05/2025 21:15;487.13
26/05/2025 21:30;487.13
26/05/2025 21:45;487.13
26/05/2025 22:00;487.13
26/05/2025 22:15;487.13
26/05/2025 22:30;487.13
26/05/2025 22:45;487.13
26/05/2025 23:00;487.13
26/05/2025 23:15;487.12
26/05/2025 23:30;487.12
26/05/2025 23:45;487.12
27/05/2025 00:00;487.12
27/05/2025 00:15;487.11
27/05/2025 00:30;487.12
27/05/2025 00:45;487.11
27/05/2025 01:00;487.12
27/05/2025 01:15;487.12
27/05/2025 01:30;487.11
27/05/2025 01:45;487.12
27/05/2025 02:00;487.11
27/05/2025 02:15;487.11
27/05/2025 02:30;487.11
27/05/2025 02:45;487.11
27/05/2025 03:00;487.11
27/05/2025 03:15;487.11
27/05/2025 03:30;487.11
27/05/2025 03:45;487.11
27/05/2025 04:00;487.11
27/05/2025 04:15;487.11
27/05/2025 04:30;487.1
27/05/2025 04:45;487.1
27/05/2025 05:00;487.1
27/05/2025 05:15;487.1
27/05/2025 05:30;487.1
27/05/2025 05:45;487.1
27/05/2025 06:00;487.1
27/05/2025 06:15;487.1
27/05/2025 06:30;487.1
27/05/2025 06:45;487.1
27/05/2025 07:00;487.09
27/05/2025 07:15;487.09
27/05/2025 07:30;487.09
27/05/2025 07:45;487.09
27/05/2025 08:00;487.09
27/05/2025 08:15;487.09
27/05/2025 08:30;487.09
27/05/2025 08:45;487.09
27/05/2025 09:00;487.08
27/05/2025 09:15;487.08
27/05/2025 09:30;487.08
27/05/2025 09:45;487.08
27/05/2025 10:00;487.08
27/05/2025 10:15;487.08
27/05/2025 10:30;487.08
27/05/2025 10:45;487.08
27/05/2025 11:00;487.08
27/05/2025 11:15;487.08
27/05/2025 11:30;487.07
27/05/2025 11:45;487.07
27/05/2025 12:00;487.07
27/05/2025 12:15;487.07
27/05/2025 12:30;487.07
27/05/2025 12:45;487.07
27/05/2025 13:00;487.07
27/05/2025 13:15;487.07
27/05/2025 13:30;487.07
27/05/2025 13:45;487.07
27/05/2025 14:00;487.06
27/05/2025 14:15;487.06
27/05/2025 14:30;487.06
27/05/2025 14:45;487.06
27/05/2025 15:00;487.06
27/05/2025 15:15;487.06
27/05/2025 15:30;487.06
27/05/2025 15:45;487.06
27/05/2025 16:00;487.06
27/05/2025 16:15;487.05
27/05/2025 16:30;487.05
27/05/2025 16:45;487.05
27/05/2025 17:00;487.05
27/05/2025 17:15;487.05
27/05/2025 17:30;487.05
27/05/2025 17:45;487.05
27/05/2025 18:00;487.04
27/05/2025 18:15;487.04
27/05/2025 18:30;487.04
27/05/2025 18:45;487.04
27/05/2025 19:00;487.04
27/05/2025 19:15;487.04
27/05/2025 19:30;487.04
27/05/2025 19:45;487.04
27/05/2025 20:00;487.04
27/05/2025 20:15;487.03
27/05/2025 20:30;487.03
27/05/2025 20:45;487.03
27/05/2025 21:00;487.03
27/05/2025 21:15;487.03
27/05/2025 21:30;487.03
27/05/2025 21:45;487.03
27/05/2025 22:00;487.02
27/05/2025 22:15;487.02
27/05/2025 22:30;487.02
27/05/2025 22:45;487.02
27/05/2025 23:00;487.02
27/05/2025 23:15;487.02
27/05/2025 23:30;487.02
27/05/2025 23:45;487.01
28/05/2025 00:00;487.01
28/05/2025 00:15;487.01
28/05/2025 00:30;487.01
28/05/2025 00:45;487.01
28/05/2025 01:00;487.01
28/05/2025 01:15;487.01
28/05/2025 01:30;487.01
28/05/2025 01:45;487
28/05/2025 02:00;487
28/05/2025 02:15;487
28/05/2025 02:30;487
28/05/2025 02:45;487
28/05/2025 03:00;487
28/05/2025 03:15;487
28/05/2025 03:30;487
28/05/2025 03:45;487
28/05/2025 04:00;487
28/05/2025 04:15;486.99
28/05/2025 04:30;486.99
28/05/2025 04:45;486.99
28/05/2025 05:00;486.99
28/05/2025 05:15;486.99
28/05/2025 05:30;486.99
28/05/2025 05:45;486.99
28/05/2025 06:00;486.99
28/05/2025 06:15;486.98
28/05/2025 06:30;486.98
28/05/2025 06:45;486.98
28/05/2025 07:00;486.98
28/05/2025 07:15;486.98
28/05/2025 07:30;486.98
28/05/2025 07:45;486.98
28/05/2025 08:00;486.97
28/05/2025 08:15;486.97
28/05/2025 08:30;486.97
28/05/2025 08:45;486.97
28/05/2025 09:00;486.97
28/05/2025 09:15;486.97
28/05/2025 09:30;486.97
28/05/2025 09:45;486.97
28/05/2025 10:00;486.96
28/05/2025 10:15;486.96
28/05/2025 10:30;486.96
28/05/2025 10:45;486.96
28/05/2025 11:00;486.96
28/05/2025 11:15;486.96
28/05/2025 11:30;486.96
28/05/2025 11:45;486.95
28/05/2025 12:00;486.95
28/05/2025 12:15;486.95
28/05/2025 12:30;486.95
28/05/2025 12:45;486.95
28/05/2025 13:00;486.95
28/05/2025 13:15;486.95
28/05/2025 13:30;486.94
28/05/2025 13:45;486.94
28/05/2025 14:00;486.94
28/05/2025 14:15;486.94
28/05/2025 14:30;486.94
28/05/2025 14:45;486.93
28/05/2025 15:00;486.93
28/05/2025 15:15;486.93
28/05/2025 15:30;486.93
28/05/2025 15:45;486.93
28/05/2025 16:00;486.92
28/05/2025 16:15;486.92
28/05/2025 16:30;486.92
28/05/2025 16:45;486.92
28/05/2025 17:00;486.92
28/05/2025 17:15;486.92
28/05/2025 17:30;486.92
28/05/2025 17:45;486.92
28/05/2025 18:00;486.92
28/05/2025 18:15;486.92
28/05/2025 18:30;486.92
28/05/2025 18:45;486.91
28/05/2025 19:00;486.91
28/05/2025 19:15;486.91
28/05/2025 19:30;486.91
28/05/2025 19:45;486.9
28/05/2025 20:00;486.9
28/05/2025 20:15;486.9
28/05/2025 20:30;486.9
28/05/2025 20:45;486.9
28/05/2025 21:00;486.9
28/05/2025 21:15;486.89
28/05/2025 21:30;486.89
28/05/2025 21:45;486.89
28/05/2025 22:00;486.89
28/05/2025 22:15;486.88
28/05/2025 22:30;486.88
28/05/2025 22:45;486.88
28/05/2025 23:00;486.89
28/05/2025 23:15;486.89
28/05/2025 23:30;486.88
28/05/2025 23:45;486.88
29/05/2025 00:00;486.88
29/05/2025 00:15;486.88
29/05/2025 00:30;486.88
29/05/2025 00:45;486.88
29/05/2025 01:00;486.88
29/05/2025 01:15;486.88
29/05/2025 01:30;486.88
29/05/2025 01:45;486.88
29/05/2025 02:00;486.87
29/05/2025 02:15;486.87
29/05/2025 02:30;486.87
29/05/2025 02:45;486.87
29/05/2025 03:00;486.87
29/05/2025 03:15;486.87
29/05/2025 03:30;486.87
29/05/2025 03:45;486.87
29/05/2025 04:00;486.86
29/05/2025 04:15;486.86
29/05/2025 04:30;486.86
29/05/2025 04:45;486.86
29/05/2025 05:00;486.86
29/05/2025 05:15;486.86
29/05/2025 05:30;486.86
29/05/2025 05:45;486.86
29/05/2025 06:00;486.85
29/05/2025 06:15;486.85
29/05/2025 06:30;486.85
29/05/2025 06:45;486.85
29/05/2025 07:00;486.85
29/05/2025 07:15;486.85
29/05/2025 07:30;486.85
29/05/2025 07:45;486.85
29/05/2025 08:00;486.84
29/05/2025 08:15;486.84
29/05/2025 08:30;486.84
29/05/2025 08:45;486.84
29/05/2025 09:00;486.84
29/05/2025 09:15;486.84
29/05/2025 09:30;486.84
29/05/2025 09:45;486.83
29/05/2025 10:00;486.83
29/05/2025 10:15;486.83
29/05/2025 10:30;486.83
29/05/2025 10:45;486.83
29/05/2025 11:00;486.83
29/05/2025 11:15;486.83
29/05/2025 11:30;486.82
29/05/2025 11:45;486.82
29/05/2025 12:00;486.82
29/05/2025 12:15;486.82
29/05/2025 12:30;486.82
29/05/2025 12:45;486.82
29/05/2025 13:00;486.82
29/05/2025 13:15;486.82
29/05/2025 13:30;486.81
29/05/2025 13:45;486.81
29/05/2025 14:00;486.81
29/05/2025 14:15;486.81
29/05/2025 14:30;486.81
29/05/2025 14:45;486.81
29/05/2025 15:00;486.8
29/05/2025 15:15;486.8
29/05/2025 15:30;486.8
29/05/2025 15:45;486.8
29/05/2025 16:00;486.8
29/05/2025 16:15;486.8
29/05/2025 16:30;486.8
29/05/2025 16:45;486.79
29/05/2025 17:00;486.79
29/05/2025 17:15;486.79
29/05/2025 17:30;486.79
29/05/2025 17:45;486.79
29/05/2025 18:00;486.79
29/05/2025 18:15;486.79
29/05/2025 18:30;486.79
29/05/2025 18:45;486.78
29/05/2025 19:00;486.78
29/05/2025 19:15;486.78
29/05/2025 19:30;486.78
29/05/2025 19:45;486.78
29/05/2025 20:00;486.78
29/05/2025 20:15;486.78
29/05/2025 20:30;486.77
29/05/2025 20:45;486.77
29/05/2025 21:00;486.77
29/05/2025 21:15;486.77
29/05/2025 21:30;486.76
29/05/2025 21:45;486.76
29/05/2025 22:00;486.76
29/05/2025 22:15;486.76
29/05/2025 22:30;486.76
29/05/2025 22:45;486.76
29/05/2025 23:00;486.76
29/05/2025 23:15;486.75
29/05/2025 23:30;486.75
29/05/2025 23:45;486.75
30/05/2025 00:00;486.75
30/05/2025 00:15;486.75
30/05/2025 00:30;486.75
30/05/2025 00:45;486.75
30/05/2025 01:00;486.74
30/05/2025 01:15;486.74
30/05/2025 01:30;486.74
30/05/2025 01:45;486.74
30/05/2025 02:00;486.74
30/05/2025 02:15;486.74
30/05/2025 02:30;486.74
30/05/2025 02:45;486.74
30/05/2025 03:00;486.73
30/05/2025 03:15;486.73
30/05/2025 03:30;486.73
30/05/2025 03:45;486.73
30/05/2025 04:00;486.73
30/05/2025 04:15;486.73
30/05/2025 04:30;486.73
30/05/2025 04:45;486.73
30/05/2025 05:00;486.73
30/05/2025 05:15;486.72
30/05/2025 05:30;486.72
30/05/2025 05:45;486.72
30/05/2025 06:00;486.72
30/05/2025 06:15;486.72
30/05/2025 06:30;486.72
30/05/2025 06:45;486.72
30/05/2025 07:00;486.72
30/05/2025 07:15;486.72
30/05/2025 07:30;486.72
30/05/2025 07:45;486.71
30/05/2025 08:00;486.71
30/05/2025 08:15;486.71
30/05/2025 08:30;486.71
30/05/2025 08:45;486.71
30/05/2025 09:00;486.71
30/05/2025 09:15;486.71
30/05/2025 09:30;486.71
30/05/2025 09:45;486.7
30/05/2025 10:00;486.7
30/05/2025 10:15;486.7
30/05/2025 10:30;486.7
30/05/2025 10:45;486.7
30/05/2025 11:00;486.69
30/05/2025 11:15;486.69
30/05/2025 11:30;486.69
30/05/2025 11:45;486.69
30/05/2025 12:00;486.69
30/05/2025 12:15;486.69
30/05/2025 12:30;486.69
30/05/2025 12:45;486.69
30/05/2025 13:00;486.69
30/05/2025 13:15;486.68
30/05/2025 13:30;486.68
30/05/2025 13:45;486.68
30/05/2025 14:00;486.68
30/05/2025 14:15;486.67
30/05/2025 14:30;486.67
30/05/2025 14:45;486.68
30/05/2025 15:00;486.67
30/05/2025 15:15;486.67
30/05/2025 15:30;486.67
30/05/2025 15:45;486.67
30/05/2025 16:00;486.67
30/05/2025 16:15;486.67
30/05/2025 16:30;486.67
30/05/2025 16:45;486.66
30/05/2025 17:00;486.66
30/05/2025 17:15;486.66
30/05/2025 17:30;486.66
30/05/2025 17:45;486.66
30/05/2025 18:00;486.66
30/05/2025 18:15;486.66
30/05/2025 18:30;486.65
30/05/2025 18:45;486.65
30/05/2025 19:00;486.65
30/05/2025 19:15;486.65
30/05/2025 19:30;486.65
30/05/2025 19:45;486.64
30/05/2025 20:00;486.64
30/05/2025 20:15;486.64
30/05/2025 20:30;486.64
30/05/2025 20:45;486.64
30/05/2025 21:00;486.64
30/05/2025 21:15;486.64
30/05/2025 21:30;486.63
30/05/2025 21:45;486.63
30/05/2025 22:00;486.63
30/05/2025 22:15;486.63
30/05/2025 22:30;486.63
30/05/2025 22:45;486.63
30/05/2025 23:00;486.63
30/05/2025 23:15;486.63
30/05/2025 23:30;486.62
30/05/2025 23:45;486.62
31/05/2025 00:00;486.62
31/05/2025 00:15;486.62
31/05/2025 00:30;486.62
31/05/2025 00:45;486.62
31/05/2025 01:00;486.62
31/05/2025 01:15;486.62
31/05/2025 01:30;486.61
31/05/2025 01:45;486.61
31/05/2025 02:00;486.61
31/05/2025 02:15;486.61
31/05/2025 02:30;486.61
31/05/2025 02:45;486.61
31/05/2025 03:00;486.61
31/05/2025 03:15;486.61
31/05/2025 03:30;486.6
31/05/2025 03:45;486.6
31/05/2025 04:00;486.6
31/05/2025 04:15;486.6
31/05/2025 04:30;486.6
31/05/2025 04:45;486.6
31/05/2025 05:00;486.6
31/05/2025 05:15;486.6
31/05/2025 05:30;486.6
31/05/2025 05:45;486.6
31/05/2025 06:00;486.6
31/05/2025 06:15;486.59
31/05/2025 06:30;486.59
31/05/2025 06:45;486.59
31/05/2025 07:00;486.59
31/05/2025 07:15;486.59
31/05/2025 07:30;486.59
31/05/2025 07:45;486.58
31/05/2025 08:00;486.58
31/05/2025 08:15;486.58
31/05/2025 08:30;486.58
31/05/2025 08:45;486.58
31/05/2025 09:00;486.58
31/05/2025 09:15;486.58
31/05/2025 09:30;486.58
31/05/2025 09:45;486.58
31/05/2025 10:00;486.58
31/05/2025 10:15;486.58
31/05/2025 10:30;486.58
31/05/2025 10:45;486.57
31/05/2025 11:00;486.57
31/05/2025 11:15;486.57
31/05/2025 11:30;486.57
31/05/2025 11:45;486.57
31/05/2025 12:00;486.56
31/05/2025 12:15;486.56
31/05/2025 12:30;486.56
31/05/2025 12:45;486.56
31/05/2025 13:00;486.56
31/05/2025 13:15;486.56
31/05/2025 13:30;486.56
31/05/2025 13:45;486.56
31/05/2025 14:00;486.56
31/05/2025 14:15;486.56
31/05/2025 14:30;486.55
31/05/2025 14:45;486.55
31/05/2025 15:00;486.55
31/05/2025 15:15;486.55
31/05/2025 15:30;486.55
31/05/2025 15:45;486.55
31/05/2025 16:00;486.55
31/05/2025 16:15;486.55
31/05/2025 16:30;486.55
31/05/2025 16:45;486.54
31/05/2025 17:00;486.54
31/05/2025 17:15;486.54
31/05/2025 17:30;486.54
31/05/2025 17:45;486.54
31/05/2025 18:00;486.54
31/05/2025 18:15;486.54
31/05/2025 18:30;486.54
31/05/2025 18:45;486.53
31/05/2025 19:00;486.53
31/05/2025 19:15;486.53
31/05/2025 19:30;486.53
31/05/2025 19:45;486.53
31/05/2025 20:00;486.53
31/05/2025 20:15;486.53
31/05/2025 20:30;486.52
31/05/2025 20:45;486.52
31/05/2025 21:00;486.52
31/05/2025 21:15;486.52
31/05/2025 21:30;486.52
31/05/2025 21:45;486.52
31/05/2025 22:00;486.51
31/05/2025 22:15;486.51
31/05/2025 22:30;486.51
31/05/2025 22:45;486.51
31/05/2025 23:00;486.51
31/05/2025 23:15;486.51
31/05/2025 23:30;486.51
31/05/2025 23:45;486.5
01/06/2025 00:00;486.51
01/06/2025 00:15;486.5
01/06/2025 00:30;486.5
01/06/2025 00:45;486.5
01/06/2025 01:00;486.5
01/06/2025 01:15;486.49
01/06/2025 01:30;486.49
01/06/2025 01:45;486.5
01/06/2025 02:00;486.5
01/06/2025 02:15;486.5
01/06/2025 02:30;486.49
01/06/2025 02:45;486.49
01/06/2025 03:00;486.49
01/06/2025 03:15;486.49
01/06/2025 03:30;486.49
01/06/2025 03:45;486.49
01/06/2025 04:00;486.49
01/06/2025 04:15;486.49
01/06/2025 04:30;486.48
01/06/2025 04:45;486.48
01/06/2025 05:00;486.48
01/06/2025 05:15;486.48
01/06/2025 05:30;486.48
01/06/2025 05:45;486.48
01/06/2025 06:00;486.48
01/06/2025 06:15;486.48
01/06/2025 06:30;486.47
01/06/2025 06:45;486.48
01/06/2025 07:00;486.47
01/06/2025 07:15;486.47
01/06/2025 07:30;486.47
01/06/2025 07:45;486.47
01/06/2025 08:00;486.47
01/06/2025 08:15;486.47
01/06/2025 08:30;486.47
01/06/2025 08:45;486.47
01/06/2025 09:00;486.47
01/06/2025 09:15;486.46
01/06/2025 09:30;486.46
01/06/2025 09:45;486.46
01/06/2025 10:00;486.46
01/06/2025 10:15;486.46
01/06/2025 10:30;486.46
01/06/2025 10:45;486.46
01/06/2025 11:00;486.46
01/06/2025 11:15;486.46
01/06/2025 11:30;486.45
01/06/2025 11:45;486.45
01/06/2025 12:00;486.45
01/06/2025 12:15;486.45
01/06/2025 12:30;486.45
01/06/2025 12:45;486.45
01/06/2025 13:00;486.45
01/06/2025 13:15;486.44
01/06/2025 13:30;486.44
01/06/2025 13:45;486.44
01/06/2025 14:00;486.44
01/06/2025 14:15;486.44
01/06/2025 14:30;486.44
01/06/2025 14:45;486.44
01/06/2025 15:00;486.43
01/06/2025 15:15;486.43
01/06/2025 15:30;486.43
01/06/2025 15:45;486.43
01/06/2025 16:00;486.43
01/06/2025 16:15;486.43
01/06/2025 16:30;486.43
01/06/2025 16:45;486.43
01/06/2025 17:00;486.43
01/06/2025 17:15;486.42
01/06/2025 17:30;486.42
01/06/2025 17:45;486.42
01/06/2025 18:00;486.42
01/06/2025 18:15;486.42
01/06/2025 18:30;486.42
01/06/2025 18:45;486.41
01/06/2025 19:00;486.41
01/06/2025 19:15;486.41
01/06/2025 19:30;486.42
01/06/2025 19:45;486.42
01/06/2025 20:00;486.41
01/06/2025 20:15;486.39
01/06/2025 20:30;486.4
01/06/2025 20:45;486.41
01/06/2025 21:00;486.41
01/06/2025 21:15;486.41
01/06/2025 21:30;486.4
01/06/2025 21:45;486.4
01/06/2025 22:00;486.41
01/06/2025 22:15;486.41
01/06/2025 22:30;486.4
01/06/2025 22:45;486.39
01/06/2025 23:00;486.4
01/06/2025 23:15;486.4
01/06/2025 23:30;486.39
01/06/2025 23:45;486.4
02/06/2025 00:00;486.39
02/06/2025 00:15;486.39
02/06/2025 00:30;486.4
02/06/2025 00:45;486.39
02/06/2025 01:00;486.39
02/06/2025 01:15;486.39
02/06/2025 01:30;486.39
02/06/2025 01:45;486.39
02/06/2025 02:00;486.38
02/06/2025 02:15;486.38
02/06/2025 02:30;486.38
02/06/2025 02:45;486.37
02/06/2025 03:00;486.38
02/06/2025 03:15;486.38
02/06/2025 03:30;486.37
02/06/2025 03:45;486.37
02/06/2025 04:00;486.37
02/06/2025 04:15;486.37
02/06/2025 04:30;486.37
02/06/2025 04:45;486.37
02/06/2025 05:00;486.36
02/06/2025 05:15;486.37
02/06/2025 05:30;486.36
02/06/2025 05:45;486.36
02/06/2025 06:00;486.36
02/06/2025 06:15;486.36
02/06/2025 06:30;486.38
02/06/2025 06:45;486.38
02/06/2025 07:00;486.38
02/06/2025 07:15;486.37
02/06/2025 07:30;486.38
02/06/2025 07:45;486.38
02/06/2025 08:00;486.37
02/06/2025 08:15;486.38
02/06/2025 08:30;486.38
02/06/2025 08:45;486.38
02/06/2025 09:00;486.37
02/06/2025 09:15;486.37
02/06/2025 09:30;486.38
02/06/2025 09:45;486.37
02/06/2025 10:00;486.38
02/06/2025 10:15;486.38
02/06/2025 10:30;486.37
02/06/2025 10:45;486.37
02/06/2025 11:00;486.38
02/06/2025 11:15;486.37
02/06/2025 11:30;486.38
02/06/2025 11:45;486.39
02/06/2025 12:00;486.37
02/06/2025 12:15;486.38
02/06/2025 12:30;486.4
02/06/2025 12:45;486.37
02/06/2025 13:00;486.38
02/06/2025 13:15;486.38
02/06/2025 13:30;486.36
02/06/2025 13:45;486.38
02/06/2025 14:00;486.38
02/06/2025 14:15;486.38
02/06/2025 14:30;486.38
02/06/2025 14:45;486.37
02/06/2025 15:00;486.38
02/06/2025 15:15;486.39
02/06/2025 15:30;486.38
02/06/2025 15:45;486.38
02/06/2025 16:00;486.38
02/06/2025 16:15;486.38
02/06/2025 16:30;486.38
02/06/2025 16:45;486.38
02/06/2025 17:00;486.38
02/06/2025 17:15;486.38
02/06/2025 17:30;486.38
02/06/2025 17:45;486.39
02/06/2025 18:00;486.39
02/06/2025 18:15;486.38
02/06/2025 18:30;486.39
02/06/2025 18:45;486.4
02/06/2025 19:00;486.39
02/06/2025 19:15;486.4
02/06/2025 19:30;486.4
02/06/2025 19:45;486.4
02/06/2025 20:00;486.4
02/06/2025 20:15;486.4
02/06/2025 20:30;486.41
02/06/2025 20:45;486.4
02/06/2025 21:00;486.41
02/06/2025 21:15;486.41
02/06/2025 21:30;486.41
02/06/2025 21:45;486.41
02/06/2025 22:00;486.41
02/06/2025 22:15;486.42
02/06/2025 22:30;486.42
02/06/2025 22:45;486.42
02/06/2025 23:00;486.42
02/06/2025 23:15;486.42
02/06/2025 23:30;486.43
02/06/2025 23:45;486.43
03/06/2025 00:00;486.43
03/06/2025 00:15;486.44
03/06/2025 00:30;486.44
03/06/2025 00:45;486.44
03/06/2025 01:00;486.44
03/06/2025 01:15;486.44
03/06/2025 01:30;486.45
03/06/2025 01:45;486.45
03/06/2025 02:00;486.45
03/06/2025 02:15;486.45
03/06/2025 02:30;486.45
03/06/2025 02:45;486.46
03/06/2025 03:00;486.46
03/06/2025 03:15;486.46
03/06/2025 03:30;486.46
03/06/2025 03:45;486.46
03/06/2025 04:00;486.47
03/06/2025 04:15;486.47
03/06/2025 04:30;486.47
03/06/2025 04:45;486.47
03/06/2025 05:00;486.48
03/06/2025 05:15;486.48
03/06/2025 05:30;486.48
03/06/2025 05:45;486.48
03/06/2025 06:00;486.48
03/06/2025 06:15;486.48
03/06/2025 06:30;486.49
03/06/2025 06:45;486.49
03/06/2025 07:00;486.49
03/06/2025 07:15;486.49
03/06/2025 07:30;486.49
03/06/2025 07:45;486.5
03/06/2025 08:00;486.5
03/06/2025 08:15;486.5
03/06/2025 08:30;486.5
03/06/2025 08:45;486.5
03/06/2025 09:00;486.5
03/06/2025 09:15;486.51
03/06/2025 09:30;486.51
03/06/2025 09:45;486.51
03/06/2025 10:00;486.51
03/06/2025 10:15;486.51
03/06/2025 10:30;486.52
03/06/2025 10:45;486.52
03/06/2025 11:00;486.52
03/06/2025 11:15;486.52
03/06/2025 11:30;486.52
03/06/2025 11:45;486.52
03/06/2025 12:00;486.52
03/06/2025 12:15;486.52
03/06/2025 12:30;486.53
03/06/2025 12:45;486.52
03/06/2025 13:00;486.53
03/06/2025 13:15;486.53
03/06/2025 13:30;486.53
03/06/2025 13:45;486.53
03/06/2025 14:00;486.53
03/06/2025 14:15;486.53
03/06/2025 14:30;486.54
03/06/2025 14:45;486.54
03/06/2025 15:00;486.54
03/06/2025 15:15;486.54
03/06/2025 15:30;486.54
03/06/2025 15:45;486.54
03/06/2025 16:00;486.54
03/06/2025 16:15;486.54
03/06/2025 16:30;486.54
03/06/2025 16:45;486.54
03/06/2025 17:00;486.54
03/06/2025 17:15;486.54
03/06/2025 17:30;486.54
03/06/2025 17:45;486.54
03/06/2025 18:00;486.54
03/06/2025 18:15;486.54
03/06/2025 18:30;486.54
03/06/2025 18:45;486.54
03/06/2025 19:00;486.54
03/06/2025 19:15;486.55
03/06/2025 19:30;486.55
03/06/2025 19:45;486.55
03/06/2025 20:00;486.55
03/06/2025 20:15;486.55
03/06/2025 20:30;486.55
03/06/2025 20:45;486.55
03/06/2025 21:00;486.55
03/06/2025 21:15;486.55
03/06/2025 21:30;486.55
03/06/2025 21:45;486.55
03/06/2025 22:00;486.55
03/06/2025 22:15;486.56
03/06/2025 22:30;486.56
03/06/2025 22:45;486.55
03/06/2025 23:00;486.56
03/06/2025 23:15;486.56
03/06/2025 23:30;486.56
03/06/2025 23:45;486.56
04/06/2025 00:00;486.56
04/06/2025 00:15;486.56
04/06/2025 00:30;486.56
04/06/2025 00:45;486.56
04/06/2025 01:00;486.57
04/06/2025 01:15;486.57
04/06/2025 01:30;486.57
04/06/2025 01:45;486.57
04/06/2025 02:00;486.57
04/06/2025 02:15;486.57
04/06/2025 02:30;486.57
04/06/2025 02:45;486.57
04/06/2025 03:00;486.57
04/06/2025 03:15;486.57
04/06/2025 03:30;486.57
04/06/2025 03:45;486.57
04/06/2025 04:00;486.57
04/06/2025 04:15;486.57
04/06/2025 04:30;486.57
04/06/2025 04:45;486.57
04/06/2025 05:00;486.57
04/06/2025 05:15;486.57
04/06/2025 05:30;486.57
04/06/2025 05:45;486.57
04/06/2025 06:00;486.58
04/06/2025 06:15;486.58
04/06/2025 06:30;486.57
04/06/2025 06:45;486.58
04/06/2025 07:00;486.58
04/06/2025 07:15;486.58
04/06/2025 07:30;486.58
04/06/2025 07:45;486.58
04/06/2025 08:00;486.58
04/06/2025 08:15;486.58
04/06/2025 08:30;486.58
04/06/2025 08:45;486.58
04/06/2025 09:00;486.58
04/06/2025 09:15;486.58
04/06/2025 09:30;486.59
04/06/2025 09:45;486.59
04/06/2025 10:00;486.59
04/06/2025 10:15;486.59
04/06/2025 10:30;486.59
04/06/2025 10:45;486.59
04/06/2025 11:00;486.59
04/06/2025 11:15;486.59
04/06/2025 11:30;486.59
04/06/2025 11:45;486.59
04/06/2025 12:00;486.6
04/06/2025 12:15;486.6
04/06/2025 12:30;486.6
04/06/2025 12:45;486.6
04/06/2025 13:00;486.6
04/06/2025 13:15;486.6
04/06/2025 13:30;486.6
04/06/2025 13:45;486.6
04/06/2025 14:00;486.6
04/06/2025 14:15;486.6
04/06/2025 14:30;486.6
04/06/2025 14:45;486.61
04/06/2025 15:00;486.61
04/06/2025 15:15;486.61
04/06/2025 15:30;486.61
04/06/2025 15:45;486.61
04/06/2025 16:00;486.61
04/06/2025 16:15;486.61
04/06/2025 16:30;486.61
04/06/2025 16:45;486.61
04/06/2025 17:00;486.62
04/06/2025 17:15;486.62
04/06/2025 17:30;486.62
04/06/2025 17:45;486.62
04/06/2025 18:00;486.62
04/06/2025 18:15;486.62
04/06/2025 18:30;486.62
04/06/2025 18:45;486.62
04/06/2025 19:00;486.62
04/06/2025 19:15;486.62
04/06/2025 19:30;486.62
04/06/2025 19:45;486.63
04/06/2025 20:00;486.63
04/06/2025 20:15;486.63
04/06/2025 20:30;486.63
04/06/2025 20:45;486.63
04/06/2025 21:00;486.63
04/06/2025 21:15;486.63
04/06/2025 21:30;486.63
04/06/2025 21:45;486.63
04/06/2025 22:00;486.63
04/06/2025 22:15;486.63
04/06/2025 22:30;486.64
04/06/2025 22:45;486.64
04/06/2025 23:00;486.64
04/06/2025 23:15;486.64
04/06/2025 23:30;486.64
04/06/2025 23:45;486.64
05/06/2025 00:00;486.64
05/06/2025 00:15;486.64
05/06/2025 00:30;486.64
05/06/2025 00:45;486.65
05/06/2025 01:00;486.65
05/06/2025 01:15;486.65
05/06/2025 01:30;486.65
05/06/2025 01:45;486.65
05/06/2025 02:00;486.65
05/06/2025 02:15;486.65
05/06/2025 02:30;486.65
05/06/2025 02:45;486.65
05/06/2025 03:00;486.65
05/06/2025 03:15;486.65
05/06/2025 03:30;486.66
05/06/2025 03:45;486.66
05/06/2025 04:00;486.66
05/06/2025 04:15;486.66
05/06/2025 04:30;486.66
05/06/2025 04:45;486.66
05/06/2025 05:00;486.66
05/06/2025 05:15;486.66
05/06/2025 05:30;486.66
05/06/2025 05:45;486.66
05/06/2025 06:00;486.66
05/06/2025 06:15;486.67
05/06/2025 06:30;486.67
05/06/2025 06:45;486.67
05/06/2025 07:00;486.67
05/06/2025 07:15;486.67
05/06/2025 07:30;486.67
05/06/2025 07:45;486.67
05/06/2025 08:00;486.67
05/06/2025 08:15;486.67
05/06/2025 08:30;486.67
05/06/2025 08:45;486.68
05/06/2025 09:00;486.68
05/06/2025 09:15;486.68
05/06/2025 09:30;486.68
05/06/2025 09:45;486.68
05/06/2025 10:00;486.68
05/06/2025 10:15;486.68
05/06/2025 10:30;486.68
05/06/2025 10:45;486.68
05/06/2025 11:00;486.68
05/06/2025 11:15;486.69
05/06/2025 11:30;486.69
05/06/2025 11:45;486.69
05/06/2025 12:00;486.69
05/06/2025 12:15;486.69
05/06/2025 12:30;486.69
05/06/2025 12:45;486.69
05/06/2025 13:00;486.69
05/06/2025 13:15;486.69
05/06/2025 13:30;486.69
05/06/2025 13:45;486.69
05/06/2025 14:00;486.69
05/06/2025 14:15;486.69
05/06/2025 14:30;486.69
05/06/2025 14:45;486.69
05/06/2025 15:00;486.69
05/06/2025 15:15;486.69
05/06/2025 15:30;486.69
05/06/2025 15:45;486.69
05/06/2025 16:00;486.69
05/06/2025 16:15;486.69
05/06/2025 16:30;486.69
05/06/2025 16:45;486.69
05/06/2025 17:00;486.69
05/06/2025 17:15;486.69
05/06/2025 17:30;486.69
05/06/2025 17:45;486.69
05/06/2025 18:00;486.69
05/06/2025 18:15;486.69
05/06/2025 18:30;486.69
05/06/2025 18:45;486.69
05/06/2025 19:00;486.69
05/06/2025 19:15;486.7
05/06/2025 19:30;486.69
05/06/2025 19:45;486.7
05/06/2025 20:00;486.69
05/06/2025 20:15;486.69
05/06/2025 20:30;486.69
05/06/2025 20:45;486.7
05/06/2025 21:00;486.7
05/06/2025 21:15;486.7
05/06/2025 21:30;486.7
05/06/2025 21:45;486.7
05/06/2025 22:00;486.7
05/06/2025 22:15;486.7
05/06/2025 22:30;486.7
05/06/2025 22:45;486.7
05/06/2025 23:00;486.7
05/06/2025 23:15;486.7
05/06/2025 23:30;486.7
05/06/2025 23:45;486.7
06/06/2025 00:00;486.7
06/06/2025 00:15;486.7
06/06/2025 00:30;486.7
06/06/2025 00:45;486.7
06/06/2025 01:00;486.7
06/06/2025 01:15;486.7
06/06/2025 01:30;486.7
06/06/2025 01:45;486.7
06/06/2025 02:00;486.7
06/06/2025 02:15;486.7
06/06/2025 02:30;486.7
06/06/2025 02:45;486.7
06/06/2025 03:00;486.7
06/06/2025 03:15;486.7
06/06/2025 03:30;486.7
06/06/2025 03:45;486.7
06/06/2025 04:00;486.71
06/06/2025 04:15;486.71
06/06/2025 04:30;486.7
06/06/2025 04:45;486.7
06/06/2025 05:00;486.7
06/06/2025 05:15;486.7
06/06/2025 05:30;486.7
06/06/2025 05:45;486.7
06/06/2025 06:00;486.71
06/06/2025 06:15;486.71
06/06/2025 06:30;486.71
06/06/2025 06:45;486.71
06/06/2025 07:00;486.71
06/06/2025 07:15;486.71
06/06/2025 07:30;486.71
06/06/2025 07:45;486.71
06/06/2025 08:00;486.71
06/06/2025 08:15;486.71
06/06/2025 08:30;486.71
06/06/2025 08:45;486.71
06/06/2025 09:00;486.71
06/06/2025 09:15;486.71
06/06/2025 09:30;486.71
06/06/2025 09:45;486.71
06/06/2025 10:00;486.71
06/06/2025 10:15;486.72
06/06/2025 10:30;486.72
06/06/2025 10:45;486.72
06/06/2025 11:00;486.72
06/06/2025 11:15;486.72
06/06/2025 11:30;486.72
06/06/2025 11:45;486.72
06/06/2025 12:00;486.72
06/06/2025 12:15;486.72
06/06/2025 12:30;486.72
06/06/2025 12:45;486.72
06/06/2025 13:00;486.71
06/06/2025 13:15;486.71
06/06/2025 13:30;486.71
06/06/2025 13:45;486.72
06/06/2025 14:00;486.72
06/06/2025 14:15;486.72
06/06/2025 14:30;486.72
06/06/2025 14:45;486.72
06/06/2025 15:00;486.72
06/06/2025 15:15;486.72
06/06/2025 15:30;486.72
06/06/2025 15:45;486.72
06/06/2025 16:00;486.72
06/06/2025 16:15;486.72
06/06/2025 16:30;486.72
06/06/2025 16:45;486.72
06/06/2025 17:00;486.72
06/06/2025 17:15;486.71
06/06/2025 17:30;486.72
06/06/2025 17:45;486.72
06/06/2025 18:00;486.72
06/06/2025 18:15;486.72
06/06/2025 18:30;486.71
06/06/2025 18:45;486.72
06/06/2025 19:00;486.72
06/06/2025 19:15;486.71
06/06/2025 19:30;486.72
06/06/2025 19:45;486.71
06/06/2025 20:00;486.71
06/06/2025 20:15;486.72
06/06/2025 20:30;486.72
06/06/2025 20:45;486.71
06/06/2025 21:00;486.71
06/06/2025 21:15;486.71
06/06/2025 21:30;486.71
06/06/2025 21:45;486.71
06/06/2025 22:00;486.71
06/06/2025 22:15;486.71
06/06/2025 22:30;486.72
06/06/2025 22:45;486.72
06/06/2025 23:00;486.71
06/06/2025 23:15;486.72
06/06/2025 23:30;486.72
06/06/2025 23:45;486.72
07/06/2025 00:00;486.72
07/06/2025 00:15;486.72
07/06/2025 00:30;486.72
07/06/2025 00:45;486.72
07/06/2025 01:00;486.71
07/06/2025 01:15;486.72
07/06/2025 01:30;486.72
07/06/2025 01:45;486.72
07/06/2025 02:00;486.72
07/06/2025 02:15;486.72
07/06/2025 02:30;486.72
07/06/2025 02:45;486.72
07/06/2025 03:00;486.72
07/06/2025 03:15;486.72
07/06/2025 03:30;486.72
07/06/2025 03:45;486.72
07/06/2025 04:00;486.72
07/06/2025 04:15;486.72
07/06/2025 04:30;486.72
07/06/2025 04:45;486.72
07/06/2025 05:00;486.72
07/06/2025 05:15;486.72
07/06/2025 05:30;486.72
07/06/2025 05:45;486.72
07/06/2025 06:00;486.72
07/06/2025 06:15;486.72
07/06/2025 06:30;486.72
07/06/2025 06:45;486.72
07/06/2025 07:00;486.72
07/06/2025 07:15;486.72
07/06/2025 07:30;486.72
07/06/2025 07:45;486.72
07/06/2025 08:00;486.72
07/06/2025 08:15;486.72
07/06/2025 08:30;486.72
07/06/2025 08:45;486.72
07/06/2025 09:00;486.72
07/06/2025 09:15;486.72
07/06/2025 09:30;486.72
07/06/2025 09:45;486.72
07/06/2025 10:00;486.72
07/06/2025 10:15;486.72
07/06/2025 10:30;486.72
07/06/2025 10:45;486.72
07/06/2025 11:00;486.72
07/06/2025 11:15;486.72
07/06/2025 11:30;486.72
07/06/2025 11:45;486.72
07/06/2025 12:00;486.72
07/06/2025 12:15;486.72
07/06/2025 12:30;486.72
07/06/2025 12:45;486.73
07/06/2025 13:00;486.73
07/06/2025 13:15;486.73
07/06/2025 13:30;486.74
07/06/2025 13:45;486.74
07/06/2025 14:00;486.73
07/06/2025 14:15;486.73
07/06/2025 14:30;486.73
07/06/2025 14:45;486.73
07/06/2025 15:00;486.73
07/06/2025 15:15;486.73
07/06/2025 15:30;486.73
07/06/2025 15:45;486.73
07/06/2025 16:00;486.73
07/06/2025 16:15;486.73
07/06/2025 16:30;486.73
07/06/2025 16:45;486.73
07/06/2025 17:00;486.73
07/06/2025 17:15;486.73
07/06/2025 17:30;486.73
07/06/2025 17:45;486.73
07/06/2025 18:00;486.73
07/06/2025 18:15;486.73
07/06/2025 18:30;486.73
07/06/2025 18:45;486.73
07/06/2025 19:00;486.73
07/06/2025 19:15;486.73
07/06/2025 19:30;486.73
07/06/2025 19:45;486.73
07/06/2025 20:00;486.73
07/06/2025 20:15;486.73
07/06/2025 20:30;486.73
07/06/2025 20:45;486.73
07/06/2025 21:00;486.73
07/06/2025 21:15;486.73
07/06/2025 21:30;486.73
07/06/2025 21:45;486.73
07/06/2025 22:00;486.73
07/06/2025 22:15;486.73
07/06/2025 22:30;486.73
07/06/2025 22:45;486.73
07/06/2025 23:00;486.73
07/06/2025 23:15;486.73
07/06/2025 23:30;486.73
07/06/2025 23:45;486.73
08/06/2025 00:00;486.73
08/06/2025 00:15;486.73
08/06/2025 00:30;486.73
08/06/2025 00:45;486.73
08/06/2025 01:00;486.73
08/06/2025 01:15;486.73
08/06/2025 01:30;486.73
08/06/2025 01:45;486.73
08/06/2025 02:00;486.73
08/06/2025 02:15;486.73
08/06/2025 02:30;486.73
08/06/2025 02:45;486.73
08/06/2025 03:00;486.73
08/06/2025 03:15;486.73
08/06/2025 03:30;486.73
08/06/2025 03:45;486.73
08/06/2025 04:00;486.73
08/06/2025 04:15;486.73
08/06/2025 04:30;486.73
08/06/2025 04:45;486.73
08/06/2025 05:00;486.73
08/06/2025 05:15;486.73
08/06/2025 05:30;486.73
08/06/2025 05:45;486.73
08/06/2025 06:00;486.73
08/06/2025 06:15;486.73
08/06/2025 06:30;486.73
08/06/2025 06:45;486.73
08/06/2025 07:00;486.73
08/06/2025 07:15;486.73
08/06/2025 07:30;486.73
08/06/2025 07:45;486.73
08/06/2025 08:00;486.73
08/06/2025 08:15;486.73
08/06/2025 08:30;486.73
08/06/2025 08:45;486.73
08/06/2025 09:00;486.73
08/06/2025 09:15;486.73
08/06/2025 09:30;486.73
08/06/2025 09:45;486.73
08/06/2025 10:00;486.73
08/06/2025 10:15;486.73
08/06/2025 10:30;486.73
08/06/2025 10:45;486.73
08/06/2025 11:00;486.73
08/06/2025 11:15;486.73
08/06/2025 11:30;486.73
08/06/2025 11:45;486.73
08/06/2025 12:00;486.73
08/06/2025 12:15;486.73
08/06/2025 12:30;486.73
08/06/2025 12:45;486.73
08/06/2025 13:00;486.73
08/06/2025 13:15;486.73
08/06/2025 13:30;486.73
08/06/2025 13:45;486.73
08/06/2025 14:00;486.73
08/06/2025 14:15;486.72
08/06/2025 14:30;486.73
08/06/2025 14:45;486.73
08/06/2025 15:00;486.73
08/06/2025 15:15;486.73
08/06/2025 15:30;486.73
08/06/2025 15:45;486.73
08/06/2025 16:00;486.73
08/06/2025 16:15;486.73
08/06/2025 16:30;486.73
08/06/2025 16:45;486.73
08/06/2025 17:00;486.73
08/06/2025 17:15;486.72
08/06/2025 17:30;486.72
08/06/2025 17:45;486.72
08/06/2025 18:00;486.72
08/06/2025 18:15;486.72
08/06/2025 18:30;486.72
08/06/2025 18:45;486.72
08/06/2025 19:00;486.72
08/06/2025 19:15;486.72
08/06/2025 19:30;486.72
08/06/2025 19:45;486.72
08/06/2025 20:00;486.72
08/06/2025 20:15;486.72
08/06/2025 20:30;486.72
08/06/2025 20:45;486.72
08/06/2025 21:00;486.71
08/06/2025 21:15;486.71
08/06/2025 21:30;486.71
08/06/2025 21:45;486.71
08/06/2025 22:00;486.71
08/06/2025 22:15;486.71
08/06/2025 22:30;486.71
08/06/2025 22:45;486.71
08/06/2025 23:00;486.71
08/06/2025 23:15;486.71
08/06/2025 23:30;486.71
08/06/2025 23:45;486.71
09/06/2025 00:00;486.71
09/06/2025 00:15;486.71
09/06/2025 00:30;486.7
09/06/2025 00:45;486.71
09/06/2025 01:00;486.7
09/06/2025 01:15;486.7
09/06/2025 01:30;486.7
09/06/2025 01:45;486.7
09/06/2025 02:00;486.7
09/06/2025 02:15;486.7
09/06/2025 02:30;486.7
09/06/2025 02:45;486.7
09/06/2025 03:00;486.7
09/06/2025 03:15;486.7
09/06/2025 03:30;486.7
09/06/2025 03:45;486.7
09/06/2025 04:00;486.7
09/06/2025 04:15;486.7
09/06/2025 04:30;486.7
09/06/2025 04:45;486.7
09/06/2025 05:00;486.7
09/06/2025 05:15;486.7
09/06/2025 05:30;486.7
09/06/2025 05:45;486.69
09/06/2025 06:00;486.69
09/06/2025 06:15;486.69
09/06/2025 06:30;486.69
09/06/2025 06:45;486.69
09/06/2025 07:00;486.7
09/06/2025 07:15;486.7
09/06/2025 07:30;486.7
09/06/2025 07:45;486.69
09/06/2025 08:00;486.7
09/06/2025 08:15;486.7
09/06/2025 08:30;486.69
09/06/2025 08:45;486.69
09/06/2025 09:00;486.69
09/06/2025 09:15;486.7
09/06/2025 09:30;486.69
09/06/2025 09:45;486.69
09/06/2025 10:00;486.69
09/06/2025 10:15;486.69
09/06/2025 10:30;486.69
09/06/2025 10:45;486.69
09/06/2025 11:00;486.69
09/06/2025 11:15;486.69
09/06/2025 11:30;486.69
09/06/2025 11:45;486.69
09/06/2025 12:00;486.69
09/06/2025 12:15;486.69
09/06/2025 12:30;486.69
09/06/2025 12:45;486.69
09/06/2025 13:00;486.68
09/06/2025 13:15;486.68
09/06/2025 13:30;486.68
09/06/2025 13:45;486.68
09/06/2025 14:00;486.68
09/06/2025 14:15;486.68
09/06/2025 14:30;486.68
09/06/2025 14:45;486.68
09/06/2025 15:00;486.68
09/06/2025 15:15;486.68
09/06/2025 15:30;486.68
09/06/2025 15:45;486.68
09/06/2025 16:00;486.68
09/06/2025 16:15;486.67
09/06/2025 16:30;486.67
09/06/2025 16:45;486.67
09/06/2025 17:00;486.67
09/06/2025 17:15;486.67
09/06/2025 17:30;486.67
09/06/2025 17:45;486.67
09/06/2025 18:00;486.67
09/06/2025 18:15;486.67
09/06/2025 18:30;486.67
09/06/2025 18:45;486.67
09/06/2025 19:00;486.67
09/06/2025 19:15;486.66
09/06/2025 19:30;486.66
09/06/2025 19:45;486.66
09/06/2025 20:00;486.66
09/06/2025 20:15;486.66
09/06/2025 20:30;486.66
09/06/2025 20:45;486.66
09/06/2025 21:00;486.65
09/06/2025 21:15;486.65
09/06/2025 21:30;486.65
09/06/2025 21:45;486.65
09/06/2025 22:00;486.65
09/06/2025 22:15;486.65
09/06/2025 22:30;486.65
09/06/2025 22:45;486.65
09/06/2025 23:00;486.64
09/06/2025 23:15;486.64
09/06/2025 23:30;486.64
09/06/2025 23:45;486.64
10/06/2025 00:00;486.64
10/06/2025 00:15;486.65
10/06/2025 00:30;486.64
10/06/2025 00:45;486.64
10/06/2025 01:00;486.65
10/06/2025 01:15;486.64
10/06/2025 01:30;486.64
10/06/2025 01:45;486.64
10/06/2025 02:00;486.64
10/06/2025 02:15;486.64
10/06/2025 02:30;486.64
10/06/2025 02:45;486.64
10/06/2025 03:00;486.64
10/06/2025 03:15;486.63
10/06/2025 03:30;486.64
10/06/2025 03:45;486.63
10/06/2025 04:00;486.63
10/06/2025 04:15;486.63
10/06/2025 04:30;486.63
10/06/2025 04:45;486.63
10/06/2025 05:00;486.63
10/06/2025 05:15;486.63
10/06/2025 05:30;486.63
10/06/2025 05:45;486.63
10/06/2025 06:00;486.62
10/06/2025 06:15;486.63
10/06/2025 06:30;486.63
10/06/2025 06:45;486.63
10/06/2025 07:00;486.62
10/06/2025 07:15;486.62
10/06/2025 07:30;486.62
10/06/2025 07:45;486.62
10/06/2025 08:00;486.62
10/06/2025 08:15;486.62
10/06/2025 08:30;486.62
10/06/2025 08:45;486.62
10/06/2025 09:00;486.62
10/06/2025 09:15;486.62
10/06/2025 09:30;486.62
10/06/2025 09:45;486.61
10/06/2025 10:00;486.61
10/06/2025 10:15;486.61
10/06/2025 10:30;486.61
10/06/2025 10:45;486.61
10/06/2025 11:00;486.61
10/06/2025 11:15;486.61
10/06/2025 11:30;486.61
10/06/2025 11:45;486.61
10/06/2025 12:00;486.6
10/06/2025 12:15;486.6
10/06/2025 12:30;486.6
10/06/2025 12:45;486.6
10/06/2025 13:00;486.6
10/06/2025 13:15;486.6
10/06/2025 13:30;486.6
10/06/2025 13:45;486.59
10/06/2025 14:00;486.58
10/06/2025 14:15;486.58
10/06/2025 14:30;486.59
10/06/2025 14:45;486.58
10/06/2025 15:00;486.58
10/06/2025 15:15;486.58
10/06/2025 15:30;486.58
10/06/2025 15:45;486.58
10/06/2025 16:00;486.58
10/06/2025 16:15;486.58
10/06/2025 16:30;486.58
10/06/2025 16:45;486.57
10/06/2025 17:00;486.57
10/06/2025 17:15;486.57
10/06/2025 17:30;486.57
10/06/2025 17:45;486.57
10/06/2025 18:00;486.57
10/06/2025 18:15;486.57
10/06/2025 18:30;486.57
10/06/2025 18:45;486.56
10/06/2025 19:00;486.56
10/06/2025 19:15;486.56
10/06/2025 19:30;486.56
10/06/2025 19:45;486.56
10/06/2025 20:00;486.56
10/06/2025 20:15;486.56
10/06/2025 20:30;486.56
10/06/2025 20:45;486.56
10/06/2025 21:00;486.55
10/06/2025 21:15;486.55
10/06/2025 21:30;486.56
10/06/2025 21:45;486.55
10/06/2025 22:00;486.55
10/06/2025 22:15;486.55
10/06/2025 22:30;486.55
10/06/2025 22:45;486.54
10/06/2025 23:00;486.54
10/06/2025 23:15;486.54
10/06/2025 23:30;486.54
10/06/2025 23:45;486.54
11/06/2025 00:00;486.53
11/06/2025 00:15;486.54
11/06/2025 00:30;486.54
11/06/2025 00:45;486.54
11/06/2025 01:00;486.54
11/06/2025 01:15;486.53
11/06/2025 01:30;486.53
11/06/2025 01:45;486.54
11/06/2025 02:00;486.54
11/06/2025 02:15;486.53
11/06/2025 02:30;486.54
11/06/2025 02:45;486.53
11/06/2025 03:00;486.54
11/06/2025 03:15;486.54
11/06/2025 03:30;486.53
11/06/2025 03:45;486.53
11/06/2025 04:00;486.53
11/06/2025 04:15;486.53
11/06/2025 04:30;486.53
11/06/2025 04:45;486.53
11/06/2025 05:00;486.53
11/06/2025 05:15;486.53
11/06/2025 05:30;486.52
11/06/2025 05:45;486.52
11/06/2025 06:00;486.52
11/06/2025 06:15;486.52
11/06/2025 06:30;486.52
11/06/2025 06:45;486.52
11/06/2025 07:00;486.52
11/06/2025 07:15;486.52
11/06/2025 07:30;486.51
11/06/2025 07:45;486.51
11/06/2025 08:00;486.52
11/06/2025 08:15;486.52
11/06/2025 08:30;486.51
11/06/2025 08:45;486.51
11/06/2025 09:00;486.51
11/06/2025 09:15;486.51
11/06/2025 09:30;486.51
11/06/2025 09:45;486.51
11/06/2025 10:00;486.51
11/06/2025 10:15;486.51
11/06/2025 10:30;486.5
11/06/2025 10:45;486.51
11/06/2025 11:00;486.5
11/06/2025 11:15;486.5
11/06/2025 11:30;486.5
11/06/2025 11:45;486.5
11/06/2025 12:00;486.5
11/06/2025 12:15;486.5
11/06/2025 12:30;486.5
11/06/2025 12:45;486.5
11/06/2025 13:00;486.5
11/06/2025 13:15;486.49
11/06/2025 13:30;486.49
11/06/2025 13:45;486.49
11/06/2025 14:00;486.49
11/06/2025 14:15;486.49
11/06/2025 14:30;486.49
11/06/2025 14:45;486.49
11/06/2025 15:00;486.49
11/06/2025 15:15;486.48
11/06/2025 15:30;486.48
11/06/2025 15:45;486.48
11/06/2025 16:00;486.48
11/06/2025 16:15;486.48
11/06/2025 16:30;486.48
11/06/2025 16:45;486.48
11/06/2025 17:00;486.48
11/06/2025 17:15;486.48
11/06/2025 17:30;486.48
11/06/2025 17:45;486.48
11/06/2025 18:00;486.48
11/06/2025 18:15;486.47
11/06/2025 18:30;486.47
11/06/2025 18:45;486.47
11/06/2025 19:00;486.47
11/06/2025 19:15;486.47
11/06/2025 19:30;486.46
11/06/2025 19:45;486.47
11/06/2025 20:00;486.46
11/06/2025 20:15;486.46
11/06/2025 20:30;486.46
11/06/2025 20:45;486.46
11/06/2025 21:00;486.46
11/06/2025 21:15;486.45
11/06/2025 21:30;486.45
11/06/2025 21:45;486.45
11/06/2025 22:00;486.45
11/06/2025 22:15;486.45
11/06/2025 22:30;486.44
11/06/2025 22:45;486.44
11/06/2025 23:00;486.44
11/06/2025 23:15;486.44
11/06/2025 23:30;486.44
11/06/2025 23:45;486.44
12/06/2025 00:00;486.44
12/06/2025 00:15;486.44
12/06/2025 00:30;486.44
12/06/2025 00:45;486.44
12/06/2025 01:00;486.44
12/06/2025 01:15;486.45
12/06/2025 01:30;486.44
12/06/2025 01:45;486.44
12/06/2025 02:00;486.44
12/06/2025 02:15;486.44
12/06/2025 02:30;486.44
12/06/2025 02:45;486.44
12/06/2025 03:00;486.43
12/06/2025 03:15;486.43
12/06/2025 03:30;486.44
12/06/2025 03:45;486.43
12/06/2025 04:00;486.43
12/06/2025 04:15;486.43
12/06/2025 04:30;486.43
12/06/2025 04:45;486.43
12/06/2025 05:00;486.43
12/06/2025 05:15;486.43
12/06/2025 05:30;486.43
12/06/2025 05:45;486.43
12/06/2025 06:00;486.43
12/06/2025 06:15;486.42
12/06/2025 06:30;486.42
12/06/2025 06:45;486.42
12/06/2025 07:00;486.42
12/06/2025 07:15;486.42
12/06/2025 07:30;486.42
12/06/2025 07:45;486.42
12/06/2025 08:00;486.42
12/06/2025 08:15;486.41
12/06/2025 08:30;486.41
12/06/2025 08:45;486.41
12/06/2025 09:00;486.41
12/06/2025 09:15;486.41
12/06/2025 09:30;486.41
12/06/2025 09:45;486.41
12/06/2025 10:00;486.4
12/06/2025 10:15;486.4
12/06/2025 10:30;486.4
12/06/2025 10:45;486.4
12/06/2025 11:00;486.4
12/06/2025 11:15;486.39
12/06/2025 11:30;486.4
12/06/2025 11:45;486.4
12/06/2025 12:00;486.4
12/06/2025 12:15;486.39
12/06/2025 12:30;486.39
12/06/2025 12:45;486.39
12/06/2025 13:00;486.39
12/06/2025 13:15;486.39
12/06/2025 13:30;486.39
12/06/2025 13:45;486.39
12/06/2025 14:00;486.38
12/06/2025 14:15;486.38
12/06/2025 14:30;486.38
12/06/2025 14:45;486.38
12/06/2025 15:00;486.38
12/06/2025 15:15;486.38
12/06/2025 15:30;486.38
12/06/2025 15:45;486.38
12/06/2025 16:00;486.37
12/06/2025 16:15;486.37
12/06/2025 16:30;486.37
12/06/2025 16:45;486.37
12/06/2025 17:00;486.37
12/06/2025 17:15;486.37
12/06/2025 17:30;486.37
12/06/2025 17:45;486.37
12/06/2025 18:00;486.37
12/06/2025 18:15;486.36
12/06/2025 18:30;486.36
12/06/2025 18:45;486.36
12/06/2025 19:00;486.36
12/06/2025 19:15;486.36
12/06/2025 19:30;486.35
12/06/2025 19:45;486.36
12/06/2025 20:00;486.35
12/06/2025 20:15;486.35
12/06/2025 20:30;486.35
12/06/2025 20:45;486.35
12/06/2025 21:00;486.35
12/06/2025 21:15;486.35
12/06/2025 21:30;486.35
12/06/2025 21:45;486.35
12/06/2025 22:00;486.34
12/06/2025 22:15;486.34
12/06/2025 22:30;486.34
12/06/2025 22:45;486.34
12/06/2025 23:00;486.34
12/06/2025 23:15;486.34
12/06/2025 23:30;486.34
12/06/2025 23:45;486.34
13/06/2025 00:00;486.33
13/06/2025 00:15;486.33
13/06/2025 00:30;486.34
13/06/2025 00:45;486.33
13/06/2025 01:00;486.33
13/06/2025 01:15;486.33
13/06/2025 01:30;486.33
13/06/2025 01:45;486.33
13/06/2025 02:00;486.33
13/06/2025 02:15;486.33
13/06/2025 02:30;486.33
13/06/2025 02:45;486.33
13/06/2025 03:00;486.33
13/06/2025 03:15;486.32
13/06/2025 03:30;486.32
13/06/2025 03:45;486.32
13/06/2025 04:00;486.32
13/06/2025 04:15;486.32
13/06/2025 04:30;486.32
13/06/2025 04:45;486.32
13/06/2025 05:00;486.32
13/06/2025 05:15;486.32
13/06/2025 05:30;486.32
13/06/2025 05:45;486.32
13/06/2025 06:00;486.31
13/06/2025 06:15;486.31
13/06/2025 06:30;486.31
13/06/2025 06:45;486.31
13/06/2025 07:00;486.31
13/06/2025 07:15;486.31
13/06/2025 07:30;486.31
13/06/2025 07:45;486.31
13/06/2025 08:00;486.31
13/06/2025 08:15;486.3
13/06/2025 08:30;486.3
13/06/2025 08:45;486.3
13/06/2025 09:00;486.3
13/06/2025 09:15;486.3
13/06/2025 09:30;486.3
13/06/2025 09:45;486.3
13/06/2025 10:00;486.3
13/06/2025 10:15;486.3
13/06/2025 10:30;486.3
13/06/2025 10:45;486.29
13/06/2025 11:00;486.29
13/06/2025 11:15;486.29
13/06/2025 11:30;486.29
13/06/2025 11:45;486.29
13/06/2025 12:00;486.29
13/06/2025 12:15;486.25
13/06/2025 12:30;486.25
13/06/2025 12:45;486.25
13/06/2025 13:00;486.25
13/06/2025 13:15;486.25
13/06/2025 13:30;486.25
13/06/2025 13:45;486.25
13/06/2025 14:00;486.25
13/06/2025 14:15;486.25
13/06/2025 14:30;486.25
13/06/2025 14:45;486.25
13/06/2025 15:00;486.25
13/06/2025 15:15;486.25
13/06/2025 15:30;486.25
13/06/2025 15:45;486.25
13/06/2025 16:00;486.25
13/06/2025 16:15;486.24
13/06/2025 16:30;486.25
13/06/2025 16:45;486.24
13/06/2025 17:00;486.24
13/06/2025 17:15;486.24
13/06/2025 17:30;486.24
13/06/2025 17:45;486.24
13/06/2025 18:00;486.24
13/06/2025 18:15;486.24
13/06/2025 18:30;486.24
13/06/2025 18:45;486.24
13/06/2025 19:00;486.23
13/06/2025 19:15;486.22
13/06/2025 19:30;486.23
13/06/2025 19:45;486.24
13/06/2025 20:00;486.24
13/06/2025 20:15;486.24
13/06/2025 20:30;486.24
13/06/2025 20:45;486.23
13/06/2025 21:00;486.24
13/06/2025 21:15;486.23
13/06/2025 21:30;486.23
13/06/2025 21:45;486.23
13/06/2025 22:00;486.23
13/06/2025 22:15;486.23
13/06/2025 22:30;486.22
13/06/2025 22:45;486.22
13/06/2025 23:00;486.22
13/06/2025 23:15;486.22
13/06/2025 23:30;486.22
13/06/2025 23:45;486.22
14/06/2025 00:00;486.22
14/06/2025 00:15;486.22
14/06/2025 00:30;486.22
14/06/2025 00:45;486.22
14/06/2025 01:00;486.22
14/06/2025 01:15;486.22
14/06/2025 01:30;486.22
14/06/2025 01:45;486.22
14/06/2025 02:00;486.22
14/06/2025 02:15;486.22
14/06/2025 02:30;486.22
14/06/2025 02:45;486.21
14/06/2025 03:00;486.21
14/06/2025 03:15;486.21
14/06/2025 03:30;486.21
14/06/2025 03:45;486.21
14/06/2025 04:00;486.21
14/06/2025 04:15;486.21
14/06/2025 04:30;486.21
14/06/2025 04:45;486.21
14/06/2025 05:00;486.21
14/06/2025 05:15;486.21
14/06/2025 05:30;486.21
14/06/2025 05:45;486.21
14/06/2025 06:00;486.2
14/06/2025 06:15;486.2
14/06/2025 06:30;486.2
14/06/2025 06:45;486.2
14/06/2025 07:00;486.2
14/06/2025 07:15;486.2
14/06/2025 07:30;486.2
14/06/2025 07:45;486.2
14/06/2025 08:00;486.2
14/06/2025 08:15;486.2
14/06/2025 08:30;486.2
14/06/2025 08:45;486.19
14/06/2025 09:00;486.19
14/06/2025 09:15;486.19
14/06/2025 09:30;486.19
14/06/2025 09:45;486.19
14/06/2025 10:00;486.19
14/06/2025 10:15;486.19
14/06/2025 10:30;486.19
14/06/2025 10:45;486.19
14/06/2025 11:00;486.19
14/06/2025 11:15;486.18
14/06/2025 11:30;486.18
14/06/2025 11:45;486.18
14/06/2025 12:00;486.18
14/06/2025 12:15;486.18
14/06/2025 12:30;486.18
14/06/2025 12:45;486.18
14/06/2025 13:00;486.18
14/06/2025 13:15;486.18
14/06/2025 13:30;486.18
14/06/2025 13:45;486.18
14/06/2025 14:00;486.18
14/06/2025 14:15;486.17
14/06/2025 14:30;486.18
14/06/2025 14:45;486.17
14/06/2025 15:00;486.17
14/06/2025 15:15;486.17
14/06/2025 15:30;486.17
14/06/2025 15:45;486.17
14/06/2025 16:00;486.17
14/06/2025 16:15;486.17
14/06/2025 16:30;486.17
14/06/2025 16:45;486.17
14/06/2025 17:00;486.17
14/06/2025 17:15;486.17
14/06/2025 17:30;486.17
14/06/2025 17:45;486.17
14/06/2025 18:00;486.17
14/06/2025 18:15;486.16
14/06/2025 18:30;486.16
14/06/2025 18:45;486.16
14/06/2025 19:00;486.16
14/06/2025 19:15;486.16
14/06/2025 19:30;486.16
14/06/2025 19:45;486.16
14/06/2025 20:00;486.16
14/06/2025 20:15;486.16
14/06/2025 20:30;486.16
14/06/2025 20:45;486.15
14/06/2025 21:00;486.16
14/06/2025 21:15;486.15
14/06/2025 21:30;486.15
14/06/2025 21:45;486.15
14/06/2025 22:00;486.15
14/06/2025 22:15;486.15
14/06/2025 22:30;486.15
14/06/2025 22:45;486.15
14/06/2025 23:00;486.15
14/06/2025 23:15;486.15
14/06/2025 23:30;486.14
14/06/2025 23:45;486.15
15/06/2025 00:00;486.14
15/06/2025 00:15;486.14
15/06/2025 00:30;486.14
15/06/2025 00:45;486.14
15/06/2025 01:00;486.14
15/06/2025 01:15;486.14
15/06/2025 01:30;486.14
15/06/2025 01:45;486.14
15/06/2025 02:00;486.14
15/06/2025 02:15;486.14
15/06/2025 02:30;486.13
15/06/2025 02:45;486.13
15/06/2025 03:00;486.13
15/06/2025 03:15;486.13
15/06/2025 03:30;486.13
15/06/2025 03:45;486.13
15/06/2025 04:00;486.13
15/06/2025 04:15;486.13
15/06/2025 04:30;486.13
15/06/2025 04:45;486.13
15/06/2025 05:00;486.13
15/06/2025 05:15;486.13
15/06/2025 05:30;486.13
15/06/2025 05:45;486.13
15/06/2025 06:00;486.13
15/06/2025 06:15;486.13
15/06/2025 06:30;486.13
15/06/2025 06:45;486.13
15/06/2025 07:00;486.12
15/06/2025 07:15;486.12
15/06/2025 07:30;486.13
15/06/2025 07:45;486.12
15/06/2025 08:00;486.12
15/06/2025 08:15;486.12
15/06/2025 08:30;486.12
15/06/2025 08:45;486.12
15/06/2025 09:00;486.12
15/06/2025 09:15;486.12
15/06/2025 09:30;486.12
15/06/2025 09:45;486.12
15/06/2025 10:00;486.12
15/06/2025 10:15;486.12
15/06/2025 10:30;486.12
15/06/2025 10:45;486.11
15/06/2025 11:00;486.12
15/06/2025 11:15;486.11
15/06/2025 11:30;486.11
15/06/2025 11:45;486.11
15/06/2025 12:00;486.11
15/06/2025 12:15;486.11
15/06/2025 12:30;486.11
15/06/2025 12:45;486.11
15/06/2025 13:00;486.11
15/06/2025 13:15;486.11
15/06/2025 13:30;486.11
15/06/2025 13:45;486.1
15/06/2025 14:00;486.1
15/06/2025 14:15;486.1
15/06/2025 14:30;486.1
15/06/2025 14:45;486.1
15/06/2025 15:00;486.1
15/06/2025 15:15;486.1
15/06/2025 15:30;486.1
15/06/2025 15:45;486.1
15/06/2025 16:00;486.09
15/06/2025 16:15;486.09
15/06/2025 16:30;486.09
15/06/2025 16:45;486.09
15/06/2025 17:00;486.09
15/06/2025 17:15;486.09
15/06/2025 17:30;486.09
15/06/2025 17:45;486.09
15/06/2025 18:00;486.09
15/06/2025 18:15;486.09
15/06/2025 18:30;486.08
15/06/2025 18:45;486.08
15/06/2025 19:00;486.08
15/06/2025 19:15;486.08
15/06/2025 19:30;486.08
15/06/2025 19:45;486.08
15/06/2025 20:00;486.08
15/06/2025 20:15;486.08
15/06/2025 20:30;486.08
15/06/2025 20:45;486.08
15/06/2025 21:00;486.07
15/06/2025 21:15;486.07
15/06/2025 21:30;486.07
15/06/2025 21:45;486.07
15/06/2025 22:00;486.07
15/06/2025 22:15;486.07
15/06/2025 22:30;486.07
15/06/2025 22:45;486.07
15/06/2025 23:00;486.07
15/06/2025 23:15;486.07
15/06/2025 23:30;486.06
15/06/2025 23:45;486.06
16/06/2025 00:00;486.06
16/06/2025 00:15;486.06
16/06/2025 00:30;486.06
16/06/2025 00:45;486.06
16/06/2025 01:00;486.06
16/06/2025 01:15;486.06
16/06/2025 01:30;486.06
16/06/2025 01:45;486.06
16/06/2025 02:00;486.06
16/06/2025 02:15;486.06
16/06/2025 02:30;486.06
16/06/2025 02:45;486.05
16/06/2025 03:00;486.05
16/06/2025 03:15;486.05
16/06/2025 03:30;486.05
16/06/2025 03:45;486.05
16/06/2025 04:00;486.05
16/06/2025 04:15;486.05
16/06/2025 04:30;486.05
16/06/2025 04:45;486.05
16/06/2025 05:00;486.05
16/06/2025 05:15;486.05
16/06/2025 05:30;486.05
16/06/2025 05:45;486.05
16/06/2025 06:00;486.05
16/06/2025 06:15;486.05
16/06/2025 06:30;486.05
16/06/2025 06:45;486.04
16/06/2025 07:00;486.04
16/06/2025 07:15;486.04
16/06/2025 07:30;486.04
16/06/2025 07:45;486.04
16/06/2025 08:00;486.04
16/06/2025 08:15;486.04
16/06/2025 08:30;486.04
16/06/2025 08:45;486.04
16/06/2025 09:00;486.03
16/06/2025 09:15;486.03
16/06/2025 09:30;486.03
16/06/2025 09:45;486.03
16/06/2025 10:00;486.03
16/06/2025 10:15;486.03
16/06/2025 10:30;486.03
16/06/2025 10:45;486.03
16/06/2025 11:00;486.03
16/06/2025 11:15;486.03
16/06/2025 11:30;486.03
16/06/2025 11:45;486.03
16/06/2025 12:00;486.03
16/06/2025 12:15;486.03
16/06/2025 12:30;486.03
16/06/2025 12:45;486.03
16/06/2025 13:00;486.03
16/06/2025 13:15;486.02
16/06/2025 13:30;486.02
16/06/2025 13:45;486.02
16/06/2025 14:00;486.02
16/06/2025 14:15;486.02
16/06/2025 14:30;486.02
16/06/2025 14:45;486.02
16/06/2025 15:00;486.02
16/06/2025 15:15;486.02
16/06/2025 15:30;486.02
16/06/2025 15:45;486.02
16/06/2025 16:00;486.01
16/06/2025 16:15;486.01
16/06/2025 16:30;486.01
16/06/2025 16:45;486.01
16/06/2025 17:00;486.01
16/06/2025 17:15;486.01
16/06/2025 17:30;486.01
16/06/2025 17:45;486.01
16/06/2025 18:00;486.01
16/06/2025 18:15;486.01
16/06/2025 18:30;486.01
16/06/2025 18:45;486
16/06/2025 19:00;486
16/06/2025 19:15;486
16/06/2025 19:30;486
16/06/2025 19:45;486
16/06/2025 20:00;486
16/06/2025 20:15;486
16/06/2025 20:30;485.99
16/06/2025 20:45;485.99
16/06/2025 21:00;485.99
16/06/2025 21:15;485.99
16/06/2025 21:30;485.99
16/06/2025 21:45;485.99
16/06/2025 22:00;485.99
16/06/2025 22:15;485.99
16/06/2025 22:30;485.98
16/06/2025 22:45;485.98
16/06/2025 23:00;485.98
16/06/2025 23:15;485.98
16/06/2025 23:30;485.98
16/06/2025 23:45;485.98
17/06/2025 00:00;485.98
17/06/2025 00:15;485.98
17/06/2025 00:30;485.98
17/06/2025 00:45;485.98
17/06/2025 01:00;485.98
17/06/2025 01:15;485.98
17/06/2025 01:30;485.98
17/06/2025 01:45;485.97
17/06/2025 02:00;485.97
17/06/2025 02:15;485.97
17/06/2025 02:30;485.97
17/06/2025 02:45;485.97
17/06/2025 03:00;485.97
17/06/2025 03:15;485.97
17/06/2025 03:30;485.97
17/06/2025 03:45;485.97
17/06/2025 04:00;485.97
17/06/2025 04:15;485.97
17/06/2025 04:30;485.97
17/06/2025 04:45;485.97
17/06/2025 05:00;485.97
17/06/2025 05:15;485.97
17/06/2025 05:30;485.97
17/06/2025 05:45;485.97
17/06/2025 06:00;485.97
17/06/2025 06:15;485.97
17/06/2025 06:30;485.97
17/06/2025 06:45;485.96
17/06/2025 07:00;485.96
17/06/2025 07:15;485.96
17/06/2025 07:30;485.96
17/06/2025 07:45;485.96
17/06/2025 08:00;485.96
17/06/2025 08:15;485.96
17/06/2025 08:30;485.96
17/06/2025 08:45;485.96
17/06/2025 09:00;485.96
17/06/2025 09:15;485.96
17/06/2025 09:30;485.96
17/06/2025 09:45;485.96
17/06/2025 10:00;485.96
17/06/2025 10:15;485.96
17/06/2025 10:30;485.96
17/06/2025 10:45;485.95
17/06/2025 11:00;485.95
17/06/2025 11:15;485.95
17/06/2025 11:30;485.95
17/06/2025 11:45;485.95
17/06/2025 12:00;485.95
17/06/2025 12:15;485.95
17/06/2025 12:30;485.95
17/06/2025 12:45;485.95
17/06/2025 13:00;485.95
17/06/2025 13:15;485.95
17/06/2025 13:30;485.94
17/06/2025 13:45;485.94
17/06/2025 14:00;485.94
17/06/2025 14:15;485.94
17/06/2025 14:30;485.94
17/06/2025 14:45;485.94
17/06/2025 15:00;485.94
17/06/2025 15:15;485.94
17/06/2025 15:30;485.94
17/06/2025 15:45;485.93
17/06/2025 16:00;485.93
17/06/2025 16:15;485.93
17/06/2025 16:30;485.93
17/06/2025 16:45;485.93
17/06/2025 17:00;485.93
17/06/2025 17:15;485.93
17/06/2025 17:30;485.93
17/06/2025 17:45;485.92
17/06/2025 18:00;485.93
17/06/2025 18:15;485.92
17/06/2025 18:30;485.93
17/06/2025 18:45;485.92
17/06/2025 19:00;485.92
17/06/2025 19:15;485.92
17/06/2025 19:30;485.92
17/06/2025 19:45;485.92
17/06/2025 20:00;485.92
17/06/2025 20:15;485.92
17/06/2025 20:30;485.91
17/06/2025 20:45;485.91
17/06/2025 21:00;485.91
17/06/2025 21:15;485.91
17/06/2025 21:30;485.91
17/06/2025 21:45;485.91
17/06/2025 22:00;485.91
17/06/2025 22:15;485.91
17/06/2025 22:30;485.9
17/06/2025 22:45;485.9
17/06/2025 23:00;485.9
17/06/2025 23:15;485.9
17/06/2025 23:30;485.9
17/06/2025 23:45;485.9
18/06/2025 00:00;485.9
18/06/2025 00:15;485.9
18/06/2025 00:30;485.9
18/06/2025 00:45;485.9
18/06/2025 01:00;485.9
18/06/2025 01:15;485.89
18/06/2025 01:30;485.89
18/06/2025 01:45;485.89
18/06/2025 02:00;485.89
18/06/2025 02:15;485.89
18/06/2025 02:30;485.89
18/06/2025 02:45;485.89
18/06/2025 03:00;485.89
18/06/2025 03:15;485.89
18/06/2025 03:30;485.89
18/06/2025 03:45;485.89
18/06/2025 04:00;485.88
18/06/2025 04:15;485.89
18/06/2025 04:30;485.88
18/06/2025 04:45;485.88
18/06/2025 05:00;485.88
18/06/2025 05:15;485.88
18/06/2025 05:30;485.88
18/06/2025 05:45;485.88
18/06/2025 06:00;485.88
18/06/2025 06:15;485.88
18/06/2025 06:30;485.88
18/06/2025 06:45;485.88
18/06/2025 07:00;485.88
18/06/2025 07:15;485.88
18/06/2025 07:30;485.88
18/06/2025 07:45;485.88
18/06/2025 08:00;485.88
18/06/2025 08:15;485.88
18/06/2025 08:30;485.88
18/06/2025 08:45;485.88
18/06/2025 09:00;485.88
18/06/2025 09:15;485.88
18/06/2025 09:30;485.87
18/06/2025 09:45;485.87
18/06/2025 10:00;485.87
18/06/2025 10:15;485.87
18/06/2025 10:30;485.87
18/06/2025 10:45;485.87
18/06/2025 11:00;485.87
18/06/2025 11:15;485.87
18/06/2025 11:30;485.87
18/06/2025 11:45;485.87
18/06/2025 12:00;485.87
18/06/2025 12:15;485.87
18/06/2025 12:30;485.86
18/06/2025 12:45;485.86
18/06/2025 13:00;485.86
18/06/2025 13:15;485.86
18/06/2025 13:30;485.86
18/06/2025 13:45;485.86
18/06/2025 14:00;485.86
18/06/2025 14:15;485.86
18/06/2025 14:30;485.86
18/06/2025 14:45;485.85
18/06/2025 15:00;485.85
18/06/2025 15:15;485.85
18/06/2025 15:30;485.85
18/06/2025 15:45;485.85
18/06/2025 16:00;485.85
18/06/2025 16:15;485.85
18/06/2025 16:30;485.85
18/06/2025 16:45;485.84
18/06/2025 17:00;485.84
18/06/2025 17:15;485.84
18/06/2025 17:30;485.84
18/06/2025 17:45;485.84
18/06/2025 18:00;485.84
18/06/2025 18:15;485.84
18/06/2025 18:30;485.83
18/06/2025 18:45;485.83
18/06/2025 19:00;485.83
18/06/2025 19:15;485.83
18/06/2025 19:30;485.83
18/06/2025 19:45;485.83
18/06/2025 20:00;485.83
18/06/2025 20:15;485.83
18/06/2025 20:30;485.82
18/06/2025 20:45;485.82
18/06/2025 21:00;485.82
18/06/2025 21:15;485.82
18/06/2025 21:30;485.82
18/06/2025 21:45;485.82
18/06/2025 22:00;485.82
18/06/2025 22:15;485.81
18/06/2025 22:30;485.81
18/06/2025 22:45;485.81
18/06/2025 23:00;485.81
18/06/2025 23:15;485.81
18/06/2025 23:30;485.81
18/06/2025 23:45;485.81
19/06/2025 00:00;485.81
19/06/2025 00:15;485.81
19/06/2025 00:30;485.8
19/06/2025 00:45;485.8
19/06/2025 01:00;485.8
19/06/2025 01:15;485.8
19/06/2025 01:30;485.8
19/06/2025 01:45;485.8
19/06/2025 02:00;485.8
19/06/2025 02:15;485.8
19/06/2025 02:30;485.8
19/06/2025 02:45;485.79
19/06/2025 03:00;485.79
19/06/2025 03:15;485.79
19/06/2025 03:30;485.79
19/06/2025 03:45;485.79
19/06/2025 04:00;485.79
19/06/2025 04:15;485.79
19/06/2025 04:30;485.79
19/06/2025 04:45;485.78
19/06/2025 05:00;485.78
19/06/2025 05:15;485.78
19/06/2025 05:30;485.78
19/06/2025 05:45;485.78
19/06/2025 06:00;485.78
19/06/2025 06:15;485.78
19/06/2025 06:30;485.78
19/06/2025 06:45;485.78
19/06/2025 07:00;485.78
19/06/2025 07:15;485.78
19/06/2025 07:30;485.77
19/06/2025 07:45;485.77
19/06/2025 08:00;485.77
19/06/2025 08:15;485.77
19/06/2025 08:30;485.77
19/06/2025 08:45;485.77
19/06/2025 09:00;485.77
19/06/2025 09:15;485.77
19/06/2025 09:30;485.77
19/06/2025 09:45;485.76
19/06/2025 10:00;485.76
19/06/2025 10:15;485.76
19/06/2025 10:30;485.76
19/06/2025 10:45;485.76
19/06/2025 11:00;485.76
19/06/2025 11:15;485.76
19/06/2025 11:30;485.76
19/06/2025 11:45;485.76
19/06/2025 12:00;485.76
19/06/2025 12:15;485.75
19/06/2025 12:30;485.75
19/06/2025 12:45;485.75
19/06/2025 13:00;485.75
19/06/2025 13:15;485.75
19/06/2025 13:30;485.75
19/06/2025 13:45;485.74
19/06/2025 14:00;485.74
19/06/2025 14:15;485.74
19/06/2025 14:30;485.74
19/06/2025 14:45;485.74
19/06/2025 15:00;485.74
19/06/2025 15:15;485.74
19/06/2025 15:30;485.73
19/06/2025 15:45;485.73
19/06/2025 16:00;485.73
19/06/2025 16:15;485.73
19/06/2025 16:30;485.73
19/06/2025 16:45;485.73
19/06/2025 17:00;485.72
19/06/2025 17:15;485.72
19/06/2025 17:30;485.72
19/06/2025 17:45;485.72
19/06/2025 18:00;485.72
19/06/2025 18:15;485.71
19/06/2025 18:30;485.71
19/06/2025 18:45;485.71
19/06/2025 19:00;485.71
19/06/2025 19:15;485.71
19/06/2025 19:30;485.7
19/06/2025 19:45;485.7
19/06/2025 20:00;485.7
19/06/2025 20:15;485.7
19/06/2025 20:30;485.7
19/06/2025 20:45;485.7
19/06/2025 21:00;485.7
19/06/2025 21:15;485.7
19/06/2025 21:30;485.69
19/06/2025 21:45;485.69
19/06/2025 22:00;485.69
19/06/2025 22:15;485.69
19/06/2025 22:30;485.69
19/06/2025 22:45;485.69
19/06/2025 23:00;485.69
19/06/2025 23:15;485.68
19/06/2025 23:30;485.68
19/06/2025 23:45;485.68
20/06/2025 00:00;485.68
20/06/2025 00:15;485.68
20/06/2025 00:30;485.68
20/06/2025 00:45;485.68
20/06/2025 01:00;485.67
20/06/2025 01:15;485.67
20/06/2025 01:30;485.67
20/06/2025 01:45;485.67
20/06/2025 02:00;485.67
20/06/2025 02:15;485.66
20/06/2025 02:30;485.66
20/06/2025 02:45;485.66
20/06/2025 03:00;485.66
20/06/2025 03:15;485.66
20/06/2025 03:30;485.66
20/06/2025 03:45;485.66
20/06/2025 04:00;485.66
20/06/2025 04:15;485.66
20/06/2025 04:30;485.66
20/06/2025 04:45;485.66
20/06/2025 05:00;485.65
20/06/2025 05:15;485.65
20/06/2025 05:30;485.65
20/06/2025 05:45;485.65
20/06/2025 06:00;485.65
20/06/2025 06:15;485.65
20/06/2025 06:30;485.64
20/06/2025 06:45;485.64
20/06/2025 07:00;485.64
20/06/2025 07:15;485.64
20/06/2025 07:30;485.64
20/06/2025 07:45;485.64
20/06/2025 08:00;485.64
20/06/2025 08:15;485.64
20/06/2025 08:30;485.64
20/06/2025 08:45;485.64
20/06/2025 09:00;485.64
20/06/2025 09:15;485.63
20/06/2025 09:30;485.63
20/06/2025 09:45;485.63
20/06/2025 10:00;485.63
20/06/2025 10:15;485.63
20/06/2025 10:30;485.63
20/06/2025 10:45;485.63
20/06/2025 11:00;485.63
20/06/2025 11:15;485.62
20/06/2025 11:30;485.62
20/06/2025 11:45;485.62
20/06/2025 12:00;485.62
20/06/2025 12:15;485.62
20/06/2025 12:30;485.62
20/06/2025 12:45;485.62
20/06/2025 13:00;485.61
20/06/2025 13:15;485.61
20/06/2025 13:30;485.61
20/06/2025 13:45;485.61
20/06/2025 14:00;485.61
20/06/2025 14:15;485.6
20/06/2025 14:30;485.6
20/06/2025 14:45;485.6
20/06/2025 15:00;485.6
20/06/2025 15:15;485.6
20/06/2025 15:30;485.6
20/06/2025 15:45;485.6
20/06/2025 16:00;485.6
20/06/2025 16:15;485.59
20/06/2025 16:30;485.6
20/06/2025 16:45;485.6
20/06/2025 17:00;485.6
20/06/2025 17:15;485.6
20/06/2025 17:30;485.6
20/06/2025 17:45;485.6
20/06/2025 18:00;485.59
20/06/2025 18:15;485.59
20/06/2025 18:30;485.59
20/06/2025 18:45;485.58
20/06/2025 19:00;485.58
20/06/2025 19:15;485.58
20/06/2025 19:30;485.58
20/06/2025 19:45;485.58
20/06/2025 20:00;485.57
20/06/2025 20:15;485.57
20/06/2025 20:30;485.57
20/06/2025 20:45;485.57
20/06/2025 21:00;485.57
20/06/2025 21:15;485.57
20/06/2025 21:30;485.56
20/06/2025 21:45;485.56
20/06/2025 22:00;485.56
20/06/2025 22:15;485.56
20/06/2025 22:30;485.56
20/06/2025 22:45;485.56
20/06/2025 23:00;485.55
20/06/2025 23:15;485.55
20/06/2025 23:30;485.55
20/06/2025 23:45;485.55
21/06/2025 00:00;485.55
21/06/2025 00:15;485.55
21/06/2025 00:30;485.55
21/06/2025 00:45;485.55
21/06/2025 01:00;485.54
21/06/2025 01:15;485.54
21/06/2025 01:30;485.54
21/06/2025 01:45;485.54
21/06/2025 02:00;485.54
21/06/2025 02:15;485.54
21/06/2025 02:30;485.54
21/06/2025 02:45;485.54
21/06/2025 03:00;485.53
21/06/2025 03:15;485.53
21/06/2025 03:30;485.53
21/06/2025 03:45;485.53
21/06/2025 04:00;485.53
21/06/2025 04:15;485.53
21/06/2025 04:30;485.53
21/06/2025 04:45;485.53
21/06/2025 05:00;485.52
21/06/2025 05:15;485.52
21/06/2025 05:30;485.52
21/06/2025 05:45;485.52
21/06/2025 06:00;485.52
21/06/2025 06:15;485.52
21/06/2025 06:30;485.52
21/06/2025 06:45;485.51
21/06/2025 07:00;485.51
21/06/2025 07:15;485.51
21/06/2025 07:30;485.51
21/06/2025 07:45;485.51
21/06/2025 08:00;485.51
21/06/2025 08:15;485.51
21/06/2025 08:30;485.51
21/06/2025 08:45;485.5
21/06/2025 09:00;485.5
21/06/2025 09:15;485.5
21/06/2025 09:30;485.5
21/06/2025 09:45;485.5
21/06/2025 10:00;485.5
21/06/2025 10:15;485.5
21/06/2025 10:30;485.5
21/06/2025 10:45;485.49
21/06/2025 11:00;485.49
21/06/2025 11:15;485.49
21/06/2025 11:30;485.49
21/06/2025 11:45;485.49
21/06/2025 12:00;485.49
21/06/2025 12:15;485.48
21/06/2025 12:30;485.48
21/06/2025 12:45;485.48
21/06/2025 13:00;485.48
21/06/2025 13:15;485.48
21/06/2025 13:30;485.48
21/06/2025 13:45;485.48
21/06/2025 14:00;485.47
21/06/2025 14:15;485.47
21/06/2025 14:30;485.47
21/06/2025 14:45;485.47
21/06/2025 15:00;485.47
21/06/2025 15:15;485.47
21/06/2025 15:30;485.46
21/06/2025 15:45;485.46
21/06/2025 16:00;485.46
21/06/2025 16:15;485.46
21/06/2025 16:30;485.45
21/06/2025 16:45;485.45
21/06/2025 17:00;485.45
21/06/2025 17:15;485.45
21/06/2025 17:30;485.45
21/06/2025 17:45;485.45
21/06/2025 18:00;485.45
21/06/2025 18:15;485.44
21/06/2025 18:30;485.44
21/06/2025 18:45;485.44
21/06/2025 19:00;485.44
21/06/2025 19:15;485.43
21/06/2025 19:30;485.43
21/06/2025 19:45;485.43
21/06/2025 20:00;485.43
21/06/2025 20:15;485.43
21/06/2025 20:30;485.43
21/06/2025 20:45;485.42
21/06/2025 21:00;485.42
21/06/2025 21:15;485.42
21/06/2025 21:30;485.42
21/06/2025 21:45;485.42
21/06/2025 22:00;485.42
21/06/2025 22:15;485.41
21/06/2025 22:30;485.41
21/06/2025 22:45;485.41
21/06/2025 23:00;485.41
21/06/2025 23:15;485.41
21/06/2025 23:30;485.41
21/06/2025 23:45;485.4
22/06/2025 00:00;485.4
22/06/2025 00:15;485.4
22/06/2025 00:30;485.4
22/06/2025 00:45;485.4
22/06/2025 01:00;485.39
22/06/2025 01:15;485.39
22/06/2025 01:30;485.4
22/06/2025 01:45;485.39
22/06/2025 02:00;485.39
22/06/2025 02:15;485.4
22/06/2025 02:30;485.39
22/06/2025 02:45;485.39
22/06/2025 03:00;485.39
22/06/2025 03:15;485.38
22/06/2025 03:30;485.39
22/06/2025 03:45;485.38
22/06/2025 04:00;485.38
22/06/2025 04:15;485.38
22/06/2025 04:30;485.38
22/06/2025 04:45;485.38
22/06/2025 05:00;485.37
22/06/2025 05:15;485.37
22/06/2025 05:30;485.37
22/06/2025 05:45;485.37
22/06/2025 06:00;485.37
22/06/2025 06:15;485.36
22/06/2025 06:30;485.36
22/06/2025 06:45;485.35
22/06/2025 07:00;485.34
22/06/2025 07:15;485.34
22/06/2025 07:30;485.34
22/06/2025 07:45;485.34
22/06/2025 08:00;485.34
22/06/2025 08:15;485.34
22/06/2025 08:30;485.33
22/06/2025 08:45;485.33
22/06/2025 09:00;485.33
22/06/2025 09:15;485.33
22/06/2025 09:30;485.33
22/06/2025 09:45;485.33
22/06/2025 10:00;485.33
22/06/2025 10:15;485.33
22/06/2025 10:30;485.32
22/06/2025 10:45;485.32
22/06/2025 11:00;485.32
22/06/2025 11:15;485.32
22/06/2025 11:30;485.32
22/06/2025 11:45;485.32
22/06/2025 12:00;485.32
22/06/2025 12:15;485.31
22/06/2025 12:30;485.31
22/06/2025 12:45;485.31
22/06/2025 13:00;485.31
22/06/2025 13:15;485.31
22/06/2025 13:30;485.31
22/06/2025 13:45;485.31
22/06/2025 14:00;485.3
22/06/2025 14:15;485.3
22/06/2025 14:30;485.3
22/06/2025 14:45;485.3
22/06/2025 15:00;485.29
22/06/2025 15:15;485.3
22/06/2025 15:30;485.31
22/06/2025 15:45;485.31
22/06/2025 16:00;485.31
22/06/2025 16:15;485.31
22/06/2025 16:30;485.3
22/06/2025 16:45;485.3
22/06/2025 17:00;485.3
22/06/2025 17:15;485.3
22/06/2025 17:30;485.3
22/06/2025 17:45;485.29
22/06/2025 18:00;485.29
22/06/2025 18:15;485.29
22/06/2025 18:30;485.29
22/06/2025 18:45;485.28
22/06/2025 19:00;485.28
22/06/2025 19:15;485.28
22/06/2025 19:30;485.28
22/06/2025 19:45;485.27
22/06/2025 20:00;485.27
22/06/2025 20:15;485.27
22/06/2025 20:30;485.27
22/06/2025 20:45;485.27
22/06/2025 21:00;485.27
22/06/2025 21:15;485.26
22/06/2025 21:30;485.26
22/06/2025 21:45;485.26
22/06/2025 22:00;485.26
22/06/2025 22:15;485.26
22/06/2025 22:30;485.26
22/06/2025 22:45;485.25
22/06/2025 23:00;485.25
22/06/2025 23:15;485.24
22/06/2025 23:30;485.25
22/06/2025 23:45;485.25
23/06/2025 00:00;485.24
23/06/2025 00:15;485.25
23/06/2025 00:30;485.25
23/06/2025 00:45;485.24
23/06/2025 01:00;485.25
23/06/2025 01:15;485.24
23/06/2025 01:30;485.24
23/06/2025 01:45;485.24
23/06/2025 02:00;485.23
23/06/2025 02:15;485.24
23/06/2025 02:30;485.23
23/06/2025 02:45;485.23
23/06/2025 03:00;485.23
23/06/2025 03:15;485.22
23/06/2025 03:30;485.23
23/06/2025 03:45;485.22
23/06/2025 04:00;485.22
23/06/2025 04:15;485.22
23/06/2025 04:30;485.22
23/06/2025 04:45;485.22
23/06/2025 05:00;485.22
23/06/2025 05:15;485.21
23/06/2025 05:30;485.21
23/06/2025 05:45;485.21
23/06/2025 06:00;485.21
23/06/2025 06:15;485.21
23/06/2025 06:30;485.21
23/06/2025 06:45;485.21
23/06/2025 07:00;485.2
23/06/2025 07:15;485.2
23/06/2025 07:30;485.2
23/06/2025 07:45;485.2
23/06/2025 08:00;485.2
23/06/2025 08:15;485.2
23/06/2025 08:30;485.19
23/06/2025 08:45;485.19
23/06/2025 09:00;485.19
23/06/2025 09:15;485.19
23/06/2025 09:30;485.19
23/06/2025 09:45;485.19
23/06/2025 10:00;485.19
23/06/2025 10:15;485.18
23/06/2025 10:30;485.18
23/06/2025 10:45;485.18
23/06/2025 11:00;485.18
23/06/2025 11:15;485.18
23/06/2025 11:30;485.17
23/06/2025 11:45;485.17
23/06/2025 12:00;485.17
23/06/2025 12:15;485.17
23/06/2025 12:30;485.17
23/06/2025 12:45;485.17
23/06/2025 13:00;485.17
23/06/2025 13:15;485.17
23/06/2025 13:30;485.16
23/06/2025 13:45;485.16
23/06/2025 14:00;485.16
23/06/2025 14:15;485.16
23/06/2025 14:30;485.16
23/06/2025 14:45;485.16
23/06/2025 15:00;485.15
23/06/2025 15:15;485.15
23/06/2025 15:30;485.15
23/06/2025 15:45;485.15
23/06/2025 16:00;485.15
23/06/2025 16:15;485.14
23/06/2025 16:30;485.14
23/06/2025 16:45;485.14
23/06/2025 17:00;485.14
23/06/2025 17:15;485.14
23/06/2025 17:30;485.13
23/06/2025 17:45;485.13
23/06/2025 18:00;485.13
23/06/2025 18:15;485.13
23/06/2025 18:30;485.13
23/06/2025 18:45;485.12
23/06/2025 19:00;485.12
23/06/2025 19:15;485.12
23/06/2025 19:30;485.11
23/06/2025 19:45;485.11
23/06/2025 20:00;485.11
23/06/2025 20:15;485.11
23/06/2025 20:30;485.11
23/06/2025 20:45;485.11
23/06/2025 21:00;485.1
23/06/2025 21:15;485.1
23/06/2025 21:30;485.1
23/06/2025 21:45;485.1
23/06/2025 22:00;485.1
23/06/2025 22:15;485.09
23/06/2025 22:30;485.09
23/06/2025 22:45;485.09
23/06/2025 23:00;485.09
23/06/2025 23:15;485.09
23/06/2025 23:30;485.09
23/06/2025 23:45;485.08
24/06/2025 00:00;485.08
24/06/2025 00:15;485.08
24/06/2025 00:30;485.08
24/06/2025 00:45;485.08
24/06/2025 01:00;485.08
24/06/2025 01:15;485.07
24/06/2025 01:30;485.07
24/06/2025 01:45;485.07
24/06/2025 02:00;485.07
24/06/2025 02:15;485.07
24/06/2025 02:30;485.07
24/06/2025 02:45;485.07
24/06/2025 03:00;485.06
24/06/2025 03:15;485.06
24/06/2025 03:30;485.06
24/06/2025 03:45;485.06
24/06/2025 04:00;485.06
24/06/2025 04:15;485.06
24/06/2025 04:30;485.05
24/06/2025 04:45;485.05
24/06/2025 05:00;485.05
24/06/2025 05:15;485.05
24/06/2025 05:30;485.05
24/06/2025 05:45;485.05
24/06/2025 06:00;485.04
24/06/2025 06:15;485.04
24/06/2025 06:30;485.04
24/06/2025 06:45;485.04
24/06/2025 07:00;485.04
24/06/2025 07:15;485.04
24/06/2025 07:30;485.03
24/06/2025 07:45;485.03
24/06/2025 08:00;485.03
24/06/2025 08:15;485.03
24/06/2025 08:30;485.03
24/06/2025 08:45;485.02
24/06/2025 09:00;485.02
24/06/2025 09:15;485.02
24/06/2025 09:30;485.02
24/06/2025 09:45;485.02
24/06/2025 10:00;485.02
24/06/2025 10:15;485.02
24/06/2025 10:30;485.01
24/06/2025 10:45;485.01
24/06/2025 11:00;485.01
24/06/2025 11:15;485.01
24/06/2025 11:30;485.01
24/06/2025 11:45;485.01
24/06/2025 12:00;485.01
24/06/2025 12:15;485
24/06/2025 12:30;485
24/06/2025 12:45;485
24/06/2025 13:00;485
24/06/2025 13:15;484.99
24/06/2025 13:30;484.99
24/06/2025 13:45;484.99
24/06/2025 14:00;484.99
24/06/2025 14:15;484.99
24/06/2025 14:30;484.99
24/06/2025 14:45;484.98
24/06/2025 15:00;484.98
24/06/2025 15:15;484.98
24/06/2025 15:30;484.98
24/06/2025 15:45;484.98
24/06/2025 16:00;484.97
24/06/2025 16:15;484.97
24/06/2025 16:30;484.97
24/06/2025 16:45;484.97
24/06/2025 17:00;484.96
24/06/2025 17:15;484.96
24/06/2025 17:30;484.96
24/06/2025 17:45;484.96
24/06/2025 18:00;484.96
24/06/2025 18:15;484.95
24/06/2025 18:30;484.95
24/06/2025 18:45;484.95
24/06/2025 19:00;484.95
24/06/2025 19:15;484.95
24/06/2025 19:30;484.94
24/06/2025 19:45;484.94
24/06/2025 20:00;484.94
24/06/2025 20:15;484.94
24/06/2025 20:30;484.93
24/06/2025 20:45;484.93
24/06/2025 21:00;484.93
24/06/2025 21:15;484.93
24/06/2025 21:30;484.93
24/06/2025 21:45;484.92
24/06/2025 22:00;484.92
24/06/2025 22:15;484.92
24/06/2025 22:30;484.92
24/06/2025 22:45;484.92
24/06/2025 23:00;484.91
24/06/2025 23:15;484.91
24/06/2025 23:30;484.91
24/06/2025 23:45;484.91
25/06/2025 00:00;484.91
25/06/2025 00:15;484.91
25/06/2025 00:30;484.9
25/06/2025 00:45;484.9
25/06/2025 01:00;484.9
25/06/2025 01:15;484.9
25/06/2025 01:30;484.9
25/06/2025 01:45;484.9
25/06/2025 02:00;484.89
25/06/2025 02:15;484.89
25/06/2025 02:30;484.89
25/06/2025 02:45;484.89
25/06/2025 03:00;484.89
25/06/2025 03:15;484.89
25/06/2025 03:30;484.88
25/06/2025 03:45;484.88
25/06/2025 04:00;484.88
25/06/2025 04:15;484.88
25/06/2025 04:30;484.88
25/06/2025 04:45;484.87
25/06/2025 05:00;484.87
25/06/2025 05:15;484.87
25/06/2025 05:30;484.87
25/06/2025 05:45;484.87
25/06/2025 06:00;484.86
25/06/2025 06:15;484.86
25/06/2025 06:30;484.86
25/06/2025 06:45;484.86
25/06/2025 07:00;484.86
25/06/2025 07:15;484.86
25/06/2025 07:30;484.86
25/06/2025 07:45;484.86
25/06/2025 08:00;484.86
25/06/2025 08:15;484.85
25/06/2025 08:30;484.85
25/06/2025 08:45;484.85
25/06/2025 09:00;484.85
25/06/2025 09:15;484.85
25/06/2025 09:30;484.85
25/06/2025 09:45;484.84
25/06/2025 10:00;484.84
25/06/2025 10:15;484.84
25/06/2025 10:30;484.84
25/06/2025 10:45;484.83
25/06/2025 11:00;484.83
25/06/2025 11:15;484.83
25/06/2025 11:30;484.83
25/06/2025 11:45;484.82
25/06/2025 12:00;484.82
25/06/2025 12:15;484.82
25/06/2025 12:30;484.82
25/06/2025 12:45;484.82
25/06/2025 13:00;484.82
25/06/2025 13:15;484.81
25/06/2025 13:30;484.82
25/06/2025 13:45;484.81
25/06/2025 14:00;484.81
25/06/2025 14:15;484.81
25/06/2025 14:30;484.81
25/06/2025 14:45;484.81
25/06/2025 15:00;484.8
25/06/2025 15:15;484.8
25/06/2025 15:30;484.8
25/06/2025 15:45;484.8
25/06/2025 16:00;484.8
25/06/2025 16:15;484.8
25/06/2025 16:30;484.79
25/06/2025 16:45;484.79
25/06/2025 17:00;484.79
25/06/2025 17:15;484.79
25/06/2025 17:30;484.78
25/06/2025 17:45;484.78
25/06/2025 18:00;484.78
25/06/2025 18:15;484.78
25/06/2025 18:30;484.77
25/06/2025 18:45;484.77
25/06/2025 19:00;484.77
25/06/2025 19:15;484.77
25/06/2025 19:30;484.77
25/06/2025 19:45;484.76
25/06/2025 20:00;484.76
25/06/2025 20:15;484.76
25/06/2025 20:30;484.76
25/06/2025 20:45;484.76
25/06/2025 21:00;484.76
25/06/2025 21:15;484.76
25/06/2025 21:30;484.75
25/06/2025 21:45;484.75
25/06/2025 22:00;484.75
25/06/2025 22:15;484.74
25/06/2025 22:30;484.74
25/06/2025 22:45;484.74
25/06/2025 23:00;484.74
25/06/2025 23:15;484.74
25/06/2025 23:30;484.73
25/06/2025 23:45;484.73
26/06/2025 00:00;484.73
26/06/2025 00:15;484.72
26/06/2025 00:30;484.72
26/06/2025 00:45;484.72
26/06/2025 01:00;484.72
26/06/2025 01:15;484.72
26/06/2025 01:30;484.72
26/06/2025 01:45;484.72
26/06/2025 02:00;484.71
26/06/2025 02:15;484.71
26/06/2025 02:30;484.71
26/06/2025 02:45;484.71
26/06/2025 03:00;484.71
26/06/2025 03:15;484.71
26/06/2025 03:30;484.71
26/06/2025 03:45;484.7
26/06/2025 04:00;484.7
26/06/2025 04:15;484.7
26/06/2025 04:30;484.7
26/06/2025 04:45;484.7
26/06/2025 05:00;484.7
26/06/2025 05:15;484.69
26/06/2025 05:30;484.69
26/06/2025 05:45;484.69
26/06/2025 06:00;484.69
26/06/2025 06:15;484.69
26/06/2025 06:30;484.68
26/06/2025 06:45;484.68
26/06/2025 07:00;484.68
26/06/2025 07:15;484.68
26/06/2025 07:30;484.68
26/06/2025 07:45;484.68
26/06/2025 08:00;484.67
26/06/2025 08:15;484.67
26/06/2025 08:30;484.67
26/06/2025 08:45;484.67
26/06/2025 09:00;484.67
26/06/2025 09:15;484.67
26/06/2025 09:30;484.66
26/06/2025 09:45;484.66
26/06/2025 10:00;484.66
26/06/2025 10:15;484.66
26/06/2025 10:30;484.66
26/06/2025 10:45;484.66
26/06/2025 11:00;484.66
26/06/2025 11:15;484.65
26/06/2025 11:30;484.65
26/06/2025 11:45;484.65
26/06/2025 12:00;484.65
26/06/2025 12:15;484.65
26/06/2025 12:30;484.65
26/06/2025 12:45;484.65
26/06/2025 13:00;484.64
26/06/2025 13:15;484.64
26/06/2025 13:30;484.64
26/06/2025 13:45;484.64
26/06/2025 14:00;484.64
26/06/2025 14:15;484.63
26/06/2025 14:30;484.63
26/06/2025 14:45;484.63
26/06/2025 15:00;484.63
26/06/2025 15:15;484.63
26/06/2025 15:30;484.62
26/06/2025 15:45;484.62
26/06/2025 16:00;484.62
26/06/2025 16:15;484.62
26/06/2025 16:30;484.61
26/06/2025 16:45;484.61
26/06/2025 17:00;484.61
26/06/2025 17:15;484.61
26/06/2025 17:30;484.61
26/06/2025 17:45;484.6
26/06/2025 18:00;484.6
26/06/2025 18:15;484.6
26/06/2025 18:30;484.59
26/06/2025 18:45;484.59
26/06/2025 19:00;484.59
26/06/2025 19:15;484.59
26/06/2025 19:30;484.59
26/06/2025 19:45;484.59
26/06/2025 20:00;484.59
26/06/2025 20:15;484.58
26/06/2025 20:30;484.58
26/06/2025 20:45;484.58
26/06/2025 21:00;484.58
26/06/2025 21:15;484.58
26/06/2025 21:30;484.57
26/06/2025 21:45;484.57
26/06/2025 22:00;484.57
26/06/2025 22:15;484.57
26/06/2025 22:30;484.57
26/06/2025 22:45;484.56
26/06/2025 23:00;484.56
26/06/2025 23:15;484.56
26/06/2025 23:30;484.56
26/06/2025 23:45;484.56
27/06/2025 00:00;484.55
27/06/2025 00:15;484.55
27/06/2025 00:30;484.55
27/06/2025 00:45;484.55
27/06/2025 01:00;484.55
27/06/2025 01:15;484.55
27/06/2025 01:30;484.54
27/06/2025 01:45;484.54
27/06/2025 02:00;484.54
27/06/2025 02:15;484.54
27/06/2025 02:30;484.54
27/06/2025 02:45;484.54
27/06/2025 03:00;484.53
27/06/2025 03:15;484.53
27/06/2025 03:30;484.53
27/06/2025 03:45;484.53
27/06/2025 04:00;484.53
27/06/2025 04:15;484.53
27/06/2025 04:30;484.53
27/06/2025 04:45;484.52
27/06/2025 05:00;484.52
27/06/2025 05:15;484.52
27/06/2025 05:30;484.52
27/06/2025 05:45;484.52
27/06/2025 06:00;484.52
27/06/2025 06:15;484.52
27/06/2025 06:30;484.52
27/06/2025 06:45;484.51
27/06/2025 07:00;484.51
27/06/2025 07:15;484.51
27/06/2025 07:30;484.51
27/06/2025 07:45;484.51
27/06/2025 08:00;484.51
27/06/2025 08:15;484.5
27/06/2025 08:30;484.5
27/06/2025 08:45;484.5
27/06/2025 09:00;484.5
27/06/2025 09:15;484.5
27/06/2025 09:30;484.5
27/06/2025 09:45;484.5
27/06/2025 10:00;484.49
27/06/2025 10:15;484.49
27/06/2025 10:30;484.49
27/06/2025 10:45;484.49
27/06/2025 11:00;484.49
27/06/2025 11:15;484.49
27/06/2025 11:30;484.48
27/06/2025 11:45;484.48
27/06/2025 12:00;484.48
27/06/2025 12:15;484.48
27/06/2025 12:30;484.48
27/06/2025 12:45;484.47
27/06/2025 13:00;484.47
27/06/2025 13:15;484.47
27/06/2025 13:30;484.47
27/06/2025 13:45;484.47
27/06/2025 14:00;484.46
27/06/2025 14:15;484.46
27/06/2025 14:30;484.46
27/06/2025 14:45;484.46
27/06/2025 15:00;484.46
27/06/2025 15:15;484.46
27/06/2025 15:30;484.45
27/06/2025 15:45;484.45
27/06/2025 16:00;484.45
27/06/2025 16:15;484.45
27/06/2025 16:30;484.45
27/06/2025 16:45;484.44
27/06/2025 17:00;484.44
27/06/2025 17:15;484.44
27/06/2025 17:30;484.43
27/06/2025 17:45;484.44
27/06/2025 18:00;484.43
27/06/2025 18:15;484.43
27/06/2025 18:30;484.43
27/06/2025 18:45;484.43
27/06/2025 19:00;484.42
27/06/2025 19:15;484.42
27/06/2025 19:30;484.42
27/06/2025 19:45;484.42
27/06/2025 20:00;484.42
27/06/2025 20:15;484.41
27/06/2025 20:30;484.41
27/06/2025 20:45;484.41
27/06/2025 21:00;484.4
27/06/2025 21:15;484.4
27/06/2025 21:30;484.4
27/06/2025 21:45;484.4
27/06/2025 22:00;484.39
27/06/2025 22:15;484.39
27/06/2025 22:30;484.39
27/06/2025 22:45;484.39
27/06/2025 23:00;484.39
27/06/2025 23:15;484.39
27/06/2025 23:30;484.38
27/06/2025 23:45;484.38
28/06/2025 00:00;484.38
28/06/2025 00:15;484.38
28/06/2025 00:30;484.38
28/06/2025 00:45;484.37
28/06/2025 01:00;484.37
28/06/2025 01:15;484.37
28/06/2025 01:30;484.37
28/06/2025 01:45;484.37
28/06/2025 02:00;484.37
28/06/2025 02:15;484.36
28/06/2025 02:30;484.36
28/06/2025 02:45;484.36
28/06/2025 03:00;484.36
28/06/2025 03:15;484.36
28/06/2025 03:30;484.36
28/06/2025 03:45;484.35
28/06/2025 04:00;484.35
28/06/2025 04:15;484.35
28/06/2025 04:30;484.35
28/06/2025 04:45;484.35
28/06/2025 05:00;484.35
28/06/2025 05:15;484.35
28/06/2025 05:30;484.35
28/06/2025 05:45;484.35
28/06/2025 06:00;484.34
28/06/2025 06:15;484.34
28/06/2025 06:30;484.34
28/06/2025 06:45;484.34
28/06/2025 07:00;484.34
28/06/2025 07:15;484.34
28/06/2025 07:30;484.34
28/06/2025 07:45;484.34
28/06/2025 08:00;484.33
28/06/2025 08:15;484.33
28/06/2025 08:30;484.33
28/06/2025 08:45;484.33
28/06/2025 09:00;484.33
28/06/2025 09:15;484.33
28/06/2025 09:30;484.33
28/06/2025 09:45;484.32
28/06/2025 10:00;484.32
28/06/2025 10:15;484.32
28/06/2025 10:30;484.32
28/06/2025 10:45;484.32
28/06/2025 11:00;484.31
28/06/2025 11:15;484.31
28/06/2025 11:30;484.31
28/06/2025 11:45;484.31
28/06/2025 12:00;484.31
28/06/2025 12:15;484.3
28/06/2025 12:30;484.3
28/06/2025 12:45;484.3
28/06/2025 13:00;484.3
28/06/2025 13:15;484.3
28/06/2025 13:30;484.3
28/06/2025 13:45;484.3
28/06/2025 14:00;484.29
28/06/2025 14:15;484.29
28/06/2025 14:30;484.29
28/06/2025 14:45;484.29
28/06/2025 15:00;484.28
28/06/2025 15:15;484.28
28/06/2025 15:30;484.28
28/06/2025 15:45;484.28
28/06/2025 16:00;484.27
28/06/2025 16:15;484.27
28/06/2025 16:30;484.27
28/06/2025 16:45;484.27
28/06/2025 17:00;484.27
28/06/2025 17:15;484.26
28/06/2025 17:30;484.26
28/06/2025 17:45;484.26
28/06/2025 18:00;484.26
28/06/2025 18:15;484.26
28/06/2025 18:30;484.25
28/06/2025 18:45;484.25
28/06/2025 19:00;484.25
28/06/2025 19:15;484.25
28/06/2025 19:30;484.24
28/06/2025 19:45;484.24
28/06/2025 20:00;484.24
28/06/2025 20:15;484.24
28/06/2025 20:30;484.24
28/06/2025 20:45;484.24
28/06/2025 21:00;484.23
28/06/2025 21:15;484.23
28/06/2025 21:30;484.23
28/06/2025 21:45;484.23
28/06/2025 22:00;484.22
28/06/2025 22:15;484.22
28/06/2025 22:30;484.22
28/06/2025 22:45;484.22
28/06/2025 23:00;484.22
28/06/2025 23:15;484.21
28/06/2025 23:30;484.21
28/06/2025 23:45;484.21
29/06/2025 00:00;484.21
29/06/2025 00:15;484.21
29/06/2025 00:30;484.2
29/06/2025 00:45;484.2
29/06/2025 01:00;484.2
29/06/2025 01:15;484.2
29/06/2025 01:30;484.2
29/06/2025 01:45;484.2
29/06/2025 02:00;484.2
29/06/2025 02:15;484.19
29/06/2025 02:30;484.19
29/06/2025 02:45;484.19
29/06/2025 03:00;484.19
29/06/2025 03:15;484.19
29/06/2025 03:30;484.18
29/06/2025 03:45;484.18
29/06/2025 04:00;484.18
29/06/2025 04:15;484.18
29/06/2025 04:30;484.18
29/06/2025 04:45;484.17
29/06/2025 05:00;484.17
29/06/2025 05:15;484.17
29/06/2025 05:30;484.17
29/06/2025 05:45;484.17
29/06/2025 06:00;484.17
29/06/2025 06:15;484.17
29/06/2025 06:30;484.17
29/06/2025 06:45;484.17
29/06/2025 07:00;484.16
29/06/2025 07:15;484.16
29/06/2025 07:30;484.16
29/06/2025 07:45;484.16
29/06/2025 08:00;484.16
29/06/2025 08:15;484.16
29/06/2025 08:30;484.16
29/06/2025 08:45;484.16
29/06/2025 09:00;484.16
29/06/2025 09:15;484.15
29/06/2025 09:30;484.15
29/06/2025 09:45;484.15
29/06/2025 10:00;484.15
29/06/2025 10:15;484.15
29/06/2025 10:30;484.14
29/06/2025 10:45;484.14
29/06/2025 11:00;484.14
29/06/2025 11:15;484.14
29/06/2025 11:30;484.14
29/06/2025 11:45;484.14
29/06/2025 12:00;484.13
29/06/2025 12:15;484.13
29/06/2025 12:30;484.13
29/06/2025 12:45;484.13
29/06/2025 13:00;484.13
29/06/2025 13:15;484.12
29/06/2025 13:30;484.12
29/06/2025 13:45;484.12
29/06/2025 14:00;484.12
29/06/2025 14:15;484.12
29/06/2025 14:30;484.11
29/06/2025 14:45;484.11
29/06/2025 15:00;484.11
29/06/2025 15:15;484.1
29/06/2025 15:30;484.1
29/06/2025 15:45;484.1
29/06/2025 16:00;484.1
29/06/2025 16:15;484.1
29/06/2025 16:30;484.1
29/06/2025 16:45;484.09
29/06/2025 17:00;484.09
29/06/2025 17:15;484.09
29/06/2025 17:30;484.09
29/06/2025 17:45;484.09
29/06/2025 18:00;484.08
29/06/2025 18:15;484.08
29/06/2025 18:30;484.08
29/06/2025 18:45;484.08
29/06/2025 19:00;484.08
29/06/2025 19:15;484.07
29/06/2025 19:30;484.07
29/06/2025 19:45;484.07
29/06/2025 20:00;484.07
29/06/2025 20:15;484.06
29/06/2025 20:30;484.06
29/06/2025 20:45;484.06
29/06/2025 21:00;484.06
29/06/2025 21:15;484.06
29/06/2025 21:30;484.05
29/06/2025 21:45;484.05
29/06/2025 22:00;484.05
29/06/2025 22:15;484.05
29/06/2025 22:30;484.05
29/06/2025 22:45;484.05
29/06/2025 23:00;484.04
29/06/2025 23:15;484.04
29/06/2025 23:30;484.04
29/06/2025 23:45;484.04
30/06/2025 00:00;484.04
30/06/2025 00:15;484.04
30/06/2025 00:30;484.03
30/06/2025 00:45;484.03
30/06/2025 01:00;484.03
30/06/2025 01:15;484.03
30/06/2025 01:30;484.03
30/06/2025 01:45;484.03
30/06/2025 02:00;484.02
30/06/2025 02:15;484.02
30/06/2025 02:30;484.02
30/06/2025 02:45;484.02
30/06/2025 03:00;484.02
30/06/2025 03:15;484.02
30/06/2025 03:30;484.01
30/06/2025 03:45;484.01
30/06/2025 04:00;484.01
30/06/2025 04:15;484.01
30/06/2025 04:30;484.01
30/06/2025 04:45;484.01
30/06/2025 05:00;484
30/06/2025 05:15;484
30/06/2025 05:30;484
30/06/2025 05:45;484
30/06/2025 06:00;484
30/06/2025 06:15;484
30/06/2025 06:30;483.99
30/06/2025 06:45;483.99
30/06/2025 07:00;483.99
30/06/2025 07:15;483.99
30/06/2025 07:30;483.99
30/06/2025 07:45;483.99
30/06/2025 08:00;483.98
30/06/2025 08:15;483.98
30/06/2025 08:30;483.98
30/06/2025 08:45;483.98
30/06/2025 09:00;483.98
30/06/2025 09:15;483.97
30/06/2025 09:30;483.97
30/06/2025 09:45;483.97
30/06/2025 10:00;483.97
30/06/2025 10:15;483.97
30/06/2025 10:30;483.97
30/06/2025 10:45;483.97
30/06/2025 11:00;483.97
30/06/2025 11:15;483.96
30/06/2025 11:30;483.96
30/06/2025 11:45;483.96
30/06/2025 12:00;483.96
30/06/2025 12:15;483.96
30/06/2025 12:30;483.95
30/06/2025 12:45;483.95
30/06/2025 13:00;483.95
30/06/2025 13:15;483.95
30/06/2025 13:30;483.95
30/06/2025 13:45;483.94
30/06/2025 14:00;483.94
30/06/2025 14:15;483.94
30/06/2025 14:30;483.94
30/06/2025 14:45;483.93
30/06/2025 15:00;483.93
30/06/2025 15:15;483.93
30/06/2025 15:30;483.93
30/06/2025 15:45;483.93
30/06/2025 16:00;483.93
30/06/2025 16:15;483.93
30/06/2025 16:30;483.93
30/06/2025 16:45;483.92
30/06/2025 17:00;483.92
30/06/2025 17:15;483.92
30/06/2025 17:30;483.91
30/06/2025 17:45;483.91
30/06/2025 18:00;483.91
30/06/2025 18:15;483.91
30/06/2025 18:30;483.9
30/06/2025 18:45;483.9
30/06/2025 19:00;483.9
30/06/2025 19:15;483.9
30/06/2025 19:30;483.89
30/06/2025 19:45;483.89
30/06/2025 20:00;483.89
30/06/2025 20:15;483.89
30/06/2025 20:30;483.89
30/06/2025 20:45;483.89
30/06/2025 21:00;483.88
30/06/2025 21:15;483.88
30/06/2025 21:30;483.88
30/06/2025 21:45;483.88
30/06/2025 22:00;483.87
30/06/2025 22:15;483.87
30/06/2025 22:30;483.87
30/06/2025 22:45;483.87
30/06/2025 23:00;483.87
30/06/2025 23:15;483.87
30/06/2025 23:30;483.86
30/06/2025 23:45;483.86
01/07/2025 00:00;483.86
01/07/2025 00:15;483.85
01/07/2025 00:30;483.86
01/07/2025 00:45;483.86
01/07/2025 01:00;483.85
01/07/2025 01:15;483.85
01/07/2025 01:30;483.85
01/07/2025 01:45;483.85
01/07/2025 02:00;483.84
01/07/2025 02:15;483.84
01/07/2025 02:30;483.84
01/07/2025 02:45;483.84
01/07/2025 03:00;483.84
01/07/2025 03:15;483.84
01/07/2025 03:30;483.83
01/07/2025 03:45;483.83
01/07/2025 04:00;483.83
01/07/2025 04:15;483.83
01/07/2025 04:30;483.82
01/07/2025 04:45;483.82
01/07/2025 05:00;483.82
01/07/2025 05:15;483.82
01/07/2025 05:30;483.82
01/07/2025 05:45;483.82
01/07/2025 06:00;483.81
01/07/2025 06:15;483.81
01/07/2025 06:30;483.81
01/07/2025 06:45;483.81
01/07/2025 07:00;483.81
01/07/2025 07:15;483.81
01/07/2025 07:30;483.81
01/07/2025 07:45;483.8
01/07/2025 08:00;483.8
01/07/2025 08:15;483.8
01/07/2025 08:30;483.8
01/07/2025 08:45;483.8
01/07/2025 09:00;483.8
01/07/2025 09:15;483.79
01/07/2025 09:30;483.79
01/07/2025 09:45;483.79
01/07/2025 10:00;483.79
01/07/2025 10:15;483.79
01/07/2025 10:30;483.78
01/07/2025 10:45;483.78
01/07/2025 11:00;483.78
01/07/2025 11:15;483.78
01/07/2025 11:30;483.78
01/07/2025 11:45;483.77
01/07/2025 12:00;483.77
01/07/2025 12:15;483.77
01/07/2025 12:30;483.77
01/07/2025 12:45;483.77
01/07/2025 13:00;483.77
01/07/2025 13:15;483.77
01/07/2025 13:30;483.76
01/07/2025 13:45;483.76
01/07/2025 14:00;483.76
01/07/2025 14:15;483.76
01/07/2025 14:30;483.76
01/07/2025 14:45;483.75
01/07/2025 15:00;483.75
01/07/2025 15:15;483.75
01/07/2025 15:30;483.75
01/07/2025 15:45;483.75
01/07/2025 16:00;483.74
01/07/2025 16:15;483.74
01/07/2025 16:30;483.74
01/07/2025 16:45;483.74
01/07/2025 17:00;483.74
01/07/2025 17:15;483.73
01/07/2025 17:30;483.73
01/07/2025 17:45;483.73
01/07/2025 18:00;483.73
01/07/2025 18:15;483.73
01/07/2025 18:30;483.72
01/07/2025 18:45;483.72
01/07/2025 19:00;483.72
01/07/2025 19:15;483.72
01/07/2025 19:30;483.72
01/07/2025 19:45;483.71
01/07/2025 20:00;483.71
01/07/2025 20:15;483.71
01/07/2025 20:30;483.71
01/07/2025 20:45;483.71
01/07/2025 21:00;483.7
01/07/2025 21:15;483.7
01/07/2025 21:30;483.7
01/07/2025 21:45;483.7
01/07/2025 22:00;483.69
01/07/2025 22:15;483.69
01/07/2025 22:30;483.69
01/07/2025 22:45;483.69
01/07/2025 23:00;483.69
01/07/2025 23:15;483.68
01/07/2025 23:30;483.68
01/07/2025 23:45;483.68
02/07/2025 00:00;483.68
02/07/2025 00:15;483.68
02/07/2025 00:30;483.67
02/07/2025 00:45;483.67
02/07/2025 01:00;483.67
02/07/2025 01:15;483.66
02/07/2025 01:30;483.66
02/07/2025 01:45;483.66
02/07/2025 02:00;483.66
02/07/2025 02:15;483.66
02/07/2025 02:30;483.66
02/07/2025 02:45;483.65
02/07/2025 03:00;483.65
02/07/2025 03:15;483.65
02/07/2025 03:30;483.65
02/07/2025 03:45;483.65
02/07/2025 04:00;483.64
02/07/2025 04:15;483.64
02/07/2025 04:30;483.64
02/07/2025 04:45;483.64
02/07/2025 05:00;483.64
02/07/2025 05:15;483.63
02/07/2025 05:30;483.63
02/07/2025 05:45;483.63
02/07/2025 06:00;483.63
02/07/2025 06:15;483.63
02/07/2025 06:30;483.63
02/07/2025 06:45;483.63
02/07/2025 07:00;483.62
02/07/2025 07:15;483.62
02/07/2025 07:30;483.62
02/07/2025 07:45;483.62
02/07/2025 08:00;483.62
02/07/2025 08:15;483.61
02/07/2025 08:30;483.61
02/07/2025 08:45;483.61
02/07/2025 09:00;483.61
02/07/2025 09:15;483.61
02/07/2025 09:30;483.6
02/07/2025 09:45;483.6
02/07/2025 10:00;483.6
02/07/2025 10:15;483.6
02/07/2025 10:30;483.6
02/07/2025 10:45;483.59
02/07/2025 11:00;483.59
02/07/2025 11:15;483.59
02/07/2025 11:30;483.59
02/07/2025 11:45;483.59
02/07/2025 12:00;483.58
02/07/2025 12:15;483.58
02/07/2025 12:30;483.58
02/07/2025 12:45;483.58
02/07/2025 13:00;483.57
02/07/2025 13:15;483.57
02/07/2025 13:30;483.57
02/07/2025 13:45;483.57
02/07/2025 14:00;483.57
02/07/2025 14:15;483.56
02/07/2025 14:30;483.56
02/07/2025 14:45;483.56
02/07/2025 15:00;483.56
02/07/2025 15:15;483.56
02/07/2025 15:30;483.55
02/07/2025 15:45;483.55
02/07/2025 16:00;483.55
02/07/2025 16:15;483.54
02/07/2025 16:30;483.54
02/07/2025 16:45;483.54
02/07/2025 17:00;483.54
02/07/2025 17:15;483.54
02/07/2025 17:30;483.54
02/07/2025 17:45;483.53
02/07/2025 18:00;483.53
02/07/2025 18:15;483.53
02/07/2025 18:30;483.52
02/07/2025 18:45;483.52
02/07/2025 19:00;483.52
02/07/2025 19:15;483.52
02/07/2025 19:30;483.52
02/07/2025 19:45;483.52
02/07/2025 20:00;483.52
02/07/2025 20:15;483.52
02/07/2025 20:30;483.52
02/07/2025 20:45;483.51
02/07/2025 21:00;483.51
02/07/2025 21:15;483.51
02/07/2025 21:30;483.51
02/07/2025 21:45;483.51
02/07/2025 22:00;483.5
02/07/2025 22:15;483.5
02/07/2025 22:30;483.5
02/07/2025 22:45;483.5
02/07/2025 23:00;483.49
02/07/2025 23:15;483.49
02/07/2025 23:30;483.49
02/07/2025 23:45;483.49
03/07/2025 00:00;483.49
03/07/2025 00:15;483.48
03/07/2025 00:30;483.48
03/07/2025 00:45;483.48
03/07/2025 01:00;483.48
03/07/2025 01:15;483.47
03/07/2025 01:30;483.48
03/07/2025 01:45;483.47
03/07/2025 02:00;483.47
03/07/2025 02:15;483.47
03/07/2025 02:30;483.46
03/07/2025 02:45;483.46
03/07/2025 03:00;483.46
03/07/2025 03:15;483.46
03/07/2025 03:30;483.46
03/07/2025 03:45;483.46
03/07/2025 04:00;483.46
03/07/2025 04:15;483.46
03/07/2025 04:30;483.45
03/07/2025 04:45;483.45
03/07/2025 05:00;483.45
03/07/2025 05:15;483.45
03/07/2025 05:30;483.44
03/07/2025 05:45;483.44
03/07/2025 06:00;483.44
03/07/2025 06:15;483.44
03/07/2025 06:30;483.44
03/07/2025 06:45;483.43
03/07/2025 07:00;483.43
03/07/2025 07:15;483.43
03/07/2025 07:30;483.43
03/07/2025 07:45;483.43
03/07/2025 08:00;483.43
03/07/2025 08:15;483.42
03/07/2025 08:30;483.42
03/07/2025 08:45;483.42
03/07/2025 09:00;483.42
03/07/2025 09:15;483.42
03/07/2025 09:30;483.42
03/07/2025 09:45;483.42
03/07/2025 10:00;483.42
03/07/2025 10:15;483.41
03/07/2025 10:30;483.41
03/07/2025 10:45;483.41
03/07/2025 11:00;483.41
03/07/2025 11:15;483.41
03/07/2025 11:30;483.4
03/07/2025 11:45;483.4
03/07/2025 12:00;483.4
03/07/2025 12:15;483.4
03/07/2025 12:30;483.39
03/07/2025 12:45;483.39
03/07/2025 13:00;483.39
03/07/2025 13:15;483.39
03/07/2025 13:30;483.39
03/07/2025 13:45;483.38
03/07/2025 14:00;483.38
03/07/2025 14:15;483.38
03/07/2025 14:30;483.37
03/07/2025 14:45;483.37
03/07/2025 15:00;483.37
03/07/2025 15:15;483.36
03/07/2025 15:30;483.36
03/07/2025 15:45;483.36
03/07/2025 16:00;483.36
03/07/2025 16:15;483.36
03/07/2025 16:30;483.35
03/07/2025 16:45;483.35
03/07/2025 17:00;483.35
03/07/2025 17:15;483.35
03/07/2025 17:30;483.35
03/07/2025 17:45;483.34
03/07/2025 18:00;483.34
03/07/2025 18:15;483.34
03/07/2025 18:30;483.33
03/07/2025 18:45;483.33
03/07/2025 19:00;483.33
03/07/2025 19:15;483.33
03/07/2025 19:30;483.33
03/07/2025 19:45;483.33
03/07/2025 20:00;483.32
03/07/2025 20:15;483.32
03/07/2025 20:30;483.32
03/07/2025 20:45;483.31
03/07/2025 21:00;483.31
03/07/2025 21:15;483.31
03/07/2025 21:30;483.31
03/07/2025 21:45;483.31
03/07/2025 22:00;483.3
03/07/2025 22:15;483.3
03/07/2025 22:30;483.3
03/07/2025 22:45;483.29
03/07/2025 23:00;483.29
03/07/2025 23:15;483.29
03/07/2025 23:30;483.29
03/07/2025 23:45;483.29
04/07/2025 00:00;483.29
04/07/2025 00:15;483.28
04/07/2025 00:30;483.28
04/07/2025 00:45;483.28
04/07/2025 01:00;483.28
04/07/2025 01:15;483.27
04/07/2025 01:30;483.27
04/07/2025 01:45;483.27
04/07/2025 02:00;483.27
04/07/2025 02:15;483.27
04/07/2025 02:30;483.26
04/07/2025 02:45;483.26
04/07/2025 03:00;483.26
04/07/2025 03:15;483.26
04/07/2025 03:30;483.26
04/07/2025 03:45;483.26
04/07/2025 04:00;483.26
04/07/2025 04:15;483.26
04/07/2025 04:30;483.25
04/07/2025 04:45;483.25
04/07/2025 05:00;483.25
04/07/2025 05:15;483.24
04/07/2025 05:30;483.25
04/07/2025 05:45;483.25
04/07/2025 06:00;483.24
04/07/2025 06:15;483.24
04/07/2025 06:30;483.24
04/07/2025 06:45;483.24
04/07/2025 07:00;483.24
04/07/2025 07:15;483.24
04/07/2025 07:30;483.24
04/07/2025 07:45;483.24
04/07/2025 08:00;483.23
04/07/2025 08:15;483.23
04/07/2025 08:30;483.23
04/07/2025 08:45;483.23
04/07/2025 09:00;483.23
04/07/2025 09:15;483.23
04/07/2025 09:30;483.23
04/07/2025 09:45;483.22
04/07/2025 10:00;483.22
04/07/2025 10:15;483.22
04/07/2025 10:30;483.22
04/07/2025 10:45;483.22
04/07/2025 11:00;483.21
04/07/2025 11:15;483.21
04/07/2025 11:30;483.21
04/07/2025 11:45;483.21
04/07/2025 12:00;483.2
04/07/2025 12:15;483.2
04/07/2025 12:30;483.2
04/07/2025 12:45;483.2
04/07/2025 13:00;483.2
04/07/2025 13:15;483.19
04/07/2025 13:30;483.19
04/07/2025 13:45;483.19
04/07/2025 14:00;483.19
04/07/2025 14:15;483.18
04/07/2025 14:30;483.18
04/07/2025 14:45;483.18
04/07/2025 15:00;483.18
04/07/2025 15:15;483.18
04/07/2025 15:30;483.17
04/07/2025 15:45;483.17
04/07/2025 16:00;483.17
04/07/2025 16:15;483.17
04/07/2025 16:30;483.16
04/07/2025 16:45;483.16
04/07/2025 17:00;483.16
04/07/2025 17:15;483.16
04/07/2025 17:30;483.15
04/07/2025 17:45;483.15
04/07/2025 18:00;483.15
04/07/2025 18:15;483.15
04/07/2025 18:30;483.14
04/07/2025 18:45;483.14
04/07/2025 19:00;483.14
04/07/2025 19:15;483.14
04/07/2025 19:30;483.14
04/07/2025 19:45;483.13
04/07/2025 20:00;483.13
04/07/2025 20:15;483.13
04/07/2025 20:30;483.12
04/07/2025 20:45;483.12
04/07/2025 21:00;483.12
04/07/2025 21:15;483.12
04/07/2025 21:30;483.12
04/07/2025 21:45;483.11
04/07/2025 22:00;483.11
04/07/2025 22:15;483.11
04/07/2025 22:30;483.11
04/07/2025 22:45;483.11
04/07/2025 23:00;483.1
04/07/2025 23:15;483.1
04/07/2025 23:30;483.1
04/07/2025 23:45;483.1
05/07/2025 00:00;483.1
05/07/2025 00:15;483.09
05/07/2025 00:30;483.09
05/07/2025 00:45;483.09
05/07/2025 01:00;483.09
05/07/2025 01:15;483.09
05/07/2025 01:30;483.08
05/07/2025 01:45;483.09
05/07/2025 02:00;483.08
05/07/2025 02:15;483.08
05/07/2025 02:30;483.08
05/07/2025 02:45;483.07
05/07/2025 03:00;483.08
05/07/2025 03:15;483.07
05/07/2025 03:30;483.07
05/07/2025 03:45;483.07
05/07/2025 04:00;483.07
05/07/2025 04:15;483.07
05/07/2025 04:30;483.06
05/07/2025 04:45;483.06
05/07/2025 05:00;483.07
05/07/2025 05:15;483.07
05/07/2025 05:30;483.07
05/07/2025 05:45;483.06
05/07/2025 06:00;483.06
05/07/2025 06:15;483.06
05/07/2025 06:30;483.06
05/07/2025 06:45;483.06
05/07/2025 07:00;483.05
05/07/2025 07:15;483.05
05/07/2025 07:30;483.05
05/07/2025 07:45;483.05
05/07/2025 08:00;483.05
05/07/2025 08:15;483.05
05/07/2025 08:30;483.05
05/07/2025 08:45;483.04
05/07/2025 09:00;483.05
05/07/2025 09:15;483.04
05/07/2025 09:30;483.04
05/07/2025 09:45;483.04
05/07/2025 10:00;483.04
05/07/2025 10:15;483.03
05/07/2025 10:30;483.03
05/07/2025 10:45;483.03
05/07/2025 11:00;483.03
05/07/2025 11:15;483.03
05/07/2025 11:30;483.03
05/07/2025 11:45;483.02
05/07/2025 12:00;483.02
05/07/2025 12:15;483.03
05/07/2025 12:30;483.02
05/07/2025 12:45;483.03
05/07/2025 13:00;483.02
05/07/2025 13:15;483.02
05/07/2025 13:30;483.02
05/07/2025 13:45;483.02
05/07/2025 14:00;483.01
05/07/2025 14:15;483.01
05/07/2025 14:30;483.01
05/07/2025 14:45;483.01
05/07/2025 15:00;483.01
05/07/2025 15:15;483
05/07/2025 15:30;483
05/07/2025 15:45;483
05/07/2025 16:00;483
05/07/2025 16:15;483
05/07/2025 16:30;483
05/07/2025 16:45;482.99
05/07/2025 17:00;482.99
05/07/2025 17:15;482.99
05/07/2025 17:30;482.98
05/07/2025 17:45;482.98
05/07/2025 18:00;482.98
05/07/2025 18:15;482.98
05/07/2025 18:30;482.98
05/07/2025 18:45;482.98
05/07/2025 19:00;482.98
05/07/2025 19:15;482.97
05/07/2025 19:30;482.97
05/07/2025 19:45;482.97
05/07/2025 20:00;482.97
05/07/2025 20:15;482.96
05/07/2025 20:30;482.96
05/07/2025 20:45;482.96
05/07/2025 21:00;482.96
05/07/2025 21:15;482.96
05/07/2025 21:30;482.95
05/07/2025 21:45;482.95
05/07/2025 22:00;482.95
05/07/2025 22:15;482.95
05/07/2025 22:30;482.95
05/07/2025 22:45;482.95
05/07/2025 23:00;482.95
05/07/2025 23:15;482.94
05/07/2025 23:30;482.94
05/07/2025 23:45;482.94
06/07/2025 00:00;482.94
06/07/2025 00:15;482.94
06/07/2025 00:30;482.94
06/07/2025 00:45;482.94
06/07/2025 01:00;482.93
06/07/2025 01:15;482.93
06/07/2025 01:30;482.93
06/07/2025 01:45;482.93
06/07/2025 02:00;482.93
06/07/2025 02:15;482.93
06/07/2025 02:30;482.93
06/07/2025 02:45;482.93
06/07/2025 03:00;482.92
06/07/2025 03:15;482.92
06/07/2025 03:30;482.92
06/07/2025 03:45;482.92
06/07/2025 04:00;482.91
06/07/2025 04:15;482.91
06/07/2025 04:30;482.91
06/07/2025 04:45;482.91
06/07/2025 05:00;482.91
06/07/2025 05:15;482.91
06/07/2025 05:30;482.91
06/07/2025 05:45;482.91
06/07/2025 06:00;482.91
06/07/2025 06:15;482.91
06/07/2025 06:30;482.9
06/07/2025 06:45;482.9
06/07/2025 07:00;482.9
06/07/2025 07:15;482.9
06/07/2025 07:30;482.9
06/07/2025 07:45;482.89
06/07/2025 08:00;482.89
06/07/2025 08:15;482.89
06/07/2025 08:30;482.89
06/07/2025 08:45;482.89
06/07/2025 09:00;482.89
06/07/2025 09:15;482.89
06/07/2025 09:30;482.89
06/07/2025 09:45;482.89
06/07/2025 10:00;482.88
06/07/2025 10:15;482.88
06/07/2025 10:30;482.88
06/07/2025 10:45;482.88
06/07/2025 11:00;482.88
06/07/2025 11:15;482.87
06/07/2025 11:30;482.87
06/07/2025 11:45;482.87
06/07/2025 12:00;482.87
06/07/2025 12:15;482.87
06/07/2025 12:30;482.87
06/07/2025 12:45;482.87
06/07/2025 13:00;482.86
06/07/2025 13:15;482.86
06/07/2025 13:30;482.86
06/07/2025 13:45;482.86
06/07/2025 14:00;482.86
06/07/2025 14:15;482.86
06/07/2025 14:30;482.85
06/07/2025 14:45;482.85
06/07/2025 15:00;482.84
06/07/2025 15:15;482.84
06/07/2025 15:30;482.84
06/07/2025 15:45;482.84
06/07/2025 16:00;482.84
06/07/2025 16:15;482.83
06/07/2025 16:30;482.83
06/07/2025 16:45;482.83
06/07/2025 17:00;482.82
06/07/2025 17:15;482.82
06/07/2025 17:30;482.82
06/07/2025 17:45;482.82
06/07/2025 18:00;482.82
06/07/2025 18:15;482.81
06/07/2025 18:30;482.81
06/07/2025 18:45;482.81
06/07/2025 19:00;482.81
06/07/2025 19:15;482.81
06/07/2025 19:30;482.81
06/07/2025 19:45;482.81
06/07/2025 20:00;482.81
06/07/2025 20:15;482.8
06/07/2025 20:30;482.8
06/07/2025 20:45;482.8
06/07/2025 21:00;482.79
06/07/2025 21:15;482.79
06/07/2025 21:30;482.79
06/07/2025 21:45;482.79
06/07/2025 22:00;482.79
06/07/2025 22:15;482.79
06/07/2025 22:30;482.79
06/07/2025 22:45;482.78
06/07/2025 23:00;482.78
06/07/2025 23:15;482.78
06/07/2025 23:30;482.78
06/07/2025 23:45;482.76
07/07/2025 00:00;482.72
07/07/2025 00:15;482.72
07/07/2025 00:30;482.72
07/07/2025 00:45;482.71
07/07/2025 01:00;482.71
07/07/2025 01:15;482.71
07/07/2025 01:30;482.71
07/07/2025 01:45;482.7
07/07/2025 02:00;482.7
07/07/2025 02:15;482.7
07/07/2025 02:30;482.7
07/07/2025 02:45;482.7
07/07/2025 03:00;482.69
07/07/2025 03:15;482.69
07/07/2025 03:30;482.69
07/07/2025 03:45;482.69
07/07/2025 04:00;482.69
07/07/2025 04:15;482.68
07/07/2025 04:30;482.68
07/07/2025 04:45;482.68
07/07/2025 05:00;482.68
07/07/2025 05:15;482.67
07/07/2025 05:30;482.67
07/07/2025 05:45;482.67
07/07/2025 06:00;482.67
07/07/2025 06:15;482.67
07/07/2025 06:30;482.67
07/07/2025 06:45;482.66
07/07/2025 07:00;482.66
07/07/2025 07:15;482.66
07/07/2025 07:30;482.66
07/07/2025 07:45;482.65
07/07/2025 08:00;482.65
07/07/2025 08:15;482.65
07/07/2025 08:30;482.65
07/07/2025 08:45;482.65
07/07/2025 09:00;482.65
07/07/2025 09:15;482.65
07/07/2025 09:30;482.64
07/07/2025 09:45;482.64
07/07/2025 10:00;482.64
07/07/2025 10:15;482.64
07/07/2025 10:30;482.64
07/07/2025 10:45;482.63
07/07/2025 11:00;482.63
07/07/2025 11:15;482.63
07/07/2025 11:30;482.63
07/07/2025 11:45;482.63
07/07/2025 12:00;482.62
07/07/2025 12:15;482.62
07/07/2025 12:30;482.62
07/07/2025 12:45;482.62
07/07/2025 13:00;482.61
07/07/2025 13:15;482.61
07/07/2025 13:30;482.61
07/07/2025 13:45;482.61
07/07/2025 14:00;482.61
07/07/2025 14:15;482.6
07/07/2025 14:30;482.61
07/07/2025 14:45;482.6
07/07/2025 15:00;482.6
07/07/2025 15:15;482.6
07/07/2025 15:30;482.59
07/07/2025 15:45;482.6
07/07/2025 16:00;482.59
07/07/2025 16:15;482.59
07/07/2025 16:30;482.59
07/07/2025 16:45;482.58
07/07/2025 17:00;482.58
07/07/2025 17:15;482.58
07/07/2025 17:30;482.57
07/07/2025 17:45;482.57
07/07/2025 18:00;482.57
07/07/2025 18:15;482.57
07/07/2025 18:30;482.57
07/07/2025 18:45;482.56
07/07/2025 19:00;482.56
07/07/2025 19:15;482.56
07/07/2025 19:30;482.56
07/07/2025 19:45;482.56
07/07/2025 20:00;482.56
07/07/2025 20:15;482.55
07/07/2025 20:30;482.55
07/07/2025 20:45;482.55
07/07/2025 21:00;482.55
07/07/2025 21:15;482.54
07/07/2025 21:30;482.54
07/07/2025 21:45;482.54
07/07/2025 22:00;482.53
07/07/2025 22:15;482.53
07/07/2025 22:30;482.53
07/07/2025 22:45;482.53
07/07/2025 23:00;482.53
07/07/2025 23:15;482.52
07/07/2025 23:30;482.52
07/07/2025 23:45;482.52
08/07/2025 00:00;482.52
08/07/2025 00:15;482.51
08/07/2025 00:30;482.51
08/07/2025 00:45;482.51
08/07/2025 01:00;482.51
08/07/2025 01:15;482.5
08/07/2025 01:30;482.5
08/07/2025 01:45;482.5
08/07/2025 02:00;482.5
08/07/2025 02:15;482.49
08/07/2025 02:30;482.49
08/07/2025 02:45;482.49
08/07/2025 03:00;482.49
08/07/2025 03:15;482.49
08/07/2025 03:30;482.48
08/07/2025 03:45;482.48
08/07/2025 04:00;482.48
08/07/2025 04:15;482.48
08/07/2025 04:30;482.48
08/07/2025 04:45;482.48
08/07/2025 05:00;482.48
08/07/2025 05:15;482.47
08/07/2025 05:30;482.47
08/07/2025 05:45;482.47
08/07/2025 06:00;482.46
08/07/2025 06:15;482.47
08/07/2025 06:30;482.47
08/07/2025 06:45;482.46
08/07/2025 07:00;482.46
08/07/2025 07:15;482.46
08/07/2025 07:30;482.46
08/07/2025 07:45;482.46
08/07/2025 08:00;482.45
08/07/2025 08:15;482.45
08/07/2025 08:30;482.45
08/07/2025 08:45;482.45
08/07/2025 09:00;482.45
08/07/2025 09:15;482.44
08/07/2025 09:30;482.44
08/07/2025 09:45;482.44
08/07/2025 10:00;482.44
08/07/2025 10:15;482.44
08/07/2025 10:30;482.43
08/07/2025 10:45;482.43
08/07/2025 11:00;482.43
08/07/2025 11:15;482.43
08/07/2025 11:30;482.42
08/07/2025 11:45;482.42
08/07/2025 12:00;482.42
08/07/2025 12:15;482.42
08/07/2025 12:30;482.41
08/07/2025 12:45;482.41
08/07/2025 13:00;482.41
08/07/2025 13:15;482.41
08/07/2025 13:30;482.41
08/07/2025 13:45;482.41
08/07/2025 14:00;482.4
08/07/2025 14:15;482.4
08/07/2025 14:30;482.4
08/07/2025 14:45;482.4
08/07/2025 15:00;482.39
08/07/2025 15:15;482.39
08/07/2025 15:30;482.39
08/07/2025 15:45;482.39
08/07/2025 16:00;482.38
08/07/2025 16:15;482.38
08/07/2025 16:30;482.38
08/07/2025 16:45;482.38
08/07/2025 17:00;482.37
08/07/2025 17:15;482.37
08/07/2025 17:30;482.37
08/07/2025 17:45;482.36
08/07/2025 18:00;482.36
08/07/2025 18:15;482.36
08/07/2025 18:30;482.36
08/07/2025 18:45;482.35
08/07/2025 19:00;482.35
08/07/2025 19:15;482.35
08/07/2025 19:30;482.35
08/07/2025 19:45;482.34
08/07/2025 20:00;482.34
08/07/2025 20:15;482.34
08/07/2025 20:30;482.34
08/07/2025 20:45;482.33
08/07/2025 21:00;482.33
08/07/2025 21:15;482.33
08/07/2025 21:30;482.33
08/07/2025 21:45;482.33
08/07/2025 22:00;482.32
08/07/2025 22:15;482.32
08/07/2025 22:30;482.32
08/07/2025 22:45;482.32
08/07/2025 23:00;482.31
08/07/2025 23:15;482.31
08/07/2025 23:30;482.31
08/07/2025 23:45;482.31
09/07/2025 00:00;482.31
09/07/2025 00:15;482.3
09/07/2025 00:30;482.3
09/07/2025 00:45;482.3
09/07/2025 01:00;482.3
09/07/2025 01:15;482.29
09/07/2025 01:30;482.29
09/07/2025 01:45;482.29
09/07/2025 02:00;482.29
09/07/2025 02:15;482.29
09/07/2025 02:30;482.29
09/07/2025 02:45;482.28
09/07/2025 03:00;482.28
09/07/2025 03:15;482.28
09/07/2025 03:30;482.28
09/07/2025 03:45;482.27
09/07/2025 04:00;482.27
09/07/2025 04:15;482.27
09/07/2025 04:30;482.27
09/07/2025 04:45;482.27
09/07/2025 05:00;482.27
09/07/2025 05:15;482.27
09/07/2025 05:30;482.26
09/07/2025 05:45;482.26
09/07/2025 06:00;482.26
09/07/2025 06:15;482.26
09/07/2025 06:30;482.25
09/07/2025 06:45;482.25
09/07/2025 07:00;482.25
09/07/2025 07:15;482.25
09/07/2025 07:30;482.25
09/07/2025 07:45;482.24
09/07/2025 08:00;482.24
09/07/2025 08:15;482.24
09/07/2025 08:30;482.24
09/07/2025 08:45;482.24
09/07/2025 09:00;482.24
09/07/2025 09:15;482.24
09/07/2025 09:30;482.23
09/07/2025 09:45;482.23
09/07/2025 10:00;482.23
09/07/2025 10:15;482.23
09/07/2025 10:30;482.23
09/07/2025 10:45;482.23
09/07/2025 11:00;482.22
09/07/2025 11:15;482.22
09/07/2025 11:30;482.22
09/07/2025 11:45;482.21
09/07/2025 12:00;482.21
09/07/2025 12:15;482.21
09/07/2025 12:30;482.2
09/07/2025 12:45;482.2
09/07/2025 13:00;482.21
09/07/2025 13:15;482.2
09/07/2025 13:30;482.2
09/07/2025 13:45;482.2
09/07/2025 14:00;482.2
09/07/2025 14:15;482.19
09/07/2025 14:30;482.19
09/07/2025 14:45;482.19
09/07/2025 15:00;482.19
09/07/2025 15:15;482.18
09/07/2025 15:30;482.18
09/07/2025 15:45;482.18
09/07/2025 16:00;482.18
09/07/2025 16:15;482.18
09/07/2025 16:30;482.17
09/07/2025 16:45;482.17
09/07/2025 17:00;482.17
09/07/2025 17:15;482.17
09/07/2025 17:30;482.16
09/07/2025 17:45;482.16
09/07/2025 18:00;482.16
09/07/2025 18:15;482.16
09/07/2025 18:30;482.15
09/07/2025 18:45;482.15
09/07/2025 19:00;482.15
09/07/2025 19:15;482.14
09/07/2025 19:30;482.14
09/07/2025 19:45;482.14
09/07/2025 20:00;482.14
09/07/2025 20:15;482.13
09/07/2025 20:30;482.13
09/07/2025 20:45;482.13
09/07/2025 21:00;482.13
09/07/2025 21:15;482.12
09/07/2025 21:30;482.12
09/07/2025 21:45;482.12
09/07/2025 22:00;482.12
09/07/2025 22:15;482.11
09/07/2025 22:30;482.11
09/07/2025 22:45;482.11
09/07/2025 23:00;482.11
09/07/2025 23:15;482.1
09/07/2025 23:30;482.1
09/07/2025 23:45;482.1
10/07/2025 00:00;482.1
10/07/2025 00:15;482.1
10/07/2025 00:30;482.09
10/07/2025 00:45;482.09
10/07/2025 01:00;482.09
10/07/2025 01:15;482.09
10/07/2025 01:30;482.08
10/07/2025 01:45;482.08
10/07/2025 02:00;482.08
10/07/2025 02:15;482.08
10/07/2025 02:30;482.08
10/07/2025 02:45;482.07
10/07/2025 03:00;482.07
10/07/2025 03:15;482.07
10/07/2025 03:30;482.07
10/07/2025 03:45;482.07
10/07/2025 04:00;482.07
10/07/2025 04:15;482.07
10/07/2025 04:30;482.07
10/07/2025 04:45;482.06
10/07/2025 05:00;482.06
10/07/2025 05:15;482.06
10/07/2025 05:30;482.06
10/07/2025 05:45;482.05
10/07/2025 06:00;482.05
10/07/2025 06:15;482.05
10/07/2025 06:30;482.05
10/07/2025 06:45;482.05
10/07/2025 07:00;482.04
10/07/2025 07:15;482.04
10/07/2025 07:30;482.04
10/07/2025 07:45;482.04
10/07/2025 08:00;482.04
10/07/2025 08:15;482.03
10/07/2025 08:30;482.03
10/07/2025 08:45;482.03
10/07/2025 09:00;482.03
10/07/2025 09:15;482.03
10/07/2025 09:30;482.03
10/07/2025 09:45;482.02
10/07/2025 10:00;482.02
10/07/2025 10:15;482.02
10/07/2025 10:30;482.02
10/07/2025 10:45;482.02
10/07/2025 11:00;482.02
10/07/2025 11:15;482.01
10/07/2025 11:30;482.01
10/07/2025 11:45;482.01
10/07/2025 12:00;482.01
10/07/2025 12:15;482
10/07/2025 12:30;482
10/07/2025 12:45;482
10/07/2025 13:00;482
10/07/2025 13:15;482
10/07/2025 13:30;482
10/07/2025 13:45;481.99
10/07/2025 14:00;481.99
10/07/2025 14:15;481.99
10/07/2025 14:30;481.99
10/07/2025 14:45;481.98
10/07/2025 15:00;481.98
10/07/2025 15:15;481.98
10/07/2025 15:30;481.98
10/07/2025 15:45;481.98
10/07/2025 16:00;481.97
10/07/2025 16:15;481.97
10/07/2025 16:30;481.97
10/07/2025 16:45;481.96
10/07/2025 17:00;481.96
10/07/2025 17:15;481.96
10/07/2025 17:30;481.96
10/07/2025 17:45;481.96
10/07/2025 18:00;481.95
10/07/2025 18:15;481.95
10/07/2025 18:30;481.95
10/07/2025 18:45;481.95
10/07/2025 19:00;481.94
10/07/2025 19:15;481.94
10/07/2025 19:30;481.94
10/07/2025 19:45;481.94
10/07/2025 20:00;481.93
10/07/2025 20:15;481.93
10/07/2025 20:30;481.93
10/07/2025 20:45;481.93
10/07/2025 21:00;481.92
10/07/2025 21:15;481.92
10/07/2025 21:30;481.92
10/07/2025 21:45;481.92
10/07/2025 22:00;481.91
10/07/2025 22:15;481.91
10/07/2025 22:30;481.91
10/07/2025 22:45;481.91
10/07/2025 23:00;481.9
10/07/2025 23:15;481.9
10/07/2025 23:30;481.9
10/07/2025 23:45;481.9
11/07/2025 00:00;481.9
11/07/2025 00:15;481.89
11/07/2025 00:30;481.89
11/07/2025 00:45;481.89
11/07/2025 01:00;481.89
11/07/2025 01:15;481.89
11/07/2025 01:30;481.89
11/07/2025 01:45;481.88
11/07/2025 02:00;481.88
11/07/2025 02:15;481.88
11/07/2025 02:30;481.88
11/07/2025 02:45;481.88
11/07/2025 03:00;481.87
11/07/2025 03:15;481.87
11/07/2025 03:30;481.87
11/07/2025 03:45;481.87
11/07/2025 04:00;481.87
11/07/2025 04:15;481.87
11/07/2025 04:30;481.86
11/07/2025 04:45;481.86
11/07/2025 05:00;481.86
11/07/2025 05:15;481.86
11/07/2025 05:30;481.85
11/07/2025 05:45;481.85
11/07/2025 06:00;481.85
11/07/2025 06:15;481.85
11/07/2025 06:30;481.85
11/07/2025 06:45;481.85
11/07/2025 07:00;481.85
11/07/2025 07:15;481.84
11/07/2025 07:30;481.84
11/07/2025 07:45;481.84
11/07/2025 08:00;481.84
11/07/2025 08:15;481.84
11/07/2025 08:30;481.83
11/07/2025 08:45;481.83
11/07/2025 09:00;481.83
11/07/2025 09:15;481.83
11/07/2025 09:30;481.83
11/07/2025 09:45;481.83
11/07/2025 10:00;481.83
11/07/2025 10:15;481.82
11/07/2025 10:30;481.82
11/07/2025 10:45;481.82
11/07/2025 11:00;481.82
11/07/2025 11:15;481.82
11/07/2025 11:30;481.81
11/07/2025 11:45;481.81
11/07/2025 12:00;481.81
11/07/2025 12:15;481.81
11/07/2025 12:30;481.81
11/07/2025 12:45;481.81
11/07/2025 13:00;481.8
11/07/2025 13:15;481.8
11/07/2025 13:30;481.8
11/07/2025 13:45;481.8
11/07/2025 14:00;481.79
11/07/2025 14:15;481.79
11/07/2025 14:30;481.79
11/07/2025 14:45;481.79
11/07/2025 15:00;481.79
11/07/2025 15:15;481.79
11/07/2025 15:30;481.78
11/07/2025 15:45;481.78
11/07/2025 16:00;481.78
11/07/2025 16:15;481.78
11/07/2025 16:30;481.78
11/07/2025 16:45;481.77
11/07/2025 17:00;481.77
11/07/2025 17:15;481.77
11/07/2025 17:30;481.77
11/07/2025 17:45;481.77
11/07/2025 18:00;481.77
11/07/2025 18:15;481.76
11/07/2025 18:30;481.77
11/07/2025 18:45;481.76
11/07/2025 19:00;481.76
11/07/2025 19:15;481.76
11/07/2025 19:30;481.75
11/07/2025 19:45;481.75
11/07/2025 20:00;481.75
11/07/2025 20:15;481.75
11/07/2025 20:30;481.74
11/07/2025 20:45;481.74
11/07/2025 21:00;481.73
11/07/2025 21:15;481.72
11/07/2025 21:30;481.72
11/07/2025 21:45;481.74
11/07/2025 22:00;481.73
11/07/2025 22:15;481.72
11/07/2025 22:30;481.73
11/07/2025 22:45;481.72
11/07/2025 23:00;481.74
11/07/2025 23:15;481.72
11/07/2025 23:30;481.72
11/07/2025 23:45;481.73
12/07/2025 00:00;481.72
12/07/2025 00:15;481.73
12/07/2025 00:30;481.72
12/07/2025 00:45;481.72
12/07/2025 01:00;481.72
12/07/2025 01:15;481.72
12/07/2025 01:30;481.73
12/07/2025 01:45;481.71
12/07/2025 02:00;481.71
12/07/2025 02:15;481.71
12/07/2025 02:30;481.72
12/07/2025 02:45;481.71
12/07/2025 03:00;481.71
12/07/2025 03:15;481.71
12/07/2025 03:30;481.71
12/07/2025 03:45;481.7
12/07/2025 04:00;481.7
12/07/2025 04:15;481.7
12/07/2025 04:30;481.7
12/07/2025 04:45;481.7
12/07/2025 05:00;481.7
12/07/2025 05:15;481.69
12/07/2025 05:30;481.69
12/07/2025 05:45;481.69
12/07/2025 06:00;481.69
12/07/2025 06:15;481.69
12/07/2025 06:30;481.69
12/07/2025 06:45;481.69
12/07/2025 07:00;481.69
12/07/2025 07:15;481.68
12/07/2025 07:30;481.68
12/07/2025 07:45;481.68
12/07/2025 08:00;481.68
12/07/2025 08:15;481.67
12/07/2025 08:30;481.67
12/07/2025 08:45;481.68
12/07/2025 09:00;481.68
12/07/2025 09:15;481.68
12/07/2025 09:30;481.67
12/07/2025 09:45;481.67
12/07/2025 10:00;481.68
12/07/2025 10:15;481.67
12/07/2025 10:30;481.67
12/07/2025 10:45;481.67
12/07/2025 11:00;481.67
12/07/2025 11:15;481.67
12/07/2025 11:30;481.67
12/07/2025 11:45;481.67
12/07/2025 12:00;481.67
12/07/2025 12:15;481.66
12/07/2025 12:30;481.66
12/07/2025 12:45;481.66
12/07/2025 13:00;481.66
12/07/2025 13:15;481.66
12/07/2025 13:30;481.66
12/07/2025 13:45;481.66
12/07/2025 14:00;481.65
12/07/2025 14:15;481.65
12/07/2025 14:30;481.65
12/07/2025 14:45;481.65
12/07/2025 15:00;481.65
12/07/2025 15:15;481.65
12/07/2025 15:30;481.65
12/07/2025 15:45;481.65
12/07/2025 16:00;481.65
12/07/2025 16:15;481.65
12/07/2025 16:30;481.65
12/07/2025 16:45;481.65
12/07/2025 17:00;481.65
12/07/2025 17:15;481.65
12/07/2025 17:30;481.64
12/07/2025 17:45;481.64
12/07/2025 18:00;481.64
12/07/2025 18:15;481.64
12/07/2025 18:30;481.64
12/07/2025 18:45;481.64
12/07/2025 19:00;481.64
12/07/2025 19:15;481.64
12/07/2025 19:30;481.64
12/07/2025 19:45;481.64
12/07/2025 20:00;481.64
12/07/2025 20:15;481.64
12/07/2025 20:30;481.64
12/07/2025 20:45;481.64
12/07/2025 21:00;481.63
12/07/2025 21:15;481.63
12/07/2025 21:30;481.63
12/07/2025 21:45;481.63
12/07/2025 22:00;481.63
12/07/2025 22:15;481.63
12/07/2025 22:30;481.63
12/07/2025 22:45;481.63
12/07/2025 23:00;481.62
12/07/2025 23:15;481.62
12/07/2025 23:30;481.62
12/07/2025 23:45;481.62
13/07/2025 00:00;481.62
13/07/2025 00:15;481.62
13/07/2025 00:30;481.62
13/07/2025 00:45;481.62
13/07/2025 01:00;481.62
13/07/2025 01:15;481.62
13/07/2025 01:30;481.61
13/07/2025 01:45;481.61
13/07/2025 02:00;481.61
13/07/2025 02:15;481.61
13/07/2025 02:30;481.61
13/07/2025 02:45;481.61
13/07/2025 03:00;481.6
13/07/2025 03:15;481.6
13/07/2025 03:30;481.61
13/07/2025 03:45;481.6
13/07/2025 04:00;481.6
13/07/2025 04:15;481.6
13/07/2025 04:30;481.6
13/07/2025 04:45;481.6
13/07/2025 05:00;481.6
13/07/2025 05:15;481.6
13/07/2025 05:30;481.6
13/07/2025 05:45;481.6
13/07/2025 06:00;481.6
13/07/2025 06:15;481.6
13/07/2025 06:30;481.6
13/07/2025 06:45;481.6
13/07/2025 07:00;481.6
13/07/2025 07:15;481.6
13/07/2025 07:30;481.59
13/07/2025 07:45;481.59
13/07/2025 08:00;481.59
13/07/2025 08:15;481.59
13/07/2025 08:30;481.59
13/07/2025 08:45;481.59
13/07/2025 09:00;481.59
13/07/2025 09:15;481.59
13/07/2025 09:30;481.59
13/07/2025 09:45;481.59
13/07/2025 10:00;481.59
13/07/2025 10:15;481.58
13/07/2025 10:30;481.58
13/07/2025 10:45;481.58
13/07/2025 11:00;481.58
13/07/2025 11:15;481.58
13/07/2025 11:30;481.58
13/07/2025 11:45;481.58
13/07/2025 12:00;481.58
13/07/2025 12:15;481.58
13/07/2025 12:30;481.58
13/07/2025 12:45;481.57
13/07/2025 13:00;481.57
13/07/2025 13:15;481.57
13/07/2025 13:30;481.57
13/07/2025 13:45;481.57
13/07/2025 14:00;481.57
13/07/2025 14:15;481.56
13/07/2025 14:30;481.56
13/07/2025 14:45;481.56
13/07/2025 15:00;481.56
13/07/2025 15:15;481.56
13/07/2025 15:30;481.56
13/07/2025 15:45;481.56
13/07/2025 16:00;481.56
13/07/2025 16:15;481.56
13/07/2025 16:30;481.56
13/07/2025 16:45;481.56
13/07/2025 17:00;481.56
13/07/2025 17:15;481.55
13/07/2025 17:30;481.55
13/07/2025 17:45;481.55
13/07/2025 18:00;481.55
13/07/2025 18:15;481.55
13/07/2025 18:30;481.55
13/07/2025 18:45;481.55
13/07/2025 19:00;481.54
13/07/2025 19:15;481.55
13/07/2025 19:30;481.54
13/07/2025 19:45;481.52
13/07/2025 20:00;481.53
13/07/2025 20:15;481.56
13/07/2025 20:30;481.53
13/07/2025 20:45;481.55
13/07/2025 21:00;481.53
13/07/2025 21:15;481.54
13/07/2025 21:30;481.55
13/07/2025 21:45;481.53
13/07/2025 22:00;481.55
13/07/2025 22:15;481.53
13/07/2025 22:30;481.54
13/07/2025 22:45;481.53
13/07/2025 23:00;481.53
13/07/2025 23:15;481.54
13/07/2025 23:30;481.52
13/07/2025 23:45;481.53
14/07/2025 00:00;481.52
14/07/2025 00:15;481.52
14/07/2025 00:30;481.53
14/07/2025 00:45;481.52
14/07/2025 01:00;481.53
14/07/2025 01:15;481.52
14/07/2025 01:30;481.53
14/07/2025 01:45;481.52
14/07/2025 02:00;481.52
14/07/2025 02:15;481.52
14/07/2025 02:30;481.52
14/07/2025 02:45;481.52
14/07/2025 03:00;481.52
14/07/2025 03:15;481.51
14/07/2025 03:30;481.51
14/07/2025 03:45;481.51
14/07/2025 04:00;481.51
14/07/2025 04:15;481.51
14/07/2025 04:30;481.51
14/07/2025 04:45;481.51
14/07/2025 05:00;481.51
14/07/2025 05:15;481.51
14/07/2025 05:30;481.5
14/07/2025 05:45;481.51
14/07/2025 06:00;481.5
14/07/2025 06:15;481.5
14/07/2025 06:30;481.5
14/07/2025 06:45;481.5
14/07/2025 07:00;481.5
14/07/2025 07:15;481.5
14/07/2025 07:30;481.5
14/07/2025 07:45;481.49
14/07/2025 08:00;481.49
14/07/2025 08:15;481.49
14/07/2025 08:30;481.49
14/07/2025 08:45;481.49
14/07/2025 09:00;481.49
14/07/2025 09:15;481.49
14/07/2025 09:30;481.49
14/07/2025 09:45;481.49
14/07/2025 10:00;481.49
14/07/2025 10:15;481.49
14/07/2025 10:30;481.48
14/07/2025 10:45;481.48
14/07/2025 11:00;481.48
14/07/2025 11:15;481.48
14/07/2025 11:30;481.48
14/07/2025 11:45;481.48
14/07/2025 12:00;481.48
14/07/2025 12:15;481.48
14/07/2025 12:30;481.48
14/07/2025 12:45;481.48
14/07/2025 13:00;481.48
14/07/2025 13:15;481.48
14/07/2025 13:30;481.47
14/07/2025 13:45;481.47
14/07/2025 14:00;481.47
14/07/2025 14:15;481.47
14/07/2025 14:30;481.47
14/07/2025 14:45;481.47
14/07/2025 15:00;481.46
14/07/2025 15:15;481.46
14/07/2025 15:30;481.46
14/07/2025 15:45;481.46
14/07/2025 16:00;481.46
14/07/2025 16:15;481.46
14/07/2025 16:30;481.46
14/07/2025 16:45;481.45
14/07/2025 17:00;481.45
14/07/2025 17:15;481.45
14/07/2025 17:30;481.45
14/07/2025 17:45;481.45
14/07/2025 18:00;481.45
14/07/2025 18:15;481.44
14/07/2025 18:30;481.44
14/07/2025 18:45;481.44
14/07/2025 19:00;481.43
14/07/2025 19:15;481.44
14/07/2025 19:30;481.44
14/07/2025 19:45;481.44
14/07/2025 20:00;481.43
14/07/2025 20:15;481.43
14/07/2025 20:30;481.43
14/07/2025 20:45;481.43
14/07/2025 21:00;481.43
14/07/2025 21:15;481.43
14/07/2025 21:30;481.43
14/07/2025 21:45;481.42
14/07/2025 22:00;481.42
14/07/2025 22:15;481.42
14/07/2025 22:30;481.42
14/07/2025 22:45;481.42
14/07/2025 23:00;481.42
14/07/2025 23:15;481.41
14/07/2025 23:30;481.41
14/07/2025 23:45;481.41
15/07/2025 00:00;481.41
15/07/2025 00:15;481.41
15/07/2025 00:30;481.41
15/07/2025 00:45;481.41
15/07/2025 01:00;481.41
15/07/2025 01:15;481.4
15/07/2025 01:30;481.4
15/07/2025 01:45;481.4
15/07/2025 02:00;481.4
15/07/2025 02:15;481.4
15/07/2025 02:30;481.4
15/07/2025 02:45;481.4
15/07/2025 03:00;481.4
15/07/2025 03:15;481.39
15/07/2025 03:30;481.39
15/07/2025 03:45;481.39
15/07/2025 04:00;481.39
15/07/2025 04:15;481.39
15/07/2025 04:30;481.39
15/07/2025 04:45;481.39
15/07/2025 05:00;481.38
15/07/2025 05:15;481.38
15/07/2025 05:30;481.38
15/07/2025 05:45;481.38
15/07/2025 06:00;481.38
15/07/2025 06:15;481.38
15/07/2025 06:30;481.38
15/07/2025 06:45;481.38
15/07/2025 07:00;481.38
15/07/2025 07:15;481.38
15/07/2025 07:30;481.38
15/07/2025 07:45;481.38
15/07/2025 08:00;481.38
15/07/2025 08:15;481.37
15/07/2025 08:30;481.37
15/07/2025 08:45;481.37
15/07/2025 09:00;481.37
15/07/2025 09:15;481.37
15/07/2025 09:30;481.37
15/07/2025 09:45;481.37
15/07/2025 10:00;481.37
15/07/2025 10:15;481.37
15/07/2025 10:30;481.36
15/07/2025 10:45;481.36
15/07/2025 11:00;481.36
15/07/2025 11:15;481.36
15/07/2025 11:30;481.36
15/07/2025 11:45;481.36
15/07/2025 12:00;481.36
15/07/2025 12:15;481.35
15/07/2025 12:30;481.35
15/07/2025 12:45;481.35
15/07/2025 13:00;481.35
15/07/2025 13:15;481.35
15/07/2025 13:30;481.34
15/07/2025 13:45;481.34
15/07/2025 14:00;481.34
15/07/2025 14:15;481.34
15/07/2025 14:30;481.33
15/07/2025 14:45;481.33
15/07/2025 15:00;481.33
15/07/2025 15:15;481.33
15/07/2025 15:30;481.33
15/07/2025 15:45;481.33
15/07/2025 16:00;481.33
15/07/2025 16:15;481.33
15/07/2025 16:30;481.32
15/07/2025 16:45;481.32
15/07/2025 17:00;481.32
15/07/2025 17:15;481.32
15/07/2025 17:30;481.32
15/07/2025 17:45;481.31
15/07/2025 18:00;481.31
15/07/2025 18:15;481.31
15/07/2025 18:30;481.31
15/07/2025 18:45;481.3
15/07/2025 19:00;481.3
15/07/2025 19:15;481.3
15/07/2025 19:30;481.3
15/07/2025 19:45;481.3
15/07/2025 20:00;481.3
15/07/2025 20:15;481.29
15/07/2025 20:30;481.29
15/07/2025 20:45;481.29
15/07/2025 21:00;481.29
15/07/2025 21:15;481.29
15/07/2025 21:30;481.28
15/07/2025 21:45;481.28
15/07/2025 22:00;481.28
15/07/2025 22:15;481.28
15/07/2025 22:30;481.28
15/07/2025 22:45;481.27
15/07/2025 23:00;481.27
15/07/2025 23:15;481.27
15/07/2025 23:30;481.27
15/07/2025 23:45;481.27
16/07/2025 00:00;481.26
16/07/2025 00:15;481.26
16/07/2025 00:30;481.26
16/07/2025 00:45;481.26
16/07/2025 01:00;481.26
16/07/2025 01:15;481.26
16/07/2025 01:30;481.26
16/07/2025 01:45;481.25
16/07/2025 02:00;481.25
16/07/2025 02:15;481.25
16/07/2025 02:30;481.25
16/07/2025 02:45;481.24
16/07/2025 03:00;481.24
16/07/2025 03:15;481.24
16/07/2025 03:30;481.24
16/07/2025 03:45;481.24
16/07/2025 04:00;481.24
16/07/2025 04:15;481.24
16/07/2025 04:30;481.23
16/07/2025 04:45;481.23
16/07/2025 05:00;481.23
16/07/2025 05:15;481.23
16/07/2025 05:30;481.23
16/07/2025 05:45;481.23
16/07/2025 06:00;481.23
16/07/2025 06:15;481.23
16/07/2025 06:30;481.23
16/07/2025 06:45;481.23
16/07/2025 07:00;481.22
16/07/2025 07:15;481.22
16/07/2025 07:30;481.22
16/07/2025 07:45;481.22
16/07/2025 08:00;481.22
16/07/2025 08:15;481.22
16/07/2025 08:30;481.22
16/07/2025 08:45;481.22
16/07/2025 09:00;481.22
16/07/2025 09:15;481.21
16/07/2025 09:30;481.21
16/07/2025 09:45;481.21
16/07/2025 10:00;481.21
16/07/2025 10:15;481.21
16/07/2025 10:30;481.2
16/07/2025 10:45;481.2
16/07/2025 11:00;481.2
16/07/2025 11:15;481.2
16/07/2025 11:30;481.2
16/07/2025 11:45;481.2
16/07/2025 12:00;481.19
16/07/2025 12:15;481.19
16/07/2025 12:30;481.19
16/07/2025 12:45;481.19
16/07/2025 13:00;481.18
16/07/2025 13:15;481.18
16/07/2025 13:30;481.18
16/07/2025 13:45;481.18
16/07/2025 14:00;481.18
16/07/2025 14:15;481.18
16/07/2025 14:30;481.17
16/07/2025 14:45;481.17
16/07/2025 15:00;481.17
16/07/2025 15:15;481.16
16/07/2025 15:30;481.16
16/07/2025 15:45;481.16
16/07/2025 16:00;481.16
16/07/2025 16:15;481.16
16/07/2025 16:30;481.15
16/07/2025 16:45;481.15
16/07/2025 17:00;481.15
16/07/2025 17:15;481.14
16/07/2025 17:30;481.14
16/07/2025 17:45;481.14
16/07/2025 18:00;481.14
16/07/2025 18:15;481.14
16/07/2025 18:30;481.13
16/07/2025 18:45;481.13
16/07/2025 19:00;481.13
16/07/2025 19:15;481.13
16/07/2025 19:30;481.12
16/07/2025 19:45;481.12
16/07/2025 20:00;481.12
16/07/2025 20:15;481.12
16/07/2025 20:30;481.12
16/07/2025 20:45;481.11
16/07/2025 21:00;481.11
16/07/2025 21:15;481.11
16/07/2025 21:30;481.11
16/07/2025 21:45;481.1
16/07/2025 22:00;481.1
16/07/2025 22:15;481.1
16/07/2025 22:30;481.09
16/07/2025 22:45;481.09
16/07/2025 23:00;481.09
16/07/2025 23:15;481.09
16/07/2025 23:30;481.08
16/07/2025 23:45;481.08
17/07/2025 00:00;481.08
17/07/2025 00:15;481.08
17/07/2025 00:30;481.07
17/07/2025 00:45;481.07
17/07/2025 01:00;481.07
17/07/2025 01:15;481.07
17/07/2025 01:30;481.07
17/07/2025 01:45;481.06
17/07/2025 02:00;481.06
17/07/2025 02:15;481.06
17/07/2025 02:30;481.06
17/07/2025 02:45;481.05
17/07/2025 03:00;481.05
17/07/2025 03:15;481.05
17/07/2025 03:30;481.05
17/07/2025 03:45;481.05
17/07/2025 04:00;481.04
17/07/2025 04:15;481.04
17/07/2025 04:30;481.04
17/07/2025 04:45;481.04
17/07/2025 05:00;481.04
17/07/2025 05:15;481.04
17/07/2025 05:30;481.04
17/07/2025 05:45;481.04
17/07/2025 06:00;481.04
17/07/2025 06:15;481.03
17/07/2025 06:30;481.03
17/07/2025 06:45;481.03
17/07/2025 07:00;481.03
17/07/2025 07:15;481.03
17/07/2025 07:30;481.03
17/07/2025 07:45;481.02
17/07/2025 08:00;481.02
17/07/2025 08:15;481.02
17/07/2025 08:30;481.02
17/07/2025 08:45;481.02
17/07/2025 09:00;481.02
17/07/2025 09:15;481.02
17/07/2025 09:30;481.01
17/07/2025 09:45;481.01
17/07/2025 10:00;481.01
17/07/2025 10:15;481.01
17/07/2025 10:30;481.01
17/07/2025 10:45;481.01
17/07/2025 11:00;481.01
17/07/2025 11:15;481.01
17/07/2025 11:30;481
17/07/2025 11:45;481
17/07/2025 12:00;481
17/07/2025 12:15;480.99
17/07/2025 12:30;480.99
17/07/2025 12:45;480.99
17/07/2025 13:00;480.99
17/07/2025 13:15;480.99
17/07/2025 13:30;480.98
17/07/2025 13:45;480.98
17/07/2025 14:00;480.98
17/07/2025 14:15;480.98
17/07/2025 14:30;480.97
17/07/2025 14:45;480.97
17/07/2025 15:00;480.97
17/07/2025 15:15;480.97
17/07/2025 15:30;480.96
17/07/2025 15:45;480.96
17/07/2025 16:00;480.96
17/07/2025 16:15;480.95
17/07/2025 16:30;480.95
17/07/2025 16:45;480.95
17/07/2025 17:00;480.95
17/07/2025 17:15;480.95
17/07/2025 17:30;480.94
17/07/2025 17:45;480.94
17/07/2025 18:00;480.94
17/07/2025 18:15;480.94
17/07/2025 18:30;480.93
17/07/2025 18:45;480.93
17/07/2025 19:00;480.93
17/07/2025 19:15;480.93
17/07/2025 19:30;480.92
17/07/2025 19:45;480.92
17/07/2025 20:00;480.92
17/07/2025 20:15;480.92
17/07/2025 20:30;480.91
17/07/2025 20:45;480.91
17/07/2025 21:00;480.91
17/07/2025 21:15;480.91
17/07/2025 21:30;480.9
17/07/2025 21:45;480.9
17/07/2025 22:00;480.9
17/07/2025 22:15;480.89
17/07/2025 22:30;480.89
17/07/2025 22:45;480.89
17/07/2025 23:00;480.89
17/07/2025 23:15;480.89
17/07/2025 23:30;480.88
17/07/2025 23:45;480.88
18/07/2025 00:00;480.88
18/07/2025 00:15;480.88
18/07/2025 00:30;480.87
18/07/2025 00:45;480.87
18/07/2025 01:00;480.87
18/07/2025 01:15;480.86
18/07/2025 01:30;480.86
18/07/2025 01:45;480.86
18/07/2025 02:00;480.86
18/07/2025 02:15;480.85
18/07/2025 02:30;480.86
18/07/2025 02:45;480.85
18/07/2025 03:00;480.85
18/07/2025 03:15;480.85
18/07/2025 03:30;480.84
18/07/2025 03:45;480.84
18/07/2025 04:00;480.84
18/07/2025 04:15;480.84
18/07/2025 04:30;480.84
18/07/2025 04:45;480.84
18/07/2025 05:00;480.84
18/07/2025 05:15;480.84
18/07/2025 05:30;480.83
18/07/2025 05:45;480.83
18/07/2025 06:00;480.83
18/07/2025 06:15;480.83
18/07/2025 06:30;480.83
18/07/2025 06:45;480.82
18/07/2025 07:00;480.82
18/07/2025 07:15;480.82
18/07/2025 07:30;480.82
18/07/2025 07:45;480.82
18/07/2025 08:00;480.82
18/07/2025 08:15;480.82
18/07/2025 08:30;480.82
18/07/2025 08:45;480.81
18/07/2025 09:00;480.81
18/07/2025 09:15;480.81
18/07/2025 09:30;480.81
18/07/2025 09:45;480.81
18/07/2025 10:00;480.8
18/07/2025 10:15;480.8
18/07/2025 10:30;480.8
18/07/2025 10:45;480.8
18/07/2025 11:00;480.8
18/07/2025 11:15;480.79
18/07/2025 11:30;480.79
18/07/2025 11:45;480.79
18/07/2025 12:00;480.79
18/07/2025 12:15;480.79
18/07/2025 12:30;480.78
18/07/2025 12:45;480.78
18/07/2025 13:00;480.78
18/07/2025 13:15;480.78
18/07/2025 13:30;480.77
18/07/2025 13:45;480.77
18/07/2025 14:00;480.77
18/07/2025 14:15;480.77
18/07/2025 14:30;480.76
18/07/2025 14:45;480.76
18/07/2025 15:00;480.76
18/07/2025 15:15;480.75
18/07/2025 15:30;480.75
18/07/2025 15:45;480.75
18/07/2025 16:00;480.75
18/07/2025 16:15;480.75
18/07/2025 16:30;480.74
18/07/2025 16:45;480.74
18/07/2025 17:00;480.74
18/07/2025 17:15;480.74
18/07/2025 17:30;480.74
18/07/2025 17:45;480.73
18/07/2025 18:00;480.73
18/07/2025 18:15;480.73
18/07/2025 18:30;480.72
18/07/2025 18:45;480.72
18/07/2025 19:00;480.72
18/07/2025 19:15;480.72
18/07/2025 19:30;480.72
18/07/2025 19:45;480.71
18/07/2025 20:00;480.71
18/07/2025 20:15;480.71
18/07/2025 20:30;480.71
18/07/2025 20:45;480.71
18/07/2025 21:00;480.7
18/07/2025 21:15;480.7
18/07/2025 21:30;480.7
18/07/2025 21:45;480.7
18/07/2025 22:00;480.69
18/07/2025 22:15;480.69
18/07/2025 22:30;480.69
18/07/2025 22:45;480.68
18/07/2025 23:00;480.68
18/07/2025 23:15;480.68
18/07/2025 23:30;480.68
18/07/2025 23:45;480.68
19/07/2025 00:00;480.67
19/07/2025 00:15;480.67
19/07/2025 00:30;480.67
19/07/2025 00:45;480.67
19/07/2025 01:00;480.67
19/07/2025 01:15;480.67
19/07/2025 01:30;480.67
19/07/2025 01:45;480.66
19/07/2025 02:00;480.66
19/07/2025 02:15;480.66
19/07/2025 02:30;480.66
19/07/2025 02:45;480.65
19/07/2025 03:00;480.65
19/07/2025 03:15;480.65
19/07/2025 03:30;480.65
19/07/2025 03:45;480.64
19/07/2025 04:00;480.64
19/07/2025 04:15;480.64
19/07/2025 04:30;480.64
19/07/2025 04:45;480.64
19/07/2025 05:00;480.64
19/07/2025 05:15;480.63
19/07/2025 05:30;480.63
19/07/2025 05:45;480.63
19/07/2025 06:00;480.63
19/07/2025 06:15;480.63
19/07/2025 06:30;480.62
19/07/2025 06:45;480.62
19/07/2025 07:00;480.62
19/07/2025 07:15;480.62
19/07/2025 07:30;480.62
19/07/2025 07:45;480.62
19/07/2025 08:00;480.61
19/07/2025 08:15;480.61
19/07/2025 08:30;480.61
19/07/2025 08:45;480.61
19/07/2025 09:00;480.61
19/07/2025 09:15;480.61
19/07/2025 09:30;480.6
19/07/2025 09:45;480.6
19/07/2025 10:00;480.6
19/07/2025 10:15;480.6
19/07/2025 10:30;480.6
19/07/2025 10:45;480.6
19/07/2025 11:00;480.59
19/07/2025 11:15;480.59
19/07/2025 11:30;480.59
19/07/2025 11:45;480.59
19/07/2025 12:00;480.59
19/07/2025 12:15;480.58
19/07/2025 12:30;480.58
19/07/2025 12:45;480.58
19/07/2025 13:00;480.58
19/07/2025 13:15;480.58
19/07/2025 13:30;480.57
19/07/2025 13:45;480.57
19/07/2025 14:00;480.57
19/07/2025 14:15;480.57
19/07/2025 14:30;480.56
19/07/2025 14:45;480.56
19/07/2025 15:00;480.56
19/07/2025 15:15;480.55
19/07/2025 15:30;480.55
19/07/2025 15:45;480.55
19/07/2025 16:00;480.55
19/07/2025 16:15;480.55
19/07/2025 16:30;480.54
19/07/2025 16:45;480.54
19/07/2025 17:00;480.54
19/07/2025 17:15;480.53
19/07/2025 17:30;480.53
19/07/2025 17:45;480.53
19/07/2025 18:00;480.53
19/07/2025 18:15;480.52
19/07/2025 18:30;480.52
19/07/2025 18:45;480.52
19/07/2025 19:00;480.52
19/07/2025 19:15;480.51
19/07/2025 19:30;480.51
19/07/2025 19:45;480.51
19/07/2025 20:00;480.51
19/07/2025 20:15;480.48
19/07/2025 20:30;480.47
19/07/2025 20:45;480.47
19/07/2025 21:00;480.46
19/07/2025 21:15;480.46
19/07/2025 21:30;480.46
19/07/2025 21:45;480.46
19/07/2025 22:00;480.45
19/07/2025 22:15;480.45
19/07/2025 22:30;480.45
19/07/2025 22:45;480.44
19/07/2025 23:00;480.44
19/07/2025 23:15;480.44
19/07/2025 23:30;480.44
19/07/2025 23:45;480.44
20/07/2025 00:00;480.43
20/07/2025 00:15;480.43
20/07/2025 00:30;480.43
20/07/2025 00:45;480.43
20/07/2025 01:00;480.43
20/07/2025 01:15;480.42
20/07/2025 01:30;480.42
20/07/2025 01:45;480.42
20/07/2025 02:00;480.41
20/07/2025 02:15;480.41
20/07/2025 02:30;480.41
20/07/2025 02:45;480.41
20/07/2025 03:00;480.41
20/07/2025 03:15;480.41
20/07/2025 03:30;480.41
20/07/2025 03:45;480.4
20/07/2025 04:00;480.4
20/07/2025 04:15;480.4
20/07/2025 04:30;480.4
20/07/2025 04:45;480.39
20/07/2025 05:00;480.39
20/07/2025 05:15;480.39
20/07/2025 05:30;480.39
20/07/2025 05:45;480.38
20/07/2025 06:00;480.38
20/07/2025 06:15;480.38
20/07/2025 06:30;480.38
20/07/2025 06:45;480.38
20/07/2025 07:00;480.38
20/07/2025 07:15;480.38
20/07/2025 07:30;480.37
20/07/2025 07:45;480.37
20/07/2025 08:00;480.37
20/07/2025 08:15;480.37
20/07/2025 08:30;480.37
20/07/2025 08:45;480.37
20/07/2025 09:00;480.36
20/07/2025 09:15;480.36
20/07/2025 09:30;480.36
20/07/2025 09:45;480.36
20/07/2025 10:00;480.36
20/07/2025 10:15;480.35
20/07/2025 10:30;480.35
20/07/2025 10:45;480.35
20/07/2025 11:00;480.35
20/07/2025 11:15;480.34
20/07/2025 11:30;480.34
20/07/2025 11:45;480.34
20/07/2025 12:00;480.34
20/07/2025 12:15;480.33
20/07/2025 12:30;480.33
20/07/2025 12:45;480.33
20/07/2025 13:00;480.33
20/07/2025 13:15;480.32
20/07/2025 13:30;480.32
20/07/2025 13:45;480.32
20/07/2025 14:00;480.32
20/07/2025 14:15;480.31
20/07/2025 14:30;480.31
20/07/2025 14:45;480.31
20/07/2025 15:00;480.31
20/07/2025 15:15;480.3
20/07/2025 15:30;480.3
20/07/2025 15:45;480.3
20/07/2025 16:00;480.29
20/07/2025 16:15;480.29
20/07/2025 16:30;480.29
20/07/2025 16:45;480.28
20/07/2025 17:00;480.28
20/07/2025 17:15;480.28
20/07/2025 17:30;480.28
20/07/2025 17:45;480.27
20/07/2025 18:00;480.27
20/07/2025 18:15;480.27
20/07/2025 18:30;480.27
20/07/2025 18:45;480.27
20/07/2025 19:00;480.26
20/07/2025 19:15;480.26
20/07/2025 19:30;480.26
20/07/2025 19:45;480.26
20/07/2025 20:00;480.25
20/07/2025 20:15;480.25
20/07/2025 20:30;480.24
20/07/2025 20:45;480.24
20/07/2025 21:00;480.24
20/07/2025 21:15;480.24
20/07/2025 21:30;480.23
20/07/2025 21:45;480.23
20/07/2025 22:00;480.23
20/07/2025 22:15;480.23
20/07/2025 22:30;480.23
20/07/2025 22:45;480.22
20/07/2025 23:00;480.22
20/07/2025 23:15;480.22
20/07/2025 23:30;480.21
20/07/2025 23:45;480.21
21/07/2025 00:00;480.21
21/07/2025 00:15;480.21
21/07/2025 00:30;480.2
21/07/2025 00:45;480.2
21/07/2025 01:00;480.2
21/07/2025 01:15;480.2
21/07/2025 01:30;480.19
21/07/2025 01:45;480.19
21/07/2025 02:00;480.19
21/07/2025 02:15;480.19
21/07/2025 02:30;480.19
21/07/2025 02:45;480.19
21/07/2025 03:00;480.18
21/07/2025 03:15;480.18
21/07/2025 03:30;480.18
21/07/2025 03:45;480.18
21/07/2025 04:00;480.17
21/07/2025 04:15;480.17
21/07/2025 04:30;480.17
21/07/2025 04:45;480.17
21/07/2025 05:00;480.16
21/07/2025 05:15;480.16
21/07/2025 05:30;480.16
21/07/2025 05:45;480.16
21/07/2025 06:00;480.16
21/07/2025 06:15;480.15
21/07/2025 06:30;480.15
21/07/2025 06:45;480.15
21/07/2025 07:00;480.15
21/07/2025 07:15;480.15
21/07/2025 07:30;480.15
21/07/2025 07:45;480.15
21/07/2025 08:00;480.15
21/07/2025 08:15;480.14
21/07/2025 08:30;480.14
21/07/2025 08:45;480.14
21/07/2025 09:00;480.14
21/07/2025 09:15;480.14
21/07/2025 09:30;480.13
21/07/2025 09:45;480.13
21/07/2025 10:00;480.13
21/07/2025 10:15;480.12
21/07/2025 10:30;480.12
21/07/2025 10:45;480.12
21/07/2025 11:00;480.12
21/07/2025 11:15;480.12
21/07/2025 11:30;480.12
21/07/2025 11:45;480.11
21/07/2025 12:00;480.11
21/07/2025 12:15;480.11
21/07/2025 12:30;480.11
21/07/2025 12:45;480.1
21/07/2025 13:00;480.1
21/07/2025 13:15;480.1
21/07/2025 13:30;480.1
21/07/2025 13:45;480.1
21/07/2025 14:00;480.09
21/07/2025 14:15;480.09
21/07/2025 14:30;480.09
21/07/2025 14:45;480.09
21/07/2025 15:00;480.08
21/07/2025 15:15;480.08
21/07/2025 15:30;480.08
21/07/2025 15:45;480.07
21/07/2025 16:00;480.07
21/07/2025 16:15;480.07
21/07/2025 16:30;480.06
21/07/2025 16:45;480.06
21/07/2025 17:00;480.06
21/07/2025 17:15;480.06
21/07/2025 17:30;480.05
21/07/2025 17:45;480.05
21/07/2025 18:00;480.05
21/07/2025 18:15;480.05
21/07/2025 18:30;480.04
21/07/2025 18:45;480.04
21/07/2025 19:00;480.04
21/07/2025 19:15;480.03
21/07/2025 19:30;480.03
21/07/2025 19:45;480.03
21/07/2025 20:00;480.03
21/07/2025 20:15;480.02
21/07/2025 20:30;480.02
21/07/2025 20:45;480.02
21/07/2025 21:00;480.02
21/07/2025 21:15;480.01
21/07/2025 21:30;480.01
21/07/2025 21:45;480.01
21/07/2025 22:00;480
21/07/2025 22:15;480
21/07/2025 22:30;480
21/07/2025 22:45;480
21/07/2025 23:00;480
21/07/2025 23:15;479.99
21/07/2025 23:30;479.99
21/07/2025 23:45;479.99
22/07/2025 00:00;479.99
22/07/2025 00:15;479.98
22/07/2025 00:30;479.98
22/07/2025 00:45;479.98
22/07/2025 01:00;479.98
22/07/2025 01:15;479.98
22/07/2025 01:30;479.97
22/07/2025 01:45;479.97
22/07/2025 02:00;479.97
22/07/2025 02:15;479.97
22/07/2025 02:30;479.96
22/07/2025 02:45;479.96
22/07/2025 03:00;479.96
22/07/2025 03:15;479.96
22/07/2025 03:30;479.96
22/07/2025 03:45;479.95
22/07/2025 04:00;479.95
22/07/2025 04:15;479.95
22/07/2025 04:30;479.95
22/07/2025 04:45;479.95
22/07/2025 05:00;479.95
22/07/2025 05:15;479.94
22/07/2025 05:30;479.94
22/07/2025 05:45;479.94
22/07/2025 06:00;479.94
22/07/2025 06:15;479.94
22/07/2025 06:30;479.93
22/07/2025 06:45;479.93
22/07/2025 07:00;479.93
22/07/2025 07:15;479.93
22/07/2025 07:30;479.93
22/07/2025 07:45;479.92
22/07/2025 08:00;479.92
22/07/2025 08:15;479.91
22/07/2025 08:30;479.91
22/07/2025 08:45;479.91
22/07/2025 09:00;479.91
22/07/2025 09:15;479.91
22/07/2025 09:30;479.91
22/07/2025 09:45;479.91
22/07/2025 10:00;479.9
22/07/2025 10:15;479.9
22/07/2025 10:30;479.9
22/07/2025 10:45;479.9
22/07/2025 11:00;479.89
22/07/2025 11:15;479.89
22/07/2025 11:30;479.89
22/07/2025 11:45;479.88
22/07/2025 12:00;479.88
22/07/2025 12:15;479.88
22/07/2025 12:30;479.88
22/07/2025 12:45;479.88
22/07/2025 13:00;479.88
22/07/2025 13:15;479.87
22/07/2025 13:30;479.87
22/07/2025 13:45;479.87
22/07/2025 14:00;479.87
22/07/2025 14:15;479.86
22/07/2025 14:30;479.86
22/07/2025 14:45;479.86
22/07/2025 15:00;479.86
22/07/2025 15:15;479.85
22/07/2025 15:30;479.85
22/07/2025 15:45;479.85
22/07/2025 16:00;479.84
22/07/2025 16:15;479.84
22/07/2025 16:30;479.84
22/07/2025 16:45;479.83
22/07/2025 17:00;479.83
22/07/2025 17:15;479.83
22/07/2025 17:30;479.83
22/07/2025 17:45;479.83
22/07/2025 18:00;479.82
22/07/2025 18:15;479.82
22/07/2025 18:30;479.82
22/07/2025 18:45;479.82
22/07/2025 19:00;479.81
22/07/2025 19:15;479.81
22/07/2025 19:30;479.8
22/07/2025 19:45;479.8
22/07/2025 20:00;479.8
22/07/2025 20:15;479.8
22/07/2025 20:30;479.79
22/07/2025 20:45;479.79
22/07/2025 21:00;479.79
22/07/2025 21:15;479.79
22/07/2025 21:30;479.78
22/07/2025 21:45;479.78
22/07/2025 22:00;479.78
22/07/2025 22:15;479.77
22/07/2025 22:30;479.77
22/07/2025 22:45;479.77
22/07/2025 23:00;479.77
22/07/2025 23:15;479.76
22/07/2025 23:30;479.76
22/07/2025 23:45;479.76
23/07/2025 00:00;479.76
23/07/2025 00:15;479.76
23/07/2025 00:30;479.75
23/07/2025 00:45;479.75
23/07/2025 01:00;479.75
23/07/2025 01:15;479.75
23/07/2025 01:30;479.74
23/07/2025 01:45;479.74
23/07/2025 02:00;479.74
23/07/2025 02:15;479.74
23/07/2025 02:30;479.73
23/07/2025 02:45;479.73
23/07/2025 03:00;479.73
23/07/2025 03:15;479.73
23/07/2025 03:30;479.73
23/07/2025 03:45;479.72
23/07/2025 04:00;479.72
23/07/2025 04:15;479.72
23/07/2025 04:30;479.72
23/07/2025 04:45;479.71
23/07/2025 05:00;479.71
23/07/2025 05:15;479.71
23/07/2025 05:30;479.71
23/07/2025 05:45;479.7
23/07/2025 06:00;479.7
23/07/2025 06:15;479.7
23/07/2025 06:30;479.7
23/07/2025 06:45;479.7
23/07/2025 07:00;479.69
23/07/2025 07:15;479.69
23/07/2025 07:30;479.69
23/07/2025 07:45;479.69
23/07/2025 08:00;479.68
23/07/2025 08:15;479.68
23/07/2025 08:30;479.68
23/07/2025 08:45;479.68
23/07/2025 09:00;479.68
23/07/2025 09:15;479.67
23/07/2025 09:30;479.67
23/07/2025 09:45;479.67
23/07/2025 10:00;479.67
23/07/2025 10:15;479.66
23/07/2025 10:30;479.67
23/07/2025 10:45;479.66
23/07/2025 11:00;479.66
23/07/2025 11:15;479.66
23/07/2025 11:30;479.65
23/07/2025 11:45;479.65
23/07/2025 12:00;479.65
23/07/2025 12:15;479.65
23/07/2025 12:30;479.65
23/07/2025 12:45;479.65
23/07/2025 13:00;479.64
23/07/2025 13:15;479.64
23/07/2025 13:30;479.64
23/07/2025 13:45;479.64
23/07/2025 14:00;479.63
23/07/2025 14:15;479.63
23/07/2025 14:30;479.63
23/07/2025 14:45;479.62
23/07/2025 15:00;479.62
23/07/2025 15:15;479.62
23/07/2025 15:30;479.62
23/07/2025 15:45;479.61
23/07/2025 16:00;479.61
23/07/2025 16:15;479.61
23/07/2025 16:30;479.61
23/07/2025 16:45;479.61
23/07/2025 17:00;479.6
23/07/2025 17:15;479.6
23/07/2025 17:30;479.6
23/07/2025 17:45;479.6
23/07/2025 18:00;479.6
23/07/2025 18:15;479.59
23/07/2025 18:30;479.59
23/07/2025 18:45;479.59
23/07/2025 19:00;479.58
23/07/2025 19:15;479.58
23/07/2025 19:30;479.58
23/07/2025 19:45;479.58
23/07/2025 20:00;479.57
23/07/2025 20:15;479.57
23/07/2025 20:30;479.57
23/07/2025 20:45;479.56
23/07/2025 21:00;479.56
23/07/2025 21:15;479.56
23/07/2025 21:30;479.56
23/07/2025 21:45;479.55
23/07/2025 22:00;479.55
23/07/2025 22:15;479.55
23/07/2025 22:30;479.55
23/07/2025 22:45;479.54
23/07/2025 23:00;479.54
23/07/2025 23:15;479.54
23/07/2025 23:30;479.53
23/07/2025 23:45;479.53
24/07/2025 00:00;479.53
24/07/2025 00:15;479.53
24/07/2025 00:30;479.52
24/07/2025 00:45;479.52
24/07/2025 01:00;479.52
24/07/2025 01:15;479.52
24/07/2025 01:30;479.52
24/07/2025 01:45;479.51
24/07/2025 02:00;479.51
24/07/2025 02:15;479.51
24/07/2025 02:30;479.51
24/07/2025 02:45;479.51
24/07/2025 03:00;479.51
24/07/2025 03:15;479.5
24/07/2025 03:30;479.5
24/07/2025 03:45;479.5
24/07/2025 04:00;479.5
24/07/2025 04:15;479.5
24/07/2025 04:30;479.49
24/07/2025 04:45;479.49
24/07/2025 05:00;479.49
24/07/2025 05:15;479.49
24/07/2025 05:30;479.48
24/07/2025 05:45;479.48
24/07/2025 06:00;479.48
24/07/2025 06:15;479.47
24/07/2025 06:30;479.47
24/07/2025 06:45;479.47
24/07/2025 07:00;479.47
24/07/2025 07:15;479.47
24/07/2025 07:30;479.46
24/07/2025 07:45;479.46
24/07/2025 08:00;479.46
24/07/2025 08:15;479.46
24/07/2025 08:30;479.46
24/07/2025 08:45;479.46
24/07/2025 09:00;479.45
24/07/2025 09:15;479.45
24/07/2025 09:30;479.45
24/07/2025 09:45;479.44
24/07/2025 10:00;479.44
24/07/2025 10:15;479.44
24/07/2025 10:30;479.44
24/07/2025 10:45;479.44
24/07/2025 11:00;479.44
24/07/2025 11:15;479.44
24/07/2025 11:30;479.44
24/07/2025 11:45;479.43
24/07/2025 12:00;479.43
24/07/2025 12:15;479.43
24/07/2025 12:30;479.42
24/07/2025 12:45;479.42
24/07/2025 13:00;479.42
24/07/2025 13:15;479.41
24/07/2025 13:30;479.41
24/07/2025 13:45;479.4
24/07/2025 14:00;479.4
24/07/2025 14:15;479.4
24/07/2025 14:30;479.4
24/07/2025 14:45;479.4
24/07/2025 15:00;479.4
24/07/2025 15:15;479.39
24/07/2025 15:30;479.39
24/07/2025 15:45;479.39
24/07/2025 16:00;479.38
24/07/2025 16:15;479.39
24/07/2025 16:30;479.38
24/07/2025 16:45;479.38
24/07/2025 17:00;479.37
24/07/2025 17:15;479.38
24/07/2025 17:30;479.37
24/07/2025 17:45;479.37
24/07/2025 18:00;479.36
24/07/2025 18:15;479.35
24/07/2025 18:30;479.36
24/07/2025 18:45;479.35
24/07/2025 19:00;479.35
24/07/2025 19:15;479.35
24/07/2025 19:30;479.35
24/07/2025 19:45;479.34
24/07/2025 20:00;479.34
24/07/2025 20:15;479.34
24/07/2025 20:30;479.33
24/07/2025 20:45;479.34
24/07/2025 21:00;479.33
24/07/2025 21:15;479.33
24/07/2025 21:30;479.33
24/07/2025 21:45;479.32
24/07/2025 22:00;479.32
24/07/2025 22:15;479.32
24/07/2025 22:30;479.33
24/07/2025 22:45;479.32
24/07/2025 23:00;479.32
24/07/2025 23:15;479.32
24/07/2025 23:30;479.31
24/07/2025 23:45;479.31
25/07/2025 00:00;479.31
25/07/2025 00:15;479.31
25/07/2025 00:30;479.3
25/07/2025 00:45;479.3
25/07/2025 01:00;479.3
25/07/2025 01:15;479.29
25/07/2025 01:30;479.29
25/07/2025 01:45;479.29
25/07/2025 02:00;479.29
25/07/2025 02:15;479.29
25/07/2025 02:30;479.28
25/07/2025 02:45;479.28
25/07/2025 03:00;479.28
25/07/2025 03:15;479.27
25/07/2025 03:30;479.27
25/07/2025 03:45;479.27
25/07/2025 04:00;479.26
25/07/2025 04:15;479.26
25/07/2025 04:30;479.26
25/07/2025 04:45;479.26
25/07/2025 05:00;479.25
25/07/2025 05:15;479.26
25/07/2025 05:30;479.25
25/07/2025 05:45;479.25
25/07/2025 06:00;479.25
25/07/2025 06:15;479.25
25/07/2025 06:30;479.25
25/07/2025 06:45;479.25
25/07/2025 07:00;479.25
25/07/2025 07:15;479.24
25/07/2025 07:30;479.24
25/07/2025 07:45;479.24
25/07/2025 08:00;479.24
25/07/2025 08:15;479.23
25/07/2025 08:30;479.23
25/07/2025 08:45;479.23
25/07/2025 09:00;479.23
25/07/2025 09:15;479.23
25/07/2025 09:30;479.22
25/07/2025 09:45;479.22
25/07/2025 10:00;479.22
25/07/2025 10:15;479.22
25/07/2025 10:30;479.22
25/07/2025 10:45;479.21
25/07/2025 11:00;479.21
25/07/2025 11:15;479.21
25/07/2025 11:30;479.21
25/07/2025 11:45;479.2
25/07/2025 12:00;479.2
25/07/2025 12:15;479.2
25/07/2025 12:30;479.19
25/07/2025 12:45;479.19
25/07/2025 13:00;479.19
25/07/2025 13:15;479.19
25/07/2025 13:30;479.18
25/07/2025 13:45;479.18
25/07/2025 14:00;479.18
25/07/2025 14:15;479.18
25/07/2025 14:30;479.18
25/07/2025 14:45;479.18
25/07/2025 15:00;479.17
25/07/2025 15:15;479.17
25/07/2025 15:30;479.17
25/07/2025 15:45;479.16
25/07/2025 16:00;479.16
25/07/2025 16:15;479.16
25/07/2025 16:30;479.16
25/07/2025 16:45;479.15
25/07/2025 17:00;479.15
25/07/2025 17:15;479.15
25/07/2025 17:30;479.15
25/07/2025 17:45;479.14
25/07/2025 18:00;479.14
25/07/2025 18:15;479.14
25/07/2025 18:30;479.14
25/07/2025 18:45;479.13
25/07/2025 19:00;479.13
25/07/2025 19:15;479.13
25/07/2025 19:30;479.13
25/07/2025 19:45;479.12
25/07/2025 20:00;479.12
25/07/2025 20:15;479.12
25/07/2025 20:30;479.12
25/07/2025 20:45;479.11
25/07/2025 21:00;479.11
25/07/2025 21:15;479.11
25/07/2025 21:30;479.11
25/07/2025 21:45;479.1
25/07/2025 22:00;479.1
25/07/2025 22:15;479.1
25/07/2025 22:30;479.1
25/07/2025 22:45;479.09
25/07/2025 23:00;479.09
25/07/2025 23:15;479.1
25/07/2025 23:30;479.09
25/07/2025 23:45;479.09
26/07/2025 00:00;479.09
26/07/2025 00:15;479.09
26/07/2025 00:30;479.08
26/07/2025 00:45;479.08
26/07/2025 01:00;479.08
26/07/2025 01:15;479.08
26/07/2025 01:30;479.07
26/07/2025 01:45;479.07
26/07/2025 02:00;479.07
26/07/2025 02:15;479.07
26/07/2025 02:30;479.07
26/07/2025 02:45;479.07
26/07/2025 03:00;479.07
26/07/2025 03:15;479.07
26/07/2025 03:30;479.07
26/07/2025 03:45;479.06
26/07/2025 04:00;479.06
26/07/2025 04:15;479.06
26/07/2025 04:30;479.05
26/07/2025 04:45;479.05
26/07/2025 05:00;479.05
26/07/2025 05:15;479.05
26/07/2025 05:30;479.05
26/07/2025 05:45;479.05
26/07/2025 06:00;479.04
26/07/2025 06:15;479.04
26/07/2025 06:30;479.04
26/07/2025 06:45;479.04
26/07/2025 07:00;479.04
26/07/2025 07:15;479.04
26/07/2025 07:30;479.03
26/07/2025 07:45;479.03
26/07/2025 08:00;479.03
26/07/2025 08:15;479.03
26/07/2025 08:30;479.03
26/07/2025 08:45;479.03
26/07/2025 09:00;479.02
26/07/2025 09:15;479.02
26/07/2025 09:30;479.02
26/07/2025 09:45;479.02
26/07/2025 10:00;479.01
26/07/2025 10:15;479.01
26/07/2025 10:30;479.01
26/07/2025 10:45;479.01
26/07/2025 11:00;479.01
26/07/2025 11:15;479.01
26/07/2025 11:30;479
26/07/2025 11:45;479
26/07/2025 12:00;479
26/07/2025 12:15;479
26/07/2025 12:30;478.99
26/07/2025 12:45;478.99
26/07/2025 13:00;478.99
26/07/2025 13:15;478.99
26/07/2025 13:30;478.99
26/07/2025 13:45;478.98
26/07/2025 14:00;478.98
26/07/2025 14:15;478.98
26/07/2025 14:30;478.98
26/07/2025 14:45;478.98
26/07/2025 15:00;478.97
26/07/2025 15:15;478.97
26/07/2025 15:30;478.97
26/07/2025 15:45;478.96
26/07/2025 16:00;478.96
26/07/2025 16:15;478.96
26/07/2025 16:30;478.96
26/07/2025 16:45;478.96
26/07/2025 17:00;478.96
26/07/2025 17:15;478.95
26/07/2025 17:30;478.94
26/07/2025 17:45;478.94
26/07/2025 18:00;478.94
26/07/2025 18:15;478.94
26/07/2025 18:30;478.94
26/07/2025 18:45;478.94
26/07/2025 19:00;478.94
26/07/2025 19:15;478.93
26/07/2025 19:30;478.93
26/07/2025 19:45;478.93
26/07/2025 20:00;478.92
26/07/2025 20:15;478.92
26/07/2025 20:30;478.92
26/07/2025 20:45;478.92
26/07/2025 21:00;478.92
26/07/2025 21:15;478.91
26/07/2025 21:30;478.91
26/07/2025 21:45;478.91
26/07/2025 22:00;478.91
26/07/2025 22:15;478.9
26/07/2025 22:30;478.9
26/07/2025 22:45;478.9
26/07/2025 23:00;478.9
26/07/2025 23:15;478.89
26/07/2025 23:30;478.89
26/07/2025 23:45;478.89
27/07/2025 00:00;478.89
27/07/2025 00:15;478.89
27/07/2025 00:30;478.88
27/07/2025 00:45;478.88
27/07/2025 01:00;478.88
27/07/2025 01:15;478.87
27/07/2025 01:30;478.87
27/07/2025 01:45;478.87
27/07/2025 02:00;478.87
27/07/2025 02:15;478.87
27/07/2025 02:30;478.87
27/07/2025 02:45;478.87
27/07/2025 03:00;478.86
27/07/2025 03:15;478.87
27/07/2025 03:30;478.86
27/07/2025 03:45;478.86
27/07/2025 04:00;478.86
27/07/2025 04:15;478.86
27/07/2025 04:30;478.86
27/07/2025 04:45;478.85
27/07/2025 05:00;478.85
27/07/2025 05:15;478.85
27/07/2025 05:30;478.85
27/07/2025 05:45;478.85
27/07/2025 06:00;478.85
27/07/2025 06:15;478.84
27/07/2025 06:30;478.84
27/07/2025 06:45;478.84
27/07/2025 07:00;478.84
27/07/2025 07:15;478.84
27/07/2025 07:30;478.84
27/07/2025 07:45;478.83
27/07/2025 08:00;478.83
27/07/2025 08:15;478.83
27/07/2025 08:30;478.83
27/07/2025 08:45;478.83
27/07/2025 09:00;478.83
27/07/2025 09:15;478.83
27/07/2025 09:30;478.83
27/07/2025 09:45;478.82
27/07/2025 10:00;478.82
27/07/2025 10:15;478.82
27/07/2025 10:30;478.82
27/07/2025 10:45;478.81
27/07/2025 11:00;478.81
27/07/2025 11:15;478.81
27/07/2025 11:30;478.81
27/07/2025 11:45;478.81
27/07/2025 12:00;478.81
27/07/2025 12:15;478.8
27/07/2025 12:30;478.8
27/07/2025 12:45;478.8
27/07/2025 13:00;478.8
27/07/2025 13:15;478.79
27/07/2025 13:30;478.79
27/07/2025 13:45;478.79
27/07/2025 14:00;478.79
27/07/2025 14:15;478.78
27/07/2025 14:30;478.78
27/07/2025 14:45;478.78
27/07/2025 15:00;478.78
27/07/2025 15:15;478.77
27/07/2025 15:30;478.77
27/07/2025 15:45;478.77
27/07/2025 16:00;478.77
27/07/2025 16:15;478.77
27/07/2025 16:30;478.76
27/07/2025 16:45;478.76
27/07/2025 17:00;478.76
27/07/2025 17:15;478.76
27/07/2025 17:30;478.76
27/07/2025 17:45;478.75
27/07/2025 18:00;478.75
27/07/2025 18:15;478.75
27/07/2025 18:30;478.75
27/07/2025 18:45;478.75
27/07/2025 19:00;478.74
27/07/2025 19:15;478.74
27/07/2025 19:30;478.74
27/07/2025 19:45;478.74
27/07/2025 20:00;478.73
27/07/2025 20:15;478.73
27/07/2025 20:30;478.73
27/07/2025 20:45;478.72
27/07/2025 21:00;478.72
27/07/2025 21:15;478.72
27/07/2025 21:30;478.72
27/07/2025 21:45;478.72
27/07/2025 22:00;478.71
27/07/2025 22:15;478.71
27/07/2025 22:30;478.7
27/07/2025 22:45;478.7
27/07/2025 23:00;478.7
27/07/2025 23:15;478.7
27/07/2025 23:30;478.7
27/07/2025 23:45;478.69
28/07/2025 00:00;478.69
28/07/2025 00:15;478.69
28/07/2025 00:30;478.69
28/07/2025 00:45;478.68
28/07/2025 01:00;478.68
28/07/2025 01:15;478.68
28/07/2025 01:30;478.68
28/07/2025 01:45;478.68
28/07/2025 02:00;478.67
28/07/2025 02:15;478.67
28/07/2025 02:30;478.67
28/07/2025 02:45;478.67
28/07/2025 03:00;478.67
28/07/2025 03:15;478.67
28/07/2025 03:30;478.66
28/07/2025 03:45;478.66
28/07/2025 04:00;478.66
28/07/2025 04:15;478.65
28/07/2025 04:30;478.65
28/07/2025 04:45;478.65
28/07/2025 05:00;478.65
28/07/2025 05:15;478.65
28/07/2025 05:30;478.65
28/07/2025 05:45;478.64
28/07/2025 06:00;478.64
28/07/2025 06:15;478.64
28/07/2025 06:30;478.64
28/07/2025 06:45;478.64
28/07/2025 07:00;478.64
28/07/2025 07:15;478.64
28/07/2025 07:30;478.63
28/07/2025 07:45;478.63
28/07/2025 08:00;478.63
28/07/2025 08:15;478.63
28/07/2025 08:30;478.63
28/07/2025 08:45;478.62
28/07/2025 09:00;478.62
28/07/2025 09:15;478.62
28/07/2025 09:30;478.61
28/07/2025 09:45;478.61
28/07/2025 10:00;478.61
28/07/2025 10:15;478.61
28/07/2025 10:30;478.6
28/07/2025 10:45;478.6
28/07/2025 11:00;478.6
28/07/2025 11:15;478.6
28/07/2025 11:30;478.6
28/07/2025 11:45;478.6
28/07/2025 12:00;478.59
28/07/2025 12:15;478.59
28/07/2025 12:30;478.59
28/07/2025 12:45;478.58
28/07/2025 13:00;478.57
28/07/2025 13:15;478.58
28/07/2025 13:30;478.57
28/07/2025 13:45;478.57
28/07/2025 14:00;478.57
28/07/2025 14:15;478.57
28/07/2025 14:30;478.56
28/07/2025 14:45;478.56
28/07/2025 15:00;478.56
28/07/2025 15:15;478.55
28/07/2025 15:30;478.55
28/07/2025 15:45;478.55
28/07/2025 16:00;478.55
28/07/2025 16:15;478.55
28/07/2025 16:30;478.54
28/07/2025 16:45;478.54
28/07/2025 17:00;478.54
28/07/2025 17:15;478.54
28/07/2025 17:30;478.53
28/07/2025 17:45;478.53
28/07/2025 18:00;478.53
28/07/2025 18:15;478.53
28/07/2025 18:30;478.52
28/07/2025 18:45;478.52
28/07/2025 19:00;478.52
28/07/2025 19:15;478.52
28/07/2025 19:30;478.51
28/07/2025 19:45;478.5
28/07/2025 20:00;478.5
28/07/2025 20:15;478.5
28/07/2025 20:30;478.5
28/07/2025 20:45;478.5
28/07/2025 21:00;478.49
28/07/2025 21:15;478.49
28/07/2025 21:30;478.48
28/07/2025 21:45;478.49
28/07/2025 22:00;478.48
28/07/2025 22:15;478.48
28/07/2025 22:30;478.47
28/07/2025 22:45;478.47
28/07/2025 23:00;478.47
28/07/2025 23:15;478.47
28/07/2025 23:30;478.47
28/07/2025 23:45;478.46
29/07/2025 00:00;478.46
29/07/2025 00:15;478.45
29/07/2025 00:30;478.45
29/07/2025 00:45;478.45
29/07/2025 01:00;478.45
29/07/2025 01:15;478.45
29/07/2025 01:30;478.45
29/07/2025 01:45;478.45
29/07/2025 02:00;478.44
29/07/2025 02:15;478.44
29/07/2025 02:30;478.44
29/07/2025 02:45;478.44
29/07/2025 03:00;478.43
29/07/2025 03:15;478.43
29/07/2025 03:30;478.42
29/07/2025 03:45;478.42
29/07/2025 04:00;478.42
29/07/2025 04:15;478.42
29/07/2025 04:30;478.42
29/07/2025 04:45;478.42
29/07/2025 05:00;478.41
29/07/2025 05:15;478.41
29/07/2025 05:30;478.41
29/07/2025 05:45;478.41
29/07/2025 06:00;478.41
29/07/2025 06:15;478.41
29/07/2025 06:30;478.4
29/07/2025 06:45;478.4
29/07/2025 07:00;478.39
29/07/2025 07:15;478.4
29/07/2025 07:30;478.39
29/07/2025 07:45;478.39
29/07/2025 08:00;478.39
29/07/2025 08:15;478.39
29/07/2025 08:30;478.38
29/07/2025 08:45;478.39
29/07/2025 09:00;478.38
29/07/2025 09:15;478.38
29/07/2025 09:30;478.38
29/07/2025 09:45;478.38
29/07/2025 10:00;478.38
29/07/2025 10:15;478.37
29/07/2025 10:30;478.37
29/07/2025 10:45;478.37
29/07/2025 11:00;478.36
29/07/2025 11:15;478.36
29/07/2025 11:30;478.35
29/07/2025 11:45;478.35
29/07/2025 12:00;478.35
29/07/2025 12:15;478.34
29/07/2025 12:30;478.34
29/07/2025 12:45;478.34
29/07/2025 13:00;478.34
29/07/2025 13:15;478.34
29/07/2025 13:30;478.33
29/07/2025 13:45;478.33
29/07/2025 14:00;478.32
29/07/2025 14:15;478.32
29/07/2025 14:30;478.32
29/07/2025 14:45;478.32
29/07/2025 15:00;478.31
29/07/2025 15:15;478.31
29/07/2025 15:30;478.31
29/07/2025 15:45;478.31
29/07/2025 16:00;478.3
29/07/2025 16:15;478.3
29/07/2025 16:30;478.3
29/07/2025 16:45;478.29
29/07/2025 17:00;478.29
29/07/2025 17:15;478.29
29/07/2025 17:30;478.29
29/07/2025 17:45;478.28
29/07/2025 18:00;478.28
29/07/2025 18:15;478.28
29/07/2025 18:30;478.27
29/07/2025 18:45;478.27
29/07/2025 19:00;478.26
29/07/2025 19:15;478.26
29/07/2025 19:30;478.26
29/07/2025 19:45;478.26
29/07/2025 20:00;478.26
29/07/2025 20:15;478.26
29/07/2025 20:30;478.25
29/07/2025 20:45;478.25
29/07/2025 21:00;478.25
29/07/2025 21:15;478.25
29/07/2025 21:30;478.25
29/07/2025 21:45;478.25
29/07/2025 22:00;478.24
29/07/2025 22:15;478.24
29/07/2025 22:30;478.23
29/07/2025 22:45;478.23
29/07/2025 23:00;478.22
29/07/2025 23:15;478.22
29/07/2025 23:30;478.21
29/07/2025 23:45;478.21
30/07/2025 00:00;478.21
30/07/2025 00:15;478.21
30/07/2025 00:30;478.2
30/07/2025 00:45;478.2
30/07/2025 01:00;478.2
30/07/2025 01:15;478.2
30/07/2025 01:30;478.2
30/07/2025 01:45;478.19
30/07/2025 02:00;478.19
30/07/2025 02:15;478.19
30/07/2025 02:30;478.19
30/07/2025 02:45;478.18
30/07/2025 03:00;478.18
30/07/2025 03:15;478.18
30/07/2025 03:30;478.16
30/07/2025 03:45;478.16
30/07/2025 04:00;478.16
30/07/2025 04:15;478.16
30/07/2025 04:30;478.16
30/07/2025 04:45;478.16
30/07/2025 05:00;478.16
30/07/2025 05:15;478.16
30/07/2025 05:30;478.14
30/07/2025 05:45;478.14
30/07/2025 06:00;478.14
30/07/2025 06:15;478.14
30/07/2025 06:30;478.14
30/07/2025 06:45;478.14
30/07/2025 07:00;478.14
30/07/2025 07:15;478.14
30/07/2025 07:30;478.14
30/07/2025 07:45;478.14
30/07/2025 08:00;478.13
30/07/2025 08:15;478.13
30/07/2025 08:30;478.13
30/07/2025 08:45;478.13
30/07/2025 09:00;478.13
30/07/2025 09:15;478.12
30/07/2025 09:30;478.12
30/07/2025 09:45;478.12
30/07/2025 10:00;478.12
30/07/2025 10:15;478.11
30/07/2025 10:30;478.11
30/07/2025 10:45;478.11
30/07/2025 11:00;478.11
30/07/2025 11:15;478.1
30/07/2025 11:30;478.1
30/07/2025 11:45;478.09
30/07/2025 12:00;478.09
30/07/2025 12:15;478.09
30/07/2025 12:30;478.09
30/07/2025 12:45;478.07
30/07/2025 13:00;478.07
30/07/2025 13:15;478.07
30/07/2025 13:30;478.07
30/07/2025 13:45;478.07
30/07/2025 14:00;478.07
30/07/2025 14:15;478.07
30/07/2025 14:30;478.07
30/07/2025 14:45;478.06
30/07/2025 15:00;478.06
30/07/2025 15:15;478.05
30/07/2025 15:30;478.05
30/07/2025 15:45;478.05
30/07/2025 16:00;478.04
30/07/2025 16:15;478.04
30/07/2025 16:30;478.03
30/07/2025 16:45;478.04
30/07/2025 17:00;478.03
30/07/2025 17:15;478.03
30/07/2025 17:30;478.02
30/07/2025 17:45;478.02
30/07/2025 18:00;478.02
30/07/2025 18:15;478.01
30/07/2025 18:30;478.01
30/07/2025 18:45;478.01
30/07/2025 19:00;478.01
30/07/2025 19:15;478
30/07/2025 19:30;478
30/07/2025 19:45;477.98
30/07/2025 20:00;477.98
30/07/2025 20:15;477.98
30/07/2025 20:30;477.98
30/07/2025 20:45;477.98
30/07/2025 21:00;477.98
30/07/2025 21:15;477.98
30/07/2025 21:30;477.97
30/07/2025 21:45;477.97
30/07/2025 22:00;477.97
30/07/2025 22:15;477.97
30/07/2025 22:30;477.96
30/07/2025 22:45;477.96
30/07/2025 23:00;477.96
30/07/2025 23:15;477.95
30/07/2025 23:30;477.95
30/07/2025 23:45;477.95
31/07/2025 00:00;477.94
31/07/2025 00:15;477.94
31/07/2025 00:30;477.94
31/07/2025 00:45;477.94
31/07/2025 01:00;477.93
31/07/2025 01:15;477.93
31/07/2025 01:30;477.93
31/07/2025 01:45;477.91
31/07/2025 02:00;477.91
31/07/2025 02:15;477.91
31/07/2025 02:30;477.91
31/07/2025 02:45;477.91
31/07/2025 03:00;477.91
31/07/2025 03:15;477.91
31/07/2025 03:30;477.89
31/07/2025 03:45;477.89
31/07/2025 04:00;477.89
31/07/2025 04:15;477.89
31/07/2025 04:30;477.89
31/07/2025 04:45;477.89
31/07/2025 05:00;477.89
31/07/2025 05:15;477.88
31/07/2025 05:30;477.88
31/07/2025 05:45;477.88
31/07/2025 06:00;477.88
31/07/2025 06:15;477.87
31/07/2025 06:30;477.87
31/07/2025 06:45;477.87
31/07/2025 07:00;477.87
31/07/2025 07:15;477.87
31/07/2025 07:30;477.86
31/07/2025 07:45;477.86
31/07/2025 08:00;477.86
31/07/2025 08:15;477.86
31/07/2025 08:30;477.86
31/07/2025 08:45;477.85
31/07/2025 09:00;477.85
31/07/2025 09:15;477.85
31/07/2025 09:30;477.85
31/07/2025 09:45;477.84
31/07/2025 10:00;477.84
31/07/2025 10:15;477.84
31/07/2025 10:30;477.84
31/07/2025 10:45;477.82
31/07/2025 11:00;477.82
31/07/2025 11:15;477.82
31/07/2025 11:30;477.82
31/07/2025 11:45;477.82
31/07/2025 12:00;477.82
31/07/2025 12:15;477.82
31/07/2025 12:30;477.81
31/07/2025 12:45;477.81
31/07/2025 13:00;477.81
31/07/2025 13:15;477.8
31/07/2025 13:30;477.8
31/07/2025 13:45;477.8
31/07/2025 14:00;477.79
31/07/2025 14:15;477.79
31/07/2025 14:30;477.79
31/07/2025 14:45;477.78
31/07/2025 15:00;477.78
31/07/2025 15:15;477.78
31/07/2025 15:30;477.77
31/07/2025 15:45;477.77
31/07/2025 16:00;477.77
31/07/2025 16:15;477.76
31/07/2025 16:30;477.76
31/07/2025 16:45;477.76
31/07/2025 17:00;477.75
31/07/2025 17:15;477.75
31/07/2025 17:30;477.75
31/07/2025 17:45;477.75
31/07/2025 18:00;477.73
31/07/2025 18:15;477.73
31/07/2025 18:30;477.73
31/07/2025 18:45;477.73
31/07/2025 19:00;477.73
31/07/2025 19:15;477.73
31/07/2025 19:30;477.72
31/07/2025 19:45;477.72
31/07/2025 20:00;477.72
31/07/2025 20:15;477.71
31/07/2025 20:30;477.71
31/07/2025 20:45;477.71
31/07/2025 21:00;477.71
31/07/2025 21:15;477.7
31/07/2025 21:30;477.7
31/07/2025 21:45;477.7
31/07/2025 22:00;477.7
31/07/2025 22:15;477.69
31/07/2025 22:30;477.69
31/07/2025 22:45;477.69
31/07/2025 23:00;477.68
31/07/2025 23:15;477.68
31/07/2025 23:30;477.68
31/07/2025 23:45;477.66
01/08/2025 00:00;477.66
01/08/2025 00:15;477.66
01/08/2025 00:30;477.66
01/08/2025 00:45;477.66
01/08/2025 01:00;477.66
01/08/2025 01:15;477.64
01/08/2025 01:30;477.64
01/08/2025 01:45;477.64
01/08/2025 02:00;477.64
01/08/2025 02:15;477.64
01/08/2025 02:30;477.64
01/08/2025 02:45;477.64
01/08/2025 03:00;477.64
01/08/2025 03:15;477.63
01/08/2025 03:30;477.63
01/08/2025 03:45;477.63
01/08/2025 04:00;477.63
01/08/2025 04:15;477.62
01/08/2025 04:30;477.62
01/08/2025 04:45;477.62
01/08/2025 05:00;477.62
01/08/2025 05:15;477.62
01/08/2025 05:30;477.61
01/08/2025 05:45;477.61
01/08/2025 06:00;477.61
01/08/2025 06:15;477.61
01/08/2025 06:30;477.6
01/08/2025 06:45;477.6
01/08/2025 07:00;477.6
01/08/2025 07:15;477.6
01/08/2025 07:30;477.6
01/08/2025 07:45;477.59
01/08/2025 08:00;477.59
01/08/2025 08:15;477.59
01/08/2025 08:30;477.59
01/08/2025 08:45;477.59
01/08/2025 09:00;477.57
01/08/2025 09:15;477.57
01/08/2025 09:30;477.57
01/08/2025 09:45;477.57
01/08/2025 10:00;477.57
01/08/2025 10:15;477.57
01/08/2025 10:30;477.57
01/08/2025 10:45;477.57
01/08/2025 11:00;477.57
01/08/2025 11:15;477.56
01/08/2025 11:30;477.56
01/08/2025 11:45;477.56
01/08/2025 12:00;477.56
01/08/2025 12:15;477.55
01/08/2025 12:30;477.55
01/08/2025 12:45;477.55
01/08/2025 13:00;477.54
01/08/2025 13:15;477.54
01/08/2025 13:30;477.54
01/08/2025 13:45;477.53
01/08/2025 14:00;477.53
01/08/2025 14:15;477.53
01/08/2025 14:30;477.52
01/08/2025 14:45;477.52
01/08/2025 15:00;477.52
01/08/2025 15:15;477.51
01/08/2025 15:30;477.51
01/08/2025 15:45;477.51
01/08/2025 16:00;477.5
01/08/2025 16:15;477.5
01/08/2025 16:30;477.5
01/08/2025 16:45;477.48
01/08/2025 17:00;477.48
01/08/2025 17:15;477.48
01/08/2025 17:30;477.48
01/08/2025 17:45;477.48
01/08/2025 18:00;477.48
01/08/2025 18:15;477.48
01/08/2025 18:30;477.47
01/08/2025 18:45;477.47
01/08/2025 19:00;477.47
01/08/2025 19:15;477.46
01/08/2025 19:30;477.46
01/08/2025 19:45;477.46
01/08/2025 20:00;477.45
01/08/2025 20:15;477.45
01/08/2025 20:30;477.45
01/08/2025 20:45;477.44
01/08/2025 21:00;477.44
01/08/2025 21:15;477.44
01/08/2025 21:30;477.43
01/08/2025 21:45;477.43
01/08/2025 22:00;477.43
01/08/2025 22:15;477.43
01/08/2025 22:30;477.41
01/08/2025 22:45;477.41
01/08/2025 23:00;477.41
01/08/2025 23:15;477.41
01/08/2025 23:30;477.41
01/08/2025 23:45;477.41
02/08/2025 00:00;477.41
02/08/2025 00:15;477.41
02/08/2025 00:30;477.41
02/08/2025 00:45;477.41
02/08/2025 01:00;477.39
02/08/2025 01:15;477.39
02/08/2025 01:30;477.39
02/08/2025 01:45;477.39
02/08/2025 02:00;477.39
02/08/2025 02:15;477.39
02/08/2025 02:30;477.39
02/08/2025 02:45;477.38
02/08/2025 03:00;477.38
02/08/2025 03:15;477.38
02/08/2025 03:30;477.38
02/08/2025 03:45;477.37
02/08/2025 04:00;477.37
02/08/2025 04:15;477.37
02/08/2025 04:30;477.37
02/08/2025 04:45;477.37
02/08/2025 05:00;477.36
02/08/2025 05:15;477.36
02/08/2025 05:30;477.36
02/08/2025 05:45;477.36
02/08/2025 06:00;477.36
02/08/2025 06:15;477.35
02/08/2025 06:30;477.35
02/08/2025 06:45;477.35
02/08/2025 07:00;477.35
02/08/2025 07:15;477.35
02/08/2025 07:30;477.34
02/08/2025 07:45;477.34
02/08/2025 08:00;477.34
02/08/2025 08:15;477.34
02/08/2025 08:30;477.34
02/08/2025 08:45;477.32
02/08/2025 09:00;477.32
02/08/2025 09:15;477.32
02/08/2025 09:30;477.32
02/08/2025 09:45;477.32
02/08/2025 10:00;477.32
02/08/2025 10:15;477.32
02/08/2025 10:30;477.32
02/08/2025 10:45;477.32
02/08/2025 11:00;477.31
02/08/2025 11:15;477.31
02/08/2025 11:30;477.31
02/08/2025 11:45;477.3
02/08/2025 12:00;477.3
02/08/2025 12:15;477.3
02/08/2025 12:30;477.3
02/08/2025 12:45;477.29
02/08/2025 13:00;477.29
02/08/2025 13:15;477.29
02/08/2025 13:30;477.28
02/08/2025 13:45;477.28
02/08/2025 14:00;477.28
02/08/2025 14:15;477.28
02/08/2025 14:30;477.27
02/08/2025 14:45;477.27
02/08/2025 15:00;477.27
02/08/2025 15:15;477.27
02/08/2025 15:30;477.26
02/08/2025 15:45;477.25
02/08/2025 16:00;477.25
02/08/2025 16:15;477.25
02/08/2025 16:30;477.25
02/08/2025 16:45;477.25
02/08/2025 17:00;477.25
02/08/2025 17:15;477.23
02/08/2025 17:30;477.23
02/08/2025 17:45;477.23
02/08/2025 18:00;477.23
02/08/2025 18:15;477.23
02/08/2025 18:30;477.23
02/08/2025 18:45;477.23
02/08/2025 19:00;477.22
02/08/2025 19:15;477.22
02/08/2025 19:30;477.22
02/08/2025 19:45;477.21
02/08/2025 20:00;477.21
02/08/2025 20:15;477.21
02/08/2025 20:30;477.2
02/08/2025 20:45;477.2
02/08/2025 21:00;477.2
02/08/2025 21:15;477.19
02/08/2025 21:30;477.19
02/08/2025 21:45;477.19
02/08/2025 22:00;477.18
02/08/2025 22:15;477.18
02/08/2025 22:30;477.18
02/08/2025 22:45;477.16
02/08/2025 23:00;477.16
02/08/2025 23:15;477.16
02/08/2025 23:30;477.16
02/08/2025 23:45;477.16
03/08/2025 00:00;477.16
03/08/2025 00:15;477.16
03/08/2025 00:30;477.16
03/08/2025 00:45;477.16
03/08/2025 01:00;477.16
03/08/2025 01:15;477.16
03/08/2025 01:30;477.16
03/08/2025 01:45;477.16
03/08/2025 02:00;477.14
03/08/2025 02:15;477.14
03/08/2025 02:30;477.14
03/08/2025 02:45;477.14
03/08/2025 03:00;477.14
03/08/2025 03:15;477.14
03/08/2025 03:30;477.14
03/08/2025 03:45;477.14
03/08/2025 04:00;477.14
03/08/2025 04:15;477.13
03/08/2025 04:30;477.13
03/08/2025 04:45;477.13
03/08/2025 05:00;477.13
03/08/2025 05:15;477.12
03/08/2025 05:30;477.12
03/08/2025 05:45;477.12
03/08/2025 06:00;477.12
03/08/2025 06:15;477.11
03/08/2025 06:30;477.11
03/08/2025 06:45;477.11
03/08/2025 07:00;477.11
03/08/2025 07:15;477.11
03/08/2025 07:30;477.1
03/08/2025 07:45;477.1
03/08/2025 08:00;477.1
03/08/2025 08:15;477.1
03/08/2025 08:30;477.1
03/08/2025 08:45;477.09
03/08/2025 09:00;477.09
03/08/2025 09:15;477.09
03/08/2025 09:30;477.09
03/08/2025 09:45;477.07
03/08/2025 10:00;477.07
03/08/2025 10:15;477.07
03/08/2025 10:30;477.07
03/08/2025 10:45;477.07
03/08/2025 11:00;477.07
03/08/2025 11:15;477.07
03/08/2025 11:30;477.07
03/08/2025 11:45;477.07
03/08/2025 12:00;477.06
03/08/2025 12:15;477.06
03/08/2025 12:30;477.06
03/08/2025 12:45;477.05
03/08/2025 13:00;477.05
03/08/2025 13:15;477.05
03/08/2025 13:30;477.05
03/08/2025 13:45;477.04
03/08/2025 14:00;477.04
03/08/2025 14:15;477.04
03/08/2025 14:30;477.04
03/08/2025 14:45;477.03
03/08/2025 15:00;477.03
03/08/2025 15:15;477.03
03/08/2025 15:30;477.03
03/08/2025 15:45;477.02
03/08/2025 16:00;477.02
03/08/2025 16:15;477.01
03/08/2025 16:30;477.01
03/08/2025 16:45;477.01
03/08/2025 17:00;477
03/08/2025 17:15;477
03/08/2025 17:30;477
03/08/2025 17:45;477
03/08/2025 18:00;476.98
03/08/2025 18:15;476.98
03/08/2025 18:30;476.98
03/08/2025 18:45;476.98
03/08/2025 19:00;476.98
03/08/2025 19:15;476.98
03/08/2025 19:30;476.98
03/08/2025 19:45;476.97
03/08/2025 20:00;476.97
03/08/2025 20:15;476.97
03/08/2025 20:30;476.96
03/08/2025 20:45;476.96
03/08/2025 21:00;476.96
03/08/2025 21:15;476.96
03/08/2025 21:30;476.96
03/08/2025 21:45;476.95
03/08/2025 22:00;476.95
03/08/2025 22:15;476.95
03/08/2025 22:30;476.94
03/08/2025 22:45;476.94
03/08/2025 23:00;476.94
03/08/2025 23:15;476.94
03/08/2025 23:30;476.93
03/08/2025 23:45;476.93
04/08/2025 00:00;476.93
04/08/2025 00:15;476.91
04/08/2025 00:30;476.91
04/08/2025 00:45;476.91
04/08/2025 01:00;476.91
04/08/2025 01:15;476.91
04/08/2025 01:30;476.91
04/08/2025 01:45;476.91
04/08/2025 02:00;476.91
04/08/2025 02:15;476.91
04/08/2025 02:30;476.89
04/08/2025 02:45;476.89
04/08/2025 03:00;476.89
04/08/2025 03:15;476.89
04/08/2025 03:30;476.89
04/08/2025 03:45;476.89
04/08/2025 04:00;476.89
04/08/2025 04:15;476.88
04/08/2025 04:30;476.88
04/08/2025 04:45;476.88
04/08/2025 05:00;476.88
04/08/2025 05:15;476.88
04/08/2025 05:30;476.88
04/08/2025 05:45;476.87
04/08/2025 06:00;476.87
04/08/2025 06:15;476.87
04/08/2025 06:30;476.87
04/08/2025 06:45;476.86
04/08/2025 07:00;476.86
04/08/2025 07:15;476.86
04/08/2025 07:30;476.86
04/08/2025 07:45;476.86
04/08/2025 08:00;476.86
04/08/2025 08:15;476.86
04/08/2025 08:30;476.85
04/08/2025 08:45;476.85
04/08/2025 09:00;476.85
04/08/2025 09:15;476.84
04/08/2025 09:30;476.84
04/08/2025 09:45;476.84
04/08/2025 10:00;476.84
04/08/2025 10:15;476.82
04/08/2025 10:30;476.82
04/08/2025 10:45;476.82
04/08/2025 11:00;476.82
04/08/2025 11:15;476.82
04/08/2025 11:30;476.82
04/08/2025 11:45;476.82
04/08/2025 12:00;476.81
04/08/2025 12:15;476.81
04/08/2025 12:30;476.81
04/08/2025 12:45;476.81
04/08/2025 13:00;476.8
04/08/2025 13:15;476.8
04/08/2025 13:30;476.8
04/08/2025 13:45;476.79
04/08/2025 14:00;476.78
04/08/2025 14:15;476.77
04/08/2025 14:30;476.77
04/08/2025 14:45;476.76
04/08/2025 15:00;476.76
04/08/2025 15:15;476.76
04/08/2025 15:30;476.75
04/08/2025 15:45;476.75
04/08/2025 16:00;476.75
04/08/2025 16:15;476.75
04/08/2025 16:30;476.73
04/08/2025 16:45;476.73
04/08/2025 17:00;476.73
04/08/2025 17:15;476.73
04/08/2025 17:30;476.73
04/08/2025 17:45;476.72
04/08/2025 18:00;476.72
04/08/2025 18:15;476.72
04/08/2025 18:30;476.72
04/08/2025 18:45;476.72
04/08/2025 19:00;476.71
04/08/2025 19:15;476.71
04/08/2025 19:30;476.7
04/08/2025 19:45;476.7
04/08/2025 20:00;476.7
04/08/2025 20:15;476.7
04/08/2025 20:30;476.69
04/08/2025 20:45;476.69
04/08/2025 21:00;476.69
04/08/2025 21:15;476.68
04/08/2025 21:30;476.68
04/08/2025 21:45;476.68
04/08/2025 22:00;476.68
04/08/2025 22:15;476.66
04/08/2025 22:30;476.66
04/08/2025 22:45;476.66
04/08/2025 23:00;476.66
04/08/2025 23:15;476.66
04/08/2025 23:30;476.66
04/08/2025 23:45;476.64
05/08/2025 00:00;476.64
05/08/2025 00:15;476.64
05/08/2025 00:30;476.64
05/08/2025 00:45;476.64
05/08/2025 01:00;476.64
05/08/2025 01:15;476.64
05/08/2025 01:30;476.64
05/08/2025 01:45;476.63
05/08/2025 02:00;476.63
05/08/2025 02:15;476.63
05/08/2025 02:30;476.62
05/08/2025 02:45;476.62
05/08/2025 03:00;476.62
05/08/2025 03:15;476.62
05/08/2025 03:30;476.61
05/08/2025 03:45;476.61
05/08/2025 04:00;476.61
05/08/2025 04:15;476.61
05/08/2025 04:30;476.6
05/08/2025 04:45;476.6
05/08/2025 05:00;476.6
05/08/2025 05:15;476.6
05/08/2025 05:30;476.6
05/08/2025 05:45;476.59
05/08/2025 06:00;476.59
05/08/2025 06:15;476.59
05/08/2025 06:30;476.59
05/08/2025 06:45;476.57
05/08/2025 07:00;476.57
05/08/2025 07:15;476.57
05/08/2025 07:30;476.57
05/08/2025 07:45;476.57
05/08/2025 08:00;476.57
05/08/2025 08:15;476.57
05/08/2025 08:30;476.57
05/08/2025 08:45;476.57
05/08/2025 09:00;476.56
05/08/2025 09:15;476.56
05/08/2025 09:30;476.56
05/08/2025 09:45;476.56
05/08/2025 10:00;476.55
05/08/2025 10:15;476.55
05/08/2025 10:30;476.55
05/08/2025 10:45;476.55
05/08/2025 11:00;476.54
05/08/2025 11:15;476.54
05/08/2025 11:30;476.54
05/08/2025 11:45;476.53
05/08/2025 12:00;476.53
05/08/2025 12:15;476.53
05/08/2025 12:30;476.52
05/08/2025 12:45;476.52
05/08/2025 13:00;476.52
05/08/2025 13:15;476.51
05/08/2025 13:30;476.51
05/08/2025 13:45;476.51
05/08/2025 14:00;476.5
05/08/2025 14:15;476.5
05/08/2025 14:30;476.5
05/08/2025 14:45;476.48
05/08/2025 15:00;476.48
05/08/2025 15:15;476.48
05/08/2025 15:30;476.48
05/08/2025 15:45;476.48
05/08/2025 16:00;476.48
05/08/2025 16:15;476.47
05/08/2025 16:30;476.47
05/08/2025 16:45;476.47
05/08/2025 17:00;476.47
05/08/2025 17:15;476.47
05/08/2025 17:30;476.46
05/08/2025 17:45;476.46
05/08/2025 18:00;476.45
05/08/2025 18:15;476.45
05/08/2025 18:30;476.45
05/08/2025 18:45;476.44
05/08/2025 19:00;476.44
05/08/2025 19:15;476.44
05/08/2025 19:30;476.43
05/08/2025 19:45;476.43
05/08/2025 20:00;476.43
05/08/2025 20:15;476.43
05/08/2025 20:30;476.41
05/08/2025 20:45;476.41
05/08/2025 21:00;476.41
05/08/2025 21:15;476.41
05/08/2025 21:30;476.41
05/08/2025 21:45;476.41
05/08/2025 22:00;476.41
05/08/2025 22:15;476.39
05/08/2025 22:30;476.39
05/08/2025 22:45;476.39
05/08/2025 23:00;476.39
05/08/2025 23:15;476.39
05/08/2025 23:30;476.39
05/08/2025 23:45;476.38
06/08/2025 00:00;476.38
06/08/2025 00:15;476.38
06/08/2025 00:30;476.38
06/08/2025 00:45;476.38
06/08/2025 01:00;476.37
06/08/2025 01:15;476.37
06/08/2025 01:30;476.37
06/08/2025 01:45;476.36
06/08/2025 02:00;476.36
06/08/2025 02:15;476.36
06/08/2025 02:30;476.36
06/08/2025 02:45;476.35
06/08/2025 03:00;476.35
06/08/2025 03:15;476.35
06/08/2025 03:30;476.35
06/08/2025 03:45;476.35
06/08/2025 04:00;476.34
06/08/2025 04:15;476.34
06/08/2025 04:30;476.34
06/08/2025 04:45;476.32
06/08/2025 05:00;476.32
06/08/2025 05:15;476.32
06/08/2025 05:30;476.32
06/08/2025 05:45;476.32
06/08/2025 06:00;476.32
06/08/2025 06:15;476.32
06/08/2025 06:30;476.32
06/08/2025 06:45;476.31
06/08/2025 07:00;476.31
06/08/2025 07:15;476.31
06/08/2025 07:30;476.3
06/08/2025 07:45;476.3
06/08/2025 08:00;476.3
06/08/2025 08:15;476.3
06/08/2025 08:30;476.3
06/08/2025 08:45;476.29
06/08/2025 09:00;476.29
06/08/2025 09:15;476.29
06/08/2025 09:30;476.29
06/08/2025 09:45;476.29
06/08/2025 10:00;476.28
06/08/2025 10:15;476.28
06/08/2025 10:30;476.28
06/08/2025 10:45;476.27
06/08/2025 11:00;476.27
06/08/2025 11:15;476.27
06/08/2025 11:30;476.26
06/08/2025 11:45;476.26
06/08/2025 12:00;476.26
06/08/2025 12:15;476.26
06/08/2025 12:30;476.26
06/08/2025 12:45;476.25
06/08/2025 13:00;476.25
06/08/2025 13:15;476.25
06/08/2025 13:30;476.23
06/08/2025 13:45;476.23
06/08/2025 14:00;476.23
06/08/2025 14:15;476.23
06/08/2025 14:30;476.23
06/08/2025 14:45;476.23
06/08/2025 15:00;476.23
06/08/2025 15:15;476.22
06/08/2025 15:30;476.22
06/08/2025 15:45;476.22
06/08/2025 16:00;476.21
06/08/2025 16:15;476.21
06/08/2025 16:30;476.21
06/08/2025 16:45;476.21
06/08/2025 17:00;476.2
06/08/2025 17:15;476.2
06/08/2025 17:30;476.2
06/08/2025 17:45;476.19
06/08/2025 18:00;476.19
06/08/2025 18:15;476.18
06/08/2025 18:30;476.18
06/08/2025 18:45;476.18
06/08/2025 19:00;476.18
06/08/2025 19:15;476.16
06/08/2025 19:30;476.16
06/08/2025 19:45;476.16
06/08/2025 20:00;476.16
06/08/2025 20:15;476.16
06/08/2025 20:30;476.16
06/08/2025 20:45;476.14
06/08/2025 21:00;476.14
06/08/2025 21:15;476.14
06/08/2025 21:30;476.14
06/08/2025 21:45;476.14
06/08/2025 22:00;476.14
06/08/2025 22:15;476.14
06/08/2025 22:30;476.14
06/08/2025 22:45;476.13
06/08/2025 23:00;476.13
06/08/2025 23:15;476.13
06/08/2025 23:30;476.12
06/08/2025 23:45;476.12
07/08/2025 00:00;476.12
07/08/2025 00:15;476.12
07/08/2025 00:30;476.11
07/08/2025 00:45;476.11
07/08/2025 01:00;476.11
07/08/2025 01:15;476.11
07/08/2025 01:30;476.1
07/08/2025 01:45;476.1
07/08/2025 02:00;476.1
07/08/2025 02:15;476.1
07/08/2025 02:30;476.09
07/08/2025 02:45;476.09
07/08/2025 03:00;476.09
07/08/2025 03:15;476.09
07/08/2025 03:30;476.07
07/08/2025 03:45;476.07
07/08/2025 04:00;476.07
07/08/2025 04:15;476.07
07/08/2025 04:30;476.07
07/08/2025 04:45;476.07
07/08/2025 05:00;476.07
07/08/2025 05:15;476.07
07/08/2025 05:30;476.07
07/08/2025 05:45;476.06
07/08/2025 06:00;476.06
07/08/2025 06:15;476.06
07/08/2025 06:30;476.05
07/08/2025 06:45;476.05
07/08/2025 07:00;476.05
07/08/2025 07:15;476.05
07/08/2025 07:30;476.04
07/08/2025 07:45;476.04
07/08/2025 08:00;476.04
07/08/2025 08:15;476.04
07/08/2025 08:30;476.04
07/08/2025 08:45;476.03
07/08/2025 09:00;476.03
07/08/2025 09:15;476.03
07/08/2025 09:30;476.03
07/08/2025 09:45;476.03
07/08/2025 10:00;476.02
07/08/2025 10:15;476.02
07/08/2025 10:30;476.02
07/08/2025 10:45;476.02
07/08/2025 11:00;476.01
07/08/2025 11:15;476.01
07/08/2025 11:30;476.01
07/08/2025 11:45;476
07/08/2025 12:00;476
07/08/2025 12:15;476
07/08/2025 12:30;476
07/08/2025 12:45;475.98
07/08/2025 13:00;475.98
07/08/2025 13:15;475.98
07/08/2025 13:30;475.98
07/08/2025 13:45;475.98
07/08/2025 14:00;475.98
07/08/2025 14:15;475.98
07/08/2025 14:30;475.98
07/08/2025 14:45;475.97
07/08/2025 15:00;475.97
07/08/2025 15:15;475.96
07/08/2025 15:30;475.96
07/08/2025 15:45;475.96
07/08/2025 16:00;475.96
07/08/2025 16:15;475.95
07/08/2025 16:30;475.95
07/08/2025 16:45;475.95
07/08/2025 17:00;475.95
07/08/2025 17:15;475.94
07/08/2025 17:30;475.94
07/08/2025 17:45;475.94
07/08/2025 18:00;475.93
07/08/2025 18:15;475.93
07/08/2025 18:30;475.93
07/08/2025 18:45;475.91
07/08/2025 19:00;475.91
07/08/2025 19:15;475.91
07/08/2025 19:30;475.91
07/08/2025 19:45;475.91
07/08/2025 20:00;475.91
07/08/2025 20:15;475.91
07/08/2025 20:30;475.89
07/08/2025 20:45;475.89
07/08/2025 21:00;475.89
07/08/2025 21:15;475.89
07/08/2025 21:30;475.89
07/08/2025 21:45;475.89
07/08/2025 22:00;475.88
07/08/2025 22:15;475.88
07/08/2025 22:30;475.88
07/08/2025 22:45;475.88
07/08/2025 23:00;475.87
07/08/2025 23:15;475.87
07/08/2025 23:30;475.87
07/08/2025 23:45;475.87
08/08/2025 00:00;475.86
08/08/2025 00:15;475.86
08/08/2025 00:30;475.86
08/08/2025 00:45;475.86
08/08/2025 01:00;475.85
08/08/2025 01:15;475.85
08/08/2025 01:30;475.85
08/08/2025 01:45;475.85
08/08/2025 02:00;475.84
08/08/2025 02:15;475.84
08/08/2025 02:30;475.84
08/08/2025 02:45;475.84
08/08/2025 03:00;475.84
08/08/2025 03:15;475.84
08/08/2025 03:30;475.82
08/08/2025 03:45;475.82
08/08/2025 04:00;475.82
08/08/2025 04:15;475.82
08/08/2025 04:30;475.82
08/08/2025 04:45;475.82
08/08/2025 05:00;475.82
08/08/2025 05:15;475.82
08/08/2025 05:30;475.81
08/08/2025 05:45;475.81
08/08/2025 06:00;475.81
08/08/2025 06:15;475.81
08/08/2025 06:30;475.8
08/08/2025 06:45;475.8
08/08/2025 07:00;475.8
08/08/2025 07:15;475.8
08/08/2025 07:30;475.79
08/08/2025 07:45;475.79
08/08/2025 08:00;475.79
08/08/2025 08:15;475.78
08/08/2025 08:30;475.78
08/08/2025 08:45;475.78
08/08/2025 09:00;475.78
08/08/2025 09:15;475.78
08/08/2025 09:30;475.78
08/08/2025 09:45;475.78
08/08/2025 10:00;475.77
08/08/2025 10:15;475.77
08/08/2025 10:30;475.77
08/08/2025 10:45;475.76
08/08/2025 11:00;475.76
08/08/2025 11:15;475.76
08/08/2025 11:30;475.76
08/08/2025 11:45;475.76
08/08/2025 12:00;475.75
08/08/2025 12:15;475.75
08/08/2025 12:30;475.75
08/08/2025 12:45;475.73
08/08/2025 13:00;475.73
08/08/2025 13:15;475.73
08/08/2025 13:30;475.73
08/08/2025 13:45;475.73
08/08/2025 14:00;475.73
08/08/2025 14:15;475.73
08/08/2025 14:30;475.72
08/08/2025 14:45;475.72
08/08/2025 15:00;475.72
08/08/2025 15:15;475.72
08/08/2025 15:30;475.71
08/08/2025 15:45;475.71
08/08/2025 16:00;475.71
08/08/2025 16:15;475.71
08/08/2025 16:30;475.7
08/08/2025 16:45;475.7
08/08/2025 17:00;475.7
08/08/2025 17:15;475.7
08/08/2025 17:30;475.69
08/08/2025 17:45;475.69
08/08/2025 18:00;475.69
08/08/2025 18:15;475.68
08/08/2025 18:30;475.68
08/08/2025 18:45;475.68
08/08/2025 19:00;475.68
08/08/2025 19:15;475.66
08/08/2025 19:30;475.66
08/08/2025 19:45;475.66
08/08/2025 20:00;475.66
08/08/2025 20:15;475.66
08/08/2025 20:30;475.64
08/08/2025 20:45;475.64
08/08/2025 21:00;475.64
08/08/2025 21:15;475.64
08/08/2025 21:30;475.64
08/08/2025 21:45;475.64
08/08/2025 22:00;475.63
08/08/2025 22:15;475.63
08/08/2025 22:30;475.63
08/08/2025 22:45;475.63
08/08/2025 23:00;475.62
08/08/2025 23:15;475.62
08/08/2025 23:30;475.62
08/08/2025 23:45;475.62
09/08/2025 00:00;475.61
09/08/2025 00:15;475.61
09/08/2025 00:30;475.61
09/08/2025 00:45;475.61
09/08/2025 01:00;475.61
09/08/2025 01:15;475.61
09/08/2025 01:30;475.6
09/08/2025 01:45;475.6
09/08/2025 02:00;475.6
09/08/2025 02:15;475.6
09/08/2025 02:30;475.6
09/08/2025 02:45;475.59
09/08/2025 03:00;475.59
09/08/2025 03:15;475.59
09/08/2025 03:30;475.59
09/08/2025 03:45;475.57
09/08/2025 04:00;475.57
09/08/2025 04:15;475.57
09/08/2025 04:30;475.57
09/08/2025 04:45;475.57
09/08/2025 05:00;475.57
09/08/2025 05:15;475.57
09/08/2025 05:30;475.57
09/08/2025 05:45;475.57
09/08/2025 06:00;475.56
09/08/2025 06:15;475.56
09/08/2025 06:30;475.56
09/08/2025 06:45;475.55
09/08/2025 07:00;475.55
09/08/2025 07:15;475.55
09/08/2025 07:30;475.55
09/08/2025 07:45;475.55
09/08/2025 08:00;475.54
09/08/2025 08:15;475.54
09/08/2025 08:30;475.54
09/08/2025 08:45;475.54
09/08/2025 09:00;475.54
09/08/2025 09:15;475.53
09/08/2025 09:30;475.53
09/08/2025 09:45;475.53
09/08/2025 10:00;475.53
09/08/2025 10:15;475.52
09/08/2025 10:30;475.52
09/08/2025 10:45;475.52
09/08/2025 11:00;475.52
09/08/2025 11:15;475.52
09/08/2025 11:30;475.51
09/08/2025 11:45;475.51
09/08/2025 12:00;475.51
09/08/2025 12:15;475.5
09/08/2025 12:30;475.5
09/08/2025 12:45;475.48
09/08/2025 13:00;475.5
09/08/2025 13:15;475.5
09/08/2025 13:30;475.48
09/08/2025 13:45;475.48
09/08/2025 14:00;475.48
09/08/2025 14:15;475.48
09/08/2025 14:30;475.48
09/08/2025 14:45;475.47
09/08/2025 15:00;475.47
09/08/2025 15:15;475.47
09/08/2025 15:30;475.47
09/08/2025 15:45;475.46
09/08/2025 16:00;475.46
09/08/2025 16:15;475.46
09/08/2025 16:30;475.45
09/08/2025 16:45;475.45
09/08/2025 17:00;475.45
09/08/2025 17:15;475.45
09/08/2025 17:30;475.44
09/08/2025 17:45;475.44
09/08/2025 18:00;475.44
09/08/2025 18:15;475.43
09/08/2025 18:30;475.43
09/08/2025 18:45;475.43
09/08/2025 19:00;475.43
09/08/2025 19:15;475.43
09/08/2025 19:30;475.41
09/08/2025 19:45;475.41
09/08/2025 20:00;475.41
09/08/2025 20:15;475.41
09/08/2025 20:30;475.41
09/08/2025 20:45;475.39
09/08/2025 21:00;475.39
09/08/2025 21:15;475.39
09/08/2025 21:30;475.39
09/08/2025 21:45;475.39
09/08/2025 22:00;475.39
09/08/2025 22:15;475.39
09/08/2025 22:30;475.39
09/08/2025 22:45;475.38
09/08/2025 23:00;475.38
09/08/2025 23:15;475.38
09/08/2025 23:30;475.37
09/08/2025 23:45;475.37
10/08/2025 00:00;475.37
10/08/2025 00:15;475.37
10/08/2025 00:30;475.37
10/08/2025 00:45;475.36
10/08/2025 01:00;475.36
10/08/2025 01:15;475.36
10/08/2025 01:30;475.36
10/08/2025 01:45;475.35
10/08/2025 02:00;475.35
10/08/2025 02:15;475.35
10/08/2025 02:30;475.34
10/08/2025 02:45;475.34
10/08/2025 03:00;475.34
10/08/2025 03:15;475.34
10/08/2025 03:30;475.34
10/08/2025 03:45;475.34
10/08/2025 04:00;475.32
10/08/2025 04:15;475.32
10/08/2025 04:30;475.32
10/08/2025 04:45;475.32
10/08/2025 05:00;475.32
10/08/2025 05:15;475.32
10/08/2025 05:30;475.32
10/08/2025 05:45;475.32
10/08/2025 06:00;475.31
10/08/2025 06:15;475.31
10/08/2025 06:30;475.31
10/08/2025 06:45;475.31
10/08/2025 07:00;475.3
10/08/2025 07:15;475.3
10/08/2025 07:30;475.3
10/08/2025 07:45;475.3
10/08/2025 08:00;475.3
10/08/2025 08:15;475.29
10/08/2025 08:30;475.29
10/08/2025 08:45;475.29
10/08/2025 09:00;475.29
10/08/2025 09:15;475.29
10/08/2025 09:30;475.28
10/08/2025 09:45;475.28
10/08/2025 10:00;475.28
10/08/2025 10:15;475.28
10/08/2025 10:30;475.27
10/08/2025 10:45;475.27
10/08/2025 11:00;475.27
10/08/2025 11:15;475.26
10/08/2025 11:30;475.26
10/08/2025 11:45;475.26
10/08/2025 12:00;475.26
10/08/2025 12:15;475.26
10/08/2025 12:30;475.25
10/08/2025 12:45;475.25
10/08/2025 13:00;475.25
10/08/2025 13:15;475.25
10/08/2025 13:30;475.23
10/08/2025 13:45;475.23
10/08/2025 14:00;475.23
10/08/2025 14:15;475.23
10/08/2025 14:30;475.23
10/08/2025 14:45;475.23
10/08/2025 15:00;475.23
10/08/2025 15:15;475.22
10/08/2025 15:30;475.22
10/08/2025 15:45;475.22
10/08/2025 16:00;475.21
10/08/2025 16:15;475.21
10/08/2025 16:30;475.21
10/08/2025 16:45;475.21
10/08/2025 17:00;475.2
10/08/2025 17:15;475.2
10/08/2025 17:30;475.2
10/08/2025 17:45;475.19
10/08/2025 18:00;475.19
10/08/2025 18:15;475.19
10/08/2025 18:30;475.19
10/08/2025 18:45;475.18
10/08/2025 19:00;475.18
10/08/2025 19:15;475.18
10/08/2025 19:30;475.16
10/08/2025 19:45;475.16
10/08/2025 20:00;475.16
10/08/2025 20:15;475.16
10/08/2025 20:30;475.16
10/08/2025 20:45;475.14
10/08/2025 21:00;475.14
10/08/2025 21:15;475.14
10/08/2025 21:30;475.14
10/08/2025 21:45;475.14
10/08/2025 22:00;475.14
10/08/2025 22:15;475.14
10/08/2025 22:30;475.13
10/08/2025 22:45;475.13
10/08/2025 23:00;475.12
10/08/2025 23:15;475.12
10/08/2025 23:30;475.12
10/08/2025 23:45;475.12
11/08/2025 00:00;475.12
11/08/2025 00:15;475.12
11/08/2025 00:30;475.11
11/08/2025 00:45;475.11
11/08/2025 01:00;475.11
11/08/2025 01:15;475.11
11/08/2025 01:30;475.1
11/08/2025 01:45;475.1
11/08/2025 02:00;475.1
11/08/2025 02:15;475.1
11/08/2025 02:30;475.1
11/08/2025 02:45;475.09
11/08/2025 03:00;475.09
11/08/2025 03:15;475.09
11/08/2025 03:30;475.07
11/08/2025 03:45;475.07
11/08/2025 04:00;475.07
11/08/2025 04:15;475.07
11/08/2025 04:30;475.06
11/08/2025 04:45;475.06
11/08/2025 05:00;475.06
11/08/2025 05:15;475.06
11/08/2025 05:30;475.05
11/08/2025 05:45;475.05
11/08/2025 06:00;475.05
11/08/2025 06:15;475.05
11/08/2025 06:30;475.05
11/08/2025 06:45;475.04
11/08/2025 07:00;475.04
11/08/2025 07:15;475.04
11/08/2025 07:30;475.03
11/08/2025 07:45;475.03
11/08/2025 08:00;475.03
11/08/2025 08:15;475.02
11/08/2025 08:30;475.02
11/08/2025 08:45;475.02
11/08/2025 09:00;475.02
11/08/2025 09:15;475.02
11/08/2025 09:30;475.02
11/08/2025 09:45;475.01
11/08/2025 10:00;475.01
11/08/2025 10:15;475.01
11/08/2025 10:30;475.01
11/08/2025 10:45;475
11/08/2025 11:00;475
11/08/2025 11:15;475
11/08/2025 11:30;475
11/08/2025 11:45;474.98
11/08/2025 12:00;474.98
11/08/2025 12:15;474.98
11/08/2025 12:30;474.98
11/08/2025 12:45;474.98
11/08/2025 13:00;474.98
11/08/2025 13:15;474.98
11/08/2025 13:30;474.97
11/08/2025 13:45;474.97
11/08/2025 14:00;474.97
11/08/2025 14:15;474.96
11/08/2025 14:30;474.96
11/08/2025 14:45;474.95
11/08/2025 15:00;474.95
11/08/2025 15:15;474.95
11/08/2025 15:30;474.95
11/08/2025 15:45;474.94
11/08/2025 16:00;474.94
11/08/2025 16:15;474.94
11/08/2025 16:30;474.93
11/08/2025 16:45;474.93
11/08/2025 17:00;474.93
11/08/2025 17:15;474.91
11/08/2025 17:30;474.91
11/08/2025 17:45;474.91
11/08/2025 18:00;474.91
11/08/2025 18:15;474.91
11/08/2025 18:30;474.91
11/08/2025 18:45;474.89
11/08/2025 19:00;474.89
11/08/2025 19:15;474.89
11/08/2025 19:30;474.89
11/08/2025 19:45;474.89
11/08/2025 20:00;474.88
11/08/2025 20:15;474.88
11/08/2025 20:30;474.88
11/08/2025 20:45;474.88
11/08/2025 21:00;474.87
11/08/2025 21:15;474.87
11/08/2025 21:30;474.87
11/08/2025 21:45;474.86
11/08/2025 22:00;474.86
11/08/2025 22:15;474.85
11/08/2025 22:30;474.85
11/08/2025 22:45;474.85
11/08/2025 23:00;474.84
11/08/2025 23:15;474.84
11/08/2025 23:30;474.84
11/08/2025 23:45;474.84
12/08/2025 00:00;474.82
12/08/2025 00:15;474.82
12/08/2025 00:30;474.82
12/08/2025 00:45;474.82
12/08/2025 01:00;474.82
12/08/2025 01:15;474.82
12/08/2025 01:30;474.82
12/08/2025 01:45;474.82
12/08/2025 02:00;474.82
12/08/2025 02:15;474.81
12/08/2025 02:30;474.81
12/08/2025 02:45;474.81
12/08/2025 03:00;474.81
12/08/2025 03:15;474.8
12/08/2025 03:30;474.8
12/08/2025 03:45;474.8
12/08/2025 04:00;474.8
12/08/2025 04:15;474.79
12/08/2025 04:30;474.79
12/08/2025 04:45;474.79
12/08/2025 05:00;474.79
12/08/2025 05:15;474.78
12/08/2025 05:30;474.78
12/08/2025 05:45;474.78
12/08/2025 06:00;474.78
12/08/2025 06:15;474.78
12/08/2025 06:30;474.77
12/08/2025 06:45;474.77
12/08/2025 07:00;474.77
12/08/2025 07:15;474.76
12/08/2025 07:30;474.76
12/08/2025 07:45;474.76
12/08/2025 08:00;474.75
12/08/2025 08:15;474.75
12/08/2025 08:30;474.75
12/08/2025 08:45;474.75
12/08/2025 09:00;474.75
12/08/2025 09:15;474.75
12/08/2025 09:30;474.73
12/08/2025 09:45;474.73
12/08/2025 10:00;474.73
12/08/2025 10:15;474.73
12/08/2025 10:30;474.73
12/08/2025 10:45;474.73
12/08/2025 11:00;474.73
12/08/2025 11:15;474.72
12/08/2025 11:30;474.72
12/08/2025 11:45;474.72
12/08/2025 12:00;474.71
12/08/2025 12:15;474.71
12/08/2025 12:30;474.71
12/08/2025 12:45;474.7
12/08/2025 13:00;474.7
12/08/2025 13:15;474.7
12/08/2025 13:30;474.69
12/08/2025 13:45;474.69
12/08/2025 14:00;474.69
12/08/2025 14:15;474.69
12/08/2025 14:30;474.68
12/08/2025 14:45;474.68
12/08/2025 15:00;474.68
12/08/2025 15:15;474.66
12/08/2025 15:30;474.66
12/08/2025 15:45;474.66
12/08/2025 16:00;474.66
12/08/2025 16:15;474.66
12/08/2025 16:30;474.66
12/08/2025 16:45;474.66
12/08/2025 17:00;474.64
12/08/2025 17:15;474.64
12/08/2025 17:30;474.66
12/08/2025 17:45;474.66
12/08/2025 18:00;474.66
12/08/2025 18:15;474.64
12/08/2025 18:30;474.64
12/08/2025 18:45;474.64
12/08/2025 19:00;474.63
12/08/2025 19:15;474.63
12/08/2025 19:30;474.62
12/08/2025 19:45;474.62
12/08/2025 20:00;474.61
12/08/2025 20:15;474.61
12/08/2025 20:30;474.61
12/08/2025 20:45;474.6
12/08/2025 21:00;474.61
12/08/2025 21:15;474.6
12/08/2025 21:30;474.6
12/08/2025 21:45;474.6
12/08/2025 22:00;474.6
12/08/2025 22:15;474.59
12/08/2025 22:30;474.57
12/08/2025 22:45;474.57
12/08/2025 23:00;474.57
12/08/2025 23:15;474.57
12/08/2025 23:30;474.57
12/08/2025 23:45;474.57
13/08/2025 00:00;474.56
13/08/2025 00:15;474.56
13/08/2025 00:30;474.56
13/08/2025 00:45;474.56
13/08/2025 01:00;474.56
13/08/2025 01:15;474.55
13/08/2025 01:30;474.56
13/08/2025 01:45;474.55
13/08/2025 02:00;474.55
13/08/2025 02:15;474.55
13/08/2025 02:30;474.54
13/08/2025 02:45;474.54
13/08/2025 03:00;474.54
13/08/2025 03:15;474.54
13/08/2025 03:30;474.53
13/08/2025 03:45;474.53
13/08/2025 04:00;474.52
13/08/2025 04:15;474.53
13/08/2025 04:30;474.52
13/08/2025 04:45;474.52
13/08/2025 05:00;474.52
13/08/2025 05:15;474.51
13/08/2025 05:30;474.51
13/08/2025 05:45;474.5
13/08/2025 06:00;474.51
13/08/2025 06:15;474.5
13/08/2025 06:30;474.5
13/08/2025 06:45;474.48
13/08/2025 07:00;474.48
13/08/2025 07:15;474.48
13/08/2025 07:30;474.48
13/08/2025 07:45;474.48
13/08/2025 08:00;474.48
13/08/2025 08:15;474.48
13/08/2025 08:30;474.47
13/08/2025 08:45;474.47
13/08/2025 09:00;474.47
13/08/2025 09:15;474.47
13/08/2025 09:30;474.46
13/08/2025 09:45;474.46
13/08/2025 10:00;474.46
13/08/2025 10:15;474.46
13/08/2025 10:30;474.45
13/08/2025 10:45;474.45
13/08/2025 11:00;474.45
13/08/2025 11:15;474.45
13/08/2025 11:30;474.44
13/08/2025 11:45;474.44
13/08/2025 12:00;474.44
13/08/2025 12:15;474.44
13/08/2025 12:30;474.43
13/08/2025 12:45;474.43
13/08/2025 13:00;474.43
13/08/2025 13:15;474.41
13/08/2025 13:30;474.41
13/08/2025 13:45;474.41
13/08/2025 14:00;474.41
13/08/2025 14:15;474.41
13/08/2025 14:30;474.41
13/08/2025 14:45;474.39
13/08/2025 15:00;474.39
13/08/2025 15:15;474.39
13/08/2025 15:30;474.39
13/08/2025 15:45;474.39
13/08/2025 16:00;474.39
13/08/2025 16:15;474.38
13/08/2025 16:30;474.38
13/08/2025 16:45;474.38
13/08/2025 17:00;474.38
13/08/2025 17:15;474.37
13/08/2025 17:30;474.37
13/08/2025 17:45;474.36
13/08/2025 18:00;474.36
13/08/2025 18:15;474.36
13/08/2025 18:30;474.37
13/08/2025 18:45;474.36
13/08/2025 19:00;474.36
13/08/2025 19:15;474.36
13/08/2025 19:30;474.35
13/08/2025 19:45;474.35
13/08/2025 20:00;474.35
13/08/2025 20:15;474.35
13/08/2025 20:30;474.35
13/08/2025 20:45;474.34
13/08/2025 21:00;474.34
13/08/2025 21:15;474.32
13/08/2025 21:30;474.32
13/08/2025 21:45;474.32
13/08/2025 22:00;474.32
13/08/2025 22:15;474.32
13/08/2025 22:30;474.32
13/08/2025 22:45;474.31
13/08/2025 23:00;474.31
13/08/2025 23:15;474.31
13/08/2025 23:30;474.3
13/08/2025 23:45;474.3
14/08/2025 00:00;474.3
14/08/2025 00:15;474.3
14/08/2025 00:30;474.29
14/08/2025 00:45;474.29
14/08/2025 01:00;474.29
14/08/2025 01:15;474.28
14/08/2025 01:30;474.28
14/08/2025 01:45;474.28
14/08/2025 02:00;474.28
14/08/2025 02:15;474.27
14/08/2025 02:30;474.27
14/08/2025 02:45;474.26
14/08/2025 03:00;474.26
14/08/2025 03:15;474.26
14/08/2025 03:30;474.26
14/08/2025 03:45;474.25
14/08/2025 04:00;474.25
14/08/2025 04:15;474.25
14/08/2025 04:30;474.23
14/08/2025 04:45;474.25
14/08/2025 05:00;474.23
14/08/2025 05:15;474.23
14/08/2025 05:30;474.23
14/08/2025 05:45;474.23
14/08/2025 06:00;474.23
14/08/2025 06:15;474.23
14/08/2025 06:30;474.22
14/08/2025 06:45;474.22
14/08/2025 07:00;474.21
14/08/2025 07:15;474.21
14/08/2025 07:30;474.21
14/08/2025 07:45;474.2
14/08/2025 08:00;474.2
14/08/2025 08:15;474.2
14/08/2025 08:30;474.2
14/08/2025 08:45;474.19
14/08/2025 09:00;474.19
14/08/2025 09:15;474.19
14/08/2025 09:30;474.18
14/08/2025 09:45;474.18
14/08/2025 10:00;474.18
14/08/2025 10:15;474.18
14/08/2025 10:30;474.16
14/08/2025 10:45;474.16
14/08/2025 11:00;474.16
14/08/2025 11:15;474.16
14/08/2025 11:30;474.16
14/08/2025 11:45;474.16
14/08/2025 12:00;474.14
14/08/2025 12:15;474.14
14/08/2025 12:30;474.14
14/08/2025 12:45;474.14
14/08/2025 13:00;474.14
14/08/2025 13:15;474.14
14/08/2025 13:30;474.14
14/08/2025 13:45;474.13
14/08/2025 14:00;474.13
14/08/2025 14:15;474.13
14/08/2025 14:30;474.12
14/08/2025 14:45;474.12
14/08/2025 15:00;474.12
14/08/2025 15:15;474.11
14/08/2025 15:30;474.11
14/08/2025 15:45;474.11
14/08/2025 16:00;474.1
14/08/2025 16:15;474.09
14/08/2025 16:30;474.09
14/08/2025 16:45;474.09
14/08/2025 17:00;474.09
14/08/2025 17:15;474.07
14/08/2025 17:30;474.07
14/08/2025 17:45;474.07
14/08/2025 18:00;474.07
14/08/2025 18:15;474.07
14/08/2025 18:30;474.07
14/08/2025 18:45;474.06
14/08/2025 19:00;474.06
14/08/2025 19:15;474.06
14/08/2025 19:30;474.05
14/08/2025 19:45;474.05
14/08/2025 20:00;474.05
14/08/2025 20:15;474.04
14/08/2025 20:30;474.04
14/08/2025 20:45;474.04
14/08/2025 21:00;474.03
14/08/2025 21:15;474.03
14/08/2025 21:30;474.03
14/08/2025 21:45;474.02
14/08/2025 22:00;474.02
14/08/2025 22:15;474.02
14/08/2025 22:30;474.01
14/08/2025 22:45;474.01
14/08/2025 23:00;474.01
14/08/2025 23:15;474
14/08/2025 23:30;474
14/08/2025 23:45;474
15/08/2025 00:00;473.98
15/08/2025 00:15;473.98
15/08/2025 00:30;473.98
15/08/2025 00:45;473.98
15/08/2025 01:00;473.98
15/08/2025 01:15;473.98
15/08/2025 01:30;473.98
15/08/2025 01:45;473.97
15/08/2025 02:00;473.97
15/08/2025 02:15;473.97
15/08/2025 02:30;473.97
15/08/2025 02:45;473.96
15/08/2025 03:00;473.96
15/08/2025 03:15;473.96
15/08/2025 03:30;473.95
15/08/2025 03:45;473.95
15/08/2025 04:00;473.95
15/08/2025 04:15;473.95
15/08/2025 04:30;473.94
15/08/2025 04:45;473.94
15/08/2025 05:00;473.94
15/08/2025 05:15;473.93
15/08/2025 05:30;473.93
15/08/2025 05:45;473.93
15/08/2025 06:00;473.93
15/08/2025 06:15;473.91
15/08/2025 06:30;473.91
15/08/2025 06:45;473.91
15/08/2025 07:00;473.91
15/08/2025 07:15;473.91
15/08/2025 07:30;473.91
15/08/2025 07:45;473.91
15/08/2025 08:00;473.89
15/08/2025 08:15;473.89
15/08/2025 08:30;473.89
15/08/2025 08:45;473.89
15/08/2025 09:00;473.89
15/08/2025 09:15;473.89
15/08/2025 09:30;473.89
15/08/2025 09:45;473.89
15/08/2025 10:00;473.89
15/08/2025 10:15;473.88
15/08/2025 10:30;473.88
15/08/2025 10:45;473.88
15/08/2025 11:00;473.87
15/08/2025 11:15;473.87
15/08/2025 11:30;473.87
15/08/2025 11:45;473.86
15/08/2025 12:00;473.86
15/08/2025 12:15;473.86
15/08/2025 12:30;473.85
15/08/2025 12:45;473.85
15/08/2025 13:00;473.85
15/08/2025 13:15;473.84
15/08/2025 13:30;473.84
15/08/2025 13:45;473.84
15/08/2025 14:00;473.84
15/08/2025 14:15;473.82
15/08/2025 14:30;473.82
15/08/2025 14:45;473.82
15/08/2025 15:00;473.82
15/08/2025 15:15;473.82
15/08/2025 15:30;473.81
15/08/2025 15:45;473.81
15/08/2025 16:00;473.81
15/08/2025 16:15;473.8
15/08/2025 16:30;473.8
15/08/2025 16:45;473.8
15/08/2025 17:00;473.79
15/08/2025 17:15;473.79
15/08/2025 17:30;473.79
15/08/2025 17:45;473.78
15/08/2025 18:00;473.78
15/08/2025 18:15;473.78
15/08/2025 18:30;473.77
15/08/2025 18:45;473.77
15/08/2025 19:00;473.77
15/08/2025 19:15;473.76
15/08/2025 19:30;473.76
15/08/2025 19:45;473.76
15/08/2025 20:00;473.75
15/08/2025 20:15;473.75
15/08/2025 20:30;473.75
15/08/2025 20:45;473.73
15/08/2025 21:00;473.73
15/08/2025 21:15;473.73
15/08/2025 21:30;473.73
15/08/2025 21:45;473.73
15/08/2025 22:00;473.73
15/08/2025 22:15;473.72
15/08/2025 22:30;473.72
15/08/2025 22:45;473.72
15/08/2025 23:00;473.72
15/08/2025 23:15;473.71
15/08/2025 23:30;473.71
15/08/2025 23:45;473.71
16/08/2025 00:00;473.7
16/08/2025 00:15;473.7
16/08/2025 00:30;473.7
16/08/2025 00:45;473.69
16/08/2025 01:00;473.69
16/08/2025 01:15;473.69
16/08/2025 01:30;473.69
16/08/2025 01:45;473.68
16/08/2025 02:00;473.68
16/08/2025 02:15;473.68
16/08/2025 02:30;473.68
16/08/2025 02:45;473.66
16/08/2025 03:00;473.66
16/08/2025 03:15;473.66
16/08/2025 03:30;473.66
16/08/2025 03:45;473.66
16/08/2025 04:00;473.66
16/08/2025 04:15;473.66
16/08/2025 04:30;473.66
16/08/2025 04:45;473.64
16/08/2025 05:00;473.64
16/08/2025 05:15;473.64
16/08/2025 05:30;473.64
16/08/2025 05:45;473.64
16/08/2025 06:00;473.64
16/08/2025 06:15;473.64
16/08/2025 06:30;473.64
16/08/2025 06:45;473.64
16/08/2025 07:00;473.63
16/08/2025 07:15;473.63
16/08/2025 07:30;473.63
16/08/2025 07:45;473.63
16/08/2025 08:00;473.62
16/08/2025 08:15;473.62
16/08/2025 08:30;473.62
16/08/2025 08:45;473.62
16/08/2025 09:00;473.62
16/08/2025 09:15;473.62
16/08/2025 09:30;473.61
16/08/2025 09:45;473.61
16/08/2025 10:00;473.61
16/08/2025 10:15;473.61
16/08/2025 10:30;473.6
16/08/2025 10:45;473.6
16/08/2025 11:00;473.6
16/08/2025 11:15;473.6
16/08/2025 11:30;473.59
16/08/2025 11:45;473.59
16/08/2025 12:00;473.59
16/08/2025 12:15;473.57
16/08/2025 12:30;473.57
16/08/2025 12:45;473.57
16/08/2025 13:00;473.57
16/08/2025 13:15;473.57
16/08/2025 13:30;473.57
16/08/2025 13:45;473.57
16/08/2025 14:00;473.56
16/08/2025 14:15;473.56
16/08/2025 14:30;473.56
16/08/2025 14:45;473.55
16/08/2025 15:00;473.55
16/08/2025 15:15;473.54
16/08/2025 15:30;473.54
16/08/2025 15:45;473.54
16/08/2025 16:00;473.54
16/08/2025 16:15;473.53
16/08/2025 16:30;473.53
16/08/2025 16:45;473.53
16/08/2025 17:00;473.52
16/08/2025 17:15;473.52
16/08/2025 17:30;473.51
16/08/2025 17:45;473.51
16/08/2025 18:00;473.51
16/08/2025 18:15;473.5
16/08/2025 18:30;473.5
16/08/2025 18:45;473.48
16/08/2025 19:00;473.48
16/08/2025 19:15;473.48
16/08/2025 19:30;473.48
16/08/2025 19:45;473.48
16/08/2025 20:00;473.48
16/08/2025 20:15;473.47
16/08/2025 20:30;473.47
16/08/2025 20:45;473.47
16/08/2025 21:00;473.46
16/08/2025 21:15;473.46
16/08/2025 21:30;473.46
16/08/2025 21:45;473.46
16/08/2025 22:00;473.45
16/08/2025 22:15;473.45
16/08/2025 22:30;473.45
16/08/2025 22:45;473.44
16/08/2025 23:00;473.44
16/08/2025 23:15;473.44
16/08/2025 23:30;473.43
16/08/2025 23:45;473.43
17/08/2025 00:00;473.43
17/08/2025 00:15;473.41
17/08/2025 00:30;473.41
17/08/2025 00:45;473.41
17/08/2025 01:00;473.41
17/08/2025 01:15;473.41
17/08/2025 01:30;473.41
17/08/2025 01:45;473.41
17/08/2025 02:00;473.39
17/08/2025 02:15;473.39
17/08/2025 02:30;473.39
17/08/2025 02:45;473.39
17/08/2025 03:00;473.39
17/08/2025 03:15;473.39
17/08/2025 03:30;473.39
17/08/2025 03:45;473.39
17/08/2025 04:00;473.39
17/08/2025 04:15;473.38
17/08/2025 04:30;473.38
17/08/2025 04:45;473.38
17/08/2025 05:00;473.37
17/08/2025 05:15;473.37
17/08/2025 05:30;473.37
17/08/2025 05:45;473.37
17/08/2025 06:00;473.36
17/08/2025 06:15;473.36
17/08/2025 06:30;473.36
17/08/2025 06:45;473.36
17/08/2025 07:00;473.35
17/08/2025 07:15;473.35
17/08/2025 07:30;473.35
17/08/2025 07:45;473.35
17/08/2025 08:00;473.34
17/08/2025 08:15;473.34
17/08/2025 08:30;473.34
17/08/2025 08:45;473.34
17/08/2025 09:00;473.32
17/08/2025 09:15;473.32
17/08/2025 09:30;473.32
17/08/2025 09:45;473.32
17/08/2025 10:00;473.32
17/08/2025 10:15;473.32
17/08/2025 10:30;473.32
17/08/2025 10:45;473.32
17/08/2025 11:00;473.31
17/08/2025 11:15;473.31
17/08/2025 11:30;473.31
17/08/2025 11:45;473.3
17/08/2025 12:00;473.3
17/08/2025 12:15;473.3
17/08/2025 12:30;473.3
17/08/2025 12:45;473.29
17/08/2025 13:00;473.29
17/08/2025 13:15;473.29
17/08/2025 13:30;473.28
17/08/2025 13:45;473.28
17/08/2025 14:00;473.28
17/08/2025 14:15;473.27
17/08/2025 14:30;473.27
17/08/2025 14:45;473.27
17/08/2025 15:00;473.26
17/08/2025 15:15;473.26
17/08/2025 15:30;473.25
17/08/2025 15:45;473.26
17/08/2025 16:00;473.25
17/08/2025 16:15;473.25
17/08/2025 16:30;473.23
17/08/2025 16:45;473.23
17/08/2025 17:00;473.23
17/08/2025 17:15;473.23
17/08/2025 17:30;473.23
17/08/2025 17:45;473.23
17/08/2025 18:00;473.23
17/08/2025 18:15;473.22
17/08/2025 18:30;473.22
17/08/2025 18:45;473.21
17/08/2025 19:00;473.21
17/08/2025 19:15;473.21
17/08/2025 19:30;473.2
17/08/2025 19:45;473.2
17/08/2025 20:00;473.2
17/08/2025 20:15;473.19
17/08/2025 20:30;473.19
17/08/2025 20:45;473.18
17/08/2025 21:00;473.19
17/08/2025 21:15;473.18
17/08/2025 21:30;473.18
17/08/2025 21:45;473.16
17/08/2025 22:00;473.16
17/08/2025 22:15;473.16
17/08/2025 22:30;473.16
17/08/2025 22:45;473.16
17/08/2025 23:00;473.16
17/08/2025 23:15;473.14
17/08/2025 23:30;473.14
17/08/2025 23:45;473.14
18/08/2025 00:00;473.14
18/08/2025 00:15;473.14
18/08/2025 00:30;473.14
18/08/2025 00:45;473.14
18/08/2025 01:00;473.13
18/08/2025 01:15;473.13
18/08/2025 01:30;473.13
18/08/2025 01:45;473.12
18/08/2025 02:00;473.12
18/08/2025 02:15;473.12
18/08/2025 02:30;473.11
18/08/2025 02:45;473.11
18/08/2025 03:00;473.11
18/08/2025 03:15;473.11
18/08/2025 03:30;473.1
18/08/2025 03:45;473.1
18/08/2025 04:00;473.1
18/08/2025 04:15;473.09
18/08/2025 04:30;473.09
18/08/2025 04:45;473.09
18/08/2025 05:00;473.09
18/08/2025 05:15;473.07
18/08/2025 05:30;473.07
18/08/2025 05:45;473.07
18/08/2025 06:00;473.07
18/08/2025 06:15;473.07
18/08/2025 06:30;473.07
18/08/2025 06:45;473.06
18/08/2025 07:00;473.06
18/08/2025 07:15;473.06
18/08/2025 07:30;473.06
18/08/2025 07:45;473.05
18/08/2025 08:00;473.05
18/08/2025 08:15;473.05
18/08/2025 08:30;473.04
18/08/2025 08:45;473.04
18/08/2025 09:00;473.04
18/08/2025 09:15;473.04
18/08/2025 09:30;473.04
18/08/2025 09:45;473.03
18/08/2025 10:00;473.03
18/08/2025 10:15;473.03
18/08/2025 10:30;473.03
18/08/2025 10:45;473.02
18/08/2025 11:00;473.02
18/08/2025 11:15;473.02
18/08/2025 11:30;473.02
18/08/2025 11:45;473.01
18/08/2025 12:00;473.01
18/08/2025 12:15;473.01
18/08/2025 12:30;473
18/08/2025 12:45;473
18/08/2025 13:00;472.98
18/08/2025 13:15;473
18/08/2025 13:30;472.98
18/08/2025 13:45;472.98
18/08/2025 14:00;472.98
18/08/2025 14:15;472.98
18/08/2025 14:30;472.98
18/08/2025 14:45;472.98
18/08/2025 15:00;472.97
18/08/2025 15:15;472.97
18/08/2025 15:30;472.96
18/08/2025 15:45;472.97
18/08/2025 16:00;472.96
18/08/2025 16:15;472.96
18/08/2025 16:30;472.95
18/08/2025 16:45;472.95
18/08/2025 17:00;472.93
18/08/2025 17:15;472.95
18/08/2025 17:30;472.94
18/08/2025 17:45;472.94
18/08/2025 18:00;472.93
18/08/2025 18:15;472.94
18/08/2025 18:30;472.93
18/08/2025 18:45;472.93
18/08/2025 19:00;472.93
18/08/2025 19:15;472.91
18/08/2025 19:30;472.91
18/08/2025 19:45;472.91
18/08/2025 20:00;472.91
18/08/2025 20:15;472.91
18/08/2025 20:30;472.91
18/08/2025 20:45;472.89
18/08/2025 21:00;472.89
18/08/2025 21:15;472.89
18/08/2025 21:30;472.89
18/08/2025 21:45;472.89
18/08/2025 22:00;472.89
18/08/2025 22:15;472.88
18/08/2025 22:30;472.88
18/08/2025 22:45;472.88
18/08/2025 23:00;472.88
18/08/2025 23:15;472.87
18/08/2025 23:30;472.87
18/08/2025 23:45;472.87
19/08/2025 00:00;472.86
19/08/2025 00:15;472.86
19/08/2025 00:30;472.86
19/08/2025 00:45;472.85
19/08/2025 01:00;472.85
19/08/2025 01:15;472.85
19/08/2025 01:30;472.85
19/08/2025 01:45;472.84
19/08/2025 02:00;472.84
19/08/2025 02:15;472.84
19/08/2025 02:30;472.84
19/08/2025 02:45;472.82
19/08/2025 03:00;472.82
19/08/2025 03:15;472.82
19/08/2025 03:30;472.82
19/08/2025 03:45;472.82
19/08/2025 04:00;472.82
19/08/2025 04:15;472.82
19/08/2025 04:30;472.81
19/08/2025 04:45;472.81
19/08/2025 05:00;472.81
19/08/2025 05:15;472.81
19/08/2025 05:30;472.8
19/08/2025 05:45;472.8
19/08/2025 06:00;472.8
19/08/2025 06:15;472.79
19/08/2025 06:30;472.79
19/08/2025 06:45;472.79
19/08/2025 07:00;472.79
19/08/2025 07:15;472.78
19/08/2025 07:30;472.78
19/08/2025 07:45;472.78
19/08/2025 08:00;472.78
19/08/2025 08:15;472.78
19/08/2025 08:30;472.77
19/08/2025 08:45;472.77
19/08/2025 09:00;472.76
19/08/2025 09:15;472.76
19/08/2025 09:30;472.76
19/08/2025 09:45;472.76
19/08/2025 10:00;472.76
19/08/2025 10:15;472.75
19/08/2025 10:30;472.75
19/08/2025 10:45;472.75
19/08/2025 11:00;472.75
19/08/2025 11:15;472.73
19/08/2025 11:30;472.73
19/08/2025 11:45;472.73
19/08/2025 12:00;472.73
19/08/2025 12:15;472.73
19/08/2025 12:30;472.73
19/08/2025 12:45;472.73
19/08/2025 13:00;472.72
19/08/2025 13:15;472.72
19/08/2025 13:30;472.72
19/08/2025 13:45;472.72
19/08/2025 14:00;472.71
19/08/2025 14:15;472.71
19/08/2025 14:30;472.71
19/08/2025 14:45;472.71
19/08/2025 15:00;472.7
19/08/2025 15:15;472.7
19/08/2025 15:30;472.7
19/08/2025 15:45;472.69
19/08/2025 16:00;472.69
19/08/2025 16:15;472.69
19/08/2025 16:30;472.68
19/08/2025 16:45;472.68
19/08/2025 17:00;472.66
19/08/2025 17:15;472.66
19/08/2025 17:30;472.66
19/08/2025 17:45;472.66
19/08/2025 18:00;472.66
19/08/2025 18:15;472.66
19/08/2025 18:30;472.66
19/08/2025 18:45;472.64
19/08/2025 19:00;472.64
19/08/2025 19:15;472.64
19/08/2025 19:30;472.64
19/08/2025 19:45;472.64
19/08/2025 20:00;472.64
19/08/2025 20:15;472.64
19/08/2025 20:30;472.63
19/08/2025 20:45;472.63
19/08/2025 21:00;472.63
19/08/2025 21:15;472.62
19/08/2025 21:30;472.62
19/08/2025 21:45;472.62
19/08/2025 22:00;472.61
19/08/2025 22:15;472.61
19/08/2025 22:30;472.61
19/08/2025 22:45;472.61
19/08/2025 23:00;472.6
19/08/2025 23:15;472.6
19/08/2025 23:30;472.6
19/08/2025 23:45;472.59
20/08/2025 00:00;472.59
20/08/2025 00:15;472.59
20/08/2025 00:30;472.59
20/08/2025 00:45;472.57
20/08/2025 01:00;472.57
20/08/2025 01:15;472.57
20/08/2025 01:30;472.57
20/08/2025 01:45;472.57
20/08/2025 02:00;472.57
20/08/2025 02:15;472.56
20/08/2025 02:30;472.56
20/08/2025 02:45;472.56
20/08/2025 03:00;472.56
20/08/2025 03:15;472.56
20/08/2025 03:30;472.56
20/08/2025 03:45;472.55
20/08/2025 04:00;472.55
20/08/2025 04:15;472.54
20/08/2025 04:30;472.54
20/08/2025 04:45;472.54
20/08/2025 05:00;472.54
20/08/2025 05:15;472.54
20/08/2025 05:30;472.53
20/08/2025 05:45;472.53
20/08/2025 06:00;472.53
20/08/2025 06:15;472.52
20/08/2025 06:30;472.52
20/08/2025 06:45;472.51
20/08/2025 07:00;472.51
20/08/2025 07:15;472.51
20/08/2025 07:30;472.5
20/08/2025 07:45;472.5
20/08/2025 08:00;472.5
20/08/2025 08:15;472.5
20/08/2025 08:30;472.5
20/08/2025 08:45;472.48
20/08/2025 09:00;472.48
20/08/2025 09:15;472.48
20/08/2025 09:30;472.48
20/08/2025 09:45;472.48
20/08/2025 10:00;472.48
20/08/2025 10:15;472.47
20/08/2025 10:30;472.47
20/08/2025 10:45;472.47
20/08/2025 11:00;472.47
20/08/2025 11:15;472.47
20/08/2025 11:30;472.46
20/08/2025 11:45;472.46
20/08/2025 12:00;472.46
20/08/2025 12:15;472.45
20/08/2025 12:30;472.45
20/08/2025 12:45;472.45
20/08/2025 13:00;472.45
20/08/2025 13:15;472.44
20/08/2025 13:30;472.44
20/08/2025 13:45;472.44
20/08/2025 14:00;472.43
20/08/2025 14:15;472.43
20/08/2025 14:30;472.43
20/08/2025 14:45;472.41
20/08/2025 15:00;472.41
20/08/2025 15:15;472.41
20/08/2025 15:30;472.41
20/08/2025 15:45;472.41
20/08/2025 16:00;472.41
20/08/2025 16:15;472.39
20/08/2025 16:30;472.39
20/08/2025 16:45;472.39
20/08/2025 17:00;472.39
20/08/2025 17:15;472.39
20/08/2025 17:30;472.39
20/08/2025 17:45;472.38
20/08/2025 18:00;472.38
20/08/2025 18:15;472.38
20/08/2025 18:30;472.37
20/08/2025 18:45;472.37
20/08/2025 19:00;472.37
20/08/2025 19:15;472.36
20/08/2025 19:30;472.36
20/08/2025 19:45;472.36
20/08/2025 20:00;472.36
20/08/2025 20:15;472.35
20/08/2025 20:30;472.35
20/08/2025 20:45;472.35
20/08/2025 21:00;472.34
20/08/2025 21:15;472.34
20/08/2025 21:30;472.34
20/08/2025 21:45;472.32
20/08/2025 22:00;472.32
20/08/2025 22:15;472.32
20/08/2025 22:30;472.32
20/08/2025 22:45;472.32
20/08/2025 23:00;472.32
20/08/2025 23:15;472.32
20/08/2025 23:30;472.31
20/08/2025 23:45;472.31
21/08/2025 00:00;472.31
21/08/2025 00:15;472.3
21/08/2025 00:30;472.3
21/08/2025 00:45;472.3
21/08/2025 01:00;472.29
21/08/2025 01:15;472.29
21/08/2025 01:30;472.29
21/08/2025 01:45;472.29
21/08/2025 02:00;472.28
21/08/2025 02:15;472.28
21/08/2025 02:30;472.28
21/08/2025 02:45;472.27
21/08/2025 03:00;472.27
21/08/2025 03:15;472.27
21/08/2025 03:30;472.27
21/08/2025 03:45;472.26
21/08/2025 04:00;472.26
21/08/2025 04:15;472.26
21/08/2025 04:30;472.26
21/08/2025 04:45;472.25
21/08/2025 05:00;472.25
21/08/2025 05:15;472.25
21/08/2025 05:30;472.25
21/08/2025 05:45;472.23
21/08/2025 06:00;472.23
21/08/2025 06:15;472.23
21/08/2025 06:30;472.23
21/08/2025 06:45;472.23
21/08/2025 07:00;472.23
21/08/2025 07:15;472.23
21/08/2025 07:30;472.22
21/08/2025 07:45;472.22
21/08/2025 08:00;472.22
21/08/2025 08:15;472.21
21/08/2025 08:30;472.21
21/08/2025 08:45;472.21
21/08/2025 09:00;472.21
21/08/2025 09:15;472.21
21/08/2025 09:30;472.2
21/08/2025 09:45;472.2
21/08/2025 10:00;472.2
21/08/2025 10:15;472.19
21/08/2025 10:30;472.19
21/08/2025 10:45;472.19
21/08/2025 11:00;472.19
21/08/2025 11:15;472.19
21/08/2025 11:30;472.18
21/08/2025 11:45;472.18
21/08/2025 12:00;472.18
21/08/2025 12:15;472.18
21/08/2025 12:30;472.16
21/08/2025 12:45;472.16
21/08/2025 13:00;472.16
21/08/2025 13:15;472.16
21/08/2025 13:30;472.16
21/08/2025 13:45;472.16
21/08/2025 14:00;472.14
21/08/2025 14:15;472.14
21/08/2025 14:30;472.14
21/08/2025 14:45;472.14
21/08/2025 15:00;472.14
21/08/2025 15:15;472.14
21/08/2025 15:30;472.14
21/08/2025 15:45;472.14
21/08/2025 16:00;472.13
21/08/2025 16:15;472.13
21/08/2025 16:30;472.13
21/08/2025 16:45;472.12
21/08/2025 17:00;472.12
21/08/2025 17:15;472.12
21/08/2025 17:30;472.11
21/08/2025 17:45;472.11
21/08/2025 18:00;472.11
21/08/2025 18:15;472.11
21/08/2025 18:30;472.1
21/08/2025 18:45;472.1
21/08/2025 19:00;472.1
21/08/2025 19:15;472.1
21/08/2025 19:30;472.09
21/08/2025 19:45;472.09
21/08/2025 20:00;472.07
21/08/2025 20:15;472.07
21/08/2025 20:30;472.07
21/08/2025 20:45;472.07
21/08/2025 21:00;472.07
21/08/2025 21:15;472.06
21/08/2025 21:30;472.06
21/08/2025 21:45;472.06
21/08/2025 22:00;472.05
21/08/2025 22:15;472.05
21/08/2025 22:30;472.05
21/08/2025 22:45;472.05
21/08/2025 23:00;472.04
21/08/2025 23:15;472.04
21/08/2025 23:30;472.04
21/08/2025 23:45;472.04
22/08/2025 00:00;472.03
22/08/2025 00:15;472.03
22/08/2025 00:30;472.03
22/08/2025 00:45;472.02
22/08/2025 01:00;472.02
22/08/2025 01:15;472.02
22/08/2025 01:30;472.02
22/08/2025 01:45;472.01
22/08/2025 02:00;472.01
22/08/2025 02:15;472.01
22/08/2025 02:30;472
22/08/2025 02:45;472
22/08/2025 03:00;472
22/08/2025 03:15;471.98
22/08/2025 03:30;471.98
22/08/2025 03:45;471.98
22/08/2025 04:00;471.98
22/08/2025 04:15;471.98
22/08/2025 04:30;471.97
22/08/2025 04:45;471.97
22/08/2025 05:00;471.97
22/08/2025 05:15;471.96
22/08/2025 05:30;471.96
22/08/2025 05:45;471.96
22/08/2025 06:00;471.95
22/08/2025 06:15;471.95
22/08/2025 06:30;471.95
22/08/2025 06:45;471.95
22/08/2025 07:00;471.94
22/08/2025 07:15;471.94
22/08/2025 07:30;471.94
22/08/2025 07:45;471.94
22/08/2025 08:00;471.94
22/08/2025 08:15;471.93
22/08/2025 08:30;471.93
22/08/2025 08:45;471.93
22/08/2025 09:00;471.93
22/08/2025 09:15;471.91
22/08/2025 09:30;471.91
22/08/2025 09:45;471.91
22/08/2025 10:00;471.91
22/08/2025 10:15;471.91
22/08/2025 10:30;471.91
22/08/2025 10:45;471.91
22/08/2025 11:00;471.89
22/08/2025 11:15;471.89
22/08/2025 11:30;471.89
22/08/2025 11:45;471.89
22/08/2025 12:00;471.89
22/08/2025 12:15;471.88
22/08/2025 12:30;471.88
22/08/2025 12:45;471.88
22/08/2025 13:00;471.88
22/08/2025 13:15;471.88
22/08/2025 13:30;471.87
22/08/2025 13:45;471.87
22/08/2025 14:00;471.87
22/08/2025 14:15;471.86
22/08/2025 14:30;471.86
22/08/2025 14:45;471.86
22/08/2025 15:00;471.85
22/08/2025 15:15;471.85
22/08/2025 15:30;471.85
22/08/2025 15:45;471.84
22/08/2025 16:00;471.84
22/08/2025 16:15;471.84
22/08/2025 16:30;471.82
22/08/2025 16:45;471.82
22/08/2025 17:00;471.82
22/08/2025 17:15;471.82
22/08/2025 17:30;471.82
22/08/2025 17:45;471.82
22/08/2025 18:00;471.81
22/08/2025 18:15;471.81
22/08/2025 18:30;471.81
22/08/2025 18:45;471.81
22/08/2025 19:00;471.8
22/08/2025 19:15;471.8
22/08/2025 19:30;471.8
22/08/2025 19:45;471.79
22/08/2025 20:00;471.79
22/08/2025 20:15;471.79
22/08/2025 20:30;471.78
22/08/2025 20:45;471.78
22/08/2025 21:00;471.78
22/08/2025 21:15;471.77
22/08/2025 21:30;471.77
22/08/2025 21:45;471.77
22/08/2025 22:00;471.76
22/08/2025 22:15;471.76
22/08/2025 22:30;471.76
22/08/2025 22:45;471.76
22/08/2025 23:00;471.75
22/08/2025 23:15;471.75
22/08/2025 23:30;471.75
22/08/2025 23:45;471.75
23/08/2025 00:00;471.73
23/08/2025 00:15;471.73
23/08/2025 00:30;471.73
23/08/2025 00:45;471.73
23/08/2025 01:00;471.73
23/08/2025 01:15;471.73
23/08/2025 01:30;471.73
23/08/2025 01:45;471.73
23/08/2025 02:00;471.72
23/08/2025 02:15;471.72
23/08/2025 02:30;471.72
23/08/2025 02:45;471.72
23/08/2025 03:00;471.71
23/08/2025 03:15;471.71
23/08/2025 03:30;471.71
23/08/2025 03:45;471.71
23/08/2025 04:00;471.7
23/08/2025 04:15;471.7
23/08/2025 04:30;471.7
23/08/2025 04:45;471.7
23/08/2025 05:00;471.69
23/08/2025 05:15;471.69
23/08/2025 05:30;471.69
23/08/2025 05:45;471.69
23/08/2025 06:00;471.68
23/08/2025 06:15;471.68
23/08/2025 06:30;471.68
23/08/2025 06:45;471.68
23/08/2025 07:00;471.68
23/08/2025 07:15;471.66
23/08/2025 07:30;471.66
23/08/2025 07:45;471.66
23/08/2025 08:00;471.66
23/08/2025 08:15;471.66
23/08/2025 08:30;471.66
23/08/2025 08:45;471.66
23/08/2025 09:00;471.66
23/08/2025 09:15;471.66
23/08/2025 09:30;471.64
23/08/2025 09:45;471.64
23/08/2025 10:00;471.64
23/08/2025 10:15;471.64
23/08/2025 10:30;471.64
23/08/2025 10:45;471.64
23/08/2025 11:00;471.64
23/08/2025 11:15;471.64
23/08/2025 11:30;471.63
23/08/2025 11:45;471.63
23/08/2025 12:00;471.63
23/08/2025 12:15;471.62
23/08/2025 12:30;471.62
23/08/2025 12:45;471.62
23/08/2025 13:00;471.61
23/08/2025 13:15;471.61
23/08/2025 13:30;471.61
23/08/2025 13:45;471.61
23/08/2025 14:00;471.6
23/08/2025 14:15;471.6
23/08/2025 14:30;471.6
23/08/2025 14:45;471.59
23/08/2025 15:00;471.59
23/08/2025 15:15;471.59
23/08/2025 15:30;471.59
23/08/2025 15:45;471.57
23/08/2025 16:00;471.57
23/08/2025 16:15;471.57
23/08/2025 16:30;471.57
23/08/2025 16:45;471.57
23/08/2025 17:00;471.57
23/08/2025 17:15;471.57
23/08/2025 17:30;471.56
23/08/2025 17:45;471.56
23/08/2025 18:00;471.56
23/08/2025 18:15;471.56
23/08/2025 18:30;471.55
23/08/2025 18:45;471.55
23/08/2025 19:00;471.55
23/08/2025 19:15;471.54
23/08/2025 19:30;471.54
23/08/2025 19:45;471.54
23/08/2025 20:00;471.53
23/08/2025 20:15;471.52
23/08/2025 20:30;471.52
23/08/2025 20:45;471.52
23/08/2025 21:00;471.52
23/08/2025 21:15;471.52
23/08/2025 21:30;471.51
23/08/2025 21:45;471.51
23/08/2025 22:00;471.51
23/08/2025 22:15;471.5
23/08/2025 22:30;471.5
23/08/2025 22:45;471.5
23/08/2025 23:00;471.5
23/08/2025 23:15;471.48
23/08/2025 23:30;471.48
23/08/2025 23:45;471.48
24/08/2025 00:00;471.48
24/08/2025 00:15;471.48
24/08/2025 00:30;471.48
24/08/2025 00:45;471.47
24/08/2025 01:00;471.47
24/08/2025 01:15;471.47
24/08/2025 01:30;471.47
24/08/2025 01:45;471.47
24/08/2025 02:00;471.47
24/08/2025 02:15;471.47
24/08/2025 02:30;471.46
24/08/2025 02:45;471.46
24/08/2025 03:00;471.46
24/08/2025 03:15;471.45
24/08/2025 03:30;471.45
24/08/2025 03:45;471.45
24/08/2025 04:00;471.45
24/08/2025 04:15;471.44
24/08/2025 04:30;471.44
24/08/2025 04:45;471.44
24/08/2025 05:00;471.44
24/08/2025 05:15;471.43
24/08/2025 05:30;471.43
24/08/2025 05:45;471.43
24/08/2025 06:00;471.43
24/08/2025 06:15;471.41
24/08/2025 06:30;471.41
24/08/2025 06:45;471.41
24/08/2025 07:00;471.41
24/08/2025 07:15;471.41
24/08/2025 07:30;471.41
24/08/2025 07:45;471.41
24/08/2025 08:00;471.41
24/08/2025 08:15;471.41
24/08/2025 08:30;471.39
24/08/2025 08:45;471.39
24/08/2025 09:00;471.39
24/08/2025 09:15;471.39
24/08/2025 09:30;471.39
24/08/2025 09:45;471.39
24/08/2025 10:00;471.39
24/08/2025 10:15;471.39
24/08/2025 10:30;471.38
24/08/2025 10:45;471.38
24/08/2025 11:00;471.38
24/08/2025 11:15;471.38
24/08/2025 11:30;471.38
24/08/2025 11:45;471.37
24/08/2025 12:00;471.37
24/08/2025 12:15;471.37
24/08/2025 12:30;471.36
24/08/2025 12:45;471.36
24/08/2025 13:00;471.36
24/08/2025 13:15;471.36
24/08/2025 13:30;471.35
24/08/2025 13:45;471.35
24/08/2025 14:00;471.35
24/08/2025 14:15;471.34
24/08/2025 14:30;471.34
24/08/2025 14:45;471.34
24/08/2025 15:00;471.32
24/08/2025 15:15;471.32
24/08/2025 15:30;471.32
24/08/2025 15:45;471.32
24/08/2025 16:00;471.32
24/08/2025 16:15;471.32
24/08/2025 16:30;471.31
24/08/2025 16:45;471.31
24/08/2025 17:00;471.31
24/08/2025 17:15;471.3
24/08/2025 17:30;471.3
24/08/2025 17:45;471.3
24/08/2025 18:00;471.29
24/08/2025 18:15;471.29
24/08/2025 18:30;471.29
24/08/2025 18:45;471.29
24/08/2025 19:00;471.28
24/08/2025 19:15;471.28
24/08/2025 19:30;471.28
24/08/2025 19:45;471.28
24/08/2025 20:00;471.27
24/08/2025 20:15;471.27
24/08/2025 20:30;471.27
24/08/2025 20:45;471.26
24/08/2025 21:00;471.26
24/08/2025 21:15;471.26
24/08/2025 21:30;471.26
24/08/2025 21:45;471.25
24/08/2025 22:00;471.25
24/08/2025 22:15;471.25
24/08/2025 22:30;471.25
24/08/2025 22:45;471.23
24/08/2025 23:00;471.23
24/08/2025 23:15;471.23
24/08/2025 23:30;471.23
24/08/2025 23:45;471.23
25/08/2025 00:00;471.23
25/08/2025 00:15;471.22
25/08/2025 00:30;471.22
25/08/2025 00:45;471.22
25/08/2025 01:00;471.21
25/08/2025 01:15;471.21
25/08/2025 01:30;471.21
25/08/2025 01:45;471.21
25/08/2025 02:00;471.2
25/08/2025 02:15;471.2
25/08/2025 02:30;471.2
25/08/2025 02:45;471.2
25/08/2025 03:00;471.19
25/08/2025 03:15;471.19
25/08/2025 03:30;471.19
25/08/2025 03:45;471.18
25/08/2025 04:00;471.18
25/08/2025 04:15;471.16
25/08/2025 04:30;471.16
25/08/2025 04:45;471.16
25/08/2025 05:00;471.16
25/08/2025 05:15;471.18
25/08/2025 05:30;471.18
25/08/2025 05:45;471.16
25/08/2025 06:00;471.16
25/08/2025 06:15;471.16
25/08/2025 06:30;471.14
25/08/2025 06:45;471.14
25/08/2025 07:00;471.14
25/08/2025 07:15;471.14
25/08/2025 07:30;471.14
25/08/2025 07:45;471.14
25/08/2025 08:00;471.14
25/08/2025 08:15;471.13
25/08/2025 08:30;471.13
25/08/2025 08:45;471.13
25/08/2025 09:00;471.12
25/08/2025 09:15;471.12
25/08/2025 09:30;471.12
25/08/2025 09:45;471.12
25/08/2025 10:00;471.11
25/08/2025 10:15;471.11
25/08/2025 10:30;471.11
25/08/2025 10:45;471.09
25/08/2025 11:00;471.07
25/08/2025 11:15;471.07
25/08/2025 11:30;471.07
25/08/2025 11:45;471.07
25/08/2025 12:00;471.07
25/08/2025 12:15;471.07
25/08/2025 12:30;471.07
25/08/2025 12:45;471.07
25/08/2025 13:00;471.06
25/08/2025 13:15;471.06
25/08/2025 13:30;471.06
25/08/2025 13:45;471.06
25/08/2025 14:00;471.05
25/08/2025 14:15;471.05
25/08/2025 14:30;471.05
25/08/2025 14:45;471.04
25/08/2025 15:00;471.04
25/08/2025 15:15;471.04
25/08/2025 15:30;471.04
25/08/2025 15:45;471.03
25/08/2025 16:00;471.02
25/08/2025 16:15;471.03
25/08/2025 16:30;471.02
25/08/2025 16:45;471.02
25/08/2025 17:00;471.02
25/08/2025 17:15;471.01
25/08/2025 17:30;471.01
25/08/2025 17:45;471.01
25/08/2025 18:00;471
25/08/2025 18:15;471
25/08/2025 18:30;471
25/08/2025 18:45;470.98
25/08/2025 19:00;470.98
25/08/2025 19:15;470.98
25/08/2025 19:30;470.98
25/08/2025 19:45;470.98
25/08/2025 20:00;470.98
25/08/2025 20:15;470.97
25/08/2025 20:30;470.97
25/08/2025 20:45;470.97
25/08/2025 21:00;470.96
25/08/2025 21:15;470.96
25/08/2025 21:30;470.96
25/08/2025 21:45;470.95
25/08/2025 22:00;470.95
25/08/2025 22:15;470.95
25/08/2025 22:30;470.95
25/08/2025 22:45;470.94
25/08/2025 23:00;470.94
25/08/2025 23:15;470.93
25/08/2025 23:30;470.93
25/08/2025 23:45;470.93
26/08/2025 00:00;470.91
26/08/2025 00:15;470.91
26/08/2025 00:30;470.91
26/08/2025 00:45;470.91
26/08/2025 01:00;470.91
26/08/2025 01:15;470.91
26/08/2025 01:30;470.91
26/08/2025 01:45;470.91
26/08/2025 02:00;470.89
26/08/2025 02:15;470.89
26/08/2025 02:30;470.89
26/08/2025 02:45;470.89
26/08/2025 03:00;470.89
26/08/2025 03:15;470.89
26/08/2025 03:30;470.88
26/08/2025 03:45;470.88
26/08/2025 04:00;470.88
26/08/2025 04:15;470.87
26/08/2025 04:30;470.87
26/08/2025 04:45;470.87
26/08/2025 05:00;470.86
26/08/2025 05:15;470.86
26/08/2025 05:30;470.86
26/08/2025 05:45;470.86
26/08/2025 06:00;470.85
26/08/2025 06:15;470.85
26/08/2025 06:30;470.85
26/08/2025 06:45;470.85
26/08/2025 07:00;470.84
26/08/2025 07:15;470.84
26/08/2025 07:30;470.82
26/08/2025 07:45;470.82
26/08/2025 08:00;470.82
26/08/2025 08:15;470.82
26/08/2025 08:30;470.82
26/08/2025 08:45;470.82
26/08/2025 09:00;470.82
26/08/2025 09:15;470.81
26/08/2025 09:30;470.81
26/08/2025 09:45;470.81
26/08/2025 10:00;470.8
26/08/2025 10:15;470.8
26/08/2025 10:30;470.8
26/08/2025 10:45;470.8
26/08/2025 11:00;470.79
26/08/2025 11:15;470.79
26/08/2025 11:30;470.79
26/08/2025 11:45;470.78
26/08/2025 12:00;470.78
26/08/2025 12:15;470.78
26/08/2025 12:30;470.78
26/08/2025 12:45;470.77
26/08/2025 13:00;470.77
26/08/2025 13:15;470.77
26/08/2025 13:30;470.76
26/08/2025 13:45;470.76
26/08/2025 14:00;470.76
26/08/2025 14:15;470.75
26/08/2025 14:30;470.75
26/08/2025 14:45;470.75
26/08/2025 15:00;470.73
26/08/2025 15:15;470.73
26/08/2025 15:30;470.73
26/08/2025 15:45;470.73
26/08/2025 16:00;470.73
26/08/2025 16:15;470.72
26/08/2025 16:30;470.72
26/08/2025 16:45;470.72
26/08/2025 17:00;470.72
26/08/2025 17:15;470.7
26/08/2025 17:30;470.7
26/08/2025 17:45;470.7
26/08/2025 18:00;470.69
26/08/2025 18:15;470.71
26/08/2025 18:30;470.69
26/08/2025 18:45;470.7
26/08/2025 19:00;470.69
26/08/2025 19:15;470.69
26/08/2025 19:30;470.68
26/08/2025 19:45;470.68
26/08/2025 20:00;470.68
26/08/2025 20:15;470.68
26/08/2025 20:30;470.68
26/08/2025 20:45;470.66
26/08/2025 21:00;470.66
26/08/2025 21:15;470.66
26/08/2025 21:30;470.66
26/08/2025 21:45;470.66
26/08/2025 22:00;470.66
26/08/2025 22:15;470.64
26/08/2025 22:30;470.64
26/08/2025 22:45;470.64
26/08/2025 23:00;470.64
26/08/2025 23:15;470.64
26/08/2025 23:30;470.64
26/08/2025 23:45;470.63
27/08/2025 00:00;470.63
27/08/2025 00:15;470.62
27/08/2025 00:30;470.62
27/08/2025 00:45;470.62
27/08/2025 01:00;470.61
27/08/2025 01:15;470.61
27/08/2025 01:30;470.6
27/08/2025 01:45;470.6
27/08/2025 02:00;470.6
27/08/2025 02:15;470.6
27/08/2025 02:30;470.59
27/08/2025 02:45;470.59
27/08/2025 03:00;470.59
27/08/2025 03:15;470.57
27/08/2025 03:30;470.57
27/08/2025 03:45;470.57
27/08/2025 04:00;470.57
27/08/2025 04:15;470.57
27/08/2025 04:30;470.57
27/08/2025 04:45;470.56
27/08/2025 05:00;470.56
27/08/2025 05:15;470.56
27/08/2025 05:30;470.55
27/08/2025 05:45;470.55
27/08/2025 06:00;470.55
27/08/2025 06:15;470.55
27/08/2025 06:30;470.54
27/08/2025 06:45;470.54
27/08/2025 07:00;470.54
27/08/2025 07:15;470.53
27/08/2025 07:30;470.53
27/08/2025 07:45;470.53
27/08/2025 08:00;470.52
27/08/2025 08:15;470.52
27/08/2025 08:30;470.52
27/08/2025 08:45;470.51
27/08/2025 09:00;470.51
27/08/2025 09:15;470.51
27/08/2025 09:30;470.5
27/08/2025 09:45;470.5
27/08/2025 10:00;470.5
27/08/2025 10:15;470.5
27/08/2025 10:30;470.48
27/08/2025 10:45;470.48
27/08/2025 11:00;470.48
27/08/2025 11:15;470.48
27/08/2025 11:30;470.48
27/08/2025 11:45;470.47
27/08/2025 12:00;470.47
27/08/2025 12:15;470.47
27/08/2025 12:30;470.46
27/08/2025 12:45;470.46
27/08/2025 13:00;470.46
27/08/2025 13:15;470.46
27/08/2025 13:30;470.45
27/08/2025 13:45;470.45
27/08/2025 14:00;470.45
27/08/2025 14:15;470.44
27/08/2025 14:30;470.44
27/08/2025 14:45;470.43
27/08/2025 15:00;470.43
27/08/2025 15:15;470.43
27/08/2025 15:30;470.43
27/08/2025 15:45;470.41
27/08/2025 16:00;470.41
27/08/2025 16:15;470.41
27/08/2025 16:30;470.41
27/08/2025 16:45;470.41
27/08/2025 17:00;470.39
27/08/2025 17:15;470.39
27/08/2025 17:30;470.39
27/08/2025 17:45;470.39
27/08/2025 18:00;470.38
27/08/2025 18:15;470.39
27/08/2025 18:30;470.38
27/08/2025 18:45;470.38
27/08/2025 19:00;470.38
27/08/2025 19:15;470.38
27/08/2025 19:30;470.38
27/08/2025 19:45;470.38
27/08/2025 20:00;470.37
27/08/2025 20:15;470.37
27/08/2025 20:30;470.36
27/08/2025 20:45;470.36
27/08/2025 21:00;470.35
27/08/2025 21:15;470.35
27/08/2025 21:30;470.35
27/08/2025 21:45;470.35
27/08/2025 22:00;470.34
27/08/2025 22:15;470.34
27/08/2025 22:30;470.34
27/08/2025 22:45;470.32
27/08/2025 23:00;470.32
27/08/2025 23:15;470.32
27/08/2025 23:30;470.32
27/08/2025 23:45;470.32
28/08/2025 00:00;470.32
28/08/2025 00:15;470.31
28/08/2025 00:30;470.32
28/08/2025 00:45;470.31
28/08/2025 01:00;470.31
28/08/2025 01:15;470.3
28/08/2025 01:30;470.3
28/08/2025 01:45;470.3
28/08/2025 02:00;470.29
28/08/2025 02:15;470.29
28/08/2025 02:30;470.29
28/08/2025 02:45;470.29
28/08/2025 03:00;470.28
28/08/2025 03:15;470.28
28/08/2025 03:30;470.28
28/08/2025 03:45;470.27
28/08/2025 04:00;470.27
28/08/2025 04:15;470.27
28/08/2025 04:30;470.26
28/08/2025 04:45;470.26
28/08/2025 05:00;470.26
28/08/2025 05:15;470.26
28/08/2025 05:30;470.26
28/08/2025 05:45;470.25
28/08/2025 06:00;470.25
28/08/2025 06:15;470.23
28/08/2025 06:30;470.23
28/08/2025 06:45;470.23
28/08/2025 07:00;470.23
28/08/2025 07:15;470.23
28/08/2025 07:30;470.23
28/08/2025 07:45;470.23
28/08/2025 08:00;470.23
28/08/2025 08:15;470.23
28/08/2025 08:30;470.22
28/08/2025 08:45;470.22
28/08/2025 09:00;470.22
28/08/2025 09:15;470.22
28/08/2025 09:30;470.21
28/08/2025 09:45;470.21
28/08/2025 10:00;470.21
28/08/2025 10:15;470.21
28/08/2025 10:30;470.2
28/08/2025 10:45;470.2
28/08/2025 11:00;470.2
28/08/2025 11:15;470.2
28/08/2025 11:30;470.19
28/08/2025 11:45;470.19
28/08/2025 12:00;470.19
28/08/2025 12:15;470.18
28/08/2025 12:30;470.18
28/08/2025 12:45;470.18
28/08/2025 13:00;470.16
28/08/2025 13:15;470.16
28/08/2025 13:30;470.16
28/08/2025 13:45;470.16
28/08/2025 14:00;470.16
28/08/2025 14:15;470.14
28/08/2025 14:30;470.14
28/08/2025 14:45;470.14
28/08/2025 15:00;470.14
28/08/2025 15:15;470.14
28/08/2025 15:30;470.14
28/08/2025 15:45;470.14
28/08/2025 16:00;470.13
28/08/2025 16:15;470.13
28/08/2025 16:30;470.13
28/08/2025 16:45;470.13
28/08/2025 17:00;470.12
28/08/2025 17:15;470.12
28/08/2025 17:30;470.11
28/08/2025 17:45;470.11
28/08/2025 18:00;470.11
28/08/2025 18:15;470.11
28/08/2025 18:30;470.11
28/08/2025 18:45;470.1
28/08/2025 19:00;470.1
28/08/2025 19:15;470.09
28/08/2025 19:30;470.09
28/08/2025 19:45;470.09
28/08/2025 20:00;470.09
28/08/2025 20:15;470.07
28/08/2025 20:30;470.07
28/08/2025 20:45;470.07
28/08/2025 21:00;470.07
28/08/2025 21:15;470.07
28/08/2025 21:30;470.07
28/08/2025 21:45;470.07
28/08/2025 22:00;470.07
28/08/2025 22:15;470.06
28/08/2025 22:30;470.06
28/08/2025 22:45;470.06
28/08/2025 23:00;470.05
28/08/2025 23:15;470.05
28/08/2025 23:30;470.04
28/08/2025 23:45;470.04
29/08/2025 00:00;470.04
29/08/2025 00:15;470.04
29/08/2025 00:30;470.03
29/08/2025 00:45;470.03
29/08/2025 01:00;470.03
29/08/2025 01:15;470.03
29/08/2025 01:30;470.02
29/08/2025 01:45;470.02
29/08/2025 02:00;470.02
29/08/2025 02:15;470.02
29/08/2025 02:30;470.02
29/08/2025 02:45;470.01
29/08/2025 03:00;470.01
29/08/2025 03:15;470.01
29/08/2025 03:30;470.01
29/08/2025 03:45;470
29/08/2025 04:00;470
29/08/2025 04:15;470
29/08/2025 04:30;470
29/08/2025 04:45;469.98
29/08/2025 05:00;469.98
29/08/2025 05:15;469.98
29/08/2025 05:30;469.98
29/08/2025 05:45;469.98
29/08/2025 06:00;469.98
29/08/2025 06:15;469.98
29/08/2025 06:30;469.98
29/08/2025 06:45;469.98
29/08/2025 07:00;469.97
29/08/2025 07:15;469.97
29/08/2025 07:30;469.97
29/08/2025 07:45;469.97
29/08/2025 08:00;469.96
29/08/2025 08:15;469.96
29/08/2025 08:30;469.96
29/08/2025 08:45;469.96
29/08/2025 09:00;469.96
29/08/2025 09:15;469.95
29/08/2025 09:30;469.95
29/08/2025 09:45;469.95
29/08/2025 10:00;469.94
29/08/2025 10:15;469.94
29/08/2025 10:30;469.94
29/08/2025 10:45;469.94
29/08/2025 11:00;469.94
29/08/2025 11:15;469.93
29/08/2025 11:30;469.93
29/08/2025 11:45;469.93
29/08/2025 12:00;469.93
29/08/2025 12:15;469.91
29/08/2025 12:30;469.91
29/08/2025 12:45;469.91
29/08/2025 13:00;469.91
29/08/2025 13:15;469.91
29/08/2025 13:30;469.91
29/08/2025 13:45;469.91
29/08/2025 14:00;469.91
29/08/2025 14:15;469.89
29/08/2025 14:30;469.89
29/08/2025 14:45;469.89
29/08/2025 15:00;469.89
29/08/2025 15:15;469.89
29/08/2025 15:30;469.89
29/08/2025 15:45;469.89
29/08/2025 16:00;469.88
29/08/2025 16:15;469.88
29/08/2025 16:30;469.87
29/08/2025 16:45;469.87
29/08/2025 17:00;469.87
29/08/2025 17:15;469.87
29/08/2025 17:30;469.87
29/08/2025 17:45;469.86
29/08/2025 18:00;469.86
29/08/2025 18:15;469.86
29/08/2025 18:30;469.85
29/08/2025 18:45;469.85
29/08/2025 19:00;469.85
29/08/2025 19:15;469.84
29/08/2025 19:30;469.84
29/08/2025 19:45;469.84
29/08/2025 20:00;469.84
29/08/2025 20:15;469.82
29/08/2025 20:30;469.82
29/08/2025 20:45;469.82
29/08/2025 21:00;469.82
29/08/2025 21:15;469.82
29/08/2025 21:30;469.82
29/08/2025 21:45;469.82
29/08/2025 22:00;469.82
29/08/2025 22:15;469.82
29/08/2025 22:30;469.81
29/08/2025 22:45;469.81
29/08/2025 23:00;469.81
29/08/2025 23:15;469.8
29/08/2025 23:30;469.8
29/08/2025 23:45;469.8
30/08/2025 00:00;469.8
30/08/2025 00:15;469.79
30/08/2025 00:30;469.79
30/08/2025 00:45;469.79
30/08/2025 01:00;469.78
30/08/2025 01:15;469.78
30/08/2025 01:30;469.78
30/08/2025 01:45;469.78
30/08/2025 02:00;469.78
30/08/2025 02:15;469.77
30/08/2025 02:30;469.77
30/08/2025 02:45;469.77
30/08/2025 03:00;469.77
30/08/2025 03:15;469.77
30/08/2025 03:30;469.76
30/08/2025 03:45;469.76
30/08/2025 04:00;469.76
30/08/2025 04:15;469.76
30/08/2025 04:30;469.75
30/08/2025 04:45;469.75
30/08/2025 05:00;469.75
30/08/2025 05:15;469.75
30/08/2025 05:30;469.75
30/08/2025 05:45;469.73
30/08/2025 06:00;469.73
30/08/2025 06:15;469.73
30/08/2025 06:30;469.73
30/08/2025 06:45;469.73
30/08/2025 07:00;469.73
30/08/2025 07:15;469.73
30/08/2025 07:30;469.73
30/08/2025 07:45;469.72
30/08/2025 08:00;469.72
30/08/2025 08:15;469.72
30/08/2025 08:30;469.71
30/08/2025 08:45;469.72
30/08/2025 09:00;469.71
30/08/2025 09:15;469.71
30/08/2025 09:30;469.71
30/08/2025 09:45;469.71
30/08/2025 10:00;469.7
30/08/2025 10:15;469.7
30/08/2025 10:30;469.7
30/08/2025 10:45;469.7
30/08/2025 11:00;469.7
30/08/2025 11:15;469.7
30/08/2025 11:30;469.7
30/08/2025 11:45;469.69
30/08/2025 12:00;469.69
30/08/2025 12:15;469.69
30/08/2025 12:30;469.69
30/08/2025 12:45;469.68
30/08/2025 13:00;469.69
30/08/2025 13:15;469.68
30/08/2025 13:30;469.68
30/08/2025 13:45;469.66
30/08/2025 14:00;469.66
30/08/2025 14:15;469.66
30/08/2025 14:30;469.66
30/08/2025 14:45;469.66
30/08/2025 15:00;469.66
30/08/2025 15:15;469.66
30/08/2025 15:30;469.66
30/08/2025 15:45;469.64
30/08/2025 16:00;469.64
30/08/2025 16:15;469.64
30/08/2025 16:30;469.64
30/08/2025 16:45;469.64
30/08/2025 17:00;469.64
30/08/2025 17:15;469.64
30/08/2025 17:30;469.64
30/08/2025 17:45;469.64
30/08/2025 18:00;469.63
30/08/2025 18:15;469.63
30/08/2025 18:30;469.63
30/08/2025 18:45;469.63
30/08/2025 19:00;469.62
30/08/2025 19:15;469.62
30/08/2025 19:30;469.62
30/08/2025 19:45;469.61
30/08/2025 20:00;469.61
30/08/2025 20:15;469.61
30/08/2025 20:30;469.6
30/08/2025 20:45;469.6
30/08/2025 21:00;469.6
30/08/2025 21:15;469.6
30/08/2025 21:30;469.6
30/08/2025 21:45;469.59
30/08/2025 22:00;469.59
30/08/2025 22:15;469.59
30/08/2025 22:30;469.59
30/08/2025 22:45;469.57
30/08/2025 23:00;469.57
30/08/2025 23:15;469.57
30/08/2025 23:30;469.57
30/08/2025 23:45;469.57
31/08/2025 00:00;469.57
31/08/2025 00:15;469.57
31/08/2025 00:30;469.57
31/08/2025 00:45;469.57
31/08/2025 01:00;469.57
31/08/2025 01:15;469.57
31/08/2025 01:30;469.57
31/08/2025 01:45;469.56
31/08/2025 02:00;469.56
31/08/2025 02:15;469.56
31/08/2025 02:30;469.56
31/08/2025 02:45;469.56
31/08/2025 03:00;469.55
31/08/2025 03:15;469.55
31/08/2025 03:30;469.55
31/08/2025 03:45;469.55
31/08/2025 04:00;469.55
31/08/2025 04:15;469.54
31/08/2025 04:30;469.54
31/08/2025 04:45;469.54
31/08/2025 05:00;469.54
31/08/2025 05:15;469.54
31/08/2025 05:30;469.54
31/08/2025 05:45;469.53
31/08/2025 06:00;469.53
31/08/2025 06:15;469.53
31/08/2025 06:30;469.53
31/08/2025 06:45;469.53
31/08/2025 07:00;469.52
31/08/2025 07:15;469.52
31/08/2025 07:30;469.52
31/08/2025 07:45;469.52
31/08/2025 08:00;469.51
31/08/2025 08:15;469.52
31/08/2025 08:30;469.51
31/08/2025 08:45;469.51
31/08/2025 09:00;469.51
31/08/2025 09:15;469.51
31/08/2025 09:30;469.51
31/08/2025 09:45;469.51
31/08/2025 10:00;469.51
31/08/2025 10:15;469.51
31/08/2025 10:30;469.5
31/08/2025 10:45;469.5
31/08/2025 11:00;469.5
31/08/2025 11:15;469.5
31/08/2025 11:30;469.48
31/08/2025 11:45;469.48
31/08/2025 12:00;469.48
31/08/2025 12:15;469.48
31/08/2025 12:30;469.48
31/08/2025 12:45;469.48
31/08/2025 13:00;469.48
31/08/2025 13:15;469.48
31/08/2025 13:30;469.47
31/08/2025 13:45;469.47
31/08/2025 14:00;469.47
31/08/2025 14:15;469.47
31/08/2025 14:30;469.47
31/08/2025 14:45;469.46
31/08/2025 15:00;469.46
31/08/2025 15:15;469.46
31/08/2025 15:30;469.46
31/08/2025 15:45;469.45
31/08/2025 16:00;469.45
31/08/2025 16:15;469.45
31/08/2025 16:30;469.45
31/08/2025 16:45;469.44
31/08/2025 17:00;469.44
31/08/2025 17:15;469.44
31/08/2025 17:30;469.44
31/08/2025 17:45;469.41
31/08/2025 18:00;469.43
31/08/2025 18:15;469.41
31/08/2025 18:30;469.44
31/08/2025 18:45;469.41
31/08/2025 19:00;469.43
31/08/2025 19:15;469.41
31/08/2025 19:30;469.43
31/08/2025 19:45;469.41
31/08/2025 20:00;469.41
31/08/2025 20:15;469.39
31/08/2025 20:30;469.41
31/08/2025 20:45;469.39
31/08/2025 21:00;469.41
31/08/2025 21:15;469.39
31/08/2025 21:30;469.41
31/08/2025 21:45;469.39
31/08/2025 22:00;469.41
31/08/2025 22:15;469.39
31/08/2025 22:30;469.41
31/08/2025 22:45;469.39
31/08/2025 23:00;469.39
31/08/2025 23:15;469.39
31/08/2025 23:30;469.39
31/08/2025 23:45;469.39
01/09/2025 00:00;469.39
01/09/2025 00:15;469.38
01/09/2025 00:30;469.38
01/09/2025 00:45;469.38
01/09/2025 01:00;469.38
01/09/2025 01:15;469.38
01/09/2025 01:30;469.37
01/09/2025 01:45;469.37
01/09/2025 02:00;469.37
01/09/2025 02:15;469.37
01/09/2025 02:30;469.36
01/09/2025 02:45;469.37
01/09/2025 03:00;469.36
01/09/2025 03:15;469.36
01/09/2025 03:30;469.36
01/09/2025 03:45;469.36
01/09/2025 04:00;469.35
01/09/2025 04:15;469.35
01/09/2025 04:30;469.34
01/09/2025 04:45;469.35
01/09/2025 05:00;469.34
01/09/2025 05:15;469.34
01/09/2025 05:30;469.34
01/09/2025 05:45;469.34
01/09/2025 06:00;469.34
01/09/2025 06:15;469.34
01/09/2025 06:30;469.32
01/09/2025 06:45;469.32
01/09/2025 07:00;469.32
01/09/2025 07:15;469.32
01/09/2025 07:30;469.32
01/09/2025 07:45;469.32
01/09/2025 08:00;469.32
01/09/2025 08:15;469.32
01/09/2025 08:30;469.32
01/09/2025 08:45;469.32
01/09/2025 09:00;469.31
01/09/2025 09:15;469.31
01/09/2025 09:30;469.31
01/09/2025 09:45;469.31
01/09/2025 10:00;469.31
01/09/2025 10:15;469.3
01/09/2025 10:30;469.3
01/09/2025 10:45;469.3
01/09/2025 11:00;469.3
01/09/2025 11:15;469.29
01/09/2025 11:30;469.29
01/09/2025 11:45;469.29
01/09/2025 12:00;469.29
01/09/2025 12:15;469.29
01/09/2025 12:30;469.29
01/09/2025 12:45;469.28
01/09/2025 13:00;469.28
01/09/2025 13:15;469.27
01/09/2025 13:30;469.27
01/09/2025 13:45;469.27
01/09/2025 14:00;469.27
01/09/2025 14:15;469.27
01/09/2025 14:30;469.26
01/09/2025 14:45;469.26
01/09/2025 15:00;469.26
01/09/2025 15:15;469.26
01/09/2025 15:30;469.26
01/09/2025 15:45;469.25
01/09/2025 16:00;469.25
01/09/2025 16:15;469.25
01/09/2025 16:30;469.23
01/09/2025 16:45;469.23
01/09/2025 17:00;469.23
01/09/2025 17:15;469.23
01/09/2025 17:30;469.23
01/09/2025 17:45;469.23
01/09/2025 18:00;469.23
01/09/2025 18:15;469.23
01/09/2025 18:30;469.22
01/09/2025 18:45;469.22
01/09/2025 19:00;469.22
01/09/2025 19:15;469.22
01/09/2025 19:30;469.22
01/09/2025 19:45;469.21
01/09/2025 20:00;469.21
01/09/2025 20:15;469.21
01/09/2025 20:30;469.2
01/09/2025 20:45;469.2
01/09/2025 21:00;469.2
01/09/2025 21:15;469.2
01/09/2025 21:30;469.19
01/09/2025 21:45;469.19
01/09/2025 22:00;469.19
01/09/2025 22:15;469.19
01/09/2025 22:30;469.19
01/09/2025 22:45;469.19
01/09/2025 23:00;469.19
01/09/2025 23:15;469.18
01/09/2025 23:30;469.18
01/09/2025 23:45;469.18
02/09/2025 00:00;469.18
02/09/2025 00:15;469.17
02/09/2025 00:30;469.17
02/09/2025 00:45;469.16
02/09/2025 01:00;469.16
02/09/2025 01:15;469.16
02/09/2025 01:30;469.16
02/09/2025 01:45;469.15
02/09/2025 02:00;469.15
02/09/2025 02:15;469.15
02/09/2025 02:30;469.15
02/09/2025 02:45;469.15
02/09/2025 03:00;469.14
02/09/2025 03:15;469.14
02/09/2025 03:30;469.14
02/09/2025 03:45;469.14
02/09/2025 04:00;469.14
02/09/2025 04:15;469.13
02/09/2025 04:30;469.13
02/09/2025 04:45;469.13
02/09/2025 05:00;469.13
02/09/2025 05:15;469.13
02/09/2025 05:30;469.12
02/09/2025 05:45;469.12
02/09/2025 06:00;469.12
02/09/2025 06:15;469.12
02/09/2025 06:30;469.12
02/09/2025 06:45;469.11
02/09/2025 07:00;469.11
02/09/2025 07:15;469.11
02/09/2025 07:30;469.11
02/09/2025 07:45;469.1
02/09/2025 08:00;469.1
02/09/2025 08:15;469.1
02/09/2025 08:30;469.1
02/09/2025 08:45;469.09
02/09/2025 09:00;469.09
02/09/2025 09:15;469.09
02/09/2025 09:30;469.09
02/09/2025 09:45;469.09
02/09/2025 10:00;469.08
02/09/2025 10:15;469.08
02/09/2025 10:30;469.08
02/09/2025 10:45;469.08
02/09/2025 11:00;469.08
02/09/2025 11:15;469.08
02/09/2025 11:30;469.07
02/09/2025 11:45;469.07
02/09/2025 12:00;469.07
02/09/2025 12:15;469.07
02/09/2025 12:30;469.06
02/09/2025 12:45;469.06
02/09/2025 13:00;469.06
02/09/2025 13:15;469.06
02/09/2025 13:30;469.06
02/09/2025 13:45;469.05
02/09/2025 14:00;469.05
02/09/2025 14:15;469.05
02/09/2025 14:30;469.04
02/09/2025 14:45;469.04
02/09/2025 15:00;469.04
02/09/2025 15:15;469.04
02/09/2025 15:30;469.03
02/09/2025 15:45;469.03
02/09/2025 16:00;469.02
02/09/2025 16:15;469.02
02/09/2025 16:30;469.02
02/09/2025 16:45;469.02
02/09/2025 17:00;469.02
02/09/2025 17:15;469.02
02/09/2025 17:30;469.01
02/09/2025 17:45;469.01
02/09/2025 18:00;469.01
02/09/2025 18:15;469.01
02/09/2025 18:30;469
02/09/2025 18:45;469
02/09/2025 19:00;469
02/09/2025 19:15;468.99
02/09/2025 19:30;468.99
02/09/2025 19:45;468.99
02/09/2025 20:00;468.99
02/09/2025 20:15;468.99
02/09/2025 20:30;468.98
02/09/2025 20:45;468.98
02/09/2025 21:00;468.98
02/09/2025 21:15;468.97
02/09/2025 21:30;468.97
02/09/2025 21:45;468.97
02/09/2025 22:00;468.96
02/09/2025 22:15;468.96
02/09/2025 22:30;468.96
02/09/2025 22:45;468.96
02/09/2025 23:00;468.96
02/09/2025 23:15;468.95
02/09/2025 23:30;468.95
02/09/2025 23:45;468.95
03/09/2025 00:00;468.95
03/09/2025 00:15;468.94
03/09/2025 00:30;468.94
03/09/2025 00:45;468.94
03/09/2025 01:00;468.93
03/09/2025 01:15;468.93
03/09/2025 01:30;468.93
03/09/2025 01:45;468.93
03/09/2025 02:00;468.93
03/09/2025 02:15;468.92
03/09/2025 02:30;468.92
03/09/2025 02:45;468.92
03/09/2025 03:00;468.92
03/09/2025 03:15;468.91
03/09/2025 03:30;468.91
03/09/2025 03:45;468.9
03/09/2025 04:00;468.9
03/09/2025 04:15;468.9
03/09/2025 04:30;468.9
03/09/2025 04:45;468.9
03/09/2025 05:00;468.9
03/09/2025 05:15;468.89
03/09/2025 05:30;468.89
03/09/2025 05:45;468.89
03/09/2025 06:00;468.88
03/09/2025 06:15;468.88
03/09/2025 06:30;468.88
03/09/2025 06:45;468.88
03/09/2025 07:00;468.87
03/09/2025 07:15;468.87
03/09/2025 07:30;468.87
03/09/2025 07:45;468.87
03/09/2025 08:00;468.87
03/09/2025 08:15;468.86
03/09/2025 08:30;468.86
03/09/2025 08:45;468.86
03/09/2025 09:00;468.86
03/09/2025 09:15;468.85
03/09/2025 09:30;468.85
03/09/2025 09:45;468.85
03/09/2025 10:00;468.85
03/09/2025 10:15;468.85
03/09/2025 10:30;468.84
03/09/2025 10:45;468.84
03/09/2025 11:00;468.84
03/09/2025 11:15;468.83
03/09/2025 11:30;468.83
03/09/2025 11:45;468.83
03/09/2025 12:00;468.82
03/09/2025 12:15;468.82
03/09/2025 12:30;468.82
03/09/2025 12:45;468.82
03/09/2025 13:00;468.81
03/09/2025 13:15;468.81
03/09/2025 13:30;468.8
03/09/2025 13:45;468.8
03/09/2025 14:00;468.8
03/09/2025 14:15;468.8
03/09/2025 14:30;468.79
03/09/2025 14:45;468.79
03/09/2025 15:00;468.79
03/09/2025 15:15;468.78
03/09/2025 15:30;468.78
03/09/2025 15:45;468.78
03/09/2025 16:00;468.77
03/09/2025 16:15;468.77
03/09/2025 16:30;468.77
03/09/2025 16:45;468.76
03/09/2025 17:00;468.76
03/09/2025 17:15;468.76
03/09/2025 17:30;468.75
03/09/2025 17:45;468.75
03/09/2025 18:00;468.75
03/09/2025 18:15;468.74
03/09/2025 18:30;468.74
03/09/2025 18:45;468.74
03/09/2025 19:00;468.73
03/09/2025 19:15;468.73
03/09/2025 19:30;468.73
03/09/2025 19:45;468.73
03/09/2025 20:00;468.72
03/09/2025 20:15;468.72
03/09/2025 20:30;468.72
03/09/2025 20:45;468.71
03/09/2025 21:00;468.71
03/09/2025 21:15;468.71
03/09/2025 21:30;468.7
03/09/2025 21:45;468.7
03/09/2025 22:00;468.7
03/09/2025 22:15;468.7
03/09/2025 22:30;468.69
03/09/2025 22:45;468.69
03/09/2025 23:00;468.69
03/09/2025 23:15;468.68
03/09/2025 23:30;468.68
03/09/2025 23:45;468.68
04/09/2025 00:00;468.67
04/09/2025 00:15;468.67
04/09/2025 00:30;468.67
04/09/2025 00:45;468.67
04/09/2025 01:00;468.66
04/09/2025 01:15;468.66
04/09/2025 01:30;468.66
04/09/2025 01:45;468.66
04/09/2025 02:00;468.65
04/09/2025 02:15;468.65
04/09/2025 02:30;468.64
04/09/2025 02:45;468.64
04/09/2025 03:00;468.64
04/09/2025 03:15;468.64
04/09/2025 03:30;468.63
04/09/2025 03:45;468.63
04/09/2025 04:00;468.63
04/09/2025 04:15;468.63
04/09/2025 04:30;468.62
04/09/2025 04:45;468.62
04/09/2025 05:00;468.62
04/09/2025 05:15;468.62
04/09/2025 05:30;468.61
04/09/2025 05:45;468.61
04/09/2025 06:00;468.61
04/09/2025 06:15;468.6
04/09/2025 06:30;468.6
04/09/2025 06:45;468.6
04/09/2025 07:00;468.6
04/09/2025 07:15;468.6
04/09/2025 07:30;468.59
04/09/2025 07:45;468.59
04/09/2025 08:00;468.59
04/09/2025 08:15;468.58
04/09/2025 08:30;468.58
04/09/2025 08:45;468.58
04/09/2025 09:00;468.58
04/09/2025 09:15;468.57
04/09/2025 09:30;468.57
04/09/2025 09:45;468.57
04/09/2025 10:00;468.57
04/09/2025 10:15;468.56
04/09/2025 10:30;468.56
04/09/2025 10:45;468.56
04/09/2025 11:00;468.56
04/09/2025 11:15;468.56
04/09/2025 11:30;468.55
04/09/2025 11:45;468.55
04/09/2025 12:00;468.55
04/09/2025 12:15;468.55
04/09/2025 12:30;468.54
04/09/2025 12:45;468.54
04/09/2025 13:00;468.54
04/09/2025 13:15;468.54
04/09/2025 13:30;468.53
04/09/2025 13:45;468.53
04/09/2025 14:00;468.53
04/09/2025 14:15;468.52
04/09/2025 14:30;468.52
04/09/2025 14:45;468.52
04/09/2025 15:00;468.51
04/09/2025 15:15;468.51
04/09/2025 15:30;468.51
04/09/2025 15:45;468.5
04/09/2025 16:00;468.5
04/09/2025 16:15;468.5
04/09/2025 16:30;468.5
04/09/2025 16:45;468.49
04/09/2025 17:00;468.49
04/09/2025 17:15;468.48
04/09/2025 17:30;468.48
04/09/2025 17:45;468.48
04/09/2025 18:00;468.48
04/09/2025 18:15;468.47
04/09/2025 18:30;468.47
04/09/2025 18:45;468.47
04/09/2025 19:00;468.46
04/09/2025 19:15;468.46
04/09/2025 19:30;468.46
04/09/2025 19:45;468.46
04/09/2025 20:00;468.45
04/09/2025 20:15;468.45
04/09/2025 20:30;468.45
04/09/2025 20:45;468.45
04/09/2025 21:00;468.44
04/09/2025 21:15;468.44
04/09/2025 21:30;468.43
04/09/2025 21:45;468.43
04/09/2025 22:00;468.43
04/09/2025 22:15;468.43
04/09/2025 22:30;468.42
04/09/2025 22:45;468.42
04/09/2025 23:00;468.42
04/09/2025 23:15;468.41
04/09/2025 23:30;468.41
04/09/2025 23:45;468.41
05/09/2025 00:00;468.41
05/09/2025 00:15;468.4
05/09/2025 00:30;468.4
05/09/2025 00:45;468.4
05/09/2025 01:00;468.4
05/09/2025 01:15;468.39
05/09/2025 01:30;468.39
05/09/2025 01:45;468.39
05/09/2025 02:00;468.38
05/09/2025 02:15;468.38
05/09/2025 02:30;468.38
05/09/2025 02:45;468.38
05/09/2025 03:00;468.38
05/09/2025 03:15;468.37
05/09/2025 03:30;468.37
05/09/2025 03:45;468.37
05/09/2025 04:00;468.37
05/09/2025 04:15;468.36
05/09/2025 04:30;468.36
05/09/2025 04:45;468.36
05/09/2025 05:00;468.36
05/09/2025 05:15;468.36
05/09/2025 05:30;468.35
05/09/2025 05:45;468.35
05/09/2025 06:00;468.35
05/09/2025 06:15;468.35
05/09/2025 06:30;468.34
05/09/2025 06:45;468.34
05/09/2025 07:00;468.33
05/09/2025 07:15;468.33
05/09/2025 07:30;468.33
05/09/2025 07:45;468.33
05/09/2025 08:00;468.33
05/09/2025 08:15;468.33
05/09/2025 08:30;468.32
05/09/2025 08:45;468.32
05/09/2025 09:00;468.32
05/09/2025 09:15;468.32
05/09/2025 09:30;468.32
05/09/2025 09:45;468.31
05/09/2025 10:00;468.31
05/09/2025 10:15;468.31
05/09/2025 10:30;468.31
05/09/2025 10:45;468.31
05/09/2025 11:00;468.3
05/09/2025 11:15;468.3
05/09/2025 11:30;468.3
05/09/2025 11:45;468.29
05/09/2025 12:00;468.29
05/09/2025 12:15;468.28
05/09/2025 12:30;468.28
05/09/2025 12:45;468.28
05/09/2025 13:00;468.28
05/09/2025 13:15;468.28
05/09/2025 13:30;468.27
05/09/2025 13:45;468.27
05/09/2025 14:00;468.27
05/09/2025 14:15;468.26
05/09/2025 14:30;468.26
05/09/2025 14:45;468.26
05/09/2025 15:00;468.26
05/09/2025 15:15;468.25
05/09/2025 15:30;468.25
05/09/2025 15:45;468.25
05/09/2025 16:00;468.24
05/09/2025 16:15;468.24
05/09/2025 16:30;468.24
05/09/2025 16:45;468.23
05/09/2025 17:00;468.23
05/09/2025 17:15;468.23
05/09/2025 17:30;468.22
05/09/2025 17:45;468.22
05/09/2025 18:00;468.22
05/09/2025 18:15;468.21
05/09/2025 18:30;468.21
05/09/2025 18:45;468.21
05/09/2025 19:00;468.21
05/09/2025 19:15;468.2
05/09/2025 19:30;468.2
05/09/2025 19:45;468.2
05/09/2025 20:00;468.19
05/09/2025 20:15;468.19
05/09/2025 20:30;468.19
05/09/2025 20:45;468.18
05/09/2025 21:00;468.18
05/09/2025 21:15;468.18
05/09/2025 21:30;468.18
05/09/2025 21:45;468.17
05/09/2025 22:00;468.17
05/09/2025 22:15;468.17
05/09/2025 22:30;468.16
05/09/2025 22:45;468.16
05/09/2025 23:00;468.16
05/09/2025 23:15;468.15
05/09/2025 23:30;468.15
05/09/2025 23:45;468.15
06/09/2025 00:00;468.15
06/09/2025 00:15;468.15
06/09/2025 00:30;468.14
06/09/2025 00:45;468.14
06/09/2025 01:00;468.14
06/09/2025 01:15;468.14
06/09/2025 01:30;468.14
06/09/2025 01:45;468.13
06/09/2025 02:00;468.13
06/09/2025 02:15;468.13
06/09/2025 02:30;468.13
06/09/2025 02:45;468.12
06/09/2025 03:00;468.12
06/09/2025 03:15;468.12
06/09/2025 03:30;468.12
06/09/2025 03:45;468.11
06/09/2025 04:00;468.11
06/09/2025 04:15;468.11
06/09/2025 04:30;468.1
06/09/2025 04:45;468.1
06/09/2025 05:00;468.1
06/09/2025 05:15;468.1
06/09/2025 05:30;468.1
06/09/2025 05:45;468.09
06/09/2025 06:00;468.09
06/09/2025 06:15;468.09
06/09/2025 06:30;468.09
06/09/2025 06:45;468.08
06/09/2025 07:00;468.08
06/09/2025 07:15;468.08
06/09/2025 07:30;468.07
06/09/2025 07:45;468.07
06/09/2025 08:00;468.07
06/09/2025 08:15;468.07
06/09/2025 08:30;468.07
06/09/2025 08:45;468.06
06/09/2025 09:00;468.06
06/09/2025 09:15;468.06
06/09/2025 09:30;468.06
06/09/2025 09:45;468.06
06/09/2025 10:00;468.05
06/09/2025 10:15;468.05
06/09/2025 10:30;468.05
06/09/2025 10:45;468.05
06/09/2025 11:00;468.04
06/09/2025 11:15;468.04
06/09/2025 11:30;468.04
06/09/2025 11:45;468.04
06/09/2025 12:00;468.03
06/09/2025 12:15;468.03
06/09/2025 12:30;468.03
06/09/2025 12:45;468.02
06/09/2025 13:00;468.02
06/09/2025 13:15;468.02
06/09/2025 13:30;468.02
06/09/2025 13:45;468.01
06/09/2025 14:00;468.01
06/09/2025 14:15;468.01
06/09/2025 14:30;468
06/09/2025 14:45;468
06/09/2025 15:00;468
06/09/2025 15:15;467.99
06/09/2025 15:30;467.99
06/09/2025 15:45;467.99
06/09/2025 16:00;467.99
06/09/2025 16:15;467.98
06/09/2025 16:30;467.98
06/09/2025 16:45;467.97
06/09/2025 17:00;467.97
06/09/2025 17:15;467.97
06/09/2025 17:30;467.96
06/09/2025 17:45;467.96
06/09/2025 18:00;467.96
06/09/2025 18:15;467.96
06/09/2025 18:30;467.95
06/09/2025 18:45;467.95
06/09/2025 19:00;467.95
06/09/2025 19:15;467.95
06/09/2025 19:30;467.94
06/09/2025 19:45;467.94
06/09/2025 20:00;467.94
06/09/2025 20:15;467.93
06/09/2025 20:30;467.93
06/09/2025 20:45;467.93
06/09/2025 21:00;467.93
06/09/2025 21:15;467.93
06/09/2025 21:30;467.92
06/09/2025 21:45;467.92
06/09/2025 22:00;467.92
06/09/2025 22:15;467.91
06/09/2025 22:30;467.91
06/09/2025 22:45;467.91
06/09/2025 23:00;467.91
06/09/2025 23:15;467.9
06/09/2025 23:30;467.9
06/09/2025 23:45;467.9
07/09/2025 00:00;467.89
07/09/2025 00:15;467.89
07/09/2025 00:30;467.89
07/09/2025 00:45;467.89
07/09/2025 01:00;467.88
07/09/2025 01:15;467.88
07/09/2025 01:30;467.88
07/09/2025 01:45;467.88
07/09/2025 02:00;467.88
07/09/2025 02:15;467.87
07/09/2025 02:30;467.87
07/09/2025 02:45;467.87
07/09/2025 03:00;467.87
07/09/2025 03:15;467.86
07/09/2025 03:30;467.86
07/09/2025 03:45;467.86
07/09/2025 04:00;467.85
07/09/2025 04:15;467.85
07/09/2025 04:30;467.85
07/09/2025 04:45;467.85
07/09/2025 05:00;467.85
07/09/2025 05:15;467.84
07/09/2025 05:30;467.84
07/09/2025 05:45;467.84
07/09/2025 06:00;467.84
07/09/2025 06:15;467.83
07/09/2025 06:30;467.83
07/09/2025 06:45;467.83
07/09/2025 07:00;467.82
07/09/2025 07:15;467.82
07/09/2025 07:30;467.82
07/09/2025 07:45;467.82
07/09/2025 08:00;467.81
07/09/2025 08:15;467.81
07/09/2025 08:30;467.81
07/09/2025 08:45;467.8
07/09/2025 09:00;467.8
07/09/2025 09:15;467.8
07/09/2025 09:30;467.8
07/09/2025 09:45;467.79
07/09/2025 10:00;467.79
07/09/2025 10:15;467.79
07/09/2025 10:30;467.79
07/09/2025 10:45;467.78
07/09/2025 11:00;467.78
07/09/2025 11:15;467.78
07/09/2025 11:30;467.78
07/09/2025 11:45;467.78
07/09/2025 12:00;467.78
07/09/2025 12:15;467.77
07/09/2025 12:30;467.77
07/09/2025 12:45;467.77
07/09/2025 13:00;467.76
07/09/2025 13:15;467.77
07/09/2025 13:30;467.75
07/09/2025 13:45;467.76
07/09/2025 14:00;467.75
07/09/2025 14:15;467.75
07/09/2025 14:30;467.74
07/09/2025 14:45;467.75
07/09/2025 15:00;467.74
07/09/2025 15:15;467.74
07/09/2025 15:30;467.73
07/09/2025 15:45;467.73
07/09/2025 16:00;467.73
07/09/2025 16:15;467.73
07/09/2025 16:30;467.73
07/09/2025 16:45;467.72
07/09/2025 17:00;467.72
07/09/2025 17:15;467.71
07/09/2025 17:30;467.71
07/09/2025 17:45;467.71
07/09/2025 18:00;467.71
07/09/2025 18:15;467.7
07/09/2025 18:30;467.7
07/09/2025 18:45;467.7
07/09/2025 19:00;467.7
07/09/2025 19:15;467.69
07/09/2025 19:30;467.69
07/09/2025 19:45;467.69
07/09/2025 20:00;467.68
07/09/2025 20:15;467.68
07/09/2025 20:30;467.68
07/09/2025 20:45;467.68
07/09/2025 21:00;467.67
07/09/2025 21:15;467.67
07/09/2025 21:30;467.67
07/09/2025 21:45;467.66
07/09/2025 22:00;467.66
07/09/2025 22:15;467.66
07/09/2025 22:30;467.66
07/09/2025 22:45;467.65
07/09/2025 23:00;467.65
07/09/2025 23:15;467.65
07/09/2025 23:30;467.65
07/09/2025 23:45;467.64
08/09/2025 00:00;467.64
08/09/2025 00:15;467.64
08/09/2025 00:30;467.63
08/09/2025 00:45;467.63
08/09/2025 01:00;467.63
08/09/2025 01:15;467.62
08/09/2025 01:30;467.62
08/09/2025 01:45;467.62
08/09/2025 02:00;467.62
08/09/2025 02:15;467.62
08/09/2025 02:30;467.61
08/09/2025 02:45;467.61
08/09/2025 03:00;467.61
08/09/2025 03:15;467.61
08/09/2025 03:30;467.6
08/09/2025 03:45;467.6
08/09/2025 04:00;467.6
08/09/2025 04:15;467.6
08/09/2025 04:30;467.6
08/09/2025 04:45;467.59
08/09/2025 05:00;467.59
08/09/2025 05:15;467.59
08/09/2025 05:30;467.59
08/09/2025 05:45;467.58
08/09/2025 06:00;467.58
08/09/2025 06:15;467.58
08/09/2025 06:30;467.58
08/09/2025 06:45;467.57
08/09/2025 07:00;467.57
08/09/2025 07:15;467.56
08/09/2025 07:30;467.57
08/09/2025 07:45;467.56
08/09/2025 08:00;467.56
08/09/2025 08:15;467.56
08/09/2025 08:30;467.56
08/09/2025 08:45;467.55
08/09/2025 09:00;467.55
08/09/2025 09:15;467.55
08/09/2025 09:30;467.55
08/09/2025 09:45;467.55
08/09/2025 10:00;467.54
08/09/2025 10:15;467.54
08/09/2025 10:30;467.54
08/09/2025 10:45;467.54
08/09/2025 11:00;467.53
08/09/2025 11:15;467.53
08/09/2025 11:30;467.53
08/09/2025 11:45;467.52
08/09/2025 12:00;467.52
08/09/2025 12:15;467.52
08/09/2025 12:30;467.51
08/09/2025 12:45;467.51
08/09/2025 13:00;467.51
08/09/2025 13:15;467.51
08/09/2025 13:30;467.5
08/09/2025 13:45;467.5
08/09/2025 14:00;467.49
08/09/2025 14:15;467.49
08/09/2025 14:30;467.49
08/09/2025 14:45;467.48
08/09/2025 15:00;467.48
08/09/2025 15:15;467.48
08/09/2025 15:30;467.48
08/09/2025 15:45;467.47
08/09/2025 16:00;467.47
08/09/2025 16:15;467.47
08/09/2025 16:30;467.46
08/09/2025 16:45;467.46
08/09/2025 17:00;467.45
08/09/2025 17:15;467.45
08/09/2025 17:30;467.45
08/09/2025 17:45;467.44
08/09/2025 18:00;467.44
08/09/2025 18:15;467.44
08/09/2025 18:30;467.43
08/09/2025 18:45;467.43
08/09/2025 19:00;467.43
08/09/2025 19:15;467.42
08/09/2025 19:30;467.42
08/09/2025 19:45;467.42
08/09/2025 20:00;467.42
08/09/2025 20:15;467.41
08/09/2025 20:30;467.41
08/09/2025 20:45;467.41
08/09/2025 21:00;467.41
08/09/2025 21:15;467.4
08/09/2025 21:30;467.41
08/09/2025 21:45;467.4
08/09/2025 22:00;467.41
08/09/2025 22:15;467.4
08/09/2025 22:30;467.4
08/09/2025 22:45;467.39
08/09/2025 23:00;467.39
08/09/2025 23:15;467.38
08/09/2025 23:30;467.38
08/09/2025 23:45;467.38
09/09/2025 00:00;467.38
09/09/2025 00:15;467.37
09/09/2025 00:30;467.37
09/09/2025 00:45;467.37
09/09/2025 01:00;467.36
09/09/2025 01:15;467.36
09/09/2025 01:30;467.36
09/09/2025 01:45;467.36
09/09/2025 02:00;467.35
09/09/2025 02:15;467.35
09/09/2025 02:30;467.35
09/09/2025 02:45;467.35
09/09/2025 03:00;467.34
09/09/2025 03:15;467.34
09/09/2025 03:30;467.34
09/09/2025 03:45;467.34
09/09/2025 04:00;467.33
09/09/2025 04:15;467.33
09/09/2025 04:30;467.33
09/09/2025 04:45;467.32
09/09/2025 05:00;467.32
09/09/2025 05:15;467.32
09/09/2025 05:30;467.32
09/09/2025 05:45;467.31
09/09/2025 06:00;467.31
09/09/2025 06:15;467.31
09/09/2025 06:30;467.3
09/09/2025 06:45;467.3
09/09/2025 07:00;467.3
09/09/2025 07:15;467.3
09/09/2025 07:30;467.29
09/09/2025 07:45;467.29
09/09/2025 08:00;467.29
09/09/2025 08:15;467.28
09/09/2025 08:30;467.28
09/09/2025 08:45;467.28
09/09/2025 09:00;467.28
09/09/2025 09:15;467.28
09/09/2025 09:30;467.27
09/09/2025 09:45;467.27
09/09/2025 10:00;467.27
09/09/2025 10:15;467.26
09/09/2025 10:30;467.26
09/09/2025 10:45;467.26
09/09/2025 11:00;467.25
09/09/2025 11:15;467.25
09/09/2025 11:30;467.25
09/09/2025 11:45;467.25
09/09/2025 12:00;467.25
09/09/2025 12:15;467.24
09/09/2025 12:30;467.24
09/09/2025 12:45;467.23
09/09/2025 13:00;467.23
09/09/2025 13:15;467.23
09/09/2025 13:30;467.23
09/09/2025 13:45;467.22
09/09/2025 14:00;467.22
09/09/2025 14:15;467.22
09/09/2025 14:30;467.21
09/09/2025 14:45;467.21
09/09/2025 15:00;467.2
09/09/2025 15:15;467.2
09/09/2025 15:30;467.19
09/09/2025 15:45;467.19
09/09/2025 16:00;467.19
09/09/2025 16:15;467.19
09/09/2025 16:30;467.18
09/09/2025 16:45;467.18
09/09/2025 17:00;467.17
09/09/2025 17:15;467.17
09/09/2025 17:30;467.17
09/09/2025 17:45;467.17
09/09/2025 18:00;467.16
09/09/2025 18:15;467.16
09/09/2025 18:30;467.16
09/09/2025 18:45;467.15
09/09/2025 19:00;467.15
09/09/2025 19:15;467.14
09/09/2025 19:30;467.14
09/09/2025 19:45;467.14
09/09/2025 20:00;467.13
09/09/2025 20:15;467.13
09/09/2025 20:30;467.13
09/09/2025 20:45;467.12
09/09/2025 21:00;467.12
09/09/2025 21:15;467.12
09/09/2025 21:30;467.11
09/09/2025 21:45;467.11
09/09/2025 22:00;467.11
09/09/2025 22:15;467.11
09/09/2025 22:30;467.1
09/09/2025 22:45;467.1
09/09/2025 23:00;467.1
09/09/2025 23:15;467.09
09/09/2025 23:30;467.09
09/09/2025 23:45;467.09
10/09/2025 00:00;467.08
10/09/2025 00:15;467.08
10/09/2025 00:30;467.07
10/09/2025 00:45;467.07
10/09/2025 01:00;467.07
10/09/2025 01:15;467.07
10/09/2025 01:30;467.06
10/09/2025 01:45;467.06
10/09/2025 02:00;467.06
10/09/2025 02:15;467.05
10/09/2025 02:30;467.05
10/09/2025 02:45;467.05
10/09/2025 03:00;467.05
10/09/2025 03:15;467.04
10/09/2025 03:30;467.04
10/09/2025 03:45;467.04
10/09/2025 04:00;467.03
10/09/2025 04:15;467.03
10/09/2025 04:30;467.03
10/09/2025 04:45;467.03
10/09/2025 05:00;467.02
10/09/2025 05:15;467.02
10/09/2025 05:30;467.01
10/09/2025 05:45;467.01
10/09/2025 06:00;467.01
10/09/2025 06:15;467.01
10/09/2025 06:30;467.01
10/09/2025 06:45;467
10/09/2025 07:00;467
10/09/2025 07:15;467
10/09/2025 07:30;467
10/09/2025 07:45;466.99
10/09/2025 08:00;466.99
10/09/2025 08:15;466.99
10/09/2025 08:30;466.98
10/09/2025 08:45;466.98
10/09/2025 09:00;466.98
10/09/2025 09:15;466.97
10/09/2025 09:30;466.97
10/09/2025 09:45;466.97
10/09/2025 10:00;466.96
10/09/2025 10:15;466.96
10/09/2025 10:30;466.96
10/09/2025 10:45;466.96
10/09/2025 11:00;466.95
10/09/2025 11:15;466.95
10/09/2025 11:30;466.95
10/09/2025 11:45;466.94
10/09/2025 12:00;466.94
10/09/2025 12:15;466.94
10/09/2025 12:30;466.93
10/09/2025 12:45;466.93
10/09/2025 13:00;466.92
10/09/2025 13:15;466.92
10/09/2025 13:30;466.92
10/09/2025 13:45;466.92
10/09/2025 14:00;466.91
10/09/2025 14:15;466.91
10/09/2025 14:30;466.9
10/09/2025 14:45;466.9
10/09/2025 15:00;466.9
10/09/2025 15:15;466.9
10/09/2025 15:30;466.89
10/09/2025 15:45;466.89
10/09/2025 16:00;466.89
10/09/2025 16:15;466.89
10/09/2025 16:30;466.88
10/09/2025 16:45;466.88
10/09/2025 17:00;466.87
10/09/2025 17:15;466.87
10/09/2025 17:30;466.87
10/09/2025 17:45;466.86
10/09/2025 18:00;466.86
10/09/2025 18:15;466.86
10/09/2025 18:30;466.85
10/09/2025 18:45;466.85
10/09/2025 19:00;466.85
10/09/2025 19:15;466.84
10/09/2025 19:30;466.84
10/09/2025 19:45;466.83
10/09/2025 20:00;466.83
10/09/2025 20:15;466.83
10/09/2025 20:30;466.82
10/09/2025 20:45;466.82
10/09/2025 21:00;466.81
10/09/2025 21:15;466.81
10/09/2025 21:30;466.8
10/09/2025 21:45;466.8
10/09/2025 22:00;466.8
10/09/2025 22:15;466.8
10/09/2025 22:30;466.79
10/09/2025 22:45;466.79
10/09/2025 23:00;466.79
10/09/2025 23:15;466.78
10/09/2025 23:30;466.78
10/09/2025 23:45;466.78
11/09/2025 00:00;466.78
11/09/2025 00:15;466.77
11/09/2025 00:30;466.77
11/09/2025 00:45;466.77
11/09/2025 01:00;466.76
11/09/2025 01:15;466.76
11/09/2025 01:30;466.76
11/09/2025 01:45;466.75
11/09/2025 02:00;466.75
11/09/2025 02:15;466.75
11/09/2025 02:30;466.75
11/09/2025 02:45;466.74
11/09/2025 03:00;466.74
11/09/2025 03:15;466.74
11/09/2025 03:30;466.74
11/09/2025 03:45;466.73
11/09/2025 04:00;466.73
11/09/2025 04:15;466.73
11/09/2025 04:30;466.73
11/09/2025 04:45;466.72
11/09/2025 05:00;466.72
11/09/2025 05:15;466.72
11/09/2025 05:30;466.71
11/09/2025 05:45;466.71
11/09/2025 06:00;466.71
11/09/2025 06:15;466.71
11/09/2025 06:30;466.7
11/09/2025 06:45;466.7
11/09/2025 07:00;466.69
11/09/2025 07:15;466.69
11/09/2025 07:30;466.69
11/09/2025 07:45;466.68
11/09/2025 08:00;466.68
11/09/2025 08:15;466.68
11/09/2025 08:30;466.67
11/09/2025 08:45;466.67
11/09/2025 09:00;466.67
11/09/2025 09:15;466.67
11/09/2025 09:30;466.67
11/09/2025 09:45;466.66
11/09/2025 10:00;466.66
11/09/2025 10:15;466.65
11/09/2025 10:30;466.65
11/09/2025 10:45;466.65
11/09/2025 11:00;466.65
11/09/2025 11:15;466.64
11/09/2025 11:30;466.64
11/09/2025 11:45;466.64
11/09/2025 12:00;466.63
11/09/2025 12:15;466.63
11/09/2025 12:30;466.62
11/09/2025 12:45;466.62
11/09/2025 13:00;466.62
11/09/2025 13:15;466.62
11/09/2025 13:30;466.61
11/09/2025 13:45;466.61
11/09/2025 14:00;466.6
11/09/2025 14:15;466.6
11/09/2025 14:30;466.6
11/09/2025 14:45;466.59
11/09/2025 15:00;466.59
11/09/2025 15:15;466.59
11/09/2025 15:30;466.58
11/09/2025 15:45;466.58
11/09/2025 16:00;466.58
11/09/2025 16:15;466.57
11/09/2025 16:30;466.57
11/09/2025 16:45;466.56
11/09/2025 17:00;466.56
11/09/2025 17:15;466.56
11/09/2025 17:30;466.56
11/09/2025 17:45;466.55
11/09/2025 18:00;466.55
11/09/2025 18:15;466.55
11/09/2025 18:30;466.54
11/09/2025 18:45;466.54
11/09/2025 19:00;466.53
11/09/2025 19:15;466.53
11/09/2025 19:30;466.53
11/09/2025 19:45;466.53
11/09/2025 20:00;466.52
11/09/2025 20:15;466.52
11/09/2025 20:30;466.51
11/09/2025 20:45;466.51
11/09/2025 21:00;466.51
11/09/2025 21:15;466.5
11/09/2025 21:30;466.5
11/09/2025 21:45;466.49
11/09/2025 22:00;466.49
11/09/2025 22:15;466.49
11/09/2025 22:30;466.48
11/09/2025 22:45;466.48
11/09/2025 23:00;466.48
11/09/2025 23:15;466.47
11/09/2025 23:30;466.47
11/09/2025 23:45;466.47
12/09/2025 00:00;466.46
12/09/2025 00:15;466.46
12/09/2025 00:30;466.46
12/09/2025 00:45;466.46
12/09/2025 01:00;466.45
12/09/2025 01:15;466.45
12/09/2025 01:30;466.45
12/09/2025 01:45;466.44
12/09/2025 02:00;466.44
12/09/2025 02:15;466.43
12/09/2025 02:30;466.43
12/09/2025 02:45;466.43
12/09/2025 03:00;466.43
12/09/2025 03:15;466.43
12/09/2025 03:30;466.42
12/09/2025 03:45;466.42
12/09/2025 04:00;466.42
12/09/2025 04:15;466.42
12/09/2025 04:30;466.41
12/09/2025 04:45;466.41
12/09/2025 05:00;466.41
12/09/2025 05:15;466.4
12/09/2025 05:30;466.4
12/09/2025 05:45;466.4
12/09/2025 06:00;466.39
12/09/2025 06:15;466.39
12/09/2025 06:30;466.39
12/09/2025 06:45;466.39
12/09/2025 07:00;466.38
12/09/2025 07:15;466.38
12/09/2025 07:30;466.38
12/09/2025 07:45;466.37
12/09/2025 08:00;466.37
12/09/2025 08:15;466.37
12/09/2025 08:30;466.36
12/09/2025 08:45;466.36
12/09/2025 09:00;466.36
12/09/2025 09:15;466.35
12/09/2025 09:30;466.35
12/09/2025 09:45;466.35
12/09/2025 10:00;466.34
12/09/2025 10:15;466.34
12/09/2025 10:30;466.34
12/09/2025 10:45;466.33
12/09/2025 11:00;466.33
12/09/2025 11:15;466.33
12/09/2025 11:30;466.33
12/09/2025 11:45;466.32
12/09/2025 12:00;466.32
12/09/2025 12:15;466.32
12/09/2025 12:30;466.32
12/09/2025 12:45;466.31
12/09/2025 13:00;466.31
12/09/2025 13:15;466.31
12/09/2025 13:30;466.3
12/09/2025 13:45;466.3
12/09/2025 14:00;466.3
12/09/2025 14:15;466.29
12/09/2025 14:30;466.29
12/09/2025 14:45;466.29
12/09/2025 15:00;466.28
12/09/2025 15:15;466.28
12/09/2025 15:30;466.28
12/09/2025 15:45;466.27
12/09/2025 16:00;466.27
12/09/2025 16:15;466.26
12/09/2025 16:30;466.26
12/09/2025 16:45;466.26
12/09/2025 17:00;466.26
12/09/2025 17:15;466.25
12/09/2025 17:30;466.25
12/09/2025 17:45;466.25
12/09/2025 18:00;466.24
12/09/2025 18:15;466.24
12/09/2025 18:30;466.24
12/09/2025 18:45;466.23
12/09/2025 19:00;466.23
12/09/2025 19:15;466.22
12/09/2025 19:30;466.22
12/09/2025 19:45;466.22
12/09/2025 20:00;466.21
12/09/2025 20:15;466.21
12/09/2025 20:30;466.21
12/09/2025 20:45;466.2
12/09/2025 21:00;466.2
12/09/2025 21:15;466.2
12/09/2025 21:30;466.19
12/09/2025 21:45;466.19
12/09/2025 22:00;466.19
12/09/2025 22:15;466.19
12/09/2025 22:30;466.18
12/09/2025 22:45;466.18
12/09/2025 23:00;466.18
12/09/2025 23:15;466.18
12/09/2025 23:30;466.17
12/09/2025 23:45;466.17
13/09/2025 00:00;466.17
13/09/2025 00:15;466.16
13/09/2025 00:30;466.16
13/09/2025 00:45;466.16
13/09/2025 01:00;466.15
13/09/2025 01:15;466.15
13/09/2025 01:30;466.15
13/09/2025 01:45;466.14
13/09/2025 02:00;466.14
13/09/2025 02:15;466.14
13/09/2025 02:30;466.12
13/09/2025 02:45;466.12
13/09/2025 03:00;466.12
13/09/2025 03:15;466.12
13/09/2025 03:30;466.12
13/09/2025 03:45;466.11
13/09/2025 04:00;466.11
13/09/2025 04:15;466.11
13/09/2025 04:30;466.1
13/09/2025 04:45;466.1
13/09/2025 05:00;466.1
13/09/2025 05:15;466.1
13/09/2025 05:30;466.09
13/09/2025 05:45;466.09
13/09/2025 06:00;466.09
13/09/2025 06:15;466.08
13/09/2025 06:30;466.08
13/09/2025 06:45;466.08
13/09/2025 07:00;466.07
13/09/2025 07:15;466.07
13/09/2025 07:30;466.07
13/09/2025 07:45;466.07
13/09/2025 08:00;466.06
13/09/2025 08:15;466.06
13/09/2025 08:30;466.06
13/09/2025 08:45;466.05
13/09/2025 09:00;466.05
13/09/2025 09:15;466.05
13/09/2025 09:30;466.05
13/09/2025 09:45;466.04
13/09/2025 10:00;466.04
13/09/2025 10:15;466.04
13/09/2025 10:30;466.03
13/09/2025 10:45;466.03
13/09/2025 11:00;466.03
13/09/2025 11:15;466.03
13/09/2025 11:30;466.02
13/09/2025 11:45;466.02
13/09/2025 12:00;466.02
13/09/2025 12:15;466.02
13/09/2025 12:30;466.01
13/09/2025 12:45;466.01
13/09/2025 13:00;466.01
13/09/2025 13:15;466
13/09/2025 13:30;466
13/09/2025 13:45;466
13/09/2025 14:00;466
13/09/2025 14:15;465.99
13/09/2025 14:30;465.99
13/09/2025 14:45;465.98
13/09/2025 15:00;465.98
13/09/2025 15:15;465.98
13/09/2025 15:30;465.97
13/09/2025 15:45;465.97
13/09/2025 16:00;465.97
13/09/2025 16:15;465.96
13/09/2025 16:30;465.96
13/09/2025 16:45;465.96
13/09/2025 17:00;465.95
13/09/2025 17:15;465.95
13/09/2025 17:30;465.95
13/09/2025 17:45;465.94
13/09/2025 18:00;465.94
13/09/2025 18:15;465.94
13/09/2025 18:30;465.93
13/09/2025 18:45;465.93
13/09/2025 19:00;465.92
13/09/2025 19:15;465.92
13/09/2025 19:30;465.92
13/09/2025 19:45;465.92
13/09/2025 20:00;465.91
13/09/2025 20:15;465.91
13/09/2025 20:30;465.91
13/09/2025 20:45;465.9
13/09/2025 21:00;465.9
13/09/2025 21:15;465.9
13/09/2025 21:30;465.89
13/09/2025 21:45;465.89
13/09/2025 22:00;465.89
13/09/2025 22:15;465.88
13/09/2025 22:30;465.88
13/09/2025 22:45;465.88
13/09/2025 23:00;465.88
13/09/2025 23:15;465.87
13/09/2025 23:30;465.87
13/09/2025 23:45;465.87
14/09/2025 00:00;465.86
14/09/2025 00:15;465.86
14/09/2025 00:30;465.86
14/09/2025 00:45;465.86
14/09/2025 01:00;465.85
14/09/2025 01:15;465.85
14/09/2025 01:30;465.84
14/09/2025 01:45;465.84
14/09/2025 02:00;465.84
14/09/2025 02:15;465.84
14/09/2025 02:30;465.84
14/09/2025 02:45;465.83
14/09/2025 03:00;465.83
14/09/2025 03:15;465.83
14/09/2025 03:30;465.83
14/09/2025 03:45;465.82
14/09/2025 04:00;465.82
14/09/2025 04:15;465.82
14/09/2025 04:30;465.82
14/09/2025 04:45;465.81
14/09/2025 05:00;465.81
14/09/2025 05:15;465.81
14/09/2025 05:30;465.8
14/09/2025 05:45;465.8
14/09/2025 06:00;465.8
14/09/2025 06:15;465.8
14/09/2025 06:30;465.79
14/09/2025 06:45;465.79
14/09/2025 07:00;465.79
14/09/2025 07:15;465.79
14/09/2025 07:30;465.78
14/09/2025 07:45;465.78
14/09/2025 08:00;465.78
14/09/2025 08:15;465.77
14/09/2025 08:30;465.77
14/09/2025 08:45;465.77
14/09/2025 09:00;465.77
14/09/2025 09:15;465.77
14/09/2025 09:30;465.77
14/09/2025 09:45;465.77
14/09/2025 10:00;465.76
14/09/2025 10:15;465.76
14/09/2025 10:30;465.76
14/09/2025 10:45;465.75
14/09/2025 11:00;465.75
14/09/2025 11:15;465.75
14/09/2025 11:30;465.75
14/09/2025 11:45;465.74
14/09/2025 12:00;465.74
14/09/2025 12:15;465.74
14/09/2025 12:30;465.73
14/09/2025 12:45;465.73
14/09/2025 13:00;465.73
14/09/2025 13:15;465.73
14/09/2025 13:30;465.72
14/09/2025 13:45;465.72
14/09/2025 14:00;465.72
14/09/2025 14:15;465.71
14/09/2025 14:30;465.71
14/09/2025 14:45;465.71
14/09/2025 15:00;465.71
14/09/2025 15:15;465.71
14/09/2025 15:30;465.7
14/09/2025 15:45;465.7
14/09/2025 16:00;465.69
14/09/2025 16:15;465.69
14/09/2025 16:30;465.69
14/09/2025 16:45;465.68
14/09/2025 17:00;465.68
14/09/2025 17:15;465.68
14/09/2025 17:30;465.67
14/09/2025 17:45;465.66
14/09/2025 18:00;465.66
14/09/2025 18:15;465.66
14/09/2025 18:30;465.65
14/09/2025 18:45;465.65
14/09/2025 19:00;465.65
14/09/2025 19:15;465.65
14/09/2025 19:30;465.64
14/09/2025 19:45;465.64
14/09/2025 20:00;465.63
14/09/2025 20:15;465.63
14/09/2025 20:30;465.63
14/09/2025 20:45;465.62
14/09/2025 21:00;465.62
14/09/2025 21:15;465.62
14/09/2025 21:30;465.61
14/09/2025 21:45;465.61
14/09/2025 22:00;465.61
14/09/2025 22:15;465.6
14/09/2025 22:30;465.6
14/09/2025 22:45;465.6
14/09/2025 23:00;465.59
14/09/2025 23:15;465.59
14/09/2025 23:30;465.59
14/09/2025 23:45;465.59
15/09/2025 00:00;465.59
15/09/2025 00:15;465.58
15/09/2025 00:30;465.58
15/09/2025 00:45;465.58
15/09/2025 01:00;465.57
15/09/2025 01:15;465.57
15/09/2025 01:30;465.57
15/09/2025 01:45;465.57
15/09/2025 02:00;465.56
15/09/2025 02:15;465.56
15/09/2025 02:30;465.56
15/09/2025 02:45;465.56
15/09/2025 03:00;465.55
15/09/2025 03:15;465.55
15/09/2025 03:30;465.55
15/09/2025 03:45;465.55
15/09/2025 04:00;465.54
15/09/2025 04:15;465.54
15/09/2025 04:30;465.54
15/09/2025 04:45;465.53
15/09/2025 05:00;465.53
15/09/2025 05:15;465.53
15/09/2025 05:30;465.53
15/09/2025 05:45;465.53
15/09/2025 06:00;465.52
15/09/2025 06:15;465.52
15/09/2025 06:30;465.52
15/09/2025 06:45;465.51
15/09/2025 07:00;465.51
15/09/2025 07:15;465.51
15/09/2025 07:30;465.51
15/09/2025 07:45;465.5
15/09/2025 08:00;465.5
15/09/2025 08:15;465.5
15/09/2025 08:30;465.5
15/09/2025 08:45;465.49
15/09/2025 09:00;465.49
15/09/2025 09:15;465.49
15/09/2025 09:30;465.49
15/09/2025 09:45;465.49
15/09/2025 10:00;465.48
15/09/2025 10:15;465.48
15/09/2025 10:30;465.48
15/09/2025 10:45;465.48
15/09/2025 11:00;465.47
15/09/2025 11:15;465.47
15/09/2025 11:30;465.46
15/09/2025 11:45;465.46
15/09/2025 12:00;465.46
15/09/2025 12:15;465.45
15/09/2025 12:30;465.45
15/09/2025 12:45;465.45
15/09/2025 13:00;465.44
15/09/2025 13:15;465.44
15/09/2025 13:30;465.43
15/09/2025 13:45;465.43
15/09/2025 14:00;465.42
15/09/2025 14:15;465.42
15/09/2025 14:30;465.42
15/09/2025 14:45;465.41
15/09/2025 15:00;465.41
15/09/2025 15:15;465.41
15/09/2025 15:30;465.4
15/09/2025 15:45;465.4
15/09/2025 16:00;465.4
15/09/2025 16:15;465.39
15/09/2025 16:30;465.39
15/09/2025 16:45;465.38
15/09/2025 17:00;465.38
15/09/2025 17:15;465.38
15/09/2025 17:30;465.37
15/09/2025 17:45;465.37
15/09/2025 18:00;465.37
15/09/2025 18:15;465.36
15/09/2025 18:30;465.36
15/09/2025 18:45;465.36
15/09/2025 19:00;465.35
15/09/2025 19:15;465.35
15/09/2025 19:30;465.35
15/09/2025 19:45;465.34
15/09/2025 20:00;465.34
15/09/2025 20:15;465.34
15/09/2025 20:30;465.33
15/09/2025 20:45;465.33
15/09/2025 21:00;465.33
15/09/2025 21:15;465.32
15/09/2025 21:30;465.32
15/09/2025 21:45;465.32
15/09/2025 22:00;465.32
15/09/2025 22:15;465.31
15/09/2025 22:30;465.31
15/09/2025 22:45;465.31
15/09/2025 23:00;465.3
15/09/2025 23:15;465.3
15/09/2025 23:30;465.29
15/09/2025 23:45;465.29
16/09/2025 00:00;465.28
16/09/2025 00:15;465.28
16/09/2025 00:30;465.28
16/09/2025 00:45;465.28
16/09/2025 01:00;465.27
16/09/2025 01:15;465.27
16/09/2025 01:30;465.27
16/09/2025 01:45;465.26
16/09/2025 02:00;465.26
16/09/2025 02:15;465.26
16/09/2025 02:30;465.26
16/09/2025 02:45;465.25
16/09/2025 03:00;465.25
16/09/2025 03:15;465.25
16/09/2025 03:30;465.24
16/09/2025 03:45;465.24
16/09/2025 04:00;465.24
16/09/2025 04:15;465.24
16/09/2025 04:30;465.23
16/09/2025 04:45;465.23
16/09/2025 05:00;465.22
16/09/2025 05:15;465.22
16/09/2025 05:30;465.22
16/09/2025 05:45;465.22
16/09/2025 06:00;465.21
16/09/2025 06:15;465.21
16/09/2025 06:30;465.21
16/09/2025 06:45;465.21
16/09/2025 07:00;465.2
16/09/2025 07:15;465.2
16/09/2025 07:30;465.2
16/09/2025 07:45;465.19
16/09/2025 08:00;465.19
16/09/2025 08:15;465.19
16/09/2025 08:30;465.18
16/09/2025 08:45;465.18
16/09/2025 09:00;465.18
16/09/2025 09:15;465.17
16/09/2025 09:30;465.17
16/09/2025 09:45;465.17
16/09/2025 10:00;465.17
16/09/2025 10:15;465.16
16/09/2025 10:30;465.16
16/09/2025 10:45;465.16
16/09/2025 11:00;465.15
16/09/2025 11:15;465.15
16/09/2025 11:30;465.14
16/09/2025 11:45;465.14
16/09/2025 12:00;465.14
16/09/2025 12:15;465.13
16/09/2025 12:30;465.13
16/09/2025 12:45;465.13
16/09/2025 13:00;465.13
16/09/2025 13:15;465.12
16/09/2025 13:30;465.12
16/09/2025 13:45;465.12
16/09/2025 14:00;465.12
16/09/2025 14:15;465.11
16/09/2025 14:30;465.11
16/09/2025 14:45;465.1
16/09/2025 15:00;465.1
16/09/2025 15:15;465.09
16/09/2025 15:30;465.09
16/09/2025 15:45;465.09
16/09/2025 16:00;465.08
16/09/2025 16:15;465.08
16/09/2025 16:30;465.08
16/09/2025 16:45;465.07
16/09/2025 17:00;465.07
16/09/2025 17:15;465.07
16/09/2025 17:30;465.06
16/09/2025 17:45;465.06
16/09/2025 18:00;465.06
16/09/2025 18:15;465.05
16/09/2025 18:30;465.05
16/09/2025 18:45;465.04
16/09/2025 19:00;465.04
16/09/2025 19:15;465.04
16/09/2025 19:30;465.03
16/09/2025 19:45;465.03
16/09/2025 20:00;465.03
16/09/2025 20:15;465.02
16/09/2025 20:30;465.02
16/09/2025 20:45;465.01
16/09/2025 21:00;465.01
16/09/2025 21:15;465.01
16/09/2025 21:30;465
16/09/2025 21:45;465
16/09/2025 22:00;465
16/09/2025 22:15;464.99
16/09/2025 22:30;464.99
16/09/2025 22:45;464.99
16/09/2025 23:00;464.98
16/09/2025 23:15;464.98
16/09/2025 23:30;464.98
16/09/2025 23:45;464.97
17/09/2025 00:00;464.97
17/09/2025 00:15;464.97
17/09/2025 00:30;464.96
17/09/2025 00:45;464.96
17/09/2025 01:00;464.96
17/09/2025 01:15;464.95
17/09/2025 01:30;464.95
17/09/2025 01:45;464.95
17/09/2025 02:00;464.94
17/09/2025 02:15;464.94
17/09/2025 02:30;464.94
17/09/2025 02:45;464.93
17/09/2025 03:00;464.93
17/09/2025 03:15;464.93
17/09/2025 03:30;464.93
17/09/2025 03:45;464.92
17/09/2025 04:00;464.92
17/09/2025 04:15;464.92
17/09/2025 04:30;464.91
17/09/2025 04:45;464.91
17/09/2025 05:00;464.91
17/09/2025 05:15;464.9
17/09/2025 05:30;464.9
17/09/2025 05:45;464.9
17/09/2025 06:00;464.89
17/09/2025 06:15;464.89
17/09/2025 06:30;464.89
17/09/2025 06:45;464.89
17/09/2025 07:00;464.88
17/09/2025 07:15;464.88
17/09/2025 07:30;464.88
17/09/2025 07:45;464.87
17/09/2025 08:00;464.87
17/09/2025 08:15;464.87
17/09/2025 08:30;464.86
17/09/2025 08:45;464.86
17/09/2025 09:00;464.86
17/09/2025 09:15;464.86
17/09/2025 09:30;464.85
17/09/2025 09:45;464.85
17/09/2025 10:00;464.85
17/09/2025 10:15;464.85
17/09/2025 10:30;464.84
17/09/2025 10:45;464.84
17/09/2025 11:00;464.84
17/09/2025 11:15;464.83
17/09/2025 11:30;464.83
17/09/2025 11:45;464.83
17/09/2025 12:00;464.82
17/09/2025 12:15;464.82
17/09/2025 12:30;464.82
17/09/2025 12:45;464.82
17/09/2025 13:00;464.81
17/09/2025 13:15;464.81
17/09/2025 13:30;464.81
17/09/2025 13:45;464.8
17/09/2025 14:00;464.8
17/09/2025 14:15;464.8
17/09/2025 14:30;464.79
17/09/2025 14:45;464.79
17/09/2025 15:00;464.78
17/09/2025 15:15;464.78
17/09/2025 15:30;464.77
17/09/2025 15:45;464.77
17/09/2025 16:00;464.77
17/09/2025 16:15;464.76
17/09/2025 16:30;464.76
17/09/2025 16:45;464.76
17/09/2025 17:00;464.75
17/09/2025 17:15;464.75
17/09/2025 17:30;464.75
17/09/2025 17:45;464.74
17/09/2025 18:00;464.74
17/09/2025 18:15;464.73
17/09/2025 18:30;464.73
17/09/2025 18:45;464.73
17/09/2025 19:00;464.73
17/09/2025 19:15;464.72
17/09/2025 19:30;464.72
17/09/2025 19:45;464.71
17/09/2025 20:00;464.71
17/09/2025 20:15;464.71
17/09/2025 20:30;464.7
17/09/2025 20:45;464.7
17/09/2025 21:00;464.7
17/09/2025 21:15;464.69
17/09/2025 21:30;464.69
17/09/2025 21:45;464.69
17/09/2025 22:00;464.68
17/09/2025 22:15;464.68
17/09/2025 22:30;464.68
17/09/2025 22:45;464.67
17/09/2025 23:00;464.67
17/09/2025 23:15;464.67
17/09/2025 23:30;464.66
17/09/2025 23:45;464.66
18/09/2025 00:00;464.66
18/09/2025 00:15;464.66
18/09/2025 00:30;464.66
18/09/2025 00:45;464.65
18/09/2025 01:00;464.65
18/09/2025 01:15;464.65
18/09/2025 01:30;464.65
18/09/2025 01:45;464.64
18/09/2025 02:00;464.64
18/09/2025 02:15;464.64
18/09/2025 02:30;464.63
18/09/2025 02:45;464.63
18/09/2025 03:00;464.63
18/09/2025 03:15;464.63
18/09/2025 03:30;464.62
18/09/2025 03:45;464.62
18/09/2025 04:00;464.62
18/09/2025 04:15;464.61
18/09/2025 04:30;464.61
18/09/2025 04:45;464.61
18/09/2025 05:00;464.61
18/09/2025 05:15;464.6
18/09/2025 05:30;464.6
18/09/2025 05:45;464.6
18/09/2025 06:00;464.6
18/09/2025 06:15;464.59
18/09/2025 06:30;464.59
18/09/2025 06:45;464.59
18/09/2025 07:00;464.59
18/09/2025 07:15;464.58
18/09/2025 07:30;464.58
18/09/2025 07:45;464.57
18/09/2025 08:00;464.57
18/09/2025 08:15;464.57
18/09/2025 08:30;464.57
18/09/2025 08:45;464.57
18/09/2025 09:00;464.56
18/09/2025 09:15;464.56
18/09/2025 09:30;464.56
18/09/2025 09:45;464.55
18/09/2025 10:00;464.55
18/09/2025 10:15;464.55
18/09/2025 10:30;464.55
18/09/2025 10:45;464.54
18/09/2025 11:00;464.54
18/09/2025 11:15;464.54
18/09/2025 11:30;464.53
18/09/2025 11:45;464.53
18/09/2025 12:00;464.53
18/09/2025 12:15;464.53
18/09/2025 12:30;464.52
18/09/2025 12:45;464.52
18/09/2025 13:00;464.52
18/09/2025 13:15;464.51
18/09/2025 13:30;464.51
18/09/2025 13:45;464.51
18/09/2025 14:00;464.5
18/09/2025 14:15;464.5
18/09/2025 14:30;464.5
18/09/2025 14:45;464.49
18/09/2025 15:00;464.49
18/09/2025 15:15;464.48
18/09/2025 15:30;464.48
18/09/2025 15:45;464.48
18/09/2025 16:00;464.47
18/09/2025 16:15;464.47
18/09/2025 16:30;464.47
18/09/2025 16:45;464.46
18/09/2025 17:00;464.46
18/09/2025 17:15;464.45
18/09/2025 17:30;464.45
18/09/2025 17:45;464.45
18/09/2025 18:00;464.45
18/09/2025 18:15;464.44
18/09/2025 18:30;464.44
18/09/2025 18:45;464.43
18/09/2025 19:00;464.43
18/09/2025 19:15;464.43
18/09/2025 19:30;464.42
18/09/2025 19:45;464.42
18/09/2025 20:00;464.42
18/09/2025 20:15;464.41
18/09/2025 20:30;464.41
18/09/2025 20:45;464.41
18/09/2025 21:00;464.4
18/09/2025 21:15;464.4
18/09/2025 21:30;464.4
18/09/2025 21:45;464.39
18/09/2025 22:00;464.39
18/09/2025 22:15;464.39
18/09/2025 22:30;464.38
18/09/2025 22:45;464.38
18/09/2025 23:00;464.38
18/09/2025 23:15;464.37
18/09/2025 23:30;464.37
18/09/2025 23:45;464.37
19/09/2025 00:00;464.37
19/09/2025 00:15;464.36
19/09/2025 00:30;464.36
19/09/2025 00:45;464.36
19/09/2025 01:00;464.36
19/09/2025 01:15;464.35
19/09/2025 01:30;464.35
19/09/2025 01:45;464.35
19/09/2025 02:00;464.35
19/09/2025 02:15;464.34
19/09/2025 02:30;464.34
19/09/2025 02:45;464.34
19/09/2025 03:00;464.34
19/09/2025 03:15;464.34
19/09/2025 03:30;464.33
19/09/2025 03:45;464.33
19/09/2025 04:00;464.32
19/09/2025 04:15;464.32
19/09/2025 04:30;464.32
19/09/2025 04:45;464.32
19/09/2025 05:00;464.31
19/09/2025 05:15;464.31
19/09/2025 05:30;464.31
19/09/2025 05:45;464.31
19/09/2025 06:00;464.3
19/09/2025 06:15;464.3
19/09/2025 06:30;464.3
19/09/2025 06:45;464.29
19/09/2025 07:00;464.29
19/09/2025 07:15;464.29
19/09/2025 07:30;464.29
19/09/2025 07:45;464.28
19/09/2025 08:00;464.28
19/09/2025 08:15;464.28
19/09/2025 08:30;464.28
19/09/2025 08:45;464.27
19/09/2025 09:00;464.27
19/09/2025 09:15;464.27
19/09/2025 09:30;464.27
19/09/2025 09:45;464.26
19/09/2025 10:00;464.26
19/09/2025 10:15;464.26
19/09/2025 10:30;464.26
19/09/2025 10:45;464.26
19/09/2025 11:00;464.25
19/09/2025 11:15;464.25
19/09/2025 11:30;464.25
19/09/2025 11:45;464.24
19/09/2025 12:00;464.24
19/09/2025 12:15;464.24
19/09/2025 12:30;464.24
19/09/2025 12:45;464.23
19/09/2025 13:00;464.23
19/09/2025 13:15;464.23
19/09/2025 13:30;464.23
19/09/2025 13:45;464.22
19/09/2025 14:00;464.22
19/09/2025 14:15;464.22
19/09/2025 14:30;464.21
19/09/2025 14:45;464.21
19/09/2025 15:00;464.21
19/09/2025 15:15;464.2
19/09/2025 15:30;464.2
19/09/2025 15:45;464.2
19/09/2025 16:00;464.19
19/09/2025 16:15;464.19
19/09/2025 16:30;464.19
19/09/2025 16:45;464.19
19/09/2025 17:00;464.18
19/09/2025 17:15;464.18
19/09/2025 17:30;464.18
19/09/2025 17:45;464.17
19/09/2025 18:00;464.17
19/09/2025 18:15;464.17
19/09/2025 18:30;464.16
19/09/2025 18:45;464.16
19/09/2025 19:00;464.16
19/09/2025 19:15;464.15
19/09/2025 19:30;464.15
19/09/2025 19:45;464.15
19/09/2025 20:00;464.14
19/09/2025 20:15;464.14
19/09/2025 20:30;464.14
19/09/2025 20:45;464.14
19/09/2025 21:00;464.13
19/09/2025 21:15;464.13
19/09/2025 21:30;464.13
19/09/2025 21:45;464.13
19/09/2025 22:00;464.13
19/09/2025 22:15;464.12
19/09/2025 22:30;464.12
19/09/2025 22:45;464.12
19/09/2025 23:00;464.11
19/09/2025 23:15;464.11
19/09/2025 23:30;464.11
19/09/2025 23:45;464.11
20/09/2025 00:00;464.11
20/09/2025 00:15;464.11
20/09/2025 00:30;464.1
20/09/2025 00:45;464.1
20/09/2025 01:00;464.09
20/09/2025 01:15;464.09
20/09/2025 01:30;464.09
20/09/2025 01:45;464.08
20/09/2025 02:00;464.08
20/09/2025 02:15;464.08
20/09/2025 02:30;464.08
20/09/2025 02:45;464.07
20/09/2025 03:00;464.08
20/09/2025 03:15;464.07
20/09/2025 03:30;464.07
20/09/2025 03:45;464.07
20/09/2025 04:00;464.06
20/09/2025 04:15;464.06
20/09/2025 04:30;464.06
20/09/2025 04:45;464.05
20/09/2025 05:00;464.05
20/09/2025 05:15;464.05
20/09/2025 05:30;464.04
20/09/2025 05:45;464.04
20/09/2025 06:00;464.04
20/09/2025 06:15;464.04
20/09/2025 06:30;464.04
20/09/2025 06:45;464.04
20/09/2025 07:00;464.04
20/09/2025 07:15;464.04
20/09/2025 07:30;464.03
20/09/2025 07:45;464.03
20/09/2025 08:00;464.02
20/09/2025 08:15;464.02
20/09/2025 08:30;464.02
20/09/2025 08:45;464.02
20/09/2025 09:00;464.02
20/09/2025 09:15;464.01
20/09/2025 09:30;464.01
20/09/2025 09:45;464.01
20/09/2025 10:00;464.01
20/09/2025 10:15;464.01
20/09/2025 10:30;464.01
20/09/2025 10:45;464.01
20/09/2025 11:00;464
20/09/2025 11:15;464
20/09/2025 11:30;464
20/09/2025 11:45;464
20/09/2025 12:00;463.99
20/09/2025 12:15;463.99
20/09/2025 12:30;463.99
20/09/2025 12:45;463.99
20/09/2025 13:00;463.98
20/09/2025 13:15;463.98
20/09/2025 13:30;463.98
20/09/2025 13:45;463.98
20/09/2025 14:00;463.97
20/09/2025 14:15;463.97
20/09/2025 14:30;463.97
20/09/2025 14:45;463.97
20/09/2025 15:00;463.96
20/09/2025 15:15;463.96
20/09/2025 15:30;463.96
20/09/2025 15:45;463.96
20/09/2025 16:00;463.95
20/09/2025 16:15;463.95
20/09/2025 16:30;463.95
20/09/2025 16:45;463.95
20/09/2025 17:00;463.95
20/09/2025 17:15;463.94
20/09/2025 17:30;463.94
20/09/2025 17:45;463.94
20/09/2025 18:00;463.93
20/09/2025 18:15;463.93
20/09/2025 18:30;463.93
20/09/2025 18:45;463.92
20/09/2025 19:00;463.92
20/09/2025 19:15;463.92
20/09/2025 19:30;463.92
20/09/2025 19:45;463.91
20/09/2025 20:00;463.91
20/09/2025 20:15;463.91
20/09/2025 20:30;463.91
20/09/2025 20:45;463.9
20/09/2025 21:00;463.9
20/09/2025 21:15;463.89
20/09/2025 21:30;463.88
20/09/2025 21:45;463.91
20/09/2025 22:00;463.89
20/09/2025 22:15;463.9
20/09/2025 22:30;463.89
20/09/2025 22:45;463.89
20/09/2025 23:00;463.89
20/09/2025 23:15;463.89
20/09/2025 23:30;463.89
20/09/2025 23:45;463.88
21/09/2025 00:00;463.88
21/09/2025 00:15;463.87
21/09/2025 00:30;463.88
21/09/2025 00:45;463.87
21/09/2025 01:00;463.87
21/09/2025 01:15;463.87
21/09/2025 01:30;463.87
21/09/2025 01:45;463.86
21/09/2025 02:00;463.87
21/09/2025 02:15;463.87
21/09/2025 02:30;463.87
21/09/2025 02:45;463.87
21/09/2025 03:00;463.86
21/09/2025 03:15;463.86
21/09/2025 03:30;463.86
21/09/2025 03:45;463.86
21/09/2025 04:00;463.85
21/09/2025 04:15;463.86
21/09/2025 04:30;463.85
21/09/2025 04:45;463.86
21/09/2025 05:00;463.85
21/09/2025 05:15;463.86
21/09/2025 05:30;463.85
21/09/2025 05:45;463.85
21/09/2025 06:00;463.85
21/09/2025 06:15;463.84
21/09/2025 06:30;463.84
21/09/2025 06:45;463.84
21/09/2025 07:00;463.84
21/09/2025 07:15;463.84
21/09/2025 07:30;463.83
21/09/2025 07:45;463.83
21/09/2025 08:00;463.83
21/09/2025 08:15;463.83
21/09/2025 08:30;463.83
21/09/2025 08:45;463.82
21/09/2025 09:00;463.82
21/09/2025 09:15;463.82
21/09/2025 09:30;463.82
21/09/2025 09:45;463.82
21/09/2025 10:00;463.81
21/09/2025 10:15;463.81
21/09/2025 10:30;463.81
21/09/2025 10:45;463.81
21/09/2025 11:00;463.81
21/09/2025 11:15;463.81
21/09/2025 11:30;463.8
21/09/2025 11:45;463.8
21/09/2025 12:00;463.8
21/09/2025 12:15;463.79
21/09/2025 12:30;463.8
21/09/2025 12:45;463.79
21/09/2025 13:00;463.79
21/09/2025 13:15;463.79
21/09/2025 13:30;463.78
21/09/2025 13:45;463.78
21/09/2025 14:00;463.78
21/09/2025 14:15;463.78
21/09/2025 14:30;463.78
21/09/2025 14:45;463.78
21/09/2025 15:00;463.77
21/09/2025 15:15;463.77
21/09/2025 15:30;463.77
21/09/2025 15:45;463.77
21/09/2025 16:00;463.77
21/09/2025 16:15;463.76
21/09/2025 16:30;463.76
21/09/2025 16:45;463.76
21/09/2025 17:00;463.76
21/09/2025 17:15;463.76
21/09/2025 17:30;463.75
21/09/2025 17:45;463.75
21/09/2025 18:00;463.75
21/09/2025 18:15;463.75
21/09/2025 18:30;463.75
21/09/2025 18:45;463.74
21/09/2025 19:00;463.74
21/09/2025 19:15;463.75
21/09/2025 19:30;463.74
21/09/2025 19:45;463.74
21/09/2025 20:00;463.74
21/09/2025 20:15;463.74
21/09/2025 20:30;463.74
21/09/2025 20:45;463.74
21/09/2025 21:00;463.74
21/09/2025 21:15;463.74
21/09/2025 21:30;463.73
21/09/2025 21:45;463.73
21/09/2025 22:00;463.73
21/09/2025 22:15;463.73
21/09/2025 22:30;463.72
21/09/2025 22:45;463.72
21/09/2025 23:00;463.72
21/09/2025 23:15;463.72
21/09/2025 23:30;463.72
21/09/2025 23:45;463.72
22/09/2025 00:00;463.72
22/09/2025 00:15;463.71
22/09/2025 00:30;463.71
22/09/2025 00:45;463.71
22/09/2025 01:00;463.71
22/09/2025 01:15;463.71
22/09/2025 01:30;463.71
22/09/2025 01:45;463.71
22/09/2025 02:00;463.7
22/09/2025 02:15;463.7
22/09/2025 02:30;463.7
22/09/2025 02:45;463.7
22/09/2025 03:00;463.7
22/09/2025 03:15;463.69
22/09/2025 03:30;463.69
22/09/2025 03:45;463.69
22/09/2025 04:00;463.69
22/09/2025 04:15;463.69
22/09/2025 04:30;463.68
22/09/2025 04:45;463.68
22/09/2025 05:00;463.68
22/09/2025 05:15;463.68
22/09/2025 05:30;463.68
22/09/2025 05:45;463.68
22/09/2025 06:00;463.68
22/09/2025 06:15;463.68
22/09/2025 06:30;463.67
22/09/2025 06:45;463.67
22/09/2025 07:00;463.67
22/09/2025 07:15;463.67
22/09/2025 07:30;463.67
22/09/2025 07:45;463.67
22/09/2025 08:00;463.66
22/09/2025 08:15;463.66
22/09/2025 08:30;463.66
22/09/2025 08:45;463.66
22/09/2025 09:00;463.66
22/09/2025 09:15;463.66
22/09/2025 09:30;463.66
22/09/2025 09:45;463.65
22/09/2025 10:00;463.65
22/09/2025 10:15;463.65
22/09/2025 10:30;463.65
22/09/2025 10:45;463.65
22/09/2025 11:00;463.65
22/09/2025 11:15;463.65
22/09/2025 11:30;463.65
22/09/2025 11:45;463.65
22/09/2025 12:00;463.65
22/09/2025 12:15;463.64
22/09/2025 12:30;463.65
22/09/2025 12:45;463.65
22/09/2025 13:00;463.64
22/09/2025 13:15;463.64
22/09/2025 13:30;463.64
22/09/2025 13:45;463.64
22/09/2025 14:00;463.64
22/09/2025 14:15;463.64
22/09/2025 14:30;463.64
22/09/2025 14:45;463.63
22/09/2025 15:00;463.63
22/09/2025 15:15;463.63
22/09/2025 15:30;463.63
22/09/2025 15:45;463.62
22/09/2025 16:00;463.62
22/09/2025 16:15;463.62
22/09/2025 16:30;463.62
22/09/2025 16:45;463.62
22/09/2025 17:00;463.62
22/09/2025 17:15;463.61
22/09/2025 17:30;463.62
22/09/2025 17:45;463.61
22/09/2025 18:00;463.61
22/09/2025 18:15;463.61
22/09/2025 18:30;463.61
22/09/2025 18:45;463.61
22/09/2025 19:00;463.6
22/09/2025 19:15;463.6
22/09/2025 19:30;463.6
22/09/2025 19:45;463.6
22/09/2025 20:00;463.6
22/09/2025 20:15;463.6
22/09/2025 20:30;463.6
22/09/2025 20:45;463.59
22/09/2025 21:00;463.59
22/09/2025 21:15;463.59
22/09/2025 21:30;463.59
22/09/2025 21:45;463.59
22/09/2025 22:00;463.59
22/09/2025 22:15;463.59
22/09/2025 22:30;463.59
22/09/2025 22:45;463.58
22/09/2025 23:00;463.58
22/09/2025 23:15;463.58
22/09/2025 23:30;463.58
22/09/2025 23:45;463.58
23/09/2025 00:00;463.58
23/09/2025 00:15;463.57
23/09/2025 00:30;463.58
23/09/2025 00:45;463.57
23/09/2025 01:00;463.57
23/09/2025 01:15;463.57
23/09/2025 01:30;463.57
23/09/2025 01:45;463.57
23/09/2025 02:00;463.57
23/09/2025 02:15;463.57
23/09/2025 02:30;463.56
23/09/2025 02:45;463.56
23/09/2025 03:00;463.56
23/09/2025 03:15;463.56
23/09/2025 03:30;463.56
23/09/2025 03:45;463.56
23/09/2025 04:00;463.56
23/09/2025 04:15;463.56
23/09/2025 04:30;463.56
23/09/2025 04:45;463.56
23/09/2025 05:00;463.56
23/09/2025 05:15;463.56
23/09/2025 05:30;463.56
23/09/2025 05:45;463.56
23/09/2025 06:00;463.56
23/09/2025 06:15;463.56
23/09/2025 06:30;463.55
23/09/2025 06:45;463.55
23/09/2025 07:00;463.55
23/09/2025 07:15;463.55
23/09/2025 07:30;463.54
23/09/2025 07:45;463.54
23/09/2025 08:00;463.54
23/09/2025 08:15;463.54
23/09/2025 08:30;463.54
23/09/2025 08:45;463.54
23/09/2025 09:00;463.54
23/09/2025 09:15;463.54
23/09/2025 09:30;463.53
23/09/2025 09:45;463.53
23/09/2025 10:00;463.54
23/09/2025 10:15;463.53
23/09/2025 10:30;463.53
23/09/2025 10:45;463.53
23/09/2025 11:00;463.53
23/09/2025 11:15;463.52
23/09/2025 11:30;463.52
23/09/2025 11:45;463.52
23/09/2025 12:00;463.52
23/09/2025 12:15;463.52
23/09/2025 12:30;463.52
23/09/2025 12:45;463.52
23/09/2025 13:00;463.52
23/09/2025 13:15;463.51
23/09/2025 13:30;463.51
23/09/2025 13:45;463.51
23/09/2025 14:00;463.51
23/09/2025 14:15;463.51
23/09/2025 14:30;463.5
23/09/2025 14:45;463.5
23/09/2025 15:00;463.5
23/09/2025 15:15;463.5
23/09/2025 15:30;463.5
23/09/2025 15:45;463.5
23/09/2025 16:00;463.5
23/09/2025 16:15;463.5
23/09/2025 16:30;463.49
23/09/2025 16:45;463.49
23/09/2025 17:00;463.49
23/09/2025 17:15;463.49
23/09/2025 17:30;463.49
23/09/2025 17:45;463.48
23/09/2025 18:00;463.48
23/09/2025 18:15;463.48
23/09/2025 18:30;463.48
23/09/2025 18:45;463.48
23/09/2025 19:00;463.47
23/09/2025 19:15;463.47
23/09/2025 19:30;463.47
23/09/2025 19:45;463.47
23/09/2025 20:00;463.47
23/09/2025 20:15;463.47
23/09/2025 20:30;463.47
23/09/2025 20:45;463.47
23/09/2025 21:00;463.47
23/09/2025 21:15;463.47
23/09/2025 21:30;463.46
23/09/2025 21:45;463.46
23/09/2025 22:00;463.46
23/09/2025 22:15;463.46
23/09/2025 22:30;463.46
23/09/2025 22:45;463.45
23/09/2025 23:00;463.45
23/09/2025 23:15;463.45
23/09/2025 23:30;463.45
23/09/2025 23:45;463.45
24/09/2025 00:00;463.45
24/09/2025 00:15;463.44
24/09/2025 00:30;463.44
24/09/2025 00:45;463.44
24/09/2025 01:00;463.44
24/09/2025 01:15;463.44
24/09/2025 01:30;463.44
24/09/2025 01:45;463.44
24/09/2025 02:00;463.44
24/09/2025 02:15;463.43
24/09/2025 02:30;463.43
24/09/2025 02:45;463.43
24/09/2025 03:00;463.43
24/09/2025 03:15;463.43
24/09/2025 03:30;463.43
24/09/2025 03:45;463.43
24/09/2025 04:00;463.43
24/09/2025 04:15;463.42
24/09/2025 04:30;463.42
24/09/2025 04:45;463.42
24/09/2025 05:00;463.42
24/09/2025 05:15;463.42
24/09/2025 05:30;463.42
24/09/2025 05:45;463.41
24/09/2025 06:00;463.41
24/09/2025 06:15;463.41
24/09/2025 06:30;463.41
24/09/2025 06:45;463.41
24/09/2025 07:00;463.41
24/09/2025 07:15;463.41
24/09/2025 07:30;463.41
24/09/2025 07:45;463.4
24/09/2025 08:00;463.4
24/09/2025 08:15;463.4
24/09/2025 08:30;463.4
24/09/2025 08:45;463.4
24/09/2025 09:00;463.4
24/09/2025 09:15;463.4
24/09/2025 09:30;463.4
24/09/2025 09:45;463.4
24/09/2025 10:00;463.39
24/09/2025 10:15;463.39
24/09/2025 10:30;463.39
24/09/2025 10:45;463.39
24/09/2025 11:00;463.39
24/09/2025 11:15;463.39
24/09/2025 11:30;463.39
24/09/2025 11:45;463.38
24/09/2025 12:00;463.38
24/09/2025 12:15;463.38
24/09/2025 12:30;463.38
24/09/2025 12:45;463.38
24/09/2025 13:00;463.38
24/09/2025 13:15;463.38
24/09/2025 13:30;463.38
24/09/2025 13:45;463.37
24/09/2025 14:00;463.37
24/09/2025 14:15;463.37
24/09/2025 14:30;463.36
24/09/2025 14:45;463.36
24/09/2025 15:00;463.36
24/09/2025 15:15;463.36
24/09/2025 15:30;463.36
24/09/2025 15:45;463.36
24/09/2025 16:00;463.36
24/09/2025 16:15;463.35
24/09/2025 16:30;463.36
24/09/2025 16:45;463.35
24/09/2025 17:00;463.35
24/09/2025 17:15;463.35
24/09/2025 17:30;463.35
24/09/2025 17:45;463.35
24/09/2025 18:00;463.35
24/09/2025 18:15;463.35
24/09/2025 18:30;463.34
24/09/2025 18:45;463.34
24/09/2025 19:00;463.34
24/09/2025 19:15;463.34
24/09/2025 19:30;463.33
24/09/2025 19:45;463.33
24/09/2025 20:00;463.33
24/09/2025 20:15;463.33
24/09/2025 20:30;463.32
24/09/2025 20:45;463.32
24/09/2025 21:00;463.32
24/09/2025 21:15;463.32
24/09/2025 21:30;463.31
24/09/2025 21:45;463.32
24/09/2025 22:00;463.31
24/09/2025 22:15;463.31
24/09/2025 22:30;463.31
24/09/2025 22:45;463.31
24/09/2025 23:00;463.31
24/09/2025 23:15;463.31
24/09/2025 23:30;463.31
24/09/2025 23:45;463.31
25/09/2025 00:00;463.31
25/09/2025 00:15;463.3
25/09/2025 00:30;463.31
25/09/2025 00:45;463.3
25/09/2025 01:00;463.3
25/09/2025 01:15;463.3
25/09/2025 01:30;463.32
25/09/2025 01:45;463.32
25/09/2025 02:00;463.32
25/09/2025 02:15;463.32
25/09/2025 02:30;463.32
25/09/2025 02:45;463.32
25/09/2025 03:00;463.32
25/09/2025 03:15;463.32
25/09/2025 03:30;463.31
25/09/2025 03:45;463.32
25/09/2025 04:00;463.31
25/09/2025 04:15;463.31
25/09/2025 04:30;463.31
25/09/2025 04:45;463.31
25/09/2025 05:00;463.31
25/09/2025 05:15;463.31
25/09/2025 05:30;463.3
25/09/2025 05:45;463.3
25/09/2025 06:00;463.3
25/09/2025 06:15;463.3
25/09/2025 06:30;463.3
25/09/2025 06:45;463.29
25/09/2025 07:00;463.29
25/09/2025 07:15;463.29
25/09/2025 07:30;463.29
25/09/2025 07:45;463.29
25/09/2025 08:00;463.29
25/09/2025 08:15;463.29
25/09/2025 08:30;463.29
25/09/2025 08:45;463.29
25/09/2025 09:00;463.29
25/09/2025 09:15;463.28
25/09/2025 09:30;463.29
25/09/2025 09:45;463.28
25/09/2025 10:00;463.28
25/09/2025 10:15;463.28
25/09/2025 10:30;463.28
25/09/2025 10:45;463.28
25/09/2025 11:00;463.28
25/09/2025 11:15;463.28
25/09/2025 11:30;463.28
25/09/2025 11:45;463.28
25/09/2025 12:00;463.27
25/09/2025 12:15;463.27
25/09/2025 12:30;463.27
25/09/2025 12:45;463.27
25/09/2025 13:00;463.27
25/09/2025 13:15;463.27
25/09/2025 13:30;463.26
25/09/2025 13:45;463.26
25/09/2025 14:00;463.26
25/09/2025 14:15;463.26
25/09/2025 14:30;463.25
25/09/2025 14:45;463.25
25/09/2025 15:00;463.25
25/09/2025 15:15;463.25
25/09/2025 15:30;463.24
25/09/2025 15:45;463.24
25/09/2025 16:00;463.24
25/09/2025 16:15;463.24
25/09/2025 16:30;463.24
25/09/2025 16:45;463.24
25/09/2025 17:00;463.24
25/09/2025 17:15;463.23
25/09/2025 17:30;463.23
25/09/2025 17:45;463.23
25/09/2025 18:00;463.23
25/09/2025 18:15;463.23
25/09/2025 18:30;463.23
25/09/2025 18:45;463.22
25/09/2025 19:00;463.22
25/09/2025 19:15;463.22
25/09/2025 19:30;463.22
25/09/2025 19:45;463.22
25/09/2025 20:00;463.22
25/09/2025 20:15;463.22
25/09/2025 20:30;463.22
25/09/2025 20:45;463.22
25/09/2025 21:00;463.21
25/09/2025 21:15;463.21
25/09/2025 21:30;463.21
25/09/2025 21:45;463.21
25/09/2025 22:00;463.2
25/09/2025 22:15;463.2
25/09/2025 22:30;463.2
25/09/2025 22:45;463.2
25/09/2025 23:00;463.2
25/09/2025 23:15;463.2
25/09/2025 23:30;463.19
25/09/2025 23:45;463.19
26/09/2025 00:00;463.19
26/09/2025 00:15;463.19
26/09/2025 00:30;463.18
26/09/2025 00:45;463.18
26/09/2025 01:00;463.18
26/09/2025 01:15;463.18
26/09/2025 01:30;463.18
26/09/2025 01:45;463.17
26/09/2025 02:00;463.17
26/09/2025 02:15;463.17
26/09/2025 02:30;463.17
26/09/2025 02:45;463.17
26/09/2025 03:00;463.16
26/09/2025 03:15;463.16
26/09/2025 03:30;463.16
26/09/2025 03:45;463.15
26/09/2025 04:00;463.15
26/09/2025 04:15;463.15
26/09/2025 04:30;463.15
26/09/2025 04:45;463.15
26/09/2025 05:00;463.14
26/09/2025 05:15;463.14
26/09/2025 05:30;463.14
26/09/2025 05:45;463.14
26/09/2025 06:00;463.14
26/09/2025 06:15;463.14
26/09/2025 06:30;463.13
26/09/2025 06:45;463.13
26/09/2025 07:00;463.12
26/09/2025 07:15;463.12
26/09/2025 07:30;463.12
26/09/2025 07:45;463.12
26/09/2025 08:00;463.11
26/09/2025 08:15;463.11
26/09/2025 08:30;463.11
26/09/2025 08:45;463.12
26/09/2025 09:00;463.11
26/09/2025 09:15;463.12
26/09/2025 09:30;463.12
26/09/2025 09:45;463.12
26/09/2025 10:00;463.12
26/09/2025 10:15;463.11
26/09/2025 10:30;463.11
26/09/2025 10:45;463.11
26/09/2025 11:00;463.11
26/09/2025 11:15;463.11
26/09/2025 11:30;463.11
26/09/2025 11:45;463.11
26/09/2025 12:00;463.1
26/09/2025 12:15;463.1
26/09/2025 12:30;463.1
26/09/2025 12:45;463.1
26/09/2025 13:00;463.09
26/09/2025 13:15;463.09
26/09/2025 13:30;463.09
26/09/2025 13:45;463.09
26/09/2025 14:00;463.08
26/09/2025 14:15;463.08
26/09/2025 14:30;463.08
26/09/2025 14:45;463.07
26/09/2025 15:00;463.07
26/09/2025 15:15;463.07
26/09/2025 15:30;463.06
26/09/2025 15:45;463.06
26/09/2025 16:00;463.06
26/09/2025 16:15;463.06
26/09/2025 16:30;463.06
26/09/2025 16:45;463.05
26/09/2025 17:00;463.05
26/09/2025 17:15;463.05
26/09/2025 17:30;463.05
26/09/2025 17:45;463.05
26/09/2025 18:00;463.04
26/09/2025 18:15;463.04
26/09/2025 18:30;463.04
26/09/2025 18:45;463.03
26/09/2025 19:00;463.03
26/09/2025 19:15;463.03
26/09/2025 19:30;463.02
26/09/2025 19:45;463.02
26/09/2025 20:00;463.02
26/09/2025 20:15;463.02
26/09/2025 20:30;463.01
26/09/2025 20:45;463.01
26/09/2025 21:00;463.01
26/09/2025 21:15;463.01
26/09/2025 21:30;463.01
26/09/2025 21:45;463.01
26/09/2025 22:00;463
26/09/2025 22:15;463
26/09/2025 22:30;463
26/09/2025 22:45;463
26/09/2025 23:00;463
26/09/2025 23:15;463
26/09/2025 23:30;463
26/09/2025 23:45;463
27/09/2025 00:00;463
27/09/2025 00:15;463
27/09/2025 00:30;462.99
27/09/2025 00:45;462.99
27/09/2025 01:00;462.98
27/09/2025 01:15;462.98
27/09/2025 01:30;462.98
27/09/2025 01:45;462.98
27/09/2025 02:00;462.98
27/09/2025 02:15;462.97
27/09/2025 02:30;462.97
27/09/2025 02:45;462.97
27/09/2025 03:00;462.97
27/09/2025 03:15;462.97
27/09/2025 03:30;462.97
27/09/2025 03:45;462.97
27/09/2025 04:00;462.97
27/09/2025 04:15;462.96
27/09/2025 04:30;462.96
27/09/2025 04:45;462.96
27/09/2025 05:00;462.96
27/09/2025 05:15;462.96
27/09/2025 05:30;462.96
27/09/2025 05:45;462.96
27/09/2025 06:00;462.95
27/09/2025 06:15;462.95
27/09/2025 06:30;462.95
27/09/2025 06:45;462.95
27/09/2025 07:00;462.95
27/09/2025 07:15;462.95
27/09/2025 07:30;462.95
27/09/2025 07:45;462.94
27/09/2025 08:00;462.94
27/09/2025 08:15;462.94
27/09/2025 08:30;462.94
27/09/2025 08:45;462.94
27/09/2025 09:00;462.94
27/09/2025 09:15;462.94
27/09/2025 09:30;462.96
27/09/2025 09:45;462.96
27/09/2025 10:00;462.96
27/09/2025 10:15;462.96
27/09/2025 10:30;462.96
27/09/2025 10:45;462.95
27/09/2025 11:00;462.95
27/09/2025 11:15;462.95
27/09/2025 11:30;462.95
27/09/2025 11:45;462.95
27/09/2025 12:00;462.94
27/09/2025 12:15;462.95
27/09/2025 12:30;462.95
27/09/2025 12:45;462.94
27/09/2025 13:00;462.94
27/09/2025 13:15;462.94
27/09/2025 13:30;462.94
27/09/2025 13:45;462.94
27/09/2025 14:00;462.94
27/09/2025 14:15;462.93
27/09/2025 14:30;462.93
27/09/2025 14:45;462.93
27/09/2025 15:00;462.93
27/09/2025 15:15;462.92
27/09/2025 15:30;462.92
27/09/2025 15:45;462.92
27/09/2025 16:00;462.92
27/09/2025 16:15;462.92
27/09/2025 16:30;462.92
27/09/2025 16:45;462.92
27/09/2025 17:00;462.91
27/09/2025 17:15;462.91
27/09/2025 17:30;462.91
27/09/2025 17:45;462.91
27/09/2025 18:00;462.91
27/09/2025 18:15;462.9
27/09/2025 18:30;462.9
27/09/2025 18:45;462.9
27/09/2025 19:00;462.89
27/09/2025 19:15;462.9
27/09/2025 19:30;462.9
27/09/2025 19:45;462.9
27/09/2025 20:00;462.9
27/09/2025 20:15;462.89
27/09/2025 20:30;462.89
27/09/2025 20:45;462.89
27/09/2025 21:00;462.89
27/09/2025 21:15;462.89
27/09/2025 21:30;462.89
27/09/2025 21:45;462.89
27/09/2025 22:00;462.89
27/09/2025 22:15;462.89
27/09/2025 22:30;462.89
27/09/2025 22:45;462.89
27/09/2025 23:00;462.89
27/09/2025 23:15;462.88
27/09/2025 23:30;462.88
27/09/2025 23:45;462.88
28/09/2025 00:00;462.88
28/09/2025 00:15;462.88
28/09/2025 00:30;462.88
28/09/2025 00:45;462.88
28/09/2025 01:00;462.89
28/09/2025 01:15;462.89
28/09/2025 01:30;462.89
28/09/2025 01:45;462.89
28/09/2025 02:00;462.89
28/09/2025 02:15;462.88
28/09/2025 02:30;462.88
28/09/2025 02:45;462.88
28/09/2025 03:00;462.88
28/09/2025 03:15;462.88
28/09/2025 03:30;462.88
28/09/2025 03:45;462.88
28/09/2025 04:00;462.88
28/09/2025 04:15;462.88
28/09/2025 04:30;462.87
28/09/2025 04:45;462.87
28/09/2025 05:00;462.87
28/09/2025 05:15;462.87
28/09/2025 05:30;462.87
28/09/2025 05:45;462.87
28/09/2025 06:00;462.86
28/09/2025 06:15;462.86
28/09/2025 06:30;462.86
28/09/2025 06:45;462.86
28/09/2025 07:00;462.86
28/09/2025 07:15;462.85
28/09/2025 07:30;462.85
28/09/2025 07:45;462.85
28/09/2025 08:00;462.85
28/09/2025 08:15;462.85
28/09/2025 08:30;462.86
28/09/2025 08:45;462.86
28/09/2025 09:00;462.86
28/09/2025 09:15;462.86
28/09/2025 09:30;462.86
28/09/2025 09:45;462.86
28/09/2025 10:00;462.86
28/09/2025 10:15;462.86
28/09/2025 10:30;462.85
28/09/2025 10:45;462.85
28/09/2025 11:00;462.85
28/09/2025 11:15;462.85
28/09/2025 11:30;462.84
28/09/2025 11:45;462.84
28/09/2025 12:00;462.83
28/09/2025 12:15;462.83
28/09/2025 12:30;462.83
28/09/2025 12:45;462.83
28/09/2025 13:00;462.83
28/09/2025 13:15;462.83
28/09/2025 13:30;462.83
28/09/2025 13:45;462.83
28/09/2025 14:00;462.83
28/09/2025 14:15;462.82
28/09/2025 14:30;462.82
28/09/2025 14:45;462.82
28/09/2025 15:00;462.82
28/09/2025 15:15;462.82
28/09/2025 15:30;462.82
28/09/2025 15:45;462.82
28/09/2025 16:00;462.82
28/09/2025 16:15;462.82
28/09/2025 16:30;462.82
28/09/2025 16:45;462.82
28/09/2025 17:00;462.82
28/09/2025 17:15;462.81
28/09/2025 17:30;462.81
28/09/2025 17:45;462.81
28/09/2025 18:00;462.81
28/09/2025 18:15;462.81
28/09/2025 18:30;462.81
28/09/2025 18:45;462.81
28/09/2025 19:00;462.8
28/09/2025 19:15;462.8
28/09/2025 19:30;462.8
28/09/2025 19:45;462.8
28/09/2025 20:00;462.8
28/09/2025 20:15;462.8
28/09/2025 20:30;462.8
28/09/2025 20:45;462.8
28/09/2025 21:00;462.79
28/09/2025 21:15;462.79
28/09/2025 21:30;462.79
28/09/2025 21:45;462.79
28/09/2025 22:00;462.78
28/09/2025 22:15;462.78
28/09/2025 22:30;462.78
28/09/2025 22:45;462.77
28/09/2025 23:00;462.78
28/09/2025 23:15;462.77
28/09/2025 23:30;462.77
28/09/2025 23:45;462.77
29/09/2025 00:00;462.77
29/09/2025 00:15;462.77
29/09/2025 00:30;462.77
29/09/2025 00:45;462.76
29/09/2025 01:00;462.76
29/09/2025 01:15;462.76
29/09/2025 01:30;462.76
29/09/2025 01:45;462.76
29/09/2025 02:00;462.75
29/09/2025 02:15;462.75
29/09/2025 02:30;462.75
29/09/2025 02:45;462.75
29/09/2025 03:00;462.75
29/09/2025 03:15;462.75
29/09/2025 03:30;462.75
29/09/2025 03:45;462.75
29/09/2025 04:00;462.74
29/09/2025 04:15;462.74
29/09/2025 04:30;462.74
29/09/2025 04:45;462.74
29/09/2025 05:00;462.73
29/09/2025 05:15;462.73
29/09/2025 05:30;462.73
29/09/2025 05:45;462.72
29/09/2025 06:00;462.71
29/09/2025 06:15;462.71
29/09/2025 06:30;462.71
29/09/2025 06:45;462.7
29/09/2025 07:00;462.7
29/09/2025 07:15;462.7
29/09/2025 07:30;462.7
29/09/2025 07:45;462.69
29/09/2025 08:00;462.69
29/09/2025 08:15;462.68
29/09/2025 08:30;462.68
29/09/2025 08:45;462.69
29/09/2025 09:00;462.69
29/09/2025 09:15;462.69
29/09/2025 09:30;462.69
29/09/2025 09:45;462.69
29/09/2025 10:00;462.69
29/09/2025 10:15;462.69
29/09/2025 10:30;462.69
29/09/2025 10:45;462.69
29/09/2025 11:00;462.69
29/09/2025 11:15;462.68
29/09/2025 11:30;462.68
29/09/2025 11:45;462.68
29/09/2025 12:00;462.68
29/09/2025 12:15;462.67
29/09/2025 12:30;462.67
29/09/2025 12:45;462.67
29/09/2025 13:00;462.67
29/09/2025 13:15;462.66
29/09/2025 13:30;462.66
29/09/2025 13:45;462.66
29/09/2025 14:00;462.66
29/09/2025 14:15;462.66
29/09/2025 14:30;462.66
29/09/2025 14:45;462.65
29/09/2025 15:00;462.65
29/09/2025 15:15;462.65
29/09/2025 15:30;462.65
29/09/2025 15:45;462.64
29/09/2025 16:00;462.64
29/09/2025 16:15;462.64
29/09/2025 16:30;462.64
29/09/2025 16:45;462.64
29/09/2025 17:00;462.64
29/09/2025 17:15;462.64
29/09/2025 17:30;462.63
29/09/2025 17:45;462.63
29/09/2025 18:00;462.63
29/09/2025 18:15;462.63
29/09/2025 18:30;462.62
29/09/2025 18:45;462.62
29/09/2025 19:00;462.62
29/09/2025 19:15;462.62
29/09/2025 19:30;462.62
29/09/2025 19:45;462.61
29/09/2025 20:00;462.61
29/09/2025 20:15;462.61
29/09/2025 20:30;462.61
29/09/2025 20:45;462.61
29/09/2025 21:00;462.6
29/09/2025 21:15;462.6
29/09/2025 21:30;462.6
29/09/2025 21:45;462.6
29/09/2025 22:00;462.6
29/09/2025 22:15;462.6
29/09/2025 22:30;462.6
29/09/2025 22:45;462.6
29/09/2025 23:00;462.6
29/09/2025 23:15;462.59
29/09/2025 23:30;462.58
29/09/2025 23:45;462.58
30/09/2025 00:00;462.58
30/09/2025 00:15;462.57
30/09/2025 00:30;462.57
30/09/2025 00:45;462.57
30/09/2025 01:00;462.56
30/09/2025 01:15;462.55
30/09/2025 01:30;462.55
30/09/2025 01:45;462.54
30/09/2025 02:00;462.54
30/09/2025 02:15;462.54
30/09/2025 02:30;462.53
30/09/2025 02:45;462.53
30/09/2025 03:00;462.53
30/09/2025 03:15;462.53
30/09/2025 03:30;462.53
30/09/2025 03:45;462.53
30/09/2025 04:00;462.53
30/09/2025 04:15;462.53
30/09/2025 04:30;462.52
30/09/2025 04:45;462.52
30/09/2025 05:00;462.52
30/09/2025 05:15;462.52
30/09/2025 05:30;462.51
30/09/2025 05:45;462.51
30/09/2025 06:00;462.51
30/09/2025 06:15;462.51
30/09/2025 06:30;462.5
30/09/2025 06:45;462.5
30/09/2025 07:00;462.5
30/09/2025 07:15;462.5
30/09/2025 07:30;462.5
30/09/2025 07:45;462.49
30/09/2025 08:00;462.49
30/09/2025 08:15;462.49
30/09/2025 08:30;462.49
30/09/2025 08:45;462.49
30/09/2025 09:00;462.49
30/09/2025 09:15;462.49
30/09/2025 09:30;462.5
30/09/2025 09:45;462.52
30/09/2025 10:00;462.52
30/09/2025 10:15;462.52
30/09/2025 10:30;462.52
30/09/2025 10:45;462.51
30/09/2025 11:00;462.51
30/09/2025 11:15;462.51
30/09/2025 11:30;462.51
30/09/2025 11:45;462.51
30/09/2025 12:00;462.51
30/09/2025 12:15;462.51
30/09/2025 12:30;462.5
30/09/2025 12:45;462.5
30/09/2025 13:00;462.5
30/09/2025 13:15;462.5
30/09/2025 13:30;462.49
30/09/2025 13:45;462.49
30/09/2025 14:00;462.49
30/09/2025 14:15;462.49
30/09/2025 14:30;462.49
30/09/2025 14:45;462.48
30/09/2025 15:00;462.47
30/09/2025 15:15;462.47
30/09/2025 15:30;462.47
30/09/2025 15:45;462.47
30/09/2025 16:00;462.47
30/09/2025 16:15;462.47
30/09/2025 16:30;462.47
30/09/2025 16:45;462.46
30/09/2025 17:00;462.46
30/09/2025 17:15;462.46
30/09/2025 17:30;462.46
30/09/2025 17:45;462.45
30/09/2025 18:00;462.45
30/09/2025 18:15;462.45
30/09/2025 18:30;462.45
30/09/2025 18:45;462.45
30/09/2025 19:00;462.44
30/09/2025 19:15;462.44
30/09/2025 19:30;462.44
30/09/2025 19:45;462.44
30/09/2025 20:00;462.44
30/09/2025 20:15;462.43
30/09/2025 20:30;462.43
30/09/2025 20:45;462.43
30/09/2025 21:00;462.43
30/09/2025 21:15;462.42
30/09/2025 21:30;462.42
30/09/2025 21:45;462.42
30/09/2025 22:00;462.42
30/09/2025 22:15;462.42
30/09/2025 22:30;462.41
30/09/2025 22:45;462.41
30/09/2025 23:00;462.41
30/09/2025 23:15;462.41
30/09/2025 23:30;462.41
30/09/2025 23:45;462.4
01/10/2025 00:00;462.4
01/10/2025 00:15;462.4
01/10/2025 00:30;462.4
01/10/2025 00:45;462.39
01/10/2025 01:00;462.39
01/10/2025 01:15;462.39
01/10/2025 01:30;462.38
01/10/2025 01:45;462.37
01/10/2025 02:00;462.37
01/10/2025 02:15;462.36
01/10/2025 02:30;462.36
01/10/2025 02:45;462.36
01/10/2025 03:00;462.36
01/10/2025 03:15;462.36
01/10/2025 03:30;462.36
01/10/2025 03:45;462.36
01/10/2025 04:00;462.36
01/10/2025 04:15;462.35
01/10/2025 04:30;462.35
01/10/2025 04:45;462.35
01/10/2025 05:00;462.35
01/10/2025 05:15;462.35
01/10/2025 05:30;462.35
01/10/2025 05:45;462.35
01/10/2025 06:00;462.35
01/10/2025 06:15;462.35
01/10/2025 06:30;462.34
01/10/2025 06:45;462.34
01/10/2025 07:00;462.34
01/10/2025 07:15;462.34
01/10/2025 07:30;462.34
01/10/2025 07:45;462.34
01/10/2025 08:00;462.33
01/10/2025 08:15;462.33
01/10/2025 08:30;462.33
01/10/2025 08:45;462.33
01/10/2025 09:00;462.33
01/10/2025 09:15;462.33
01/10/2025 09:30;462.33
01/10/2025 09:45;462.33
01/10/2025 10:00;462.33
01/10/2025 10:15;462.33
01/10/2025 10:30;462.33
01/10/2025 10:45;462.33
01/10/2025 11:00;462.32
01/10/2025 11:15;462.32
01/10/2025 11:30;462.32
01/10/2025 11:45;462.32
01/10/2025 12:00;462.32
01/10/2025 12:15;462.32
01/10/2025 12:30;462.31
01/10/2025 12:45;462.31
01/10/2025 13:00;462.31
01/10/2025 13:15;462.31
01/10/2025 13:30;462.31
01/10/2025 13:45;462.31
01/10/2025 14:00;462.3
01/10/2025 14:15;462.3
01/10/2025 14:30;462.3
01/10/2025 14:45;462.29
01/10/2025 15:00;462.29
01/10/2025 15:15;462.29
01/10/2025 15:30;462.29
01/10/2025 15:45;462.28
01/10/2025 16:00;462.28
01/10/2025 16:15;462.28
01/10/2025 16:30;462.28
01/10/2025 16:45;462.28
01/10/2025 17:00;462.27
01/10/2025 17:15;462.27
01/10/2025 17:30;462.27
01/10/2025 17:45;462.27
01/10/2025 18:00;462.26
01/10/2025 18:15;462.26
01/10/2025 18:30;462.26
01/10/2025 18:45;462.26
01/10/2025 19:00;462.26
01/10/2025 19:15;462.25
01/10/2025 19:30;462.25
01/10/2025 19:45;462.25
01/10/2025 20:00;462.25
01/10/2025 20:15;462.25
01/10/2025 20:30;462.24
01/10/2025 20:45;462.24
01/10/2025 21:00;462.24
01/10/2025 21:15;462.24
01/10/2025 21:30;462.24
01/10/2025 21:45;462.23
01/10/2025 22:00;462.23
01/10/2025 22:15;462.23
01/10/2025 22:30;462.23
01/10/2025 22:45;462.23
01/10/2025 23:00;462.23
01/10/2025 23:15;462.22
01/10/2025 23:30;462.22
01/10/2025 23:45;462.22
02/10/2025 00:00;462.22
02/10/2025 00:15;462.22
02/10/2025 00:30;462.21
02/10/2025 00:45;462.21
02/10/2025 01:00;462.21
02/10/2025 01:15;462.21
02/10/2025 01:30;462.21
02/10/2025 01:45;462.21
02/10/2025 02:00;462.2
02/10/2025 02:15;462.2
02/10/2025 02:30;462.2
02/10/2025 02:45;462.2
02/10/2025 03:00;462.2
02/10/2025 03:15;462.2
02/10/2025 03:30;462.2
02/10/2025 03:45;462.2
02/10/2025 04:00;462.19
02/10/2025 04:15;462.19
02/10/2025 04:30;462.19
02/10/2025 04:45;462.19
02/10/2025 05:00;462.19
02/10/2025 05:15;462.19
02/10/2025 05:30;462.19
02/10/2025 05:45;462.19
02/10/2025 06:00;462.18
02/10/2025 06:15;462.18
02/10/2025 06:30;462.18
02/10/2025 06:45;462.18
02/10/2025 07:00;462.18
02/10/2025 07:15;462.18
02/10/2025 07:30;462.18
02/10/2025 07:45;462.18
02/10/2025 08:00;462.17
02/10/2025 08:15;462.17
02/10/2025 08:30;462.17
02/10/2025 08:45;462.17
02/10/2025 09:00;462.17
02/10/2025 09:15;462.17
02/10/2025 09:30;462.17
02/10/2025 09:45;462.17
02/10/2025 10:00;462.16
02/10/2025 10:15;462.17
02/10/2025 10:30;462.16
02/10/2025 10:45;462.16
02/10/2025 11:00;462.16
02/10/2025 11:15;462.16
02/10/2025 11:30;462.16
02/10/2025 11:45;462.16
02/10/2025 12:00;462.15
02/10/2025 12:15;462.15
02/10/2025 12:30;462.15
02/10/2025 12:45;462.15
02/10/2025 13:00;462.15
02/10/2025 13:15;462.14
02/10/2025 13:30;462.14
02/10/2025 13:45;462.14
02/10/2025 14:00;462.14
02/10/2025 14:15;462.13
02/10/2025 14:30;462.13
02/10/2025 14:45;462.13
02/10/2025 15:00;462.13
02/10/2025 15:15;462.12
02/10/2025 15:30;462.12
02/10/2025 15:45;462.11
02/10/2025 16:00;462.11
02/10/2025 16:15;462.11
02/10/2025 16:30;462.11
02/10/2025 16:45;462.11
02/10/2025 17:00;462.11
02/10/2025 17:15;462.11
02/10/2025 17:30;462.1
02/10/2025 17:45;462.1
02/10/2025 18:00;462.1
02/10/2025 18:15;462.1
02/10/2025 18:30;462.09
02/10/2025 18:45;462.09
02/10/2025 19:00;462.09
02/10/2025 19:15;462.09
02/10/2025 19:30;462.09
02/10/2025 19:45;462.08
02/10/2025 20:00;462.08
02/10/2025 20:15;462.08
02/10/2025 20:30;462.08
02/10/2025 20:45;462.07
02/10/2025 21:00;462.07
02/10/2025 21:15;462.07
02/10/2025 21:30;462.07
02/10/2025 21:45;462.07
02/10/2025 22:00;462.07
02/10/2025 22:15;462.06
02/10/2025 22:30;462.06
02/10/2025 22:45;462.06
02/10/2025 23:00;462.06
02/10/2025 23:15;462.06
02/10/2025 23:30;462.05
02/10/2025 23:45;462.05
03/10/2025 00:00;462.05
03/10/2025 00:15;462.05
03/10/2025 00:30;462.05
03/10/2025 00:45;462.04
03/10/2025 01:00;462.04
03/10/2025 01:15;462.04
03/10/2025 01:30;462.04
03/10/2025 01:45;462.04
03/10/2025 02:00;462.03
03/10/2025 02:15;462.03
03/10/2025 02:30;462.03
03/10/2025 02:45;462.03
03/10/2025 03:00;462.02
03/10/2025 03:15;462.02
03/10/2025 03:30;462.02
03/10/2025 03:45;462.02
03/10/2025 04:00;462.02
03/10/2025 04:15;462.02
03/10/2025 04:30;462.02
03/10/2025 04:45;462.02
03/10/2025 05:00;462.01
03/10/2025 05:15;462.01
03/10/2025 05:30;462.01
03/10/2025 05:45;462.01
03/10/2025 06:00;462.01
03/10/2025 06:15;462
03/10/2025 06:30;462
03/10/2025 06:45;462
03/10/2025 07:00;462
03/10/2025 07:15;462
03/10/2025 07:30;462
03/10/2025 07:45;461.99
03/10/2025 08:00;461.99
03/10/2025 08:15;461.99
03/10/2025 08:30;461.99
03/10/2025 08:45;461.99
03/10/2025 09:00;461.99
03/10/2025 09:15;461.98
03/10/2025 09:30;461.98
03/10/2025 09:45;461.98
03/10/2025 10:00;461.98
03/10/2025 10:15;461.98
03/10/2025 10:30;461.98
03/10/2025 10:45;461.98
03/10/2025 11:00;461.98
03/10/2025 11:15;461.97
03/10/2025 11:30;461.97
03/10/2025 11:45;461.97
03/10/2025 12:00;461.98
03/10/2025 12:15;461.97
03/10/2025 12:30;461.97
03/10/2025 12:45;461.97
03/10/2025 13:00;461.97
03/10/2025 13:15;461.97
03/10/2025 13:30;461.96
03/10/2025 13:45;461.96
03/10/2025 14:00;461.96
03/10/2025 14:15;461.96
03/10/2025 14:30;461.96
03/10/2025 14:45;461.95
03/10/2025 15:00;461.95
03/10/2025 15:15;461.95
03/10/2025 15:30;461.95
03/10/2025 15:45;461.95
03/10/2025 16:00;461.94
03/10/2025 16:15;461.94
03/10/2025 16:30;461.94
03/10/2025 16:45;461.94
03/10/2025 17:00;461.94
03/10/2025 17:15;461.93
03/10/2025 17:30;461.93
03/10/2025 17:45;461.92
03/10/2025 18:00;461.92
03/10/2025 18:15;461.92
03/10/2025 18:30;461.92
03/10/2025 18:45;461.92
03/10/2025 19:00;461.92
03/10/2025 19:15;461.92
03/10/2025 19:30;461.91
03/10/2025 19:45;461.91
03/10/2025 20:00;461.91
03/10/2025 20:15;461.91
03/10/2025 20:30;461.9
03/10/2025 20:45;461.9
03/10/2025 21:00;461.9
03/10/2025 21:15;461.9
03/10/2025 21:30;461.9
03/10/2025 21:45;461.9
03/10/2025 22:00;461.89
03/10/2025 22:15;461.89
03/10/2025 22:30;461.89
03/10/2025 22:45;461.89
03/10/2025 23:00;461.88
03/10/2025 23:15;461.88
03/10/2025 23:30;461.88
03/10/2025 23:45;461.88
04/10/2025 00:00;461.88
04/10/2025 00:15;461.88
04/10/2025 00:30;461.87
04/10/2025 00:45;461.87
04/10/2025 01:00;461.87
04/10/2025 01:15;461.87
04/10/2025 01:30;461.87
04/10/2025 01:45;461.86
04/10/2025 02:00;461.86
04/10/2025 02:15;461.86
04/10/2025 02:30;461.85
04/10/2025 02:45;461.85
04/10/2025 03:00;461.85
04/10/2025 03:15;461.85
04/10/2025 03:30;461.85
04/10/2025 03:45;461.85
04/10/2025 04:00;461.85
04/10/2025 04:15;461.84
04/10/2025 04:30;461.84
04/10/2025 04:45;461.83
04/10/2025 05:00;461.83
04/10/2025 05:15;461.83
04/10/2025 05:30;461.83
04/10/2025 05:45;461.83
04/10/2025 06:00;461.83
04/10/2025 06:15;461.83
04/10/2025 06:30;461.83
04/10/2025 06:45;461.83
04/10/2025 07:00;461.82
04/10/2025 07:15;461.82
04/10/2025 07:30;461.82
04/10/2025 07:45;461.82
04/10/2025 08:00;461.82
04/10/2025 08:15;461.81
04/10/2025 08:30;461.81
04/10/2025 08:45;461.81
04/10/2025 09:00;461.81
04/10/2025 09:15;461.81
04/10/2025 09:30;461.82
04/10/2025 09:45;461.82
04/10/2025 10:00;461.82
04/10/2025 10:15;461.82
04/10/2025 10:30;461.82
04/10/2025 10:45;461.82
04/10/2025 11:00;461.82
04/10/2025 11:15;461.81
04/10/2025 11:30;461.81
04/10/2025 11:45;461.81
04/10/2025 12:00;461.81
04/10/2025 12:15;461.81
04/10/2025 12:30;461.81
04/10/2025 12:45;461.81
04/10/2025 13:00;461.81
04/10/2025 13:15;461.81
04/10/2025 13:30;461.81
04/10/2025 13:45;461.81
04/10/2025 14:00;461.81
04/10/2025 14:15;461.8
04/10/2025 14:30;461.8
04/10/2025 14:45;461.79
04/10/2025 15:00;461.79
04/10/2025 15:15;461.79
04/10/2025 15:30;461.78
04/10/2025 15:45;461.8
04/10/2025 16:00;461.79
04/10/2025 16:15;461.79
04/10/2025 16:30;461.79
04/10/2025 16:45;461.79
04/10/2025 17:00;461.78
04/10/2025 17:15;461.78
04/10/2025 17:30;461.78
04/10/2025 17:45;461.78
04/10/2025 18:00;461.78
04/10/2025 18:15;461.77
04/10/2025 18:30;461.76
04/10/2025 18:45;461.75
04/10/2025 19:00;461.74
04/10/2025 19:15;461.74
04/10/2025 19:30;461.73
04/10/2025 19:45;461.73
04/10/2025 20:00;461.73
04/10/2025 20:15;461.73
04/10/2025 20:30;461.72
04/10/2025 20:45;461.72
04/10/2025 21:00;461.71
04/10/2025 21:15;461.72
04/10/2025 21:30;461.71
04/10/2025 21:45;461.71
04/10/2025 22:00;461.71
04/10/2025 22:15;461.71
04/10/2025 22:30;461.7
04/10/2025 22:45;461.7
04/10/2025 23:00;461.7
04/10/2025 23:15;461.7
04/10/2025 23:30;461.7
04/10/2025 23:45;461.7
05/10/2025 00:00;461.7
05/10/2025 00:15;461.69
05/10/2025 00:30;461.69
05/10/2025 00:45;461.69
05/10/2025 01:00;461.69
05/10/2025 01:15;461.68
05/10/2025 01:30;461.68
05/10/2025 01:45;461.68
05/10/2025 02:00;461.68
05/10/2025 02:15;461.68
05/10/2025 02:30;461.67
05/10/2025 02:45;461.67
05/10/2025 03:00;461.67
05/10/2025 03:15;461.67
05/10/2025 03:30;461.66
05/10/2025 03:45;461.66
05/10/2025 04:00;461.66
05/10/2025 04:15;461.66
05/10/2025 04:30;461.66
05/10/2025 04:45;461.66
05/10/2025 05:00;461.66
05/10/2025 05:15;461.66
05/10/2025 05:30;461.66
05/10/2025 05:45;461.65
05/10/2025 06:00;461.65
05/10/2025 06:15;461.65
05/10/2025 06:30;461.65
05/10/2025 06:45;461.65
05/10/2025 07:00;461.64
05/10/2025 07:15;461.64
05/10/2025 07:30;461.64
05/10/2025 07:45;461.64
05/10/2025 08:00;461.64
05/10/2025 08:15;461.64
05/10/2025 08:30;461.63
05/10/2025 08:45;461.63
05/10/2025 09:00;461.64
05/10/2025 09:15;461.63
05/10/2025 09:30;461.63
05/10/2025 09:45;461.63
05/10/2025 10:00;461.63
05/10/2025 10:15;461.62
05/10/2025 10:30;461.62
05/10/2025 10:45;461.62
05/10/2025 11:00;461.62
05/10/2025 11:15;461.61
05/10/2025 11:30;461.62
05/10/2025 11:45;461.61
05/10/2025 12:00;461.61
05/10/2025 12:15;461.62
05/10/2025 12:30;461.61
05/10/2025 12:45;461.62
05/10/2025 13:00;461.62
05/10/2025 13:15;461.62
05/10/2025 13:30;461.61
05/10/2025 13:45;461.61
05/10/2025 14:00;461.6
05/10/2025 14:15;461.6
05/10/2025 14:30;461.6
05/10/2025 14:45;461.59
05/10/2025 15:00;461.59
05/10/2025 15:15;461.59
05/10/2025 15:30;461.59
05/10/2025 15:45;461.59
05/10/2025 16:00;461.58
05/10/2025 16:15;461.58
05/10/2025 16:30;461.58
05/10/2025 16:45;461.58
05/10/2025 17:00;461.58
05/10/2025 17:15;461.58
05/10/2025 17:30;461.57
05/10/2025 17:45;461.57
05/10/2025 18:00;461.56
05/10/2025 18:15;461.56
05/10/2025 18:30;461.55
05/10/2025 18:45;461.55
05/10/2025 19:00;461.55
05/10/2025 19:15;461.54
05/10/2025 19:30;461.55
05/10/2025 19:45;461.54
05/10/2025 20:00;461.54
05/10/2025 20:15;461.55
05/10/2025 20:30;461.54
05/10/2025 20:45;461.54
05/10/2025 21:00;461.54
05/10/2025 21:15;461.54
05/10/2025 21:30;461.54
05/10/2025 21:45;461.54
05/10/2025 22:00;461.53
05/10/2025 22:15;461.54
05/10/2025 22:30;461.54
05/10/2025 22:45;461.53
05/10/2025 23:00;461.54
05/10/2025 23:15;461.54
05/10/2025 23:30;461.54
05/10/2025 23:45;461.53
06/10/2025 00:00;461.54
06/10/2025 00:15;461.53
06/10/2025 00:30;461.53
06/10/2025 00:45;461.53
06/10/2025 01:00;461.53
06/10/2025 01:15;461.52
06/10/2025 01:30;461.52
06/10/2025 01:45;461.52
06/10/2025 02:00;461.51
06/10/2025 02:15;461.51
06/10/2025 02:30;461.51
06/10/2025 02:45;461.5
06/10/2025 03:00;461.5
06/10/2025 03:15;461.5
06/10/2025 03:30;461.5
06/10/2025 03:45;461.5
06/10/2025 04:00;461.5
06/10/2025 04:15;461.49
06/10/2025 04:30;461.49
06/10/2025 04:45;461.49
06/10/2025 05:00;461.49
06/10/2025 05:15;461.48
06/10/2025 05:30;461.48
06/10/2025 05:45;461.48
06/10/2025 06:00;461.48
06/10/2025 06:15;461.48
06/10/2025 06:30;461.48
06/10/2025 06:45;461.48
06/10/2025 07:00;461.47
06/10/2025 07:15;461.47
06/10/2025 07:30;461.47
06/10/2025 07:45;461.46
06/10/2025 08:00;461.45
06/10/2025 08:15;461.45
06/10/2025 08:30;461.45
06/10/2025 08:45;461.46
06/10/2025 09:00;461.46
06/10/2025 09:15;461.47
06/10/2025 09:30;461.47
06/10/2025 09:45;461.47
06/10/2025 10:00;461.46
06/10/2025 10:15;461.46
06/10/2025 10:30;461.46
06/10/2025 10:45;461.46
06/10/2025 11:00;461.45
06/10/2025 11:15;461.45
06/10/2025 11:30;461.45
06/10/2025 11:45;461.44
06/10/2025 12:00;461.44
06/10/2025 12:15;461.44
06/10/2025 12:30;461.44
06/10/2025 12:45;461.44
06/10/2025 13:00;461.44
06/10/2025 13:15;461.43
06/10/2025 13:30;461.43
06/10/2025 13:45;461.43
06/10/2025 14:00;461.43
06/10/2025 14:15;461.42
06/10/2025 14:30;461.42
06/10/2025 14:45;461.41
06/10/2025 15:00;461.41
06/10/2025 15:15;461.41
06/10/2025 15:30;461.4
06/10/2025 15:45;461.4
06/10/2025 16:00;461.4
06/10/2025 16:15;461.4
06/10/2025 16:30;461.39
06/10/2025 16:45;461.39
06/10/2025 17:00;461.39
06/10/2025 17:15;461.39
06/10/2025 17:30;461.38
06/10/2025 17:45;461.38
06/10/2025 18:00;461.38
06/10/2025 18:15;461.37
06/10/2025 18:30;461.37
06/10/2025 18:45;461.37
06/10/2025 19:00;461.37
06/10/2025 19:15;461.36
06/10/2025 19:30;461.36
06/10/2025 19:45;461.36
06/10/2025 20:00;461.35
06/10/2025 20:15;461.35
06/10/2025 20:30;461.35
06/10/2025 20:45;461.35
06/10/2025 21:00;461.35
06/10/2025 21:15;461.35
06/10/2025 21:30;461.35
06/10/2025 21:45;461.34
06/10/2025 22:00;461.34
06/10/2025 22:15;461.34
06/10/2025 22:30;461.34
06/10/2025 22:45;461.34
06/10/2025 23:00;461.33
06/10/2025 23:15;461.33
06/10/2025 23:30;461.33
06/10/2025 23:45;461.32
07/10/2025 00:00;461.32
07/10/2025 00:15;461.32
07/10/2025 00:30;461.32
07/10/2025 00:45;461.32
07/10/2025 01:00;461.31
07/10/2025 01:15;461.31
07/10/2025 01:30;461.31
07/10/2025 01:45;461.31
07/10/2025 02:00;461.31
07/10/2025 02:15;461.3
07/10/2025 02:30;461.3
07/10/2025 02:45;461.3
07/10/2025 03:00;461.3
07/10/2025 03:15;461.3
07/10/2025 03:30;461.29
07/10/2025 03:45;461.3
07/10/2025 04:00;461.3
07/10/2025 04:15;461.3
07/10/2025 04:30;461.29
07/10/2025 04:45;461.29
07/10/2025 05:00;461.29
07/10/2025 05:15;461.29
07/10/2025 05:30;461.29
07/10/2025 05:45;461.28
07/10/2025 06:00;461.28
07/10/2025 06:15;461.28
07/10/2025 06:30;461.28
07/10/2025 06:45;461.28
07/10/2025 07:00;461.28
07/10/2025 07:15;461.27
07/10/2025 07:30;461.27
07/10/2025 07:45;461.27
07/10/2025 08:00;461.26
07/10/2025 08:15;461.27
07/10/2025 08:30;461.26
07/10/2025 08:45;461.26
07/10/2025 09:00;461.26
07/10/2025 09:15;461.26
07/10/2025 09:30;461.26
07/10/2025 09:45;461.26
07/10/2025 10:00;461.26
07/10/2025 10:15;461.26
07/10/2025 10:30;461.26
07/10/2025 10:45;461.26
07/10/2025 11:00;461.26
07/10/2025 11:15;461.26
07/10/2025 11:30;461.25
07/10/2025 11:45;461.25
07/10/2025 12:00;461.25
07/10/2025 12:15;461.25
07/10/2025 12:30;461.25
07/10/2025 12:45;461.24
07/10/2025 13:00;461.24
07/10/2025 13:15;461.24
07/10/2025 13:30;461.24
07/10/2025 13:45;461.24
07/10/2025 14:00;461.23
07/10/2025 14:15;461.23
07/10/2025 14:30;461.23
07/10/2025 14:45;461.22
07/10/2025 15:00;461.22
07/10/2025 15:15;461.22
07/10/2025 15:30;461.22
07/10/2025 15:45;461.21
07/10/2025 16:00;461.21
07/10/2025 16:15;461.21
07/10/2025 16:30;461.2
07/10/2025 16:45;461.2
07/10/2025 17:00;461.2
07/10/2025 17:15;461.2
07/10/2025 17:30;461.2
07/10/2025 17:45;461.2
07/10/2025 18:00;461.19
07/10/2025 18:15;461.19
07/10/2025 18:30;461.19
07/10/2025 18:45;461.19
07/10/2025 19:00;461.18
07/10/2025 19:15;461.18
07/10/2025 19:30;461.18
07/10/2025 19:45;461.18
07/10/2025 20:00;461.18
07/10/2025 20:15;461.17
07/10/2025 20:30;461.17
07/10/2025 20:45;461.17
07/10/2025 21:00;461.17
07/10/2025 21:15;461.17
07/10/2025 21:30;461.17
07/10/2025 21:45;461.16
07/10/2025 22:00;461.16
07/10/2025 22:15;461.16
07/10/2025 22:30;461.15
07/10/2025 22:45;461.15
07/10/2025 23:00;461.15
07/10/2025 23:15;461.15
07/10/2025 23:30;461.14
07/10/2025 23:45;461.14
08/10/2025 00:00;461.13
08/10/2025 00:15;461.13
08/10/2025 00:30;461.13
08/10/2025 00:45;461.13
08/10/2025 01:00;461.12
08/10/2025 01:15;461.12
08/10/2025 01:30;461.12
08/10/2025 01:45;461.12
08/10/2025 02:00;461.11
08/10/2025 02:15;461.11
08/10/2025 02:30;461.11
08/10/2025 02:45;461.11
08/10/2025 03:00;461.11
08/10/2025 03:15;461.11
08/10/2025 03:30;461.1
08/10/2025 03:45;461.1
08/10/2025 04:00;461.1
08/10/2025 04:15;461.1
08/10/2025 04:30;461.1
08/10/2025 04:45;461.09
08/10/2025 05:00;461.09
08/10/2025 05:15;461.09
08/10/2025 05:30;461.09
08/10/2025 05:45;461.09
08/10/2025 06:00;461.08
08/10/2025 06:15;461.08
08/10/2025 06:30;461.08
08/10/2025 06:45;461.08
08/10/2025 07:00;461.07
08/10/2025 07:15;461.07
08/10/2025 07:30;461.07
08/10/2025 07:45;461.07
08/10/2025 08:00;461.07
08/10/2025 08:15;461.06
08/10/2025 08:30;461.06
08/10/2025 08:45;461.06
08/10/2025 09:00;461.06
08/10/2025 09:15;461.06
08/10/2025 09:30;461.06
08/10/2025 09:45;461.06
08/10/2025 10:00;461.06
08/10/2025 10:15;461.06
08/10/2025 10:30;461.05
08/10/2025 10:45;461.05
08/10/2025 11:00;461.05
08/10/2025 11:15;461.061
08/10/2025 11:30;461.051
08/10/2025 11:45;461.04
08/10/2025 12:00;461.04
08/10/2025 12:15;461.04
08/10/2025 12:30;461.04
08/10/2025 12:45;461.03
08/10/2025 13:00;461.03
08/10/2025 13:15;461.03
08/10/2025 13:30;461.03
08/10/2025 13:45;461.02
08/10/2025 14:00;461.02
08/10/2025 14:15;461.02
08/10/2025 14:30;461.01
08/10/2025 14:45;461.01
08/10/2025 15:00;461
08/10/2025 15:15;461
08/10/2025 15:30;460.99
08/10/2025 15:45;461
08/10/2025 16:00;460.99
08/10/2025 16:15;460.99
08/10/2025 16:30;460.99
08/10/2025 16:45;460.99
08/10/2025 17:00;460.98
08/10/2025 17:15;460.98
08/10/2025 17:30;460.98
08/10/2025 17:45;460.98
08/10/2025 18:00;460.97
08/10/2025 18:15;460.97
08/10/2025 18:30;460.97
08/10/2025 18:45;460.97
08/10/2025 19:00;460.96
08/10/2025 19:15;460.96
08/10/2025 19:30;460.96
08/10/2025 19:45;460.95
08/10/2025 20:00;460.95
08/10/2025 20:15;460.94
08/10/2025 20:30;460.94
08/10/2025 20:45;460.94
08/10/2025 21:00;460.93
08/10/2025 21:15;460.93
08/10/2025 21:30;460.93
08/10/2025 21:45;460.93
08/10/2025 22:00;460.92
08/10/2025 22:15;460.92
08/10/2025 22:30;460.92
08/10/2025 22:45;460.92
08/10/2025 23:00;460.91
08/10/2025 23:15;460.91
08/10/2025 23:30;460.91
08/10/2025 23:45;460.91
09/10/2025 00:00;460.91
09/10/2025 00:15;460.91
09/10/2025 00:30;460.9
09/10/2025 00:45;460.9
09/10/2025 01:00;460.9
09/10/2025 01:15;460.9
09/10/2025 01:30;460.9
09/10/2025 01:45;460.89
09/10/2025 02:00;460.89
09/10/2025 02:15;460.89
09/10/2025 02:30;460.88
09/10/2025 02:45;460.88
09/10/2025 03:00;460.87
09/10/2025 03:15;460.87
09/10/2025 03:30;460.87
09/10/2025 03:45;460.87
09/10/2025 04:00;460.87
09/10/2025 04:15;460.87
09/10/2025 04:30;460.87
09/10/2025 04:45;460.87
09/10/2025 05:00;460.86
09/10/2025 05:15;460.86
09/10/2025 05:30;460.86
09/10/2025 05:45;460.86
09/10/2025 06:00;460.85
09/10/2025 06:15;460.85
09/10/2025 06:30;460.85
09/10/2025 06:45;460.85
09/10/2025 07:00;460.84
09/10/2025 07:15;460.84
09/10/2025 07:30;460.84
09/10/2025 07:45;460.84
09/10/2025 08:00;460.84
09/10/2025 08:15;460.83
09/10/2025 08:30;460.83
09/10/2025 08:45;460.83
09/10/2025 09:00;460.83
09/10/2025 09:15;460.82
09/10/2025 09:30;460.82
09/10/2025 09:45;460.82
09/10/2025 10:00;460.82
09/10/2025 10:15;460.82
09/10/2025 10:30;460.81
09/10/2025 10:45;460.81
09/10/2025 11:00;460.81
09/10/2025 11:15;460.81
09/10/2025 11:30;460.81
09/10/2025 11:45;460.8
09/10/2025 12:00;460.8
09/10/2025 12:15;460.8
09/10/2025 12:30;460.8
09/10/2025 12:45;460.8
09/10/2025 13:00;460.8
09/10/2025 13:15;460.79
09/10/2025 13:30;460.79
09/10/2025 13:45;460.79
09/10/2025 14:00;460.79
09/10/2025 14:15;460.78
09/10/2025 14:30;460.77
09/10/2025 14:45;460.77
09/10/2025 15:00;460.77
09/10/2025 15:15;460.77
09/10/2025 15:30;460.76
09/10/2025 15:45;460.75
09/10/2025 16:00;460.75
09/10/2025 16:15;460.75
09/10/2025 16:30;460.75
09/10/2025 16:45;460.74
09/10/2025 17:00;460.74
09/10/2025 17:15;460.74
09/10/2025 17:30;460.74
09/10/2025 17:45;460.74
09/10/2025 18:00;460.73
09/10/2025 18:15;460.73
09/10/2025 18:30;460.73
09/10/2025 18:45;460.73
09/10/2025 19:00;460.72
09/10/2025 19:15;460.72
09/10/2025 19:30;460.72
09/10/2025 19:45;460.72
09/10/2025 20:00;460.71
09/10/2025 20:15;460.71
09/10/2025 20:30;460.71
09/10/2025 20:45;460.71
09/10/2025 21:00;460.7
09/10/2025 21:15;460.7
09/10/2025 21:30;460.7
09/10/2025 21:45;460.7
09/10/2025 22:00;460.7
09/10/2025 22:15;460.69
09/10/2025 22:30;460.69
09/10/2025 22:45;460.69
09/10/2025 23:00;460.68
09/10/2025 23:15;460.68
09/10/2025 23:30;460.68
09/10/2025 23:45;460.67
10/10/2025 00:00;460.67
10/10/2025 00:15;460.67
10/10/2025 00:30;460.66
10/10/2025 00:45;460.66
10/10/2025 01:00;460.66
10/10/2025 01:15;460.66
10/10/2025 01:30;460.66
10/10/2025 01:45;460.65
10/10/2025 02:00;460.65
10/10/2025 02:15;460.65
10/10/2025 02:30;460.65
10/10/2025 02:45;460.65
10/10/2025 03:00;460.64
10/10/2025 03:15;460.64
10/10/2025 03:30;460.64
10/10/2025 03:45;460.64
10/10/2025 04:00;460.64
10/10/2025 04:15;460.63
10/10/2025 04:30;460.63
10/10/2025 04:45;460.63
10/10/2025 05:00;460.63
10/10/2025 05:15;460.62
10/10/2025 05:30;460.62
10/10/2025 05:45;460.62
10/10/2025 06:00;460.62
10/10/2025 06:15;460.62
10/10/2025 06:30;460.61
10/10/2025 06:45;460.61
10/10/2025 07:00;460.61
10/10/2025 07:15;460.61
10/10/2025 07:30;460.6
10/10/2025 07:45;460.6
10/10/2025 08:00;460.6
10/10/2025 08:15;460.6
10/10/2025 08:30;460.59
10/10/2025 08:45;460.59
10/10/2025 09:00;460.59
10/10/2025 09:15;460.59
10/10/2025 09:30;460.59
10/10/2025 09:45;460.59
10/10/2025 10:00;460.59
10/10/2025 10:15;460.59
10/10/2025 10:30;460.58
10/10/2025 10:45;460.58
10/10/2025 11:00;460.58
10/10/2025 11:15;460.58
10/10/2025 11:30;460.58
10/10/2025 11:45;460.57
10/10/2025 12:00;460.57
10/10/2025 12:15;460.57
10/10/2025 12:30;460.57
10/10/2025 12:45;460.56
10/10/2025 13:00;460.56
10/10/2025 13:15;460.56
10/10/2025 13:30;460.56
10/10/2025 13:45;460.55
10/10/2025 14:00;460.55
10/10/2025 14:15;460.54
10/10/2025 14:30;460.54
10/10/2025 14:45;460.54
10/10/2025 15:00;460.53
10/10/2025 15:15;460.53
10/10/2025 15:30;460.52
10/10/2025 15:45;460.52
10/10/2025 16:00;460.52
10/10/2025 16:15;460.52
10/10/2025 16:30;460.52
10/10/2025 16:45;460.51
10/10/2025 17:00;460.51
10/10/2025 17:15;460.51
10/10/2025 17:30;460.5
10/10/2025 17:45;460.5
10/10/2025 18:00;460.5
10/10/2025 18:15;460.49
10/10/2025 18:30;460.49
10/10/2025 18:45;460.49
10/10/2025 19:00;460.49
10/10/2025 19:15;460.49
10/10/2025 19:30;460.48
10/10/2025 19:45;460.48
10/10/2025 20:00;460.48
10/10/2025 20:15;460.47
10/10/2025 20:30;460.47
10/10/2025 20:45;460.47
10/10/2025 21:00;460.47
10/10/2025 21:15;460.46
10/10/2025 21:30;460.46
10/10/2025 21:45;460.46
10/10/2025 22:00;460.46
10/10/2025 22:15;460.45
10/10/2025 22:30;460.45
10/10/2025 22:45;460.45
10/10/2025 23:00;460.45
10/10/2025 23:15;460.44
10/10/2025 23:30;460.44
10/10/2025 23:45;460.44
11/10/2025 00:00;460.44
11/10/2025 00:15;460.44
11/10/2025 00:30;460.43
11/10/2025 00:45;460.43
11/10/2025 01:00;460.43
11/10/2025 01:15;460.43
11/10/2025 01:30;460.42
11/10/2025 01:45;460.42
11/10/2025 02:00;460.42
11/10/2025 02:15;460.41
11/10/2025 02:30;460.41
11/10/2025 02:45;460.41
11/10/2025 03:00;460.41
11/10/2025 03:15;460.41
11/10/2025 03:30;460.41
11/10/2025 03:45;460.41
11/10/2025 04:00;460.4
11/10/2025 04:15;460.4
11/10/2025 04:30;460.4
11/10/2025 04:45;460.4
11/10/2025 05:00;460.39
11/10/2025 05:15;460.39
11/10/2025 05:30;460.39
11/10/2025 05:45;460.39
11/10/2025 06:00;460.39
11/10/2025 06:15;460.38
11/10/2025 06:30;460.38
11/10/2025 06:45;460.38
11/10/2025 07:00;460.38
11/10/2025 07:15;460.38
11/10/2025 07:30;460.37
11/10/2025 07:45;460.37
11/10/2025 08:00;460.37
11/10/2025 08:15;460.37
11/10/2025 08:30;460.37
11/10/2025 08:45;460.36
11/10/2025 09:00;460.36
11/10/2025 09:15;460.36
11/10/2025 09:30;460.36
11/10/2025 09:45;460.36
11/10/2025 10:00;460.36
11/10/2025 10:15;460.36
11/10/2025 10:30;460.36
11/10/2025 10:45;460.35
11/10/2025 11:00;460.35
11/10/2025 11:15;460.35
11/10/2025 11:30;460.35
11/10/2025 11:45;460.34
11/10/2025 12:00;460.34
11/10/2025 12:15;460.34
11/10/2025 12:30;460.34
11/10/2025 12:45;460.33
11/10/2025 13:00;460.33
11/10/2025 13:15;460.33
11/10/2025 13:30;460.33
11/10/2025 13:45;460.32
11/10/2025 14:00;460.32
11/10/2025 14:15;460.32
11/10/2025 14:30;460.31
11/10/2025 14:45;460.31
11/10/2025 15:00;460.31
11/10/2025 15:15;460.3
11/10/2025 15:30;460.3
11/10/2025 15:45;460.29
11/10/2025 16:00;460.29
11/10/2025 16:15;460.29
11/10/2025 16:30;460.29
11/10/2025 16:45;460.29
11/10/2025 17:00;460.28
11/10/2025 17:15;460.28
11/10/2025 17:30;460.28
11/10/2025 17:45;460.27
11/10/2025 18:00;460.27
11/10/2025 18:15;460.27
11/10/2025 18:30;460.27
11/10/2025 18:45;460.26
11/10/2025 19:00;460.26
11/10/2025 19:15;460.26
11/10/2025 19:30;460.26
11/10/2025 19:45;460.26
11/10/2025 20:00;460.25
11/10/2025 20:15;460.25
11/10/2025 20:30;460.25
11/10/2025 20:45;460.25
11/10/2025 21:00;460.24
11/10/2025 21:15;460.24
11/10/2025 21:30;460.24
11/10/2025 21:45;460.24
11/10/2025 22:00;460.23
11/10/2025 22:15;460.23
11/10/2025 22:30;460.23
11/10/2025 22:45;460.23
11/10/2025 23:00;460.23
11/10/2025 23:15;460.22
11/10/2025 23:30;460.22
11/10/2025 23:45;460.22
12/10/2025 00:00;460.22
12/10/2025 00:15;460.22
12/10/2025 00:30;460.21
12/10/2025 00:45;460.21
12/10/2025 01:00;460.21
12/10/2025 01:15;460.21
12/10/2025 01:30;460.2
12/10/2025 01:45;460.2
12/10/2025 02:00;460.2
12/10/2025 02:15;460.2
12/10/2025 02:30;460.2
12/10/2025 02:45;460.19
12/10/2025 03:00;460.19
12/10/2025 03:15;460.19
12/10/2025 03:30;460.19
12/10/2025 03:45;460.19
12/10/2025 04:00;460.19
12/10/2025 04:15;460.18
12/10/2025 04:30;460.18
12/10/2025 04:45;460.18
12/10/2025 05:00;460.18
12/10/2025 05:15;460.18
12/10/2025 05:30;460.17
12/10/2025 05:45;460.17
12/10/2025 06:00;460.17
12/10/2025 06:15;460.17
12/10/2025 06:30;460.17
12/10/2025 06:45;460.16
12/10/2025 07:00;460.16
12/10/2025 07:15;460.16
12/10/2025 07:30;460.16
12/10/2025 07:45;460.16
12/10/2025 08:00;460.16
12/10/2025 08:15;460.15
12/10/2025 08:30;460.15
12/10/2025 08:45;460.15
12/10/2025 09:00;460.15
12/10/2025 09:15;460.15
12/10/2025 09:30;460.15
12/10/2025 09:45;460.15
12/10/2025 10:00;460.15
12/10/2025 10:15;460.15
12/10/2025 10:30;460.14
12/10/2025 10:45;460.14
12/10/2025 11:00;460.14
12/10/2025 11:15;460.14
12/10/2025 11:30;460.14
12/10/2025 11:45;460.13
12/10/2025 12:00;460.13
12/10/2025 12:15;460.13
12/10/2025 12:30;460.13
12/10/2025 12:45;460.13
12/10/2025 13:00;460.12
12/10/2025 13:15;460.12
12/10/2025 13:30;460.12
12/10/2025 13:45;460.11
12/10/2025 14:00;460.11
12/10/2025 14:15;460.11
12/10/2025 14:30;460.1
12/10/2025 14:45;460.1
12/10/2025 15:00;460.1
12/10/2025 15:15;460.09
12/10/2025 15:30;460.09
12/10/2025 15:45;460.09
12/10/2025 16:00;460.09
12/10/2025 16:15;460.09
12/10/2025 16:30;460.09
12/10/2025 16:45;460.08
12/10/2025 17:00;460.08
12/10/2025 17:15;460.08
12/10/2025 17:30;460.08
12/10/2025 17:45;460.07
12/10/2025 18:00;460.07
12/10/2025 18:15;460.07
12/10/2025 18:30;460.07
12/10/2025 18:45;460.06
12/10/2025 19:00;460.06
12/10/2025 19:15;460.06
12/10/2025 19:30;460.06
12/10/2025 19:45;460.05
12/10/2025 20:00;460.05
12/10/2025 20:15;460.05
12/10/2025 20:30;460.05
12/10/2025 20:45;460.05
12/10/2025 21:00;460.04
12/10/2025 21:15;460.04
12/10/2025 21:30;460.04
12/10/2025 21:45;460.04
12/10/2025 22:00;460.03
12/10/2025 22:15;460.03
12/10/2025 22:30;460.03
12/10/2025 22:45;460.03
12/10/2025 23:00;460.03
12/10/2025 23:15;460.03
12/10/2025 23:30;460.02
12/10/2025 23:45;460.02
13/10/2025 00:00;460.02
13/10/2025 00:15;460.02
13/10/2025 00:30;460.02
13/10/2025 00:45;460.01
13/10/2025 01:00;460.01
13/10/2025 01:15;460.01
13/10/2025 01:30;460.01
13/10/2025 01:45;460.01
13/10/2025 02:00;460
13/10/2025 02:15;460
13/10/2025 02:30;460
13/10/2025 02:45;459.99
13/10/2025 03:00;459.99
13/10/2025 03:15;459.99
13/10/2025 03:30;459.99
13/10/2025 03:45;459.99
13/10/2025 04:00;459.99
13/10/2025 04:15;459.99
13/10/2025 04:30;459.98
13/10/2025 04:45;459.98
13/10/2025 05:00;459.98
13/10/2025 05:15;459.98
13/10/2025 05:30;459.98
13/10/2025 05:45;459.97
13/10/2025 06:00;459.97
13/10/2025 06:15;459.97
13/10/2025 06:30;459.97
13/10/2025 06:45;459.97
13/10/2025 07:00;459.96
13/10/2025 07:15;459.96
13/10/2025 07:30;459.96
13/10/2025 07:45;459.96
13/10/2025 08:00;459.96
13/10/2025 08:15;459.96
13/10/2025 08:30;459.95
13/10/2025 08:45;459.95
13/10/2025 09:00;459.95
13/10/2025 09:15;459.95
13/10/2025 09:30;459.95
13/10/2025 09:45;459.95
13/10/2025 10:00;459.95
13/10/2025 10:15;459.95
13/10/2025 10:30;459.94
13/10/2025 10:45;459.94
13/10/2025 11:00;459.94
13/10/2025 11:15;459.94
13/10/2025 11:30;459.93
13/10/2025 11:45;459.93
13/10/2025 12:00;459.93
13/10/2025 12:15;459.93
13/10/2025 12:30;459.93
13/10/2025 12:45;459.92
13/10/2025 13:00;459.92
13/10/2025 13:15;459.92
13/10/2025 13:30;459.92
13/10/2025 13:45;459.91
13/10/2025 14:00;459.91
13/10/2025 14:15;459.9
13/10/2025 14:30;459.9
13/10/2025 14:45;459.9
13/10/2025 15:00;459.89
13/10/2025 15:15;459.89
13/10/2025 15:30;459.88
13/10/2025 15:45;459.89
13/10/2025 16:00;459.88
13/10/2025 16:15;459.88
13/10/2025 16:30;459.88
13/10/2025 16:45;459.87
13/10/2025 17:00;459.87
13/10/2025 17:15;459.87
13/10/2025 17:30;459.87
13/10/2025 17:45;459.86
13/10/2025 18:00;459.86
13/10/2025 18:15;459.86
13/10/2025 18:30;459.86
13/10/2025 18:45;459.85
13/10/2025 19:00;459.85
13/10/2025 19:15;459.85
13/10/2025 19:30;459.85
13/10/2025 19:45;459.84
13/10/2025 20:00;459.84
13/10/2025 20:15;459.84
13/10/2025 20:30;459.84
13/10/2025 20:45;459.84
13/10/2025 21:00;459.84
13/10/2025 21:15;459.83
13/10/2025 21:30;459.83
13/10/2025 21:45;459.83
13/10/2025 22:00;459.83
13/10/2025 22:15;459.83
13/10/2025 22:30;459.82
13/10/2025 22:45;459.82
13/10/2025 23:00;459.82
13/10/2025 23:15;459.82
13/10/2025 23:30;459.81
13/10/2025 23:45;459.81
14/10/2025 00:00;459.8
14/10/2025 00:15;459.8
14/10/2025 00:30;459.8
14/10/2025 00:45;459.8
14/10/2025 01:00;459.8
14/10/2025 01:15;459.8
14/10/2025 01:30;459.8
14/10/2025 01:45;459.79
14/10/2025 02:00;459.79
14/10/2025 02:15;459.79
14/10/2025 02:30;459.79
14/10/2025 02:45;459.78
14/10/2025 03:00;459.78
14/10/2025 03:15;459.78
14/10/2025 03:30;459.78
14/10/2025 03:45;459.77
14/10/2025 04:00;459.77
14/10/2025 04:15;459.77
14/10/2025 04:30;459.77
14/10/2025 04:45;459.76
14/10/2025 05:00;459.76
14/10/2025 05:15;459.76
14/10/2025 05:30;459.76
14/10/2025 05:45;459.75
14/10/2025 06:00;459.75
14/10/2025 06:15;459.75
14/10/2025 06:30;459.75
14/10/2025 06:45;459.74
14/10/2025 07:00;459.74
14/10/2025 07:15;459.74
14/10/2025 07:30;459.74
14/10/2025 07:45;459.74
14/10/2025 08:00;459.73
14/10/2025 08:15;459.73
14/10/2025 08:30;459.73
14/10/2025 08:45;459.73
14/10/2025 09:00;459.72
14/10/2025 09:15;459.72
14/10/2025 09:30;459.72
14/10/2025 09:45;459.71
14/10/2025 10:00;459.71
14/10/2025 10:15;459.71
14/10/2025 10:30;459.71
14/10/2025 10:45;459.71
14/10/2025 11:00;459.7
14/10/2025 11:15;459.7
14/10/2025 11:30;459.7
14/10/2025 11:45;459.7
14/10/2025 12:00;459.69
14/10/2025 12:15;459.69
14/10/2025 12:30;459.69
14/10/2025 12:45;459.69
14/10/2025 13:00;459.69
14/10/2025 13:15;459.69
14/10/2025 13:30;459.68
14/10/2025 13:45;459.68
14/10/2025 14:00;459.68
14/10/2025 14:15;459.67
14/10/2025 14:30;459.67
14/10/2025 14:45;459.67
14/10/2025 15:00;459.66
14/10/2025 15:15;459.66
14/10/2025 15:30;459.66
14/10/2025 15:45;459.66
14/10/2025 16:00;459.65
14/10/2025 16:15;459.65
14/10/2025 16:30;459.65
14/10/2025 16:45;459.64
14/10/2025 17:00;459.64
14/10/2025 17:15;459.63
14/10/2025 17:30;459.63
14/10/2025 17:45;459.63
14/10/2025 18:00;459.63
14/10/2025 18:15;459.63
14/10/2025 18:30;459.62
14/10/2025 18:45;459.62
14/10/2025 19:00;459.62
14/10/2025 19:15;459.62
14/10/2025 19:30;459.61
14/10/2025 19:45;459.61
14/10/2025 20:00;459.61
14/10/2025 20:15;459.61
14/10/2025 20:30;459.6
14/10/2025 20:45;459.6
14/10/2025 21:00;459.6
14/10/2025 21:15;459.59
14/10/2025 21:30;459.59
14/10/2025 21:45;459.59
14/10/2025 22:00;459.59
14/10/2025 22:15;459.58
14/10/2025 22:30;459.58
14/10/2025 22:45;459.58
14/10/2025 23:00;459.58
14/10/2025 23:15;459.57
14/10/2025 23:30;459.57
14/10/2025 23:45;459.57
15/10/2025 00:00;459.57
15/10/2025 00:15;459.56
15/10/2025 00:30;459.56
15/10/2025 00:45;459.56
15/10/2025 01:00;459.55
15/10/2025 01:15;459.55
15/10/2025 01:30;459.55
15/10/2025 01:45;459.55
15/10/2025 02:00;459.55
15/10/2025 02:15;459.55
15/10/2025 02:30;459.54
15/10/2025 02:45;459.54
15/10/2025 03:00;459.54
15/10/2025 03:15;459.54
15/10/2025 03:30;459.53
15/10/2025 03:45;459.53
15/10/2025 04:00;459.53
15/10/2025 04:15;459.53
15/10/2025 04:30;459.53
15/10/2025 04:45;459.52
15/10/2025 05:00;459.52
15/10/2025 05:15;459.52
15/10/2025 05:30;459.52
15/10/2025 05:45;459.51
15/10/2025 06:00;459.51
15/10/2025 06:15;459.51
15/10/2025 06:30;459.51
15/10/2025 06:45;459.5
15/10/2025 07:00;459.5
15/10/2025 07:15;459.5
15/10/2025 07:30;459.5
15/10/2025 07:45;459.49
15/10/2025 08:00;459.49
15/10/2025 08:15;459.49
15/10/2025 08:30;459.49
15/10/2025 08:45;459.48
15/10/2025 09:00;459.48
15/10/2025 09:15;459.48
15/10/2025 09:30;459.48
15/10/2025 09:45;459.48
15/10/2025 10:00;459.48
15/10/2025 10:15;459.48
15/10/2025 10:30;459.47
15/10/2025 10:45;459.47
15/10/2025 11:00;459.47
15/10/2025 11:15;459.47
15/10/2025 11:30;459.47
15/10/2025 11:45;459.46
15/10/2025 12:00;459.46
15/10/2025 12:15;459.46
15/10/2025 12:30;459.46
15/10/2025 12:45;459.45
15/10/2025 13:00;459.45
15/10/2025 13:15;459.45
15/10/2025 13:30;459.45
15/10/2025 13:45;459.44
15/10/2025 14:00;459.44
15/10/2025 14:15;459.44
15/10/2025 14:30;459.43
15/10/2025 14:45;459.43
15/10/2025 15:00;459.42
15/10/2025 15:15;459.41
15/10/2025 15:30;459.41
15/10/2025 15:45;459.41
15/10/2025 16:00;459.41
15/10/2025 16:15;459.41
15/10/2025 16:30;459.4
15/10/2025 16:45;459.4
15/10/2025 17:00;459.4
15/10/2025 17:15;459.4
15/10/2025 17:30;459.39
15/10/2025 17:45;459.39
15/10/2025 18:00;459.39
15/10/2025 18:15;459.38
15/10/2025 18:30;459.38
15/10/2025 18:45;459.38
15/10/2025 19:00;459.37
15/10/2025 19:15;459.37
15/10/2025 19:30;459.37
15/10/2025 19:45;459.37
15/10/2025 20:00;459.36
15/10/2025 20:15;459.36
15/10/2025 20:30;459.36
15/10/2025 20:45;459.36
15/10/2025 21:00;459.35
15/10/2025 21:15;459.35
15/10/2025 21:30;459.35
15/10/2025 21:45;459.35
15/10/2025 22:00;459.34
15/10/2025 22:15;459.34
15/10/2025 22:30;459.34
15/10/2025 22:45;459.34
15/10/2025 23:00;459.33
15/10/2025 23:15;459.33
15/10/2025 23:30;459.33
15/10/2025 23:45;459.32
16/10/2025 00:00;459.32
16/10/2025 00:15;459.32
16/10/2025 00:30;459.32
16/10/2025 00:45;459.31
16/10/2025 01:00;459.31
16/10/2025 01:15;459.3
16/10/2025 01:30;459.3
16/10/2025 01:45;459.3
16/10/2025 02:00;459.3
16/10/2025 02:15;459.3
16/10/2025 02:30;459.29
16/10/2025 02:45;459.29
16/10/2025 03:00;459.29
16/10/2025 03:15;459.29
16/10/2025 03:30;459.28
16/10/2025 03:45;459.28
16/10/2025 04:00;459.28
16/10/2025 04:15;459.27
16/10/2025 04:30;459.27
16/10/2025 04:45;459.27
16/10/2025 05:00;459.27
16/10/2025 05:15;459.26
16/10/2025 05:30;459.26
16/10/2025 05:45;459.26
16/10/2025 06:00;459.25
16/10/2025 06:15;459.25
16/10/2025 06:30;459.25
16/10/2025 06:45;459.25
16/10/2025 07:00;459.24
16/10/2025 07:15;459.24
16/10/2025 07:30;459.24
16/10/2025 07:45;459.24
16/10/2025 08:00;459.23
16/10/2025 08:15;459.23
16/10/2025 08:30;459.23
16/10/2025 08:45;459.22
16/10/2025 09:00;459.22
16/10/2025 09:15;459.22
16/10/2025 09:30;459.22
16/10/2025 09:45;459.22
16/10/2025 10:00;459.22
16/10/2025 10:15;459.22
16/10/2025 10:30;459.21
16/10/2025 10:45;459.21
16/10/2025 11:00;459.21
16/10/2025 11:15;459.21
16/10/2025 11:30;459.2
16/10/2025 11:45;459.2
16/10/2025 12:00;459.2
16/10/2025 12:15;459.19
16/10/2025 12:30;459.19
16/10/2025 12:45;459.19
16/10/2025 13:00;459.19
16/10/2025 13:15;459.18
16/10/2025 13:30;459.18
16/10/2025 13:45;459.18
16/10/2025 14:00;459.17
16/10/2025 14:15;459.17
16/10/2025 14:30;459.16
16/10/2025 14:45;459.16
16/10/2025 15:00;459.15
16/10/2025 15:15;459.15
16/10/2025 15:30;459.14
16/10/2025 15:45;459.14
16/10/2025 16:00;459.14
16/10/2025 16:15;459.13
16/10/2025 16:30;459.13
16/10/2025 16:45;459.13
16/10/2025 17:00;459.13
16/10/2025 17:15;459.12
16/10/2025 17:30;459.12
16/10/2025 17:45;459.12
16/10/2025 18:00;459.11
16/10/2025 18:15;459.11
16/10/2025 18:30;459.11
16/10/2025 18:45;459.1
16/10/2025 19:00;459.1
16/10/2025 19:15;459.1
16/10/2025 19:30;459.1
16/10/2025 19:45;459.09
16/10/2025 20:00;459.09
16/10/2025 20:15;459.09
16/10/2025 20:30;459.08
16/10/2025 20:45;459.08
16/10/2025 21:00;459.08
16/10/2025 21:15;459.07
16/10/2025 21:30;459.07
16/10/2025 21:45;459.07
16/10/2025 22:00;459.07
16/10/2025 22:15;459.06
16/10/2025 22:30;459.06
16/10/2025 22:45;459.06
16/10/2025 23:00;459.05
16/10/2025 23:15;459.05
16/10/2025 23:30;459.05
16/10/2025 23:45;459.05
17/10/2025 00:00;459.04
17/10/2025 00:15;459.04
17/10/2025 00:30;459.04
17/10/2025 00:45;459.03
17/10/2025 01:00;459.03
17/10/2025 01:15;459.03
17/10/2025 01:30;459.03
17/10/2025 01:45;459.03
17/10/2025 02:00;459.03
17/10/2025 02:15;459.02
17/10/2025 02:30;459.02
17/10/2025 02:45;459.02
17/10/2025 03:00;459.02
17/10/2025 03:15;459.01
17/10/2025 03:30;459.01
17/10/2025 03:45;459.01
17/10/2025 04:00;459.01
17/10/2025 04:15;459
17/10/2025 04:30;459
17/10/2025 04:45;459
17/10/2025 05:00;459
17/10/2025 05:15;458.99
17/10/2025 05:30;458.99
17/10/2025 05:45;458.99
17/10/2025 06:00;458.98
17/10/2025 06:15;458.98
17/10/2025 06:30;458.98
17/10/2025 06:45;458.98
17/10/2025 07:00;458.97
17/10/2025 07:15;458.97
17/10/2025 07:30;458.97
17/10/2025 07:45;458.97
17/10/2025 08:00;458.96
17/10/2025 08:15;458.96
17/10/2025 08:30;458.96
17/10/2025 08:45;458.96
17/10/2025 09:00;458.95
17/10/2025 09:15;458.95
17/10/2025 09:30;458.95
17/10/2025 09:45;458.95
17/10/2025 10:00;458.95
17/10/2025 10:15;458.95
17/10/2025 10:30;458.94
17/10/2025 10:45;458.94
17/10/2025 11:00;458.94
17/10/2025 11:15;458.94
17/10/2025 11:30;458.94
17/10/2025 11:45;458.93
17/10/2025 12:00;458.93
17/10/2025 12:15;458.93
17/10/2025 12:30;458.93
17/10/2025 12:45;458.92
17/10/2025 13:00;458.92
17/10/2025 13:15;458.92
17/10/2025 13:30;458.91
17/10/2025 13:45;458.91
17/10/2025 14:00;458.91
17/10/2025 14:15;458.9
17/10/2025 14:30;458.9
17/10/2025 14:45;458.89
17/10/2025 15:00;458.89
17/10/2025 15:15;458.89
17/10/2025 15:30;458.88
17/10/2025 15:45;458.88
17/10/2025 16:00;458.88
17/10/2025 16:15;458.87
17/10/2025 16:30;458.87
17/10/2025 16:45;458.87
17/10/2025 17:00;458.87
17/10/2025 17:15;458.86
17/10/2025 17:30;458.86
17/10/2025 17:45;458.86
17/10/2025 18:00;458.85
17/10/2025 18:15;458.85
17/10/2025 18:30;458.85
17/10/2025 18:45;458.85
17/10/2025 19:00;458.84
17/10/2025 19:15;458.84
17/10/2025 19:30;458.84
17/10/2025 19:45;458.83
17/10/2025 20:00;458.83
17/10/2025 20:15;458.83
17/10/2025 20:30;458.83
17/10/2025 20:45;458.83
17/10/2025 21:00;458.83
17/10/2025 21:15;458.83
17/10/2025 21:30;458.82
17/10/2025 21:45;458.82
17/10/2025 22:00;458.82
17/10/2025 22:15;458.82
17/10/2025 22:30;458.82
17/10/2025 22:45;458.82
17/10/2025 23:00;458.82
17/10/2025 23:15;458.82
17/10/2025 23:30;458.82
17/10/2025 23:45;458.82
18/10/2025 00:00;458.82
18/10/2025 00:15;458.81
18/10/2025 00:30;458.81
18/10/2025 00:45;458.81
18/10/2025 01:00;458.81
18/10/2025 01:15;458.82
18/10/2025 01:30;458.81
18/10/2025 01:45;458.81
18/10/2025 02:00;458.81
18/10/2025 02:15;458.81
18/10/2025 02:30;458.81
18/10/2025 02:45;458.81
18/10/2025 03:00;458.81
18/10/2025 03:15;458.81
18/10/2025 03:30;458.81
18/10/2025 03:45;458.81
18/10/2025 04:00;458.81
18/10/2025 04:15;458.81
18/10/2025 04:30;458.81
18/10/2025 04:45;458.81
18/10/2025 05:00;458.81
18/10/2025 05:15;458.81
18/10/2025 05:30;458.81
18/10/2025 05:45;458.81
18/10/2025 06:00;458.8
18/10/2025 06:15;458.8
18/10/2025 06:30;458.8
18/10/2025 06:45;458.8
18/10/2025 07:00;458.8
18/10/2025 07:15;458.8
18/10/2025 07:30;458.8
18/10/2025 07:45;458.8
18/10/2025 08:00;458.8
18/10/2025 08:15;458.8
18/10/2025 08:30;458.8
18/10/2025 08:45;458.8
18/10/2025 09:00;458.8
18/10/2025 09:15;458.8
18/10/2025 09:30;458.8
18/10/2025 09:45;458.8
18/10/2025 10:00;458.8
18/10/2025 10:15;458.8
18/10/2025 10:30;458.8
18/10/2025 10:45;458.8
18/10/2025 11:00;458.8
18/10/2025 11:15;458.8
18/10/2025 11:30;458.8
18/10/2025 11:45;458.8
18/10/2025 12:00;458.8
18/10/2025 12:15;458.8
18/10/2025 12:30;458.8
18/10/2025 12:45;458.79
18/10/2025 13:00;458.79
18/10/2025 13:15;458.79
18/10/2025 13:30;458.79
18/10/2025 13:45;458.79
18/10/2025 14:00;458.79
18/10/2025 14:15;458.79
18/10/2025 14:30;458.79
18/10/2025 14:45;458.78
18/10/2025 15:00;458.78
18/10/2025 15:15;458.78
18/10/2025 15:30;458.78
18/10/2025 15:45;458.78
18/10/2025 16:00;458.78
18/10/2025 16:15;458.77
18/10/2025 16:30;458.77
18/10/2025 16:45;458.77
18/10/2025 17:00;458.77
18/10/2025 17:15;458.77
18/10/2025 17:30;458.77
18/10/2025 17:45;458.77
18/10/2025 18:00;458.77
18/10/2025 18:15;458.77
18/10/2025 18:30;458.77
18/10/2025 18:45;458.77
18/10/2025 19:00;458.76
18/10/2025 19:15;458.76
18/10/2025 19:30;458.76
18/10/2025 19:45;458.76
18/10/2025 20:00;458.76
18/10/2025 20:15;458.76
18/10/2025 20:30;458.76
18/10/2025 20:45;458.76
18/10/2025 21:00;458.76
18/10/2025 21:15;458.76
18/10/2025 21:30;458.76
18/10/2025 21:45;458.75
18/10/2025 22:00;458.75
18/10/2025 22:15;458.75
18/10/2025 22:30;458.75
18/10/2025 22:45;458.75
18/10/2025 23:00;458.75
18/10/2025 23:15;458.75
18/10/2025 23:30;458.75
18/10/2025 23:45;458.74
19/10/2025 00:00;458.74
19/10/2025 00:15;458.74
19/10/2025 00:30;458.74
19/10/2025 00:45;458.75
19/10/2025 01:00;458.75
19/10/2025 01:15;458.74
19/10/2025 01:30;458.74
19/10/2025 01:45;458.74
19/10/2025 02:00;458.74
19/10/2025 02:15;458.74
19/10/2025 02:30;458.74
19/10/2025 02:45;458.74
19/10/2025 03:00;458.74
19/10/2025 03:15;458.74
19/10/2025 03:30;458.74
19/10/2025 03:45;458.74
19/10/2025 04:00;458.74
19/10/2025 04:15;458.74
19/10/2025 04:30;458.74
19/10/2025 04:45;458.74
19/10/2025 05:00;458.74
19/10/2025 05:15;458.74
19/10/2025 05:30;458.74
19/10/2025 05:45;458.73
19/10/2025 06:00;458.73
19/10/2025 06:15;458.73
19/10/2025 06:30;458.73
19/10/2025 06:45;458.73
19/10/2025 07:00;458.73
19/10/2025 07:15;458.73
19/10/2025 07:30;458.73
19/10/2025 07:45;458.73
19/10/2025 08:00;458.73
19/10/2025 08:15;458.73
19/10/2025 08:30;458.73
19/10/2025 08:45;458.72
19/10/2025 09:00;458.72
19/10/2025 09:15;458.72
19/10/2025 09:30;458.72
19/10/2025 09:45;458.72
19/10/2025 10:00;458.72
19/10/2025 10:15;458.72
19/10/2025 10:30;458.72
19/10/2025 10:45;458.72
19/10/2025 11:00;458.72
19/10/2025 11:15;458.72
19/10/2025 11:30;458.72
19/10/2025 11:45;458.72
19/10/2025 12:00;458.72
19/10/2025 12:15;458.72
19/10/2025 12:30;458.72
19/10/2025 12:45;458.71
19/10/2025 13:00;458.72
19/10/2025 13:15;458.71
19/10/2025 13:30;458.71
19/10/2025 13:45;458.71
19/10/2025 14:00;458.71
19/10/2025 14:15;458.71
19/10/2025 14:30;458.71
19/10/2025 14:45;458.71
19/10/2025 15:00;458.71
19/10/2025 15:15;458.71
19/10/2025 15:30;458.71
19/10/2025 15:45;458.71
19/10/2025 16:00;458.71
19/10/2025 16:15;458.71
19/10/2025 16:30;458.71
19/10/2025 16:45;458.71
19/10/2025 17:00;458.71
19/10/2025 17:15;458.7
19/10/2025 17:30;458.7
19/10/2025 17:45;458.7
19/10/2025 18:00;458.7
19/10/2025 18:15;458.7
19/10/2025 18:30;458.7
19/10/2025 18:45;458.7
19/10/2025 19:00;458.7
19/10/2025 19:15;458.7
19/10/2025 19:30;458.7
19/10/2025 19:45;458.7
19/10/2025 20:00;458.7
19/10/2025 20:15;458.69
19/10/2025 20:30;458.69
19/10/2025 20:45;458.69
19/10/2025 21:00;458.69
19/10/2025 21:15;458.69
19/10/2025 21:30;458.69
19/10/2025 21:45;458.69
19/10/2025 22:00;458.69
19/10/2025 22:15;458.68
19/10/2025 22:30;458.68
19/10/2025 22:45;458.68
19/10/2025 23:00;458.68
19/10/2025 23:15;458.68
19/10/2025 23:30;458.68
19/10/2025 23:45;458.68
20/10/2025 00:00;458.68
20/10/2025 00:15;458.68
20/10/2025 00:30;458.68
20/10/2025 00:45;458.68
20/10/2025 01:00;458.68
20/10/2025 01:15;458.68
20/10/2025 01:30;458.68
20/10/2025 01:45;458.68
20/10/2025 02:00;458.68
20/10/2025 02:15;458.68
20/10/2025 02:30;458.68
20/10/2025 02:45;458.68
20/10/2025 03:00;458.68
20/10/2025 03:15;458.68
20/10/2025 03:30;458.68
20/10/2025 03:45;458.68
20/10/2025 04:00;458.68
20/10/2025 04:15;458.68
20/10/2025 04:30;458.68
20/10/2025 04:45;458.67
20/10/2025 05:00;458.67
20/10/2025 05:15;458.67
20/10/2025 05:30;458.67
20/10/2025 05:45;458.67
20/10/2025 06:00;458.67
20/10/2025 06:15;458.67
20/10/2025 06:30;458.67
20/10/2025 06:45;458.67
20/10/2025 07:00;458.67
20/10/2025 07:15;458.67
20/10/2025 07:30;458.67
20/10/2025 07:45;458.67
20/10/2025 08:00;458.67
20/10/2025 08:15;458.67
20/10/2025 08:30;458.66
20/10/2025 08:45;458.66
20/10/2025 09:00;458.66
20/10/2025 09:15;458.66
20/10/2025 09:30;458.66
20/10/2025 09:45;458.66
20/10/2025 10:00;458.66
20/10/2025 10:15;458.66
20/10/2025 10:30;458.66
20/10/2025 10:45;458.66
20/10/2025 11:00;458.66
20/10/2025 11:15;458.66
20/10/2025 11:30;458.66
20/10/2025 11:45;458.66
20/10/2025 12:00;458.66
20/10/2025 12:15;458.67
20/10/2025 12:30;458.67
20/10/2025 12:45;458.66
20/10/2025 13:00;458.67
20/10/2025 13:15;458.66
20/10/2025 13:30;458.66
20/10/2025 13:45;458.66
20/10/2025 14:00;458.66
20/10/2025 14:15;458.66
20/10/2025 14:30;458.66
20/10/2025 14:45;458.66
20/10/2025 15:00;458.65
20/10/2025 15:15;458.65
20/10/2025 15:30;458.65
20/10/2025 15:45;458.65
20/10/2025 16:00;458.65
20/10/2025 16:15;458.65
20/10/2025 16:30;458.65
20/10/2025 16:45;458.65
20/10/2025 17:00;458.64
20/10/2025 17:15;458.64
20/10/2025 17:30;458.64
20/10/2025 17:45;458.64
20/10/2025 18:00;458.64
20/10/2025 18:15;458.64
20/10/2025 18:30;458.64
20/10/2025 18:45;458.64
20/10/2025 19:00;458.64
20/10/2025 19:15;458.63
20/10/2025 19:30;458.63
20/10/2025 19:45;458.63
20/10/2025 20:00;458.63
20/10/2025 20:15;458.63
20/10/2025 20:30;458.63
20/10/2025 20:45;458.63
20/10/2025 21:00;458.63
20/10/2025 21:15;458.63
20/10/2025 21:30;458.63
20/10/2025 21:45;458.63
20/10/2025 22:00;458.63
20/10/2025 22:15;458.63
20/10/2025 22:30;458.63
20/10/2025 22:45;458.63
20/10/2025 23:00;458.63
20/10/2025 23:15;458.63
20/10/2025 23:30;458.63
20/10/2025 23:45;458.63
21/10/2025 00:00;458.63
21/10/2025 00:15;458.63
21/10/2025 00:30;458.63
21/10/2025 00:45;458.63
21/10/2025 01:00;458.63
21/10/2025 01:15;458.63
21/10/2025 01:30;458.62
21/10/2025 01:45;458.63
21/10/2025 02:00;458.62
21/10/2025 02:15;458.62
21/10/2025 02:30;458.62
21/10/2025 02:45;458.62
21/10/2025 03:00;458.62
21/10/2025 03:15;458.62
21/10/2025 03:30;458.62
21/10/2025 03:45;458.62
21/10/2025 04:00;458.62
21/10/2025 04:15;458.62
21/10/2025 04:30;458.62
21/10/2025 04:45;458.62
21/10/2025 05:00;458.62
21/10/2025 05:15;458.62
21/10/2025 05:30;458.62
21/10/2025 05:45;458.62
21/10/2025 06:00;458.62
21/10/2025 06:15;458.62
21/10/2025 06:30;458.62
21/10/2025 06:45;458.62
21/10/2025 07:00;458.62
21/10/2025 07:15;458.62
21/10/2025 07:30;458.63
21/10/2025 07:45;458.63
21/10/2025 08:00;458.63
21/10/2025 08:15;458.63
21/10/2025 08:30;458.63
21/10/2025 08:45;458.62
21/10/2025 09:00;458.62
21/10/2025 09:15;458.62
21/10/2025 09:30;458.62
21/10/2025 09:45;458.62
21/10/2025 10:00;458.62
21/10/2025 10:15;458.62
21/10/2025 10:30;458.63
21/10/2025 10:45;458.63
21/10/2025 11:00;458.63
21/10/2025 11:15;458.63
21/10/2025 11:30;458.63
21/10/2025 11:45;458.63
21/10/2025 12:00;458.63
21/10/2025 12:15;458.63
21/10/2025 12:30;458.63
21/10/2025 12:45;458.63
21/10/2025 13:00;458.63
21/10/2025 13:15;458.63
21/10/2025 13:30;458.63
21/10/2025 13:45;458.63
21/10/2025 14:00;458.63
21/10/2025 14:15;458.63
21/10/2025 14:30;458.63
21/10/2025 14:45;458.63
21/10/2025 15:00;458.63
21/10/2025 15:15;458.62
21/10/2025 15:30;458.63
21/10/2025 15:45;458.63
21/10/2025 16:00;458.63
21/10/2025 16:15;458.62
21/10/2025 16:30;458.62
21/10/2025 16:45;458.62
21/10/2025 17:00;458.62
21/10/2025 17:15;458.62
21/10/2025 17:30;458.62
21/10/2025 17:45;458.62
21/10/2025 18:00;458.62
21/10/2025 18:15;458.62
21/10/2025 18:30;458.62
21/10/2025 18:45;458.62
21/10/2025 19:00;458.62
21/10/2025 19:15;458.62
21/10/2025 19:30;458.62
21/10/2025 19:45;458.62
21/10/2025 20:00;458.62
21/10/2025 20:15;458.62
21/10/2025 20:30;458.62
21/10/2025 20:45;458.62
21/10/2025 21:00;458.62
21/10/2025 21:15;458.62
21/10/2025 21:30;458.62
21/10/2025 21:45;458.62
21/10/2025 22:00;458.62
21/10/2025 22:15;458.62
21/10/2025 22:30;458.62
21/10/2025 22:45;458.62
21/10/2025 23:00;458.62
21/10/2025 23:15;458.62
21/10/2025 23:30;458.62
21/10/2025 23:45;458.62
22/10/2025 00:00;458.62
22/10/2025 00:15;458.62
22/10/2025 00:30;458.62
22/10/2025 00:45;458.62
22/10/2025 01:00;458.62
22/10/2025 01:15;458.62
22/10/2025 01:30;458.62
22/10/2025 01:45;458.62
22/10/2025 02:00;458.62
22/10/2025 02:15;458.62
22/10/2025 02:30;458.62
22/10/2025 02:45;458.62
22/10/2025 03:00;458.62
22/10/2025 03:15;458.62
22/10/2025 03:30;458.62
22/10/2025 03:45;458.62
22/10/2025 04:00;458.62
22/10/2025 04:15;458.62
22/10/2025 04:30;458.62
22/10/2025 04:45;458.62
22/10/2025 05:00;458.62
22/10/2025 05:15;458.62
22/10/2025 05:30;458.62
22/10/2025 05:45;458.62
22/10/2025 06:00;458.62
22/10/2025 06:15;458.61
22/10/2025 06:30;458.62
22/10/2025 06:45;458.61
22/10/2025 07:00;458.62
22/10/2025 07:15;458.62
22/10/2025 07:30;458.62
22/10/2025 07:45;458.61
22/10/2025 08:00;458.61
22/10/2025 08:15;458.61
22/10/2025 08:30;458.61
22/10/2025 08:45;458.61
22/10/2025 09:00;458.61
22/10/2025 09:15;458.61
22/10/2025 09:30;458.61
22/10/2025 09:45;458.61
22/10/2025 10:00;458.61
22/10/2025 10:15;458.61
22/10/2025 10:30;458.61
22/10/2025 10:45;458.62
22/10/2025 11:00;458.62
22/10/2025 11:15;458.62
22/10/2025 11:30;458.62
22/10/2025 11:45;458.62
22/10/2025 12:00;458.62
22/10/2025 12:15;458.62
22/10/2025 12:30;458.62
22/10/2025 12:45;458.62
22/10/2025 13:00;458.62
22/10/2025 13:15;458.62
22/10/2025 13:30;458.62
22/10/2025 13:45;458.61
22/10/2025 14:00;458.61
22/10/2025 14:15;458.61
22/10/2025 14:30;458.61
22/10/2025 14:45;458.61
22/10/2025 15:00;458.61
22/10/2025 15:15;458.6
22/10/2025 15:30;458.61
22/10/2025 15:45;458.61
22/10/2025 16:00;458.61
22/10/2025 16:15;458.61
22/10/2025 16:30;458.61
22/10/2025 16:45;458.61
22/10/2025 17:00;458.61
22/10/2025 17:15;458.61
22/10/2025 17:30;458.61
22/10/2025 17:45;458.61
22/10/2025 18:00;458.6
22/10/2025 18:15;458.6
22/10/2025 18:30;458.6
22/10/2025 18:45;458.6
22/10/2025 19:00;458.6
22/10/2025 19:15;458.6
22/10/2025 19:30;458.6
22/10/2025 19:45;458.6
22/10/2025 20:00;458.6
22/10/2025 20:15;458.6
22/10/2025 20:30;458.6
22/10/2025 20:45;458.6
22/10/2025 21:00;458.6
22/10/2025 21:15;458.6
22/10/2025 21:30;458.6
22/10/2025 21:45;458.6
22/10/2025 22:00;458.6
22/10/2025 22:15;458.6
22/10/2025 22:30;458.6
22/10/2025 22:45;458.6
22/10/2025 23:00;458.6
22/10/2025 23:15;458.6
22/10/2025 23:30;458.6
22/10/2025 23:45;458.59
23/10/2025 00:00;458.6
23/10/2025 00:15;458.59
23/10/2025 00:30;458.59
23/10/2025 00:45;458.59
23/10/2025 01:00;458.59
23/10/2025 01:15;458.59
23/10/2025 01:30;458.59
23/10/2025 01:45;458.59
23/10/2025 02:00;458.59
23/10/2025 02:15;458.59
23/10/2025 02:30;458.59
23/10/2025 02:45;458.59
23/10/2025 03:00;458.59
23/10/2025 03:15;458.59
23/10/2025 03:30;458.59
23/10/2025 03:45;458.59
23/10/2025 04:00;458.59
23/10/2025 04:15;458.59
23/10/2025 04:30;458.59
23/10/2025 04:45;458.59
23/10/2025 05:00;458.59
23/10/2025 05:15;458.59
23/10/2025 05:30;458.59
23/10/2025 05:45;458.59
23/10/2025 06:00;458.59
23/10/2025 06:15;458.59
23/10/2025 06:30;458.59
23/10/2025 06:45;458.59
23/10/2025 07:00;458.59
23/10/2025 07:15;458.59
23/10/2025 07:30;458.59
23/10/2025 07:45;458.59
23/10/2025 08:00;458.59
23/10/2025 08:15;458.58
23/10/2025 08:30;458.58
23/10/2025 08:45;458.58
23/10/2025 09:00;458.58
23/10/2025 09:15;458.57
23/10/2025 09:30;458.58
23/10/2025 09:45;458.57
23/10/2025 10:00;458.57
23/10/2025 10:15;458.57
23/10/2025 10:30;458.58
23/10/2025 10:45;458.57
23/10/2025 11:00;458.57
23/10/2025 11:15;458.57
23/10/2025 11:30;458.57
23/10/2025 11:45;458.58
23/10/2025 12:00;458.58
23/10/2025 12:15;458.58
23/10/2025 12:30;458.58
23/10/2025 12:45;458.58
23/10/2025 13:00;458.58
23/10/2025 13:15;458.58
23/10/2025 13:30;458.58
23/10/2025 13:45;458.58
23/10/2025 14:00;458.59
23/10/2025 14:15;458.58
23/10/2025 14:30;458.58
23/10/2025 14:45;458.58
23/10/2025 15:00;458.59
23/10/2025 15:15;458.58
23/10/2025 15:30;458.58
23/10/2025 15:45;458.58
23/10/2025 16:00;458.58
23/10/2025 16:15;458.58
23/10/2025 16:30;458.58
23/10/2025 16:45;458.58
23/10/2025 17:00;458.58
23/10/2025 17:15;458.58
23/10/2025 17:30;458.58
23/10/2025 17:45;458.58
23/10/2025 18:00;458.58
23/10/2025 18:15;458.57
23/10/2025 18:30;458.58
23/10/2025 18:45;458.58
23/10/2025 19:00;458.58
23/10/2025 19:15;458.57
23/10/2025 19:30;458.57
23/10/2025 19:45;458.57
23/10/2025 20:00;458.57
23/10/2025 20:15;458.58
23/10/2025 20:30;458.57
23/10/2025 20:45;458.57
23/10/2025 21:00;458.57
23/10/2025 21:15;458.57
23/10/2025 21:30;458.57
23/10/2025 21:45;458.57
23/10/2025 22:00;458.58
23/10/2025 22:15;458.58
23/10/2025 22:30;458.59
23/10/2025 22:45;458.59
23/10/2025 23:00;458.6
23/10/2025 23:15;458.6
23/10/2025 23:30;458.61
23/10/2025 23:45;458.61
24/10/2025 00:00;458.61
24/10/2025 00:15;458.62
24/10/2025 00:30;458.63
24/10/2025 00:45;458.63
24/10/2025 01:00;458.63
24/10/2025 01:15;458.64
24/10/2025 01:30;458.65
24/10/2025 01:45;458.65
24/10/2025 02:00;458.65
24/10/2025 02:15;458.66
24/10/2025 02:30;458.66
24/10/2025 02:45;458.67
24/10/2025 03:00;458.67
24/10/2025 03:15;458.67
24/10/2025 03:30;458.68
24/10/2025 03:45;458.68
24/10/2025 04:00;458.69
24/10/2025 04:15;458.69
24/10/2025 04:30;458.69
24/10/2025 04:45;458.7
24/10/2025 05:00;458.7
24/10/2025 05:15;458.71
24/10/2025 05:30;458.71
24/10/2025 05:45;458.71
24/10/2025 06:00;458.72
24/10/2025 06:15;458.72
24/10/2025 06:30;458.73
24/10/2025 06:45;458.73
24/10/2025 07:00;458.74
24/10/2025 07:15;458.74
24/10/2025 07:30;458.74
24/10/2025 07:45;458.75
24/10/2025 08:00;458.75
24/10/2025 08:15;458.75
24/10/2025 08:30;458.75
24/10/2025 08:45;458.76
24/10/2025 09:00;458.76
24/10/2025 09:15;458.77
24/10/2025 09:30;458.77
24/10/2025 09:45;458.77
24/10/2025 10:00;458.78
24/10/2025 10:15;458.79
24/10/2025 10:30;458.79
24/10/2025 10:45;458.79
24/10/2025 11:00;458.79
24/10/2025 11:15;458.8
24/10/2025 11:30;458.8
24/10/2025 11:45;458.81
24/10/2025 12:00;458.81
24/10/2025 12:15;458.81
24/10/2025 12:30;458.81
24/10/2025 12:45;458.81
24/10/2025 13:00;458.82
24/10/2025 13:15;458.82
24/10/2025 13:30;458.82
24/10/2025 13:45;458.82
24/10/2025 14:00;458.82
24/10/2025 14:15;458.83
24/10/2025 14:30;458.83
24/10/2025 14:45;458.83
24/10/2025 15:00;458.83
24/10/2025 15:15;458.83
24/10/2025 15:30;458.83
24/10/2025 15:45;458.83
24/10/2025 16:00;458.84
24/10/2025 16:15;458.84
24/10/2025 16:30;458.84
24/10/2025 16:45;458.84
24/10/2025 17:00;458.84
24/10/2025 17:15;458.84
24/10/2025 17:30;458.84
24/10/2025 17:45;458.85
24/10/2025 18:00;458.85
24/10/2025 18:15;458.85
24/10/2025 18:30;458.85
24/10/2025 18:45;458.85
24/10/2025 19:00;458.85
24/10/2025 19:15;458.85
24/10/2025 19:30;458.86
24/10/2025 19:45;458.86
24/10/2025 20:00;458.86
24/10/2025 20:15;458.86
24/10/2025 20:30;458.86
24/10/2025 20:45;458.87
24/10/2025 21:00;458.87
24/10/2025 21:15;458.87
24/10/2025 21:30;458.87
24/10/2025 21:45;458.87
24/10/2025 22:00;458.87
24/10/2025 22:15;458.87
24/10/2025 22:30;458.88
24/10/2025 22:45;458.88
24/10/2025 23:00;458.88
24/10/2025 23:15;458.88
24/10/2025 23:30;458.88
24/10/2025 23:45;458.88
25/10/2025 00:00;458.88
25/10/2025 00:15;458.89
25/10/2025 00:30;458.89
25/10/2025 00:45;458.89
25/10/2025 01:00;458.89
25/10/2025 01:15;458.89
25/10/2025 01:30;458.89
25/10/2025 01:45;458.9
25/10/2025 02:00;458.9
25/10/2025 02:15;458.9
25/10/2025 02:30;458.9
25/10/2025 02:45;458.9
25/10/2025 03:00;458.9
25/10/2025 03:15;458.9
25/10/2025 03:30;458.9
25/10/2025 03:45;458.91
25/10/2025 04:00;458.91
25/10/2025 04:15;458.91
25/10/2025 04:30;458.91
25/10/2025 04:45;458.91
25/10/2025 05:00;458.91
25/10/2025 05:15;458.91
25/10/2025 05:30;458.91
25/10/2025 05:45;458.91
25/10/2025 06:00;458.92
25/10/2025 06:15;458.92
25/10/2025 06:30;458.92
25/10/2025 06:45;458.92
25/10/2025 07:00;458.92
25/10/2025 07:15;458.92
25/10/2025 07:30;458.92
25/10/2025 07:45;458.92
25/10/2025 08:00;458.92
25/10/2025 08:15;458.93
25/10/2025 08:30;458.93
25/10/2025 08:45;458.93
25/10/2025 09:00;458.93
25/10/2025 09:15;458.93
25/10/2025 09:30;458.93
25/10/2025 09:45;458.93
25/10/2025 10:00;458.93
25/10/2025 10:15;458.94
25/10/2025 10:30;458.94
25/10/2025 10:45;458.94
25/10/2025 11:00;458.94
25/10/2025 11:15;458.94
25/10/2025 11:30;458.93
25/10/2025 11:45;458.94
25/10/2025 12:00;458.94
25/10/2025 12:15;458.94
25/10/2025 12:30;458.94
25/10/2025 12:45;458.94
25/10/2025 13:00;458.94
25/10/2025 13:15;458.94
25/10/2025 13:30;458.94
25/10/2025 13:45;458.94
25/10/2025 14:00;458.94
25/10/2025 14:15;458.94
25/10/2025 14:30;458.94
25/10/2025 14:45;458.94
25/10/2025 15:00;458.94
25/10/2025 15:15;458.95
25/10/2025 15:30;458.95
25/10/2025 15:45;458.95
25/10/2025 16:00;458.94
25/10/2025 16:15;458.95
25/10/2025 16:30;458.95
25/10/2025 16:45;458.95
25/10/2025 17:00;458.95
25/10/2025 17:15;458.95
25/10/2025 17:30;458.95
25/10/2025 17:45;458.95
25/10/2025 18:00;458.95
25/10/2025 18:15;458.95
25/10/2025 18:30;458.95
25/10/2025 18:45;458.95
25/10/2025 19:00;458.95
25/10/2025 19:15;458.95
25/10/2025 19:30;458.95
25/10/2025 19:45;458.95
25/10/2025 20:00;458.95
25/10/2025 20:15;458.95
25/10/2025 20:30;458.95
25/10/2025 20:45;458.95
25/10/2025 21:00;458.95
25/10/2025 21:15;458.95
25/10/2025 21:30;458.95
25/10/2025 21:45;458.95
25/10/2025 22:00;458.96
25/10/2025 22:15;458.96
25/10/2025 22:30;458.96
25/10/2025 22:45;458.96
25/10/2025 23:00;458.96
25/10/2025 23:15;458.96
25/10/2025 23:30;458.96
25/10/2025 23:45;458.96
26/10/2025 00:00;458.96
26/10/2025 00:15;458.96
26/10/2025 00:30;458.96
26/10/2025 00:45;458.96
26/10/2025 01:00;458.97
26/10/2025 01:15;458.96
26/10/2025 01:30;458.96
26/10/2025 01:45;458.96
26/10/2025 02:00;458.97
26/10/2025 02:15;458.97
26/10/2025 02:30;458.97
26/10/2025 02:45;458.97
26/10/2025 03:00;458.97
26/10/2025 03:15;458.97
26/10/2025 03:30;458.97
26/10/2025 03:45;458.97
26/10/2025 04:00;458.97
26/10/2025 04:15;458.97
26/10/2025 04:30;458.98
26/10/2025 04:45;458.97
26/10/2025 05:00;458.98
26/10/2025 05:15;458.98
26/10/2025 05:30;458.98
26/10/2025 05:45;458.98
26/10/2025 06:00;458.98
26/10/2025 06:15;458.98
26/10/2025 06:30;458.98
26/10/2025 06:45;458.98
26/10/2025 07:00;458.98
26/10/2025 07:15;458.98
26/10/2025 07:30;458.98
26/10/2025 07:45;458.98
26/10/2025 08:00;458.98
26/10/2025 08:15;458.98
26/10/2025 08:30;458.98
26/10/2025 08:45;458.99
26/10/2025 09:00;458.99
26/10/2025 09:15;458.99
26/10/2025 09:30;458.99
26/10/2025 09:45;458.99
26/10/2025 10:00;459
26/10/2025 10:15;459
26/10/2025 10:30;458.99
26/10/2025 10:45;458.99
26/10/2025 11:00;458.99
26/10/2025 11:15;458.99
26/10/2025 11:30;458.99
26/10/2025 11:45;458.99
26/10/2025 12:00;458.99
26/10/2025 12:15;458.99
26/10/2025 12:30;458.99
26/10/2025 12:45;458.99
26/10/2025 13:00;458.99
26/10/2025 13:15;459
26/10/2025 13:30;458.99
26/10/2025 13:45;459
26/10/2025 14:00;458.99
26/10/2025 14:15;459
26/10/2025 14:30;459
26/10/2025 14:45;459
26/10/2025 15:00;459
26/10/2025 15:15;459
26/10/2025 15:30;459
26/10/2025 15:45;459
26/10/2025 16:00;459
26/10/2025 16:15;459
26/10/2025 16:30;459
26/10/2025 16:45;459
26/10/2025 17:00;459
26/10/2025 17:15;459
26/10/2025 17:30;459
26/10/2025 17:45;459
26/10/2025 18:00;459
26/10/2025 18:15;459
26/10/2025 18:30;459
26/10/2025 18:45;459
26/10/2025 19:00;459
26/10/2025 19:15;459
26/10/2025 19:30;459
26/10/2025 19:45;459
26/10/2025 20:00;459
26/10/2025 20:15;459
26/10/2025 20:30;459
26/10/2025 20:45;459.01
26/10/2025 21:00;459.01
26/10/2025 21:15;459
26/10/2025 21:30;459
26/10/2025 21:45;459.01
26/10/2025 22:00;459.01
26/10/2025 22:15;459
26/10/2025 22:30;459
26/10/2025 22:45;459
26/10/2025 23:00;459
26/10/2025 23:15;459
26/10/2025 23:30;459.01
26/10/2025 23:45;459.01
27/10/2025 00:00;459.01
27/10/2025 00:15;459.01
27/10/2025 00:30;459.01
27/10/2025 00:45;459.01
27/10/2025 01:00;459.01
27/10/2025 01:15;459.01
27/10/2025 01:30;459.01
27/10/2025 01:45;459.01
27/10/2025 02:00;459.01
27/10/2025 02:15;459.01
27/10/2025 02:30;459.01
27/10/2025 02:45;459.01
27/10/2025 03:00;459.01
27/10/2025 03:15;459.01
27/10/2025 03:30;459.01
27/10/2025 03:45;459.01
27/10/2025 04:00;459.01
27/10/2025 04:15;459.01
27/10/2025 04:30;459.01
27/10/2025 04:45;459.01
27/10/2025 05:00;459.01
27/10/2025 05:15;459.01
27/10/2025 05:30;459.01
27/10/2025 05:45;459.01
27/10/2025 06:00;459.01
27/10/2025 06:15;459.01
27/10/2025 06:30;459.02
27/10/2025 06:45;459.02
27/10/2025 07:00;459.02
27/10/2025 07:15;459.02
27/10/2025 07:30;459.02
27/10/2025 07:45;459.02
27/10/2025 08:00;459.02
27/10/2025 08:15;459.02
27/10/2025 08:30;459.02
27/10/2025 08:45;459.02
27/10/2025 09:00;459.02
27/10/2025 09:15;459.03
27/10/2025 09:30;459.03
27/10/2025 09:45;459.03
27/10/2025 10:00;459.02
27/10/2025 10:15;459.02
27/10/2025 10:30;459.02
27/10/2025 10:45;459.03
27/10/2025 11:00;459.03
27/10/2025 11:15;459.03
27/10/2025 11:30;459.03
27/10/2025 11:45;459.03
27/10/2025 12:00;459.03
27/10/2025 12:15;459.03
27/10/2025 12:30;459.03
27/10/2025 12:45;459.03
27/10/2025 13:00;459.03
27/10/2025 13:15;459.03
27/10/2025 13:30;459.02
27/10/2025 13:45;459.02
27/10/2025 14:00;459.02
27/10/2025 14:15;459.02
27/10/2025 14:30;459.02
27/10/2025 14:45;459.02
27/10/2025 15:00;459.02
27/10/2025 15:15;459.02
27/10/2025 15:30;459.02
27/10/2025 15:45;459.02
27/10/2025 16:00;459.02
27/10/2025 16:15;459.02
27/10/2025 16:30;459.02
27/10/2025 16:45;459.02
27/10/2025 17:00;459.02
27/10/2025 17:15;459.02
27/10/2025 17:30;459.03
27/10/2025 17:45;459.03
27/10/2025 18:00;459.02
27/10/2025 18:15;459.02
27/10/2025 18:30;459.02
27/10/2025 18:45;459.02
27/10/2025 19:00;459.02
27/10/2025 19:15;459.02
27/10/2025 19:30;459.02
27/10/2025 19:45;459.02
27/10/2025 20:00;459.02
27/10/2025 20:15;459.02
27/10/2025 20:30;459.02
27/10/2025 20:45;459.02
27/10/2025 21:00;459.02
27/10/2025 21:15;459.02
27/10/2025 21:30;459.02
27/10/2025 21:45;459.02
27/10/2025 22:00;459.02
27/10/2025 22:15;459.02
27/10/2025 22:30;459.02
27/10/2025 22:45;459.02
27/10/2025 23:00;459.02
27/10/2025 23:15;459.02
27/10/2025 23:30;459.03
27/10/2025 23:45;459.03
28/10/2025 00:00;459.03
28/10/2025 00:15;459.03
28/10/2025 00:30;459.03
28/10/2025 00:45;459.03
28/10/2025 01:00;459.03
28/10/2025 01:15;459.03
28/10/2025 01:30;459.03
28/10/2025 01:45;459.03
28/10/2025 02:00;459.03
28/10/2025 02:15;459.03
28/10/2025 02:30;459.03
28/10/2025 02:45;459.03
28/10/2025 03:00;459.03
28/10/2025 03:15;459.03
28/10/2025 03:30;459.03
28/10/2025 03:45;459.03
28/10/2025 04:00;459.03
28/10/2025 04:15;459.03
28/10/2025 04:30;459.03
28/10/2025 04:45;459.03
28/10/2025 05:00;459.03
28/10/2025 05:15;459.03
28/10/2025 05:30;459.03
28/10/2025 05:45;459.03
28/10/2025 06:00;459.03
28/10/2025 06:15;459.03
28/10/2025 06:30;459.03
28/10/2025 06:45;459.04
28/10/2025 07:00;459.04
28/10/2025 07:15;459.04
28/10/2025 07:30;459.03
28/10/2025 07:45;459.04
28/10/2025 08:00;459.04
28/10/2025 08:15;459.04
28/10/2025 08:30;459.04
28/10/2025 08:45;459.04
28/10/2025 09:00;459.04
28/10/2025 09:15;459.04
28/10/2025 09:30;459.04
28/10/2025 09:45;459.04
28/10/2025 10:00;459.05
28/10/2025 10:15;459.05
28/10/2025 10:30;459.05
28/10/2025 10:45;459.05
28/10/2025 11:00;459.05
28/10/2025 11:15;459.05
28/10/2025 11:30;459.05
28/10/2025 11:45;459.05
28/10/2025 12:00;459.04
28/10/2025 12:15;459.04
28/10/2025 12:30;459.04
28/10/2025 12:45;459.04
28/10/2025 13:00;459.04
28/10/2025 13:15;459.04
28/10/2025 13:30;459.04
28/10/2025 13:45;459.04
28/10/2025 14:00;459.04
28/10/2025 14:15;459.04
28/10/2025 14:30;459.03
28/10/2025 14:45;459.03
28/10/2025 15:00;459.03
28/10/2025 15:15;459.03
28/10/2025 15:30;459.03
28/10/2025 15:45;459.03
28/10/2025 16:00;459.03
28/10/2025 16:15;459.03
28/10/2025 16:30;459.03
28/10/2025 16:45;459.03
28/10/2025 17:00;459.03
28/10/2025 17:15;459.03
28/10/2025 17:30;459.03
28/10/2025 17:45;459.03
28/10/2025 18:00;459.03
28/10/2025 18:15;459.03
28/10/2025 18:30;459.03
28/10/2025 18:45;459.03
28/10/2025 19:00;459.03
28/10/2025 19:15;459.03
28/10/2025 19:30;459.03
28/10/2025 19:45;459.03
28/10/2025 20:00;459.03
28/10/2025 20:15;459.03
28/10/2025 20:30;459.04
28/10/2025 20:45;459.03
28/10/2025 21:00;459.03
28/10/2025 21:15;459.03
28/10/2025 21:30;459.03
28/10/2025 21:45;459.03
28/10/2025 22:00;459.03
28/10/2025 22:15;459.03
28/10/2025 22:30;459.03
28/10/2025 22:45;459.03
28/10/2025 23:00;459.03
28/10/2025 23:15;459.03
28/10/2025 23:30;459.03
28/10/2025 23:45;459.03
29/10/2025 00:00;459.03
29/10/2025 00:15;459.03
29/10/2025 00:30;459.03
29/10/2025 00:45;459.04
29/10/2025 01:00;459.03
29/10/2025 01:15;459.03
29/10/2025 01:30;459.03
29/10/2025 01:45;459.04
29/10/2025 02:00;459.03
29/10/2025 02:15;459.03
29/10/2025 02:30;459.03
29/10/2025 02:45;459.03
29/10/2025 03:00;459.03
29/10/2025 03:15;459.03
29/10/2025 03:30;459.03
29/10/2025 03:45;459.03
29/10/2025 04:00;459.03
29/10/2025 04:15;459.03
29/10/2025 04:30;459.03
29/10/2025 04:45;459.03
29/10/2025 05:00;459.03
29/10/2025 05:15;459.03
29/10/2025 05:30;459.03
29/10/2025 05:45;459.03
29/10/2025 06:00;459.03
29/10/2025 06:15;459.03
29/10/2025 06:30;459.03
29/10/2025 06:45;459.03
29/10/2025 07:00;459.03
29/10/2025 07:15;459.03
29/10/2025 07:30;459.03
29/10/2025 07:45;459.03
29/10/2025 08:00;459.03
29/10/2025 08:15;459.03
29/10/2025 08:30;459.03
29/10/2025 08:45;459.03
29/10/2025 09:00;459.03
29/10/2025 09:15;459.03
29/10/2025 09:30;459.03
29/10/2025 09:45;459.03
29/10/2025 10:00;459.04
29/10/2025 10:15;459.03
29/10/2025 10:30;459.03
29/10/2025 10:45;459.03
29/10/2025 11:00;459.03
29/10/2025 11:15;459.03
29/10/2025 11:30;459.03
29/10/2025 11:45;459.03
29/10/2025 12:00;459.03
29/10/2025 12:15;459.03
29/10/2025 12:30;459.03
29/10/2025 12:45;459.04
29/10/2025 13:00;459.04
29/10/2025 13:15;459.04
29/10/2025 13:30;459.04
29/10/2025 13:45;459.04
29/10/2025 14:00;459.04
29/10/2025 14:15;459.04
29/10/2025 14:30;459.03
29/10/2025 14:45;459.04
29/10/2025 15:00;459.04
29/10/2025 15:15;459.04
29/10/2025 15:30;459.03
29/10/2025 15:45;459.03
29/10/2025 16:00;459.03
29/10/2025 16:15;459.04
29/10/2025 16:30;459.03
29/10/2025 16:45;459.03
29/10/2025 17:00;459.03
29/10/2025 17:15;459.03
29/10/2025 17:30;459.03
29/10/2025 17:45;459.03
29/10/2025 18:00;459.03
29/10/2025 18:15;459.03
29/10/2025 18:30;459.03
29/10/2025 18:45;459.03
29/10/2025 19:00;459.03
29/10/2025 19:15;459.03
29/10/2025 19:30;459.03
29/10/2025 19:45;459.03
29/10/2025 20:00;459.03
29/10/2025 20:15;459.03
29/10/2025 20:30;459.03
29/10/2025 20:45;459.03
29/10/2025 21:00;459.03
29/10/2025 21:15;459.03
29/10/2025 21:30;459.03
29/10/2025 21:45;459.03
29/10/2025 22:00;459.03
29/10/2025 22:15;459.03
29/10/2025 22:30;459.03
29/10/2025 22:45;459.03
29/10/2025 23:00;459.03
29/10/2025 23:15;459.03
29/10/2025 23:30;459.04
29/10/2025 23:45;459.03
30/10/2025 00:00;459.03
30/10/2025 00:15;459.03
30/10/2025 00:30;459.03
30/10/2025 00:45;459.03
30/10/2025 01:00;459.03
30/10/2025 01:15;459.03
30/10/2025 01:30;459.03
30/10/2025 01:45;459.03
30/10/2025 02:00;459.03
30/10/2025 02:15;459.03
30/10/2025 02:30;459.03
30/10/2025 02:45;459.03
30/10/2025 03:00;459.03
30/10/2025 03:15;459.03
30/10/2025 03:30;459.03
30/10/2025 03:45;459.03
30/10/2025 04:00;459.03
30/10/2025 04:15;459.03
30/10/2025 04:30;459.03
30/10/2025 04:45;459.03
30/10/2025 05:00;459.03
30/10/2025 05:15;459.03
30/10/2025 05:30;459.03
30/10/2025 05:45;459.03
30/10/2025 06:00;459.03
30/10/2025 06:15;459.03
30/10/2025 06:30;459.03
30/10/2025 06:45;459.03
30/10/2025 07:00;459.03
30/10/2025 07:15;459.03
30/10/2025 07:30;459.03
30/10/2025 07:45;459.03
30/10/2025 08:00;459.03
30/10/2025 08:15;459.03
30/10/2025 08:30;459.03
30/10/2025 08:45;459.03
30/10/2025 09:00;459.04
30/10/2025 09:15;459.04
30/10/2025 09:30;459.04
30/10/2025 09:45;459.04
30/10/2025 10:00;459.04
30/10/2025 10:15;459.04
30/10/2025 10:30;459.04
30/10/2025 10:45;459.04
30/10/2025 11:00;459.04
30/10/2025 11:15;459.04
30/10/2025 11:30;459.04
30/10/2025 11:45;459.04
30/10/2025 12:00;459.04
30/10/2025 12:15;459.04
30/10/2025 12:30;459.04
30/10/2025 12:45;459.04
30/10/2025 13:00;459.04
30/10/2025 13:15;459.04
30/10/2025 13:30;459.04
30/10/2025 13:45;459.03
30/10/2025 14:00;459.03
30/10/2025 14:15;459.03
30/10/2025 14:30;459.03
30/10/2025 14:45;459.03
30/10/2025 15:00;459.03
30/10/2025 15:15;459.03
30/10/2025 15:30;459.03
30/10/2025 15:45;459.03
30/10/2025 16:00;459.03
30/10/2025 16:15;459.03
30/10/2025 16:30;459.03
30/10/2025 16:45;459.03
30/10/2025 17:00;459.03
30/10/2025 17:15;459.03
30/10/2025 17:30;459.03
30/10/2025 17:45;459.03
30/10/2025 18:00;459.03
30/10/2025 18:15;459.03
30/10/2025 18:30;459.03
30/10/2025 18:45;459.03
30/10/2025 19:00;459.03
30/10/2025 19:15;459.03
30/10/2025 19:30;459.03
30/10/2025 19:45;459.03
30/10/2025 20:00;459.03
30/10/2025 20:15;459.03
30/10/2025 20:30;459.03
30/10/2025 20:45;459.03
30/10/2025 21:00;459.03
30/10/2025 21:15;459.04
30/10/2025 21:30;459.03
30/10/2025 21:45;459.04
30/10/2025 22:00;459.04
30/10/2025 22:15;459.04
30/10/2025 22:30;459.04
30/10/2025 22:45;459.04
30/10/2025 23:00;459.04
30/10/2025 23:15;459.04
30/10/2025 23:30;459.04
30/10/2025 23:45;459.04
31/10/2025 00:00;459.04
31/10/2025 00:15;459.04
31/10/2025 00:30;459.04
31/10/2025 00:45;459.05
31/10/2025 01:00;459.05
31/10/2025 01:15;459.05
31/10/2025 01:30;459.05
31/10/2025 01:45;459.05
31/10/2025 02:00;459.05
31/10/2025 02:15;459.05
31/10/2025 02:30;459.05
31/10/2025 02:45;459.05
31/10/2025 03:00;459.05
31/10/2025 03:15;459.05
31/10/2025 03:30;459.05
31/10/2025 03:45;459.05
31/10/2025 04:00;459.05
31/10/2025 04:15;459.06
31/10/2025 04:30;459.06
31/10/2025 04:45;459.06
31/10/2025 05:00;459.06
31/10/2025 05:15;459.06
31/10/2025 05:30;459.06
31/10/2025 05:45;459.06
31/10/2025 06:00;459.06
31/10/2025 06:15;459.06
31/10/2025 06:30;459.06
31/10/2025 06:45;459.06
31/10/2025 07:00;459.06
31/10/2025 07:15;459.06
31/10/2025 07:30;459.06
31/10/2025 07:45;459.06
31/10/2025 08:00;459.06
31/10/2025 08:15;459.07
31/10/2025 08:30;459.07
31/10/2025 08:45;459.07
31/10/2025 09:00;459.06
31/10/2025 09:15;459.06
31/10/2025 09:30;459.06
31/10/2025 09:45;459.06
31/10/2025 10:00;459.06
31/10/2025 10:15;459.06
31/10/2025 10:30;459.06
31/10/2025 10:45;459.07
31/10/2025 11:00;459.07
31/10/2025 11:15;459.07
31/10/2025 11:30;459.07
31/10/2025 11:45;459.07
31/10/2025 12:00;459.07
31/10/2025 12:15;459.07
31/10/2025 12:30;459.07
31/10/2025 12:45;459.07
31/10/2025 13:00;459.08
31/10/2025 13:15;459.08
31/10/2025 13:30;459.07
31/10/2025 13:45;459.07
31/10/2025 14:00;459.08
31/10/2025 14:15;459.07
31/10/2025 14:30;459.08
31/10/2025 14:45;459.08
31/10/2025 15:00;459.08
31/10/2025 15:15;459.08
31/10/2025 15:30;459.08
31/10/2025 15:45;459.07
31/10/2025 16:00;459.08
31/10/2025 16:15;459.08
31/10/2025 16:30;459.08
31/10/2025 16:45;459.08
31/10/2025 17:00;459.08
31/10/2025 17:15;459.08
31/10/2025 17:30;459.08
31/10/2025 17:45;459.08
31/10/2025 18:00;459.08
31/10/2025 18:15;459.08
31/10/2025 18:30;459.08
31/10/2025 18:45;459.08
31/10/2025 19:00;459.08
31/10/2025 19:15;459.08
31/10/2025 19:30;459.08
31/10/2025 19:45;459.08
31/10/2025 20:00;459.07
31/10/2025 20:15;459.07
31/10/2025 20:30;459.07
31/10/2025 20:45;459.07
31/10/2025 21:00;459.07
31/10/2025 21:15;459.07
31/10/2025 21:30;459.07
31/10/2025 21:45;459.07
31/10/2025 22:00;459.07
31/10/2025 22:15;459.07
31/10/2025 22:30;459.07
31/10/2025 22:45;459.06
31/10/2025 23:00;459.06
31/10/2025 23:15;459.06
31/10/2025 23:30;459.06
31/10/2025 23:45;459.06
01/11/2025 00:00;459.06
01/11/2025 00:15;459.06
01/11/2025 00:30;459.06
01/11/2025 00:45;459.06
01/11/2025 01:00;459.06
01/11/2025 01:15;459.06
01/11/2025 01:30;459.06
01/11/2025 01:45;459.06
01/11/2025 02:00;459.06
01/11/2025 02:15;459.06
01/11/2025 02:30;459.05
01/11/2025 02:45;459.05
01/11/2025 03:00;459.05
01/11/2025 03:15;459.05
01/11/2025 03:30;459.05
01/11/2025 03:45;459.05
01/11/2025 04:00;459.05
01/11/2025 04:15;459.05
01/11/2025 04:30;459.05
01/11/2025 04:45;459.05
01/11/2025 05:00;459.04
01/11/2025 05:15;459.04
01/11/2025 05:30;459.04
01/11/2025 05:45;459.04
01/11/2025 06:00;459.04
01/11/2025 06:15;459.04
01/11/2025 06:30;459.04
01/11/2025 06:45;459.04
01/11/2025 07:00;459.04
01/11/2025 07:15;459.04
01/11/2025 07:30;459.04
01/11/2025 07:45;459.03
01/11/2025 08:00;459.03
01/11/2025 08:15;459.03
01/11/2025 08:30;459.03
01/11/2025 08:45;459.03
01/11/2025 09:00;459.03
01/11/2025 09:15;459.03
01/11/2025 09:30;459.03
01/11/2025 09:45;459.03
01/11/2025 10:00;459.03
01/11/2025 10:15;459.03
01/11/2025 10:30;459.03
01/11/2025 10:45;459.02
01/11/2025 11:00;459.02
01/11/2025 11:15;459.03
01/11/2025 11:30;459.02
01/11/2025 11:45;459.02
01/11/2025 12:00;459.02
01/11/2025 12:15;459.02
01/11/2025 12:30;459.02
01/11/2025 12:45;459.02
01/11/2025 13:00;459.02
01/11/2025 13:15;459.02
01/11/2025 13:30;459.02
01/11/2025 13:45;459.01
01/11/2025 14:00;459.01
01/11/2025 14:15;459.01
01/11/2025 14:30;459.01
01/11/2025 14:45;459.01
01/11/2025 15:00;459.01
01/11/2025 15:15;459.01
01/11/2025 15:30;459.01
01/11/2025 15:45;459.01
01/11/2025 16:00;459.01
01/11/2025 16:15;459
01/11/2025 16:30;459
01/11/2025 16:45;459
01/11/2025 17:00;459
01/11/2025 17:15;459
01/11/2025 17:30;459
01/11/2025 17:45;459
01/11/2025 18:00;459
01/11/2025 18:15;458.99
01/11/2025 18:30;458.99
01/11/2025 18:45;458.99
01/11/2025 19:00;458.99
01/11/2025 19:15;458.99
01/11/2025 19:30;458.99
01/11/2025 19:45;458.99
01/11/2025 20:00;458.99
01/11/2025 20:15;458.99
01/11/2025 20:30;458.99
01/11/2025 20:45;458.98
01/11/2025 21:00;458.98
01/11/2025 21:15;458.98
01/11/2025 21:30;458.98
01/11/2025 21:45;458.98
01/11/2025 22:00;458.98
01/11/2025 22:15;458.98
01/11/2025 22:30;458.98
01/11/2025 22:45;458.98
01/11/2025 23:00;458.98
01/11/2025 23:15;458.97
01/11/2025 23:30;458.97
01/11/2025 23:45;458.97
02/11/2025 00:00;458.97
02/11/2025 00:15;458.97
02/11/2025 00:30;458.97
02/11/2025 00:45;458.97
02/11/2025 01:00;458.97
02/11/2025 01:15;458.97
02/11/2025 01:30;458.97
02/11/2025 01:45;458.97
02/11/2025 02:00;458.96
02/11/2025 02:15;458.96
02/11/2025 02:30;458.96
02/11/2025 02:45;458.96
02/11/2025 03:00;458.96
02/11/2025 03:15;458.96
02/11/2025 03:30;458.96
02/11/2025 03:45;458.95
02/11/2025 04:00;458.95
02/11/2025 04:15;458.95
02/11/2025 04:30;458.95
02/11/2025 04:45;458.95
02/11/2025 05:00;458.95
02/11/2025 05:15;458.95
02/11/2025 05:30;458.95
02/11/2025 05:45;458.95
02/11/2025 06:00;458.95
02/11/2025 06:15;458.95
02/11/2025 06:30;458.95
02/11/2025 06:45;458.94
02/11/2025 07:00;458.94
02/11/2025 07:15;458.94
02/11/2025 07:30;458.94
02/11/2025 07:45;458.94
02/11/2025 08:00;458.94
02/11/2025 08:15;458.94
02/11/2025 08:30;458.94
02/11/2025 08:45;458.94
02/11/2025 09:00;458.94
02/11/2025 09:15;458.93
02/11/2025 09:30;458.93
02/11/2025 09:45;458.93
02/11/2025 10:00;458.93
02/11/2025 10:15;458.93
02/11/2025 10:30;458.93
02/11/2025 10:45;458.93
02/11/2025 11:00;458.93
02/11/2025 11:15;458.93
02/11/2025 11:30;458.93
02/11/2025 11:45;458.93
02/11/2025 12:00;458.93
02/11/2025 12:15;458.93
02/11/2025 12:30;458.93
02/11/2025 12:45;458.93
02/11/2025 13:00;458.92
02/11/2025 13:15;458.92
02/11/2025 13:30;458.92
02/11/2025 13:45;458.92
02/11/2025 14:00;458.91
02/11/2025 14:15;458.91
02/11/2025 14:30;458.91
02/11/2025 14:45;458.91
02/11/2025 15:00;458.91
02/11/2025 15:15;458.91
02/11/2025 15:30;458.91
02/11/2025 15:45;458.91
02/11/2025 16:00;458.9
02/11/2025 16:15;458.91
02/11/2025 16:30;458.91
02/11/2025 16:45;458.9
02/11/2025 17:00;458.9
02/11/2025 17:15;458.9
02/11/2025 17:30;458.9
02/11/2025 17:45;458.9
02/11/2025 18:00;458.89
02/11/2025 18:15;458.9
02/11/2025 18:30;458.89
02/11/2025 18:45;458.89
02/11/2025 19:00;458.89
02/11/2025 19:15;458.89
02/11/2025 19:30;458.89
02/11/2025 19:45;458.89
02/11/2025 20:00;458.89
02/11/2025 20:15;458.88
02/11/2025 20:30;458.88
02/11/2025 20:45;458.88
02/11/2025 21:00;458.88
02/11/2025 21:15;458.88
02/11/2025 21:30;458.88
02/11/2025 21:45;458.88
02/11/2025 22:00;458.88
02/11/2025 22:15;458.88
02/11/2025 22:30;458.88
02/11/2025 22:45;458.88
02/11/2025 23:00;458.88
02/11/2025 23:15;458.87
02/11/2025 23:30;458.87
02/11/2025 23:45;458.87
03/11/2025 00:00;458.87
03/11/2025 00:15;458.87
03/11/2025 00:30;458.87
03/11/2025 00:45;458.87
03/11/2025 01:00;458.87
03/11/2025 01:15;458.86
03/11/2025 01:30;458.86
03/11/2025 01:45;458.86
03/11/2025 02:00;458.86
03/11/2025 02:15;458.86
03/11/2025 02:30;458.86
03/11/2025 02:45;458.86
03/11/2025 03:00;458.86
03/11/2025 03:15;458.86
03/11/2025 03:30;458.85
03/11/2025 03:45;458.85
03/11/2025 04:00;458.85
03/11/2025 04:15;458.85
03/11/2025 04:30;458.85
03/11/2025 04:45;458.85
03/11/2025 05:00;458.85
03/11/2025 05:15;458.85
03/11/2025 05:30;458.85
03/11/2025 05:45;458.85
03/11/2025 06:00;458.84
03/11/2025 06:15;458.84
03/11/2025 06:30;458.84
03/11/2025 06:45;458.85
03/11/2025 07:00;458.85
03/11/2025 07:15;458.84
03/11/2025 07:30;458.84
03/11/2025 07:45;458.84
03/11/2025 08:00;458.84
03/11/2025 08:15;458.84
03/11/2025 08:30;458.84
03/11/2025 08:45;458.84
03/11/2025 09:00;458.84
03/11/2025 09:15;458.84
03/11/2025 09:30;458.84
03/11/2025 09:45;458.84
03/11/2025 10:00;458.84
03/11/2025 10:15;458.84
03/11/2025 10:30;458.84
03/11/2025 10:45;458.84
03/11/2025 11:00;458.84
03/11/2025 11:15;458.84
03/11/2025 11:30;458.84
03/11/2025 11:45;458.84
03/11/2025 12:00;458.83
03/11/2025 12:15;458.83
03/11/2025 12:30;458.83
03/11/2025 12:45;458.83
03/11/2025 13:00;458.83
03/11/2025 13:15;458.83
03/11/2025 13:30;458.82
03/11/2025 13:45;458.82
03/11/2025 14:00;458.82
03/11/2025 14:15;458.82
03/11/2025 14:30;458.82
03/11/2025 14:45;458.82
03/11/2025 15:00;458.81
03/11/2025 15:15;458.81
03/11/2025 15:30;458.81
03/11/2025 15:45;458.81
03/11/2025 16:00;458.81
03/11/2025 16:15;458.81
03/11/2025 16:30;458.81
03/11/2025 16:45;458.81
03/11/2025 17:00;458.8
03/11/2025 17:15;458.8
03/11/2025 17:30;458.8
03/11/2025 17:45;458.8
03/11/2025 18:00;458.8
03/11/2025 18:15;458.8
03/11/2025 18:30;458.8
03/11/2025 18:45;458.8
03/11/2025 19:00;458.8
03/11/2025 19:15;458.8
03/11/2025 19:30;458.79
03/11/2025 19:45;458.79
03/11/2025 20:00;458.79
03/11/2025 20:15;458.79
03/11/2025 20:30;458.79
03/11/2025 20:45;458.79
03/11/2025 21:00;458.79
03/11/2025 21:15;458.79
03/11/2025 21:30;458.79
03/11/2025 21:45;458.79
03/11/2025 22:00;458.79
03/11/2025 22:15;458.79
03/11/2025 22:30;458.78
03/11/2025 22:45;458.78
03/11/2025 23:00;458.78
03/11/2025 23:15;458.78
03/11/2025 23:30;458.78
03/11/2025 23:45;458.78
04/11/2025 00:00;458.78
04/11/2025 00:15;458.78
04/11/2025 00:30;458.77
04/11/2025 00:45;458.77
04/11/2025 01:00;458.77
04/11/2025 01:15;458.77
04/11/2025 01:30;458.77
04/11/2025 01:45;458.76
04/11/2025 02:00;458.76
04/11/2025 02:15;458.76
04/11/2025 02:30;458.76
04/11/2025 02:45;458.76
04/11/2025 03:00;458.76
04/11/2025 03:15;458.76
04/11/2025 03:30;458.76
04/11/2025 03:45;458.76
04/11/2025 04:00;458.75
04/11/2025 04:15;458.75
04/11/2025 04:30;458.74
04/11/2025 04:45;458.74
04/11/2025 05:00;458.74
04/11/2025 05:15;458.74
04/11/2025 05:30;458.74
04/11/2025 05:45;458.74
04/11/2025 06:00;458.74
04/11/2025 06:15;458.74
04/11/2025 06:30;458.74
04/11/2025 06:45;458.73
04/11/2025 07:00;458.73
04/11/2025 07:15;458.73
04/11/2025 07:30;458.73
04/11/2025 07:45;458.73
04/11/2025 08:00;458.73
04/11/2025 08:15;458.72
04/11/2025 08:30;458.72
04/11/2025 08:45;458.73
04/11/2025 09:00;458.73
04/11/2025 09:15;458.73
04/11/2025 09:30;458.73
04/11/2025 09:45;458.73
04/11/2025 10:00;458.73
04/11/2025 10:15;458.74
04/11/2025 10:30;458.75
04/11/2025 10:45;458.741
04/11/2025 11:00;458.741
04/11/2025 11:15;458.741
04/11/2025 11:30;458.741
04/11/2025 11:45;458.73
04/11/2025 12:00;458.73
04/11/2025 12:15;458.73
04/11/2025 12:30;458.73
04/11/2025 12:45;458.72
04/11/2025 13:00;458.72
04/11/2025 13:15;458.72
04/11/2025 13:30;458.71
04/11/2025 13:45;458.71
04/11/2025 14:00;458.71
04/11/2025 14:15;458.7
04/11/2025 14:30;458.69
04/11/2025 14:45;458.69
04/11/2025 15:00;458.68
04/11/2025 15:15;458.68
04/11/2025 15:30;458.68
04/11/2025 15:45;458.67
04/11/2025 16:00;458.67
04/11/2025 16:15;458.67
04/11/2025 16:30;458.66
04/11/2025 16:45;458.66
04/11/2025 17:00;458.66
04/11/2025 17:15;458.66
04/11/2025 17:30;458.65
04/11/2025 17:45;458.65
04/11/2025 18:00;458.65
04/11/2025 18:15;458.64
04/11/2025 18:30;458.64
04/11/2025 18:45;458.64
04/11/2025 19:00;458.63
04/11/2025 19:15;458.63
04/11/2025 19:30;458.63
04/11/2025 19:45;458.63
04/11/2025 20:00;458.63
04/11/2025 20:15;458.62
04/11/2025 20:30;458.62
04/11/2025 20:45;458.62
04/11/2025 21:00;458.62
04/11/2025 21:15;458.62
04/11/2025 21:30;458.62
04/11/2025 21:45;458.61
04/11/2025 22:00;458.61
04/11/2025 22:15;458.61
04/11/2025 22:30;458.61
04/11/2025 22:45;458.6
04/11/2025 23:00;458.6
04/11/2025 23:15;458.6
04/11/2025 23:30;458.6
04/11/2025 23:45;458.6
05/11/2025 00:00;458.59
05/11/2025 00:15;458.59
05/11/2025 00:30;458.59
05/11/2025 00:45;458.59
05/11/2025 01:00;458.58
05/11/2025 01:15;458.58
05/11/2025 01:30;458.58
05/11/2025 01:45;458.58
05/11/2025 02:00;458.57
05/11/2025 02:15;458.57
05/11/2025 02:30;458.57
05/11/2025 02:45;458.56
05/11/2025 03:00;458.56
05/11/2025 03:15;458.56
05/11/2025 03:30;458.56
05/11/2025 03:45;458.55
05/11/2025 04:00;458.55
05/11/2025 04:15;458.55
05/11/2025 04:30;458.55
05/11/2025 04:45;458.54
05/11/2025 05:00;458.54
05/11/2025 05:15;458.54
05/11/2025 05:30;458.53
05/11/2025 05:45;458.53
05/11/2025 06:00;458.53
05/11/2025 06:15;458.53
05/11/2025 06:30;458.52
05/11/2025 06:45;458.52
05/11/2025 07:00;458.52
05/11/2025 07:15;458.51
05/11/2025 07:30;458.51
05/11/2025 07:45;458.51
05/11/2025 08:00;458.51
05/11/2025 08:15;458.51
05/11/2025 08:30;458.5
05/11/2025 08:45;458.51
05/11/2025 09:00;458.5
05/11/2025 09:15;458.5
05/11/2025 09:30;458.49
05/11/2025 09:45;458.49
05/11/2025 10:00;458.49
05/11/2025 10:15;458.49
05/11/2025 10:30;458.49
05/11/2025 10:45;458.49
05/11/2025 11:00;458.48
05/11/2025 11:15;458.48
05/11/2025 11:30;458.47
05/11/2025 11:45;458.47
05/11/2025 12:00;458.46
05/11/2025 12:15;458.46
05/11/2025 12:30;458.46
05/11/2025 12:45;458.46
05/11/2025 13:00;458.46
05/11/2025 13:15;458.46
05/11/2025 13:30;458.46
05/11/2025 13:45;458.45
05/11/2025 14:00;458.45
05/11/2025 14:15;458.45
05/11/2025 14:30;458.44
05/11/2025 14:45;458.44
05/11/2025 15:00;458.44
05/11/2025 15:15;458.43
05/11/2025 15:30;458.43
05/11/2025 15:45;458.42
05/11/2025 16:00;458.42
05/11/2025 16:15;458.41
05/11/2025 16:30;458.41
05/11/2025 16:45;458.41
05/11/2025 17:00;458.41
05/11/2025 17:15;458.41
05/11/2025 17:30;458.4
05/11/2025 17:45;458.4
05/11/2025 18:00;458.4
05/11/2025 18:15;458.4
05/11/2025 18:30;458.39
05/11/2025 18:45;458.39
05/11/2025 19:00;458.39
05/11/2025 19:15;458.39
05/11/2025 19:30;458.38
05/11/2025 19:45;458.38
05/11/2025 20:00;458.38
05/11/2025 20:15;458.38
05/11/2025 20:30;458.37
05/11/2025 20:45;458.36
05/11/2025 21:00;458.36
05/11/2025 21:15;458.36
05/11/2025 21:30;458.36
05/11/2025 21:45;458.36
05/11/2025 22:00;458.36
05/11/2025 22:15;458.35
05/11/2025 22:30;458.34
05/11/2025 22:45;458.35
05/11/2025 23:00;458.34
05/11/2025 23:15;458.34
05/11/2025 23:30;458.34
05/11/2025 23:45;458.33
06/11/2025 00:00;458.34
06/11/2025 00:15;458.33
06/11/2025 00:30;458.32
06/11/2025 00:45;458.32
06/11/2025 01:00;458.32
06/11/2025 01:15;458.32
06/11/2025 01:30;458.32
06/11/2025 01:45;458.31
06/11/2025 02:00;458.31
06/11/2025 02:15;458.31
06/11/2025 02:30;458.31
06/11/2025 02:45;458.31
06/11/2025 03:00;458.3
06/11/2025 03:15;458.3
06/11/2025 03:30;458.3
06/11/2025 03:45;458.3
06/11/2025 04:00;458.3
06/11/2025 04:15;458.3
06/11/2025 04:30;458.29
06/11/2025 04:45;458.29
06/11/2025 05:00;458.29
06/11/2025 05:15;458.29
06/11/2025 05:30;458.28
06/11/2025 05:45;458.28
06/11/2025 06:00;458.28
06/11/2025 06:15;458.28
06/11/2025 06:30;458.27
06/11/2025 06:45;458.27
06/11/2025 07:00;458.27
06/11/2025 07:15;458.26
06/11/2025 07:30;458.26
06/11/2025 07:45;458.26
06/11/2025 08:00;458.26
06/11/2025 08:15;458.26
06/11/2025 08:30;458.26
06/11/2025 08:45;458.25
06/11/2025 09:00;458.25
06/11/2025 09:15;458.25
06/11/2025 09:30;458.25
06/11/2025 09:45;458.25
06/11/2025 10:00;458.25
06/11/2025 10:15;458.25
06/11/2025 10:30;458.25
06/11/2025 10:45;458.24
06/11/2025 11:00;458.24
06/11/2025 11:15;458.23
06/11/2025 11:30;458.23
06/11/2025 11:45;458.23
06/11/2025 12:00;458.23
06/11/2025 12:15;458.22
06/11/2025 12:30;458.22
06/11/2025 12:45;458.22
06/11/2025 13:00;458.22
06/11/2025 13:15;458.21
06/11/2025 13:30;458.21
06/11/2025 13:45;458.21
06/11/2025 14:00;458.21
06/11/2025 14:15;458.2
06/11/2025 14:30;458.2
06/11/2025 14:45;458.2
06/11/2025 15:00;458.2
06/11/2025 15:15;458.19
06/11/2025 15:30;458.19
06/11/2025 15:45;458.19
06/11/2025 16:00;458.19
06/11/2025 16:15;458.19
06/11/2025 16:30;458.18
06/11/2025 16:45;458.18
06/11/2025 17:00;458.18
06/11/2025 17:15;458.18
06/11/2025 17:30;458.18
06/11/2025 17:45;458.17
06/11/2025 18:00;458.17
06/11/2025 18:15;458.17
06/11/2025 18:30;458.17
06/11/2025 18:45;458.17
06/11/2025 19:00;458.17
06/11/2025 19:15;458.17
06/11/2025 19:30;458.17
06/11/2025 19:45;458.17
06/11/2025 20:00;458.17
06/11/2025 20:15;458.17
06/11/2025 20:30;458.17
06/11/2025 20:45;458.17
06/11/2025 21:00;458.17
06/11/2025 21:15;458.17
06/11/2025 21:30;458.17
06/11/2025 21:45;458.17
06/11/2025 22:00;458.18
06/11/2025 22:15;458.18
06/11/2025 22:30;458.18
06/11/2025 22:45;458.18
06/11/2025 23:00;458.18
06/11/2025 23:15;458.19
06/11/2025 23:30;458.19
06/11/2025 23:45;458.19
07/11/2025 00:00;458.19
07/11/2025 00:15;458.2
07/11/2025 00:30;458.2
07/11/2025 00:45;458.2
07/11/2025 01:00;458.21
07/11/2025 01:15;458.21
07/11/2025 01:30;458.21
07/11/2025 01:45;458.22
07/11/2025 02:00;458.22
07/11/2025 02:15;458.22
07/11/2025 02:30;458.23
07/11/2025 02:45;458.23
07/11/2025 03:00;458.23
07/11/2025 03:15;458.24
07/11/2025 03:30;458.24
07/11/2025 03:45;458.24
07/11/2025 04:00;458.25
07/11/2025 04:15;458.25
07/11/2025 04:30;458.25
07/11/2025 04:45;458.25
07/11/2025 05:00;458.26
07/11/2025 05:15;458.26
07/11/2025 05:30;458.26
07/11/2025 05:45;458.26
07/11/2025 06:00;458.27
07/11/2025 06:15;458.27
07/11/2025 06:30;458.27
07/11/2025 06:45;458.27
07/11/2025 07:00;458.28
07/11/2025 07:15;458.28
07/11/2025 07:30;458.28
07/11/2025 07:45;458.28
07/11/2025 08:00;458.29
07/11/2025 08:15;458.29
07/11/2025 08:30;458.29
07/11/2025 08:45;458.29
07/11/2025 09:00;458.3
07/11/2025 09:15;458.3
07/11/2025 09:30;458.3
07/11/2025 09:45;458.3
07/11/2025 10:00;458.3
07/11/2025 10:15;458.31
07/11/2025 10:30;458.31
07/11/2025 10:45;458.31
07/11/2025 11:00;458.31
07/11/2025 11:15;458.32
07/11/2025 11:30;458.32
07/11/2025 11:45;458.32
07/11/2025 12:00;458.32
07/11/2025 12:15;458.33
07/11/2025 12:30;458.33
07/11/2025 12:45;458.33
07/11/2025 13:00;458.33
07/11/2025 13:15;458.33
07/11/2025 13:30;458.34
07/11/2025 13:45;458.34
07/11/2025 14:00;458.34
07/11/2025 14:15;458.34
07/11/2025 14:30;458.35
07/11/2025 14:45;458.35
07/11/2025 15:00;458.35
07/11/2025 15:15;458.36
07/11/2025 15:30;458.36
07/11/2025 15:45;458.36
07/11/2025 16:00;458.36
07/11/2025 16:15;458.37
07/11/2025 16:30;458.37
07/11/2025 16:45;458.37
07/11/2025 17:00;458.37
07/11/2025 17:15;458.37
07/11/2025 17:30;458.38
07/11/2025 17:45;458.38
07/11/2025 18:00;458.38
07/11/2025 18:15;458.38
07/11/2025 18:30;458.38
07/11/2025 18:45;458.39
07/11/2025 19:00;458.39
07/11/2025 19:15;458.39
07/11/2025 19:30;458.39
07/11/2025 19:45;458.39
07/11/2025 20:00;458.39
07/11/2025 20:15;458.4
07/11/2025 20:30;458.4
07/11/2025 20:45;458.4
07/11/2025 21:00;458.4
07/11/2025 21:15;458.41
07/11/2025 21:30;458.41
07/11/2025 21:45;458.41
07/11/2025 22:00;458.42
07/11/2025 22:15;458.42
07/11/2025 22:30;458.42
07/11/2025 22:45;458.42
07/11/2025 23:00;458.43
07/11/2025 23:15;458.43
07/11/2025 23:30;458.43
07/11/2025 23:45;458.44
08/11/2025 00:00;458.44
08/11/2025 00:15;458.44
08/11/2025 00:30;458.44
08/11/2025 00:45;458.45
08/11/2025 01:00;458.45
08/11/2025 01:15;458.46
08/11/2025 01:30;458.46
08/11/2025 01:45;458.46
08/11/2025 02:00;458.47
08/11/2025 02:15;458.47
08/11/2025 02:30;458.47
08/11/2025 02:45;458.47
08/11/2025 03:00;458.48
08/11/2025 03:15;458.48
08/11/2025 03:30;458.48
08/11/2025 03:45;458.48
08/11/2025 04:00;458.48
08/11/2025 04:15;458.48
08/11/2025 04:30;458.49
08/11/2025 04:45;458.49
08/11/2025 05:00;458.49
08/11/2025 05:15;458.49
08/11/2025 05:30;458.5
08/11/2025 05:45;458.5
08/11/2025 06:00;458.5
08/11/2025 06:15;458.51
08/11/2025 06:30;458.51
08/11/2025 06:45;458.51
08/11/2025 07:00;458.52
08/11/2025 07:15;458.52
08/11/2025 07:30;458.52
08/11/2025 07:45;458.53
08/11/2025 08:00;458.53
08/11/2025 08:15;458.53
08/11/2025 08:30;458.53
08/11/2025 08:45;458.54
08/11/2025 09:00;458.54
08/11/2025 09:15;458.54
08/11/2025 09:30;458.54
08/11/2025 09:45;458.54
08/11/2025 10:00;458.55
08/11/2025 10:15;458.55
08/11/2025 10:30;458.55
08/11/2025 10:45;458.56
08/11/2025 11:00;458.56
08/11/2025 11:15;458.56
08/11/2025 11:30;458.56
08/11/2025 11:45;458.56
08/11/2025 12:00;458.57
08/11/2025 12:15;458.57
08/11/2025 12:30;458.57
08/11/2025 12:45;458.57
08/11/2025 13:00;458.57
08/11/2025 13:15;458.57
08/11/2025 13:30;458.58
08/11/2025 13:45;458.57
08/11/2025 14:00;458.58
08/11/2025 14:15;458.58
08/11/2025 14:30;458.58
08/11/2025 14:45;458.58
08/11/2025 15:00;458.59
08/11/2025 15:15;458.59
08/11/2025 15:30;458.59
08/11/2025 15:45;458.6
08/11/2025 16:00;458.6
08/11/2025 16:15;458.6
08/11/2025 16:30;458.61
08/11/2025 16:45;458.61
08/11/2025 17:00;458.61
08/11/2025 17:15;458.61
08/11/2025 17:30;458.62
08/11/2025 17:45;458.62
08/11/2025 18:00;458.62
08/11/2025 18:15;458.62
08/11/2025 18:30;458.63
08/11/2025 18:45;458.63
08/11/2025 19:00;458.63
08/11/2025 19:15;458.63
08/11/2025 19:30;458.64
08/11/2025 19:45;458.64
08/11/2025 20:00;458.64
08/11/2025 20:15;458.64
08/11/2025 20:30;458.65
08/11/2025 20:45;458.65
08/11/2025 21:00;458.65
08/11/2025 21:15;458.66
08/11/2025 21:30;458.66
08/11/2025 21:45;458.66
08/11/2025 22:00;458.66
08/11/2025 22:15;458.67
08/11/2025 22:30;458.67
08/11/2025 22:45;458.67
08/11/2025 23:00;458.67
08/11/2025 23:15;458.67
08/11/2025 23:30;458.68
08/11/2025 23:45;458.68
09/11/2025 00:00;458.69
09/11/2025 00:15;458.69
09/11/2025 00:30;458.69
09/11/2025 00:45;458.7
09/11/2025 01:00;458.7
09/11/2025 01:15;458.71
09/11/2025 01:30;458.71
09/11/2025 01:45;458.71
09/11/2025 02:00;458.72
09/11/2025 02:15;458.72
09/11/2025 02:30;458.72
09/11/2025 02:45;458.73
09/11/2025 03:00;458.73
09/11/2025 03:15;458.74
09/11/2025 03:30;458.74
09/11/2025 03:45;458.74
09/11/2025 04:00;458.75
09/11/2025 04:15;458.75
09/11/2025 04:30;458.75
09/11/2025 04:45;458.76
09/11/2025 05:00;458.76
09/11/2025 05:15;458.76
09/11/2025 05:30;458.77
09/11/2025 05:45;458.77
09/11/2025 06:00;458.77
09/11/2025 06:15;458.78
09/11/2025 06:30;458.78
09/11/2025 06:45;458.79
09/11/2025 07:00;458.79
09/11/2025 07:15;458.79
09/11/2025 07:30;458.8
09/11/2025 07:45;458.8
09/11/2025 08:00;458.8
09/11/2025 08:15;458.81
09/11/2025 08:30;458.81
09/11/2025 08:45;458.82
09/11/2025 09:00;458.82
09/11/2025 09:15;458.83
09/11/2025 09:30;458.83
09/11/2025 09:45;458.84
09/11/2025 10:00;458.85
09/11/2025 10:15;458.85
09/11/2025 10:30;458.86
09/11/2025 10:45;458.86
09/11/2025 11:00;458.86
09/11/2025 11:15;458.87
09/11/2025 11:30;458.87
09/11/2025 11:45;458.87
09/11/2025 12:00;458.88
09/11/2025 12:15;458.88
09/11/2025 12:30;458.88
09/11/2025 12:45;458.88
09/11/2025 13:00;458.89
09/11/2025 13:15;458.89
09/11/2025 13:30;458.89
09/11/2025 13:45;458.88
09/11/2025 14:00;458.88
09/11/2025 14:15;458.88
09/11/2025 14:30;458.88
09/11/2025 14:45;458.89
09/11/2025 15:00;458.89
09/11/2025 15:15;458.89
09/11/2025 15:30;458.89
09/11/2025 15:45;458.9
09/11/2025 16:00;458.9
09/11/2025 16:15;458.9
09/11/2025 16:30;458.91
09/11/2025 16:45;458.91
09/11/2025 17:00;458.91
09/11/2025 17:15;458.91
09/11/2025 17:30;458.91
09/11/2025 17:45;458.92
09/11/2025 18:00;458.92
09/11/2025 18:15;458.92
09/11/2025 18:30;458.92
09/11/2025 18:45;458.93
09/11/2025 19:00;458.93
09/11/2025 19:15;458.93
09/11/2025 19:30;458.93
09/11/2025 19:45;458.94
09/11/2025 20:00;458.94
09/11/2025 20:15;458.94
09/11/2025 20:30;458.94
09/11/2025 20:45;458.95
09/11/2025 21:00;458.95
09/11/2025 21:15;458.95
09/11/2025 21:30;458.96
09/11/2025 21:45;458.96
09/11/2025 22:00;458.96
09/11/2025 22:15;458.96
09/11/2025 22:30;458.97
09/11/2025 22:45;458.97
09/11/2025 23:00;458.97
09/11/2025 23:15;458.97
09/11/2025 23:30;458.97
09/11/2025 23:45;458.97
10/11/2025 00:00;458.98
10/11/2025 00:15;458.98
10/11/2025 00:30;458.99
10/11/2025 00:45;458.99
10/11/2025 01:00;458.99
10/11/2025 01:15;458.99
10/11/2025 01:30;459
10/11/2025 01:45;459
10/11/2025 02:00;459
10/11/2025 02:15;459
10/11/2025 02:30;459.01
10/11/2025 02:45;459.01
10/11/2025 03:00;459.01
10/11/2025 03:15;459.01
10/11/2025 03:30;459.02
10/11/2025 03:45;459.02
10/11/2025 04:00;459.02
10/11/2025 04:15;459.02
10/11/2025 04:30;459.02
10/11/2025 04:45;459.03
10/11/2025 05:00;459.03
10/11/2025 05:15;459.03
10/11/2025 05:30;459.03
10/11/2025 05:45;459.03
10/11/2025 06:00;459.03
10/11/2025 06:15;459.04
10/11/2025 06:30;459.04
10/11/2025 06:45;459.04
10/11/2025 07:00;459.04
10/11/2025 07:15;459.05
10/11/2025 07:30;459.05
10/11/2025 07:45;459.05
10/11/2025 08:00;459.05
10/11/2025 08:15;459.05
10/11/2025 08:30;459.05
10/11/2025 08:45;459.06
10/11/2025 09:00;459.06
10/11/2025 09:15;459.06
10/11/2025 09:30;459.07
10/11/2025 09:45;459.07
10/11/2025 10:00;459.08
10/11/2025 10:15;459.08
10/11/2025 10:30;459.08
10/11/2025 10:45;459.09
10/11/2025 11:00;459.1
10/11/2025 11:15;459.1
10/11/2025 11:30;459.1
10/11/2025 11:45;459.1
10/11/2025 12:00;459.1
10/11/2025 12:15;459.11
10/11/2025 12:30;459.11
10/11/2025 12:45;459.11
10/11/2025 13:00;459.11
10/11/2025 13:15;459.11
10/11/2025 13:30;459.11
10/11/2025 13:45;459.09
10/11/2025 14:00;459.09
10/11/2025 14:15;459.09
10/11/2025 14:30;459.1
10/11/2025 14:45;459.1
10/11/2025 15:00;459.1
10/11/2025 15:15;459.1
10/11/2025 15:30;459.1
10/11/2025 15:45;459.1
10/11/2025 16:00;459.1
10/11/2025 16:15;459.1
10/11/2025 16:30;459.1
10/11/2025 16:45;459.1
10/11/2025 17:00;459.1
10/11/2025 17:15;459.11
10/11/2025 17:30;459.11
10/11/2025 17:45;459.11
10/11/2025 18:00;459.11
10/11/2025 18:15;459.11
10/11/2025 18:30;459.11
10/11/2025 18:45;459.11
10/11/2025 19:00;459.12
10/11/2025 19:15;459.12
10/11/2025 19:30;459.12
10/11/2025 19:45;459.12
10/11/2025 20:00;459.12
10/11/2025 20:15;459.12
10/11/2025 20:30;459.12
10/11/2025 20:45;459.12
10/11/2025 21:00;459.13
10/11/2025 21:15;459.13
10/11/2025 21:30;459.13
10/11/2025 21:45;459.13
10/11/2025 22:00;459.13
10/11/2025 22:15;459.14
10/11/2025 22:30;459.14
10/11/2025 22:45;459.14
10/11/2025 23:00;459.14
10/11/2025 23:15;459.14
10/11/2025 23:30;459.14
10/11/2025 23:45;459.14
11/11/2025 00:00;459.14
11/11/2025 00:15;459.14
11/11/2025 00:30;459.14
11/11/2025 00:45;459.15
11/11/2025 01:00;459.15
11/11/2025 01:15;459.16
11/11/2025 01:30;459.16
11/11/2025 01:45;459.16
11/11/2025 02:00;459.16
11/11/2025 02:15;459.16
11/11/2025 02:30;459.16
11/11/2025 02:45;459.16
11/11/2025 03:00;459.17
11/11/2025 03:15;459.17
11/11/2025 03:30;459.17
11/11/2025 03:45;459.17
11/11/2025 04:00;459.17
11/11/2025 04:15;459.17
11/11/2025 04:30;459.17
11/11/2025 04:45;459.17
11/11/2025 05:00;459.17
11/11/2025 05:15;459.17
11/11/2025 05:30;459.18
11/11/2025 05:45;459.18
11/11/2025 06:00;459.18
11/11/2025 06:15;459.18
11/11/2025 06:30;459.18
11/11/2025 06:45;459.18
11/11/2025 07:00;459.18
11/11/2025 07:15;459.19
11/11/2025 07:30;459.19
11/11/2025 07:45;459.19
11/11/2025 08:00;459.19
11/11/2025 08:15;459.19
11/11/2025 08:30;459.19
11/11/2025 08:45;459.19
11/11/2025 09:00;459.19
11/11/2025 09:15;459.19
11/11/2025 09:30;459.2
11/11/2025 09:45;459.2
11/11/2025 10:00;459.2
11/11/2025 10:15;459.2
11/11/2025 10:30;459.2
11/11/2025 10:45;459.21
11/11/2025 11:00;459.21
11/11/2025 11:15;459.21
11/11/2025 11:30;459.21
11/11/2025 11:45;459.21
11/11/2025 12:00;459.21
11/11/2025 12:15;459.21
11/11/2025 12:30;459.22
11/11/2025 12:45;459.22
11/11/2025 13:00;459.22
11/11/2025 13:15;459.22
11/11/2025 13:30;459.22
11/11/2025 13:45;459.21
11/11/2025 14:00;459.21
11/11/2025 14:15;459.21
11/11/2025 14:30;459.21
11/11/2025 14:45;459.21
11/11/2025 15:00;459.22
11/11/2025 15:15;459.22
11/11/2025 15:30;459.22
11/11/2025 15:45;459.22
11/11/2025 16:00;459.22
11/11/2025 16:15;459.22
11/11/2025 16:30;459.22
11/11/2025 16:45;459.22
11/11/2025 17:00;459.22
11/11/2025 17:15;459.22
11/11/2025 17:30;459.22
11/11/2025 17:45;459.22
11/11/2025 18:00;459.22
11/11/2025 18:15;459.22
11/11/2025 18:30;459.22
11/11/2025 18:45;459.23
11/11/2025 19:00;459.23
11/11/2025 19:15;459.23
11/11/2025 19:30;459.23
11/11/2025 19:45;459.23
11/11/2025 20:00;459.23
11/11/2025 20:15;459.23
11/11/2025 20:30;459.23
11/11/2025 20:45;459.23
11/11/2025 21:00;459.23
11/11/2025 21:15;459.24
11/11/2025 21:30;459.24
11/11/2025 21:45;459.24
11/11/2025 22:00;459.24
11/11/2025 22:15;459.24
11/11/2025 22:30;459.24
11/11/2025 22:45;459.24
11/11/2025 23:00;459.24
11/11/2025 23:15;459.24
11/11/2025 23:30;459.25
11/11/2025 23:45;459.25
12/11/2025 00:00;459.25
12/11/2025 00:15;459.25
12/11/2025 00:30;459.25
12/11/2025 00:45;459.25
12/11/2025 01:00;459.25
12/11/2025 01:15;459.25
12/11/2025 01:30;459.25
12/11/2025 01:45;459.25
12/11/2025 02:00;459.25
12/11/2025 02:15;459.25
12/11/2025 02:30;459.25
12/11/2025 02:45;459.25
12/11/2025 03:00;459.25
12/11/2025 03:15;459.25
12/11/2025 03:30;459.25
12/11/2025 03:45;459.25
12/11/2025 04:00;459.26
12/11/2025 04:15;459.26
12/11/2025 04:30;459.26
12/11/2025 04:45;459.26
12/11/2025 05:00;459.26
12/11/2025 05:15;459.26
12/11/2025 05:30;459.26
12/11/2025 05:45;459.26
12/11/2025 06:00;459.26
12/11/2025 06:15;459.26
12/11/2025 06:30;459.26
12/11/2025 06:45;459.27
12/11/2025 07:00;459.27
12/11/2025 07:15;459.27
12/11/2025 07:30;459.27
12/11/2025 07:45;459.27
12/11/2025 08:00;459.27
12/11/2025 08:15;459.27
12/11/2025 08:30;459.27
12/11/2025 08:45;459.27
12/11/2025 09:00;459.27
12/11/2025 09:15;459.28
12/11/2025 09:30;459.29
12/11/2025 09:45;459.29
12/11/2025 10:00;459.29
12/11/2025 10:15;459.29
12/11/2025 10:30;459.3
12/11/2025 10:45;459.3
12/11/2025 11:00;459.3
12/11/2025 11:15;459.3
12/11/2025 11:30;459.3
12/11/2025 11:45;459.3
12/11/2025 12:00;459.3
12/11/2025 12:15;459.3
12/11/2025 12:30;459.3
12/11/2025 12:45;459.3
12/11/2025 13:00;459.3
12/11/2025 13:15;459.3
12/11/2025 13:30;459.29
12/11/2025 13:45;459.29
12/11/2025 14:00;459.29
12/11/2025 14:15;459.29
12/11/2025 14:30;459.29
12/11/2025 14:45;459.29
12/11/2025 15:00;459.29
12/11/2025 15:15;459.29
12/11/2025 15:30;459.29
12/11/2025 15:45;459.29
12/11/2025 16:00;459.29
12/11/2025 16:15;459.28
12/11/2025 16:30;459.29
12/11/2025 16:45;459.29
12/11/2025 17:00;459.29
12/11/2025 17:15;459.29
12/11/2025 17:30;459.29
12/11/2025 17:45;459.29
12/11/2025 18:00;459.29
12/11/2025 18:15;459.29
12/11/2025 18:30;459.29
12/11/2025 18:45;459.29
12/11/2025 19:00;459.29
12/11/2025 19:15;459.29
12/11/2025 19:30;459.29
12/11/2025 19:45;459.29
12/11/2025 20:00;459.29
12/11/2025 20:15;459.29
12/11/2025 20:30;459.29
12/11/2025 20:45;459.29
12/11/2025 21:00;459.3
12/11/2025 21:15;459.3
12/11/2025 21:30;459.3
12/11/2025 21:45;459.3
12/11/2025 22:00;459.3
12/11/2025 22:15;459.3
12/11/2025 22:30;459.3
12/11/2025 22:45;459.3
12/11/2025 23:00;459.3
12/11/2025 23:15;459.3
12/11/2025 23:30;459.3
12/11/2025 23:45;459.3
13/11/2025 00:00;459.3
13/11/2025 00:15;459.3
13/11/2025 00:30;459.3
13/11/2025 00:45;459.3
13/11/2025 01:00;459.3
13/11/2025 01:15;459.3
13/11/2025 01:30;459.3
13/11/2025 01:45;459.3
13/11/2025 02:00;459.3
13/11/2025 02:15;459.3
13/11/2025 02:30;459.3
13/11/2025 02:45;459.3
13/11/2025 03:00;459.31
13/11/2025 03:15;459.31
13/11/2025 03:30;459.31
13/11/2025 03:45;459.31
13/11/2025 04:00;459.31
13/11/2025 04:15;459.31
13/11/2025 04:30;459.32
13/11/2025 04:45;459.31
13/11/2025 05:00;459.31
13/11/2025 05:15;459.32
13/11/2025 05:30;459.31
13/11/2025 05:45;459.31
13/11/2025 06:00;459.32
13/11/2025 06:15;459.32
13/11/2025 06:30;459.32
13/11/2025 06:45;459.32
13/11/2025 07:00;459.32
13/11/2025 07:15;459.31
13/11/2025 07:30;459.31
13/11/2025 07:45;459.32
13/11/2025 08:00;459.31
13/11/2025 08:15;459.32
13/11/2025 08:30;459.31
13/11/2025 08:45;459.31
13/11/2025 09:00;459.31
13/11/2025 09:15;459.32
13/11/2025 09:30;459.32
13/11/2025 09:45;459.32
13/11/2025 10:00;459.32
13/11/2025 10:15;459.32
13/11/2025 10:30;459.32
13/11/2025 10:45;459.33
13/11/2025 11:00;459.33
13/11/2025 11:15;459.33
13/11/2025 11:30;459.33
13/11/2025 11:45;459.33
13/11/2025 12:00;459.32
13/11/2025 12:15;459.32
13/11/2025 12:30;459.33
13/11/2025 12:45;459.32
13/11/2025 13:00;459.32
13/11/2025 13:15;459.33
13/11/2025 13:30;459.33
13/11/2025 13:45;459.33
13/11/2025 14:00;459.34
13/11/2025 14:15;459.33
13/11/2025 14:30;459.33
13/11/2025 14:45;459.33
13/11/2025 15:00;459.33
13/11/2025 15:15;459.33
13/11/2025 15:30;459.33
13/11/2025 15:45;459.33
13/11/2025 16:00;459.33
13/11/2025 16:15;459.33
13/11/2025 16:30;459.33
13/11/2025 16:45;459.33
13/11/2025 17:00;459.32
13/11/2025 17:15;459.33
13/11/2025 17:30;459.33
13/11/2025 17:45;459.32
13/11/2025 18:00;459.32
13/11/2025 18:15;459.32
13/11/2025 18:30;459.33
13/11/2025 18:45;459.32
13/11/2025 19:00;459.33
13/11/2025 19:15;459.33
13/11/2025 19:30;459.33
13/11/2025 19:45;459.33
13/11/2025 20:00;459.33
13/11/2025 20:15;459.33
13/11/2025 20:30;459.33
13/11/2025 20:45;459.33
13/11/2025 21:00;459.33
13/11/2025 21:15;459.33
13/11/2025 21:30;459.33
13/11/2025 21:45;459.33
13/11/2025 22:00;459.34
13/11/2025 22:15;459.34
13/11/2025 22:30;459.33
13/11/2025 22:45;459.34
13/11/2025 23:00;459.34
13/11/2025 23:15;459.34
13/11/2025 23:30;459.34
13/11/2025 23:45;459.34
14/11/2025 00:00;459.34
14/11/2025 00:15;459.33
14/11/2025 00:30;459.34
14/11/2025 00:45;459.33
14/11/2025 01:00;459.34
14/11/2025 01:15;459.34
14/11/2025 01:30;459.34
14/11/2025 01:45;459.34
14/11/2025 02:00;459.34
14/11/2025 02:15;459.34
14/11/2025 02:30;459.34
14/11/2025 02:45;459.34
14/11/2025 03:00;459.34
14/11/2025 03:15;459.34
14/11/2025 03:30;459.34
14/11/2025 03:45;459.34
14/11/2025 04:00;459.34
14/11/2025 04:15;459.34
14/11/2025 04:30;459.34
14/11/2025 04:45;459.34
14/11/2025 05:00;459.34
14/11/2025 05:15;459.34
14/11/2025 05:30;459.34
14/11/2025 05:45;459.34
14/11/2025 06:00;459.34
14/11/2025 06:15;459.34
14/11/2025 06:30;459.34
14/11/2025 06:45;459.34
14/11/2025 07:00;459.34
14/11/2025 07:15;459.34
14/11/2025 07:30;459.34
14/11/2025 07:45;459.34
14/11/2025 08:00;459.34
14/11/2025 08:15;459.34
14/11/2025 08:30;459.34
14/11/2025 08:45;459.34
14/11/2025 09:00;459.34
14/11/2025 09:15;459.34
14/11/2025 09:30;459.34
14/11/2025 09:45;459.34
14/11/2025 10:00;459.34
14/11/2025 10:15;459.34
14/11/2025 10:30;459.34
14/11/2025 10:45;459.34
14/11/2025 11:00;459.34
14/11/2025 11:15;459.34
14/11/2025 11:30;459.34
14/11/2025 11:45;459.34
14/11/2025 12:00;459.34
14/11/2025 12:15;459.34
14/11/2025 12:30;459.34
14/11/2025 12:45;459.34
14/11/2025 13:00;459.34
14/11/2025 13:15;459.34
14/11/2025 13:30;459.34
14/11/2025 13:45;459.34
14/11/2025 14:00;459.34
14/11/2025 14:15;459.34
14/11/2025 14:30;459.34
14/11/2025 14:45;459.34
14/11/2025 15:00;459.34
14/11/2025 15:15;459.34
14/11/2025 15:30;459.35
14/11/2025 15:45;459.35
14/11/2025 16:00;459.35
14/11/2025 16:15;459.35
14/11/2025 16:30;459.35
14/11/2025 16:45;459.35
14/11/2025 17:00;459.35
14/11/2025 17:15;459.35
14/11/2025 17:30;459.35
14/11/2025 17:45;459.35
14/11/2025 18:00;459.35
14/11/2025 18:15;459.35
14/11/2025 18:30;459.35
14/11/2025 18:45;459.34
14/11/2025 19:00;459.34
14/11/2025 19:15;459.35
14/11/2025 19:30;459.35
14/11/2025 19:45;459.35
14/11/2025 20:00;459.36
14/11/2025 20:15;459.36
14/11/2025 20:30;459.36
14/11/2025 20:45;459.36
14/11/2025 21:00;459.37
14/11/2025 21:15;459.37
14/11/2025 21:30;459.38
14/11/2025 21:45;459.39
14/11/2025 22:00;459.39
14/11/2025 22:15;459.4
14/11/2025 22:30;459.4
14/11/2025 22:45;459.41
14/11/2025 23:00;459.41
14/11/2025 23:15;459.42
14/11/2025 23:30;459.43
14/11/2025 23:45;459.43
15/11/2025 00:00;459.44
15/11/2025 00:15;459.44
15/11/2025 00:30;459.45
15/11/2025 00:45;459.46
15/11/2025 01:00;459.46
15/11/2025 01:15;459.46
15/11/2025 01:30;459.47
15/11/2025 01:45;459.48
15/11/2025 02:00;459.48
15/11/2025 02:15;459.49
15/11/2025 02:30;459.5
15/11/2025 02:45;459.5
15/11/2025 03:00;459.51
15/11/2025 03:15;459.51
15/11/2025 03:30;459.52
15/11/2025 03:45;459.53
15/11/2025 04:00;459.53
15/11/2025 04:15;459.54
15/11/2025 04:30;459.54
15/11/2025 04:45;459.55
15/11/2025 05:00;459.55
15/11/2025 05:15;459.56
15/11/2025 05:30;459.56
15/11/2025 05:45;459.56
15/11/2025 06:00;459.56
15/11/2025 06:15;459.57
15/11/2025 06:30;459.58
15/11/2025 06:45;459.58
15/11/2025 07:00;459.59
15/11/2025 07:15;459.59
15/11/2025 07:30;459.6
15/11/2025 07:45;459.6
15/11/2025 08:00;459.61
15/11/2025 08:15;459.62
15/11/2025 08:30;459.62
15/11/2025 08:45;459.62
15/11/2025 09:00;459.63
15/11/2025 09:15;459.64
15/11/2025 09:30;459.64
15/11/2025 09:45;459.65
15/11/2025 10:00;459.65
15/11/2025 10:15;459.65
15/11/2025 10:30;459.66
15/11/2025 10:45;459.66
15/11/2025 11:00;459.67
15/11/2025 11:15;459.68
15/11/2025 11:30;459.69
15/11/2025 11:45;459.69
15/11/2025 12:00;459.7
15/11/2025 12:15;459.7
15/11/2025 12:30;459.71
15/11/2025 12:45;459.72
15/11/2025 13:00;459.72
15/11/2025 13:15;459.73
15/11/2025 13:30;459.73
15/11/2025 13:45;459.74
15/11/2025 14:00;459.74
15/11/2025 14:15;459.75
15/11/2025 14:30;459.76
15/11/2025 14:45;459.76
15/11/2025 15:00;459.77
15/11/2025 15:15;459.77
15/11/2025 15:30;459.78
15/11/2025 15:45;459.78
15/11/2025 16:00;459.79
15/11/2025 16:15;459.79
15/11/2025 16:30;459.8
15/11/2025 16:45;459.81
15/11/2025 17:00;459.81
15/11/2025 17:15;459.82
15/11/2025 17:30;459.82
15/11/2025 17:45;459.83
15/11/2025 18:00;459.84
15/11/2025 18:15;459.84
15/11/2025 18:30;459.85
15/11/2025 18:45;459.85
15/11/2025 19:00;459.86
15/11/2025 19:15;459.86
15/11/2025 19:30;459.86
15/11/2025 19:45;459.87
15/11/2025 20:00;459.88
15/11/2025 20:15;459.89
15/11/2025 20:30;459.89
15/11/2025 20:45;459.9
15/11/2025 21:00;459.9
15/11/2025 21:15;459.91
15/11/2025 21:30;459.92
15/11/2025 21:45;459.92
15/11/2025 22:00;459.93
15/11/2025 22:15;459.94
15/11/2025 22:30;459.94
15/11/2025 22:45;459.95
15/11/2025 23:00;459.95
15/11/2025 23:15;459.95
15/11/2025 23:30;459.96
15/11/2025 23:45;459.96
16/11/2025 00:00;459.97
16/11/2025 00:15;459.97
16/11/2025 00:30;459.98
16/11/2025 00:45;459.98
16/11/2025 01:00;459.99
16/11/2025 01:15;459.99
16/11/2025 01:30;460
16/11/2025 01:45;460
16/11/2025 02:00;460
16/11/2025 02:15;460.01
16/11/2025 02:30;460.01
16/11/2025 02:45;460.02
16/11/2025 03:00;460.02
16/11/2025 03:15;460.03
16/11/2025 03:30;460.03
16/11/2025 03:45;460.04
16/11/2025 04:00;460.04
16/11/2025 04:15;460.04
16/11/2025 04:30;460.05
16/11/2025 04:45;460.05
16/11/2025 05:00;460.06
16/11/2025 05:15;460.06
16/11/2025 05:30;460.07
16/11/2025 05:45;460.07
16/11/2025 06:00;460.07
16/11/2025 06:15;460.08
16/11/2025 06:30;460.09
16/11/2025 06:45;460.09
16/11/2025 07:00;460.1
16/11/2025 07:15;460.1
16/11/2025 07:30;460.11
16/11/2025 07:45;460.12
16/11/2025 08:00;460.13
16/11/2025 08:15;460.14
16/11/2025 08:30;460.15
16/11/2025 08:45;460.16
16/11/2025 09:00;460.17
16/11/2025 09:15;460.18
16/11/2025 09:30;460.2
16/11/2025 09:45;460.21
16/11/2025 10:00;460.23
16/11/2025 10:15;460.25
16/11/2025 10:30;460.26
16/11/2025 10:45;460.28
16/11/2025 11:00;460.29
16/11/2025 11:15;460.31
16/11/2025 11:30;460.33
16/11/2025 11:45;460.35
16/11/2025 12:00;460.37
16/11/2025 12:15;460.38
16/11/2025 12:30;460.4
16/11/2025 12:45;460.41
16/11/2025 13:00;460.42
16/11/2025 13:15;460.44
16/11/2025 13:30;460.45
16/11/2025 13:45;460.45
16/11/2025 14:00;460.46
16/11/2025 14:15;460.48
16/11/2025 14:30;460.49
16/11/2025 14:45;460.5
16/11/2025 15:00;460.51
16/11/2025 15:15;460.53
16/11/2025 15:30;460.54
16/11/2025 15:45;460.55
16/11/2025 16:00;460.56
16/11/2025 16:15;460.57
16/11/2025 16:30;460.59
16/11/2025 16:45;460.6
16/11/2025 17:00;460.61
16/11/2025 17:15;460.62
16/11/2025 17:30;460.63
16/11/2025 17:45;460.64
16/11/2025 18:00;460.66
16/11/2025 18:15;460.67
16/11/2025 18:30;460.68
16/11/2025 18:45;460.69
16/11/2025 19:00;460.7
16/11/2025 19:15;460.71
16/11/2025 19:30;460.72
16/11/2025 19:45;460.73
16/11/2025 20:00;460.74
16/11/2025 20:15;460.75
16/11/2025 20:30;460.76
16/11/2025 20:45;460.77
16/11/2025 21:00;460.78
16/11/2025 21:15;460.79
16/11/2025 21:30;460.8
16/11/2025 21:45;460.8
16/11/2025 22:00;460.81
16/11/2025 22:15;460.82
16/11/2025 22:30;460.83
16/11/2025 22:45;460.84
16/11/2025 23:00;460.85
16/11/2025 23:15;460.85
16/11/2025 23:30;460.86
16/11/2025 23:45;460.87
17/11/2025 00:00;460.88
17/11/2025 00:15;460.88
17/11/2025 00:30;460.88
17/11/2025 00:45;460.89
17/11/2025 01:00;460.9
17/11/2025 01:15;460.91
17/11/2025 01:30;460.91
17/11/2025 01:45;460.92
17/11/2025 02:00;460.93
17/11/2025 02:15;460.93
17/11/2025 02:30;460.94
17/11/2025 02:45;460.95
17/11/2025 03:00;460.95
17/11/2025 03:15;460.96
17/11/2025 03:30;460.96
17/11/2025 03:45;460.97
17/11/2025 04:00;460.98
17/11/2025 04:15;460.98
17/11/2025 04:30;460.99
17/11/2025 04:45;461
17/11/2025 05:00;461
17/11/2025 05:15;461.01
17/11/2025 05:30;461.01
17/11/2025 05:45;461.01
17/11/2025 06:00;461.02
17/11/2025 06:15;461.02
17/11/2025 06:30;461.03
17/11/2025 06:45;461.04
17/11/2025 07:00;461.04
17/11/2025 07:15;461.05
17/11/2025 07:30;461.06
17/11/2025 07:45;461.06
17/11/2025 08:00;461.07
17/11/2025 08:15;461.07
17/11/2025 08:30;461.08
17/11/2025 08:45;461.09
17/11/2025 09:00;461.09
17/11/2025 09:15;461.1
17/11/2025 09:30;461.1
17/11/2025 09:45;461.11
17/11/2025 10:00;461.11
17/11/2025 10:15;461.12
17/11/2025 10:30;461.13
17/11/2025 10:45;461.15
17/11/2025 11:00;461.16
17/11/2025 11:15;461.17
17/11/2025 11:30;461.17
17/11/2025 11:45;461.17
17/11/2025 12:00;461.17
17/11/2025 12:15;461.15
17/11/2025 12:30;461.16
17/11/2025 12:45;461.16
17/11/2025 13:00;461.17
17/11/2025 13:15;461.17
17/11/2025 13:30;461.17
17/11/2025 13:45;461.18
17/11/2025 14:00;461.18
17/11/2025 14:15;461.19
17/11/2025 14:30;461.19
17/11/2025 14:45;461.2
17/11/2025 15:00;461.2
17/11/2025 15:15;461.2
17/11/2025 15:30;461.21
17/11/2025 15:45;461.21
17/11/2025 16:00;461.22
17/11/2025 16:15;461.22
17/11/2025 16:30;461.22
17/11/2025 16:45;461.23
17/11/2025 17:00;461.23
17/11/2025 17:15;461.24
17/11/2025 17:30;461.24
17/11/2025 17:45;461.25
17/11/2025 18:00;461.25
17/11/2025 18:15;461.25
17/11/2025 18:30;461.26
17/11/2025 18:45;461.26
17/11/2025 19:00;461.27
17/11/2025 19:15;461.27
17/11/2025 19:30;461.28
17/11/2025 19:45;461.28
17/11/2025 20:00;461.28
17/11/2025 20:15;461.29
17/11/2025 20:30;461.29
17/11/2025 20:45;461.29
17/11/2025 21:00;461.3
17/11/2025 21:15;461.3
17/11/2025 21:30;461.3
17/11/2025 21:45;461.31
17/11/2025 22:00;461.31
17/11/2025 22:15;461.32
17/11/2025 22:30;461.32
17/11/2025 22:45;461.32
17/11/2025 23:00;461.33
17/11/2025 23:15;461.33
17/11/2025 23:30;461.34
17/11/2025 23:45;461.34
18/11/2025 00:00;461.35
18/11/2025 00:15;461.35
18/11/2025 00:30;461.35
18/11/2025 00:45;461.36
18/11/2025 01:00;461.37
18/11/2025 01:15;461.37
18/11/2025 01:30;461.37
18/11/2025 01:45;461.37
18/11/2025 02:00;461.38
18/11/2025 02:15;461.38
18/11/2025 02:30;461.38
18/11/2025 02:45;461.39
18/11/2025 03:00;461.39
18/11/2025 03:15;461.4
18/11/2025 03:30;461.4
18/11/2025 03:45;461.4
18/11/2025 04:00;461.41
18/11/2025 04:15;461.41
18/11/2025 04:30;461.41
18/11/2025 04:45;461.42
18/11/2025 05:00;461.42
18/11/2025 05:15;461.42
18/11/2025 05:30;461.42
18/11/2025 05:45;461.43
18/11/2025 06:00;461.43
18/11/2025 06:15;461.44
18/11/2025 06:30;461.44
18/11/2025 06:45;461.45
18/11/2025 07:00;461.45
18/11/2025 07:15;461.45
18/11/2025 07:30;461.46
18/11/2025 07:45;461.46
18/11/2025 08:00;461.46
18/11/2025 08:15;461.46
18/11/2025 08:30;461.47
18/11/2025 08:45;461.47
18/11/2025 09:00;461.48
18/11/2025 09:15;461.48
18/11/2025 09:30;461.49
18/11/2025 09:45;461.5
18/11/2025 10:00;461.5
18/11/2025 10:15;461.5
18/11/2025 10:30;461.51
18/11/2025 10:45;461.51
18/11/2025 11:00;461.51
18/11/2025 11:15;461.52
18/11/2025 11:30;461.52
18/11/2025 11:45;461.52
18/11/2025 12:00;461.52
18/11/2025 12:15;461.52
18/11/2025 12:30;461.53
18/11/2025 12:45;461.53
18/11/2025 13:00;461.53
18/11/2025 13:15;461.53
18/11/2025 13:30;461.53
18/11/2025 13:45;461.53
18/11/2025 14:00;461.53
18/11/2025 14:15;461.53
18/11/2025 14:30;461.53
18/11/2025 14:45;461.54
18/11/2025 15:00;461.54
18/11/2025 15:15;461.54
18/11/2025 15:30;461.55
18/11/2025 15:45;461.55
18/11/2025 16:00;461.55
18/11/2025 16:15;461.55
18/11/2025 16:30;461.56
18/11/2025 16:45;461.57
18/11/2025 17:00;461.56
18/11/2025 17:15;461.56
18/11/2025 17:30;461.57
18/11/2025 17:45;461.57
18/11/2025 18:00;461.57
18/11/2025 18:15;461.57
18/11/2025 18:30;461.58
18/11/2025 18:45;461.58
18/11/2025 19:00;461.58
18/11/2025 19:15;461.58
18/11/2025 19:30;461.58
18/11/2025 19:45;461.58
18/11/2025 20:00;461.59
18/11/2025 20:15;461.59
18/11/2025 20:30;461.6
18/11/2025 20:45;461.6
18/11/2025 21:00;461.6
18/11/2025 21:15;461.6
18/11/2025 21:30;461.61
18/11/2025 21:45;461.61
18/11/2025 22:00;461.61
18/11/2025 22:15;461.61
18/11/2025 22:30;461.62
18/11/2025 22:45;461.62
18/11/2025 23:00;461.62
18/11/2025 23:15;461.62
18/11/2025 23:30;461.63
18/11/2025 23:45;461.63
19/11/2025 00:00;461.63
19/11/2025 00:15;461.63
19/11/2025 00:30;461.64
19/11/2025 00:45;461.64
19/11/2025 01:00;461.64
19/11/2025 01:15;461.64
19/11/2025 01:30;461.65
19/11/2025 01:45;461.65
19/11/2025 02:00;461.65
19/11/2025 02:15;461.65
19/11/2025 02:30;461.65
19/11/2025 02:45;461.66
19/11/2025 03:00;461.66
19/11/2025 03:15;461.66
19/11/2025 03:30;461.67
19/11/2025 03:45;461.67
19/11/2025 04:00;461.67
19/11/2025 04:15;461.67
19/11/2025 04:30;461.67
19/11/2025 04:45;461.67
19/11/2025 05:00;461.68
19/11/2025 05:15;461.68
19/11/2025 05:30;461.68
19/11/2025 05:45;461.69
19/11/2025 06:00;461.69
19/11/2025 06:15;461.69
19/11/2025 06:30;461.69
19/11/2025 06:45;461.69
19/11/2025 07:00;461.69
19/11/2025 07:15;461.7
19/11/2025 07:30;461.7
19/11/2025 07:45;461.7
19/11/2025 08:00;461.7
19/11/2025 08:15;461.7
19/11/2025 08:30;461.71
19/11/2025 08:45;461.71
19/11/2025 09:00;461.71
19/11/2025 09:15;461.71
19/11/2025 09:30;461.71
19/11/2025 09:45;461.71
19/11/2025 10:00;461.71
19/11/2025 10:15;461.71
19/11/2025 10:30;461.72
19/11/2025 10:45;461.72
19/11/2025 11:00;461.73
19/11/2025 11:15;461.73
19/11/2025 11:30;461.74
19/11/2025 11:45;461.74
19/11/2025 12:00;461.74
19/11/2025 12:15;461.73
19/11/2025 12:30;461.73
19/11/2025 12:45;461.73
19/11/2025 13:00;461.74
19/11/2025 13:15;461.74
19/11/2025 13:30;461.74
19/11/2025 13:45;461.74
19/11/2025 14:00;461.74
19/11/2025 14:15;461.74
19/11/2025 14:30;461.74
19/11/2025 14:45;461.75
19/11/2025 15:00;461.75
19/11/2025 15:15;461.75
19/11/2025 15:30;461.75
19/11/2025 15:45;461.75
19/11/2025 16:00;461.76
19/11/2025 16:15;461.76
19/11/2025 16:30;461.76
19/11/2025 16:45;461.76
19/11/2025 17:00;461.76
19/11/2025 17:15;461.76
19/11/2025 17:30;461.76
19/11/2025 17:45;461.77
19/11/2025 18:00;461.77
19/11/2025 18:15;461.77
19/11/2025 18:30;461.77
19/11/2025 18:45;461.77
19/11/2025 19:00;461.77
19/11/2025 19:15;461.78
19/11/2025 19:30;461.78
19/11/2025 19:45;461.78
19/11/2025 20:00;461.78
19/11/2025 20:15;461.78
19/11/2025 20:30;461.78
19/11/2025 20:45;461.79
19/11/2025 21:00;461.79
19/11/2025 21:15;461.79
19/11/2025 21:30;461.79
19/11/2025 21:45;461.79
19/11/2025 22:00;461.8
19/11/2025 22:15;461.8
19/11/2025 22:30;461.8
19/11/2025 22:45;461.8
19/11/2025 23:00;461.8
19/11/2025 23:15;461.8
19/11/2025 23:30;461.8
19/11/2025 23:45;461.81
20/11/2025 00:00;461.8
20/11/2025 00:15;461.81
20/11/2025 00:30;461.8
20/11/2025 00:45;461.81
20/11/2025 01:00;461.81
20/11/2025 01:15;461.81
20/11/2025 01:30;461.81
20/11/2025 01:45;461.81
20/11/2025 02:00;461.82
20/11/2025 02:15;461.82
20/11/2025 02:30;461.82
20/11/2025 02:45;461.82
20/11/2025 03:00;461.82
20/11/2025 03:15;461.83
20/11/2025 03:30;461.83
20/11/2025 03:45;461.83
20/11/2025 04:00;461.83
20/11/2025 04:15;461.83
20/11/2025 04:30;461.83
20/11/2025 04:45;461.83
20/11/2025 05:00;461.84
20/11/2025 05:15;461.84
20/11/2025 05:30;461.84
20/11/2025 05:45;461.84
20/11/2025 06:00;461.84
20/11/2025 06:15;461.84
20/11/2025 06:30;461.85
20/11/2025 06:45;461.85
20/11/2025 07:00;461.85
20/11/2025 07:15;461.85
20/11/2025 07:30;461.85
20/11/2025 07:45;461.85
20/11/2025 08:00;461.85
20/11/2025 08:15;461.85
20/11/2025 08:30;461.85
20/11/2025 08:45;461.86
20/11/2025 09:00;461.86
20/11/2025 09:15;461.86
20/11/2025 09:30;461.86
20/11/2025 09:45;461.86
20/11/2025 10:00;461.86
20/11/2025 10:15;461.86
20/11/2025 10:30;461.86
20/11/2025 10:45;461.87
20/11/2025 11:00;461.87
20/11/2025 11:15;461.87
20/11/2025 11:30;461.87
20/11/2025 11:45;461.87
20/11/2025 12:00;461.87
20/11/2025 12:15;461.88
20/11/2025 12:30;461.88
20/11/2025 12:45;461.88
20/11/2025 13:00;461.88
20/11/2025 13:15;461.88
20/11/2025 13:30;461.88
20/11/2025 13:45;461.88
20/11/2025 14:00;461.88
20/11/2025 14:15;461.88
20/11/2025 14:30;461.88
20/11/2025 14:45;461.89
20/11/2025 15:00;461.89
20/11/2025 15:15;461.89
20/11/2025 15:30;461.89
20/11/2025 15:45;461.89
20/11/2025 16:00;461.89
20/11/2025 16:15;461.89
20/11/2025 16:30;461.89
20/11/2025 16:45;461.89
20/11/2025 17:00;461.89
20/11/2025 17:15;461.9
20/11/2025 17:30;461.9
20/11/2025 17:45;461.9
20/11/2025 18:00;461.9
20/11/2025 18:15;461.9
20/11/2025 18:30;461.9
20/11/2025 18:45;461.9
20/11/2025 19:00;461.9
20/11/2025 19:15;461.91
20/11/2025 19:30;461.91
20/11/2025 19:45;461.91
20/11/2025 20:00;461.91
20/11/2025 20:15;461.91
20/11/2025 20:30;461.91
20/11/2025 20:45;461.91
20/11/2025 21:00;461.92
20/11/2025 21:15;461.92
20/11/2025 21:30;461.92
20/11/2025 21:45;461.92
20/11/2025 22:00;461.92
20/11/2025 22:15;461.92
20/11/2025 22:30;461.92
20/11/2025 22:45;461.92
20/11/2025 23:00;461.93
20/11/2025 23:15;461.92
20/11/2025 23:30;461.93
20/11/2025 23:45;461.93
21/11/2025 00:00;461.93
21/11/2025 00:15;461.93
21/11/2025 00:30;461.94
21/11/2025 00:45;461.93
21/11/2025 01:00;461.94
21/11/2025 01:15;461.94
21/11/2025 01:30;461.94
21/11/2025 01:45;461.94
21/11/2025 02:00;461.94
21/11/2025 02:15;461.95
21/11/2025 02:30;461.94
21/11/2025 02:45;461.95
21/11/2025 03:00;461.95
21/11/2025 03:15;461.95
21/11/2025 03:30;461.95
21/11/2025 03:45;461.95
21/11/2025 04:00;461.95
21/11/2025 04:15;461.95
21/11/2025 04:30;461.96
21/11/2025 04:45;461.96
21/11/2025 05:00;461.96
21/11/2025 05:15;461.96
21/11/2025 05:30;461.97
21/11/2025 05:45;461.97
21/11/2025 06:00;461.97
21/11/2025 06:15;461.97
21/11/2025 06:30;461.97
21/11/2025 06:45;461.98
21/11/2025 07:00;461.98
21/11/2025 07:15;461.98
21/11/2025 07:30;461.98
21/11/2025 07:45;461.98
21/11/2025 08:00;461.98
21/11/2025 08:15;461.98
21/11/2025 08:30;461.98
21/11/2025 08:45;461.98
21/11/2025 09:00;461.98
21/11/2025 09:15;461.98
21/11/2025 09:30;461.98
21/11/2025 09:45;461.99
21/11/2025 10:00;461.99
21/11/2025 10:15;461.99
21/11/2025 10:30;461.99
21/11/2025 10:45;461.99
21/11/2025 11:00;462
21/11/2025 11:15;462
21/11/2025 11:30;462.01
21/11/2025 11:45;462.01
21/11/2025 12:00;462
21/11/2025 12:15;462
21/11/2025 12:30;462
21/11/2025 12:45;462.01
21/11/2025 13:00;462.01
21/11/2025 13:15;462.01
21/11/2025 13:30;462.01
21/11/2025 13:45;462.01
21/11/2025 14:00;462.01
21/11/2025 14:15;462.01
21/11/2025 14:30;462.02
21/11/2025 14:45;462.02
21/11/2025 15:00;462.02
21/11/2025 15:15;462.02
21/11/2025 15:30;462.02
21/11/2025 15:45;462.03
21/11/2025 16:00;462.02
21/11/2025 16:15;462.03
21/11/2025 16:30;462.02
21/11/2025 16:45;462.02
21/11/2025 17:00;462.03
21/11/2025 17:15;462.03
21/11/2025 17:30;462.03
21/11/2025 17:45;462.03
21/11/2025 18:00;462.03
21/11/2025 18:15;462.03
21/11/2025 18:30;462.04
21/11/2025 18:45;462.04
21/11/2025 19:00;462.04
21/11/2025 19:15;462.04
21/11/2025 19:30;462.04
21/11/2025 19:45;462.04
21/11/2025 20:00;462.04
21/11/2025 20:15;462.04
21/11/2025 20:30;462.05
21/11/2025 20:45;462.05
21/11/2025 21:00;462.05
21/11/2025 21:15;462.05
21/11/2025 21:30;462.05
21/11/2025 21:45;462.06
21/11/2025 22:00;462.05
21/11/2025 22:15;462.06
21/11/2025 22:30;462.06
21/11/2025 22:45;462.06
21/11/2025 23:00;462.06
21/11/2025 23:15;462.06
21/11/2025 23:30;462.06
21/11/2025 23:45;462.07
22/11/2025 00:00;462.07
22/11/2025 00:15;462.05
22/11/2025 00:30;462.05
22/11/2025 00:45;462.05
22/11/2025 01:00;462.06
22/11/2025 01:15;462.06
22/11/2025 01:30;462.05
22/11/2025 01:45;462.05
22/11/2025 02:00;462.05
22/11/2025 02:15;462.05
22/11/2025 02:30;462.05
22/11/2025 02:45;462.05
22/11/2025 03:00;462.05
22/11/2025 03:15;462.05
22/11/2025 03:30;462.05
22/11/2025 03:45;462.05
22/11/2025 04:00;462.05
22/11/2025 04:15;462.05
22/11/2025 04:30;462.05
22/11/2025 04:45;462.05
22/11/2025 05:00;462.05
22/11/2025 05:15;462.05
22/11/2025 05:30;462.05
22/11/2025 05:45;462.05
22/11/2025 06:00;462.06
22/11/2025 06:15;462.06
22/11/2025 06:30;462.06
22/11/2025 06:45;462.06
22/11/2025 07:00;462.06
22/11/2025 07:15;462.06
22/11/2025 07:30;462.06
22/11/2025 07:45;462.06
22/11/2025 08:00;462.07
22/11/2025 08:15;462.06
22/11/2025 08:30;462.07
22/11/2025 08:45;462.06
22/11/2025 09:00;462.06
22/11/2025 09:15;462.07
22/11/2025 09:30;462.07
22/11/2025 09:45;462.08
22/11/2025 10:00;462.07
22/11/2025 10:15;462.08
22/11/2025 10:30;462.08
22/11/2025 10:45;462.08
22/11/2025 11:00;462.08
22/11/2025 11:15;462.08
22/11/2025 11:30;462.08
22/11/2025 11:45;462.08
22/11/2025 12:00;462.08
22/11/2025 12:15;462.09
22/11/2025 12:30;462.09
22/11/2025 12:45;462.09
22/11/2025 13:00;462.09
22/11/2025 13:15;462.09
22/11/2025 13:30;462.09
22/11/2025 13:45;462.09
22/11/2025 14:00;462.09
22/11/2025 14:15;462.09
22/11/2025 14:30;462.09
22/11/2025 14:45;462.09
22/11/2025 15:00;462.09
22/11/2025 15:15;462.09
22/11/2025 15:30;462.09
22/11/2025 15:45;462.09
22/11/2025 16:00;462.09
22/11/2025 16:15;462.09
22/11/2025 16:30;462.09
22/11/2025 16:45;462.09
22/11/2025 17:00;462.09
22/11/2025 17:15;462.1
22/11/2025 17:30;462.09
22/11/2025 17:45;462.1
22/11/2025 18:00;462.1
22/11/2025 18:15;462.1
22/11/2025 18:30;462.1
22/11/2025 18:45;462.1
22/11/2025 19:00;462.1
22/11/2025 19:15;462.1
22/11/2025 19:30;462.1
22/11/2025 19:45;462.1
22/11/2025 20:00;462.1
22/11/2025 20:15;462.1
22/11/2025 20:30;462.1
22/11/2025 20:45;462.1
22/11/2025 21:00;462.1
22/11/2025 21:15;462.1
22/11/2025 21:30;462.1
22/11/2025 21:45;462.1
22/11/2025 22:00;462.11
22/11/2025 22:15;462.11
22/11/2025 22:30;462.11
22/11/2025 22:45;462.11
22/11/2025 23:00;462.11
22/11/2025 23:15;462.11
22/11/2025 23:30;462.11
22/11/2025 23:45;462.11
23/11/2025 00:00;462.11
23/11/2025 00:15;462.11
23/11/2025 00:30;462.11
23/11/2025 00:45;462.11
23/11/2025 01:00;462.11
23/11/2025 01:15;462.12
23/11/2025 01:30;462.12
23/11/2025 01:45;462.12
23/11/2025 02:00;462.12
23/11/2025 02:15;462.12
23/11/2025 02:30;462.12
23/11/2025 02:45;462.12
23/11/2025 03:00;462.12
23/11/2025 03:15;462.12
23/11/2025 03:30;462.12
23/11/2025 03:45;462.12
23/11/2025 04:00;462.12
23/11/2025 04:15;462.13
23/11/2025 04:30;462.13
23/11/2025 04:45;462.13
23/11/2025 05:00;462.13
23/11/2025 05:15;462.13
23/11/2025 05:30;462.13
23/11/2025 05:45;462.13
23/11/2025 06:00;462.13
23/11/2025 06:15;462.13
23/11/2025 06:30;462.13
23/11/2025 06:45;462.13
23/11/2025 07:00;462.13
23/11/2025 07:15;462.13
23/11/2025 07:30;462.13
23/11/2025 07:45;462.13
23/11/2025 08:00;462.14
23/11/2025 08:15;462.13
23/11/2025 08:30;462.14
23/11/2025 08:45;462.14
23/11/2025 09:00;462.14
23/11/2025 09:15;462.14
23/11/2025 09:30;462.14
23/11/2025 09:45;462.14
23/11/2025 10:00;462.14
23/11/2025 10:15;462.14
23/11/2025 10:30;462.14
23/11/2025 10:45;462.14
23/11/2025 11:00;462.14
23/11/2025 11:15;462.14
23/11/2025 11:30;462.14
23/11/2025 11:45;462.15
23/11/2025 12:00;462.15
23/11/2025 12:15;462.15
23/11/2025 12:30;462.15
23/11/2025 12:45;462.14
23/11/2025 13:00;462.15
23/11/2025 13:15;462.15
23/11/2025 13:30;462.15
23/11/2025 13:45;462.15
23/11/2025 14:00;462.15
23/11/2025 14:15;462.15
23/11/2025 14:30;462.15
23/11/2025 14:45;462.15
23/11/2025 15:00;462.15
23/11/2025 15:15;462.15
23/11/2025 15:30;462.15
23/11/2025 15:45;462.15
23/11/2025 16:00;462.15
23/11/2025 16:15;462.15
23/11/2025 16:30;462.15
23/11/2025 16:45;462.15
23/11/2025 17:00;462.15
23/11/2025 17:15;462.15
23/11/2025 17:30;462.15
23/11/2025 17:45;462.15
23/11/2025 18:00;462.16
23/11/2025 18:15;462.16
23/11/2025 18:30;462.16
23/11/2025 18:45;462.16
23/11/2025 19:00;462.16
23/11/2025 19:15;462.16
23/11/2025 19:30;462.16
23/11/2025 19:45;462.16
23/11/2025 20:00;462.16
23/11/2025 20:15;462.16
23/11/2025 20:30;462.16
23/11/2025 20:45;462.16
23/11/2025 21:00;462.16
23/11/2025 21:15;462.16
23/11/2025 21:30;462.16
23/11/2025 21:45;462.16
23/11/2025 22:00;462.16
23/11/2025 22:15;462.17
23/11/2025 22:30;462.17
23/11/2025 22:45;462.17
23/11/2025 23:00;462.17
23/11/2025 23:15;462.17
23/11/2025 23:30;462.17
23/11/2025 23:45;462.17
24/11/2025 00:00;462.17
24/11/2025 00:15;462.18
24/11/2025 00:30;462.18
24/11/2025 00:45;462.18
24/11/2025 01:00;462.18
24/11/2025 01:15;462.18
24/11/2025 01:30;462.18
24/11/2025 01:45;462.18
24/11/2025 02:00;462.19
24/11/2025 02:15;462.19
24/11/2025 02:30;462.19
24/11/2025 02:45;462.19
24/11/2025 03:00;462.19
24/11/2025 03:15;462.19
24/11/2025 03:30;462.19
24/11/2025 03:45;462.2
24/11/2025 04:00;462.2
24/11/2025 04:15;462.2
24/11/2025 04:30;462.2
24/11/2025 04:45;462.2
24/11/2025 05:00;462.21
24/11/2025 05:15;462.21
24/11/2025 05:30;462.21
24/11/2025 05:45;462.22
24/11/2025 06:00;462.22
24/11/2025 06:15;462.22
24/11/2025 06:30;462.22
24/11/2025 06:45;462.22
24/11/2025 07:00;462.23
24/11/2025 07:15;462.23
24/11/2025 07:30;462.23
24/11/2025 07:45;462.23
24/11/2025 08:00;462.23
24/11/2025 08:15;462.23
24/11/2025 08:30;462.24
24/11/2025 08:45;462.24
24/11/2025 09:00;462.24
24/11/2025 09:15;462.24
24/11/2025 09:30;462.24
24/11/2025 09:45;462.25
24/11/2025 10:00;462.25
24/11/2025 10:15;462.25
24/11/2025 10:30;462.25
24/11/2025 10:45;462.25
24/11/2025 11:00;462.26
24/11/2025 11:15;462.26
24/11/2025 11:30;462.26
24/11/2025 11:45;462.26
24/11/2025 12:00;462.26
24/11/2025 12:15;462.26
24/11/2025 12:30;462.26
24/11/2025 12:45;462.27
24/11/2025 13:00;462.27
24/11/2025 13:15;462.27
24/11/2025 13:30;462.28
24/11/2025 13:45;462.28
24/11/2025 14:00;462.28
24/11/2025 14:15;462.28
24/11/2025 14:30;462.28
24/11/2025 14:45;462.29
24/11/2025 15:00;462.29
24/11/2025 15:15;462.29
24/11/2025 15:30;462.29
24/11/2025 15:45;462.29
24/11/2025 16:00;462.29
24/11/2025 16:15;462.3
24/11/2025 16:30;462.3
24/11/2025 16:45;462.3
24/11/2025 17:00;462.31
24/11/2025 17:15;462.31
24/11/2025 17:30;462.31
24/11/2025 17:45;462.31
24/11/2025 18:00;462.32
24/11/2025 18:15;462.32
24/11/2025 18:30;462.32
24/11/2025 18:45;462.33
24/11/2025 19:00;462.33
24/11/2025 19:15;462.33
24/11/2025 19:30;462.34
24/11/2025 19:45;462.34
24/11/2025 20:00;462.35
24/11/2025 20:15;462.35
24/11/2025 20:30;462.36
24/11/2025 20:45;462.36
24/11/2025 21:00;462.37
24/11/2025 21:15;462.38
24/11/2025 21:30;462.38
24/11/2025 21:45;462.39
24/11/2025 22:00;462.4
24/11/2025 22:15;462.41
24/11/2025 22:30;462.41
24/11/2025 22:45;462.43
24/11/2025 23:00;462.43
24/11/2025 23:15;462.44
24/11/2025 23:30;462.45
24/11/2025 23:45;462.46
25/11/2025 00:00;462.47
25/11/2025 00:15;462.48
25/11/2025 00:30;462.48
25/11/2025 00:45;462.49
25/11/2025 01:00;462.5
25/11/2025 01:15;462.51
25/11/2025 01:30;462.52
25/11/2025 01:45;462.53
25/11/2025 02:00;462.54
25/11/2025 02:15;462.55
25/11/2025 02:30;462.56
25/11/2025 02:45;462.57
25/11/2025 03:00;462.58
25/11/2025 03:15;462.59
25/11/2025 03:30;462.6
25/11/2025 03:45;462.61
25/11/2025 04:00;462.62
25/11/2025 04:15;462.63
25/11/2025 04:30;462.64
25/11/2025 04:45;462.65
25/11/2025 05:00;462.65
25/11/2025 05:15;462.66
25/11/2025 05:30;462.68
25/11/2025 05:45;462.69
25/11/2025 06:00;462.7
25/11/2025 06:15;462.71
25/11/2025 06:30;462.72
25/11/2025 06:45;462.72
25/11/2025 07:00;462.73
25/11/2025 07:15;462.74
25/11/2025 07:30;462.75
25/11/2025 07:45;462.76
25/11/2025 08:00;462.77
25/11/2025 08:15;462.78
25/11/2025 08:30;462.79
25/11/2025 08:45;462.8
25/11/2025 09:00;462.8
25/11/2025 09:15;462.81
25/11/2025 09:30;462.82
25/11/2025 09:45;462.83
25/11/2025 10:00;462.84
25/11/2025 10:15;462.85
25/11/2025 10:30;462.85
25/11/2025 10:45;462.86
25/11/2025 11:00;462.87
25/11/2025 11:15;462.88
25/11/2025 11:30;462.89
25/11/2025 11:45;462.89
25/11/2025 12:00;462.9
25/11/2025 12:15;462.91
25/11/2025 12:30;462.92
25/11/2025 12:45;462.92
25/11/2025 13:00;462.93
25/11/2025 13:15;462.94
25/11/2025 13:30;462.95
25/11/2025 13:45;462.95
25/11/2025 14:00;462.96
25/11/2025 14:15;462.96
25/11/2025 14:30;462.97
25/11/2025 14:45;462.98
25/11/2025 15:00;462.99
25/11/2025 15:15;463
25/11/2025 15:30;463.01
25/11/2025 15:45;463.02
25/11/2025 16:00;463.02
25/11/2025 16:15;463.03
25/11/2025 16:30;463.04
25/11/2025 16:45;463.05
25/11/2025 17:00;463.06
25/11/2025 17:15;463.06
25/11/2025 17:30;463.07
25/11/2025 17:45;463.08
25/11/2025 18:00;463.08
25/11/2025 18:15;463.1
25/11/2025 18:30;463.1
25/11/2025 18:45;463.12
25/11/2025 19:00;463.12
25/11/2025 19:15;463.13
25/11/2025 19:30;463.14
25/11/2025 19:45;463.15
25/11/2025 20:00;463.16
25/11/2025 20:15;463.16
25/11/2025 20:30;463.17
25/11/2025 20:45;463.18
25/11/2025 21:00;463.19
25/11/2025 21:15;463.2
25/11/2025 21:30;463.21
25/11/2025 21:45;463.22
25/11/2025 22:00;463.22
25/11/2025 22:15;463.23
25/11/2025 22:30;463.24
25/11/2025 22:45;463.24
25/11/2025 23:00;463.25
25/11/2025 23:15;463.26
25/11/2025 23:30;463.27
25/11/2025 23:45;463.28
26/11/2025 00:00;463.28
26/11/2025 00:15;463.29
26/11/2025 00:30;463.3
26/11/2025 00:45;463.31
26/11/2025 01:00;463.31
26/11/2025 01:15;463.32
26/11/2025 01:30;463.33
26/11/2025 01:45;463.33
26/11/2025 02:00;463.34
26/11/2025 02:15;463.35
26/11/2025 02:30;463.36
26/11/2025 02:45;463.37
26/11/2025 03:00;463.37
26/11/2025 03:15;463.38
26/11/2025 03:30;463.39
26/11/2025 03:45;463.39
26/11/2025 04:00;463.4
26/11/2025 04:15;463.4
26/11/2025 04:30;463.41
26/11/2025 04:45;463.41
26/11/2025 05:00;463.42
26/11/2025 05:15;463.43
26/11/2025 05:30;463.43
26/11/2025 05:45;463.44
26/11/2025 06:00;463.45
26/11/2025 06:15;463.45
26/11/2025 06:30;463.46
26/11/2025 06:45;463.47
26/11/2025 07:00;463.47
26/11/2025 07:15;463.48
26/11/2025 07:30;463.48
26/11/2025 07:45;463.49
26/11/2025 08:00;463.49
26/11/2025 08:15;463.5
26/11/2025 08:30;463.51
26/11/2025 08:45;463.51
26/11/2025 09:00;463.51
26/11/2025 09:15;463.52
26/11/2025 09:30;463.53
26/11/2025 09:45;463.53
26/11/2025 10:00;463.54
26/11/2025 10:15;463.55
26/11/2025 10:30;463.55
26/11/2025 10:45;463.55
26/11/2025 11:00;463.56
26/11/2025 11:15;463.56
26/11/2025 11:30;463.57
26/11/2025 11:45;463.57
26/11/2025 12:00;463.57
26/11/2025 12:15;463.58
26/11/2025 12:30;463.58
26/11/2025 12:45;463.59
26/11/2025 13:00;463.59
26/11/2025 13:15;463.59
26/11/2025 13:30;463.6
26/11/2025 13:45;463.6
26/11/2025 14:00;463.6
26/11/2025 14:15;463.61
26/11/2025 14:30;463.61
26/11/2025 14:45;463.61
26/11/2025 15:00;463.62
26/11/2025 15:15;463.62
26/11/2025 15:30;463.62
26/11/2025 15:45;463.63
26/11/2025 16:00;463.63
26/11/2025 16:15;463.64
26/11/2025 16:30;463.64
26/11/2025 16:45;463.65
26/11/2025 17:00;463.65
26/11/2025 17:15;463.65
26/11/2025 17:30;463.65
26/11/2025 17:45;463.66
26/11/2025 18:00;463.66
26/11/2025 18:15;463.67
26/11/2025 18:30;463.67
26/11/2025 18:45;463.67
26/11/2025 19:00;463.67
26/11/2025 19:15;463.68
26/11/2025 19:30;463.68
26/11/2025 19:45;463.68
26/11/2025 20:00;463.69
26/11/2025 20:15;463.69
26/11/2025 20:30;463.69
26/11/2025 20:45;463.7
26/11/2025 21:00;463.7
26/11/2025 21:15;463.7
26/11/2025 21:30;463.7
26/11/2025 21:45;463.71
26/11/2025 22:00;463.71
26/11/2025 22:15;463.72
26/11/2025 22:30;463.72
26/11/2025 22:45;463.73
26/11/2025 23:00;463.73
26/11/2025 23:15;463.73
26/11/2025 23:30;463.73
26/11/2025 23:45;463.74
27/11/2025 00:00;463.74
27/11/2025 00:15;463.75
27/11/2025 00:30;463.75
27/11/2025 00:45;463.75
27/11/2025 01:00;463.75
27/11/2025 01:15;463.76
27/11/2025 01:30;463.76
27/11/2025 01:45;463.76
27/11/2025 02:00;463.76
27/11/2025 02:15;463.77
27/11/2025 02:30;463.77
27/11/2025 02:45;463.77
27/11/2025 03:00;463.77
27/11/2025 03:15;463.78
27/11/2025 03:30;463.78
27/11/2025 03:45;463.78
27/11/2025 04:00;463.78
27/11/2025 04:15;463.79
27/11/2025 04:30;463.79
27/11/2025 04:45;463.79
27/11/2025 05:00;463.8
27/11/2025 05:15;463.8
27/11/2025 05:30;463.8
27/11/2025 05:45;463.8
27/11/2025 06:00;463.8
27/11/2025 06:15;463.81
27/11/2025 06:30;463.81
27/11/2025 06:45;463.81
27/11/2025 07:00;463.81
27/11/2025 07:15;463.82
27/11/2025 07:30;463.82
27/11/2025 07:45;463.82
27/11/2025 08:00;463.82
27/11/2025 08:15;463.82
27/11/2025 08:30;463.83
27/11/2025 08:45;463.83
27/11/2025 09:00;463.83
27/11/2025 09:15;463.83
27/11/2025 09:30;463.84
27/11/2025 09:45;463.84
27/11/2025 10:00;463.85
27/11/2025 10:15;463.85
27/11/2025 10:30;463.85
27/11/2025 10:45;463.86
27/11/2025 11:00;463.86
27/11/2025 11:15;463.86
27/11/2025 11:30;463.86
27/11/2025 11:45;463.86
27/11/2025 12:00;463.86
27/11/2025 12:15;463.87
27/11/2025 12:30;463.87
27/11/2025 12:45;463.87
27/11/2025 13:00;463.87
27/11/2025 13:15;463.87
27/11/2025 13:30;463.87
27/11/2025 13:45;463.88
27/11/2025 14:00;463.88
27/11/2025 14:15;463.88
27/11/2025 14:30;463.88
27/11/2025 14:45;463.88
27/11/2025 15:00;463.89
27/11/2025 15:15;463.89
27/11/2025 15:30;463.89
27/11/2025 15:45;463.89
27/11/2025 16:00;463.89
27/11/2025 16:15;463.9
27/11/2025 16:30;463.9
27/11/2025 16:45;463.9
27/11/2025 17:00;463.9
27/11/2025 17:15;463.91
27/11/2025 17:30;463.91
27/11/2025 17:45;463.91
27/11/2025 18:00;463.91
27/11/2025 18:15;463.91
27/11/2025 18:30;463.91
27/11/2025 18:45;463.91
27/11/2025 19:00;463.92
27/11/2025 19:15;463.92
27/11/2025 19:30;463.92
27/11/2025 19:45;463.92
27/11/2025 20:00;463.92
27/11/2025 20:15;463.92
27/11/2025 20:30;463.92
27/11/2025 20:45;463.93
27/11/2025 21:00;463.93
27/11/2025 21:15;463.93
27/11/2025 21:30;463.94
27/11/2025 21:45;463.94
27/11/2025 22:00;463.94
27/11/2025 22:15;463.95
27/11/2025 22:30;463.95
27/11/2025 22:45;463.95
27/11/2025 23:00;463.95
27/11/2025 23:15;463.95
27/11/2025 23:30;463.95
27/11/2025 23:45;463.96
28/11/2025 00:00;463.96
28/11/2025 00:15;463.96
28/11/2025 00:30;463.96
28/11/2025 00:45;463.96
28/11/2025 01:00;463.96
28/11/2025 01:15;463.97
28/11/2025 01:30;463.97
28/11/2025 01:45;463.97
28/11/2025 02:00;463.97
28/11/2025 02:15;463.97
28/11/2025 02:30;463.97
28/11/2025 02:45;463.97
28/11/2025 03:00;463.98
28/11/2025 03:15;463.98
28/11/2025 03:30;463.98
28/11/2025 03:45;463.98
28/11/2025 04:00;463.98
28/11/2025 04:15;463.99
28/11/2025 04:30;463.99
28/11/2025 04:45;463.99
28/11/2025 05:00;463.99
28/11/2025 05:15;463.99
28/11/2025 05:30;464
28/11/2025 05:45;464
28/11/2025 06:00;464
28/11/2025 06:15;464
28/11/2025 06:30;464
28/11/2025 06:45;464
28/11/2025 07:00;464
28/11/2025 07:15;464
28/11/2025 07:30;464.01
28/11/2025 07:45;464.01
28/11/2025 08:00;464.01
28/11/2025 08:15;464.02
28/11/2025 08:30;464.02
28/11/2025 08:45;464.02
28/11/2025 09:00;464.02
28/11/2025 09:15;464.02
28/11/2025 09:30;464.02
28/11/2025 09:45;464.03
28/11/2025 10:00;464.03
28/11/2025 10:15;464.03
28/11/2025 10:30;464.03
28/11/2025 10:45;464.03
28/11/2025 11:00;464.03
28/11/2025 11:15;464.04
28/11/2025 11:30;464.04
28/11/2025 11:45;464.04
28/11/2025 12:00;464.04
28/11/2025 12:15;464.04
28/11/2025 12:30;464.05
28/11/2025 12:45;464.05
28/11/2025 13:00;464.05
28/11/2025 13:15;464.05
28/11/2025 13:30;464.05
28/11/2025 13:45;464.05
28/11/2025 14:00;464.05
28/11/2025 14:15;464.05
28/11/2025 14:30;464.06
28/11/2025 14:45;464.05
28/11/2025 15:00;464.06
28/11/2025 15:15;464.06
28/11/2025 15:30;464.06
28/11/2025 15:45;464.06
28/11/2025 16:00;464.06
28/11/2025 16:15;464.06
28/11/2025 16:30;464.06
28/11/2025 16:45;464.06
28/11/2025 17:00;464.06
28/11/2025 17:15;464.06
28/11/2025 17:30;464.06
28/11/2025 17:45;464.06
28/11/2025 18:00;464.06
28/11/2025 18:15;464.06
28/11/2025 18:30;464.06
28/11/2025 18:45;464.06
28/11/2025 19:00;464.06
28/11/2025 19:15;464.06
28/11/2025 19:30;464.06
28/11/2025 19:45;464.07
28/11/2025 20:00;464.07
28/11/2025 20:15;464.07
28/11/2025 20:30;464.07
28/11/2025 20:45;464.07
28/11/2025 21:00;464.07
28/11/2025 21:15;464.07
28/11/2025 21:30;464.07
28/11/2025 21:45;464.07
28/11/2025 22:00;464.07
28/11/2025 22:15;464.07
28/11/2025 22:30;464.07
28/11/2025 22:45;464.07
28/11/2025 23:00;464.07
28/11/2025 23:15;464.07
28/11/2025 23:30;464.07
28/11/2025 23:45;464.07
29/11/2025 00:00;464.07
29/11/2025 00:15;464.07
29/11/2025 00:30;464.07
29/11/2025 00:45;464.07
29/11/2025 01:00;464.07
29/11/2025 01:15;464.07
29/11/2025 01:30;464.07
29/11/2025 01:45;464.07
29/11/2025 02:00;464.07
29/11/2025 02:15;464.08
29/11/2025 02:30;464.08
29/11/2025 02:45;464.07
29/11/2025 03:00;464.07
29/11/2025 03:15;464.07
29/11/2025 03:30;464.07
29/11/2025 03:45;464.07
29/11/2025 04:00;464.07
29/11/2025 04:15;464.07
29/11/2025 04:30;464.08
29/11/2025 04:45;464.08
29/11/2025 05:00;464.08
29/11/2025 05:15;464.08
29/11/2025 05:30;464.08
29/11/2025 05:45;464.08
29/11/2025 06:00;464.08
29/11/2025 06:15;464.08
29/11/2025 06:30;464.08
29/11/2025 06:45;464.08
29/11/2025 07:00;464.08
29/11/2025 07:15;464.08
29/11/2025 07:30;464.08
29/11/2025 07:45;464.08
29/11/2025 08:00;464.08
29/11/2025 08:15;464.08
29/11/2025 08:30;464.08
29/11/2025 08:45;464.08
29/11/2025 09:00;464.08
29/11/2025 09:15;464.08
29/11/2025 09:30;464.09
29/11/2025 09:45;464.09
29/11/2025 10:00;464.09
29/11/2025 10:15;464.09
29/11/2025 10:30;464.09
29/11/2025 10:45;464.09
29/11/2025 11:00;464.09
29/11/2025 11:15;464.09
29/11/2025 11:30;464.09
29/11/2025 11:45;464.09
29/11/2025 12:00;464.09
29/11/2025 12:15;464.09
29/11/2025 12:30;464.09
29/11/2025 12:45;464.09
29/11/2025 13:00;464.09
29/11/2025 13:15;464.08
29/11/2025 13:30;464.08
29/11/2025 13:45;464.08
29/11/2025 14:00;464.08
29/11/2025 14:15;464.08
29/11/2025 14:30;464.08
29/11/2025 14:45;464.09
29/11/2025 15:00;464.09
29/11/2025 15:15;464.09
29/11/2025 15:30;464.09
29/11/2025 15:45;464.09
29/11/2025 16:00;464.09
29/11/2025 16:15;464.09
29/11/2025 16:30;464.09
29/11/2025 16:45;464.09
29/11/2025 17:00;464.09
29/11/2025 17:15;464.09
29/11/2025 17:30;464.09
29/11/2025 17:45;464.09
29/11/2025 18:00;464.09
29/11/2025 18:15;464.09
29/11/2025 18:30;464.09
29/11/2025 18:45;464.09
29/11/2025 19:00;464.09
29/11/2025 19:15;464.09
29/11/2025 19:30;464.09
29/11/2025 19:45;464.09
29/11/2025 20:00;464.09
29/11/2025 20:15;464.09
29/11/2025 20:30;464.09
29/11/2025 20:45;464.1
29/11/2025 21:00;464.1
29/11/2025 21:15;464.1
29/11/2025 21:30;464.1
29/11/2025 21:45;464.1
29/11/2025 22:00;464.1
29/11/2025 22:15;464.1
29/11/2025 22:30;464.1
29/11/2025 22:45;464.1
29/11/2025 23:00;464.1
29/11/2025 23:15;464.1
29/11/2025 23:30;464.1
29/11/2025 23:45;464.1
30/11/2025 00:00;464.1
30/11/2025 00:15;464.1
30/11/2025 00:30;464.1
30/11/2025 00:45;464.1
30/11/2025 01:00;464.1
30/11/2025 01:15;464.1
30/11/2025 01:30;464.1
30/11/2025 01:45;464.1
30/11/2025 02:00;464.1
30/11/2025 02:15;464.1
30/11/2025 02:30;464.1
30/11/2025 02:45;464.11
30/11/2025 03:00;464.11
30/11/2025 03:15;464.11
30/11/2025 03:30;464.11
30/11/2025 03:45;464.11
30/11/2025 04:00;464.11
30/11/2025 04:15;464.11
30/11/2025 04:30;464.11
30/11/2025 04:45;464.11
30/11/2025 05:00;464.11
30/11/2025 05:15;464.11
30/11/2025 05:30;464.11
30/11/2025 05:45;464.11
30/11/2025 06:00;464.11
30/11/2025 06:15;464.11
30/11/2025 06:30;464.11
30/11/2025 06:45;464.11
30/11/2025 07:00;464.11
30/11/2025 07:15;464.11
30/11/2025 07:30;464.11
30/11/2025 07:45;464.11
30/11/2025 08:00;464.11
30/11/2025 08:15;464.11
30/11/2025 08:30;464.11
30/11/2025 08:45;464.11
30/11/2025 09:00;464.11
30/11/2025 09:15;464.11
30/11/2025 09:30;464.11
30/11/2025 09:45;464.11
30/11/2025 10:00;464.11
30/11/2025 10:15;464.11
30/11/2025 10:30;464.11
30/11/2025 10:45;464.11
30/11/2025 11:00;464.11
30/11/2025 11:15;464.11
30/11/2025 11:30;464.11
30/11/2025 11:45;464.11
30/11/2025 12:00;464.12
30/11/2025 12:15;464.12
30/11/2025 12:30;464.12
30/11/2025 12:45;464.12
30/11/2025 13:00;464.12
30/11/2025 13:15;464.12
30/11/2025 13:30;464.12
30/11/2025 13:45;464.11
30/11/2025 14:00;464.11
30/11/2025 14:15;464.11
30/11/2025 14:30;464.11
30/11/2025 14:45;464.12
30/11/2025 15:00;464.12
30/11/2025 15:15;464.12
30/11/2025 15:30;464.12
30/11/2025 15:45;464.12
30/11/2025 16:00;464.12
30/11/2025 16:15;464.12
30/11/2025 16:30;464.12
30/11/2025 16:45;464.12
30/11/2025 17:00;464.12
30/11/2025 17:15;464.12
30/11/2025 17:30;464.12
30/11/2025 17:45;464.12
30/11/2025 18:00;464.12
30/11/2025 18:15;464.12
30/11/2025 18:30;464.12
30/11/2025 18:45;464.12
30/11/2025 19:00;464.12
30/11/2025 19:15;464.12
30/11/2025 19:30;464.13
30/11/2025 19:45;464.13
30/11/2025 20:00;464.13
30/11/2025 20:15;464.12
30/11/2025 20:30;464.13
30/11/2025 20:45;464.13
30/11/2025 21:00;464.13
30/11/2025 21:15;464.13
30/11/2025 21:30;464.13
30/11/2025 21:45;464.13
30/11/2025 22:00;464.13
30/11/2025 22:15;464.13
30/11/2025 22:30;464.13
30/11/2025 22:45;464.13
30/11/2025 23:00;464.13
30/11/2025 23:15;464.13
30/11/2025 23:30;464.13
30/11/2025 23:45;464.13
01/12/2025 00:00;464.13
01/12/2025 00:15;464.13
01/12/2025 00:30;464.13
01/12/2025 00:45;464.13
01/12/2025 01:00;464.13
01/12/2025 01:15;464.13
01/12/2025 01:30;464.13
01/12/2025 01:45;464.13
01/12/2025 02:00;464.13
01/12/2025 02:15;464.13
01/12/2025 02:30;464.13
01/12/2025 02:45;464.13
01/12/2025 03:00;464.13
01/12/2025 03:15;464.13
01/12/2025 03:30;464.13
01/12/2025 03:45;464.13
01/12/2025 04:00;464.13
01/12/2025 04:15;464.13
01/12/2025 04:30;464.12
01/12/2025 04:45;464.12
01/12/2025 05:00;464.12
01/12/2025 05:15;464.13
01/12/2025 05:30;464.13
01/12/2025 05:45;464.13
01/12/2025 06:00;464.13
01/12/2025 06:15;464.13
01/12/2025 06:30;464.13
01/12/2025 06:45;464.13
01/12/2025 07:00;464.13
01/12/2025 07:15;464.13
01/12/2025 07:30;464.13
01/12/2025 07:45;464.13
01/12/2025 08:00;464.13
01/12/2025 08:15;464.13
01/12/2025 08:30;464.13
01/12/2025 08:45;464.13
01/12/2025 09:00;464.13
01/12/2025 09:15;464.13
01/12/2025 09:30;464.13
01/12/2025 09:45;464.13
01/12/2025 10:00;464.13
01/12/2025 10:15;464.13
01/12/2025 10:30;464.13
01/12/2025 10:45;464.13
01/12/2025 11:00;464.13
01/12/2025 11:15;464.13
01/12/2025 11:30;464.13
01/12/2025 11:45;464.13
01/12/2025 12:00;464.13
01/12/2025 12:15;464.13
01/12/2025 12:30;464.13
01/12/2025 12:45;464.13
01/12/2025 13:00;464.13
01/12/2025 13:15;464.13
01/12/2025 13:30;464.12
01/12/2025 13:45;464.12
01/12/2025 14:00;464.12
01/12/2025 14:15;464.12
01/12/2025 14:30;464.12
01/12/2025 14:45;464.12
01/12/2025 15:00;464.12
01/12/2025 15:15;464.12
01/12/2025 15:30;464.12
01/12/2025 15:45;464.12
01/12/2025 16:00;464.12
01/12/2025 16:15;464.12
01/12/2025 16:30;464.12
01/12/2025 16:45;464.11
01/12/2025 17:00;464.11
01/12/2025 17:15;464.11
01/12/2025 17:30;464.11
01/12/2025 17:45;464.11
01/12/2025 18:00;464.11
01/12/2025 18:15;464.11
01/12/2025 18:30;464.11
01/12/2025 18:45;464.11
01/12/2025 19:00;464.11
01/12/2025 19:15;464.11
01/12/2025 19:30;464.11
01/12/2025 19:45;464.11
01/12/2025 20:00;464.11
01/12/2025 20:15;464.11
01/12/2025 20:30;464.11
01/12/2025 20:45;464.11
01/12/2025 21:00;464.11
01/12/2025 21:15;464.11
01/12/2025 21:30;464.11
01/12/2025 21:45;464.11
01/12/2025 22:00;464.11
01/12/2025 22:15;464.11
01/12/2025 22:30;464.11
01/12/2025 22:45;464.11
01/12/2025 23:00;464.11
01/12/2025 23:15;464.11
01/12/2025 23:30;464.11
01/12/2025 23:45;464.11
02/12/2025 00:00;464.11
02/12/2025 00:15;464.11
02/12/2025 00:30;464.11
02/12/2025 00:45;464.11
02/12/2025 01:00;464.11
02/12/2025 01:15;464.1
02/12/2025 01:30;464.1
02/12/2025 01:45;464.1
02/12/2025 02:00;464.1
02/12/2025 02:15;464.1
02/12/2025 02:30;464.1
02/12/2025 02:45;464.1
02/12/2025 03:00;464.1
02/12/2025 03:15;464.1
02/12/2025 03:30;464.1
02/12/2025 03:45;464.1
02/12/2025 04:00;464.1
02/12/2025 04:15;464.1
02/12/2025 04:30;464.1
02/12/2025 04:45;464.1
02/12/2025 05:00;464.1
02/12/2025 05:15;464.1
02/12/2025 05:30;464.1
02/12/2025 05:45;464.1
02/12/2025 06:00;464.09
02/12/2025 06:15;464.09
02/12/2025 06:30;464.09
02/12/2025 06:45;464.09
02/12/2025 07:00;464.09
02/12/2025 07:15;464.1
02/12/2025 07:30;464.1
02/12/2025 07:45;464.1
02/12/2025 08:00;464.1
02/12/2025 08:15;464.09
02/12/2025 08:30;464.1
02/12/2025 08:45;464.1
02/12/2025 09:00;464.1
02/12/2025 09:15;464.1
02/12/2025 09:30;464.09
02/12/2025 09:45;464.1
02/12/2025 10:00;464.1
02/12/2025 10:15;464.09
02/12/2025 10:30;464.09
02/12/2025 10:45;464.09
02/12/2025 11:00;464.1
02/12/2025 11:15;464.1
02/12/2025 11:30;464.09
02/12/2025 11:45;464.09
02/12/2025 12:00;464.09
02/12/2025 12:15;464.09
02/12/2025 12:30;464.09
02/12/2025 12:45;464.09
02/12/2025 13:00;464.09
02/12/2025 13:15;464.09
02/12/2025 13:30;464.09
02/12/2025 13:45;464.09
02/12/2025 14:00;464.09
02/12/2025 14:15;464.09
02/12/2025 14:30;464.09
02/12/2025 14:45;464.08
02/12/2025 15:00;464.08
02/12/2025 15:15;464.09
02/12/2025 15:30;464.09
02/12/2025 15:45;464.09
02/12/2025 16:00;464.09
02/12/2025 16:15;464.09
02/12/2025 16:30;464.09
02/12/2025 16:45;464.09
02/12/2025 17:00;464.09
02/12/2025 17:15;464.09
02/12/2025 17:30;464.09
02/12/2025 17:45;464.08
02/12/2025 18:00;464.08
02/12/2025 18:15;464.08
02/12/2025 18:30;464.08
02/12/2025 18:45;464.08
02/12/2025 19:00;464.08
02/12/2025 19:15;464.08
02/12/2025 19:30;464.08
02/12/2025 19:45;464.08
02/12/2025 20:00;464.08
02/12/2025 20:15;464.08
02/12/2025 20:30;464.08
02/12/2025 20:45;464.08
02/12/2025 21:00;464.08
02/12/2025 21:15;464.08
02/12/2025 21:30;464.08
02/12/2025 21:45;464.08
02/12/2025 22:00;464.08
02/12/2025 22:15;464.08
02/12/2025 22:30;464.08
02/12/2025 22:45;464.08
02/12/2025 23:00;464.08
02/12/2025 23:15;464.08
02/12/2025 23:30;464.08
02/12/2025 23:45;464.08
03/12/2025 00:00;464.08
03/12/2025 00:15;464.08
03/12/2025 00:30;464.08
03/12/2025 00:45;464.08
03/12/2025 01:00;464.08
03/12/2025 01:15;464.08
03/12/2025 01:30;464.08
03/12/2025 01:45;464.08
03/12/2025 02:00;464.08
03/12/2025 02:15;464.08
03/12/2025 02:30;464.08
03/12/2025 02:45;464.08
03/12/2025 03:00;464.08
03/12/2025 03:15;464.08
03/12/2025 03:30;464.08
03/12/2025 03:45;464.08
03/12/2025 04:00;464.08
03/12/2025 04:15;464.08
03/12/2025 04:30;464.08
03/12/2025 04:45;464.08
03/12/2025 05:00;464.07
03/12/2025 05:15;464.07
03/12/2025 05:30;464.07
03/12/2025 05:45;464.07
03/12/2025 06:00;464.07
03/12/2025 06:15;464.07
03/12/2025 06:30;464.07
03/12/2025 06:45;464.07
03/12/2025 07:00;464.07
03/12/2025 07:15;464.07
03/12/2025 07:30;464.07
03/12/2025 07:45;464.07
03/12/2025 08:00;464.07
03/12/2025 08:15;464.07
03/12/2025 08:30;464.07
03/12/2025 08:45;464.06
03/12/2025 09:00;464.07
03/12/2025 09:15;464.06
03/12/2025 09:30;464.06
03/12/2025 09:45;464.06
03/12/2025 10:00;464.06
03/12/2025 10:15;464.06
03/12/2025 10:30;464.06
03/12/2025 10:45;464.06
03/12/2025 11:00;464.06
03/12/2025 11:15;464.06
03/12/2025 11:30;464.06
03/12/2025 11:45;464.06
03/12/2025 12:00;464.06
03/12/2025 12:15;464.06
03/12/2025 12:30;464.06
03/12/2025 12:45;464.06
03/12/2025 13:00;464.06
03/12/2025 13:15;464.06
03/12/2025 13:30;464.06
03/12/2025 13:45;464.06
03/12/2025 14:00;464.06
03/12/2025 14:15;464.06
03/12/2025 14:30;464.05
03/12/2025 14:45;464.05
03/12/2025 15:00;464.06
03/12/2025 15:15;464.06
03/12/2025 15:30;464.06
03/12/2025 15:45;464.06
03/12/2025 16:00;464.05
03/12/2025 16:15;464.05
03/12/2025 16:30;464.05
03/12/2025 16:45;464.05
03/12/2025 17:00;464.05
03/12/2025 17:15;464.05
03/12/2025 17:30;464.05
03/12/2025 17:45;464.05
03/12/2025 18:00;464.05
03/12/2025 18:15;464.05
03/12/2025 18:30;464.05
03/12/2025 18:45;464.05
03/12/2025 19:00;464.05
03/12/2025 19:15;464.05
03/12/2025 19:30;464.05
03/12/2025 19:45;464.05
03/12/2025 20:00;464.05
03/12/2025 20:15;464.05
03/12/2025 20:30;464.05
03/12/2025 20:45;464.04
03/12/2025 21:00;464.04
03/12/2025 21:15;464.04
03/12/2025 21:30;464.04
03/12/2025 21:45;464.04
03/12/2025 22:00;464.04
03/12/2025 22:15;464.04
03/12/2025 22:30;464.04
03/12/2025 22:45;464.04
03/12/2025 23:00;464.04
03/12/2025 23:15;464.04
03/12/2025 23:30;464.04
03/12/2025 23:45;464.04
04/12/2025 00:00;464.04
04/12/2025 00:15;464.04
04/12/2025 00:30;464.04
04/12/2025 00:45;464.04
04/12/2025 01:00;464.04
04/12/2025 01:15;464.04
04/12/2025 01:30;464.04
04/12/2025 01:45;464.04
04/12/2025 02:00;464.04
04/12/2025 02:15;464.04
04/12/2025 02:30;464.04
04/12/2025 02:45;464.04
04/12/2025 03:00;464.04
04/12/2025 03:15;464.03
04/12/2025 03:30;464.03
04/12/2025 03:45;464.03
04/12/2025 04:00;464.03
04/12/2025 04:15;464.03
04/12/2025 04:30;464.03
04/12/2025 04:45;464.03
04/12/2025 05:00;464.03
04/12/2025 05:15;464.03
04/12/2025 05:30;464.03
04/12/2025 05:45;464.03
04/12/2025 06:00;464.03
04/12/2025 06:15;464.03
04/12/2025 06:30;464.03
04/12/2025 06:45;464.03
04/12/2025 07:00;464.03
04/12/2025 07:15;464.03
04/12/2025 07:30;464.03
04/12/2025 07:45;464.03
04/12/2025 08:00;464.03
04/12/2025 08:15;464.03
04/12/2025 08:30;464.03
04/12/2025 08:45;464.03
04/12/2025 09:00;464.03
04/12/2025 09:15;464.03
04/12/2025 09:30;464.02
04/12/2025 09:45;464.02
04/12/2025 10:00;464.02
04/12/2025 10:15;464.02
04/12/2025 10:30;464.02
04/12/2025 10:45;464.02
04/12/2025 11:00;464.02
04/12/2025 11:15;464.02
04/12/2025 11:30;464.02
04/12/2025 11:45;464.02
04/12/2025 12:00;464.02
04/12/2025 12:15;464.02
04/12/2025 12:30;464.02
04/12/2025 12:45;464.02
04/12/2025 13:00;464.02
04/12/2025 13:15;464.02
04/12/2025 13:30;464.02
04/12/2025 13:45;464.02
04/12/2025 14:00;464.02
04/12/2025 14:15;464.02
04/12/2025 14:30;464.01
04/12/2025 14:45;464.01
04/12/2025 15:00;464.01
04/12/2025 15:15;464.01
04/12/2025 15:30;464.01
04/12/2025 15:45;464.01
04/12/2025 16:00;464.01
04/12/2025 16:15;464.01
04/12/2025 16:30;464.01
04/12/2025 16:45;464.01
04/12/2025 17:00;464.01
04/12/2025 17:15;464.01
04/12/2025 17:30;464
04/12/2025 17:45;464
04/12/2025 18:00;464
04/12/2025 18:15;464
04/12/2025 18:30;464
04/12/2025 18:45;464
04/12/2025 19:00;464
04/12/2025 19:15;464
04/12/2025 19:30;464
04/12/2025 19:45;464
04/12/2025 20:00;463.99
04/12/2025 20:15;464
04/12/2025 20:30;463.99
04/12/2025 20:45;463.99
04/12/2025 21:00;463.99
04/12/2025 21:15;463.99
04/12/2025 21:30;463.99
04/12/2025 21:45;463.99
04/12/2025 22:00;463.99
04/12/2025 22:15;463.99
04/12/2025 22:30;463.99
04/12/2025 22:45;463.99
04/12/2025 23:00;463.99
04/12/2025 23:15;463.99
04/12/2025 23:30;463.99
04/12/2025 23:45;463.99
05/12/2025 00:00;463.99
05/12/2025 00:15;463.99
05/12/2025 00:30;463.99
05/12/2025 00:45;463.99
05/12/2025 01:00;463.99
05/12/2025 01:15;463.99
05/12/2025 01:30;463.99
05/12/2025 01:45;463.99
05/12/2025 02:00;463.99
05/12/2025 02:15;463.99
05/12/2025 02:30;463.99
05/12/2025 02:45;463.98
05/12/2025 03:00;463.98
05/12/2025 03:15;463.98
05/12/2025 03:30;463.98
05/12/2025 03:45;463.98
05/12/2025 04:00;463.98
05/12/2025 04:15;463.98
05/12/2025 04:30;463.98
05/12/2025 04:45;463.98
05/12/2025 05:00;463.98
05/12/2025 05:15;463.98
05/12/2025 05:30;463.98
05/12/2025 05:45;463.98
05/12/2025 06:00;463.98
05/12/2025 06:15;463.98
05/12/2025 06:30;463.98
05/12/2025 06:45;463.98
05/12/2025 07:00;463.98
05/12/2025 07:15;463.98
05/12/2025 07:30;463.98
05/12/2025 07:45;463.98
05/12/2025 08:00;463.98
05/12/2025 08:15;463.98
05/12/2025 08:30;463.98
05/12/2025 08:45;463.98
05/12/2025 09:00;463.98
05/12/2025 09:15;463.98
05/12/2025 09:30;463.98
05/12/2025 09:45;463.98
05/12/2025 10:00;463.98
05/12/2025 10:15;463.98
05/12/2025 10:30;463.99
05/12/2025 10:45;463.99
05/12/2025 11:00;463.99
05/12/2025 11:15;463.99
05/12/2025 11:30;463.99
05/12/2025 11:45;464
05/12/2025 12:00;464
05/12/2025 12:15;464
05/12/2025 12:30;464
05/12/2025 12:45;464
05/12/2025 13:00;463.99
05/12/2025 13:15;463.99
05/12/2025 13:30;463.99
05/12/2025 13:45;463.99
05/12/2025 14:00;463.99
05/12/2025 14:15;463.99
05/12/2025 14:30;463.99
05/12/2025 14:45;463.99
05/12/2025 15:00;464
05/12/2025 15:15;464
05/12/2025 15:30;464
05/12/2025 15:45;464
05/12/2025 16:00;464
05/12/2025 16:15;464
05/12/2025 16:30;464
05/12/2025 16:45;464
05/12/2025 17:00;464
05/12/2025 17:15;464
05/12/2025 17:30;464
05/12/2025 17:45;464
05/12/2025 18:00;464
05/12/2025 18:15;464.01
05/12/2025 18:30;464.01
05/12/2025 18:45;464.01
05/12/2025 19:00;464.01
05/12/2025 19:15;464.01
05/12/2025 19:30;464.01
05/12/2025 19:45;464.01
05/12/2025 20:00;464.01
05/12/2025 20:15;464.01
05/12/2025 20:30;464.01
05/12/2025 20:45;464.02
05/12/2025 21:00;464.02
05/12/2025 21:15;464.02
05/12/2025 21:30;464.02
05/12/2025 21:45;464.02
05/12/2025 22:00;464.03
05/12/2025 22:15;464.03
05/12/2025 22:30;464.03
05/12/2025 22:45;464.03
05/12/2025 23:00;464.03
05/12/2025 23:15;464.03
05/12/2025 23:30;464.04
05/12/2025 23:45;464.04
06/12/2025 00:00;464.04
06/12/2025 00:15;464.04
06/12/2025 00:30;464.04
06/12/2025 00:45;464.04
06/12/2025 01:00;464.05
06/12/2025 01:15;464.05
06/12/2025 01:30;464.05
06/12/2025 01:45;464.05
06/12/2025 02:00;464.05
06/12/2025 02:15;464.06
06/12/2025 02:30;464.06
06/12/2025 02:45;464.06
06/12/2025 03:00;464.06
06/12/2025 03:15;464.06
06/12/2025 03:30;464.06
06/12/2025 03:45;464.06
06/12/2025 04:00;464.07
06/12/2025 04:15;464.07
06/12/2025 04:30;464.07
06/12/2025 04:45;464.07
06/12/2025 05:00;464.07
06/12/2025 05:15;464.07
06/12/2025 05:30;464.08
06/12/2025 05:45;464.08
06/12/2025 06:00;464.08
06/12/2025 06:15;464.08
06/12/2025 06:30;464.08
06/12/2025 06:45;464.09
06/12/2025 07:00;464.09
06/12/2025 07:15;464.09
06/12/2025 07:30;464.09
06/12/2025 07:45;464.09
06/12/2025 08:00;464.09
06/12/2025 08:15;464.09
06/12/2025 08:30;464.09
06/12/2025 08:45;464.1
06/12/2025 09:00;464.1
06/12/2025 09:15;464.1
06/12/2025 09:30;464.1
06/12/2025 09:45;464.1
06/12/2025 10:00;464.1
06/12/2025 10:15;464.1
06/12/2025 10:30;464.11
06/12/2025 10:45;464.11
06/12/2025 11:00;464.11
06/12/2025 11:15;464.11
06/12/2025 11:30;464.11
06/12/2025 11:45;464.11
06/12/2025 12:00;464.12
06/12/2025 12:15;464.12
06/12/2025 12:30;464.12
06/12/2025 12:45;464.12
06/12/2025 13:00;464.12
06/12/2025 13:15;464.13
06/12/2025 13:30;464.13
06/12/2025 13:45;464.13
06/12/2025 14:00;464.13
06/12/2025 14:15;464.13
06/12/2025 14:30;464.13
06/12/2025 14:45;464.14
06/12/2025 15:00;464.14
06/12/2025 15:15;464.14
06/12/2025 15:30;464.14
06/12/2025 15:45;464.14
06/12/2025 16:00;464.14
06/12/2025 16:15;464.14
06/12/2025 16:30;464.15
06/12/2025 16:45;464.15
06/12/2025 17:00;464.15
06/12/2025 17:15;464.15
06/12/2025 17:30;464.15
06/12/2025 17:45;464.16
06/12/2025 18:00;464.16
06/12/2025 18:15;464.16
06/12/2025 18:30;464.16
06/12/2025 18:45;464.16
06/12/2025 19:00;464.17
06/12/2025 19:15;464.17
06/12/2025 19:30;464.17
06/12/2025 19:45;464.17
06/12/2025 20:00;464.17
06/12/2025 20:15;464.18
06/12/2025 20:30;464.18
06/12/2025 20:45;464.18
06/12/2025 21:00;464.18
06/12/2025 21:15;464.18
06/12/2025 21:30;464.18
06/12/2025 21:45;464.19
06/12/2025 22:00;464.19
06/12/2025 22:15;464.19
06/12/2025 22:30;464.2
06/12/2025 22:45;464.2
06/12/2025 23:00;464.2
06/12/2025 23:15;464.2
06/12/2025 23:30;464.21
06/12/2025 23:45;464.21
07/12/2025 00:00;464.21
07/12/2025 00:15;464.21
07/12/2025 00:30;464.22
07/12/2025 00:45;464.22
07/12/2025 01:00;464.22
07/12/2025 01:15;464.23
07/12/2025 01:30;464.23
07/12/2025 01:45;464.23
07/12/2025 02:00;464.23
07/12/2025 02:15;464.24
07/12/2025 02:30;464.24
07/12/2025 02:45;464.24
07/12/2025 03:00;464.25
07/12/2025 03:15;464.25
07/12/2025 03:30;464.25
07/12/2025 03:45;464.26
07/12/2025 04:00;464.26
07/12/2025 04:15;464.26
07/12/2025 04:30;464.27
07/12/2025 04:45;464.27
07/12/2025 05:00;464.27
07/12/2025 05:15;464.28
07/12/2025 05:30;464.28
07/12/2025 05:45;464.28
07/12/2025 06:00;464.29
07/12/2025 06:15;464.29
07/12/2025 06:30;464.29
07/12/2025 06:45;464.3
07/12/2025 07:00;464.3
07/12/2025 07:15;464.3
07/12/2025 07:30;464.31
07/12/2025 07:45;464.31
07/12/2025 08:00;464.31
07/12/2025 08:15;464.32
07/12/2025 08:30;464.32
07/12/2025 08:45;464.32
07/12/2025 09:00;464.33
07/12/2025 09:15;464.33
07/12/2025 09:30;464.33
07/12/2025 09:45;464.34
07/12/2025 10:00;464.34
07/12/2025 10:15;464.34
07/12/2025 10:30;464.35
07/12/2025 10:45;464.35
07/12/2025 11:00;464.35
07/12/2025 11:15;464.36
07/12/2025 11:30;464.36
07/12/2025 11:45;464.37
07/12/2025 12:00;464.37
07/12/2025 12:15;464.37
07/12/2025 12:30;464.37
07/12/2025 12:45;464.38
07/12/2025 13:00;464.38
07/12/2025 13:15;464.38
07/12/2025 13:30;464.39
07/12/2025 13:45;464.39
07/12/2025 14:00;464.39
07/12/2025 14:15;464.4
07/12/2025 14:30;464.4
07/12/2025 14:45;464.4
07/12/2025 15:00;464.41
07/12/2025 15:15;464.41
07/12/2025 15:30;464.41
07/12/2025 15:45;464.42
07/12/2025 16:00;464.42
07/12/2025 16:15;464.42
07/12/2025 16:30;464.43
07/12/2025 16:45;464.43
07/12/2025 17:00;464.43
07/12/2025 17:15;464.43
07/12/2025 17:30;464.44
07/12/2025 17:45;464.44
07/12/2025 18:00;464.44
07/12/2025 18:15;464.45
07/12/2025 18:30;464.45
07/12/2025 18:45;464.45
07/12/2025 19:00;464.46
07/12/2025 19:15;464.46
07/12/2025 19:30;464.46
07/12/2025 19:45;464.47
07/12/2025 20:00;464.47
07/12/2025 20:15;464.47
07/12/2025 20:30;464.48
07/12/2025 20:45;464.48
07/12/2025 21:00;464.48
07/12/2025 21:15;464.49
07/12/2025 21:30;464.49
07/12/2025 21:45;464.5
07/12/2025 22:00;464.5
07/12/2025 22:15;464.5
07/12/2025 22:30;464.51
07/12/2025 22:45;464.51
07/12/2025 23:00;464.51
07/12/2025 23:15;464.51
07/12/2025 23:30;464.52
07/12/2025 23:45;464.52
08/12/2025 00:00;464.52
08/12/2025 00:15;464.53
08/12/2025 00:30;464.53
08/12/2025 00:45;464.54
08/12/2025 01:00;464.54
08/12/2025 01:15;464.54
08/12/2025 01:30;464.55
08/12/2025 01:45;464.55
08/12/2025 02:00;464.55
08/12/2025 02:15;464.56
08/12/2025 02:30;464.56
08/12/2025 02:45;464.56
08/12/2025 03:00;464.57
08/12/2025 03:15;464.57
08/12/2025 03:30;464.57
08/12/2025 03:45;464.58
08/12/2025 04:00;464.58
08/12/2025 04:15;464.59
08/12/2025 04:30;464.59
08/12/2025 04:45;464.59
08/12/2025 05:00;464.6
08/12/2025 05:15;464.6
08/12/2025 05:30;464.6
08/12/2025 05:45;464.6
08/12/2025 06:00;464.61
08/12/2025 06:15;464.61
08/12/2025 06:30;464.62
08/12/2025 06:45;464.62
08/12/2025 07:00;464.62
08/12/2025 07:15;464.63
08/12/2025 07:30;464.63
08/12/2025 07:45;464.63
08/12/2025 08:00;464.64
08/12/2025 08:15;464.64
08/12/2025 08:30;464.64
08/12/2025 08:45;464.64
08/12/2025 09:00;464.65
08/12/2025 09:15;464.65
08/12/2025 09:30;464.65
08/12/2025 09:45;464.65
08/12/2025 10:00;464.66
08/12/2025 10:15;464.66
08/12/2025 10:30;464.67
08/12/2025 10:45;464.67
08/12/2025 11:00;464.67
08/12/2025 11:15;464.68
08/12/2025 11:30;464.69
08/12/2025 11:45;464.69
08/12/2025 12:00;464.69
08/12/2025 12:15;464.69
08/12/2025 12:30;464.69
08/12/2025 12:45;464.69
08/12/2025 13:00;464.7
08/12/2025 13:15;464.7
08/12/2025 13:30;464.7
08/12/2025 13:45;464.7
08/12/2025 14:00;464.7
08/12/2025 14:15;464.7
08/12/2025 14:30;464.71
08/12/2025 14:45;464.71
08/12/2025 15:00;464.71
08/12/2025 15:15;464.71
08/12/2025 15:30;464.72
08/12/2025 15:45;464.72
08/12/2025 16:00;464.72
08/12/2025 16:15;464.72
08/12/2025 16:30;464.73
08/12/2025 16:45;464.73
08/12/2025 17:00;464.73
08/12/2025 17:15;464.73
08/12/2025 17:30;464.74
08/12/2025 17:45;464.74
08/12/2025 18:00;464.74
08/12/2025 18:15;464.74
08/12/2025 18:30;464.75
08/12/2025 18:45;464.75
08/12/2025 19:00;464.75
08/12/2025 19:15;464.75
08/12/2025 19:30;464.76
08/12/2025 19:45;464.76
08/12/2025 20:00;464.76
08/12/2025 20:15;464.77
08/12/2025 20:30;464.77
08/12/2025 20:45;464.77
08/12/2025 21:00;464.77
08/12/2025 21:15;464.78
08/12/2025 21:30;464.78
08/12/2025 21:45;464.78
08/12/2025 22:00;464.78
08/12/2025 22:15;464.78
08/12/2025 22:30;464.79
08/12/2025 22:45;464.79
08/12/2025 23:00;464.79
08/12/2025 23:15;464.79
08/12/2025 23:30;464.8
08/12/2025 23:45;464.8
09/12/2025 00:00;464.8
09/12/2025 00:15;464.8
09/12/2025 00:30;464.81
09/12/2025 00:45;464.81
09/12/2025 01:00;464.81
09/12/2025 01:15;464.81
09/12/2025 01:30;464.82
09/12/2025 01:45;464.82
09/12/2025 02:00;464.82
09/12/2025 02:15;464.82
09/12/2025 02:30;464.82
09/12/2025 02:45;464.83
09/12/2025 03:00;464.83
09/12/2025 03:15;464.83
09/12/2025 03:30;464.83
09/12/2025 03:45;464.84
09/12/2025 04:00;464.84
09/12/2025 04:15;464.84
09/12/2025 04:30;464.84
09/12/2025 04:45;464.84
09/12/2025 05:00;464.85
09/12/2025 05:15;464.85
09/12/2025 05:30;464.85
09/12/2025 05:45;464.85
09/12/2025 06:00;464.85
09/12/2025 06:15;464.86
09/12/2025 06:30;464.86
09/12/2025 06:45;464.86
09/12/2025 07:00;464.86
09/12/2025 07:15;464.86
09/12/2025 07:30;464.87
09/12/2025 07:45;464.87
09/12/2025 08:00;464.87
09/12/2025 08:15;464.87
09/12/2025 08:30;464.87
09/12/2025 08:45;464.88
09/12/2025 09:00;464.88
09/12/2025 09:15;464.88
09/12/2025 09:30;464.88
09/12/2025 09:45;464.89
09/12/2025 10:00;464.89
09/12/2025 10:15;464.9
09/12/2025 10:30;464.9
09/12/2025 10:45;464.9
09/12/2025 11:00;464.9
09/12/2025 11:15;464.91
09/12/2025 11:30;464.91
09/12/2025 11:45;464.91
09/12/2025 12:00;464.91
09/12/2025 12:15;464.91
09/12/2025 12:30;464.91
09/12/2025 12:45;464.91
09/12/2025 13:00;464.92
09/12/2025 13:15;464.92
09/12/2025 13:30;464.92
09/12/2025 13:45;464.92
09/12/2025 14:00;464.92
09/12/2025 14:15;464.92
09/12/2025 14:30;464.92
09/12/2025 14:45;464.92
09/12/2025 15:00;464.92
09/12/2025 15:15;464.92
09/12/2025 15:30;464.93
09/12/2025 15:45;464.93
09/12/2025 16:00;464.93
09/12/2025 16:15;464.93
09/12/2025 16:30;464.93
09/12/2025 16:45;464.94
09/12/2025 17:00;464.94
09/12/2025 17:15;464.94
09/12/2025 17:30;464.94
09/12/2025 17:45;464.94
09/12/2025 18:00;464.95
09/12/2025 18:15;464.95
09/12/2025 18:30;464.95
09/12/2025 18:45;464.95
09/12/2025 19:00;464.95
09/12/2025 19:15;464.95
09/12/2025 19:30;464.96
09/12/2025 19:45;464.96
09/12/2025 20:00;464.96
09/12/2025 20:15;464.96
09/12/2025 20:30;464.96
09/12/2025 20:45;464.96
09/12/2025 21:00;464.97
09/12/2025 21:15;464.97
09/12/2025 21:30;464.97
09/12/2025 21:45;464.97
09/12/2025 22:00;464.97
09/12/2025 22:15;464.98
09/12/2025 22:30;464.98
09/12/2025 22:45;464.98
09/12/2025 23:00;464.98
09/12/2025 23:15;464.98
09/12/2025 23:30;464.98
09/12/2025 23:45;464.99
10/12/2025 00:00;464.99
10/12/2025 00:15;464.99
10/12/2025 00:30;464.99
10/12/2025 00:45;464.99
10/12/2025 01:00;465
10/12/2025 01:15;465
10/12/2025 01:30;465
10/12/2025 01:45;465
10/12/2025 02:00;465
10/12/2025 02:15;465
10/12/2025 02:30;465.01
10/12/2025 02:45;465.01
10/12/2025 03:00;465.01
10/12/2025 03:15;465.01
10/12/2025 03:30;465.01
10/12/2025 03:45;465.02
10/12/2025 04:00;465.02
10/12/2025 04:15;465.02
10/12/2025 04:30;465.02
10/12/2025 04:45;465.02
10/12/2025 05:00;465.03
10/12/2025 05:15;465.03
10/12/2025 05:30;465.03
10/12/2025 05:45;465.03
10/12/2025 06:00;465.03
10/12/2025 06:15;465.04
10/12/2025 06:30;465.04
10/12/2025 06:45;465.04
10/12/2025 07:00;465.04
10/12/2025 07:15;465.05
10/12/2025 07:30;465.05
10/12/2025 07:45;465.05
10/12/2025 08:00;465.05
10/12/2025 08:15;465.05
10/12/2025 08:30;465.06
10/12/2025 08:45;465.06
10/12/2025 09:00;465.06
10/12/2025 09:15;465.06
10/12/2025 09:30;465.06
10/12/2025 09:45;465.07
10/12/2025 10:00;465.07
10/12/2025 10:15;465.07
10/12/2025 10:30;465.07
10/12/2025 10:45;465.07
10/12/2025 11:00;465.08
10/12/2025 11:15;465.08
10/12/2025 11:30;465.08
10/12/2025 11:45;465.08
10/12/2025 12:00;465.08
10/12/2025 12:15;465.08
10/12/2025 12:30;465.09
10/12/2025 12:45;465.09
10/12/2025 13:00;465.09
10/12/2025 13:15;465.09
10/12/2025 13:30;465.09
10/12/2025 13:45;465.1
10/12/2025 14:00;465.1
10/12/2025 14:15;465.1
10/12/2025 14:30;465.1
10/12/2025 14:45;465.1
10/12/2025 15:00;465.1
10/12/2025 15:15;465.11
10/12/2025 15:30;465.11
10/12/2025 15:45;465.11
10/12/2025 16:00;465.11
10/12/2025 16:15;465.12
10/12/2025 16:30;465.12
10/12/2025 16:45;465.12
10/12/2025 17:00;465.12
10/12/2025 17:15;465.12
10/12/2025 17:30;465.12
10/12/2025 17:45;465.13
10/12/2025 18:00;465.13
10/12/2025 18:15;465.13
10/12/2025 18:30;465.13
10/12/2025 18:45;465.14
10/12/2025 19:00;465.14
10/12/2025 19:15;465.14
10/12/2025 19:30;465.14
10/12/2025 19:45;465.15
10/12/2025 20:00;465.15
10/12/2025 20:15;465.15
10/12/2025 20:30;465.15
10/12/2025 20:45;465.16
10/12/2025 21:00;465.16
10/12/2025 21:15;465.16
10/12/2025 21:30;465.16
10/12/2025 21:45;465.16
10/12/2025 22:00;465.16
10/12/2025 22:15;465.17
10/12/2025 22:30;465.17
10/12/2025 22:45;465.17
10/12/2025 23:00;465.17
10/12/2025 23:15;465.17
10/12/2025 23:30;465.17
10/12/2025 23:45;465.18
11/12/2025 00:00;465.18
11/12/2025 00:15;465.18
11/12/2025 00:30;465.18
11/12/2025 00:45;465.19
11/12/2025 01:00;465.19
11/12/2025 01:15;465.19
11/12/2025 01:30;465.19
11/12/2025 01:45;465.19
11/12/2025 02:00;465.2
11/12/2025 02:15;465.2
11/12/2025 02:30;465.2
11/12/2025 02:45;465.2
11/12/2025 03:00;465.21
11/12/2025 03:15;465.21
11/12/2025 03:30;465.21
11/12/2025 03:45;465.21
11/12/2025 04:00;465.21
11/12/2025 04:15;465.22
11/12/2025 04:30;465.22
11/12/2025 04:45;465.22
11/12/2025 05:00;465.23
11/12/2025 05:15;465.23
11/12/2025 05:30;465.23
11/12/2025 05:45;465.24
11/12/2025 06:00;465.24
11/12/2025 06:15;465.24
11/12/2025 06:30;465.24
11/12/2025 06:45;465.24
11/12/2025 07:00;465.25
11/12/2025 07:15;465.25
11/12/2025 07:30;465.25
11/12/2025 07:45;465.26
11/12/2025 08:00;465.26
11/12/2025 08:15;465.27
11/12/2025 08:30;465.26
11/12/2025 08:45;465.27
11/12/2025 09:00;465.27
11/12/2025 09:15;465.27
11/12/2025 09:30;465.28
11/12/2025 09:45;465.28
11/12/2025 10:00;465.28
11/12/2025 10:15;465.29
11/12/2025 10:30;465.29
11/12/2025 10:45;465.29
11/12/2025 11:00;465.29
11/12/2025 11:15;465.3
11/12/2025 11:30;465.3
11/12/2025 11:45;465.3
11/12/2025 12:00;465.31
11/12/2025 12:15;465.31
11/12/2025 12:30;465.32
11/12/2025 12:45;465.32
11/12/2025 13:00;465.32
11/12/2025 13:15;465.33
11/12/2025 13:30;465.33
11/12/2025 13:45;465.33
11/12/2025 14:00;465.33
11/12/2025 14:15;465.33
11/12/2025 14:30;465.33
11/12/2025 14:45;465.34
11/12/2025 15:00;465.34
11/12/2025 15:15;465.34
11/12/2025 15:30;465.34
11/12/2025 15:45;465.35
11/12/2025 16:00;465.35
11/12/2025 16:15;465.35
11/12/2025 16:30;465.35
11/12/2025 16:45;465.35
11/12/2025 17:00;465.36
11/12/2025 17:15;465.36
11/12/2025 17:30;465.36
11/12/2025 17:45;465.37
11/12/2025 18:00;465.37
11/12/2025 18:15;465.37
11/12/2025 18:30;465.37
11/12/2025 18:45;465.38
11/12/2025 19:00;465.38
11/12/2025 19:15;465.38
11/12/2025 19:30;465.38
11/12/2025 19:45;465.39
11/12/2025 20:00;465.39
11/12/2025 20:15;465.39
11/12/2025 20:30;465.39
11/12/2025 20:45;465.39
11/12/2025 21:00;465.4
11/12/2025 21:15;465.4
11/12/2025 21:30;465.4
11/12/2025 21:45;465.4
11/12/2025 22:00;465.41
11/12/2025 22:15;465.41
11/12/2025 22:30;465.41
11/12/2025 22:45;465.42
11/12/2025 23:00;465.42
11/12/2025 23:15;465.42
11/12/2025 23:30;465.42
11/12/2025 23:45;465.42
12/12/2025 00:00;465.43
12/12/2025 00:15;465.43
12/12/2025 00:30;465.43
12/12/2025 00:45;465.43
12/12/2025 01:00;465.43
12/12/2025 01:15;465.44
12/12/2025 01:30;465.44
12/12/2025 01:45;465.44
12/12/2025 02:00;465.44
12/12/2025 02:15;465.45
12/12/2025 02:30;465.45
12/12/2025 02:45;465.45
12/12/2025 03:00;465.45
12/12/2025 03:15;465.46
12/12/2025 03:30;465.46
12/12/2025 03:45;465.46
12/12/2025 04:00;465.46
12/12/2025 04:15;465.46
12/12/2025 04:30;465.47
12/12/2025 04:45;465.47
12/12/2025 05:00;465.47
12/12/2025 05:15;465.47
12/12/2025 05:30;465.47
12/12/2025 05:45;465.47
12/12/2025 06:00;465.48
12/12/2025 06:15;465.48
12/12/2025 06:30;465.48
12/12/2025 06:45;465.48
12/12/2025 07:00;465.49
12/12/2025 07:15;465.49
12/12/2025 07:30;465.49
12/12/2025 07:45;465.49
12/12/2025 08:00;465.5
12/12/2025 08:15;465.5
12/12/2025 08:30;465.5
12/12/2025 08:45;465.5
12/12/2025 09:00;465.5
12/12/2025 09:15;465.5
12/12/2025 09:30;465.51
12/12/2025 09:45;465.51
12/12/2025 10:00;465.51
12/12/2025 10:15;465.51
12/12/2025 10:30;465.52
12/12/2025 10:45;465.52
12/12/2025 11:00;465.53
12/12/2025 11:15;465.53
12/12/2025 11:30;465.53
12/12/2025 11:45;465.53
12/12/2025 12:00;465.54
12/12/2025 12:15;465.54
12/12/2025 12:30;465.54
12/12/2025 12:45;465.54
12/12/2025 13:00;465.55
12/12/2025 13:15;465.55
12/12/2025 13:30;465.55
12/12/2025 13:45;465.55
12/12/2025 14:00;465.55
12/12/2025 14:15;465.55
12/12/2025 14:30;465.56
12/12/2025 14:45;465.56
12/12/2025 15:00;465.56
12/12/2025 15:15;465.56
12/12/2025 15:30;465.56
12/12/2025 15:45;465.57
12/12/2025 16:00;465.57
12/12/2025 16:15;465.57
12/12/2025 16:30;465.57
12/12/2025 16:45;465.57
12/12/2025 17:00;465.57
12/12/2025 17:15;465.58
12/12/2025 17:30;465.58
12/12/2025 17:45;465.58
12/12/2025 18:00;465.58
12/12/2025 18:15;465.58
12/12/2025 18:30;465.59
12/12/2025 18:45;465.59
12/12/2025 19:00;465.59
12/12/2025 19:15;465.59
12/12/2025 19:30;465.59
12/12/2025 19:45;465.6
12/12/2025 20:00;465.6
12/12/2025 20:15;465.6
12/12/2025 20:30;465.6
12/12/2025 20:45;465.61
12/12/2025 21:00;465.61
12/12/2025 21:15;465.61
12/12/2025 21:30;465.61
12/12/2025 21:45;465.61
12/12/2025 22:00;465.62
12/12/2025 22:15;465.62
12/12/2025 22:30;465.62
12/12/2025 22:45;465.62
12/12/2025 23:00;465.62
12/12/2025 23:15;465.63
12/12/2025 23:30;465.63
12/12/2025 23:45;465.63
13/12/2025 00:00;465.63
13/12/2025 00:15;465.64
13/12/2025 00:30;465.64
13/12/2025 00:45;465.64
13/12/2025 01:00;465.64
13/12/2025 01:15;465.64
13/12/2025 01:30;465.65
13/12/2025 01:45;465.65
13/12/2025 02:00;465.65
13/12/2025 02:15;465.65
13/12/2025 02:30;465.66
13/12/2025 02:45;465.66
13/12/2025 03:00;465.66
13/12/2025 03:15;465.66
13/12/2025 03:30;465.66
13/12/2025 03:45;465.67
13/12/2025 04:00;465.67
13/12/2025 04:15;465.67
13/12/2025 04:30;465.67
13/12/2025 04:45;465.67
13/12/2025 05:00;465.67
13/12/2025 05:15;465.68
13/12/2025 05:30;465.68
13/12/2025 05:45;465.68
13/12/2025 06:00;465.68
13/12/2025 06:15;465.68
13/12/2025 06:30;465.68
13/12/2025 06:45;465.69
13/12/2025 07:00;465.69
13/12/2025 07:15;465.69
13/12/2025 07:30;465.69
13/12/2025 07:45;465.69
13/12/2025 08:00;465.69
13/12/2025 08:15;465.7
13/12/2025 08:30;465.7
13/12/2025 08:45;465.7
13/12/2025 09:00;465.7
13/12/2025 09:15;465.7
13/12/2025 09:30;465.71
13/12/2025 09:45;465.71
13/12/2025 10:00;465.71
13/12/2025 10:15;465.71
13/12/2025 10:30;465.72
13/12/2025 10:45;465.72
13/12/2025 11:00;465.72
13/12/2025 11:15;465.72
13/12/2025 11:30;465.73
13/12/2025 11:45;465.73
13/12/2025 12:00;465.73
13/12/2025 12:15;465.73
13/12/2025 12:30;465.73
13/12/2025 12:45;465.73
13/12/2025 13:00;465.73
13/12/2025 13:15;465.73
13/12/2025 13:30;465.73
13/12/2025 13:45;465.73
13/12/2025 14:00;465.73
13/12/2025 14:15;465.73
13/12/2025 14:30;465.73
13/12/2025 14:45;465.74
13/12/2025 15:00;465.74
13/12/2025 15:15;465.74
13/12/2025 15:30;465.74
13/12/2025 15:45;465.74
13/12/2025 16:00;465.75
13/12/2025 16:15;465.75
13/12/2025 16:30;465.75
13/12/2025 16:45;465.75
13/12/2025 17:00;465.75
13/12/2025 17:15;465.75
13/12/2025 17:30;465.75
13/12/2025 17:45;465.76
13/12/2025 18:00;465.76
13/12/2025 18:15;465.76
13/12/2025 18:30;465.76
13/12/2025 18:45;465.76
13/12/2025 19:00;465.76
13/12/2025 19:15;465.76
13/12/2025 19:30;465.77
13/12/2025 19:45;465.77
13/12/2025 20:00;465.77
13/12/2025 20:15;465.77
13/12/2025 20:30;465.77
13/12/2025 20:45;465.77
13/12/2025 21:00;465.78
13/12/2025 21:15;465.78
13/12/2025 21:30;465.78
13/12/2025 21:45;465.78
13/12/2025 22:00;465.78
13/12/2025 22:15;465.78
13/12/2025 22:30;465.78
13/12/2025 22:45;465.79
13/12/2025 23:00;465.79
13/12/2025 23:15;465.79
13/12/2025 23:30;465.79
13/12/2025 23:45;465.79
14/12/2025 00:00;465.8
14/12/2025 00:15;465.8
14/12/2025 00:30;465.8
14/12/2025 00:45;465.8
14/12/2025 01:00;465.8
14/12/2025 01:15;465.8
14/12/2025 01:30;465.8
14/12/2025 01:45;465.8
14/12/2025 02:00;465.81
14/12/2025 02:15;465.81
14/12/2025 02:30;465.81
14/12/2025 02:45;465.81
14/12/2025 03:00;465.81
14/12/2025 03:15;465.81
14/12/2025 03:30;465.82
14/12/2025 03:45;465.82
14/12/2025 04:00;465.82
14/12/2025 04:15;465.82
14/12/2025 04:30;465.82
14/12/2025 04:45;465.82
14/12/2025 05:00;465.82
14/12/2025 05:15;465.82
14/12/2025 05:30;465.83
14/12/2025 05:45;465.83
14/12/2025 06:00;465.83
14/12/2025 06:15;465.83
14/12/2025 06:30;465.83
14/12/2025 06:45;465.83
14/12/2025 07:00;465.83
14/12/2025 07:15;465.83
14/12/2025 07:30;465.83
14/12/2025 07:45;465.83
14/12/2025 08:00;465.83
14/12/2025 08:15;465.84
14/12/2025 08:30;465.84
14/12/2025 08:45;465.84
14/12/2025 09:00;465.84
14/12/2025 09:15;465.84
14/12/2025 09:30;465.85
14/12/2025 09:45;465.85
14/12/2025 10:00;465.85
14/12/2025 10:15;465.85
14/12/2025 10:30;465.85
14/12/2025 10:45;465.85
14/12/2025 11:00;465.85
14/12/2025 11:15;465.86
14/12/2025 11:30;465.86
14/12/2025 11:45;465.86
14/12/2025 12:00;465.86
14/12/2025 12:15;465.86
14/12/2025 12:30;465.87
14/12/2025 12:45;465.86
14/12/2025 13:00;465.87
14/12/2025 13:15;465.87
14/12/2025 13:30;465.87
14/12/2025 13:45;465.87
14/12/2025 14:00;465.87
14/12/2025 14:15;465.87
14/12/2025 14:30;465.87
14/12/2025 14:45;465.87
14/12/2025 15:00;465.87
14/12/2025 15:15;465.87
14/12/2025 15:30;465.87
14/12/2025 15:45;465.88
14/12/2025 16:00;465.88
14/12/2025 16:15;465.87
14/12/2025 16:30;465.88
14/12/2025 16:45;465.88
14/12/2025 17:00;465.88
14/12/2025 17:15;465.88
14/12/2025 17:30;465.88
14/12/2025 17:45;465.88
14/12/2025 18:00;465.88
14/12/2025 18:15;465.88
14/12/2025 18:30;465.89
14/12/2025 18:45;465.89
14/12/2025 19:00;465.89
14/12/2025 19:15;465.89
14/12/2025 19:30;465.89
14/12/2025 19:45;465.89
14/12/2025 20:00;465.9
14/12/2025 20:15;465.9
14/12/2025 20:30;465.9
14/12/2025 20:45;465.9
14/12/2025 21:00;465.9
14/12/2025 21:15;465.9
14/12/2025 21:30;465.9
14/12/2025 21:45;465.9
14/12/2025 22:00;465.91
14/12/2025 22:15;465.91
14/12/2025 22:30;465.91
14/12/2025 22:45;465.91
14/12/2025 23:00;465.91
14/12/2025 23:15;465.91
14/12/2025 23:30;465.91
14/12/2025 23:45;465.91
15/12/2025 00:00;465.91
15/12/2025 00:15;465.91
15/12/2025 00:30;465.91
15/12/2025 00:45;465.92
15/12/2025 01:00;465.92
15/12/2025 01:15;465.92
15/12/2025 01:30;465.92
15/12/2025 01:45;465.92
15/12/2025 02:00;465.92
15/12/2025 02:15;465.92
15/12/2025 02:30;465.92
15/12/2025 02:45;465.93
15/12/2025 03:00;465.93
15/12/2025 03:15;465.93
15/12/2025 03:30;465.93
15/12/2025 03:45;465.93
15/12/2025 04:00;465.93
15/12/2025 04:15;465.93
15/12/2025 04:30;465.93
15/12/2025 04:45;465.93
15/12/2025 05:00;465.93
15/12/2025 05:15;465.94
15/12/2025 05:30;465.94
15/12/2025 05:45;465.94
15/12/2025 06:00;465.94
15/12/2025 06:15;465.94
15/12/2025 06:30;465.94
15/12/2025 06:45;465.94
15/12/2025 07:00;465.94
15/12/2025 07:15;465.94
15/12/2025 07:30;465.95
15/12/2025 07:45;465.95
15/12/2025 08:00;465.95
15/12/2025 08:15;465.95
15/12/2025 08:30;465.95
15/12/2025 08:45;465.95
15/12/2025 09:00;465.95
15/12/2025 09:15;465.95
15/12/2025 09:30;465.95
15/12/2025 09:45;465.95
15/12/2025 10:00;465.96
15/12/2025 10:15;465.96
15/12/2025 10:30;465.96
15/12/2025 10:45;465.96
15/12/2025 11:00;465.96
15/12/2025 11:15;465.96
15/12/2025 11:30;465.96
15/12/2025 11:45;465.96
15/12/2025 12:00;465.97
15/12/2025 12:15;465.97
15/12/2025 12:30;465.97
15/12/2025 12:45;465.97
15/12/2025 13:00;465.97
15/12/2025 13:15;465.97
15/12/2025 13:30;465.97
15/12/2025 13:45;465.97
15/12/2025 14:00;465.97
15/12/2025 14:15;465.98
15/12/2025 14:30;465.98
15/12/2025 14:45;465.98
15/12/2025 15:00;465.98
15/12/2025 15:15;465.98
15/12/2025 15:30;465.98
15/12/2025 15:45;465.98
15/12/2025 16:00;465.99
15/12/2025 16:15;465.98
15/12/2025 16:30;465.98
15/12/2025 16:45;465.99
15/12/2025 17:00;465.99
15/12/2025 17:15;465.99
15/12/2025 17:30;465.99
15/12/2025 17:45;465.99
15/12/2025 18:00;465.99
15/12/2025 18:15;465.99
15/12/2025 18:30;465.99
15/12/2025 18:45;465.99
15/12/2025 19:00;465.99
15/12/2025 19:15;465.99
15/12/2025 19:30;466
15/12/2025 19:45;466
15/12/2025 20:00;466
15/12/2025 20:15;466
15/12/2025 20:30;466
15/12/2025 20:45;466
15/12/2025 21:00;466
15/12/2025 21:15;466.01
15/12/2025 21:30;466.01
15/12/2025 21:45;466.01
15/12/2025 22:00;466.01
15/12/2025 22:15;466.01
15/12/2025 22:30;466.01
15/12/2025 22:45;466.01
15/12/2025 23:00;466.01
15/12/2025 23:15;466.02
15/12/2025 23:30;466.01
15/12/2025 23:45;466.02
16/12/2025 00:00;466.02
16/12/2025 00:15;466.02
16/12/2025 00:30;466.02
16/12/2025 00:45;466.02
16/12/2025 01:00;466.02
16/12/2025 01:15;466.02
16/12/2025 01:30;466.02
16/12/2025 01:45;466.03
16/12/2025 02:00;466.03
16/12/2025 02:15;466.03
16/12/2025 02:30;466.03
16/12/2025 02:45;466.03
16/12/2025 03:00;466.03
16/12/2025 03:15;466.03
16/12/2025 03:30;466.03
16/12/2025 03:45;466.03
16/12/2025 04:00;466.03
16/12/2025 04:15;466.03
16/12/2025 04:30;466.03
16/12/2025 04:45;466.03
16/12/2025 05:00;466.04
16/12/2025 05:15;466.04
16/12/2025 05:30;466.04
16/12/2025 05:45;466.04
16/12/2025 06:00;466.04
16/12/2025 06:15;466.04
16/12/2025 06:30;466.04
16/12/2025 06:45;466.04
16/12/2025 07:00;466.04
16/12/2025 07:15;466.04
16/12/2025 07:30;466.04
16/12/2025 07:45;466.04
16/12/2025 08:00;466.04
16/12/2025 08:15;466.04
16/12/2025 08:30;466.04
16/12/2025 08:45;466.05
16/12/2025 09:00;466.05
16/12/2025 09:15;466.05
16/12/2025 09:30;466.05
16/12/2025 09:45;466.05
16/12/2025 10:00;466.05
16/12/2025 10:15;466.05
16/12/2025 10:30;466.05
16/12/2025 10:45;466.06
16/12/2025 11:00;466.06
16/12/2025 11:15;466.06
16/12/2025 11:30;466.06
16/12/2025 11:45;466.06
16/12/2025 12:00;466.06
16/12/2025 12:15;466.06
16/12/2025 12:30;466.06
16/12/2025 12:45;466.06
16/12/2025 13:00;466.07
16/12/2025 13:15;466.07
16/12/2025 13:30;466.07
16/12/2025 13:45;466.07
16/12/2025 14:00;466.07
16/12/2025 14:15;466.07
16/12/2025 14:30;466.07
16/12/2025 14:45;466.07
16/12/2025 15:00;466.07
16/12/2025 15:15;466.08
16/12/2025 15:30;466.08
16/12/2025 15:45;466.08
16/12/2025 16:00;466.08
16/12/2025 16:15;466.08
16/12/2025 16:30;466.08
16/12/2025 16:45;466.08
16/12/2025 17:00;466.09
16/12/2025 17:15;466.09
16/12/2025 17:30;466.09
16/12/2025 17:45;466.09
16/12/2025 18:00;466.09
16/12/2025 18:15;466.09
16/12/2025 18:30;466.09
16/12/2025 18:45;466.09
16/12/2025 19:00;466.09
16/12/2025 19:15;466.1
16/12/2025 19:30;466.1
16/12/2025 19:45;466.1
16/12/2025 20:00;466.1
16/12/2025 20:15;466.1
16/12/2025 20:30;466.1
16/12/2025 20:45;466.1
16/12/2025 21:00;466.1
16/12/2025 21:15;466.1
16/12/2025 21:30;466.11
16/12/2025 21:45;466.11
16/12/2025 22:00;466.11
16/12/2025 22:15;466.11
16/12/2025 22:30;466.11
16/12/2025 22:45;466.11
16/12/2025 23:00;466.12
16/12/2025 23:15;466.12
16/12/2025 23:30;466.12
16/12/2025 23:45;466.12
17/12/2025 00:00;466.12
17/12/2025 00:15;466.13
17/12/2025 00:30;466.13
17/12/2025 00:45;466.13
17/12/2025 01:00;466.13
17/12/2025 01:15;466.13
17/12/2025 01:30;466.14
17/12/2025 01:45;466.14
17/12/2025 02:00;466.14
17/12/2025 02:15;466.14
17/12/2025 02:30;466.14
17/12/2025 02:45;466.14
17/12/2025 03:00;466.15
17/12/2025 03:15;466.15
17/12/2025 03:30;466.15
17/12/2025 03:45;466.15
17/12/2025 04:00;466.15
17/12/2025 04:15;466.15
17/12/2025 04:30;466.16
17/12/2025 04:45;466.16
17/12/2025 05:00;466.16
17/12/2025 05:15;466.16
17/12/2025 05:30;466.16
17/12/2025 05:45;466.16
17/12/2025 06:00;466.17
17/12/2025 06:15;466.16
17/12/2025 06:30;466.17
17/12/2025 06:45;466.17
17/12/2025 07:00;466.17
17/12/2025 07:15;466.17
17/12/2025 07:30;466.17
17/12/2025 07:45;466.17
17/12/2025 08:00;466.17
17/12/2025 08:15;466.17
17/12/2025 08:30;466.18
17/12/2025 08:45;466.18
17/12/2025 09:00;466.18
17/12/2025 09:15;466.18
17/12/2025 09:30;466.18
17/12/2025 09:45;466.18
17/12/2025 10:00;466.18
17/12/2025 10:15;466.19
17/12/2025 10:30;466.19
17/12/2025 10:45;466.19
17/12/2025 11:00;466.2
17/12/2025 11:15;466.19
17/12/2025 11:30;466.19
17/12/2025 11:45;466.2
17/12/2025 12:00;466.21
17/12/2025 12:15;466.21
17/12/2025 12:30;466.21
17/12/2025 12:45;466.22
17/12/2025 13:00;466.22
17/12/2025 13:15;466.22
17/12/2025 13:30;466.21
17/12/2025 13:45;466.21
17/12/2025 14:00;466.21
17/12/2025 14:15;466.21
17/12/2025 14:30;466.21
17/12/2025 14:45;466.21
17/12/2025 15:00;466.21
17/12/2025 15:15;466.21
17/12/2025 15:30;466.21
17/12/2025 15:45;466.21
17/12/2025 16:00;466.21
17/12/2025 16:15;466.21
17/12/2025 16:30;466.21
17/12/2025 16:45;466.22
17/12/2025 17:00;466.22
17/12/2025 17:15;466.22
17/12/2025 17:30;466.22
17/12/2025 17:45;466.22
17/12/2025 18:00;466.22
17/12/2025 18:15;466.22
17/12/2025 18:30;466.22
17/12/2025 18:45;466.22
17/12/2025 19:00;466.23
17/12/2025 19:15;466.23
17/12/2025 19:30;466.23
17/12/2025 19:45;466.23
17/12/2025 20:00;466.23
17/12/2025 20:15;466.23
17/12/2025 20:30;466.23
17/12/2025 20:45;466.23
17/12/2025 21:00;466.24
17/12/2025 21:15;466.24
17/12/2025 21:30;466.24
17/12/2025 21:45;466.24
17/12/2025 22:00;466.24
17/12/2025 22:15;466.24
17/12/2025 22:30;466.24
17/12/2025 22:45;466.25
17/12/2025 23:00;466.25
17/12/2025 23:15;466.25
17/12/2025 23:30;466.25
17/12/2025 23:45;466.25
18/12/2025 00:00;466.25
18/12/2025 00:15;466.26
18/12/2025 00:30;466.26
18/12/2025 00:45;466.26
18/12/2025 01:00;466.26
18/12/2025 01:15;466.26
18/12/2025 01:30;466.26
18/12/2025 01:45;466.26
18/12/2025 02:00;466.26
18/12/2025 02:15;466.27
18/12/2025 02:30;466.27
18/12/2025 02:45;466.27
18/12/2025 03:00;466.27
18/12/2025 03:15;466.27
18/12/2025 03:30;466.27
18/12/2025 03:45;466.27
18/12/2025 04:00;466.27
18/12/2025 04:15;466.27
18/12/2025 04:30;466.27
18/12/2025 04:45;466.27
18/12/2025 05:00;466.27
18/12/2025 05:15;466.27
18/12/2025 05:30;466.28
18/12/2025 05:45;466.28
18/12/2025 06:00;466.28
18/12/2025 06:15;466.28
18/12/2025 06:30;466.28
18/12/2025 06:45;466.28
18/12/2025 07:00;466.28
18/12/2025 07:15;466.28
18/12/2025 07:30;466.29
18/12/2025 07:45;466.29
18/12/2025 08:00;466.29
18/12/2025 08:15;466.29
18/12/2025 08:30;466.29
18/12/2025 08:45;466.29
18/12/2025 09:00;466.29
18/12/2025 09:15;466.3
18/12/2025 09:30;466.3
18/12/2025 09:45;466.3
18/12/2025 10:00;466.3
18/12/2025 10:15;466.3
18/12/2025 10:30;466.3
18/12/2025 10:45;466.3
18/12/2025 11:00;466.3
18/12/2025 11:15;466.31
18/12/2025 11:30;466.31
18/12/2025 11:45;466.31
18/12/2025 12:00;466.32
18/12/2025 12:15;466.32
18/12/2025 12:30;466.32
18/12/2025 12:45;466.32
18/12/2025 13:00;466.32
18/12/2025 13:15;466.32
18/12/2025 13:30;466.32
18/12/2025 13:45;466.31
18/12/2025 14:00;466.31
18/12/2025 14:15;466.31
18/12/2025 14:30;466.31
18/12/2025 14:45;466.31
18/12/2025 15:00;466.31
18/12/2025 15:15;466.31
18/12/2025 15:30;466.31
18/12/2025 15:45;466.31
18/12/2025 16:00;466.31
18/12/2025 16:15;466.31
18/12/2025 16:30;466.32
18/12/2025 16:45;466.32
18/12/2025 17:00;466.32
18/12/2025 17:15;466.32
18/12/2025 17:30;466.32
18/12/2025 17:45;466.32
18/12/2025 18:00;466.32
18/12/2025 18:15;466.32
18/12/2025 18:30;466.33
18/12/2025 18:45;466.33
18/12/2025 19:00;466.33
18/12/2025 19:15;466.33
18/12/2025 19:30;466.33
18/12/2025 19:45;466.33
18/12/2025 20:00;466.33
18/12/2025 20:15;466.33
18/12/2025 20:30;466.33
18/12/2025 20:45;466.33
18/12/2025 21:00;466.33
18/12/2025 21:15;466.33
18/12/2025 21:30;466.33
18/12/2025 21:45;466.33
18/12/2025 22:00;466.34
18/12/2025 22:15;466.34
18/12/2025 22:30;466.34
18/12/2025 22:45;466.34
18/12/2025 23:00;466.34
18/12/2025 23:15;466.34
18/12/2025 23:30;466.34
18/12/2025 23:45;466.34
19/12/2025 00:00;466.34
19/12/2025 00:15;466.34
19/12/2025 00:30;466.35
19/12/2025 00:45;466.34
19/12/2025 01:00;466.35
19/12/2025 01:15;466.35
19/12/2025 01:30;466.35
19/12/2025 01:45;466.35
19/12/2025 02:00;466.35
19/12/2025 02:15;466.35
19/12/2025 02:30;466.35
19/12/2025 02:45;466.35
19/12/2025 03:00;466.35
19/12/2025 03:15;466.36
19/12/2025 03:30;466.35
19/12/2025 03:45;466.36
19/12/2025 04:00;466.36
19/12/2025 04:15;466.36
19/12/2025 04:30;466.36
19/12/2025 04:45;466.36
19/12/2025 05:00;466.36
19/12/2025 05:15;466.36
19/12/2025 05:30;466.36
19/12/2025 05:45;466.36
19/12/2025 06:00;466.36
19/12/2025 06:15;466.36
19/12/2025 06:30;466.36
19/12/2025 06:45;466.36
19/12/2025 07:00;466.37
19/12/2025 07:15;466.37
19/12/2025 07:30;466.37
19/12/2025 07:45;466.37
19/12/2025 08:00;466.37
19/12/2025 08:15;466.37
19/12/2025 08:30;466.37
19/12/2025 08:45;466.37
19/12/2025 09:00;466.37
19/12/2025 09:15;466.37
19/12/2025 09:30;466.37
19/12/2025 09:45;466.37
19/12/2025 10:00;466.37
19/12/2025 10:15;466.38
19/12/2025 10:30;466.38
19/12/2025 10:45;466.38
19/12/2025 11:00;466.38
19/12/2025 11:15;466.38
19/12/2025 11:30;466.38
19/12/2025 11:45;466.38
19/12/2025 12:00;466.38
19/12/2025 12:15;466.38
19/12/2025 12:30;466.38
19/12/2025 12:45;466.38
19/12/2025 13:00;466.39
19/12/2025 13:15;466.39
19/12/2025 13:30;466.39
19/12/2025 13:45;466.39
19/12/2025 14:00;466.39
19/12/2025 14:15;466.39
19/12/2025 14:30;466.39
19/12/2025 14:45;466.39
19/12/2025 15:00;466.39
19/12/2025 15:15;466.39
19/12/2025 15:30;466.39
19/12/2025 15:45;466.4
19/12/2025 16:00;466.4
19/12/2025 16:15;466.4
19/12/2025 16:30;466.4
19/12/2025 16:45;466.4
19/12/2025 17:00;466.4
19/12/2025 17:15;466.4
19/12/2025 17:30;466.4
19/12/2025 17:45;466.4
19/12/2025 18:00;466.4
19/12/2025 18:15;466.4
19/12/2025 18:30;466.4
19/12/2025 18:45;466.4
19/12/2025 19:00;466.41
19/12/2025 19:15;466.41
19/12/2025 19:30;466.41
19/12/2025 19:45;466.41
19/12/2025 20:00;466.41
19/12/2025 20:15;466.41
19/12/2025 20:30;466.41
19/12/2025 20:45;466.41
19/12/2025 21:00;466.41
19/12/2025 21:15;466.42
19/12/2025 21:30;466.41
19/12/2025 21:45;466.42
19/12/2025 22:00;466.42
19/12/2025 22:15;466.42
19/12/2025 22:30;466.42
19/12/2025 22:45;466.42
19/12/2025 23:00;466.42
19/12/2025 23:15;466.42
19/12/2025 23:30;466.42
19/12/2025 23:45;466.42
20/12/2025 00:00;466.43
20/12/2025 00:15;466.43
20/12/2025 00:30;466.43
20/12/2025 00:45;466.43
20/12/2025 01:00;466.43
20/12/2025 01:15;466.43
20/12/2025 01:30;466.43
20/12/2025 01:45;466.43
20/12/2025 02:00;466.43
20/12/2025 02:15;466.43
20/12/2025 02:30;466.43
20/12/2025 02:45;466.44
20/12/2025 03:00;466.44
20/12/2025 03:15;466.44
20/12/2025 03:30;466.44
20/12/2025 03:45;466.44
20/12/2025 04:00;466.44
20/12/2025 04:15;466.44
20/12/2025 04:30;466.44
20/12/2025 04:45;466.44
20/12/2025 05:00;466.44
20/12/2025 05:15;466.44
20/12/2025 05:30;466.44
20/12/2025 05:45;466.45
20/12/2025 06:00;466.45
20/12/2025 06:15;466.45
20/12/2025 06:30;466.45
20/12/2025 06:45;466.45
20/12/2025 07:00;466.45
20/12/2025 07:15;466.45
20/12/2025 07:30;466.45
20/12/2025 07:45;466.45
20/12/2025 08:00;466.45
20/12/2025 08:15;466.45
20/12/2025 08:30;466.45
20/12/2025 08:45;466.45
20/12/2025 09:00;466.46
20/12/2025 09:15;466.46
20/12/2025 09:30;466.46
20/12/2025 09:45;466.46
20/12/2025 10:00;466.46
20/12/2025 10:15;466.46
20/12/2025 10:30;466.46
20/12/2025 10:45;466.46
20/12/2025 11:00;466.46
20/12/2025 11:15;466.46
20/12/2025 11:30;466.46
20/12/2025 11:45;466.46
20/12/2025 12:00;466.47
20/12/2025 12:15;466.47
20/12/2025 12:30;466.47
20/12/2025 12:45;466.47
20/12/2025 13:00;466.47
20/12/2025 13:15;466.47
20/12/2025 13:30;466.47
20/12/2025 13:45;466.47
20/12/2025 14:00;466.47
20/12/2025 14:15;466.47
20/12/2025 14:30;466.47
20/12/2025 14:45;466.47
20/12/2025 15:00;466.47
20/12/2025 15:15;466.47
20/12/2025 15:30;466.47
20/12/2025 15:45;466.47
20/12/2025 16:00;466.48
20/12/2025 16:15;466.48
20/12/2025 16:30;466.48
20/12/2025 16:45;466.48
20/12/2025 17:00;466.48
20/12/2025 17:15;466.48
20/12/2025 17:30;466.48
20/12/2025 17:45;466.48
20/12/2025 18:00;466.48
20/12/2025 18:15;466.48
20/12/2025 18:30;466.48
20/12/2025 18:45;466.48
20/12/2025 19:00;466.48
20/12/2025 19:15;466.48
20/12/2025 19:30;466.48
20/12/2025 19:45;466.48
20/12/2025 20:00;466.48
20/12/2025 20:15;466.48
20/12/2025 20:30;466.49
20/12/2025 20:45;466.49
20/12/2025 21:00;466.49
20/12/2025 21:15;466.49
20/12/2025 21:30;466.49
20/12/2025 21:45;466.49
20/12/2025 22:00;466.49
20/12/2025 22:15;466.49
20/12/2025 22:30;466.49
20/12/2025 22:45;466.49
20/12/2025 23:00;466.49
20/12/2025 23:15;466.49
20/12/2025 23:30;466.49
20/12/2025 23:45;466.49
21/12/2025 00:00;466.49
21/12/2025 00:15;466.49
21/12/2025 00:30;466.49
21/12/2025 00:45;466.49
21/12/2025 01:00;466.5
21/12/2025 01:15;466.5
21/12/2025 01:30;466.5
21/12/2025 01:45;466.5
21/12/2025 02:00;466.5
21/12/2025 02:15;466.5
21/12/2025 02:30;466.5
21/12/2025 02:45;466.5
21/12/2025 03:00;466.5
21/12/2025 03:15;466.5
21/12/2025 03:30;466.5
21/12/2025 03:45;466.5
21/12/2025 04:00;466.5
21/12/2025 04:15;466.5
21/12/2025 04:30;466.5
21/12/2025 04:45;466.5
21/12/2025 05:00;466.51
21/12/2025 05:15;466.51
21/12/2025 05:30;466.51
21/12/2025 05:45;466.51
21/12/2025 06:00;466.51
21/12/2025 06:15;466.51
21/12/2025 06:30;466.51
21/12/2025 06:45;466.51
21/12/2025 07:00;466.51
21/12/2025 07:15;466.51
21/12/2025 07:30;466.52
21/12/2025 07:45;466.52
21/12/2025 08:00;466.52
21/12/2025 08:15;466.52
21/12/2025 08:30;466.52
21/12/2025 08:45;466.52
21/12/2025 09:00;466.52
21/12/2025 09:15;466.52
21/12/2025 09:30;466.52
21/12/2025 09:45;466.52
21/12/2025 10:00;466.52
21/12/2025 10:15;466.52
21/12/2025 10:30;466.53
21/12/2025 10:45;466.53
21/12/2025 11:00;466.53
21/12/2025 11:15;466.53
21/12/2025 11:30;466.53
21/12/2025 11:45;466.53
21/12/2025 12:00;466.53
21/12/2025 12:15;466.53
21/12/2025 12:30;466.53
21/12/2025 12:45;466.53
21/12/2025 13:00;466.53
21/12/2025 13:15;466.53
21/12/2025 13:30;466.54
21/12/2025 13:45;466.54
21/12/2025 14:00;466.54
21/12/2025 14:15;466.54
21/12/2025 14:30;466.54
21/12/2025 14:45;466.54
21/12/2025 15:00;466.55
21/12/2025 15:15;466.55
21/12/2025 15:30;466.55
21/12/2025 15:45;466.55
21/12/2025 16:00;466.55
21/12/2025 16:15;466.55
21/12/2025 16:30;466.55
21/12/2025 16:45;466.56
21/12/2025 17:00;466.56
21/12/2025 17:15;466.56
21/12/2025 17:30;466.56
21/12/2025 17:45;466.56
21/12/2025 18:00;466.56
21/12/2025 18:15;466.56
21/12/2025 18:30;466.56
21/12/2025 18:45;466.57
21/12/2025 19:00;466.57
21/12/2025 19:15;466.57
21/12/2025 19:30;466.57
21/12/2025 19:45;466.57
21/12/2025 20:00;466.57
21/12/2025 20:15;466.57
21/12/2025 20:30;466.57
21/12/2025 20:45;466.57
21/12/2025 21:00;466.58
21/12/2025 21:15;466.58
21/12/2025 21:30;466.58
21/12/2025 21:45;466.58
21/12/2025 22:00;466.59
21/12/2025 22:15;466.59
21/12/2025 22:30;466.59
21/12/2025 22:45;466.6
21/12/2025 23:00;466.6
21/12/2025 23:15;466.6
21/12/2025 23:30;466.61
21/12/2025 23:45;466.61
22/12/2025 00:00;466.61
22/12/2025 00:15;466.62
22/12/2025 00:30;466.62
22/12/2025 00:45;466.62
22/12/2025 01:00;466.62
22/12/2025 01:15;466.63
22/12/2025 01:30;466.63
22/12/2025 01:45;466.64
22/12/2025 02:00;466.64
22/12/2025 02:15;466.64
22/12/2025 02:30;466.65
22/12/2025 02:45;466.65
22/12/2025 03:00;466.65
22/12/2025 03:15;466.66
22/12/2025 03:30;466.66
22/12/2025 03:45;466.67
22/12/2025 04:00;466.67
22/12/2025 04:15;466.67
22/12/2025 04:30;466.68
22/12/2025 04:45;466.68
22/12/2025 05:00;466.68
22/12/2025 05:15;466.69
22/12/2025 05:30;466.69
22/12/2025 05:45;466.69
22/12/2025 06:00;466.7
22/12/2025 06:15;466.7
22/12/2025 06:30;466.7
22/12/2025 06:45;466.7
22/12/2025 07:00;466.71
22/12/2025 07:15;466.71
22/12/2025 07:30;466.72
22/12/2025 07:45;466.72
22/12/2025 08:00;466.72
22/12/2025 08:15;466.73
22/12/2025 08:30;466.73
22/12/2025 08:45;466.73
22/12/2025 09:00;466.73
22/12/2025 09:15;466.74
22/12/2025 09:30;466.74
22/12/2025 09:45;466.74
22/12/2025 10:00;466.74
22/12/2025 10:15;466.74
22/12/2025 10:30;466.74
22/12/2025 10:45;466.75
22/12/2025 11:00;466.76
22/12/2025 11:15;466.77
22/12/2025 11:30;466.77
22/12/2025 11:45;466.77
22/12/2025 12:00;466.77
22/12/2025 12:15;466.77
22/12/2025 12:30;466.77
22/12/2025 12:45;466.77
22/12/2025 13:00;466.78
22/12/2025 13:15;466.78
22/12/2025 13:30;466.78
22/12/2025 13:45;466.79
22/12/2025 14:00;466.79
22/12/2025 14:15;466.79
22/12/2025 14:30;466.79
22/12/2025 14:45;466.79
22/12/2025 15:00;466.8
22/12/2025 15:15;466.8
22/12/2025 15:30;466.8
22/12/2025 15:45;466.8
22/12/2025 16:00;466.81
22/12/2025 16:15;466.81
22/12/2025 16:30;466.81
22/12/2025 16:45;466.81
22/12/2025 17:00;466.81
22/12/2025 17:15;466.82
22/12/2025 17:30;466.82
22/12/2025 17:45;466.82
22/12/2025 18:00;466.82
22/12/2025 18:15;466.82
22/12/2025 18:30;466.83
22/12/2025 18:45;466.83
22/12/2025 19:00;466.83
22/12/2025 19:15;466.83
22/12/2025 19:30;466.83
22/12/2025 19:45;466.83
22/12/2025 20:00;466.83
22/12/2025 20:15;466.83
22/12/2025 20:30;466.84
22/12/2025 20:45;466.84
22/12/2025 21:00;466.84
22/12/2025 21:15;466.84
22/12/2025 21:30;466.84
22/12/2025 21:45;466.84
22/12/2025 22:00;466.84
22/12/2025 22:15;466.84
22/12/2025 22:30;466.84
22/12/2025 22:45;466.84
22/12/2025 23:00;466.85
22/12/2025 23:15;466.85
22/12/2025 23:30;466.85
22/12/2025 23:45;466.85
23/12/2025 00:00;466.85
23/12/2025 00:15;466.85
23/12/2025 00:30;466.85
23/12/2025 00:45;466.85
23/12/2025 01:00;466.85
23/12/2025 01:15;466.85
23/12/2025 01:30;466.86
23/12/2025 01:45;466.86
23/12/2025 02:00;466.86
23/12/2025 02:15;466.86
23/12/2025 02:30;466.86
23/12/2025 02:45;466.86
23/12/2025 03:00;466.86
23/12/2025 03:15;466.86
23/12/2025 03:30;466.87
23/12/2025 03:45;466.87
23/12/2025 04:00;466.87
23/12/2025 04:15;466.87
23/12/2025 04:30;466.87
23/12/2025 04:45;466.87
23/12/2025 05:00;466.87
23/12/2025 05:15;466.87
23/12/2025 05:30;466.87
23/12/2025 05:45;466.87
23/12/2025 06:00;466.87
23/12/2025 06:15;466.87
23/12/2025 06:30;466.88
23/12/2025 06:45;466.88
23/12/2025 07:00;466.88
23/12/2025 07:15;466.88
23/12/2025 07:30;466.88
23/12/2025 07:45;466.88
23/12/2025 08:00;466.88
23/12/2025 08:15;466.88
23/12/2025 08:30;466.88
23/12/2025 08:45;466.88
23/12/2025 09:00;466.88
23/12/2025 09:15;466.88
23/12/2025 09:30;466.88
23/12/2025 09:45;466.88
23/12/2025 10:00;466.88
23/12/2025 10:15;466.88
23/12/2025 10:30;466.89
23/12/2025 10:45;466.89
23/12/2025 11:00;466.89
23/12/2025 11:15;466.89
23/12/2025 11:30;466.89
23/12/2025 11:45;466.89
23/12/2025 12:00;466.89
23/12/2025 12:15;466.89
23/12/2025 12:30;466.89
23/12/2025 12:45;466.89
23/12/2025 13:00;466.89
23/12/2025 13:15;466.89
23/12/2025 13:30;466.9
23/12/2025 13:45;466.9
23/12/2025 14:00;466.89
23/12/2025 14:15;466.9
23/12/2025 14:30;466.9
23/12/2025 14:45;466.9
23/12/2025 15:00;466.9
23/12/2025 15:15;466.9
23/12/2025 15:30;466.9
23/12/2025 15:45;466.9
23/12/2025 16:00;466.9
23/12/2025 16:15;466.9
23/12/2025 16:30;466.9
23/12/2025 16:45;466.9
23/12/2025 17:00;466.9
23/12/2025 17:15;466.9
23/12/2025 17:30;466.9
23/12/2025 17:45;466.9
23/12/2025 18:00;466.91
23/12/2025 18:15;466.91
23/12/2025 18:30;466.9
23/12/2025 18:45;466.9
23/12/2025 19:00;466.9
23/12/2025 19:15;466.9
23/12/2025 19:30;466.91
23/12/2025 19:45;466.91
23/12/2025 20:00;466.91
23/12/2025 20:15;466.91
23/12/2025 20:30;466.91
23/12/2025 20:45;466.91
23/12/2025 21:00;466.91
23/12/2025 21:15;466.91
23/12/2025 21:30;466.91
23/12/2025 21:45;466.91
23/12/2025 22:00;466.91
23/12/2025 22:15;466.91
23/12/2025 22:30;466.91
23/12/2025 22:45;466.91
23/12/2025 23:00;466.91
23/12/2025 23:15;466.91
23/12/2025 23:30;466.92
23/12/2025 23:45;466.92
24/12/2025 00:00;466.92
24/12/2025 00:15;466.92
24/12/2025 00:30;466.92
24/12/2025 00:45;466.92
24/12/2025 01:00;466.92
24/12/2025 01:15;466.92
24/12/2025 01:30;466.92
24/12/2025 01:45;466.92
24/12/2025 02:00;466.93
24/12/2025 02:15;466.93
24/12/2025 02:30;466.93
24/12/2025 02:45;466.93
24/12/2025 03:00;466.93
24/12/2025 03:15;466.93
24/12/2025 03:30;466.93
24/12/2025 03:45;466.93
24/12/2025 04:00;466.94
24/12/2025 04:15;466.94
24/12/2025 04:30;466.94
24/12/2025 04:45;466.94
24/12/2025 05:00;466.94
24/12/2025 05:15;466.94
24/12/2025 05:30;466.94
24/12/2025 05:45;466.95
24/12/2025 06:00;466.95
24/12/2025 06:15;466.95
24/12/2025 06:30;466.95
24/12/2025 06:45;466.95
24/12/2025 07:00;466.95
24/12/2025 07:15;466.95
24/12/2025 07:30;466.95
24/12/2025 07:45;466.95
24/12/2025 08:00;466.95
24/12/2025 08:15;466.96
24/12/2025 08:30;466.96
24/12/2025 08:45;466.96
24/12/2025 09:00;466.96
24/12/2025 09:15;466.96
24/12/2025 09:30;466.97
24/12/2025 09:45;466.97
24/12/2025 10:00;466.97
24/12/2025 10:15;466.97
24/12/2025 10:30;466.97
24/12/2025 10:45;466.97
24/12/2025 11:00;466.97
24/12/2025 11:15;466.97
24/12/2025 11:30;466.97
24/12/2025 11:45;466.97
24/12/2025 12:00;466.97
24/12/2025 12:15;466.97
24/12/2025 12:30;466.97
24/12/2025 12:45;466.97
24/12/2025 13:00;466.98
24/12/2025 13:15;466.98
24/12/2025 13:30;466.98
24/12/2025 13:45;466.98
24/12/2025 14:00;466.98
24/12/2025 14:15;466.97
24/12/2025 14:30;466.97
24/12/2025 14:45;466.98
24/12/2025 15:00;466.98
24/12/2025 15:15;466.98
24/12/2025 15:30;466.98
24/12/2025 15:45;466.98
24/12/2025 16:00;466.98
24/12/2025 16:15;466.98
24/12/2025 16:30;466.98
24/12/2025 16:45;466.98
24/12/2025 17:00;466.98
24/12/2025 17:15;466.98
24/12/2025 17:30;466.98
24/12/2025 17:45;466.98
24/12/2025 18:00;466.98
24/12/2025 18:15;466.98
24/12/2025 18:30;466.98
24/12/2025 18:45;466.98
24/12/2025 19:00;466.98
24/12/2025 19:15;466.98
24/12/2025 19:30;466.98
24/12/2025 19:45;466.98
24/12/2025 20:00;466.98
24/12/2025 20:15;466.98
24/12/2025 20:30;466.98
24/12/2025 20:45;466.98
24/12/2025 21:00;466.98
24/12/2025 21:15;466.98
24/12/2025 21:30;466.98
24/12/2025 21:45;466.98
24/12/2025 22:00;466.98
24/12/2025 22:15;466.98
24/12/2025 22:30;466.98
24/12/2025 22:45;466.98
24/12/2025 23:00;466.98
24/12/2025 23:15;466.98
24/12/2025 23:30;466.98
24/12/2025 23:45;466.98
25/12/2025 00:00;466.99
25/12/2025 00:15;466.99
25/12/2025 00:30;466.99
25/12/2025 00:45;466.99
25/12/2025 01:00;466.99
25/12/2025 01:15;466.99
25/12/2025 01:30;466.98
25/12/2025 01:45;466.98
25/12/2025 02:00;466.98
25/12/2025 02:15;466.99
25/12/2025 02:30;466.98
25/12/2025 02:45;466.98
25/12/2025 03:00;466.98
25/12/2025 03:15;466.98
25/12/2025 03:30;466.98
25/12/2025 03:45;466.98
25/12/2025 04:00;466.99
25/12/2025 04:15;466.99
25/12/2025 04:30;466.99
25/12/2025 04:45;466.99
25/12/2025 05:00;466.99
25/12/2025 05:15;466.99
25/12/2025 05:30;466.99
25/12/2025 05:45;466.99
25/12/2025 06:00;466.99
25/12/2025 06:15;466.99
25/12/2025 06:30;466.99
25/12/2025 06:45;466.99
25/12/2025 07:00;466.99
25/12/2025 07:15;466.99
25/12/2025 07:30;466.99
25/12/2025 07:45;466.99
25/12/2025 08:00;466.99
25/12/2025 08:15;466.99
25/12/2025 08:30;466.99
25/12/2025 08:45;466.99
25/12/2025 09:00;466.99
25/12/2025 09:15;466.99
25/12/2025 09:30;466.99
25/12/2025 09:45;466.99
25/12/2025 10:00;466.99
25/12/2025 10:15;466.99
25/12/2025 10:30;466.99
25/12/2025 10:45;466.99
25/12/2025 11:00;466.99
25/12/2025 11:15;466.99
25/12/2025 11:30;466.99
25/12/2025 11:45;466.99
25/12/2025 12:00;466.99
25/12/2025 12:15;466.99
25/12/2025 12:30;466.99
25/12/2025 12:45;466.99
25/12/2025 13:00;466.99
25/12/2025 13:15;466.99
25/12/2025 13:30;466.99
25/12/2025 13:45;466.99
25/12/2025 14:00;466.99
25/12/2025 14:15;466.99
25/12/2025 14:30;466.99
25/12/2025 14:45;466.99
25/12/2025 15:00;466.99
25/12/2025 15:15;466.99
25/12/2025 15:30;466.99
25/12/2025 15:45;466.99
25/12/2025 16:00;466.99
25/12/2025 16:15;467
25/12/2025 16:30;467
25/12/2025 16:45;466.99
25/12/2025 17:00;466.99
25/12/2025 17:15;466.99
25/12/2025 17:30;466.99
25/12/2025 17:45;466.99
25/12/2025 18:00;466.99
25/12/2025 18:15;466.99
25/12/2025 18:30;466.99
25/12/2025 18:45;466.99
25/12/2025 19:00;466.99
25/12/2025 19:15;466.99
25/12/2025 19:30;466.99
25/12/2025 19:45;467
25/12/2025 20:00;466.99
25/12/2025 20:15;466.99
25/12/2025 20:30;467
25/12/2025 20:45;467
25/12/2025 21:00;466.99
25/12/2025 21:15;466.99
25/12/2025 21:30;466.99
25/12/2025 21:45;466.99
25/12/2025 22:00;466.99
25/12/2025 22:15;466.99
25/12/2025 22:30;466.99
25/12/2025 22:45;466.99
25/12/2025 23:00;466.99
25/12/2025 23:15;466.99
25/12/2025 23:30;466.99
25/12/2025 23:45;466.99
26/12/2025 00:00;466.99
26/12/2025 00:15;466.99
26/12/2025 00:30;466.98
26/12/2025 00:45;466.98
26/12/2025 01:00;466.98
26/12/2025 01:15;466.98
26/12/2025 01:30;466.98
26/12/2025 01:45;466.98
26/12/2025 02:00;466.98
26/12/2025 02:15;466.98
26/12/2025 02:30;466.98
26/12/2025 02:45;466.98
26/12/2025 03:00;466.98
26/12/2025 03:15;466.98
26/12/2025 03:30;466.98
26/12/2025 03:45;466.98
26/12/2025 04:00;466.98
26/12/2025 04:15;466.98
26/12/2025 04:30;466.98
26/12/2025 04:45;466.98
26/12/2025 05:00;466.98
26/12/2025 05:15;466.99
26/12/2025 05:30;466.98
26/12/2025 05:45;466.98
26/12/2025 06:00;466.98
26/12/2025 06:15;466.99
26/12/2025 06:30;466.98
26/12/2025 06:45;466.98
26/12/2025 07:00;466.98
26/12/2025 07:15;466.98
26/12/2025 07:30;466.98
26/12/2025 07:45;466.98
26/12/2025 08:00;466.98
26/12/2025 08:15;466.98
26/12/2025 08:30;466.98
26/12/2025 08:45;466.98
26/12/2025 09:00;466.99
26/12/2025 09:15;466.98
26/12/2025 09:30;466.98
26/12/2025 09:45;466.98
26/12/2025 10:00;466.98
26/12/2025 10:15;466.98
26/12/2025 10:30;466.98
26/12/2025 10:45;466.98
26/12/2025 11:00;466.98
26/12/2025 11:15;466.98
26/12/2025 11:30;466.99
26/12/2025 11:45;466.99
26/12/2025 12:00;466.98
26/12/2025 12:15;466.98
26/12/2025 12:30;466.98
26/12/2025 12:45;466.99
26/12/2025 13:00;466.98
26/12/2025 13:15;466.98
26/12/2025 13:30;466.98
26/12/2025 13:45;466.99
26/12/2025 14:00;466.98
26/12/2025 14:15;466.98
26/12/2025 14:30;466.98
26/12/2025 14:45;466.98
26/12/2025 15:00;466.98
26/12/2025 15:15;466.98
26/12/2025 15:30;466.98
26/12/2025 15:45;466.98
26/12/2025 16:00;466.98
26/12/2025 16:15;466.98
26/12/2025 16:30;466.98
26/12/2025 16:45;466.97
26/12/2025 17:00;466.98
26/12/2025 17:15;466.98
26/12/2025 17:30;466.98
26/12/2025 17:45;466.98
26/12/2025 18:00;466.98
26/12/2025 18:15;466.98
26/12/2025 18:30;466.98
26/12/2025 18:45;466.98
26/12/2025 19:00;466.98
26/12/2025 19:15;466.98
26/12/2025 19:30;466.98
26/12/2025 19:45;466.98
26/12/2025 20:00;466.98
26/12/2025 20:15;466.98
26/12/2025 20:30;466.98
26/12/2025 20:45;466.98
26/12/2025 21:00;466.98
26/12/2025 21:15;466.98
26/12/2025 21:30;466.98
26/12/2025 21:45;466.98
26/12/2025 22:00;466.98
26/12/2025 22:15;466.98
26/12/2025 22:30;466.98
26/12/2025 22:45;466.98
26/12/2025 23:00;466.98
26/12/2025 23:15;466.98
26/12/2025 23:30;466.98
26/12/2025 23:45;466.98
27/12/2025 00:00;466.98
27/12/2025 00:15;466.98
27/12/2025 00:30;466.98
27/12/2025 00:45;466.98
27/12/2025 01:00;466.98
27/12/2025 01:15;466.98
27/12/2025 01:30;466.98
27/12/2025 01:45;466.98
27/12/2025 02:00;466.98
27/12/2025 02:15;466.98
27/12/2025 02:30;466.98
27/12/2025 02:45;466.98
27/12/2025 03:00;466.98
27/12/2025 03:15;466.98
27/12/2025 03:30;466.98
27/12/2025 03:45;466.98
27/12/2025 04:00;466.97
27/12/2025 04:15;466.98
27/12/2025 04:30;466.98
27/12/2025 04:45;466.98
27/12/2025 05:00;466.98
27/12/2025 05:15;466.98
27/12/2025 05:30;466.98
27/12/2025 05:45;466.98
27/12/2025 06:00;466.98
27/12/2025 06:15;466.98
27/12/2025 06:30;466.98
27/12/2025 06:45;466.98
27/12/2025 07:00;466.98
27/12/2025 07:15;466.98
27/12/2025 07:30;466.98
27/12/2025 07:45;466.98
27/12/2025 08:00;466.98
27/12/2025 08:15;466.98
27/12/2025 08:30;466.98
27/12/2025 08:45;466.98
27/12/2025 09:00;466.98
27/12/2025 09:15;466.98
27/12/2025 09:30;466.98
27/12/2025 09:45;466.98
27/12/2025 10:00;466.98
27/12/2025 10:15;466.98
27/12/2025 10:30;466.98
27/12/2025 10:45;466.98
27/12/2025 11:00;466.98
27/12/2025 11:15;466.98
27/12/2025 11:30;466.98
27/12/2025 11:45;466.98
27/12/2025 12:00;466.97
27/12/2025 12:15;466.98
27/12/2025 12:30;466.98
27/12/2025 12:45;466.98
27/12/2025 13:00;466.98
27/12/2025 13:15;466.98
27/12/2025 13:30;466.98
27/12/2025 13:45;466.98
27/12/2025 14:00;466.97
27/12/2025 14:15;466.97
27/12/2025 14:30;466.97
27/12/2025 14:45;466.97
27/12/2025 15:00;466.97
27/12/2025 15:15;466.97
27/12/2025 15:30;466.97
27/12/2025 15:45;466.97
27/12/2025 16:00;466.97
27/12/2025 16:15;466.97
27/12/2025 16:30;466.97
27/12/2025 16:45;466.97
27/12/2025 17:00;466.97
27/12/2025 17:15;466.97
27/12/2025 17:30;466.97
27/12/2025 17:45;466.97
27/12/2025 18:00;466.97
27/12/2025 18:15;466.97
27/12/2025 18:30;466.97
27/12/2025 18:45;466.97
27/12/2025 19:00;466.97
27/12/2025 19:15;466.97
27/12/2025 19:30;466.97
27/12/2025 19:45;466.97
27/12/2025 20:00;466.97
27/12/2025 20:15;466.97
27/12/2025 20:30;466.97
27/12/2025 20:45;466.97
27/12/2025 21:00;466.97
27/12/2025 21:15;466.97
27/12/2025 21:30;466.97
27/12/2025 21:45;466.96
27/12/2025 22:00;466.97
27/12/2025 22:15;466.97
27/12/2025 22:30;466.97
27/12/2025 22:45;466.97
27/12/2025 23:00;466.97
27/12/2025 23:15;466.97
27/12/2025 23:30;466.97
27/12/2025 23:45;466.97
28/12/2025 00:00;466.97
28/12/2025 00:15;466.97
28/12/2025 00:30;466.96
28/12/2025 00:45;466.97
28/12/2025 01:00;466.97
28/12/2025 01:15;466.97
28/12/2025 01:30;466.97
28/12/2025 01:45;466.97
28/12/2025 02:00;466.97
28/12/2025 02:15;466.97
28/12/2025 02:30;466.97
28/12/2025 02:45;466.97
28/12/2025 03:00;466.97
28/12/2025 03:15;466.96
28/12/2025 03:30;466.96
28/12/2025 03:45;466.96
28/12/2025 04:00;466.97
28/12/2025 04:15;466.96
28/12/2025 04:30;466.96
28/12/2025 04:45;466.97
28/12/2025 05:00;466.96
28/12/2025 05:15;466.96
28/12/2025 05:30;466.96
28/12/2025 05:45;466.96
28/12/2025 06:00;466.96
28/12/2025 06:15;466.96
28/12/2025 06:30;466.96
28/12/2025 06:45;466.96
28/12/2025 07:00;466.96
28/12/2025 07:15;466.96
28/12/2025 07:30;466.96
28/12/2025 07:45;466.96
28/12/2025 08:00;466.96
28/12/2025 08:15;466.96
28/12/2025 08:30;466.96
28/12/2025 08:45;466.96
28/12/2025 09:00;466.96
28/12/2025 09:15;466.96
28/12/2025 09:30;466.96
28/12/2025 09:45;466.96
28/12/2025 10:00;466.96
28/12/2025 10:15;466.97
28/12/2025 10:30;466.97
28/12/2025 10:45;466.97
28/12/2025 11:00;466.97
28/12/2025 11:15;466.97
28/12/2025 11:30;466.97
28/12/2025 11:45;466.97
28/12/2025 12:00;466.97
28/12/2025 12:15;466.96
28/12/2025 12:30;466.96
28/12/2025 12:45;466.96
28/12/2025 13:00;466.96
28/12/2025 13:15;466.96
28/12/2025 13:30;466.95
28/12/2025 13:45;466.95
28/12/2025 14:00;466.95
28/12/2025 14:15;466.95
28/12/2025 14:30;466.94
28/12/2025 14:45;466.94
28/12/2025 15:00;466.94
28/12/2025 15:15;466.94
28/12/2025 15:30;466.94
28/12/2025 15:45;466.94
28/12/2025 16:00;466.94
28/12/2025 16:15;466.94
28/12/2025 16:30;466.94
28/12/2025 16:45;466.94
28/12/2025 17:00;466.94
28/12/2025 17:15;466.93
28/12/2025 17:30;466.93
28/12/2025 17:45;466.93
28/12/2025 18:00;466.93
28/12/2025 18:15;466.93
28/12/2025 18:30;466.93
28/12/2025 18:45;466.93
28/12/2025 19:00;466.93
28/12/2025 19:15;466.93
28/12/2025 19:30;466.93
28/12/2025 19:45;466.93
28/12/2025 20:00;466.93
28/12/2025 20:15;466.93
28/12/2025 20:30;466.93
28/12/2025 20:45;466.92
28/12/2025 21:00;466.92
28/12/2025 21:15;466.92
28/12/2025 21:30;466.92
28/12/2025 21:45;466.92
28/12/2025 22:00;466.92
28/12/2025 22:15;466.92
28/12/2025 22:30;466.92
28/12/2025 22:45;466.92
28/12/2025 23:00;466.92
28/12/2025 23:15;466.92
28/12/2025 23:30;466.92
28/12/2025 23:45;466.92
29/12/2025 00:00;466.92
29/12/2025 00:15;466.91
29/12/2025 00:30;466.92
29/12/2025 00:45;466.92
29/12/2025 01:00;466.91
29/12/2025 01:15;466.91
29/12/2025 01:30;466.91
29/12/2025 01:45;466.91
29/12/2025 02:00;466.91
29/12/2025 02:15;466.91
29/12/2025 02:30;466.91
29/12/2025 02:45;466.91
29/12/2025 03:00;466.91
29/12/2025 03:15;466.91
29/12/2025 03:30;466.9
29/12/2025 03:45;466.9
29/12/2025 04:00;466.9
29/12/2025 04:15;466.9
29/12/2025 04:30;466.9
29/12/2025 04:45;466.9
29/12/2025 05:00;466.9
29/12/2025 05:15;466.9
29/12/2025 05:30;466.9
29/12/2025 05:45;466.9
29/12/2025 06:00;466.9
29/12/2025 06:15;466.9
29/12/2025 06:30;466.89
29/12/2025 06:45;466.89
29/12/2025 07:00;466.89
29/12/2025 07:15;466.89
29/12/2025 07:30;466.89
29/12/2025 07:45;466.89
29/12/2025 08:00;466.89
29/12/2025 08:15;466.89
29/12/2025 08:30;466.89
29/12/2025 08:45;466.89
29/12/2025 09:00;466.89
29/12/2025 09:15;466.88
29/12/2025 09:30;466.88
29/12/2025 09:45;466.88
29/12/2025 10:00;466.88
29/12/2025 10:15;466.88
29/12/2025 10:30;466.88
29/12/2025 10:45;466.88
29/12/2025 11:00;466.89
29/12/2025 11:15;466.89
29/12/2025 11:30;466.89
29/12/2025 11:45;466.88
29/12/2025 12:00;466.88
29/12/2025 12:15;466.88
29/12/2025 12:30;466.88
29/12/2025 12:45;466.88
29/12/2025 13:00;466.88
29/12/2025 13:15;466.87
29/12/2025 13:30;466.87
29/12/2025 13:45;466.87
29/12/2025 14:00;466.87
29/12/2025 14:15;466.86
29/12/2025 14:30;466.86
29/12/2025 14:45;466.86
29/12/2025 15:00;466.86
29/12/2025 15:15;466.86
29/12/2025 15:30;466.86
29/12/2025 15:45;466.86
29/12/2025 16:00;466.86
29/12/2025 16:15;466.86
29/12/2025 16:30;466.85
29/12/2025 16:45;466.85
29/12/2025 17:00;466.85
29/12/2025 17:15;466.85
29/12/2025 17:30;466.85
29/12/2025 17:45;466.85
29/12/2025 18:00;466.85
29/12/2025 18:15;466.85
29/12/2025 18:30;466.85
29/12/2025 18:45;466.84
29/12/2025 19:00;466.84
29/12/2025 19:15;466.84
29/12/2025 19:30;466.84
29/12/2025 19:45;466.84
29/12/2025 20:00;466.84
29/12/2025 20:15;466.84
29/12/2025 20:30;466.84
29/12/2025 20:45;466.84
29/12/2025 21:00;466.84
29/12/2025 21:15;466.83
29/12/2025 21:30;466.83
29/12/2025 21:45;466.83
29/12/2025 22:00;466.83
29/12/2025 22:15;466.83
29/12/2025 22:30;466.83
29/12/2025 22:45;466.83
29/12/2025 23:00;466.83
29/12/2025 23:15;466.83
29/12/2025 23:30;466.83
29/12/2025 23:45;466.83
30/12/2025 00:00;466.82
30/12/2025 00:15;466.82
30/12/2025 00:30;466.82
30/12/2025 00:45;466.82
30/12/2025 01:00;466.82
30/12/2025 01:15;466.82
30/12/2025 01:30;466.82
30/12/2025 01:45;466.82
30/12/2025 02:00;466.82
30/12/2025 02:15;466.82
30/12/2025 02:30;466.82
30/12/2025 02:45;466.81
30/12/2025 03:00;466.81
30/12/2025 03:15;466.81
30/12/2025 03:30;466.81
30/12/2025 03:45;466.81
30/12/2025 04:00;466.81
30/12/2025 04:15;466.81
30/12/2025 04:30;466.81
30/12/2025 04:45;466.81
30/12/2025 05:00;466.81
30/12/2025 05:15;466.8
30/12/2025 05:30;466.8
30/12/2025 05:45;466.8
30/12/2025 06:00;466.8
30/12/2025 06:15;466.8
30/12/2025 06:30;466.8
30/12/2025 06:45;466.8
30/12/2025 07:00;466.8
30/12/2025 07:15;466.8
30/12/2025 07:30;466.8
30/12/2025 07:45;466.8
30/12/2025 08:00;466.79
30/12/2025 08:15;466.79
30/12/2025 08:30;466.79
30/12/2025 08:45;466.79
30/12/2025 09:00;466.78
30/12/2025 09:15;466.78
30/12/2025 09:30;466.78
30/12/2025 09:45;466.78
30/12/2025 10:00;466.78
30/12/2025 10:15;466.78
30/12/2025 10:30;466.78
30/12/2025 10:45;466.78
30/12/2025 11:00;466.78
30/12/2025 11:15;466.78
30/12/2025 11:30;466.78
30/12/2025 11:45;466.78
30/12/2025 12:00;466.79
30/12/2025 12:15;466.79
30/12/2025 12:30;466.78
30/12/2025 12:45;466.78
30/12/2025 13:00;466.78
30/12/2025 13:15;466.78
30/12/2025 13:30;466.78
30/12/2025 13:45;466.77
30/12/2025 14:00;466.77
30/12/2025 14:15;466.77
30/12/2025 14:30;466.77
30/12/2025 14:45;466.76
30/12/2025 15:00;466.76
30/12/2025 15:15;466.76
30/12/2025 15:30;466.76
30/12/2025 15:45;466.76
30/12/2025 16:00;466.76
30/12/2025 16:15;466.75
30/12/2025 16:30;466.75
30/12/2025 16:45;466.75
30/12/2025 17:00;466.75
30/12/2025 17:15;466.76
30/12/2025 17:30;466.75
30/12/2025 17:45;466.75
30/12/2025 18:00;466.75
30/12/2025 18:15;466.75
30/12/2025 18:30;466.75
30/12/2025 18:45;466.75
30/12/2025 19:00;466.75
30/12/2025 19:15;466.74
30/12/2025 19:30;466.74
30/12/2025 19:45;466.74
30/12/2025 20:00;466.74
30/12/2025 20:15;466.74
30/12/2025 20:30;466.74
30/12/2025 20:45;466.74
30/12/2025 21:00;466.74
30/12/2025 21:15;466.74
30/12/2025 21:30;466.74
30/12/2025 21:45;466.74
30/12/2025 22:00;466.74
30/12/2025 22:15;466.73
30/12/2025 22:30;466.73
30/12/2025 22:45;466.73
30/12/2025 23:00;466.73
30/12/2025 23:15;466.73
30/12/2025 23:30;466.73
30/12/2025 23:45;466.73
31/12/2025 00:00;466.73
31/12/2025 00:15;466.73
31/12/2025 00:30;466.73
31/12/2025 00:45;466.73
31/12/2025 01:00;466.72
31/12/2025 01:15;466.72
31/12/2025 01:30;466.72
31/12/2025 01:45;466.72
31/12/2025 02:00;466.72
31/12/2025 02:15;466.72
31/12/2025 02:30;466.72
31/12/2025 02:45;466.72
31/12/2025 03:00;466.72
31/12/2025 03:15;466.72
31/12/2025 03:30;466.71
31/12/2025 03:45;466.71
31/12/2025 04:00;466.71
31/12/2025 04:15;466.71
31/12/2025 04:30;466.71
31/12/2025 04:45;466.71
31/12/2025 05:00;466.71
31/12/2025 05:15;466.71
31/12/2025 05:30;466.7
31/12/2025 05:45;466.7
31/12/2025 06:00;466.7
31/12/2025 06:15;466.7
31/12/2025 06:30;466.7
31/12/2025 06:45;466.7
31/12/2025 07:00;466.7
31/12/2025 07:15;466.7
31/12/2025 07:30;466.7
31/12/2025 07:45;466.7
31/12/2025 08:00;466.7
31/12/2025 08:15;466.7
31/12/2025 08:30;466.7
31/12/2025 08:45;466.7
31/12/2025 09:00;466.7
31/12/2025 09:15;466.69
31/12/2025 09:30;466.69
31/12/2025 09:45;466.69
31/12/2025 10:00;466.69
31/12/2025 10:15;466.7
31/12/2025 10:30;466.7
31/12/2025 10:45;466.7
31/12/2025 11:00;466.69
31/12/2025 11:15;466.69
31/12/2025 11:30;466.69
31/12/2025 11:45;466.69
31/12/2025 12:00;466.69
31/12/2025 12:15;466.69
31/12/2025 12:30;466.69
31/12/2025 12:45;466.69
31/12/2025 13:00;466.69
31/12/2025 13:15;466.68
31/12/2025 13:30;466.68
31/12/2025 13:45;466.68
31/12/2025 14:00;466.68
31/12/2025 14:15;466.67
31/12/2025 14:30;466.67
31/12/2025 14:45;466.67
31/12/2025 15:00;466.67
31/12/2025 15:15;466.67
31/12/2025 15:30;466.67
31/12/2025 15:45;466.67
31/12/2025 16:00;466.67
31/12/2025 16:15;466.66
31/12/2025 16:30;466.66
31/12/2025 16:45;466.66
31/12/2025 17:00;466.66
31/12/2025 17:15;466.66
31/12/2025 17:30;466.66
31/12/2025 17:45;466.66
31/12/2025 18:00;466.66
31/12/2025 18:15;466.65
31/12/2025 18:30;466.65
31/12/2025 18:45;466.65
31/12/2025 19:00;466.65
31/12/2025 19:15;466.64
31/12/2025 19:30;466.64
31/12/2025 19:45;466.64
31/12/2025 20:00;466.64
31/12/2025 20:15;466.64
31/12/2025 20:30;466.64
31/12/2025 20:45;466.64
31/12/2025 21:00;466.64
31/12/2025 21:15;466.64
31/12/2025 21:30;466.64
31/12/2025 21:45;466.64
31/12/2025 22:00;466.63
31/12/2025 22:15;466.63
31/12/2025 22:30;466.63
31/12/2025 22:45;466.63
31/12/2025 23:00;466.63
31/12/2025 23:15;466.63
31/12/2025 23:30;466.63
31/12/2025 23:45;466.63
01/01/2026 00:00;466.62
01/01/2026 00:15;466.62
01/01/2026 00:30;466.62
01/01/2026 00:45;466.62
01/01/2026 01:00;466.62
01/01/2026 01:15;466.62
01/01/2026 01:30;466.62
01/01/2026 01:45;466.62
01/01/2026 02:00;466.62
01/01/2026 02:15;466.62
01/01/2026 02:30;466.62
01/01/2026 02:45;466.62
01/01/2026 03:00;466.62
01/01/2026 03:15;466.62
01/01/2026 03:30;466.62
01/01/2026 03:45;466.62
01/01/2026 04:00;466.62
01/01/2026 04:15;466.61
01/01/2026 04:30;466.61
01/01/2026 04:45;466.61
01/01/2026 05:00;466.61
01/01/2026 05:15;466.61
01/01/2026 05:30;466.61
01/01/2026 05:45;466.61
01/01/2026 06:00;466.61
01/01/2026 06:15;466.61
01/01/2026 06:30;466.61
01/01/2026 06:45;466.61
01/01/2026 07:00;466.6
01/01/2026 07:15;466.6
01/01/2026 07:30;466.6
01/01/2026 07:45;466.6
01/01/2026 08:00;466.6
01/01/2026 08:15;466.6
01/01/2026 08:30;466.6
01/01/2026 08:45;466.6
01/01/2026 09:00;466.6
01/01/2026 09:15;466.6
01/01/2026 09:30;466.6
01/01/2026 09:45;466.59
01/01/2026 10:00;466.59
01/01/2026 10:15;466.59
01/01/2026 10:30;466.59
01/01/2026 10:45;466.6
01/01/2026 11:00;466.6
01/01/2026 11:15;466.6
01/01/2026 11:30;466.6
01/01/2026 11:45;466.59
01/01/2026 12:00;466.59
01/01/2026 12:15;466.59
01/01/2026 12:30;466.59
01/01/2026 12:45;466.59
01/01/2026 13:00;466.58
01/01/2026 13:15;466.58
01/01/2026 13:30;466.58
01/01/2026 13:45;466.58
01/01/2026 14:00;466.58
01/01/2026 14:15;466.57
01/01/2026 14:30;466.57
01/01/2026 14:45;466.57
01/01/2026 15:00;466.57
01/01/2026 15:15;466.57
01/01/2026 15:30;466.57
01/01/2026 15:45;466.56
01/01/2026 16:00;466.56
01/01/2026 16:15;466.56
01/01/2026 16:30;466.56
01/01/2026 16:45;466.56
01/01/2026 17:00;466.56
01/01/2026 17:15;466.56
01/01/2026 17:30;466.56
01/01/2026 17:45;466.56
01/01/2026 18:00;466.56
01/01/2026 18:15;466.56
01/01/2026 18:30;466.55
01/01/2026 18:45;466.55
01/01/2026 19:00;466.55
01/01/2026 19:15;466.55
01/01/2026 19:30;466.55
01/01/2026 19:45;466.55
01/01/2026 20:00;466.55
01/01/2026 20:15;466.55
01/01/2026 20:30;466.55
01/01/2026 20:45;466.55
01/01/2026 21:00;466.55
01/01/2026 21:15;466.55
01/01/2026 21:30;466.55
01/01/2026 21:45;466.55
01/01/2026 22:00;466.55
01/01/2026 22:15;466.54
01/01/2026 22:30;466.54
01/01/2026 22:45;466.54
01/01/2026 23:00;466.54
01/01/2026 23:15;466.54
01/01/2026 23:30;466.54
01/01/2026 23:45;466.54
02/01/2026 00:00;466.54
02/01/2026 00:15;466.54
02/01/2026 00:30;466.54
02/01/2026 00:45;466.54
02/01/2026 01:00;466.54
02/01/2026 01:15;466.54
02/01/2026 01:30;466.53
02/01/2026 01:45;466.53
02/01/2026 02:00;466.53
02/01/2026 02:15;466.53
02/01/2026 02:30;466.53
02/01/2026 02:45;466.53
02/01/2026 03:00;466.53
02/01/2026 03:15;466.53
02/01/2026 03:30;466.53
02/01/2026 03:45;466.52
02/01/2026 04:00;466.52
02/01/2026 04:15;466.52
02/01/2026 04:30;466.52
02/01/2026 04:45;466.52
02/01/2026 05:00;466.52
02/01/2026 05:15;466.52
02/01/2026 05:30;466.52
02/01/2026 05:45;466.52
02/01/2026 06:00;466.52
02/01/2026 06:15;466.51
02/01/2026 06:30;466.51
02/01/2026 06:45;466.51
02/01/2026 07:00;466.51
02/01/2026 07:15;466.51
02/01/2026 07:30;466.51
02/01/2026 07:45;466.51
02/01/2026 08:00;466.51
02/01/2026 08:15;466.51
02/01/2026 08:30;466.5
02/01/2026 08:45;466.51
02/01/2026 09:00;466.5
02/01/2026 09:15;466.5
02/01/2026 09:30;466.5
02/01/2026 09:45;466.5
02/01/2026 10:00;466.5
02/01/2026 10:15;466.5
02/01/2026 10:30;466.5
02/01/2026 10:45;466.5
02/01/2026 11:00;466.49
02/01/2026 11:15;466.49
02/01/2026 11:30;466.49
02/01/2026 11:45;466.5
02/01/2026 12:00;466.49
02/01/2026 12:15;466.49
02/01/2026 12:30;466.49
02/01/2026 12:45;466.49
02/01/2026 13:00;466.49
02/01/2026 13:15;466.49
02/01/2026 13:30;466.49
02/01/2026 13:45;466.49
02/01/2026 14:00;466.49
02/01/2026 14:15;466.49
02/01/2026 14:30;466.49
02/01/2026 14:45;466.49
02/01/2026 15:00;466.49
02/01/2026 15:15;466.48
02/01/2026 15:30;466.48
02/01/2026 15:45;466.48
02/01/2026 16:00;466.48
02/01/2026 16:15;466.48
02/01/2026 16:30;466.48
02/01/2026 16:45;466.48
02/01/2026 17:00;466.48
02/01/2026 17:15;466.48
02/01/2026 17:30;466.47
02/01/2026 17:45;466.47
02/01/2026 18:00;466.47
02/01/2026 18:15;466.47
02/01/2026 18:30;466.47
02/01/2026 18:45;466.47
02/01/2026 19:00;466.47
02/01/2026 19:15;466.46
02/01/2026 19:30;466.46
02/01/2026 19:45;466.46
02/01/2026 20:00;466.46
02/01/2026 20:15;466.46
02/01/2026 20:30;466.46
02/01/2026 20:45;466.46
02/01/2026 21:00;466.46
02/01/2026 21:15;466.46
02/01/2026 21:30;466.46
02/01/2026 21:45;466.46
02/01/2026 22:00;466.46
02/01/2026 22:15;466.46
02/01/2026 22:30;466.46
02/01/2026 22:45;466.46
02/01/2026 23:00;466.46
02/01/2026 23:15;466.46
02/01/2026 23:30;466.46
02/01/2026 23:45;466.46
03/01/2026 00:00;466.45
03/01/2026 00:15;466.45
03/01/2026 00:30;466.45
03/01/2026 00:45;466.45
03/01/2026 01:00;466.45
03/01/2026 01:15;466.45
03/01/2026 01:30;466.45
03/01/2026 01:45;466.45
03/01/2026 02:00;466.45
03/01/2026 02:15;466.45
03/01/2026 02:30;466.44
03/01/2026 02:45;466.45
03/01/2026 03:00;466.45
03/01/2026 03:15;466.45
03/01/2026 03:30;466.44
03/01/2026 03:45;466.44
03/01/2026 04:00;466.44
03/01/2026 04:15;466.44
03/01/2026 04:30;466.44
03/01/2026 04:45;466.44
03/01/2026 05:00;466.44
03/01/2026 05:15;466.44
03/01/2026 05:30;466.44
03/01/2026 05:45;466.44
03/01/2026 06:00;466.44
03/01/2026 06:15;466.43
03/01/2026 06:30;466.43
03/01/2026 06:45;466.43
03/01/2026 07:00;466.43
03/01/2026 07:15;466.43
03/01/2026 07:30;466.43
03/01/2026 07:45;466.43
03/01/2026 08:00;466.43
03/01/2026 08:15;466.43
03/01/2026 08:30;466.43
03/01/2026 08:45;466.43
03/01/2026 09:00;466.42
03/01/2026 09:15;466.43
03/01/2026 09:30;466.42
03/01/2026 09:45;466.42
03/01/2026 10:00;466.42
03/01/2026 10:15;466.42
03/01/2026 10:30;466.42
03/01/2026 10:45;466.42
03/01/2026 11:00;466.42
03/01/2026 11:15;466.42
03/01/2026 11:30;466.42
03/01/2026 11:45;466.42
03/01/2026 12:00;466.42
03/01/2026 12:15;466.42
03/01/2026 12:30;466.41
03/01/2026 12:45;466.41
03/01/2026 13:00;466.41
03/01/2026 13:15;466.41
03/01/2026 13:30;466.41
03/01/2026 13:45;466.41
03/01/2026 14:00;466.41
03/01/2026 14:15;466.41
03/01/2026 14:30;466.41
03/01/2026 14:45;466.41
03/01/2026 15:00;466.41
03/01/2026 15:15;466.4
03/01/2026 15:30;466.4
03/01/2026 15:45;466.4
03/01/2026 16:00;466.4
03/01/2026 16:15;466.4
03/01/2026 16:30;466.4
03/01/2026 16:45;466.4
03/01/2026 17:00;466.4
03/01/2026 17:15;466.4
03/01/2026 17:30;466.4
03/01/2026 17:45;466.4
03/01/2026 18:00;466.39
03/01/2026 18:15;466.39
03/01/2026 18:30;466.39
03/01/2026 18:45;466.39
03/01/2026 19:00;466.39
03/01/2026 19:15;466.39
03/01/2026 19:30;466.39
03/01/2026 19:45;466.39
03/01/2026 20:00;466.39
03/01/2026 20:15;466.39
03/01/2026 20:30;466.39
03/01/2026 20:45;466.39
03/01/2026 21:00;466.39
03/01/2026 21:15;466.39
03/01/2026 21:30;466.39
03/01/2026 21:45;466.39
03/01/2026 22:00;466.4
03/01/2026 22:15;466.39
03/01/2026 22:30;466.4
03/01/2026 22:45;466.4
03/01/2026 23:00;466.4
03/01/2026 23:15;466.4
03/01/2026 23:30;466.4
03/01/2026 23:45;466.4
04/01/2026 00:00;466.4
04/01/2026 00:15;466.4
04/01/2026 00:30;466.4
04/01/2026 00:45;466.4
04/01/2026 01:00;466.4
04/01/2026 01:15;466.41
04/01/2026 01:30;466.41
04/01/2026 01:45;466.41
04/01/2026 02:00;466.41
04/01/2026 02:15;466.41
04/01/2026 02:30;466.41
04/01/2026 02:45;466.41
04/01/2026 03:00;466.41
04/01/2026 03:15;466.41
04/01/2026 03:30;466.41
04/01/2026 03:45;466.42
04/01/2026 04:00;466.42
04/01/2026 04:15;466.42
04/01/2026 04:30;466.42
04/01/2026 04:45;466.42
04/01/2026 05:00;466.42
04/01/2026 05:15;466.42
04/01/2026 05:30;466.42
04/01/2026 05:45;466.42
04/01/2026 06:00;466.43
04/01/2026 06:15;466.43
04/01/2026 06:30;466.43
04/01/2026 06:45;466.43
04/01/2026 07:00;466.43
04/01/2026 07:15;466.43
04/01/2026 07:30;466.43
04/01/2026 07:45;466.43
04/01/2026 08:00;466.43
04/01/2026 08:15;466.43
04/01/2026 08:30;466.43
04/01/2026 08:45;466.43
04/01/2026 09:00;466.43
04/01/2026 09:15;466.43
04/01/2026 09:30;466.44
04/01/2026 09:45;466.44
04/01/2026 10:00;466.44
04/01/2026 10:15;466.44
04/01/2026 10:30;466.44
04/01/2026 10:45;466.45
04/01/2026 11:00;466.45
04/01/2026 11:15;466.45
04/01/2026 11:30;466.46
04/01/2026 11:45;466.46
04/01/2026 12:00;466.46
04/01/2026 12:15;466.46
04/01/2026 12:30;466.46
04/01/2026 12:45;466.46
04/01/2026 13:00;466.46
04/01/2026 13:15;466.46
04/01/2026 13:30;466.46
04/01/2026 13:45;466.46
04/01/2026 14:00;466.46
04/01/2026 14:15;466.46
04/01/2026 14:30;466.46
04/01/2026 14:45;466.46
04/01/2026 15:00;466.46
04/01/2026 15:15;466.46
04/01/2026 15:30;466.46
04/01/2026 15:45;466.47
04/01/2026 16:00;466.46
04/01/2026 16:15;466.47
04/01/2026 16:30;466.47
04/01/2026 16:45;466.47
04/01/2026 17:00;466.47
04/01/2026 17:15;466.47
04/01/2026 17:30;466.47
04/01/2026 17:45;466.47
04/01/2026 18:00;466.47
04/01/2026 18:15;466.47
04/01/2026 18:30;466.48
04/01/2026 18:45;466.48
04/01/2026 19:00;466.48
04/01/2026 19:15;466.48
04/01/2026 19:30;466.48
04/01/2026 19:45;466.48
04/01/2026 20:00;466.48
04/01/2026 20:15;466.49
04/01/2026 20:30;466.49
04/01/2026 20:45;466.49
04/01/2026 21:00;466.49
04/01/2026 21:15;466.49
04/01/2026 21:30;466.49
04/01/2026 21:45;466.49
04/01/2026 22:00;466.49
04/01/2026 22:15;466.49
04/01/2026 22:30;466.49
04/01/2026 22:45;466.49
04/01/2026 23:00;466.5
04/01/2026 23:15;466.5
04/01/2026 23:30;466.5
04/01/2026 23:45;466.5
05/01/2026 00:00;466.5
05/01/2026 00:15;466.5
05/01/2026 00:30;466.51
05/01/2026 00:45;466.51
05/01/2026 01:00;466.51
05/01/2026 01:15;466.51
05/01/2026 01:30;466.51
05/01/2026 01:45;466.51
05/01/2026 02:00;466.51
05/01/2026 02:15;466.52
05/01/2026 02:30;466.52
05/01/2026 02:45;466.52
05/01/2026 03:00;466.52
05/01/2026 03:15;466.52
05/01/2026 03:30;466.52
05/01/2026 03:45;466.52
05/01/2026 04:00;466.52
05/01/2026 04:15;466.52
05/01/2026 04:30;466.52
05/01/2026 04:45;466.53
05/01/2026 05:00;466.53
05/01/2026 05:15;466.53
05/01/2026 05:30;466.53
05/01/2026 05:45;466.53
05/01/2026 06:00;466.53
05/01/2026 06:15;466.53
05/01/2026 06:30;466.53
05/01/2026 06:45;466.53
05/01/2026 07:00;466.53
05/01/2026 07:15;466.54
05/01/2026 07:30;466.54
05/01/2026 07:45;466.54
05/01/2026 08:00;466.54
05/01/2026 08:15;466.54
05/01/2026 08:30;466.54
05/01/2026 08:45;466.54
05/01/2026 09:00;466.54
05/01/2026 09:15;466.54
05/01/2026 09:30;466.54
05/01/2026 09:45;466.53
05/01/2026 10:00;466.53
05/01/2026 10:15;466.53
05/01/2026 10:30;466.54
05/01/2026 10:45;466.55
05/01/2026 11:00;466.54
05/01/2026 11:15;466.55
05/01/2026 11:30;466.55
05/01/2026 11:45;466.55
05/01/2026 12:00;466.55
05/01/2026 12:15;466.55
05/01/2026 12:30;466.55
05/01/2026 12:45;466.55
05/01/2026 13:00;466.55
05/01/2026 13:15;466.55
05/01/2026 13:30;466.55
05/01/2026 13:45;466.55
05/01/2026 14:00;466.55
05/01/2026 14:15;466.55
05/01/2026 14:30;466.55
05/01/2026 14:45;466.55
05/01/2026 15:00;466.55
05/01/2026 15:15;466.55
05/01/2026 15:30;466.55
05/01/2026 15:45;466.55
05/01/2026 16:00;466.55
05/01/2026 16:15;466.55
05/01/2026 16:30;466.55
05/01/2026 16:45;466.55
05/01/2026 17:00;466.55
05/01/2026 17:15;466.55
05/01/2026 17:30;466.55
05/01/2026 17:45;466.55
05/01/2026 18:00;466.56
05/01/2026 18:15;466.56
05/01/2026 18:30;466.56
05/01/2026 18:45;466.56
05/01/2026 19:00;466.56
05/01/2026 19:15;466.56
05/01/2026 19:30;466.56
05/01/2026 19:45;466.56
05/01/2026 20:00;466.56
05/01/2026 20:15;466.56
05/01/2026 20:30;466.56
05/01/2026 20:45;466.56
05/01/2026 21:00;466.56
05/01/2026 21:15;466.56
05/01/2026 21:30;466.56
05/01/2026 21:45;466.57
05/01/2026 22:00;466.57
05/01/2026 22:15;466.57
05/01/2026 22:30;466.57
05/01/2026 22:45;466.57
05/01/2026 23:00;466.57
05/01/2026 23:15;466.58
05/01/2026 23:30;466.57
05/01/2026 23:45;466.57
06/01/2026 00:00;466.57
06/01/2026 00:15;466.57
06/01/2026 00:30;466.57
06/01/2026 00:45;466.58
06/01/2026 01:00;466.58
06/01/2026 01:15;466.58
06/01/2026 01:30;466.58
06/01/2026 01:45;466.58
06/01/2026 02:00;466.58
06/01/2026 02:15;466.58
06/01/2026 02:30;466.58
06/01/2026 02:45;466.58
06/01/2026 03:00;466.59
06/01/2026 03:15;466.58
06/01/2026 03:30;466.58
06/01/2026 03:45;466.59
06/01/2026 04:00;466.59
06/01/2026 04:15;466.59
06/01/2026 04:30;466.59
06/01/2026 04:45;466.59
06/01/2026 05:00;466.59
06/01/2026 05:15;466.59
06/01/2026 05:30;466.59
06/01/2026 05:45;466.59
06/01/2026 06:00;466.59
06/01/2026 06:15;466.59
06/01/2026 06:30;466.59
06/01/2026 06:45;466.59
06/01/2026 07:00;466.6
06/01/2026 07:15;466.6
06/01/2026 07:30;466.6
06/01/2026 07:45;466.6
06/01/2026 08:00;466.6
06/01/2026 08:15;466.6
06/01/2026 08:30;466.6
06/01/2026 08:45;466.6
06/01/2026 09:00;466.6
06/01/2026 09:15;466.6
06/01/2026 09:30;466.6
06/01/2026 09:45;466.6
06/01/2026 10:00;466.6
06/01/2026 10:15;466.61
06/01/2026 10:30;466.6
06/01/2026 10:45;466.61
06/01/2026 11:00;466.61
06/01/2026 11:15;466.61
06/01/2026 11:30;466.6
06/01/2026 11:45;466.61
06/01/2026 12:00;466.6
06/01/2026 12:15;466.61
06/01/2026 12:30;466.61
06/01/2026 12:45;466.61
06/01/2026 13:00;466.61
06/01/2026 13:15;466.61
06/01/2026 13:30;466.62
06/01/2026 13:45;466.62
06/01/2026 14:00;466.61
06/01/2026 14:15;466.61
06/01/2026 14:30;466.61
06/01/2026 14:45;466.61
06/01/2026 15:00;466.62
06/01/2026 15:15;466.62
06/01/2026 15:30;466.61
06/01/2026 15:45;466.61
06/01/2026 16:00;466.62
06/01/2026 16:15;466.62
06/01/2026 16:30;466.61
06/01/2026 16:45;466.61
06/01/2026 17:00;466.61
06/01/2026 17:15;466.62
06/01/2026 17:30;466.62
06/01/2026 17:45;466.62
06/01/2026 18:00;466.62
06/01/2026 18:15;466.62
06/01/2026 18:30;466.62
06/01/2026 18:45;466.62
06/01/2026 19:00;466.62
06/01/2026 19:15;466.62
06/01/2026 19:30;466.62
06/01/2026 19:45;466.62
06/01/2026 20:00;466.62
06/01/2026 20:15;466.63
06/01/2026 20:30;466.63
06/01/2026 20:45;466.63
06/01/2026 21:00;466.63
06/01/2026 21:15;466.63
06/01/2026 21:30;466.63
06/01/2026 21:45;466.63
06/01/2026 22:00;466.63
06/01/2026 22:15;466.63
06/01/2026 22:30;466.63
06/01/2026 22:45;466.63
06/01/2026 23:00;466.63
06/01/2026 23:15;466.63
06/01/2026 23:30;466.63
06/01/2026 23:45;466.63
07/01/2026 00:00;466.63
07/01/2026 00:15;466.64
07/01/2026 00:30;466.63
07/01/2026 00:45;466.64
07/01/2026 01:00;466.64
07/01/2026 01:15;466.64
07/01/2026 01:30;466.64
07/01/2026 01:45;466.64
07/01/2026 02:00;466.64
07/01/2026 02:15;466.64
07/01/2026 02:30;466.64
07/01/2026 02:45;466.64
07/01/2026 03:00;466.64
07/01/2026 03:15;466.64
07/01/2026 03:30;466.64
07/01/2026 03:45;466.64
07/01/2026 04:00;466.64
07/01/2026 04:15;466.64
07/01/2026 04:30;466.64
07/01/2026 04:45;466.64
07/01/2026 05:00;466.64
07/01/2026 05:15;466.65
07/01/2026 05:30;466.65
07/01/2026 05:45;466.65
07/01/2026 06:00;466.65
07/01/2026 06:15;466.65
07/01/2026 06:30;466.65
07/01/2026 06:45;466.65
07/01/2026 07:00;466.65
07/01/2026 07:15;466.65
07/01/2026 07:30;466.65
07/01/2026 07:45;466.65
07/01/2026 08:00;466.65
07/01/2026 08:15;466.65
07/01/2026 08:30;466.65
07/01/2026 08:45;466.65
07/01/2026 09:00;466.65
07/01/2026 09:15;466.65
07/01/2026 09:30;466.65
07/01/2026 09:45;466.66
07/01/2026 10:00;466.66
07/01/2026 10:15;466.66
07/01/2026 10:30;466.67
07/01/2026 10:45;466.67
07/01/2026 11:00;466.67
07/01/2026 11:15;466.67
07/01/2026 11:30;466.67
07/01/2026 11:45;466.67
07/01/2026 12:00;466.67
07/01/2026 12:15;466.67
07/01/2026 12:30;466.66
07/01/2026 12:45;466.67
07/01/2026 13:00;466.67
07/01/2026 13:15;466.66
07/01/2026 13:30;466.67
07/01/2026 13:45;466.67
07/01/2026 14:00;466.67
07/01/2026 14:15;466.67
07/01/2026 14:30;466.67
07/01/2026 14:45;466.67
07/01/2026 15:00;466.67
07/01/2026 15:15;466.67
07/01/2026 15:30;466.67
07/01/2026 15:45;466.67
07/01/2026 16:00;466.67
07/01/2026 16:15;466.67
07/01/2026 16:30;466.67
07/01/2026 16:45;466.67
07/01/2026 17:00;466.67
07/01/2026 17:15;466.67
07/01/2026 17:30;466.67
07/01/2026 17:45;466.67
07/01/2026 18:00;466.67
07/01/2026 18:15;466.67
07/01/2026 18:30;466.67
07/01/2026 18:45;466.67
07/01/2026 19:00;466.67
07/01/2026 19:15;466.67
07/01/2026 19:30;466.67
07/01/2026 19:45;466.67
07/01/2026 20:00;466.67
07/01/2026 20:15;466.67
07/01/2026 20:30;466.67
07/01/2026 20:45;466.67
07/01/2026 21:00;466.67
07/01/2026 21:15;466.68
07/01/2026 21:30;466.68
07/01/2026 21:45;466.68
07/01/2026 22:00;466.68
07/01/2026 22:15;466.68
07/01/2026 22:30;466.68
07/01/2026 22:45;466.68
07/01/2026 23:00;466.68
07/01/2026 23:15;466.68
07/01/2026 23:30;466.68
07/01/2026 23:45;466.68
08/01/2026 00:00;466.68
08/01/2026 00:15;466.68
08/01/2026 00:30;466.68
08/01/2026 00:45;466.68
08/01/2026 01:00;466.68
08/01/2026 01:15;466.68
08/01/2026 01:30;466.69
08/01/2026 01:45;466.69
08/01/2026 02:00;466.69
08/01/2026 02:15;466.69
08/01/2026 02:30;466.69
08/01/2026 02:45;466.69
08/01/2026 03:00;466.69
08/01/2026 03:15;466.69
08/01/2026 03:30;466.69
08/01/2026 03:45;466.69
08/01/2026 04:00;466.69
08/01/2026 04:15;466.69
08/01/2026 04:30;466.69
08/01/2026 04:45;466.69
08/01/2026 05:00;466.69
08/01/2026 05:15;466.69
08/01/2026 05:30;466.69
08/01/2026 05:45;466.69
08/01/2026 06:00;466.69
08/01/2026 06:15;466.69
08/01/2026 06:30;466.69
08/01/2026 06:45;466.7
08/01/2026 07:00;466.7
08/01/2026 07:15;466.7
08/01/2026 07:30;466.7
08/01/2026 07:45;466.7
08/01/2026 08:00;466.7
08/01/2026 08:15;466.7
08/01/2026 08:30;466.7
08/01/2026 08:45;466.7
08/01/2026 09:00;466.7
08/01/2026 09:15;466.7
08/01/2026 09:30;466.7
08/01/2026 09:45;466.7
08/01/2026 10:00;466.7
08/01/2026 10:15;466.71
08/01/2026 10:30;466.71
08/01/2026 10:45;466.71
08/01/2026 11:00;466.71
08/01/2026 11:15;466.71
08/01/2026 11:30;466.71
08/01/2026 11:45;466.71
08/01/2026 12:00;466.71
08/01/2026 12:15;466.71
08/01/2026 12:30;466.71
08/01/2026 12:45;466.71
08/01/2026 13:00;466.71
08/01/2026 13:15;466.71
08/01/2026 13:30;466.71
08/01/2026 13:45;466.71
08/01/2026 14:00;466.71
08/01/2026 14:15;466.71
08/01/2026 14:30;466.71
08/01/2026 14:45;466.71
08/01/2026 15:00;466.71
08/01/2026 15:15;466.71
08/01/2026 15:30;466.71
08/01/2026 15:45;466.71
08/01/2026 16:00;466.71
08/01/2026 16:15;466.71
08/01/2026 16:30;466.71
08/01/2026 16:45;466.71
08/01/2026 17:00;466.72
08/01/2026 17:15;466.71
08/01/2026 17:30;466.72
08/01/2026 17:45;466.71
08/01/2026 18:00;466.72
08/01/2026 18:15;466.71
08/01/2026 18:30;466.72
08/01/2026 18:45;466.72
08/01/2026 19:00;466.72
08/01/2026 19:15;466.72
08/01/2026 19:30;466.72
08/01/2026 19:45;466.72
08/01/2026 20:00;466.72
08/01/2026 20:15;466.72
08/01/2026 20:30;466.72
08/01/2026 20:45;466.72
08/01/2026 21:00;466.72
08/01/2026 21:15;466.72
08/01/2026 21:30;466.72
08/01/2026 21:45;466.72
08/01/2026 22:00;466.72
08/01/2026 22:15;466.72
08/01/2026 22:30;466.73
08/01/2026 22:45;466.73
08/01/2026 23:00;466.73
08/01/2026 23:15;466.73
08/01/2026 23:30;466.73
08/01/2026 23:45;466.73
09/01/2026 00:00;466.73
09/01/2026 00:15;466.73
09/01/2026 00:30;466.73
09/01/2026 00:45;466.73
09/01/2026 01:00;466.73
09/01/2026 01:15;466.74
09/01/2026 01:30;466.73
09/01/2026 01:45;466.73
09/01/2026 02:00;466.73
09/01/2026 02:15;466.74
09/01/2026 02:30;466.74
09/01/2026 02:45;466.74
09/01/2026 03:00;466.74
09/01/2026 03:15;466.74
09/01/2026 03:30;466.74
09/01/2026 03:45;466.74
09/01/2026 04:00;466.74
09/01/2026 04:15;466.74
09/01/2026 04:30;466.75
09/01/2026 04:45;466.75
09/01/2026 05:00;466.75
09/01/2026 05:15;466.75
09/01/2026 05:30;466.75
09/01/2026 05:45;466.75
09/01/2026 06:00;466.75
09/01/2026 06:15;466.75
09/01/2026 06:30;466.75
09/01/2026 06:45;466.75
09/01/2026 07:00;466.75
09/01/2026 07:15;466.75
09/01/2026 07:30;466.75
09/01/2026 07:45;466.75
09/01/2026 08:00;466.76
09/01/2026 08:15;466.76
09/01/2026 08:30;466.76
09/01/2026 08:45;466.76
09/01/2026 09:00;466.76
09/01/2026 09:15;466.76
09/01/2026 09:30;466.76
09/01/2026 09:45;466.76
09/01/2026 10:00;466.76
09/01/2026 10:15;466.76
09/01/2026 10:30;466.77
09/01/2026 10:45;466.77
09/01/2026 11:00;466.77
09/01/2026 11:15;466.77
09/01/2026 11:30;466.77
09/01/2026 11:45;466.77
09/01/2026 12:00;466.77
09/01/2026 12:15;466.77
09/01/2026 12:30;466.77
09/01/2026 12:45;466.77
09/01/2026 13:00;466.77
09/01/2026 13:15;466.78
09/01/2026 13:30;466.77
09/01/2026 13:45;466.78
09/01/2026 14:00;466.76
09/01/2026 14:15;466.77
09/01/2026 14:30;466.77
09/01/2026 14:45;466.78
09/01/2026 15:00;466.78
09/01/2026 15:15;466.78
09/01/2026 15:30;466.78
09/01/2026 15:45;466.79
09/01/2026 16:00;466.79
09/01/2026 16:15;466.8
09/01/2026 16:30;466.79
09/01/2026 16:45;466.8
09/01/2026 17:00;466.8
09/01/2026 17:15;466.8
09/01/2026 17:30;466.8
09/01/2026 17:45;466.81
09/01/2026 18:00;466.8
09/01/2026 18:15;466.81
09/01/2026 18:30;466.81
09/01/2026 18:45;466.82
09/01/2026 19:00;466.81
09/01/2026 19:15;466.82
09/01/2026 19:30;466.82
09/01/2026 19:45;466.83
09/01/2026 20:00;466.83
09/01/2026 20:15;466.83
09/01/2026 20:30;466.83
09/01/2026 20:45;466.84
09/01/2026 21:00;466.84
09/01/2026 21:15;466.84
09/01/2026 21:30;466.84
09/01/2026 21:45;466.85
09/01/2026 22:00;466.85
09/01/2026 22:15;466.85
09/01/2026 22:30;466.86
09/01/2026 22:45;466.86
09/01/2026 23:00;466.86
09/01/2026 23:15;466.86
09/01/2026 23:30;466.87
09/01/2026 23:45;466.87
10/01/2026 00:00;466.87
10/01/2026 00:15;466.88
10/01/2026 00:30;466.88
10/01/2026 00:45;466.88
10/01/2026 01:00;466.88
10/01/2026 01:15;466.89
10/01/2026 01:30;466.89
10/01/2026 01:45;466.89
10/01/2026 02:00;466.89
10/01/2026 02:15;466.9
10/01/2026 02:30;466.9
10/01/2026 02:45;466.9
10/01/2026 03:00;466.9
10/01/2026 03:15;466.91
10/01/2026 03:30;466.91
10/01/2026 03:45;466.92
10/01/2026 04:00;466.92
10/01/2026 04:15;466.92
10/01/2026 04:30;466.93
10/01/2026 04:45;466.93
10/01/2026 05:00;466.93
10/01/2026 05:15;466.93
10/01/2026 05:30;466.94
10/01/2026 05:45;466.94
10/01/2026 06:00;466.95
10/01/2026 06:15;466.95
10/01/2026 06:30;466.95
10/01/2026 06:45;466.95
10/01/2026 07:00;466.96
10/01/2026 07:15;466.96
10/01/2026 07:30;466.96
10/01/2026 07:45;466.97
10/01/2026 08:00;466.97
10/01/2026 08:15;466.97
10/01/2026 08:30;466.98
10/01/2026 08:45;466.98
10/01/2026 09:00;466.98
10/01/2026 09:15;466.98
10/01/2026 09:30;466.99
10/01/2026 09:45;466.99
10/01/2026 10:00;466.99
10/01/2026 10:15;467
10/01/2026 10:30;467
10/01/2026 10:45;467
10/01/2026 11:00;467.01
10/01/2026 11:15;467.01
10/01/2026 11:30;467.01
10/01/2026 11:45;467.01
10/01/2026 12:00;467.02
10/01/2026 12:15;467.02
10/01/2026 12:30;467.02
10/01/2026 12:45;467.02
10/01/2026 13:00;467.03
10/01/2026 13:15;467.03
10/01/2026 13:30;467.03
10/01/2026 13:45;467.03
10/01/2026 14:00;467.04
10/01/2026 14:15;467.04
10/01/2026 14:30;467.05
10/01/2026 14:45;467.05
10/01/2026 15:00;467.05
10/01/2026 15:15;467.05
10/01/2026 15:30;467.05
10/01/2026 15:45;467.06
10/01/2026 16:00;467.06
10/01/2026 16:15;467.06
10/01/2026 16:30;467.06
10/01/2026 16:45;467.07
10/01/2026 17:00;467.07
10/01/2026 17:15;467.08
10/01/2026 17:30;467.08
10/01/2026 17:45;467.08
10/01/2026 18:00;467.08
10/01/2026 18:15;467.08
10/01/2026 18:30;467.08
10/01/2026 18:45;467.09
10/01/2026 19:00;467.09
10/01/2026 19:15;467.09
10/01/2026 19:30;467.1
10/01/2026 19:45;467.1
10/01/2026 20:00;467.1
10/01/2026 20:15;467.11
10/01/2026 20:30;467.11
10/01/2026 20:45;467.11
10/01/2026 21:00;467.12
10/01/2026 21:15;467.12
10/01/2026 21:30;467.12
10/01/2026 21:45;467.13
10/01/2026 22:00;467.13
10/01/2026 22:15;467.13
10/01/2026 22:30;467.13
10/01/2026 22:45;467.14
10/01/2026 23:00;467.14
10/01/2026 23:15;467.14
10/01/2026 23:30;467.15
10/01/2026 23:45;467.15
11/01/2026 00:00;467.15
11/01/2026 00:15;467.15
11/01/2026 00:30;467.16
11/01/2026 00:45;467.16
11/01/2026 01:00;467.16
11/01/2026 01:15;467.16
11/01/2026 01:30;467.17
11/01/2026 01:45;467.17
11/01/2026 02:00;467.17
11/01/2026 02:15;467.18
11/01/2026 02:30;467.18
11/01/2026 02:45;467.18
11/01/2026 03:00;467.18
11/01/2026 03:15;467.19
11/01/2026 03:30;467.19
11/01/2026 03:45;467.19
11/01/2026 04:00;467.19
11/01/2026 04:15;467.2
11/01/2026 04:30;467.2
11/01/2026 04:45;467.21
11/01/2026 05:00;467.21
11/01/2026 05:15;467.21
11/01/2026 05:30;467.21
11/01/2026 05:45;467.22
11/01/2026 06:00;467.22
11/01/2026 06:15;467.22
11/01/2026 06:30;467.23
11/01/2026 06:45;467.23
11/01/2026 07:00;467.23
11/01/2026 07:15;467.23
11/01/2026 07:30;467.24
11/01/2026 07:45;467.24
11/01/2026 08:00;467.24
11/01/2026 08:15;467.25
11/01/2026 08:30;467.25
11/01/2026 08:45;467.25
11/01/2026 09:00;467.25
11/01/2026 09:15;467.25
11/01/2026 09:30;467.26
11/01/2026 09:45;467.26
11/01/2026 10:00;467.27
11/01/2026 10:15;467.27
11/01/2026 10:30;467.28
11/01/2026 10:45;467.28
11/01/2026 11:00;467.28
11/01/2026 11:15;467.29
11/01/2026 11:30;467.29
11/01/2026 11:45;467.29
11/01/2026 12:00;467.3
11/01/2026 12:15;467.3
11/01/2026 12:30;467.3
11/01/2026 12:45;467.3
11/01/2026 13:00;467.3
11/01/2026 13:15;467.3
11/01/2026 13:30;467.31
11/01/2026 13:45;467.31
11/01/2026 14:00;467.31
11/01/2026 14:15;467.31
11/01/2026 14:30;467.31
11/01/2026 14:45;467.31
11/01/2026 15:00;467.32
11/01/2026 15:15;467.32
11/01/2026 15:30;467.32
11/01/2026 15:45;467.32
11/01/2026 16:00;467.33
11/01/2026 16:15;467.33
11/01/2026 16:30;467.33
11/01/2026 16:45;467.33
11/01/2026 17:00;467.33
11/01/2026 17:15;467.34
11/01/2026 17:30;467.34
11/01/2026 17:45;467.34
11/01/2026 18:00;467.34
11/01/2026 18:15;467.35
11/01/2026 18:30;467.35
11/01/2026 18:45;467.35
11/01/2026 19:00;467.35
11/01/2026 19:15;467.35
11/01/2026 19:30;467.36
11/01/2026 19:45;467.36
11/01/2026 20:00;467.36
11/01/2026 20:15;467.36
11/01/2026 20:30;467.37
11/01/2026 20:45;467.37
11/01/2026 21:00;467.37
11/01/2026 21:15;467.37
11/01/2026 21:30;467.38
11/01/2026 21:45;467.38
11/01/2026 22:00;467.38
11/01/2026 22:15;467.38
11/01/2026 22:30;467.38
11/01/2026 22:45;467.39
11/01/2026 23:00;467.39
11/01/2026 23:15;467.39
11/01/2026 23:30;467.39
11/01/2026 23:45;467.4
12/01/2026 00:00;467.4
12/01/2026 00:15;467.4
12/01/2026 00:30;467.4
12/01/2026 00:45;467.4
12/01/2026 01:00;467.41
12/01/2026 01:15;467.41
12/01/2026 01:30;467.41
12/01/2026 01:45;467.41
12/01/2026 02:00;467.41
12/01/2026 02:15;467.42
12/01/2026 02:30;467.42
12/01/2026 02:45;467.42
12/01/2026 03:00;467.42
12/01/2026 03:15;467.42
12/01/2026 03:30;467.43
12/01/2026 03:45;467.43
12/01/2026 04:00;467.43
12/01/2026 04:15;467.43
12/01/2026 04:30;467.44
12/01/2026 04:45;467.44
12/01/2026 05:00;467.44
12/01/2026 05:15;467.44
12/01/2026 05:30;467.44
12/01/2026 05:45;467.44
12/01/2026 06:00;467.44
12/01/2026 06:15;467.44
12/01/2026 06:30;467.45
12/01/2026 06:45;467.45
12/01/2026 07:00;467.45
12/01/2026 07:15;467.46
12/01/2026 07:30;467.46
12/01/2026 07:45;467.46
12/01/2026 08:00;467.46
12/01/2026 08:15;467.47
12/01/2026 08:30;467.47
12/01/2026 08:45;467.47
12/01/2026 09:00;467.47
12/01/2026 09:15;467.48
12/01/2026 09:30;467.48
12/01/2026 09:45;467.48
12/01/2026 10:00;467.49
12/01/2026 10:15;467.49
12/01/2026 10:30;467.49
12/01/2026 10:45;467.49
12/01/2026 11:00;467.5
12/01/2026 11:15;467.49
12/01/2026 11:30;467.5
12/01/2026 11:45;467.5
12/01/2026 12:00;467.5
12/01/2026 12:15;467.5
12/01/2026 12:30;467.5
12/01/2026 12:45;467.51
12/01/2026 13:00;467.51
12/01/2026 13:15;467.51
12/01/2026 13:30;467.51
12/01/2026 13:45;467.51
12/01/2026 14:00;467.51
12/01/2026 14:15;467.52
12/01/2026 14:30;467.52
12/01/2026 14:45;467.52
12/01/2026 15:00;467.52
12/01/2026 15:15;467.53
12/01/2026 15:30;467.53
12/01/2026 15:45;467.53
12/01/2026 16:00;467.53
12/01/2026 16:15;467.53
12/01/2026 16:30;467.53
12/01/2026 16:45;467.54
12/01/2026 17:00;467.54
12/01/2026 17:15;467.54
12/01/2026 17:30;467.54
12/01/2026 17:45;467.54
12/01/2026 18:00;467.55
12/01/2026 18:15;467.55
12/01/2026 18:30;467.55
12/01/2026 18:45;467.55
12/01/2026 19:00;467.55
12/01/2026 19:15;467.56
12/01/2026 19:30;467.56
12/01/2026 19:45;467.56
12/01/2026 20:00;467.56
12/01/2026 20:15;467.56
12/01/2026 20:30;467.57
12/01/2026 20:45;467.57
12/01/2026 21:00;467.57
12/01/2026 21:15;467.57
12/01/2026 21:30;467.58
12/01/2026 21:45;467.58
12/01/2026 22:00;467.58
12/01/2026 22:15;467.58
12/01/2026 22:30;467.59
12/01/2026 22:45;467.59
12/01/2026 23:00;467.59
12/01/2026 23:15;467.59
12/01/2026 23:30;467.6
12/01/2026 23:45;467.6
13/01/2026 00:00;467.6
13/01/2026 00:15;467.6
13/01/2026 00:30;467.6
13/01/2026 00:45;467.61
13/01/2026 01:00;467.61
13/01/2026 01:15;467.61
13/01/2026 01:30;467.61
13/01/2026 01:45;467.61
13/01/2026 02:00;467.62
13/01/2026 02:15;467.62
13/01/2026 02:30;467.62
13/01/2026 02:45;467.62
13/01/2026 03:00;467.63
13/01/2026 03:15;467.63
13/01/2026 03:30;467.63
13/01/2026 03:45;467.63
13/01/2026 04:00;467.64
13/01/2026 04:15;467.64
13/01/2026 04:30;467.64
13/01/2026 04:45;467.65
13/01/2026 05:00;467.65
13/01/2026 05:15;467.65
13/01/2026 05:30;467.65
13/01/2026 05:45;467.66
13/01/2026 06:00;467.66
13/01/2026 06:15;467.66
13/01/2026 06:30;467.66
13/01/2026 06:45;467.67
13/01/2026 07:00;467.67
13/01/2026 07:15;467.67
13/01/2026 07:30;467.68
13/01/2026 07:45;467.68
13/01/2026 08:00;467.68
13/01/2026 08:15;467.68
13/01/2026 08:30;467.69
13/01/2026 08:45;467.69
13/01/2026 09:00;467.69
13/01/2026 09:15;467.7
13/01/2026 09:30;467.7
13/01/2026 09:45;467.7
13/01/2026 10:00;467.71
13/01/2026 10:15;467.71
13/01/2026 10:30;467.71
13/01/2026 10:45;467.72
13/01/2026 11:00;467.72
13/01/2026 11:15;467.73
13/01/2026 11:30;467.73
13/01/2026 11:45;467.73
13/01/2026 12:00;467.73
13/01/2026 12:15;467.73
13/01/2026 12:30;467.73
13/01/2026 12:45;467.73
13/01/2026 13:00;467.73
13/01/2026 13:15;467.74
13/01/2026 13:30;467.74
13/01/2026 13:45;467.74
13/01/2026 14:00;467.74
13/01/2026 14:15;467.75
13/01/2026 14:30;467.75
13/01/2026 14:45;467.75
13/01/2026 15:00;467.75
13/01/2026 15:15;467.76
13/01/2026 15:30;467.76
13/01/2026 15:45;467.76
13/01/2026 16:00;467.77
13/01/2026 16:15;467.77
13/01/2026 16:30;467.77
13/01/2026 16:45;467.77
13/01/2026 17:00;467.77
13/01/2026 17:15;467.78
13/01/2026 17:30;467.78
13/01/2026 17:45;467.78
13/01/2026 18:00;467.79
13/01/2026 18:15;467.79
13/01/2026 18:30;467.79
13/01/2026 18:45;467.79
13/01/2026 19:00;467.8
13/01/2026 19:15;467.8
13/01/2026 19:30;467.8
13/01/2026 19:45;467.81
13/01/2026 20:00;467.81
13/01/2026 20:15;467.81
13/01/2026 20:30;467.81
13/01/2026 20:45;467.82
13/01/2026 21:00;467.82
13/01/2026 21:15;467.82
13/01/2026 21:30;467.83
13/01/2026 21:45;467.83
13/01/2026 22:00;467.83
13/01/2026 22:15;467.84
13/01/2026 22:30;467.84
13/01/2026 22:45;467.84
13/01/2026 23:00;467.84
13/01/2026 23:15;467.85
13/01/2026 23:30;467.85
13/01/2026 23:45;467.85
14/01/2026 00:00;467.86
14/01/2026 00:15;467.86
14/01/2026 00:30;467.86
14/01/2026 00:45;467.86
14/01/2026 01:00;467.87
14/01/2026 01:15;467.87
14/01/2026 01:30;467.87
14/01/2026 01:45;467.88
14/01/2026 02:00;467.88
14/01/2026 02:15;467.88
14/01/2026 02:30;467.89
14/01/2026 02:45;467.89
14/01/2026 03:00;467.89
14/01/2026 03:15;467.89
14/01/2026 03:30;467.9
14/01/2026 03:45;467.9
14/01/2026 04:00;467.9
14/01/2026 04:15;467.91
14/01/2026 04:30;467.91
14/01/2026 04:45;467.91
14/01/2026 05:00;467.91
14/01/2026 05:15;467.92
14/01/2026 05:30;467.92
14/01/2026 05:45;467.92
14/01/2026 06:00;467.93
14/01/2026 06:15;467.93
14/01/2026 06:30;467.93
14/01/2026 06:45;467.93
14/01/2026 07:00;467.94
14/01/2026 07:15;467.94
14/01/2026 07:30;467.94
14/01/2026 07:45;467.95
14/01/2026 08:00;467.95
14/01/2026 08:15;467.95
14/01/2026 08:30;467.95
14/01/2026 08:45;467.96
14/01/2026 09:00;467.96
14/01/2026 09:15;467.96
14/01/2026 09:30;467.97
14/01/2026 09:45;467.97
14/01/2026 10:00;467.97
14/01/2026 10:15;467.97
14/01/2026 10:30;467.98
14/01/2026 10:45;467.98
14/01/2026 11:00;467.98
14/01/2026 11:15;467.99
14/01/2026 11:30;467.99
14/01/2026 11:45;467.99
14/01/2026 12:00;467.99
14/01/2026 12:15;468
14/01/2026 12:30;468
14/01/2026 12:45;468.01
14/01/2026 13:00;468.01
14/01/2026 13:15;468.01
14/01/2026 13:30;468.01
14/01/2026 13:45;468.01
14/01/2026 14:00;468.02
14/01/2026 14:15;468.02
14/01/2026 14:30;468.02
14/01/2026 14:45;468.02
14/01/2026 15:00;468.03
14/01/2026 15:15;468.03
14/01/2026 15:30;468.03
14/01/2026 15:45;468.03
14/01/2026 16:00;468.04
14/01/2026 16:15;468.04
14/01/2026 16:30;468.04
14/01/2026 16:45;468.04
14/01/2026 17:00;468.05
14/01/2026 17:15;468.05
14/01/2026 17:30;468.05
14/01/2026 17:45;468.05
14/01/2026 18:00;468.06
14/01/2026 18:15;468.06
14/01/2026 18:30;468.06
14/01/2026 18:45;468.06
14/01/2026 19:00;468.07
14/01/2026 19:15;468.07
14/01/2026 19:30;468.07
14/01/2026 19:45;468.07
14/01/2026 20:00;468.08
14/01/2026 20:15;468.08
14/01/2026 20:30;468.08
14/01/2026 20:45;468.08
14/01/2026 21:00;468.09
14/01/2026 21:15;468.09
14/01/2026 21:30;468.09
14/01/2026 21:45;468.09
14/01/2026 22:00;468.1
14/01/2026 22:15;468.1
14/01/2026 22:30;468.1
14/01/2026 22:45;468.1
14/01/2026 23:00;468.11
14/01/2026 23:15;468.11
14/01/2026 23:30;468.11
14/01/2026 23:45;468.11
15/01/2026 00:00;468.12
15/01/2026 00:15;468.12
15/01/2026 00:30;468.12
15/01/2026 00:45;468.13
15/01/2026 01:00;468.13
15/01/2026 01:15;468.13
15/01/2026 01:30;468.13
15/01/2026 01:45;468.14
15/01/2026 02:00;468.14
15/01/2026 02:15;468.14
15/01/2026 02:30;468.14
15/01/2026 02:45;468.15
15/01/2026 03:00;468.15
15/01/2026 03:15;468.15
15/01/2026 03:30;468.16
15/01/2026 03:45;468.16
15/01/2026 04:00;468.16
15/01/2026 04:15;468.16
15/01/2026 04:30;468.17
15/01/2026 04:45;468.17
15/01/2026 05:00;468.17
15/01/2026 05:15;468.17
15/01/2026 05:30;468.17
15/01/2026 05:45;468.18
15/01/2026 06:00;468.18
15/01/2026 06:15;468.18
15/01/2026 06:30;468.18
15/01/2026 06:45;468.18
15/01/2026 07:00;468.19
15/01/2026 07:15;468.19
15/01/2026 07:30;468.19
15/01/2026 07:45;468.2
15/01/2026 08:00;468.2
15/01/2026 08:15;468.2
15/01/2026 08:30;468.2
15/01/2026 08:45;468.21
15/01/2026 09:00;468.21
15/01/2026 09:15;468.21
15/01/2026 09:30;468.21
15/01/2026 09:45;468.21
15/01/2026 10:00;468.21
15/01/2026 10:15;468.22
15/01/2026 10:30;468.22
15/01/2026 10:45;468.23
15/01/2026 11:00;468.23
15/01/2026 11:15;468.23
15/01/2026 11:30;468.24
15/01/2026 11:45;468.24
15/01/2026 12:00;468.24
15/01/2026 12:15;468.24
15/01/2026 12:30;468.24
15/01/2026 12:45;468.25
15/01/2026 13:00;468.25
15/01/2026 13:15;468.25
15/01/2026 13:30;468.25
15/01/2026 13:45;468.25
15/01/2026 14:00;468.25
15/01/2026 14:15;468.25
15/01/2026 14:30;468.26
15/01/2026 14:45;468.26
15/01/2026 15:00;468.26
15/01/2026 15:15;468.26
15/01/2026 15:30;468.26
15/01/2026 15:45;468.27
15/01/2026 16:00;468.27
15/01/2026 16:15;468.27
15/01/2026 16:30;468.27
15/01/2026 16:45;468.27
15/01/2026 17:00;468.28
15/01/2026 17:15;468.28
15/01/2026 17:30;468.28
15/01/2026 17:45;468.28
15/01/2026 18:00;468.28
15/01/2026 18:15;468.28
15/01/2026 18:30;468.29
15/01/2026 18:45;468.29
15/01/2026 19:00;468.29
15/01/2026 19:15;468.29
15/01/2026 19:30;468.29
15/01/2026 19:45;468.29
15/01/2026 20:00;468.3
15/01/2026 20:15;468.3
15/01/2026 20:30;468.3
15/01/2026 20:45;468.3
15/01/2026 21:00;468.3
15/01/2026 21:15;468.31
15/01/2026 21:30;468.31
15/01/2026 21:45;468.31
15/01/2026 22:00;468.31
15/01/2026 22:15;468.32
15/01/2026 22:30;468.32
15/01/2026 22:45;468.32
15/01/2026 23:00;468.32
15/01/2026 23:15;468.33
15/01/2026 23:30;468.33
15/01/2026 23:45;468.33
16/01/2026 00:00;468.33
16/01/2026 00:15;468.33
16/01/2026 00:30;468.34
16/01/2026 00:45;468.34
16/01/2026 01:00;468.34
16/01/2026 01:15;468.34
16/01/2026 01:30;468.34
16/01/2026 01:45;468.35
16/01/2026 02:00;468.35
16/01/2026 02:15;468.35
16/01/2026 02:30;468.35
16/01/2026 02:45;468.35
16/01/2026 03:00;468.36
16/01/2026 03:15;468.36
16/01/2026 03:30;468.36
16/01/2026 03:45;468.36
16/01/2026 04:00;468.36
16/01/2026 04:15;468.37
16/01/2026 04:30;468.37
16/01/2026 04:45;468.37
16/01/2026 05:00;468.37
16/01/2026 05:15;468.37
16/01/2026 05:30;468.38
16/01/2026 05:45;468.38
16/01/2026 06:00;468.38
16/01/2026 06:15;468.38
16/01/2026 06:30;468.38
16/01/2026 06:45;468.38
16/01/2026 07:00;468.38
16/01/2026 07:15;468.39
16/01/2026 07:30;468.39
16/01/2026 07:45;468.39
16/01/2026 08:00;468.39
16/01/2026 08:15;468.39
16/01/2026 08:30;468.4
16/01/2026 08:45;468.4
16/01/2026 09:00;468.4
16/01/2026 09:15;468.4
16/01/2026 09:30;468.4
16/01/2026 09:45;468.4
16/01/2026 10:00;468.41
16/01/2026 10:15;468.41
16/01/2026 10:30;468.41
16/01/2026 10:45;468.41
16/01/2026 11:00;468.41
16/01/2026 11:15;468.41
16/01/2026 11:30;468.42
16/01/2026 11:45;468.42
16/01/2026 12:00;468.42
16/01/2026 12:15;468.42
16/01/2026 12:30;468.42
16/01/2026 12:45;468.43
16/01/2026 13:00;468.43
16/01/2026 13:15;468.43
16/01/2026 13:30;468.43
16/01/2026 13:45;468.43
16/01/2026 14:00;468.43
16/01/2026 14:15;468.43
16/01/2026 14:30;468.44
16/01/2026 14:45;468.44
16/01/2026 15:00;468.44
16/01/2026 15:15;468.44
16/01/2026 15:30;468.44
16/01/2026 15:45;468.45
16/01/2026 16:00;468.45
16/01/2026 16:15;468.45
16/01/2026 16:30;468.45
16/01/2026 16:45;468.45
16/01/2026 17:00;468.45
16/01/2026 17:15;468.46
16/01/2026 17:30;468.46
16/01/2026 17:45;468.46
16/01/2026 18:00;468.46
16/01/2026 18:15;468.46
16/01/2026 18:30;468.46
16/01/2026 18:45;468.47
16/01/2026 19:00;468.47
16/01/2026 19:15;468.47
16/01/2026 19:30;468.47
16/01/2026 19:45;468.47
16/01/2026 20:00;468.47
16/01/2026 20:15;468.47
16/01/2026 20:30;468.48
16/01/2026 20:45;468.48
16/01/2026 21:00;468.48
16/01/2026 21:15;468.48
16/01/2026 21:30;468.49
16/01/2026 21:45;468.49
16/01/2026 22:00;468.49
16/01/2026 22:15;468.49
16/01/2026 22:30;468.49
16/01/2026 22:45;468.49
16/01/2026 23:00;468.5
16/01/2026 23:15;468.5
16/01/2026 23:30;468.5
16/01/2026 23:45;468.5
17/01/2026 00:00;468.5
17/01/2026 00:15;468.5
17/01/2026 00:30;468.5
17/01/2026 00:45;468.51
17/01/2026 01:00;468.51
17/01/2026 01:15;468.51
17/01/2026 01:30;468.51
17/01/2026 01:45;468.52
17/01/2026 02:00;468.52
17/01/2026 02:15;468.52
17/01/2026 02:30;468.52
17/01/2026 02:45;468.52
17/01/2026 03:00;468.52
17/01/2026 03:15;468.53
17/01/2026 03:30;468.53
17/01/2026 03:45;468.53
17/01/2026 04:00;468.53
17/01/2026 04:15;468.53
17/01/2026 04:30;468.54
17/01/2026 04:45;468.54
17/01/2026 05:00;468.54
17/01/2026 05:15;468.54
17/01/2026 05:30;468.55
17/01/2026 05:45;468.55
17/01/2026 06:00;468.55
17/01/2026 06:15;468.55
17/01/2026 06:30;468.55
17/01/2026 06:45;468.55
17/01/2026 07:00;468.56
17/01/2026 07:15;468.56
17/01/2026 07:30;468.56
17/01/2026 07:45;468.56
17/01/2026 08:00;468.57
17/01/2026 08:15;468.57
17/01/2026 08:30;468.57
17/01/2026 08:45;468.57
17/01/2026 09:00;468.58
17/01/2026 09:15;468.58
17/01/2026 09:30;468.58
17/01/2026 09:45;468.59
17/01/2026 10:00;468.59
17/01/2026 10:15;468.59
17/01/2026 10:30;468.59
17/01/2026 10:45;468.6
17/01/2026 11:00;468.6
17/01/2026 11:15;468.6
17/01/2026 11:30;468.61
17/01/2026 11:45;468.61
17/01/2026 12:00;468.61
17/01/2026 12:15;468.61
17/01/2026 12:30;468.62
17/01/2026 12:45;468.62
17/01/2026 13:00;468.62
17/01/2026 13:15;468.62
17/01/2026 13:30;468.63
17/01/2026 13:45;468.63
17/01/2026 14:00;468.63
17/01/2026 14:15;468.64
17/01/2026 14:30;468.64
17/01/2026 14:45;468.64
17/01/2026 15:00;468.65
17/01/2026 15:15;468.65
17/01/2026 15:30;468.65
17/01/2026 15:45;468.65
17/01/2026 16:00;468.66
17/01/2026 16:15;468.66
17/01/2026 16:30;468.66
17/01/2026 16:45;468.67
17/01/2026 17:00;468.67
17/01/2026 17:15;468.67
17/01/2026 17:30;468.67
17/01/2026 17:45;468.68
17/01/2026 18:00;468.68
17/01/2026 18:15;468.68
17/01/2026 18:30;468.69
17/01/2026 18:45;468.69
17/01/2026 19:00;468.69
17/01/2026 19:15;468.7
17/01/2026 19:30;468.7
17/01/2026 19:45;468.7
17/01/2026 20:00;468.7
17/01/2026 20:15;468.71
17/01/2026 20:30;468.71
17/01/2026 20:45;468.71
17/01/2026 21:00;468.71
17/01/2026 21:15;468.72
17/01/2026 21:30;468.72
17/01/2026 21:45;468.72
17/01/2026 22:00;468.73
17/01/2026 22:15;468.73
17/01/2026 22:30;468.73
17/01/2026 22:45;468.74
17/01/2026 23:00;468.74
17/01/2026 23:15;468.74
17/01/2026 23:30;468.75
17/01/2026 23:45;468.75
18/01/2026 00:00;468.75
18/01/2026 00:15;468.76
18/01/2026 00:30;468.76
18/01/2026 00:45;468.76
18/01/2026 01:00;468.77
18/01/2026 01:15;468.77
18/01/2026 01:30;468.77
18/01/2026 01:45;468.78
18/01/2026 02:00;468.78
18/01/2026 02:15;468.79
18/01/2026 02:30;468.79
18/01/2026 02:45;468.8
18/01/2026 03:00;468.8
18/01/2026 03:15;468.8
18/01/2026 03:30;468.81
18/01/2026 03:45;468.81
18/01/2026 04:00;468.82
18/01/2026 04:15;468.82
18/01/2026 04:30;468.83
18/01/2026 04:45;468.83
18/01/2026 05:00;468.84
18/01/2026 05:15;468.84
18/01/2026 05:30;468.85
18/01/2026 05:45;468.85
18/01/2026 06:00;468.86
18/01/2026 06:15;468.86
18/01/2026 06:30;468.87
18/01/2026 06:45;468.87
18/01/2026 07:00;468.88
18/01/2026 07:15;468.88
18/01/2026 07:30;468.89
18/01/2026 07:45;468.9
18/01/2026 08:00;468.9
18/01/2026 08:15;468.91
18/01/2026 08:30;468.91
18/01/2026 08:45;468.92
18/01/2026 09:00;468.93
18/01/2026 09:15;468.93
18/01/2026 09:30;468.94
18/01/2026 09:45;468.94
18/01/2026 10:00;468.95
18/01/2026 10:15;468.96
18/01/2026 10:30;468.97
18/01/2026 10:45;468.97
18/01/2026 11:00;468.98
18/01/2026 11:15;468.99
18/01/2026 11:30;469
18/01/2026 11:45;469.01
18/01/2026 12:00;469.01
18/01/2026 12:15;469.02
18/01/2026 12:30;469.03
18/01/2026 12:45;469.04
18/01/2026 13:00;469.05
18/01/2026 13:15;469.06
18/01/2026 13:30;469.07
18/01/2026 13:45;469.08
18/01/2026 14:00;469.08
18/01/2026 14:15;469.09
18/01/2026 14:30;469.1
18/01/2026 14:45;469.11
18/01/2026 15:00;469.11
18/01/2026 15:15;469.12
18/01/2026 15:30;469.13
18/01/2026 15:45;469.14
18/01/2026 16:00;469.14
18/01/2026 16:15;469.15
18/01/2026 16:30;469.16
18/01/2026 16:45;469.17
18/01/2026 17:00;469.17
18/01/2026 17:15;469.18
18/01/2026 17:30;469.19
18/01/2026 17:45;469.19
18/01/2026 18:00;469.2
18/01/2026 18:15;469.21
18/01/2026 18:30;469.21
18/01/2026 18:45;469.22
18/01/2026 19:00;469.23
18/01/2026 19:15;469.23
18/01/2026 19:30;469.23
18/01/2026 19:45;469.25
18/01/2026 20:00;469.25
18/01/2026 20:15;469.26
18/01/2026 20:30;469.26
18/01/2026 20:45;469.27
18/01/2026 21:00;469.28
18/01/2026 21:15;469.28
18/01/2026 21:30;469.29
18/01/2026 21:45;469.29
18/01/2026 22:00;469.3
18/01/2026 22:15;469.31
18/01/2026 22:30;469.31
18/01/2026 22:45;469.32
18/01/2026 23:00;469.32
18/01/2026 23:15;469.32
18/01/2026 23:30;469.32
18/01/2026 23:45;469.34
19/01/2026 00:00;469.34
19/01/2026 00:15;469.35
19/01/2026 00:30;469.36
19/01/2026 00:45;469.36
19/01/2026 01:00;469.37
19/01/2026 01:15;469.37
19/01/2026 01:30;469.38
19/01/2026 01:45;469.38
19/01/2026 02:00;469.39
19/01/2026 02:15;469.39
19/01/2026 02:30;469.39
19/01/2026 02:45;469.41
19/01/2026 03:00;469.41
19/01/2026 03:15;469.41
19/01/2026 03:30;469.41
19/01/2026 03:45;469.43
19/01/2026 04:00;469.43
19/01/2026 04:15;469.44
19/01/2026 04:30;469.44
19/01/2026 04:45;469.45
19/01/2026 05:00;469.45
19/01/2026 05:15;469.45
19/01/2026 05:30;469.46
19/01/2026 05:45;469.46
19/01/2026 06:00;469.47
19/01/2026 06:15;469.47
19/01/2026 06:30;469.48
19/01/2026 06:45;469.48
19/01/2026 07:00;469.48
19/01/2026 07:15;469.48
19/01/2026 07:30;469.5
19/01/2026 07:45;469.5
19/01/2026 08:00;469.5
19/01/2026 08:15;469.51
19/01/2026 08:30;469.51
19/01/2026 08:45;469.52
19/01/2026 09:00;469.52
19/01/2026 09:15;469.53
19/01/2026 09:30;469.53
19/01/2026 09:45;469.54
19/01/2026 10:00;469.54
19/01/2026 10:15;469.54
19/01/2026 10:30;469.53
19/01/2026 10:45;469.54
19/01/2026 11:00;469.54
19/01/2026 11:15;469.55
19/01/2026 11:30;469.55
19/01/2026 11:45;469.55
19/01/2026 12:00;469.56
19/01/2026 12:15;469.56
19/01/2026 12:30;469.57
19/01/2026 12:45;469.57
19/01/2026 13:00;469.57
19/01/2026 13:15;469.57
19/01/2026 13:30;469.57
19/01/2026 13:45;469.57
19/01/2026 14:00;469.57
19/01/2026 14:15;469.59
19/01/2026 14:30;469.59
19/01/2026 14:45;469.6
19/01/2026 15:00;469.6
19/01/2026 15:15;469.61
19/01/2026 15:30;469.61
19/01/2026 15:45;469.61
19/01/2026 16:00;469.62
19/01/2026 16:15;469.62
19/01/2026 16:30;469.62
19/01/2026 16:45;469.62
19/01/2026 17:00;469.63
19/01/2026 17:15;469.63
19/01/2026 17:30;469.63
19/01/2026 17:45;469.64
19/01/2026 18:00;469.64
19/01/2026 18:15;469.64
19/01/2026 18:30;469.64
19/01/2026 18:45;469.64
19/01/2026 19:00;469.66
19/01/2026 19:15;469.66
19/01/2026 19:30;469.66
19/01/2026 19:45;469.66
19/01/2026 20:00;469.66
19/01/2026 20:15;469.66
19/01/2026 20:30;469.66
19/01/2026 20:45;469.68
19/01/2026 21:00;469.68
19/01/2026 21:15;469.68
19/01/2026 21:30;469.69
19/01/2026 21:45;469.69
19/01/2026 22:00;469.69
19/01/2026 22:15;469.7
19/01/2026 22:30;469.7
19/01/2026 22:45;469.7
19/01/2026 23:00;469.71
19/01/2026 23:15;469.71
19/01/2026 23:30;469.71
19/01/2026 23:45;469.72
20/01/2026 00:00;469.72
20/01/2026 00:15;469.72
20/01/2026 00:30;469.73
20/01/2026 00:45;469.73
20/01/2026 01:00;469.73
20/01/2026 01:15;469.73
20/01/2026 01:30;469.73
20/01/2026 01:45;469.73
20/01/2026 02:00;469.75
20/01/2026 02:15;469.75
20/01/2026 02:30;469.75
20/01/2026 02:45;469.75
20/01/2026 03:00;469.76
20/01/2026 03:15;469.76
20/01/2026 03:30;469.76
20/01/2026 03:45;469.76
20/01/2026 04:00;469.77
20/01/2026 04:15;469.77
20/01/2026 04:30;469.77
20/01/2026 04:45;469.77
20/01/2026 05:00;469.78
20/01/2026 05:15;469.78
20/01/2026 05:30;469.78
20/01/2026 05:45;469.78
20/01/2026 06:00;469.78
20/01/2026 06:15;469.79
20/01/2026 06:30;469.79
20/01/2026 06:45;469.8
20/01/2026 07:00;469.8
20/01/2026 07:15;469.8
20/01/2026 07:30;469.8
20/01/2026 07:45;469.81
20/01/2026 08:00;469.81
20/01/2026 08:15;469.82
20/01/2026 08:30;469.81
20/01/2026 08:45;469.82
20/01/2026 09:00;469.82
20/01/2026 09:15;469.82
20/01/2026 09:30;469.82
20/01/2026 09:45;469.82
20/01/2026 10:00;469.82
20/01/2026 10:15;469.84
20/01/2026 10:30;469.84
20/01/2026 10:45;469.84
20/01/2026 11:00;469.84
20/01/2026 11:15;469.85
20/01/2026 11:30;469.85
20/01/2026 11:45;469.85
20/01/2026 12:00;469.85
20/01/2026 12:15;469.86
20/01/2026 12:30;469.86
20/01/2026 12:45;469.87
20/01/2026 13:00;469.87
20/01/2026 13:15;469.87
20/01/2026 13:30;469.87
20/01/2026 13:45;469.87
20/01/2026 14:00;469.87
20/01/2026 14:15;469.87
20/01/2026 14:30;469.88
20/01/2026 14:45;469.88
20/01/2026 15:00;469.88
20/01/2026 15:15;469.88
20/01/2026 15:30;469.88
20/01/2026 15:45;469.89
20/01/2026 16:00;469.89
20/01/2026 16:15;469.89
20/01/2026 16:30;469.89
20/01/2026 16:45;469.89
20/01/2026 17:00;469.89
20/01/2026 17:15;469.89
20/01/2026 17:30;469.89
20/01/2026 17:45;469.89
20/01/2026 18:00;469.91
20/01/2026 18:15;469.91
20/01/2026 18:30;469.91
20/01/2026 18:45;469.91
20/01/2026 19:00;469.91
20/01/2026 19:15;469.91
20/01/2026 19:30;469.91
20/01/2026 19:45;469.91
20/01/2026 20:00;469.91
20/01/2026 20:15;469.91
20/01/2026 20:30;469.93
20/01/2026 20:45;469.93
20/01/2026 21:00;469.93
20/01/2026 21:15;469.94
20/01/2026 21:30;469.94
20/01/2026 21:45;469.94
20/01/2026 22:00;469.94
20/01/2026 22:15;469.94
20/01/2026 22:30;469.95
20/01/2026 22:45;469.95
20/01/2026 23:00;469.95
20/01/2026 23:15;469.95
20/01/2026 23:30;469.96
20/01/2026 23:45;469.96
21/01/2026 00:00;469.96
21/01/2026 00:15;469.96
21/01/2026 00:30;469.97
21/01/2026 00:45;469.97
21/01/2026 01:00;469.97
21/01/2026 01:15;469.97
21/01/2026 01:30;469.97
21/01/2026 01:45;469.98
21/01/2026 02:00;469.98
21/01/2026 02:15;469.98
21/01/2026 02:30;469.98
21/01/2026 02:45;469.98
21/01/2026 03:00;469.98
21/01/2026 03:15;469.98
21/01/2026 03:30;469.98
21/01/2026 03:45;469.98
21/01/2026 04:00;469.98
21/01/2026 04:15;469.98
21/01/2026 04:30;469.98
21/01/2026 04:45;470
21/01/2026 05:00;470
21/01/2026 05:15;470.01
21/01/2026 05:30;470.01
21/01/2026 05:45;470.01
21/01/2026 06:00;470.01
21/01/2026 06:15;470.02
21/01/2026 06:30;470.02
21/01/2026 06:45;470.02
21/01/2026 07:00;470.02
21/01/2026 07:15;470.02
21/01/2026 07:30;470.03
21/01/2026 07:45;470.03
21/01/2026 08:00;470.03
21/01/2026 08:15;470.03
21/01/2026 08:30;470.03
21/01/2026 08:45;470.03
21/01/2026 09:00;470.03
21/01/2026 09:15;470.04
21/01/2026 09:30;470.04
21/01/2026 09:45;470.04
21/01/2026 10:00;470.05
21/01/2026 10:15;470.05
21/01/2026 10:30;470.05
21/01/2026 10:45;470.05
21/01/2026 11:00;470.05
21/01/2026 11:15;470.05
21/01/2026 11:30;470.05
21/01/2026 11:45;470.05
21/01/2026 12:00;470.05
21/01/2026 12:15;470.05
21/01/2026 12:30;470.06
21/01/2026 12:45;470.06
21/01/2026 13:00;470.06
21/01/2026 13:15;470.07
21/01/2026 13:30;470.07
21/01/2026 13:45;470.07
21/01/2026 14:00;470.07
21/01/2026 14:15;470.07
21/01/2026 14:30;470.07
21/01/2026 14:45;470.07
21/01/2026 15:00;470.07
21/01/2026 15:15;470.07
21/01/2026 15:30;470.07
21/01/2026 15:45;470.07
21/01/2026 16:00;470.09
21/01/2026 16:15;470.09
21/01/2026 16:30;470.09
21/01/2026 16:45;470.1
21/01/2026 17:00;470.1
21/01/2026 17:15;470.1
21/01/2026 17:30;470.1
21/01/2026 17:45;470.1
21/01/2026 18:00;470.11
21/01/2026 18:15;470.11
21/01/2026 18:30;470.11
21/01/2026 18:45;470.11
21/01/2026 19:00;470.12
21/01/2026 19:15;470.11
21/01/2026 19:30;470.12
21/01/2026 19:45;470.12
21/01/2026 20:00;470.12
21/01/2026 20:15;470.12
21/01/2026 20:30;470.13
21/01/2026 20:45;470.13
21/01/2026 21:00;470.13
21/01/2026 21:15;470.13
21/01/2026 21:30;470.13
21/01/2026 21:45;470.13
21/01/2026 22:00;470.13
21/01/2026 22:15;470.14
21/01/2026 22:30;470.14
21/01/2026 22:45;470.14
21/01/2026 23:00;470.14
21/01/2026 23:15;470.14
21/01/2026 23:30;470.14
21/01/2026 23:45;470.14
22/01/2026 00:00;470.16
22/01/2026 00:15;470.16
22/01/2026 00:30;470.16
22/01/2026 00:45;470.16
22/01/2026 01:00;470.16
22/01/2026 01:15;470.16
22/01/2026 01:30;470.16
22/01/2026 01:45;470.16
22/01/2026 02:00;470.16
22/01/2026 02:15;470.16
22/01/2026 02:30;470.18
22/01/2026 02:45;470.18
22/01/2026 03:00;470.19
22/01/2026 03:15;470.19
22/01/2026 03:30;470.19
22/01/2026 03:45;470.19
22/01/2026 04:00;470.19
22/01/2026 04:15;470.2
22/01/2026 04:30;470.2
22/01/2026 04:45;470.2
22/01/2026 05:00;470.2
22/01/2026 05:15;470.21
22/01/2026 05:30;470.21
22/01/2026 05:45;470.21
22/01/2026 06:00;470.21
22/01/2026 06:15;470.22
22/01/2026 06:30;470.22
22/01/2026 06:45;470.22
22/01/2026 07:00;470.22
22/01/2026 07:15;470.22
22/01/2026 07:30;470.23
22/01/2026 07:45;470.23
22/01/2026 08:00;470.23
22/01/2026 08:15;470.23
22/01/2026 08:30;470.23
22/01/2026 08:45;470.23
22/01/2026 09:00;470.23
22/01/2026 09:15;470.25
22/01/2026 09:30;470.25
22/01/2026 09:45;470.25
22/01/2026 10:00;470.25
22/01/2026 10:15;470.26
22/01/2026 10:30;470.26
22/01/2026 10:45;470.26
22/01/2026 11:00;470.27
22/01/2026 11:15;470.27
22/01/2026 11:30;470.28
22/01/2026 11:45;470.28
22/01/2026 12:00;470.28
22/01/2026 12:15;470.28
22/01/2026 12:30;470.28
22/01/2026 12:45;470.29
22/01/2026 13:00;470.29
22/01/2026 13:15;470.29
22/01/2026 13:30;470.3
22/01/2026 13:45;470.3
22/01/2026 14:00;470.3
22/01/2026 14:15;470.3
22/01/2026 14:30;470.31
22/01/2026 14:45;470.31
22/01/2026 15:00;470.31
22/01/2026 15:15;470.32
22/01/2026 15:30;470.32
22/01/2026 15:45;470.32
22/01/2026 16:00;470.32
22/01/2026 16:15;470.32
22/01/2026 16:30;470.32
22/01/2026 16:45;470.34
22/01/2026 17:00;470.34
22/01/2026 17:15;470.34
22/01/2026 17:30;470.35
22/01/2026 17:45;470.35
22/01/2026 18:00;470.35
22/01/2026 18:15;470.35
22/01/2026 18:30;470.36
22/01/2026 18:45;470.36
22/01/2026 19:00;470.36
22/01/2026 19:15;470.37
22/01/2026 19:30;470.37
22/01/2026 19:45;470.37
22/01/2026 20:00;470.38
22/01/2026 20:15;470.38
22/01/2026 20:30;470.38
22/01/2026 20:45;470.38
22/01/2026 21:00;470.39
22/01/2026 21:15;470.39
22/01/2026 21:30;470.39
22/01/2026 21:45;470.39
22/01/2026 22:00;470.39
22/01/2026 22:15;470.39
22/01/2026 22:30;470.39
22/01/2026 22:45;470.41
22/01/2026 23:00;470.41
22/01/2026 23:15;470.41
22/01/2026 23:30;470.41
22/01/2026 23:45;470.41
23/01/2026 00:00;470.41
23/01/2026 00:15;470.41
23/01/2026 00:30;470.43
23/01/2026 00:45;470.43
23/01/2026 01:00;470.43
23/01/2026 01:15;470.44
23/01/2026 01:30;470.44
23/01/2026 01:45;470.44
23/01/2026 02:00;470.44
23/01/2026 02:15;470.45
23/01/2026 02:30;470.45
23/01/2026 02:45;470.45
23/01/2026 03:00;470.46
23/01/2026 03:15;470.46
23/01/2026 03:30;470.46
23/01/2026 03:45;470.46
23/01/2026 04:00;470.47
23/01/2026 04:15;470.47
23/01/2026 04:30;470.47
23/01/2026 04:45;470.47
23/01/2026 05:00;470.48
23/01/2026 05:15;470.48
23/01/2026 05:30;470.48
23/01/2026 05:45;470.48
23/01/2026 06:00;470.48
23/01/2026 06:15;470.48
23/01/2026 06:30;470.48
23/01/2026 06:45;470.5
23/01/2026 07:00;470.5
23/01/2026 07:15;470.5
23/01/2026 07:30;470.5
23/01/2026 07:45;470.51
23/01/2026 08:00;470.51
23/01/2026 08:15;470.51
23/01/2026 08:30;470.52
23/01/2026 08:45;470.52
23/01/2026 09:00;470.52
23/01/2026 09:15;470.52
23/01/2026 09:30;470.53
23/01/2026 09:45;470.53
23/01/2026 10:00;470.53
23/01/2026 10:15;470.54
23/01/2026 10:30;470.54
23/01/2026 10:45;470.54
23/01/2026 11:00;470.55
23/01/2026 11:15;470.55
23/01/2026 11:30;470.55
23/01/2026 11:45;470.56
23/01/2026 12:00;470.56
23/01/2026 12:15;470.56
23/01/2026 12:30;470.56
23/01/2026 12:45;470.56
23/01/2026 13:00;470.56
23/01/2026 13:15;470.57
23/01/2026 13:30;470.57
23/01/2026 13:45;470.57
23/01/2026 14:00;470.57
23/01/2026 14:15;470.57
23/01/2026 14:30;470.57
23/01/2026 14:45;470.57
23/01/2026 15:00;470.57
23/01/2026 15:15;470.59
23/01/2026 15:30;470.59
23/01/2026 15:45;470.59
23/01/2026 16:00;470.59
23/01/2026 16:15;470.6
23/01/2026 16:30;470.6
23/01/2026 16:45;470.6
23/01/2026 17:00;470.6
23/01/2026 17:15;470.6
23/01/2026 17:30;470.61
23/01/2026 17:45;470.61
23/01/2026 18:00;470.61
23/01/2026 18:15;470.62
23/01/2026 18:30;470.62
23/01/2026 18:45;470.62
23/01/2026 19:00;470.62
23/01/2026 19:15;470.63
23/01/2026 19:30;470.63
23/01/2026 19:45;470.63
23/01/2026 20:00;470.63
23/01/2026 20:15;470.64
23/01/2026 20:30;470.64
23/01/2026 20:45;470.64
23/01/2026 21:00;470.64
23/01/2026 21:15;470.64
23/01/2026 21:30;470.64
23/01/2026 21:45;470.66
23/01/2026 22:00;470.66
23/01/2026 22:15;470.66
23/01/2026 22:30;470.66
23/01/2026 22:45;470.66
23/01/2026 23:00;470.66
23/01/2026 23:15;470.66
23/01/2026 23:30;470.68
23/01/2026 23:45;470.68
24/01/2026 00:00;470.68
24/01/2026 00:15;470.69
24/01/2026 00:30;470.69
24/01/2026 00:45;470.69
24/01/2026 01:00;470.69
24/01/2026 01:15;470.7
24/01/2026 01:30;470.7
24/01/2026 01:45;470.7
24/01/2026 02:00;470.7
24/01/2026 02:15;470.7
24/01/2026 02:30;470.71
24/01/2026 02:45;470.71
24/01/2026 03:00;470.71
24/01/2026 03:15;470.72
24/01/2026 03:30;470.72
24/01/2026 03:45;470.72
24/01/2026 04:00;470.72
24/01/2026 04:15;470.73
24/01/2026 04:30;470.73
24/01/2026 04:45;470.73
24/01/2026 05:00;470.73
24/01/2026 05:15;470.73
24/01/2026 05:30;470.73
24/01/2026 05:45;470.75
24/01/2026 06:00;470.75
24/01/2026 06:15;470.75
24/01/2026 06:30;470.76
24/01/2026 06:45;470.76
24/01/2026 07:00;470.76
24/01/2026 07:15;470.77
24/01/2026 07:30;470.77
24/01/2026 07:45;470.77
24/01/2026 08:00;470.77
24/01/2026 08:15;470.77
24/01/2026 08:30;470.78
24/01/2026 08:45;470.78
24/01/2026 09:00;470.78
24/01/2026 09:15;470.78
24/01/2026 09:30;470.79
24/01/2026 09:45;470.79
24/01/2026 10:00;470.79
24/01/2026 10:15;470.8
24/01/2026 10:30;470.8
24/01/2026 10:45;470.8
24/01/2026 11:00;470.81
24/01/2026 11:15;470.81
24/01/2026 11:30;470.82
24/01/2026 11:45;470.82
24/01/2026 12:00;470.82
24/01/2026 12:15;470.82
24/01/2026 12:30;470.82
24/01/2026 12:45;470.82
24/01/2026 13:00;470.82
24/01/2026 13:15;470.84
24/01/2026 13:30;470.84
24/01/2026 13:45;470.85
24/01/2026 14:00;470.85
24/01/2026 14:15;470.85
24/01/2026 14:30;470.85
24/01/2026 14:45;470.86
24/01/2026 15:00;470.86
24/01/2026 15:15;470.86
24/01/2026 15:30;470.86
24/01/2026 15:45;470.87
24/01/2026 16:00;470.87
24/01/2026 16:15;470.87
24/01/2026 16:30;470.88
24/01/2026 16:45;470.88
24/01/2026 17:00;470.88
24/01/2026 17:15;470.88
24/01/2026 17:30;470.89
24/01/2026 17:45;470.89
24/01/2026 18:00;470.89
24/01/2026 18:15;470.89
24/01/2026 18:30;470.89
24/01/2026 18:45;470.89
24/01/2026 19:00;470.89
24/01/2026 19:15;470.91
24/01/2026 19:30;470.91
24/01/2026 19:45;470.91
24/01/2026 20:00;470.91
24/01/2026 20:15;470.91
24/01/2026 20:30;470.91
24/01/2026 20:45;470.93
24/01/2026 21:00;470.93
24/01/2026 21:15;470.93
24/01/2026 21:30;470.93
24/01/2026 21:45;470.94
24/01/2026 22:00;470.94
24/01/2026 22:15;470.94
24/01/2026 22:30;470.95
24/01/2026 22:45;470.95
24/01/2026 23:00;470.95
24/01/2026 23:15;470.96
24/01/2026 23:30;470.96
24/01/2026 23:45;470.96
25/01/2026 00:00;470.97
25/01/2026 00:15;470.97
25/01/2026 00:30;470.97
25/01/2026 00:45;470.98
25/01/2026 01:00;470.98
25/01/2026 01:15;470.98
25/01/2026 01:30;470.98
25/01/2026 01:45;470.98
25/01/2026 02:00;470.98
25/01/2026 02:15;471
25/01/2026 02:30;470.98
25/01/2026 02:45;471
25/01/2026 03:00;471
25/01/2026 03:15;471
25/01/2026 03:30;471
25/01/2026 03:45;471.01
25/01/2026 04:00;471.01
25/01/2026 04:15;471.02
25/01/2026 04:30;471.02
25/01/2026 04:45;471.02
25/01/2026 05:00;471.03
25/01/2026 05:15;471.03
25/01/2026 05:30;471.03
25/01/2026 05:45;471.04
25/01/2026 06:00;471.04
25/01/2026 06:15;471.04
25/01/2026 06:30;471.05
25/01/2026 06:45;471.05
25/01/2026 07:00;471.06
25/01/2026 07:15;471.06
25/01/2026 07:30;471.06
25/01/2026 07:45;471.07
25/01/2026 08:00;471.07
25/01/2026 08:15;471.07
25/01/2026 08:30;471.07
25/01/2026 08:45;471.07
25/01/2026 09:00;471.07
25/01/2026 09:15;471.09
25/01/2026 09:30;471.09
25/01/2026 09:45;471.09
25/01/2026 10:00;471.09
25/01/2026 10:15;471.1
25/01/2026 10:30;471.1
25/01/2026 10:45;471.1
25/01/2026 11:00;471.1
25/01/2026 11:15;471.11
25/01/2026 11:30;471.11
25/01/2026 11:45;471.11
25/01/2026 12:00;471.12
25/01/2026 12:15;471.12
25/01/2026 12:30;471.12
25/01/2026 12:45;471.12
25/01/2026 13:00;471.13
25/01/2026 13:15;471.13
25/01/2026 13:30;471.13
25/01/2026 13:45;471.13
25/01/2026 14:00;471.13
25/01/2026 14:15;471.13
25/01/2026 14:30;471.14
25/01/2026 14:45;471.14
25/01/2026 15:00;471.14
25/01/2026 15:15;471.14
25/01/2026 15:30;471.14
25/01/2026 15:45;471.14
25/01/2026 16:00;471.16
25/01/2026 16:15;471.16
25/01/2026 16:30;471.16
25/01/2026 16:45;471.16
25/01/2026 17:00;471.16
25/01/2026 17:15;471.16
25/01/2026 17:30;471.16
25/01/2026 17:45;471.18
25/01/2026 18:00;471.18
25/01/2026 18:15;471.18
25/01/2026 18:30;471.19
25/01/2026 18:45;471.19
25/01/2026 19:00;471.19
25/01/2026 19:15;471.2
25/01/2026 19:30;471.2
25/01/2026 19:45;471.2
25/01/2026 20:00;471.2
25/01/2026 20:15;471.21
25/01/2026 20:30;471.21
25/01/2026 20:45;471.21
25/01/2026 21:00;471.21
25/01/2026 21:15;471.22
25/01/2026 21:30;471.22
25/01/2026 21:45;471.23
25/01/2026 22:00;471.22
25/01/2026 22:15;471.23
25/01/2026 22:30;471.23
25/01/2026 22:45;471.23
25/01/2026 23:00;471.23
25/01/2026 23:15;471.23
25/01/2026 23:30;471.23
25/01/2026 23:45;471.25
26/01/2026 00:00;471.25
26/01/2026 00:15;471.26
26/01/2026 00:30;471.26
26/01/2026 00:45;471.27
26/01/2026 01:00;471.27
26/01/2026 01:15;471.28
26/01/2026 01:30;471.28
26/01/2026 01:45;471.28
26/01/2026 02:00;471.29
26/01/2026 02:15;471.29
26/01/2026 02:30;471.29
26/01/2026 02:45;471.3
26/01/2026 03:00;471.3
26/01/2026 03:15;471.31
26/01/2026 03:30;471.31
26/01/2026 03:45;471.32
26/01/2026 04:00;471.32
26/01/2026 04:15;471.32
26/01/2026 04:30;471.32
26/01/2026 04:45;471.34
26/01/2026 05:00;471.34
26/01/2026 05:15;471.35
26/01/2026 05:30;471.35
26/01/2026 05:45;471.36
26/01/2026 06:00;471.36
26/01/2026 06:15;471.37
26/01/2026 06:30;471.38
26/01/2026 06:45;471.38
26/01/2026 07:00;471.39
26/01/2026 07:15;471.39
26/01/2026 07:30;471.39
26/01/2026 07:45;471.39
26/01/2026 08:00;471.41
26/01/2026 08:15;471.41
26/01/2026 08:30;471.41
26/01/2026 08:45;471.43
26/01/2026 09:00;471.43
26/01/2026 09:15;471.44
26/01/2026 09:30;471.45
26/01/2026 09:45;471.45
26/01/2026 10:00;471.46
26/01/2026 10:15;471.46
26/01/2026 10:30;471.47
26/01/2026 10:45;471.47
26/01/2026 11:00;471.48
26/01/2026 11:15;471.48
26/01/2026 11:30;471.48
26/01/2026 11:45;471.5
26/01/2026 12:00;471.51
26/01/2026 12:15;471.51
26/01/2026 12:30;471.52
26/01/2026 12:45;471.52
26/01/2026 13:00;471.53
26/01/2026 13:15;471.53
26/01/2026 13:30;471.54
26/01/2026 13:45;471.54
26/01/2026 14:00;471.55
26/01/2026 14:15;471.56
26/01/2026 14:30;471.56
26/01/2026 14:45;471.57
26/01/2026 15:00;471.57
26/01/2026 15:15;471.57
26/01/2026 15:30;471.57
26/01/2026 15:45;471.59
26/01/2026 16:00;471.59
26/01/2026 16:15;471.6
26/01/2026 16:30;471.6
26/01/2026 16:45;471.61
26/01/2026 17:00;471.62
26/01/2026 17:15;471.62
26/01/2026 17:30;471.63
26/01/2026 17:45;471.63
26/01/2026 18:00;471.64
26/01/2026 18:15;471.64
26/01/2026 18:30;471.64
26/01/2026 18:45;471.66
26/01/2026 19:00;471.66
26/01/2026 19:15;471.66
26/01/2026 19:30;471.68
26/01/2026 19:45;471.68
26/01/2026 20:00;471.69
26/01/2026 20:15;471.7
26/01/2026 20:30;471.7
26/01/2026 20:45;471.71
26/01/2026 21:00;471.72
26/01/2026 21:15;471.72
26/01/2026 21:30;471.73
26/01/2026 21:45;471.73
26/01/2026 22:00;471.73
26/01/2026 22:15;471.73
26/01/2026 22:30;471.75
26/01/2026 22:45;471.76
26/01/2026 23:00;471.76
26/01/2026 23:15;471.77
26/01/2026 23:30;471.77
26/01/2026 23:45;471.78
27/01/2026 00:00;471.79
27/01/2026 00:15;471.79
27/01/2026 00:30;471.8
27/01/2026 00:45;471.81
27/01/2026 01:00;471.81
27/01/2026 01:15;471.82
27/01/2026 01:30;471.82
27/01/2026 01:45;471.82
27/01/2026 02:00;471.84
27/01/2026 02:15;471.85
27/01/2026 02:30;471.85
27/01/2026 02:45;471.86
27/01/2026 03:00;471.87
27/01/2026 03:15;471.87
27/01/2026 03:30;471.88
27/01/2026 03:45;471.89
27/01/2026 04:00;471.89
27/01/2026 04:15;471.89
27/01/2026 04:30;471.91
27/01/2026 04:45;471.91
27/01/2026 05:00;471.91
27/01/2026 05:15;471.93
27/01/2026 05:30;471.94
27/01/2026 05:45;471.95
27/01/2026 06:00;471.95
27/01/2026 06:15;471.96
27/01/2026 06:30;471.96
27/01/2026 06:45;471.98
27/01/2026 07:00;471.98
27/01/2026 07:15;471.98
27/01/2026 07:30;471.98
27/01/2026 07:45;472.01
27/01/2026 08:00;472.01
27/01/2026 08:15;472.02
27/01/2026 08:30;472.03
27/01/2026 08:45;472.04
27/01/2026 09:00;472.05
27/01/2026 09:15;472.06
27/01/2026 09:30;472.06
27/01/2026 09:45;472.07
27/01/2026 10:00;472.07
27/01/2026 10:15;472.09
27/01/2026 10:30;472.1
27/01/2026 10:45;472.11
27/01/2026 11:00;472.11
27/01/2026 11:15;472.12
27/01/2026 11:30;472.13
27/01/2026 11:45;472.14
27/01/2026 12:00;472.14
27/01/2026 12:15;472.16
27/01/2026 12:30;472.16
27/01/2026 12:45;472.18
27/01/2026 13:00;472.19
27/01/2026 13:15;472.2
27/01/2026 13:30;472.21
27/01/2026 13:45;472.23
27/01/2026 14:00;472.23
27/01/2026 14:15;472.25
27/01/2026 14:30;472.26
27/01/2026 14:45;472.27
27/01/2026 15:00;472.29
27/01/2026 15:15;472.3
27/01/2026 15:30;472.32
27/01/2026 15:45;472.34
27/01/2026 16:00;472.35
27/01/2026 16:15;472.37
27/01/2026 16:30;472.38
27/01/2026 16:45;472.39
27/01/2026 17:00;472.41
27/01/2026 17:15;472.44
27/01/2026 17:30;472.46
27/01/2026 17:45;472.48
27/01/2026 18:00;472.5
27/01/2026 18:15;472.53
27/01/2026 18:30;472.55
27/01/2026 18:45;472.57
27/01/2026 19:00;472.59
27/01/2026 19:15;472.62
27/01/2026 19:30;472.64
27/01/2026 19:45;472.66
27/01/2026 20:00;472.69
27/01/2026 20:15;472.71
27/01/2026 20:30;472.73
27/01/2026 20:45;472.76
27/01/2026 21:00;472.79
27/01/2026 21:15;472.81
27/01/2026 21:30;472.84
27/01/2026 21:45;472.86
27/01/2026 22:00;472.89
27/01/2026 22:15;472.91
27/01/2026 22:30;472.93
27/01/2026 22:45;472.96
27/01/2026 23:00;472.98
27/01/2026 23:15;473.01
27/01/2026 23:30;473.03
27/01/2026 23:45;473.05
28/01/2026 00:00;473.07
28/01/2026 00:15;473.1
28/01/2026 00:30;473.12
28/01/2026 00:45;473.14
28/01/2026 01:00;473.16
28/01/2026 01:15;473.19
28/01/2026 01:30;473.21
28/01/2026 01:45;473.23
28/01/2026 02:00;473.26
28/01/2026 02:15;473.27
28/01/2026 02:30;473.3
28/01/2026 02:45;473.31
28/01/2026 03:00;473.32
28/01/2026 03:15;473.35
28/01/2026 03:30;473.37
28/01/2026 03:45;473.39
28/01/2026 04:00;473.41
28/01/2026 04:15;473.43
28/01/2026 04:30;473.44
28/01/2026 04:45;473.46
28/01/2026 05:00;473.48
28/01/2026 05:15;473.5
28/01/2026 05:30;473.51
28/01/2026 05:45;473.53
28/01/2026 06:00;473.55
28/01/2026 06:15;473.56
28/01/2026 06:30;473.57
28/01/2026 06:45;473.59
28/01/2026 07:00;473.6
28/01/2026 07:15;473.62
28/01/2026 07:30;473.64
28/01/2026 07:45;473.64
28/01/2026 08:00;473.66
28/01/2026 08:15;473.68
28/01/2026 08:30;473.69
28/01/2026 08:45;473.71
28/01/2026 09:00;473.72
28/01/2026 09:15;473.73
28/01/2026 09:30;473.73
28/01/2026 09:45;473.76
28/01/2026 10:00;473.77
28/01/2026 10:15;473.78
28/01/2026 10:30;473.79
28/01/2026 10:45;473.81
28/01/2026 11:00;473.82
28/01/2026 11:15;473.82
28/01/2026 11:30;473.84
28/01/2026 11:45;473.86
28/01/2026 12:00;473.87
28/01/2026 12:15;473.88
28/01/2026 12:30;473.89
28/01/2026 12:45;473.89
28/01/2026 13:00;473.91
28/01/2026 13:15;473.91
28/01/2026 13:30;473.93
28/01/2026 13:45;473.94
28/01/2026 14:00;473.95
28/01/2026 14:15;473.96
28/01/2026 14:30;473.97
28/01/2026 14:45;473.98
28/01/2026 15:00;473.98
28/01/2026 15:15;474
28/01/2026 15:30;474.01
28/01/2026 15:45;474.02
28/01/2026 16:00;474.03
28/01/2026 16:15;474.04
28/01/2026 16:30;474.05
28/01/2026 16:45;474.06
28/01/2026 17:00;474.07
28/01/2026 17:15;474.07
28/01/2026 17:30;474.07
28/01/2026 17:45;474.09
28/01/2026 18:00;474.1
28/01/2026 18:15;474.11
28/01/2026 18:30;474.12
28/01/2026 18:45;474.12
28/01/2026 19:00;474.13
28/01/2026 19:15;474.14
28/01/2026 19:30;474.14
28/01/2026 19:45;474.16
28/01/2026 20:00;474.16
28/01/2026 20:15;474.18
28/01/2026 20:30;474.18
28/01/2026 20:45;474.19
28/01/2026 21:00;474.2
28/01/2026 21:15;474.21
28/01/2026 21:30;474.22
28/01/2026 21:45;474.22
28/01/2026 22:00;474.23
28/01/2026 22:15;474.23
28/01/2026 22:30;474.25
28/01/2026 22:45;474.26
28/01/2026 23:00;474.27
28/01/2026 23:15;474.27
28/01/2026 23:30;474.28
28/01/2026 23:45;474.29
29/01/2026 00:00;474.3
29/01/2026 00:15;474.31
29/01/2026 00:30;474.31
29/01/2026 00:45;474.32
29/01/2026 01:00;474.32
29/01/2026 01:15;474.32
29/01/2026 01:30;474.34
29/01/2026 01:45;474.35
29/01/2026 02:00;474.36
29/01/2026 02:15;474.36
29/01/2026 02:30;474.37
29/01/2026 02:45;474.38
29/01/2026 03:00;474.38
29/01/2026 03:15;474.39
29/01/2026 03:30;474.39
29/01/2026 03:45;474.39
29/01/2026 04:00;474.41
29/01/2026 04:15;474.41
29/01/2026 04:30;474.41
29/01/2026 04:45;474.43
29/01/2026 05:00;474.43
29/01/2026 05:15;474.44
29/01/2026 05:30;474.44
29/01/2026 05:45;474.45
29/01/2026 06:00;474.46
29/01/2026 06:15;474.46
29/01/2026 06:30;474.47
29/01/2026 06:45;474.48
29/01/2026 07:00;474.48
29/01/2026 07:15;474.48
29/01/2026 07:30;474.5
29/01/2026 07:45;474.5
29/01/2026 08:00;474.51
29/01/2026 08:15;474.51
29/01/2026 08:30;474.52
29/01/2026 08:45;474.52
29/01/2026 09:00;474.53
29/01/2026 09:15;474.53
29/01/2026 09:30;474.54
29/01/2026 09:45;474.55
29/01/2026 10:00;474.55
29/01/2026 10:15;474.56
29/01/2026 10:30;474.56
29/01/2026 10:45;474.57
29/01/2026 11:00;474.57
29/01/2026 11:15;474.57
29/01/2026 11:30;474.57
29/01/2026 11:45;474.59
29/01/2026 12:00;474.6
29/01/2026 12:15;474.6
29/01/2026 12:30;474.6
29/01/2026 12:45;474.61
29/01/2026 13:00;474.62
29/01/2026 13:15;474.62
29/01/2026 13:30;474.63
29/01/2026 13:45;474.63
29/01/2026 14:00;474.64
29/01/2026 14:15;474.64
29/01/2026 14:30;474.64
29/01/2026 14:45;474.64
29/01/2026 15:00;474.64
29/01/2026 15:15;474.64
29/01/2026 15:30;474.66
29/01/2026 15:45;474.66
29/01/2026 16:00;474.66
29/01/2026 16:15;474.68
29/01/2026 16:30;474.68
29/01/2026 16:45;474.69
29/01/2026 17:00;474.69
29/01/2026 17:15;474.7
29/01/2026 17:30;474.7
29/01/2026 17:45;474.71
29/01/2026 18:00;474.71
29/01/2026 18:15;474.72
29/01/2026 18:30;474.72
29/01/2026 18:45;474.72
29/01/2026 19:00;474.73
29/01/2026 19:15;474.73
29/01/2026 19:30;474.73
29/01/2026 19:45;474.73
29/01/2026 20:00;474.75
29/01/2026 20:15;474.75
29/01/2026 20:30;474.75
29/01/2026 20:45;474.76
29/01/2026 21:00;474.76
29/01/2026 21:15;474.77
29/01/2026 21:30;474.77
29/01/2026 21:45;474.78
29/01/2026 22:00;474.78
29/01/2026 22:15;474.79
29/01/2026 22:30;474.8
29/01/2026 22:45;474.8
29/01/2026 23:00;474.81
29/01/2026 23:15;474.81
29/01/2026 23:30;474.82
29/01/2026 23:45;474.81
30/01/2026 00:00;474.82
30/01/2026 00:15;474.82
30/01/2026 00:30;474.84
30/01/2026 00:45;474.84
30/01/2026 01:00;474.84
30/01/2026 01:15;474.85
30/01/2026 01:30;474.85
30/01/2026 01:45;474.86
30/01/2026 02:00;474.86
30/01/2026 02:15;474.87
30/01/2026 02:30;474.87
30/01/2026 02:45;474.88
30/01/2026 03:00;474.88
30/01/2026 03:15;474.89
30/01/2026 03:30;474.89
30/01/2026 03:45;474.89
30/01/2026 04:00;474.89
30/01/2026 04:15;474.91
30/01/2026 04:30;474.91
30/01/2026 04:45;474.91
30/01/2026 05:00;474.91
30/01/2026 05:15;474.91
30/01/2026 05:30;474.91
30/01/2026 05:45;474.93
30/01/2026 06:00;474.94
30/01/2026 06:15;474.94
30/01/2026 06:30;474.95
30/01/2026 06:45;474.96
30/01/2026 07:00;474.96
30/01/2026 07:15;474.97
30/01/2026 07:30;474.97
30/01/2026 07:45;474.98
30/01/2026 08:00;474.98
30/01/2026 08:15;475
30/01/2026 08:30;475
30/01/2026 08:45;475.01
30/01/2026 09:00;475.01
30/01/2026 09:15;475.02
30/01/2026 09:30;475.03
30/01/2026 09:45;475.04
30/01/2026 10:00;475.04
30/01/2026 10:15;475.05
30/01/2026 10:30;475.05
30/01/2026 10:45;475.06
30/01/2026 11:00;475.07
30/01/2026 11:15;475.07
30/01/2026 11:30;475.07
30/01/2026 11:45;475.07
30/01/2026 12:00;475.09
30/01/2026 12:15;475.1
30/01/2026 12:30;475.1
30/01/2026 12:45;475.11
30/01/2026 13:00;475.11
30/01/2026 13:15;475.12
30/01/2026 13:30;475.12
30/01/2026 13:45;475.13
30/01/2026 14:00;475.13
30/01/2026 14:15;475.14
30/01/2026 14:30;475.14
30/01/2026 14:45;475.14
30/01/2026 15:00;475.14
30/01/2026 15:15;475.16
30/01/2026 15:30;475.16
30/01/2026 15:45;475.16
30/01/2026 16:00;475.16
30/01/2026 16:15;475.18
30/01/2026 16:30;475.18
30/01/2026 16:45;475.19
30/01/2026 17:00;475.19
30/01/2026 17:15;475.2
30/01/2026 17:30;475.2
30/01/2026 17:45;475.21
30/01/2026 18:00;475.21
30/01/2026 18:15;475.22
30/01/2026 18:30;475.23
30/01/2026 18:45;475.23
30/01/2026 19:00;475.23
30/01/2026 19:15;475.23
30/01/2026 19:30;475.25
30/01/2026 19:45;475.25
30/01/2026 20:00;475.26
30/01/2026 20:15;475.26
30/01/2026 20:30;475.27
30/01/2026 20:45;475.27
30/01/2026 21:00;475.28
30/01/2026 21:15;475.28
30/01/2026 21:30;475.29
30/01/2026 21:45;475.29
30/01/2026 22:00;475.3
30/01/2026 22:15;475.31
30/01/2026 22:30;475.31
30/01/2026 22:45;475.32
30/01/2026 23:00;475.32
30/01/2026 23:15;475.32
30/01/2026 23:30;475.32
30/01/2026 23:45;475.34
31/01/2026 00:00;475.34
31/01/2026 00:15;475.35
31/01/2026 00:30;475.36
31/01/2026 00:45;475.36
31/01/2026 01:00;475.37
31/01/2026 01:15;475.37
31/01/2026 01:30;475.38
31/01/2026 01:45;475.39
31/01/2026 02:00;475.39
31/01/2026 02:15;475.39
31/01/2026 02:30;475.41
31/01/2026 02:45;475.41
31/01/2026 03:00;475.43
31/01/2026 03:15;475.44
31/01/2026 03:30;475.44
31/01/2026 03:45;475.45
31/01/2026 04:00;475.46
31/01/2026 04:15;475.46
31/01/2026 04:30;475.47
31/01/2026 04:45;475.48
31/01/2026 05:00;475.48
31/01/2026 05:15;475.5
31/01/2026 05:30;475.51
31/01/2026 05:45;475.51
31/01/2026 06:00;475.52
31/01/2026 06:15;475.53
31/01/2026 06:30;475.54
31/01/2026 06:45;475.55
31/01/2026 07:00;475.55
31/01/2026 07:15;475.56
31/01/2026 07:30;475.57
31/01/2026 07:45;475.57
31/01/2026 08:00;475.59
31/01/2026 08:15;475.6
31/01/2026 08:30;475.6
31/01/2026 08:45;475.61
31/01/2026 09:00;475.62
31/01/2026 09:15;475.63
31/01/2026 09:30;475.63
31/01/2026 09:45;475.64
31/01/2026 10:00;475.64
31/01/2026 10:15;475.66
31/01/2026 10:30;475.66
31/01/2026 10:45;475.66
31/01/2026 11:00;475.68
31/01/2026 11:15;475.69
31/01/2026 11:30;475.7
31/01/2026 11:45;475.71
31/01/2026 12:00;475.71
31/01/2026 12:15;475.72
31/01/2026 12:30;475.73
31/01/2026 12:45;475.73
31/01/2026 13:00;475.75
31/01/2026 13:15;475.75
31/01/2026 13:30;475.76
31/01/2026 13:45;475.77
31/01/2026 14:00;475.77
31/01/2026 14:15;475.78
31/01/2026 14:30;475.79
31/01/2026 14:45;475.8
31/01/2026 15:00;475.81
31/01/2026 15:15;475.81
31/01/2026 15:30;475.82
31/01/2026 15:45;475.82
31/01/2026 16:00;475.82
31/01/2026 16:15;475.84
31/01/2026 16:30;475.85
31/01/2026 16:45;475.85
31/01/2026 17:00;475.86
31/01/2026 17:15;475.86
31/01/2026 17:30;475.87
31/01/2026 17:45;475.88
31/01/2026 18:00;475.88
31/01/2026 18:15;475.89
31/01/2026 18:30;475.89
31/01/2026 18:45;475.89
31/01/2026 19:00;475.91
31/01/2026 19:15;475.91
31/01/2026 19:30;475.91
31/01/2026 19:45;475.93
31/01/2026 20:00;475.93
31/01/2026 20:15;475.94
31/01/2026 20:30;475.95
31/01/2026 20:45;475.95
31/01/2026 21:00;475.96
31/01/2026 21:15;475.97
31/01/2026 21:30;475.98
31/01/2026 21:45;475.98
31/01/2026 22:00;475.98
31/01/2026 22:15;476
31/01/2026 22:30;476.01
31/01/2026 22:45;476.02
31/01/2026 23:00;476.03
31/01/2026 23:15;476.03
31/01/2026 23:30;476.04
31/01/2026 23:45;476.05
01/02/2026 00:00;476.05
01/02/2026 00:15;476.06
01/02/2026 00:30;476.07
01/02/2026 00:45;476.07
01/02/2026 01:00;476.07
01/02/2026 01:15;476.07
01/02/2026 01:30;476.09
01/02/2026 01:45;476.1
01/02/2026 02:00;476.1
01/02/2026 02:15;476.11
01/02/2026 02:30;476.12
01/02/2026 02:45;476.13
01/02/2026 03:00;476.13
01/02/2026 03:15;476.14
01/02/2026 03:30;476.14
01/02/2026 03:45;476.14
01/02/2026 04:00;476.16
01/02/2026 04:15;476.16
01/02/2026 04:30;476.16
01/02/2026 04:45;476.18
01/02/2026 05:00;476.19
01/02/2026 05:15;476.2
01/02/2026 05:30;476.2
01/02/2026 05:45;476.21
01/02/2026 06:00;476.22
01/02/2026 06:15;476.22
01/02/2026 06:30;476.23
01/02/2026 06:45;476.23
01/02/2026 07:00;476.23
01/02/2026 07:15;476.25
01/02/2026 07:30;476.25
01/02/2026 07:45;476.26
01/02/2026 08:00;476.27
01/02/2026 08:15;476.27
01/02/2026 08:30;476.28
01/02/2026 08:45;476.28
01/02/2026 09:00;476.29
01/02/2026 09:15;476.3
01/02/2026 09:30;476.3
01/02/2026 09:45;476.31
01/02/2026 10:00;476.31
01/02/2026 10:15;476.32
01/02/2026 10:30;476.32
01/02/2026 10:45;476.32
01/02/2026 11:00;476.34
01/02/2026 11:15;476.34
01/02/2026 11:30;476.35
01/02/2026 11:45;476.35
01/02/2026 12:00;476.36
01/02/2026 12:15;476.37
01/02/2026 12:30;476.37
01/02/2026 12:45;476.38
01/02/2026 13:00;476.38
01/02/2026 13:15;476.39
01/02/2026 13:30;476.39
01/02/2026 13:45;476.39
01/02/2026 14:00;476.39
01/02/2026 14:15;476.39
01/02/2026 14:30;476.39
01/02/2026 14:45;476.41
01/02/2026 15:00;476.41
01/02/2026 15:15;476.43
01/02/2026 15:30;476.43
01/02/2026 15:45;476.44
01/02/2026 16:00;476.44
01/02/2026 16:15;476.45
01/02/2026 16:30;476.45
01/02/2026 16:45;476.46
01/02/2026 17:00;476.46
01/02/2026 17:15;476.47
01/02/2026 17:30;476.47
01/02/2026 17:45;476.48
01/02/2026 18:00;476.48
01/02/2026 18:15;476.48
01/02/2026 18:30;476.48
01/02/2026 18:45;476.5
01/02/2026 19:00;476.5
01/02/2026 19:15;476.51
01/02/2026 19:30;476.51
01/02/2026 19:45;476.52
01/02/2026 20:00;476.52
01/02/2026 20:15;476.53
01/02/2026 20:30;476.53
01/02/2026 20:45;476.54
01/02/2026 21:00;476.54
01/02/2026 21:15;476.55
01/02/2026 21:30;476.55
01/02/2026 21:45;476.56
01/02/2026 22:00;476.56
01/02/2026 22:15;476.57
01/02/2026 22:30;476.57
01/02/2026 22:45;476.57
01/02/2026 23:00;476.57
01/02/2026 23:15;476.59
01/02/2026 23:30;476.59
01/02/2026 23:45;476.6
02/02/2026 00:00;476.6
02/02/2026 00:15;476.61
02/02/2026 00:30;476.61
02/02/2026 00:45;476.62
02/02/2026 01:00;476.62
02/02/2026 01:15;476.63
02/02/2026 01:30;476.64
02/02/2026 01:45;476.64
02/02/2026 02:00;476.64
02/02/2026 02:15;476.64
02/02/2026 02:30;476.64
02/02/2026 02:45;476.66
02/02/2026 03:00;476.66
02/02/2026 03:15;476.66
02/02/2026 03:30;476.66
02/02/2026 03:45;476.68
02/02/2026 04:00;476.68
02/02/2026 04:15;476.69
02/02/2026 04:30;476.7
02/02/2026 04:45;476.7
02/02/2026 05:00;476.7
02/02/2026 05:15;476.71
02/02/2026 05:30;476.72
02/02/2026 05:45;476.72
02/02/2026 06:00;476.73
02/02/2026 06:15;476.73
02/02/2026 06:30;476.73
02/02/2026 06:45;476.73
02/02/2026 07:00;476.75
02/02/2026 07:15;476.75
02/02/2026 07:30;476.76
02/02/2026 07:45;476.76
02/02/2026 08:00;476.77
02/02/2026 08:15;476.77
02/02/2026 08:30;476.78
02/02/2026 08:45;476.78
02/02/2026 09:00;476.79
02/02/2026 09:15;476.79
02/02/2026 09:30;476.8
02/02/2026 09:45;476.8
02/02/2026 10:00;476.81
02/02/2026 10:15;476.81
02/02/2026 10:30;476.82
02/02/2026 10:45;476.82
02/02/2026 11:00;476.82
02/02/2026 11:15;476.82
02/02/2026 11:30;476.84
02/02/2026 11:45;476.84
02/02/2026 12:00;476.85
02/02/2026 12:15;476.85
02/02/2026 12:30;476.86
02/02/2026 12:45;476.86
02/02/2026 13:00;476.87
02/02/2026 13:15;476.87
02/02/2026 13:30;476.88
02/02/2026 13:45;476.89
02/02/2026 14:00;476.89
02/02/2026 14:15;476.89
02/02/2026 14:30;476.89
02/02/2026 14:45;476.91
02/02/2026 15:00;476.91
02/02/2026 15:15;476.91
02/02/2026 15:30;476.93
02/02/2026 15:45;476.93
02/02/2026 16:00;476.94
02/02/2026 16:15;476.95
02/02/2026 16:30;476.96
02/02/2026 16:45;476.97
02/02/2026 17:00;476.97
02/02/2026 17:15;476.98
02/02/2026 17:30;476.98
02/02/2026 17:45;477
02/02/2026 18:00;477.01
02/02/2026 18:15;477.01
02/02/2026 18:30;477.02
02/02/2026 18:45;477.03
02/02/2026 19:00;477.04
02/02/2026 19:15;477.05
02/02/2026 19:30;477.06
02/02/2026 19:45;477.07
02/02/2026 20:00;477.07
02/02/2026 20:15;477.09
02/02/2026 20:30;477.1
02/02/2026 20:45;477.11
02/02/2026 21:00;477.12
02/02/2026 21:15;477.13
02/02/2026 21:30;477.14
02/02/2026 21:45;477.16
02/02/2026 22:00;477.16
02/02/2026 22:15;477.18
02/02/2026 22:30;477.2
02/02/2026 22:45;477.21
02/02/2026 23:00;477.23
02/02/2026 23:15;477.25
02/02/2026 23:30;477.26
02/02/2026 23:45;477.28
03/02/2026 00:00;477.29
03/02/2026 00:15;477.31
03/02/2026 00:30;477.32
03/02/2026 00:45;477.35
03/02/2026 01:00;477.36
03/02/2026 01:15;477.38
03/02/2026 01:30;477.39
03/02/2026 01:45;477.41
03/02/2026 02:00;477.43
03/02/2026 02:15;477.45
03/02/2026 02:30;477.46
03/02/2026 02:45;477.47
03/02/2026 03:00;477.48
03/02/2026 03:15;477.5
03/02/2026 03:30;477.52
03/02/2026 03:45;477.53
03/02/2026 04:00;477.55
03/02/2026 04:15;477.56
03/02/2026 04:30;477.57
03/02/2026 04:45;477.59
03/02/2026 05:00;477.6
03/02/2026 05:15;477.61
03/02/2026 05:30;477.62
03/02/2026 05:45;477.64
03/02/2026 06:00;477.64
03/02/2026 06:15;477.66
03/02/2026 06:30;477.66
03/02/2026 06:45;477.69
03/02/2026 07:00;477.7
03/02/2026 07:15;477.71
03/02/2026 07:30;477.72
03/02/2026 07:45;477.73
03/02/2026 08:00;477.73
03/02/2026 08:15;477.75
03/02/2026 08:30;477.76
03/02/2026 08:45;477.77
03/02/2026 09:00;477.79
03/02/2026 09:15;477.8
03/02/2026 09:30;477.81
03/02/2026 09:45;477.81
03/02/2026 10:00;477.82
03/02/2026 10:15;477.84
03/02/2026 10:30;477.85
03/02/2026 10:45;477.85
03/02/2026 11:00;477.86
03/02/2026 11:15;477.87
03/02/2026 11:30;477.88
03/02/2026 11:45;477.89
03/02/2026 12:00;477.89
03/02/2026 12:15;477.91
03/02/2026 12:30;477.91
03/02/2026 12:45;477.91
03/02/2026 13:00;477.93
03/02/2026 13:15;477.94
03/02/2026 13:30;477.95
03/02/2026 13:45;477.96
03/02/2026 14:00;477.97
03/02/2026 14:15;477.98
03/02/2026 14:30;477.98
03/02/2026 14:45;477.98
03/02/2026 15:00;478
03/02/2026 15:15;478.01
03/02/2026 15:30;478.02
03/02/2026 15:45;478.02
03/02/2026 16:00;478.03
03/02/2026 16:15;478.04
03/02/2026 16:30;478.05
03/02/2026 16:45;478.06
03/02/2026 17:00;478.06
03/02/2026 17:15;478.07
03/02/2026 17:30;478.07
03/02/2026 17:45;478.07
03/02/2026 18:00;478.09
03/02/2026 18:15;478.1
03/02/2026 18:30;478.1
03/02/2026 18:45;478.11
03/02/2026 19:00;478.12
03/02/2026 19:15;478.12
03/02/2026 19:30;478.13
03/02/2026 19:45;478.14
03/02/2026 20:00;478.14
03/02/2026 20:15;478.14
03/02/2026 20:30;478.16
03/02/2026 20:45;478.16
03/02/2026 21:00;478.16
03/02/2026 21:15;478.18
03/02/2026 21:30;478.18
03/02/2026 21:45;478.19
03/02/2026 22:00;478.2
03/02/2026 22:15;478.2
03/02/2026 22:30;478.21
03/02/2026 22:45;478.22
03/02/2026 23:00;478.22
03/02/2026 23:15;478.23
03/02/2026 23:30;478.23
03/02/2026 23:45;478.24
04/02/2026 00:00;478.24
04/02/2026 00:15;478.25
04/02/2026 00:30;478.26
04/02/2026 00:45;478.26
04/02/2026 01:00;478.27
04/02/2026 01:15;478.27
04/02/2026 01:30;478.28
04/02/2026 01:45;478.28
04/02/2026 02:00;478.29
04/02/2026 02:15;478.29
04/02/2026 02:30;478.3
04/02/2026 02:45;478.31
04/02/2026 03:00;478.31
04/02/2026 03:15;478.32
04/02/2026 03:30;478.32
04/02/2026 03:45;478.33
04/02/2026 04:00;478.33
04/02/2026 04:15;478.34
04/02/2026 04:30;478.35
04/02/2026 04:45;478.35
04/02/2026 05:00;478.35
04/02/2026 05:15;478.36
04/02/2026 05:30;478.37
04/02/2026 05:45;478.37
04/02/2026 06:00;478.38
04/02/2026 06:15;478.38
04/02/2026 06:30;478.39
04/02/2026 06:45;478.4
04/02/2026 07:00;478.4
04/02/2026 07:15;478.4
04/02/2026 07:30;478.41
04/02/2026 07:45;478.41
04/02/2026 08:00;478.42
04/02/2026 08:15;478.43
04/02/2026 08:30;478.43
04/02/2026 08:45;478.44
04/02/2026 09:00;478.44
04/02/2026 09:15;478.45
04/02/2026 09:30;478.46
04/02/2026 09:45;478.46
04/02/2026 10:00;478.47
04/02/2026 10:15;478.47
04/02/2026 10:30;478.48
04/02/2026 10:45;478.48
04/02/2026 11:00;478.49
04/02/2026 11:15;478.49
04/02/2026 11:30;478.5
04/02/2026 11:45;478.5
04/02/2026 12:00;478.51
04/02/2026 12:15;478.51
04/02/2026 12:30;478.52
04/02/2026 12:45;478.53
04/02/2026 13:00;478.53
04/02/2026 13:15;478.54
04/02/2026 13:30;478.54
04/02/2026 13:45;478.55
04/02/2026 14:00;478.55
04/02/2026 14:15;478.56
04/02/2026 14:30;478.57
04/02/2026 14:45;478.57
04/02/2026 15:00;478.58
04/02/2026 15:15;478.58
04/02/2026 15:30;478.59
04/02/2026 15:45;478.59
04/02/2026 16:00;478.6
04/02/2026 16:15;478.61
04/02/2026 16:30;478.61
04/02/2026 16:45;478.62
04/02/2026 17:00;478.63
04/02/2026 17:15;478.63
04/02/2026 17:30;478.64
04/02/2026 17:45;478.64
04/02/2026 18:00;478.65
04/02/2026 18:15;478.66
04/02/2026 18:30;478.66
04/02/2026 18:45;478.67
04/02/2026 19:00;478.68
04/02/2026 19:15;478.68
04/02/2026 19:30;478.69
04/02/2026 19:45;478.69
04/02/2026 20:00;478.7
04/02/2026 20:15;478.7
04/02/2026 20:30;478.71
04/02/2026 20:45;478.72
04/02/2026 21:00;478.73
04/02/2026 21:15;478.73
04/02/2026 21:30;478.74
04/02/2026 21:45;478.74
04/02/2026 22:00;478.75
04/02/2026 22:15;478.75
04/02/2026 22:30;478.76
04/02/2026 22:45;478.76
04/02/2026 23:00;478.77
04/02/2026 23:15;478.78
04/02/2026 23:30;478.78
04/02/2026 23:45;478.79
05/02/2026 00:00;478.79
05/02/2026 00:15;478.8
05/02/2026 00:30;478.81
05/02/2026 00:45;478.81
05/02/2026 01:00;478.82
05/02/2026 01:15;478.82
05/02/2026 01:30;478.83
05/02/2026 01:45;478.83
05/02/2026 02:00;478.84
05/02/2026 02:15;478.85
05/02/2026 02:30;478.86
05/02/2026 02:45;478.86
05/02/2026 03:00;478.87
05/02/2026 03:15;478.87
05/02/2026 03:30;478.88
05/02/2026 03:45;478.89
05/02/2026 04:00;478.89
05/02/2026 04:15;478.9
05/02/2026 04:30;478.91
05/02/2026 04:45;478.91
05/02/2026 05:00;478.92
05/02/2026 05:15;478.93
05/02/2026 05:30;478.93
05/02/2026 05:45;478.94
05/02/2026 06:00;478.94
05/02/2026 06:15;478.95
05/02/2026 06:30;478.95
05/02/2026 06:45;478.97
05/02/2026 07:00;478.97
05/02/2026 07:15;478.98
05/02/2026 07:30;478.98
05/02/2026 07:45;478.99
05/02/2026 08:00;478.99
05/02/2026 08:15;479
05/02/2026 08:30;479
05/02/2026 08:45;479.01
05/02/2026 09:00;479.02
05/02/2026 09:15;479.02
05/02/2026 09:30;479.03
05/02/2026 09:45;479.04
05/02/2026 10:00;479.05
05/02/2026 10:15;479.05
05/02/2026 10:30;479.06
05/02/2026 10:45;479.07
05/02/2026 11:00;479.07
05/02/2026 11:15;479.08
05/02/2026 11:30;479.09
05/02/2026 11:45;479.1
05/02/2026 12:00;479.11
05/02/2026 12:15;479.12
05/02/2026 12:30;479.12
05/02/2026 12:45;479.13
05/02/2026 13:00;479.13
05/02/2026 13:15;479.14
05/02/2026 13:30;479.15
05/02/2026 13:45;479.16
05/02/2026 14:00;479.17
05/02/2026 14:15;479.17
05/02/2026 14:30;479.19
05/02/2026 14:45;479.19
05/02/2026 15:00;479.21
05/02/2026 15:15;479.21
05/02/2026 15:30;479.23
05/02/2026 15:45;479.24
05/02/2026 16:00;479.25
05/02/2026 16:15;479.26
05/02/2026 16:30;479.28
05/02/2026 16:45;479.29
05/02/2026 17:00;479.31
05/02/2026 17:15;479.32
05/02/2026 17:30;479.34
05/02/2026 17:45;479.35
05/02/2026 18:00;479.38
05/02/2026 18:15;479.39
05/02/2026 18:30;479.41
05/02/2026 18:45;479.43
05/02/2026 19:00;479.45
05/02/2026 19:15;479.47
05/02/2026 19:30;479.48
05/02/2026 19:45;479.5
05/02/2026 20:00;479.52
05/02/2026 20:15;479.53
05/02/2026 20:30;479.55
05/02/2026 20:45;479.57
05/02/2026 21:00;479.58
05/02/2026 21:15;479.6
05/02/2026 21:30;479.61
05/02/2026 21:45;479.63
05/02/2026 22:00;479.64
05/02/2026 22:15;479.66
05/02/2026 22:30;479.67
05/02/2026 22:45;479.69
05/02/2026 23:00;479.7
05/02/2026 23:15;479.71
05/02/2026 23:30;479.73
05/02/2026 23:45;479.74
06/02/2026 00:00;479.76
06/02/2026 00:15;479.77
06/02/2026 00:30;479.78
06/02/2026 00:45;479.8
06/02/2026 01:00;479.81
06/02/2026 01:15;479.82
06/02/2026 01:30;479.84
06/02/2026 01:45;479.85
06/02/2026 02:00;479.86
06/02/2026 02:15;479.87
06/02/2026 02:30;479.89
06/02/2026 02:45;479.9
06/02/2026 03:00;479.91
06/02/2026 03:15;479.93
06/02/2026 03:30;479.94
06/02/2026 03:45;479.95
06/02/2026 04:00;479.96
06/02/2026 04:15;479.97
06/02/2026 04:30;479.98
06/02/2026 04:45;480
06/02/2026 05:00;480.01
06/02/2026 05:15;480.02
06/02/2026 05:30;480.03
06/02/2026 05:45;480.04
06/02/2026 06:00;480.05
06/02/2026 06:15;480.06
06/02/2026 06:30;480.07
06/02/2026 06:45;480.08
06/02/2026 07:00;480.09
06/02/2026 07:15;480.11
06/02/2026 07:30;480.11
06/02/2026 07:45;480.13
06/02/2026 08:00;480.14
06/02/2026 08:15;480.15
06/02/2026 08:30;480.15
06/02/2026 08:45;480.17
06/02/2026 09:00;480.18
06/02/2026 09:15;480.19
06/02/2026 09:30;480.2
06/02/2026 09:45;480.2
06/02/2026 10:00;480.22
06/02/2026 10:15;480.22
06/02/2026 10:30;480.24
06/02/2026 10:45;480.24
06/02/2026 11:00;480.26
06/02/2026 11:15;480.26
06/02/2026 11:30;480.27
06/02/2026 11:45;480.28
06/02/2026 12:00;480.29
06/02/2026 12:15;480.3
06/02/2026 12:30;480.31
06/02/2026 12:45;480.32
06/02/2026 13:00;480.32
06/02/2026 13:15;480.33
06/02/2026 13:30;480.34
06/02/2026 13:45;480.35
06/02/2026 14:00;480.36
06/02/2026 14:15;480.37
06/02/2026 14:30;480.38
06/02/2026 14:45;480.38
06/02/2026 15:00;480.39
06/02/2026 15:15;480.4
06/02/2026 15:30;480.41
06/02/2026 15:45;480.41
06/02/2026 16:00;480.43
06/02/2026 16:15;480.43
06/02/2026 16:30;480.44
06/02/2026 16:45;480.45
06/02/2026 17:00;480.46
06/02/2026 17:15;480.47
06/02/2026 17:30;480.47
06/02/2026 17:45;480.48
06/02/2026 18:00;480.49
06/02/2026 18:15;480.5
06/02/2026 18:30;480.5
06/02/2026 18:45;480.51
06/02/2026 19:00;480.52
06/02/2026 19:15;480.53
06/02/2026 19:30;480.54
06/02/2026 19:45;480.54
06/02/2026 20:00;480.55
06/02/2026 20:15;480.56
06/02/2026 20:30;480.57
06/02/2026 20:45;480.57
06/02/2026 21:00;480.58
06/02/2026 21:15;480.59
06/02/2026 21:30;480.6
06/02/2026 21:45;480.61
06/02/2026 22:00;480.62
06/02/2026 22:15;480.62
06/02/2026 22:30;480.63
06/02/2026 22:45;480.64
06/02/2026 23:00;480.65
06/02/2026 23:15;480.65
06/02/2026 23:30;480.66
06/02/2026 23:45;480.67
07/02/2026 00:00;480.68
07/02/2026 00:15;480.68
07/02/2026 00:30;480.69
07/02/2026 00:45;480.7
07/02/2026 01:00;480.7
07/02/2026 01:15;480.71
07/02/2026 01:30;480.72
07/02/2026 01:45;480.73
07/02/2026 02:00;480.74
07/02/2026 02:15;480.74
07/02/2026 02:30;480.75
07/02/2026 02:45;480.76
07/02/2026 03:00;480.77
07/02/2026 03:15;480.77
07/02/2026 03:30;480.78
07/02/2026 03:45;480.79
07/02/2026 04:00;480.8
07/02/2026 04:15;480.8
07/02/2026 04:30;480.81
07/02/2026 04:45;480.82
07/02/2026 05:00;480.83
07/02/2026 05:15;480.83
07/02/2026 05:30;480.84
07/02/2026 05:45;480.85
07/02/2026 06:00;480.86
07/02/2026 06:15;480.86
07/02/2026 06:30;480.87
07/02/2026 06:45;480.88
07/02/2026 07:00;480.89
07/02/2026 07:15;480.9
07/02/2026 07:30;480.9
07/02/2026 07:45;480.91
07/02/2026 08:00;480.92
07/02/2026 08:15;480.92
07/02/2026 08:30;480.93
07/02/2026 08:45;480.94
07/02/2026 09:00;480.94
07/02/2026 09:15;480.95
07/02/2026 09:30;480.96
07/02/2026 09:45;480.97
07/02/2026 10:00;480.98
07/02/2026 10:15;480.98
07/02/2026 10:30;480.99
07/02/2026 10:45;481
07/02/2026 11:00;481
07/02/2026 11:15;481.01
07/02/2026 11:30;481.01
07/02/2026 11:45;481.02
07/02/2026 12:00;481.03
07/02/2026 12:15;481.04
07/02/2026 12:30;481.04
07/02/2026 12:45;481.05
07/02/2026 13:00;481.06
07/02/2026 13:15;481.06
07/02/2026 13:30;481.07
07/02/2026 13:45;481.07
07/02/2026 14:00;481.08
07/02/2026 14:15;481.08
07/02/2026 14:30;481.09
07/02/2026 14:45;481.1
07/02/2026 15:00;481.1
07/02/2026 15:15;481.11
07/02/2026 15:30;481.12
07/02/2026 15:45;481.12
07/02/2026 16:00;481.13
07/02/2026 16:15;481.13
07/02/2026 16:30;481.14
07/02/2026 16:45;481.14
07/02/2026 17:00;481.15
07/02/2026 17:15;481.16
07/02/2026 17:30;481.16
07/02/2026 17:45;481.17
07/02/2026 18:00;481.18
07/02/2026 18:15;481.18
07/02/2026 18:30;481.19
07/02/2026 18:45;481.2
07/02/2026 19:00;481.2
07/02/2026 19:15;481.21
07/02/2026 19:30;481.21
07/02/2026 19:45;481.22
07/02/2026 20:00;481.22
07/02/2026 20:15;481.23
07/02/2026 20:30;481.23
07/02/2026 20:45;481.24
07/02/2026 21:00;481.25
07/02/2026 21:15;481.25
07/02/2026 21:30;481.26
07/02/2026 21:45;481.26
07/02/2026 22:00;481.27
07/02/2026 22:15;481.28
07/02/2026 22:30;481.28
07/02/2026 22:45;481.29
07/02/2026 23:00;481.3
07/02/2026 23:15;481.3
07/02/2026 23:30;481.31
07/02/2026 23:45;481.31
08/02/2026 00:00;481.32
08/02/2026 00:15;481.32
08/02/2026 00:30;481.33
08/02/2026 00:45;481.33
08/02/2026 01:00;481.34
08/02/2026 01:15;481.35
08/02/2026 01:30;481.35
08/02/2026 01:45;481.36
08/02/2026 02:00;481.36
08/02/2026 02:15;481.37
08/02/2026 02:30;481.37
08/02/2026 02:45;481.38
08/02/2026 03:00;481.38
08/02/2026 03:15;481.39
08/02/2026 03:30;481.39
08/02/2026 03:45;481.4
08/02/2026 04:00;481.4
08/02/2026 04:15;481.41
08/02/2026 04:30;481.41
08/02/2026 04:45;481.42
08/02/2026 05:00;481.43
08/02/2026 05:15;481.43
08/02/2026 05:30;481.44
08/02/2026 05:45;481.44
08/02/2026 06:00;481.45
08/02/2026 06:15;481.45
08/02/2026 06:30;481.46
08/02/2026 06:45;481.46
08/02/2026 07:00;481.47
08/02/2026 07:15;481.47
08/02/2026 07:30;481.48
08/02/2026 07:45;481.48
08/02/2026 08:00;481.49
08/02/2026 08:15;481.49
08/02/2026 08:30;481.5
08/02/2026 08:45;481.5
08/02/2026 09:00;481.51
08/02/2026 09:15;481.51
08/02/2026 09:30;481.52
08/02/2026 09:45;481.52
08/02/2026 10:00;481.53
08/02/2026 10:15;481.53
08/02/2026 10:30;481.54
08/02/2026 10:45;481.54
08/02/2026 11:00;481.55
08/02/2026 11:15;481.55
08/02/2026 11:30;481.56
08/02/2026 11:45;481.56
08/02/2026 12:00;481.57
08/02/2026 12:15;481.57
08/02/2026 12:30;481.58
08/02/2026 12:45;481.58
08/02/2026 13:00;481.58
08/02/2026 13:15;481.59
08/02/2026 13:30;481.59
08/02/2026 13:45;481.6
08/02/2026 14:00;481.6
08/02/2026 14:15;481.61
08/02/2026 14:30;481.61
08/02/2026 14:45;481.62
08/02/2026 15:00;481.62
08/02/2026 15:15;481.62
08/02/2026 15:30;481.63
08/02/2026 15:45;481.63
08/02/2026 16:00;481.64
08/02/2026 16:15;481.64
08/02/2026 16:30;481.65
08/02/2026 16:45;481.65
08/02/2026 17:00;481.66
08/02/2026 17:15;481.66
08/02/2026 17:30;481.67
08/02/2026 17:45;481.67
08/02/2026 18:00;481.68
08/02/2026 18:15;481.68
08/02/2026 18:30;481.69
08/02/2026 18:45;481.69
08/02/2026 19:00;481.7
08/02/2026 19:15;481.7
08/02/2026 19:30;481.7
08/02/2026 19:45;481.71
08/02/2026 20:00;481.71
08/02/2026 20:15;481.72
08/02/2026 20:30;481.73
08/02/2026 20:45;481.73
08/02/2026 21:00;481.73
08/02/2026 21:15;481.74
08/02/2026 21:30;481.75
08/02/2026 21:45;481.75
08/02/2026 22:00;481.75
08/02/2026 22:15;481.76
08/02/2026 22:30;481.76
08/02/2026 22:45;481.77
08/02/2026 23:00;481.77
08/02/2026 23:15;481.77
08/02/2026 23:30;481.78
08/02/2026 23:45;481.78
09/02/2026 00:00;481.79
09/02/2026 00:15;481.79
09/02/2026 00:30;481.8
09/02/2026 00:45;481.8
09/02/2026 01:00;481.81
09/02/2026 01:15;481.81
09/02/2026 01:30;481.81
09/02/2026 01:45;481.82
09/02/2026 02:00;481.83
09/02/2026 02:15;481.83
09/02/2026 02:30;481.83
09/02/2026 02:45;481.83
09/02/2026 03:00;481.84
09/02/2026 03:15;481.84
09/02/2026 03:30;481.85
09/02/2026 03:45;481.85
09/02/2026 04:00;481.86
09/02/2026 04:15;481.86
09/02/2026 04:30;481.87
09/02/2026 04:45;481.87
09/02/2026 05:00;481.88
09/02/2026 05:15;481.89
09/02/2026 05:30;481.89
09/02/2026 05:45;481.9
09/02/2026 06:00;481.9
09/02/2026 06:15;481.9
09/02/2026 06:30;481.91
09/02/2026 06:45;481.91
09/02/2026 07:00;481.92
09/02/2026 07:15;481.92
09/02/2026 07:30;481.92
09/02/2026 07:45;481.93
09/02/2026 08:00;481.93
09/02/2026 08:15;481.94
09/02/2026 08:30;481.94
09/02/2026 08:45;481.95
09/02/2026 09:00;481.95
09/02/2026 09:15;481.95
09/02/2026 09:30;481.96
09/02/2026 09:45;481.96
09/02/2026 10:00;481.97
09/02/2026 10:15;481.97
09/02/2026 10:30;481.98
09/02/2026 10:45;481.98
09/02/2026 11:00;481.98
09/02/2026 11:15;481.99
09/02/2026 11:30;481.99
09/02/2026 11:45;481.99
09/02/2026 12:00;481.99
09/02/2026 12:15;482
09/02/2026 12:30;482
09/02/2026 12:45;482
09/02/2026 13:00;482.01
09/02/2026 13:15;482.01
09/02/2026 13:30;482.01
09/02/2026 13:45;482.01
09/02/2026 14:00;482.01
09/02/2026 14:15;482.01
09/02/2026 14:30;482.02
09/02/2026 14:45;482.02
09/02/2026 15:00;482.03
09/02/2026 15:15;482.03
09/02/2026 15:30;482.03
09/02/2026 15:45;482.03
09/02/2026 16:00;482.04
09/02/2026 16:15;482.04
09/02/2026 16:30;482.04
09/02/2026 16:45;482.04
09/02/2026 17:00;482.05
09/02/2026 17:15;482.05
09/02/2026 17:30;482.06
09/02/2026 17:45;482.06
09/02/2026 18:00;482.06
09/02/2026 18:15;482.06
09/02/2026 18:30;482.07
09/02/2026 18:45;482.07
09/02/2026 19:00;482.07
09/02/2026 19:15;482.08
09/02/2026 19:30;482.08
09/02/2026 19:45;482.08
09/02/2026 20:00;482.09
09/02/2026 20:15;482.09
09/02/2026 20:30;482.1
09/02/2026 20:45;482.1
09/02/2026 21:00;482.1
09/02/2026 21:15;482.11
09/02/2026 21:30;482.11
09/02/2026 21:45;482.11
09/02/2026 22:00;482.12
09/02/2026 22:15;482.13
09/02/2026 22:30;482.13
09/02/2026 22:45;482.14
09/02/2026 23:00;482.14
09/02/2026 23:15;482.14
09/02/2026 23:30;482.15
09/02/2026 23:45;482.16
10/02/2026 00:00;482.16
10/02/2026 00:15;482.17
10/02/2026 00:30;482.17
10/02/2026 00:45;482.18
10/02/2026 01:00;482.19
10/02/2026 01:15;482.19
10/02/2026 01:30;482.2
10/02/2026 01:45;482.21
10/02/2026 02:00;482.21
10/02/2026 02:15;482.22
10/02/2026 02:30;482.23
10/02/2026 02:45;482.24
10/02/2026 03:00;482.25
10/02/2026 03:15;482.26
10/02/2026 03:30;482.27
10/02/2026 03:45;482.29
10/02/2026 04:00;482.3
10/02/2026 04:15;482.31
10/02/2026 04:30;482.33
10/02/2026 04:45;482.34
10/02/2026 05:00;482.35
10/02/2026 05:15;482.37
10/02/2026 05:30;482.38
10/02/2026 05:45;482.4
10/02/2026 06:00;482.41
10/02/2026 06:15;482.43
10/02/2026 06:30;482.45
10/02/2026 06:45;482.46
10/02/2026 07:00;482.48
10/02/2026 07:15;482.49
10/02/2026 07:30;482.51
10/02/2026 07:45;482.53
10/02/2026 08:00;482.55
10/02/2026 08:15;482.57
10/02/2026 08:30;482.59
10/02/2026 08:45;482.61
10/02/2026 09:00;482.63
10/02/2026 09:15;482.65
10/02/2026 09:30;482.67
10/02/2026 09:45;482.69
10/02/2026 10:00;482.72
10/02/2026 10:15;482.74
10/02/2026 10:30;482.77
10/02/2026 10:45;482.79
10/02/2026 11:00;482.82
10/02/2026 11:15;482.84
10/02/2026 11:30;482.87
10/02/2026 11:45;482.9
10/02/2026 12:00;482.92
10/02/2026 12:15;482.95
10/02/2026 12:30;482.98
10/02/2026 12:45;483.01
10/02/2026 13:00;483.04
10/02/2026 13:15;483.06
10/02/2026 13:30;483.09
10/02/2026 13:45;483.12
10/02/2026 14:00;483.15
10/02/2026 14:15;483.17
10/02/2026 14:30;483.2
10/02/2026 14:45;483.23
10/02/2026 15:00;483.25
10/02/2026 15:15;483.28
10/02/2026 15:30;483.31
10/02/2026 15:45;483.33
10/02/2026 16:00;483.36
10/02/2026 16:15;483.38
10/02/2026 16:30;483.41
10/02/2026 16:45;483.43
10/02/2026 17:00;483.45
10/02/2026 17:15;483.48
10/02/2026 17:30;483.5
10/02/2026 17:45;483.53
10/02/2026 18:00;483.55
10/02/2026 18:15;483.57
10/02/2026 18:30;483.59
10/02/2026 18:45;483.61
10/02/2026 19:00;483.64
10/02/2026 19:15;483.66
10/02/2026 19:30;483.68
10/02/2026 19:45;483.7
10/02/2026 20:00;483.72
10/02/2026 20:15;483.74
10/02/2026 20:30;483.75
10/02/2026 20:45;483.77
10/02/2026 21:00;483.79
10/02/2026 21:15;483.81
10/02/2026 21:30;483.82
10/02/2026 21:45;483.84
10/02/2026 22:00;483.86
10/02/2026 22:15;483.87
10/02/2026 22:30;483.89
10/02/2026 22:45;483.9
10/02/2026 23:00;483.91
10/02/2026 23:15;483.93
10/02/2026 23:30;483.94
10/02/2026 23:45;483.95
11/02/2026 00:00;483.96
11/02/2026 00:15;483.98
11/02/2026 00:30;483.99
11/02/2026 00:45;484
11/02/2026 01:00;484.02
11/02/2026 01:15;484.03
11/02/2026 01:30;484.04
11/02/2026 01:45;484.06
11/02/2026 02:00;484.07
11/02/2026 02:15;484.08
11/02/2026 02:30;484.1
11/02/2026 02:45;484.11
11/02/2026 03:00;484.13
11/02/2026 03:15;484.14
11/02/2026 03:30;484.15
11/02/2026 03:45;484.16
11/02/2026 04:00;484.18
11/02/2026 04:15;484.19
11/02/2026 04:30;484.2
11/02/2026 04:45;484.21
11/02/2026 05:00;484.23
11/02/2026 05:15;484.24
11/02/2026 05:30;484.25
11/02/2026 05:45;484.27
11/02/2026 06:00;484.28
11/02/2026 06:15;484.29
11/02/2026 06:30;484.3
11/02/2026 06:45;484.32
11/02/2026 07:00;484.33
11/02/2026 07:15;484.35
11/02/2026 07:30;484.36
11/02/2026 07:45;484.37
11/02/2026 08:00;484.38
11/02/2026 08:15;484.39
11/02/2026 08:30;484.4
11/02/2026 08:45;484.41
11/02/2026 09:00;484.42
11/02/2026 09:15;484.42
11/02/2026 09:30;484.43
11/02/2026 09:45;484.44
11/02/2026 10:00;484.44
11/02/2026 10:15;484.45
11/02/2026 10:30;484.46
11/02/2026 10:45;484.46
11/02/2026 11:00;484.47
11/02/2026 11:15;484.48
11/02/2026 11:30;484.48
11/02/2026 11:45;484.49
11/02/2026 12:00;484.49
11/02/2026 12:15;484.5
11/02/2026 12:30;484.51
11/02/2026 12:45;484.51
11/02/2026 13:00;484.52
11/02/2026 13:15;484.52
11/02/2026 13:30;484.53
11/02/2026 13:45;484.54
11/02/2026 14:00;484.54
11/02/2026 14:15;484.54
11/02/2026 14:30;484.55
11/02/2026 14:45;484.56
11/02/2026 15:00;484.56
11/02/2026 15:15;484.56
11/02/2026 15:30;484.57
11/02/2026 15:45;484.57
11/02/2026 16:00;484.58
11/02/2026 16:15;484.58
11/02/2026 16:30;484.58
11/02/2026 16:45;484.59
11/02/2026 17:00;484.59
11/02/2026 17:15;484.6
11/02/2026 17:30;484.6
11/02/2026 17:45;484.61
11/02/2026 18:00;484.61
11/02/2026 18:15;484.62
11/02/2026 18:30;484.62
11/02/2026 18:45;484.63
11/02/2026 19:00;484.63
11/02/2026 19:15;484.63
11/02/2026 19:30;484.64
11/02/2026 19:45;484.65
11/02/2026 20:00;484.65
11/02/2026 20:15;484.66
11/02/2026 20:30;484.66
11/02/2026 20:45;484.67
11/02/2026 21:00;484.68
11/02/2026 21:15;484.68
11/02/2026 21:30;484.69
11/02/2026 21:45;484.7
11/02/2026 22:00;484.71
11/02/2026 22:15;484.73
11/02/2026 22:30;484.74
11/02/2026 22:45;484.75
11/02/2026 23:00;484.76
11/02/2026 23:15;484.77
11/02/2026 23:30;484.78
11/02/2026 23:45;484.79
12/02/2026 00:00;484.81
12/02/2026 00:15;484.82
12/02/2026 00:30;484.83
12/02/2026 00:45;484.84
12/02/2026 01:00;484.86
12/02/2026 01:15;484.87
12/02/2026 01:30;484.89
12/02/2026 01:45;484.9
12/02/2026 02:00;484.91
12/02/2026 02:15;484.93
12/02/2026 02:30;484.94
12/02/2026 02:45;484.96
12/02/2026 03:00;484.97
12/02/2026 03:15;484.99
12/02/2026 03:30;485
12/02/2026 03:45;485.02
12/02/2026 04:00;485.03
12/02/2026 04:15;485.04
12/02/2026 04:30;485.06
12/02/2026 04:45;485.07
12/02/2026 05:00;485.08
12/02/2026 05:15;485.1
12/02/2026 05:30;485.11
12/02/2026 05:45;485.12
12/02/2026 06:00;485.13
12/02/2026 06:15;485.14
12/02/2026 06:30;485.15
12/02/2026 06:45;485.16
12/02/2026 07:00;485.17
12/02/2026 07:15;485.18
12/02/2026 07:30;485.19
12/02/2026 07:45;485.2
12/02/2026 08:00;485.2
12/02/2026 08:15;485.21
12/02/2026 08:30;485.21
12/02/2026 08:45;485.22
12/02/2026 09:00;485.22
12/02/2026 09:15;485.23
12/02/2026 09:30;485.23
12/02/2026 09:45;485.24
12/02/2026 10:00;485.24
12/02/2026 10:15;485.24
12/02/2026 10:30;485.25
12/02/2026 10:45;485.25
12/02/2026 11:00;485.25
12/02/2026 11:15;485.25
12/02/2026 11:30;485.25
12/02/2026 11:45;485.26
12/02/2026 12:00;485.26
12/02/2026 12:15;485.26
12/02/2026 12:30;485.26
12/02/2026 12:45;485.26
12/02/2026 13:00;485.26
12/02/2026 13:15;485.26
12/02/2026 13:30;485.26
12/02/2026 13:45;485.26
12/02/2026 14:00;485.26
12/02/2026 14:15;485.26
12/02/2026 14:30;485.26
12/02/2026 14:45;485.26
12/02/2026 15:00;485.25
12/02/2026 15:15;485.25
12/02/2026 15:30;485.25
12/02/2026 15:45;485.25
12/02/2026 16:00;485.24
12/02/2026 16:15;485.24
12/02/2026 16:30;485.24
12/02/2026 16:45;485.23
12/02/2026 17:00;485.23
12/02/2026 17:15;485.23
12/02/2026 17:30;485.22
12/02/2026 17:45;485.22
12/02/2026 18:00;485.21
12/02/2026 18:15;485.21
12/02/2026 18:30;485.21
12/02/2026 18:45;485.2
12/02/2026 19:00;485.2
12/02/2026 19:15;485.19
12/02/2026 19:30;485.19
12/02/2026 19:45;485.18
12/02/2026 20:00;485.18
12/02/2026 20:15;485.17
12/02/2026 20:30;485.17
12/02/2026 20:45;485.16
12/02/2026 21:00;485.16
12/02/2026 21:15;485.15
12/02/2026 21:30;485.14
12/02/2026 21:45;485.14
12/02/2026 22:00;485.13
12/02/2026 22:15;485.12
12/02/2026 22:30;485.12
12/02/2026 22:45;485.11
12/02/2026 23:00;485.11
12/02/2026 23:15;485.1
12/02/2026 23:30;485.09
12/02/2026 23:45;485.09
13/02/2026 00:00;485.08
13/02/2026 00:15;485.07
13/02/2026 00:30;485.07
13/02/2026 00:45;485.06
13/02/2026 01:00;485.05
13/02/2026 01:15;485.05
13/02/2026 01:30;485.04
13/02/2026 01:45;485.03
13/02/2026 02:00;485.02
13/02/2026 02:15;485.02
13/02/2026 02:30;485.01
13/02/2026 02:45;485
13/02/2026 03:00;484.99
13/02/2026 03:15;484.99
13/02/2026 03:30;484.98
13/02/2026 03:45;484.97
13/02/2026 04:00;484.96
13/02/2026 04:15;484.96
13/02/2026 04:30;484.95
13/02/2026 04:45;484.94
13/02/2026 05:00;484.93
13/02/2026 05:15;484.93
13/02/2026 05:30;484.92
13/02/2026 05:45;484.91
13/02/2026 06:00;484.91
13/02/2026 06:15;484.9
13/02/2026 06:30;484.89
13/02/2026 06:45;484.88
13/02/2026 07:00;484.88
13/02/2026 07:15;484.87
13/02/2026 07:30;484.87
13/02/2026 07:45;484.86
13/02/2026 08:00;484.85
13/02/2026 08:15;484.85
13/02/2026 08:30;484.84
13/02/2026 08:45;484.83
13/02/2026 09:00;484.82
13/02/2026 09:15;484.81
13/02/2026 09:30;484.81
13/02/2026 09:45;484.8
13/02/2026 10:00;484.79
13/02/2026 10:15;484.78
13/02/2026 10:30;484.77
13/02/2026 10:45;484.76
13/02/2026 11:00;484.76
13/02/2026 11:15;484.75
13/02/2026 11:30;484.74
13/02/2026 11:45;484.73
13/02/2026 12:00;484.73
13/02/2026 12:15;484.72
13/02/2026 12:30;484.71
13/02/2026 12:45;484.7
13/02/2026 13:00;484.69
13/02/2026 13:15;484.69
13/02/2026 13:30;484.68
13/02/2026 13:45;484.67
13/02/2026 14:00;484.66
13/02/2026 14:15;484.66
13/02/2026 14:30;484.65
13/02/2026 14:45;484.64
13/02/2026 15:00;484.64
13/02/2026 15:15;484.63
13/02/2026 15:30;484.62
13/02/2026 15:45;484.61
13/02/2026 16:00;484.61
13/02/2026 16:15;484.6
13/02/2026 16:30;484.6
13/02/2026 16:45;484.59
13/02/2026 17:00;484.58
13/02/2026 17:15;484.58
13/02/2026 17:30;484.58
13/02/2026 17:45;484.57
13/02/2026 18:00;484.57
13/02/2026 18:15;484.57
13/02/2026 18:30;484.56
13/02/2026 18:45;484.56
13/02/2026 19:00;484.56
13/02/2026 19:15;484.55
13/02/2026 19:30;484.55
13/02/2026 19:45;484.54
13/02/2026 20:00;484.54
13/02/2026 20:15;484.53
13/02/2026 20:30;484.53
13/02/2026 20:45;484.54
13/02/2026 21:00;484.54
13/02/2026 21:15;484.54
13/02/2026 21:30;484.54
13/02/2026 21:45;484.54
13/02/2026 22:00;484.54
13/02/2026 22:15;484.55
13/02/2026 22:30;484.55
13/02/2026 22:45;484.55
13/02/2026 23:00;484.55
13/02/2026 23:15;484.56
13/02/2026 23:30;484.55
13/02/2026 23:45;484.55
14/02/2026 00:00;484.56
14/02/2026 00:15;484.56
14/02/2026 00:30;484.57
14/02/2026 00:45;484.57
14/02/2026 01:00;484.57
14/02/2026 01:15;484.57
14/02/2026 01:30;484.57
14/02/2026 01:45;484.58
14/02/2026 02:00;484.57
14/02/2026 02:15;484.58
14/02/2026 02:30;484.58
14/02/2026 02:45;484.59
14/02/2026 03:00;484.59
14/02/2026 03:15;484.59
14/02/2026 03:30;484.6
14/02/2026 03:45;484.6
14/02/2026 04:00;484.6
14/02/2026 04:15;484.61
14/02/2026 04:30;484.61
14/02/2026 04:45;484.61
14/02/2026 05:00;484.61
14/02/2026 05:15;484.62
14/02/2026 05:30;484.62
14/02/2026 05:45;484.62
14/02/2026 06:00;484.64
14/02/2026 06:15;484.64
14/02/2026 06:30;484.64
14/02/2026 06:45;484.65
14/02/2026 07:00;484.66
14/02/2026 07:15;484.67
14/02/2026 07:30;484.68
14/02/2026 07:45;484.68
14/02/2026 08:00;484.69
14/02/2026 08:15;484.7
14/02/2026 08:30;484.71
14/02/2026 08:45;484.72
14/02/2026 09:00;484.73
14/02/2026 09:15;484.73
14/02/2026 09:30;484.75
14/02/2026 09:45;484.75
14/02/2026 10:00;484.76
14/02/2026 10:15;484.78
14/02/2026 10:30;484.8
14/02/2026 10:45;484.81
14/02/2026 11:00;484.83
14/02/2026 11:15;484.83
14/02/2026 11:30;484.86
14/02/2026 11:45;484.88
14/02/2026 12:00;484.89
14/02/2026 12:15;484.91
14/02/2026 12:30;484.92
14/02/2026 12:45;484.93
14/02/2026 13:00;484.94
14/02/2026 13:15;484.96
14/02/2026 13:30;484.97
14/02/2026 13:45;484.99
14/02/2026 14:00;485
14/02/2026 14:15;485.01
14/02/2026 14:30;485.02
14/02/2026 14:45;485.04
14/02/2026 15:00;485.06
14/02/2026 15:15;485.08
14/02/2026 15:30;485.09
14/02/2026 15:45;485.11
14/02/2026 16:00;485.12
14/02/2026 16:15;485.14
14/02/2026 16:30;485.15
14/02/2026 16:45;485.16
14/02/2026 17:00;485.17
14/02/2026 17:15;485.18
14/02/2026 17:30;485.2
14/02/2026 17:45;485.21
14/02/2026 18:00;485.22
14/02/2026 18:15;485.24
14/02/2026 18:30;485.24
14/02/2026 18:45;485.26
14/02/2026 19:00;485.28
14/02/2026 19:15;485.28
14/02/2026 19:30;485.29
14/02/2026 19:45;485.31
14/02/2026 20:00;485.32
14/02/2026 20:15;485.33
14/02/2026 20:30;485.34
14/02/2026 20:45;485.35
14/02/2026 21:00;485.36
14/02/2026 21:15;485.37
14/02/2026 21:30;485.38
14/02/2026 21:45;485.39
14/02/2026 22:00;485.41
14/02/2026 22:15;485.42
14/02/2026 22:30;485.43
14/02/2026 22:45;485.45
14/02/2026 23:00;485.46
14/02/2026 23:15;485.47
14/02/2026 23:30;485.48
14/02/2026 23:45;485.49
15/02/2026 00:00;485.5
15/02/2026 00:15;485.51
15/02/2026 00:30;485.52
15/02/2026 00:45;485.53
15/02/2026 01:00;485.54
15/02/2026 01:15;485.55
15/02/2026 01:30;485.56
15/02/2026 01:45;485.57
15/02/2026 02:00;485.59
15/02/2026 02:15;485.59
15/02/2026 02:30;485.6
15/02/2026 02:45;485.61
15/02/2026 03:00;485.63
15/02/2026 03:15;485.63
15/02/2026 03:30;485.64
15/02/2026 03:45;485.65
15/02/2026 04:00;485.66
15/02/2026 04:15;485.67
15/02/2026 04:30;485.68
15/02/2026 04:45;485.69
15/02/2026 05:00;485.7
15/02/2026 05:15;485.71
15/02/2026 05:30;485.72
15/02/2026 05:45;485.73
15/02/2026 06:00;485.74
15/02/2026 06:15;485.74
15/02/2026 06:30;485.75
15/02/2026 06:45;485.76
15/02/2026 07:00;485.77
15/02/2026 07:15;485.78
15/02/2026 07:30;485.79
15/02/2026 07:45;485.8
15/02/2026 08:00;485.8
15/02/2026 08:15;485.81
15/02/2026 08:30;485.82
15/02/2026 08:45;485.83
15/02/2026 09:00;485.84
15/02/2026 09:15;485.84
15/02/2026 09:30;485.85
15/02/2026 09:45;485.86
15/02/2026 10:00;485.87
15/02/2026 10:15;485.88
15/02/2026 10:30;485.88
15/02/2026 10:45;485.89
15/02/2026 11:00;485.9
15/02/2026 11:15;485.91
15/02/2026 11:30;485.91
15/02/2026 11:45;485.92
15/02/2026 12:00;485.93
15/02/2026 12:15;485.94
15/02/2026 12:30;485.95
15/02/2026 12:45;485.95
15/02/2026 13:00;485.96
15/02/2026 13:15;485.97
15/02/2026 13:30;485.97
15/02/2026 13:45;485.98
15/02/2026 14:00;485.98
15/02/2026 14:15;485.99
15/02/2026 14:30;486
15/02/2026 14:45;486
15/02/2026 15:00;486
15/02/2026 15:15;486.01
15/02/2026 15:30;486.01
15/02/2026 15:45;486.01
15/02/2026 16:00;486.02
15/02/2026 16:15;486.02
15/02/2026 16:30;486.02
15/02/2026 16:45;486.02
15/02/2026 17:00;486.02
15/02/2026 17:15;486.02
15/02/2026 17:30;486.02
15/02/2026 17:45;486.02
15/02/2026 18:00;486.02
15/02/2026 18:15;486.02
15/02/2026 18:30;486.02
15/02/2026 18:45;486.02
15/02/2026 19:00;486.02
15/02/2026 19:15;486.02
15/02/2026 19:30;486.01
15/02/2026 19:45;486.01
15/02/2026 20:00;486
15/02/2026 20:15;486
15/02/2026 20:30;486
15/02/2026 20:45;485.99
15/02/2026 21:00;485.98
15/02/2026 21:15;485.97
15/02/2026 21:30;485.96
15/02/2026 21:45;485.95
15/02/2026 22:00;485.94
15/02/2026 22:15;485.93
15/02/2026 22:30;485.92
15/02/2026 22:45;485.91
15/02/2026 23:00;485.9
15/02/2026 23:15;485.89
15/02/2026 23:30;485.88
15/02/2026 23:45;485.87
16/02/2026 00:00;485.86
16/02/2026 00:15;485.85
16/02/2026 00:30;485.84
16/02/2026 00:45;485.83
16/02/2026 01:00;485.82
16/02/2026 01:15;485.81
16/02/2026 01:30;485.8
16/02/2026 01:45;485.79
16/02/2026 02:00;485.78
16/02/2026 02:15;485.77
16/02/2026 02:30;485.76
16/02/2026 02:45;485.75
16/02/2026 03:00;485.74
16/02/2026 03:15;485.73
16/02/2026 03:30;485.72
16/02/2026 03:45;485.71
16/02/2026 04:00;485.7
16/02/2026 04:15;485.69
16/02/2026 04:30;485.68
16/02/2026 04:45;485.67
16/02/2026 05:00;485.66
16/02/2026 05:15;485.66
16/02/2026 05:30;485.65
16/02/2026 05:45;485.64
16/02/2026 06:00;485.63
16/02/2026 06:15;485.62
16/02/2026 06:30;485.61
16/02/2026 06:45;485.6
16/02/2026 07:00;485.59
16/02/2026 07:15;485.58
16/02/2026 07:30;485.57
16/02/2026 07:45;485.56
16/02/2026 08:00;485.55
16/02/2026 08:15;485.54
16/02/2026 08:30;485.53
16/02/2026 08:45;485.52
16/02/2026 09:00;485.51
16/02/2026 09:15;485.5
16/02/2026 09:30;485.49
16/02/2026 09:45;485.48
16/02/2026 10:00;485.47
16/02/2026 10:15;485.47
16/02/2026 10:30;485.46
16/02/2026 10:45;485.45
16/02/2026 11:00;485.44
16/02/2026 11:15;485.43
16/02/2026 11:30;485.42
16/02/2026 11:45;485.41
16/02/2026 12:00;485.41
16/02/2026 12:15;485.4
16/02/2026 12:30;485.39
16/02/2026 12:45;485.38
16/02/2026 13:00;485.38
16/02/2026 13:15;485.37
16/02/2026 13:30;485.36
16/02/2026 13:45;485.36
16/02/2026 14:00;485.35
16/02/2026 14:15;485.35
16/02/2026 14:30;485.34
16/02/2026 14:45;485.34
16/02/2026 15:00;485.34
16/02/2026 15:15;485.34
16/02/2026 15:30;485.33
16/02/2026 15:45;485.33
16/02/2026 16:00;485.33
16/02/2026 16:15;485.33
16/02/2026 16:30;485.32
16/02/2026 16:45;485.32
16/02/2026 17:00;485.32
16/02/2026 17:15;485.32
16/02/2026 17:30;485.32
16/02/2026 17:45;485.32
16/02/2026 18:00;485.32
16/02/2026 18:15;485.31
16/02/2026 18:30;485.31
16/02/2026 18:45;485.32
16/02/2026 19:00;485.31
16/02/2026 19:15;485.31
16/02/2026 19:30;485.31
16/02/2026 19:45;485.31
16/02/2026 20:00;485.32
16/02/2026 20:15;485.32
16/02/2026 20:30;485.32
16/02/2026 20:45;485.33
16/02/2026 21:00;485.33
16/02/2026 21:15;485.34
16/02/2026 21:30;485.35
16/02/2026 21:45;485.35
16/02/2026 22:00;485.36
16/02/2026 22:15;485.37
16/02/2026 22:30;485.37
16/02/2026 22:45;485.39
16/02/2026 23:00;485.39
16/02/2026 23:15;485.39
16/02/2026 23:30;485.4
16/02/2026 23:45;485.41
17/02/2026 00:00;485.42
17/02/2026 00:15;485.43
17/02/2026 00:30;485.44
17/02/2026 00:45;485.45
17/02/2026 01:00;485.46
17/02/2026 01:15;485.48
17/02/2026 01:30;485.49
17/02/2026 01:45;485.5
17/02/2026 02:00;485.51
17/02/2026 02:15;485.52
17/02/2026 02:30;485.53
17/02/2026 02:45;485.55
17/02/2026 03:00;485.55
17/02/2026 03:15;485.57
17/02/2026 03:30;485.58
17/02/2026 03:45;485.59
17/02/2026 04:00;485.6
17/02/2026 04:15;485.61
17/02/2026 04:30;485.62
17/02/2026 04:45;485.63
17/02/2026 05:00;485.64
17/02/2026 05:15;485.65
17/02/2026 05:30;485.65
17/02/2026 05:45;485.67
17/02/2026 06:00;485.68
17/02/2026 06:15;485.68
17/02/2026 06:30;485.69
17/02/2026 06:45;485.7
17/02/2026 07:00;485.71
17/02/2026 07:15;485.72
17/02/2026 07:30;485.73
17/02/2026 07:45;485.74
17/02/2026 08:00;485.75
17/02/2026 08:15;485.76
17/02/2026 08:30;485.76
17/02/2026 08:45;485.77
17/02/2026 09:00;485.78
17/02/2026 09:15;485.79
17/02/2026 09:30;485.8
17/02/2026 09:45;485.81
17/02/2026 10:00;485.81
17/02/2026 10:15;485.82
17/02/2026 10:30;485.83
17/02/2026 10:45;485.83
17/02/2026 11:00;485.84
17/02/2026 11:15;485.85
17/02/2026 11:30;485.86
17/02/2026 11:45;485.86
17/02/2026 12:00;485.87
17/02/2026 12:15;485.88
17/02/2026 12:30;485.88
17/02/2026 12:45;485.89
17/02/2026 13:00;485.89
17/02/2026 13:15;485.9
17/02/2026 13:30;485.91
17/02/2026 13:45;485.91
17/02/2026 14:00;485.92
17/02/2026 14:15;485.93
17/02/2026 14:30;485.93
17/02/2026 14:45;485.94
17/02/2026 15:00;485.94
17/02/2026 15:15;485.95
17/02/2026 15:30;485.95
17/02/2026 15:45;485.96
17/02/2026 16:00;485.96
17/02/2026 16:15;485.97
17/02/2026 16:30;485.97
17/02/2026 16:45;485.97
17/02/2026 17:00;485.98
17/02/2026 17:15;485.98
17/02/2026 17:30;485.99
17/02/2026 17:45;485.99
17/02/2026 18:00;486
17/02/2026 18:15;486.01
17/02/2026 18:30;486.01
17/02/2026 18:45;486.01
17/02/2026 19:00;486.02
17/02/2026 19:15;486.02
17/02/2026 19:30;486.03
17/02/2026 19:45;486.03
17/02/2026 20:00;486.03
17/02/2026 20:15;486.04
17/02/2026 20:30;486.04
17/02/2026 20:45;486.04
17/02/2026 21:00;486.05
17/02/2026 21:15;486.05
17/02/2026 21:30;486.06
17/02/2026 21:45;486.06
17/02/2026 22:00;486.06
17/02/2026 22:15;486.07
17/02/2026 22:30;486.07
17/02/2026 22:45;486.07
17/02/2026 23:00;486.08
17/02/2026 23:15;486.08
17/02/2026 23:30;486.08
17/02/2026 23:45;486.09
18/02/2026 00:00;486.09
18/02/2026 00:15;486.1
18/02/2026 00:30;486.1
18/02/2026 00:45;486.1
18/02/2026 01:00;486.11
18/02/2026 01:15;486.11
18/02/2026 01:30;486.11
18/02/2026 01:45;486.12
18/02/2026 02:00;486.12
18/02/2026 02:15;486.12
18/02/2026 02:30;486.13
18/02/2026 02:45;486.13
18/02/2026 03:00;486.13
18/02/2026 03:15;486.14
18/02/2026 03:30;486.14
18/02/2026 03:45;486.14
18/02/2026 04:00;486.15
18/02/2026 04:15;486.15
18/02/2026 04:30;486.15
18/02/2026 04:45;486.16
18/02/2026 05:00;486.16
18/02/2026 05:15;486.16
18/02/2026 05:30;486.17
18/02/2026 05:45;486.17
18/02/2026 06:00;486.17
18/02/2026 06:15;486.17
18/02/2026 06:30;486.18
18/02/2026 06:45;486.18
18/02/2026 07:00;486.18
18/02/2026 07:15;486.18
18/02/2026 07:30;486.19
18/02/2026 07:45;486.19
18/02/2026 08:00;486.19
18/02/2026 08:15;486.19
18/02/2026 08:30;486.2
18/02/2026 08:45;486.2
18/02/2026 09:00;486.2
18/02/2026 09:15;486.2
18/02/2026 09:30;486.21
18/02/2026 09:45;486.21
18/02/2026 10:00;486.21
18/02/2026 10:15;486.21
18/02/2026 10:30;486.22
18/02/2026 10:45;486.22
18/02/2026 11:00;486.22
18/02/2026 11:15;486.22
18/02/2026 11:30;486.22
18/02/2026 11:45;486.22
18/02/2026 12:00;486.23
18/02/2026 12:15;486.23
18/02/2026 12:30;486.23
18/02/2026 12:45;486.23
18/02/2026 13:00;486.24
18/02/2026 13:15;486.24
18/02/2026 13:30;486.24
18/02/2026 13:45;486.24
18/02/2026 14:00;486.24
18/02/2026 14:15;486.24
18/02/2026 14:30;486.24
18/02/2026 14:45;486.24
18/02/2026 15:00;486.24
18/02/2026 15:15;486.24
18/02/2026 15:30;486.24
18/02/2026 15:45;486.24
18/02/2026 16:00;486.24
18/02/2026 16:15;486.24
18/02/2026 16:30;486.24
18/02/2026 16:45;486.24
18/02/2026 17:00;486.24
18/02/2026 17:15;486.24
18/02/2026 17:30;486.24
18/02/2026 17:45;486.24
18/02/2026 18:00;486.24
18/02/2026 18:15;486.24
18/02/2026 18:30;486.24
18/02/2026 18:45;486.24
18/02/2026 19:00;486.23
18/02/2026 19:15;486.23
18/02/2026 19:30;486.23
18/02/2026 19:45;486.22
18/02/2026 20:00;486.23
18/02/2026 20:15;486.23
18/02/2026 20:30;486.22
18/02/2026 20:45;486.22
18/02/2026 21:00;486.22
18/02/2026 21:15;486.22
18/02/2026 21:30;486.22
18/02/2026 21:45;486.21
18/02/2026 22:00;486.21
18/02/2026 22:15;486.2
18/02/2026 22:30;486.2
18/02/2026 22:45;486.21
18/02/2026 23:00;486.2
18/02/2026 23:15;486.2
18/02/2026 23:30;486.2
18/02/2026 23:45;486.2
19/02/2026 00:00;486.2
19/02/2026 00:15;486.2
19/02/2026 00:30;486.19
19/02/2026 00:45;486.19
19/02/2026 01:00;486.19
19/02/2026 01:15;486.19
19/02/2026 01:30;486.19
19/02/2026 01:45;486.18
19/02/2026 02:00;486.18
19/02/2026 02:15;486.18
19/02/2026 02:30;486.18
19/02/2026 02:45;486.18
19/02/2026 03:00;486.18
19/02/2026 03:15;486.18
19/02/2026 03:30;486.17
19/02/2026 03:45;486.18
19/02/2026 04:00;486.17
19/02/2026 04:15;486.17
19/02/2026 04:30;486.17
19/02/2026 04:45;486.16
19/02/2026 05:00;486.17
19/02/2026 05:15;486.16
19/02/2026 05:30;486.16
19/02/2026 05:45;486.16
19/02/2026 06:00;486.16
19/02/2026 06:15;486.16
19/02/2026 06:30;486.16
19/02/2026 06:45;486.16
19/02/2026 07:00;486.16
19/02/2026 07:15;486.15
19/02/2026 07:30;486.16
19/02/2026 07:45;486.15
19/02/2026 08:00;486.15
19/02/2026 08:15;486.15
19/02/2026 08:30;486.14
19/02/2026 08:45;486.15
19/02/2026 09:00;486.14
19/02/2026 09:15;486.14
19/02/2026 09:30;486.14
19/02/2026 09:45;486.13
19/02/2026 10:00;486.13
19/02/2026 10:15;486.13
19/02/2026 10:30;486.13
19/02/2026 10:45;486.12
19/02/2026 11:00;486.12
19/02/2026 11:15;486.12
19/02/2026 11:30;486.12
19/02/2026 11:45;486.11
19/02/2026 12:00;486.11
19/02/2026 12:15;486.11
19/02/2026 12:30;486.11
19/02/2026 12:45;486.11
19/02/2026 13:00;486.1
19/02/2026 13:15;486.1
19/02/2026 13:30;486.1
19/02/2026 13:45;486.1
19/02/2026 14:00;486.1
19/02/2026 14:15;486.09
19/02/2026 14:30;486.09
19/02/2026 14:45;486.09
19/02/2026 15:00;486.09
19/02/2026 15:15;486.08
19/02/2026 15:30;486.08
19/02/2026 15:45;486.08
19/02/2026 16:00;486.08
19/02/2026 16:15;486.08
19/02/2026 16:30;486.08
19/02/2026 16:45;486.07
19/02/2026 17:00;486.07
19/02/2026 17:15;486.06
19/02/2026 17:30;486.07
19/02/2026 17:45;486.06
19/02/2026 18:00;486.06
19/02/2026 18:15;486.06
19/02/2026 18:30;486.06
19/02/2026 18:45;486.05
19/02/2026 19:00;486.04
19/02/2026 19:15;486.04
19/02/2026 19:30;486.04
19/02/2026 19:45;486.04
19/02/2026 20:00;486.04
19/02/2026 20:15;486.04
19/02/2026 20:30;486.03
19/02/2026 20:45;486.03
19/02/2026 21:00;486.03
19/02/2026 21:15;486.02
19/02/2026 21:30;486.02
19/02/2026 21:45;486.02
19/02/2026 22:00;486.01
19/02/2026 22:15;486.01
19/02/2026 22:30;486.01
19/02/2026 22:45;486.01
19/02/2026 23:00;486
19/02/2026 23:15;486
19/02/2026 23:30;486
19/02/2026 23:45;485.99
20/02/2026 00:00;485.99
20/02/2026 00:15;485.99
20/02/2026 00:30;485.99
20/02/2026 00:45;485.98
20/02/2026 01:00;485.98
20/02/2026 01:15;485.97
20/02/2026 01:30;485.97
20/02/2026 01:45;485.97
20/02/2026 02:00;485.96
20/02/2026 02:15;485.96
20/02/2026 02:30;485.96
20/02/2026 02:45;485.95
20/02/2026 03:00;485.95
20/02/2026 03:15;485.95
20/02/2026 03:30;485.95
20/02/2026 03:45;485.95
20/02/2026 04:00;485.95
20/02/2026 04:15;485.95
20/02/2026 04:30;485.94
20/02/2026 04:45;485.94
20/02/2026 05:00;485.94
20/02/2026 05:15;485.93
20/02/2026 05:30;485.93
20/02/2026 05:45;485.93
20/02/2026 06:00;485.92
20/02/2026 06:15;485.92
20/02/2026 06:30;485.92
20/02/2026 06:45;485.91
20/02/2026 07:00;485.91
20/02/2026 07:15;485.9
20/02/2026 07:30;485.9
20/02/2026 07:45;485.9
20/02/2026 08:00;485.9
20/02/2026 08:15;485.89
20/02/2026 08:30;485.89
20/02/2026 08:45;485.89
20/02/2026 09:00;485.88
20/02/2026 09:15;485.88
20/02/2026 09:30;485.87
20/02/2026 09:45;485.87
20/02/2026 10:00;485.87
20/02/2026 10:15;485.87
20/02/2026 10:30;485.86
20/02/2026 10:45;485.86
20/02/2026 11:00;485.85
20/02/2026 11:15;485.85
20/02/2026 11:30;485.85
20/02/2026 11:45;485.84
20/02/2026 12:00;485.84
20/02/2026 12:15;485.84
20/02/2026 12:30;485.84
20/02/2026 12:45;485.83
20/02/2026 13:00;485.83
20/02/2026 13:15;485.83
20/02/2026 13:30;485.82
20/02/2026 13:45;485.82
20/02/2026 14:00;485.82
20/02/2026 14:15;485.81
20/02/2026 14:30;485.81
20/02/2026 14:45;485.81
20/02/2026 15:00;485.81
20/02/2026 15:15;485.81
20/02/2026 15:30;485.8
20/02/2026 15:45;485.8
20/02/2026 16:00;485.8
20/02/2026 16:15;485.8
20/02/2026 16:30;485.8
20/02/2026 16:45;485.8
20/02/2026 17:00;485.8
20/02/2026 17:15;485.8
20/02/2026 17:30;485.79
20/02/2026 17:45;485.79
20/02/2026 18:00;485.79
20/02/2026 18:15;485.78
20/02/2026 18:30;485.78
20/02/2026 18:45;485.78
20/02/2026 19:00;485.78
20/02/2026 19:15;485.78
20/02/2026 19:30;485.78
20/02/2026 19:45;485.77
20/02/2026 20:00;485.77
20/02/2026 20:15;485.77
20/02/2026 20:30;485.77
20/02/2026 20:45;485.76
20/02/2026 21:00;485.76
20/02/2026 21:15;485.76
20/02/2026 21:30;485.76
20/02/2026 21:45;485.76
20/02/2026 22:00;485.76
20/02/2026 22:15;485.75
20/02/2026 22:30;485.75
20/02/2026 22:45;485.75
20/02/2026 23:00;485.75
20/02/2026 23:15;485.74
20/02/2026 23:30;485.74
20/02/2026 23:45;485.74
21/02/2026 00:00;485.74
21/02/2026 00:15;485.73
21/02/2026 00:30;485.73
21/02/2026 00:45;485.73
21/02/2026 01:00;485.73
21/02/2026 01:15;485.73
21/02/2026 01:30;485.73
21/02/2026 01:45;485.73
21/02/2026 02:00;485.73
21/02/2026 02:15;485.73
21/02/2026 02:30;485.73
21/02/2026 02:45;485.72
21/02/2026 03:00;485.72
21/02/2026 03:15;485.72
21/02/2026 03:30;485.71
21/02/2026 03:45;485.71
21/02/2026 04:00;485.71
21/02/2026 04:15;485.71
21/02/2026 04:30;485.71
21/02/2026 04:45;485.7
21/02/2026 05:00;485.7
21/02/2026 05:15;485.7
21/02/2026 05:30;485.69
21/02/2026 05:45;485.69
21/02/2026 06:00;485.69
21/02/2026 06:15;485.69
21/02/2026 06:30;485.69
21/02/2026 06:45;485.69
21/02/2026 07:00;485.68
21/02/2026 07:15;485.68
21/02/2026 07:30;485.68
21/02/2026 07:45;485.68
21/02/2026 08:00;485.68
21/02/2026 08:15;485.67
21/02/2026 08:30;485.67
21/02/2026 08:45;485.67
21/02/2026 09:00;485.67
21/02/2026 09:15;485.67
21/02/2026 09:30;485.66
21/02/2026 09:45;485.66
21/02/2026 10:00;485.66
21/02/2026 10:15;485.66
21/02/2026 10:30;485.65
21/02/2026 10:45;485.65
21/02/2026 11:00;485.65
21/02/2026 11:15;485.65
21/02/2026 11:30;485.64
21/02/2026 11:45;485.64
21/02/2026 12:00;485.64
21/02/2026 12:15;485.63
21/02/2026 12:30;485.63
21/02/2026 12:45;485.63
21/02/2026 13:00;485.63
21/02/2026 13:15;485.62
21/02/2026 13:30;485.62
21/02/2026 13:45;485.62
21/02/2026 14:00;485.61
21/02/2026 14:15;485.61
21/02/2026 14:30;485.61
21/02/2026 14:45;485.6
21/02/2026 15:00;485.6
21/02/2026 15:15;485.6
21/02/2026 15:30;485.59
21/02/2026 15:45;485.59
21/02/2026 16:00;485.59
21/02/2026 16:15;485.59
21/02/2026 16:30;485.58
21/02/2026 16:45;485.58
21/02/2026 17:00;485.58
21/02/2026 17:15;485.58
21/02/2026 17:30;485.57
21/02/2026 17:45;485.57
21/02/2026 18:00;485.57
21/02/2026 18:15;485.56
21/02/2026 18:30;485.56
21/02/2026 18:45;485.56
21/02/2026 19:00;485.55
21/02/2026 19:15;485.55
21/02/2026 19:30;485.55
21/02/2026 19:45;485.54
21/02/2026 20:00;485.54
21/02/2026 20:15;485.54
21/02/2026 20:30;485.54
21/02/2026 20:45;485.53
21/02/2026 21:00;485.53
21/02/2026 21:15;485.53
21/02/2026 21:30;485.53
21/02/2026 21:45;485.52
21/02/2026 22:00;485.52
21/02/2026 22:15;485.52
21/02/2026 22:30;485.51
21/02/2026 22:45;485.51
21/02/2026 23:00;485.51
21/02/2026 23:15;485.5
21/02/2026 23:30;485.5
21/02/2026 23:45;485.5
22/02/2026 00:00;485.49
22/02/2026 00:15;485.49
22/02/2026 00:30;485.49
22/02/2026 00:45;485.49
22/02/2026 01:00;485.48
22/02/2026 01:15;485.48
22/02/2026 01:30;485.48
22/02/2026 01:45;485.48
22/02/2026 02:00;485.47
22/02/2026 02:15;485.47
22/02/2026 02:30;485.47
22/02/2026 02:45;485.46
22/02/2026 03:00;485.46
22/02/2026 03:15;485.46
22/02/2026 03:30;485.46
22/02/2026 03:45;485.45
22/02/2026 04:00;485.45
22/02/2026 04:15;485.45
22/02/2026 04:30;485.45
22/02/2026 04:45;485.44
22/02/2026 05:00;485.44
22/02/2026 05:15;485.44
22/02/2026 05:30;485.43
22/02/2026 05:45;485.43
22/02/2026 06:00;485.43
22/02/2026 06:15;485.42
22/02/2026 06:30;485.42
22/02/2026 06:45;485.42
22/02/2026 07:00;485.41
22/02/2026 07:15;485.41
22/02/2026 07:30;485.41
22/02/2026 07:45;485.4
22/02/2026 08:00;485.4
22/02/2026 08:15;485.4
22/02/2026 08:30;485.4
22/02/2026 08:45;485.4
22/02/2026 09:00;485.39
22/02/2026 09:15;485.39
22/02/2026 09:30;485.39
22/02/2026 09:45;485.38
22/02/2026 10:00;485.38
22/02/2026 10:15;485.38
22/02/2026 10:30;485.37
22/02/2026 10:45;485.37
22/02/2026 11:00;485.37
22/02/2026 11:15;485.36
22/02/2026 11:30;485.36
22/02/2026 11:45;485.35
22/02/2026 12:00;485.35
22/02/2026 12:15;485.35
22/02/2026 12:30;485.35
22/02/2026 12:45;485.34
22/02/2026 13:00;485.34
22/02/2026 13:15;485.34
22/02/2026 13:30;485.33
22/02/2026 13:45;485.33
22/02/2026 14:00;485.32
22/02/2026 14:15;485.32
22/02/2026 14:30;485.32
22/02/2026 14:45;485.31
22/02/2026 15:00;485.31
22/02/2026 15:15;485.31
22/02/2026 15:30;485.3
22/02/2026 15:45;485.3
22/02/2026 16:00;485.3
22/02/2026 16:15;485.29
22/02/2026 16:30;485.29
22/02/2026 16:45;485.29
22/02/2026 17:00;485.28
22/02/2026 17:15;485.28
22/02/2026 17:30;485.28
22/02/2026 17:45;485.27
22/02/2026 18:00;485.27
22/02/2026 18:15;485.26
22/02/2026 18:30;485.26
22/02/2026 18:45;485.26
22/02/2026 19:00;485.25
22/02/2026 19:15;485.25
22/02/2026 19:30;485.25
22/02/2026 19:45;485.24
22/02/2026 20:00;485.24
22/02/2026 20:15;485.24
22/02/2026 20:30;485.23
22/02/2026 20:45;485.23
22/02/2026 21:00;485.23
22/02/2026 21:15;485.22
22/02/2026 21:30;485.22
22/02/2026 21:45;485.22
22/02/2026 22:00;485.21
22/02/2026 22:15;485.21
22/02/2026 22:30;485.21
22/02/2026 22:45;485.2
22/02/2026 23:00;485.2
22/02/2026 23:15;485.2
22/02/2026 23:30;485.19
22/02/2026 23:45;485.19
23/02/2026 00:00;485.19
23/02/2026 00:15;485.18
23/02/2026 00:30;485.18
23/02/2026 00:45;485.18
23/02/2026 01:00;485.17
23/02/2026 01:15;485.17
23/02/2026 01:30;485.17
23/02/2026 01:45;485.16
23/02/2026 02:00;485.16
23/02/2026 02:15;485.16
23/02/2026 02:30;485.15
23/02/2026 02:45;485.15
23/02/2026 03:00;485.15
23/02/2026 03:15;485.15
23/02/2026 03:30;485.14
23/02/2026 03:45;485.14
23/02/2026 04:00;485.14
23/02/2026 04:15;485.13
23/02/2026 04:30;485.13
23/02/2026 04:45;485.13
23/02/2026 05:00;485.12
23/02/2026 05:15;485.12
23/02/2026 05:30;485.12
23/02/2026 05:45;485.11
23/02/2026 06:00;485.11
23/02/2026 06:15;485.11
23/02/2026 06:30;485.1
23/02/2026 06:45;485.1
23/02/2026 07:00;485.1
23/02/2026 07:15;485.1
23/02/2026 07:30;485.09
23/02/2026 07:45;485.09
23/02/2026 08:00;485.09
23/02/2026 08:15;485.08
23/02/2026 08:30;485.08
23/02/2026 08:45;485.07
23/02/2026 09:00;485.07
23/02/2026 09:15;485.07
23/02/2026 09:30;485.07
23/02/2026 09:45;485.07
23/02/2026 10:00;485.07
23/02/2026 10:15;485.07
23/02/2026 10:30;485.07
23/02/2026 10:45;485.08
23/02/2026 11:00;485.08
23/02/2026 11:15;485.08
23/02/2026 11:30;485.08
23/02/2026 11:45;485.08
23/02/2026 12:00;485.08
23/02/2026 12:15;485.08
23/02/2026 12:30;485.08
23/02/2026 12:45;485.08
23/02/2026 13:00;485.08
23/02/2026 13:15;485.08
23/02/2026 13:30;485.08
23/02/2026 13:45;485.08
23/02/2026 14:00;485.08
23/02/2026 14:15;485.08
23/02/2026 14:30;485.08
23/02/2026 14:45;485.08
23/02/2026 15:00;485.08
23/02/2026 15:15;485.08
23/02/2026 15:30;485.08
23/02/2026 15:45;485.08
23/02/2026 16:00;485.08
23/02/2026 16:15;485.08
23/02/2026 16:30;485.08
23/02/2026 16:45;485.08
23/02/2026 17:00;485.08
23/02/2026 17:15;485.08
23/02/2026 17:30;485.08
23/02/2026 17:45;485.08
23/02/2026 18:00;485.08
23/02/2026 18:15;485.08
23/02/2026 18:30;485.08
23/02/2026 18:45;485.08
23/02/2026 19:00;485.08
23/02/2026 19:15;485.08
23/02/2026 19:30;485.08
23/02/2026 19:45;485.08
23/02/2026 20:00;485.08
23/02/2026 20:15;485.08
23/02/2026 20:30;485.08
23/02/2026 20:45;485.08
23/02/2026 21:00;485.08
23/02/2026 21:15;485.08
23/02/2026 21:30;485.08
23/02/2026 21:45;485.08
23/02/2026 22:00;485.08
23/02/2026 22:15;485.08
23/02/2026 22:30;485.08
23/02/2026 22:45;485.08
23/02/2026 23:00;485.08
23/02/2026 23:15;485.08
23/02/2026 23:30;485.08
23/02/2026 23:45;485.08
24/02/2026 00:00;485.08
24/02/2026 00:15;485.08
24/02/2026 00:30;485.08
24/02/2026 00:45;485.08
24/02/2026 01:00;485.08
24/02/2026 01:15;485.08
24/02/2026 01:30;485.08
24/02/2026 01:45;485.08
24/02/2026 02:00;485.08
24/02/2026 02:15;485.08
24/02/2026 02:30;485.08
24/02/2026 02:45;485.08
24/02/2026 03:00;485.08
24/02/2026 03:15;485.08
24/02/2026 03:30;485.08
24/02/2026 03:45;485.08
24/02/2026 04:00;485.08
24/02/2026 04:15;485.08
24/02/2026 04:30;485.08
24/02/2026 04:45;485.08
24/02/2026 05:00;485.08
24/02/2026 05:15;485.08
24/02/2026 05:30;485.08
24/02/2026 05:45;485.09
24/02/2026 06:00;485.09
24/02/2026 06:15;485.08
24/02/2026 06:30;485.09
24/02/2026 06:45;485.09
24/02/2026 07:00;485.09
24/02/2026 07:15;485.09
24/02/2026 07:30;485.09
24/02/2026 07:45;485.09
24/02/2026 08:00;485.09
24/02/2026 08:15;485.09
24/02/2026 08:30;485.09
24/02/2026 08:45;485.09
24/02/2026 09:00;485.09
24/02/2026 09:15;485.1
24/02/2026 09:30;485.1
24/02/2026 09:45;485.1
24/02/2026 10:00;485.1
24/02/2026 10:15;485.1
24/02/2026 10:30;485.1
24/02/2026 10:45;485.1
24/02/2026 11:00;485.1
24/02/2026 11:15;485.11
24/02/2026 11:30;485.11
24/02/2026 11:45;485.11
24/02/2026 12:00;485.11
24/02/2026 12:15;485.11
24/02/2026 12:30;485.11
24/02/2026 12:45;485.11
24/02/2026 13:00;485.11
24/02/2026 13:15;485.11
24/02/2026 13:30;485.11
24/02/2026 13:45;485.11
24/02/2026 14:00;485.11
24/02/2026 14:15;485.11
24/02/2026 14:30;485.11
24/02/2026 14:45;485.12
24/02/2026 15:00;485.12
24/02/2026 15:15;485.12
24/02/2026 15:30;485.12
24/02/2026 15:45;485.12
24/02/2026 16:00;485.12
24/02/2026 16:15;485.12
24/02/2026 16:30;485.12
24/02/2026 16:45;485.12
24/02/2026 17:00;485.12
24/02/2026 17:15;485.13
24/02/2026 17:30;485.13
24/02/2026 17:45;485.13
24/02/2026 18:00;485.13
24/02/2026 18:15;485.13
24/02/2026 18:30;485.13
24/02/2026 18:45;485.13
24/02/2026 19:00;485.13
24/02/2026 19:15;485.14
24/02/2026 19:30;485.14
24/02/2026 19:45;485.14
24/02/2026 20:00;485.14
24/02/2026 20:15;485.14
24/02/2026 20:30;485.14
24/02/2026 20:45;485.15
24/02/2026 21:00;485.15
24/02/2026 21:15;485.15
24/02/2026 21:30;485.15
24/02/2026 21:45;485.15
24/02/2026 22:00;485.16
24/02/2026 22:15;485.16
24/02/2026 22:30;485.16
24/02/2026 22:45;485.16
24/02/2026 23:00;485.16
24/02/2026 23:15;485.17
24/02/2026 23:30;485.17
24/02/2026 23:45;485.17
25/02/2026 00:00;485.17
25/02/2026 00:15;485.17
25/02/2026 00:30;485.17
25/02/2026 00:45;485.18
25/02/2026 01:00;485.18
25/02/2026 01:15;485.18
25/02/2026 01:30;485.18
25/02/2026 01:45;485.18
25/02/2026 02:00;485.19
25/02/2026 02:15;485.19
25/02/2026 02:30;485.19
25/02/2026 02:45;485.19
25/02/2026 03:00;485.19
25/02/2026 03:15;485.2
25/02/2026 03:30;485.2
25/02/2026 03:45;485.2
25/02/2026 04:00;485.2
25/02/2026 04:15;485.21
25/02/2026 04:30;485.21
25/02/2026 04:45;485.21
25/02/2026 05:00;485.21
25/02/2026 05:15;485.21
25/02/2026 05:30;485.21
25/02/2026 05:45;485.22
25/02/2026 06:00;485.22
25/02/2026 06:15;485.22
25/02/2026 06:30;485.22
25/02/2026 06:45;485.22
25/02/2026 07:00;485.23
25/02/2026 07:15;485.23
25/02/2026 07:30;485.23
25/02/2026 07:45;485.23
25/02/2026 08:00;485.23
25/02/2026 08:15;485.24
25/02/2026 08:30;485.24
25/02/2026 08:45;485.24
25/02/2026 09:00;485.24
25/02/2026 09:15;485.25
25/02/2026 09:30;485.25
25/02/2026 09:45;485.25
25/02/2026 10:00;485.25
25/02/2026 10:15;485.26
25/02/2026 10:30;485.26
25/02/2026 10:45;485.26
25/02/2026 11:00;485.26
25/02/2026 11:15;485.27
25/02/2026 11:30;485.27
25/02/2026 11:45;485.27
25/02/2026 12:00;485.27
25/02/2026 12:15;485.27
25/02/2026 12:30;485.28
25/02/2026 12:45;485.28
25/02/2026 13:00;485.28
25/02/2026 13:15;485.28
25/02/2026 13:30;485.28
25/02/2026 13:45;485.28
25/02/2026 14:00;485.29
25/02/2026 14:15;485.29
25/02/2026 14:30;485.29
25/02/2026 14:45;485.29
25/02/2026 15:00;485.29
25/02/2026 15:15;485.29
25/02/2026 15:30;485.3
25/02/2026 15:45;485.3
25/02/2026 16:00;485.3
25/02/2026 16:15;485.3
25/02/2026 16:30;485.3
25/02/2026 16:45;485.31
25/02/2026 17:00;485.31
25/02/2026 17:15;485.31
25/02/2026 17:30;485.31
25/02/2026 17:45;485.31
25/02/2026 18:00;485.31
25/02/2026 18:15;485.31
25/02/2026 18:30;485.32
25/02/2026 18:45;485.32
25/02/2026 19:00;485.32
25/02/2026 19:15;485.32
25/02/2026 19:30;485.32
25/02/2026 19:45;485.33
25/02/2026 20:00;485.33
25/02/2026 20:15;485.33
25/02/2026 20:30;485.33
25/02/2026 20:45;485.34
25/02/2026 21:00;485.34
25/02/2026 21:15;485.34
25/02/2026 21:30;485.34
25/02/2026 21:45;485.35
25/02/2026 22:00;485.35
25/02/2026 22:15;485.35
25/02/2026 22:30;485.36
25/02/2026 22:45;485.36
25/02/2026 23:00;485.36
25/02/2026 23:15;485.36
25/02/2026 23:30;485.36
25/02/2026 23:45;485.37
26/02/2026 00:00;485.37
26/02/2026 00:15;485.37
26/02/2026 00:30;485.37
26/02/2026 00:45;485.38
26/02/2026 01:00;485.38
26/02/2026 01:15;485.38
26/02/2026 01:30;485.38
26/02/2026 01:45;485.38
26/02/2026 02:00;485.39
26/02/2026 02:15;485.39
26/02/2026 02:30;485.4
26/02/2026 02:45;485.4
26/02/2026 03:00;485.4
26/02/2026 03:15;485.4
26/02/2026 03:30;485.4
26/02/2026 03:45;485.41
26/02/2026 04:00;485.41
26/02/2026 04:15;485.41
26/02/2026 04:30;485.41
26/02/2026 04:45;485.41
26/02/2026 05:00;485.42
26/02/2026 05:15;485.42
26/02/2026 05:30;485.42
26/02/2026 05:45;485.43
26/02/2026 06:00;485.43
26/02/2026 06:15;485.43
26/02/2026 06:30;485.43
26/02/2026 06:45;485.43
26/02/2026 07:00;485.44
26/02/2026 07:15;485.44
26/02/2026 07:30;485.44
26/02/2026 07:45;485.44
26/02/2026 08:00;485.44
26/02/2026 08:15;485.45
26/02/2026 08:30;485.45
26/02/2026 08:45;485.45
26/02/2026 09:00;485.46
26/02/2026 09:15;485.46
26/02/2026 09:30;485.46
26/02/2026 09:45;485.46
26/02/2026 10:00;485.47
26/02/2026 10:15;485.47
26/02/2026 10:30;485.47
26/02/2026 10:45;485.47
26/02/2026 11:00;485.48
26/02/2026 11:15;485.48
26/02/2026 11:30;485.48
26/02/2026 11:45;485.48
26/02/2026 12:00;485.48
26/02/2026 12:15;485.49
26/02/2026 12:30;485.49
26/02/2026 12:45;485.49
26/02/2026 13:00;485.49
26/02/2026 13:15;485.49
26/02/2026 13:30;485.49
26/02/2026 13:45;485.5
26/02/2026 14:00;485.5
26/02/2026 14:15;485.5
26/02/2026 14:30;485.5
26/02/2026 14:45;485.5
26/02/2026 15:00;485.51
26/02/2026 15:15;485.51
26/02/2026 15:30;485.52
26/02/2026 15:45;485.52
26/02/2026 16:00;485.52
26/02/2026 16:15;485.52
26/02/2026 16:30;485.52
26/02/2026 16:45;485.52
26/02/2026 17:00;485.52
26/02/2026 17:15;485.52
26/02/2026 17:30;485.53
26/02/2026 17:45;485.53
26/02/2026 18:00;485.53
26/02/2026 18:15;485.53
26/02/2026 18:30;485.53
26/02/2026 18:45;485.54
26/02/2026 19:00;485.54
26/02/2026 19:15;485.54
26/02/2026 19:30;485.54
26/02/2026 19:45;485.54
26/02/2026 20:00;485.55
26/02/2026 20:15;485.55
26/02/2026 20:30;485.55
26/02/2026 20:45;485.55
26/02/2026 21:00;485.55
26/02/2026 21:15;485.56
26/02/2026 21:30;485.56
26/02/2026 21:45;485.56
26/02/2026 22:00;485.56
26/02/2026 22:15;485.56
26/02/2026 22:30;485.56
26/02/2026 22:45;485.57
26/02/2026 23:00;485.57
26/02/2026 23:15;485.57
26/02/2026 23:30;485.58
26/02/2026 23:45;485.58
27/02/2026 00:00;485.58
27/02/2026 00:15;485.58
27/02/2026 00:30;485.58
27/02/2026 00:45;485.59
27/02/2026 01:00;485.59
27/02/2026 01:15;485.59
27/02/2026 01:30;485.59
27/02/2026 01:45;485.59
27/02/2026 02:00;485.59
27/02/2026 02:15;485.6
27/02/2026 02:30;485.6
27/02/2026 02:45;485.61
27/02/2026 03:00;485.61
27/02/2026 03:15;485.61
27/02/2026 03:30;485.61
27/02/2026 03:45;485.61
27/02/2026 04:00;485.62
27/02/2026 04:15;485.62
27/02/2026 04:30;485.62
27/02/2026 04:45;485.63
27/02/2026 05:00;485.63
27/02/2026 05:15;485.63
27/02/2026 05:30;485.63
27/02/2026 05:45;485.63
27/02/2026 06:00;485.64
27/02/2026 06:15;485.64
27/02/2026 06:30;485.64
27/02/2026 06:45;485.64
27/02/2026 07:00;485.65
27/02/2026 07:15;485.65
27/02/2026 07:30;485.65
27/02/2026 07:45;485.65
27/02/2026 08:00;485.65
27/02/2026 08:15;485.65
27/02/2026 08:30;485.66
27/02/2026 08:45;485.66
27/02/2026 09:00;485.66
27/02/2026 09:15;485.67
27/02/2026 09:30;485.67
27/02/2026 09:45;485.67
27/02/2026 10:00;485.67
27/02/2026 10:15;485.68
27/02/2026 10:30;485.68
27/02/2026 10:45;485.68
27/02/2026 11:00;485.68
27/02/2026 11:15;485.68
27/02/2026 11:30;485.68
27/02/2026 11:45;485.69
27/02/2026 12:00;485.69
27/02/2026 12:15;485.69
27/02/2026 12:30;485.69
27/02/2026 12:45;485.69
27/02/2026 13:00;485.69
27/02/2026 13:15;485.7
27/02/2026 13:30;485.7
27/02/2026 13:45;485.7
27/02/2026 14:00;485.7
27/02/2026 14:15;485.7
27/02/2026 14:30;485.7
27/02/2026 14:45;485.71
27/02/2026 15:00;485.71
27/02/2026 15:15;485.71
27/02/2026 15:30;485.71
27/02/2026 15:45;485.71
27/02/2026 16:00;485.71
27/02/2026 16:15;485.71
27/02/2026 16:30;485.72
27/02/2026 16:45;485.72
27/02/2026 17:00;485.72
27/02/2026 17:15;485.72
27/02/2026 17:30;485.72
27/02/2026 17:45;485.72
27/02/2026 18:00;485.73
27/02/2026 18:15;485.73
27/02/2026 18:30;485.73
27/02/2026 18:45;485.73
27/02/2026 19:00;485.73
27/02/2026 19:15;485.73
27/02/2026 19:30;485.73
27/02/2026 19:45;485.73
27/02/2026 20:00;485.73
27/02/2026 20:15;485.73
27/02/2026 20:30;485.74
27/02/2026 20:45;485.74
27/02/2026 21:00;485.74
27/02/2026 21:15;485.74
27/02/2026 21:30;485.74
27/02/2026 21:45;485.74
27/02/2026 22:00;485.74
27/02/2026 22:15;485.74
27/02/2026 22:30;485.75
27/02/2026 22:45;485.75
27/02/2026 23:00;485.75
27/02/2026 23:15;485.75
27/02/2026 23:30;485.75
27/02/2026 23:45;485.75
28/02/2026 00:00;485.75
28/02/2026 00:15;485.75
28/02/2026 00:30;485.75
28/02/2026 00:45;485.75
28/02/2026 01:00;485.75
28/02/2026 01:15;485.76
28/02/2026 01:30;485.76
28/02/2026 01:45;485.76
28/02/2026 02:00;485.76
28/02/2026 02:15;485.76
28/02/2026 02:30;485.76
28/02/2026 02:45;485.76
28/02/2026 03:00;485.77
28/02/2026 03:15;485.77
28/02/2026 03:30;485.77
28/02/2026 03:45;485.77
28/02/2026 04:00;485.77
28/02/2026 04:15;485.77
28/02/2026 04:30;485.77
28/02/2026 04:45;485.77
28/02/2026 05:00;485.78
28/02/2026 05:15;485.78
28/02/2026 05:30;485.78
28/02/2026 05:45;485.78
28/02/2026 06:00;485.78
28/02/2026 06:15;485.78
28/02/2026 06:30;485.78
28/02/2026 06:45;485.78
28/02/2026 07:00;485.79
28/02/2026 07:15;485.79
28/02/2026 07:30;485.79
28/02/2026 07:45;485.79
28/02/2026 08:00;485.79
28/02/2026 08:15;485.79
28/02/2026 08:30;485.79
28/02/2026 08:45;485.79
28/02/2026 09:00;485.8
28/02/2026 09:15;485.8
28/02/2026 09:30;485.8
28/02/2026 09:45;485.8
28/02/2026 10:00;485.8
28/02/2026 10:15;485.8
28/02/2026 10:30;485.8
28/02/2026 10:45;485.81
28/02/2026 11:00;485.81
28/02/2026 11:15;485.81
28/02/2026 11:30;485.81
28/02/2026 11:45;485.81
28/02/2026 12:00;485.81
28/02/2026 12:15;485.81
28/02/2026 12:30;485.81
28/02/2026 12:45;485.81
28/02/2026 13:00;485.82
28/02/2026 13:15;485.82
28/02/2026 13:30;485.82
28/02/2026 13:45;485.82
28/02/2026 14:00;485.82
28/02/2026 14:15;485.82
28/02/2026 14:30;485.82
28/02/2026 14:45;485.82
28/02/2026 15:00;485.82
28/02/2026 15:15;485.82
28/02/2026 15:30;485.83
28/02/2026 15:45;485.83
28/02/2026 16:00;485.83
28/02/2026 16:15;485.83
28/02/2026 16:30;485.83
28/02/2026 16:45;485.83
28/02/2026 17:00;485.83
28/02/2026 17:15;485.83
28/02/2026 17:30;485.83
28/02/2026 17:45;485.83
28/02/2026 18:00;485.84
28/02/2026 18:15;485.84
28/02/2026 18:30;485.84
28/02/2026 18:45;485.84
28/02/2026 19:00;485.84
28/02/2026 19:15;485.84
28/02/2026 19:30;485.84
28/02/2026 19:45;485.84
28/02/2026 20:00;485.85
28/02/2026 20:15;485.85
28/02/2026 20:30;485.85
28/02/2026 20:45;485.85
28/02/2026 21:00;485.85
28/02/2026 21:15;485.85
28/02/2026 21:30;485.85
28/02/2026 21:45;485.85
28/02/2026 22:00;485.85
28/02/2026 22:15;485.85
28/02/2026 22:30;485.85
28/02/2026 22:45;485.85
28/02/2026 23:00;485.85
28/02/2026 23:15;485.85
28/02/2026 23:30;485.86
28/02/2026 23:45;485.86
01/03/2026 00:00;485.86
01/03/2026 00:15;485.86
01/03/2026 00:30;485.86
01/03/2026 00:45;485.86
01/03/2026 01:00;485.86
01/03/2026 01:15;485.86
01/03/2026 01:30;485.87
01/03/2026 01:45;485.87
01/03/2026 02:00;485.87
01/03/2026 02:15;485.87
01/03/2026 02:30;485.87
01/03/2026 02:45;485.87
01/03/2026 03:00;485.87
01/03/2026 03:15;485.87
01/03/2026 03:30;485.87
01/03/2026 03:45;485.87
01/03/2026 04:00;485.87
01/03/2026 04:15;485.88
01/03/2026 04:30;485.87
01/03/2026 04:45;485.88
01/03/2026 05:00;485.88
01/03/2026 05:15;485.88
01/03/2026 05:30;485.88
01/03/2026 05:45;485.88
01/03/2026 06:00;485.88
01/03/2026 06:15;485.88
01/03/2026 06:30;485.88
01/03/2026 06:45;485.88
01/03/2026 07:00;485.88
01/03/2026 07:15;485.88
01/03/2026 07:30;485.88
01/03/2026 07:45;485.89
01/03/2026 08:00;485.88
01/03/2026 08:15;485.89
01/03/2026 08:30;485.89
01/03/2026 08:45;485.88
01/03/2026 09:00;485.88
01/03/2026 09:15;485.89
01/03/2026 09:30;485.89
01/03/2026 09:45;485.89
01/03/2026 10:00;485.89
01/03/2026 10:15;485.89
01/03/2026 10:30;485.89
01/03/2026 10:45;485.89
01/03/2026 11:00;485.89
01/03/2026 11:15;485.89
01/03/2026 11:30;485.9
01/03/2026 11:45;485.9
01/03/2026 12:00;485.9
01/03/2026 12:15;485.9
01/03/2026 12:30;485.9
01/03/2026 12:45;485.9
01/03/2026 13:00;485.9
01/03/2026 13:15;485.9
01/03/2026 13:30;485.9
01/03/2026 13:45;485.9
01/03/2026 14:00;485.9
01/03/2026 14:15;485.9
01/03/2026 14:30;485.9
01/03/2026 14:45;485.9
01/03/2026 15:00;485.9
01/03/2026 15:15;485.9
01/03/2026 15:30;485.9
01/03/2026 15:45;485.9
01/03/2026 16:00;485.9
01/03/2026 16:15;485.9
01/03/2026 16:30;485.9
01/03/2026 16:45;485.9
01/03/2026 17:00;485.9
01/03/2026 17:15;485.9
01/03/2026 17:30;485.9
01/03/2026 17:45;485.9
01/03/2026 18:00;485.9
01/03/2026 18:15;485.9
01/03/2026 18:30;485.9
01/03/2026 18:45;485.9
01/03/2026 19:00;485.9
01/03/2026 19:15;485.9
01/03/2026 19:30;485.91
01/03/2026 19:45;485.91
01/03/2026 20:00;485.91
01/03/2026 20:15;485.91
01/03/2026 20:30;485.91
01/03/2026 20:45;485.91
01/03/2026 21:00;485.91
01/03/2026 21:15;485.91
01/03/2026 21:30;485.91
01/03/2026 21:45;485.91
01/03/2026 22:00;485.91
01/03/2026 22:15;485.91
01/03/2026 22:30;485.91
01/03/2026 22:45;485.91
01/03/2026 23:00;485.91
01/03/2026 23:15;485.91
01/03/2026 23:30;485.91
01/03/2026 23:45;485.91
02/03/2026 00:00;485.91
02/03/2026 00:15;485.91
02/03/2026 00:30;485.91
02/03/2026 00:45;485.91
02/03/2026 01:00;485.91
02/03/2026 01:15;485.91
02/03/2026 01:30;485.91
02/03/2026 01:45;485.91
02/03/2026 02:00;485.91
02/03/2026 02:15;485.91
02/03/2026 02:30;485.91
02/03/2026 02:45;485.91
02/03/2026 03:00;485.91
02/03/2026 03:15;485.91
02/03/2026 03:30;485.91
02/03/2026 03:45;485.91
02/03/2026 04:00;485.91
02/03/2026 04:15;485.91
02/03/2026 04:30;485.91
02/03/2026 04:45;485.91
02/03/2026 05:00;485.91
02/03/2026 05:15;485.91
02/03/2026 05:30;485.91
02/03/2026 05:45;485.91
02/03/2026 06:00;485.91
02/03/2026 06:15;485.91
02/03/2026 06:30;485.91
02/03/2026 06:45;485.91
02/03/2026 07:00;485.91
02/03/2026 07:15;485.91
02/03/2026 07:30;485.91
02/03/2026 07:45;485.91
02/03/2026 08:00;485.91
02/03/2026 08:15;485.91
02/03/2026 08:30;485.91
02/03/2026 08:45;485.91
02/03/2026 09:00;485.91
02/03/2026 09:15;485.91
02/03/2026 09:30;485.91
02/03/2026 09:45;485.91
02/03/2026 10:00;485.91
02/03/2026 10:15;485.91
02/03/2026 10:30;485.91
02/03/2026 10:45;485.91
02/03/2026 11:00;485.91
02/03/2026 11:15;485.91
02/03/2026 11:30;485.91
02/03/2026 11:45;485.91
02/03/2026 12:00;485.9
02/03/2026 12:15;485.91
02/03/2026 12:30;485.91
02/03/2026 12:45;485.91
02/03/2026 13:00;485.91
02/03/2026 13:15;485.9
02/03/2026 13:30;485.9
02/03/2026 13:45;485.9
02/03/2026 14:00;485.9
02/03/2026 14:15;485.9
02/03/2026 14:30;485.9
02/03/2026 14:45;485.9
02/03/2026 15:00;485.9
02/03/2026 15:15;485.9
02/03/2026 15:30;485.9
02/03/2026 15:45;485.9
02/03/2026 16:00;485.9
02/03/2026 16:15;485.9
02/03/2026 16:30;485.9
02/03/2026 16:45;485.9
02/03/2026 17:00;485.89
02/03/2026 17:15;485.9
02/03/2026 17:30;485.9
02/03/2026 17:45;485.9
02/03/2026 18:00;485.9
02/03/2026 18:15;485.9
02/03/2026 18:30;485.9
02/03/2026 18:45;485.9
02/03/2026 19:00;485.9
02/03/2026 19:15;485.9
02/03/2026 19:30;485.9
02/03/2026 19:45;485.9
02/03/2026 20:00;485.9
02/03/2026 20:15;485.89
02/03/2026 20:30;485.89
02/03/2026 20:45;485.89
02/03/2026 21:00;485.89
02/03/2026 21:15;485.89
02/03/2026 21:30;485.89
02/03/2026 21:45;485.89
02/03/2026 22:00;485.89
02/03/2026 22:15;485.89
02/03/2026 22:30;485.89
02/03/2026 22:45;485.89
02/03/2026 23:00;485.89
02/03/2026 23:15;485.89
02/03/2026 23:30;485.9
02/03/2026 23:45;485.89
03/03/2026 00:00;485.89
03/03/2026 00:15;485.89
03/03/2026 00:30;485.89
03/03/2026 00:45;485.89
03/03/2026 01:00;485.89
03/03/2026 01:15;485.89
03/03/2026 01:30;485.89
03/03/2026 01:45;485.89
03/03/2026 02:00;485.89
03/03/2026 02:15;485.89
03/03/2026 02:30;485.89
03/03/2026 02:45;485.89
03/03/2026 03:00;485.89
03/03/2026 03:15;485.89
03/03/2026 03:30;485.89
03/03/2026 03:45;485.89
03/03/2026 04:00;485.89
03/03/2026 04:15;485.89
03/03/2026 04:30;485.89
03/03/2026 04:45;485.89
03/03/2026 05:00;485.89
03/03/2026 05:15;485.89
03/03/2026 05:30;485.89
03/03/2026 05:45;485.89
03/03/2026 06:00;485.89
03/03/2026 06:15;485.89
03/03/2026 06:30;485.89
03/03/2026 06:45;485.89
03/03/2026 07:00;485.89
03/03/2026 07:15;485.89
03/03/2026 07:30;485.89
03/03/2026 07:45;485.89
03/03/2026 08:00;485.89
03/03/2026 08:15;485.89
03/03/2026 08:30;485.89
03/03/2026 08:45;485.89
03/03/2026 09:00;485.89
03/03/2026 09:15;485.89
03/03/2026 09:30;485.89
03/03/2026 09:45;485.89
03/03/2026 10:00;485.89
03/03/2026 10:15;485.89
03/03/2026 10:30;485.89
03/03/2026 10:45;485.89
03/03/2026 11:00;485.89
03/03/2026 11:15;485.89
03/03/2026 11:30;485.89
03/03/2026 11:45;485.89
03/03/2026 12:00;485.89
03/03/2026 12:15;485.89
03/03/2026 12:30;485.89
03/03/2026 12:45;485.89
03/03/2026 13:00;485.89
03/03/2026 13:15;485.89
03/03/2026 13:30;485.89
03/03/2026 13:45;485.89
03/03/2026 14:00;485.89
03/03/2026 14:15;485.89
03/03/2026 14:30;485.89
03/03/2026 14:45;485.88
03/03/2026 15:00;485.88
03/03/2026 15:15;485.88
03/03/2026 15:30;485.88
03/03/2026 15:45;485.88
03/03/2026 16:00;485.88
03/03/2026 16:15;485.88
03/03/2026 16:30;485.88
03/03/2026 16:45;485.88
03/03/2026 17:00;485.88
03/03/2026 17:15;485.88
03/03/2026 17:30;485.88
03/03/2026 17:45;485.88
03/03/2026 18:00;485.88
03/03/2026 18:15;485.88
03/03/2026 18:30;485.88
03/03/2026 18:45;485.88
03/03/2026 19:00;485.88
03/03/2026 19:15;485.88
03/03/2026 19:30;485.88
03/03/2026 19:45;485.88
03/03/2026 20:00;485.88
03/03/2026 20:15;485.88
03/03/2026 20:30;485.88
03/03/2026 20:45;485.88
03/03/2026 21:00;485.88
03/03/2026 21:15;485.88
03/03/2026 21:30;485.88
03/03/2026 21:45;485.88
03/03/2026 22:00;485.88
03/03/2026 22:15;485.88
03/03/2026 22:30;485.88
03/03/2026 22:45;485.87
03/03/2026 23:00;485.88
03/03/2026 23:15;485.88
03/03/2026 23:30;485.88
03/03/2026 23:45;485.88
04/03/2026 00:00;485.87
04/03/2026 00:15;485.87
04/03/2026 00:30;485.87
04/03/2026 00:45;485.87
04/03/2026 01:00;485.87
04/03/2026 01:15;485.87
04/03/2026 01:30;485.87
04/03/2026 01:45;485.87
04/03/2026 02:00;485.87
04/03/2026 02:15;485.87
04/03/2026 02:30;485.87
04/03/2026 02:45;485.87
04/03/2026 03:00;485.87
04/03/2026 03:15;485.87
04/03/2026 03:30;485.87
04/03/2026 03:45;485.87
04/03/2026 04:00;485.87
04/03/2026 04:15;485.87
04/03/2026 04:30;485.87
04/03/2026 04:45;485.87
04/03/2026 05:00;485.87
04/03/2026 05:15;485.87
04/03/2026 05:30;485.87
04/03/2026 05:45;485.87
04/03/2026 06:00;485.87
04/03/2026 06:15;485.87
04/03/2026 06:30;485.87
04/03/2026 06:45;485.87
04/03/2026 07:00;485.87
04/03/2026 07:15;485.87
04/03/2026 07:30;485.87
04/03/2026 07:45;485.87
04/03/2026 08:00;485.87
04/03/2026 08:15;485.87
04/03/2026 08:30;485.87
04/03/2026 08:45;485.87
04/03/2026 09:00;485.87
04/03/2026 09:15;485.87
04/03/2026 09:30;485.87
04/03/2026 09:45;485.87
04/03/2026 10:00;485.87
04/03/2026 10:15;485.863
04/03/2026 10:30;485.857
04/03/2026 10:45;485.85
04/03/2026 11:00;485.85
04/03/2026 11:15;485.85
04/03/2026 11:30;485.85
04/03/2026 11:45;485.85
04/03/2026 12:00;485.85
04/03/2026 12:15;485.85
04/03/2026 12:30;485.85
04/03/2026 12:45;485.85
04/03/2026 13:00;485.84
04/03/2026 13:15;485.84
04/03/2026 13:30;485.84
04/03/2026 13:45;485.84
04/03/2026 14:00;485.84
04/03/2026 14:15;485.84
04/03/2026 14:30;485.84
04/03/2026 14:45;485.84
04/03/2026 15:00;485.84
04/03/2026 15:15;485.84
04/03/2026 15:30;485.84
04/03/2026 15:45;485.84
04/03/2026 16:00;485.84
04/03/2026 16:15;485.84
04/03/2026 16:30;485.84
04/03/2026 16:45;485.84
04/03/2026 17:00;485.83
04/03/2026 17:15;485.84
04/03/2026 17:30;485.83
04/03/2026 17:45;485.83
04/03/2026 18:00;485.83
04/03/2026 18:15;485.83
04/03/2026 18:30;485.83
04/03/2026 18:45;485.83
04/03/2026 19:00;485.83
04/03/2026 19:15;485.83
04/03/2026 19:30;485.83
04/03/2026 19:45;485.83
04/03/2026 20:00;485.83
04/03/2026 20:15;485.83
04/03/2026 20:30;485.83
04/03/2026 20:45;485.83
04/03/2026 21:00;485.83
04/03/2026 21:15;485.83
04/03/2026 21:30;485.83
04/03/2026 21:45;485.83
04/03/2026 22:00;485.83
04/03/2026 22:15;485.83
04/03/2026 22:30;485.83
04/03/2026 22:45;485.82
04/03/2026 23:00;485.82
04/03/2026 23:15;485.82
04/03/2026 23:30;485.82
04/03/2026 23:45;485.82
05/03/2026 00:00;485.82
05/03/2026 00:15;485.82
05/03/2026 00:30;485.82
05/03/2026 00:45;485.82
05/03/2026 01:00;485.82
05/03/2026 01:15;485.82
05/03/2026 01:30;485.82
05/03/2026 01:45;485.82
05/03/2026 02:00;485.82
05/03/2026 02:15;485.82
05/03/2026 02:30;485.82
05/03/2026 02:45;485.82
05/03/2026 03:00;485.82
05/03/2026 03:15;485.82
05/03/2026 03:30;485.82
05/03/2026 03:45;485.82
05/03/2026 04:00;485.82
05/03/2026 04:15;485.82
05/03/2026 04:30;485.82
05/03/2026 04:45;485.82
05/03/2026 05:00;485.82
05/03/2026 05:15;485.82
05/03/2026 05:30;485.82
05/03/2026 05:45;485.82
05/03/2026 06:00;485.82
05/03/2026 06:15;485.82
05/03/2026 06:30;485.81
05/03/2026 06:45;485.81
05/03/2026 07:00;485.81
05/03/2026 07:15;485.81
05/03/2026 07:30;485.81
05/03/2026 07:45;485.81
05/03/2026 08:00;485.81
05/03/2026 08:15;485.81
05/03/2026 08:30;485.81
05/03/2026 08:45;485.81
05/03/2026 09:00;485.81
05/03/2026 09:15;485.81
05/03/2026 09:30;485.81
05/03/2026 09:45;485.81
05/03/2026 10:00;485.81
05/03/2026 10:15;485.81
05/03/2026 10:30;485.81
05/03/2026 10:45;485.81
05/03/2026 11:00;485.81
05/03/2026 11:15;485.81
05/03/2026 11:30;485.81
05/03/2026 11:45;485.81
05/03/2026 12:00;485.81
05/03/2026 12:15;485.81
05/03/2026 12:30;485.81
05/03/2026 12:45;485.81
05/03/2026 13:00;485.81
05/03/2026 13:15;485.81
05/03/2026 13:30;485.81
05/03/2026 13:45;485.81
05/03/2026 14:00;485.81
05/03/2026 14:15;485.81
05/03/2026 14:30;485.81
05/03/2026 14:45;485.81
05/03/2026 15:00;485.81
05/03/2026 15:15;485.81
05/03/2026 15:30;485.81
05/03/2026 15:45;485.81
05/03/2026 16:00;485.81
05/03/2026 16:15;485.81
05/03/2026 16:30;485.81
05/03/2026 16:45;485.81
05/03/2026 17:00;485.81
05/03/2026 17:15;485.81
05/03/2026 17:30;485.81
05/03/2026 17:45;485.81
05/03/2026 18:00;485.81
05/03/2026 18:15;485.81
05/03/2026 18:30;485.81
05/03/2026 18:45;485.81
05/03/2026 19:00;485.81
05/03/2026 19:15;485.81
05/03/2026 19:30;485.81
05/03/2026 19:45;485.81
05/03/2026 20:00;485.81
05/03/2026 20:15;485.81
05/03/2026 20:30;485.81
05/03/2026 20:45;485.81
05/03/2026 21:00;485.81
05/03/2026 21:15;485.81
05/03/2026 21:30;485.81
05/03/2026 21:45;485.81
05/03/2026 22:00;485.81
05/03/2026 22:15;485.81
05/03/2026 22:30;485.81
05/03/2026 22:45;485.81
05/03/2026 23:00;485.81
05/03/2026 23:15;485.81
05/03/2026 23:30;485.81
05/03/2026 23:45;485.81
06/03/2026 00:00;485.81
06/03/2026 00:15;485.81
06/03/2026 00:30;485.81
06/03/2026 00:45;485.81
06/03/2026 01:00;485.81
06/03/2026 01:15;485.81
06/03/2026 01:30;485.81
06/03/2026 01:45;485.81
06/03/2026 02:00;485.81
06/03/2026 02:15;485.82
06/03/2026 02:30;485.81
06/03/2026 02:45;485.82
06/03/2026 03:00;485.81
06/03/2026 03:15;485.82
06/03/2026 03:30;485.82
06/03/2026 03:45;485.82
06/03/2026 04:00;485.82
06/03/2026 04:15;485.82
06/03/2026 04:30;485.82
06/03/2026 04:45;485.82
06/03/2026 05:00;485.82
06/03/2026 05:15;485.82
06/03/2026 05:30;485.82
06/03/2026 05:45;485.82
06/03/2026 06:00;485.82
06/03/2026 06:15;485.82
06/03/2026 06:30;485.82
06/03/2026 06:45;485.82
06/03/2026 07:00;485.82
06/03/2026 07:15;485.82
06/03/2026 07:30;485.82
06/03/2026 07:45;485.82
06/03/2026 08:00;485.82
06/03/2026 08:15;485.82
06/03/2026 08:30;485.82
06/03/2026 08:45;485.82
06/03/2026 09:00;485.82
06/03/2026 09:15;485.82
06/03/2026 09:30;485.82
06/03/2026 09:45;485.82
06/03/2026 10:00;485.82
06/03/2026 10:15;485.82
06/03/2026 10:30;485.82
06/03/2026 10:45;485.83
06/03/2026 11:00;485.82
06/03/2026 11:15;485.83
06/03/2026 11:30;485.83
06/03/2026 11:45;485.83
06/03/2026 12:00;485.83
06/03/2026 12:15;485.83
06/03/2026 12:30;485.83
06/03/2026 12:45;485.83
06/03/2026 13:00;485.83
06/03/2026 13:15;485.83
06/03/2026 13:30;485.83
06/03/2026 13:45;485.83
06/03/2026 14:00;485.83
06/03/2026 14:15;485.83
06/03/2026 14:30;485.83
06/03/2026 14:45;485.83
06/03/2026 15:00;485.83
06/03/2026 15:15;485.83
06/03/2026 15:30;485.83
06/03/2026 15:45;485.83
06/03/2026 16:00;485.83
06/03/2026 16:15;485.83
06/03/2026 16:30;485.83
06/03/2026 16:45;485.83
06/03/2026 17:00;485.83
06/03/2026 17:15;485.83
06/03/2026 17:30;485.83
06/03/2026 17:45;485.83
06/03/2026 18:00;485.84
06/03/2026 18:15;485.84
06/03/2026 18:30;485.84
06/03/2026 18:45;485.84
06/03/2026 19:00;485.84
06/03/2026 19:15;485.84
06/03/2026 19:30;485.84
06/03/2026 19:45;485.84
06/03/2026 20:00;485.84
06/03/2026 20:15;485.85
06/03/2026 20:30;485.85
06/03/2026 20:45;485.85
06/03/2026 21:00;485.85
06/03/2026 21:15;485.85
06/03/2026 21:30;485.85
06/03/2026 21:45;485.85
06/03/2026 22:00;485.85
06/03/2026 22:15;485.85
06/03/2026 22:30;485.85
06/03/2026 22:45;485.85
06/03/2026 23:00;485.86
06/03/2026 23:15;485.85
06/03/2026 23:30;485.86
06/03/2026 23:45;485.86
07/03/2026 00:00;485.85
07/03/2026 00:15;485.85
07/03/2026 00:30;485.86
07/03/2026 00:45;485.86
07/03/2026 01:00;485.86
07/03/2026 01:15;485.86
07/03/2026 01:30;485.86
07/03/2026 01:45;485.86
07/03/2026 02:00;485.86
07/03/2026 02:15;485.86
07/03/2026 02:30;485.86
07/03/2026 02:45;485.86
07/03/2026 03:00;485.86
07/03/2026 03:15;485.86
07/03/2026 03:30;485.86
07/03/2026 03:45;485.86
07/03/2026 04:00;485.86
07/03/2026 04:15;485.86
07/03/2026 04:30;485.87
07/03/2026 04:45;485.87
07/03/2026 05:00;485.87
07/03/2026 05:15;485.87
07/03/2026 05:30;485.87
07/03/2026 05:45;485.87
07/03/2026 06:00;485.87
07/03/2026 06:15;485.87
07/03/2026 06:30;485.87
07/03/2026 06:45;485.87
07/03/2026 07:00;485.87
07/03/2026 07:15;485.87
07/03/2026 07:30;485.87
07/03/2026 07:45;485.87
07/03/2026 08:00;485.87
07/03/2026 08:15;485.88
07/03/2026 08:30;485.88
07/03/2026 08:45;485.88
07/03/2026 09:00;485.88
07/03/2026 09:15;485.88
07/03/2026 09:30;485.88
07/03/2026 09:45;485.88
07/03/2026 10:00;485.88
07/03/2026 10:15;485.88
07/03/2026 10:30;485.88
07/03/2026 10:45;485.88
07/03/2026 11:00;485.88
07/03/2026 11:15;485.89
07/03/2026 11:30;485.89
07/03/2026 11:45;485.89
07/03/2026 12:00;485.89
07/03/2026 12:15;485.89
07/03/2026 12:30;485.89
07/03/2026 12:45;485.89
07/03/2026 13:00;485.89
07/03/2026 13:15;485.89
07/03/2026 13:30;485.89
07/03/2026 13:45;485.89
07/03/2026 14:00;485.89
07/03/2026 14:15;485.89
07/03/2026 14:30;485.89
07/03/2026 14:45;485.89
07/03/2026 15:00;485.89
07/03/2026 15:15;485.9
07/03/2026 15:30;485.9
07/03/2026 15:45;485.9
07/03/2026 16:00;485.9
07/03/2026 16:15;485.9
07/03/2026 16:30;485.9
07/03/2026 16:45;485.9
07/03/2026 17:00;485.9
07/03/2026 17:15;485.9
07/03/2026 17:30;485.9
07/03/2026 17:45;485.9
07/03/2026 18:00;485.9
07/03/2026 18:15;485.9
07/03/2026 18:30;485.9
07/03/2026 18:45;485.9
07/03/2026 19:00;485.9
07/03/2026 19:15;485.9
07/03/2026 19:30;485.91
07/03/2026 19:45;485.9
07/03/2026 20:00;485.91
07/03/2026 20:15;485.91
07/03/2026 20:30;485.91
07/03/2026 20:45;485.91
07/03/2026 21:00;485.91
07/03/2026 21:15;485.91
07/03/2026 21:30;485.9
07/03/2026 21:45;485.9
07/03/2026 22:00;485.9
07/03/2026 22:15;485.9
07/03/2026 22:30;485.9
07/03/2026 22:45;485.9
07/03/2026 23:00;485.9
07/03/2026 23:15;485.9
07/03/2026 23:30;485.9
07/03/2026 23:45;485.9
08/03/2026 00:00;485.9
08/03/2026 00:15;485.9
08/03/2026 00:30;485.9
08/03/2026 00:45;485.89
08/03/2026 01:00;485.89
08/03/2026 01:15;485.89
08/03/2026 01:30;485.89
08/03/2026 01:45;485.89
08/03/2026 02:00;485.89
08/03/2026 02:15;485.89
08/03/2026 02:30;485.89
08/03/2026 02:45;485.89
08/03/2026 03:00;485.89
08/03/2026 03:15;485.89
08/03/2026 03:30;485.89
08/03/2026 03:45;485.89
08/03/2026 04:00;485.89
08/03/2026 04:15;485.89
08/03/2026 04:30;485.89
08/03/2026 04:45;485.89
08/03/2026 05:00;485.88
08/03/2026 05:15;485.88
08/03/2026 05:30;485.88
08/03/2026 05:45;485.88
08/03/2026 06:00;485.88
08/03/2026 06:15;485.88
08/03/2026 06:30;485.88
08/03/2026 06:45;485.88
08/03/2026 07:00;485.88
08/03/2026 07:15;485.88
08/03/2026 07:30;485.88
08/03/2026 07:45;485.88
08/03/2026 08:00;485.87
08/03/2026 08:15;485.88
08/03/2026 08:30;485.87
08/03/2026 08:45;485.87
08/03/2026 09:00;485.87
08/03/2026 09:15;485.87
08/03/2026 09:30;485.87
08/03/2026 09:45;485.87
08/03/2026 10:00;485.87
08/03/2026 10:15;485.87
08/03/2026 10:30;485.87
08/03/2026 10:45;485.87
08/03/2026 11:00;485.87
08/03/2026 11:15;485.87
08/03/2026 11:30;485.87
08/03/2026 11:45;485.87
08/03/2026 12:00;485.86
08/03/2026 12:15;485.86
08/03/2026 12:30;485.86
08/03/2026 12:45;485.86
08/03/2026 13:00;485.86
08/03/2026 13:15;485.86
08/03/2026 13:30;485.86
08/03/2026 13:45;485.86
08/03/2026 14:00;485.86
08/03/2026 14:15;485.86
08/03/2026 14:30;485.86
08/03/2026 14:45;485.86
08/03/2026 15:00;485.86
08/03/2026 15:15;485.86
08/03/2026 15:30;485.86
08/03/2026 15:45;485.86
08/03/2026 16:00;485.86
08/03/2026 16:15;485.86
08/03/2026 16:30;485.86
08/03/2026 16:45;485.86
08/03/2026 17:00;485.86
08/03/2026 17:15;485.86
08/03/2026 17:30;485.86
08/03/2026 17:45;485.86
08/03/2026 18:00;485.85
08/03/2026 18:15;485.85
08/03/2026 18:30;485.85
08/03/2026 18:45;485.85
08/03/2026 19:00;485.85
08/03/2026 19:15;485.85
08/03/2026 19:30;485.85
08/03/2026 19:45;485.85
08/03/2026 20:00;485.85
08/03/2026 20:15;485.85
08/03/2026 20:30;485.85
08/03/2026 20:45;485.85
08/03/2026 21:00;485.85
08/03/2026 21:15;485.84
08/03/2026 21:30;485.84
08/03/2026 21:45;485.84
08/03/2026 22:00;485.84
08/03/2026 22:15;485.84
08/03/2026 22:30;485.84
08/03/2026 22:45;485.84
08/03/2026 23:00;485.84
08/03/2026 23:15;485.84
08/03/2026 23:30;485.84
08/03/2026 23:45;485.84
09/03/2026 00:00;485.84
09/03/2026 00:15;485.84
09/03/2026 00:30;485.83
09/03/2026 00:45;485.83
09/03/2026 01:00;485.83
09/03/2026 01:15;485.83
09/03/2026 01:30;485.83
09/03/2026 01:45;485.83
09/03/2026 02:00;485.83
09/03/2026 02:15;485.83
09/03/2026 02:30;485.83
09/03/2026 02:45;485.83
09/03/2026 03:00;485.83
09/03/2026 03:15;485.83
09/03/2026 03:30;485.83
09/03/2026 03:45;485.83
09/03/2026 04:00;485.83
09/03/2026 04:15;485.83
09/03/2026 04:30;485.82
09/03/2026 04:45;485.82
09/03/2026 05:00;485.82
09/03/2026 05:15;485.82
09/03/2026 05:30;485.82
09/03/2026 05:45;485.82
09/03/2026 06:00;485.82
09/03/2026 06:15;485.82
09/03/2026 06:30;485.82
09/03/2026 06:45;485.82
09/03/2026 07:00;485.82
09/03/2026 07:15;485.82
09/03/2026 07:30;485.82
09/03/2026 07:45;485.82
09/03/2026 08:00;485.81
09/03/2026 08:15;485.81
09/03/2026 08:30;485.81
09/03/2026 08:45;485.81
09/03/2026 09:00;485.81
09/03/2026 09:15;485.81
09/03/2026 09:30;485.81
09/03/2026 09:45;485.81
09/03/2026 10:00;485.81
09/03/2026 10:15;485.81
09/03/2026 10:30;485.81
09/03/2026 10:45;485.81
09/03/2026 11:00;485.8
09/03/2026 11:15;485.8
09/03/2026 11:30;485.8
09/03/2026 11:45;485.8
09/03/2026 12:00;485.8
09/03/2026 12:15;485.8
09/03/2026 12:30;485.8
09/03/2026 12:45;485.8
09/03/2026 13:00;485.8
09/03/2026 13:15;485.8
09/03/2026 13:30;485.79
09/03/2026 13:45;485.79
09/03/2026 14:00;485.79
09/03/2026 14:15;485.79
09/03/2026 14:30;485.79
09/03/2026 14:45;485.79
09/03/2026 15:00;485.79
09/03/2026 15:15;485.79
09/03/2026 15:30;485.78
09/03/2026 15:45;485.78
09/03/2026 16:00;485.78
09/03/2026 16:15;485.78
09/03/2026 16:30;485.78
09/03/2026 16:45;485.78
09/03/2026 17:00;485.78
09/03/2026 17:15;485.78
09/03/2026 17:30;485.78
09/03/2026 17:45;485.78
09/03/2026 18:00;485.77
09/03/2026 18:15;485.78
09/03/2026 18:30;485.77
09/03/2026 18:45;485.77
09/03/2026 19:00;485.77
09/03/2026 19:15;485.77
09/03/2026 19:30;485.77
09/03/2026 19:45;485.77
09/03/2026 20:00;485.76
09/03/2026 20:15;485.76
09/03/2026 20:30;485.76
09/03/2026 20:45;485.76
09/03/2026 21:00;485.76
09/03/2026 21:15;485.76
09/03/2026 21:30;485.76
09/03/2026 21:45;485.76
09/03/2026 22:00;485.76
09/03/2026 22:15;485.76
09/03/2026 22:30;485.75
09/03/2026 22:45;485.75
09/03/2026 23:00;485.75
09/03/2026 23:15;485.75
09/03/2026 23:30;485.75
09/03/2026 23:45;485.75
10/03/2026 00:00;485.75
10/03/2026 00:15;485.75
10/03/2026 00:30;485.74
10/03/2026 00:45;485.74
10/03/2026 01:00;485.74
10/03/2026 01:15;485.74
10/03/2026 01:30;485.74
10/03/2026 01:45;485.74
10/03/2026 02:00;485.74
10/03/2026 02:15;485.74
10/03/2026 02:30;485.73
10/03/2026 02:45;485.73
10/03/2026 03:00;485.73
10/03/2026 03:15;485.73
10/03/2026 03:30;485.73
10/03/2026 03:45;485.73
10/03/2026 04:00;485.73
10/03/2026 04:15;485.73
10/03/2026 04:30;485.72
10/03/2026 04:45;485.72
10/03/2026 05:00;485.72
10/03/2026 05:15;485.72
10/03/2026 05:30;485.72
10/03/2026 05:45;485.72
10/03/2026 06:00;485.72
10/03/2026 06:15;485.72
10/03/2026 06:30;485.72
10/03/2026 06:45;485.72
10/03/2026 07:00;485.71
10/03/2026 07:15;485.71
10/03/2026 07:30;485.71
10/03/2026 07:45;485.71
10/03/2026 08:00;485.71
10/03/2026 08:15;485.71
10/03/2026 08:30;485.7
10/03/2026 08:45;485.7
10/03/2026 09:00;485.7
10/03/2026 09:15;485.7
10/03/2026 09:30;485.7
10/03/2026 09:45;485.7
10/03/2026 10:00;485.7
10/03/2026 10:15;485.7
10/03/2026 10:30;485.7
10/03/2026 10:45;485.7
10/03/2026 11:00;485.69
10/03/2026 11:15;485.69
10/03/2026 11:30;485.69
10/03/2026 11:45;485.69
10/03/2026 12:00;485.69
10/03/2026 12:15;485.69
10/03/2026 12:30;485.69
10/03/2026 12:45;485.69
10/03/2026 13:00;485.68
10/03/2026 13:15;485.68
10/03/2026 13:30;485.68
10/03/2026 13:45;485.68
10/03/2026 14:00;485.68
10/03/2026 14:15;485.67
10/03/2026 14:30;485.67
10/03/2026 14:45;485.67
10/03/2026 15:00;485.67
10/03/2026 15:15;485.67
10/03/2026 15:30;485.66
10/03/2026 15:45;485.66
10/03/2026 16:00;485.66
10/03/2026 16:15;485.66
10/03/2026 16:30;485.66
10/03/2026 16:45;485.66
10/03/2026 17:00;485.65
10/03/2026 17:15;485.65
10/03/2026 17:30;485.65
10/03/2026 17:45;485.65
10/03/2026 18:00;485.65
10/03/2026 18:15;485.65
10/03/2026 18:30;485.65
10/03/2026 18:45;485.64
10/03/2026 19:00;485.64
10/03/2026 19:15;485.64
10/03/2026 19:30;485.64
10/03/2026 19:45;485.64
10/03/2026 20:00;485.63
10/03/2026 20:15;485.63
10/03/2026 20:30;485.63
10/03/2026 20:45;485.63
10/03/2026 21:00;485.63
10/03/2026 21:15;485.63
10/03/2026 21:30;485.63
10/03/2026 21:45;485.63
10/03/2026 22:00;485.63
10/03/2026 22:15;485.63
10/03/2026 22:30;485.62
10/03/2026 22:45;485.62
10/03/2026 23:00;485.62
10/03/2026 23:15;485.62
10/03/2026 23:30;485.62
10/03/2026 23:45;485.62
11/03/2026 00:00;485.62
11/03/2026 00:15;485.61
11/03/2026 00:30;485.61
11/03/2026 00:45;485.61
11/03/2026 01:00;485.61
11/03/2026 01:15;485.61
11/03/2026 01:30;485.61
11/03/2026 01:45;485.61
11/03/2026 02:00;485.6
11/03/2026 02:15;485.6
11/03/2026 02:30;485.6
11/03/2026 02:45;485.6
11/03/2026 03:00;485.6
11/03/2026 03:15;485.6
11/03/2026 03:30;485.6
11/03/2026 03:45;485.59
11/03/2026 04:00;485.59
11/03/2026 04:15;485.59
11/03/2026 04:30;485.59
11/03/2026 04:45;485.59
11/03/2026 05:00;485.59
11/03/2026 05:15;485.58
11/03/2026 05:30;485.58
11/03/2026 05:45;485.58
11/03/2026 06:00;485.58
11/03/2026 06:15;485.58
11/03/2026 06:30;485.58
11/03/2026 06:45;485.58
11/03/2026 07:00;485.58
11/03/2026 07:15;485.58
11/03/2026 07:30;485.58
11/03/2026 07:45;485.57
11/03/2026 08:00;485.57
11/03/2026 08:15;485.57
11/03/2026 08:30;485.57
11/03/2026 08:45;485.57
11/03/2026 09:00;485.57
11/03/2026 09:15;485.57
11/03/2026 09:30;485.56
11/03/2026 09:45;485.56
11/03/2026 10:00;485.56
11/03/2026 10:15;485.56
11/03/2026 10:30;485.56
11/03/2026 10:45;485.56
11/03/2026 11:00;485.56
11/03/2026 11:15;485.55
11/03/2026 11:30;485.55
11/03/2026 11:45;485.55
11/03/2026 12:00;485.55
11/03/2026 12:15;485.55
11/03/2026 12:30;485.55
11/03/2026 12:45;485.54
11/03/2026 13:00;485.54
11/03/2026 13:15;485.54
11/03/2026 13:30;485.54
11/03/2026 13:45;485.54
11/03/2026 14:00;485.54
11/03/2026 14:15;485.54
11/03/2026 14:30;485.54
11/03/2026 14:45;485.53
11/03/2026 15:00;485.53
11/03/2026 15:15;485.53
11/03/2026 15:30;485.53
11/03/2026 15:45;485.53
11/03/2026 16:00;485.53
11/03/2026 16:15;485.53
11/03/2026 16:30;485.52
11/03/2026 16:45;485.52
11/03/2026 17:00;485.52
11/03/2026 17:15;485.52
11/03/2026 17:30;485.52
11/03/2026 17:45;485.52
11/03/2026 18:00;485.51
11/03/2026 18:15;485.51
11/03/2026 18:30;485.51
11/03/2026 18:45;485.51
11/03/2026 19:00;485.51
11/03/2026 19:15;485.51
11/03/2026 19:30;485.51
11/03/2026 19:45;485.51
11/03/2026 20:00;485.5
11/03/2026 20:15;485.5
11/03/2026 20:30;485.5
11/03/2026 20:45;485.5
11/03/2026 21:00;485.5
11/03/2026 21:15;485.5
11/03/2026 21:30;485.5
11/03/2026 21:45;485.49
11/03/2026 22:00;485.49
11/03/2026 22:15;485.49
11/03/2026 22:30;485.49
11/03/2026 22:45;485.49
11/03/2026 23:00;485.49
11/03/2026 23:15;485.49
11/03/2026 23:30;485.48
11/03/2026 23:45;485.48
12/03/2026 00:00;485.48
12/03/2026 00:15;485.48
12/03/2026 00:30;485.48
12/03/2026 00:45;485.48
12/03/2026 01:00;485.47
12/03/2026 01:15;485.47
12/03/2026 01:30;485.47
12/03/2026 01:45;485.47
12/03/2026 02:00;485.47
12/03/2026 02:15;485.47
12/03/2026 02:30;485.46
12/03/2026 02:45;485.46
12/03/2026 03:00;485.46
12/03/2026 03:15;485.46
12/03/2026 03:30;485.45
12/03/2026 03:45;485.45
12/03/2026 04:00;485.45
12/03/2026 04:15;485.45
12/03/2026 04:30;485.45
12/03/2026 04:45;485.45
12/03/2026 05:00;485.45
12/03/2026 05:15;485.45
12/03/2026 05:30;485.44
12/03/2026 05:45;485.44
12/03/2026 06:00;485.44
12/03/2026 06:15;485.44
12/03/2026 06:30;485.44
12/03/2026 06:45;485.43
12/03/2026 07:00;485.43
12/03/2026 07:15;485.43
12/03/2026 07:30;485.43
12/03/2026 07:45;485.43
12/03/2026 08:00;485.43
12/03/2026 08:15;485.43
12/03/2026 08:30;485.43
12/03/2026 08:45;485.42
12/03/2026 09:00;485.42
12/03/2026 09:15;485.42
12/03/2026 09:30;485.42
12/03/2026 09:45;485.42
12/03/2026 10:00;485.42
12/03/2026 10:15;485.42
12/03/2026 10:30;485.41
12/03/2026 10:45;485.41
12/03/2026 11:00;485.41
12/03/2026 11:15;485.41
12/03/2026 11:30;485.41
12/03/2026 11:45;485.41
12/03/2026 12:00;485.41
12/03/2026 12:15;485.41
12/03/2026 12:30;485.4
12/03/2026 12:45;485.4
12/03/2026 13:00;485.4
12/03/2026 13:15;485.4
12/03/2026 13:30;485.4
12/03/2026 13:45;485.39
12/03/2026 14:00;485.39
12/03/2026 14:15;485.39
12/03/2026 14:30;485.39
12/03/2026 14:45;485.39
12/03/2026 15:00;485.39
12/03/2026 15:15;485.39
12/03/2026 15:30;485.38
12/03/2026 15:45;485.38
12/03/2026 16:00;485.38
12/03/2026 16:15;485.38
12/03/2026 16:30;485.38
12/03/2026 16:45;485.38
12/03/2026 17:00;485.37
12/03/2026 17:15;485.37
12/03/2026 17:30;485.37
12/03/2026 17:45;485.37
12/03/2026 18:00;485.37
12/03/2026 18:15;485.36
12/03/2026 18:30;485.36
12/03/2026 18:45;485.36
12/03/2026 19:00;485.36
12/03/2026 19:15;485.36
12/03/2026 19:30;485.36
12/03/2026 19:45;485.35
12/03/2026 20:00;485.35
12/03/2026 20:15;485.35
12/03/2026 20:30;485.35
12/03/2026 20:45;485.35
12/03/2026 21:00;485.35
12/03/2026 21:15;485.35
12/03/2026 21:30;485.34
12/03/2026 21:45;485.34
12/03/2026 22:00;485.34
12/03/2026 22:15;485.34
12/03/2026 22:30;485.34
12/03/2026 22:45;485.34
12/03/2026 23:00;485.34
12/03/2026 23:15;485.34
12/03/2026 23:30;485.34
12/03/2026 23:45;485.33
13/03/2026 00:00;485.33
13/03/2026 00:15;485.33
13/03/2026 00:30;485.33
13/03/2026 00:45;485.33
13/03/2026 01:00;485.33
13/03/2026 01:15;485.33
13/03/2026 01:30;485.32
13/03/2026 01:45;485.32
13/03/2026 02:00;485.32
13/03/2026 02:15;485.32
13/03/2026 02:30;485.32
13/03/2026 02:45;485.32
13/03/2026 03:00;485.32
13/03/2026 03:15;485.32
13/03/2026 03:30;485.31
13/03/2026 03:45;485.31
13/03/2026 04:00;485.31
13/03/2026 04:15;485.31
13/03/2026 04:30;485.31
13/03/2026 04:45;485.31
13/03/2026 05:00;485.3
13/03/2026 05:15;485.3
13/03/2026 05:30;485.3
13/03/2026 05:45;485.3
13/03/2026 06:00;485.3
13/03/2026 06:15;485.3
13/03/2026 06:30;485.3
13/03/2026 06:45;485.29
13/03/2026 07:00;485.29
13/03/2026 07:15;485.29
13/03/2026 07:30;485.29
13/03/2026 07:45;485.29
13/03/2026 08:00;485.29
13/03/2026 08:15;485.29
13/03/2026 08:30;485.28
13/03/2026 08:45;485.28
13/03/2026 09:00;485.28
13/03/2026 09:15;485.28
13/03/2026 09:30;485.28
13/03/2026 09:45;485.28
13/03/2026 10:00;485.28
13/03/2026 10:15;485.28
13/03/2026 10:30;485.28
13/03/2026 10:45;485.28
13/03/2026 11:00;485.28
13/03/2026 11:15;485.28
13/03/2026 11:30;485.28
13/03/2026 11:45;485.28
13/03/2026 12:00;485.28
13/03/2026 12:15;485.28
13/03/2026 12:30;485.28
13/03/2026 12:45;485.28
13/03/2026 13:00;485.28
13/03/2026 13:15;485.28
13/03/2026 13:30;485.28
13/03/2026 13:45;485.28
13/03/2026 14:00;485.28
13/03/2026 14:15;485.28
13/03/2026 14:30;485.28
