sep=;
FECHA_GRUPO;VALOR (l/m2)
13/03/2025 00:15;0
13/03/2025 00:30;0
13/03/2025 00:45;0
13/03/2025 01:00;0
13/03/2025 01:15;0
13/03/2025 01:30;0.1
13/03/2025 01:45;0.1
13/03/2025 02:00;0.2
13/03/2025 02:15;0.1
13/03/2025 02:30;0
13/03/2025 02:45;0.1
13/03/2025 03:00;0.1
13/03/2025 03:15;0.1
13/03/2025 03:30;0
13/03/2025 03:45;0.2
13/03/2025 04:00;0.5
13/03/2025 04:15;0.5
13/03/2025 04:30;0.4
13/03/2025 04:45;0.3
13/03/2025 05:00;0.2
13/03/2025 05:15;0.1
13/03/2025 05:30;0
13/03/2025 05:45;0
13/03/2025 06:00;0
13/03/2025 06:15;0.1
13/03/2025 06:30;0
13/03/2025 06:45;0
13/03/2025 07:00;0
13/03/2025 07:15;0
13/03/2025 07:30;0
13/03/2025 07:45;0.1
13/03/2025 08:00;0
13/03/2025 08:15;0
13/03/2025 08:30;0
13/03/2025 08:45;0.1
13/03/2025 09:00;0
13/03/2025 09:15;0
13/03/2025 09:30;0
13/03/2025 09:45;0
13/03/2025 10:00;0
13/03/2025 10:15;0
13/03/2025 10:30;0
13/03/2025 10:45;0
13/03/2025 11:00;0
13/03/2025 11:15;0
13/03/2025 11:30;0
13/03/2025 11:45;0
13/03/2025 12:00;0
13/03/2025 12:15;0
13/03/2025 12:30;0
13/03/2025 12:45;0
13/03/2025 13:00;0
13/03/2025 13:15;0
13/03/2025 13:30;0
13/03/2025 13:45;0
13/03/2025 14:00;0
13/03/2025 14:15;0
13/03/2025 14:30;0
13/03/2025 14:45;0
13/03/2025 15:00;0
13/03/2025 15:15;0
13/03/2025 15:30;0
13/03/2025 15:45;0
13/03/2025 16:00;0
13/03/2025 16:15;0
13/03/2025 16:30;0
13/03/2025 16:45;0
13/03/2025 17:00;0
13/03/2025 17:15;0
13/03/2025 17:30;0
13/03/2025 17:45;0
13/03/2025 18:00;0
13/03/2025 18:15;0
13/03/2025 18:30;0
13/03/2025 18:45;0
13/03/2025 19:00;0
13/03/2025 19:15;0
13/03/2025 19:30;0
13/03/2025 19:45;0
13/03/2025 20:00;0
13/03/2025 20:15;0
13/03/2025 20:30;0
13/03/2025 20:45;0
13/03/2025 21:00;0
13/03/2025 21:15;0
13/03/2025 21:30;0
13/03/2025 21:45;0
13/03/2025 22:00;0
13/03/2025 22:15;0
13/03/2025 22:30;0
13/03/2025 22:45;0
13/03/2025 23:00;0
13/03/2025 23:15;0
13/03/2025 23:30;0
13/03/2025 23:45;0
14/03/2025 00:00;0
14/03/2025 00:15;0
14/03/2025 00:30;0
14/03/2025 00:45;0
14/03/2025 01:00;0
14/03/2025 01:15;0
14/03/2025 01:30;0
14/03/2025 01:45;0
14/03/2025 02:00;0
14/03/2025 02:15;0
14/03/2025 02:30;0
14/03/2025 02:45;0
14/03/2025 03:00;0
14/03/2025 03:15;0
14/03/2025 03:30;0
14/03/2025 03:45;0
14/03/2025 04:00;0
14/03/2025 04:15;0
14/03/2025 04:30;0
14/03/2025 04:45;0
14/03/2025 05:00;0
14/03/2025 05:15;0
14/03/2025 05:30;0
14/03/2025 05:45;0
14/03/2025 06:00;0
14/03/2025 06:15;0
14/03/2025 06:30;0
14/03/2025 06:45;0
14/03/2025 07:00;0
14/03/2025 07:15;0
14/03/2025 07:30;0
14/03/2025 07:45;0
14/03/2025 08:00;0
14/03/2025 08:15;0
14/03/2025 08:30;0
14/03/2025 08:45;0
14/03/2025 09:00;0
14/03/2025 09:15;0
14/03/2025 09:30;0
14/03/2025 09:45;0
14/03/2025 10:00;0
14/03/2025 10:15;0
14/03/2025 10:30;0
14/03/2025 10:45;0
14/03/2025 11:00;0
14/03/2025 11:15;0
14/03/2025 11:30;0
14/03/2025 11:45;0
14/03/2025 12:00;0
14/03/2025 12:15;0
14/03/2025 12:30;0
14/03/2025 12:45;0
14/03/2025 13:00;0
14/03/2025 13:15;0
14/03/2025 13:30;0
14/03/2025 13:45;0
14/03/2025 14:00;0
14/03/2025 14:15;0
14/03/2025 14:30;0
14/03/2025 14:45;0
14/03/2025 15:00;0
14/03/2025 15:15;0
14/03/2025 15:30;0
14/03/2025 15:45;0
14/03/2025 16:00;0
14/03/2025 16:15;0
14/03/2025 16:30;0
14/03/2025 16:45;0
14/03/2025 17:00;0
14/03/2025 17:15;0
14/03/2025 17:30;0
14/03/2025 17:45;0
14/03/2025 18:00;0
14/03/2025 18:15;0
14/03/2025 18:30;0
14/03/2025 18:45;0
14/03/2025 19:00;0
14/03/2025 19:15;0
14/03/2025 19:30;0
14/03/2025 19:45;0
14/03/2025 20:00;0
14/03/2025 20:15;0
14/03/2025 20:30;0
14/03/2025 20:45;0
14/03/2025 21:00;0
14/03/2025 21:15;0
14/03/2025 21:30;0
14/03/2025 21:45;0
14/03/2025 22:00;0
14/03/2025 22:15;0
14/03/2025 22:30;0
14/03/2025 22:45;0
14/03/2025 23:00;0
14/03/2025 23:15;0
14/03/2025 23:30;0
14/03/2025 23:45;0
15/03/2025 00:00;0
15/03/2025 00:15;0
15/03/2025 00:30;0
15/03/2025 00:45;0
15/03/2025 01:00;0
15/03/2025 01:15;0
15/03/2025 01:30;0
15/03/2025 01:45;0
15/03/2025 02:00;0
15/03/2025 02:15;0
15/03/2025 02:30;0
15/03/2025 02:45;0
15/03/2025 03:00;0
15/03/2025 03:15;0
15/03/2025 03:30;0
15/03/2025 03:45;0
15/03/2025 04:00;0
15/03/2025 04:15;0
15/03/2025 04:30;0
15/03/2025 04:45;0
15/03/2025 05:00;0
15/03/2025 05:15;0
15/03/2025 05:30;0
15/03/2025 05:45;0
15/03/2025 06:00;0
15/03/2025 06:15;0
15/03/2025 06:30;0
15/03/2025 06:45;0
15/03/2025 07:00;0
15/03/2025 07:15;0
15/03/2025 07:30;0
15/03/2025 07:45;0
15/03/2025 08:00;0
15/03/2025 08:15;0
15/03/2025 08:30;0
15/03/2025 08:45;0
15/03/2025 09:00;0
15/03/2025 09:15;0
15/03/2025 09:30;0
15/03/2025 09:45;0
15/03/2025 10:00;0
15/03/2025 10:15;0
15/03/2025 10:30;0
15/03/2025 10:45;0
15/03/2025 11:00;0
15/03/2025 11:15;0
15/03/2025 11:30;0
15/03/2025 11:45;0
15/03/2025 12:00;0
15/03/2025 12:15;0
15/03/2025 12:30;0
15/03/2025 12:45;0
15/03/2025 13:00;0
15/03/2025 13:15;0
15/03/2025 13:30;0
15/03/2025 13:45;0
15/03/2025 14:00;0
15/03/2025 14:15;0
15/03/2025 14:30;0
15/03/2025 14:45;0
15/03/2025 15:00;0
15/03/2025 15:15;0
15/03/2025 15:30;0
15/03/2025 15:45;0
15/03/2025 16:00;0
15/03/2025 16:15;0
15/03/2025 16:30;0
15/03/2025 16:45;0
15/03/2025 17:00;0
15/03/2025 17:15;0
15/03/2025 17:30;0
15/03/2025 17:45;0
15/03/2025 18:00;0
15/03/2025 18:15;0
15/03/2025 18:30;0
15/03/2025 18:45;0
15/03/2025 19:00;0
15/03/2025 19:15;0
15/03/2025 19:30;0
15/03/2025 19:45;0
15/03/2025 20:00;0
15/03/2025 20:15;0
15/03/2025 20:30;0
15/03/2025 20:45;0
15/03/2025 21:00;0
15/03/2025 21:15;0
15/03/2025 21:30;0
15/03/2025 21:45;0
15/03/2025 22:00;0
15/03/2025 22:15;0
15/03/2025 22:30;0
15/03/2025 22:45;0
15/03/2025 23:00;0
15/03/2025 23:15;0
15/03/2025 23:30;0
15/03/2025 23:45;0
16/03/2025 00:00;0
16/03/2025 00:15;0
16/03/2025 00:30;0
16/03/2025 00:45;0
16/03/2025 01:00;0
16/03/2025 01:15;0
16/03/2025 01:30;0
16/03/2025 01:45;0
16/03/2025 02:00;0
16/03/2025 02:15;0
16/03/2025 02:30;0
16/03/2025 02:45;0
16/03/2025 03:00;0
16/03/2025 03:15;0
16/03/2025 03:30;0
16/03/2025 03:45;0
16/03/2025 04:00;0
16/03/2025 04:15;0
16/03/2025 04:30;0
16/03/2025 04:45;0
16/03/2025 05:00;0
16/03/2025 05:15;0
16/03/2025 05:30;0
16/03/2025 05:45;0
16/03/2025 06:00;0
16/03/2025 06:15;0
16/03/2025 06:30;0
16/03/2025 06:45;0
16/03/2025 07:00;0
16/03/2025 07:15;0
16/03/2025 07:30;0
16/03/2025 07:45;0
16/03/2025 08:00;0
16/03/2025 08:15;0
16/03/2025 08:30;0
16/03/2025 08:45;0
16/03/2025 09:00;0
16/03/2025 09:15;0
16/03/2025 09:30;0
16/03/2025 09:45;0
16/03/2025 10:00;0
16/03/2025 10:15;0
16/03/2025 10:30;0
16/03/2025 10:45;0
16/03/2025 11:00;0
16/03/2025 11:15;0
16/03/2025 11:30;0
16/03/2025 11:45;0
16/03/2025 12:00;0
16/03/2025 12:15;0
16/03/2025 12:30;0
16/03/2025 12:45;0
16/03/2025 13:00;0
16/03/2025 13:15;0
16/03/2025 13:30;0
16/03/2025 13:45;0
16/03/2025 14:00;0
16/03/2025 14:15;0
16/03/2025 14:30;0
16/03/2025 14:45;0
16/03/2025 15:00;0
16/03/2025 15:15;0
16/03/2025 15:30;0
16/03/2025 15:45;0
16/03/2025 16:00;0
16/03/2025 16:15;0
16/03/2025 16:30;0
16/03/2025 16:45;0
16/03/2025 17:00;0
16/03/2025 17:15;0
16/03/2025 17:30;0
16/03/2025 17:45;0
16/03/2025 18:00;0
16/03/2025 18:15;0
16/03/2025 18:30;0
16/03/2025 18:45;0
16/03/2025 19:00;0
16/03/2025 19:15;0
16/03/2025 19:30;0
16/03/2025 19:45;0
16/03/2025 20:00;0
16/03/2025 20:15;0
16/03/2025 20:30;0
16/03/2025 20:45;0
16/03/2025 21:00;0
16/03/2025 21:15;0
16/03/2025 21:30;0
16/03/2025 21:45;0
16/03/2025 22:00;0
16/03/2025 22:15;0
16/03/2025 22:30;0
16/03/2025 22:45;0
16/03/2025 23:00;0
16/03/2025 23:15;0
16/03/2025 23:30;0
16/03/2025 23:45;0
17/03/2025 00:00;0
17/03/2025 00:15;0
17/03/2025 00:30;0
17/03/2025 00:45;0
17/03/2025 01:00;0
17/03/2025 01:15;0
17/03/2025 01:30;0
17/03/2025 01:45;0
17/03/2025 02:00;0
17/03/2025 02:15;0
17/03/2025 02:30;0
17/03/2025 02:45;0
17/03/2025 03:00;0
17/03/2025 03:15;0
17/03/2025 03:30;0
17/03/2025 03:45;0
17/03/2025 04:00;0
17/03/2025 04:15;0
17/03/2025 04:30;0
17/03/2025 04:45;0
17/03/2025 05:00;0
17/03/2025 05:15;0
17/03/2025 05:30;0
17/03/2025 05:45;0
17/03/2025 06:00;0
17/03/2025 06:15;0
17/03/2025 06:30;0
17/03/2025 06:45;0
17/03/2025 07:00;0
17/03/2025 07:15;0
17/03/2025 07:30;0
17/03/2025 07:45;0
17/03/2025 08:00;0
17/03/2025 08:15;0
17/03/2025 08:30;0
17/03/2025 08:45;0
17/03/2025 09:00;0
17/03/2025 09:15;0
17/03/2025 09:30;0
17/03/2025 09:45;0
17/03/2025 10:00;0
17/03/2025 10:15;0
17/03/2025 10:30;0
17/03/2025 10:45;0
17/03/2025 11:00;0
17/03/2025 11:15;0
17/03/2025 11:30;0
17/03/2025 11:45;0
17/03/2025 12:00;0
17/03/2025 12:15;0
17/03/2025 12:30;0
17/03/2025 12:45;0
17/03/2025 13:00;0
17/03/2025 13:15;0
17/03/2025 13:30;0
17/03/2025 13:45;0
17/03/2025 14:00;0
17/03/2025 14:15;0
17/03/2025 14:30;0
17/03/2025 14:45;0
17/03/2025 15:00;0
17/03/2025 15:15;0
17/03/2025 15:30;0
17/03/2025 15:45;0
17/03/2025 16:00;0
17/03/2025 16:15;0
17/03/2025 16:30;0
17/03/2025 16:45;0
17/03/2025 17:00;0
17/03/2025 17:15;0
17/03/2025 17:30;0
17/03/2025 17:45;0
17/03/2025 18:00;0
17/03/2025 18:15;0
17/03/2025 18:30;0
17/03/2025 18:45;0
17/03/2025 19:00;0
17/03/2025 19:15;0
17/03/2025 19:30;0
17/03/2025 19:45;0
17/03/2025 20:00;0
17/03/2025 20:15;0
17/03/2025 20:30;0
17/03/2025 20:45;0
17/03/2025 21:00;0
17/03/2025 21:15;0
17/03/2025 21:30;0
17/03/2025 21:45;0
17/03/2025 22:00;0
17/03/2025 22:15;0
17/03/2025 22:30;0
17/03/2025 22:45;0
17/03/2025 23:00;0
17/03/2025 23:15;0
17/03/2025 23:30;0
17/03/2025 23:45;0
18/03/2025 00:00;0
18/03/2025 00:15;0
18/03/2025 00:30;0
18/03/2025 00:45;0
18/03/2025 01:00;0
18/03/2025 01:15;0
18/03/2025 01:30;0
18/03/2025 01:45;0
18/03/2025 02:00;0
18/03/2025 02:15;0
18/03/2025 02:30;0
18/03/2025 02:45;0
18/03/2025 03:00;0
18/03/2025 03:15;0
18/03/2025 03:30;0
18/03/2025 03:45;0
18/03/2025 04:00;0
18/03/2025 04:15;0
18/03/2025 04:30;0
18/03/2025 04:45;0
18/03/2025 05:00;0
18/03/2025 05:15;0
18/03/2025 05:30;0
18/03/2025 05:45;0
18/03/2025 06:00;0
18/03/2025 06:15;0
18/03/2025 06:30;0
18/03/2025 06:45;0
18/03/2025 07:00;0
18/03/2025 07:15;0
18/03/2025 07:30;0
18/03/2025 07:45;0
18/03/2025 08:00;0
18/03/2025 08:15;0
18/03/2025 08:30;0
18/03/2025 08:45;0
18/03/2025 09:00;0
18/03/2025 09:15;0
18/03/2025 09:30;0
18/03/2025 09:45;0
18/03/2025 10:00;0
18/03/2025 10:15;0
18/03/2025 10:30;0
18/03/2025 10:45;0
18/03/2025 11:00;0
18/03/2025 11:15;0
18/03/2025 11:30;0
18/03/2025 11:45;0
18/03/2025 12:00;0
18/03/2025 12:15;0
18/03/2025 12:30;0
18/03/2025 12:45;0
18/03/2025 13:00;0
18/03/2025 13:15;0
18/03/2025 13:30;0
18/03/2025 13:45;0.2
18/03/2025 14:00;0.4
18/03/2025 14:15;0.5
18/03/2025 14:30;0.1
18/03/2025 14:45;0
18/03/2025 15:00;0
18/03/2025 15:15;0
18/03/2025 15:30;0
18/03/2025 15:45;0
18/03/2025 16:00;0.1
18/03/2025 16:15;0.1
18/03/2025 16:30;0
18/03/2025 16:45;0
18/03/2025 17:00;0
18/03/2025 17:15;0
18/03/2025 17:30;0
18/03/2025 17:45;0
18/03/2025 18:00;0
18/03/2025 18:15;0
18/03/2025 18:30;0
18/03/2025 18:45;0
18/03/2025 19:00;0
18/03/2025 19:15;0
18/03/2025 19:30;0
18/03/2025 19:45;0
18/03/2025 20:00;0.1
18/03/2025 20:15;0.2
18/03/2025 20:30;0.4
18/03/2025 20:45;0.6
18/03/2025 21:00;0.4
18/03/2025 21:15;0
18/03/2025 21:30;0
18/03/2025 21:45;0
18/03/2025 22:00;0
18/03/2025 22:15;0
18/03/2025 22:30;0
18/03/2025 22:45;0
18/03/2025 23:00;0
18/03/2025 23:15;0
18/03/2025 23:30;0
18/03/2025 23:45;0
19/03/2025 00:00;0
19/03/2025 00:15;0
19/03/2025 00:30;0.1
19/03/2025 00:45;0.1
19/03/2025 01:00;0
19/03/2025 01:15;0
19/03/2025 01:30;0
19/03/2025 01:45;0
19/03/2025 02:00;0
19/03/2025 02:15;0
19/03/2025 02:30;0
19/03/2025 02:45;0
19/03/2025 03:00;0
19/03/2025 03:15;0.1
19/03/2025 03:30;0
19/03/2025 03:45;0
19/03/2025 04:00;0
19/03/2025 04:15;0
19/03/2025 04:30;0
19/03/2025 04:45;0
19/03/2025 05:00;0
19/03/2025 05:15;0
19/03/2025 05:30;0
19/03/2025 05:45;0
19/03/2025 06:00;0
19/03/2025 06:15;0
19/03/2025 06:30;0
19/03/2025 06:45;0
19/03/2025 07:00;0
19/03/2025 07:15;0
19/03/2025 07:30;0
19/03/2025 07:45;0
19/03/2025 08:00;0
19/03/2025 08:15;0
19/03/2025 08:30;0
19/03/2025 08:45;0.1
19/03/2025 09:00;0
19/03/2025 09:15;0
19/03/2025 09:30;0
19/03/2025 09:45;0
19/03/2025 10:00;0
19/03/2025 10:15;0
19/03/2025 10:30;0
19/03/2025 10:45;0
19/03/2025 11:00;0
19/03/2025 11:15;0
19/03/2025 11:30;0
19/03/2025 11:45;0
19/03/2025 12:00;0
19/03/2025 12:15;0
19/03/2025 12:30;0
19/03/2025 12:45;0
19/03/2025 13:00;0
19/03/2025 13:15;0
19/03/2025 13:30;0
19/03/2025 13:45;0
19/03/2025 14:00;0
19/03/2025 14:15;0
19/03/2025 14:30;0
19/03/2025 14:45;0
19/03/2025 15:00;0
19/03/2025 15:15;0
19/03/2025 15:30;0
19/03/2025 15:45;0
19/03/2025 16:00;0
19/03/2025 16:15;0
19/03/2025 16:30;0
19/03/2025 16:45;0
19/03/2025 17:00;0
19/03/2025 17:15;0
19/03/2025 17:30;0
19/03/2025 17:45;0
19/03/2025 18:00;0
19/03/2025 18:15;0
19/03/2025 18:30;0
19/03/2025 18:45;0
19/03/2025 19:00;0
19/03/2025 19:15;0
19/03/2025 19:30;0
19/03/2025 19:45;0
19/03/2025 20:00;0
19/03/2025 20:15;0
19/03/2025 20:30;0
19/03/2025 20:45;0
19/03/2025 21:00;0
19/03/2025 21:15;0
19/03/2025 21:30;0
19/03/2025 21:45;0
19/03/2025 22:00;0
19/03/2025 22:15;0
19/03/2025 22:30;0
19/03/2025 22:45;0
19/03/2025 23:00;0
19/03/2025 23:15;0
19/03/2025 23:30;0
19/03/2025 23:45;0
20/03/2025 00:00;0
20/03/2025 00:15;0
20/03/2025 00:30;0
20/03/2025 00:45;0
20/03/2025 01:00;0
20/03/2025 01:15;0
20/03/2025 01:30;0
20/03/2025 01:45;0
20/03/2025 02:00;0
20/03/2025 02:15;0
20/03/2025 02:30;0
20/03/2025 02:45;0
20/03/2025 03:00;0
20/03/2025 03:15;0
20/03/2025 03:30;0
20/03/2025 03:45;0
20/03/2025 04:00;0
20/03/2025 04:15;0
20/03/2025 04:30;0
20/03/2025 04:45;0
20/03/2025 05:00;0
20/03/2025 05:15;0
20/03/2025 05:30;0
20/03/2025 05:45;0
20/03/2025 06:00;0
20/03/2025 06:15;0
20/03/2025 06:30;0
20/03/2025 06:45;0
20/03/2025 07:00;0
20/03/2025 07:15;0
20/03/2025 07:30;0
20/03/2025 07:45;0
20/03/2025 08:00;0
20/03/2025 08:15;0
20/03/2025 08:30;0
20/03/2025 08:45;0
20/03/2025 09:00;0
20/03/2025 09:15;0
20/03/2025 09:30;0
20/03/2025 09:45;0
20/03/2025 10:00;0
20/03/2025 10:15;0
20/03/2025 10:30;0
20/03/2025 10:45;0
20/03/2025 11:00;0
20/03/2025 11:15;0
20/03/2025 11:30;0
20/03/2025 11:45;0
20/03/2025 12:00;0
20/03/2025 12:15;0
20/03/2025 12:30;0
20/03/2025 12:45;0
20/03/2025 13:00;0
20/03/2025 13:15;0
20/03/2025 13:30;0
20/03/2025 13:45;0
20/03/2025 14:00;0
20/03/2025 14:15;0
20/03/2025 14:30;0
20/03/2025 14:45;0
20/03/2025 15:00;0
20/03/2025 15:15;0
20/03/2025 15:30;0
20/03/2025 15:45;0
20/03/2025 16:00;0
20/03/2025 16:15;0
20/03/2025 16:30;0
20/03/2025 16:45;0
20/03/2025 17:00;0
20/03/2025 17:15;0
20/03/2025 17:30;0
20/03/2025 17:45;0
20/03/2025 18:00;0
20/03/2025 18:15;0
20/03/2025 18:30;0
20/03/2025 18:45;0
20/03/2025 19:00;0
20/03/2025 19:15;0
20/03/2025 19:30;0
20/03/2025 19:45;0
20/03/2025 20:00;0
20/03/2025 20:15;0
20/03/2025 20:30;0
20/03/2025 20:45;0
20/03/2025 21:00;0
20/03/2025 21:15;0
20/03/2025 21:30;0
20/03/2025 21:45;0
20/03/2025 22:00;0
20/03/2025 22:15;0
20/03/2025 22:30;0
20/03/2025 22:45;0
20/03/2025 23:00;0
20/03/2025 23:15;0
20/03/2025 23:30;0
20/03/2025 23:45;0
21/03/2025 00:00;0
21/03/2025 00:15;0
21/03/2025 00:30;0
21/03/2025 00:45;0
21/03/2025 01:00;0
21/03/2025 01:15;0
21/03/2025 01:30;0
21/03/2025 01:45;0
21/03/2025 02:00;0
21/03/2025 02:15;0
21/03/2025 02:30;0
21/03/2025 02:45;0
21/03/2025 03:00;0
21/03/2025 03:15;0
21/03/2025 03:30;0
21/03/2025 03:45;0.2
21/03/2025 04:00;0.8
21/03/2025 04:15;0.1
21/03/2025 04:30;0.4
21/03/2025 04:45;0.4
21/03/2025 05:00;0.2
21/03/2025 05:15;0.6
21/03/2025 05:30;0.4
21/03/2025 05:45;0.4
21/03/2025 06:00;0
21/03/2025 06:15;0
21/03/2025 06:30;0
21/03/2025 06:45;0
21/03/2025 07:00;0
21/03/2025 07:15;0
21/03/2025 07:30;0
21/03/2025 07:45;0.1
21/03/2025 08:00;0
21/03/2025 08:15;0
21/03/2025 08:30;0
21/03/2025 08:45;0
21/03/2025 09:00;0
21/03/2025 09:15;0
21/03/2025 09:30;0
21/03/2025 09:45;0
21/03/2025 10:00;0
21/03/2025 10:15;0
21/03/2025 10:30;0
21/03/2025 10:45;0
21/03/2025 11:00;0
21/03/2025 11:15;0
21/03/2025 11:30;0
21/03/2025 11:45;0
21/03/2025 12:00;0
21/03/2025 12:15;0
21/03/2025 12:30;0
21/03/2025 12:45;0
21/03/2025 13:00;0
21/03/2025 13:15;0
21/03/2025 13:30;0
21/03/2025 13:45;0
21/03/2025 14:00;0
21/03/2025 14:15;0
21/03/2025 14:30;0
21/03/2025 14:45;0
21/03/2025 15:00;0
21/03/2025 15:15;0
21/03/2025 15:30;0
21/03/2025 15:45;0
21/03/2025 16:00;0
21/03/2025 16:15;0
21/03/2025 16:30;0
21/03/2025 16:45;0
21/03/2025 17:00;0
21/03/2025 17:15;0
21/03/2025 17:30;0
21/03/2025 17:45;0
21/03/2025 18:00;0
21/03/2025 18:15;0
21/03/2025 18:30;0
21/03/2025 18:45;0
21/03/2025 19:00;0
21/03/2025 19:15;0
21/03/2025 19:30;0
21/03/2025 19:45;0
21/03/2025 20:00;0
21/03/2025 20:15;0
21/03/2025 20:30;0
21/03/2025 20:45;0.1
21/03/2025 21:00;0.1
21/03/2025 21:15;0.1
21/03/2025 21:30;0.2
21/03/2025 21:45;0.1
21/03/2025 22:00;0.1
21/03/2025 22:15;0.1
21/03/2025 22:30;0
21/03/2025 22:45;0
21/03/2025 23:00;0
21/03/2025 23:15;0
21/03/2025 23:30;0
21/03/2025 23:45;0
22/03/2025 00:00;0
22/03/2025 00:15;0
22/03/2025 00:30;0
22/03/2025 00:45;0
22/03/2025 01:00;0
22/03/2025 01:15;0
22/03/2025 01:30;0
22/03/2025 01:45;0
22/03/2025 02:00;0.1
22/03/2025 02:15;0
22/03/2025 02:30;0.1
22/03/2025 02:45;0
22/03/2025 03:00;0.1
22/03/2025 03:15;0.8
22/03/2025 03:30;1.9
22/03/2025 03:45;0.1
22/03/2025 04:00;0
22/03/2025 04:15;0
22/03/2025 04:30;0
22/03/2025 04:45;0
22/03/2025 05:00;0
22/03/2025 05:15;0
22/03/2025 05:30;0
22/03/2025 05:45;0
22/03/2025 06:00;0
22/03/2025 06:15;0
22/03/2025 06:30;0
22/03/2025 06:45;0
22/03/2025 07:00;0
22/03/2025 07:15;0
22/03/2025 07:30;0
22/03/2025 07:45;0
22/03/2025 08:00;0
22/03/2025 08:15;0
22/03/2025 08:30;0
22/03/2025 08:45;0
22/03/2025 09:00;0
22/03/2025 09:15;0
22/03/2025 09:30;0
22/03/2025 09:45;0
22/03/2025 10:00;0
22/03/2025 10:15;0
22/03/2025 10:30;0
22/03/2025 10:45;0
22/03/2025 11:00;0
22/03/2025 11:15;0
22/03/2025 11:30;0
22/03/2025 11:45;0
22/03/2025 12:00;0
22/03/2025 12:15;0
22/03/2025 12:30;0
22/03/2025 12:45;0
22/03/2025 13:00;0
22/03/2025 13:15;0
22/03/2025 13:30;0
22/03/2025 13:45;0
22/03/2025 14:00;0
22/03/2025 14:15;0.1
22/03/2025 14:30;0
22/03/2025 14:45;0
22/03/2025 15:00;0.1
22/03/2025 15:15;0
22/03/2025 15:30;0.1
22/03/2025 15:45;0.4
22/03/2025 16:00;0.4
22/03/2025 16:15;0.1
22/03/2025 16:30;0.3
22/03/2025 16:45;0.3
22/03/2025 17:00;0.4
22/03/2025 17:15;0.1
22/03/2025 17:30;0.1
22/03/2025 17:45;0
22/03/2025 18:00;0.1
22/03/2025 18:15;0
22/03/2025 18:30;0
22/03/2025 18:45;0
22/03/2025 19:00;0
22/03/2025 19:15;0
22/03/2025 19:30;0
22/03/2025 19:45;0
22/03/2025 20:00;0
22/03/2025 20:15;0
22/03/2025 20:30;0
22/03/2025 20:45;0
22/03/2025 21:00;0
22/03/2025 21:15;0
22/03/2025 21:30;0
22/03/2025 21:45;0
22/03/2025 22:00;0.2
22/03/2025 22:15;0.3
22/03/2025 22:30;1
22/03/2025 22:45;1
22/03/2025 23:00;0.2
22/03/2025 23:15;0.2
22/03/2025 23:30;0
22/03/2025 23:45;0.2
23/03/2025 00:00;0.3
23/03/2025 00:15;0.2
23/03/2025 00:30;0.1
23/03/2025 00:45;0
23/03/2025 01:00;0
23/03/2025 01:15;0
23/03/2025 01:30;0
23/03/2025 01:45;0
23/03/2025 02:00;0
23/03/2025 02:15;0
23/03/2025 02:30;0
23/03/2025 02:45;0.1
23/03/2025 03:00;0
23/03/2025 03:15;0
23/03/2025 03:30;0.1
23/03/2025 03:45;0
23/03/2025 04:00;0
23/03/2025 04:15;0.2
23/03/2025 04:30;0.2
23/03/2025 04:45;0.2
23/03/2025 05:00;0.4
23/03/2025 05:15;0.4
23/03/2025 05:30;0.6
23/03/2025 05:45;0.6
23/03/2025 06:00;0.6
23/03/2025 06:15;0.6
23/03/2025 06:30;0.5
23/03/2025 06:45;0.4
23/03/2025 07:00;0.3
23/03/2025 07:15;0.2
23/03/2025 07:30;0.2
23/03/2025 07:45;0.2
23/03/2025 08:00;0.2
23/03/2025 08:15;0.1
23/03/2025 08:30;0.1
23/03/2025 08:45;0
23/03/2025 09:00;0.1
23/03/2025 09:15;0
23/03/2025 09:30;0
23/03/2025 09:45;0.1
23/03/2025 10:00;0
23/03/2025 10:15;0
23/03/2025 10:30;0
23/03/2025 10:45;0
23/03/2025 11:00;0
23/03/2025 11:15;0
23/03/2025 11:30;0
23/03/2025 11:45;0
23/03/2025 12:00;0
23/03/2025 12:15;0
23/03/2025 12:30;0
23/03/2025 12:45;0
23/03/2025 13:00;0
23/03/2025 13:15;0
23/03/2025 13:30;0
23/03/2025 13:45;0
23/03/2025 14:00;0
23/03/2025 14:15;0
23/03/2025 14:30;0
23/03/2025 14:45;0
23/03/2025 15:00;0
23/03/2025 15:15;0
23/03/2025 15:30;0.1
23/03/2025 15:45;0.1
23/03/2025 16:00;0
23/03/2025 16:15;0
23/03/2025 16:30;0
23/03/2025 16:45;0
23/03/2025 17:00;0
23/03/2025 17:15;0
23/03/2025 17:30;0
23/03/2025 17:45;0
23/03/2025 18:00;0
23/03/2025 18:15;0
23/03/2025 18:30;0
23/03/2025 18:45;0
23/03/2025 19:00;0
23/03/2025 19:15;0
23/03/2025 19:30;0
23/03/2025 19:45;0
23/03/2025 20:00;0
23/03/2025 20:15;0
23/03/2025 20:30;0
23/03/2025 20:45;0
23/03/2025 21:00;0
23/03/2025 21:15;0
23/03/2025 21:30;0
23/03/2025 21:45;0
23/03/2025 22:00;0
23/03/2025 22:15;0
23/03/2025 22:30;0
23/03/2025 22:45;0
23/03/2025 23:00;0
23/03/2025 23:15;0
23/03/2025 23:30;0
23/03/2025 23:45;0
24/03/2025 00:00;0
24/03/2025 00:15;0
24/03/2025 00:30;0
24/03/2025 00:45;0
24/03/2025 01:00;0
24/03/2025 01:15;0
24/03/2025 01:30;0
24/03/2025 01:45;0
24/03/2025 02:00;0
24/03/2025 02:15;0
24/03/2025 02:30;0
24/03/2025 02:45;0
24/03/2025 03:00;0
24/03/2025 03:15;0
24/03/2025 03:30;0
24/03/2025 03:45;0
24/03/2025 04:00;0
24/03/2025 04:15;0
24/03/2025 04:30;0
24/03/2025 04:45;0
24/03/2025 05:00;0
24/03/2025 05:15;0
24/03/2025 05:30;0
24/03/2025 05:45;0
24/03/2025 06:00;0
24/03/2025 06:15;0
24/03/2025 06:30;0
24/03/2025 06:45;0.3
24/03/2025 07:00;0.1
24/03/2025 07:15;0
24/03/2025 07:30;0
24/03/2025 07:45;0
24/03/2025 08:00;0
24/03/2025 08:15;0
24/03/2025 08:30;0
24/03/2025 08:45;0
24/03/2025 09:00;0
24/03/2025 09:15;0
24/03/2025 09:30;0
24/03/2025 09:45;0
24/03/2025 10:00;0
24/03/2025 10:15;0
24/03/2025 10:30;0
24/03/2025 10:45;0
24/03/2025 11:00;0
24/03/2025 11:15;0.1
24/03/2025 11:30;0
24/03/2025 11:45;0
24/03/2025 12:00;0.1
24/03/2025 12:15;0.3
24/03/2025 12:30;0.4
24/03/2025 12:45;0.3
24/03/2025 13:00;0.2
24/03/2025 13:15;0.5
24/03/2025 13:30;0.8
24/03/2025 13:45;0.6
24/03/2025 14:00;1.3
24/03/2025 14:15;1.1
24/03/2025 14:30;0.3
24/03/2025 14:45;0.2
24/03/2025 15:00;0.1
24/03/2025 15:15;0.1
24/03/2025 15:30;0
24/03/2025 15:45;0.1
24/03/2025 16:00;0.1
24/03/2025 16:15;0.4
24/03/2025 16:30;0
24/03/2025 16:45;0
24/03/2025 17:00;0
24/03/2025 17:15;0
24/03/2025 17:30;0
24/03/2025 17:45;0
24/03/2025 18:00;0
24/03/2025 18:15;0
24/03/2025 18:30;0
24/03/2025 18:45;0
24/03/2025 19:00;0
24/03/2025 19:15;0
24/03/2025 19:30;0
24/03/2025 19:45;0
24/03/2025 20:00;0
24/03/2025 20:15;0
24/03/2025 20:30;0
24/03/2025 20:45;0
24/03/2025 21:00;0
24/03/2025 21:15;0
24/03/2025 21:30;0
24/03/2025 21:45;0
24/03/2025 22:00;0
24/03/2025 22:15;0
24/03/2025 22:30;0
24/03/2025 22:45;0
24/03/2025 23:00;0
24/03/2025 23:15;0
24/03/2025 23:30;0
24/03/2025 23:45;0
25/03/2025 00:00;0
25/03/2025 00:15;0
25/03/2025 00:30;0
25/03/2025 00:45;0
25/03/2025 01:00;0
25/03/2025 01:15;0
25/03/2025 01:30;0
25/03/2025 01:45;0
25/03/2025 02:00;0
25/03/2025 02:15;0
25/03/2025 02:30;0
25/03/2025 02:45;0
25/03/2025 03:00;0
25/03/2025 03:15;0
25/03/2025 03:30;0
25/03/2025 03:45;0
25/03/2025 04:00;0
25/03/2025 04:15;0
25/03/2025 04:30;0
25/03/2025 04:45;0
25/03/2025 05:00;0
25/03/2025 05:15;0
25/03/2025 05:30;0
25/03/2025 05:45;0
25/03/2025 06:00;0
25/03/2025 06:15;0
25/03/2025 06:30;0
25/03/2025 06:45;0
25/03/2025 07:00;0
25/03/2025 07:15;0
25/03/2025 07:30;0.1
25/03/2025 07:45;0
25/03/2025 08:00;0
25/03/2025 08:15;0
25/03/2025 08:30;0
25/03/2025 08:45;0
25/03/2025 09:00;0
25/03/2025 09:15;0
25/03/2025 09:30;0
25/03/2025 09:45;0
25/03/2025 10:00;0
25/03/2025 10:15;0
25/03/2025 10:30;0
25/03/2025 10:45;0
25/03/2025 11:00;0
25/03/2025 11:15;0
25/03/2025 11:30;0
25/03/2025 11:45;0
25/03/2025 12:00;0
25/03/2025 12:15;0
25/03/2025 12:30;0
25/03/2025 12:45;0
25/03/2025 13:00;0
25/03/2025 13:15;0
25/03/2025 13:30;0
25/03/2025 13:45;0
25/03/2025 14:00;0
25/03/2025 14:15;0
25/03/2025 14:30;0
25/03/2025 14:45;0
25/03/2025 15:00;0
25/03/2025 15:15;0
25/03/2025 15:30;0
25/03/2025 15:45;0
25/03/2025 16:00;0
25/03/2025 16:15;0
25/03/2025 16:30;0
25/03/2025 16:45;0
25/03/2025 17:00;0
25/03/2025 17:15;0
25/03/2025 17:30;0
25/03/2025 17:45;0
25/03/2025 18:00;0
25/03/2025 18:15;0
25/03/2025 18:30;0
25/03/2025 18:45;0
25/03/2025 19:00;0
25/03/2025 19:15;0
25/03/2025 19:30;0
25/03/2025 19:45;0
25/03/2025 20:00;0
25/03/2025 20:15;0
25/03/2025 20:30;0
25/03/2025 20:45;0
25/03/2025 21:00;0
25/03/2025 21:15;0
25/03/2025 21:30;0
25/03/2025 21:45;0
25/03/2025 22:00;0
25/03/2025 22:15;0
25/03/2025 22:30;0
25/03/2025 22:45;0
25/03/2025 23:00;0
25/03/2025 23:15;0
25/03/2025 23:30;0
25/03/2025 23:45;0
26/03/2025 00:00;0
26/03/2025 00:15;0
26/03/2025 00:30;0
26/03/2025 00:45;0
26/03/2025 01:00;0
26/03/2025 01:15;0
26/03/2025 01:30;0
26/03/2025 01:45;0
26/03/2025 02:00;0
26/03/2025 02:15;0
26/03/2025 02:30;0
26/03/2025 02:45;0
26/03/2025 03:00;0
26/03/2025 03:15;0
26/03/2025 03:30;0
26/03/2025 03:45;0
26/03/2025 04:00;0
26/03/2025 04:15;0
26/03/2025 04:30;0
26/03/2025 04:45;0
26/03/2025 05:00;0
26/03/2025 05:15;0
26/03/2025 05:30;0
26/03/2025 05:45;0
26/03/2025 06:00;0
26/03/2025 06:15;0
26/03/2025 06:30;0
26/03/2025 06:45;0
26/03/2025 07:00;0
26/03/2025 07:15;0
26/03/2025 07:30;0
26/03/2025 07:45;0
26/03/2025 08:00;0
26/03/2025 08:15;0
26/03/2025 08:30;0
26/03/2025 08:45;0
26/03/2025 09:00;0
26/03/2025 09:15;0
26/03/2025 09:30;0
26/03/2025 09:45;0
26/03/2025 10:00;0
26/03/2025 10:15;0
26/03/2025 10:30;0
26/03/2025 10:45;0
26/03/2025 11:00;0
26/03/2025 11:15;0
26/03/2025 11:30;0
26/03/2025 11:45;0
26/03/2025 12:00;0
26/03/2025 12:15;0
26/03/2025 12:30;0
26/03/2025 12:45;0
26/03/2025 13:00;0
26/03/2025 13:15;0
26/03/2025 13:30;0
26/03/2025 13:45;0
26/03/2025 14:00;0
26/03/2025 14:15;0
26/03/2025 14:30;0
26/03/2025 14:45;0
26/03/2025 15:00;0
26/03/2025 15:15;0
26/03/2025 15:30;0
26/03/2025 15:45;0
26/03/2025 16:00;0
26/03/2025 16:15;0
26/03/2025 16:30;0
26/03/2025 16:45;0
26/03/2025 17:00;0
26/03/2025 17:15;0
26/03/2025 17:30;0
26/03/2025 17:45;0
26/03/2025 18:00;0
26/03/2025 18:15;0
26/03/2025 18:30;0
26/03/2025 18:45;0
26/03/2025 19:00;0
26/03/2025 19:15;0
26/03/2025 19:30;0
26/03/2025 19:45;0
26/03/2025 20:00;0
26/03/2025 20:15;0
26/03/2025 20:30;0
26/03/2025 20:45;0
26/03/2025 21:00;0
26/03/2025 21:15;0
26/03/2025 21:30;0
26/03/2025 21:45;0
26/03/2025 22:00;0
26/03/2025 22:15;0
26/03/2025 22:30;0
26/03/2025 22:45;0
26/03/2025 23:00;0
26/03/2025 23:15;0
26/03/2025 23:30;0
26/03/2025 23:45;0
27/03/2025 00:00;0
27/03/2025 00:15;0
27/03/2025 00:30;0
27/03/2025 00:45;0
27/03/2025 01:00;0
27/03/2025 01:15;0
27/03/2025 01:30;0
27/03/2025 01:45;0
27/03/2025 02:00;0
27/03/2025 02:15;0
27/03/2025 02:30;0
27/03/2025 02:45;0
27/03/2025 03:00;0
27/03/2025 03:15;0
27/03/2025 03:30;0
27/03/2025 03:45;0
27/03/2025 04:00;0
27/03/2025 04:15;0
27/03/2025 04:30;0
27/03/2025 04:45;0
27/03/2025 05:00;0
27/03/2025 05:15;0
27/03/2025 05:30;0
27/03/2025 05:45;0
27/03/2025 06:00;0
27/03/2025 06:15;0
27/03/2025 06:30;0
27/03/2025 06:45;0
27/03/2025 07:00;0
27/03/2025 07:15;0
27/03/2025 07:30;0
27/03/2025 07:45;0
27/03/2025 08:00;0
27/03/2025 08:15;0
27/03/2025 08:30;0
27/03/2025 08:45;0
27/03/2025 09:00;0
27/03/2025 09:15;0
27/03/2025 09:30;0
27/03/2025 09:45;0
27/03/2025 10:00;0
27/03/2025 10:15;0
27/03/2025 10:30;0
27/03/2025 10:45;0
27/03/2025 11:00;0
27/03/2025 11:15;0
27/03/2025 11:30;0
27/03/2025 11:45;0
27/03/2025 12:00;0
27/03/2025 12:15;0
27/03/2025 12:30;0
27/03/2025 12:45;0
27/03/2025 13:00;0
27/03/2025 13:15;0
27/03/2025 13:30;0
27/03/2025 13:45;0
27/03/2025 14:00;0
27/03/2025 14:15;0
27/03/2025 14:30;0
27/03/2025 14:45;0
27/03/2025 15:00;0
27/03/2025 15:15;0
27/03/2025 15:30;0
27/03/2025 15:45;0
27/03/2025 16:00;0
27/03/2025 16:15;0
27/03/2025 16:30;0
27/03/2025 16:45;0
27/03/2025 17:00;0
27/03/2025 17:15;0
27/03/2025 17:30;0
27/03/2025 17:45;0
27/03/2025 18:00;0
27/03/2025 18:15;0
27/03/2025 18:30;0
27/03/2025 18:45;0
27/03/2025 19:00;0
27/03/2025 19:15;0
27/03/2025 19:30;0
27/03/2025 19:45;0
27/03/2025 20:00;0
27/03/2025 20:15;0
27/03/2025 20:30;0
27/03/2025 20:45;0
27/03/2025 21:00;0
27/03/2025 21:15;0
27/03/2025 21:30;0
27/03/2025 21:45;0
27/03/2025 22:00;0
27/03/2025 22:15;0
27/03/2025 22:30;0
27/03/2025 22:45;0
27/03/2025 23:00;0
27/03/2025 23:15;0
27/03/2025 23:30;0
27/03/2025 23:45;0
28/03/2025 00:00;0
28/03/2025 00:15;0
28/03/2025 00:30;0
28/03/2025 00:45;0
28/03/2025 01:00;0
28/03/2025 01:15;0
28/03/2025 01:30;0
28/03/2025 01:45;0
28/03/2025 02:00;0
28/03/2025 02:15;0
28/03/2025 02:30;0
28/03/2025 02:45;0
28/03/2025 03:00;0
28/03/2025 03:15;0
28/03/2025 03:30;0
28/03/2025 03:45;0
28/03/2025 04:00;0
28/03/2025 04:15;0
28/03/2025 04:30;0
28/03/2025 04:45;0
28/03/2025 05:00;0
28/03/2025 05:15;0
28/03/2025 05:30;0
28/03/2025 05:45;0
28/03/2025 06:00;0
28/03/2025 06:15;0
28/03/2025 06:30;0
28/03/2025 06:45;0
28/03/2025 07:00;0
28/03/2025 07:15;0
28/03/2025 07:30;0
28/03/2025 07:45;0
28/03/2025 08:00;0
28/03/2025 08:15;0
28/03/2025 08:30;0
28/03/2025 08:45;0
28/03/2025 09:00;0
28/03/2025 09:15;0
28/03/2025 09:30;0
28/03/2025 09:45;0
28/03/2025 10:00;0
28/03/2025 10:15;0
28/03/2025 10:30;0
28/03/2025 10:45;0
28/03/2025 11:00;0
28/03/2025 11:15;0
28/03/2025 11:30;0
28/03/2025 11:45;0
28/03/2025 12:00;0
28/03/2025 12:15;0
28/03/2025 12:30;0
28/03/2025 12:45;0
28/03/2025 13:00;0
28/03/2025 13:15;0
28/03/2025 13:30;0
28/03/2025 13:45;0
28/03/2025 14:00;0
28/03/2025 14:15;0
28/03/2025 14:30;0
28/03/2025 14:45;0
28/03/2025 15:00;0
28/03/2025 15:15;0
28/03/2025 15:30;0
28/03/2025 15:45;0
28/03/2025 16:00;0
28/03/2025 16:15;0
28/03/2025 16:30;0
28/03/2025 16:45;0
28/03/2025 17:00;0
28/03/2025 17:15;0
28/03/2025 17:30;0
28/03/2025 17:45;0
28/03/2025 18:00;0
28/03/2025 18:15;0
28/03/2025 18:30;0
28/03/2025 18:45;0
28/03/2025 19:00;0
28/03/2025 19:15;0
28/03/2025 19:30;0
28/03/2025 19:45;0
28/03/2025 20:00;0
28/03/2025 20:15;0
28/03/2025 20:30;0
28/03/2025 20:45;0
28/03/2025 21:00;0
28/03/2025 21:15;0
28/03/2025 21:30;0
28/03/2025 21:45;0
28/03/2025 22:00;0
28/03/2025 22:15;0
28/03/2025 22:30;0
28/03/2025 22:45;0
28/03/2025 23:00;0
28/03/2025 23:15;0
28/03/2025 23:30;0
28/03/2025 23:45;0
29/03/2025 00:00;0
29/03/2025 00:15;0
29/03/2025 00:30;0
29/03/2025 00:45;0
29/03/2025 01:00;0
29/03/2025 01:15;0
29/03/2025 01:30;0.1
29/03/2025 01:45;0
29/03/2025 02:00;0
29/03/2025 02:15;0
29/03/2025 02:30;0
29/03/2025 02:45;0
29/03/2025 03:00;0
29/03/2025 03:15;0
29/03/2025 03:30;0
29/03/2025 03:45;0
29/03/2025 04:00;0
29/03/2025 04:15;0
29/03/2025 04:30;0
29/03/2025 04:45;0
29/03/2025 05:00;0
29/03/2025 05:15;0
29/03/2025 05:30;0
29/03/2025 05:45;0
29/03/2025 06:00;0
29/03/2025 06:15;0
29/03/2025 06:30;0
29/03/2025 06:45;0
29/03/2025 07:00;0
29/03/2025 07:15;0
29/03/2025 07:30;0
29/03/2025 07:45;0
29/03/2025 08:00;0
29/03/2025 08:15;0
29/03/2025 08:30;0
29/03/2025 08:45;0
29/03/2025 09:00;0
29/03/2025 09:15;0
29/03/2025 09:30;0
29/03/2025 09:45;0
29/03/2025 10:00;0
29/03/2025 10:15;0
29/03/2025 10:30;0
29/03/2025 10:45;0
29/03/2025 11:00;0
29/03/2025 11:15;0
29/03/2025 11:30;0
29/03/2025 11:45;0
29/03/2025 12:00;0
29/03/2025 12:15;0
29/03/2025 12:30;0
29/03/2025 12:45;0
29/03/2025 13:00;0
29/03/2025 13:15;0
29/03/2025 13:30;0
29/03/2025 13:45;0
29/03/2025 14:00;0
29/03/2025 14:15;0
29/03/2025 14:30;0
29/03/2025 14:45;0
29/03/2025 15:00;0
29/03/2025 15:15;0
29/03/2025 15:30;0
29/03/2025 15:45;0
29/03/2025 16:00;0
29/03/2025 16:15;0
29/03/2025 16:30;0
29/03/2025 16:45;0
29/03/2025 17:00;0
29/03/2025 17:15;0
29/03/2025 17:30;0
29/03/2025 17:45;0
29/03/2025 18:00;0
29/03/2025 18:15;0
29/03/2025 18:30;0
29/03/2025 18:45;0
29/03/2025 19:00;0
29/03/2025 19:15;0
29/03/2025 19:30;0
29/03/2025 19:45;0
29/03/2025 20:00;0
29/03/2025 20:15;0
29/03/2025 20:30;0
29/03/2025 20:45;0
29/03/2025 21:00;0
29/03/2025 21:15;0
29/03/2025 21:30;0
29/03/2025 21:45;0
29/03/2025 22:00;0
29/03/2025 22:15;0
29/03/2025 22:30;0
29/03/2025 22:45;0
29/03/2025 23:00;0
29/03/2025 23:15;0
29/03/2025 23:30;0
29/03/2025 23:45;0
30/03/2025 00:00;0
30/03/2025 00:15;0
30/03/2025 00:30;0
30/03/2025 00:45;0
30/03/2025 01:00;0
30/03/2025 01:15;0
30/03/2025 01:30;0
30/03/2025 01:45;0
30/03/2025 02:00;0
30/03/2025 02:15;""
30/03/2025 02:30;""
30/03/2025 02:45;""
30/03/2025 03:00;0
30/03/2025 03:15;0
30/03/2025 03:30;0
30/03/2025 03:45;0
30/03/2025 04:00;0
30/03/2025 04:15;0
30/03/2025 04:30;0
30/03/2025 04:45;0
30/03/2025 05:00;0
30/03/2025 05:15;0
30/03/2025 05:30;0
30/03/2025 05:45;0
30/03/2025 06:00;0
30/03/2025 06:15;0
30/03/2025 06:30;0
30/03/2025 06:45;0
30/03/2025 07:00;0
30/03/2025 07:15;0
30/03/2025 07:30;0
30/03/2025 07:45;0
30/03/2025 08:00;0
30/03/2025 08:15;0
30/03/2025 08:30;0
30/03/2025 08:45;0
30/03/2025 09:00;0
30/03/2025 09:15;0
30/03/2025 09:30;0
30/03/2025 09:45;0
30/03/2025 10:00;0
30/03/2025 10:15;0
30/03/2025 10:30;0
30/03/2025 10:45;0
30/03/2025 11:00;0
30/03/2025 11:15;0
30/03/2025 11:30;0
30/03/2025 11:45;0
30/03/2025 12:00;0
30/03/2025 12:15;0
30/03/2025 12:30;0
30/03/2025 12:45;0
30/03/2025 13:00;0
30/03/2025 13:15;0
30/03/2025 13:30;0
30/03/2025 13:45;0
30/03/2025 14:00;0
30/03/2025 14:15;0
30/03/2025 14:30;0
30/03/2025 14:45;0
30/03/2025 15:00;0
30/03/2025 15:15;0
30/03/2025 15:30;0
30/03/2025 15:45;0
30/03/2025 16:00;0
30/03/2025 16:15;0
30/03/2025 16:30;0
30/03/2025 16:45;0
30/03/2025 17:00;0
30/03/2025 17:15;0
30/03/2025 17:30;0
30/03/2025 17:45;0
30/03/2025 18:00;0
30/03/2025 18:15;0
30/03/2025 18:30;0
30/03/2025 18:45;0
30/03/2025 19:00;0
30/03/2025 19:15;0
30/03/2025 19:30;0
30/03/2025 19:45;0
30/03/2025 20:00;0
30/03/2025 20:15;0
30/03/2025 20:30;0
30/03/2025 20:45;0
30/03/2025 21:00;0
30/03/2025 21:15;0
30/03/2025 21:30;0
30/03/2025 21:45;0
30/03/2025 22:00;0
30/03/2025 22:15;0
30/03/2025 22:30;0
30/03/2025 22:45;0
30/03/2025 23:00;0
30/03/2025 23:15;0
30/03/2025 23:30;0
30/03/2025 23:45;0
31/03/2025 00:00;0
31/03/2025 00:15;0
31/03/2025 00:30;0
31/03/2025 00:45;0
31/03/2025 01:00;0
31/03/2025 01:15;0
31/03/2025 01:30;0
31/03/2025 01:45;0
31/03/2025 02:00;0
31/03/2025 02:15;0
31/03/2025 02:30;0
31/03/2025 02:45;0
31/03/2025 03:00;0
31/03/2025 03:15;0
31/03/2025 03:30;0
31/03/2025 03:45;0
31/03/2025 04:00;0
31/03/2025 04:15;0
31/03/2025 04:30;0
31/03/2025 04:45;0
31/03/2025 05:00;0
31/03/2025 05:15;0
31/03/2025 05:30;0
31/03/2025 05:45;0
31/03/2025 06:00;0
31/03/2025 06:15;0
31/03/2025 06:30;0
31/03/2025 06:45;0
31/03/2025 07:00;0
31/03/2025 07:15;0
31/03/2025 07:30;0
31/03/2025 07:45;0
31/03/2025 08:00;0
31/03/2025 08:15;0
31/03/2025 08:30;0
31/03/2025 08:45;0
31/03/2025 09:00;0
31/03/2025 09:15;0
31/03/2025 09:30;0
31/03/2025 09:45;0
31/03/2025 10:00;0
31/03/2025 10:15;0
31/03/2025 10:30;0
31/03/2025 10:45;0
31/03/2025 11:00;0
31/03/2025 11:15;0
31/03/2025 11:30;0
31/03/2025 11:45;0
31/03/2025 12:00;0
31/03/2025 12:15;0
31/03/2025 12:30;0
31/03/2025 12:45;0
31/03/2025 13:00;0
31/03/2025 13:15;0
31/03/2025 13:30;0
31/03/2025 13:45;0
31/03/2025 14:00;0
31/03/2025 14:15;0
31/03/2025 14:30;0
31/03/2025 14:45;0
31/03/2025 15:00;0
31/03/2025 15:15;0
31/03/2025 15:30;0
31/03/2025 15:45;0
31/03/2025 16:00;0
31/03/2025 16:15;0
31/03/2025 16:30;0
31/03/2025 16:45;0
31/03/2025 17:00;0
31/03/2025 17:15;0
31/03/2025 17:30;0
31/03/2025 17:45;0
31/03/2025 18:00;0
31/03/2025 18:15;0
31/03/2025 18:30;0
31/03/2025 18:45;0
31/03/2025 19:00;0
31/03/2025 19:15;0
31/03/2025 19:30;0
31/03/2025 19:45;0
31/03/2025 20:00;0
31/03/2025 20:15;0
31/03/2025 20:30;0
31/03/2025 20:45;0
31/03/2025 21:00;0
31/03/2025 21:15;0
31/03/2025 21:30;0
31/03/2025 21:45;0
31/03/2025 22:00;0
31/03/2025 22:15;0
31/03/2025 22:30;0
31/03/2025 22:45;0
31/03/2025 23:00;0
31/03/2025 23:15;0
31/03/2025 23:30;0
31/03/2025 23:45;0
01/04/2025 00:00;0
01/04/2025 00:15;0
01/04/2025 00:30;0
01/04/2025 00:45;0
01/04/2025 01:00;0
01/04/2025 01:15;0
01/04/2025 01:30;0
01/04/2025 01:45;0
01/04/2025 02:00;0
01/04/2025 02:15;0
01/04/2025 02:30;0
01/04/2025 02:45;0
01/04/2025 03:00;0
01/04/2025 03:15;0
01/04/2025 03:30;0
01/04/2025 03:45;0
01/04/2025 04:00;0
01/04/2025 04:15;0
01/04/2025 04:30;0
01/04/2025 04:45;0
01/04/2025 05:00;0
01/04/2025 05:15;0
01/04/2025 05:30;0
01/04/2025 05:45;0
01/04/2025 06:00;0
01/04/2025 06:15;0
01/04/2025 06:30;0
01/04/2025 06:45;0
01/04/2025 07:00;0
01/04/2025 07:15;0
01/04/2025 07:30;0
01/04/2025 07:45;0
01/04/2025 08:00;0
01/04/2025 08:15;0
01/04/2025 08:30;0
01/04/2025 08:45;0
01/04/2025 09:00;0
01/04/2025 09:15;0
01/04/2025 09:30;0
01/04/2025 09:45;0
01/04/2025 10:00;0
01/04/2025 10:15;0
01/04/2025 10:30;0
01/04/2025 10:45;0
01/04/2025 11:00;0
01/04/2025 11:15;0
01/04/2025 11:30;0
01/04/2025 11:45;0
01/04/2025 12:00;0
01/04/2025 12:15;0
01/04/2025 12:30;0
01/04/2025 12:45;0
01/04/2025 13:00;0
01/04/2025 13:15;0
01/04/2025 13:30;0
01/04/2025 13:45;0
01/04/2025 14:00;0
01/04/2025 14:15;0
01/04/2025 14:30;0
01/04/2025 14:45;0
01/04/2025 15:00;0
01/04/2025 15:15;0
01/04/2025 15:30;0
01/04/2025 15:45;0
01/04/2025 16:00;0
01/04/2025 16:15;0
01/04/2025 16:30;0
01/04/2025 16:45;0
01/04/2025 17:00;0
01/04/2025 17:15;0
01/04/2025 17:30;0
01/04/2025 17:45;0
01/04/2025 18:00;0
01/04/2025 18:15;0
01/04/2025 18:30;0
01/04/2025 18:45;0
01/04/2025 19:00;0
01/04/2025 19:15;0
01/04/2025 19:30;0
01/04/2025 19:45;0
01/04/2025 20:00;0
01/04/2025 20:15;0
01/04/2025 20:30;0
01/04/2025 20:45;0
01/04/2025 21:00;0
01/04/2025 21:15;0
01/04/2025 21:30;0
01/04/2025 21:45;0
01/04/2025 22:00;0
01/04/2025 22:15;0
01/04/2025 22:30;0
01/04/2025 22:45;0
01/04/2025 23:00;0
01/04/2025 23:15;0
01/04/2025 23:30;0
01/04/2025 23:45;0
02/04/2025 00:00;0
02/04/2025 00:15;0
02/04/2025 00:30;0
02/04/2025 00:45;0
02/04/2025 01:00;0
02/04/2025 01:15;0
02/04/2025 01:30;0
02/04/2025 01:45;0
02/04/2025 02:00;0
02/04/2025 02:15;0
02/04/2025 02:30;0
02/04/2025 02:45;0
02/04/2025 03:00;0
02/04/2025 03:15;0
02/04/2025 03:30;0
02/04/2025 03:45;0
02/04/2025 04:00;0
02/04/2025 04:15;0
02/04/2025 04:30;0
02/04/2025 04:45;0
02/04/2025 05:00;0
02/04/2025 05:15;0
02/04/2025 05:30;0
02/04/2025 05:45;0
02/04/2025 06:00;0
02/04/2025 06:15;0
02/04/2025 06:30;0
02/04/2025 06:45;0
02/04/2025 07:00;0
02/04/2025 07:15;0
02/04/2025 07:30;0
02/04/2025 07:45;0
02/04/2025 08:00;0
02/04/2025 08:15;0
02/04/2025 08:30;0
02/04/2025 08:45;0
02/04/2025 09:00;0
02/04/2025 09:15;0
02/04/2025 09:30;0
02/04/2025 09:45;0
02/04/2025 10:00;0
02/04/2025 10:15;0
02/04/2025 10:30;0
02/04/2025 10:45;0
02/04/2025 11:00;0
02/04/2025 11:15;0
02/04/2025 11:30;0
02/04/2025 11:45;0
02/04/2025 12:00;0
02/04/2025 12:15;0
02/04/2025 12:30;0
02/04/2025 12:45;0
02/04/2025 13:00;0
02/04/2025 13:15;0
02/04/2025 13:30;0
02/04/2025 13:45;0
02/04/2025 14:00;0
02/04/2025 14:15;0
02/04/2025 14:30;0
02/04/2025 14:45;0
02/04/2025 15:00;0
02/04/2025 15:15;0
02/04/2025 15:30;0
02/04/2025 15:45;0
02/04/2025 16:00;0
02/04/2025 16:15;0
02/04/2025 16:30;0
02/04/2025 16:45;0
02/04/2025 17:00;0
02/04/2025 17:15;0
02/04/2025 17:30;0
02/04/2025 17:45;0
02/04/2025 18:00;0
02/04/2025 18:15;0
02/04/2025 18:30;0
02/04/2025 18:45;0
02/04/2025 19:00;0
02/04/2025 19:15;0
02/04/2025 19:30;0
02/04/2025 19:45;0.1
02/04/2025 20:00;1.5
02/04/2025 20:15;0.2
02/04/2025 20:30;0.1
02/04/2025 20:45;0
02/04/2025 21:00;0.3
02/04/2025 21:15;0.1
02/04/2025 21:30;0
02/04/2025 21:45;0
02/04/2025 22:00;0
02/04/2025 22:15;0.2
02/04/2025 22:30;0
02/04/2025 22:45;1.1
02/04/2025 23:00;0.3
02/04/2025 23:15;0
02/04/2025 23:30;0
02/04/2025 23:45;0
03/04/2025 00:00;0
03/04/2025 00:15;0
03/04/2025 00:30;0
03/04/2025 00:45;0
03/04/2025 01:00;0
03/04/2025 01:15;0.1
03/04/2025 01:30;0.4
03/04/2025 01:45;0.8
03/04/2025 02:00;1.4
03/04/2025 02:15;0.3
03/04/2025 02:30;0
03/04/2025 02:45;0
03/04/2025 03:00;0
03/04/2025 03:15;0
03/04/2025 03:30;0
03/04/2025 03:45;0
03/04/2025 04:00;0
03/04/2025 04:15;0
03/04/2025 04:30;0
03/04/2025 04:45;0
03/04/2025 05:00;0
03/04/2025 05:15;0
03/04/2025 05:30;0
03/04/2025 05:45;0
03/04/2025 06:00;0
03/04/2025 06:15;0
03/04/2025 06:30;0
03/04/2025 06:45;0
03/04/2025 07:00;0
03/04/2025 07:15;0
03/04/2025 07:30;0
03/04/2025 07:45;0
03/04/2025 08:00;0
03/04/2025 08:15;0
03/04/2025 08:30;0
03/04/2025 08:45;0
03/04/2025 09:00;0
03/04/2025 09:15;0.1
03/04/2025 09:30;0
03/04/2025 09:45;0
03/04/2025 10:00;0
03/04/2025 10:15;0
03/04/2025 10:30;0
03/04/2025 10:45;0
03/04/2025 11:00;0.1
03/04/2025 11:15;0.1
03/04/2025 11:30;0.1
03/04/2025 11:45;0
03/04/2025 12:00;0.2
03/04/2025 12:15;0.4
03/04/2025 12:30;0.6
03/04/2025 12:45;0.6
03/04/2025 13:00;0.6
03/04/2025 13:15;0.6
03/04/2025 13:30;0.6
03/04/2025 13:45;0.5
03/04/2025 14:00;0.2
03/04/2025 14:15;0.1
03/04/2025 14:30;0.1
03/04/2025 14:45;0
03/04/2025 15:00;0
03/04/2025 15:15;0.1
03/04/2025 15:30;0.1
03/04/2025 15:45;0.4
03/04/2025 16:00;0.2
03/04/2025 16:15;0
03/04/2025 16:30;0.2
03/04/2025 16:45;0.1
03/04/2025 17:00;0
03/04/2025 17:15;0
03/04/2025 17:30;0
03/04/2025 17:45;0
03/04/2025 18:00;0
03/04/2025 18:15;0
03/04/2025 18:30;0
03/04/2025 18:45;0
03/04/2025 19:00;0
03/04/2025 19:15;0
03/04/2025 19:30;0
03/04/2025 19:45;0
03/04/2025 20:00;0
03/04/2025 20:15;0
03/04/2025 20:30;0
03/04/2025 20:45;0
03/04/2025 21:00;0
03/04/2025 21:15;0
03/04/2025 21:30;0
03/04/2025 21:45;0
03/04/2025 22:00;0
03/04/2025 22:15;0
03/04/2025 22:30;0
03/04/2025 22:45;0
03/04/2025 23:00;0
03/04/2025 23:15;0
03/04/2025 23:30;0
03/04/2025 23:45;0
04/04/2025 00:00;0
04/04/2025 00:15;0
04/04/2025 00:30;0
04/04/2025 00:45;0
04/04/2025 01:00;0
04/04/2025 01:15;0
04/04/2025 01:30;0
04/04/2025 01:45;0
04/04/2025 02:00;0
04/04/2025 02:15;0
04/04/2025 02:30;0
04/04/2025 02:45;0
04/04/2025 03:00;0
04/04/2025 03:15;0
04/04/2025 03:30;0
04/04/2025 03:45;0
04/04/2025 04:00;0
04/04/2025 04:15;0
04/04/2025 04:30;0
04/04/2025 04:45;0
04/04/2025 05:00;0
04/04/2025 05:15;0
04/04/2025 05:30;0
04/04/2025 05:45;0
04/04/2025 06:00;0
04/04/2025 06:15;0
04/04/2025 06:30;0
04/04/2025 06:45;0
04/04/2025 07:00;0
04/04/2025 07:15;0
04/04/2025 07:30;0
04/04/2025 07:45;0.1
04/04/2025 08:00;0
04/04/2025 08:15;0
04/04/2025 08:30;0.1
04/04/2025 08:45;0.1
04/04/2025 09:00;0
04/04/2025 09:15;0
04/04/2025 09:30;0
04/04/2025 09:45;0
04/04/2025 10:00;0
04/04/2025 10:15;0
04/04/2025 10:30;0
04/04/2025 10:45;0
04/04/2025 11:00;0
04/04/2025 11:15;0
04/04/2025 11:30;0
04/04/2025 11:45;0
04/04/2025 12:00;0
04/04/2025 12:15;0.1
04/04/2025 12:30;0
04/04/2025 12:45;0
04/04/2025 13:00;0
04/04/2025 13:15;0
04/04/2025 13:30;0
04/04/2025 13:45;0
04/04/2025 14:00;0
04/04/2025 14:15;0
04/04/2025 14:30;0
04/04/2025 14:45;0
04/04/2025 15:00;0
04/04/2025 15:15;0
04/04/2025 15:30;0
04/04/2025 15:45;0
04/04/2025 16:00;0
04/04/2025 16:15;0
04/04/2025 16:30;0
04/04/2025 16:45;0
04/04/2025 17:00;0
04/04/2025 17:15;0
04/04/2025 17:30;0
04/04/2025 17:45;0
04/04/2025 18:00;0
04/04/2025 18:15;0
04/04/2025 18:30;0
04/04/2025 18:45;0
04/04/2025 19:00;0
04/04/2025 19:15;0
04/04/2025 19:30;0
04/04/2025 19:45;0
04/04/2025 20:00;0
04/04/2025 20:15;0
04/04/2025 20:30;0
04/04/2025 20:45;0
04/04/2025 21:00;0.1
04/04/2025 21:15;0.4
04/04/2025 21:30;0
04/04/2025 21:45;0.1
04/04/2025 22:00;0
04/04/2025 22:15;0
04/04/2025 22:30;0.2
04/04/2025 22:45;1
04/04/2025 23:00;0.9
04/04/2025 23:15;2.1
04/04/2025 23:30;1.6
04/04/2025 23:45;2.4
05/04/2025 00:00;1.1
05/04/2025 00:15;0.4
05/04/2025 00:30;0.3
05/04/2025 00:45;0
05/04/2025 01:00;0
05/04/2025 01:15;0
05/04/2025 01:30;0.1
05/04/2025 01:45;0.1
05/04/2025 02:00;0
05/04/2025 02:15;0
05/04/2025 02:30;0
05/04/2025 02:45;0
05/04/2025 03:00;0
05/04/2025 03:15;0
05/04/2025 03:30;0
05/04/2025 03:45;0
05/04/2025 04:00;0
05/04/2025 04:15;0.1
05/04/2025 04:30;0
05/04/2025 04:45;0
05/04/2025 05:00;0
05/04/2025 05:15;0
05/04/2025 05:30;0
05/04/2025 05:45;0
05/04/2025 06:00;0
05/04/2025 06:15;0
05/04/2025 06:30;0
05/04/2025 06:45;0
05/04/2025 07:00;0
05/04/2025 07:15;0
05/04/2025 07:30;0
05/04/2025 07:45;0
05/04/2025 08:00;0
05/04/2025 08:15;0
05/04/2025 08:30;0
05/04/2025 08:45;0
05/04/2025 09:00;0
05/04/2025 09:15;0
05/04/2025 09:30;0
05/04/2025 09:45;0
05/04/2025 10:00;0
05/04/2025 10:15;0
05/04/2025 10:30;0
05/04/2025 10:45;0
05/04/2025 11:00;0
05/04/2025 11:15;0
05/04/2025 11:30;0
05/04/2025 11:45;0
05/04/2025 12:00;0
05/04/2025 12:15;0
05/04/2025 12:30;0
05/04/2025 12:45;0
05/04/2025 13:00;0
05/04/2025 13:15;0
05/04/2025 13:30;0
05/04/2025 13:45;0
05/04/2025 14:00;0
05/04/2025 14:15;0
05/04/2025 14:30;0
05/04/2025 14:45;0
05/04/2025 15:00;0
05/04/2025 15:15;0
05/04/2025 15:30;0
05/04/2025 15:45;0
05/04/2025 16:00;0
05/04/2025 16:15;0
05/04/2025 16:30;0
05/04/2025 16:45;0
05/04/2025 17:00;0
05/04/2025 17:15;0
05/04/2025 17:30;0
05/04/2025 17:45;0
05/04/2025 18:00;0
05/04/2025 18:15;0
05/04/2025 18:30;0
05/04/2025 18:45;0
05/04/2025 19:00;0
05/04/2025 19:15;0
05/04/2025 19:30;0
05/04/2025 19:45;0
05/04/2025 20:00;0
05/04/2025 20:15;0
05/04/2025 20:30;0
05/04/2025 20:45;0
05/04/2025 21:00;0
05/04/2025 21:15;0
05/04/2025 21:30;0
05/04/2025 21:45;0
05/04/2025 22:00;0
05/04/2025 22:15;0
05/04/2025 22:30;0
05/04/2025 22:45;0
05/04/2025 23:00;0
05/04/2025 23:15;0
05/04/2025 23:30;0
05/04/2025 23:45;0
06/04/2025 00:00;0
06/04/2025 00:15;0
06/04/2025 00:30;0
06/04/2025 00:45;0
06/04/2025 01:00;0
06/04/2025 01:15;0
06/04/2025 01:30;0
06/04/2025 01:45;0
06/04/2025 02:00;0
06/04/2025 02:15;0
06/04/2025 02:30;0
06/04/2025 02:45;0
06/04/2025 03:00;0
06/04/2025 03:15;0
06/04/2025 03:30;0
06/04/2025 03:45;0
06/04/2025 04:00;0
06/04/2025 04:15;0
06/04/2025 04:30;0
06/04/2025 04:45;0
06/04/2025 05:00;0
06/04/2025 05:15;0
06/04/2025 05:30;0
06/04/2025 05:45;0
06/04/2025 06:00;0
06/04/2025 06:15;0
06/04/2025 06:30;0
06/04/2025 06:45;0
06/04/2025 07:00;0
06/04/2025 07:15;0
06/04/2025 07:30;0
06/04/2025 07:45;0
06/04/2025 08:00;0
06/04/2025 08:15;0
06/04/2025 08:30;0
06/04/2025 08:45;0
06/04/2025 09:00;0
06/04/2025 09:15;0
06/04/2025 09:30;0
06/04/2025 09:45;0
06/04/2025 10:00;0
06/04/2025 10:15;0
06/04/2025 10:30;0
06/04/2025 10:45;0
06/04/2025 11:00;0
06/04/2025 11:15;0
06/04/2025 11:30;0
06/04/2025 11:45;0
06/04/2025 12:00;0
06/04/2025 12:15;0
06/04/2025 12:30;0
06/04/2025 12:45;0
06/04/2025 13:00;0
06/04/2025 13:15;0
06/04/2025 13:30;0
06/04/2025 13:45;0
06/04/2025 14:00;0
06/04/2025 14:15;0
06/04/2025 14:30;0
06/04/2025 14:45;0
06/04/2025 15:00;0
06/04/2025 15:15;0
06/04/2025 15:30;0
06/04/2025 15:45;0
06/04/2025 16:00;0
06/04/2025 16:15;0
06/04/2025 16:30;0
06/04/2025 16:45;0
06/04/2025 17:00;0
06/04/2025 17:15;0
06/04/2025 17:30;0
06/04/2025 17:45;0
06/04/2025 18:00;0
06/04/2025 18:15;0
06/04/2025 18:30;0
06/04/2025 18:45;0
06/04/2025 19:00;0
06/04/2025 19:15;0
06/04/2025 19:30;0
06/04/2025 19:45;0
06/04/2025 20:00;0
06/04/2025 20:15;0
06/04/2025 20:30;0
06/04/2025 20:45;0
06/04/2025 21:00;0
06/04/2025 21:15;0
06/04/2025 21:30;0
06/04/2025 21:45;0
06/04/2025 22:00;0
06/04/2025 22:15;0
06/04/2025 22:30;0
06/04/2025 22:45;0
06/04/2025 23:00;0
06/04/2025 23:15;0
06/04/2025 23:30;0
06/04/2025 23:45;0
07/04/2025 00:00;0
07/04/2025 00:15;0
07/04/2025 00:30;0
07/04/2025 00:45;0
07/04/2025 01:00;0
07/04/2025 01:15;0
07/04/2025 01:30;0
07/04/2025 01:45;0
07/04/2025 02:00;0
07/04/2025 02:15;0
07/04/2025 02:30;0
07/04/2025 02:45;0
07/04/2025 03:00;0
07/04/2025 03:15;0
07/04/2025 03:30;0
07/04/2025 03:45;0
07/04/2025 04:00;0
07/04/2025 04:15;0
07/04/2025 04:30;0
07/04/2025 04:45;0
07/04/2025 05:00;0
07/04/2025 05:15;0
07/04/2025 05:30;0
07/04/2025 05:45;0
07/04/2025 06:00;0
07/04/2025 06:15;0
07/04/2025 06:30;0
07/04/2025 06:45;0
07/04/2025 07:00;0
07/04/2025 07:15;0
07/04/2025 07:30;0
07/04/2025 07:45;0
07/04/2025 08:00;0
07/04/2025 08:15;0
07/04/2025 08:30;0
07/04/2025 08:45;0
07/04/2025 09:00;0
07/04/2025 09:15;0
07/04/2025 09:30;0
07/04/2025 09:45;0
07/04/2025 10:00;0
07/04/2025 10:15;0
07/04/2025 10:30;0
07/04/2025 10:45;0
07/04/2025 11:00;0
07/04/2025 11:15;0
07/04/2025 11:30;0
07/04/2025 11:45;0
07/04/2025 12:00;0
07/04/2025 12:15;0
07/04/2025 12:30;0
07/04/2025 12:45;0
07/04/2025 13:00;0
07/04/2025 13:15;0
07/04/2025 13:30;0
07/04/2025 13:45;0
07/04/2025 14:00;0
07/04/2025 14:15;0
07/04/2025 14:30;0
07/04/2025 14:45;0
07/04/2025 15:00;0
07/04/2025 15:15;0
07/04/2025 15:30;0
07/04/2025 15:45;0
07/04/2025 16:00;0
07/04/2025 16:15;0
07/04/2025 16:30;0
07/04/2025 16:45;0
07/04/2025 17:00;0
07/04/2025 17:15;0
07/04/2025 17:30;0
07/04/2025 17:45;0
07/04/2025 18:00;0
07/04/2025 18:15;0
07/04/2025 18:30;0
07/04/2025 18:45;0
07/04/2025 19:00;0
07/04/2025 19:15;0
07/04/2025 19:30;0
07/04/2025 19:45;0
07/04/2025 20:00;0
07/04/2025 20:15;0
07/04/2025 20:30;0
07/04/2025 20:45;0
07/04/2025 21:00;0
07/04/2025 21:15;0
07/04/2025 21:30;0
07/04/2025 21:45;0
07/04/2025 22:00;0
07/04/2025 22:15;0
07/04/2025 22:30;0
07/04/2025 22:45;0
07/04/2025 23:00;0
07/04/2025 23:15;0
07/04/2025 23:30;0
07/04/2025 23:45;0
08/04/2025 00:00;0
08/04/2025 00:15;0
08/04/2025 00:30;0
08/04/2025 00:45;0
08/04/2025 01:00;0
08/04/2025 01:15;0
08/04/2025 01:30;0
08/04/2025 01:45;0
08/04/2025 02:00;0
08/04/2025 02:15;0
08/04/2025 02:30;0
08/04/2025 02:45;0
08/04/2025 03:00;0
08/04/2025 03:15;0
08/04/2025 03:30;0
08/04/2025 03:45;0
08/04/2025 04:00;0
08/04/2025 04:15;0
08/04/2025 04:30;0
08/04/2025 04:45;0
08/04/2025 05:00;0
08/04/2025 05:15;0
08/04/2025 05:30;0
08/04/2025 05:45;0
08/04/2025 06:00;0
08/04/2025 06:15;0
08/04/2025 06:30;0
08/04/2025 06:45;0
08/04/2025 07:00;0
08/04/2025 07:15;0
08/04/2025 07:30;0
08/04/2025 07:45;0
08/04/2025 08:00;0
08/04/2025 08:15;0
08/04/2025 08:30;0
08/04/2025 08:45;0
08/04/2025 09:00;0
08/04/2025 09:15;0
08/04/2025 09:30;0
08/04/2025 09:45;0
08/04/2025 10:00;0
08/04/2025 10:15;0
08/04/2025 10:30;0
08/04/2025 10:45;0
08/04/2025 11:00;0
08/04/2025 11:15;0
08/04/2025 11:30;0
08/04/2025 11:45;0
08/04/2025 12:00;0
08/04/2025 12:15;0
08/04/2025 12:30;0
08/04/2025 12:45;0
08/04/2025 13:00;0
08/04/2025 13:15;0
08/04/2025 13:30;0
08/04/2025 13:45;0
08/04/2025 14:00;0
08/04/2025 14:15;0
08/04/2025 14:30;0
08/04/2025 14:45;0
08/04/2025 15:00;0
08/04/2025 15:15;0
08/04/2025 15:30;0
08/04/2025 15:45;0
08/04/2025 16:00;0
08/04/2025 16:15;0
08/04/2025 16:30;0
08/04/2025 16:45;0
08/04/2025 17:00;0
08/04/2025 17:15;0
08/04/2025 17:30;0
08/04/2025 17:45;0
08/04/2025 18:00;0
08/04/2025 18:15;0
08/04/2025 18:30;0
08/04/2025 18:45;0
08/04/2025 19:00;0
08/04/2025 19:15;0
08/04/2025 19:30;0
08/04/2025 19:45;0
08/04/2025 20:00;0
08/04/2025 20:15;0
08/04/2025 20:30;0
08/04/2025 20:45;0
08/04/2025 21:00;0
08/04/2025 21:15;0
08/04/2025 21:30;0
08/04/2025 21:45;0
08/04/2025 22:00;0
08/04/2025 22:15;0
08/04/2025 22:30;0
08/04/2025 22:45;0
08/04/2025 23:00;0
08/04/2025 23:15;0
08/04/2025 23:30;0
08/04/2025 23:45;0
09/04/2025 00:00;0
09/04/2025 00:15;0
09/04/2025 00:30;0
09/04/2025 00:45;0
09/04/2025 01:00;0
09/04/2025 01:15;0
09/04/2025 01:30;0
09/04/2025 01:45;0
09/04/2025 02:00;0
09/04/2025 02:15;0
09/04/2025 02:30;0
09/04/2025 02:45;0
09/04/2025 03:00;0
09/04/2025 03:15;0
09/04/2025 03:30;0
09/04/2025 03:45;0
09/04/2025 04:00;0
09/04/2025 04:15;0
09/04/2025 04:30;0
09/04/2025 04:45;0
09/04/2025 05:00;0
09/04/2025 05:15;0
09/04/2025 05:30;0
09/04/2025 05:45;0
09/04/2025 06:00;0
09/04/2025 06:15;0
09/04/2025 06:30;0
09/04/2025 06:45;0
09/04/2025 07:00;0
09/04/2025 07:15;0
09/04/2025 07:30;0
09/04/2025 07:45;0
09/04/2025 08:00;0
09/04/2025 08:15;0
09/04/2025 08:30;0
09/04/2025 08:45;0
09/04/2025 09:00;0
09/04/2025 09:15;0
09/04/2025 09:30;0
09/04/2025 09:45;0
09/04/2025 10:00;0
09/04/2025 10:15;0
09/04/2025 10:30;0
09/04/2025 10:45;0
09/04/2025 11:00;0
09/04/2025 11:15;0
09/04/2025 11:30;0
09/04/2025 11:45;0
09/04/2025 12:00;0
09/04/2025 12:15;0
09/04/2025 12:30;0
09/04/2025 12:45;0
09/04/2025 13:00;0
09/04/2025 13:15;0
09/04/2025 13:30;0
09/04/2025 13:45;0
09/04/2025 14:00;0
09/04/2025 14:15;0
09/04/2025 14:30;0
09/04/2025 14:45;0
09/04/2025 15:00;0
09/04/2025 15:15;0
09/04/2025 15:30;0
09/04/2025 15:45;0
09/04/2025 16:00;0
09/04/2025 16:15;0
09/04/2025 16:30;0
09/04/2025 16:45;0
09/04/2025 17:00;0
09/04/2025 17:15;0
09/04/2025 17:30;0
09/04/2025 17:45;0
09/04/2025 18:00;0
09/04/2025 18:15;0
09/04/2025 18:30;0
09/04/2025 18:45;0
09/04/2025 19:00;0
09/04/2025 19:15;0
09/04/2025 19:30;0
09/04/2025 19:45;0
09/04/2025 20:00;0
09/04/2025 20:15;0
09/04/2025 20:30;0
09/04/2025 20:45;0
09/04/2025 21:00;0
09/04/2025 21:15;0
09/04/2025 21:30;0
09/04/2025 21:45;0
09/04/2025 22:00;0
09/04/2025 22:15;0
09/04/2025 22:30;0
09/04/2025 22:45;0
09/04/2025 23:00;0
09/04/2025 23:15;0
09/04/2025 23:30;0
09/04/2025 23:45;0
10/04/2025 00:00;0
10/04/2025 00:15;0
10/04/2025 00:30;0
10/04/2025 00:45;0
10/04/2025 01:00;0
10/04/2025 01:15;0
10/04/2025 01:30;0
10/04/2025 01:45;0
10/04/2025 02:00;0
10/04/2025 02:15;0
10/04/2025 02:30;0
10/04/2025 02:45;0
10/04/2025 03:00;0
10/04/2025 03:15;0
10/04/2025 03:30;0
10/04/2025 03:45;0
10/04/2025 04:00;0
10/04/2025 04:15;0
10/04/2025 04:30;0
10/04/2025 04:45;0
10/04/2025 05:00;0
10/04/2025 05:15;0
10/04/2025 05:30;0
10/04/2025 05:45;0
10/04/2025 06:00;0
10/04/2025 06:15;0
10/04/2025 06:30;0
10/04/2025 06:45;0
10/04/2025 07:00;0
10/04/2025 07:15;0
10/04/2025 07:30;0
10/04/2025 07:45;0
10/04/2025 08:00;0
10/04/2025 08:15;0
10/04/2025 08:30;0
10/04/2025 08:45;0
10/04/2025 09:00;0
10/04/2025 09:15;0
10/04/2025 09:30;0
10/04/2025 09:45;0
10/04/2025 10:00;0
10/04/2025 10:15;0
10/04/2025 10:30;0
10/04/2025 10:45;0
10/04/2025 11:00;0
10/04/2025 11:15;0
10/04/2025 11:30;0
10/04/2025 11:45;0
10/04/2025 12:00;0
10/04/2025 12:15;0
10/04/2025 12:30;0
10/04/2025 12:45;0
10/04/2025 13:00;0
10/04/2025 13:15;0
10/04/2025 13:30;0
10/04/2025 13:45;0
10/04/2025 14:00;0
10/04/2025 14:15;0
10/04/2025 14:30;0
10/04/2025 14:45;0
10/04/2025 15:00;0
10/04/2025 15:15;0
10/04/2025 15:30;0
10/04/2025 15:45;0
10/04/2025 16:00;0
10/04/2025 16:15;0
10/04/2025 16:30;0
10/04/2025 16:45;0
10/04/2025 17:00;0
10/04/2025 17:15;0
10/04/2025 17:30;0
10/04/2025 17:45;0
10/04/2025 18:00;0
10/04/2025 18:15;0
10/04/2025 18:30;0
10/04/2025 18:45;0
10/04/2025 19:00;0
10/04/2025 19:15;0
10/04/2025 19:30;0
10/04/2025 19:45;0
10/04/2025 20:00;0
10/04/2025 20:15;0
10/04/2025 20:30;0
10/04/2025 20:45;0
10/04/2025 21:00;0
10/04/2025 21:15;0
10/04/2025 21:30;0
10/04/2025 21:45;0
10/04/2025 22:00;0
10/04/2025 22:15;0
10/04/2025 22:30;0
10/04/2025 22:45;0
10/04/2025 23:00;0
10/04/2025 23:15;0
10/04/2025 23:30;0
10/04/2025 23:45;0
11/04/2025 00:00;0
11/04/2025 00:15;0
11/04/2025 00:30;0
11/04/2025 00:45;0
11/04/2025 01:00;0
11/04/2025 01:15;0
11/04/2025 01:30;0
11/04/2025 01:45;0
11/04/2025 02:00;0
11/04/2025 02:15;0
11/04/2025 02:30;0
11/04/2025 02:45;0
11/04/2025 03:00;0
11/04/2025 03:15;0
11/04/2025 03:30;0
11/04/2025 03:45;0
11/04/2025 04:00;0
11/04/2025 04:15;0
11/04/2025 04:30;0
11/04/2025 04:45;0
11/04/2025 05:00;0
11/04/2025 05:15;0
11/04/2025 05:30;0
11/04/2025 05:45;0
11/04/2025 06:00;0
11/04/2025 06:15;0
11/04/2025 06:30;0
11/04/2025 06:45;0
11/04/2025 07:00;0
11/04/2025 07:15;0
11/04/2025 07:30;0
11/04/2025 07:45;0
11/04/2025 08:00;0
11/04/2025 08:15;0
11/04/2025 08:30;0
11/04/2025 08:45;0
11/04/2025 09:00;0
11/04/2025 09:15;0
11/04/2025 09:30;0
11/04/2025 09:45;0
11/04/2025 10:00;0
11/04/2025 10:15;0
11/04/2025 10:30;0
11/04/2025 10:45;0
11/04/2025 11:00;0
11/04/2025 11:15;0
11/04/2025 11:30;0
11/04/2025 11:45;0
11/04/2025 12:00;0
11/04/2025 12:15;0
11/04/2025 12:30;0
11/04/2025 12:45;0
11/04/2025 13:00;0
11/04/2025 13:15;0
11/04/2025 13:30;0
11/04/2025 13:45;0
11/04/2025 14:00;0
11/04/2025 14:15;0
11/04/2025 14:30;0
11/04/2025 14:45;0
11/04/2025 15:00;0
11/04/2025 15:15;0
11/04/2025 15:30;0
11/04/2025 15:45;0.2
11/04/2025 16:00;0.4
11/04/2025 16:15;0.4
11/04/2025 16:30;0
11/04/2025 16:45;0
11/04/2025 17:00;0
11/04/2025 17:15;0
11/04/2025 17:30;0
11/04/2025 17:45;0
11/04/2025 18:00;0
11/04/2025 18:15;0
11/04/2025 18:30;0
11/04/2025 18:45;0
11/04/2025 19:00;0
11/04/2025 19:15;0
11/04/2025 19:30;0
11/04/2025 19:45;0
11/04/2025 20:00;0
11/04/2025 20:15;0
11/04/2025 20:30;0
11/04/2025 20:45;0
11/04/2025 21:00;0
11/04/2025 21:15;0
11/04/2025 21:30;0.1
11/04/2025 21:45;0.4
11/04/2025 22:00;0.5
11/04/2025 22:15;0.8
11/04/2025 22:30;0.2
11/04/2025 22:45;0.3
11/04/2025 23:00;0.3
11/04/2025 23:15;0.1
11/04/2025 23:30;0.7
11/04/2025 23:45;0.1
12/04/2025 00:00;0.1
12/04/2025 00:15;0
12/04/2025 00:30;0
12/04/2025 00:45;0
12/04/2025 01:00;0
12/04/2025 01:15;0
12/04/2025 01:30;0.2
12/04/2025 01:45;0
12/04/2025 02:00;0
12/04/2025 02:15;0
12/04/2025 02:30;0
12/04/2025 02:45;0
12/04/2025 03:00;0
12/04/2025 03:15;0
12/04/2025 03:30;0
12/04/2025 03:45;0
12/04/2025 04:00;0
12/04/2025 04:15;0
12/04/2025 04:30;0
12/04/2025 04:45;0
12/04/2025 05:00;0
12/04/2025 05:15;0
12/04/2025 05:30;0
12/04/2025 05:45;0
12/04/2025 06:00;0
12/04/2025 06:15;0
12/04/2025 06:30;0
12/04/2025 06:45;0
12/04/2025 07:00;0
12/04/2025 07:15;0
12/04/2025 07:30;0
12/04/2025 07:45;0
12/04/2025 08:00;0
12/04/2025 08:15;0
12/04/2025 08:30;0
12/04/2025 08:45;0
12/04/2025 09:00;0
12/04/2025 09:15;0
12/04/2025 09:30;0
12/04/2025 09:45;0
12/04/2025 10:00;0
12/04/2025 10:15;0
12/04/2025 10:30;0
12/04/2025 10:45;0
12/04/2025 11:00;0
12/04/2025 11:15;0
12/04/2025 11:30;0
12/04/2025 11:45;0
12/04/2025 12:00;0
12/04/2025 12:15;0
12/04/2025 12:30;0
12/04/2025 12:45;0
12/04/2025 13:00;0
12/04/2025 13:15;0
12/04/2025 13:30;0
12/04/2025 13:45;0
12/04/2025 14:00;0
12/04/2025 14:15;0
12/04/2025 14:30;0
12/04/2025 14:45;0
12/04/2025 15:00;0
12/04/2025 15:15;0
12/04/2025 15:30;0
12/04/2025 15:45;0
12/04/2025 16:00;0
12/04/2025 16:15;0
12/04/2025 16:30;0
12/04/2025 16:45;0
12/04/2025 17:00;0
12/04/2025 17:15;0
12/04/2025 17:30;0
12/04/2025 17:45;0
12/04/2025 18:00;0
12/04/2025 18:15;0
12/04/2025 18:30;0
12/04/2025 18:45;0
12/04/2025 19:00;0
12/04/2025 19:15;0
12/04/2025 19:30;0
12/04/2025 19:45;0
12/04/2025 20:00;0
12/04/2025 20:15;0
12/04/2025 20:30;0
12/04/2025 20:45;0
12/04/2025 21:00;0
12/04/2025 21:15;0
12/04/2025 21:30;0
12/04/2025 21:45;0.1
12/04/2025 22:00;0
12/04/2025 22:15;0
12/04/2025 22:30;0
12/04/2025 22:45;1.4
12/04/2025 23:00;2
12/04/2025 23:15;1.3
12/04/2025 23:30;1.5
12/04/2025 23:45;2.6
13/04/2025 00:00;1.7
13/04/2025 00:15;0.9
13/04/2025 00:30;0.9
13/04/2025 00:45;0.6
13/04/2025 01:00;0.2
13/04/2025 01:15;0
13/04/2025 01:30;0.1
13/04/2025 01:45;0
13/04/2025 02:00;0
13/04/2025 02:15;0
13/04/2025 02:30;0
13/04/2025 02:45;0
13/04/2025 03:00;0
13/04/2025 03:15;0
13/04/2025 03:30;0.1
13/04/2025 03:45;0
13/04/2025 04:00;0
13/04/2025 04:15;0
13/04/2025 04:30;0
13/04/2025 04:45;0
13/04/2025 05:00;0
13/04/2025 05:15;0
13/04/2025 05:30;0
13/04/2025 05:45;0
13/04/2025 06:00;0
13/04/2025 06:15;0
13/04/2025 06:30;0
13/04/2025 06:45;0
13/04/2025 07:00;0
13/04/2025 07:15;0
13/04/2025 07:30;0
13/04/2025 07:45;0
13/04/2025 08:00;0
13/04/2025 08:15;0
13/04/2025 08:30;0
13/04/2025 08:45;0
13/04/2025 09:00;0
13/04/2025 09:15;0
13/04/2025 09:30;0
13/04/2025 09:45;0
13/04/2025 10:00;0
13/04/2025 10:15;0
13/04/2025 10:30;0
13/04/2025 10:45;0
13/04/2025 11:00;0
13/04/2025 11:15;0
13/04/2025 11:30;0
13/04/2025 11:45;0
13/04/2025 12:00;0
13/04/2025 12:15;0
13/04/2025 12:30;0
13/04/2025 12:45;0
13/04/2025 13:00;0
13/04/2025 13:15;0
13/04/2025 13:30;0
13/04/2025 13:45;0
13/04/2025 14:00;0
13/04/2025 14:15;0
13/04/2025 14:30;0
13/04/2025 14:45;0
13/04/2025 15:00;0
13/04/2025 15:15;0
13/04/2025 15:30;0
13/04/2025 15:45;0
13/04/2025 16:00;0
13/04/2025 16:15;0
13/04/2025 16:30;0
13/04/2025 16:45;0
13/04/2025 17:00;0
13/04/2025 17:15;0
13/04/2025 17:30;0
13/04/2025 17:45;0
13/04/2025 18:00;0
13/04/2025 18:15;0
13/04/2025 18:30;0
13/04/2025 18:45;0
13/04/2025 19:00;0
13/04/2025 19:15;0
13/04/2025 19:30;0
13/04/2025 19:45;0
13/04/2025 20:00;0
13/04/2025 20:15;0
13/04/2025 20:30;0
13/04/2025 20:45;0
13/04/2025 21:00;0
13/04/2025 21:15;0
13/04/2025 21:30;0
13/04/2025 21:45;0
13/04/2025 22:00;0
13/04/2025 22:15;0
13/04/2025 22:30;0
13/04/2025 22:45;0
13/04/2025 23:00;0
13/04/2025 23:15;0
13/04/2025 23:30;0
13/04/2025 23:45;0
14/04/2025 00:00;0
14/04/2025 00:15;0
14/04/2025 00:30;0
14/04/2025 00:45;0
14/04/2025 01:00;0
14/04/2025 01:15;0
14/04/2025 01:30;0
14/04/2025 01:45;0
14/04/2025 02:00;0
14/04/2025 02:15;0
14/04/2025 02:30;0
14/04/2025 02:45;0
14/04/2025 03:00;0
14/04/2025 03:15;0
14/04/2025 03:30;0
14/04/2025 03:45;0
14/04/2025 04:00;0
14/04/2025 04:15;0
14/04/2025 04:30;0
14/04/2025 04:45;0
14/04/2025 05:00;0
14/04/2025 05:15;0
14/04/2025 05:30;0
14/04/2025 05:45;0
14/04/2025 06:00;0
14/04/2025 06:15;0
14/04/2025 06:30;0
14/04/2025 06:45;0
14/04/2025 07:00;0
14/04/2025 07:15;0
14/04/2025 07:30;0
14/04/2025 07:45;0
14/04/2025 08:00;0
14/04/2025 08:15;0
14/04/2025 08:30;0
14/04/2025 08:45;0
14/04/2025 09:00;0
14/04/2025 09:15;0
14/04/2025 09:30;0
14/04/2025 09:45;0
14/04/2025 10:00;0
14/04/2025 10:15;0
14/04/2025 10:30;0
14/04/2025 10:45;0
14/04/2025 11:00;""
14/04/2025 11:15;""
14/04/2025 11:30;""
14/04/2025 11:45;""
14/04/2025 12:00;""
14/04/2025 12:15;""
14/04/2025 12:30;""
14/04/2025 12:45;""
14/04/2025 13:00;""
14/04/2025 13:15;""
14/04/2025 13:30;""
14/04/2025 13:45;""
14/04/2025 14:00;""
14/04/2025 14:15;""
14/04/2025 14:30;0
14/04/2025 14:45;0
14/04/2025 15:00;0.3
14/04/2025 15:15;0.3
14/04/2025 15:30;0
14/04/2025 15:45;0.1
14/04/2025 16:00;0
14/04/2025 16:15;0
14/04/2025 16:30;1
14/04/2025 16:45;2
14/04/2025 17:00;0.1
14/04/2025 17:15;0
14/04/2025 17:30;0
14/04/2025 17:45;0
14/04/2025 18:00;0
14/04/2025 18:15;0
14/04/2025 18:30;0
14/04/2025 18:45;0
14/04/2025 19:00;0
14/04/2025 19:15;0
14/04/2025 19:30;0
14/04/2025 19:45;0
14/04/2025 20:00;0
14/04/2025 20:15;0
14/04/2025 20:30;0
14/04/2025 20:45;0
14/04/2025 21:00;0
14/04/2025 21:15;0
14/04/2025 21:30;0
14/04/2025 21:45;0
14/04/2025 22:00;0
14/04/2025 22:15;0
14/04/2025 22:30;0
14/04/2025 22:45;0
14/04/2025 23:00;0
14/04/2025 23:15;0
14/04/2025 23:30;0
14/04/2025 23:45;0
15/04/2025 00:00;0.1
15/04/2025 00:15;0
15/04/2025 00:30;0
15/04/2025 00:45;0
15/04/2025 01:00;0
15/04/2025 01:15;0
15/04/2025 01:30;0
15/04/2025 01:45;0
15/04/2025 02:00;0
15/04/2025 02:15;0
15/04/2025 02:30;0
15/04/2025 02:45;0
15/04/2025 03:00;0
15/04/2025 03:15;0
15/04/2025 03:30;0
15/04/2025 03:45;0
15/04/2025 04:00;0
15/04/2025 04:15;0.1
15/04/2025 04:30;0.1
15/04/2025 04:45;0
15/04/2025 05:00;0.5
15/04/2025 05:15;0
15/04/2025 05:30;0.1
15/04/2025 05:45;0
15/04/2025 06:00;0
15/04/2025 06:15;0
15/04/2025 06:30;0
15/04/2025 06:45;0.1
15/04/2025 07:00;0
15/04/2025 07:15;0
15/04/2025 07:30;0.1
15/04/2025 07:45;0.7
15/04/2025 08:00;0
15/04/2025 08:15;0
15/04/2025 08:30;0
15/04/2025 08:45;0
15/04/2025 09:00;0
15/04/2025 09:15;0
15/04/2025 09:30;0
15/04/2025 09:45;0
15/04/2025 10:00;0
15/04/2025 10:15;0
15/04/2025 10:30;0
15/04/2025 10:45;0
15/04/2025 11:00;0
15/04/2025 11:15;0
15/04/2025 11:30;0
15/04/2025 11:45;0
15/04/2025 12:00;0
15/04/2025 12:15;0
15/04/2025 12:30;0
15/04/2025 12:45;0
15/04/2025 13:00;0
15/04/2025 13:15;0
15/04/2025 13:30;0
15/04/2025 13:45;0
15/04/2025 14:00;0
15/04/2025 14:15;0
15/04/2025 14:30;0
15/04/2025 14:45;0
15/04/2025 15:00;0
15/04/2025 15:15;0
15/04/2025 15:30;0
15/04/2025 15:45;0
15/04/2025 16:00;0
15/04/2025 16:15;0
15/04/2025 16:30;0
15/04/2025 16:45;0
15/04/2025 17:00;0.1
15/04/2025 17:15;0
15/04/2025 17:30;1.1
15/04/2025 17:45;1.4
15/04/2025 18:00;0.8
15/04/2025 18:15;0.4
15/04/2025 18:30;0.3
15/04/2025 18:45;0.1
15/04/2025 19:00;0
15/04/2025 19:15;0
15/04/2025 19:30;0
15/04/2025 19:45;0
15/04/2025 20:00;0.1
15/04/2025 20:15;0
15/04/2025 20:30;0
15/04/2025 20:45;0
15/04/2025 21:00;0
15/04/2025 21:15;0
15/04/2025 21:30;0
15/04/2025 21:45;0
15/04/2025 22:00;0
15/04/2025 22:15;0
15/04/2025 22:30;0
15/04/2025 22:45;0
15/04/2025 23:00;0
15/04/2025 23:15;0
15/04/2025 23:30;0
15/04/2025 23:45;0
16/04/2025 00:00;0
16/04/2025 00:15;0
16/04/2025 00:30;0
16/04/2025 00:45;0
16/04/2025 01:00;0
16/04/2025 01:15;0
16/04/2025 01:30;0
16/04/2025 01:45;0
16/04/2025 02:00;0
16/04/2025 02:15;0
16/04/2025 02:30;0
16/04/2025 02:45;0
16/04/2025 03:00;0
16/04/2025 03:15;0
16/04/2025 03:30;0
16/04/2025 03:45;0
16/04/2025 04:00;0
16/04/2025 04:15;0
16/04/2025 04:30;0
16/04/2025 04:45;0
16/04/2025 05:00;0
16/04/2025 05:15;0
16/04/2025 05:30;0
16/04/2025 05:45;0
16/04/2025 06:00;0
16/04/2025 06:15;0
16/04/2025 06:30;0
16/04/2025 06:45;0
16/04/2025 07:00;0
16/04/2025 07:15;0
16/04/2025 07:30;0
16/04/2025 07:45;0
16/04/2025 08:00;0
16/04/2025 08:15;0
16/04/2025 08:30;0
16/04/2025 08:45;0
16/04/2025 09:00;0
16/04/2025 09:15;0
16/04/2025 09:30;0
16/04/2025 09:45;0
16/04/2025 10:00;0
16/04/2025 10:15;0
16/04/2025 10:30;0
16/04/2025 10:45;0
16/04/2025 11:00;0
16/04/2025 11:15;0
16/04/2025 11:30;0
16/04/2025 11:45;0
16/04/2025 12:00;0
16/04/2025 12:15;0
16/04/2025 12:30;0
16/04/2025 12:45;0
16/04/2025 13:00;0
16/04/2025 13:15;0
16/04/2025 13:30;0
16/04/2025 13:45;0
16/04/2025 14:00;0
16/04/2025 14:15;0
16/04/2025 14:30;0
16/04/2025 14:45;0
16/04/2025 15:00;0
16/04/2025 15:15;0
16/04/2025 15:30;0
16/04/2025 15:45;0
16/04/2025 16:00;0
16/04/2025 16:15;0
16/04/2025 16:30;0
16/04/2025 16:45;0
16/04/2025 17:00;0
16/04/2025 17:15;0
16/04/2025 17:30;0
16/04/2025 17:45;0
16/04/2025 18:00;0
16/04/2025 18:15;0
16/04/2025 18:30;0
16/04/2025 18:45;0
16/04/2025 19:00;0
16/04/2025 19:15;0
16/04/2025 19:30;0
16/04/2025 19:45;0
16/04/2025 20:00;0
16/04/2025 20:15;0
16/04/2025 20:30;0
16/04/2025 20:45;0
16/04/2025 21:00;0
16/04/2025 21:15;0
16/04/2025 21:30;0
16/04/2025 21:45;0
16/04/2025 22:00;0
16/04/2025 22:15;0
16/04/2025 22:30;0
16/04/2025 22:45;0
16/04/2025 23:00;0
16/04/2025 23:15;0
16/04/2025 23:30;0
16/04/2025 23:45;0
17/04/2025 00:00;0
17/04/2025 00:15;0
17/04/2025 00:30;0
17/04/2025 00:45;0
17/04/2025 01:00;0
17/04/2025 01:15;0
17/04/2025 01:30;0
17/04/2025 01:45;0
17/04/2025 02:00;0
17/04/2025 02:15;0
17/04/2025 02:30;0
17/04/2025 02:45;0
17/04/2025 03:00;0
17/04/2025 03:15;0
17/04/2025 03:30;0
17/04/2025 03:45;0
17/04/2025 04:00;0
17/04/2025 04:15;0
17/04/2025 04:30;0
17/04/2025 04:45;0
17/04/2025 05:00;0
17/04/2025 05:15;0
17/04/2025 05:30;0
17/04/2025 05:45;0
17/04/2025 06:00;0
17/04/2025 06:15;0
17/04/2025 06:30;0
17/04/2025 06:45;0
17/04/2025 07:00;0
17/04/2025 07:15;0
17/04/2025 07:30;0
17/04/2025 07:45;0
17/04/2025 08:00;0
17/04/2025 08:15;0
17/04/2025 08:30;0
17/04/2025 08:45;0
17/04/2025 09:00;0
17/04/2025 09:15;0
17/04/2025 09:30;0
17/04/2025 09:45;0
17/04/2025 10:00;0
17/04/2025 10:15;0
17/04/2025 10:30;0
17/04/2025 10:45;0
17/04/2025 11:00;0
17/04/2025 11:15;0
17/04/2025 11:30;0
17/04/2025 11:45;0
17/04/2025 12:00;0
17/04/2025 12:15;0
17/04/2025 12:30;0
17/04/2025 12:45;0
17/04/2025 13:00;0
17/04/2025 13:15;0
17/04/2025 13:30;0
17/04/2025 13:45;0
17/04/2025 14:00;0
17/04/2025 14:15;0
17/04/2025 14:30;0
17/04/2025 14:45;0
17/04/2025 15:00;0
17/04/2025 15:15;0
17/04/2025 15:30;0
17/04/2025 15:45;0
17/04/2025 16:00;0
17/04/2025 16:15;0
17/04/2025 16:30;0
17/04/2025 16:45;0
17/04/2025 17:00;0
17/04/2025 17:15;0
17/04/2025 17:30;0
17/04/2025 17:45;0
17/04/2025 18:00;0
17/04/2025 18:15;0
17/04/2025 18:30;0
17/04/2025 18:45;0
17/04/2025 19:00;0
17/04/2025 19:15;0
17/04/2025 19:30;0
17/04/2025 19:45;0
17/04/2025 20:00;0
17/04/2025 20:15;0
17/04/2025 20:30;0
17/04/2025 20:45;0
17/04/2025 21:00;0
17/04/2025 21:15;0
17/04/2025 21:30;0
17/04/2025 21:45;0
17/04/2025 22:00;0
17/04/2025 22:15;0
17/04/2025 22:30;0
17/04/2025 22:45;0
17/04/2025 23:00;0
17/04/2025 23:15;0
17/04/2025 23:30;0
17/04/2025 23:45;0
18/04/2025 00:00;0
18/04/2025 00:15;0
18/04/2025 00:30;0
18/04/2025 00:45;0
18/04/2025 01:00;0
18/04/2025 01:15;0
18/04/2025 01:30;0
18/04/2025 01:45;0
18/04/2025 02:00;0
18/04/2025 02:15;0
18/04/2025 02:30;0
18/04/2025 02:45;0
18/04/2025 03:00;0
18/04/2025 03:15;0
18/04/2025 03:30;0
18/04/2025 03:45;0
18/04/2025 04:00;0
18/04/2025 04:15;0
18/04/2025 04:30;0
18/04/2025 04:45;0
18/04/2025 05:00;0
18/04/2025 05:15;0
18/04/2025 05:30;0
18/04/2025 05:45;0
18/04/2025 06:00;0
18/04/2025 06:15;0
18/04/2025 06:30;0
18/04/2025 06:45;0
18/04/2025 07:00;0
18/04/2025 07:15;0
18/04/2025 07:30;0
18/04/2025 07:45;0
18/04/2025 08:00;0
18/04/2025 08:15;0
18/04/2025 08:30;0
18/04/2025 08:45;0
18/04/2025 09:00;0
18/04/2025 09:15;0
18/04/2025 09:30;0
18/04/2025 09:45;0
18/04/2025 10:00;0
18/04/2025 10:15;0
18/04/2025 10:30;0
18/04/2025 10:45;0
18/04/2025 11:00;0
18/04/2025 11:15;0
18/04/2025 11:30;0
18/04/2025 11:45;0
18/04/2025 12:00;0
18/04/2025 12:15;0
18/04/2025 12:30;0
18/04/2025 12:45;0
18/04/2025 13:00;0
18/04/2025 13:15;0
18/04/2025 13:30;0
18/04/2025 13:45;0
18/04/2025 14:00;0
18/04/2025 14:15;0
18/04/2025 14:30;0
18/04/2025 14:45;0
18/04/2025 15:00;0
18/04/2025 15:15;0
18/04/2025 15:30;0
18/04/2025 15:45;0
18/04/2025 16:00;0
18/04/2025 16:15;0
18/04/2025 16:30;0
18/04/2025 16:45;0
18/04/2025 17:00;0
18/04/2025 17:15;0
18/04/2025 17:30;0
18/04/2025 17:45;0
18/04/2025 18:00;0
18/04/2025 18:15;0
18/04/2025 18:30;0
18/04/2025 18:45;0
18/04/2025 19:00;0
18/04/2025 19:15;0
18/04/2025 19:30;0.1
18/04/2025 19:45;0
18/04/2025 20:00;0
18/04/2025 20:15;0
18/04/2025 20:30;0
18/04/2025 20:45;0.2
18/04/2025 21:00;1.5
18/04/2025 21:15;0.9
18/04/2025 21:30;0.3
18/04/2025 21:45;0
18/04/2025 22:00;0
18/04/2025 22:15;0
18/04/2025 22:30;0
18/04/2025 22:45;0
18/04/2025 23:00;0
18/04/2025 23:15;0
18/04/2025 23:30;0
18/04/2025 23:45;0
19/04/2025 00:00;0
19/04/2025 00:15;0
19/04/2025 00:30;0
19/04/2025 00:45;0
19/04/2025 01:00;0
19/04/2025 01:15;0.1
19/04/2025 01:30;0
19/04/2025 01:45;0
19/04/2025 02:00;0.1
19/04/2025 02:15;0
19/04/2025 02:30;0
19/04/2025 02:45;0
19/04/2025 03:00;0
19/04/2025 03:15;0
19/04/2025 03:30;0.1
19/04/2025 03:45;0.9
19/04/2025 04:00;0.1
19/04/2025 04:15;0
19/04/2025 04:30;0
19/04/2025 04:45;0.2
19/04/2025 05:00;0.3
19/04/2025 05:15;0
19/04/2025 05:30;0.3
19/04/2025 05:45;0
19/04/2025 06:00;0.1
19/04/2025 06:15;0
19/04/2025 06:30;0
19/04/2025 06:45;0.2
19/04/2025 07:00;0
19/04/2025 07:15;0
19/04/2025 07:30;0
19/04/2025 07:45;0
19/04/2025 08:00;0
19/04/2025 08:15;0
19/04/2025 08:30;0
19/04/2025 08:45;0
19/04/2025 09:00;0
19/04/2025 09:15;0.6
19/04/2025 09:30;1.3
19/04/2025 09:45;0.7
19/04/2025 10:00;0.6
19/04/2025 10:15;0.3
19/04/2025 10:30;0.2
19/04/2025 10:45;0.1
19/04/2025 11:00;0.1
19/04/2025 11:15;0.2
19/04/2025 11:30;0.7
19/04/2025 11:45;0.6
19/04/2025 12:00;0.5
19/04/2025 12:15;0.4
19/04/2025 12:30;0.1
19/04/2025 12:45;0.4
19/04/2025 13:00;0.3
19/04/2025 13:15;0
19/04/2025 13:30;0.2
19/04/2025 13:45;0
19/04/2025 14:00;0.1
19/04/2025 14:15;0
19/04/2025 14:30;0.4
19/04/2025 14:45;0.1
19/04/2025 15:00;0.1
19/04/2025 15:15;0
19/04/2025 15:30;0
19/04/2025 15:45;0
19/04/2025 16:00;0
19/04/2025 16:15;0
19/04/2025 16:30;0
19/04/2025 16:45;0
19/04/2025 17:00;0
19/04/2025 17:15;0.2
19/04/2025 17:30;0.1
19/04/2025 17:45;0
19/04/2025 18:00;0.2
19/04/2025 18:15;2.5
19/04/2025 18:30;3.4
19/04/2025 18:45;0
19/04/2025 19:00;0
19/04/2025 19:15;0
19/04/2025 19:30;0
19/04/2025 19:45;0
19/04/2025 20:00;0
19/04/2025 20:15;0
19/04/2025 20:30;0
19/04/2025 20:45;0
19/04/2025 21:00;0
19/04/2025 21:15;0
19/04/2025 21:30;1
19/04/2025 21:45;0.1
19/04/2025 22:00;0
19/04/2025 22:15;0
19/04/2025 22:30;0
19/04/2025 22:45;0
19/04/2025 23:00;0.4
19/04/2025 23:15;0.4
19/04/2025 23:30;0.1
19/04/2025 23:45;0.1
20/04/2025 00:00;0
20/04/2025 00:15;0
20/04/2025 00:30;0
20/04/2025 00:45;0
20/04/2025 01:00;0
20/04/2025 01:15;0
20/04/2025 01:30;0
20/04/2025 01:45;0
20/04/2025 02:00;0
20/04/2025 02:15;0
20/04/2025 02:30;0
20/04/2025 02:45;0
20/04/2025 03:00;0
20/04/2025 03:15;0
20/04/2025 03:30;0
20/04/2025 03:45;0
20/04/2025 04:00;0.1
20/04/2025 04:15;0.1
20/04/2025 04:30;0.1
20/04/2025 04:45;0
20/04/2025 05:00;0
20/04/2025 05:15;0
20/04/2025 05:30;0
20/04/2025 05:45;0
20/04/2025 06:00;0
20/04/2025 06:15;0
20/04/2025 06:30;0
20/04/2025 06:45;0
20/04/2025 07:00;0
20/04/2025 07:15;0
20/04/2025 07:30;0
20/04/2025 07:45;0
20/04/2025 08:00;0
20/04/2025 08:15;0
20/04/2025 08:30;0
20/04/2025 08:45;0
20/04/2025 09:00;0
20/04/2025 09:15;0
20/04/2025 09:30;0
20/04/2025 09:45;0
20/04/2025 10:00;0
20/04/2025 10:15;0
20/04/2025 10:30;0
20/04/2025 10:45;0
20/04/2025 11:00;0
20/04/2025 11:15;0
20/04/2025 11:30;0
20/04/2025 11:45;0
20/04/2025 12:00;0
20/04/2025 12:15;0
20/04/2025 12:30;0
20/04/2025 12:45;0
20/04/2025 13:00;0
20/04/2025 13:15;0
20/04/2025 13:30;0
20/04/2025 13:45;0
20/04/2025 14:00;0
20/04/2025 14:15;0
20/04/2025 14:30;0
20/04/2025 14:45;0
20/04/2025 15:00;0
20/04/2025 15:15;0.1
20/04/2025 15:30;0.1
20/04/2025 15:45;0.2
20/04/2025 16:00;0.1
20/04/2025 16:15;0
20/04/2025 16:30;0
20/04/2025 16:45;0
20/04/2025 17:00;0
20/04/2025 17:15;0
20/04/2025 17:30;0.1
20/04/2025 17:45;0
20/04/2025 18:00;0.1
20/04/2025 18:15;0.3
20/04/2025 18:30;0.4
20/04/2025 18:45;0.2
20/04/2025 19:00;0.1
20/04/2025 19:15;0.2
20/04/2025 19:30;0.3
20/04/2025 19:45;0.1
20/04/2025 20:00;0.1
20/04/2025 20:15;0.1
20/04/2025 20:30;0
20/04/2025 20:45;0
20/04/2025 21:00;0
20/04/2025 21:15;0
20/04/2025 21:30;0
20/04/2025 21:45;0
20/04/2025 22:00;0
20/04/2025 22:15;0
20/04/2025 22:30;0
20/04/2025 22:45;0
20/04/2025 23:00;0
20/04/2025 23:15;0
20/04/2025 23:30;0
20/04/2025 23:45;0
21/04/2025 00:00;0
21/04/2025 00:15;0
21/04/2025 00:30;0
21/04/2025 00:45;0
21/04/2025 01:00;0
21/04/2025 01:15;0
21/04/2025 01:30;0
21/04/2025 01:45;0
21/04/2025 02:00;0
21/04/2025 02:15;0
21/04/2025 02:30;0
21/04/2025 02:45;0
21/04/2025 03:00;0
21/04/2025 03:15;0
21/04/2025 03:30;0
21/04/2025 03:45;0
21/04/2025 04:00;0
21/04/2025 04:15;0
21/04/2025 04:30;0
21/04/2025 04:45;0
21/04/2025 05:00;0
21/04/2025 05:15;0
21/04/2025 05:30;0
21/04/2025 05:45;0
21/04/2025 06:00;0
21/04/2025 06:15;0
21/04/2025 06:30;0
21/04/2025 06:45;0
21/04/2025 07:00;0
21/04/2025 07:15;0
21/04/2025 07:30;0
21/04/2025 07:45;0
21/04/2025 08:00;0
21/04/2025 08:15;0
21/04/2025 08:30;0
21/04/2025 08:45;0
21/04/2025 09:00;0
21/04/2025 09:15;0
21/04/2025 09:30;0
21/04/2025 09:45;0
21/04/2025 10:00;0
21/04/2025 10:15;0
21/04/2025 10:30;0
21/04/2025 10:45;0
21/04/2025 11:00;0
21/04/2025 11:15;0
21/04/2025 11:30;0
21/04/2025 11:45;0
21/04/2025 12:00;0
21/04/2025 12:15;0
21/04/2025 12:30;0
21/04/2025 12:45;0
21/04/2025 13:00;0
21/04/2025 13:15;0
21/04/2025 13:30;0
21/04/2025 13:45;0
21/04/2025 14:00;0
21/04/2025 14:15;0
21/04/2025 14:30;0
21/04/2025 14:45;0
21/04/2025 15:00;0
21/04/2025 15:15;0
21/04/2025 15:30;0
21/04/2025 15:45;0
21/04/2025 16:00;0
21/04/2025 16:15;0
21/04/2025 16:30;0
21/04/2025 16:45;0
21/04/2025 17:00;0
21/04/2025 17:15;0
21/04/2025 17:30;0
21/04/2025 17:45;0
21/04/2025 18:00;0
21/04/2025 18:15;0
21/04/2025 18:30;0
21/04/2025 18:45;0
21/04/2025 19:00;0
21/04/2025 19:15;0
21/04/2025 19:30;0
21/04/2025 19:45;0
21/04/2025 20:00;0
21/04/2025 20:15;0
21/04/2025 20:30;0
21/04/2025 20:45;0
21/04/2025 21:00;0
21/04/2025 21:15;0
21/04/2025 21:30;0
21/04/2025 21:45;0
21/04/2025 22:00;0
21/04/2025 22:15;0
21/04/2025 22:30;0
21/04/2025 22:45;0
21/04/2025 23:00;0
21/04/2025 23:15;0
21/04/2025 23:30;0
21/04/2025 23:45;0
22/04/2025 00:00;0
22/04/2025 00:15;0
22/04/2025 00:30;0
22/04/2025 00:45;0
22/04/2025 01:00;0
22/04/2025 01:15;0
22/04/2025 01:30;0
22/04/2025 01:45;0
22/04/2025 02:00;0
22/04/2025 02:15;0
22/04/2025 02:30;0
22/04/2025 02:45;0
22/04/2025 03:00;0
22/04/2025 03:15;0.3
22/04/2025 03:30;0.4
22/04/2025 03:45;0.7
22/04/2025 04:00;0.3
22/04/2025 04:15;0.2
22/04/2025 04:30;0.5
22/04/2025 04:45;0.3
22/04/2025 05:00;0.3
22/04/2025 05:15;0.1
22/04/2025 05:30;0.1
22/04/2025 05:45;0.4
22/04/2025 06:00;0.5
22/04/2025 06:15;0.2
22/04/2025 06:30;0.1
22/04/2025 06:45;0
22/04/2025 07:00;0
22/04/2025 07:15;0
22/04/2025 07:30;0
22/04/2025 07:45;0
22/04/2025 08:00;0
22/04/2025 08:15;0.2
22/04/2025 08:30;0.2
22/04/2025 08:45;0.4
22/04/2025 09:00;0.6
22/04/2025 09:15;0.8
22/04/2025 09:30;0.6
22/04/2025 09:45;0
22/04/2025 10:00;0
22/04/2025 10:15;0.1
22/04/2025 10:30;0
22/04/2025 10:45;0
22/04/2025 11:00;0
22/04/2025 11:15;0
22/04/2025 11:30;0
22/04/2025 11:45;0
22/04/2025 12:00;0
22/04/2025 12:15;0
22/04/2025 12:30;0
22/04/2025 12:45;0
22/04/2025 13:00;0
22/04/2025 13:15;0
22/04/2025 13:30;0
22/04/2025 13:45;0
22/04/2025 14:00;0
22/04/2025 14:15;0
22/04/2025 14:30;0
22/04/2025 14:45;0
22/04/2025 15:00;0
22/04/2025 15:15;0
22/04/2025 15:30;0
22/04/2025 15:45;0
22/04/2025 16:00;0
22/04/2025 16:15;0
22/04/2025 16:30;0
22/04/2025 16:45;0
22/04/2025 17:00;0
22/04/2025 17:15;0
22/04/2025 17:30;0
22/04/2025 17:45;0
22/04/2025 18:00;0
22/04/2025 18:15;0
22/04/2025 18:30;0
22/04/2025 18:45;0
22/04/2025 19:00;0
22/04/2025 19:15;0
22/04/2025 19:30;0
22/04/2025 19:45;0
22/04/2025 20:00;0
22/04/2025 20:15;0
22/04/2025 20:30;0
22/04/2025 20:45;0
22/04/2025 21:00;0
22/04/2025 21:15;0
22/04/2025 21:30;0
22/04/2025 21:45;0
22/04/2025 22:00;0
22/04/2025 22:15;0
22/04/2025 22:30;0
22/04/2025 22:45;0
22/04/2025 23:00;0
22/04/2025 23:15;0
22/04/2025 23:30;0
22/04/2025 23:45;0
23/04/2025 00:00;0
23/04/2025 00:15;0
23/04/2025 00:30;0
23/04/2025 00:45;0
23/04/2025 01:00;0
23/04/2025 01:15;0
23/04/2025 01:30;0
23/04/2025 01:45;0
23/04/2025 02:00;0
23/04/2025 02:15;0
23/04/2025 02:30;0
23/04/2025 02:45;0
23/04/2025 03:00;0
23/04/2025 03:15;0
23/04/2025 03:30;0
23/04/2025 03:45;0
23/04/2025 04:00;0
23/04/2025 04:15;0
23/04/2025 04:30;0
23/04/2025 04:45;0
23/04/2025 05:00;0
23/04/2025 05:15;0
23/04/2025 05:30;0
23/04/2025 05:45;0
23/04/2025 06:00;0
23/04/2025 06:15;0
23/04/2025 06:30;0
23/04/2025 06:45;0
23/04/2025 07:00;0
23/04/2025 07:15;0
23/04/2025 07:30;0
23/04/2025 07:45;0
23/04/2025 08:00;0
23/04/2025 08:15;0
23/04/2025 08:30;0
23/04/2025 08:45;0
23/04/2025 09:00;0
23/04/2025 09:15;0
23/04/2025 09:30;0
23/04/2025 09:45;0
23/04/2025 10:00;0
23/04/2025 10:15;0
23/04/2025 10:30;0
23/04/2025 10:45;0
23/04/2025 11:00;0
23/04/2025 11:15;0
23/04/2025 11:30;0
23/04/2025 11:45;0
23/04/2025 12:00;0
23/04/2025 12:15;0
23/04/2025 12:30;0
23/04/2025 12:45;0
23/04/2025 13:00;0
23/04/2025 13:15;0
23/04/2025 13:30;0
23/04/2025 13:45;0
23/04/2025 14:00;0
23/04/2025 14:15;0
23/04/2025 14:30;0
23/04/2025 14:45;0
23/04/2025 15:00;0
23/04/2025 15:15;0
23/04/2025 15:30;0
23/04/2025 15:45;0
23/04/2025 16:00;0
23/04/2025 16:15;0
23/04/2025 16:30;0
23/04/2025 16:45;0
23/04/2025 17:00;0
23/04/2025 17:15;0
23/04/2025 17:30;0
23/04/2025 17:45;0
23/04/2025 18:00;0
23/04/2025 18:15;0
23/04/2025 18:30;0
23/04/2025 18:45;0
23/04/2025 19:00;0
23/04/2025 19:15;0
23/04/2025 19:30;0
23/04/2025 19:45;0
23/04/2025 20:00;0
23/04/2025 20:15;0
23/04/2025 20:30;0
23/04/2025 20:45;0
23/04/2025 21:00;0
23/04/2025 21:15;0
23/04/2025 21:30;0
23/04/2025 21:45;0
23/04/2025 22:00;0
23/04/2025 22:15;0
23/04/2025 22:30;0
23/04/2025 22:45;0
23/04/2025 23:00;0
23/04/2025 23:15;0
23/04/2025 23:30;0
23/04/2025 23:45;0
24/04/2025 00:00;0
24/04/2025 00:15;0
24/04/2025 00:30;0
24/04/2025 00:45;0
24/04/2025 01:00;0
24/04/2025 01:15;0
24/04/2025 01:30;0
24/04/2025 01:45;0
24/04/2025 02:00;0
24/04/2025 02:15;0
24/04/2025 02:30;0
24/04/2025 02:45;0
24/04/2025 03:00;0
24/04/2025 03:15;0
24/04/2025 03:30;0
24/04/2025 03:45;0
24/04/2025 04:00;0
24/04/2025 04:15;0
24/04/2025 04:30;0
24/04/2025 04:45;0
24/04/2025 05:00;0
24/04/2025 05:15;0
24/04/2025 05:30;0
24/04/2025 05:45;0
24/04/2025 06:00;0
24/04/2025 06:15;0
24/04/2025 06:30;0
24/04/2025 06:45;0
24/04/2025 07:00;0
24/04/2025 07:15;0
24/04/2025 07:30;0
24/04/2025 07:45;0
24/04/2025 08:00;0
24/04/2025 08:15;0
24/04/2025 08:30;0
24/04/2025 08:45;0
24/04/2025 09:00;0
24/04/2025 09:15;0
24/04/2025 09:30;0
24/04/2025 09:45;0
24/04/2025 10:00;0
24/04/2025 10:15;0
24/04/2025 10:30;0
24/04/2025 10:45;0
24/04/2025 11:00;0
24/04/2025 11:15;0
24/04/2025 11:30;0
24/04/2025 11:45;0
24/04/2025 12:00;0
24/04/2025 12:15;0
24/04/2025 12:30;0
24/04/2025 12:45;0
24/04/2025 13:00;0
24/04/2025 13:15;0
24/04/2025 13:30;0
24/04/2025 13:45;0
24/04/2025 14:00;0
24/04/2025 14:15;0
24/04/2025 14:30;0
24/04/2025 14:45;0
24/04/2025 15:00;0
24/04/2025 15:15;0
24/04/2025 15:30;0
24/04/2025 15:45;0
24/04/2025 16:00;0
24/04/2025 16:15;0
24/04/2025 16:30;0
24/04/2025 16:45;0
24/04/2025 17:00;0
24/04/2025 17:15;0
24/04/2025 17:30;0
24/04/2025 17:45;0
24/04/2025 18:00;0
24/04/2025 18:15;0
24/04/2025 18:30;0
24/04/2025 18:45;0
24/04/2025 19:00;0
24/04/2025 19:15;0
24/04/2025 19:30;0
24/04/2025 19:45;0
24/04/2025 20:00;0
24/04/2025 20:15;0
24/04/2025 20:30;0
24/04/2025 20:45;0
24/04/2025 21:00;0
24/04/2025 21:15;0
24/04/2025 21:30;0
24/04/2025 21:45;0
24/04/2025 22:00;0
24/04/2025 22:15;0
24/04/2025 22:30;0
24/04/2025 22:45;0
24/04/2025 23:00;0
24/04/2025 23:15;0
24/04/2025 23:30;0
24/04/2025 23:45;0
25/04/2025 00:00;0
25/04/2025 00:15;0
25/04/2025 00:30;0
25/04/2025 00:45;0
25/04/2025 01:00;0
25/04/2025 01:15;0
25/04/2025 01:30;0
25/04/2025 01:45;0
25/04/2025 02:00;0
25/04/2025 02:15;0
25/04/2025 02:30;0
25/04/2025 02:45;0
25/04/2025 03:00;0
25/04/2025 03:15;0
25/04/2025 03:30;0
25/04/2025 03:45;0
25/04/2025 04:00;0
25/04/2025 04:15;0
25/04/2025 04:30;0
25/04/2025 04:45;0
25/04/2025 05:00;0
25/04/2025 05:15;0
25/04/2025 05:30;0
25/04/2025 05:45;0
25/04/2025 06:00;0
25/04/2025 06:15;0
25/04/2025 06:30;0
25/04/2025 06:45;0
25/04/2025 07:00;0
25/04/2025 07:15;0
25/04/2025 07:30;0
25/04/2025 07:45;0
25/04/2025 08:00;0
25/04/2025 08:15;0
25/04/2025 08:30;0
25/04/2025 08:45;0
25/04/2025 09:00;0
25/04/2025 09:15;0
25/04/2025 09:30;0
25/04/2025 09:45;0
25/04/2025 10:00;0
25/04/2025 10:15;0
25/04/2025 10:30;0
25/04/2025 10:45;0
25/04/2025 11:00;0
25/04/2025 11:15;0
25/04/2025 11:30;0
25/04/2025 11:45;0
25/04/2025 12:00;0
25/04/2025 12:15;0
25/04/2025 12:30;0
25/04/2025 12:45;0
25/04/2025 13:00;0
25/04/2025 13:15;0
25/04/2025 13:30;0
25/04/2025 13:45;0
25/04/2025 14:00;0
25/04/2025 14:15;0
25/04/2025 14:30;0
25/04/2025 14:45;0
25/04/2025 15:00;0
25/04/2025 15:15;0
25/04/2025 15:30;0
25/04/2025 15:45;0
25/04/2025 16:00;0
25/04/2025 16:15;0
25/04/2025 16:30;0
25/04/2025 16:45;0
25/04/2025 17:00;0
25/04/2025 17:15;0
25/04/2025 17:30;0
25/04/2025 17:45;0
25/04/2025 18:00;0
25/04/2025 18:15;0
25/04/2025 18:30;0
25/04/2025 18:45;0
25/04/2025 19:00;0
25/04/2025 19:15;0
25/04/2025 19:30;0
25/04/2025 19:45;0
25/04/2025 20:00;0
25/04/2025 20:15;0
25/04/2025 20:30;0
25/04/2025 20:45;0
25/04/2025 21:00;0
25/04/2025 21:15;0
25/04/2025 21:30;0
25/04/2025 21:45;0
25/04/2025 22:00;0
25/04/2025 22:15;0
25/04/2025 22:30;0
25/04/2025 22:45;0
25/04/2025 23:00;0
25/04/2025 23:15;0
25/04/2025 23:30;0
25/04/2025 23:45;0
26/04/2025 00:00;0
26/04/2025 00:15;0
26/04/2025 00:30;0.3
26/04/2025 00:45;0.2
26/04/2025 01:00;0.1
26/04/2025 01:15;0.1
26/04/2025 01:30;0.2
26/04/2025 01:45;0.3
26/04/2025 02:00;0.4
26/04/2025 02:15;0.1
26/04/2025 02:30;0
26/04/2025 02:45;0
26/04/2025 03:00;0
26/04/2025 03:15;0
26/04/2025 03:30;0
26/04/2025 03:45;0
26/04/2025 04:00;0
26/04/2025 04:15;0
26/04/2025 04:30;0
26/04/2025 04:45;0
26/04/2025 05:00;0
26/04/2025 05:15;0
26/04/2025 05:30;0
26/04/2025 05:45;0
26/04/2025 06:00;0
26/04/2025 06:15;0
26/04/2025 06:30;0
26/04/2025 06:45;0
26/04/2025 07:00;0
26/04/2025 07:15;0
26/04/2025 07:30;0
26/04/2025 07:45;0
26/04/2025 08:00;0
26/04/2025 08:15;0
26/04/2025 08:30;0
26/04/2025 08:45;0
26/04/2025 09:00;0
26/04/2025 09:15;0
26/04/2025 09:30;0
26/04/2025 09:45;0
26/04/2025 10:00;0
26/04/2025 10:15;0
26/04/2025 10:30;0
26/04/2025 10:45;0
26/04/2025 11:00;0
26/04/2025 11:15;0
26/04/2025 11:30;0
26/04/2025 11:45;0
26/04/2025 12:00;0
26/04/2025 12:15;0
26/04/2025 12:30;0
26/04/2025 12:45;0
26/04/2025 13:00;0
26/04/2025 13:15;0
26/04/2025 13:30;0
26/04/2025 13:45;0
26/04/2025 14:00;0
26/04/2025 14:15;0
26/04/2025 14:30;0
26/04/2025 14:45;0
26/04/2025 15:00;0
26/04/2025 15:15;0
26/04/2025 15:30;0
26/04/2025 15:45;0
26/04/2025 16:00;0
26/04/2025 16:15;0
26/04/2025 16:30;0
26/04/2025 16:45;0
26/04/2025 17:00;0
26/04/2025 17:15;0
26/04/2025 17:30;0
26/04/2025 17:45;0
26/04/2025 18:00;0
26/04/2025 18:15;0
26/04/2025 18:30;0
26/04/2025 18:45;0
26/04/2025 19:00;0
26/04/2025 19:15;0
26/04/2025 19:30;0
26/04/2025 19:45;0
26/04/2025 20:00;0
26/04/2025 20:15;0
26/04/2025 20:30;0
26/04/2025 20:45;0
26/04/2025 21:00;0
26/04/2025 21:15;0
26/04/2025 21:30;0
26/04/2025 21:45;0
26/04/2025 22:00;0.1
26/04/2025 22:15;0.1
26/04/2025 22:30;0.1
26/04/2025 22:45;0.1
26/04/2025 23:00;0
26/04/2025 23:15;0.1
26/04/2025 23:30;0.2
26/04/2025 23:45;0.1
27/04/2025 00:00;0.1
27/04/2025 00:15;0
27/04/2025 00:30;0
27/04/2025 00:45;0
27/04/2025 01:00;0
27/04/2025 01:15;0
27/04/2025 01:30;0
27/04/2025 01:45;0
27/04/2025 02:00;0
27/04/2025 02:15;0
27/04/2025 02:30;0
27/04/2025 02:45;0
27/04/2025 03:00;0
27/04/2025 03:15;0.1
27/04/2025 03:30;0
27/04/2025 03:45;0
27/04/2025 04:00;0
27/04/2025 04:15;0
27/04/2025 04:30;0
27/04/2025 04:45;0
27/04/2025 05:00;0
27/04/2025 05:15;0
27/04/2025 05:30;0.1
27/04/2025 05:45;0
27/04/2025 06:00;0
27/04/2025 06:15;0
27/04/2025 06:30;0
27/04/2025 06:45;0
27/04/2025 07:00;0
27/04/2025 07:15;0
27/04/2025 07:30;0
27/04/2025 07:45;0
27/04/2025 08:00;0
27/04/2025 08:15;0
27/04/2025 08:30;0
27/04/2025 08:45;0
27/04/2025 09:00;0
27/04/2025 09:15;0
27/04/2025 09:30;0
27/04/2025 09:45;0
27/04/2025 10:00;0
27/04/2025 10:15;0
27/04/2025 10:30;0
27/04/2025 10:45;0
27/04/2025 11:00;0
27/04/2025 11:15;0
27/04/2025 11:30;0
27/04/2025 11:45;0
27/04/2025 12:00;0
27/04/2025 12:15;0
27/04/2025 12:30;0
27/04/2025 12:45;0
27/04/2025 13:00;0
27/04/2025 13:15;0
27/04/2025 13:30;0
27/04/2025 13:45;0
27/04/2025 14:00;0
27/04/2025 14:15;0
27/04/2025 14:30;0
27/04/2025 14:45;0
27/04/2025 15:00;0
27/04/2025 15:15;0
27/04/2025 15:30;0
27/04/2025 15:45;0
27/04/2025 16:00;0
27/04/2025 16:15;0
27/04/2025 16:30;0
27/04/2025 16:45;0
27/04/2025 17:00;0
27/04/2025 17:15;0
27/04/2025 17:30;0
27/04/2025 17:45;0
27/04/2025 18:00;0
27/04/2025 18:15;0
27/04/2025 18:30;0
27/04/2025 18:45;0
27/04/2025 19:00;0
27/04/2025 19:15;0
27/04/2025 19:30;0
27/04/2025 19:45;0
27/04/2025 20:00;0
27/04/2025 20:15;0
27/04/2025 20:30;0
27/04/2025 20:45;0
27/04/2025 21:00;0
27/04/2025 21:15;0
27/04/2025 21:30;0
27/04/2025 21:45;0
27/04/2025 22:00;0
27/04/2025 22:15;0
27/04/2025 22:30;0
27/04/2025 22:45;0
27/04/2025 23:00;0
27/04/2025 23:15;0
27/04/2025 23:30;0
27/04/2025 23:45;0
28/04/2025 00:00;0
28/04/2025 00:15;0
28/04/2025 00:30;0
28/04/2025 00:45;0
28/04/2025 01:00;0
28/04/2025 01:15;0
28/04/2025 01:30;0
28/04/2025 01:45;0
28/04/2025 02:00;0
28/04/2025 02:15;0
28/04/2025 02:30;0
28/04/2025 02:45;0
28/04/2025 03:00;0
28/04/2025 03:15;0
28/04/2025 03:30;0
28/04/2025 03:45;0
28/04/2025 04:00;0
28/04/2025 04:15;0
28/04/2025 04:30;0
28/04/2025 04:45;0
28/04/2025 05:00;0
28/04/2025 05:15;0
28/04/2025 05:30;0
28/04/2025 05:45;0
28/04/2025 06:00;0
28/04/2025 06:15;0
28/04/2025 06:30;0
28/04/2025 06:45;0
28/04/2025 07:00;0
28/04/2025 07:15;0
28/04/2025 07:30;0
28/04/2025 07:45;0
28/04/2025 08:00;0
28/04/2025 08:15;0
28/04/2025 08:30;0
28/04/2025 08:45;0
28/04/2025 09:00;0
28/04/2025 09:15;0
28/04/2025 09:30;0
28/04/2025 09:45;0
28/04/2025 10:00;0
28/04/2025 10:15;0
28/04/2025 10:30;0
28/04/2025 10:45;0
28/04/2025 11:00;0
28/04/2025 11:15;0
28/04/2025 11:30;0
28/04/2025 11:45;0
28/04/2025 12:00;0
28/04/2025 12:15;0
28/04/2025 12:30;0
28/04/2025 12:45;0
28/04/2025 13:00;0
28/04/2025 13:15;0
28/04/2025 13:30;0
28/04/2025 13:45;0
28/04/2025 14:00;0
28/04/2025 14:15;0
28/04/2025 14:30;0
28/04/2025 14:45;0
28/04/2025 15:00;0
28/04/2025 15:15;0
28/04/2025 15:30;0
28/04/2025 15:45;0
28/04/2025 16:00;0
28/04/2025 16:15;0
28/04/2025 16:30;0
28/04/2025 16:45;0
28/04/2025 17:00;0
28/04/2025 17:15;0
28/04/2025 17:30;0
28/04/2025 17:45;0
28/04/2025 18:00;0
28/04/2025 18:15;0
28/04/2025 18:30;0
28/04/2025 18:45;0
28/04/2025 19:00;0
28/04/2025 19:15;0
28/04/2025 19:30;0
28/04/2025 19:45;0
28/04/2025 20:00;0
28/04/2025 20:15;0
28/04/2025 20:30;0
28/04/2025 20:45;0
28/04/2025 21:00;0
28/04/2025 21:15;0
28/04/2025 21:30;0
28/04/2025 21:45;0
28/04/2025 22:00;0
28/04/2025 22:15;0
28/04/2025 22:30;0
28/04/2025 22:45;0
28/04/2025 23:00;0
28/04/2025 23:15;0
28/04/2025 23:30;0
28/04/2025 23:45;0
29/04/2025 00:00;0
29/04/2025 00:15;0
29/04/2025 00:30;0
29/04/2025 00:45;0
29/04/2025 01:00;0
29/04/2025 01:15;0
29/04/2025 01:30;0
29/04/2025 01:45;0
29/04/2025 02:00;0
29/04/2025 02:15;0
29/04/2025 02:30;0
29/04/2025 02:45;0
29/04/2025 03:00;0
29/04/2025 03:15;0
29/04/2025 03:30;0
29/04/2025 03:45;0
29/04/2025 04:00;0
29/04/2025 04:15;0
29/04/2025 04:30;0
29/04/2025 04:45;0
29/04/2025 05:00;0
29/04/2025 05:15;0
29/04/2025 05:30;0
29/04/2025 05:45;0
29/04/2025 06:00;0
29/04/2025 06:15;0
29/04/2025 06:30;0
29/04/2025 06:45;0
29/04/2025 07:00;0
29/04/2025 07:15;0
29/04/2025 07:30;0
29/04/2025 07:45;0
29/04/2025 08:00;0
29/04/2025 08:15;0
29/04/2025 08:30;0
29/04/2025 08:45;0
29/04/2025 09:00;0
29/04/2025 09:15;0
29/04/2025 09:30;0
29/04/2025 09:45;0
29/04/2025 10:00;0
29/04/2025 10:15;0
29/04/2025 10:30;0
29/04/2025 10:45;0
29/04/2025 11:00;0
29/04/2025 11:15;0
29/04/2025 11:30;0
29/04/2025 11:45;0
29/04/2025 12:00;0
29/04/2025 12:15;0
29/04/2025 12:30;0
29/04/2025 12:45;0
29/04/2025 13:00;0
29/04/2025 13:15;0
29/04/2025 13:30;0
29/04/2025 13:45;0
29/04/2025 14:00;0
29/04/2025 14:15;0
29/04/2025 14:30;0
29/04/2025 14:45;0
29/04/2025 15:00;0
29/04/2025 15:15;0
29/04/2025 15:30;0
29/04/2025 15:45;0
29/04/2025 16:00;0
29/04/2025 16:15;0
29/04/2025 16:30;0
29/04/2025 16:45;0
29/04/2025 17:00;0
29/04/2025 17:15;0
29/04/2025 17:30;0
29/04/2025 17:45;0
29/04/2025 18:00;0
29/04/2025 18:15;0
29/04/2025 18:30;0
29/04/2025 18:45;0
29/04/2025 19:00;0
29/04/2025 19:15;0
29/04/2025 19:30;0
29/04/2025 19:45;0
29/04/2025 20:00;0
29/04/2025 20:15;0
29/04/2025 20:30;0
29/04/2025 20:45;0
29/04/2025 21:00;0
29/04/2025 21:15;0
29/04/2025 21:30;0
29/04/2025 21:45;0
29/04/2025 22:00;0
29/04/2025 22:15;0
29/04/2025 22:30;0
29/04/2025 22:45;0
29/04/2025 23:00;0
29/04/2025 23:15;0
29/04/2025 23:30;0
29/04/2025 23:45;0
30/04/2025 00:00;0
30/04/2025 00:15;0
30/04/2025 00:30;0
30/04/2025 00:45;0
30/04/2025 01:00;0
30/04/2025 01:15;0
30/04/2025 01:30;0
30/04/2025 01:45;0
30/04/2025 02:00;0
30/04/2025 02:15;0
30/04/2025 02:30;0
30/04/2025 02:45;0
30/04/2025 03:00;0
30/04/2025 03:15;0
30/04/2025 03:30;0
30/04/2025 03:45;0
30/04/2025 04:00;0
30/04/2025 04:15;0
30/04/2025 04:30;0
30/04/2025 04:45;0
30/04/2025 05:00;0
30/04/2025 05:15;0
30/04/2025 05:30;0
30/04/2025 05:45;0
30/04/2025 06:00;0
30/04/2025 06:15;0
30/04/2025 06:30;0
30/04/2025 06:45;0
30/04/2025 07:00;0
30/04/2025 07:15;0
30/04/2025 07:30;0
30/04/2025 07:45;0
30/04/2025 08:00;0
30/04/2025 08:15;0
30/04/2025 08:30;0
30/04/2025 08:45;0
30/04/2025 09:00;0
30/04/2025 09:15;0
30/04/2025 09:30;0
30/04/2025 09:45;0
30/04/2025 10:00;0
30/04/2025 10:15;0
30/04/2025 10:30;0
30/04/2025 10:45;0
30/04/2025 11:00;0
30/04/2025 11:15;0
30/04/2025 11:30;0
30/04/2025 11:45;0
30/04/2025 12:00;0
30/04/2025 12:15;0
30/04/2025 12:30;0
30/04/2025 12:45;0
30/04/2025 13:00;0
30/04/2025 13:15;0
30/04/2025 13:30;0
30/04/2025 13:45;0
30/04/2025 14:00;0
30/04/2025 14:15;0
30/04/2025 14:30;0
30/04/2025 14:45;0
30/04/2025 15:00;0
30/04/2025 15:15;0
30/04/2025 15:30;0
30/04/2025 15:45;0
30/04/2025 16:00;0
30/04/2025 16:15;0
30/04/2025 16:30;0
30/04/2025 16:45;0
30/04/2025 17:00;0
30/04/2025 17:15;0
30/04/2025 17:30;0
30/04/2025 17:45;0
30/04/2025 18:00;0
30/04/2025 18:15;0
30/04/2025 18:30;0
30/04/2025 18:45;0
30/04/2025 19:00;0
30/04/2025 19:15;0
30/04/2025 19:30;0
30/04/2025 19:45;0
30/04/2025 20:00;0
30/04/2025 20:15;0
30/04/2025 20:30;0
30/04/2025 20:45;0
30/04/2025 21:00;0
30/04/2025 21:15;0
30/04/2025 21:30;0
30/04/2025 21:45;0
30/04/2025 22:00;0
30/04/2025 22:15;0
30/04/2025 22:30;0
30/04/2025 22:45;0
30/04/2025 23:00;0
30/04/2025 23:15;0
30/04/2025 23:30;0
30/04/2025 23:45;0
01/05/2025 00:00;0
01/05/2025 00:15;0
01/05/2025 00:30;0
01/05/2025 00:45;0
01/05/2025 01:00;0
01/05/2025 01:15;0
01/05/2025 01:30;0
01/05/2025 01:45;0
01/05/2025 02:00;0
01/05/2025 02:15;0
01/05/2025 02:30;0
01/05/2025 02:45;0
01/05/2025 03:00;0
01/05/2025 03:15;0
01/05/2025 03:30;0
01/05/2025 03:45;0
01/05/2025 04:00;0
01/05/2025 04:15;0
01/05/2025 04:30;0
01/05/2025 04:45;0
01/05/2025 05:00;0
01/05/2025 05:15;0
01/05/2025 05:30;0
01/05/2025 05:45;0
01/05/2025 06:00;0
01/05/2025 06:15;0
01/05/2025 06:30;0
01/05/2025 06:45;0
01/05/2025 07:00;0
01/05/2025 07:15;0
01/05/2025 07:30;0
01/05/2025 07:45;0
01/05/2025 08:00;0
01/05/2025 08:15;0
01/05/2025 08:30;0
01/05/2025 08:45;0
01/05/2025 09:00;0
01/05/2025 09:15;0
01/05/2025 09:30;0
01/05/2025 09:45;0
01/05/2025 10:00;0
01/05/2025 10:15;0
01/05/2025 10:30;0
01/05/2025 10:45;0
01/05/2025 11:00;0
01/05/2025 11:15;0
01/05/2025 11:30;0
01/05/2025 11:45;0
01/05/2025 12:00;0
01/05/2025 12:15;0
01/05/2025 12:30;0
01/05/2025 12:45;0
01/05/2025 13:00;0
01/05/2025 13:15;0
01/05/2025 13:30;0
01/05/2025 13:45;0
01/05/2025 14:00;0
01/05/2025 14:15;0
01/05/2025 14:30;0
01/05/2025 14:45;0
01/05/2025 15:00;0
01/05/2025 15:15;0
01/05/2025 15:30;0
01/05/2025 15:45;0
01/05/2025 16:00;0
01/05/2025 16:15;0
01/05/2025 16:30;0
01/05/2025 16:45;0
01/05/2025 17:00;0
01/05/2025 17:15;0
01/05/2025 17:30;0
01/05/2025 17:45;0
01/05/2025 18:00;0
01/05/2025 18:15;0
01/05/2025 18:30;0
01/05/2025 18:45;0
01/05/2025 19:00;0
01/05/2025 19:15;0
01/05/2025 19:30;0
01/05/2025 19:45;0
01/05/2025 20:00;0
01/05/2025 20:15;0
01/05/2025 20:30;0
01/05/2025 20:45;0
01/05/2025 21:00;0
01/05/2025 21:15;0
01/05/2025 21:30;0
01/05/2025 21:45;0
01/05/2025 22:00;0
01/05/2025 22:15;0
01/05/2025 22:30;0
01/05/2025 22:45;0
01/05/2025 23:00;0
01/05/2025 23:15;0
01/05/2025 23:30;0
01/05/2025 23:45;0
02/05/2025 00:00;0
02/05/2025 00:15;0
02/05/2025 00:30;0
02/05/2025 00:45;0
02/05/2025 01:00;0
02/05/2025 01:15;0
02/05/2025 01:30;0
02/05/2025 01:45;0
02/05/2025 02:00;0
02/05/2025 02:15;0
02/05/2025 02:30;0
02/05/2025 02:45;0
02/05/2025 03:00;0
02/05/2025 03:15;0
02/05/2025 03:30;0
02/05/2025 03:45;0
02/05/2025 04:00;0
02/05/2025 04:15;0
02/05/2025 04:30;0
02/05/2025 04:45;0
02/05/2025 05:00;0
02/05/2025 05:15;0
02/05/2025 05:30;0
02/05/2025 05:45;0
02/05/2025 06:00;0
02/05/2025 06:15;0
02/05/2025 06:30;0
02/05/2025 06:45;0
02/05/2025 07:00;0
02/05/2025 07:15;0
02/05/2025 07:30;0
02/05/2025 07:45;0
02/05/2025 08:00;0
02/05/2025 08:15;0
02/05/2025 08:30;0
02/05/2025 08:45;0
02/05/2025 09:00;0
02/05/2025 09:15;0
02/05/2025 09:30;0
02/05/2025 09:45;0
02/05/2025 10:00;0
02/05/2025 10:15;0
02/05/2025 10:30;0
02/05/2025 10:45;0
02/05/2025 11:00;0
02/05/2025 11:15;3.2
02/05/2025 11:30;11.8
02/05/2025 11:45;0.2
02/05/2025 12:00;0.1
02/05/2025 12:15;0
02/05/2025 12:30;0
02/05/2025 12:45;0
02/05/2025 13:00;0
02/05/2025 13:15;0
02/05/2025 13:30;0
02/05/2025 13:45;0
02/05/2025 14:00;0
02/05/2025 14:15;0
02/05/2025 14:30;0
02/05/2025 14:45;0
02/05/2025 15:00;0
02/05/2025 15:15;0.5
02/05/2025 15:30;1.8
02/05/2025 15:45;6.6
02/05/2025 16:00;3.4
02/05/2025 16:15;3.5
02/05/2025 16:30;0
02/05/2025 16:45;0
02/05/2025 17:00;0.1
02/05/2025 17:15;0.1
02/05/2025 17:30;0.1
02/05/2025 17:45;0.1
02/05/2025 18:00;0.3
02/05/2025 18:15;0.1
02/05/2025 18:30;0
02/05/2025 18:45;0
02/05/2025 19:00;0
02/05/2025 19:15;0
02/05/2025 19:30;0
02/05/2025 19:45;0
02/05/2025 20:00;0
02/05/2025 20:15;0
02/05/2025 20:30;0
02/05/2025 20:45;0
02/05/2025 21:00;0
02/05/2025 21:15;0
02/05/2025 21:30;0
02/05/2025 21:45;0
02/05/2025 22:00;0
02/05/2025 22:15;0
02/05/2025 22:30;0
02/05/2025 22:45;0
02/05/2025 23:00;0
02/05/2025 23:15;0
02/05/2025 23:30;0
02/05/2025 23:45;0
03/05/2025 00:00;0
03/05/2025 00:15;0
03/05/2025 00:30;0
03/05/2025 00:45;0
03/05/2025 01:00;0
03/05/2025 01:15;0
03/05/2025 01:30;0
03/05/2025 01:45;0
03/05/2025 02:00;0
03/05/2025 02:15;0
03/05/2025 02:30;0
03/05/2025 02:45;0
03/05/2025 03:00;0
03/05/2025 03:15;0
03/05/2025 03:30;0
03/05/2025 03:45;0
03/05/2025 04:00;0
03/05/2025 04:15;0
03/05/2025 04:30;0
03/05/2025 04:45;0
03/05/2025 05:00;0
03/05/2025 05:15;0
03/05/2025 05:30;0
03/05/2025 05:45;0
03/05/2025 06:00;0
03/05/2025 06:15;0
03/05/2025 06:30;0
03/05/2025 06:45;0
03/05/2025 07:00;0
03/05/2025 07:15;0
03/05/2025 07:30;0
03/05/2025 07:45;0
03/05/2025 08:00;0
03/05/2025 08:15;0
03/05/2025 08:30;0
03/05/2025 08:45;0
03/05/2025 09:00;0
03/05/2025 09:15;0
03/05/2025 09:30;0
03/05/2025 09:45;0
03/05/2025 10:00;0
03/05/2025 10:15;0
03/05/2025 10:30;0
03/05/2025 10:45;0
03/05/2025 11:00;0
03/05/2025 11:15;0
03/05/2025 11:30;0
03/05/2025 11:45;0
03/05/2025 12:00;0
03/05/2025 12:15;0
03/05/2025 12:30;0
03/05/2025 12:45;0
03/05/2025 13:00;0
03/05/2025 13:15;0
03/05/2025 13:30;0
03/05/2025 13:45;0
03/05/2025 14:00;0
03/05/2025 14:15;0
03/05/2025 14:30;0
03/05/2025 14:45;0
03/05/2025 15:00;0
03/05/2025 15:15;0
03/05/2025 15:30;0
03/05/2025 15:45;0
03/05/2025 16:00;0
03/05/2025 16:15;0
03/05/2025 16:30;0
03/05/2025 16:45;0
03/05/2025 17:00;0
03/05/2025 17:15;0
03/05/2025 17:30;0
03/05/2025 17:45;0
03/05/2025 18:00;0
03/05/2025 18:15;0
03/05/2025 18:30;0
03/05/2025 18:45;0
03/05/2025 19:00;0
03/05/2025 19:15;0
03/05/2025 19:30;0
03/05/2025 19:45;0
03/05/2025 20:00;0
03/05/2025 20:15;0
03/05/2025 20:30;0
03/05/2025 20:45;0
03/05/2025 21:00;0
03/05/2025 21:15;0
03/05/2025 21:30;0
03/05/2025 21:45;0
03/05/2025 22:00;0
03/05/2025 22:15;0
03/05/2025 22:30;0
03/05/2025 22:45;0
03/05/2025 23:00;0
03/05/2025 23:15;0
03/05/2025 23:30;0
03/05/2025 23:45;0
04/05/2025 00:00;0
04/05/2025 00:15;0
04/05/2025 00:30;0
04/05/2025 00:45;0
04/05/2025 01:00;0
04/05/2025 01:15;0
04/05/2025 01:30;0
04/05/2025 01:45;0
04/05/2025 02:00;0
04/05/2025 02:15;0
04/05/2025 02:30;0
04/05/2025 02:45;0
04/05/2025 03:00;0
04/05/2025 03:15;0
04/05/2025 03:30;0
04/05/2025 03:45;0
04/05/2025 04:00;0
04/05/2025 04:15;0
04/05/2025 04:30;0
04/05/2025 04:45;0
04/05/2025 05:00;0
04/05/2025 05:15;0
04/05/2025 05:30;0
04/05/2025 05:45;0
04/05/2025 06:00;0
04/05/2025 06:15;0
04/05/2025 06:30;0
04/05/2025 06:45;0
04/05/2025 07:00;0
04/05/2025 07:15;0
04/05/2025 07:30;0
04/05/2025 07:45;0
04/05/2025 08:00;0
04/05/2025 08:15;0
04/05/2025 08:30;0
04/05/2025 08:45;0
04/05/2025 09:00;0
04/05/2025 09:15;0
04/05/2025 09:30;0
04/05/2025 09:45;0
04/05/2025 10:00;0
04/05/2025 10:15;0
04/05/2025 10:30;0
04/05/2025 10:45;0
04/05/2025 11:00;0
04/05/2025 11:15;0
04/05/2025 11:30;0
04/05/2025 11:45;0
04/05/2025 12:00;0
04/05/2025 12:15;0
04/05/2025 12:30;0
04/05/2025 12:45;0
04/05/2025 13:00;0
04/05/2025 13:15;0
04/05/2025 13:30;0
04/05/2025 13:45;0
04/05/2025 14:00;0
04/05/2025 14:15;0
04/05/2025 14:30;0
04/05/2025 14:45;0
04/05/2025 15:00;0
04/05/2025 15:15;0
04/05/2025 15:30;0
04/05/2025 15:45;0
04/05/2025 16:00;0
04/05/2025 16:15;0
04/05/2025 16:30;0
04/05/2025 16:45;0
04/05/2025 17:00;0
04/05/2025 17:15;0
04/05/2025 17:30;0
04/05/2025 17:45;0
04/05/2025 18:00;0
04/05/2025 18:15;0
04/05/2025 18:30;0
04/05/2025 18:45;0
04/05/2025 19:00;0
04/05/2025 19:15;0
04/05/2025 19:30;0
04/05/2025 19:45;0
04/05/2025 20:00;0
04/05/2025 20:15;0
04/05/2025 20:30;0
04/05/2025 20:45;0
04/05/2025 21:00;0
04/05/2025 21:15;0
04/05/2025 21:30;0
04/05/2025 21:45;0
04/05/2025 22:00;0
04/05/2025 22:15;0
04/05/2025 22:30;0
04/05/2025 22:45;0
04/05/2025 23:00;0
04/05/2025 23:15;0
04/05/2025 23:30;0
04/05/2025 23:45;0
05/05/2025 00:00;0
05/05/2025 00:15;0
05/05/2025 00:30;0
05/05/2025 00:45;0
05/05/2025 01:00;0
05/05/2025 01:15;0
05/05/2025 01:30;0
05/05/2025 01:45;0
05/05/2025 02:00;0
05/05/2025 02:15;0
05/05/2025 02:30;0
05/05/2025 02:45;0
05/05/2025 03:00;0
05/05/2025 03:15;0
05/05/2025 03:30;0
05/05/2025 03:45;0
05/05/2025 04:00;0
05/05/2025 04:15;0
05/05/2025 04:30;0
05/05/2025 04:45;0
05/05/2025 05:00;0
05/05/2025 05:15;0
05/05/2025 05:30;0
05/05/2025 05:45;0
05/05/2025 06:00;0
05/05/2025 06:15;0
05/05/2025 06:30;0
05/05/2025 06:45;0
05/05/2025 07:00;0
05/05/2025 07:15;0
05/05/2025 07:30;0
05/05/2025 07:45;0
05/05/2025 08:00;0
05/05/2025 08:15;0
05/05/2025 08:30;0
05/05/2025 08:45;0
05/05/2025 09:00;0
05/05/2025 09:15;0
05/05/2025 09:30;0
05/05/2025 09:45;0
05/05/2025 10:00;0
05/05/2025 10:15;0
05/05/2025 10:30;0
05/05/2025 10:45;0
05/05/2025 11:00;0
05/05/2025 11:15;0
05/05/2025 11:30;0
05/05/2025 11:45;0
05/05/2025 12:00;0
05/05/2025 12:15;0
05/05/2025 12:30;0
05/05/2025 12:45;0
05/05/2025 13:00;0
05/05/2025 13:15;0
05/05/2025 13:30;0
05/05/2025 13:45;0
05/05/2025 14:00;0
05/05/2025 14:15;0
05/05/2025 14:30;0
05/05/2025 14:45;0
05/05/2025 15:00;0
05/05/2025 15:15;0
05/05/2025 15:30;0
05/05/2025 15:45;0
05/05/2025 16:00;0
05/05/2025 16:15;0
05/05/2025 16:30;0
05/05/2025 16:45;0
05/05/2025 17:00;0
05/05/2025 17:15;0
05/05/2025 17:30;0
05/05/2025 17:45;0
05/05/2025 18:00;0
05/05/2025 18:15;0
05/05/2025 18:30;0
05/05/2025 18:45;0
05/05/2025 19:00;0
05/05/2025 19:15;0
05/05/2025 19:30;0
05/05/2025 19:45;0
05/05/2025 20:00;0
05/05/2025 20:15;0
05/05/2025 20:30;0
05/05/2025 20:45;0
05/05/2025 21:00;0
05/05/2025 21:15;0
05/05/2025 21:30;0
05/05/2025 21:45;0
05/05/2025 22:00;0
05/05/2025 22:15;0
05/05/2025 22:30;0
05/05/2025 22:45;0
05/05/2025 23:00;0
05/05/2025 23:15;0
05/05/2025 23:30;0
05/05/2025 23:45;0
06/05/2025 00:00;0
06/05/2025 00:15;0
06/05/2025 00:30;0
06/05/2025 00:45;0
06/05/2025 01:00;0
06/05/2025 01:15;0
06/05/2025 01:30;0
06/05/2025 01:45;0
06/05/2025 02:00;0
06/05/2025 02:15;0
06/05/2025 02:30;0
06/05/2025 02:45;0
06/05/2025 03:00;0
06/05/2025 03:15;0
06/05/2025 03:30;0
06/05/2025 03:45;0
06/05/2025 04:00;0
06/05/2025 04:15;0
06/05/2025 04:30;0
06/05/2025 04:45;0
06/05/2025 05:00;0
06/05/2025 05:15;0
06/05/2025 05:30;0
06/05/2025 05:45;0
06/05/2025 06:00;0
06/05/2025 06:15;0
06/05/2025 06:30;0
06/05/2025 06:45;0
06/05/2025 07:00;0
06/05/2025 07:15;0
06/05/2025 07:30;0
06/05/2025 07:45;0
06/05/2025 08:00;0
06/05/2025 08:15;0
06/05/2025 08:30;0
06/05/2025 08:45;0
06/05/2025 09:00;0
06/05/2025 09:15;0
06/05/2025 09:30;0
06/05/2025 09:45;0
06/05/2025 10:00;0
06/05/2025 10:15;0
06/05/2025 10:30;0
06/05/2025 10:45;0
06/05/2025 11:00;0
06/05/2025 11:15;0
06/05/2025 11:30;0
06/05/2025 11:45;0
06/05/2025 12:00;0
06/05/2025 12:15;0
06/05/2025 12:30;0
06/05/2025 12:45;0
06/05/2025 13:00;0
06/05/2025 13:15;0
06/05/2025 13:30;0
06/05/2025 13:45;0
06/05/2025 14:00;0
06/05/2025 14:15;0
06/05/2025 14:30;0
06/05/2025 14:45;0
06/05/2025 15:00;0
06/05/2025 15:15;0
06/05/2025 15:30;0
06/05/2025 15:45;0
06/05/2025 16:00;0
06/05/2025 16:15;0
06/05/2025 16:30;0
06/05/2025 16:45;0
06/05/2025 17:00;0
06/05/2025 17:15;0
06/05/2025 17:30;0
06/05/2025 17:45;0
06/05/2025 18:00;0
06/05/2025 18:15;0
06/05/2025 18:30;0
06/05/2025 18:45;0
06/05/2025 19:00;0
06/05/2025 19:15;0
06/05/2025 19:30;0
06/05/2025 19:45;0
06/05/2025 20:00;0
06/05/2025 20:15;0
06/05/2025 20:30;0
06/05/2025 20:45;0
06/05/2025 21:00;0
06/05/2025 21:15;0
06/05/2025 21:30;0
06/05/2025 21:45;0
06/05/2025 22:00;0
06/05/2025 22:15;0
06/05/2025 22:30;0
06/05/2025 22:45;0
06/05/2025 23:00;0
06/05/2025 23:15;0
06/05/2025 23:30;0
06/05/2025 23:45;0
07/05/2025 00:00;0
07/05/2025 00:15;0
07/05/2025 00:30;0
07/05/2025 00:45;0
07/05/2025 01:00;0
07/05/2025 01:15;0
07/05/2025 01:30;0
07/05/2025 01:45;0
07/05/2025 02:00;0
07/05/2025 02:15;0
07/05/2025 02:30;0
07/05/2025 02:45;0
07/05/2025 03:00;0
07/05/2025 03:15;0
07/05/2025 03:30;0
07/05/2025 03:45;0
07/05/2025 04:00;0
07/05/2025 04:15;0
07/05/2025 04:30;0
07/05/2025 04:45;0
07/05/2025 05:00;0
07/05/2025 05:15;0
07/05/2025 05:30;0
07/05/2025 05:45;0
07/05/2025 06:00;0
07/05/2025 06:15;0
07/05/2025 06:30;0
07/05/2025 06:45;0
07/05/2025 07:00;0
07/05/2025 07:15;0
07/05/2025 07:30;0
07/05/2025 07:45;0
07/05/2025 08:00;0
07/05/2025 08:15;0
07/05/2025 08:30;0
07/05/2025 08:45;0
07/05/2025 09:00;0
07/05/2025 09:15;0
07/05/2025 09:30;0
07/05/2025 09:45;0
07/05/2025 10:00;0
07/05/2025 10:15;0
07/05/2025 10:30;0
07/05/2025 10:45;0
07/05/2025 11:00;0
07/05/2025 11:15;0
07/05/2025 11:30;0
07/05/2025 11:45;0
07/05/2025 12:00;0
07/05/2025 12:15;0
07/05/2025 12:30;0
07/05/2025 12:45;0
07/05/2025 13:00;0
07/05/2025 13:15;0
07/05/2025 13:30;0
07/05/2025 13:45;0
07/05/2025 14:00;0
07/05/2025 14:15;0
07/05/2025 14:30;0
07/05/2025 14:45;0
07/05/2025 15:00;0
07/05/2025 15:15;0
07/05/2025 15:30;0
07/05/2025 15:45;0
07/05/2025 16:00;0
07/05/2025 16:15;0
07/05/2025 16:30;0
07/05/2025 16:45;0
07/05/2025 17:00;0
07/05/2025 17:15;0
07/05/2025 17:30;0
07/05/2025 17:45;0
07/05/2025 18:00;0
07/05/2025 18:15;0
07/05/2025 18:30;0
07/05/2025 18:45;0
07/05/2025 19:00;0
07/05/2025 19:15;0
07/05/2025 19:30;0
07/05/2025 19:45;0
07/05/2025 20:00;0
07/05/2025 20:15;0
07/05/2025 20:30;0
07/05/2025 20:45;0
07/05/2025 21:00;0
07/05/2025 21:15;0
07/05/2025 21:30;0
07/05/2025 21:45;0
07/05/2025 22:00;0
07/05/2025 22:15;0
07/05/2025 22:30;0
07/05/2025 22:45;0
07/05/2025 23:00;0
07/05/2025 23:15;0
07/05/2025 23:30;0
07/05/2025 23:45;0
08/05/2025 00:00;0
08/05/2025 00:15;0
08/05/2025 00:30;0
08/05/2025 00:45;0
08/05/2025 01:00;0
08/05/2025 01:15;0
08/05/2025 01:30;0
08/05/2025 01:45;0
08/05/2025 02:00;0
08/05/2025 02:15;0
08/05/2025 02:30;0
08/05/2025 02:45;0
08/05/2025 03:00;0
08/05/2025 03:15;0
08/05/2025 03:30;0
08/05/2025 03:45;0
08/05/2025 04:00;0
08/05/2025 04:15;0
08/05/2025 04:30;0
08/05/2025 04:45;0
08/05/2025 05:00;0
08/05/2025 05:15;0
08/05/2025 05:30;0
08/05/2025 05:45;0
08/05/2025 06:00;0
08/05/2025 06:15;0
08/05/2025 06:30;0
08/05/2025 06:45;0
08/05/2025 07:00;0
08/05/2025 07:15;0
08/05/2025 07:30;0
08/05/2025 07:45;0
08/05/2025 08:00;0.1
08/05/2025 08:15;0
08/05/2025 08:30;0
08/05/2025 08:45;0
08/05/2025 09:00;0
08/05/2025 09:15;0
08/05/2025 09:30;0
08/05/2025 09:45;0
08/05/2025 10:00;0
08/05/2025 10:15;0
08/05/2025 10:30;0
08/05/2025 10:45;0
08/05/2025 11:00;0
08/05/2025 11:15;0
08/05/2025 11:30;0
08/05/2025 11:45;0
08/05/2025 12:00;0
08/05/2025 12:15;0
08/05/2025 12:30;0
08/05/2025 12:45;0
08/05/2025 13:00;0
08/05/2025 13:15;0
08/05/2025 13:30;0
08/05/2025 13:45;0
08/05/2025 14:00;0
08/05/2025 14:15;0
08/05/2025 14:30;0
08/05/2025 14:45;0
08/05/2025 15:00;0
08/05/2025 15:15;0
08/05/2025 15:30;0
08/05/2025 15:45;0
08/05/2025 16:00;0
08/05/2025 16:15;0
08/05/2025 16:30;0
08/05/2025 16:45;0
08/05/2025 17:00;0
08/05/2025 17:15;0
08/05/2025 17:30;0
08/05/2025 17:45;0
08/05/2025 18:00;0
08/05/2025 18:15;0
08/05/2025 18:30;0
08/05/2025 18:45;0
08/05/2025 19:00;0
08/05/2025 19:15;0
08/05/2025 19:30;0
08/05/2025 19:45;0
08/05/2025 20:00;0
08/05/2025 20:15;0
08/05/2025 20:30;0
08/05/2025 20:45;0
08/05/2025 21:00;0
08/05/2025 21:15;0
08/05/2025 21:30;0
08/05/2025 21:45;0
08/05/2025 22:00;0
08/05/2025 22:15;0
08/05/2025 22:30;0
08/05/2025 22:45;0
08/05/2025 23:00;0
08/05/2025 23:15;0
08/05/2025 23:30;0
08/05/2025 23:45;0
09/05/2025 00:00;0
09/05/2025 00:15;0
09/05/2025 00:30;0
09/05/2025 00:45;0
09/05/2025 01:00;0
09/05/2025 01:15;0
09/05/2025 01:30;0
09/05/2025 01:45;0
09/05/2025 02:00;0
09/05/2025 02:15;0
09/05/2025 02:30;0
09/05/2025 02:45;0
09/05/2025 03:00;0
09/05/2025 03:15;0
09/05/2025 03:30;0
09/05/2025 03:45;0
09/05/2025 04:00;0
09/05/2025 04:15;0
09/05/2025 04:30;0
09/05/2025 04:45;0
09/05/2025 05:00;0
09/05/2025 05:15;0
09/05/2025 05:30;0
09/05/2025 05:45;0
09/05/2025 06:00;0
09/05/2025 06:15;0
09/05/2025 06:30;0
09/05/2025 06:45;0
09/05/2025 07:00;0
09/05/2025 07:15;0
09/05/2025 07:30;0
09/05/2025 07:45;0
09/05/2025 08:00;0
09/05/2025 08:15;0
09/05/2025 08:30;0
09/05/2025 08:45;0
09/05/2025 09:00;0
09/05/2025 09:15;0
09/05/2025 09:30;0
09/05/2025 09:45;0
09/05/2025 10:00;0
09/05/2025 10:15;0
09/05/2025 10:30;0
09/05/2025 10:45;0
09/05/2025 11:00;0
09/05/2025 11:15;0
09/05/2025 11:30;0
09/05/2025 11:45;0
09/05/2025 12:00;0
09/05/2025 12:15;0
09/05/2025 12:30;0
09/05/2025 12:45;0
09/05/2025 13:00;0
09/05/2025 13:15;0
09/05/2025 13:30;0
09/05/2025 13:45;0
09/05/2025 14:00;0
09/05/2025 14:15;0.1
09/05/2025 14:30;0.3
09/05/2025 14:45;0
09/05/2025 15:00;0
09/05/2025 15:15;0
09/05/2025 15:30;0.4
09/05/2025 15:45;1.3
09/05/2025 16:00;0
09/05/2025 16:15;0
09/05/2025 16:30;0
09/05/2025 16:45;0
09/05/2025 17:00;0
09/05/2025 17:15;0
09/05/2025 17:30;0
09/05/2025 17:45;0
09/05/2025 18:00;0
09/05/2025 18:15;0
09/05/2025 18:30;0
09/05/2025 18:45;0
09/05/2025 19:00;0.2
09/05/2025 19:15;0
09/05/2025 19:30;0
09/05/2025 19:45;0
09/05/2025 20:00;0
09/05/2025 20:15;0
09/05/2025 20:30;0
09/05/2025 20:45;0
09/05/2025 21:00;0.6
09/05/2025 21:15;0.1
09/05/2025 21:30;0
09/05/2025 21:45;0
09/05/2025 22:00;0
09/05/2025 22:15;0
09/05/2025 22:30;0
09/05/2025 22:45;0
09/05/2025 23:00;0.3
09/05/2025 23:15;0.8
09/05/2025 23:30;0
09/05/2025 23:45;0
10/05/2025 00:00;0
10/05/2025 00:15;0
10/05/2025 00:30;0
10/05/2025 00:45;0
10/05/2025 01:00;0
10/05/2025 01:15;0
10/05/2025 01:30;0
10/05/2025 01:45;0
10/05/2025 02:00;0
10/05/2025 02:15;0
10/05/2025 02:30;0
10/05/2025 02:45;0
10/05/2025 03:00;0
10/05/2025 03:15;0
10/05/2025 03:30;0
10/05/2025 03:45;0
10/05/2025 04:00;0
10/05/2025 04:15;0
10/05/2025 04:30;0
10/05/2025 04:45;0
10/05/2025 05:00;0
10/05/2025 05:15;0
10/05/2025 05:30;0
10/05/2025 05:45;0
10/05/2025 06:00;0
10/05/2025 06:15;0
10/05/2025 06:30;0
10/05/2025 06:45;0
10/05/2025 07:00;0
10/05/2025 07:15;0
10/05/2025 07:30;0
10/05/2025 07:45;0
10/05/2025 08:00;0.2
10/05/2025 08:15;0.3
10/05/2025 08:30;0
10/05/2025 08:45;0
10/05/2025 09:00;0
10/05/2025 09:15;0
10/05/2025 09:30;0
10/05/2025 09:45;0
10/05/2025 10:00;0
10/05/2025 10:15;0
10/05/2025 10:30;0
10/05/2025 10:45;0
10/05/2025 11:00;0
10/05/2025 11:15;0
10/05/2025 11:30;0.1
10/05/2025 11:45;0.4
10/05/2025 12:00;0.8
10/05/2025 12:15;1.2
10/05/2025 12:30;2
10/05/2025 12:45;0.1
10/05/2025 13:00;0.1
10/05/2025 13:15;0
10/05/2025 13:30;0
10/05/2025 13:45;0
10/05/2025 14:00;2.2
10/05/2025 14:15;0.1
10/05/2025 14:30;0.1
10/05/2025 14:45;0.5
10/05/2025 15:00;2.6
10/05/2025 15:15;1.3
10/05/2025 15:30;2
10/05/2025 15:45;1.4
10/05/2025 16:00;2.4
10/05/2025 16:15;5.2
10/05/2025 16:30;1.9
10/05/2025 16:45;0.3
10/05/2025 17:00;0.1
10/05/2025 17:15;0
10/05/2025 17:30;0
10/05/2025 17:45;0
10/05/2025 18:00;0
10/05/2025 18:15;0
10/05/2025 18:30;0
10/05/2025 18:45;0
10/05/2025 19:00;0
10/05/2025 19:15;0.3
10/05/2025 19:30;0
10/05/2025 19:45;0
10/05/2025 20:00;0
10/05/2025 20:15;0
10/05/2025 20:30;0
10/05/2025 20:45;0
10/05/2025 21:00;0
10/05/2025 21:15;0
10/05/2025 21:30;0.1
10/05/2025 21:45;0.8
10/05/2025 22:00;10.9
10/05/2025 22:15;0.8
10/05/2025 22:30;0
10/05/2025 22:45;0
10/05/2025 23:00;0
10/05/2025 23:15;0
10/05/2025 23:30;1.9
10/05/2025 23:45;1.7
11/05/2025 00:00;0
11/05/2025 00:15;0
11/05/2025 00:30;0
11/05/2025 00:45;0
11/05/2025 01:00;0
11/05/2025 01:15;0
11/05/2025 01:30;0
11/05/2025 01:45;0
11/05/2025 02:00;0
11/05/2025 02:15;0
11/05/2025 02:30;0
11/05/2025 02:45;0
11/05/2025 03:00;0
11/05/2025 03:15;0
11/05/2025 03:30;0.1
11/05/2025 03:45;0
11/05/2025 04:00;0
11/05/2025 04:15;0
11/05/2025 04:30;0
11/05/2025 04:45;0
11/05/2025 05:00;0
11/05/2025 05:15;0
11/05/2025 05:30;0
11/05/2025 05:45;0
11/05/2025 06:00;0
11/05/2025 06:15;0
11/05/2025 06:30;0
11/05/2025 06:45;0
11/05/2025 07:00;0
11/05/2025 07:15;0
11/05/2025 07:30;0
11/05/2025 07:45;0
11/05/2025 08:00;0.3
11/05/2025 08:15;0.1
11/05/2025 08:30;0
11/05/2025 08:45;0
11/05/2025 09:00;0
11/05/2025 09:15;0
11/05/2025 09:30;0
11/05/2025 09:45;0
11/05/2025 10:00;0
11/05/2025 10:15;0
11/05/2025 10:30;0
11/05/2025 10:45;0
11/05/2025 11:00;0
11/05/2025 11:15;0
11/05/2025 11:30;0
11/05/2025 11:45;0
11/05/2025 12:00;0
11/05/2025 12:15;0
11/05/2025 12:30;0
11/05/2025 12:45;0
11/05/2025 13:00;0
11/05/2025 13:15;0
11/05/2025 13:30;0
11/05/2025 13:45;0
11/05/2025 14:00;0
11/05/2025 14:15;0
11/05/2025 14:30;0
11/05/2025 14:45;0
11/05/2025 15:00;0
11/05/2025 15:15;0
11/05/2025 15:30;0
11/05/2025 15:45;0
11/05/2025 16:00;0
11/05/2025 16:15;0
11/05/2025 16:30;0
11/05/2025 16:45;0
11/05/2025 17:00;0
11/05/2025 17:15;0
11/05/2025 17:30;0
11/05/2025 17:45;0
11/05/2025 18:00;0
11/05/2025 18:15;0
11/05/2025 18:30;0
11/05/2025 18:45;0
11/05/2025 19:00;0
11/05/2025 19:15;0
11/05/2025 19:30;0
11/05/2025 19:45;0
11/05/2025 20:00;0
11/05/2025 20:15;0
11/05/2025 20:30;0
11/05/2025 20:45;0
11/05/2025 21:00;0
11/05/2025 21:15;0
11/05/2025 21:30;0
11/05/2025 21:45;0
11/05/2025 22:00;0
11/05/2025 22:15;0
11/05/2025 22:30;0
11/05/2025 22:45;0
11/05/2025 23:00;0
11/05/2025 23:15;0
11/05/2025 23:30;0
11/05/2025 23:45;0
12/05/2025 00:00;0
12/05/2025 00:15;0
12/05/2025 00:30;0
12/05/2025 00:45;0
12/05/2025 01:00;0
12/05/2025 01:15;0
12/05/2025 01:30;0.1
12/05/2025 01:45;0
12/05/2025 02:00;0
12/05/2025 02:15;0
12/05/2025 02:30;0
12/05/2025 02:45;0
12/05/2025 03:00;0
12/05/2025 03:15;0
12/05/2025 03:30;0
12/05/2025 03:45;0
12/05/2025 04:00;0
12/05/2025 04:15;0
12/05/2025 04:30;0
12/05/2025 04:45;0
12/05/2025 05:00;0
12/05/2025 05:15;0
12/05/2025 05:30;0
12/05/2025 05:45;0
12/05/2025 06:00;0
12/05/2025 06:15;0
12/05/2025 06:30;0
12/05/2025 06:45;0
12/05/2025 07:00;0
12/05/2025 07:15;0
12/05/2025 07:30;0
12/05/2025 07:45;0
12/05/2025 08:00;0
12/05/2025 08:15;0
12/05/2025 08:30;0
12/05/2025 08:45;0
12/05/2025 09:00;0
12/05/2025 09:15;0
12/05/2025 09:30;0
12/05/2025 09:45;0
12/05/2025 10:00;0
12/05/2025 10:15;0
12/05/2025 10:30;0
12/05/2025 10:45;0
12/05/2025 11:00;0
12/05/2025 11:15;0
12/05/2025 11:30;0
12/05/2025 11:45;0
12/05/2025 12:00;0
12/05/2025 12:15;0
12/05/2025 12:30;0
12/05/2025 12:45;0
12/05/2025 13:00;0
12/05/2025 13:15;0
12/05/2025 13:30;0
12/05/2025 13:45;0
12/05/2025 14:00;0
12/05/2025 14:15;0
12/05/2025 14:30;0
12/05/2025 14:45;0
12/05/2025 15:00;0
12/05/2025 15:15;0
12/05/2025 15:30;0
12/05/2025 15:45;0
12/05/2025 16:00;0
12/05/2025 16:15;0
12/05/2025 16:30;0
12/05/2025 16:45;0
12/05/2025 17:00;0
12/05/2025 17:15;0
12/05/2025 17:30;0
12/05/2025 17:45;0
12/05/2025 18:00;0
12/05/2025 18:15;0
12/05/2025 18:30;0
12/05/2025 18:45;0
12/05/2025 19:00;0
12/05/2025 19:15;0
12/05/2025 19:30;0
12/05/2025 19:45;0
12/05/2025 20:00;0
12/05/2025 20:15;0
12/05/2025 20:30;0
12/05/2025 20:45;0
12/05/2025 21:00;0
12/05/2025 21:15;0
12/05/2025 21:30;0
12/05/2025 21:45;0
12/05/2025 22:00;0
12/05/2025 22:15;0
12/05/2025 22:30;0
12/05/2025 22:45;0
12/05/2025 23:00;0
12/05/2025 23:15;0
12/05/2025 23:30;0
12/05/2025 23:45;0
13/05/2025 00:00;0
13/05/2025 00:15;0
13/05/2025 00:30;0
13/05/2025 00:45;1.2
13/05/2025 01:00;1
13/05/2025 01:15;0.1
13/05/2025 01:30;0
13/05/2025 01:45;0
13/05/2025 02:00;0
13/05/2025 02:15;0
13/05/2025 02:30;0
13/05/2025 02:45;0.1
13/05/2025 03:00;0.1
13/05/2025 03:15;0.5
13/05/2025 03:30;0.5
13/05/2025 03:45;0
13/05/2025 04:00;0.2
13/05/2025 04:15;0
13/05/2025 04:30;0.1
13/05/2025 04:45;0
13/05/2025 05:00;0
13/05/2025 05:15;0
13/05/2025 05:30;0
13/05/2025 05:45;0
13/05/2025 06:00;0
13/05/2025 06:15;0
13/05/2025 06:30;0
13/05/2025 06:45;0.1
13/05/2025 07:00;0.1
13/05/2025 07:15;0
13/05/2025 07:30;0
13/05/2025 07:45;0
13/05/2025 08:00;0
13/05/2025 08:15;0
13/05/2025 08:30;0
13/05/2025 08:45;0.1
13/05/2025 09:00;0.1
13/05/2025 09:15;0
13/05/2025 09:30;0
13/05/2025 09:45;0
13/05/2025 10:00;0
13/05/2025 10:15;0
13/05/2025 10:30;0
13/05/2025 10:45;0
13/05/2025 11:00;0
13/05/2025 11:15;0
13/05/2025 11:30;0
13/05/2025 11:45;0
13/05/2025 12:00;0
13/05/2025 12:15;0
13/05/2025 12:30;0
13/05/2025 12:45;0
13/05/2025 13:00;0
13/05/2025 13:15;0
13/05/2025 13:30;0
13/05/2025 13:45;0
13/05/2025 14:00;0
13/05/2025 14:15;0
13/05/2025 14:30;0
13/05/2025 14:45;0
13/05/2025 15:00;0
13/05/2025 15:15;0
13/05/2025 15:30;0.1
13/05/2025 15:45;0
13/05/2025 16:00;0
13/05/2025 16:15;0
13/05/2025 16:30;0
13/05/2025 16:45;0
13/05/2025 17:00;0
13/05/2025 17:15;0
13/05/2025 17:30;0
13/05/2025 17:45;0
13/05/2025 18:00;0
13/05/2025 18:15;0
13/05/2025 18:30;0
13/05/2025 18:45;0
13/05/2025 19:00;0
13/05/2025 19:15;0
13/05/2025 19:30;0
13/05/2025 19:45;0
13/05/2025 20:00;0
13/05/2025 20:15;0
13/05/2025 20:30;0
13/05/2025 20:45;0
13/05/2025 21:00;0
13/05/2025 21:15;0
13/05/2025 21:30;0
13/05/2025 21:45;0
13/05/2025 22:00;0
13/05/2025 22:15;0
13/05/2025 22:30;0
13/05/2025 22:45;0
13/05/2025 23:00;6.1
13/05/2025 23:15;11.3
13/05/2025 23:30;0.5
13/05/2025 23:45;0
14/05/2025 00:00;0
14/05/2025 00:15;0
14/05/2025 00:30;0
14/05/2025 00:45;0
14/05/2025 01:00;0
14/05/2025 01:15;0
14/05/2025 01:30;0
14/05/2025 01:45;0
14/05/2025 02:00;0
14/05/2025 02:15;0
14/05/2025 02:30;0
14/05/2025 02:45;0
14/05/2025 03:00;0
14/05/2025 03:15;0
14/05/2025 03:30;0
14/05/2025 03:45;0
14/05/2025 04:00;0
14/05/2025 04:15;0
14/05/2025 04:30;0
14/05/2025 04:45;0
14/05/2025 05:00;0
14/05/2025 05:15;0
14/05/2025 05:30;0
14/05/2025 05:45;0
14/05/2025 06:00;0
14/05/2025 06:15;0
14/05/2025 06:30;0
14/05/2025 06:45;0
14/05/2025 07:00;0
14/05/2025 07:15;0
14/05/2025 07:30;0
14/05/2025 07:45;0
14/05/2025 08:00;0
14/05/2025 08:15;0
14/05/2025 08:30;0
14/05/2025 08:45;0
14/05/2025 09:00;0
14/05/2025 09:15;0
14/05/2025 09:30;0
14/05/2025 09:45;0
14/05/2025 10:00;0
14/05/2025 10:15;0
14/05/2025 10:30;0
14/05/2025 10:45;0
14/05/2025 11:00;0
14/05/2025 11:15;0
14/05/2025 11:30;0
14/05/2025 11:45;0
14/05/2025 12:00;0
14/05/2025 12:15;0
14/05/2025 12:30;0
14/05/2025 12:45;0
14/05/2025 13:00;0
14/05/2025 13:15;0
14/05/2025 13:30;0
14/05/2025 13:45;0
14/05/2025 14:00;0
14/05/2025 14:15;0
14/05/2025 14:30;0
14/05/2025 14:45;0
14/05/2025 15:00;0
14/05/2025 15:15;0
14/05/2025 15:30;0
14/05/2025 15:45;1.2
14/05/2025 16:00;0.5
14/05/2025 16:15;0
14/05/2025 16:30;1
14/05/2025 16:45;0.6
14/05/2025 17:00;0.1
14/05/2025 17:15;0
14/05/2025 17:30;0
14/05/2025 17:45;0
14/05/2025 18:00;0.1
14/05/2025 18:15;0
14/05/2025 18:30;0
14/05/2025 18:45;0
14/05/2025 19:00;0
14/05/2025 19:15;0
14/05/2025 19:30;0
14/05/2025 19:45;0
14/05/2025 20:00;0
14/05/2025 20:15;0
14/05/2025 20:30;0
14/05/2025 20:45;0
14/05/2025 21:00;0.3
14/05/2025 21:15;1
14/05/2025 21:30;1.8
14/05/2025 21:45;0.9
14/05/2025 22:00;0.4
14/05/2025 22:15;0.6
14/05/2025 22:30;1.9
14/05/2025 22:45;1.1
14/05/2025 23:00;0
14/05/2025 23:15;0
14/05/2025 23:30;0
14/05/2025 23:45;0.1
15/05/2025 00:00;0.1
15/05/2025 00:15;0.2
15/05/2025 00:30;0.1
15/05/2025 00:45;0
15/05/2025 01:00;0
15/05/2025 01:15;0
15/05/2025 01:30;0
15/05/2025 01:45;0
15/05/2025 02:00;0
15/05/2025 02:15;0
15/05/2025 02:30;0
15/05/2025 02:45;0
15/05/2025 03:00;0
15/05/2025 03:15;0
15/05/2025 03:30;0
15/05/2025 03:45;0
15/05/2025 04:00;0
15/05/2025 04:15;0
15/05/2025 04:30;0
15/05/2025 04:45;0
15/05/2025 05:00;0
15/05/2025 05:15;0
15/05/2025 05:30;0
15/05/2025 05:45;0
15/05/2025 06:00;0
15/05/2025 06:15;0
15/05/2025 06:30;0
15/05/2025 06:45;0
15/05/2025 07:00;0
15/05/2025 07:15;0
15/05/2025 07:30;0
15/05/2025 07:45;0
15/05/2025 08:00;0
15/05/2025 08:15;0
15/05/2025 08:30;0
15/05/2025 08:45;0
15/05/2025 09:00;0
15/05/2025 09:15;0
15/05/2025 09:30;0
15/05/2025 09:45;0
15/05/2025 10:00;0
15/05/2025 10:15;0
15/05/2025 10:30;0
15/05/2025 10:45;0
15/05/2025 11:00;0
15/05/2025 11:15;0
15/05/2025 11:30;0
15/05/2025 11:45;0.1
15/05/2025 12:00;0
15/05/2025 12:15;0
15/05/2025 12:30;0
15/05/2025 12:45;0
15/05/2025 13:00;0
15/05/2025 13:15;0
15/05/2025 13:30;0
15/05/2025 13:45;0
15/05/2025 14:00;0
15/05/2025 14:15;0
15/05/2025 14:30;0
15/05/2025 14:45;0
15/05/2025 15:00;0
15/05/2025 15:15;0
15/05/2025 15:30;0
15/05/2025 15:45;0
15/05/2025 16:00;0
15/05/2025 16:15;0
15/05/2025 16:30;0
15/05/2025 16:45;0
15/05/2025 17:00;0
15/05/2025 17:15;0
15/05/2025 17:30;0
15/05/2025 17:45;0
15/05/2025 18:00;0
15/05/2025 18:15;0
15/05/2025 18:30;0
15/05/2025 18:45;0
15/05/2025 19:00;0
15/05/2025 19:15;0
15/05/2025 19:30;0
15/05/2025 19:45;0
15/05/2025 20:00;0
15/05/2025 20:15;0
15/05/2025 20:30;0
15/05/2025 20:45;0
15/05/2025 21:00;0
15/05/2025 21:15;0
15/05/2025 21:30;0
15/05/2025 21:45;0
15/05/2025 22:00;0
15/05/2025 22:15;0
15/05/2025 22:30;0
15/05/2025 22:45;0
15/05/2025 23:00;0
15/05/2025 23:15;0
15/05/2025 23:30;0
15/05/2025 23:45;0
16/05/2025 00:00;0
16/05/2025 00:15;0
16/05/2025 00:30;0
16/05/2025 00:45;0
16/05/2025 01:00;0
16/05/2025 01:15;0
16/05/2025 01:30;0
16/05/2025 01:45;0
16/05/2025 02:00;0
16/05/2025 02:15;0
16/05/2025 02:30;0
16/05/2025 02:45;0
16/05/2025 03:00;0
16/05/2025 03:15;0
16/05/2025 03:30;0
16/05/2025 03:45;0
16/05/2025 04:00;0
16/05/2025 04:15;0
16/05/2025 04:30;0
16/05/2025 04:45;0
16/05/2025 05:00;0
16/05/2025 05:15;0
16/05/2025 05:30;0
16/05/2025 05:45;0
16/05/2025 06:00;0
16/05/2025 06:15;0
16/05/2025 06:30;0
16/05/2025 06:45;0
16/05/2025 07:00;0
16/05/2025 07:15;0
16/05/2025 07:30;0
16/05/2025 07:45;0
16/05/2025 08:00;0
16/05/2025 08:15;0
16/05/2025 08:30;0
16/05/2025 08:45;0
16/05/2025 09:00;0
16/05/2025 09:15;0
16/05/2025 09:30;0
16/05/2025 09:45;0
16/05/2025 10:00;0
16/05/2025 10:15;0
16/05/2025 10:30;0
16/05/2025 10:45;0
16/05/2025 11:00;0
16/05/2025 11:15;0
16/05/2025 11:30;0
16/05/2025 11:45;0
16/05/2025 12:00;0
16/05/2025 12:15;0
16/05/2025 12:30;0
16/05/2025 12:45;0
16/05/2025 13:00;0
16/05/2025 13:15;0
16/05/2025 13:30;0
16/05/2025 13:45;0
16/05/2025 14:00;0
16/05/2025 14:15;0
16/05/2025 14:30;0
16/05/2025 14:45;0
16/05/2025 15:00;0
16/05/2025 15:15;0
16/05/2025 15:30;0
16/05/2025 15:45;0
16/05/2025 16:00;0
16/05/2025 16:15;0
16/05/2025 16:30;0
16/05/2025 16:45;0
16/05/2025 17:00;0
16/05/2025 17:15;0
16/05/2025 17:30;0
16/05/2025 17:45;0
16/05/2025 18:00;0
16/05/2025 18:15;0
16/05/2025 18:30;0
16/05/2025 18:45;0
16/05/2025 19:00;0
16/05/2025 19:15;0
16/05/2025 19:30;0
16/05/2025 19:45;0
16/05/2025 20:00;0
16/05/2025 20:15;0
16/05/2025 20:30;0
16/05/2025 20:45;0
16/05/2025 21:00;0
16/05/2025 21:15;0
16/05/2025 21:30;0
16/05/2025 21:45;0
16/05/2025 22:00;0
16/05/2025 22:15;0
16/05/2025 22:30;0
16/05/2025 22:45;0
16/05/2025 23:00;0
16/05/2025 23:15;0
16/05/2025 23:30;0
16/05/2025 23:45;0
17/05/2025 00:00;0
17/05/2025 00:15;0
17/05/2025 00:30;0
17/05/2025 00:45;0
17/05/2025 01:00;0
17/05/2025 01:15;0
17/05/2025 01:30;0
17/05/2025 01:45;0
17/05/2025 02:00;0
17/05/2025 02:15;0
17/05/2025 02:30;0
17/05/2025 02:45;0
17/05/2025 03:00;0
17/05/2025 03:15;0
17/05/2025 03:30;0
17/05/2025 03:45;0
17/05/2025 04:00;0
17/05/2025 04:15;0
17/05/2025 04:30;0
17/05/2025 04:45;0
17/05/2025 05:00;0
17/05/2025 05:15;0
17/05/2025 05:30;0
17/05/2025 05:45;0
17/05/2025 06:00;0
17/05/2025 06:15;0
17/05/2025 06:30;0
17/05/2025 06:45;0
17/05/2025 07:00;0
17/05/2025 07:15;0
17/05/2025 07:30;0
17/05/2025 07:45;0
17/05/2025 08:00;0
17/05/2025 08:15;0
17/05/2025 08:30;0
17/05/2025 08:45;0
17/05/2025 09:00;0
17/05/2025 09:15;0
17/05/2025 09:30;0
17/05/2025 09:45;0
17/05/2025 10:00;0
17/05/2025 10:15;0
17/05/2025 10:30;0
17/05/2025 10:45;0
17/05/2025 11:00;0
17/05/2025 11:15;0
17/05/2025 11:30;0
17/05/2025 11:45;0
17/05/2025 12:00;0
17/05/2025 12:15;0
17/05/2025 12:30;0
17/05/2025 12:45;0
17/05/2025 13:00;0
17/05/2025 13:15;0
17/05/2025 13:30;0
17/05/2025 13:45;0
17/05/2025 14:00;0
17/05/2025 14:15;0
17/05/2025 14:30;0
17/05/2025 14:45;0
17/05/2025 15:00;0
17/05/2025 15:15;0
17/05/2025 15:30;0
17/05/2025 15:45;0
17/05/2025 16:00;0
17/05/2025 16:15;0
17/05/2025 16:30;0
17/05/2025 16:45;0
17/05/2025 17:00;0
17/05/2025 17:15;0
17/05/2025 17:30;0
17/05/2025 17:45;0
17/05/2025 18:00;0
17/05/2025 18:15;0
17/05/2025 18:30;0
17/05/2025 18:45;0
17/05/2025 19:00;0
17/05/2025 19:15;0
17/05/2025 19:30;0
17/05/2025 19:45;0
17/05/2025 20:00;0
17/05/2025 20:15;0
17/05/2025 20:30;0
17/05/2025 20:45;0
17/05/2025 21:00;0
17/05/2025 21:15;0
17/05/2025 21:30;0
17/05/2025 21:45;0
17/05/2025 22:00;0
17/05/2025 22:15;0
17/05/2025 22:30;0
17/05/2025 22:45;0
17/05/2025 23:00;0
17/05/2025 23:15;0
17/05/2025 23:30;0
17/05/2025 23:45;0
18/05/2025 00:00;0
18/05/2025 00:15;0
18/05/2025 00:30;0
18/05/2025 00:45;0
18/05/2025 01:00;0
18/05/2025 01:15;0
18/05/2025 01:30;0
18/05/2025 01:45;0
18/05/2025 02:00;0
18/05/2025 02:15;0
18/05/2025 02:30;0
18/05/2025 02:45;0
18/05/2025 03:00;0
18/05/2025 03:15;0
18/05/2025 03:30;0
18/05/2025 03:45;0
18/05/2025 04:00;0
18/05/2025 04:15;0
18/05/2025 04:30;0
18/05/2025 04:45;0
18/05/2025 05:00;0
18/05/2025 05:15;0
18/05/2025 05:30;0
18/05/2025 05:45;0
18/05/2025 06:00;0
18/05/2025 06:15;0
18/05/2025 06:30;0
18/05/2025 06:45;0
18/05/2025 07:00;0
18/05/2025 07:15;0
18/05/2025 07:30;0
18/05/2025 07:45;0
18/05/2025 08:00;0
18/05/2025 08:15;0
18/05/2025 08:30;0
18/05/2025 08:45;0
18/05/2025 09:00;0
18/05/2025 09:15;0
18/05/2025 09:30;0
18/05/2025 09:45;0
18/05/2025 10:00;0
18/05/2025 10:15;0
18/05/2025 10:30;0
18/05/2025 10:45;0
18/05/2025 11:00;0
18/05/2025 11:15;0
18/05/2025 11:30;0
18/05/2025 11:45;0
18/05/2025 12:00;0
18/05/2025 12:15;0
18/05/2025 12:30;0
18/05/2025 12:45;0
18/05/2025 13:00;0
18/05/2025 13:15;0
18/05/2025 13:30;0
18/05/2025 13:45;0
18/05/2025 14:00;0
18/05/2025 14:15;0
18/05/2025 14:30;0
18/05/2025 14:45;0
18/05/2025 15:00;0
18/05/2025 15:15;0
18/05/2025 15:30;0
18/05/2025 15:45;0
18/05/2025 16:00;0
18/05/2025 16:15;0
18/05/2025 16:30;0
18/05/2025 16:45;0
18/05/2025 17:00;0
18/05/2025 17:15;0
18/05/2025 17:30;0
18/05/2025 17:45;0
18/05/2025 18:00;0
18/05/2025 18:15;0
18/05/2025 18:30;0
18/05/2025 18:45;0
18/05/2025 19:00;0
18/05/2025 19:15;0
18/05/2025 19:30;0
18/05/2025 19:45;0
18/05/2025 20:00;0
18/05/2025 20:15;0
18/05/2025 20:30;0
18/05/2025 20:45;0
18/05/2025 21:00;0
18/05/2025 21:15;0
18/05/2025 21:30;0
18/05/2025 21:45;0
18/05/2025 22:00;0
18/05/2025 22:15;0
18/05/2025 22:30;0
18/05/2025 22:45;0
18/05/2025 23:00;0
18/05/2025 23:15;0
18/05/2025 23:30;0
18/05/2025 23:45;0
19/05/2025 00:00;0
19/05/2025 00:15;0
19/05/2025 00:30;0
19/05/2025 00:45;0
19/05/2025 01:00;0
19/05/2025 01:15;0
19/05/2025 01:30;0
19/05/2025 01:45;0
19/05/2025 02:00;0
19/05/2025 02:15;0
19/05/2025 02:30;0
19/05/2025 02:45;0
19/05/2025 03:00;0
19/05/2025 03:15;0
19/05/2025 03:30;0
19/05/2025 03:45;0
19/05/2025 04:00;0
19/05/2025 04:15;0
19/05/2025 04:30;0
19/05/2025 04:45;0
19/05/2025 05:00;0
19/05/2025 05:15;0
19/05/2025 05:30;0
19/05/2025 05:45;0
19/05/2025 06:00;0
19/05/2025 06:15;0
19/05/2025 06:30;0
19/05/2025 06:45;0
19/05/2025 07:00;0
19/05/2025 07:15;0
19/05/2025 07:30;0
19/05/2025 07:45;0
19/05/2025 08:00;0
19/05/2025 08:15;0
19/05/2025 08:30;0
19/05/2025 08:45;0
19/05/2025 09:00;0
19/05/2025 09:15;0
19/05/2025 09:30;0
19/05/2025 09:45;0
19/05/2025 10:00;0
19/05/2025 10:15;0
19/05/2025 10:30;0
19/05/2025 10:45;0
19/05/2025 11:00;0
19/05/2025 11:15;0
19/05/2025 11:30;0
19/05/2025 11:45;0
19/05/2025 12:00;0
19/05/2025 12:15;0
19/05/2025 12:30;0
19/05/2025 12:45;0
19/05/2025 13:00;0
19/05/2025 13:15;0
19/05/2025 13:30;0
19/05/2025 13:45;0
19/05/2025 14:00;0
19/05/2025 14:15;0
19/05/2025 14:30;0
19/05/2025 14:45;0
19/05/2025 15:00;0
19/05/2025 15:15;0.5
19/05/2025 15:30;0.8
19/05/2025 15:45;0.4
19/05/2025 16:00;1.9
19/05/2025 16:15;2.2
19/05/2025 16:30;0.7
19/05/2025 16:45;0.1
19/05/2025 17:00;0
19/05/2025 17:15;0
19/05/2025 17:30;0
19/05/2025 17:45;0
19/05/2025 18:00;0
19/05/2025 18:15;0
19/05/2025 18:30;0
19/05/2025 18:45;0
19/05/2025 19:00;0
19/05/2025 19:15;0
19/05/2025 19:30;0
19/05/2025 19:45;0
19/05/2025 20:00;0
19/05/2025 20:15;0
19/05/2025 20:30;0
19/05/2025 20:45;0
19/05/2025 21:00;0
19/05/2025 21:15;0
19/05/2025 21:30;0
19/05/2025 21:45;0
19/05/2025 22:00;0.1
19/05/2025 22:15;0
19/05/2025 22:30;0
19/05/2025 22:45;0
19/05/2025 23:00;0
19/05/2025 23:15;0
19/05/2025 23:30;0
19/05/2025 23:45;0
20/05/2025 00:00;0
20/05/2025 00:15;0
20/05/2025 00:30;0
20/05/2025 00:45;0
20/05/2025 01:00;0
20/05/2025 01:15;0
20/05/2025 01:30;0
20/05/2025 01:45;0
20/05/2025 02:00;0
20/05/2025 02:15;0
20/05/2025 02:30;0
20/05/2025 02:45;0
20/05/2025 03:00;0
20/05/2025 03:15;0
20/05/2025 03:30;0
20/05/2025 03:45;0
20/05/2025 04:00;0
20/05/2025 04:15;0
20/05/2025 04:30;0
20/05/2025 04:45;0
20/05/2025 05:00;0
20/05/2025 05:15;0
20/05/2025 05:30;0
20/05/2025 05:45;0
20/05/2025 06:00;0
20/05/2025 06:15;0
20/05/2025 06:30;0
20/05/2025 06:45;0
20/05/2025 07:00;0
20/05/2025 07:15;0
20/05/2025 07:30;0
20/05/2025 07:45;0
20/05/2025 08:00;0
20/05/2025 08:15;0
20/05/2025 08:30;0
20/05/2025 08:45;0
20/05/2025 09:00;0
20/05/2025 09:15;0
20/05/2025 09:30;0
20/05/2025 09:45;0
20/05/2025 10:00;0
20/05/2025 10:15;0
20/05/2025 10:30;0
20/05/2025 10:45;0
20/05/2025 11:00;0
20/05/2025 11:15;0
20/05/2025 11:30;0
20/05/2025 11:45;0
20/05/2025 12:00;0
20/05/2025 12:15;0
20/05/2025 12:30;0
20/05/2025 12:45;0
20/05/2025 13:00;0
20/05/2025 13:15;0
20/05/2025 13:30;0
20/05/2025 13:45;0
20/05/2025 14:00;0
20/05/2025 14:15;0
20/05/2025 14:30;0
20/05/2025 14:45;0
20/05/2025 15:00;0
20/05/2025 15:15;0
20/05/2025 15:30;0
20/05/2025 15:45;0
20/05/2025 16:00;0
20/05/2025 16:15;0
20/05/2025 16:30;0
20/05/2025 16:45;0
20/05/2025 17:00;0
20/05/2025 17:15;0
20/05/2025 17:30;0
20/05/2025 17:45;0
20/05/2025 18:00;0
20/05/2025 18:15;0
20/05/2025 18:30;0
20/05/2025 18:45;0
20/05/2025 19:00;0
20/05/2025 19:15;0
20/05/2025 19:30;0
20/05/2025 19:45;0
20/05/2025 20:00;0
20/05/2025 20:15;0
20/05/2025 20:30;0
20/05/2025 20:45;0
20/05/2025 21:00;0
20/05/2025 21:15;0
20/05/2025 21:30;0
20/05/2025 21:45;0
20/05/2025 22:00;0
20/05/2025 22:15;0
20/05/2025 22:30;0
20/05/2025 22:45;0
20/05/2025 23:00;0
20/05/2025 23:15;0
20/05/2025 23:30;0
20/05/2025 23:45;0
21/05/2025 00:00;0
21/05/2025 00:15;0
21/05/2025 00:30;0
21/05/2025 00:45;0
21/05/2025 01:00;0
21/05/2025 01:15;0
21/05/2025 01:30;0
21/05/2025 01:45;0
21/05/2025 02:00;0
21/05/2025 02:15;0
21/05/2025 02:30;0
21/05/2025 02:45;0
21/05/2025 03:00;0
21/05/2025 03:15;0
21/05/2025 03:30;0
21/05/2025 03:45;0
21/05/2025 04:00;0
21/05/2025 04:15;0
21/05/2025 04:30;0
21/05/2025 04:45;0
21/05/2025 05:00;0
21/05/2025 05:15;0
21/05/2025 05:30;0
21/05/2025 05:45;0
21/05/2025 06:00;0
21/05/2025 06:15;0
21/05/2025 06:30;0
21/05/2025 06:45;0
21/05/2025 07:00;0
21/05/2025 07:15;0
21/05/2025 07:30;0
21/05/2025 07:45;0
21/05/2025 08:00;0
21/05/2025 08:15;0
21/05/2025 08:30;0
21/05/2025 08:45;0
21/05/2025 09:00;0
21/05/2025 09:15;0
21/05/2025 09:30;0
21/05/2025 09:45;0
21/05/2025 10:00;0
21/05/2025 10:15;0
21/05/2025 10:30;0
21/05/2025 10:45;0
21/05/2025 11:00;0
21/05/2025 11:15;0
21/05/2025 11:30;0
21/05/2025 11:45;0
21/05/2025 12:00;0
21/05/2025 12:15;0
21/05/2025 12:30;0
21/05/2025 12:45;0
21/05/2025 13:00;0
21/05/2025 13:15;0
21/05/2025 13:30;0
21/05/2025 13:45;0
21/05/2025 14:00;0
21/05/2025 14:15;0
21/05/2025 14:30;0
21/05/2025 14:45;0
21/05/2025 15:00;0
21/05/2025 15:15;0
21/05/2025 15:30;0
21/05/2025 15:45;0
21/05/2025 16:00;0
21/05/2025 16:15;0
21/05/2025 16:30;0
21/05/2025 16:45;0
21/05/2025 17:00;0
21/05/2025 17:15;0
21/05/2025 17:30;0
21/05/2025 17:45;0
21/05/2025 18:00;0
21/05/2025 18:15;0
21/05/2025 18:30;0
21/05/2025 18:45;0
21/05/2025 19:00;0
21/05/2025 19:15;0
21/05/2025 19:30;0
21/05/2025 19:45;0
21/05/2025 20:00;0
21/05/2025 20:15;0
21/05/2025 20:30;0
21/05/2025 20:45;0
21/05/2025 21:00;0
21/05/2025 21:15;0
21/05/2025 21:30;0
21/05/2025 21:45;0
21/05/2025 22:00;0
21/05/2025 22:15;0
21/05/2025 22:30;0
21/05/2025 22:45;0
21/05/2025 23:00;0
21/05/2025 23:15;0
21/05/2025 23:30;0
21/05/2025 23:45;0.1
22/05/2025 00:00;0
22/05/2025 00:15;0
22/05/2025 00:30;0
22/05/2025 00:45;0
22/05/2025 01:00;0
22/05/2025 01:15;0
22/05/2025 01:30;0
22/05/2025 01:45;0
22/05/2025 02:00;0
22/05/2025 02:15;0
22/05/2025 02:30;0
22/05/2025 02:45;0
22/05/2025 03:00;0
22/05/2025 03:15;0
22/05/2025 03:30;0
22/05/2025 03:45;0
22/05/2025 04:00;0
22/05/2025 04:15;0
22/05/2025 04:30;0
22/05/2025 04:45;0
22/05/2025 05:00;0
22/05/2025 05:15;0
22/05/2025 05:30;0
22/05/2025 05:45;0
22/05/2025 06:00;0
22/05/2025 06:15;0
22/05/2025 06:30;0
22/05/2025 06:45;0
22/05/2025 07:00;0
22/05/2025 07:15;0
22/05/2025 07:30;0
22/05/2025 07:45;0
22/05/2025 08:00;0
22/05/2025 08:15;0
22/05/2025 08:30;0
22/05/2025 08:45;0
22/05/2025 09:00;0
22/05/2025 09:15;0
22/05/2025 09:30;0
22/05/2025 09:45;0
22/05/2025 10:00;0
22/05/2025 10:15;0
22/05/2025 10:30;0
22/05/2025 10:45;0
22/05/2025 11:00;0
22/05/2025 11:15;0
22/05/2025 11:30;0
22/05/2025 11:45;0
22/05/2025 12:00;0
22/05/2025 12:15;0
22/05/2025 12:30;0
22/05/2025 12:45;0
22/05/2025 13:00;0
22/05/2025 13:15;0
22/05/2025 13:30;0
22/05/2025 13:45;0
22/05/2025 14:00;0
22/05/2025 14:15;0
22/05/2025 14:30;0
22/05/2025 14:45;0
22/05/2025 15:00;0
22/05/2025 15:15;0
22/05/2025 15:30;0
22/05/2025 15:45;0
22/05/2025 16:00;0
22/05/2025 16:15;0
22/05/2025 16:30;0
22/05/2025 16:45;0
22/05/2025 17:00;0
22/05/2025 17:15;0
22/05/2025 17:30;0
22/05/2025 17:45;0
22/05/2025 18:00;0
22/05/2025 18:15;0
22/05/2025 18:30;0
22/05/2025 18:45;0
22/05/2025 19:00;0
22/05/2025 19:15;0
22/05/2025 19:30;0
22/05/2025 19:45;0
22/05/2025 20:00;0
22/05/2025 20:15;0
22/05/2025 20:30;0
22/05/2025 20:45;0
22/05/2025 21:00;0
22/05/2025 21:15;0
22/05/2025 21:30;0
22/05/2025 21:45;0
22/05/2025 22:00;0
22/05/2025 22:15;0
22/05/2025 22:30;0
22/05/2025 22:45;0
22/05/2025 23:00;0
22/05/2025 23:15;0
22/05/2025 23:30;0
22/05/2025 23:45;0
23/05/2025 00:00;0
23/05/2025 00:15;0
23/05/2025 00:30;0
23/05/2025 00:45;0
23/05/2025 01:00;0
23/05/2025 01:15;0
23/05/2025 01:30;0
23/05/2025 01:45;0
23/05/2025 02:00;0
23/05/2025 02:15;0
23/05/2025 02:30;0
23/05/2025 02:45;0
23/05/2025 03:00;0
23/05/2025 03:15;0
23/05/2025 03:30;0
23/05/2025 03:45;0
23/05/2025 04:00;0
23/05/2025 04:15;0
23/05/2025 04:30;0
23/05/2025 04:45;0
23/05/2025 05:00;0
23/05/2025 05:15;0
23/05/2025 05:30;0
23/05/2025 05:45;0
23/05/2025 06:00;0
23/05/2025 06:15;0
23/05/2025 06:30;0
23/05/2025 06:45;0
23/05/2025 07:00;0
23/05/2025 07:15;0
23/05/2025 07:30;0
23/05/2025 07:45;0
23/05/2025 08:00;0
23/05/2025 08:15;0
23/05/2025 08:30;0
23/05/2025 08:45;0
23/05/2025 09:00;0
23/05/2025 09:15;0
23/05/2025 09:30;0
23/05/2025 09:45;0
23/05/2025 10:00;0
23/05/2025 10:15;0
23/05/2025 10:30;0
23/05/2025 10:45;0
23/05/2025 11:00;0
23/05/2025 11:15;0
23/05/2025 11:30;0
23/05/2025 11:45;0
23/05/2025 12:00;0
23/05/2025 12:15;0
23/05/2025 12:30;0
23/05/2025 12:45;0
23/05/2025 13:00;0
23/05/2025 13:15;0
23/05/2025 13:30;0
23/05/2025 13:45;0
23/05/2025 14:00;0
23/05/2025 14:15;0
23/05/2025 14:30;0
23/05/2025 14:45;0
23/05/2025 15:00;0
23/05/2025 15:15;0
23/05/2025 15:30;0
23/05/2025 15:45;0
23/05/2025 16:00;0
23/05/2025 16:15;0
23/05/2025 16:30;0
23/05/2025 16:45;0
23/05/2025 17:00;0
23/05/2025 17:15;0
23/05/2025 17:30;0
23/05/2025 17:45;0
23/05/2025 18:00;0
23/05/2025 18:15;0
23/05/2025 18:30;0
23/05/2025 18:45;0
23/05/2025 19:00;0
23/05/2025 19:15;0
23/05/2025 19:30;0
23/05/2025 19:45;0
23/05/2025 20:00;0
23/05/2025 20:15;0
23/05/2025 20:30;0
23/05/2025 20:45;0
23/05/2025 21:00;0
23/05/2025 21:15;0
23/05/2025 21:30;0
23/05/2025 21:45;0
23/05/2025 22:00;0
23/05/2025 22:15;0
23/05/2025 22:30;0
23/05/2025 22:45;0
23/05/2025 23:00;0
23/05/2025 23:15;0
23/05/2025 23:30;0
23/05/2025 23:45;0
24/05/2025 00:00;0
24/05/2025 00:15;0
24/05/2025 00:30;0
24/05/2025 00:45;0
24/05/2025 01:00;0
24/05/2025 01:15;0
24/05/2025 01:30;0
24/05/2025 01:45;0
24/05/2025 02:00;0
24/05/2025 02:15;0
24/05/2025 02:30;0
24/05/2025 02:45;0
24/05/2025 03:00;0
24/05/2025 03:15;0
24/05/2025 03:30;0
24/05/2025 03:45;0
24/05/2025 04:00;0
24/05/2025 04:15;0
24/05/2025 04:30;0
24/05/2025 04:45;0
24/05/2025 05:00;0
24/05/2025 05:15;0
24/05/2025 05:30;0
24/05/2025 05:45;0
24/05/2025 06:00;0
24/05/2025 06:15;0
24/05/2025 06:30;0
24/05/2025 06:45;0
24/05/2025 07:00;0
24/05/2025 07:15;0
24/05/2025 07:30;0
24/05/2025 07:45;0
24/05/2025 08:00;0
24/05/2025 08:15;0
24/05/2025 08:30;0
24/05/2025 08:45;0
24/05/2025 09:00;0
24/05/2025 09:15;0
24/05/2025 09:30;0
24/05/2025 09:45;0
24/05/2025 10:00;0
24/05/2025 10:15;0
24/05/2025 10:30;0
24/05/2025 10:45;0
24/05/2025 11:00;0
24/05/2025 11:15;0
24/05/2025 11:30;0
24/05/2025 11:45;0
24/05/2025 12:00;0
24/05/2025 12:15;0
24/05/2025 12:30;0
24/05/2025 12:45;0
24/05/2025 13:00;0
24/05/2025 13:15;0
24/05/2025 13:30;0
24/05/2025 13:45;0
24/05/2025 14:00;0
24/05/2025 14:15;0
24/05/2025 14:30;0
24/05/2025 14:45;0
24/05/2025 15:00;0
24/05/2025 15:15;0
24/05/2025 15:30;0
24/05/2025 15:45;0
24/05/2025 16:00;0
24/05/2025 16:15;0
24/05/2025 16:30;0
24/05/2025 16:45;0
24/05/2025 17:00;0
24/05/2025 17:15;0
24/05/2025 17:30;0
24/05/2025 17:45;0
24/05/2025 18:00;0
24/05/2025 18:15;0
24/05/2025 18:30;0
24/05/2025 18:45;0
24/05/2025 19:00;0
24/05/2025 19:15;0
24/05/2025 19:30;0
24/05/2025 19:45;0
24/05/2025 20:00;0
24/05/2025 20:15;0
24/05/2025 20:30;0
24/05/2025 20:45;0
24/05/2025 21:00;0
24/05/2025 21:15;0
24/05/2025 21:30;0
24/05/2025 21:45;0
24/05/2025 22:00;0
24/05/2025 22:15;0
24/05/2025 22:30;0
24/05/2025 22:45;0
24/05/2025 23:00;0
24/05/2025 23:15;0
24/05/2025 23:30;0
24/05/2025 23:45;0
25/05/2025 00:00;0
25/05/2025 00:15;0
25/05/2025 00:30;0
25/05/2025 00:45;0
25/05/2025 01:00;0
25/05/2025 01:15;0
25/05/2025 01:30;0
25/05/2025 01:45;0
25/05/2025 02:00;0
25/05/2025 02:15;0
25/05/2025 02:30;0
25/05/2025 02:45;0
25/05/2025 03:00;0
25/05/2025 03:15;0
25/05/2025 03:30;0
25/05/2025 03:45;0
25/05/2025 04:00;0
25/05/2025 04:15;0
25/05/2025 04:30;0
25/05/2025 04:45;0
25/05/2025 05:00;0
25/05/2025 05:15;0
25/05/2025 05:30;0
25/05/2025 05:45;0
25/05/2025 06:00;0
25/05/2025 06:15;0
25/05/2025 06:30;0
25/05/2025 06:45;0
25/05/2025 07:00;0
25/05/2025 07:15;0
25/05/2025 07:30;0
25/05/2025 07:45;0
25/05/2025 08:00;0
25/05/2025 08:15;0
25/05/2025 08:30;0
25/05/2025 08:45;0
25/05/2025 09:00;0
25/05/2025 09:15;0
25/05/2025 09:30;0
25/05/2025 09:45;0
25/05/2025 10:00;0
25/05/2025 10:15;0
25/05/2025 10:30;0
25/05/2025 10:45;0
25/05/2025 11:00;0
25/05/2025 11:15;0
25/05/2025 11:30;0
25/05/2025 11:45;0
25/05/2025 12:00;0
25/05/2025 12:15;0
25/05/2025 12:30;0
25/05/2025 12:45;0
25/05/2025 13:00;0
25/05/2025 13:15;0
25/05/2025 13:30;0
25/05/2025 13:45;0
25/05/2025 14:00;0
25/05/2025 14:15;0
25/05/2025 14:30;0
25/05/2025 14:45;0
25/05/2025 15:00;0
25/05/2025 15:15;0
25/05/2025 15:30;0
25/05/2025 15:45;0
25/05/2025 16:00;0
25/05/2025 16:15;0
25/05/2025 16:30;0
25/05/2025 16:45;0
25/05/2025 17:00;0
25/05/2025 17:15;0
25/05/2025 17:30;0
25/05/2025 17:45;0
25/05/2025 18:00;0
25/05/2025 18:15;0
25/05/2025 18:30;0
25/05/2025 18:45;0
25/05/2025 19:00;0
25/05/2025 19:15;0
25/05/2025 19:30;0
25/05/2025 19:45;0
25/05/2025 20:00;0
25/05/2025 20:15;0
25/05/2025 20:30;0
25/05/2025 20:45;0
25/05/2025 21:00;0
25/05/2025 21:15;0
25/05/2025 21:30;0
25/05/2025 21:45;0
25/05/2025 22:00;0
25/05/2025 22:15;0
25/05/2025 22:30;0
25/05/2025 22:45;0
25/05/2025 23:00;0
25/05/2025 23:15;0
25/05/2025 23:30;0
25/05/2025 23:45;0
26/05/2025 00:00;0
26/05/2025 00:15;0
26/05/2025 00:30;0
26/05/2025 00:45;0
26/05/2025 01:00;0
26/05/2025 01:15;0
26/05/2025 01:30;0
26/05/2025 01:45;0
26/05/2025 02:00;0
26/05/2025 02:15;0
26/05/2025 02:30;0
26/05/2025 02:45;0
26/05/2025 03:00;0
26/05/2025 03:15;0
26/05/2025 03:30;0
26/05/2025 03:45;0
26/05/2025 04:00;0
26/05/2025 04:15;0
26/05/2025 04:30;0
26/05/2025 04:45;0
26/05/2025 05:00;0
26/05/2025 05:15;0
26/05/2025 05:30;0
26/05/2025 05:45;0
26/05/2025 06:00;0
26/05/2025 06:15;0
26/05/2025 06:30;0
26/05/2025 06:45;0
26/05/2025 07:00;0
26/05/2025 07:15;0
26/05/2025 07:30;0
26/05/2025 07:45;0
26/05/2025 08:00;0
26/05/2025 08:15;0
26/05/2025 08:30;0
26/05/2025 08:45;0
26/05/2025 09:00;0
26/05/2025 09:15;0
26/05/2025 09:30;0
26/05/2025 09:45;0
26/05/2025 10:00;0
26/05/2025 10:15;0
26/05/2025 10:30;0
26/05/2025 10:45;0
26/05/2025 11:00;0
26/05/2025 11:15;0
26/05/2025 11:30;0
26/05/2025 11:45;0
26/05/2025 12:00;0
26/05/2025 12:15;0
26/05/2025 12:30;0
26/05/2025 12:45;0
26/05/2025 13:00;0
26/05/2025 13:15;0
26/05/2025 13:30;0
26/05/2025 13:45;0
26/05/2025 14:00;0
26/05/2025 14:15;0
26/05/2025 14:30;0
26/05/2025 14:45;0
26/05/2025 15:00;0
26/05/2025 15:15;0
26/05/2025 15:30;0
26/05/2025 15:45;0
26/05/2025 16:00;0
26/05/2025 16:15;0
26/05/2025 16:30;0
26/05/2025 16:45;0
26/05/2025 17:00;0
26/05/2025 17:15;0
26/05/2025 17:30;0
26/05/2025 17:45;0
26/05/2025 18:00;0
26/05/2025 18:15;0
26/05/2025 18:30;0
26/05/2025 18:45;0
26/05/2025 19:00;0
26/05/2025 19:15;0
26/05/2025 19:30;0
26/05/2025 19:45;0
26/05/2025 20:00;0
26/05/2025 20:15;0
26/05/2025 20:30;0
26/05/2025 20:45;0
26/05/2025 21:00;0
26/05/2025 21:15;0
26/05/2025 21:30;0
26/05/2025 21:45;0
26/05/2025 22:00;0
26/05/2025 22:15;0
26/05/2025 22:30;0
26/05/2025 22:45;0
26/05/2025 23:00;0
26/05/2025 23:15;0
26/05/2025 23:30;0
26/05/2025 23:45;0
27/05/2025 00:00;0
27/05/2025 00:15;0
27/05/2025 00:30;0
27/05/2025 00:45;0
27/05/2025 01:00;0
27/05/2025 01:15;0
27/05/2025 01:30;0
27/05/2025 01:45;0
27/05/2025 02:00;0
27/05/2025 02:15;0
27/05/2025 02:30;0
27/05/2025 02:45;0
27/05/2025 03:00;0
27/05/2025 03:15;0
27/05/2025 03:30;0
27/05/2025 03:45;0
27/05/2025 04:00;0
27/05/2025 04:15;0
27/05/2025 04:30;0
27/05/2025 04:45;0
27/05/2025 05:00;0
27/05/2025 05:15;0
27/05/2025 05:30;0
27/05/2025 05:45;0
27/05/2025 06:00;0
27/05/2025 06:15;0
27/05/2025 06:30;0
27/05/2025 06:45;0
27/05/2025 07:00;0
27/05/2025 07:15;0
27/05/2025 07:30;0
27/05/2025 07:45;0
27/05/2025 08:00;0
27/05/2025 08:15;0
27/05/2025 08:30;0
27/05/2025 08:45;0
27/05/2025 09:00;0
27/05/2025 09:15;0
27/05/2025 09:30;0
27/05/2025 09:45;0
27/05/2025 10:00;0
27/05/2025 10:15;0
27/05/2025 10:30;0
27/05/2025 10:45;0
27/05/2025 11:00;0
27/05/2025 11:15;0
27/05/2025 11:30;0
27/05/2025 11:45;0
27/05/2025 12:00;0
27/05/2025 12:15;0
27/05/2025 12:30;0
27/05/2025 12:45;0
27/05/2025 13:00;0
27/05/2025 13:15;0
27/05/2025 13:30;0
27/05/2025 13:45;0
27/05/2025 14:00;0
27/05/2025 14:15;0
27/05/2025 14:30;0
27/05/2025 14:45;0
27/05/2025 15:00;0
27/05/2025 15:15;0
27/05/2025 15:30;0
27/05/2025 15:45;0
27/05/2025 16:00;0
27/05/2025 16:15;0
27/05/2025 16:30;0
27/05/2025 16:45;0
27/05/2025 17:00;0
27/05/2025 17:15;0
27/05/2025 17:30;0
27/05/2025 17:45;0
27/05/2025 18:00;0
27/05/2025 18:15;0
27/05/2025 18:30;0
27/05/2025 18:45;0
27/05/2025 19:00;0
27/05/2025 19:15;0
27/05/2025 19:30;0
27/05/2025 19:45;0
27/05/2025 20:00;0
27/05/2025 20:15;0
27/05/2025 20:30;0
27/05/2025 20:45;0
27/05/2025 21:00;0
27/05/2025 21:15;0
27/05/2025 21:30;0
27/05/2025 21:45;0
27/05/2025 22:00;0
27/05/2025 22:15;0
27/05/2025 22:30;0
27/05/2025 22:45;0
27/05/2025 23:00;0
27/05/2025 23:15;0
27/05/2025 23:30;0
27/05/2025 23:45;0
28/05/2025 00:00;0
28/05/2025 00:15;0
28/05/2025 00:30;0
28/05/2025 00:45;0
28/05/2025 01:00;0
28/05/2025 01:15;0
28/05/2025 01:30;0
28/05/2025 01:45;0
28/05/2025 02:00;0
28/05/2025 02:15;0
28/05/2025 02:30;0
28/05/2025 02:45;0
28/05/2025 03:00;0
28/05/2025 03:15;0
28/05/2025 03:30;0
28/05/2025 03:45;0
28/05/2025 04:00;0
28/05/2025 04:15;0
28/05/2025 04:30;0
28/05/2025 04:45;0
28/05/2025 05:00;0
28/05/2025 05:15;0
28/05/2025 05:30;0
28/05/2025 05:45;0
28/05/2025 06:00;0
28/05/2025 06:15;0
28/05/2025 06:30;0
28/05/2025 06:45;0
28/05/2025 07:00;0
28/05/2025 07:15;0
28/05/2025 07:30;0
28/05/2025 07:45;0
28/05/2025 08:00;0
28/05/2025 08:15;0
28/05/2025 08:30;0
28/05/2025 08:45;0
28/05/2025 09:00;0
28/05/2025 09:15;0
28/05/2025 09:30;0
28/05/2025 09:45;0
28/05/2025 10:00;0
28/05/2025 10:15;0
28/05/2025 10:30;0
28/05/2025 10:45;0
28/05/2025 11:00;0
28/05/2025 11:15;0
28/05/2025 11:30;0
28/05/2025 11:45;0
28/05/2025 12:00;0
28/05/2025 12:15;0
28/05/2025 12:30;0
28/05/2025 12:45;0
28/05/2025 13:00;0
28/05/2025 13:15;0
28/05/2025 13:30;0
28/05/2025 13:45;0
28/05/2025 14:00;0
28/05/2025 14:15;0
28/05/2025 14:30;0
28/05/2025 14:45;0
28/05/2025 15:00;0
28/05/2025 15:15;0
28/05/2025 15:30;0
28/05/2025 15:45;0
28/05/2025 16:00;0
28/05/2025 16:15;0
28/05/2025 16:30;0
28/05/2025 16:45;0
28/05/2025 17:00;0
28/05/2025 17:15;0
28/05/2025 17:30;0
28/05/2025 17:45;0
28/05/2025 18:00;0
28/05/2025 18:15;0
28/05/2025 18:30;0
28/05/2025 18:45;0
28/05/2025 19:00;0
28/05/2025 19:15;0
28/05/2025 19:30;0
28/05/2025 19:45;0
28/05/2025 20:00;0
28/05/2025 20:15;0
28/05/2025 20:30;0
28/05/2025 20:45;0
28/05/2025 21:00;0
28/05/2025 21:15;0
28/05/2025 21:30;0
28/05/2025 21:45;0
28/05/2025 22:00;0
28/05/2025 22:15;0
28/05/2025 22:30;0
28/05/2025 22:45;0
28/05/2025 23:00;0
28/05/2025 23:15;0
28/05/2025 23:30;0
28/05/2025 23:45;0
29/05/2025 00:00;0
29/05/2025 00:15;0
29/05/2025 00:30;0
29/05/2025 00:45;0
29/05/2025 01:00;0
29/05/2025 01:15;0
29/05/2025 01:30;0
29/05/2025 01:45;0
29/05/2025 02:00;0
29/05/2025 02:15;0
29/05/2025 02:30;0
29/05/2025 02:45;0
29/05/2025 03:00;0
29/05/2025 03:15;0
29/05/2025 03:30;0
29/05/2025 03:45;0
29/05/2025 04:00;0
29/05/2025 04:15;0
29/05/2025 04:30;0
29/05/2025 04:45;0
29/05/2025 05:00;0
29/05/2025 05:15;0
29/05/2025 05:30;0
29/05/2025 05:45;0
29/05/2025 06:00;0
29/05/2025 06:15;0
29/05/2025 06:30;0
29/05/2025 06:45;0
29/05/2025 07:00;0
29/05/2025 07:15;0
29/05/2025 07:30;0
29/05/2025 07:45;0
29/05/2025 08:00;0
29/05/2025 08:15;0
29/05/2025 08:30;0
29/05/2025 08:45;0
29/05/2025 09:00;0
29/05/2025 09:15;0
29/05/2025 09:30;0
29/05/2025 09:45;0
29/05/2025 10:00;0
29/05/2025 10:15;0
29/05/2025 10:30;0
29/05/2025 10:45;0
29/05/2025 11:00;0
29/05/2025 11:15;0
29/05/2025 11:30;0
29/05/2025 11:45;0
29/05/2025 12:00;0
29/05/2025 12:15;0
29/05/2025 12:30;0
29/05/2025 12:45;0
29/05/2025 13:00;0
29/05/2025 13:15;0
29/05/2025 13:30;0
29/05/2025 13:45;0
29/05/2025 14:00;0
29/05/2025 14:15;0
29/05/2025 14:30;0
29/05/2025 14:45;0
29/05/2025 15:00;0
29/05/2025 15:15;0
29/05/2025 15:30;0
29/05/2025 15:45;0
29/05/2025 16:00;0
29/05/2025 16:15;0
29/05/2025 16:30;0
29/05/2025 16:45;0
29/05/2025 17:00;0
29/05/2025 17:15;0
29/05/2025 17:30;0
29/05/2025 17:45;0
29/05/2025 18:00;0
29/05/2025 18:15;0
29/05/2025 18:30;0
29/05/2025 18:45;0
29/05/2025 19:00;0
29/05/2025 19:15;0
29/05/2025 19:30;0
29/05/2025 19:45;0
29/05/2025 20:00;0
29/05/2025 20:15;0
29/05/2025 20:30;0
29/05/2025 20:45;0
29/05/2025 21:00;0
29/05/2025 21:15;0
29/05/2025 21:30;0
29/05/2025 21:45;0
29/05/2025 22:00;0
29/05/2025 22:15;0
29/05/2025 22:30;0
29/05/2025 22:45;0
29/05/2025 23:00;0
29/05/2025 23:15;0
29/05/2025 23:30;0
29/05/2025 23:45;0
30/05/2025 00:00;0
30/05/2025 00:15;0
30/05/2025 00:30;0
30/05/2025 00:45;0
30/05/2025 01:00;0
30/05/2025 01:15;0
30/05/2025 01:30;0
30/05/2025 01:45;0
30/05/2025 02:00;0
30/05/2025 02:15;0
30/05/2025 02:30;0
30/05/2025 02:45;0
30/05/2025 03:00;0
30/05/2025 03:15;0
30/05/2025 03:30;0
30/05/2025 03:45;0
30/05/2025 04:00;0
30/05/2025 04:15;0
30/05/2025 04:30;0
30/05/2025 04:45;0
30/05/2025 05:00;0
30/05/2025 05:15;0
30/05/2025 05:30;0
30/05/2025 05:45;0
30/05/2025 06:00;0
30/05/2025 06:15;0
30/05/2025 06:30;0
30/05/2025 06:45;0
30/05/2025 07:00;0
30/05/2025 07:15;0
30/05/2025 07:30;0
30/05/2025 07:45;0
30/05/2025 08:00;0
30/05/2025 08:15;0
30/05/2025 08:30;0
30/05/2025 08:45;0
30/05/2025 09:00;0
30/05/2025 09:15;0
30/05/2025 09:30;0
30/05/2025 09:45;0
30/05/2025 10:00;0
30/05/2025 10:15;0
30/05/2025 10:30;0
30/05/2025 10:45;0
30/05/2025 11:00;0
30/05/2025 11:15;0
30/05/2025 11:30;0
30/05/2025 11:45;0
30/05/2025 12:00;0
30/05/2025 12:15;0
30/05/2025 12:30;0
30/05/2025 12:45;0
30/05/2025 13:00;0
30/05/2025 13:15;0
30/05/2025 13:30;0
30/05/2025 13:45;0
30/05/2025 14:00;0
30/05/2025 14:15;0
30/05/2025 14:30;0
30/05/2025 14:45;0
30/05/2025 15:00;0
30/05/2025 15:15;0
30/05/2025 15:30;0
30/05/2025 15:45;0
30/05/2025 16:00;0
30/05/2025 16:15;0
30/05/2025 16:30;0
30/05/2025 16:45;0
30/05/2025 17:00;0
30/05/2025 17:15;0
30/05/2025 17:30;0
30/05/2025 17:45;0
30/05/2025 18:00;0
30/05/2025 18:15;0
30/05/2025 18:30;0
30/05/2025 18:45;0
30/05/2025 19:00;0
30/05/2025 19:15;0
30/05/2025 19:30;0
30/05/2025 19:45;0
30/05/2025 20:00;0
30/05/2025 20:15;0
30/05/2025 20:30;0
30/05/2025 20:45;0
30/05/2025 21:00;0
30/05/2025 21:15;0
30/05/2025 21:30;0
30/05/2025 21:45;0
30/05/2025 22:00;0
30/05/2025 22:15;0
30/05/2025 22:30;0
30/05/2025 22:45;0
30/05/2025 23:00;0
30/05/2025 23:15;0
30/05/2025 23:30;0
30/05/2025 23:45;0
31/05/2025 00:00;0
31/05/2025 00:15;0
31/05/2025 00:30;0
31/05/2025 00:45;0
31/05/2025 01:00;0
31/05/2025 01:15;0
31/05/2025 01:30;0
31/05/2025 01:45;0
31/05/2025 02:00;0
31/05/2025 02:15;0
31/05/2025 02:30;0
31/05/2025 02:45;0
31/05/2025 03:00;0
31/05/2025 03:15;0
31/05/2025 03:30;0
31/05/2025 03:45;0
31/05/2025 04:00;0
31/05/2025 04:15;0
31/05/2025 04:30;0
31/05/2025 04:45;0
31/05/2025 05:00;0
31/05/2025 05:15;0
31/05/2025 05:30;0
31/05/2025 05:45;0
31/05/2025 06:00;0
31/05/2025 06:15;0
31/05/2025 06:30;0
31/05/2025 06:45;0
31/05/2025 07:00;0
31/05/2025 07:15;0
31/05/2025 07:30;0
31/05/2025 07:45;0
31/05/2025 08:00;0
31/05/2025 08:15;0
31/05/2025 08:30;0
31/05/2025 08:45;0
31/05/2025 09:00;0
31/05/2025 09:15;0
31/05/2025 09:30;0
31/05/2025 09:45;0
31/05/2025 10:00;0
31/05/2025 10:15;0
31/05/2025 10:30;0
31/05/2025 10:45;0
31/05/2025 11:00;0
31/05/2025 11:15;0
31/05/2025 11:30;0
31/05/2025 11:45;0
31/05/2025 12:00;0
31/05/2025 12:15;0
31/05/2025 12:30;0
31/05/2025 12:45;0
31/05/2025 13:00;0
31/05/2025 13:15;0
31/05/2025 13:30;0
31/05/2025 13:45;0
31/05/2025 14:00;0
31/05/2025 14:15;0
31/05/2025 14:30;0
31/05/2025 14:45;0
31/05/2025 15:00;0
31/05/2025 15:15;0
31/05/2025 15:30;0
31/05/2025 15:45;0
31/05/2025 16:00;0
31/05/2025 16:15;0
31/05/2025 16:30;0
31/05/2025 16:45;0
31/05/2025 17:00;0
31/05/2025 17:15;0
31/05/2025 17:30;0
31/05/2025 17:45;0
31/05/2025 18:00;0
31/05/2025 18:15;0
31/05/2025 18:30;0
31/05/2025 18:45;0
31/05/2025 19:00;0
31/05/2025 19:15;0
31/05/2025 19:30;0
31/05/2025 19:45;0
31/05/2025 20:00;0
31/05/2025 20:15;0
31/05/2025 20:30;0
31/05/2025 20:45;0
31/05/2025 21:00;0
31/05/2025 21:15;0
31/05/2025 21:30;0
31/05/2025 21:45;0
31/05/2025 22:00;0
31/05/2025 22:15;0
31/05/2025 22:30;0
31/05/2025 22:45;0
31/05/2025 23:00;0
31/05/2025 23:15;0
31/05/2025 23:30;0
31/05/2025 23:45;0
01/06/2025 00:00;0
01/06/2025 00:15;0
01/06/2025 00:30;0
01/06/2025 00:45;0
01/06/2025 01:00;0
01/06/2025 01:15;0
01/06/2025 01:30;0
01/06/2025 01:45;0
01/06/2025 02:00;0
01/06/2025 02:15;0
01/06/2025 02:30;0
01/06/2025 02:45;0
01/06/2025 03:00;0
01/06/2025 03:15;0
01/06/2025 03:30;0
01/06/2025 03:45;0
01/06/2025 04:00;0
01/06/2025 04:15;0
01/06/2025 04:30;0
01/06/2025 04:45;0
01/06/2025 05:00;0
01/06/2025 05:15;0
01/06/2025 05:30;0
01/06/2025 05:45;0
01/06/2025 06:00;0
01/06/2025 06:15;0
01/06/2025 06:30;0
01/06/2025 06:45;0
01/06/2025 07:00;0
01/06/2025 07:15;0
01/06/2025 07:30;0
01/06/2025 07:45;0
01/06/2025 08:00;0
01/06/2025 08:15;0
01/06/2025 08:30;0
01/06/2025 08:45;0
01/06/2025 09:00;0
01/06/2025 09:15;0
01/06/2025 09:30;0
01/06/2025 09:45;0
01/06/2025 10:00;0
01/06/2025 10:15;0
01/06/2025 10:30;0
01/06/2025 10:45;0
01/06/2025 11:00;0
01/06/2025 11:15;0
01/06/2025 11:30;0
01/06/2025 11:45;0
01/06/2025 12:00;0
01/06/2025 12:15;0
01/06/2025 12:30;0
01/06/2025 12:45;0
01/06/2025 13:00;0
01/06/2025 13:15;0
01/06/2025 13:30;0
01/06/2025 13:45;0
01/06/2025 14:00;0
01/06/2025 14:15;0
01/06/2025 14:30;0
01/06/2025 14:45;0
01/06/2025 15:00;0
01/06/2025 15:15;0
01/06/2025 15:30;0
01/06/2025 15:45;0
01/06/2025 16:00;0
01/06/2025 16:15;0
01/06/2025 16:30;0
01/06/2025 16:45;0
01/06/2025 17:00;0
01/06/2025 17:15;0
01/06/2025 17:30;0
01/06/2025 17:45;0
01/06/2025 18:00;0
01/06/2025 18:15;0
01/06/2025 18:30;0
01/06/2025 18:45;0
01/06/2025 19:00;0.1
01/06/2025 19:15;0.3
01/06/2025 19:30;0
01/06/2025 19:45;0
01/06/2025 20:00;0
01/06/2025 20:15;0
01/06/2025 20:30;0.2
01/06/2025 20:45;0
01/06/2025 21:00;0
01/06/2025 21:15;0
01/06/2025 21:30;0
01/06/2025 21:45;0.3
01/06/2025 22:00;0.2
01/06/2025 22:15;0.2
01/06/2025 22:30;0
01/06/2025 22:45;0
01/06/2025 23:00;0
01/06/2025 23:15;0
01/06/2025 23:30;0
01/06/2025 23:45;0
02/06/2025 00:00;0
02/06/2025 00:15;0
02/06/2025 00:30;0
02/06/2025 00:45;0
02/06/2025 01:00;0
02/06/2025 01:15;0
02/06/2025 01:30;0
02/06/2025 01:45;0
02/06/2025 02:00;0
02/06/2025 02:15;0
02/06/2025 02:30;0
02/06/2025 02:45;0
02/06/2025 03:00;0
02/06/2025 03:15;0
02/06/2025 03:30;0
02/06/2025 03:45;0
02/06/2025 04:00;0
02/06/2025 04:15;0
02/06/2025 04:30;0
02/06/2025 04:45;0
02/06/2025 05:00;0
02/06/2025 05:15;0
02/06/2025 05:30;0
02/06/2025 05:45;0.5
02/06/2025 06:00;0.7
02/06/2025 06:15;4.1
02/06/2025 06:30;0.6
02/06/2025 06:45;0.1
02/06/2025 07:00;0.4
02/06/2025 07:15;0.7
02/06/2025 07:30;0.4
02/06/2025 07:45;0.6
02/06/2025 08:00;0.6
02/06/2025 08:15;0.2
02/06/2025 08:30;0.2
02/06/2025 08:45;0.5
02/06/2025 09:00;0.6
02/06/2025 09:15;0.7
02/06/2025 09:30;0.3
02/06/2025 09:45;0
02/06/2025 10:00;0
02/06/2025 10:15;0.1
02/06/2025 10:30;0.2
02/06/2025 10:45;2.9
02/06/2025 11:00;0.2
02/06/2025 11:15;1.8
02/06/2025 11:30;0.8
02/06/2025 11:45;0.7
02/06/2025 12:00;0.3
02/06/2025 12:15;0.6
02/06/2025 12:30;0.5
02/06/2025 12:45;0
02/06/2025 13:00;0.2
02/06/2025 13:15;0.1
02/06/2025 13:30;0
02/06/2025 13:45;0
02/06/2025 14:00;0.1
02/06/2025 14:15;0
02/06/2025 14:30;0
02/06/2025 14:45;0
02/06/2025 15:00;0
02/06/2025 15:15;0
02/06/2025 15:30;0.2
02/06/2025 15:45;0
02/06/2025 16:00;0
02/06/2025 16:15;0
02/06/2025 16:30;0
02/06/2025 16:45;0
02/06/2025 17:00;0
02/06/2025 17:15;0
02/06/2025 17:30;0.1
02/06/2025 17:45;0.2
02/06/2025 18:00;0
02/06/2025 18:15;0
02/06/2025 18:30;0
02/06/2025 18:45;0.1
02/06/2025 19:00;0
02/06/2025 19:15;0
02/06/2025 19:30;0
02/06/2025 19:45;0
02/06/2025 20:00;0
02/06/2025 20:15;0
02/06/2025 20:30;0
02/06/2025 20:45;0
02/06/2025 21:00;0
02/06/2025 21:15;0
02/06/2025 21:30;0
02/06/2025 21:45;0
02/06/2025 22:00;0
02/06/2025 22:15;0
02/06/2025 22:30;0
02/06/2025 22:45;0
02/06/2025 23:00;0
02/06/2025 23:15;0
02/06/2025 23:30;0
02/06/2025 23:45;0
03/06/2025 00:00;0
03/06/2025 00:15;0
03/06/2025 00:30;0
03/06/2025 00:45;0
03/06/2025 01:00;0
03/06/2025 01:15;0
03/06/2025 01:30;0
03/06/2025 01:45;0
03/06/2025 02:00;0
03/06/2025 02:15;0
03/06/2025 02:30;0
03/06/2025 02:45;0
03/06/2025 03:00;0
03/06/2025 03:15;0
03/06/2025 03:30;0
03/06/2025 03:45;0
03/06/2025 04:00;0
03/06/2025 04:15;0
03/06/2025 04:30;0
03/06/2025 04:45;0
03/06/2025 05:00;0
03/06/2025 05:15;0
03/06/2025 05:30;0
03/06/2025 05:45;0
03/06/2025 06:00;0
03/06/2025 06:15;0
03/06/2025 06:30;0
03/06/2025 06:45;0
03/06/2025 07:00;0
03/06/2025 07:15;0
03/06/2025 07:30;0
03/06/2025 07:45;0
03/06/2025 08:00;0
03/06/2025 08:15;0
03/06/2025 08:30;0
03/06/2025 08:45;0
03/06/2025 09:00;0
03/06/2025 09:15;0
03/06/2025 09:30;0
03/06/2025 09:45;0
03/06/2025 10:00;0
03/06/2025 10:15;0
03/06/2025 10:30;0
03/06/2025 10:45;0
03/06/2025 11:00;0
03/06/2025 11:15;0
03/06/2025 11:30;0
03/06/2025 11:45;0
03/06/2025 12:00;0
03/06/2025 12:15;0
03/06/2025 12:30;0
03/06/2025 12:45;1.5
03/06/2025 13:00;0.6
03/06/2025 13:15;0
03/06/2025 13:30;0
03/06/2025 13:45;0
03/06/2025 14:00;0
03/06/2025 14:15;0
03/06/2025 14:30;0
03/06/2025 14:45;0
03/06/2025 15:00;0
03/06/2025 15:15;0
03/06/2025 15:30;0
03/06/2025 15:45;0
03/06/2025 16:00;""
03/06/2025 16:15;0
03/06/2025 16:30;0
03/06/2025 16:45;0
03/06/2025 17:00;0
03/06/2025 17:15;0
03/06/2025 17:30;0
03/06/2025 17:45;0
03/06/2025 18:00;0
03/06/2025 18:15;0
03/06/2025 18:30;0
03/06/2025 18:45;0
03/06/2025 19:00;0
03/06/2025 19:15;0
03/06/2025 19:30;0.2
03/06/2025 19:45;0
03/06/2025 20:00;0
03/06/2025 20:15;0
03/06/2025 20:30;0
03/06/2025 20:45;0
03/06/2025 21:00;0
03/06/2025 21:15;0
03/06/2025 21:30;0
03/06/2025 21:45;0
03/06/2025 22:00;0
03/06/2025 22:15;0
03/06/2025 22:30;0
03/06/2025 22:45;0
03/06/2025 23:00;0
03/06/2025 23:15;0
03/06/2025 23:30;0
03/06/2025 23:45;0
04/06/2025 00:00;0
04/06/2025 00:15;0
04/06/2025 00:30;0
04/06/2025 00:45;0
04/06/2025 01:00;0
04/06/2025 01:15;0
04/06/2025 01:30;0
04/06/2025 01:45;0
04/06/2025 02:00;0
04/06/2025 02:15;0
04/06/2025 02:30;0
04/06/2025 02:45;0
04/06/2025 03:00;0
04/06/2025 03:15;0
04/06/2025 03:30;0
04/06/2025 03:45;0
04/06/2025 04:00;0
04/06/2025 04:15;0
04/06/2025 04:30;0
04/06/2025 04:45;0
04/06/2025 05:00;0
04/06/2025 05:15;0
04/06/2025 05:30;0
04/06/2025 05:45;0
04/06/2025 06:00;0
04/06/2025 06:15;0
04/06/2025 06:30;0
04/06/2025 06:45;0
04/06/2025 07:00;0
04/06/2025 07:15;0
04/06/2025 07:30;0
04/06/2025 07:45;0
04/06/2025 08:00;0
04/06/2025 08:15;0
04/06/2025 08:30;0
04/06/2025 08:45;0
04/06/2025 09:00;0
04/06/2025 09:15;0
04/06/2025 09:30;0
04/06/2025 09:45;0
04/06/2025 10:00;0
04/06/2025 10:15;0
04/06/2025 10:30;0
04/06/2025 10:45;0
04/06/2025 11:00;0
04/06/2025 11:15;0
04/06/2025 11:30;0
04/06/2025 11:45;0
04/06/2025 12:00;0
04/06/2025 12:15;0
04/06/2025 12:30;0
04/06/2025 12:45;0
04/06/2025 13:00;0
04/06/2025 13:15;0
04/06/2025 13:30;0
04/06/2025 13:45;0
04/06/2025 14:00;0
04/06/2025 14:15;0
04/06/2025 14:30;0
04/06/2025 14:45;0
04/06/2025 15:00;0
04/06/2025 15:15;0
04/06/2025 15:30;0
04/06/2025 15:45;0
04/06/2025 16:00;0
04/06/2025 16:15;0
04/06/2025 16:30;0
04/06/2025 16:45;0
04/06/2025 17:00;0
04/06/2025 17:15;0
04/06/2025 17:30;0
04/06/2025 17:45;0
04/06/2025 18:00;0
04/06/2025 18:15;0
04/06/2025 18:30;0
04/06/2025 18:45;0
04/06/2025 19:00;0
04/06/2025 19:15;0
04/06/2025 19:30;0
04/06/2025 19:45;0
04/06/2025 20:00;0
04/06/2025 20:15;0
04/06/2025 20:30;0
04/06/2025 20:45;0
04/06/2025 21:00;0
04/06/2025 21:15;0
04/06/2025 21:30;0
04/06/2025 21:45;0
04/06/2025 22:00;0
04/06/2025 22:15;0
04/06/2025 22:30;0
04/06/2025 22:45;0
04/06/2025 23:00;0
04/06/2025 23:15;0
04/06/2025 23:30;0
04/06/2025 23:45;0
05/06/2025 00:00;0
05/06/2025 00:15;0
05/06/2025 00:30;0
05/06/2025 00:45;0
05/06/2025 01:00;0
05/06/2025 01:15;0
05/06/2025 01:30;0
05/06/2025 01:45;0
05/06/2025 02:00;0
05/06/2025 02:15;0
05/06/2025 02:30;0
05/06/2025 02:45;0
05/06/2025 03:00;0
05/06/2025 03:15;0
05/06/2025 03:30;0
05/06/2025 03:45;0
05/06/2025 04:00;0
05/06/2025 04:15;0
05/06/2025 04:30;0
05/06/2025 04:45;0
05/06/2025 05:00;0
05/06/2025 05:15;0
05/06/2025 05:30;0
05/06/2025 05:45;0
05/06/2025 06:00;0
05/06/2025 06:15;0
05/06/2025 06:30;0
05/06/2025 06:45;0
05/06/2025 07:00;0
05/06/2025 07:15;0
05/06/2025 07:30;0
05/06/2025 07:45;0
05/06/2025 08:00;0
05/06/2025 08:15;0
05/06/2025 08:30;0
05/06/2025 08:45;0
05/06/2025 09:00;0
05/06/2025 09:15;0
05/06/2025 09:30;0
05/06/2025 09:45;0
05/06/2025 10:00;0
05/06/2025 10:15;0
05/06/2025 10:30;0
05/06/2025 10:45;0
05/06/2025 11:00;0
05/06/2025 11:15;0
05/06/2025 11:30;0
05/06/2025 11:45;0
05/06/2025 12:00;0
05/06/2025 12:15;0
05/06/2025 12:30;0
05/06/2025 12:45;0
05/06/2025 13:00;0
05/06/2025 13:15;0
05/06/2025 13:30;0
05/06/2025 13:45;0
05/06/2025 14:00;0
05/06/2025 14:15;0
05/06/2025 14:30;0
05/06/2025 14:45;0
05/06/2025 15:00;0
05/06/2025 15:15;0
05/06/2025 15:30;0
05/06/2025 15:45;0
05/06/2025 16:00;0
05/06/2025 16:15;0
05/06/2025 16:30;0
05/06/2025 16:45;0
05/06/2025 17:00;0
05/06/2025 17:15;0
05/06/2025 17:30;0
05/06/2025 17:45;0
05/06/2025 18:00;0
05/06/2025 18:15;0
05/06/2025 18:30;0
05/06/2025 18:45;0
05/06/2025 19:00;0
05/06/2025 19:15;0
05/06/2025 19:30;0
05/06/2025 19:45;0
05/06/2025 20:00;0
05/06/2025 20:15;0
05/06/2025 20:30;0
05/06/2025 20:45;0
05/06/2025 21:00;0
05/06/2025 21:15;0
05/06/2025 21:30;0
05/06/2025 21:45;0
05/06/2025 22:00;0
05/06/2025 22:15;0
05/06/2025 22:30;0
05/06/2025 22:45;0
05/06/2025 23:00;0
05/06/2025 23:15;0
05/06/2025 23:30;0
05/06/2025 23:45;0
06/06/2025 00:00;0
06/06/2025 00:15;0
06/06/2025 00:30;0
06/06/2025 00:45;0
06/06/2025 01:00;0
06/06/2025 01:15;0
06/06/2025 01:30;0
06/06/2025 01:45;0
06/06/2025 02:00;0
06/06/2025 02:15;0
06/06/2025 02:30;0
06/06/2025 02:45;0
06/06/2025 03:00;0
06/06/2025 03:15;0
06/06/2025 03:30;0
06/06/2025 03:45;0
06/06/2025 04:00;0
06/06/2025 04:15;0
06/06/2025 04:30;0
06/06/2025 04:45;0
06/06/2025 05:00;0
06/06/2025 05:15;0
06/06/2025 05:30;0
06/06/2025 05:45;0
06/06/2025 06:00;0
06/06/2025 06:15;0
06/06/2025 06:30;0
06/06/2025 06:45;0
06/06/2025 07:00;0
06/06/2025 07:15;0
06/06/2025 07:30;0
06/06/2025 07:45;0
06/06/2025 08:00;0
06/06/2025 08:15;0
06/06/2025 08:30;0
06/06/2025 08:45;0
06/06/2025 09:00;0
06/06/2025 09:15;0
06/06/2025 09:30;0
06/06/2025 09:45;0
06/06/2025 10:00;0
06/06/2025 10:15;0
06/06/2025 10:30;0
06/06/2025 10:45;0
06/06/2025 11:00;0
06/06/2025 11:15;0
06/06/2025 11:30;0
06/06/2025 11:45;0
06/06/2025 12:00;0
06/06/2025 12:15;0
06/06/2025 12:30;0
06/06/2025 12:45;0
06/06/2025 13:00;0
06/06/2025 13:15;0
06/06/2025 13:30;0
06/06/2025 13:45;0
06/06/2025 14:00;0
06/06/2025 14:15;0
06/06/2025 14:30;0
06/06/2025 14:45;0
06/06/2025 15:00;0
06/06/2025 15:15;0
06/06/2025 15:30;0
06/06/2025 15:45;0
06/06/2025 16:00;0
06/06/2025 16:15;0
06/06/2025 16:30;0
06/06/2025 16:45;0
06/06/2025 17:00;0
06/06/2025 17:15;0
06/06/2025 17:30;0
06/06/2025 17:45;0
06/06/2025 18:00;0
06/06/2025 18:15;0
06/06/2025 18:30;0
06/06/2025 18:45;0
06/06/2025 19:00;0
06/06/2025 19:15;0
06/06/2025 19:30;0
06/06/2025 19:45;0
06/06/2025 20:00;0
06/06/2025 20:15;0
06/06/2025 20:30;0
06/06/2025 20:45;0
06/06/2025 21:00;0
06/06/2025 21:15;0
06/06/2025 21:30;0
06/06/2025 21:45;0
06/06/2025 22:00;0
06/06/2025 22:15;0
06/06/2025 22:30;0
06/06/2025 22:45;0
06/06/2025 23:00;0
06/06/2025 23:15;0
06/06/2025 23:30;0
06/06/2025 23:45;0
07/06/2025 00:00;0
07/06/2025 00:15;0
07/06/2025 00:30;0
07/06/2025 00:45;0
07/06/2025 01:00;0
07/06/2025 01:15;0
07/06/2025 01:30;0
07/06/2025 01:45;0
07/06/2025 02:00;0
07/06/2025 02:15;0
07/06/2025 02:30;0
07/06/2025 02:45;0
07/06/2025 03:00;0
07/06/2025 03:15;0
07/06/2025 03:30;0
07/06/2025 03:45;0
07/06/2025 04:00;0
07/06/2025 04:15;0
07/06/2025 04:30;0
07/06/2025 04:45;0
07/06/2025 05:00;0
07/06/2025 05:15;0
07/06/2025 05:30;0
07/06/2025 05:45;0
07/06/2025 06:00;0
07/06/2025 06:15;0
07/06/2025 06:30;0
07/06/2025 06:45;0
07/06/2025 07:00;0
07/06/2025 07:15;0
07/06/2025 07:30;0
07/06/2025 07:45;0
07/06/2025 08:00;0
07/06/2025 08:15;0
07/06/2025 08:30;0
07/06/2025 08:45;0
07/06/2025 09:00;0
07/06/2025 09:15;0
07/06/2025 09:30;0
07/06/2025 09:45;0
07/06/2025 10:00;0
07/06/2025 10:15;0
07/06/2025 10:30;0
07/06/2025 10:45;0
07/06/2025 11:00;0
07/06/2025 11:15;0
07/06/2025 11:30;0
07/06/2025 11:45;0
07/06/2025 12:00;0
07/06/2025 12:15;0
07/06/2025 12:30;0
07/06/2025 12:45;0
07/06/2025 13:00;0
07/06/2025 13:15;0
07/06/2025 13:30;0
07/06/2025 13:45;0
07/06/2025 14:00;0
07/06/2025 14:15;0
07/06/2025 14:30;0
07/06/2025 14:45;0
07/06/2025 15:00;0
07/06/2025 15:15;0
07/06/2025 15:30;0
07/06/2025 15:45;0
07/06/2025 16:00;0
07/06/2025 16:15;0
07/06/2025 16:30;0
07/06/2025 16:45;0
07/06/2025 17:00;0
07/06/2025 17:15;0
07/06/2025 17:30;0
07/06/2025 17:45;0
07/06/2025 18:00;0
07/06/2025 18:15;0
07/06/2025 18:30;0
07/06/2025 18:45;0
07/06/2025 19:00;0
07/06/2025 19:15;0
07/06/2025 19:30;0
07/06/2025 19:45;0
07/06/2025 20:00;0
07/06/2025 20:15;0
07/06/2025 20:30;0
07/06/2025 20:45;0
07/06/2025 21:00;0
07/06/2025 21:15;0
07/06/2025 21:30;0
07/06/2025 21:45;0
07/06/2025 22:00;0
07/06/2025 22:15;0
07/06/2025 22:30;0
07/06/2025 22:45;0
07/06/2025 23:00;0
07/06/2025 23:15;0
07/06/2025 23:30;0
07/06/2025 23:45;0
08/06/2025 00:00;0
08/06/2025 00:15;0
08/06/2025 00:30;0
08/06/2025 00:45;0
08/06/2025 01:00;0
08/06/2025 01:15;0
08/06/2025 01:30;0
08/06/2025 01:45;0
08/06/2025 02:00;0
08/06/2025 02:15;0
08/06/2025 02:30;0
08/06/2025 02:45;0
08/06/2025 03:00;0
08/06/2025 03:15;0
08/06/2025 03:30;0
08/06/2025 03:45;0
08/06/2025 04:00;0
08/06/2025 04:15;0
08/06/2025 04:30;0
08/06/2025 04:45;0
08/06/2025 05:00;0
08/06/2025 05:15;0
08/06/2025 05:30;0
08/06/2025 05:45;0
08/06/2025 06:00;0
08/06/2025 06:15;0
08/06/2025 06:30;0
08/06/2025 06:45;0
08/06/2025 07:00;0
08/06/2025 07:15;0
08/06/2025 07:30;0
08/06/2025 07:45;0
08/06/2025 08:00;0
08/06/2025 08:15;0
08/06/2025 08:30;0
08/06/2025 08:45;0
08/06/2025 09:00;0
08/06/2025 09:15;0
08/06/2025 09:30;0
08/06/2025 09:45;0
08/06/2025 10:00;0
08/06/2025 10:15;0
08/06/2025 10:30;0
08/06/2025 10:45;0
08/06/2025 11:00;0
08/06/2025 11:15;0
08/06/2025 11:30;0
08/06/2025 11:45;0
08/06/2025 12:00;0
08/06/2025 12:15;0
08/06/2025 12:30;0
08/06/2025 12:45;0
08/06/2025 13:00;0
08/06/2025 13:15;0
08/06/2025 13:30;0
08/06/2025 13:45;0
08/06/2025 14:00;0
08/06/2025 14:15;0
08/06/2025 14:30;0
08/06/2025 14:45;0
08/06/2025 15:00;0
08/06/2025 15:15;0
08/06/2025 15:30;0
08/06/2025 15:45;0
08/06/2025 16:00;0
08/06/2025 16:15;0
08/06/2025 16:30;0
08/06/2025 16:45;0
08/06/2025 17:00;0
08/06/2025 17:15;0
08/06/2025 17:30;0
08/06/2025 17:45;0
08/06/2025 18:00;0
08/06/2025 18:15;0
08/06/2025 18:30;0
08/06/2025 18:45;0
08/06/2025 19:00;0
08/06/2025 19:15;0
08/06/2025 19:30;0
08/06/2025 19:45;0
08/06/2025 20:00;0
08/06/2025 20:15;0
08/06/2025 20:30;0
08/06/2025 20:45;0
08/06/2025 21:00;0
08/06/2025 21:15;0
08/06/2025 21:30;0
08/06/2025 21:45;0
08/06/2025 22:00;0
08/06/2025 22:15;0
08/06/2025 22:30;0
08/06/2025 22:45;0
08/06/2025 23:00;0
08/06/2025 23:15;0
08/06/2025 23:30;0
08/06/2025 23:45;0
09/06/2025 00:00;0
09/06/2025 00:15;0
09/06/2025 00:30;0
09/06/2025 00:45;0
09/06/2025 01:00;0
09/06/2025 01:15;0
09/06/2025 01:30;0
09/06/2025 01:45;0
09/06/2025 02:00;0
09/06/2025 02:15;0
09/06/2025 02:30;0
09/06/2025 02:45;0
09/06/2025 03:00;0
09/06/2025 03:15;0
09/06/2025 03:30;0
09/06/2025 03:45;0
09/06/2025 04:00;0
09/06/2025 04:15;0
09/06/2025 04:30;0
09/06/2025 04:45;0
09/06/2025 05:00;0
09/06/2025 05:15;0
09/06/2025 05:30;0
09/06/2025 05:45;0
09/06/2025 06:00;0
09/06/2025 06:15;0
09/06/2025 06:30;0
09/06/2025 06:45;0
09/06/2025 07:00;0
09/06/2025 07:15;0
09/06/2025 07:30;0
09/06/2025 07:45;0
09/06/2025 08:00;0
09/06/2025 08:15;0
09/06/2025 08:30;0
09/06/2025 08:45;0
09/06/2025 09:00;0
09/06/2025 09:15;0
09/06/2025 09:30;0
09/06/2025 09:45;0
09/06/2025 10:00;0
09/06/2025 10:15;0
09/06/2025 10:30;0
09/06/2025 10:45;0
09/06/2025 11:00;0
09/06/2025 11:15;0
09/06/2025 11:30;0
09/06/2025 11:45;0
09/06/2025 12:00;0
09/06/2025 12:15;0
09/06/2025 12:30;0
09/06/2025 12:45;0
09/06/2025 13:00;0
09/06/2025 13:15;0
09/06/2025 13:30;0
09/06/2025 13:45;0
09/06/2025 14:00;0
09/06/2025 14:15;0
09/06/2025 14:30;0
09/06/2025 14:45;0
09/06/2025 15:00;0
09/06/2025 15:15;0
09/06/2025 15:30;0
09/06/2025 15:45;0
09/06/2025 16:00;0
09/06/2025 16:15;0
09/06/2025 16:30;0
09/06/2025 16:45;0
09/06/2025 17:00;0
09/06/2025 17:15;0
09/06/2025 17:30;0
09/06/2025 17:45;0
09/06/2025 18:00;0
09/06/2025 18:15;0
09/06/2025 18:30;0
09/06/2025 18:45;0
09/06/2025 19:00;0
09/06/2025 19:15;0
09/06/2025 19:30;0
09/06/2025 19:45;0
09/06/2025 20:00;0
09/06/2025 20:15;0
09/06/2025 20:30;0
09/06/2025 20:45;0
09/06/2025 21:00;0
09/06/2025 21:15;0
09/06/2025 21:30;0
09/06/2025 21:45;0
09/06/2025 22:00;0
09/06/2025 22:15;0
09/06/2025 22:30;0
09/06/2025 22:45;0
09/06/2025 23:00;0
09/06/2025 23:15;0
09/06/2025 23:30;0
09/06/2025 23:45;0
10/06/2025 00:00;0
10/06/2025 00:15;0
10/06/2025 00:30;0
10/06/2025 00:45;0
10/06/2025 01:00;0
10/06/2025 01:15;0
10/06/2025 01:30;0
10/06/2025 01:45;0
10/06/2025 02:00;0
10/06/2025 02:15;0
10/06/2025 02:30;0
10/06/2025 02:45;0
10/06/2025 03:00;0
10/06/2025 03:15;0
10/06/2025 03:30;0
10/06/2025 03:45;0
10/06/2025 04:00;0
10/06/2025 04:15;0
10/06/2025 04:30;0
10/06/2025 04:45;0
10/06/2025 05:00;0
10/06/2025 05:15;0
10/06/2025 05:30;0
10/06/2025 05:45;0
10/06/2025 06:00;0
10/06/2025 06:15;0
10/06/2025 06:30;0
10/06/2025 06:45;0
10/06/2025 07:00;0
10/06/2025 07:15;0
10/06/2025 07:30;0
10/06/2025 07:45;0
10/06/2025 08:00;0
10/06/2025 08:15;0
10/06/2025 08:30;0
10/06/2025 08:45;0
10/06/2025 09:00;0
10/06/2025 09:15;0
10/06/2025 09:30;0
10/06/2025 09:45;0
10/06/2025 10:00;0
10/06/2025 10:15;0
10/06/2025 10:30;0
10/06/2025 10:45;0
10/06/2025 11:00;0
10/06/2025 11:15;0
10/06/2025 11:30;0
10/06/2025 11:45;0
10/06/2025 12:00;0
10/06/2025 12:15;0
10/06/2025 12:30;0
10/06/2025 12:45;0
10/06/2025 13:00;0
10/06/2025 13:15;0
10/06/2025 13:30;0
10/06/2025 13:45;0
10/06/2025 14:00;0
10/06/2025 14:15;0
10/06/2025 14:30;0
10/06/2025 14:45;0
10/06/2025 15:00;0
10/06/2025 15:15;0
10/06/2025 15:30;0
10/06/2025 15:45;0
10/06/2025 16:00;0
10/06/2025 16:15;0
10/06/2025 16:30;0
10/06/2025 16:45;0
10/06/2025 17:00;0
10/06/2025 17:15;0
10/06/2025 17:30;0
10/06/2025 17:45;0
10/06/2025 18:00;0
10/06/2025 18:15;0
10/06/2025 18:30;0
10/06/2025 18:45;0
10/06/2025 19:00;0
10/06/2025 19:15;0
10/06/2025 19:30;0
10/06/2025 19:45;0
10/06/2025 20:00;0
10/06/2025 20:15;0
10/06/2025 20:30;0
10/06/2025 20:45;0
10/06/2025 21:00;0
10/06/2025 21:15;0
10/06/2025 21:30;0
10/06/2025 21:45;0
10/06/2025 22:00;0
10/06/2025 22:15;0
10/06/2025 22:30;0
10/06/2025 22:45;0
10/06/2025 23:00;0
10/06/2025 23:15;0
10/06/2025 23:30;0
10/06/2025 23:45;0
11/06/2025 00:00;0
11/06/2025 00:15;0.1
11/06/2025 00:30;0.1
11/06/2025 00:45;0.1
11/06/2025 01:00;0
11/06/2025 01:15;0
11/06/2025 01:30;0
11/06/2025 01:45;0
11/06/2025 02:00;0
11/06/2025 02:15;0
11/06/2025 02:30;0
11/06/2025 02:45;0
11/06/2025 03:00;0
11/06/2025 03:15;0
11/06/2025 03:30;0
11/06/2025 03:45;0
11/06/2025 04:00;0
11/06/2025 04:15;0
11/06/2025 04:30;0
11/06/2025 04:45;0
11/06/2025 05:00;0
11/06/2025 05:15;0
11/06/2025 05:30;0
11/06/2025 05:45;0
11/06/2025 06:00;0
11/06/2025 06:15;0
11/06/2025 06:30;0
11/06/2025 06:45;0
11/06/2025 07:00;0
11/06/2025 07:15;0
11/06/2025 07:30;0
11/06/2025 07:45;0
11/06/2025 08:00;0
11/06/2025 08:15;0
11/06/2025 08:30;0
11/06/2025 08:45;0
11/06/2025 09:00;0
11/06/2025 09:15;0
11/06/2025 09:30;0
11/06/2025 09:45;0
11/06/2025 10:00;0
11/06/2025 10:15;0
11/06/2025 10:30;0
11/06/2025 10:45;0
11/06/2025 11:00;0
11/06/2025 11:15;0
11/06/2025 11:30;0
11/06/2025 11:45;0
11/06/2025 12:00;0
11/06/2025 12:15;0
11/06/2025 12:30;0
11/06/2025 12:45;0
11/06/2025 13:00;0
11/06/2025 13:15;0
11/06/2025 13:30;0
11/06/2025 13:45;0
11/06/2025 14:00;0
11/06/2025 14:15;0
11/06/2025 14:30;0
11/06/2025 14:45;0
11/06/2025 15:00;0
11/06/2025 15:15;0
11/06/2025 15:30;0
11/06/2025 15:45;0
11/06/2025 16:00;0
11/06/2025 16:15;0
11/06/2025 16:30;0
11/06/2025 16:45;0
11/06/2025 17:00;0
11/06/2025 17:15;0
11/06/2025 17:30;0
11/06/2025 17:45;0
11/06/2025 18:00;0
11/06/2025 18:15;0
11/06/2025 18:30;0
11/06/2025 18:45;0
11/06/2025 19:00;0
11/06/2025 19:15;0
11/06/2025 19:30;0
11/06/2025 19:45;0
11/06/2025 20:00;0
11/06/2025 20:15;0
11/06/2025 20:30;0
11/06/2025 20:45;0
11/06/2025 21:00;0
11/06/2025 21:15;0
11/06/2025 21:30;0
11/06/2025 21:45;0
11/06/2025 22:00;0
11/06/2025 22:15;0
11/06/2025 22:30;0
11/06/2025 22:45;0
11/06/2025 23:00;0
11/06/2025 23:15;0
11/06/2025 23:30;0
11/06/2025 23:45;0
12/06/2025 00:00;0.4
12/06/2025 00:15;0.5
12/06/2025 00:30;2
12/06/2025 00:45;0.4
12/06/2025 01:00;0.1
12/06/2025 01:15;0
12/06/2025 01:30;0
12/06/2025 01:45;0
12/06/2025 02:00;0
12/06/2025 02:15;0
12/06/2025 02:30;0
12/06/2025 02:45;0
12/06/2025 03:00;0
12/06/2025 03:15;0
12/06/2025 03:30;0
12/06/2025 03:45;0
12/06/2025 04:00;0
12/06/2025 04:15;0
12/06/2025 04:30;0
12/06/2025 04:45;0
12/06/2025 05:00;0
12/06/2025 05:15;0
12/06/2025 05:30;0
12/06/2025 05:45;0
12/06/2025 06:00;0
12/06/2025 06:15;0
12/06/2025 06:30;0
12/06/2025 06:45;0
12/06/2025 07:00;0
12/06/2025 07:15;0
12/06/2025 07:30;0
12/06/2025 07:45;0.1
12/06/2025 08:00;0
12/06/2025 08:15;0
12/06/2025 08:30;0
12/06/2025 08:45;0
12/06/2025 09:00;0
12/06/2025 09:15;0
12/06/2025 09:30;0
12/06/2025 09:45;0
12/06/2025 10:00;0
12/06/2025 10:15;0
12/06/2025 10:30;0
12/06/2025 10:45;0
12/06/2025 11:00;0
12/06/2025 11:15;0
12/06/2025 11:30;0
12/06/2025 11:45;0
12/06/2025 12:00;0
12/06/2025 12:15;0
12/06/2025 12:30;0
12/06/2025 12:45;0
12/06/2025 13:00;0
12/06/2025 13:15;0
12/06/2025 13:30;0
12/06/2025 13:45;0
12/06/2025 14:00;0
12/06/2025 14:15;0
12/06/2025 14:30;0
12/06/2025 14:45;0
12/06/2025 15:00;0
12/06/2025 15:15;0
12/06/2025 15:30;0
12/06/2025 15:45;0
12/06/2025 16:00;0
12/06/2025 16:15;0
12/06/2025 16:30;0
12/06/2025 16:45;0
12/06/2025 17:00;0
12/06/2025 17:15;0
12/06/2025 17:30;0
12/06/2025 17:45;0
12/06/2025 18:00;0
12/06/2025 18:15;0
12/06/2025 18:30;0
12/06/2025 18:45;0
12/06/2025 19:00;0
12/06/2025 19:15;0
12/06/2025 19:30;0
12/06/2025 19:45;0
12/06/2025 20:00;0
12/06/2025 20:15;0
12/06/2025 20:30;0
12/06/2025 20:45;0
12/06/2025 21:00;0
12/06/2025 21:15;0
12/06/2025 21:30;0
12/06/2025 21:45;0
12/06/2025 22:00;0
12/06/2025 22:15;0
12/06/2025 22:30;0
12/06/2025 22:45;0
12/06/2025 23:00;0
12/06/2025 23:15;0
12/06/2025 23:30;0
12/06/2025 23:45;0
13/06/2025 00:00;0
13/06/2025 00:15;0
13/06/2025 00:30;0
13/06/2025 00:45;0
13/06/2025 01:00;0
13/06/2025 01:15;0
13/06/2025 01:30;0
13/06/2025 01:45;0
13/06/2025 02:00;0
13/06/2025 02:15;0
13/06/2025 02:30;0
13/06/2025 02:45;0
13/06/2025 03:00;0
13/06/2025 03:15;0
13/06/2025 03:30;0
13/06/2025 03:45;0
13/06/2025 04:00;0
13/06/2025 04:15;0
13/06/2025 04:30;0
13/06/2025 04:45;0
13/06/2025 05:00;0
13/06/2025 05:15;0
13/06/2025 05:30;0
13/06/2025 05:45;0
13/06/2025 06:00;0
13/06/2025 06:15;0
13/06/2025 06:30;0
13/06/2025 06:45;0
13/06/2025 07:00;0
13/06/2025 07:15;0
13/06/2025 07:30;0
13/06/2025 07:45;0
13/06/2025 08:00;0
13/06/2025 08:15;0
13/06/2025 08:30;0
13/06/2025 08:45;0
13/06/2025 09:00;0
13/06/2025 09:15;0
13/06/2025 09:30;0
13/06/2025 09:45;0
13/06/2025 10:00;0
13/06/2025 10:15;0
13/06/2025 10:30;0
13/06/2025 10:45;0
13/06/2025 11:00;0
13/06/2025 11:15;0
13/06/2025 11:30;0
13/06/2025 11:45;0
13/06/2025 12:00;0
13/06/2025 12:15;0
13/06/2025 12:30;0
13/06/2025 12:45;0
13/06/2025 13:00;0
13/06/2025 13:15;0
13/06/2025 13:30;0
13/06/2025 13:45;0
13/06/2025 14:00;0
13/06/2025 14:15;0
13/06/2025 14:30;0
13/06/2025 14:45;0
13/06/2025 15:00;0
13/06/2025 15:15;0
13/06/2025 15:30;0
13/06/2025 15:45;0
13/06/2025 16:00;0
13/06/2025 16:15;0
13/06/2025 16:30;0
13/06/2025 16:45;0
13/06/2025 17:00;0
13/06/2025 17:15;0
13/06/2025 17:30;0
13/06/2025 17:45;0
13/06/2025 18:00;0
13/06/2025 18:15;0
13/06/2025 18:30;0
13/06/2025 18:45;0
13/06/2025 19:00;0
13/06/2025 19:15;2.8
13/06/2025 19:30;0.4
13/06/2025 19:45;1.4
13/06/2025 20:00;0
13/06/2025 20:15;0
13/06/2025 20:30;0
13/06/2025 20:45;0
13/06/2025 21:00;0
13/06/2025 21:15;0
13/06/2025 21:30;0
13/06/2025 21:45;0
13/06/2025 22:00;0
13/06/2025 22:15;0
13/06/2025 22:30;0
13/06/2025 22:45;0
13/06/2025 23:00;0
13/06/2025 23:15;0
13/06/2025 23:30;0
13/06/2025 23:45;0
14/06/2025 00:00;0
14/06/2025 00:15;0
14/06/2025 00:30;0
14/06/2025 00:45;0
14/06/2025 01:00;0
14/06/2025 01:15;0
14/06/2025 01:30;0
14/06/2025 01:45;0
14/06/2025 02:00;0
14/06/2025 02:15;0
14/06/2025 02:30;0
14/06/2025 02:45;0
14/06/2025 03:00;0
14/06/2025 03:15;0
14/06/2025 03:30;0
14/06/2025 03:45;0
14/06/2025 04:00;0
14/06/2025 04:15;0
14/06/2025 04:30;0
14/06/2025 04:45;0
14/06/2025 05:00;0
14/06/2025 05:15;0
14/06/2025 05:30;0
14/06/2025 05:45;0
14/06/2025 06:00;0
14/06/2025 06:15;0
14/06/2025 06:30;0
14/06/2025 06:45;0
14/06/2025 07:00;0
14/06/2025 07:15;0
14/06/2025 07:30;0
14/06/2025 07:45;0
14/06/2025 08:00;0
14/06/2025 08:15;0
14/06/2025 08:30;0
14/06/2025 08:45;0
14/06/2025 09:00;0
14/06/2025 09:15;0
14/06/2025 09:30;0
14/06/2025 09:45;0
14/06/2025 10:00;0
14/06/2025 10:15;0
14/06/2025 10:30;0
14/06/2025 10:45;0
14/06/2025 11:00;0
14/06/2025 11:15;0
14/06/2025 11:30;0
14/06/2025 11:45;0
14/06/2025 12:00;0
14/06/2025 12:15;0
14/06/2025 12:30;0
14/06/2025 12:45;0
14/06/2025 13:00;0
14/06/2025 13:15;0
14/06/2025 13:30;0
14/06/2025 13:45;0
14/06/2025 14:00;0
14/06/2025 14:15;0
14/06/2025 14:30;0
14/06/2025 14:45;0
14/06/2025 15:00;0
14/06/2025 15:15;0
14/06/2025 15:30;0
14/06/2025 15:45;0
14/06/2025 16:00;0
14/06/2025 16:15;0
14/06/2025 16:30;0
14/06/2025 16:45;0
14/06/2025 17:00;0
14/06/2025 17:15;0
14/06/2025 17:30;0
14/06/2025 17:45;0
14/06/2025 18:00;0
14/06/2025 18:15;0
14/06/2025 18:30;0
14/06/2025 18:45;0
14/06/2025 19:00;0
14/06/2025 19:15;0
14/06/2025 19:30;0
14/06/2025 19:45;0
14/06/2025 20:00;0
14/06/2025 20:15;0
14/06/2025 20:30;0
14/06/2025 20:45;0
14/06/2025 21:00;0.5
14/06/2025 21:15;0
14/06/2025 21:30;0
14/06/2025 21:45;0
14/06/2025 22:00;0
14/06/2025 22:15;0
14/06/2025 22:30;0
14/06/2025 22:45;0
14/06/2025 23:00;0
14/06/2025 23:15;0
14/06/2025 23:30;0
14/06/2025 23:45;0
15/06/2025 00:00;0
15/06/2025 00:15;0
15/06/2025 00:30;0
15/06/2025 00:45;0
15/06/2025 01:00;0
15/06/2025 01:15;0
15/06/2025 01:30;0
15/06/2025 01:45;0
15/06/2025 02:00;0
15/06/2025 02:15;0
15/06/2025 02:30;0
15/06/2025 02:45;0
15/06/2025 03:00;0
15/06/2025 03:15;0
15/06/2025 03:30;0
15/06/2025 03:45;0
15/06/2025 04:00;0
15/06/2025 04:15;0
15/06/2025 04:30;0
15/06/2025 04:45;0
15/06/2025 05:00;0
15/06/2025 05:15;0
15/06/2025 05:30;0
15/06/2025 05:45;0
15/06/2025 06:00;0
15/06/2025 06:15;0
15/06/2025 06:30;0
15/06/2025 06:45;0
15/06/2025 07:00;0
15/06/2025 07:15;0
15/06/2025 07:30;0
15/06/2025 07:45;0
15/06/2025 08:00;0
15/06/2025 08:15;0
15/06/2025 08:30;0
15/06/2025 08:45;0
15/06/2025 09:00;0
15/06/2025 09:15;0
15/06/2025 09:30;0
15/06/2025 09:45;0
15/06/2025 10:00;0
15/06/2025 10:15;0
15/06/2025 10:30;0
15/06/2025 10:45;0.1
15/06/2025 11:00;0
15/06/2025 11:15;0
15/06/2025 11:30;0
15/06/2025 11:45;0
15/06/2025 12:00;0
15/06/2025 12:15;0
15/06/2025 12:30;0
15/06/2025 12:45;0
15/06/2025 13:00;0
15/06/2025 13:15;0
15/06/2025 13:30;0
15/06/2025 13:45;0
15/06/2025 14:00;0
15/06/2025 14:15;0
15/06/2025 14:30;0
15/06/2025 14:45;0
15/06/2025 15:00;0
15/06/2025 15:15;0
15/06/2025 15:30;0
15/06/2025 15:45;0
15/06/2025 16:00;0
15/06/2025 16:15;0
15/06/2025 16:30;0
15/06/2025 16:45;0
15/06/2025 17:00;0
15/06/2025 17:15;0
15/06/2025 17:30;0
15/06/2025 17:45;0
15/06/2025 18:00;0
15/06/2025 18:15;0
15/06/2025 18:30;0
15/06/2025 18:45;0
15/06/2025 19:00;0
15/06/2025 19:15;0
15/06/2025 19:30;0
15/06/2025 19:45;0
15/06/2025 20:00;0
15/06/2025 20:15;0
15/06/2025 20:30;0
15/06/2025 20:45;0
15/06/2025 21:00;0
15/06/2025 21:15;0
15/06/2025 21:30;0
15/06/2025 21:45;0
15/06/2025 22:00;0
15/06/2025 22:15;0
15/06/2025 22:30;0
15/06/2025 22:45;0
15/06/2025 23:00;0
15/06/2025 23:15;0
15/06/2025 23:30;0
15/06/2025 23:45;0
16/06/2025 00:00;0
16/06/2025 00:15;0
16/06/2025 00:30;0
16/06/2025 00:45;0
16/06/2025 01:00;0
16/06/2025 01:15;0
16/06/2025 01:30;0
16/06/2025 01:45;0
16/06/2025 02:00;0
16/06/2025 02:15;0
16/06/2025 02:30;0
16/06/2025 02:45;0
16/06/2025 03:00;0
16/06/2025 03:15;0
16/06/2025 03:30;0
16/06/2025 03:45;0
16/06/2025 04:00;0
16/06/2025 04:15;0
16/06/2025 04:30;0
16/06/2025 04:45;0
16/06/2025 05:00;0
16/06/2025 05:15;0
16/06/2025 05:30;0
16/06/2025 05:45;0
16/06/2025 06:00;0
16/06/2025 06:15;0
16/06/2025 06:30;0
16/06/2025 06:45;0
16/06/2025 07:00;0
16/06/2025 07:15;0
16/06/2025 07:30;0
16/06/2025 07:45;0
16/06/2025 08:00;0
16/06/2025 08:15;0
16/06/2025 08:30;0
16/06/2025 08:45;0
16/06/2025 09:00;0
16/06/2025 09:15;0
16/06/2025 09:30;0
16/06/2025 09:45;0
16/06/2025 10:00;0
16/06/2025 10:15;0
16/06/2025 10:30;0
16/06/2025 10:45;0
16/06/2025 11:00;0
16/06/2025 11:15;0
16/06/2025 11:30;0
16/06/2025 11:45;0
16/06/2025 12:00;0
16/06/2025 12:15;0
16/06/2025 12:30;0
16/06/2025 12:45;0
16/06/2025 13:00;0
16/06/2025 13:15;0
16/06/2025 13:30;0
16/06/2025 13:45;0
16/06/2025 14:00;0
16/06/2025 14:15;0
16/06/2025 14:30;0
16/06/2025 14:45;0
16/06/2025 15:00;0
16/06/2025 15:15;0
16/06/2025 15:30;0
16/06/2025 15:45;0
16/06/2025 16:00;0
16/06/2025 16:15;0
16/06/2025 16:30;0
16/06/2025 16:45;0
16/06/2025 17:00;0
16/06/2025 17:15;0
16/06/2025 17:30;0
16/06/2025 17:45;0
16/06/2025 18:00;0
16/06/2025 18:15;0
16/06/2025 18:30;0
16/06/2025 18:45;0
16/06/2025 19:00;0
16/06/2025 19:15;0
16/06/2025 19:30;0
16/06/2025 19:45;0
16/06/2025 20:00;0
16/06/2025 20:15;0
16/06/2025 20:30;0
16/06/2025 20:45;0
16/06/2025 21:00;0
16/06/2025 21:15;0
16/06/2025 21:30;0
16/06/2025 21:45;0
16/06/2025 22:00;0
16/06/2025 22:15;0
16/06/2025 22:30;0
16/06/2025 22:45;0
16/06/2025 23:00;0
16/06/2025 23:15;0
16/06/2025 23:30;0
16/06/2025 23:45;0
17/06/2025 00:00;0
17/06/2025 00:15;0
17/06/2025 00:30;0
17/06/2025 00:45;0
17/06/2025 01:00;0
17/06/2025 01:15;0
17/06/2025 01:30;0
17/06/2025 01:45;0
17/06/2025 02:00;0
17/06/2025 02:15;0
17/06/2025 02:30;0
17/06/2025 02:45;0
17/06/2025 03:00;0
17/06/2025 03:15;0
17/06/2025 03:30;0
17/06/2025 03:45;0
17/06/2025 04:00;0
17/06/2025 04:15;0
17/06/2025 04:30;0
17/06/2025 04:45;0
17/06/2025 05:00;0
17/06/2025 05:15;0
17/06/2025 05:30;0
17/06/2025 05:45;0
17/06/2025 06:00;0
17/06/2025 06:15;0
17/06/2025 06:30;0
17/06/2025 06:45;0
17/06/2025 07:00;0
17/06/2025 07:15;0
17/06/2025 07:30;0
17/06/2025 07:45;0
17/06/2025 08:00;0
17/06/2025 08:15;0
17/06/2025 08:30;0
17/06/2025 08:45;0
17/06/2025 09:00;0
17/06/2025 09:15;0
17/06/2025 09:30;0
17/06/2025 09:45;0
17/06/2025 10:00;0
17/06/2025 10:15;0
17/06/2025 10:30;0
17/06/2025 10:45;0
17/06/2025 11:00;0
17/06/2025 11:15;0
17/06/2025 11:30;0
17/06/2025 11:45;0
17/06/2025 12:00;0
17/06/2025 12:15;0
17/06/2025 12:30;0
17/06/2025 12:45;0
17/06/2025 13:00;0
17/06/2025 13:15;0
17/06/2025 13:30;0
17/06/2025 13:45;0
17/06/2025 14:00;0
17/06/2025 14:15;0
17/06/2025 14:30;0
17/06/2025 14:45;0
17/06/2025 15:00;0
17/06/2025 15:15;0
17/06/2025 15:30;0
17/06/2025 15:45;0
17/06/2025 16:00;0
17/06/2025 16:15;0
17/06/2025 16:30;0
17/06/2025 16:45;0
17/06/2025 17:00;0
17/06/2025 17:15;0
17/06/2025 17:30;0
17/06/2025 17:45;0
17/06/2025 18:00;0
17/06/2025 18:15;0
17/06/2025 18:30;0
17/06/2025 18:45;0
17/06/2025 19:00;0
17/06/2025 19:15;0
17/06/2025 19:30;0
17/06/2025 19:45;0
17/06/2025 20:00;0
17/06/2025 20:15;0
17/06/2025 20:30;0
17/06/2025 20:45;0
17/06/2025 21:00;0
17/06/2025 21:15;0
17/06/2025 21:30;0
17/06/2025 21:45;0
17/06/2025 22:00;0
17/06/2025 22:15;0
17/06/2025 22:30;0
17/06/2025 22:45;0
17/06/2025 23:00;0
17/06/2025 23:15;0
17/06/2025 23:30;0
17/06/2025 23:45;0
18/06/2025 00:00;0
18/06/2025 00:15;0
18/06/2025 00:30;0
18/06/2025 00:45;0
18/06/2025 01:00;0
18/06/2025 01:15;0
18/06/2025 01:30;0
18/06/2025 01:45;0
18/06/2025 02:00;0
18/06/2025 02:15;0
18/06/2025 02:30;0
18/06/2025 02:45;0
18/06/2025 03:00;0
18/06/2025 03:15;0
18/06/2025 03:30;0
18/06/2025 03:45;0
18/06/2025 04:00;0
18/06/2025 04:15;0
18/06/2025 04:30;0
18/06/2025 04:45;0
18/06/2025 05:00;0
18/06/2025 05:15;0
18/06/2025 05:30;0
18/06/2025 05:45;0
18/06/2025 06:00;0
18/06/2025 06:15;0
18/06/2025 06:30;0
18/06/2025 06:45;0
18/06/2025 07:00;0
18/06/2025 07:15;0
18/06/2025 07:30;0
18/06/2025 07:45;0
18/06/2025 08:00;0
18/06/2025 08:15;0
18/06/2025 08:30;0
18/06/2025 08:45;0
18/06/2025 09:00;0
18/06/2025 09:15;0
18/06/2025 09:30;0
18/06/2025 09:45;0
18/06/2025 10:00;0
18/06/2025 10:15;0
18/06/2025 10:30;0
18/06/2025 10:45;0
18/06/2025 11:00;0
18/06/2025 11:15;0
18/06/2025 11:30;0
18/06/2025 11:45;0
18/06/2025 12:00;0
18/06/2025 12:15;0
18/06/2025 12:30;0
18/06/2025 12:45;0
18/06/2025 13:00;0
18/06/2025 13:15;0
18/06/2025 13:30;0
18/06/2025 13:45;0
18/06/2025 14:00;0
18/06/2025 14:15;0
18/06/2025 14:30;0
18/06/2025 14:45;0
18/06/2025 15:00;0
18/06/2025 15:15;0
18/06/2025 15:30;0
18/06/2025 15:45;0
18/06/2025 16:00;0
18/06/2025 16:15;0
18/06/2025 16:30;0
18/06/2025 16:45;0
18/06/2025 17:00;0
18/06/2025 17:15;0
18/06/2025 17:30;0
18/06/2025 17:45;0
18/06/2025 18:00;0
18/06/2025 18:15;0
18/06/2025 18:30;0
18/06/2025 18:45;0
18/06/2025 19:00;0
18/06/2025 19:15;0
18/06/2025 19:30;0
18/06/2025 19:45;0
18/06/2025 20:00;0
18/06/2025 20:15;0
18/06/2025 20:30;0
18/06/2025 20:45;0
18/06/2025 21:00;0
18/06/2025 21:15;0
18/06/2025 21:30;0
18/06/2025 21:45;0
18/06/2025 22:00;0
18/06/2025 22:15;0
18/06/2025 22:30;0
18/06/2025 22:45;0
18/06/2025 23:00;0
18/06/2025 23:15;0
18/06/2025 23:30;0
18/06/2025 23:45;0
19/06/2025 00:00;0
19/06/2025 00:15;0
19/06/2025 00:30;0
19/06/2025 00:45;0
19/06/2025 01:00;0
19/06/2025 01:15;0
19/06/2025 01:30;0
19/06/2025 01:45;0
19/06/2025 02:00;0
19/06/2025 02:15;0
19/06/2025 02:30;0
19/06/2025 02:45;0
19/06/2025 03:00;0
19/06/2025 03:15;0
19/06/2025 03:30;0
19/06/2025 03:45;0
19/06/2025 04:00;0
19/06/2025 04:15;0
19/06/2025 04:30;0
19/06/2025 04:45;0
19/06/2025 05:00;0
19/06/2025 05:15;0
19/06/2025 05:30;0
19/06/2025 05:45;0
19/06/2025 06:00;0
19/06/2025 06:15;0
19/06/2025 06:30;0
19/06/2025 06:45;0
19/06/2025 07:00;0
19/06/2025 07:15;0
19/06/2025 07:30;0
19/06/2025 07:45;0
19/06/2025 08:00;0
19/06/2025 08:15;0
19/06/2025 08:30;0
19/06/2025 08:45;0
19/06/2025 09:00;0
19/06/2025 09:15;0
19/06/2025 09:30;0
19/06/2025 09:45;0
19/06/2025 10:00;0
19/06/2025 10:15;0
19/06/2025 10:30;0
19/06/2025 10:45;0
19/06/2025 11:00;0
19/06/2025 11:15;0
19/06/2025 11:30;0
19/06/2025 11:45;0
19/06/2025 12:00;0
19/06/2025 12:15;0
19/06/2025 12:30;0
19/06/2025 12:45;0
19/06/2025 13:00;0
19/06/2025 13:15;0
19/06/2025 13:30;0
19/06/2025 13:45;0
19/06/2025 14:00;0
19/06/2025 14:15;0
19/06/2025 14:30;0
19/06/2025 14:45;0
19/06/2025 15:00;0
19/06/2025 15:15;0
19/06/2025 15:30;0
19/06/2025 15:45;0
19/06/2025 16:00;0
19/06/2025 16:15;0
19/06/2025 16:30;0
19/06/2025 16:45;0
19/06/2025 17:00;0
19/06/2025 17:15;0
19/06/2025 17:30;0
19/06/2025 17:45;0
19/06/2025 18:00;0
19/06/2025 18:15;0
19/06/2025 18:30;0
19/06/2025 18:45;0
19/06/2025 19:00;0
19/06/2025 19:15;0
19/06/2025 19:30;0
19/06/2025 19:45;0
19/06/2025 20:00;0
19/06/2025 20:15;0
19/06/2025 20:30;0
19/06/2025 20:45;0
19/06/2025 21:00;0
19/06/2025 21:15;0
19/06/2025 21:30;0
19/06/2025 21:45;0
19/06/2025 22:00;0
19/06/2025 22:15;0
19/06/2025 22:30;0
19/06/2025 22:45;0
19/06/2025 23:00;0
19/06/2025 23:15;0
19/06/2025 23:30;0
19/06/2025 23:45;0
20/06/2025 00:00;0
20/06/2025 00:15;0
20/06/2025 00:30;0
20/06/2025 00:45;0
20/06/2025 01:00;0
20/06/2025 01:15;0
20/06/2025 01:30;0
20/06/2025 01:45;0
20/06/2025 02:00;0
20/06/2025 02:15;0
20/06/2025 02:30;0
20/06/2025 02:45;0
20/06/2025 03:00;0
20/06/2025 03:15;0
20/06/2025 03:30;0
20/06/2025 03:45;0
20/06/2025 04:00;0
20/06/2025 04:15;0
20/06/2025 04:30;0
20/06/2025 04:45;0
20/06/2025 05:00;0
20/06/2025 05:15;0
20/06/2025 05:30;0
20/06/2025 05:45;0
20/06/2025 06:00;0
20/06/2025 06:15;0
20/06/2025 06:30;0
20/06/2025 06:45;0
20/06/2025 07:00;0
20/06/2025 07:15;0
20/06/2025 07:30;0
20/06/2025 07:45;0
20/06/2025 08:00;0
20/06/2025 08:15;0
20/06/2025 08:30;0
20/06/2025 08:45;0
20/06/2025 09:00;0
20/06/2025 09:15;0
20/06/2025 09:30;0
20/06/2025 09:45;0
20/06/2025 10:00;0
20/06/2025 10:15;0
20/06/2025 10:30;0
20/06/2025 10:45;0
20/06/2025 11:00;0
20/06/2025 11:15;0
20/06/2025 11:30;0
20/06/2025 11:45;0
20/06/2025 12:00;0
20/06/2025 12:15;0
20/06/2025 12:30;0
20/06/2025 12:45;0
20/06/2025 13:00;0
20/06/2025 13:15;0
20/06/2025 13:30;0
20/06/2025 13:45;0
20/06/2025 14:00;0
20/06/2025 14:15;0
20/06/2025 14:30;0
20/06/2025 14:45;0
20/06/2025 15:00;0
20/06/2025 15:15;0
20/06/2025 15:30;0
20/06/2025 15:45;0
20/06/2025 16:00;0
20/06/2025 16:15;0
20/06/2025 16:30;0
20/06/2025 16:45;0
20/06/2025 17:00;0
20/06/2025 17:15;0
20/06/2025 17:30;0
20/06/2025 17:45;0
20/06/2025 18:00;0
20/06/2025 18:15;0
20/06/2025 18:30;0
20/06/2025 18:45;0
20/06/2025 19:00;0
20/06/2025 19:15;0
20/06/2025 19:30;0
20/06/2025 19:45;0
20/06/2025 20:00;0
20/06/2025 20:15;0
20/06/2025 20:30;0
20/06/2025 20:45;0
20/06/2025 21:00;0
20/06/2025 21:15;0
20/06/2025 21:30;0
20/06/2025 21:45;0
20/06/2025 22:00;0
20/06/2025 22:15;0
20/06/2025 22:30;0
20/06/2025 22:45;0
20/06/2025 23:00;0
20/06/2025 23:15;0
20/06/2025 23:30;0
20/06/2025 23:45;0
21/06/2025 00:00;0
21/06/2025 00:15;0
21/06/2025 00:30;0
21/06/2025 00:45;0
21/06/2025 01:00;0
21/06/2025 01:15;0
21/06/2025 01:30;0
21/06/2025 01:45;0
21/06/2025 02:00;0
21/06/2025 02:15;0
21/06/2025 02:30;0
21/06/2025 02:45;0
21/06/2025 03:00;0
21/06/2025 03:15;0
21/06/2025 03:30;0
21/06/2025 03:45;0
21/06/2025 04:00;0
21/06/2025 04:15;0
21/06/2025 04:30;0
21/06/2025 04:45;0
21/06/2025 05:00;0
21/06/2025 05:15;0
21/06/2025 05:30;0
21/06/2025 05:45;0
21/06/2025 06:00;0
21/06/2025 06:15;0
21/06/2025 06:30;0
21/06/2025 06:45;0
21/06/2025 07:00;0
21/06/2025 07:15;0
21/06/2025 07:30;0
21/06/2025 07:45;0
21/06/2025 08:00;0
21/06/2025 08:15;0
21/06/2025 08:30;0
21/06/2025 08:45;0
21/06/2025 09:00;0
21/06/2025 09:15;0
21/06/2025 09:30;0
21/06/2025 09:45;0
21/06/2025 10:00;0
21/06/2025 10:15;0
21/06/2025 10:30;0
21/06/2025 10:45;0
21/06/2025 11:00;0
21/06/2025 11:15;0
21/06/2025 11:30;0
21/06/2025 11:45;0
21/06/2025 12:00;0
21/06/2025 12:15;0
21/06/2025 12:30;0
21/06/2025 12:45;0
21/06/2025 13:00;0
21/06/2025 13:15;0
21/06/2025 13:30;0
21/06/2025 13:45;0
21/06/2025 14:00;0
21/06/2025 14:15;0
21/06/2025 14:30;0
21/06/2025 14:45;0
21/06/2025 15:00;0
21/06/2025 15:15;0
21/06/2025 15:30;0
21/06/2025 15:45;0
21/06/2025 16:00;0
21/06/2025 16:15;0
21/06/2025 16:30;0
21/06/2025 16:45;0
21/06/2025 17:00;0
21/06/2025 17:15;0
21/06/2025 17:30;0
21/06/2025 17:45;0
21/06/2025 18:00;0
21/06/2025 18:15;0
21/06/2025 18:30;0
21/06/2025 18:45;0
21/06/2025 19:00;0
21/06/2025 19:15;0
21/06/2025 19:30;0
21/06/2025 19:45;0
21/06/2025 20:00;0
21/06/2025 20:15;0
21/06/2025 20:30;0
21/06/2025 20:45;0
21/06/2025 21:00;0
21/06/2025 21:15;0
21/06/2025 21:30;0
21/06/2025 21:45;0
21/06/2025 22:00;0
21/06/2025 22:15;0
21/06/2025 22:30;0
21/06/2025 22:45;0
21/06/2025 23:00;0
21/06/2025 23:15;0
21/06/2025 23:30;0
21/06/2025 23:45;0
22/06/2025 00:00;0
22/06/2025 00:15;0
22/06/2025 00:30;0
22/06/2025 00:45;0
22/06/2025 01:00;0
22/06/2025 01:15;0
22/06/2025 01:30;0
22/06/2025 01:45;0
22/06/2025 02:00;0
22/06/2025 02:15;0
22/06/2025 02:30;0
22/06/2025 02:45;0
22/06/2025 03:00;0
22/06/2025 03:15;0
22/06/2025 03:30;0
22/06/2025 03:45;0
22/06/2025 04:00;0
22/06/2025 04:15;0
22/06/2025 04:30;0
22/06/2025 04:45;0
22/06/2025 05:00;0
22/06/2025 05:15;0
22/06/2025 05:30;0
22/06/2025 05:45;0
22/06/2025 06:00;0
22/06/2025 06:15;0
22/06/2025 06:30;0
22/06/2025 06:45;0
22/06/2025 07:00;0
22/06/2025 07:15;0
22/06/2025 07:30;0
22/06/2025 07:45;0
22/06/2025 08:00;0
22/06/2025 08:15;0
22/06/2025 08:30;0
22/06/2025 08:45;0
22/06/2025 09:00;0
22/06/2025 09:15;0
22/06/2025 09:30;0
22/06/2025 09:45;0
22/06/2025 10:00;0
22/06/2025 10:15;0
22/06/2025 10:30;0
22/06/2025 10:45;0
22/06/2025 11:00;0
22/06/2025 11:15;0
22/06/2025 11:30;0
22/06/2025 11:45;0
22/06/2025 12:00;0
22/06/2025 12:15;0
22/06/2025 12:30;0
22/06/2025 12:45;0
22/06/2025 13:00;0
22/06/2025 13:15;0
22/06/2025 13:30;0
22/06/2025 13:45;0
22/06/2025 14:00;0
22/06/2025 14:15;0
22/06/2025 14:30;0
22/06/2025 14:45;0
22/06/2025 15:00;0
22/06/2025 15:15;0
22/06/2025 15:30;0
22/06/2025 15:45;0
22/06/2025 16:00;0
22/06/2025 16:15;0
22/06/2025 16:30;0
22/06/2025 16:45;0
22/06/2025 17:00;0
22/06/2025 17:15;0
22/06/2025 17:30;0
22/06/2025 17:45;0
22/06/2025 18:00;0
22/06/2025 18:15;0
22/06/2025 18:30;0
22/06/2025 18:45;0
22/06/2025 19:00;0
22/06/2025 19:15;0
22/06/2025 19:30;0
22/06/2025 19:45;0
22/06/2025 20:00;0
22/06/2025 20:15;0
22/06/2025 20:30;0
22/06/2025 20:45;0
22/06/2025 21:00;0
22/06/2025 21:15;0
22/06/2025 21:30;0
22/06/2025 21:45;0
22/06/2025 22:00;0
22/06/2025 22:15;0
22/06/2025 22:30;0
22/06/2025 22:45;0
22/06/2025 23:00;0
22/06/2025 23:15;0
22/06/2025 23:30;0
22/06/2025 23:45;0
23/06/2025 00:00;0
23/06/2025 00:15;0
23/06/2025 00:30;0
23/06/2025 00:45;0
23/06/2025 01:00;0
23/06/2025 01:15;0
23/06/2025 01:30;0
23/06/2025 01:45;0
23/06/2025 02:00;0
23/06/2025 02:15;0
23/06/2025 02:30;0
23/06/2025 02:45;0
23/06/2025 03:00;0
23/06/2025 03:15;0
23/06/2025 03:30;0
23/06/2025 03:45;0
23/06/2025 04:00;0
23/06/2025 04:15;0
23/06/2025 04:30;0
23/06/2025 04:45;0
23/06/2025 05:00;0
23/06/2025 05:15;0
23/06/2025 05:30;0
23/06/2025 05:45;0
23/06/2025 06:00;0
23/06/2025 06:15;0
23/06/2025 06:30;0
23/06/2025 06:45;0
23/06/2025 07:00;0
23/06/2025 07:15;0
23/06/2025 07:30;0
23/06/2025 07:45;0
23/06/2025 08:00;0
23/06/2025 08:15;0
23/06/2025 08:30;0
23/06/2025 08:45;0
23/06/2025 09:00;0
23/06/2025 09:15;0
23/06/2025 09:30;0
23/06/2025 09:45;0
23/06/2025 10:00;0
23/06/2025 10:15;0
23/06/2025 10:30;0
23/06/2025 10:45;0
23/06/2025 11:00;0
23/06/2025 11:15;0
23/06/2025 11:30;0
23/06/2025 11:45;0
23/06/2025 12:00;0
23/06/2025 12:15;0
23/06/2025 12:30;0
23/06/2025 12:45;0
23/06/2025 13:00;0
23/06/2025 13:15;0
23/06/2025 13:30;0
23/06/2025 13:45;0
23/06/2025 14:00;0
23/06/2025 14:15;0
23/06/2025 14:30;0
23/06/2025 14:45;0
23/06/2025 15:00;0
23/06/2025 15:15;0
23/06/2025 15:30;0
23/06/2025 15:45;0
23/06/2025 16:00;0
23/06/2025 16:15;0
23/06/2025 16:30;0
23/06/2025 16:45;0
23/06/2025 17:00;0
23/06/2025 17:15;0
23/06/2025 17:30;0
23/06/2025 17:45;0
23/06/2025 18:00;0
23/06/2025 18:15;0
23/06/2025 18:30;0
23/06/2025 18:45;0
23/06/2025 19:00;0
23/06/2025 19:15;0
23/06/2025 19:30;0
23/06/2025 19:45;0
23/06/2025 20:00;0
23/06/2025 20:15;0
23/06/2025 20:30;0
23/06/2025 20:45;0
23/06/2025 21:00;0
23/06/2025 21:15;0
23/06/2025 21:30;0
23/06/2025 21:45;0
23/06/2025 22:00;0
23/06/2025 22:15;0
23/06/2025 22:30;0
23/06/2025 22:45;0
23/06/2025 23:00;0
23/06/2025 23:15;0
23/06/2025 23:30;0
23/06/2025 23:45;0
24/06/2025 00:00;0
24/06/2025 00:15;0
24/06/2025 00:30;0
24/06/2025 00:45;0
24/06/2025 01:00;0
24/06/2025 01:15;0
24/06/2025 01:30;0
24/06/2025 01:45;0
24/06/2025 02:00;0
24/06/2025 02:15;0
24/06/2025 02:30;0
24/06/2025 02:45;0
24/06/2025 03:00;0
24/06/2025 03:15;0
24/06/2025 03:30;0
24/06/2025 03:45;0
24/06/2025 04:00;0
24/06/2025 04:15;0
24/06/2025 04:30;0
24/06/2025 04:45;0
24/06/2025 05:00;0
24/06/2025 05:15;0
24/06/2025 05:30;0
24/06/2025 05:45;0
24/06/2025 06:00;0
24/06/2025 06:15;0
24/06/2025 06:30;0
24/06/2025 06:45;0
24/06/2025 07:00;0
24/06/2025 07:15;0
24/06/2025 07:30;0
24/06/2025 07:45;0
24/06/2025 08:00;0
24/06/2025 08:15;0
24/06/2025 08:30;0
24/06/2025 08:45;0
24/06/2025 09:00;0
24/06/2025 09:15;0
24/06/2025 09:30;0
24/06/2025 09:45;0
24/06/2025 10:00;0
24/06/2025 10:15;0
24/06/2025 10:30;0
24/06/2025 10:45;0
24/06/2025 11:00;0
24/06/2025 11:15;0
24/06/2025 11:30;0
24/06/2025 11:45;0
24/06/2025 12:00;0
24/06/2025 12:15;0
24/06/2025 12:30;0
24/06/2025 12:45;0
24/06/2025 13:00;0
24/06/2025 13:15;0
24/06/2025 13:30;0
24/06/2025 13:45;0
24/06/2025 14:00;0
24/06/2025 14:15;0
24/06/2025 14:30;0
24/06/2025 14:45;0
24/06/2025 15:00;0
24/06/2025 15:15;0
24/06/2025 15:30;0
24/06/2025 15:45;0
24/06/2025 16:00;0
24/06/2025 16:15;0
24/06/2025 16:30;0
24/06/2025 16:45;0
24/06/2025 17:00;0
24/06/2025 17:15;0
24/06/2025 17:30;0
24/06/2025 17:45;0
24/06/2025 18:00;0
24/06/2025 18:15;0
24/06/2025 18:30;0
24/06/2025 18:45;0
24/06/2025 19:00;0
24/06/2025 19:15;0
24/06/2025 19:30;0
24/06/2025 19:45;0
24/06/2025 20:00;0
24/06/2025 20:15;0
24/06/2025 20:30;0
24/06/2025 20:45;0
24/06/2025 21:00;0
24/06/2025 21:15;0
24/06/2025 21:30;0
24/06/2025 21:45;0
24/06/2025 22:00;0
24/06/2025 22:15;0
24/06/2025 22:30;0
24/06/2025 22:45;0
24/06/2025 23:00;0
24/06/2025 23:15;0
24/06/2025 23:30;0
24/06/2025 23:45;0
25/06/2025 00:00;0
25/06/2025 00:15;0
25/06/2025 00:30;0
25/06/2025 00:45;0
25/06/2025 01:00;0
25/06/2025 01:15;0
25/06/2025 01:30;0
25/06/2025 01:45;0
25/06/2025 02:00;0
25/06/2025 02:15;0
25/06/2025 02:30;0
25/06/2025 02:45;0
25/06/2025 03:00;0
25/06/2025 03:15;0
25/06/2025 03:30;0
25/06/2025 03:45;0
25/06/2025 04:00;0
25/06/2025 04:15;0
25/06/2025 04:30;0
25/06/2025 04:45;0
25/06/2025 05:00;0
25/06/2025 05:15;0
25/06/2025 05:30;0
25/06/2025 05:45;0
25/06/2025 06:00;0
25/06/2025 06:15;0
25/06/2025 06:30;0
25/06/2025 06:45;0
25/06/2025 07:00;0
25/06/2025 07:15;0
25/06/2025 07:30;0
25/06/2025 07:45;0
25/06/2025 08:00;0
25/06/2025 08:15;0
25/06/2025 08:30;0
25/06/2025 08:45;0
25/06/2025 09:00;0
25/06/2025 09:15;0
25/06/2025 09:30;0
25/06/2025 09:45;0
25/06/2025 10:00;0
25/06/2025 10:15;0
25/06/2025 10:30;0
25/06/2025 10:45;0
25/06/2025 11:00;0
25/06/2025 11:15;0
25/06/2025 11:30;0
25/06/2025 11:45;0
25/06/2025 12:00;0
25/06/2025 12:15;0
25/06/2025 12:30;0
25/06/2025 12:45;0
25/06/2025 13:00;0
25/06/2025 13:15;0
25/06/2025 13:30;0
25/06/2025 13:45;0
25/06/2025 14:00;0
25/06/2025 14:15;0
25/06/2025 14:30;0
25/06/2025 14:45;0
25/06/2025 15:00;0
25/06/2025 15:15;0
25/06/2025 15:30;0
25/06/2025 15:45;0
25/06/2025 16:00;0
25/06/2025 16:15;0
25/06/2025 16:30;0
25/06/2025 16:45;0
25/06/2025 17:00;0
25/06/2025 17:15;0
25/06/2025 17:30;0
25/06/2025 17:45;0
25/06/2025 18:00;0.6
25/06/2025 18:15;0.6
25/06/2025 18:30;1.1
25/06/2025 18:45;0
25/06/2025 19:00;0
25/06/2025 19:15;0
25/06/2025 19:30;0
25/06/2025 19:45;0
25/06/2025 20:00;0
25/06/2025 20:15;0
25/06/2025 20:30;0
25/06/2025 20:45;0
25/06/2025 21:00;0
25/06/2025 21:15;0
25/06/2025 21:30;0
25/06/2025 21:45;0
25/06/2025 22:00;0
25/06/2025 22:15;0
25/06/2025 22:30;0
25/06/2025 22:45;0
25/06/2025 23:00;0
25/06/2025 23:15;0
25/06/2025 23:30;0
25/06/2025 23:45;0
26/06/2025 00:00;0
26/06/2025 00:15;0
26/06/2025 00:30;0
26/06/2025 00:45;0
26/06/2025 01:00;0
26/06/2025 01:15;0
26/06/2025 01:30;0
26/06/2025 01:45;0
26/06/2025 02:00;0
26/06/2025 02:15;0
26/06/2025 02:30;0
26/06/2025 02:45;0
26/06/2025 03:00;0
26/06/2025 03:15;0
26/06/2025 03:30;0
26/06/2025 03:45;0
26/06/2025 04:00;0
26/06/2025 04:15;0
26/06/2025 04:30;0
26/06/2025 04:45;0
26/06/2025 05:00;0
26/06/2025 05:15;0
26/06/2025 05:30;0
26/06/2025 05:45;0
26/06/2025 06:00;0
26/06/2025 06:15;0
26/06/2025 06:30;0
26/06/2025 06:45;0
26/06/2025 07:00;0
26/06/2025 07:15;0
26/06/2025 07:30;0
26/06/2025 07:45;0
26/06/2025 08:00;0
26/06/2025 08:15;0
26/06/2025 08:30;0
26/06/2025 08:45;0
26/06/2025 09:00;0
26/06/2025 09:15;0
26/06/2025 09:30;0
26/06/2025 09:45;0
26/06/2025 10:00;0
26/06/2025 10:15;0
26/06/2025 10:30;0
26/06/2025 10:45;0
26/06/2025 11:00;0
26/06/2025 11:15;0
26/06/2025 11:30;0
26/06/2025 11:45;0
26/06/2025 12:00;0
26/06/2025 12:15;0
26/06/2025 12:30;0
26/06/2025 12:45;0
26/06/2025 13:00;0
26/06/2025 13:15;0
26/06/2025 13:30;0
26/06/2025 13:45;0
26/06/2025 14:00;0
26/06/2025 14:15;0
26/06/2025 14:30;0
26/06/2025 14:45;0
26/06/2025 15:00;0
26/06/2025 15:15;0
26/06/2025 15:30;0
26/06/2025 15:45;0
26/06/2025 16:00;0
26/06/2025 16:15;0
26/06/2025 16:30;0
26/06/2025 16:45;0
26/06/2025 17:00;0
26/06/2025 17:15;0
26/06/2025 17:30;0
26/06/2025 17:45;0
26/06/2025 18:00;0
26/06/2025 18:15;0
26/06/2025 18:30;0
26/06/2025 18:45;0
26/06/2025 19:00;0
26/06/2025 19:15;0
26/06/2025 19:30;0
26/06/2025 19:45;0
26/06/2025 20:00;0
26/06/2025 20:15;0
26/06/2025 20:30;0
26/06/2025 20:45;0
26/06/2025 21:00;0
26/06/2025 21:15;0
26/06/2025 21:30;0
26/06/2025 21:45;0
26/06/2025 22:00;0
26/06/2025 22:15;0
26/06/2025 22:30;0
26/06/2025 22:45;0
26/06/2025 23:00;0
26/06/2025 23:15;0
26/06/2025 23:30;0
26/06/2025 23:45;0
27/06/2025 00:00;0
27/06/2025 00:15;0
27/06/2025 00:30;0
27/06/2025 00:45;0
27/06/2025 01:00;0
27/06/2025 01:15;0
27/06/2025 01:30;0
27/06/2025 01:45;0
27/06/2025 02:00;0
27/06/2025 02:15;0
27/06/2025 02:30;0
27/06/2025 02:45;0
27/06/2025 03:00;0
27/06/2025 03:15;0
27/06/2025 03:30;0
27/06/2025 03:45;0
27/06/2025 04:00;0
27/06/2025 04:15;0
27/06/2025 04:30;0
27/06/2025 04:45;0
27/06/2025 05:00;0
27/06/2025 05:15;0
27/06/2025 05:30;0
27/06/2025 05:45;0
27/06/2025 06:00;0
27/06/2025 06:15;0
27/06/2025 06:30;0
27/06/2025 06:45;0
27/06/2025 07:00;0
27/06/2025 07:15;0
27/06/2025 07:30;0
27/06/2025 07:45;0
27/06/2025 08:00;0
27/06/2025 08:15;0
27/06/2025 08:30;0
27/06/2025 08:45;0
27/06/2025 09:00;0
27/06/2025 09:15;0
27/06/2025 09:30;0
27/06/2025 09:45;0
27/06/2025 10:00;0
27/06/2025 10:15;0
27/06/2025 10:30;0
27/06/2025 10:45;0
27/06/2025 11:00;0
27/06/2025 11:15;0
27/06/2025 11:30;0
27/06/2025 11:45;0
27/06/2025 12:00;0
27/06/2025 12:15;0
27/06/2025 12:30;0
27/06/2025 12:45;0
27/06/2025 13:00;0
27/06/2025 13:15;0
27/06/2025 13:30;0
27/06/2025 13:45;0
27/06/2025 14:00;0
27/06/2025 14:15;0
27/06/2025 14:30;0
27/06/2025 14:45;0
27/06/2025 15:00;0
27/06/2025 15:15;0
27/06/2025 15:30;0
27/06/2025 15:45;0
27/06/2025 16:00;0
27/06/2025 16:15;0
27/06/2025 16:30;0
27/06/2025 16:45;0
27/06/2025 17:00;0
27/06/2025 17:15;0
27/06/2025 17:30;0
27/06/2025 17:45;0
27/06/2025 18:00;0
27/06/2025 18:15;0
27/06/2025 18:30;0
27/06/2025 18:45;0
27/06/2025 19:00;0
27/06/2025 19:15;0
27/06/2025 19:30;0
27/06/2025 19:45;0
27/06/2025 20:00;0
27/06/2025 20:15;0
27/06/2025 20:30;0
27/06/2025 20:45;0
27/06/2025 21:00;0
27/06/2025 21:15;0
27/06/2025 21:30;0
27/06/2025 21:45;0
27/06/2025 22:00;0
27/06/2025 22:15;0
27/06/2025 22:30;0
27/06/2025 22:45;0
27/06/2025 23:00;0
27/06/2025 23:15;0
27/06/2025 23:30;0
27/06/2025 23:45;0
28/06/2025 00:00;0
28/06/2025 00:15;0
28/06/2025 00:30;0
28/06/2025 00:45;0
28/06/2025 01:00;0
28/06/2025 01:15;0
28/06/2025 01:30;0
28/06/2025 01:45;0
28/06/2025 02:00;0
28/06/2025 02:15;0
28/06/2025 02:30;0
28/06/2025 02:45;0
28/06/2025 03:00;0
28/06/2025 03:15;0
28/06/2025 03:30;0
28/06/2025 03:45;0
28/06/2025 04:00;0
28/06/2025 04:15;0
28/06/2025 04:30;0
28/06/2025 04:45;0
28/06/2025 05:00;0
28/06/2025 05:15;0
28/06/2025 05:30;0
28/06/2025 05:45;0
28/06/2025 06:00;0
28/06/2025 06:15;0
28/06/2025 06:30;0
28/06/2025 06:45;0
28/06/2025 07:00;0
28/06/2025 07:15;0
28/06/2025 07:30;0
28/06/2025 07:45;0
28/06/2025 08:00;0
28/06/2025 08:15;0
28/06/2025 08:30;0
28/06/2025 08:45;0
28/06/2025 09:00;0
28/06/2025 09:15;0
28/06/2025 09:30;0
28/06/2025 09:45;0
28/06/2025 10:00;0
28/06/2025 10:15;0
28/06/2025 10:30;0
28/06/2025 10:45;0
28/06/2025 11:00;0
28/06/2025 11:15;0
28/06/2025 11:30;0
28/06/2025 11:45;0
28/06/2025 12:00;0
28/06/2025 12:15;0
28/06/2025 12:30;0
28/06/2025 12:45;0
28/06/2025 13:00;0
28/06/2025 13:15;0
28/06/2025 13:30;0
28/06/2025 13:45;0
28/06/2025 14:00;0
28/06/2025 14:15;0
28/06/2025 14:30;0
28/06/2025 14:45;0
28/06/2025 15:00;0
28/06/2025 15:15;0
28/06/2025 15:30;0
28/06/2025 15:45;0
28/06/2025 16:00;0
28/06/2025 16:15;0
28/06/2025 16:30;0
28/06/2025 16:45;0
28/06/2025 17:00;0
28/06/2025 17:15;0
28/06/2025 17:30;0
28/06/2025 17:45;0
28/06/2025 18:00;0
28/06/2025 18:15;0
28/06/2025 18:30;0
28/06/2025 18:45;0
28/06/2025 19:00;0
28/06/2025 19:15;0
28/06/2025 19:30;0
28/06/2025 19:45;0
28/06/2025 20:00;0
28/06/2025 20:15;0
28/06/2025 20:30;0
28/06/2025 20:45;0
28/06/2025 21:00;0
28/06/2025 21:15;0
28/06/2025 21:30;0
28/06/2025 21:45;0
28/06/2025 22:00;0
28/06/2025 22:15;0
28/06/2025 22:30;0
28/06/2025 22:45;0
28/06/2025 23:00;0
28/06/2025 23:15;0
28/06/2025 23:30;0
28/06/2025 23:45;0
29/06/2025 00:00;0
29/06/2025 00:15;0
29/06/2025 00:30;0
29/06/2025 00:45;0
29/06/2025 01:00;0
29/06/2025 01:15;0
29/06/2025 01:30;0
29/06/2025 01:45;0
29/06/2025 02:00;0
29/06/2025 02:15;0
29/06/2025 02:30;0
29/06/2025 02:45;0
29/06/2025 03:00;0
29/06/2025 03:15;0
29/06/2025 03:30;0
29/06/2025 03:45;0
29/06/2025 04:00;0
29/06/2025 04:15;0
29/06/2025 04:30;0
29/06/2025 04:45;0
29/06/2025 05:00;0
29/06/2025 05:15;0
29/06/2025 05:30;0
29/06/2025 05:45;0
29/06/2025 06:00;0
29/06/2025 06:15;0
29/06/2025 06:30;0
29/06/2025 06:45;0
29/06/2025 07:00;0
29/06/2025 07:15;0
29/06/2025 07:30;0
29/06/2025 07:45;0
29/06/2025 08:00;0
29/06/2025 08:15;0
29/06/2025 08:30;0
29/06/2025 08:45;0
29/06/2025 09:00;0
29/06/2025 09:15;0
29/06/2025 09:30;0
29/06/2025 09:45;0
29/06/2025 10:00;0
29/06/2025 10:15;0
29/06/2025 10:30;0
29/06/2025 10:45;0
29/06/2025 11:00;0
29/06/2025 11:15;0
29/06/2025 11:30;0
29/06/2025 11:45;0
29/06/2025 12:00;0
29/06/2025 12:15;0
29/06/2025 12:30;0
29/06/2025 12:45;0
29/06/2025 13:00;0
29/06/2025 13:15;0
29/06/2025 13:30;0
29/06/2025 13:45;0
29/06/2025 14:00;0
29/06/2025 14:15;0
29/06/2025 14:30;0
29/06/2025 14:45;0
29/06/2025 15:00;0
29/06/2025 15:15;0
29/06/2025 15:30;0
29/06/2025 15:45;0
29/06/2025 16:00;0
29/06/2025 16:15;0
29/06/2025 16:30;0
29/06/2025 16:45;0
29/06/2025 17:00;0
29/06/2025 17:15;0
29/06/2025 17:30;0
29/06/2025 17:45;0
29/06/2025 18:00;0
29/06/2025 18:15;0
29/06/2025 18:30;0
29/06/2025 18:45;0
29/06/2025 19:00;0
29/06/2025 19:15;0
29/06/2025 19:30;0
29/06/2025 19:45;0
29/06/2025 20:00;0
29/06/2025 20:15;0
29/06/2025 20:30;0
29/06/2025 20:45;0
29/06/2025 21:00;0
29/06/2025 21:15;0
29/06/2025 21:30;0
29/06/2025 21:45;0
29/06/2025 22:00;0
29/06/2025 22:15;0
29/06/2025 22:30;0
29/06/2025 22:45;0
29/06/2025 23:00;0
29/06/2025 23:15;0
29/06/2025 23:30;0
29/06/2025 23:45;0
30/06/2025 00:00;0
30/06/2025 00:15;0
30/06/2025 00:30;0
30/06/2025 00:45;0
30/06/2025 01:00;0
30/06/2025 01:15;0
30/06/2025 01:30;0
30/06/2025 01:45;0
30/06/2025 02:00;0
30/06/2025 02:15;0
30/06/2025 02:30;0
30/06/2025 02:45;0
30/06/2025 03:00;0
30/06/2025 03:15;0
30/06/2025 03:30;0
30/06/2025 03:45;0
30/06/2025 04:00;0
30/06/2025 04:15;0
30/06/2025 04:30;0
30/06/2025 04:45;0
30/06/2025 05:00;0
30/06/2025 05:15;0
30/06/2025 05:30;0
30/06/2025 05:45;0
30/06/2025 06:00;0
30/06/2025 06:15;0
30/06/2025 06:30;0
30/06/2025 06:45;0
30/06/2025 07:00;0
30/06/2025 07:15;0
30/06/2025 07:30;0
30/06/2025 07:45;0
30/06/2025 08:00;0
30/06/2025 08:15;0
30/06/2025 08:30;0
30/06/2025 08:45;0
30/06/2025 09:00;0
30/06/2025 09:15;0
30/06/2025 09:30;0
30/06/2025 09:45;0
30/06/2025 10:00;0
30/06/2025 10:15;0
30/06/2025 10:30;0
30/06/2025 10:45;0
30/06/2025 11:00;0
30/06/2025 11:15;0
30/06/2025 11:30;0
30/06/2025 11:45;0
30/06/2025 12:00;0
30/06/2025 12:15;0
30/06/2025 12:30;0
30/06/2025 12:45;0
30/06/2025 13:00;0
30/06/2025 13:15;0
30/06/2025 13:30;0
30/06/2025 13:45;0
30/06/2025 14:00;0
30/06/2025 14:15;0
30/06/2025 14:30;0
30/06/2025 14:45;0
30/06/2025 15:00;0
30/06/2025 15:15;0
30/06/2025 15:30;0
30/06/2025 15:45;0
30/06/2025 16:00;0
30/06/2025 16:15;0
30/06/2025 16:30;0
30/06/2025 16:45;0
30/06/2025 17:00;0
30/06/2025 17:15;0
30/06/2025 17:30;0
30/06/2025 17:45;0
30/06/2025 18:00;0
30/06/2025 18:15;0
30/06/2025 18:30;0
30/06/2025 18:45;0
30/06/2025 19:00;0
30/06/2025 19:15;0
30/06/2025 19:30;0
30/06/2025 19:45;0
30/06/2025 20:00;0
30/06/2025 20:15;0
30/06/2025 20:30;0
30/06/2025 20:45;0
30/06/2025 21:00;0
30/06/2025 21:15;0
30/06/2025 21:30;0
30/06/2025 21:45;0
30/06/2025 22:00;0
30/06/2025 22:15;0
30/06/2025 22:30;0
30/06/2025 22:45;0
30/06/2025 23:00;0
30/06/2025 23:15;0
30/06/2025 23:30;0
30/06/2025 23:45;0
01/07/2025 00:00;0
01/07/2025 00:15;0
01/07/2025 00:30;0
01/07/2025 00:45;0
01/07/2025 01:00;0
01/07/2025 01:15;0
01/07/2025 01:30;0
01/07/2025 01:45;0
01/07/2025 02:00;0
01/07/2025 02:15;0
01/07/2025 02:30;0
01/07/2025 02:45;0
01/07/2025 03:00;0
01/07/2025 03:15;0
01/07/2025 03:30;0
01/07/2025 03:45;0
01/07/2025 04:00;0
01/07/2025 04:15;0
01/07/2025 04:30;0
01/07/2025 04:45;0
01/07/2025 05:00;0
01/07/2025 05:15;0
01/07/2025 05:30;0
01/07/2025 05:45;0
01/07/2025 06:00;0
01/07/2025 06:15;0
01/07/2025 06:30;0
01/07/2025 06:45;0
01/07/2025 07:00;0
01/07/2025 07:15;0
01/07/2025 07:30;0
01/07/2025 07:45;0
01/07/2025 08:00;0
01/07/2025 08:15;0
01/07/2025 08:30;0
01/07/2025 08:45;0
01/07/2025 09:00;0
01/07/2025 09:15;0
01/07/2025 09:30;0
01/07/2025 09:45;0
01/07/2025 10:00;0
01/07/2025 10:15;0
01/07/2025 10:30;0
01/07/2025 10:45;0
01/07/2025 11:00;0
01/07/2025 11:15;0
01/07/2025 11:30;0
01/07/2025 11:45;0
01/07/2025 12:00;0
01/07/2025 12:15;0
01/07/2025 12:30;0
01/07/2025 12:45;0
01/07/2025 13:00;0
01/07/2025 13:15;0
01/07/2025 13:30;0
01/07/2025 13:45;0
01/07/2025 14:00;0
01/07/2025 14:15;0
01/07/2025 14:30;0
01/07/2025 14:45;0
01/07/2025 15:00;0
01/07/2025 15:15;0
01/07/2025 15:30;0
01/07/2025 15:45;0
01/07/2025 16:00;0
01/07/2025 16:15;0
01/07/2025 16:30;0
01/07/2025 16:45;0
01/07/2025 17:00;0
01/07/2025 17:15;0
01/07/2025 17:30;0
01/07/2025 17:45;0
01/07/2025 18:00;0
01/07/2025 18:15;0
01/07/2025 18:30;0
01/07/2025 18:45;0
01/07/2025 19:00;0
01/07/2025 19:15;0
01/07/2025 19:30;0
01/07/2025 19:45;0
01/07/2025 20:00;0
01/07/2025 20:15;0
01/07/2025 20:30;0
01/07/2025 20:45;0
01/07/2025 21:00;0
01/07/2025 21:15;0
01/07/2025 21:30;0
01/07/2025 21:45;0
01/07/2025 22:00;0
01/07/2025 22:15;0
01/07/2025 22:30;0
01/07/2025 22:45;0
01/07/2025 23:00;0
01/07/2025 23:15;0
01/07/2025 23:30;0
01/07/2025 23:45;0
02/07/2025 00:00;0
02/07/2025 00:15;0
02/07/2025 00:30;0
02/07/2025 00:45;0
02/07/2025 01:00;0
02/07/2025 01:15;0
02/07/2025 01:30;0
02/07/2025 01:45;0
02/07/2025 02:00;0
02/07/2025 02:15;0
02/07/2025 02:30;0
02/07/2025 02:45;0
02/07/2025 03:00;0
02/07/2025 03:15;0
02/07/2025 03:30;0
02/07/2025 03:45;0
02/07/2025 04:00;0
02/07/2025 04:15;0
02/07/2025 04:30;0
02/07/2025 04:45;0
02/07/2025 05:00;0
02/07/2025 05:15;0
02/07/2025 05:30;0
02/07/2025 05:45;0
02/07/2025 06:00;0
02/07/2025 06:15;0
02/07/2025 06:30;0
02/07/2025 06:45;0
02/07/2025 07:00;0
02/07/2025 07:15;0
02/07/2025 07:30;0
02/07/2025 07:45;0
02/07/2025 08:00;0
02/07/2025 08:15;0
02/07/2025 08:30;0
02/07/2025 08:45;0
02/07/2025 09:00;0
02/07/2025 09:15;0
02/07/2025 09:30;0
02/07/2025 09:45;0
02/07/2025 10:00;0
02/07/2025 10:15;0
02/07/2025 10:30;0
02/07/2025 10:45;0
02/07/2025 11:00;0
02/07/2025 11:15;0
02/07/2025 11:30;0
02/07/2025 11:45;0
02/07/2025 12:00;0
02/07/2025 12:15;0
02/07/2025 12:30;0
02/07/2025 12:45;0
02/07/2025 13:00;0
02/07/2025 13:15;0
02/07/2025 13:30;0
02/07/2025 13:45;0
02/07/2025 14:00;0
02/07/2025 14:15;0
02/07/2025 14:30;0
02/07/2025 14:45;0
02/07/2025 15:00;0
02/07/2025 15:15;0
02/07/2025 15:30;0
02/07/2025 15:45;0
02/07/2025 16:00;0
02/07/2025 16:15;0
02/07/2025 16:30;0
02/07/2025 16:45;0
02/07/2025 17:00;0
02/07/2025 17:15;0
02/07/2025 17:30;0
02/07/2025 17:45;0
02/07/2025 18:00;0
02/07/2025 18:15;0
02/07/2025 18:30;0
02/07/2025 18:45;0
02/07/2025 19:00;0
02/07/2025 19:15;0
02/07/2025 19:30;0
02/07/2025 19:45;0
02/07/2025 20:00;0
02/07/2025 20:15;0
02/07/2025 20:30;0
02/07/2025 20:45;0
02/07/2025 21:00;0
02/07/2025 21:15;0
02/07/2025 21:30;0
02/07/2025 21:45;0
02/07/2025 22:00;0
02/07/2025 22:15;0
02/07/2025 22:30;0
02/07/2025 22:45;0
02/07/2025 23:00;0
02/07/2025 23:15;0
02/07/2025 23:30;0
02/07/2025 23:45;0
03/07/2025 00:00;0
03/07/2025 00:15;0
03/07/2025 00:30;0
03/07/2025 00:45;0
03/07/2025 01:00;0
03/07/2025 01:15;0
03/07/2025 01:30;0
03/07/2025 01:45;0
03/07/2025 02:00;0
03/07/2025 02:15;0
03/07/2025 02:30;0
03/07/2025 02:45;0
03/07/2025 03:00;0
03/07/2025 03:15;0
03/07/2025 03:30;0
03/07/2025 03:45;0
03/07/2025 04:00;0
03/07/2025 04:15;0
03/07/2025 04:30;0
03/07/2025 04:45;0
03/07/2025 05:00;0
03/07/2025 05:15;0
03/07/2025 05:30;0
03/07/2025 05:45;0
03/07/2025 06:00;0
03/07/2025 06:15;0
03/07/2025 06:30;0
03/07/2025 06:45;0
03/07/2025 07:00;0
03/07/2025 07:15;0
03/07/2025 07:30;0
03/07/2025 07:45;0
03/07/2025 08:00;0
03/07/2025 08:15;0
03/07/2025 08:30;0
03/07/2025 08:45;0
03/07/2025 09:00;0
03/07/2025 09:15;0
03/07/2025 09:30;0
03/07/2025 09:45;0
03/07/2025 10:00;0
03/07/2025 10:15;0
03/07/2025 10:30;0
03/07/2025 10:45;0
03/07/2025 11:00;0
03/07/2025 11:15;0
03/07/2025 11:30;0
03/07/2025 11:45;0
03/07/2025 12:00;0
03/07/2025 12:15;0
03/07/2025 12:30;0
03/07/2025 12:45;0
03/07/2025 13:00;0
03/07/2025 13:15;0
03/07/2025 13:30;0
03/07/2025 13:45;0
03/07/2025 14:00;0
03/07/2025 14:15;0
03/07/2025 14:30;0
03/07/2025 14:45;0
03/07/2025 15:00;0
03/07/2025 15:15;0
03/07/2025 15:30;0
03/07/2025 15:45;0
03/07/2025 16:00;0
03/07/2025 16:15;0
03/07/2025 16:30;0
03/07/2025 16:45;0
03/07/2025 17:00;0
03/07/2025 17:15;0
03/07/2025 17:30;0
03/07/2025 17:45;0
03/07/2025 18:00;0
03/07/2025 18:15;0
03/07/2025 18:30;0
03/07/2025 18:45;0
03/07/2025 19:00;0
03/07/2025 19:15;0
03/07/2025 19:30;0
03/07/2025 19:45;0
03/07/2025 20:00;0
03/07/2025 20:15;0
03/07/2025 20:30;0
03/07/2025 20:45;0
03/07/2025 21:00;0
03/07/2025 21:15;0
03/07/2025 21:30;0
03/07/2025 21:45;0
03/07/2025 22:00;0
03/07/2025 22:15;0
03/07/2025 22:30;0
03/07/2025 22:45;0
03/07/2025 23:00;0
03/07/2025 23:15;0
03/07/2025 23:30;0
03/07/2025 23:45;0
04/07/2025 00:00;0
04/07/2025 00:15;0
04/07/2025 00:30;0
04/07/2025 00:45;0
04/07/2025 01:00;0
04/07/2025 01:15;0
04/07/2025 01:30;0
04/07/2025 01:45;0
04/07/2025 02:00;0
04/07/2025 02:15;0
04/07/2025 02:30;0
04/07/2025 02:45;0
04/07/2025 03:00;0
04/07/2025 03:15;0
04/07/2025 03:30;0
04/07/2025 03:45;0
04/07/2025 04:00;0
04/07/2025 04:15;0
04/07/2025 04:30;0
04/07/2025 04:45;0
04/07/2025 05:00;0
04/07/2025 05:15;0
04/07/2025 05:30;0
04/07/2025 05:45;0
04/07/2025 06:00;0
04/07/2025 06:15;0
04/07/2025 06:30;0
04/07/2025 06:45;0
04/07/2025 07:00;0
04/07/2025 07:15;0
04/07/2025 07:30;0
04/07/2025 07:45;0
04/07/2025 08:00;0
04/07/2025 08:15;0
04/07/2025 08:30;0
04/07/2025 08:45;0
04/07/2025 09:00;0
04/07/2025 09:15;0
04/07/2025 09:30;0
04/07/2025 09:45;0
04/07/2025 10:00;0
04/07/2025 10:15;0
04/07/2025 10:30;0
04/07/2025 10:45;0
04/07/2025 11:00;0
04/07/2025 11:15;0
04/07/2025 11:30;0
04/07/2025 11:45;0
04/07/2025 12:00;0
04/07/2025 12:15;0
04/07/2025 12:30;0
04/07/2025 12:45;0
04/07/2025 13:00;0
04/07/2025 13:15;0
04/07/2025 13:30;0
04/07/2025 13:45;0
04/07/2025 14:00;0
04/07/2025 14:15;0
04/07/2025 14:30;0
04/07/2025 14:45;0
04/07/2025 15:00;0
04/07/2025 15:15;0
04/07/2025 15:30;0
04/07/2025 15:45;0
04/07/2025 16:00;0
04/07/2025 16:15;0
04/07/2025 16:30;0
04/07/2025 16:45;0
04/07/2025 17:00;0
04/07/2025 17:15;0
04/07/2025 17:30;0
04/07/2025 17:45;0
04/07/2025 18:00;0
04/07/2025 18:15;0
04/07/2025 18:30;0
04/07/2025 18:45;0
04/07/2025 19:00;0
04/07/2025 19:15;0
04/07/2025 19:30;0
04/07/2025 19:45;0
04/07/2025 20:00;0
04/07/2025 20:15;0
04/07/2025 20:30;0
04/07/2025 20:45;0
04/07/2025 21:00;0
04/07/2025 21:15;0
04/07/2025 21:30;0
04/07/2025 21:45;0
04/07/2025 22:00;0
04/07/2025 22:15;0
04/07/2025 22:30;0
04/07/2025 22:45;0
04/07/2025 23:00;0
04/07/2025 23:15;0
04/07/2025 23:30;0
04/07/2025 23:45;0
05/07/2025 00:00;0
05/07/2025 00:15;0
05/07/2025 00:30;0
05/07/2025 00:45;0
05/07/2025 01:00;0
05/07/2025 01:15;0
05/07/2025 01:30;0
05/07/2025 01:45;0
05/07/2025 02:00;0
05/07/2025 02:15;0
05/07/2025 02:30;0
05/07/2025 02:45;0
05/07/2025 03:00;0
05/07/2025 03:15;0
05/07/2025 03:30;0.5
05/07/2025 03:45;0.4
05/07/2025 04:00;0.2
05/07/2025 04:15;0.1
05/07/2025 04:30;0
05/07/2025 04:45;0.5
05/07/2025 05:00;1
05/07/2025 05:15;0.8
05/07/2025 05:30;0.4
05/07/2025 05:45;0.2
05/07/2025 06:00;0
05/07/2025 06:15;0
05/07/2025 06:30;0.1
05/07/2025 06:45;0
05/07/2025 07:00;0
05/07/2025 07:15;0
05/07/2025 07:30;0
05/07/2025 07:45;0
05/07/2025 08:00;0
05/07/2025 08:15;0
05/07/2025 08:30;0
05/07/2025 08:45;0
05/07/2025 09:00;0
05/07/2025 09:15;0
05/07/2025 09:30;0
05/07/2025 09:45;0
05/07/2025 10:00;0
05/07/2025 10:15;0
05/07/2025 10:30;0
05/07/2025 10:45;0
05/07/2025 11:00;0
05/07/2025 11:15;0
05/07/2025 11:30;0
05/07/2025 11:45;0
05/07/2025 12:00;0
05/07/2025 12:15;0
05/07/2025 12:30;0
05/07/2025 12:45;0
05/07/2025 13:00;0
05/07/2025 13:15;0
05/07/2025 13:30;0
05/07/2025 13:45;0
05/07/2025 14:00;0
05/07/2025 14:15;0
05/07/2025 14:30;0
05/07/2025 14:45;0
05/07/2025 15:00;0
05/07/2025 15:15;0
05/07/2025 15:30;0
05/07/2025 15:45;0
05/07/2025 16:00;0
05/07/2025 16:15;0
05/07/2025 16:30;0
05/07/2025 16:45;0
05/07/2025 17:00;0
05/07/2025 17:15;0
05/07/2025 17:30;0
05/07/2025 17:45;0
05/07/2025 18:00;0
05/07/2025 18:15;0
05/07/2025 18:30;0
05/07/2025 18:45;0
05/07/2025 19:00;0
05/07/2025 19:15;0
05/07/2025 19:30;0
05/07/2025 19:45;0
05/07/2025 20:00;0
05/07/2025 20:15;0
05/07/2025 20:30;0
05/07/2025 20:45;0
05/07/2025 21:00;0
05/07/2025 21:15;0
05/07/2025 21:30;0
05/07/2025 21:45;0
05/07/2025 22:00;0
05/07/2025 22:15;0
05/07/2025 22:30;0
05/07/2025 22:45;0
05/07/2025 23:00;0
05/07/2025 23:15;0
05/07/2025 23:30;0
05/07/2025 23:45;0
06/07/2025 00:00;0
06/07/2025 00:15;0
06/07/2025 00:30;0
06/07/2025 00:45;0
06/07/2025 01:00;0
06/07/2025 01:15;0
06/07/2025 01:30;0
06/07/2025 01:45;0
06/07/2025 02:00;0
06/07/2025 02:15;0
06/07/2025 02:30;0
06/07/2025 02:45;0
06/07/2025 03:00;0
06/07/2025 03:15;0
06/07/2025 03:30;0
06/07/2025 03:45;0
06/07/2025 04:00;0
06/07/2025 04:15;0
06/07/2025 04:30;0
06/07/2025 04:45;0
06/07/2025 05:00;0
06/07/2025 05:15;0
06/07/2025 05:30;0
06/07/2025 05:45;0
06/07/2025 06:00;0
06/07/2025 06:15;0
06/07/2025 06:30;0
06/07/2025 06:45;0
06/07/2025 07:00;0
06/07/2025 07:15;0
06/07/2025 07:30;0
06/07/2025 07:45;0
06/07/2025 08:00;0
06/07/2025 08:15;0
06/07/2025 08:30;0
06/07/2025 08:45;0
06/07/2025 09:00;0
06/07/2025 09:15;0
06/07/2025 09:30;0
06/07/2025 09:45;0
06/07/2025 10:00;0
06/07/2025 10:15;0
06/07/2025 10:30;0
06/07/2025 10:45;0
06/07/2025 11:00;0
06/07/2025 11:15;0
06/07/2025 11:30;0
06/07/2025 11:45;0
06/07/2025 12:00;0
06/07/2025 12:15;0
06/07/2025 12:30;0
06/07/2025 12:45;0
06/07/2025 13:00;0
06/07/2025 13:15;0
06/07/2025 13:30;0
06/07/2025 13:45;0
06/07/2025 14:00;0
06/07/2025 14:15;0
06/07/2025 14:30;0
06/07/2025 14:45;0
06/07/2025 15:00;0
06/07/2025 15:15;0
06/07/2025 15:30;0
06/07/2025 15:45;0
06/07/2025 16:00;0
06/07/2025 16:15;0
06/07/2025 16:30;0
06/07/2025 16:45;0
06/07/2025 17:00;0
06/07/2025 17:15;0
06/07/2025 17:30;0
06/07/2025 17:45;0
06/07/2025 18:00;0
06/07/2025 18:15;0
06/07/2025 18:30;0
06/07/2025 18:45;0
06/07/2025 19:00;0
06/07/2025 19:15;0
06/07/2025 19:30;0
06/07/2025 19:45;0
06/07/2025 20:00;0
06/07/2025 20:15;0
06/07/2025 20:30;0
06/07/2025 20:45;0
06/07/2025 21:00;0
06/07/2025 21:15;0
06/07/2025 21:30;0
06/07/2025 21:45;0
06/07/2025 22:00;0
06/07/2025 22:15;0
06/07/2025 22:30;0
06/07/2025 22:45;0
06/07/2025 23:00;0
06/07/2025 23:15;0
06/07/2025 23:30;0
06/07/2025 23:45;0
07/07/2025 00:00;0
07/07/2025 00:15;0
07/07/2025 00:30;0
07/07/2025 00:45;0
07/07/2025 01:00;0
07/07/2025 01:15;0
07/07/2025 01:30;0
07/07/2025 01:45;0
07/07/2025 02:00;0
07/07/2025 02:15;0
07/07/2025 02:30;0
07/07/2025 02:45;0
07/07/2025 03:00;0
07/07/2025 03:15;0
07/07/2025 03:30;0
07/07/2025 03:45;0
07/07/2025 04:00;0
07/07/2025 04:15;0
07/07/2025 04:30;0
07/07/2025 04:45;0
07/07/2025 05:00;0
07/07/2025 05:15;0
07/07/2025 05:30;0
07/07/2025 05:45;0
07/07/2025 06:00;0
07/07/2025 06:15;0
07/07/2025 06:30;0
07/07/2025 06:45;0
07/07/2025 07:00;0
07/07/2025 07:15;0
07/07/2025 07:30;0
07/07/2025 07:45;0
07/07/2025 08:00;0
07/07/2025 08:15;0
07/07/2025 08:30;0
07/07/2025 08:45;0
07/07/2025 09:00;0
07/07/2025 09:15;0
07/07/2025 09:30;0
07/07/2025 09:45;0
07/07/2025 10:00;0
07/07/2025 10:15;0
07/07/2025 10:30;0
07/07/2025 10:45;0
07/07/2025 11:00;0
07/07/2025 11:15;0
07/07/2025 11:30;0
07/07/2025 11:45;0
07/07/2025 12:00;0
07/07/2025 12:15;0
07/07/2025 12:30;0
07/07/2025 12:45;0
07/07/2025 13:00;0
07/07/2025 13:15;0
07/07/2025 13:30;0
07/07/2025 13:45;0
07/07/2025 14:00;0
07/07/2025 14:15;0
07/07/2025 14:30;0
07/07/2025 14:45;0
07/07/2025 15:00;0
07/07/2025 15:15;0
07/07/2025 15:30;0
07/07/2025 15:45;0
07/07/2025 16:00;0
07/07/2025 16:15;0
07/07/2025 16:30;0
07/07/2025 16:45;0
07/07/2025 17:00;0
07/07/2025 17:15;0
07/07/2025 17:30;0
07/07/2025 17:45;0
07/07/2025 18:00;0
07/07/2025 18:15;0
07/07/2025 18:30;0
07/07/2025 18:45;0
07/07/2025 19:00;0
07/07/2025 19:15;0
07/07/2025 19:30;0
07/07/2025 19:45;0
07/07/2025 20:00;0
07/07/2025 20:15;0
07/07/2025 20:30;0
07/07/2025 20:45;0
07/07/2025 21:00;0
07/07/2025 21:15;0
07/07/2025 21:30;0
07/07/2025 21:45;0
07/07/2025 22:00;0
07/07/2025 22:15;0
07/07/2025 22:30;0
07/07/2025 22:45;0
07/07/2025 23:00;0
07/07/2025 23:15;0
07/07/2025 23:30;0
07/07/2025 23:45;0
08/07/2025 00:00;0
08/07/2025 00:15;0
08/07/2025 00:30;0
08/07/2025 00:45;0
08/07/2025 01:00;0
08/07/2025 01:15;0
08/07/2025 01:30;0
08/07/2025 01:45;0
08/07/2025 02:00;0
08/07/2025 02:15;0
08/07/2025 02:30;0
08/07/2025 02:45;0
08/07/2025 03:00;0
08/07/2025 03:15;0
08/07/2025 03:30;0
08/07/2025 03:45;0
08/07/2025 04:00;0
08/07/2025 04:15;0
08/07/2025 04:30;0
08/07/2025 04:45;0
08/07/2025 05:00;0
08/07/2025 05:15;0
08/07/2025 05:30;0
08/07/2025 05:45;0
08/07/2025 06:00;0
08/07/2025 06:15;0
08/07/2025 06:30;0
08/07/2025 06:45;0
08/07/2025 07:00;0
08/07/2025 07:15;0
08/07/2025 07:30;0
08/07/2025 07:45;0
08/07/2025 08:00;0
08/07/2025 08:15;0
08/07/2025 08:30;0
08/07/2025 08:45;0
08/07/2025 09:00;0
08/07/2025 09:15;0
08/07/2025 09:30;0
08/07/2025 09:45;0
08/07/2025 10:00;0
08/07/2025 10:15;0
08/07/2025 10:30;0
08/07/2025 10:45;0
08/07/2025 11:00;0
08/07/2025 11:15;0
08/07/2025 11:30;0
08/07/2025 11:45;0
08/07/2025 12:00;0
08/07/2025 12:15;0
08/07/2025 12:30;0
08/07/2025 12:45;0
08/07/2025 13:00;0
08/07/2025 13:15;0
08/07/2025 13:30;0
08/07/2025 13:45;0
08/07/2025 14:00;0
08/07/2025 14:15;0
08/07/2025 14:30;0
08/07/2025 14:45;0
08/07/2025 15:00;0
08/07/2025 15:15;0
08/07/2025 15:30;0
08/07/2025 15:45;0
08/07/2025 16:00;0
08/07/2025 16:15;0
08/07/2025 16:30;0
08/07/2025 16:45;0
08/07/2025 17:00;0
08/07/2025 17:15;0
08/07/2025 17:30;0
08/07/2025 17:45;0
08/07/2025 18:00;0
08/07/2025 18:15;0
08/07/2025 18:30;0
08/07/2025 18:45;0
08/07/2025 19:00;0
08/07/2025 19:15;0
08/07/2025 19:30;0
08/07/2025 19:45;0
08/07/2025 20:00;0
08/07/2025 20:15;0
08/07/2025 20:30;0
08/07/2025 20:45;0
08/07/2025 21:00;0
08/07/2025 21:15;0
08/07/2025 21:30;0
08/07/2025 21:45;0
08/07/2025 22:00;0
08/07/2025 22:15;0
08/07/2025 22:30;0
08/07/2025 22:45;0
08/07/2025 23:00;0
08/07/2025 23:15;0
08/07/2025 23:30;0
08/07/2025 23:45;0
09/07/2025 00:00;0
09/07/2025 00:15;0
09/07/2025 00:30;0
09/07/2025 00:45;0
09/07/2025 01:00;0
09/07/2025 01:15;0
09/07/2025 01:30;0
09/07/2025 01:45;0
09/07/2025 02:00;0
09/07/2025 02:15;0
09/07/2025 02:30;0
09/07/2025 02:45;0
09/07/2025 03:00;0
09/07/2025 03:15;0
09/07/2025 03:30;0
09/07/2025 03:45;0
09/07/2025 04:00;0
09/07/2025 04:15;0
09/07/2025 04:30;0
09/07/2025 04:45;0
09/07/2025 05:00;0
09/07/2025 05:15;0
09/07/2025 05:30;0
09/07/2025 05:45;0
09/07/2025 06:00;0
09/07/2025 06:15;0
09/07/2025 06:30;0
09/07/2025 06:45;0
09/07/2025 07:00;0
09/07/2025 07:15;0
09/07/2025 07:30;0
09/07/2025 07:45;0
09/07/2025 08:00;0
09/07/2025 08:15;0
09/07/2025 08:30;0
09/07/2025 08:45;0
09/07/2025 09:00;0
09/07/2025 09:15;0
09/07/2025 09:30;0
09/07/2025 09:45;0
09/07/2025 10:00;0
09/07/2025 10:15;0
09/07/2025 10:30;0
09/07/2025 10:45;0
09/07/2025 11:00;0
09/07/2025 11:15;0
09/07/2025 11:30;0
09/07/2025 11:45;0
09/07/2025 12:00;0
09/07/2025 12:15;0
09/07/2025 12:30;0
09/07/2025 12:45;0
09/07/2025 13:00;0
09/07/2025 13:15;0
09/07/2025 13:30;0
09/07/2025 13:45;0
09/07/2025 14:00;0
09/07/2025 14:15;0
09/07/2025 14:30;0
09/07/2025 14:45;0
09/07/2025 15:00;0
09/07/2025 15:15;0
09/07/2025 15:30;0
09/07/2025 15:45;0
09/07/2025 16:00;0
09/07/2025 16:15;0
09/07/2025 16:30;0
09/07/2025 16:45;0
09/07/2025 17:00;0
09/07/2025 17:15;0
09/07/2025 17:30;0
09/07/2025 17:45;0
09/07/2025 18:00;0
09/07/2025 18:15;0
09/07/2025 18:30;0
09/07/2025 18:45;0
09/07/2025 19:00;0
09/07/2025 19:15;0
09/07/2025 19:30;0
09/07/2025 19:45;0
09/07/2025 20:00;0
09/07/2025 20:15;0
09/07/2025 20:30;0
09/07/2025 20:45;0
09/07/2025 21:00;0
09/07/2025 21:15;0
09/07/2025 21:30;0
09/07/2025 21:45;0
09/07/2025 22:00;0
09/07/2025 22:15;0
09/07/2025 22:30;0
09/07/2025 22:45;0
09/07/2025 23:00;0
09/07/2025 23:15;0
09/07/2025 23:30;0
09/07/2025 23:45;0
10/07/2025 00:00;0
10/07/2025 00:15;0
10/07/2025 00:30;0
10/07/2025 00:45;0
10/07/2025 01:00;0
10/07/2025 01:15;0
10/07/2025 01:30;0
10/07/2025 01:45;0
10/07/2025 02:00;0
10/07/2025 02:15;0
10/07/2025 02:30;0
10/07/2025 02:45;0
10/07/2025 03:00;0
10/07/2025 03:15;0
10/07/2025 03:30;0
10/07/2025 03:45;0
10/07/2025 04:00;0
10/07/2025 04:15;0
10/07/2025 04:30;0
10/07/2025 04:45;0
10/07/2025 05:00;0
10/07/2025 05:15;0
10/07/2025 05:30;0
10/07/2025 05:45;0
10/07/2025 06:00;0
10/07/2025 06:15;0
10/07/2025 06:30;0
10/07/2025 06:45;0
10/07/2025 07:00;0
10/07/2025 07:15;0
10/07/2025 07:30;0
10/07/2025 07:45;0
10/07/2025 08:00;0
10/07/2025 08:15;0
10/07/2025 08:30;0
10/07/2025 08:45;0
10/07/2025 09:00;0
10/07/2025 09:15;0
10/07/2025 09:30;0
10/07/2025 09:45;0
10/07/2025 10:00;0
10/07/2025 10:15;0
10/07/2025 10:30;0
10/07/2025 10:45;0
10/07/2025 11:00;0
10/07/2025 11:15;0
10/07/2025 11:30;0
10/07/2025 11:45;0
10/07/2025 12:00;0
10/07/2025 12:15;0
10/07/2025 12:30;0
10/07/2025 12:45;0
10/07/2025 13:00;0
10/07/2025 13:15;0
10/07/2025 13:30;0
10/07/2025 13:45;0
10/07/2025 14:00;0
10/07/2025 14:15;0
10/07/2025 14:30;0
10/07/2025 14:45;0
10/07/2025 15:00;0
10/07/2025 15:15;0
10/07/2025 15:30;0
10/07/2025 15:45;0
10/07/2025 16:00;0
10/07/2025 16:15;0
10/07/2025 16:30;0
10/07/2025 16:45;0
10/07/2025 17:00;0
10/07/2025 17:15;0
10/07/2025 17:30;0
10/07/2025 17:45;0
10/07/2025 18:00;0
10/07/2025 18:15;0
10/07/2025 18:30;0
10/07/2025 18:45;0
10/07/2025 19:00;0
10/07/2025 19:15;0
10/07/2025 19:30;0
10/07/2025 19:45;0
10/07/2025 20:00;0
10/07/2025 20:15;0
10/07/2025 20:30;0
10/07/2025 20:45;0
10/07/2025 21:00;0
10/07/2025 21:15;0
10/07/2025 21:30;0
10/07/2025 21:45;0
10/07/2025 22:00;0
10/07/2025 22:15;0
10/07/2025 22:30;0
10/07/2025 22:45;0
10/07/2025 23:00;0
10/07/2025 23:15;0
10/07/2025 23:30;0
10/07/2025 23:45;0
11/07/2025 00:00;0
11/07/2025 00:15;0
11/07/2025 00:30;0
11/07/2025 00:45;0
11/07/2025 01:00;0
11/07/2025 01:15;0
11/07/2025 01:30;0
11/07/2025 01:45;0
11/07/2025 02:00;0
11/07/2025 02:15;0
11/07/2025 02:30;0
11/07/2025 02:45;0
11/07/2025 03:00;0
11/07/2025 03:15;0
11/07/2025 03:30;0
11/07/2025 03:45;0
11/07/2025 04:00;0
11/07/2025 04:15;0
11/07/2025 04:30;0
11/07/2025 04:45;0
11/07/2025 05:00;0
11/07/2025 05:15;0
11/07/2025 05:30;0
11/07/2025 05:45;0
11/07/2025 06:00;0
11/07/2025 06:15;0
11/07/2025 06:30;0
11/07/2025 06:45;0
11/07/2025 07:00;0
11/07/2025 07:15;0
11/07/2025 07:30;0
11/07/2025 07:45;0
11/07/2025 08:00;0
11/07/2025 08:15;0
11/07/2025 08:30;0
11/07/2025 08:45;0
11/07/2025 09:00;0
11/07/2025 09:15;0
11/07/2025 09:30;0
11/07/2025 09:45;0
11/07/2025 10:00;0
11/07/2025 10:15;0
11/07/2025 10:30;0
11/07/2025 10:45;0
11/07/2025 11:00;0
11/07/2025 11:15;0
11/07/2025 11:30;0
11/07/2025 11:45;0
11/07/2025 12:00;0
11/07/2025 12:15;0
11/07/2025 12:30;0
11/07/2025 12:45;0
11/07/2025 13:00;0
11/07/2025 13:15;0
11/07/2025 13:30;0
11/07/2025 13:45;0
11/07/2025 14:00;0
11/07/2025 14:15;0
11/07/2025 14:30;0
11/07/2025 14:45;0
11/07/2025 15:00;0
11/07/2025 15:15;0
11/07/2025 15:30;0
11/07/2025 15:45;0
11/07/2025 16:00;0
11/07/2025 16:15;0
11/07/2025 16:30;0
11/07/2025 16:45;0
11/07/2025 17:00;0
11/07/2025 17:15;0
11/07/2025 17:30;0
11/07/2025 17:45;0
11/07/2025 18:00;0
11/07/2025 18:15;0
11/07/2025 18:30;0
11/07/2025 18:45;0
11/07/2025 19:00;0
11/07/2025 19:15;0
11/07/2025 19:30;0
11/07/2025 19:45;0
11/07/2025 20:00;0
11/07/2025 20:15;0
11/07/2025 20:30;0
11/07/2025 20:45;0
11/07/2025 21:00;0
11/07/2025 21:15;2
11/07/2025 21:30;3.2
11/07/2025 21:45;0.9
11/07/2025 22:00;0.6
11/07/2025 22:15;1.2
11/07/2025 22:30;0.7
11/07/2025 22:45;0.6
11/07/2025 23:00;0
11/07/2025 23:15;0.5
11/07/2025 23:30;0.4
11/07/2025 23:45;0.3
12/07/2025 00:00;0.2
12/07/2025 00:15;0.2
12/07/2025 00:30;0.3
12/07/2025 00:45;0.5
12/07/2025 01:00;0.6
12/07/2025 01:15;0.5
12/07/2025 01:30;0.4
12/07/2025 01:45;0.2
12/07/2025 02:00;0.2
12/07/2025 02:15;0
12/07/2025 02:30;0
12/07/2025 02:45;0.1
12/07/2025 03:00;0
12/07/2025 03:15;0
12/07/2025 03:30;0
12/07/2025 03:45;0
12/07/2025 04:00;0
12/07/2025 04:15;0
12/07/2025 04:30;0
12/07/2025 04:45;0
12/07/2025 05:00;0
12/07/2025 05:15;0
12/07/2025 05:30;0
12/07/2025 05:45;0
12/07/2025 06:00;0
12/07/2025 06:15;0
12/07/2025 06:30;0
12/07/2025 06:45;0
12/07/2025 07:00;0
12/07/2025 07:15;0
12/07/2025 07:30;0
12/07/2025 07:45;1.1
12/07/2025 08:00;0.8
12/07/2025 08:15;0
12/07/2025 08:30;0
12/07/2025 08:45;0
12/07/2025 09:00;0
12/07/2025 09:15;0
12/07/2025 09:30;0
12/07/2025 09:45;0
12/07/2025 10:00;0
12/07/2025 10:15;0.2
12/07/2025 10:30;0
12/07/2025 10:45;0.3
12/07/2025 11:00;0.7
12/07/2025 11:15;1.4
12/07/2025 11:30;0.8
12/07/2025 11:45;0.6
12/07/2025 12:00;0.3
12/07/2025 12:15;0.2
12/07/2025 12:30;0.4
12/07/2025 12:45;0.3
12/07/2025 13:00;0.1
12/07/2025 13:15;0
12/07/2025 13:30;0
12/07/2025 13:45;0
12/07/2025 14:00;0
12/07/2025 14:15;0
12/07/2025 14:30;0
12/07/2025 14:45;0
12/07/2025 15:00;0
12/07/2025 15:15;0
12/07/2025 15:30;0
12/07/2025 15:45;0
12/07/2025 16:00;0
12/07/2025 16:15;0
12/07/2025 16:30;0
12/07/2025 16:45;0
12/07/2025 17:00;0
12/07/2025 17:15;0
12/07/2025 17:30;0
12/07/2025 17:45;0.3
12/07/2025 18:00;0.4
12/07/2025 18:15;0.5
12/07/2025 18:30;0.6
12/07/2025 18:45;0.4
12/07/2025 19:00;0.9
12/07/2025 19:15;0.9
12/07/2025 19:30;0.6
12/07/2025 19:45;0.3
12/07/2025 20:00;0.2
12/07/2025 20:15;0
12/07/2025 20:30;0
12/07/2025 20:45;0
12/07/2025 21:00;0
12/07/2025 21:15;0
12/07/2025 21:30;0
12/07/2025 21:45;0
12/07/2025 22:00;0
12/07/2025 22:15;0
12/07/2025 22:30;0
12/07/2025 22:45;0
12/07/2025 23:00;0
12/07/2025 23:15;0
12/07/2025 23:30;0
12/07/2025 23:45;0
13/07/2025 00:00;0
13/07/2025 00:15;0
13/07/2025 00:30;0
13/07/2025 00:45;0
13/07/2025 01:00;0
13/07/2025 01:15;0
13/07/2025 01:30;0
13/07/2025 01:45;0
13/07/2025 02:00;0
13/07/2025 02:15;0
13/07/2025 02:30;0
13/07/2025 02:45;0
13/07/2025 03:00;0
13/07/2025 03:15;0
13/07/2025 03:30;0
13/07/2025 03:45;0
13/07/2025 04:00;0
13/07/2025 04:15;0
13/07/2025 04:30;0
13/07/2025 04:45;0
13/07/2025 05:00;0
13/07/2025 05:15;0
13/07/2025 05:30;0
13/07/2025 05:45;0
13/07/2025 06:00;0
13/07/2025 06:15;0
13/07/2025 06:30;0
13/07/2025 06:45;0
13/07/2025 07:00;0
13/07/2025 07:15;0
13/07/2025 07:30;0
13/07/2025 07:45;0
13/07/2025 08:00;0
13/07/2025 08:15;0
13/07/2025 08:30;0
13/07/2025 08:45;0
13/07/2025 09:00;0
13/07/2025 09:15;0
13/07/2025 09:30;0
13/07/2025 09:45;0
13/07/2025 10:00;0
13/07/2025 10:15;0
13/07/2025 10:30;0
13/07/2025 10:45;0
13/07/2025 11:00;0
13/07/2025 11:15;0
13/07/2025 11:30;0
13/07/2025 11:45;0
13/07/2025 12:00;0
13/07/2025 12:15;0
13/07/2025 12:30;0
13/07/2025 12:45;0
13/07/2025 13:00;0
13/07/2025 13:15;0
13/07/2025 13:30;0
13/07/2025 13:45;0
13/07/2025 14:00;0
13/07/2025 14:15;0
13/07/2025 14:30;0
13/07/2025 14:45;0
13/07/2025 15:00;0
13/07/2025 15:15;0
13/07/2025 15:30;0
13/07/2025 15:45;0
13/07/2025 16:00;0
13/07/2025 16:15;0
13/07/2025 16:30;0
13/07/2025 16:45;0
13/07/2025 17:00;0
13/07/2025 17:15;0
13/07/2025 17:30;0
13/07/2025 17:45;0
13/07/2025 18:00;0
13/07/2025 18:15;0
13/07/2025 18:30;0
13/07/2025 18:45;0
13/07/2025 19:00;0
13/07/2025 19:15;0
13/07/2025 19:30;0
13/07/2025 19:45;12.4
13/07/2025 20:00;0.2
13/07/2025 20:15;0
13/07/2025 20:30;0
13/07/2025 20:45;0
13/07/2025 21:00;0
13/07/2025 21:15;0
13/07/2025 21:30;0
13/07/2025 21:45;0
13/07/2025 22:00;0
13/07/2025 22:15;0
13/07/2025 22:30;0
13/07/2025 22:45;0
13/07/2025 23:00;0
13/07/2025 23:15;0
13/07/2025 23:30;0
13/07/2025 23:45;0
14/07/2025 00:00;0
14/07/2025 00:15;0
14/07/2025 00:30;0
14/07/2025 00:45;0
14/07/2025 01:00;0
14/07/2025 01:15;0
14/07/2025 01:30;0
14/07/2025 01:45;0
14/07/2025 02:00;0
14/07/2025 02:15;0
14/07/2025 02:30;0
14/07/2025 02:45;0
14/07/2025 03:00;0
14/07/2025 03:15;0
14/07/2025 03:30;0
14/07/2025 03:45;0
14/07/2025 04:00;0
14/07/2025 04:15;0
14/07/2025 04:30;0
14/07/2025 04:45;0
14/07/2025 05:00;0
14/07/2025 05:15;0
14/07/2025 05:30;0
14/07/2025 05:45;0
14/07/2025 06:00;0
14/07/2025 06:15;0
14/07/2025 06:30;0
14/07/2025 06:45;0
14/07/2025 07:00;0
14/07/2025 07:15;0
14/07/2025 07:30;0
14/07/2025 07:45;0
14/07/2025 08:00;0
14/07/2025 08:15;0
14/07/2025 08:30;0
14/07/2025 08:45;0
14/07/2025 09:00;0
14/07/2025 09:15;0
14/07/2025 09:30;0
14/07/2025 09:45;0
14/07/2025 10:00;0
14/07/2025 10:15;0
14/07/2025 10:30;0
14/07/2025 10:45;0
14/07/2025 11:00;0
14/07/2025 11:15;0
14/07/2025 11:30;0
14/07/2025 11:45;0
14/07/2025 12:00;0
14/07/2025 12:15;0
14/07/2025 12:30;0
14/07/2025 12:45;0
14/07/2025 13:00;0
14/07/2025 13:15;0
14/07/2025 13:30;0
14/07/2025 13:45;0
14/07/2025 14:00;0
14/07/2025 14:15;0
14/07/2025 14:30;0
14/07/2025 14:45;0
14/07/2025 15:00;0
14/07/2025 15:15;0
14/07/2025 15:30;0
14/07/2025 15:45;0
14/07/2025 16:00;0
14/07/2025 16:15;0
14/07/2025 16:30;0
14/07/2025 16:45;0
14/07/2025 17:00;0
14/07/2025 17:15;0
14/07/2025 17:30;0
14/07/2025 17:45;0
14/07/2025 18:00;0
14/07/2025 18:15;0
14/07/2025 18:30;0
14/07/2025 18:45;0
14/07/2025 19:00;0
14/07/2025 19:15;0
14/07/2025 19:30;0
14/07/2025 19:45;0
14/07/2025 20:00;0
14/07/2025 20:15;0
14/07/2025 20:30;0
14/07/2025 20:45;0
14/07/2025 21:00;0
14/07/2025 21:15;0
14/07/2025 21:30;0
14/07/2025 21:45;0
14/07/2025 22:00;0
14/07/2025 22:15;0
14/07/2025 22:30;0
14/07/2025 22:45;0
14/07/2025 23:00;0
14/07/2025 23:15;0
14/07/2025 23:30;0
14/07/2025 23:45;0
15/07/2025 00:00;0
15/07/2025 00:15;0
15/07/2025 00:30;0
15/07/2025 00:45;0
15/07/2025 01:00;0
15/07/2025 01:15;0
15/07/2025 01:30;0
15/07/2025 01:45;0
15/07/2025 02:00;0
15/07/2025 02:15;0
15/07/2025 02:30;0
15/07/2025 02:45;0
15/07/2025 03:00;0
15/07/2025 03:15;0
15/07/2025 03:30;0
15/07/2025 03:45;0
15/07/2025 04:00;0
15/07/2025 04:15;0
15/07/2025 04:30;0
15/07/2025 04:45;0
15/07/2025 05:00;0
15/07/2025 05:15;0
15/07/2025 05:30;0
15/07/2025 05:45;0
15/07/2025 06:00;0
15/07/2025 06:15;0
15/07/2025 06:30;0
15/07/2025 06:45;0
15/07/2025 07:00;0
15/07/2025 07:15;0
15/07/2025 07:30;0
15/07/2025 07:45;0
15/07/2025 08:00;0
15/07/2025 08:15;0
15/07/2025 08:30;0
15/07/2025 08:45;0
15/07/2025 09:00;0
15/07/2025 09:15;0
15/07/2025 09:30;0
15/07/2025 09:45;0
15/07/2025 10:00;0
15/07/2025 10:15;0
15/07/2025 10:30;0
15/07/2025 10:45;0
15/07/2025 11:00;0
15/07/2025 11:15;0
15/07/2025 11:30;0
15/07/2025 11:45;0
15/07/2025 12:00;0
15/07/2025 12:15;0
15/07/2025 12:30;0
15/07/2025 12:45;0
15/07/2025 13:00;0
15/07/2025 13:15;0
15/07/2025 13:30;0
15/07/2025 13:45;0
15/07/2025 14:00;0
15/07/2025 14:15;0
15/07/2025 14:30;0
15/07/2025 14:45;0
15/07/2025 15:00;0
15/07/2025 15:15;0
15/07/2025 15:30;0
15/07/2025 15:45;0
15/07/2025 16:00;0
15/07/2025 16:15;0
15/07/2025 16:30;0
15/07/2025 16:45;0
15/07/2025 17:00;0
15/07/2025 17:15;0
15/07/2025 17:30;0
15/07/2025 17:45;0
15/07/2025 18:00;0
15/07/2025 18:15;0
15/07/2025 18:30;0
15/07/2025 18:45;0
15/07/2025 19:00;0
15/07/2025 19:15;0
15/07/2025 19:30;0
15/07/2025 19:45;0
15/07/2025 20:00;0
15/07/2025 20:15;0
15/07/2025 20:30;0
15/07/2025 20:45;0
15/07/2025 21:00;0
15/07/2025 21:15;0
15/07/2025 21:30;0
15/07/2025 21:45;0
15/07/2025 22:00;0
15/07/2025 22:15;0
15/07/2025 22:30;0
15/07/2025 22:45;0
15/07/2025 23:00;0
15/07/2025 23:15;0
15/07/2025 23:30;0
15/07/2025 23:45;0
16/07/2025 00:00;0
16/07/2025 00:15;0
16/07/2025 00:30;0
16/07/2025 00:45;0
16/07/2025 01:00;0
16/07/2025 01:15;0
16/07/2025 01:30;0
16/07/2025 01:45;0
16/07/2025 02:00;0
16/07/2025 02:15;0
16/07/2025 02:30;0
16/07/2025 02:45;0
16/07/2025 03:00;0
16/07/2025 03:15;0
16/07/2025 03:30;0
16/07/2025 03:45;0
16/07/2025 04:00;0
16/07/2025 04:15;0
16/07/2025 04:30;0
16/07/2025 04:45;0
16/07/2025 05:00;0
16/07/2025 05:15;0
16/07/2025 05:30;0
16/07/2025 05:45;0
16/07/2025 06:00;0
16/07/2025 06:15;0
16/07/2025 06:30;0
16/07/2025 06:45;0
16/07/2025 07:00;0
16/07/2025 07:15;0
16/07/2025 07:30;0
16/07/2025 07:45;0
16/07/2025 08:00;0
16/07/2025 08:15;0
16/07/2025 08:30;0
16/07/2025 08:45;0
16/07/2025 09:00;0
16/07/2025 09:15;0
16/07/2025 09:30;0
16/07/2025 09:45;0
16/07/2025 10:00;0
16/07/2025 10:15;0
16/07/2025 10:30;0
16/07/2025 10:45;0
16/07/2025 11:00;0
16/07/2025 11:15;0
16/07/2025 11:30;0
16/07/2025 11:45;0
16/07/2025 12:00;0
16/07/2025 12:15;0
16/07/2025 12:30;0
16/07/2025 12:45;0
16/07/2025 13:00;0
16/07/2025 13:15;0
16/07/2025 13:30;0
16/07/2025 13:45;0
16/07/2025 14:00;0
16/07/2025 14:15;0
16/07/2025 14:30;0
16/07/2025 14:45;0
16/07/2025 15:00;0
16/07/2025 15:15;0
16/07/2025 15:30;0
16/07/2025 15:45;0
16/07/2025 16:00;0
16/07/2025 16:15;0
16/07/2025 16:30;0
16/07/2025 16:45;0
16/07/2025 17:00;0
16/07/2025 17:15;0
16/07/2025 17:30;0
16/07/2025 17:45;0
16/07/2025 18:00;0
16/07/2025 18:15;0
16/07/2025 18:30;0
16/07/2025 18:45;0
16/07/2025 19:00;0
16/07/2025 19:15;0
16/07/2025 19:30;0
16/07/2025 19:45;0
16/07/2025 20:00;0
16/07/2025 20:15;0
16/07/2025 20:30;0
16/07/2025 20:45;0
16/07/2025 21:00;0
16/07/2025 21:15;0
16/07/2025 21:30;0
16/07/2025 21:45;0
16/07/2025 22:00;0
16/07/2025 22:15;0
16/07/2025 22:30;0
16/07/2025 22:45;0
16/07/2025 23:00;0
16/07/2025 23:15;0
16/07/2025 23:30;0
16/07/2025 23:45;0
17/07/2025 00:00;0
17/07/2025 00:15;0
17/07/2025 00:30;0
17/07/2025 00:45;0
17/07/2025 01:00;0
17/07/2025 01:15;0
17/07/2025 01:30;0
17/07/2025 01:45;0
17/07/2025 02:00;0
17/07/2025 02:15;0
17/07/2025 02:30;0
17/07/2025 02:45;0
17/07/2025 03:00;0
17/07/2025 03:15;0
17/07/2025 03:30;0
17/07/2025 03:45;0
17/07/2025 04:00;0
17/07/2025 04:15;0
17/07/2025 04:30;0
17/07/2025 04:45;0
17/07/2025 05:00;0
17/07/2025 05:15;0
17/07/2025 05:30;0
17/07/2025 05:45;0
17/07/2025 06:00;0
17/07/2025 06:15;0
17/07/2025 06:30;0
17/07/2025 06:45;0
17/07/2025 07:00;0
17/07/2025 07:15;0
17/07/2025 07:30;0
17/07/2025 07:45;0
17/07/2025 08:00;0
17/07/2025 08:15;0
17/07/2025 08:30;0
17/07/2025 08:45;0
17/07/2025 09:00;0
17/07/2025 09:15;0
17/07/2025 09:30;0
17/07/2025 09:45;0
17/07/2025 10:00;0
17/07/2025 10:15;0
17/07/2025 10:30;0
17/07/2025 10:45;0
17/07/2025 11:00;0
17/07/2025 11:15;0
17/07/2025 11:30;0
17/07/2025 11:45;0
17/07/2025 12:00;0
17/07/2025 12:15;0
17/07/2025 12:30;0
17/07/2025 12:45;0
17/07/2025 13:00;0
17/07/2025 13:15;0
17/07/2025 13:30;0
17/07/2025 13:45;0
17/07/2025 14:00;0
17/07/2025 14:15;0
17/07/2025 14:30;0
17/07/2025 14:45;0
17/07/2025 15:00;0
17/07/2025 15:15;0
17/07/2025 15:30;0
17/07/2025 15:45;0
17/07/2025 16:00;0
17/07/2025 16:15;0
17/07/2025 16:30;0
17/07/2025 16:45;0
17/07/2025 17:00;0
17/07/2025 17:15;0
17/07/2025 17:30;0
17/07/2025 17:45;0
17/07/2025 18:00;0
17/07/2025 18:15;0
17/07/2025 18:30;0
17/07/2025 18:45;0
17/07/2025 19:00;0
17/07/2025 19:15;0
17/07/2025 19:30;0
17/07/2025 19:45;0
17/07/2025 20:00;0
17/07/2025 20:15;0
17/07/2025 20:30;0
17/07/2025 20:45;0
17/07/2025 21:00;0
17/07/2025 21:15;0
17/07/2025 21:30;0
17/07/2025 21:45;0
17/07/2025 22:00;0
17/07/2025 22:15;0
17/07/2025 22:30;0
17/07/2025 22:45;0
17/07/2025 23:00;0
17/07/2025 23:15;0
17/07/2025 23:30;0
17/07/2025 23:45;0
18/07/2025 00:00;0
18/07/2025 00:15;0
18/07/2025 00:30;0
18/07/2025 00:45;0
18/07/2025 01:00;0
18/07/2025 01:15;0
18/07/2025 01:30;0
18/07/2025 01:45;0
18/07/2025 02:00;0
18/07/2025 02:15;0
18/07/2025 02:30;0
18/07/2025 02:45;0
18/07/2025 03:00;0
18/07/2025 03:15;0
18/07/2025 03:30;0
18/07/2025 03:45;0
18/07/2025 04:00;0
18/07/2025 04:15;0
18/07/2025 04:30;0
18/07/2025 04:45;0
18/07/2025 05:00;0
18/07/2025 05:15;0
18/07/2025 05:30;0
18/07/2025 05:45;0
18/07/2025 06:00;0
18/07/2025 06:15;0
18/07/2025 06:30;0
18/07/2025 06:45;0
18/07/2025 07:00;0
18/07/2025 07:15;0
18/07/2025 07:30;0
18/07/2025 07:45;0
18/07/2025 08:00;0
18/07/2025 08:15;0
18/07/2025 08:30;0
18/07/2025 08:45;0
18/07/2025 09:00;0
18/07/2025 09:15;0
18/07/2025 09:30;0
18/07/2025 09:45;0
18/07/2025 10:00;0
18/07/2025 10:15;0
18/07/2025 10:30;0
18/07/2025 10:45;0
18/07/2025 11:00;0
18/07/2025 11:15;0
18/07/2025 11:30;0
18/07/2025 11:45;0
18/07/2025 12:00;0
18/07/2025 12:15;0
18/07/2025 12:30;0
18/07/2025 12:45;0
18/07/2025 13:00;0
18/07/2025 13:15;0
18/07/2025 13:30;0
18/07/2025 13:45;0
18/07/2025 14:00;0
18/07/2025 14:15;0
18/07/2025 14:30;0
18/07/2025 14:45;0
18/07/2025 15:00;0
18/07/2025 15:15;0
18/07/2025 15:30;0
18/07/2025 15:45;0
18/07/2025 16:00;0
18/07/2025 16:15;0
18/07/2025 16:30;0
18/07/2025 16:45;0
18/07/2025 17:00;0
18/07/2025 17:15;0
18/07/2025 17:30;0
18/07/2025 17:45;0
18/07/2025 18:00;0
18/07/2025 18:15;0
18/07/2025 18:30;0
18/07/2025 18:45;0
18/07/2025 19:00;0
18/07/2025 19:15;0
18/07/2025 19:30;0
18/07/2025 19:45;0
18/07/2025 20:00;0
18/07/2025 20:15;0
18/07/2025 20:30;0
18/07/2025 20:45;0
18/07/2025 21:00;0
18/07/2025 21:15;0
18/07/2025 21:30;0
18/07/2025 21:45;0
18/07/2025 22:00;0
18/07/2025 22:15;0
18/07/2025 22:30;0
18/07/2025 22:45;0
18/07/2025 23:00;0
18/07/2025 23:15;0
18/07/2025 23:30;0
18/07/2025 23:45;0
19/07/2025 00:00;0
19/07/2025 00:15;0
19/07/2025 00:30;0
19/07/2025 00:45;0
19/07/2025 01:00;0
19/07/2025 01:15;0
19/07/2025 01:30;0
19/07/2025 01:45;0
19/07/2025 02:00;0
19/07/2025 02:15;0
19/07/2025 02:30;0
19/07/2025 02:45;0
19/07/2025 03:00;0
19/07/2025 03:15;0
19/07/2025 03:30;0
19/07/2025 03:45;0
19/07/2025 04:00;0
19/07/2025 04:15;0
19/07/2025 04:30;0
19/07/2025 04:45;0
19/07/2025 05:00;0
19/07/2025 05:15;0
19/07/2025 05:30;0
19/07/2025 05:45;0
19/07/2025 06:00;0
19/07/2025 06:15;0
19/07/2025 06:30;0
19/07/2025 06:45;0
19/07/2025 07:00;0
19/07/2025 07:15;0
19/07/2025 07:30;0
19/07/2025 07:45;0
19/07/2025 08:00;0
19/07/2025 08:15;0
19/07/2025 08:30;0
19/07/2025 08:45;0
19/07/2025 09:00;0
19/07/2025 09:15;0
19/07/2025 09:30;0
19/07/2025 09:45;0
19/07/2025 10:00;0
19/07/2025 10:15;0
19/07/2025 10:30;0
19/07/2025 10:45;0
19/07/2025 11:00;0
19/07/2025 11:15;0
19/07/2025 11:30;0
19/07/2025 11:45;0
19/07/2025 12:00;0
19/07/2025 12:15;0
19/07/2025 12:30;0
19/07/2025 12:45;0
19/07/2025 13:00;0
19/07/2025 13:15;0
19/07/2025 13:30;0
19/07/2025 13:45;0
19/07/2025 14:00;0
19/07/2025 14:15;0
19/07/2025 14:30;0
19/07/2025 14:45;0
19/07/2025 15:00;0
19/07/2025 15:15;0
19/07/2025 15:30;0
19/07/2025 15:45;0
19/07/2025 16:00;0
19/07/2025 16:15;0
19/07/2025 16:30;0
19/07/2025 16:45;0
19/07/2025 17:00;0
19/07/2025 17:15;0
19/07/2025 17:30;0
19/07/2025 17:45;0
19/07/2025 18:00;0
19/07/2025 18:15;0
19/07/2025 18:30;0
19/07/2025 18:45;0
19/07/2025 19:00;0
19/07/2025 19:15;0
19/07/2025 19:30;0
19/07/2025 19:45;0
19/07/2025 20:00;0
19/07/2025 20:15;0
19/07/2025 20:30;0
19/07/2025 20:45;0
19/07/2025 21:00;0
19/07/2025 21:15;0
19/07/2025 21:30;0
19/07/2025 21:45;0
19/07/2025 22:00;0
19/07/2025 22:15;0
19/07/2025 22:30;0
19/07/2025 22:45;0
19/07/2025 23:00;0
19/07/2025 23:15;0
19/07/2025 23:30;0
19/07/2025 23:45;0
20/07/2025 00:00;0
20/07/2025 00:15;0
20/07/2025 00:30;0
20/07/2025 00:45;0
20/07/2025 01:00;0
20/07/2025 01:15;0
20/07/2025 01:30;0
20/07/2025 01:45;0
20/07/2025 02:00;0
20/07/2025 02:15;0
20/07/2025 02:30;0
20/07/2025 02:45;0
20/07/2025 03:00;0
20/07/2025 03:15;0
20/07/2025 03:30;0
20/07/2025 03:45;0
20/07/2025 04:00;0
20/07/2025 04:15;0
20/07/2025 04:30;0
20/07/2025 04:45;0
20/07/2025 05:00;0
20/07/2025 05:15;0
20/07/2025 05:30;0
20/07/2025 05:45;0
20/07/2025 06:00;0
20/07/2025 06:15;0
20/07/2025 06:30;0
20/07/2025 06:45;0
20/07/2025 07:00;0
20/07/2025 07:15;0
20/07/2025 07:30;0
20/07/2025 07:45;0
20/07/2025 08:00;0
20/07/2025 08:15;0
20/07/2025 08:30;0
20/07/2025 08:45;0
20/07/2025 09:00;0
20/07/2025 09:15;0
20/07/2025 09:30;0
20/07/2025 09:45;0
20/07/2025 10:00;0
20/07/2025 10:15;0
20/07/2025 10:30;0
20/07/2025 10:45;0
20/07/2025 11:00;0
20/07/2025 11:15;0
20/07/2025 11:30;0
20/07/2025 11:45;0
20/07/2025 12:00;0
20/07/2025 12:15;0
20/07/2025 12:30;0
20/07/2025 12:45;0
20/07/2025 13:00;0
20/07/2025 13:15;0
20/07/2025 13:30;0
20/07/2025 13:45;0
20/07/2025 14:00;0
20/07/2025 14:15;0
20/07/2025 14:30;0
20/07/2025 14:45;0
20/07/2025 15:00;0
20/07/2025 15:15;0
20/07/2025 15:30;0
20/07/2025 15:45;0
20/07/2025 16:00;0
20/07/2025 16:15;0
20/07/2025 16:30;0
20/07/2025 16:45;0
20/07/2025 17:00;0
20/07/2025 17:15;0
20/07/2025 17:30;0
20/07/2025 17:45;0
20/07/2025 18:00;0
20/07/2025 18:15;0
20/07/2025 18:30;0
20/07/2025 18:45;0
20/07/2025 19:00;0
20/07/2025 19:15;0
20/07/2025 19:30;0
20/07/2025 19:45;0
20/07/2025 20:00;0
20/07/2025 20:15;0
20/07/2025 20:30;0
20/07/2025 20:45;0
20/07/2025 21:00;0
20/07/2025 21:15;0
20/07/2025 21:30;0
20/07/2025 21:45;0
20/07/2025 22:00;0
20/07/2025 22:15;0
20/07/2025 22:30;0
20/07/2025 22:45;0
20/07/2025 23:00;0
20/07/2025 23:15;0
20/07/2025 23:30;0
20/07/2025 23:45;0
21/07/2025 00:00;0
21/07/2025 00:15;0
21/07/2025 00:30;0
21/07/2025 00:45;0
21/07/2025 01:00;0
21/07/2025 01:15;0
21/07/2025 01:30;0
21/07/2025 01:45;0
21/07/2025 02:00;0
21/07/2025 02:15;0
21/07/2025 02:30;0
21/07/2025 02:45;0
21/07/2025 03:00;0
21/07/2025 03:15;0
21/07/2025 03:30;0
21/07/2025 03:45;0
21/07/2025 04:00;0
21/07/2025 04:15;0
21/07/2025 04:30;0
21/07/2025 04:45;0
21/07/2025 05:00;0
21/07/2025 05:15;0
21/07/2025 05:30;0
21/07/2025 05:45;0
21/07/2025 06:00;0
21/07/2025 06:15;0
21/07/2025 06:30;0
21/07/2025 06:45;0
21/07/2025 07:00;0
21/07/2025 07:15;0
21/07/2025 07:30;0
21/07/2025 07:45;0
21/07/2025 08:00;0
21/07/2025 08:15;0
21/07/2025 08:30;0
21/07/2025 08:45;0
21/07/2025 09:00;0
21/07/2025 09:15;0
21/07/2025 09:30;0
21/07/2025 09:45;0
21/07/2025 10:00;0
21/07/2025 10:15;0
21/07/2025 10:30;0
21/07/2025 10:45;0
21/07/2025 11:00;0
21/07/2025 11:15;0
21/07/2025 11:30;0
21/07/2025 11:45;0
21/07/2025 12:00;0
21/07/2025 12:15;0
21/07/2025 12:30;0
21/07/2025 12:45;0
21/07/2025 13:00;0
21/07/2025 13:15;0
21/07/2025 13:30;0
21/07/2025 13:45;0
21/07/2025 14:00;0
21/07/2025 14:15;0
21/07/2025 14:30;0
21/07/2025 14:45;0
21/07/2025 15:00;0
21/07/2025 15:15;0
21/07/2025 15:30;0
21/07/2025 15:45;0
21/07/2025 16:00;0
21/07/2025 16:15;0
21/07/2025 16:30;0
21/07/2025 16:45;0
21/07/2025 17:00;0
21/07/2025 17:15;0
21/07/2025 17:30;0
21/07/2025 17:45;0
21/07/2025 18:00;0
21/07/2025 18:15;0
21/07/2025 18:30;0
21/07/2025 18:45;0
21/07/2025 19:00;0
21/07/2025 19:15;0
21/07/2025 19:30;0
21/07/2025 19:45;0
21/07/2025 20:00;0
21/07/2025 20:15;0
21/07/2025 20:30;0
21/07/2025 20:45;0
21/07/2025 21:00;0
21/07/2025 21:15;0
21/07/2025 21:30;0
21/07/2025 21:45;0
21/07/2025 22:00;0
21/07/2025 22:15;0
21/07/2025 22:30;0
21/07/2025 22:45;0
21/07/2025 23:00;0
21/07/2025 23:15;0
21/07/2025 23:30;0
21/07/2025 23:45;0
22/07/2025 00:00;0
22/07/2025 00:15;0
22/07/2025 00:30;0
22/07/2025 00:45;0
22/07/2025 01:00;0
22/07/2025 01:15;0
22/07/2025 01:30;0
22/07/2025 01:45;0
22/07/2025 02:00;0
22/07/2025 02:15;0
22/07/2025 02:30;0
22/07/2025 02:45;0
22/07/2025 03:00;0
22/07/2025 03:15;0
22/07/2025 03:30;0
22/07/2025 03:45;0
22/07/2025 04:00;0
22/07/2025 04:15;0
22/07/2025 04:30;0
22/07/2025 04:45;0
22/07/2025 05:00;0
22/07/2025 05:15;0
22/07/2025 05:30;0
22/07/2025 05:45;0
22/07/2025 06:00;0
22/07/2025 06:15;0
22/07/2025 06:30;0
22/07/2025 06:45;0
22/07/2025 07:00;0
22/07/2025 07:15;0
22/07/2025 07:30;0
22/07/2025 07:45;0
22/07/2025 08:00;0
22/07/2025 08:15;0
22/07/2025 08:30;0
22/07/2025 08:45;0
22/07/2025 09:00;0
22/07/2025 09:15;0
22/07/2025 09:30;0
22/07/2025 09:45;0
22/07/2025 10:00;0
22/07/2025 10:15;0
22/07/2025 10:30;0
22/07/2025 10:45;0
22/07/2025 11:00;0
22/07/2025 11:15;0
22/07/2025 11:30;0
22/07/2025 11:45;0
22/07/2025 12:00;0
22/07/2025 12:15;0
22/07/2025 12:30;0
22/07/2025 12:45;0
22/07/2025 13:00;0
22/07/2025 13:15;0
22/07/2025 13:30;0
22/07/2025 13:45;0
22/07/2025 14:00;0
22/07/2025 14:15;0
22/07/2025 14:30;0
22/07/2025 14:45;0
22/07/2025 15:00;0
22/07/2025 15:15;0
22/07/2025 15:30;0
22/07/2025 15:45;0
22/07/2025 16:00;0
22/07/2025 16:15;0
22/07/2025 16:30;0
22/07/2025 16:45;0
22/07/2025 17:00;0
22/07/2025 17:15;0
22/07/2025 17:30;0
22/07/2025 17:45;0
22/07/2025 18:00;0
22/07/2025 18:15;0
22/07/2025 18:30;0
22/07/2025 18:45;0
22/07/2025 19:00;0
22/07/2025 19:15;0
22/07/2025 19:30;0
22/07/2025 19:45;0
22/07/2025 20:00;0
22/07/2025 20:15;0
22/07/2025 20:30;0
22/07/2025 20:45;0
22/07/2025 21:00;0
22/07/2025 21:15;0
22/07/2025 21:30;0
22/07/2025 21:45;0
22/07/2025 22:00;0
22/07/2025 22:15;0
22/07/2025 22:30;0
22/07/2025 22:45;0
22/07/2025 23:00;0
22/07/2025 23:15;0
22/07/2025 23:30;0
22/07/2025 23:45;0
23/07/2025 00:00;0
23/07/2025 00:15;0
23/07/2025 00:30;0
23/07/2025 00:45;0
23/07/2025 01:00;0
23/07/2025 01:15;0
23/07/2025 01:30;0
23/07/2025 01:45;0
23/07/2025 02:00;0
23/07/2025 02:15;0
23/07/2025 02:30;0
23/07/2025 02:45;0
23/07/2025 03:00;0
23/07/2025 03:15;0
23/07/2025 03:30;0
23/07/2025 03:45;0
23/07/2025 04:00;0
23/07/2025 04:15;0
23/07/2025 04:30;0
23/07/2025 04:45;0
23/07/2025 05:00;0
23/07/2025 05:15;0
23/07/2025 05:30;0
23/07/2025 05:45;0
23/07/2025 06:00;0
23/07/2025 06:15;0
23/07/2025 06:30;0
23/07/2025 06:45;0
23/07/2025 07:00;0
23/07/2025 07:15;0
23/07/2025 07:30;0
23/07/2025 07:45;0
23/07/2025 08:00;0.9
23/07/2025 08:15;15.3
23/07/2025 08:30;0.6
23/07/2025 08:45;0
23/07/2025 09:00;0
23/07/2025 09:15;0
23/07/2025 09:30;0
23/07/2025 09:45;0
23/07/2025 10:00;0
23/07/2025 10:15;0
23/07/2025 10:30;0
23/07/2025 10:45;0
23/07/2025 11:00;0
23/07/2025 11:15;0
23/07/2025 11:30;0
23/07/2025 11:45;0
23/07/2025 12:00;0
23/07/2025 12:15;0
23/07/2025 12:30;0
23/07/2025 12:45;0
23/07/2025 13:00;0
23/07/2025 13:15;0
23/07/2025 13:30;0
23/07/2025 13:45;0
23/07/2025 14:00;0
23/07/2025 14:15;0
23/07/2025 14:30;0
23/07/2025 14:45;0
23/07/2025 15:00;0
23/07/2025 15:15;0
23/07/2025 15:30;0
23/07/2025 15:45;0
23/07/2025 16:00;0
23/07/2025 16:15;0
23/07/2025 16:30;0
23/07/2025 16:45;0
23/07/2025 17:00;0
23/07/2025 17:15;0
23/07/2025 17:30;0
23/07/2025 17:45;0
23/07/2025 18:00;0
23/07/2025 18:15;0
23/07/2025 18:30;0
23/07/2025 18:45;0
23/07/2025 19:00;0
23/07/2025 19:15;0
23/07/2025 19:30;0
23/07/2025 19:45;0
23/07/2025 20:00;0
23/07/2025 20:15;0
23/07/2025 20:30;0
23/07/2025 20:45;0
23/07/2025 21:00;0
23/07/2025 21:15;0
23/07/2025 21:30;0
23/07/2025 21:45;0
23/07/2025 22:00;0
23/07/2025 22:15;0
23/07/2025 22:30;0
23/07/2025 22:45;0
23/07/2025 23:00;0
23/07/2025 23:15;0
23/07/2025 23:30;0
23/07/2025 23:45;0
24/07/2025 00:00;0
24/07/2025 00:15;0
24/07/2025 00:30;0
24/07/2025 00:45;0
24/07/2025 01:00;0
24/07/2025 01:15;0
24/07/2025 01:30;0
24/07/2025 01:45;0
24/07/2025 02:00;0
24/07/2025 02:15;0
24/07/2025 02:30;0
24/07/2025 02:45;0
24/07/2025 03:00;0
24/07/2025 03:15;0
24/07/2025 03:30;0
24/07/2025 03:45;0
24/07/2025 04:00;0
24/07/2025 04:15;0
24/07/2025 04:30;0
24/07/2025 04:45;0
24/07/2025 05:00;0
24/07/2025 05:15;0
24/07/2025 05:30;0
24/07/2025 05:45;0
24/07/2025 06:00;0
24/07/2025 06:15;0
24/07/2025 06:30;0
24/07/2025 06:45;0
24/07/2025 07:00;0
24/07/2025 07:15;0
24/07/2025 07:30;0
24/07/2025 07:45;0
24/07/2025 08:00;0
24/07/2025 08:15;0
24/07/2025 08:30;0
24/07/2025 08:45;0
24/07/2025 09:00;0
24/07/2025 09:15;0
24/07/2025 09:30;0
24/07/2025 09:45;0
24/07/2025 10:00;0
24/07/2025 10:15;0
24/07/2025 10:30;0
24/07/2025 10:45;0
24/07/2025 11:00;0
24/07/2025 11:15;0
24/07/2025 11:30;0
24/07/2025 11:45;0
24/07/2025 12:00;0
24/07/2025 12:15;0
24/07/2025 12:30;0
24/07/2025 12:45;0
24/07/2025 13:00;0
24/07/2025 13:15;0
24/07/2025 13:30;0
24/07/2025 13:45;0
24/07/2025 14:00;0
24/07/2025 14:15;0
24/07/2025 14:30;0
24/07/2025 14:45;0
24/07/2025 15:00;0
24/07/2025 15:15;0
24/07/2025 15:30;0
24/07/2025 15:45;0
24/07/2025 16:00;0
24/07/2025 16:15;0
24/07/2025 16:30;0
24/07/2025 16:45;0
24/07/2025 17:00;0
24/07/2025 17:15;0
24/07/2025 17:30;0
24/07/2025 17:45;0
24/07/2025 18:00;0
24/07/2025 18:15;0
24/07/2025 18:30;0
24/07/2025 18:45;0
24/07/2025 19:00;0
24/07/2025 19:15;0
24/07/2025 19:30;0
24/07/2025 19:45;0
24/07/2025 20:00;0
24/07/2025 20:15;0
24/07/2025 20:30;0
24/07/2025 20:45;0
24/07/2025 21:00;0
24/07/2025 21:15;0
24/07/2025 21:30;0
24/07/2025 21:45;0
24/07/2025 22:00;0
24/07/2025 22:15;0
24/07/2025 22:30;0
24/07/2025 22:45;0
24/07/2025 23:00;0
24/07/2025 23:15;0
24/07/2025 23:30;0
24/07/2025 23:45;0
25/07/2025 00:00;0
25/07/2025 00:15;0
25/07/2025 00:30;0
25/07/2025 00:45;0
25/07/2025 01:00;0
25/07/2025 01:15;0
25/07/2025 01:30;0
25/07/2025 01:45;0
25/07/2025 02:00;0
25/07/2025 02:15;0
25/07/2025 02:30;0
25/07/2025 02:45;0
25/07/2025 03:00;0
25/07/2025 03:15;0
25/07/2025 03:30;0
25/07/2025 03:45;0
25/07/2025 04:00;0
25/07/2025 04:15;0
25/07/2025 04:30;0
25/07/2025 04:45;0
25/07/2025 05:00;0
25/07/2025 05:15;0
25/07/2025 05:30;0
25/07/2025 05:45;0
25/07/2025 06:00;0
25/07/2025 06:15;0
25/07/2025 06:30;0
25/07/2025 06:45;0
25/07/2025 07:00;0
25/07/2025 07:15;0
25/07/2025 07:30;0
25/07/2025 07:45;0
25/07/2025 08:00;0
25/07/2025 08:15;0
25/07/2025 08:30;0
25/07/2025 08:45;0
25/07/2025 09:00;0
25/07/2025 09:15;0
25/07/2025 09:30;0
25/07/2025 09:45;0
25/07/2025 10:00;0
25/07/2025 10:15;0
25/07/2025 10:30;0
25/07/2025 10:45;0
25/07/2025 11:00;0
25/07/2025 11:15;0
25/07/2025 11:30;0
25/07/2025 11:45;0
25/07/2025 12:00;0
25/07/2025 12:15;0
25/07/2025 12:30;0
25/07/2025 12:45;0
25/07/2025 13:00;0
25/07/2025 13:15;0
25/07/2025 13:30;0
25/07/2025 13:45;0
25/07/2025 14:00;0
25/07/2025 14:15;0
25/07/2025 14:30;0
25/07/2025 14:45;0
25/07/2025 15:00;0
25/07/2025 15:15;0
25/07/2025 15:30;0
25/07/2025 15:45;0
25/07/2025 16:00;0
25/07/2025 16:15;0
25/07/2025 16:30;0
25/07/2025 16:45;0
25/07/2025 17:00;0
25/07/2025 17:15;0
25/07/2025 17:30;0
25/07/2025 17:45;0
25/07/2025 18:00;0
25/07/2025 18:15;0
25/07/2025 18:30;0
25/07/2025 18:45;0
25/07/2025 19:00;0
25/07/2025 19:15;0
25/07/2025 19:30;0
25/07/2025 19:45;0
25/07/2025 20:00;0
25/07/2025 20:15;0
25/07/2025 20:30;0
25/07/2025 20:45;0
25/07/2025 21:00;0
25/07/2025 21:15;0
25/07/2025 21:30;0
25/07/2025 21:45;0
25/07/2025 22:00;0
25/07/2025 22:15;0
25/07/2025 22:30;0
25/07/2025 22:45;0
25/07/2025 23:00;0
25/07/2025 23:15;0
25/07/2025 23:30;0
25/07/2025 23:45;0
26/07/2025 00:00;0
26/07/2025 00:15;0
26/07/2025 00:30;0
26/07/2025 00:45;0
26/07/2025 01:00;0
26/07/2025 01:15;0
26/07/2025 01:30;0
26/07/2025 01:45;0
26/07/2025 02:00;0
26/07/2025 02:15;0
26/07/2025 02:30;0
26/07/2025 02:45;0
26/07/2025 03:00;0
26/07/2025 03:15;0
26/07/2025 03:30;0
26/07/2025 03:45;0
26/07/2025 04:00;0
26/07/2025 04:15;0
26/07/2025 04:30;0
26/07/2025 04:45;0
26/07/2025 05:00;0
26/07/2025 05:15;0
26/07/2025 05:30;0
26/07/2025 05:45;0
26/07/2025 06:00;0
26/07/2025 06:15;0
26/07/2025 06:30;0
26/07/2025 06:45;0
26/07/2025 07:00;0
26/07/2025 07:15;0
26/07/2025 07:30;0
26/07/2025 07:45;0
26/07/2025 08:00;0
26/07/2025 08:15;0
26/07/2025 08:30;0
26/07/2025 08:45;0
26/07/2025 09:00;0
26/07/2025 09:15;0
26/07/2025 09:30;0
26/07/2025 09:45;0
26/07/2025 10:00;0
26/07/2025 10:15;0
26/07/2025 10:30;0
26/07/2025 10:45;0
26/07/2025 11:00;0
26/07/2025 11:15;0
26/07/2025 11:30;0
26/07/2025 11:45;0
26/07/2025 12:00;0
26/07/2025 12:15;0
26/07/2025 12:30;0
26/07/2025 12:45;0
26/07/2025 13:00;0
26/07/2025 13:15;0
26/07/2025 13:30;0
26/07/2025 13:45;0
26/07/2025 14:00;0
26/07/2025 14:15;0
26/07/2025 14:30;0
26/07/2025 14:45;0
26/07/2025 15:00;0
26/07/2025 15:15;0
26/07/2025 15:30;0
26/07/2025 15:45;0
26/07/2025 16:00;0
26/07/2025 16:15;0
26/07/2025 16:30;0
26/07/2025 16:45;0
26/07/2025 17:00;0
26/07/2025 17:15;0
26/07/2025 17:30;0
26/07/2025 17:45;0
26/07/2025 18:00;0
26/07/2025 18:15;0
26/07/2025 18:30;0
26/07/2025 18:45;0
26/07/2025 19:00;0
26/07/2025 19:15;0
26/07/2025 19:30;0
26/07/2025 19:45;0
26/07/2025 20:00;0
26/07/2025 20:15;0
26/07/2025 20:30;0
26/07/2025 20:45;0
26/07/2025 21:00;0
26/07/2025 21:15;0
26/07/2025 21:30;0
26/07/2025 21:45;0
26/07/2025 22:00;0
26/07/2025 22:15;0
26/07/2025 22:30;0
26/07/2025 22:45;0
26/07/2025 23:00;0
26/07/2025 23:15;0
26/07/2025 23:30;0
26/07/2025 23:45;0
27/07/2025 00:00;0
27/07/2025 00:15;0
27/07/2025 00:30;0
27/07/2025 00:45;0
27/07/2025 01:00;0
27/07/2025 01:15;0
27/07/2025 01:30;0
27/07/2025 01:45;0
27/07/2025 02:00;0
27/07/2025 02:15;0
27/07/2025 02:30;0
27/07/2025 02:45;0
27/07/2025 03:00;0
27/07/2025 03:15;0
27/07/2025 03:30;0
27/07/2025 03:45;0
27/07/2025 04:00;0
27/07/2025 04:15;0
27/07/2025 04:30;0
27/07/2025 04:45;0
27/07/2025 05:00;0
27/07/2025 05:15;0
27/07/2025 05:30;0
27/07/2025 05:45;0
27/07/2025 06:00;0
27/07/2025 06:15;0
27/07/2025 06:30;0
27/07/2025 06:45;0
27/07/2025 07:00;0
27/07/2025 07:15;0
27/07/2025 07:30;0
27/07/2025 07:45;0
27/07/2025 08:00;0
27/07/2025 08:15;0
27/07/2025 08:30;0
27/07/2025 08:45;0
27/07/2025 09:00;0
27/07/2025 09:15;0
27/07/2025 09:30;0
27/07/2025 09:45;0
27/07/2025 10:00;0
27/07/2025 10:15;0
27/07/2025 10:30;0
27/07/2025 10:45;0
27/07/2025 11:00;0
27/07/2025 11:15;0
27/07/2025 11:30;0
27/07/2025 11:45;0
27/07/2025 12:00;0
27/07/2025 12:15;0
27/07/2025 12:30;0
27/07/2025 12:45;0
27/07/2025 13:00;0
27/07/2025 13:15;0
27/07/2025 13:30;0
27/07/2025 13:45;0
27/07/2025 14:00;0
27/07/2025 14:15;0
27/07/2025 14:30;0
27/07/2025 14:45;0
27/07/2025 15:00;0
27/07/2025 15:15;0
27/07/2025 15:30;0
27/07/2025 15:45;0
27/07/2025 16:00;0
27/07/2025 16:15;0
27/07/2025 16:30;0
27/07/2025 16:45;0
27/07/2025 17:00;0
27/07/2025 17:15;0
27/07/2025 17:30;0
27/07/2025 17:45;0
27/07/2025 18:00;0
27/07/2025 18:15;0
27/07/2025 18:30;0
27/07/2025 18:45;0
27/07/2025 19:00;0
27/07/2025 19:15;0
27/07/2025 19:30;0
27/07/2025 19:45;0
27/07/2025 20:00;0
27/07/2025 20:15;0
27/07/2025 20:30;0
27/07/2025 20:45;0
27/07/2025 21:00;0
27/07/2025 21:15;0
27/07/2025 21:30;0
27/07/2025 21:45;0
27/07/2025 22:00;0
27/07/2025 22:15;0
27/07/2025 22:30;0
27/07/2025 22:45;0
27/07/2025 23:00;0
27/07/2025 23:15;0
27/07/2025 23:30;0
27/07/2025 23:45;0
28/07/2025 00:00;0
28/07/2025 00:15;0
28/07/2025 00:30;0
28/07/2025 00:45;0
28/07/2025 01:00;0
28/07/2025 01:15;0
28/07/2025 01:30;0
28/07/2025 01:45;0
28/07/2025 02:00;0
28/07/2025 02:15;0
28/07/2025 02:30;0
28/07/2025 02:45;0
28/07/2025 03:00;0
28/07/2025 03:15;0
28/07/2025 03:30;0
28/07/2025 03:45;0
28/07/2025 04:00;0
28/07/2025 04:15;0
28/07/2025 04:30;0
28/07/2025 04:45;0
28/07/2025 05:00;0
28/07/2025 05:15;0
28/07/2025 05:30;0
28/07/2025 05:45;0
28/07/2025 06:00;0
28/07/2025 06:15;0
28/07/2025 06:30;0
28/07/2025 06:45;0
28/07/2025 07:00;0
28/07/2025 07:15;0
28/07/2025 07:30;0
28/07/2025 07:45;0
28/07/2025 08:00;0
28/07/2025 08:15;0
28/07/2025 08:30;0
28/07/2025 08:45;0
28/07/2025 09:00;0
28/07/2025 09:15;0
28/07/2025 09:30;0
28/07/2025 09:45;0
28/07/2025 10:00;0
28/07/2025 10:15;0
28/07/2025 10:30;0
28/07/2025 10:45;0
28/07/2025 11:00;0
28/07/2025 11:15;0
28/07/2025 11:30;0
28/07/2025 11:45;0
28/07/2025 12:00;0
28/07/2025 12:15;0
28/07/2025 12:30;0
28/07/2025 12:45;0
28/07/2025 13:00;0
28/07/2025 13:15;0
28/07/2025 13:30;0
28/07/2025 13:45;0
28/07/2025 14:00;0
28/07/2025 14:15;0
28/07/2025 14:30;0
28/07/2025 14:45;0
28/07/2025 15:00;0
28/07/2025 15:15;0
28/07/2025 15:30;0
28/07/2025 15:45;0
28/07/2025 16:00;0
28/07/2025 16:15;0
28/07/2025 16:30;0
28/07/2025 16:45;0
28/07/2025 17:00;0
28/07/2025 17:15;0
28/07/2025 17:30;0
28/07/2025 17:45;0
28/07/2025 18:00;0
28/07/2025 18:15;0
28/07/2025 18:30;0
28/07/2025 18:45;0
28/07/2025 19:00;0
28/07/2025 19:15;0
28/07/2025 19:30;0
28/07/2025 19:45;0
28/07/2025 20:00;0
28/07/2025 20:15;0
28/07/2025 20:30;0
28/07/2025 20:45;0
28/07/2025 21:00;0
28/07/2025 21:15;0
28/07/2025 21:30;0
28/07/2025 21:45;0
28/07/2025 22:00;0
28/07/2025 22:15;0
28/07/2025 22:30;0
28/07/2025 22:45;0
28/07/2025 23:00;0
28/07/2025 23:15;0
28/07/2025 23:30;0
28/07/2025 23:45;0
29/07/2025 00:00;0
29/07/2025 00:15;0
29/07/2025 00:30;0
29/07/2025 00:45;0
29/07/2025 01:00;0
29/07/2025 01:15;0
29/07/2025 01:30;0
29/07/2025 01:45;0
29/07/2025 02:00;0
29/07/2025 02:15;0
29/07/2025 02:30;0
29/07/2025 02:45;0
29/07/2025 03:00;0
29/07/2025 03:15;0
29/07/2025 03:30;0
29/07/2025 03:45;0
29/07/2025 04:00;0
29/07/2025 04:15;0
29/07/2025 04:30;0
29/07/2025 04:45;0
29/07/2025 05:00;0
29/07/2025 05:15;0
29/07/2025 05:30;0
29/07/2025 05:45;0
29/07/2025 06:00;0
29/07/2025 06:15;0
29/07/2025 06:30;0
29/07/2025 06:45;0
29/07/2025 07:00;0
29/07/2025 07:15;0
29/07/2025 07:30;0
29/07/2025 07:45;0
29/07/2025 08:00;0
29/07/2025 08:15;0
29/07/2025 08:30;0
29/07/2025 08:45;0
29/07/2025 09:00;0
29/07/2025 09:15;0
29/07/2025 09:30;0
29/07/2025 09:45;0
29/07/2025 10:00;0
29/07/2025 10:15;0
29/07/2025 10:30;0
29/07/2025 10:45;0
29/07/2025 11:00;0
29/07/2025 11:15;0
29/07/2025 11:30;0
29/07/2025 11:45;0
29/07/2025 12:00;0
29/07/2025 12:15;0
29/07/2025 12:30;0
29/07/2025 12:45;0
29/07/2025 13:00;0
29/07/2025 13:15;0
29/07/2025 13:30;0
29/07/2025 13:45;0
29/07/2025 14:00;0
29/07/2025 14:15;0
29/07/2025 14:30;0
29/07/2025 14:45;0
29/07/2025 15:00;0
29/07/2025 15:15;0
29/07/2025 15:30;0
29/07/2025 15:45;0
29/07/2025 16:00;0
29/07/2025 16:15;0
29/07/2025 16:30;0
29/07/2025 16:45;0
29/07/2025 17:00;0
29/07/2025 17:15;0
29/07/2025 17:30;0
29/07/2025 17:45;0
29/07/2025 18:00;0
29/07/2025 18:15;0
29/07/2025 18:30;0
29/07/2025 18:45;0
29/07/2025 19:00;0
29/07/2025 19:15;0
29/07/2025 19:30;0
29/07/2025 19:45;0
29/07/2025 20:00;0
29/07/2025 20:15;0
29/07/2025 20:30;0
29/07/2025 20:45;0
29/07/2025 21:00;0
29/07/2025 21:15;0
29/07/2025 21:30;0
29/07/2025 21:45;0
29/07/2025 22:00;0
29/07/2025 22:15;0
29/07/2025 22:30;0
29/07/2025 22:45;0
29/07/2025 23:00;0
29/07/2025 23:15;0
29/07/2025 23:30;0
29/07/2025 23:45;0
30/07/2025 00:00;0
30/07/2025 00:15;0
30/07/2025 00:30;0
30/07/2025 00:45;0
30/07/2025 01:00;0
30/07/2025 01:15;0
30/07/2025 01:30;0
30/07/2025 01:45;0
30/07/2025 02:00;0
30/07/2025 02:15;0
30/07/2025 02:30;0
30/07/2025 02:45;0
30/07/2025 03:00;0
30/07/2025 03:15;0
30/07/2025 03:30;0
30/07/2025 03:45;0
30/07/2025 04:00;0
30/07/2025 04:15;0
30/07/2025 04:30;0
30/07/2025 04:45;0
30/07/2025 05:00;0
30/07/2025 05:15;0
30/07/2025 05:30;0
30/07/2025 05:45;0
30/07/2025 06:00;0
30/07/2025 06:15;0
30/07/2025 06:30;0
30/07/2025 06:45;0
30/07/2025 07:00;0
30/07/2025 07:15;0
30/07/2025 07:30;0
30/07/2025 07:45;0
30/07/2025 08:00;0
30/07/2025 08:15;0
30/07/2025 08:30;0
30/07/2025 08:45;0
30/07/2025 09:00;0
30/07/2025 09:15;0
30/07/2025 09:30;0
30/07/2025 09:45;0
30/07/2025 10:00;0
30/07/2025 10:15;0
30/07/2025 10:30;0
30/07/2025 10:45;0
30/07/2025 11:00;0
30/07/2025 11:15;0
30/07/2025 11:30;0
30/07/2025 11:45;0
30/07/2025 12:00;0
30/07/2025 12:15;0
30/07/2025 12:30;0
30/07/2025 12:45;0
30/07/2025 13:00;0
30/07/2025 13:15;0
30/07/2025 13:30;0
30/07/2025 13:45;0
30/07/2025 14:00;0
30/07/2025 14:15;0
30/07/2025 14:30;0
30/07/2025 14:45;0
30/07/2025 15:00;0
30/07/2025 15:15;0
30/07/2025 15:30;0
30/07/2025 15:45;0
30/07/2025 16:00;0
30/07/2025 16:15;0
30/07/2025 16:30;0
30/07/2025 16:45;0
30/07/2025 17:00;0
30/07/2025 17:15;0
30/07/2025 17:30;0
30/07/2025 17:45;0
30/07/2025 18:00;0
30/07/2025 18:15;0
30/07/2025 18:30;0
30/07/2025 18:45;0
30/07/2025 19:00;0
30/07/2025 19:15;0
30/07/2025 19:30;0
30/07/2025 19:45;0
30/07/2025 20:00;0
30/07/2025 20:15;0
30/07/2025 20:30;0
30/07/2025 20:45;0
30/07/2025 21:00;0
30/07/2025 21:15;0
30/07/2025 21:30;0
30/07/2025 21:45;0
30/07/2025 22:00;0
30/07/2025 22:15;0
30/07/2025 22:30;0
30/07/2025 22:45;0
30/07/2025 23:00;0
30/07/2025 23:15;0
30/07/2025 23:30;0
30/07/2025 23:45;0
31/07/2025 00:00;0
31/07/2025 00:15;0
31/07/2025 00:30;0
31/07/2025 00:45;0
31/07/2025 01:00;0
31/07/2025 01:15;0
31/07/2025 01:30;0
31/07/2025 01:45;0
31/07/2025 02:00;0
31/07/2025 02:15;0
31/07/2025 02:30;0
31/07/2025 02:45;0
31/07/2025 03:00;0
31/07/2025 03:15;0
31/07/2025 03:30;0
31/07/2025 03:45;0
31/07/2025 04:00;0
31/07/2025 04:15;0
31/07/2025 04:30;0
31/07/2025 04:45;0
31/07/2025 05:00;0
31/07/2025 05:15;0
31/07/2025 05:30;0
31/07/2025 05:45;0
31/07/2025 06:00;0
31/07/2025 06:15;0
31/07/2025 06:30;0
31/07/2025 06:45;0
31/07/2025 07:00;0
31/07/2025 07:15;0
31/07/2025 07:30;0
31/07/2025 07:45;0
31/07/2025 08:00;0
31/07/2025 08:15;0
31/07/2025 08:30;0
31/07/2025 08:45;0
31/07/2025 09:00;0
31/07/2025 09:15;0
31/07/2025 09:30;0
31/07/2025 09:45;0
31/07/2025 10:00;0
31/07/2025 10:15;0
31/07/2025 10:30;0
31/07/2025 10:45;0
31/07/2025 11:00;0
31/07/2025 11:15;0
31/07/2025 11:30;0
31/07/2025 11:45;0
31/07/2025 12:00;0
31/07/2025 12:15;0
31/07/2025 12:30;0
31/07/2025 12:45;0
31/07/2025 13:00;0
31/07/2025 13:15;0
31/07/2025 13:30;0
31/07/2025 13:45;0
31/07/2025 14:00;0
31/07/2025 14:15;0
31/07/2025 14:30;0
31/07/2025 14:45;0
31/07/2025 15:00;0
31/07/2025 15:15;0
31/07/2025 15:30;0
31/07/2025 15:45;0
31/07/2025 16:00;0
31/07/2025 16:15;0
31/07/2025 16:30;0
31/07/2025 16:45;0
31/07/2025 17:00;0
31/07/2025 17:15;0
31/07/2025 17:30;0
31/07/2025 17:45;0
31/07/2025 18:00;0
31/07/2025 18:15;0
31/07/2025 18:30;0
31/07/2025 18:45;0
31/07/2025 19:00;0
31/07/2025 19:15;0
31/07/2025 19:30;0
31/07/2025 19:45;0
31/07/2025 20:00;0
31/07/2025 20:15;0
31/07/2025 20:30;0
31/07/2025 20:45;0
31/07/2025 21:00;0
31/07/2025 21:15;0
31/07/2025 21:30;0
31/07/2025 21:45;0
31/07/2025 22:00;0
31/07/2025 22:15;0
31/07/2025 22:30;0
31/07/2025 22:45;0
31/07/2025 23:00;0
31/07/2025 23:15;0
31/07/2025 23:30;0
31/07/2025 23:45;0
01/08/2025 00:00;0
01/08/2025 00:15;0
01/08/2025 00:30;0
01/08/2025 00:45;0
01/08/2025 01:00;0
01/08/2025 01:15;0
01/08/2025 01:30;0
01/08/2025 01:45;0
01/08/2025 02:00;0
01/08/2025 02:15;0
01/08/2025 02:30;0
01/08/2025 02:45;0
01/08/2025 03:00;0
01/08/2025 03:15;0
01/08/2025 03:30;0
01/08/2025 03:45;0
01/08/2025 04:00;0
01/08/2025 04:15;0
01/08/2025 04:30;0
01/08/2025 04:45;0
01/08/2025 05:00;0
01/08/2025 05:15;0
01/08/2025 05:30;0
01/08/2025 05:45;0
01/08/2025 06:00;0
01/08/2025 06:15;0
01/08/2025 06:30;0
01/08/2025 06:45;0
01/08/2025 07:00;0
01/08/2025 07:15;0
01/08/2025 07:30;0
01/08/2025 07:45;0
01/08/2025 08:00;0
01/08/2025 08:15;0
01/08/2025 08:30;0
01/08/2025 08:45;0
01/08/2025 09:00;0
01/08/2025 09:15;0
01/08/2025 09:30;0
01/08/2025 09:45;0
01/08/2025 10:00;0
01/08/2025 10:15;0
01/08/2025 10:30;0
01/08/2025 10:45;0
01/08/2025 11:00;0
01/08/2025 11:15;0
01/08/2025 11:30;0
01/08/2025 11:45;0
01/08/2025 12:00;0
01/08/2025 12:15;0
01/08/2025 12:30;0
01/08/2025 12:45;0
01/08/2025 13:00;0
01/08/2025 13:15;0
01/08/2025 13:30;0
01/08/2025 13:45;0
01/08/2025 14:00;0
01/08/2025 14:15;0
01/08/2025 14:30;0
01/08/2025 14:45;0
01/08/2025 15:00;0
01/08/2025 15:15;0
01/08/2025 15:30;0
01/08/2025 15:45;0
01/08/2025 16:00;0
01/08/2025 16:15;0
01/08/2025 16:30;0
01/08/2025 16:45;0
01/08/2025 17:00;0
01/08/2025 17:15;0
01/08/2025 17:30;0
01/08/2025 17:45;0
01/08/2025 18:00;0
01/08/2025 18:15;0
01/08/2025 18:30;0
01/08/2025 18:45;0
01/08/2025 19:00;0
01/08/2025 19:15;0
01/08/2025 19:30;0
01/08/2025 19:45;0
01/08/2025 20:00;0
01/08/2025 20:15;0
01/08/2025 20:30;0
01/08/2025 20:45;0
01/08/2025 21:00;0
01/08/2025 21:15;0
01/08/2025 21:30;0
01/08/2025 21:45;0
01/08/2025 22:00;0
01/08/2025 22:15;0
01/08/2025 22:30;0
01/08/2025 22:45;0
01/08/2025 23:00;0
01/08/2025 23:15;0
01/08/2025 23:30;0
01/08/2025 23:45;0
02/08/2025 00:00;0
02/08/2025 00:15;0
02/08/2025 00:30;0
02/08/2025 00:45;0
02/08/2025 01:00;0
02/08/2025 01:15;0
02/08/2025 01:30;0
02/08/2025 01:45;0
02/08/2025 02:00;0
02/08/2025 02:15;0
02/08/2025 02:30;0
02/08/2025 02:45;0
02/08/2025 03:00;0
02/08/2025 03:15;0
02/08/2025 03:30;0
02/08/2025 03:45;0
02/08/2025 04:00;0
02/08/2025 04:15;0
02/08/2025 04:30;0
02/08/2025 04:45;0
02/08/2025 05:00;0
02/08/2025 05:15;0
02/08/2025 05:30;0
02/08/2025 05:45;0
02/08/2025 06:00;0
02/08/2025 06:15;0
02/08/2025 06:30;0
02/08/2025 06:45;0
02/08/2025 07:00;0
02/08/2025 07:15;0
02/08/2025 07:30;0
02/08/2025 07:45;0
02/08/2025 08:00;0
02/08/2025 08:15;0
02/08/2025 08:30;0
02/08/2025 08:45;0
02/08/2025 09:00;0
02/08/2025 09:15;0
02/08/2025 09:30;0
02/08/2025 09:45;0
02/08/2025 10:00;0
02/08/2025 10:15;0
02/08/2025 10:30;0
02/08/2025 10:45;0
02/08/2025 11:00;0
02/08/2025 11:15;0
02/08/2025 11:30;0
02/08/2025 11:45;0
02/08/2025 12:00;0
02/08/2025 12:15;0
02/08/2025 12:30;0
02/08/2025 12:45;0
02/08/2025 13:00;0
02/08/2025 13:15;0
02/08/2025 13:30;0
02/08/2025 13:45;0
02/08/2025 14:00;0
02/08/2025 14:15;0
02/08/2025 14:30;0
02/08/2025 14:45;0
02/08/2025 15:00;0
02/08/2025 15:15;0
02/08/2025 15:30;0
02/08/2025 15:45;0
02/08/2025 16:00;0
02/08/2025 16:15;0
02/08/2025 16:30;0
02/08/2025 16:45;0
02/08/2025 17:00;0
02/08/2025 17:15;0
02/08/2025 17:30;0
02/08/2025 17:45;0
02/08/2025 18:00;0
02/08/2025 18:15;0
02/08/2025 18:30;0
02/08/2025 18:45;0
02/08/2025 19:00;0
02/08/2025 19:15;0
02/08/2025 19:30;0
02/08/2025 19:45;0
02/08/2025 20:00;0
02/08/2025 20:15;0
02/08/2025 20:30;0
02/08/2025 20:45;0
02/08/2025 21:00;0
02/08/2025 21:15;0
02/08/2025 21:30;0
02/08/2025 21:45;0
02/08/2025 22:00;0
02/08/2025 22:15;0
02/08/2025 22:30;0
02/08/2025 22:45;0
02/08/2025 23:00;0
02/08/2025 23:15;0
02/08/2025 23:30;0
02/08/2025 23:45;0
03/08/2025 00:00;0
03/08/2025 00:15;0
03/08/2025 00:30;0
03/08/2025 00:45;0
03/08/2025 01:00;0
03/08/2025 01:15;0
03/08/2025 01:30;0
03/08/2025 01:45;0
03/08/2025 02:00;0
03/08/2025 02:15;0
03/08/2025 02:30;0
03/08/2025 02:45;0
03/08/2025 03:00;0
03/08/2025 03:15;0
03/08/2025 03:30;0
03/08/2025 03:45;0
03/08/2025 04:00;0
03/08/2025 04:15;0
03/08/2025 04:30;0
03/08/2025 04:45;0
03/08/2025 05:00;0
03/08/2025 05:15;0
03/08/2025 05:30;0
03/08/2025 05:45;0
03/08/2025 06:00;0
03/08/2025 06:15;0
03/08/2025 06:30;0
03/08/2025 06:45;0
03/08/2025 07:00;0
03/08/2025 07:15;0
03/08/2025 07:30;0
03/08/2025 07:45;0
03/08/2025 08:00;0
03/08/2025 08:15;0
03/08/2025 08:30;0
03/08/2025 08:45;0
03/08/2025 09:00;0
03/08/2025 09:15;0
03/08/2025 09:30;0
03/08/2025 09:45;0
03/08/2025 10:00;0
03/08/2025 10:15;0
03/08/2025 10:30;0
03/08/2025 10:45;0
03/08/2025 11:00;0
03/08/2025 11:15;0
03/08/2025 11:30;0
03/08/2025 11:45;0
03/08/2025 12:00;0
03/08/2025 12:15;0
03/08/2025 12:30;0
03/08/2025 12:45;0
03/08/2025 13:00;0
03/08/2025 13:15;0
03/08/2025 13:30;0
03/08/2025 13:45;0
03/08/2025 14:00;0
03/08/2025 14:15;0
03/08/2025 14:30;0
03/08/2025 14:45;0
03/08/2025 15:00;0
03/08/2025 15:15;0
03/08/2025 15:30;0
03/08/2025 15:45;0
03/08/2025 16:00;0
03/08/2025 16:15;0
03/08/2025 16:30;0
03/08/2025 16:45;0
03/08/2025 17:00;0
03/08/2025 17:15;0
03/08/2025 17:30;0
03/08/2025 17:45;0
03/08/2025 18:00;0
03/08/2025 18:15;0
03/08/2025 18:30;0
03/08/2025 18:45;0
03/08/2025 19:00;0
03/08/2025 19:15;0
03/08/2025 19:30;0
03/08/2025 19:45;0
03/08/2025 20:00;0
03/08/2025 20:15;0
03/08/2025 20:30;0
03/08/2025 20:45;0
03/08/2025 21:00;0
03/08/2025 21:15;0
03/08/2025 21:30;0
03/08/2025 21:45;0
03/08/2025 22:00;0
03/08/2025 22:15;0
03/08/2025 22:30;0
03/08/2025 22:45;0
03/08/2025 23:00;0
03/08/2025 23:15;0
03/08/2025 23:30;0
03/08/2025 23:45;0
04/08/2025 00:00;0
04/08/2025 00:15;0
04/08/2025 00:30;0
04/08/2025 00:45;0
04/08/2025 01:00;0
04/08/2025 01:15;0
04/08/2025 01:30;0
04/08/2025 01:45;0
04/08/2025 02:00;0
04/08/2025 02:15;0
04/08/2025 02:30;0
04/08/2025 02:45;0
04/08/2025 03:00;0
04/08/2025 03:15;0
04/08/2025 03:30;0
04/08/2025 03:45;0
04/08/2025 04:00;0
04/08/2025 04:15;0
04/08/2025 04:30;0
04/08/2025 04:45;0
04/08/2025 05:00;0
04/08/2025 05:15;0
04/08/2025 05:30;0
04/08/2025 05:45;0
04/08/2025 06:00;0
04/08/2025 06:15;0
04/08/2025 06:30;0
04/08/2025 06:45;0
04/08/2025 07:00;0
04/08/2025 07:15;0
04/08/2025 07:30;0
04/08/2025 07:45;0
04/08/2025 08:00;0
04/08/2025 08:15;0
04/08/2025 08:30;0
04/08/2025 08:45;0
04/08/2025 09:00;0
04/08/2025 09:15;0
04/08/2025 09:30;0
04/08/2025 09:45;0
04/08/2025 10:00;0
04/08/2025 10:15;0
04/08/2025 10:30;0
04/08/2025 10:45;0
04/08/2025 11:00;0
04/08/2025 11:15;0
04/08/2025 11:30;0
04/08/2025 11:45;0
04/08/2025 12:00;0
04/08/2025 12:15;0
04/08/2025 12:30;0
04/08/2025 12:45;0
04/08/2025 13:00;0
04/08/2025 13:15;0
04/08/2025 13:30;0
04/08/2025 13:45;0
04/08/2025 14:00;0
04/08/2025 14:15;0
04/08/2025 14:30;0
04/08/2025 14:45;0
04/08/2025 15:00;0
04/08/2025 15:15;0
04/08/2025 15:30;0
04/08/2025 15:45;0
04/08/2025 16:00;0
04/08/2025 16:15;0
04/08/2025 16:30;0
04/08/2025 16:45;0
04/08/2025 17:00;0
04/08/2025 17:15;0
04/08/2025 17:30;0
04/08/2025 17:45;0
04/08/2025 18:00;0
04/08/2025 18:15;0
04/08/2025 18:30;0
04/08/2025 18:45;0
04/08/2025 19:00;0
04/08/2025 19:15;0
04/08/2025 19:30;0
04/08/2025 19:45;0
04/08/2025 20:00;0
04/08/2025 20:15;0
04/08/2025 20:30;0
04/08/2025 20:45;0
04/08/2025 21:00;0
04/08/2025 21:15;0
04/08/2025 21:30;0
04/08/2025 21:45;0
04/08/2025 22:00;0
04/08/2025 22:15;0
04/08/2025 22:30;0
04/08/2025 22:45;0
04/08/2025 23:00;0
04/08/2025 23:15;0
04/08/2025 23:30;0
04/08/2025 23:45;0
05/08/2025 00:00;0
05/08/2025 00:15;0
05/08/2025 00:30;0
05/08/2025 00:45;0
05/08/2025 01:00;0
05/08/2025 01:15;0
05/08/2025 01:30;0
05/08/2025 01:45;0
05/08/2025 02:00;0
05/08/2025 02:15;0
05/08/2025 02:30;0
05/08/2025 02:45;0
05/08/2025 03:00;0
05/08/2025 03:15;0
05/08/2025 03:30;0
05/08/2025 03:45;0
05/08/2025 04:00;0
05/08/2025 04:15;0
05/08/2025 04:30;0
05/08/2025 04:45;0
05/08/2025 05:00;0
05/08/2025 05:15;0
05/08/2025 05:30;0
05/08/2025 05:45;0
05/08/2025 06:00;0
05/08/2025 06:15;0
05/08/2025 06:30;0
05/08/2025 06:45;0
05/08/2025 07:00;0
05/08/2025 07:15;0
05/08/2025 07:30;0
05/08/2025 07:45;0
05/08/2025 08:00;0
05/08/2025 08:15;0
05/08/2025 08:30;0
05/08/2025 08:45;0
05/08/2025 09:00;0
05/08/2025 09:15;0
05/08/2025 09:30;0
05/08/2025 09:45;0
05/08/2025 10:00;0
05/08/2025 10:15;0
05/08/2025 10:30;0
05/08/2025 10:45;0
05/08/2025 11:00;0
05/08/2025 11:15;0
05/08/2025 11:30;0
05/08/2025 11:45;0
05/08/2025 12:00;0
05/08/2025 12:15;0
05/08/2025 12:30;0
05/08/2025 12:45;0
05/08/2025 13:00;0
05/08/2025 13:15;0
05/08/2025 13:30;0
05/08/2025 13:45;0
05/08/2025 14:00;0
05/08/2025 14:15;0
05/08/2025 14:30;0
05/08/2025 14:45;0
05/08/2025 15:00;0
05/08/2025 15:15;0
05/08/2025 15:30;0
05/08/2025 15:45;0
05/08/2025 16:00;0
05/08/2025 16:15;0
05/08/2025 16:30;0
05/08/2025 16:45;0
05/08/2025 17:00;0
05/08/2025 17:15;0
05/08/2025 17:30;0
05/08/2025 17:45;0
05/08/2025 18:00;0
05/08/2025 18:15;0
05/08/2025 18:30;0
05/08/2025 18:45;0
05/08/2025 19:00;0
05/08/2025 19:15;0
05/08/2025 19:30;0
05/08/2025 19:45;0
05/08/2025 20:00;0
05/08/2025 20:15;0
05/08/2025 20:30;0
05/08/2025 20:45;0
05/08/2025 21:00;0
05/08/2025 21:15;0
05/08/2025 21:30;0
05/08/2025 21:45;0
05/08/2025 22:00;0
05/08/2025 22:15;0
05/08/2025 22:30;0
05/08/2025 22:45;0
05/08/2025 23:00;0
05/08/2025 23:15;0
05/08/2025 23:30;0
05/08/2025 23:45;0
06/08/2025 00:00;0
06/08/2025 00:15;0
06/08/2025 00:30;0
06/08/2025 00:45;0
06/08/2025 01:00;0
06/08/2025 01:15;0
06/08/2025 01:30;0
06/08/2025 01:45;0
06/08/2025 02:00;0
06/08/2025 02:15;0
06/08/2025 02:30;0
06/08/2025 02:45;0
06/08/2025 03:00;0
06/08/2025 03:15;0
06/08/2025 03:30;0
06/08/2025 03:45;0
06/08/2025 04:00;0
06/08/2025 04:15;0
06/08/2025 04:30;0
06/08/2025 04:45;0
06/08/2025 05:00;0
06/08/2025 05:15;0
06/08/2025 05:30;0
06/08/2025 05:45;0
06/08/2025 06:00;0
06/08/2025 06:15;0
06/08/2025 06:30;0
06/08/2025 06:45;0
06/08/2025 07:00;0
06/08/2025 07:15;0
06/08/2025 07:30;0
06/08/2025 07:45;0
06/08/2025 08:00;0
06/08/2025 08:15;0
06/08/2025 08:30;0
06/08/2025 08:45;0
06/08/2025 09:00;0
06/08/2025 09:15;0
06/08/2025 09:30;0
06/08/2025 09:45;0
06/08/2025 10:00;0
06/08/2025 10:15;0
06/08/2025 10:30;0
06/08/2025 10:45;0
06/08/2025 11:00;0
06/08/2025 11:15;0
06/08/2025 11:30;0
06/08/2025 11:45;0
06/08/2025 12:00;0
06/08/2025 12:15;0
06/08/2025 12:30;0
06/08/2025 12:45;0
06/08/2025 13:00;0
06/08/2025 13:15;0
06/08/2025 13:30;0
06/08/2025 13:45;0
06/08/2025 14:00;0
06/08/2025 14:15;0
06/08/2025 14:30;0
06/08/2025 14:45;0
06/08/2025 15:00;0
06/08/2025 15:15;0
06/08/2025 15:30;0
06/08/2025 15:45;0
06/08/2025 16:00;0
06/08/2025 16:15;0
06/08/2025 16:30;0
06/08/2025 16:45;0
06/08/2025 17:00;0
06/08/2025 17:15;0
06/08/2025 17:30;0
06/08/2025 17:45;0
06/08/2025 18:00;0
06/08/2025 18:15;0
06/08/2025 18:30;0
06/08/2025 18:45;0
06/08/2025 19:00;0
06/08/2025 19:15;0
06/08/2025 19:30;0
06/08/2025 19:45;0
06/08/2025 20:00;0
06/08/2025 20:15;0
06/08/2025 20:30;0
06/08/2025 20:45;0
06/08/2025 21:00;0
06/08/2025 21:15;0
06/08/2025 21:30;0
06/08/2025 21:45;0
06/08/2025 22:00;0
06/08/2025 22:15;0
06/08/2025 22:30;0
06/08/2025 22:45;0
06/08/2025 23:00;0
06/08/2025 23:15;0
06/08/2025 23:30;0
06/08/2025 23:45;0
07/08/2025 00:00;0
07/08/2025 00:15;0
07/08/2025 00:30;0
07/08/2025 00:45;0
07/08/2025 01:00;0
07/08/2025 01:15;0
07/08/2025 01:30;0
07/08/2025 01:45;0
07/08/2025 02:00;0
07/08/2025 02:15;0
07/08/2025 02:30;0
07/08/2025 02:45;0
07/08/2025 03:00;0
07/08/2025 03:15;0
07/08/2025 03:30;0
07/08/2025 03:45;0
07/08/2025 04:00;0
07/08/2025 04:15;0
07/08/2025 04:30;0
07/08/2025 04:45;0
07/08/2025 05:00;0
07/08/2025 05:15;0
07/08/2025 05:30;0
07/08/2025 05:45;0
07/08/2025 06:00;0
07/08/2025 06:15;0
07/08/2025 06:30;0
07/08/2025 06:45;0
07/08/2025 07:00;0
07/08/2025 07:15;0
07/08/2025 07:30;0
07/08/2025 07:45;0
07/08/2025 08:00;0
07/08/2025 08:15;0
07/08/2025 08:30;0
07/08/2025 08:45;0
07/08/2025 09:00;0
07/08/2025 09:15;0
07/08/2025 09:30;0
07/08/2025 09:45;0
07/08/2025 10:00;0
07/08/2025 10:15;0
07/08/2025 10:30;0
07/08/2025 10:45;0
07/08/2025 11:00;0
07/08/2025 11:15;0
07/08/2025 11:30;0
07/08/2025 11:45;0
07/08/2025 12:00;0
07/08/2025 12:15;0
07/08/2025 12:30;0
07/08/2025 12:45;0
07/08/2025 13:00;0
07/08/2025 13:15;0
07/08/2025 13:30;0
07/08/2025 13:45;0
07/08/2025 14:00;0
07/08/2025 14:15;0
07/08/2025 14:30;0
07/08/2025 14:45;0
07/08/2025 15:00;0
07/08/2025 15:15;0
07/08/2025 15:30;0
07/08/2025 15:45;0
07/08/2025 16:00;0
07/08/2025 16:15;0
07/08/2025 16:30;0
07/08/2025 16:45;0
07/08/2025 17:00;0
07/08/2025 17:15;0
07/08/2025 17:30;0
07/08/2025 17:45;0
07/08/2025 18:00;0
07/08/2025 18:15;0
07/08/2025 18:30;0
07/08/2025 18:45;0
07/08/2025 19:00;0
07/08/2025 19:15;0
07/08/2025 19:30;0
07/08/2025 19:45;0
07/08/2025 20:00;0
07/08/2025 20:15;0
07/08/2025 20:30;0
07/08/2025 20:45;0
07/08/2025 21:00;0
07/08/2025 21:15;0
07/08/2025 21:30;0
07/08/2025 21:45;0
07/08/2025 22:00;0
07/08/2025 22:15;0
07/08/2025 22:30;0
07/08/2025 22:45;0
07/08/2025 23:00;0
07/08/2025 23:15;0
07/08/2025 23:30;0
07/08/2025 23:45;0
08/08/2025 00:00;0
08/08/2025 00:15;0
08/08/2025 00:30;0
08/08/2025 00:45;0
08/08/2025 01:00;0
08/08/2025 01:15;0
08/08/2025 01:30;0
08/08/2025 01:45;0
08/08/2025 02:00;0
08/08/2025 02:15;0
08/08/2025 02:30;0
08/08/2025 02:45;0
08/08/2025 03:00;0
08/08/2025 03:15;0
08/08/2025 03:30;0
08/08/2025 03:45;0
08/08/2025 04:00;0
08/08/2025 04:15;0
08/08/2025 04:30;0
08/08/2025 04:45;0
08/08/2025 05:00;0
08/08/2025 05:15;0
08/08/2025 05:30;0
08/08/2025 05:45;0
08/08/2025 06:00;0
08/08/2025 06:15;0
08/08/2025 06:30;0
08/08/2025 06:45;0
08/08/2025 07:00;0
08/08/2025 07:15;0
08/08/2025 07:30;0
08/08/2025 07:45;0
08/08/2025 08:00;0
08/08/2025 08:15;0
08/08/2025 08:30;0
08/08/2025 08:45;0
08/08/2025 09:00;0
08/08/2025 09:15;0
08/08/2025 09:30;0
08/08/2025 09:45;0
08/08/2025 10:00;0
08/08/2025 10:15;0
08/08/2025 10:30;0
08/08/2025 10:45;0
08/08/2025 11:00;0
08/08/2025 11:15;0
08/08/2025 11:30;0
08/08/2025 11:45;0
08/08/2025 12:00;0
08/08/2025 12:15;0
08/08/2025 12:30;0
08/08/2025 12:45;0
08/08/2025 13:00;0
08/08/2025 13:15;0
08/08/2025 13:30;0
08/08/2025 13:45;0
08/08/2025 14:00;0
08/08/2025 14:15;0
08/08/2025 14:30;0
08/08/2025 14:45;0
08/08/2025 15:00;0
08/08/2025 15:15;0
08/08/2025 15:30;0
08/08/2025 15:45;0
08/08/2025 16:00;0
08/08/2025 16:15;0
08/08/2025 16:30;0
08/08/2025 16:45;0
08/08/2025 17:00;0
08/08/2025 17:15;0
08/08/2025 17:30;0
08/08/2025 17:45;0
08/08/2025 18:00;0
08/08/2025 18:15;0
08/08/2025 18:30;0
08/08/2025 18:45;0
08/08/2025 19:00;0
08/08/2025 19:15;0
08/08/2025 19:30;0
08/08/2025 19:45;0
08/08/2025 20:00;0
08/08/2025 20:15;0
08/08/2025 20:30;0
08/08/2025 20:45;0
08/08/2025 21:00;0
08/08/2025 21:15;0
08/08/2025 21:30;0
08/08/2025 21:45;0
08/08/2025 22:00;0
08/08/2025 22:15;0
08/08/2025 22:30;0
08/08/2025 22:45;0
08/08/2025 23:00;0
08/08/2025 23:15;0
08/08/2025 23:30;0
08/08/2025 23:45;0
09/08/2025 00:00;0
09/08/2025 00:15;0
09/08/2025 00:30;0
09/08/2025 00:45;0
09/08/2025 01:00;0
09/08/2025 01:15;0
09/08/2025 01:30;0
09/08/2025 01:45;0
09/08/2025 02:00;0
09/08/2025 02:15;0
09/08/2025 02:30;0
09/08/2025 02:45;0
09/08/2025 03:00;0
09/08/2025 03:15;0
09/08/2025 03:30;0
09/08/2025 03:45;0
09/08/2025 04:00;0
09/08/2025 04:15;0
09/08/2025 04:30;0
09/08/2025 04:45;0
09/08/2025 05:00;0
09/08/2025 05:15;0
09/08/2025 05:30;0
09/08/2025 05:45;0
09/08/2025 06:00;0
09/08/2025 06:15;0
09/08/2025 06:30;0
09/08/2025 06:45;0
09/08/2025 07:00;0
09/08/2025 07:15;0
09/08/2025 07:30;0
09/08/2025 07:45;0
09/08/2025 08:00;0
09/08/2025 08:15;0
09/08/2025 08:30;0
09/08/2025 08:45;0
09/08/2025 09:00;0
09/08/2025 09:15;0
09/08/2025 09:30;0
09/08/2025 09:45;0
09/08/2025 10:00;0
09/08/2025 10:15;0
09/08/2025 10:30;0
09/08/2025 10:45;0
09/08/2025 11:00;0
09/08/2025 11:15;0
09/08/2025 11:30;0
09/08/2025 11:45;0
09/08/2025 12:00;0
09/08/2025 12:15;0
09/08/2025 12:30;0
09/08/2025 12:45;0
09/08/2025 13:00;0
09/08/2025 13:15;0
09/08/2025 13:30;0
09/08/2025 13:45;0
09/08/2025 14:00;0
09/08/2025 14:15;0
09/08/2025 14:30;0
09/08/2025 14:45;0
09/08/2025 15:00;0
09/08/2025 15:15;0
09/08/2025 15:30;0
09/08/2025 15:45;0
09/08/2025 16:00;0
09/08/2025 16:15;0
09/08/2025 16:30;0
09/08/2025 16:45;0
09/08/2025 17:00;0
09/08/2025 17:15;0
09/08/2025 17:30;0
09/08/2025 17:45;0
09/08/2025 18:00;0
09/08/2025 18:15;0
09/08/2025 18:30;0
09/08/2025 18:45;0
09/08/2025 19:00;0
09/08/2025 19:15;0
09/08/2025 19:30;0
09/08/2025 19:45;0
09/08/2025 20:00;0
09/08/2025 20:15;0
09/08/2025 20:30;0
09/08/2025 20:45;0
09/08/2025 21:00;0
09/08/2025 21:15;0
09/08/2025 21:30;0
09/08/2025 21:45;0
09/08/2025 22:00;0
09/08/2025 22:15;0
09/08/2025 22:30;0
09/08/2025 22:45;0
09/08/2025 23:00;0
09/08/2025 23:15;0
09/08/2025 23:30;0
09/08/2025 23:45;0
10/08/2025 00:00;0
10/08/2025 00:15;0
10/08/2025 00:30;0
10/08/2025 00:45;0
10/08/2025 01:00;0
10/08/2025 01:15;0
10/08/2025 01:30;0
10/08/2025 01:45;0
10/08/2025 02:00;0
10/08/2025 02:15;0
10/08/2025 02:30;0
10/08/2025 02:45;0
10/08/2025 03:00;0
10/08/2025 03:15;0
10/08/2025 03:30;0
10/08/2025 03:45;0
10/08/2025 04:00;0
10/08/2025 04:15;0
10/08/2025 04:30;0
10/08/2025 04:45;0
10/08/2025 05:00;0
10/08/2025 05:15;0
10/08/2025 05:30;0
10/08/2025 05:45;0
10/08/2025 06:00;0
10/08/2025 06:15;0
10/08/2025 06:30;0
10/08/2025 06:45;0
10/08/2025 07:00;0
10/08/2025 07:15;0
10/08/2025 07:30;0
10/08/2025 07:45;0
10/08/2025 08:00;0
10/08/2025 08:15;0
10/08/2025 08:30;0
10/08/2025 08:45;0
10/08/2025 09:00;0
10/08/2025 09:15;0
10/08/2025 09:30;0
10/08/2025 09:45;0
10/08/2025 10:00;0
10/08/2025 10:15;0
10/08/2025 10:30;0
10/08/2025 10:45;0
10/08/2025 11:00;0
10/08/2025 11:15;0
10/08/2025 11:30;0
10/08/2025 11:45;0
10/08/2025 12:00;0
10/08/2025 12:15;0
10/08/2025 12:30;0
10/08/2025 12:45;0
10/08/2025 13:00;0
10/08/2025 13:15;0
10/08/2025 13:30;0
10/08/2025 13:45;0
10/08/2025 14:00;0
10/08/2025 14:15;0
10/08/2025 14:30;0
10/08/2025 14:45;0
10/08/2025 15:00;0
10/08/2025 15:15;0
10/08/2025 15:30;0
10/08/2025 15:45;0
10/08/2025 16:00;0
10/08/2025 16:15;0
10/08/2025 16:30;0
10/08/2025 16:45;0
10/08/2025 17:00;0
10/08/2025 17:15;0
10/08/2025 17:30;0
10/08/2025 17:45;0
10/08/2025 18:00;0
10/08/2025 18:15;0
10/08/2025 18:30;0
10/08/2025 18:45;0
10/08/2025 19:00;0
10/08/2025 19:15;0
10/08/2025 19:30;0
10/08/2025 19:45;0
10/08/2025 20:00;0
10/08/2025 20:15;0
10/08/2025 20:30;0
10/08/2025 20:45;0
10/08/2025 21:00;0
10/08/2025 21:15;0
10/08/2025 21:30;0
10/08/2025 21:45;0
10/08/2025 22:00;0
10/08/2025 22:15;0
10/08/2025 22:30;0
10/08/2025 22:45;0
10/08/2025 23:00;0
10/08/2025 23:15;0
10/08/2025 23:30;0
10/08/2025 23:45;0
11/08/2025 00:00;0
11/08/2025 00:15;0
11/08/2025 00:30;0
11/08/2025 00:45;0
11/08/2025 01:00;0
11/08/2025 01:15;0
11/08/2025 01:30;0
11/08/2025 01:45;0
11/08/2025 02:00;0
11/08/2025 02:15;0
11/08/2025 02:30;0
11/08/2025 02:45;0
11/08/2025 03:00;0
11/08/2025 03:15;0
11/08/2025 03:30;0
11/08/2025 03:45;0
11/08/2025 04:00;0
11/08/2025 04:15;0
11/08/2025 04:30;0
11/08/2025 04:45;0
11/08/2025 05:00;0
11/08/2025 05:15;0
11/08/2025 05:30;0
11/08/2025 05:45;0
11/08/2025 06:00;0
11/08/2025 06:15;0
11/08/2025 06:30;0
11/08/2025 06:45;0
11/08/2025 07:00;0
11/08/2025 07:15;0
11/08/2025 07:30;0
11/08/2025 07:45;0
11/08/2025 08:00;0
11/08/2025 08:15;0
11/08/2025 08:30;0
11/08/2025 08:45;0
11/08/2025 09:00;0
11/08/2025 09:15;0
11/08/2025 09:30;0
11/08/2025 09:45;0
11/08/2025 10:00;0
11/08/2025 10:15;0
11/08/2025 10:30;0
11/08/2025 10:45;0
11/08/2025 11:00;0
11/08/2025 11:15;0
11/08/2025 11:30;0
11/08/2025 11:45;0
11/08/2025 12:00;0
11/08/2025 12:15;0
11/08/2025 12:30;0
11/08/2025 12:45;0
11/08/2025 13:00;0
11/08/2025 13:15;0
11/08/2025 13:30;0
11/08/2025 13:45;0
11/08/2025 14:00;0
11/08/2025 14:15;0
11/08/2025 14:30;0
11/08/2025 14:45;0
11/08/2025 15:00;0
11/08/2025 15:15;0
11/08/2025 15:30;0
11/08/2025 15:45;0
11/08/2025 16:00;0
11/08/2025 16:15;0
11/08/2025 16:30;0
11/08/2025 16:45;0
11/08/2025 17:00;0
11/08/2025 17:15;0
11/08/2025 17:30;0
11/08/2025 17:45;0
11/08/2025 18:00;0
11/08/2025 18:15;0
11/08/2025 18:30;0
11/08/2025 18:45;0
11/08/2025 19:00;0
11/08/2025 19:15;0
11/08/2025 19:30;0
11/08/2025 19:45;0
11/08/2025 20:00;0
11/08/2025 20:15;0
11/08/2025 20:30;0
11/08/2025 20:45;0
11/08/2025 21:00;0
11/08/2025 21:15;0
11/08/2025 21:30;0
11/08/2025 21:45;0
11/08/2025 22:00;0
11/08/2025 22:15;0
11/08/2025 22:30;0
11/08/2025 22:45;0
11/08/2025 23:00;0
11/08/2025 23:15;0
11/08/2025 23:30;0
11/08/2025 23:45;0
12/08/2025 00:00;0
12/08/2025 00:15;0
12/08/2025 00:30;0
12/08/2025 00:45;0
12/08/2025 01:00;0
12/08/2025 01:15;0
12/08/2025 01:30;0
12/08/2025 01:45;0
12/08/2025 02:00;0
12/08/2025 02:15;0
12/08/2025 02:30;0
12/08/2025 02:45;0
12/08/2025 03:00;0
12/08/2025 03:15;0
12/08/2025 03:30;0
12/08/2025 03:45;0
12/08/2025 04:00;0
12/08/2025 04:15;0
12/08/2025 04:30;0
12/08/2025 04:45;0
12/08/2025 05:00;0
12/08/2025 05:15;0
12/08/2025 05:30;0
12/08/2025 05:45;0
12/08/2025 06:00;0
12/08/2025 06:15;0
12/08/2025 06:30;0
12/08/2025 06:45;0
12/08/2025 07:00;0
12/08/2025 07:15;0
12/08/2025 07:30;0
12/08/2025 07:45;0
12/08/2025 08:00;0
12/08/2025 08:15;0
12/08/2025 08:30;0
12/08/2025 08:45;0
12/08/2025 09:00;0
12/08/2025 09:15;0
12/08/2025 09:30;0
12/08/2025 09:45;0
12/08/2025 10:00;0
12/08/2025 10:15;0
12/08/2025 10:30;0
12/08/2025 10:45;0
12/08/2025 11:00;0
12/08/2025 11:15;0
12/08/2025 11:30;0
12/08/2025 11:45;0
12/08/2025 12:00;0
12/08/2025 12:15;0
12/08/2025 12:30;0
12/08/2025 12:45;0
12/08/2025 13:00;0
12/08/2025 13:15;0
12/08/2025 13:30;0
12/08/2025 13:45;0
12/08/2025 14:00;0
12/08/2025 14:15;0
12/08/2025 14:30;0
12/08/2025 14:45;0
12/08/2025 15:00;0
12/08/2025 15:15;0
12/08/2025 15:30;0
12/08/2025 15:45;0
12/08/2025 16:00;0
12/08/2025 16:15;0
12/08/2025 16:30;0
12/08/2025 16:45;0
12/08/2025 17:00;0
12/08/2025 17:15;0
12/08/2025 17:30;0
12/08/2025 17:45;0
12/08/2025 18:00;0
12/08/2025 18:15;0
12/08/2025 18:30;0
12/08/2025 18:45;0
12/08/2025 19:00;0
12/08/2025 19:15;0
12/08/2025 19:30;0
12/08/2025 19:45;0
12/08/2025 20:00;0
12/08/2025 20:15;0
12/08/2025 20:30;0
12/08/2025 20:45;0
12/08/2025 21:00;0
12/08/2025 21:15;0
12/08/2025 21:30;0
12/08/2025 21:45;0
12/08/2025 22:00;0
12/08/2025 22:15;0
12/08/2025 22:30;0
12/08/2025 22:45;0
12/08/2025 23:00;0
12/08/2025 23:15;0
12/08/2025 23:30;0
12/08/2025 23:45;0
13/08/2025 00:00;0
13/08/2025 00:15;0
13/08/2025 00:30;0
13/08/2025 00:45;0
13/08/2025 01:00;0
13/08/2025 01:15;0
13/08/2025 01:30;0
13/08/2025 01:45;0
13/08/2025 02:00;0
13/08/2025 02:15;0
13/08/2025 02:30;0
13/08/2025 02:45;0
13/08/2025 03:00;0
13/08/2025 03:15;0
13/08/2025 03:30;0
13/08/2025 03:45;0
13/08/2025 04:00;0
13/08/2025 04:15;0
13/08/2025 04:30;0
13/08/2025 04:45;0
13/08/2025 05:00;0
13/08/2025 05:15;0
13/08/2025 05:30;0
13/08/2025 05:45;0
13/08/2025 06:00;0
13/08/2025 06:15;0
13/08/2025 06:30;0
13/08/2025 06:45;0
13/08/2025 07:00;0
13/08/2025 07:15;0
13/08/2025 07:30;0
13/08/2025 07:45;0
13/08/2025 08:00;0
13/08/2025 08:15;0
13/08/2025 08:30;0
13/08/2025 08:45;0
13/08/2025 09:00;0
13/08/2025 09:15;0
13/08/2025 09:30;0
13/08/2025 09:45;0
13/08/2025 10:00;0
13/08/2025 10:15;0
13/08/2025 10:30;0
13/08/2025 10:45;0
13/08/2025 11:00;0
13/08/2025 11:15;0
13/08/2025 11:30;0
13/08/2025 11:45;0
13/08/2025 12:00;0
13/08/2025 12:15;0
13/08/2025 12:30;0
13/08/2025 12:45;0
13/08/2025 13:00;0
13/08/2025 13:15;0
13/08/2025 13:30;0
13/08/2025 13:45;0
13/08/2025 14:00;0
13/08/2025 14:15;0
13/08/2025 14:30;0
13/08/2025 14:45;0
13/08/2025 15:00;0
13/08/2025 15:15;0
13/08/2025 15:30;0
13/08/2025 15:45;0
13/08/2025 16:00;0
13/08/2025 16:15;0
13/08/2025 16:30;0
13/08/2025 16:45;0
13/08/2025 17:00;0
13/08/2025 17:15;0
13/08/2025 17:30;0
13/08/2025 17:45;0
13/08/2025 18:00;0
13/08/2025 18:15;0
13/08/2025 18:30;0
13/08/2025 18:45;0
13/08/2025 19:00;0
13/08/2025 19:15;0
13/08/2025 19:30;0
13/08/2025 19:45;0
13/08/2025 20:00;0
13/08/2025 20:15;0
13/08/2025 20:30;0
13/08/2025 20:45;0
13/08/2025 21:00;0
13/08/2025 21:15;0
13/08/2025 21:30;0
13/08/2025 21:45;0
13/08/2025 22:00;0
13/08/2025 22:15;0
13/08/2025 22:30;0
13/08/2025 22:45;0
13/08/2025 23:00;0
13/08/2025 23:15;0
13/08/2025 23:30;0
13/08/2025 23:45;0
14/08/2025 00:00;0
14/08/2025 00:15;0
14/08/2025 00:30;0
14/08/2025 00:45;0
14/08/2025 01:00;0
14/08/2025 01:15;0
14/08/2025 01:30;0
14/08/2025 01:45;0
14/08/2025 02:00;0
14/08/2025 02:15;0
14/08/2025 02:30;0
14/08/2025 02:45;0
14/08/2025 03:00;0
14/08/2025 03:15;0
14/08/2025 03:30;0
14/08/2025 03:45;0
14/08/2025 04:00;0
14/08/2025 04:15;0
14/08/2025 04:30;0
14/08/2025 04:45;0
14/08/2025 05:00;0
14/08/2025 05:15;0
14/08/2025 05:30;0
14/08/2025 05:45;0
14/08/2025 06:00;0
14/08/2025 06:15;0
14/08/2025 06:30;0
14/08/2025 06:45;0
14/08/2025 07:00;0
14/08/2025 07:15;0
14/08/2025 07:30;0
14/08/2025 07:45;0
14/08/2025 08:00;0
14/08/2025 08:15;0
14/08/2025 08:30;0
14/08/2025 08:45;0
14/08/2025 09:00;0
14/08/2025 09:15;0
14/08/2025 09:30;0
14/08/2025 09:45;0
14/08/2025 10:00;0
14/08/2025 10:15;0
14/08/2025 10:30;0
14/08/2025 10:45;0
14/08/2025 11:00;0
14/08/2025 11:15;0
14/08/2025 11:30;0
14/08/2025 11:45;0
14/08/2025 12:00;0
14/08/2025 12:15;0
14/08/2025 12:30;0
14/08/2025 12:45;0
14/08/2025 13:00;0
14/08/2025 13:15;0
14/08/2025 13:30;0
14/08/2025 13:45;0
14/08/2025 14:00;0
14/08/2025 14:15;0
14/08/2025 14:30;0
14/08/2025 14:45;0
14/08/2025 15:00;0
14/08/2025 15:15;0
14/08/2025 15:30;0
14/08/2025 15:45;0
14/08/2025 16:00;0
14/08/2025 16:15;0
14/08/2025 16:30;0
14/08/2025 16:45;0
14/08/2025 17:00;0
14/08/2025 17:15;0
14/08/2025 17:30;0
14/08/2025 17:45;0
14/08/2025 18:00;0
14/08/2025 18:15;0
14/08/2025 18:30;0
14/08/2025 18:45;0
14/08/2025 19:00;0
14/08/2025 19:15;0
14/08/2025 19:30;0
14/08/2025 19:45;0
14/08/2025 20:00;0
14/08/2025 20:15;0
14/08/2025 20:30;0
14/08/2025 20:45;0
14/08/2025 21:00;0
14/08/2025 21:15;0
14/08/2025 21:30;0
14/08/2025 21:45;0
14/08/2025 22:00;0
14/08/2025 22:15;0
14/08/2025 22:30;0
14/08/2025 22:45;0
14/08/2025 23:00;0
14/08/2025 23:15;0
14/08/2025 23:30;0
14/08/2025 23:45;0
15/08/2025 00:00;0
15/08/2025 00:15;0
15/08/2025 00:30;0
15/08/2025 00:45;0
15/08/2025 01:00;0
15/08/2025 01:15;0
15/08/2025 01:30;0
15/08/2025 01:45;0
15/08/2025 02:00;0
15/08/2025 02:15;0
15/08/2025 02:30;0
15/08/2025 02:45;0
15/08/2025 03:00;0
15/08/2025 03:15;0
15/08/2025 03:30;0
15/08/2025 03:45;0
15/08/2025 04:00;0
15/08/2025 04:15;0
15/08/2025 04:30;0
15/08/2025 04:45;0
15/08/2025 05:00;0
15/08/2025 05:15;0
15/08/2025 05:30;0
15/08/2025 05:45;0
15/08/2025 06:00;0
15/08/2025 06:15;0
15/08/2025 06:30;0
15/08/2025 06:45;0
15/08/2025 07:00;0
15/08/2025 07:15;0
15/08/2025 07:30;0
15/08/2025 07:45;0
15/08/2025 08:00;0
15/08/2025 08:15;0
15/08/2025 08:30;0
15/08/2025 08:45;0
15/08/2025 09:00;0
15/08/2025 09:15;0
15/08/2025 09:30;0
15/08/2025 09:45;0
15/08/2025 10:00;0
15/08/2025 10:15;0
15/08/2025 10:30;0
15/08/2025 10:45;0
15/08/2025 11:00;0
15/08/2025 11:15;0
15/08/2025 11:30;0
15/08/2025 11:45;0
15/08/2025 12:00;0
15/08/2025 12:15;0
15/08/2025 12:30;0
15/08/2025 12:45;0
15/08/2025 13:00;0
15/08/2025 13:15;0
15/08/2025 13:30;0
15/08/2025 13:45;0
15/08/2025 14:00;0
15/08/2025 14:15;0
15/08/2025 14:30;0
15/08/2025 14:45;0
15/08/2025 15:00;0
15/08/2025 15:15;0
15/08/2025 15:30;0
15/08/2025 15:45;0
15/08/2025 16:00;0
15/08/2025 16:15;0
15/08/2025 16:30;0
15/08/2025 16:45;0
15/08/2025 17:00;0
15/08/2025 17:15;0
15/08/2025 17:30;0
15/08/2025 17:45;0
15/08/2025 18:00;0
15/08/2025 18:15;0
15/08/2025 18:30;0
15/08/2025 18:45;0
15/08/2025 19:00;0
15/08/2025 19:15;0
15/08/2025 19:30;0
15/08/2025 19:45;0
15/08/2025 20:00;0
15/08/2025 20:15;0
15/08/2025 20:30;0
15/08/2025 20:45;0
15/08/2025 21:00;0
15/08/2025 21:15;0
15/08/2025 21:30;0
15/08/2025 21:45;0
15/08/2025 22:00;0
15/08/2025 22:15;0
15/08/2025 22:30;0
15/08/2025 22:45;0
15/08/2025 23:00;0
15/08/2025 23:15;0
15/08/2025 23:30;0
15/08/2025 23:45;0
16/08/2025 00:00;0
16/08/2025 00:15;0
16/08/2025 00:30;0
16/08/2025 00:45;0
16/08/2025 01:00;0
16/08/2025 01:15;0
16/08/2025 01:30;0
16/08/2025 01:45;0
16/08/2025 02:00;0
16/08/2025 02:15;0
16/08/2025 02:30;0
16/08/2025 02:45;0
16/08/2025 03:00;0
16/08/2025 03:15;0
16/08/2025 03:30;0
16/08/2025 03:45;0
16/08/2025 04:00;0
16/08/2025 04:15;0
16/08/2025 04:30;0
16/08/2025 04:45;0
16/08/2025 05:00;0
16/08/2025 05:15;0
16/08/2025 05:30;0
16/08/2025 05:45;0
16/08/2025 06:00;0
16/08/2025 06:15;0
16/08/2025 06:30;0
16/08/2025 06:45;0
16/08/2025 07:00;0
16/08/2025 07:15;0
16/08/2025 07:30;0
16/08/2025 07:45;0
16/08/2025 08:00;0
16/08/2025 08:15;0
16/08/2025 08:30;0
16/08/2025 08:45;0
16/08/2025 09:00;0
16/08/2025 09:15;0
16/08/2025 09:30;0
16/08/2025 09:45;0
16/08/2025 10:00;0
16/08/2025 10:15;0
16/08/2025 10:30;0
16/08/2025 10:45;0
16/08/2025 11:00;0
16/08/2025 11:15;0
16/08/2025 11:30;0
16/08/2025 11:45;0
16/08/2025 12:00;0
16/08/2025 12:15;0
16/08/2025 12:30;0
16/08/2025 12:45;0
16/08/2025 13:00;0
16/08/2025 13:15;0
16/08/2025 13:30;0
16/08/2025 13:45;0
16/08/2025 14:00;0
16/08/2025 14:15;0
16/08/2025 14:30;0
16/08/2025 14:45;0
16/08/2025 15:00;0
16/08/2025 15:15;0
16/08/2025 15:30;0
16/08/2025 15:45;0
16/08/2025 16:00;0
16/08/2025 16:15;0
16/08/2025 16:30;0
16/08/2025 16:45;0
16/08/2025 17:00;0
16/08/2025 17:15;0
16/08/2025 17:30;0
16/08/2025 17:45;0
16/08/2025 18:00;0
16/08/2025 18:15;0
16/08/2025 18:30;0
16/08/2025 18:45;0
16/08/2025 19:00;0
16/08/2025 19:15;0
16/08/2025 19:30;0
16/08/2025 19:45;0
16/08/2025 20:00;0
16/08/2025 20:15;0
16/08/2025 20:30;0
16/08/2025 20:45;0
16/08/2025 21:00;0
16/08/2025 21:15;0
16/08/2025 21:30;0
16/08/2025 21:45;0
16/08/2025 22:00;0
16/08/2025 22:15;0
16/08/2025 22:30;0
16/08/2025 22:45;0
16/08/2025 23:00;0
16/08/2025 23:15;0
16/08/2025 23:30;0
16/08/2025 23:45;0
17/08/2025 00:00;0
17/08/2025 00:15;0
17/08/2025 00:30;0
17/08/2025 00:45;0
17/08/2025 01:00;0
17/08/2025 01:15;0
17/08/2025 01:30;0
17/08/2025 01:45;0
17/08/2025 02:00;0
17/08/2025 02:15;0
17/08/2025 02:30;0
17/08/2025 02:45;0
17/08/2025 03:00;0
17/08/2025 03:15;0
17/08/2025 03:30;0
17/08/2025 03:45;0
17/08/2025 04:00;0
17/08/2025 04:15;0
17/08/2025 04:30;0
17/08/2025 04:45;0
17/08/2025 05:00;0
17/08/2025 05:15;0
17/08/2025 05:30;0
17/08/2025 05:45;0
17/08/2025 06:00;0
17/08/2025 06:15;0
17/08/2025 06:30;0
17/08/2025 06:45;0
17/08/2025 07:00;0
17/08/2025 07:15;0
17/08/2025 07:30;0
17/08/2025 07:45;0
17/08/2025 08:00;0
17/08/2025 08:15;0
17/08/2025 08:30;0
17/08/2025 08:45;0
17/08/2025 09:00;0
17/08/2025 09:15;0
17/08/2025 09:30;0
17/08/2025 09:45;0
17/08/2025 10:00;0
17/08/2025 10:15;0
17/08/2025 10:30;0
17/08/2025 10:45;0
17/08/2025 11:00;0
17/08/2025 11:15;0
17/08/2025 11:30;0
17/08/2025 11:45;0
17/08/2025 12:00;0
17/08/2025 12:15;0
17/08/2025 12:30;0
17/08/2025 12:45;0
17/08/2025 13:00;0
17/08/2025 13:15;0
17/08/2025 13:30;0
17/08/2025 13:45;0
17/08/2025 14:00;0
17/08/2025 14:15;0
17/08/2025 14:30;0
17/08/2025 14:45;0
17/08/2025 15:00;0
17/08/2025 15:15;0
17/08/2025 15:30;0
17/08/2025 15:45;0
17/08/2025 16:00;0
17/08/2025 16:15;0
17/08/2025 16:30;0
17/08/2025 16:45;0
17/08/2025 17:00;0
17/08/2025 17:15;0
17/08/2025 17:30;0
17/08/2025 17:45;0
17/08/2025 18:00;0
17/08/2025 18:15;0
17/08/2025 18:30;0
17/08/2025 18:45;0
17/08/2025 19:00;0
17/08/2025 19:15;0
17/08/2025 19:30;0
17/08/2025 19:45;0
17/08/2025 20:00;0
17/08/2025 20:15;0
17/08/2025 20:30;0
17/08/2025 20:45;0
17/08/2025 21:00;0
17/08/2025 21:15;0
17/08/2025 21:30;0
17/08/2025 21:45;0
17/08/2025 22:00;0
17/08/2025 22:15;0
17/08/2025 22:30;0
17/08/2025 22:45;0
17/08/2025 23:00;0
17/08/2025 23:15;0
17/08/2025 23:30;0
17/08/2025 23:45;0
18/08/2025 00:00;0
18/08/2025 00:15;0
18/08/2025 00:30;0
18/08/2025 00:45;0
18/08/2025 01:00;0
18/08/2025 01:15;0
18/08/2025 01:30;0
18/08/2025 01:45;0
18/08/2025 02:00;0
18/08/2025 02:15;0
18/08/2025 02:30;0
18/08/2025 02:45;0
18/08/2025 03:00;0
18/08/2025 03:15;0
18/08/2025 03:30;0
18/08/2025 03:45;0
18/08/2025 04:00;0
18/08/2025 04:15;0
18/08/2025 04:30;0
18/08/2025 04:45;0
18/08/2025 05:00;0
18/08/2025 05:15;0
18/08/2025 05:30;0
18/08/2025 05:45;0
18/08/2025 06:00;0
18/08/2025 06:15;0
18/08/2025 06:30;0
18/08/2025 06:45;0
18/08/2025 07:00;0
18/08/2025 07:15;0
18/08/2025 07:30;0
18/08/2025 07:45;0
18/08/2025 08:00;0
18/08/2025 08:15;0
18/08/2025 08:30;0
18/08/2025 08:45;0
18/08/2025 09:00;0
18/08/2025 09:15;0
18/08/2025 09:30;0
18/08/2025 09:45;0
18/08/2025 10:00;0
18/08/2025 10:15;0
18/08/2025 10:30;0
18/08/2025 10:45;0
18/08/2025 11:00;0
18/08/2025 11:15;0
18/08/2025 11:30;0
18/08/2025 11:45;0
18/08/2025 12:00;0
18/08/2025 12:15;0
18/08/2025 12:30;0
18/08/2025 12:45;0
18/08/2025 13:00;0
18/08/2025 13:15;0
18/08/2025 13:30;0
18/08/2025 13:45;0
18/08/2025 14:00;0
18/08/2025 14:15;0
18/08/2025 14:30;0
18/08/2025 14:45;0
18/08/2025 15:00;0
18/08/2025 15:15;0
18/08/2025 15:30;0
18/08/2025 15:45;0
18/08/2025 16:00;0
18/08/2025 16:15;0
18/08/2025 16:30;0
18/08/2025 16:45;0.1
18/08/2025 17:00;0
18/08/2025 17:15;1.3
18/08/2025 17:30;0
18/08/2025 17:45;0
18/08/2025 18:00;0
18/08/2025 18:15;0
18/08/2025 18:30;0
18/08/2025 18:45;0
18/08/2025 19:00;0
18/08/2025 19:15;0
18/08/2025 19:30;0
18/08/2025 19:45;0
18/08/2025 20:00;0
18/08/2025 20:15;0
18/08/2025 20:30;0
18/08/2025 20:45;0
18/08/2025 21:00;0
18/08/2025 21:15;0
18/08/2025 21:30;0
18/08/2025 21:45;0
18/08/2025 22:00;0
18/08/2025 22:15;0
18/08/2025 22:30;0
18/08/2025 22:45;0
18/08/2025 23:00;0
18/08/2025 23:15;0
18/08/2025 23:30;0
18/08/2025 23:45;0
19/08/2025 00:00;0
19/08/2025 00:15;0
19/08/2025 00:30;0
19/08/2025 00:45;0
19/08/2025 01:00;0
19/08/2025 01:15;0
19/08/2025 01:30;0
19/08/2025 01:45;0
19/08/2025 02:00;0
19/08/2025 02:15;0
19/08/2025 02:30;0
19/08/2025 02:45;0
19/08/2025 03:00;0
19/08/2025 03:15;0
19/08/2025 03:30;0
19/08/2025 03:45;0
19/08/2025 04:00;0
19/08/2025 04:15;0
19/08/2025 04:30;0
19/08/2025 04:45;0
19/08/2025 05:00;0
19/08/2025 05:15;0
19/08/2025 05:30;0
19/08/2025 05:45;0
19/08/2025 06:00;0
19/08/2025 06:15;0
19/08/2025 06:30;0
19/08/2025 06:45;0
19/08/2025 07:00;0
19/08/2025 07:15;0
19/08/2025 07:30;0
19/08/2025 07:45;0
19/08/2025 08:00;0
19/08/2025 08:15;0
19/08/2025 08:30;0
19/08/2025 08:45;0
19/08/2025 09:00;0
19/08/2025 09:15;0
19/08/2025 09:30;0
19/08/2025 09:45;0
19/08/2025 10:00;0
19/08/2025 10:15;0
19/08/2025 10:30;0
19/08/2025 10:45;0
19/08/2025 11:00;0
19/08/2025 11:15;0
19/08/2025 11:30;0
19/08/2025 11:45;0
19/08/2025 12:00;0
19/08/2025 12:15;0
19/08/2025 12:30;0
19/08/2025 12:45;0
19/08/2025 13:00;0
19/08/2025 13:15;0
19/08/2025 13:30;0
19/08/2025 13:45;0
19/08/2025 14:00;0
19/08/2025 14:15;0
19/08/2025 14:30;0
19/08/2025 14:45;0
19/08/2025 15:00;0
19/08/2025 15:15;0
19/08/2025 15:30;0
19/08/2025 15:45;0
19/08/2025 16:00;0
19/08/2025 16:15;0
19/08/2025 16:30;0
19/08/2025 16:45;0
19/08/2025 17:00;0
19/08/2025 17:15;0
19/08/2025 17:30;0
19/08/2025 17:45;0
19/08/2025 18:00;0
19/08/2025 18:15;0
19/08/2025 18:30;0
19/08/2025 18:45;0
19/08/2025 19:00;0
19/08/2025 19:15;0
19/08/2025 19:30;0
19/08/2025 19:45;0
19/08/2025 20:00;0
19/08/2025 20:15;0
19/08/2025 20:30;0
19/08/2025 20:45;0
19/08/2025 21:00;0
19/08/2025 21:15;0
19/08/2025 21:30;0
19/08/2025 21:45;0
19/08/2025 22:00;0
19/08/2025 22:15;0
19/08/2025 22:30;0
19/08/2025 22:45;0
19/08/2025 23:00;0
19/08/2025 23:15;0
19/08/2025 23:30;0
19/08/2025 23:45;0
20/08/2025 00:00;0
20/08/2025 00:15;0
20/08/2025 00:30;0
20/08/2025 00:45;0
20/08/2025 01:00;0
20/08/2025 01:15;0
20/08/2025 01:30;0
20/08/2025 01:45;0
20/08/2025 02:00;0
20/08/2025 02:15;0
20/08/2025 02:30;0
20/08/2025 02:45;0
20/08/2025 03:00;0
20/08/2025 03:15;0
20/08/2025 03:30;0
20/08/2025 03:45;0
20/08/2025 04:00;0
20/08/2025 04:15;0
20/08/2025 04:30;0
20/08/2025 04:45;0
20/08/2025 05:00;0
20/08/2025 05:15;0
20/08/2025 05:30;0
20/08/2025 05:45;0
20/08/2025 06:00;0
20/08/2025 06:15;0
20/08/2025 06:30;0
20/08/2025 06:45;0
20/08/2025 07:00;0
20/08/2025 07:15;0
20/08/2025 07:30;0
20/08/2025 07:45;0
20/08/2025 08:00;0
20/08/2025 08:15;0
20/08/2025 08:30;0
20/08/2025 08:45;0
20/08/2025 09:00;0
20/08/2025 09:15;0
20/08/2025 09:30;0
20/08/2025 09:45;0
20/08/2025 10:00;0
20/08/2025 10:15;0
20/08/2025 10:30;0
20/08/2025 10:45;0
20/08/2025 11:00;0
20/08/2025 11:15;0
20/08/2025 11:30;0
20/08/2025 11:45;0
20/08/2025 12:00;0
20/08/2025 12:15;0
20/08/2025 12:30;0
20/08/2025 12:45;0
20/08/2025 13:00;0
20/08/2025 13:15;0
20/08/2025 13:30;0
20/08/2025 13:45;0
20/08/2025 14:00;0
20/08/2025 14:15;0
20/08/2025 14:30;0
20/08/2025 14:45;0
20/08/2025 15:00;0
20/08/2025 15:15;0
20/08/2025 15:30;0
20/08/2025 15:45;0
20/08/2025 16:00;0
20/08/2025 16:15;0
20/08/2025 16:30;0
20/08/2025 16:45;0
20/08/2025 17:00;0
20/08/2025 17:15;0
20/08/2025 17:30;0
20/08/2025 17:45;0
20/08/2025 18:00;0
20/08/2025 18:15;0
20/08/2025 18:30;0
20/08/2025 18:45;0
20/08/2025 19:00;0
20/08/2025 19:15;0
20/08/2025 19:30;0
20/08/2025 19:45;0
20/08/2025 20:00;0
20/08/2025 20:15;0
20/08/2025 20:30;0
20/08/2025 20:45;0
20/08/2025 21:00;0
20/08/2025 21:15;0
20/08/2025 21:30;0
20/08/2025 21:45;0
20/08/2025 22:00;0
20/08/2025 22:15;0
20/08/2025 22:30;0
20/08/2025 22:45;0
20/08/2025 23:00;0
20/08/2025 23:15;0
20/08/2025 23:30;0
20/08/2025 23:45;0
21/08/2025 00:00;0
21/08/2025 00:15;0
21/08/2025 00:30;0
21/08/2025 00:45;0
21/08/2025 01:00;0
21/08/2025 01:15;0
21/08/2025 01:30;0
21/08/2025 01:45;0
21/08/2025 02:00;0
21/08/2025 02:15;0
21/08/2025 02:30;0
21/08/2025 02:45;0
21/08/2025 03:00;0
21/08/2025 03:15;0
21/08/2025 03:30;0
21/08/2025 03:45;0
21/08/2025 04:00;0
21/08/2025 04:15;0
21/08/2025 04:30;0
21/08/2025 04:45;0
21/08/2025 05:00;0
21/08/2025 05:15;0
21/08/2025 05:30;0
21/08/2025 05:45;0
21/08/2025 06:00;0
21/08/2025 06:15;0
21/08/2025 06:30;0
21/08/2025 06:45;0
21/08/2025 07:00;0
21/08/2025 07:15;0
21/08/2025 07:30;0.1
21/08/2025 07:45;0.1
21/08/2025 08:00;0
21/08/2025 08:15;0.1
21/08/2025 08:30;0
21/08/2025 08:45;0
21/08/2025 09:00;0.1
21/08/2025 09:15;0
21/08/2025 09:30;0
21/08/2025 09:45;0.2
21/08/2025 10:00;0.3
21/08/2025 10:15;0.1
21/08/2025 10:30;0
21/08/2025 10:45;0
21/08/2025 11:00;0
21/08/2025 11:15;0
21/08/2025 11:30;0
21/08/2025 11:45;0
21/08/2025 12:00;0
21/08/2025 12:15;0
21/08/2025 12:30;0
21/08/2025 12:45;0
21/08/2025 13:00;0
21/08/2025 13:15;0
21/08/2025 13:30;0
21/08/2025 13:45;0
21/08/2025 14:00;0.1
21/08/2025 14:15;0.6
21/08/2025 14:30;0.2
21/08/2025 14:45;0.1
21/08/2025 15:00;0
21/08/2025 15:15;0
21/08/2025 15:30;0
21/08/2025 15:45;0
21/08/2025 16:00;0
21/08/2025 16:15;0
21/08/2025 16:30;0
21/08/2025 16:45;0
21/08/2025 17:00;0
21/08/2025 17:15;0
21/08/2025 17:30;0
21/08/2025 17:45;0
21/08/2025 18:00;0
21/08/2025 18:15;0
21/08/2025 18:30;0
21/08/2025 18:45;0
21/08/2025 19:00;0
21/08/2025 19:15;0
21/08/2025 19:30;0
21/08/2025 19:45;0
21/08/2025 20:00;0
21/08/2025 20:15;0
21/08/2025 20:30;0
21/08/2025 20:45;0
21/08/2025 21:00;0
21/08/2025 21:15;0
21/08/2025 21:30;0
21/08/2025 21:45;0
21/08/2025 22:00;0
21/08/2025 22:15;0
21/08/2025 22:30;0
21/08/2025 22:45;0
21/08/2025 23:00;0
21/08/2025 23:15;0
21/08/2025 23:30;0
21/08/2025 23:45;0
22/08/2025 00:00;0
22/08/2025 00:15;0
22/08/2025 00:30;0
22/08/2025 00:45;0
22/08/2025 01:00;0
22/08/2025 01:15;0
22/08/2025 01:30;0
22/08/2025 01:45;0
22/08/2025 02:00;0
22/08/2025 02:15;0
22/08/2025 02:30;0
22/08/2025 02:45;0
22/08/2025 03:00;0
22/08/2025 03:15;0
22/08/2025 03:30;0
22/08/2025 03:45;0
22/08/2025 04:00;0
22/08/2025 04:15;0
22/08/2025 04:30;0
22/08/2025 04:45;0
22/08/2025 05:00;0
22/08/2025 05:15;0
22/08/2025 05:30;0
22/08/2025 05:45;0
22/08/2025 06:00;0
22/08/2025 06:15;0
22/08/2025 06:30;0
22/08/2025 06:45;0
22/08/2025 07:00;0
22/08/2025 07:15;0
22/08/2025 07:30;0
22/08/2025 07:45;0
22/08/2025 08:00;0
22/08/2025 08:15;0
22/08/2025 08:30;0
22/08/2025 08:45;0
22/08/2025 09:00;0
22/08/2025 09:15;0
22/08/2025 09:30;0
22/08/2025 09:45;0
22/08/2025 10:00;0
22/08/2025 10:15;0
22/08/2025 10:30;0
22/08/2025 10:45;0
22/08/2025 11:00;0
22/08/2025 11:15;0
22/08/2025 11:30;0
22/08/2025 11:45;0
22/08/2025 12:00;0
22/08/2025 12:15;0
22/08/2025 12:30;0
22/08/2025 12:45;0
22/08/2025 13:00;0
22/08/2025 13:15;0
22/08/2025 13:30;0
22/08/2025 13:45;0
22/08/2025 14:00;0
22/08/2025 14:15;0
22/08/2025 14:30;0
22/08/2025 14:45;0
22/08/2025 15:00;0
22/08/2025 15:15;0
22/08/2025 15:30;0
22/08/2025 15:45;0
22/08/2025 16:00;0
22/08/2025 16:15;0
22/08/2025 16:30;0
22/08/2025 16:45;0
22/08/2025 17:00;0
22/08/2025 17:15;0
22/08/2025 17:30;0
22/08/2025 17:45;0
22/08/2025 18:00;0
22/08/2025 18:15;0
22/08/2025 18:30;0
22/08/2025 18:45;0
22/08/2025 19:00;0
22/08/2025 19:15;0
22/08/2025 19:30;0
22/08/2025 19:45;0
22/08/2025 20:00;0
22/08/2025 20:15;0
22/08/2025 20:30;0
22/08/2025 20:45;0
22/08/2025 21:00;0
22/08/2025 21:15;0
22/08/2025 21:30;0
22/08/2025 21:45;0
22/08/2025 22:00;0
22/08/2025 22:15;0
22/08/2025 22:30;0
22/08/2025 22:45;0
22/08/2025 23:00;0
22/08/2025 23:15;0
22/08/2025 23:30;0
22/08/2025 23:45;0
23/08/2025 00:00;0
23/08/2025 00:15;0
23/08/2025 00:30;0
23/08/2025 00:45;0
23/08/2025 01:00;0
23/08/2025 01:15;0
23/08/2025 01:30;0
23/08/2025 01:45;0
23/08/2025 02:00;0
23/08/2025 02:15;0
23/08/2025 02:30;0
23/08/2025 02:45;0
23/08/2025 03:00;0
23/08/2025 03:15;0
23/08/2025 03:30;0
23/08/2025 03:45;0
23/08/2025 04:00;0
23/08/2025 04:15;0
23/08/2025 04:30;0
23/08/2025 04:45;0
23/08/2025 05:00;0
23/08/2025 05:15;0
23/08/2025 05:30;0
23/08/2025 05:45;0
23/08/2025 06:00;0
23/08/2025 06:15;0
23/08/2025 06:30;0
23/08/2025 06:45;0
23/08/2025 07:00;0
23/08/2025 07:15;0
23/08/2025 07:30;0
23/08/2025 07:45;0
23/08/2025 08:00;0
23/08/2025 08:15;0
23/08/2025 08:30;0
23/08/2025 08:45;0
23/08/2025 09:00;0
23/08/2025 09:15;0
23/08/2025 09:30;0
23/08/2025 09:45;0
23/08/2025 10:00;0
23/08/2025 10:15;0
23/08/2025 10:30;0
23/08/2025 10:45;0
23/08/2025 11:00;0
23/08/2025 11:15;0
23/08/2025 11:30;0
23/08/2025 11:45;0
23/08/2025 12:00;0
23/08/2025 12:15;0
23/08/2025 12:30;0
23/08/2025 12:45;0
23/08/2025 13:00;0
23/08/2025 13:15;0
23/08/2025 13:30;0
23/08/2025 13:45;0
23/08/2025 14:00;0
23/08/2025 14:15;0
23/08/2025 14:30;0
23/08/2025 14:45;0
23/08/2025 15:00;0
23/08/2025 15:15;0
23/08/2025 15:30;0
23/08/2025 15:45;0
23/08/2025 16:00;0
23/08/2025 16:15;0
23/08/2025 16:30;0
23/08/2025 16:45;0
23/08/2025 17:00;0
23/08/2025 17:15;0
23/08/2025 17:30;0
23/08/2025 17:45;0
23/08/2025 18:00;0
23/08/2025 18:15;0
23/08/2025 18:30;0
23/08/2025 18:45;0
23/08/2025 19:00;0
23/08/2025 19:15;0
23/08/2025 19:30;0
23/08/2025 19:45;0
23/08/2025 20:00;0
23/08/2025 20:15;0
23/08/2025 20:30;0
23/08/2025 20:45;0
23/08/2025 21:00;0
23/08/2025 21:15;0
23/08/2025 21:30;0
23/08/2025 21:45;0
23/08/2025 22:00;0
23/08/2025 22:15;0
23/08/2025 22:30;0
23/08/2025 22:45;0
23/08/2025 23:00;0
23/08/2025 23:15;0
23/08/2025 23:30;0
23/08/2025 23:45;0
24/08/2025 00:00;0
24/08/2025 00:15;0
24/08/2025 00:30;0
24/08/2025 00:45;0
24/08/2025 01:00;0
24/08/2025 01:15;0
24/08/2025 01:30;0
24/08/2025 01:45;0
24/08/2025 02:00;0
24/08/2025 02:15;0
24/08/2025 02:30;0
24/08/2025 02:45;0
24/08/2025 03:00;0
24/08/2025 03:15;0
24/08/2025 03:30;0
24/08/2025 03:45;0
24/08/2025 04:00;0
24/08/2025 04:15;0
24/08/2025 04:30;0
24/08/2025 04:45;0
24/08/2025 05:00;0
24/08/2025 05:15;0
24/08/2025 05:30;0
24/08/2025 05:45;0
24/08/2025 06:00;0
24/08/2025 06:15;0
24/08/2025 06:30;0
24/08/2025 06:45;0
24/08/2025 07:00;0
24/08/2025 07:15;0
24/08/2025 07:30;0
24/08/2025 07:45;0
24/08/2025 08:00;0
24/08/2025 08:15;0
24/08/2025 08:30;0
24/08/2025 08:45;0
24/08/2025 09:00;0
24/08/2025 09:15;0
24/08/2025 09:30;0
24/08/2025 09:45;0
24/08/2025 10:00;0
24/08/2025 10:15;0
24/08/2025 10:30;0
24/08/2025 10:45;0
24/08/2025 11:00;0
24/08/2025 11:15;0
24/08/2025 11:30;0
24/08/2025 11:45;0
24/08/2025 12:00;0
24/08/2025 12:15;0
24/08/2025 12:30;0
24/08/2025 12:45;0
24/08/2025 13:00;0
24/08/2025 13:15;0
24/08/2025 13:30;0
24/08/2025 13:45;0
24/08/2025 14:00;0
24/08/2025 14:15;0
24/08/2025 14:30;0
24/08/2025 14:45;0
24/08/2025 15:00;0
24/08/2025 15:15;0
24/08/2025 15:30;0
24/08/2025 15:45;0
24/08/2025 16:00;0
24/08/2025 16:15;0
24/08/2025 16:30;0
24/08/2025 16:45;0
24/08/2025 17:00;0
24/08/2025 17:15;0
24/08/2025 17:30;0
24/08/2025 17:45;0
24/08/2025 18:00;0
24/08/2025 18:15;0
24/08/2025 18:30;0
24/08/2025 18:45;0
24/08/2025 19:00;0
24/08/2025 19:15;0
24/08/2025 19:30;0
24/08/2025 19:45;0
24/08/2025 20:00;0
24/08/2025 20:15;0
24/08/2025 20:30;0
24/08/2025 20:45;0
24/08/2025 21:00;0
24/08/2025 21:15;0
24/08/2025 21:30;0
24/08/2025 21:45;0
24/08/2025 22:00;0
24/08/2025 22:15;0
24/08/2025 22:30;0
24/08/2025 22:45;0
24/08/2025 23:00;0
24/08/2025 23:15;0
24/08/2025 23:30;0
24/08/2025 23:45;0
25/08/2025 00:00;0
25/08/2025 00:15;0
25/08/2025 00:30;0
25/08/2025 00:45;0
25/08/2025 01:00;0
25/08/2025 01:15;0
25/08/2025 01:30;0
25/08/2025 01:45;0
25/08/2025 02:00;0
25/08/2025 02:15;0
25/08/2025 02:30;0
25/08/2025 02:45;0
25/08/2025 03:00;0
25/08/2025 03:15;0
25/08/2025 03:30;0
25/08/2025 03:45;0
25/08/2025 04:00;0
25/08/2025 04:15;0
25/08/2025 04:30;0
25/08/2025 04:45;0
25/08/2025 05:00;0
25/08/2025 05:15;0
25/08/2025 05:30;0
25/08/2025 05:45;0
25/08/2025 06:00;0
25/08/2025 06:15;0
25/08/2025 06:30;0
25/08/2025 06:45;0
25/08/2025 07:00;0
25/08/2025 07:15;0
25/08/2025 07:30;0
25/08/2025 07:45;0
25/08/2025 08:00;0
25/08/2025 08:15;0
25/08/2025 08:30;0
25/08/2025 08:45;0
25/08/2025 09:00;0
25/08/2025 09:15;0
25/08/2025 09:30;0
25/08/2025 09:45;0
25/08/2025 10:00;0
25/08/2025 10:15;0
25/08/2025 10:30;0
25/08/2025 10:45;0
25/08/2025 11:00;0
25/08/2025 11:15;0
25/08/2025 11:30;0
25/08/2025 11:45;0
25/08/2025 12:00;0
25/08/2025 12:15;0
25/08/2025 12:30;0
25/08/2025 12:45;0
25/08/2025 13:00;0
25/08/2025 13:15;0
25/08/2025 13:30;0
25/08/2025 13:45;0
25/08/2025 14:00;0
25/08/2025 14:15;0
25/08/2025 14:30;0
25/08/2025 14:45;0
25/08/2025 15:00;0
25/08/2025 15:15;0
25/08/2025 15:30;0
25/08/2025 15:45;0
25/08/2025 16:00;0
25/08/2025 16:15;0
25/08/2025 16:30;0
25/08/2025 16:45;0
25/08/2025 17:00;0
25/08/2025 17:15;0
25/08/2025 17:30;0
25/08/2025 17:45;0
25/08/2025 18:00;0
25/08/2025 18:15;0
25/08/2025 18:30;0
25/08/2025 18:45;0
25/08/2025 19:00;0
25/08/2025 19:15;0
25/08/2025 19:30;0
25/08/2025 19:45;0
25/08/2025 20:00;0
25/08/2025 20:15;0
25/08/2025 20:30;0
25/08/2025 20:45;0
25/08/2025 21:00;0
25/08/2025 21:15;0
25/08/2025 21:30;0
25/08/2025 21:45;0
25/08/2025 22:00;0
25/08/2025 22:15;0
25/08/2025 22:30;0
25/08/2025 22:45;0
25/08/2025 23:00;0
25/08/2025 23:15;0
25/08/2025 23:30;0
25/08/2025 23:45;0
26/08/2025 00:00;0
26/08/2025 00:15;0
26/08/2025 00:30;0
26/08/2025 00:45;0
26/08/2025 01:00;0
26/08/2025 01:15;0
26/08/2025 01:30;0
26/08/2025 01:45;0
26/08/2025 02:00;0
26/08/2025 02:15;0
26/08/2025 02:30;0
26/08/2025 02:45;0
26/08/2025 03:00;0
26/08/2025 03:15;0
26/08/2025 03:30;0
26/08/2025 03:45;0
26/08/2025 04:00;0
26/08/2025 04:15;0
26/08/2025 04:30;0
26/08/2025 04:45;0
26/08/2025 05:00;0
26/08/2025 05:15;0
26/08/2025 05:30;0
26/08/2025 05:45;0
26/08/2025 06:00;0
26/08/2025 06:15;0
26/08/2025 06:30;0
26/08/2025 06:45;0
26/08/2025 07:00;0
26/08/2025 07:15;0
26/08/2025 07:30;0
26/08/2025 07:45;0
26/08/2025 08:00;0
26/08/2025 08:15;0
26/08/2025 08:30;0
26/08/2025 08:45;0
26/08/2025 09:00;0
26/08/2025 09:15;0
26/08/2025 09:30;0
26/08/2025 09:45;0
26/08/2025 10:00;0
26/08/2025 10:15;0
26/08/2025 10:30;0
26/08/2025 10:45;0
26/08/2025 11:00;0
26/08/2025 11:15;0
26/08/2025 11:30;0
26/08/2025 11:45;0
26/08/2025 12:00;0
26/08/2025 12:15;0
26/08/2025 12:30;0
26/08/2025 12:45;0
26/08/2025 13:00;0
26/08/2025 13:15;0
26/08/2025 13:30;0
26/08/2025 13:45;0
26/08/2025 14:00;0
26/08/2025 14:15;0
26/08/2025 14:30;0
26/08/2025 14:45;0
26/08/2025 15:00;0
26/08/2025 15:15;0
26/08/2025 15:30;0
26/08/2025 15:45;0
26/08/2025 16:00;0
26/08/2025 16:15;0
26/08/2025 16:30;0
26/08/2025 16:45;0
26/08/2025 17:00;0
26/08/2025 17:15;0.2
26/08/2025 17:30;0
26/08/2025 17:45;0.2
26/08/2025 18:00;0.2
26/08/2025 18:15;0.2
26/08/2025 18:30;0.1
26/08/2025 18:45;0
26/08/2025 19:00;0
26/08/2025 19:15;0
26/08/2025 19:30;0
26/08/2025 19:45;0
26/08/2025 20:00;0
26/08/2025 20:15;0
26/08/2025 20:30;0
26/08/2025 20:45;0
26/08/2025 21:00;0
26/08/2025 21:15;0
26/08/2025 21:30;0
26/08/2025 21:45;0
26/08/2025 22:00;0
26/08/2025 22:15;0
26/08/2025 22:30;0
26/08/2025 22:45;0
26/08/2025 23:00;0
26/08/2025 23:15;0
26/08/2025 23:30;0
26/08/2025 23:45;0
27/08/2025 00:00;0
27/08/2025 00:15;0
27/08/2025 00:30;0
27/08/2025 00:45;0
27/08/2025 01:00;0
27/08/2025 01:15;0
27/08/2025 01:30;0
27/08/2025 01:45;0
27/08/2025 02:00;0
27/08/2025 02:15;0
27/08/2025 02:30;0
27/08/2025 02:45;0
27/08/2025 03:00;0
27/08/2025 03:15;0
27/08/2025 03:30;0
27/08/2025 03:45;0
27/08/2025 04:00;0
27/08/2025 04:15;0
27/08/2025 04:30;0
27/08/2025 04:45;0
27/08/2025 05:00;0
27/08/2025 05:15;0
27/08/2025 05:30;0
27/08/2025 05:45;0
27/08/2025 06:00;0
27/08/2025 06:15;0
27/08/2025 06:30;0
27/08/2025 06:45;0
27/08/2025 07:00;0
27/08/2025 07:15;0
27/08/2025 07:30;0
27/08/2025 07:45;0
27/08/2025 08:00;0
27/08/2025 08:15;0
27/08/2025 08:30;0
27/08/2025 08:45;0
27/08/2025 09:00;0
27/08/2025 09:15;0
27/08/2025 09:30;0
27/08/2025 09:45;0
27/08/2025 10:00;0
27/08/2025 10:15;0
27/08/2025 10:30;0
27/08/2025 10:45;0
27/08/2025 11:00;0
27/08/2025 11:15;0
27/08/2025 11:30;0
27/08/2025 11:45;0
27/08/2025 12:00;0
27/08/2025 12:15;0
27/08/2025 12:30;0
27/08/2025 12:45;0
27/08/2025 13:00;0
27/08/2025 13:15;0
27/08/2025 13:30;0
27/08/2025 13:45;0
27/08/2025 14:00;0
27/08/2025 14:15;0
27/08/2025 14:30;0
27/08/2025 14:45;0
27/08/2025 15:00;0
27/08/2025 15:15;0
27/08/2025 15:30;0
27/08/2025 15:45;0
27/08/2025 16:00;0
27/08/2025 16:15;0
27/08/2025 16:30;0
27/08/2025 16:45;0
27/08/2025 17:00;0
27/08/2025 17:15;0
27/08/2025 17:30;0
27/08/2025 17:45;0
27/08/2025 18:00;0.1
27/08/2025 18:15;0.9
27/08/2025 18:30;4.8
27/08/2025 18:45;2.9
27/08/2025 19:00;0.8
27/08/2025 19:15;0.2
27/08/2025 19:30;0
27/08/2025 19:45;0
27/08/2025 20:00;0
27/08/2025 20:15;0
27/08/2025 20:30;0
27/08/2025 20:45;0
27/08/2025 21:00;0
27/08/2025 21:15;0
27/08/2025 21:30;0
27/08/2025 21:45;0
27/08/2025 22:00;0.1
27/08/2025 22:15;0
27/08/2025 22:30;0
27/08/2025 22:45;0
27/08/2025 23:00;0
27/08/2025 23:15;0
27/08/2025 23:30;0
27/08/2025 23:45;0
28/08/2025 00:00;0
28/08/2025 00:15;0
28/08/2025 00:30;0
28/08/2025 00:45;0
28/08/2025 01:00;0
28/08/2025 01:15;0
28/08/2025 01:30;0
28/08/2025 01:45;0
28/08/2025 02:00;0
28/08/2025 02:15;0
28/08/2025 02:30;0
28/08/2025 02:45;0
28/08/2025 03:00;0
28/08/2025 03:15;0
28/08/2025 03:30;0
28/08/2025 03:45;0
28/08/2025 04:00;0
28/08/2025 04:15;0
28/08/2025 04:30;0
28/08/2025 04:45;0
28/08/2025 05:00;0
28/08/2025 05:15;0
28/08/2025 05:30;0
28/08/2025 05:45;0
28/08/2025 06:00;0
28/08/2025 06:15;0
28/08/2025 06:30;0
28/08/2025 06:45;0
28/08/2025 07:00;0
28/08/2025 07:15;0
28/08/2025 07:30;0
28/08/2025 07:45;0
28/08/2025 08:00;0
28/08/2025 08:15;0
28/08/2025 08:30;0
28/08/2025 08:45;0
28/08/2025 09:00;0
28/08/2025 09:15;0
28/08/2025 09:30;0
28/08/2025 09:45;0
28/08/2025 10:00;0.1
28/08/2025 10:15;0
28/08/2025 10:30;0
28/08/2025 10:45;0
28/08/2025 11:00;0
28/08/2025 11:15;0
28/08/2025 11:30;0
28/08/2025 11:45;0
28/08/2025 12:00;0
28/08/2025 12:15;0
28/08/2025 12:30;0
28/08/2025 12:45;0
28/08/2025 13:00;0
28/08/2025 13:15;0
28/08/2025 13:30;0
28/08/2025 13:45;0
28/08/2025 14:00;0
28/08/2025 14:15;0
28/08/2025 14:30;0
28/08/2025 14:45;0
28/08/2025 15:00;0
28/08/2025 15:15;0
28/08/2025 15:30;0
28/08/2025 15:45;0
28/08/2025 16:00;0
28/08/2025 16:15;0
28/08/2025 16:30;0
28/08/2025 16:45;0
28/08/2025 17:00;0
28/08/2025 17:15;0
28/08/2025 17:30;0
28/08/2025 17:45;0
28/08/2025 18:00;0
28/08/2025 18:15;0
28/08/2025 18:30;0
28/08/2025 18:45;0
28/08/2025 19:00;0
28/08/2025 19:15;0
28/08/2025 19:30;0
28/08/2025 19:45;0
28/08/2025 20:00;0
28/08/2025 20:15;0
28/08/2025 20:30;0
28/08/2025 20:45;0
28/08/2025 21:00;0
28/08/2025 21:15;0
28/08/2025 21:30;0
28/08/2025 21:45;0
28/08/2025 22:00;0
28/08/2025 22:15;0
28/08/2025 22:30;0
28/08/2025 22:45;0
28/08/2025 23:00;0
28/08/2025 23:15;0
28/08/2025 23:30;0
28/08/2025 23:45;0
29/08/2025 00:00;0
29/08/2025 00:15;0
29/08/2025 00:30;0
29/08/2025 00:45;0
29/08/2025 01:00;0
29/08/2025 01:15;0
29/08/2025 01:30;0
29/08/2025 01:45;0
29/08/2025 02:00;0
29/08/2025 02:15;0
29/08/2025 02:30;0
29/08/2025 02:45;0
29/08/2025 03:00;0
29/08/2025 03:15;0
29/08/2025 03:30;0
29/08/2025 03:45;0
29/08/2025 04:00;0
29/08/2025 04:15;0
29/08/2025 04:30;0
29/08/2025 04:45;0
29/08/2025 05:00;0
29/08/2025 05:15;0
29/08/2025 05:30;0
29/08/2025 05:45;0
29/08/2025 06:00;0
29/08/2025 06:15;0
29/08/2025 06:30;0
29/08/2025 06:45;0
29/08/2025 07:00;0
29/08/2025 07:15;0
29/08/2025 07:30;0
29/08/2025 07:45;0
29/08/2025 08:00;0
29/08/2025 08:15;0
29/08/2025 08:30;0
29/08/2025 08:45;0
29/08/2025 09:00;0
29/08/2025 09:15;0
29/08/2025 09:30;0
29/08/2025 09:45;0
29/08/2025 10:00;0
29/08/2025 10:15;0
29/08/2025 10:30;0
29/08/2025 10:45;0
29/08/2025 11:00;0
29/08/2025 11:15;0
29/08/2025 11:30;0
29/08/2025 11:45;0
29/08/2025 12:00;0
29/08/2025 12:15;0
29/08/2025 12:30;0
29/08/2025 12:45;0
29/08/2025 13:00;0
29/08/2025 13:15;0
29/08/2025 13:30;0
29/08/2025 13:45;0
29/08/2025 14:00;0
29/08/2025 14:15;0
29/08/2025 14:30;0
29/08/2025 14:45;0
29/08/2025 15:00;0
29/08/2025 15:15;0
29/08/2025 15:30;0
29/08/2025 15:45;0
29/08/2025 16:00;0
29/08/2025 16:15;0
29/08/2025 16:30;0
29/08/2025 16:45;0
29/08/2025 17:00;0
29/08/2025 17:15;0
29/08/2025 17:30;0
29/08/2025 17:45;0
29/08/2025 18:00;0
29/08/2025 18:15;0
29/08/2025 18:30;0
29/08/2025 18:45;0
29/08/2025 19:00;0
29/08/2025 19:15;0
29/08/2025 19:30;0
29/08/2025 19:45;0
29/08/2025 20:00;0
29/08/2025 20:15;0
29/08/2025 20:30;0
29/08/2025 20:45;0
29/08/2025 21:00;0
29/08/2025 21:15;0
29/08/2025 21:30;0
29/08/2025 21:45;0
29/08/2025 22:00;0
29/08/2025 22:15;0
29/08/2025 22:30;0
29/08/2025 22:45;0
29/08/2025 23:00;0
29/08/2025 23:15;0
29/08/2025 23:30;0
29/08/2025 23:45;0
30/08/2025 00:00;0
30/08/2025 00:15;0
30/08/2025 00:30;0
30/08/2025 00:45;0
30/08/2025 01:00;0
30/08/2025 01:15;0
30/08/2025 01:30;0
30/08/2025 01:45;0
30/08/2025 02:00;0
30/08/2025 02:15;0
30/08/2025 02:30;0
30/08/2025 02:45;0
30/08/2025 03:00;0
30/08/2025 03:15;0
30/08/2025 03:30;0
30/08/2025 03:45;0
30/08/2025 04:00;0
30/08/2025 04:15;0
30/08/2025 04:30;0
30/08/2025 04:45;0
30/08/2025 05:00;0
30/08/2025 05:15;0
30/08/2025 05:30;0
30/08/2025 05:45;0
30/08/2025 06:00;0
30/08/2025 06:15;0
30/08/2025 06:30;0
30/08/2025 06:45;0
30/08/2025 07:00;0
30/08/2025 07:15;0
30/08/2025 07:30;0
30/08/2025 07:45;0
30/08/2025 08:00;0
30/08/2025 08:15;0
30/08/2025 08:30;0
30/08/2025 08:45;0
30/08/2025 09:00;0
30/08/2025 09:15;0
30/08/2025 09:30;0
30/08/2025 09:45;0
30/08/2025 10:00;0
30/08/2025 10:15;0
30/08/2025 10:30;0
30/08/2025 10:45;0
30/08/2025 11:00;0
30/08/2025 11:15;0
30/08/2025 11:30;0
30/08/2025 11:45;0
30/08/2025 12:00;0
30/08/2025 12:15;0
30/08/2025 12:30;0
30/08/2025 12:45;0
30/08/2025 13:00;0
30/08/2025 13:15;0
30/08/2025 13:30;0
30/08/2025 13:45;0
30/08/2025 14:00;0
30/08/2025 14:15;0
30/08/2025 14:30;0
30/08/2025 14:45;0
30/08/2025 15:00;0
30/08/2025 15:15;0
30/08/2025 15:30;0
30/08/2025 15:45;0
30/08/2025 16:00;0
30/08/2025 16:15;0
30/08/2025 16:30;0
30/08/2025 16:45;0
30/08/2025 17:00;0
30/08/2025 17:15;0
30/08/2025 17:30;0
30/08/2025 17:45;0
30/08/2025 18:00;0
30/08/2025 18:15;0
30/08/2025 18:30;0
30/08/2025 18:45;0
30/08/2025 19:00;0
30/08/2025 19:15;0
30/08/2025 19:30;0
30/08/2025 19:45;0
30/08/2025 20:00;0
30/08/2025 20:15;0
30/08/2025 20:30;0
30/08/2025 20:45;0
30/08/2025 21:00;0
30/08/2025 21:15;0
30/08/2025 21:30;0
30/08/2025 21:45;0
30/08/2025 22:00;0
30/08/2025 22:15;0
30/08/2025 22:30;0
30/08/2025 22:45;0
30/08/2025 23:00;0
30/08/2025 23:15;0
30/08/2025 23:30;0
30/08/2025 23:45;0
31/08/2025 00:00;0
31/08/2025 00:15;0
31/08/2025 00:30;0
31/08/2025 00:45;0
31/08/2025 01:00;0
31/08/2025 01:15;0
31/08/2025 01:30;0
31/08/2025 01:45;0
31/08/2025 02:00;0
31/08/2025 02:15;0
31/08/2025 02:30;0
31/08/2025 02:45;0
31/08/2025 03:00;0
31/08/2025 03:15;0
31/08/2025 03:30;0
31/08/2025 03:45;0
31/08/2025 04:00;0
31/08/2025 04:15;0
31/08/2025 04:30;0
31/08/2025 04:45;0
31/08/2025 05:00;0
31/08/2025 05:15;0
31/08/2025 05:30;0
31/08/2025 05:45;0
31/08/2025 06:00;0
31/08/2025 06:15;0
31/08/2025 06:30;0
31/08/2025 06:45;0
31/08/2025 07:00;0
31/08/2025 07:15;0
31/08/2025 07:30;0
31/08/2025 07:45;0
31/08/2025 08:00;0
31/08/2025 08:15;0
31/08/2025 08:30;0
31/08/2025 08:45;0
31/08/2025 09:00;0
31/08/2025 09:15;0
31/08/2025 09:30;0
31/08/2025 09:45;0
31/08/2025 10:00;0
31/08/2025 10:15;0
31/08/2025 10:30;0
31/08/2025 10:45;0
31/08/2025 11:00;0
31/08/2025 11:15;0
31/08/2025 11:30;0
31/08/2025 11:45;0
31/08/2025 12:00;0
31/08/2025 12:15;0
31/08/2025 12:30;0
31/08/2025 12:45;0
31/08/2025 13:00;0
31/08/2025 13:15;0
31/08/2025 13:30;0
31/08/2025 13:45;0
31/08/2025 14:00;0
31/08/2025 14:15;0
31/08/2025 14:30;0
31/08/2025 14:45;0
31/08/2025 15:00;0
31/08/2025 15:15;0
31/08/2025 15:30;0
31/08/2025 15:45;0
31/08/2025 16:00;0
31/08/2025 16:15;0
31/08/2025 16:30;0
31/08/2025 16:45;0
31/08/2025 17:00;0
31/08/2025 17:15;0
31/08/2025 17:30;0
31/08/2025 17:45;0
31/08/2025 18:00;0
31/08/2025 18:15;0.1
31/08/2025 18:30;0
31/08/2025 18:45;0
31/08/2025 19:00;0
31/08/2025 19:15;0
31/08/2025 19:30;0
31/08/2025 19:45;0
31/08/2025 20:00;0
31/08/2025 20:15;2
31/08/2025 20:30;2.2
31/08/2025 20:45;0.1
31/08/2025 21:00;1.6
31/08/2025 21:15;2
31/08/2025 21:30;0.9
31/08/2025 21:45;0.3
31/08/2025 22:00;0
31/08/2025 22:15;0
31/08/2025 22:30;0
31/08/2025 22:45;0
31/08/2025 23:00;0
31/08/2025 23:15;0
31/08/2025 23:30;0
31/08/2025 23:45;0
01/09/2025 00:00;0
01/09/2025 00:15;0
01/09/2025 00:30;0
01/09/2025 00:45;0
01/09/2025 01:00;0
01/09/2025 01:15;0
01/09/2025 01:30;0
01/09/2025 01:45;0
01/09/2025 02:00;0
01/09/2025 02:15;0
01/09/2025 02:30;0
01/09/2025 02:45;0
01/09/2025 03:00;0
01/09/2025 03:15;0
01/09/2025 03:30;0
01/09/2025 03:45;0
01/09/2025 04:00;0
01/09/2025 04:15;0
01/09/2025 04:30;0
01/09/2025 04:45;0
01/09/2025 05:00;0
01/09/2025 05:15;0
01/09/2025 05:30;0
01/09/2025 05:45;0
01/09/2025 06:00;0
01/09/2025 06:15;0
01/09/2025 06:30;0
01/09/2025 06:45;0
01/09/2025 07:00;0
01/09/2025 07:15;0
01/09/2025 07:30;0
01/09/2025 07:45;0
01/09/2025 08:00;0
01/09/2025 08:15;0
01/09/2025 08:30;0
01/09/2025 08:45;0
01/09/2025 09:00;0
01/09/2025 09:15;0
01/09/2025 09:30;0
01/09/2025 09:45;0
01/09/2025 10:00;0
01/09/2025 10:15;0
01/09/2025 10:30;0
01/09/2025 10:45;0
01/09/2025 11:00;0
01/09/2025 11:15;0
01/09/2025 11:30;0
01/09/2025 11:45;0
01/09/2025 12:00;0
01/09/2025 12:15;0
01/09/2025 12:30;0
01/09/2025 12:45;0
01/09/2025 13:00;0
01/09/2025 13:15;0
01/09/2025 13:30;0
01/09/2025 13:45;0
01/09/2025 14:00;0
01/09/2025 14:15;0
01/09/2025 14:30;0
01/09/2025 14:45;0
01/09/2025 15:00;0
01/09/2025 15:15;0
01/09/2025 15:30;0
01/09/2025 15:45;0
01/09/2025 16:00;0
01/09/2025 16:15;0
01/09/2025 16:30;0
01/09/2025 16:45;0
01/09/2025 17:00;0
01/09/2025 17:15;0
01/09/2025 17:30;0
01/09/2025 17:45;0
01/09/2025 18:00;0
01/09/2025 18:15;0
01/09/2025 18:30;0
01/09/2025 18:45;0
01/09/2025 19:00;0
01/09/2025 19:15;0
01/09/2025 19:30;0
01/09/2025 19:45;0
01/09/2025 20:00;0
01/09/2025 20:15;0
01/09/2025 20:30;0
01/09/2025 20:45;0
01/09/2025 21:00;0
01/09/2025 21:15;0
01/09/2025 21:30;0
01/09/2025 21:45;0
01/09/2025 22:00;0
01/09/2025 22:15;0
01/09/2025 22:30;0
01/09/2025 22:45;0
01/09/2025 23:00;0
01/09/2025 23:15;0
01/09/2025 23:30;0
01/09/2025 23:45;0
02/09/2025 00:00;0
02/09/2025 00:15;0
02/09/2025 00:30;0
02/09/2025 00:45;0
02/09/2025 01:00;0
02/09/2025 01:15;0
02/09/2025 01:30;0
02/09/2025 01:45;0
02/09/2025 02:00;0
02/09/2025 02:15;0
02/09/2025 02:30;0
02/09/2025 02:45;0
02/09/2025 03:00;0
02/09/2025 03:15;0
02/09/2025 03:30;0
02/09/2025 03:45;0
02/09/2025 04:00;0
02/09/2025 04:15;0
02/09/2025 04:30;0
02/09/2025 04:45;0
02/09/2025 05:00;0
02/09/2025 05:15;0
02/09/2025 05:30;0
02/09/2025 05:45;0
02/09/2025 06:00;0
02/09/2025 06:15;0
02/09/2025 06:30;0
02/09/2025 06:45;0
02/09/2025 07:00;0
02/09/2025 07:15;0
02/09/2025 07:30;0
02/09/2025 07:45;0
02/09/2025 08:00;0
02/09/2025 08:15;0
02/09/2025 08:30;0
02/09/2025 08:45;0
02/09/2025 09:00;0
02/09/2025 09:15;0
02/09/2025 09:30;0
02/09/2025 09:45;0
02/09/2025 10:00;0
02/09/2025 10:15;0
02/09/2025 10:30;0
02/09/2025 10:45;0
02/09/2025 11:00;0
02/09/2025 11:15;0
02/09/2025 11:30;0
02/09/2025 11:45;0
02/09/2025 12:00;0
02/09/2025 12:15;0
02/09/2025 12:30;0
02/09/2025 12:45;0
02/09/2025 13:00;0
02/09/2025 13:15;0
02/09/2025 13:30;0
02/09/2025 13:45;0
02/09/2025 14:00;0
02/09/2025 14:15;0
02/09/2025 14:30;0
02/09/2025 14:45;0
02/09/2025 15:00;0
02/09/2025 15:15;0
02/09/2025 15:30;0
02/09/2025 15:45;0
02/09/2025 16:00;0
02/09/2025 16:15;0
02/09/2025 16:30;0
02/09/2025 16:45;0
02/09/2025 17:00;0
02/09/2025 17:15;0
02/09/2025 17:30;0
02/09/2025 17:45;0
02/09/2025 18:00;0
02/09/2025 18:15;0
02/09/2025 18:30;0
02/09/2025 18:45;0
02/09/2025 19:00;0
02/09/2025 19:15;0
02/09/2025 19:30;0
02/09/2025 19:45;0
02/09/2025 20:00;0
02/09/2025 20:15;0
02/09/2025 20:30;0
02/09/2025 20:45;0
02/09/2025 21:00;0
02/09/2025 21:15;0
02/09/2025 21:30;0
02/09/2025 21:45;0
02/09/2025 22:00;0
02/09/2025 22:15;0
02/09/2025 22:30;0
02/09/2025 22:45;0
02/09/2025 23:00;0
02/09/2025 23:15;0
02/09/2025 23:30;0
02/09/2025 23:45;0
03/09/2025 00:00;0
03/09/2025 00:15;0
03/09/2025 00:30;0
03/09/2025 00:45;0
03/09/2025 01:00;0
03/09/2025 01:15;0
03/09/2025 01:30;0
03/09/2025 01:45;0
03/09/2025 02:00;0
03/09/2025 02:15;0
03/09/2025 02:30;0
03/09/2025 02:45;0
03/09/2025 03:00;0
03/09/2025 03:15;0
03/09/2025 03:30;0
03/09/2025 03:45;0
03/09/2025 04:00;0
03/09/2025 04:15;0
03/09/2025 04:30;0
03/09/2025 04:45;0
03/09/2025 05:00;0
03/09/2025 05:15;0
03/09/2025 05:30;0
03/09/2025 05:45;0
03/09/2025 06:00;0
03/09/2025 06:15;0
03/09/2025 06:30;0
03/09/2025 06:45;0
03/09/2025 07:00;0
03/09/2025 07:15;0
03/09/2025 07:30;0
03/09/2025 07:45;0
03/09/2025 08:00;0
03/09/2025 08:15;0
03/09/2025 08:30;0
03/09/2025 08:45;0
03/09/2025 09:00;0
03/09/2025 09:15;0
03/09/2025 09:30;0
03/09/2025 09:45;0
03/09/2025 10:00;0
03/09/2025 10:15;0
03/09/2025 10:30;0
03/09/2025 10:45;0
03/09/2025 11:00;0
03/09/2025 11:15;0
03/09/2025 11:30;0
03/09/2025 11:45;0
03/09/2025 12:00;0
03/09/2025 12:15;0
03/09/2025 12:30;0
03/09/2025 12:45;0
03/09/2025 13:00;0
03/09/2025 13:15;0
03/09/2025 13:30;0
03/09/2025 13:45;0
03/09/2025 14:00;0
03/09/2025 14:15;0
03/09/2025 14:30;0
03/09/2025 14:45;0
03/09/2025 15:00;0
03/09/2025 15:15;0
03/09/2025 15:30;0
03/09/2025 15:45;0
03/09/2025 16:00;0
03/09/2025 16:15;0
03/09/2025 16:30;0
03/09/2025 16:45;0
03/09/2025 17:00;0
03/09/2025 17:15;0
03/09/2025 17:30;0
03/09/2025 17:45;0
03/09/2025 18:00;0
03/09/2025 18:15;0
03/09/2025 18:30;0
03/09/2025 18:45;0
03/09/2025 19:00;0
03/09/2025 19:15;0
03/09/2025 19:30;0
03/09/2025 19:45;0
03/09/2025 20:00;0
03/09/2025 20:15;0
03/09/2025 20:30;0
03/09/2025 20:45;0
03/09/2025 21:00;0
03/09/2025 21:15;0
03/09/2025 21:30;0
03/09/2025 21:45;0
03/09/2025 22:00;0
03/09/2025 22:15;0
03/09/2025 22:30;0
03/09/2025 22:45;0
03/09/2025 23:00;0
03/09/2025 23:15;0
03/09/2025 23:30;0
03/09/2025 23:45;0
04/09/2025 00:00;0
04/09/2025 00:15;0
04/09/2025 00:30;0
04/09/2025 00:45;0
04/09/2025 01:00;0
04/09/2025 01:15;0
04/09/2025 01:30;0
04/09/2025 01:45;0
04/09/2025 02:00;0
04/09/2025 02:15;0
04/09/2025 02:30;0
04/09/2025 02:45;0
04/09/2025 03:00;0
04/09/2025 03:15;0
04/09/2025 03:30;0
04/09/2025 03:45;0
04/09/2025 04:00;0
04/09/2025 04:15;0
04/09/2025 04:30;0
04/09/2025 04:45;0
04/09/2025 05:00;0
04/09/2025 05:15;0
04/09/2025 05:30;0
04/09/2025 05:45;0
04/09/2025 06:00;0
04/09/2025 06:15;0
04/09/2025 06:30;0
04/09/2025 06:45;0
04/09/2025 07:00;0
04/09/2025 07:15;0
04/09/2025 07:30;0
04/09/2025 07:45;0
04/09/2025 08:00;0
04/09/2025 08:15;0
04/09/2025 08:30;0
04/09/2025 08:45;0
04/09/2025 09:00;0
04/09/2025 09:15;0
04/09/2025 09:30;0
04/09/2025 09:45;0
04/09/2025 10:00;0
04/09/2025 10:15;0
04/09/2025 10:30;0
04/09/2025 10:45;0
04/09/2025 11:00;0
04/09/2025 11:15;0
04/09/2025 11:30;0
04/09/2025 11:45;0
04/09/2025 12:00;0
04/09/2025 12:15;0
04/09/2025 12:30;0
04/09/2025 12:45;0
04/09/2025 13:00;0
04/09/2025 13:15;0
04/09/2025 13:30;0
04/09/2025 13:45;0
04/09/2025 14:00;0
04/09/2025 14:15;0
04/09/2025 14:30;0
04/09/2025 14:45;0
04/09/2025 15:00;0
04/09/2025 15:15;0
04/09/2025 15:30;0
04/09/2025 15:45;0
04/09/2025 16:00;0
04/09/2025 16:15;0
04/09/2025 16:30;0
04/09/2025 16:45;0
04/09/2025 17:00;0
04/09/2025 17:15;0
04/09/2025 17:30;0
04/09/2025 17:45;0
04/09/2025 18:00;0
04/09/2025 18:15;0
04/09/2025 18:30;0
04/09/2025 18:45;0
04/09/2025 19:00;0
04/09/2025 19:15;0
04/09/2025 19:30;0
04/09/2025 19:45;0
04/09/2025 20:00;0
04/09/2025 20:15;0
04/09/2025 20:30;0
04/09/2025 20:45;0
04/09/2025 21:00;0
04/09/2025 21:15;0
04/09/2025 21:30;0
04/09/2025 21:45;0
04/09/2025 22:00;0
04/09/2025 22:15;0
04/09/2025 22:30;0
04/09/2025 22:45;0
04/09/2025 23:00;0
04/09/2025 23:15;0
04/09/2025 23:30;0
04/09/2025 23:45;0
05/09/2025 00:00;0
05/09/2025 00:15;0
05/09/2025 00:30;0
05/09/2025 00:45;0
05/09/2025 01:00;0
05/09/2025 01:15;0
05/09/2025 01:30;0
05/09/2025 01:45;0
05/09/2025 02:00;0
05/09/2025 02:15;0
05/09/2025 02:30;0
05/09/2025 02:45;0
05/09/2025 03:00;0
05/09/2025 03:15;0
05/09/2025 03:30;0
05/09/2025 03:45;0
05/09/2025 04:00;0
05/09/2025 04:15;0
05/09/2025 04:30;0
05/09/2025 04:45;0
05/09/2025 05:00;0
05/09/2025 05:15;0
05/09/2025 05:30;0
05/09/2025 05:45;0
05/09/2025 06:00;0
05/09/2025 06:15;0
05/09/2025 06:30;0
05/09/2025 06:45;0
05/09/2025 07:00;0
05/09/2025 07:15;0
05/09/2025 07:30;0
05/09/2025 07:45;0
05/09/2025 08:00;0
05/09/2025 08:15;0
05/09/2025 08:30;0
05/09/2025 08:45;0
05/09/2025 09:00;0
05/09/2025 09:15;0
05/09/2025 09:30;0
05/09/2025 09:45;0
05/09/2025 10:00;0
05/09/2025 10:15;0
05/09/2025 10:30;0
05/09/2025 10:45;0
05/09/2025 11:00;0
05/09/2025 11:15;0
05/09/2025 11:30;0
05/09/2025 11:45;0
05/09/2025 12:00;0
05/09/2025 12:15;0
05/09/2025 12:30;0
05/09/2025 12:45;0
05/09/2025 13:00;0
05/09/2025 13:15;0
05/09/2025 13:30;0
05/09/2025 13:45;0
05/09/2025 14:00;0
05/09/2025 14:15;0
05/09/2025 14:30;0
05/09/2025 14:45;0
05/09/2025 15:00;0
05/09/2025 15:15;0
05/09/2025 15:30;0
05/09/2025 15:45;0
05/09/2025 16:00;0
05/09/2025 16:15;0
05/09/2025 16:30;0
05/09/2025 16:45;0
05/09/2025 17:00;0
05/09/2025 17:15;0
05/09/2025 17:30;0
05/09/2025 17:45;0
05/09/2025 18:00;0
05/09/2025 18:15;0
05/09/2025 18:30;0
05/09/2025 18:45;0
05/09/2025 19:00;0
05/09/2025 19:15;0
05/09/2025 19:30;0
05/09/2025 19:45;0
05/09/2025 20:00;0
05/09/2025 20:15;0
05/09/2025 20:30;0
05/09/2025 20:45;0
05/09/2025 21:00;0
05/09/2025 21:15;0
05/09/2025 21:30;0
05/09/2025 21:45;0
05/09/2025 22:00;0
05/09/2025 22:15;0
05/09/2025 22:30;0
05/09/2025 22:45;0
05/09/2025 23:00;0
05/09/2025 23:15;0
05/09/2025 23:30;0
05/09/2025 23:45;0
06/09/2025 00:00;0
06/09/2025 00:15;0
06/09/2025 00:30;0
06/09/2025 00:45;0
06/09/2025 01:00;0
06/09/2025 01:15;0
06/09/2025 01:30;0
06/09/2025 01:45;0
06/09/2025 02:00;0
06/09/2025 02:15;0
06/09/2025 02:30;0
06/09/2025 02:45;0
06/09/2025 03:00;0
06/09/2025 03:15;0
06/09/2025 03:30;0
06/09/2025 03:45;0
06/09/2025 04:00;0
06/09/2025 04:15;0
06/09/2025 04:30;0
06/09/2025 04:45;0
06/09/2025 05:00;0
06/09/2025 05:15;0
06/09/2025 05:30;0
06/09/2025 05:45;0
06/09/2025 06:00;0
06/09/2025 06:15;0
06/09/2025 06:30;0
06/09/2025 06:45;0
06/09/2025 07:00;0
06/09/2025 07:15;0
06/09/2025 07:30;0
06/09/2025 07:45;0
06/09/2025 08:00;0
06/09/2025 08:15;0
06/09/2025 08:30;0
06/09/2025 08:45;0
06/09/2025 09:00;0
06/09/2025 09:15;0
06/09/2025 09:30;0
06/09/2025 09:45;0
06/09/2025 10:00;0
06/09/2025 10:15;0
06/09/2025 10:30;0
06/09/2025 10:45;0
06/09/2025 11:00;0
06/09/2025 11:15;0
06/09/2025 11:30;0
06/09/2025 11:45;0
06/09/2025 12:00;0
06/09/2025 12:15;0
06/09/2025 12:30;0
06/09/2025 12:45;0
06/09/2025 13:00;0
06/09/2025 13:15;0
06/09/2025 13:30;0
06/09/2025 13:45;0
06/09/2025 14:00;0
06/09/2025 14:15;0
06/09/2025 14:30;0
06/09/2025 14:45;0
06/09/2025 15:00;0
06/09/2025 15:15;0
06/09/2025 15:30;0
06/09/2025 15:45;0
06/09/2025 16:00;0
06/09/2025 16:15;0
06/09/2025 16:30;0
06/09/2025 16:45;0
06/09/2025 17:00;0
06/09/2025 17:15;0
06/09/2025 17:30;0
06/09/2025 17:45;0
06/09/2025 18:00;0
06/09/2025 18:15;0
06/09/2025 18:30;0
06/09/2025 18:45;0
06/09/2025 19:00;0
06/09/2025 19:15;0
06/09/2025 19:30;0
06/09/2025 19:45;0
06/09/2025 20:00;0
06/09/2025 20:15;0
06/09/2025 20:30;0
06/09/2025 20:45;0
06/09/2025 21:00;0
06/09/2025 21:15;0
06/09/2025 21:30;0
06/09/2025 21:45;0
06/09/2025 22:00;0
06/09/2025 22:15;0
06/09/2025 22:30;0
06/09/2025 22:45;0
06/09/2025 23:00;0
06/09/2025 23:15;0
06/09/2025 23:30;0
06/09/2025 23:45;0
07/09/2025 00:00;0
07/09/2025 00:15;0
07/09/2025 00:30;0
07/09/2025 00:45;0
07/09/2025 01:00;0
07/09/2025 01:15;0
07/09/2025 01:30;0
07/09/2025 01:45;0
07/09/2025 02:00;0
07/09/2025 02:15;0
07/09/2025 02:30;0
07/09/2025 02:45;0
07/09/2025 03:00;0
07/09/2025 03:15;0
07/09/2025 03:30;0
07/09/2025 03:45;0
07/09/2025 04:00;0
07/09/2025 04:15;0
07/09/2025 04:30;0
07/09/2025 04:45;0
07/09/2025 05:00;0
07/09/2025 05:15;0
07/09/2025 05:30;0
07/09/2025 05:45;0
07/09/2025 06:00;0
07/09/2025 06:15;0
07/09/2025 06:30;0
07/09/2025 06:45;0
07/09/2025 07:00;0
07/09/2025 07:15;0
07/09/2025 07:30;0
07/09/2025 07:45;0
07/09/2025 08:00;0
07/09/2025 08:15;0
07/09/2025 08:30;0
07/09/2025 08:45;0
07/09/2025 09:00;0
07/09/2025 09:15;0
07/09/2025 09:30;0
07/09/2025 09:45;0
07/09/2025 10:00;0
07/09/2025 10:15;0
07/09/2025 10:30;0
07/09/2025 10:45;0
07/09/2025 11:00;0
07/09/2025 11:15;0
07/09/2025 11:30;0
07/09/2025 11:45;0
07/09/2025 12:00;0
07/09/2025 12:15;0
07/09/2025 12:30;0
07/09/2025 12:45;0
07/09/2025 13:00;0
07/09/2025 13:15;0
07/09/2025 13:30;0
07/09/2025 13:45;0
07/09/2025 14:00;0
07/09/2025 14:15;0
07/09/2025 14:30;0
07/09/2025 14:45;0
07/09/2025 15:00;0
07/09/2025 15:15;0
07/09/2025 15:30;0
07/09/2025 15:45;0
07/09/2025 16:00;0
07/09/2025 16:15;0
07/09/2025 16:30;0
07/09/2025 16:45;0
07/09/2025 17:00;0
07/09/2025 17:15;0
07/09/2025 17:30;0
07/09/2025 17:45;0
07/09/2025 18:00;0
07/09/2025 18:15;0
07/09/2025 18:30;0
07/09/2025 18:45;0
07/09/2025 19:00;0
07/09/2025 19:15;0
07/09/2025 19:30;0
07/09/2025 19:45;0
07/09/2025 20:00;0
07/09/2025 20:15;0
07/09/2025 20:30;0
07/09/2025 20:45;0
07/09/2025 21:00;0
07/09/2025 21:15;0
07/09/2025 21:30;0
07/09/2025 21:45;0
07/09/2025 22:00;0
07/09/2025 22:15;0
07/09/2025 22:30;0
07/09/2025 22:45;0
07/09/2025 23:00;0
07/09/2025 23:15;0
07/09/2025 23:30;0
07/09/2025 23:45;0
08/09/2025 00:00;0
08/09/2025 00:15;0
08/09/2025 00:30;0
08/09/2025 00:45;0
08/09/2025 01:00;0
08/09/2025 01:15;0
08/09/2025 01:30;0
08/09/2025 01:45;0
08/09/2025 02:00;0
08/09/2025 02:15;0
08/09/2025 02:30;0
08/09/2025 02:45;0
08/09/2025 03:00;0
08/09/2025 03:15;0
08/09/2025 03:30;0
08/09/2025 03:45;0
08/09/2025 04:00;0
08/09/2025 04:15;0
08/09/2025 04:30;0
08/09/2025 04:45;0
08/09/2025 05:00;0
08/09/2025 05:15;0
08/09/2025 05:30;0
08/09/2025 05:45;0
08/09/2025 06:00;0
08/09/2025 06:15;0
08/09/2025 06:30;0
08/09/2025 06:45;0
08/09/2025 07:00;0
08/09/2025 07:15;0
08/09/2025 07:30;0
08/09/2025 07:45;0
08/09/2025 08:00;0
08/09/2025 08:15;0
08/09/2025 08:30;0
08/09/2025 08:45;0
08/09/2025 09:00;0
08/09/2025 09:15;0
08/09/2025 09:30;0
08/09/2025 09:45;0
08/09/2025 10:00;0
08/09/2025 10:15;0
08/09/2025 10:30;0
08/09/2025 10:45;0
08/09/2025 11:00;0
08/09/2025 11:15;0
08/09/2025 11:30;0
08/09/2025 11:45;0
08/09/2025 12:00;0
08/09/2025 12:15;0
08/09/2025 12:30;0
08/09/2025 12:45;0
08/09/2025 13:00;0
08/09/2025 13:15;0
08/09/2025 13:30;0
08/09/2025 13:45;0
08/09/2025 14:00;0
08/09/2025 14:15;0
08/09/2025 14:30;0
08/09/2025 14:45;0
08/09/2025 15:00;0
08/09/2025 15:15;0
08/09/2025 15:30;0
08/09/2025 15:45;0
08/09/2025 16:00;0
08/09/2025 16:15;0
08/09/2025 16:30;0
08/09/2025 16:45;0
08/09/2025 17:00;0
08/09/2025 17:15;0
08/09/2025 17:30;0
08/09/2025 17:45;0
08/09/2025 18:00;0
08/09/2025 18:15;0
08/09/2025 18:30;0
08/09/2025 18:45;0
08/09/2025 19:00;0
08/09/2025 19:15;0
08/09/2025 19:30;0
08/09/2025 19:45;0
08/09/2025 20:00;0
08/09/2025 20:15;0
08/09/2025 20:30;0
08/09/2025 20:45;0
08/09/2025 21:00;0
08/09/2025 21:15;0.2
08/09/2025 21:30;0.1
08/09/2025 21:45;0
08/09/2025 22:00;0
08/09/2025 22:15;0
08/09/2025 22:30;0
08/09/2025 22:45;0
08/09/2025 23:00;0
08/09/2025 23:15;0
08/09/2025 23:30;0
08/09/2025 23:45;0
09/09/2025 00:00;0
09/09/2025 00:15;0
09/09/2025 00:30;0
09/09/2025 00:45;0
09/09/2025 01:00;0
09/09/2025 01:15;0
09/09/2025 01:30;0
09/09/2025 01:45;0
09/09/2025 02:00;0
09/09/2025 02:15;0
09/09/2025 02:30;0
09/09/2025 02:45;0
09/09/2025 03:00;0
09/09/2025 03:15;0
09/09/2025 03:30;0
09/09/2025 03:45;0
09/09/2025 04:00;0
09/09/2025 04:15;0
09/09/2025 04:30;0
09/09/2025 04:45;0
09/09/2025 05:00;0
09/09/2025 05:15;0
09/09/2025 05:30;0
09/09/2025 05:45;0
09/09/2025 06:00;0
09/09/2025 06:15;0
09/09/2025 06:30;0
09/09/2025 06:45;0
09/09/2025 07:00;0
09/09/2025 07:15;0
09/09/2025 07:30;0
09/09/2025 07:45;0
09/09/2025 08:00;0
09/09/2025 08:15;0
09/09/2025 08:30;0
09/09/2025 08:45;0
09/09/2025 09:00;0
09/09/2025 09:15;0
09/09/2025 09:30;0
09/09/2025 09:45;0
09/09/2025 10:00;0
09/09/2025 10:15;0
09/09/2025 10:30;0
09/09/2025 10:45;0
09/09/2025 11:00;0
09/09/2025 11:15;0
09/09/2025 11:30;0
09/09/2025 11:45;0
09/09/2025 12:00;0
09/09/2025 12:15;0
09/09/2025 12:30;0
09/09/2025 12:45;0
09/09/2025 13:00;0
09/09/2025 13:15;0
09/09/2025 13:30;0
09/09/2025 13:45;0
09/09/2025 14:00;0
09/09/2025 14:15;0
09/09/2025 14:30;0
09/09/2025 14:45;0
09/09/2025 15:00;0
09/09/2025 15:15;0
09/09/2025 15:30;0
09/09/2025 15:45;0
09/09/2025 16:00;0
09/09/2025 16:15;0
09/09/2025 16:30;0
09/09/2025 16:45;0
09/09/2025 17:00;0
09/09/2025 17:15;0
09/09/2025 17:30;0
09/09/2025 17:45;0
09/09/2025 18:00;0
09/09/2025 18:15;0
09/09/2025 18:30;0
09/09/2025 18:45;0
09/09/2025 19:00;0
09/09/2025 19:15;0
09/09/2025 19:30;0
09/09/2025 19:45;0
09/09/2025 20:00;0
09/09/2025 20:15;0
09/09/2025 20:30;0
09/09/2025 20:45;0
09/09/2025 21:00;0
09/09/2025 21:15;0
09/09/2025 21:30;0
09/09/2025 21:45;0
09/09/2025 22:00;0
09/09/2025 22:15;0
09/09/2025 22:30;0
09/09/2025 22:45;0
09/09/2025 23:00;0
09/09/2025 23:15;0
09/09/2025 23:30;0
09/09/2025 23:45;0
10/09/2025 00:00;0
10/09/2025 00:15;0
10/09/2025 00:30;0
10/09/2025 00:45;0
10/09/2025 01:00;0
10/09/2025 01:15;0
10/09/2025 01:30;0
10/09/2025 01:45;0
10/09/2025 02:00;0
10/09/2025 02:15;0
10/09/2025 02:30;0
10/09/2025 02:45;0
10/09/2025 03:00;0
10/09/2025 03:15;0
10/09/2025 03:30;0
10/09/2025 03:45;0
10/09/2025 04:00;0
10/09/2025 04:15;0
10/09/2025 04:30;0
10/09/2025 04:45;0
10/09/2025 05:00;0
10/09/2025 05:15;0
10/09/2025 05:30;0
10/09/2025 05:45;0
10/09/2025 06:00;0
10/09/2025 06:15;0
10/09/2025 06:30;0
10/09/2025 06:45;0
10/09/2025 07:00;0
10/09/2025 07:15;0
10/09/2025 07:30;0
10/09/2025 07:45;0
10/09/2025 08:00;0
10/09/2025 08:15;0
10/09/2025 08:30;0
10/09/2025 08:45;0
10/09/2025 09:00;0
10/09/2025 09:15;0
10/09/2025 09:30;0
10/09/2025 09:45;0
10/09/2025 10:00;0
10/09/2025 10:15;0
10/09/2025 10:30;0
10/09/2025 10:45;0
10/09/2025 11:00;0
10/09/2025 11:15;0
10/09/2025 11:30;0
10/09/2025 11:45;0
10/09/2025 12:00;0
10/09/2025 12:15;0
10/09/2025 12:30;0
10/09/2025 12:45;0
10/09/2025 13:00;0
10/09/2025 13:15;0
10/09/2025 13:30;0
10/09/2025 13:45;0
10/09/2025 14:00;0
10/09/2025 14:15;0
10/09/2025 14:30;0.1
10/09/2025 14:45;0.4
10/09/2025 15:00;0.7
10/09/2025 15:15;0.4
10/09/2025 15:30;0.2
10/09/2025 15:45;0
10/09/2025 16:00;0
10/09/2025 16:15;0
10/09/2025 16:30;0
10/09/2025 16:45;0
10/09/2025 17:00;0
10/09/2025 17:15;0
10/09/2025 17:30;0
10/09/2025 17:45;0
10/09/2025 18:00;0
10/09/2025 18:15;0
10/09/2025 18:30;0
10/09/2025 18:45;0
10/09/2025 19:00;0
10/09/2025 19:15;0
10/09/2025 19:30;0
10/09/2025 19:45;0
10/09/2025 20:00;0
10/09/2025 20:15;0
10/09/2025 20:30;0
10/09/2025 20:45;0
10/09/2025 21:00;0
10/09/2025 21:15;0
10/09/2025 21:30;0
10/09/2025 21:45;0
10/09/2025 22:00;0
10/09/2025 22:15;0
10/09/2025 22:30;0
10/09/2025 22:45;0
10/09/2025 23:00;0
10/09/2025 23:15;0
10/09/2025 23:30;0
10/09/2025 23:45;0
11/09/2025 00:00;0
11/09/2025 00:15;0
11/09/2025 00:30;0
11/09/2025 00:45;0
11/09/2025 01:00;0
11/09/2025 01:15;0
11/09/2025 01:30;0
11/09/2025 01:45;0
11/09/2025 02:00;0
11/09/2025 02:15;0
11/09/2025 02:30;0
11/09/2025 02:45;0
11/09/2025 03:00;0
11/09/2025 03:15;0
11/09/2025 03:30;0
11/09/2025 03:45;0
11/09/2025 04:00;0
11/09/2025 04:15;0
11/09/2025 04:30;0
11/09/2025 04:45;0
11/09/2025 05:00;0
11/09/2025 05:15;0
11/09/2025 05:30;0
11/09/2025 05:45;0
11/09/2025 06:00;0
11/09/2025 06:15;0
11/09/2025 06:30;0
11/09/2025 06:45;0
11/09/2025 07:00;0
11/09/2025 07:15;0
11/09/2025 07:30;0
11/09/2025 07:45;0
11/09/2025 08:00;0
11/09/2025 08:15;0
11/09/2025 08:30;0
11/09/2025 08:45;0
11/09/2025 09:00;0
11/09/2025 09:15;0
11/09/2025 09:30;0
11/09/2025 09:45;0
11/09/2025 10:00;0
11/09/2025 10:15;0
11/09/2025 10:30;0
11/09/2025 10:45;0
11/09/2025 11:00;0
11/09/2025 11:15;0
11/09/2025 11:30;0
11/09/2025 11:45;0
11/09/2025 12:00;0
11/09/2025 12:15;0
11/09/2025 12:30;0
11/09/2025 12:45;0
11/09/2025 13:00;0
11/09/2025 13:15;0
11/09/2025 13:30;0
11/09/2025 13:45;0
11/09/2025 14:00;0
11/09/2025 14:15;0
11/09/2025 14:30;0
11/09/2025 14:45;0
11/09/2025 15:00;0
11/09/2025 15:15;0
11/09/2025 15:30;0
11/09/2025 15:45;0
11/09/2025 16:00;0
11/09/2025 16:15;0
11/09/2025 16:30;0
11/09/2025 16:45;0
11/09/2025 17:00;0
11/09/2025 17:15;0
11/09/2025 17:30;0
11/09/2025 17:45;0
11/09/2025 18:00;0
11/09/2025 18:15;0
11/09/2025 18:30;0
11/09/2025 18:45;0
11/09/2025 19:00;0
11/09/2025 19:15;0
11/09/2025 19:30;0
11/09/2025 19:45;0
11/09/2025 20:00;0
11/09/2025 20:15;0
11/09/2025 20:30;0
11/09/2025 20:45;0
11/09/2025 21:00;0
11/09/2025 21:15;0
11/09/2025 21:30;0
11/09/2025 21:45;0
11/09/2025 22:00;0
11/09/2025 22:15;0
11/09/2025 22:30;0
11/09/2025 22:45;0
11/09/2025 23:00;0
11/09/2025 23:15;0
11/09/2025 23:30;0
11/09/2025 23:45;0
12/09/2025 00:00;0
12/09/2025 00:15;0
12/09/2025 00:30;0
12/09/2025 00:45;0
12/09/2025 01:00;0
12/09/2025 01:15;0
12/09/2025 01:30;0
12/09/2025 01:45;0
12/09/2025 02:00;0
12/09/2025 02:15;0
12/09/2025 02:30;0
12/09/2025 02:45;0
12/09/2025 03:00;0
12/09/2025 03:15;0
12/09/2025 03:30;0
12/09/2025 03:45;0
12/09/2025 04:00;0
12/09/2025 04:15;0
12/09/2025 04:30;0
12/09/2025 04:45;0
12/09/2025 05:00;0
12/09/2025 05:15;0
12/09/2025 05:30;0
12/09/2025 05:45;0
12/09/2025 06:00;0
12/09/2025 06:15;0
12/09/2025 06:30;0
12/09/2025 06:45;0
12/09/2025 07:00;0
12/09/2025 07:15;0
12/09/2025 07:30;0
12/09/2025 07:45;0
12/09/2025 08:00;0
12/09/2025 08:15;0
12/09/2025 08:30;0
12/09/2025 08:45;0
12/09/2025 09:00;0
12/09/2025 09:15;0
12/09/2025 09:30;0
12/09/2025 09:45;0
12/09/2025 10:00;0
12/09/2025 10:15;0
12/09/2025 10:30;0
12/09/2025 10:45;0
12/09/2025 11:00;0
12/09/2025 11:15;0
12/09/2025 11:30;0
12/09/2025 11:45;0
12/09/2025 12:00;0
12/09/2025 12:15;0
12/09/2025 12:30;0
12/09/2025 12:45;0
12/09/2025 13:00;0
12/09/2025 13:15;0
12/09/2025 13:30;0
12/09/2025 13:45;0
12/09/2025 14:00;0
12/09/2025 14:15;0
12/09/2025 14:30;0
12/09/2025 14:45;0
12/09/2025 15:00;0
12/09/2025 15:15;0
12/09/2025 15:30;0
12/09/2025 15:45;0
12/09/2025 16:00;0
12/09/2025 16:15;0
12/09/2025 16:30;0
12/09/2025 16:45;0
12/09/2025 17:00;0
12/09/2025 17:15;0
12/09/2025 17:30;0
12/09/2025 17:45;0
12/09/2025 18:00;0
12/09/2025 18:15;0
12/09/2025 18:30;0
12/09/2025 18:45;0
12/09/2025 19:00;0
12/09/2025 19:15;0
12/09/2025 19:30;0
12/09/2025 19:45;0
12/09/2025 20:00;0
12/09/2025 20:15;0
12/09/2025 20:30;0
12/09/2025 20:45;0
12/09/2025 21:00;0
12/09/2025 21:15;0
12/09/2025 21:30;0
12/09/2025 21:45;0
12/09/2025 22:00;0
12/09/2025 22:15;0
12/09/2025 22:30;0
12/09/2025 22:45;0
12/09/2025 23:00;0
12/09/2025 23:15;0
12/09/2025 23:30;0
12/09/2025 23:45;0
13/09/2025 00:00;0
13/09/2025 00:15;0
13/09/2025 00:30;0
13/09/2025 00:45;0
13/09/2025 01:00;0
13/09/2025 01:15;0
13/09/2025 01:30;0
13/09/2025 01:45;0
13/09/2025 02:00;0
13/09/2025 02:15;0
13/09/2025 02:30;0
13/09/2025 02:45;0
13/09/2025 03:00;0
13/09/2025 03:15;0
13/09/2025 03:30;0
13/09/2025 03:45;0
13/09/2025 04:00;0
13/09/2025 04:15;0
13/09/2025 04:30;0
13/09/2025 04:45;0
13/09/2025 05:00;0
13/09/2025 05:15;0
13/09/2025 05:30;0
13/09/2025 05:45;0
13/09/2025 06:00;0
13/09/2025 06:15;0
13/09/2025 06:30;0
13/09/2025 06:45;0
13/09/2025 07:00;0
13/09/2025 07:15;0
13/09/2025 07:30;0
13/09/2025 07:45;0
13/09/2025 08:00;0
13/09/2025 08:15;0
13/09/2025 08:30;0
13/09/2025 08:45;0
13/09/2025 09:00;0
13/09/2025 09:15;0
13/09/2025 09:30;0
13/09/2025 09:45;0
13/09/2025 10:00;0
13/09/2025 10:15;0
13/09/2025 10:30;0
13/09/2025 10:45;0
13/09/2025 11:00;0
13/09/2025 11:15;0
13/09/2025 11:30;0
13/09/2025 11:45;0
13/09/2025 12:00;0
13/09/2025 12:15;0
13/09/2025 12:30;0
13/09/2025 12:45;0
13/09/2025 13:00;0
13/09/2025 13:15;0
13/09/2025 13:30;0
13/09/2025 13:45;0
13/09/2025 14:00;0
13/09/2025 14:15;0
13/09/2025 14:30;0
13/09/2025 14:45;0
13/09/2025 15:00;0
13/09/2025 15:15;0
13/09/2025 15:30;0
13/09/2025 15:45;0
13/09/2025 16:00;0
13/09/2025 16:15;0
13/09/2025 16:30;0
13/09/2025 16:45;0
13/09/2025 17:00;0
13/09/2025 17:15;0
13/09/2025 17:30;0
13/09/2025 17:45;0
13/09/2025 18:00;0
13/09/2025 18:15;0
13/09/2025 18:30;0
13/09/2025 18:45;0
13/09/2025 19:00;0
13/09/2025 19:15;0
13/09/2025 19:30;0
13/09/2025 19:45;0
13/09/2025 20:00;0
13/09/2025 20:15;0
13/09/2025 20:30;0
13/09/2025 20:45;0
13/09/2025 21:00;0
13/09/2025 21:15;0
13/09/2025 21:30;0
13/09/2025 21:45;0
13/09/2025 22:00;0
13/09/2025 22:15;0
13/09/2025 22:30;0
13/09/2025 22:45;0
13/09/2025 23:00;0
13/09/2025 23:15;0
13/09/2025 23:30;0
13/09/2025 23:45;0
14/09/2025 00:00;0
14/09/2025 00:15;0
14/09/2025 00:30;0
14/09/2025 00:45;0
14/09/2025 01:00;0
14/09/2025 01:15;0
14/09/2025 01:30;0
14/09/2025 01:45;0
14/09/2025 02:00;0
14/09/2025 02:15;0
14/09/2025 02:30;0
14/09/2025 02:45;0
14/09/2025 03:00;0
14/09/2025 03:15;0
14/09/2025 03:30;0
14/09/2025 03:45;0
14/09/2025 04:00;0
14/09/2025 04:15;0
14/09/2025 04:30;0
14/09/2025 04:45;0
14/09/2025 05:00;0
14/09/2025 05:15;0
14/09/2025 05:30;0
14/09/2025 05:45;0
14/09/2025 06:00;0
14/09/2025 06:15;0
14/09/2025 06:30;0
14/09/2025 06:45;0
14/09/2025 07:00;0
14/09/2025 07:15;0
14/09/2025 07:30;0
14/09/2025 07:45;0
14/09/2025 08:00;0
14/09/2025 08:15;0
14/09/2025 08:30;0
14/09/2025 08:45;0
14/09/2025 09:00;0
14/09/2025 09:15;0
14/09/2025 09:30;0
14/09/2025 09:45;0
14/09/2025 10:00;0
14/09/2025 10:15;0
14/09/2025 10:30;0
14/09/2025 10:45;0
14/09/2025 11:00;0
14/09/2025 11:15;0
14/09/2025 11:30;0
14/09/2025 11:45;0
14/09/2025 12:00;0
14/09/2025 12:15;0
14/09/2025 12:30;0
14/09/2025 12:45;0
14/09/2025 13:00;0
14/09/2025 13:15;0
14/09/2025 13:30;0
14/09/2025 13:45;0
14/09/2025 14:00;0
14/09/2025 14:15;0
14/09/2025 14:30;0
14/09/2025 14:45;0
14/09/2025 15:00;0
14/09/2025 15:15;0
14/09/2025 15:30;0
14/09/2025 15:45;0
14/09/2025 16:00;0
14/09/2025 16:15;0
14/09/2025 16:30;0
14/09/2025 16:45;0
14/09/2025 17:00;0
14/09/2025 17:15;0
14/09/2025 17:30;0
14/09/2025 17:45;0
14/09/2025 18:00;0
14/09/2025 18:15;0
14/09/2025 18:30;0
14/09/2025 18:45;0
14/09/2025 19:00;0
14/09/2025 19:15;0
14/09/2025 19:30;0
14/09/2025 19:45;0
14/09/2025 20:00;0
14/09/2025 20:15;0
14/09/2025 20:30;0
14/09/2025 20:45;0
14/09/2025 21:00;0
14/09/2025 21:15;0
14/09/2025 21:30;0
14/09/2025 21:45;0
14/09/2025 22:00;0
14/09/2025 22:15;0
14/09/2025 22:30;0
14/09/2025 22:45;0
14/09/2025 23:00;0
14/09/2025 23:15;0
14/09/2025 23:30;0
14/09/2025 23:45;0
15/09/2025 00:00;0
15/09/2025 00:15;0
15/09/2025 00:30;0
15/09/2025 00:45;0
15/09/2025 01:00;0
15/09/2025 01:15;0
15/09/2025 01:30;0
15/09/2025 01:45;0
15/09/2025 02:00;0
15/09/2025 02:15;0
15/09/2025 02:30;0
15/09/2025 02:45;0
15/09/2025 03:00;0
15/09/2025 03:15;0
15/09/2025 03:30;0
15/09/2025 03:45;0
15/09/2025 04:00;0
15/09/2025 04:15;0
15/09/2025 04:30;0
15/09/2025 04:45;0
15/09/2025 05:00;0
15/09/2025 05:15;0
15/09/2025 05:30;0
15/09/2025 05:45;0
15/09/2025 06:00;0
15/09/2025 06:15;0
15/09/2025 06:30;0
15/09/2025 06:45;0
15/09/2025 07:00;0
15/09/2025 07:15;0
15/09/2025 07:30;0
15/09/2025 07:45;0
15/09/2025 08:00;0
15/09/2025 08:15;0
15/09/2025 08:30;0
15/09/2025 08:45;0
15/09/2025 09:00;0
15/09/2025 09:15;0
15/09/2025 09:30;0
15/09/2025 09:45;0
15/09/2025 10:00;0
15/09/2025 10:15;0
15/09/2025 10:30;0
15/09/2025 10:45;0
15/09/2025 11:00;0
15/09/2025 11:15;0
15/09/2025 11:30;0
15/09/2025 11:45;0
15/09/2025 12:00;0
15/09/2025 12:15;0
15/09/2025 12:30;0
15/09/2025 12:45;0
15/09/2025 13:00;0
15/09/2025 13:15;0
15/09/2025 13:30;0
15/09/2025 13:45;0
15/09/2025 14:00;0
15/09/2025 14:15;0
15/09/2025 14:30;0
15/09/2025 14:45;0
15/09/2025 15:00;0
15/09/2025 15:15;0
15/09/2025 15:30;0
15/09/2025 15:45;0
15/09/2025 16:00;0
15/09/2025 16:15;0
15/09/2025 16:30;0
15/09/2025 16:45;0
15/09/2025 17:00;0
15/09/2025 17:15;0
15/09/2025 17:30;0
15/09/2025 17:45;0
15/09/2025 18:00;0
15/09/2025 18:15;0
15/09/2025 18:30;0
15/09/2025 18:45;0
15/09/2025 19:00;0
15/09/2025 19:15;0
15/09/2025 19:30;0
15/09/2025 19:45;0
15/09/2025 20:00;0
15/09/2025 20:15;0
15/09/2025 20:30;0
15/09/2025 20:45;0
15/09/2025 21:00;0
15/09/2025 21:15;0
15/09/2025 21:30;0
15/09/2025 21:45;0
15/09/2025 22:00;0
15/09/2025 22:15;0
15/09/2025 22:30;0
15/09/2025 22:45;0
15/09/2025 23:00;0
15/09/2025 23:15;0
15/09/2025 23:30;0
15/09/2025 23:45;0
16/09/2025 00:00;0
16/09/2025 00:15;0
16/09/2025 00:30;0
16/09/2025 00:45;0
16/09/2025 01:00;0
16/09/2025 01:15;0
16/09/2025 01:30;0
16/09/2025 01:45;0
16/09/2025 02:00;0
16/09/2025 02:15;0
16/09/2025 02:30;0
16/09/2025 02:45;0
16/09/2025 03:00;0
16/09/2025 03:15;0
16/09/2025 03:30;0
16/09/2025 03:45;0
16/09/2025 04:00;0
16/09/2025 04:15;0
16/09/2025 04:30;0
16/09/2025 04:45;0
16/09/2025 05:00;0
16/09/2025 05:15;0
16/09/2025 05:30;0
16/09/2025 05:45;0
16/09/2025 06:00;0
16/09/2025 06:15;0
16/09/2025 06:30;0
16/09/2025 06:45;0
16/09/2025 07:00;0
16/09/2025 07:15;0
16/09/2025 07:30;0
16/09/2025 07:45;0
16/09/2025 08:00;0
16/09/2025 08:15;0
16/09/2025 08:30;0
16/09/2025 08:45;0
16/09/2025 09:00;0
16/09/2025 09:15;0
16/09/2025 09:30;0
16/09/2025 09:45;0
16/09/2025 10:00;0
16/09/2025 10:15;0
16/09/2025 10:30;0
16/09/2025 10:45;0
16/09/2025 11:00;0
16/09/2025 11:15;0
16/09/2025 11:30;0
16/09/2025 11:45;0
16/09/2025 12:00;0
16/09/2025 12:15;0
16/09/2025 12:30;0
16/09/2025 12:45;0
16/09/2025 13:00;0
16/09/2025 13:15;0
16/09/2025 13:30;0
16/09/2025 13:45;0
16/09/2025 14:00;0
16/09/2025 14:15;0
16/09/2025 14:30;0
16/09/2025 14:45;0
16/09/2025 15:00;0
16/09/2025 15:15;0
16/09/2025 15:30;0
16/09/2025 15:45;0
16/09/2025 16:00;0
16/09/2025 16:15;0
16/09/2025 16:30;0
16/09/2025 16:45;0
16/09/2025 17:00;0
16/09/2025 17:15;0
16/09/2025 17:30;0
16/09/2025 17:45;0
16/09/2025 18:00;0
16/09/2025 18:15;0
16/09/2025 18:30;0
16/09/2025 18:45;0
16/09/2025 19:00;0
16/09/2025 19:15;0
16/09/2025 19:30;0
16/09/2025 19:45;0
16/09/2025 20:00;0
16/09/2025 20:15;0
16/09/2025 20:30;0
16/09/2025 20:45;0
16/09/2025 21:00;0
16/09/2025 21:15;0
16/09/2025 21:30;0
16/09/2025 21:45;0
16/09/2025 22:00;0
16/09/2025 22:15;0
16/09/2025 22:30;0
16/09/2025 22:45;0
16/09/2025 23:00;0
16/09/2025 23:15;0
16/09/2025 23:30;0
16/09/2025 23:45;0
17/09/2025 00:00;0
17/09/2025 00:15;0
17/09/2025 00:30;0
17/09/2025 00:45;0
17/09/2025 01:00;0
17/09/2025 01:15;0
17/09/2025 01:30;0
17/09/2025 01:45;0
17/09/2025 02:00;0
17/09/2025 02:15;0
17/09/2025 02:30;0
17/09/2025 02:45;0
17/09/2025 03:00;0
17/09/2025 03:15;0
17/09/2025 03:30;0
17/09/2025 03:45;0
17/09/2025 04:00;0
17/09/2025 04:15;0
17/09/2025 04:30;0
17/09/2025 04:45;0
17/09/2025 05:00;0
17/09/2025 05:15;0
17/09/2025 05:30;0
17/09/2025 05:45;0
17/09/2025 06:00;0
17/09/2025 06:15;0
17/09/2025 06:30;0
17/09/2025 06:45;0
17/09/2025 07:00;0
17/09/2025 07:15;0
17/09/2025 07:30;0
17/09/2025 07:45;0
17/09/2025 08:00;0
17/09/2025 08:15;0
17/09/2025 08:30;0
17/09/2025 08:45;0
17/09/2025 09:00;0
17/09/2025 09:15;0
17/09/2025 09:30;0
17/09/2025 09:45;0
17/09/2025 10:00;0
17/09/2025 10:15;0
17/09/2025 10:30;0
17/09/2025 10:45;0
17/09/2025 11:00;0
17/09/2025 11:15;0
17/09/2025 11:30;0
17/09/2025 11:45;0
17/09/2025 12:00;0
17/09/2025 12:15;0
17/09/2025 12:30;0
17/09/2025 12:45;0
17/09/2025 13:00;0
17/09/2025 13:15;0
17/09/2025 13:30;0
17/09/2025 13:45;0
17/09/2025 14:00;0
17/09/2025 14:15;0
17/09/2025 14:30;0
17/09/2025 14:45;0
17/09/2025 15:00;0
17/09/2025 15:15;0
17/09/2025 15:30;0
17/09/2025 15:45;0
17/09/2025 16:00;0
17/09/2025 16:15;0
17/09/2025 16:30;0
17/09/2025 16:45;0
17/09/2025 17:00;0
17/09/2025 17:15;0
17/09/2025 17:30;0
17/09/2025 17:45;0
17/09/2025 18:00;0
17/09/2025 18:15;0
17/09/2025 18:30;0
17/09/2025 18:45;0
17/09/2025 19:00;0
17/09/2025 19:15;0
17/09/2025 19:30;0
17/09/2025 19:45;0
17/09/2025 20:00;0
17/09/2025 20:15;0
17/09/2025 20:30;0
17/09/2025 20:45;0
17/09/2025 21:00;0
17/09/2025 21:15;0
17/09/2025 21:30;0
17/09/2025 21:45;0
17/09/2025 22:00;0
17/09/2025 22:15;0
17/09/2025 22:30;0
17/09/2025 22:45;0
17/09/2025 23:00;0
17/09/2025 23:15;0
17/09/2025 23:30;0
17/09/2025 23:45;0
18/09/2025 00:00;0
18/09/2025 00:15;0
18/09/2025 00:30;0
18/09/2025 00:45;0
18/09/2025 01:00;0
18/09/2025 01:15;0
18/09/2025 01:30;0
18/09/2025 01:45;0
18/09/2025 02:00;0
18/09/2025 02:15;0
18/09/2025 02:30;0
18/09/2025 02:45;0
18/09/2025 03:00;0
18/09/2025 03:15;0
18/09/2025 03:30;0
18/09/2025 03:45;0
18/09/2025 04:00;0
18/09/2025 04:15;0
18/09/2025 04:30;0
18/09/2025 04:45;0
18/09/2025 05:00;0
18/09/2025 05:15;0
18/09/2025 05:30;0
18/09/2025 05:45;0
18/09/2025 06:00;0
18/09/2025 06:15;0
18/09/2025 06:30;0
18/09/2025 06:45;0
18/09/2025 07:00;0
18/09/2025 07:15;0
18/09/2025 07:30;0
18/09/2025 07:45;0
18/09/2025 08:00;0
18/09/2025 08:15;0
18/09/2025 08:30;0
18/09/2025 08:45;0
18/09/2025 09:00;0
18/09/2025 09:15;0
18/09/2025 09:30;0
18/09/2025 09:45;0
18/09/2025 10:00;0
18/09/2025 10:15;0
18/09/2025 10:30;0
18/09/2025 10:45;0
18/09/2025 11:00;0
18/09/2025 11:15;0
18/09/2025 11:30;0
18/09/2025 11:45;0
18/09/2025 12:00;0
18/09/2025 12:15;0
18/09/2025 12:30;0
18/09/2025 12:45;0
18/09/2025 13:00;0
18/09/2025 13:15;0
18/09/2025 13:30;0
18/09/2025 13:45;0
18/09/2025 14:00;0
18/09/2025 14:15;0
18/09/2025 14:30;0
18/09/2025 14:45;0
18/09/2025 15:00;0
18/09/2025 15:15;0
18/09/2025 15:30;0
18/09/2025 15:45;0
18/09/2025 16:00;0
18/09/2025 16:15;0
18/09/2025 16:30;0
18/09/2025 16:45;0
18/09/2025 17:00;0
18/09/2025 17:15;0
18/09/2025 17:30;0
18/09/2025 17:45;0
18/09/2025 18:00;0
18/09/2025 18:15;0
18/09/2025 18:30;0
18/09/2025 18:45;0
18/09/2025 19:00;0
18/09/2025 19:15;0
18/09/2025 19:30;0
18/09/2025 19:45;0
18/09/2025 20:00;0
18/09/2025 20:15;0
18/09/2025 20:30;0
18/09/2025 20:45;0
18/09/2025 21:00;0
18/09/2025 21:15;0
18/09/2025 21:30;0
18/09/2025 21:45;0
18/09/2025 22:00;0
18/09/2025 22:15;0
18/09/2025 22:30;0
18/09/2025 22:45;0
18/09/2025 23:00;0
18/09/2025 23:15;0
18/09/2025 23:30;0
18/09/2025 23:45;0
19/09/2025 00:00;0
19/09/2025 00:15;0
19/09/2025 00:30;0
19/09/2025 00:45;0
19/09/2025 01:00;0
19/09/2025 01:15;0
19/09/2025 01:30;0
19/09/2025 01:45;0
19/09/2025 02:00;0
19/09/2025 02:15;0
19/09/2025 02:30;0
19/09/2025 02:45;0
19/09/2025 03:00;0
19/09/2025 03:15;0
19/09/2025 03:30;0
19/09/2025 03:45;0
19/09/2025 04:00;0
19/09/2025 04:15;0
19/09/2025 04:30;0
19/09/2025 04:45;0
19/09/2025 05:00;0
19/09/2025 05:15;0
19/09/2025 05:30;0
19/09/2025 05:45;0
19/09/2025 06:00;0
19/09/2025 06:15;0
19/09/2025 06:30;0
19/09/2025 06:45;0
19/09/2025 07:00;0
19/09/2025 07:15;0
19/09/2025 07:30;0
19/09/2025 07:45;0
19/09/2025 08:00;0
19/09/2025 08:15;0
19/09/2025 08:30;0
19/09/2025 08:45;0
19/09/2025 09:00;0
19/09/2025 09:15;0
19/09/2025 09:30;0
19/09/2025 09:45;0
19/09/2025 10:00;0
19/09/2025 10:15;0
19/09/2025 10:30;0
19/09/2025 10:45;0
19/09/2025 11:00;0
19/09/2025 11:15;0
19/09/2025 11:30;0
19/09/2025 11:45;0
19/09/2025 12:00;0
19/09/2025 12:15;0
19/09/2025 12:30;0
19/09/2025 12:45;0
19/09/2025 13:00;0
19/09/2025 13:15;0
19/09/2025 13:30;0
19/09/2025 13:45;0
19/09/2025 14:00;0
19/09/2025 14:15;0
19/09/2025 14:30;0
19/09/2025 14:45;0
19/09/2025 15:00;0
19/09/2025 15:15;0
19/09/2025 15:30;0
19/09/2025 15:45;0
19/09/2025 16:00;0
19/09/2025 16:15;0
19/09/2025 16:30;0
19/09/2025 16:45;0
19/09/2025 17:00;0
19/09/2025 17:15;0
19/09/2025 17:30;0
19/09/2025 17:45;0
19/09/2025 18:00;0
19/09/2025 18:15;0
19/09/2025 18:30;0
19/09/2025 18:45;0
19/09/2025 19:00;0
19/09/2025 19:15;0
19/09/2025 19:30;0
19/09/2025 19:45;0
19/09/2025 20:00;0
19/09/2025 20:15;0
19/09/2025 20:30;0
19/09/2025 20:45;0
19/09/2025 21:00;0
19/09/2025 21:15;0
19/09/2025 21:30;0
19/09/2025 21:45;0
19/09/2025 22:00;0
19/09/2025 22:15;0
19/09/2025 22:30;0
19/09/2025 22:45;0
19/09/2025 23:00;0
19/09/2025 23:15;0
19/09/2025 23:30;0
19/09/2025 23:45;0
20/09/2025 00:00;0
20/09/2025 00:15;0
20/09/2025 00:30;0
20/09/2025 00:45;0
20/09/2025 01:00;0
20/09/2025 01:15;0
20/09/2025 01:30;0
20/09/2025 01:45;0
20/09/2025 02:00;0
20/09/2025 02:15;0
20/09/2025 02:30;0
20/09/2025 02:45;0
20/09/2025 03:00;0
20/09/2025 03:15;0
20/09/2025 03:30;0
20/09/2025 03:45;0
20/09/2025 04:00;0
20/09/2025 04:15;0
20/09/2025 04:30;0
20/09/2025 04:45;0
20/09/2025 05:00;0
20/09/2025 05:15;0
20/09/2025 05:30;0
20/09/2025 05:45;0
20/09/2025 06:00;0
20/09/2025 06:15;0
20/09/2025 06:30;0
20/09/2025 06:45;0
20/09/2025 07:00;0
20/09/2025 07:15;0
20/09/2025 07:30;0
20/09/2025 07:45;0
20/09/2025 08:00;0
20/09/2025 08:15;0
20/09/2025 08:30;0
20/09/2025 08:45;0
20/09/2025 09:00;0
20/09/2025 09:15;0
20/09/2025 09:30;0
20/09/2025 09:45;0
20/09/2025 10:00;0
20/09/2025 10:15;0
20/09/2025 10:30;0
20/09/2025 10:45;0
20/09/2025 11:00;0
20/09/2025 11:15;0
20/09/2025 11:30;0
20/09/2025 11:45;0
20/09/2025 12:00;0
20/09/2025 12:15;0
20/09/2025 12:30;0
20/09/2025 12:45;0
20/09/2025 13:00;0
20/09/2025 13:15;0
20/09/2025 13:30;0
20/09/2025 13:45;0
20/09/2025 14:00;0
20/09/2025 14:15;0
20/09/2025 14:30;0
20/09/2025 14:45;0
20/09/2025 15:00;0
20/09/2025 15:15;0
20/09/2025 15:30;0
20/09/2025 15:45;0
20/09/2025 16:00;0
20/09/2025 16:15;0
20/09/2025 16:30;0
20/09/2025 16:45;0
20/09/2025 17:00;0
20/09/2025 17:15;0
20/09/2025 17:30;0
20/09/2025 17:45;0
20/09/2025 18:00;0
20/09/2025 18:15;0
20/09/2025 18:30;0
20/09/2025 18:45;0
20/09/2025 19:00;0
20/09/2025 19:15;0
20/09/2025 19:30;0
20/09/2025 19:45;0
20/09/2025 20:00;0
20/09/2025 20:15;0
20/09/2025 20:30;0
20/09/2025 20:45;0
20/09/2025 21:00;0
20/09/2025 21:15;12.2
20/09/2025 21:30;4.9
20/09/2025 21:45;0
20/09/2025 22:00;0.1
20/09/2025 22:15;0
20/09/2025 22:30;0
20/09/2025 22:45;0
20/09/2025 23:00;0
20/09/2025 23:15;0
20/09/2025 23:30;0
20/09/2025 23:45;0
21/09/2025 00:00;0
21/09/2025 00:15;0
21/09/2025 00:30;0
21/09/2025 00:45;0
21/09/2025 01:00;0
21/09/2025 01:15;3.5
21/09/2025 01:30;0.2
21/09/2025 01:45;1.5
21/09/2025 02:00;2.2
21/09/2025 02:15;1.2
21/09/2025 02:30;1.1
21/09/2025 02:45;0.3
21/09/2025 03:00;0
21/09/2025 03:15;0
21/09/2025 03:30;0
21/09/2025 03:45;0.1
21/09/2025 04:00;1.4
21/09/2025 04:15;0.4
21/09/2025 04:30;1.3
21/09/2025 04:45;0.1
21/09/2025 05:00;0
21/09/2025 05:15;0
21/09/2025 05:30;0
21/09/2025 05:45;0
21/09/2025 06:00;0
21/09/2025 06:15;0
21/09/2025 06:30;0.2
21/09/2025 06:45;0.1
21/09/2025 07:00;0.3
21/09/2025 07:15;0.1
21/09/2025 07:30;0
21/09/2025 07:45;0
21/09/2025 08:00;0
21/09/2025 08:15;0
21/09/2025 08:30;0
21/09/2025 08:45;0
21/09/2025 09:00;0
21/09/2025 09:15;0
21/09/2025 09:30;0
21/09/2025 09:45;0
21/09/2025 10:00;0
21/09/2025 10:15;0
21/09/2025 10:30;0
21/09/2025 10:45;0
21/09/2025 11:00;0
21/09/2025 11:15;0
21/09/2025 11:30;0
21/09/2025 11:45;0
21/09/2025 12:00;0
21/09/2025 12:15;0
21/09/2025 12:30;0
21/09/2025 12:45;0
21/09/2025 13:00;0.1
21/09/2025 13:15;0.2
21/09/2025 13:30;1
21/09/2025 13:45;1.3
21/09/2025 14:00;1.1
21/09/2025 14:15;0.5
21/09/2025 14:30;0.1
21/09/2025 14:45;0.2
21/09/2025 15:00;0
21/09/2025 15:15;0
21/09/2025 15:30;0
21/09/2025 15:45;0
21/09/2025 16:00;0
21/09/2025 16:15;0
21/09/2025 16:30;0
21/09/2025 16:45;0
21/09/2025 17:00;0
21/09/2025 17:15;0
21/09/2025 17:30;0
21/09/2025 17:45;0
21/09/2025 18:00;0
21/09/2025 18:15;0
21/09/2025 18:30;0
21/09/2025 18:45;0
21/09/2025 19:00;0
21/09/2025 19:15;0
21/09/2025 19:30;0
21/09/2025 19:45;0
21/09/2025 20:00;0
21/09/2025 20:15;0
21/09/2025 20:30;0
21/09/2025 20:45;0
21/09/2025 21:00;0
21/09/2025 21:15;0
21/09/2025 21:30;0
21/09/2025 21:45;0
21/09/2025 22:00;0
21/09/2025 22:15;0
21/09/2025 22:30;0
21/09/2025 22:45;0
21/09/2025 23:00;0
21/09/2025 23:15;0
21/09/2025 23:30;0
21/09/2025 23:45;0
22/09/2025 00:00;0
22/09/2025 00:15;0
22/09/2025 00:30;0
22/09/2025 00:45;0
22/09/2025 01:00;0
22/09/2025 01:15;0
22/09/2025 01:30;0
22/09/2025 01:45;0
22/09/2025 02:00;0
22/09/2025 02:15;0
22/09/2025 02:30;0
22/09/2025 02:45;0
22/09/2025 03:00;0
22/09/2025 03:15;0
22/09/2025 03:30;0
22/09/2025 03:45;0
22/09/2025 04:00;0
22/09/2025 04:15;0
22/09/2025 04:30;0
22/09/2025 04:45;0
22/09/2025 05:00;0
22/09/2025 05:15;0
22/09/2025 05:30;0
22/09/2025 05:45;0
22/09/2025 06:00;0
22/09/2025 06:15;0
22/09/2025 06:30;0
22/09/2025 06:45;0
22/09/2025 07:00;0
22/09/2025 07:15;0
22/09/2025 07:30;0
22/09/2025 07:45;0
22/09/2025 08:00;0
22/09/2025 08:15;0
22/09/2025 08:30;0
22/09/2025 08:45;0
22/09/2025 09:00;0
22/09/2025 09:15;0
22/09/2025 09:30;0
22/09/2025 09:45;0
22/09/2025 10:00;0
22/09/2025 10:15;0
22/09/2025 10:30;0
22/09/2025 10:45;0
22/09/2025 11:00;0
22/09/2025 11:15;0
22/09/2025 11:30;0
22/09/2025 11:45;0
22/09/2025 12:00;0
22/09/2025 12:15;0
22/09/2025 12:30;0
22/09/2025 12:45;0
22/09/2025 13:00;0
22/09/2025 13:15;0
22/09/2025 13:30;0
22/09/2025 13:45;0
22/09/2025 14:00;0
22/09/2025 14:15;0
22/09/2025 14:30;0
22/09/2025 14:45;0
22/09/2025 15:00;0
22/09/2025 15:15;0
22/09/2025 15:30;0
22/09/2025 15:45;0
22/09/2025 16:00;0
22/09/2025 16:15;0
22/09/2025 16:30;0
22/09/2025 16:45;0
22/09/2025 17:00;0
22/09/2025 17:15;0
22/09/2025 17:30;0
22/09/2025 17:45;0
22/09/2025 18:00;0
22/09/2025 18:15;0
22/09/2025 18:30;0
22/09/2025 18:45;0
22/09/2025 19:00;0
22/09/2025 19:15;0
22/09/2025 19:30;0
22/09/2025 19:45;0
22/09/2025 20:00;0
22/09/2025 20:15;0
22/09/2025 20:30;0
22/09/2025 20:45;0
22/09/2025 21:00;0
22/09/2025 21:15;0
22/09/2025 21:30;0
22/09/2025 21:45;0
22/09/2025 22:00;0
22/09/2025 22:15;0
22/09/2025 22:30;0
22/09/2025 22:45;0
22/09/2025 23:00;0
22/09/2025 23:15;0
22/09/2025 23:30;0
22/09/2025 23:45;0
23/09/2025 00:00;0
23/09/2025 00:15;0
23/09/2025 00:30;0
23/09/2025 00:45;0
23/09/2025 01:00;0
23/09/2025 01:15;0
23/09/2025 01:30;0
23/09/2025 01:45;0
23/09/2025 02:00;0
23/09/2025 02:15;0
23/09/2025 02:30;0
23/09/2025 02:45;0
23/09/2025 03:00;0
23/09/2025 03:15;0
23/09/2025 03:30;0
23/09/2025 03:45;0
23/09/2025 04:00;0
23/09/2025 04:15;0
23/09/2025 04:30;0
23/09/2025 04:45;0
23/09/2025 05:00;0
23/09/2025 05:15;0
23/09/2025 05:30;0
23/09/2025 05:45;0
23/09/2025 06:00;0
23/09/2025 06:15;0
23/09/2025 06:30;0
23/09/2025 06:45;0
23/09/2025 07:00;0
23/09/2025 07:15;0
23/09/2025 07:30;0
23/09/2025 07:45;0
23/09/2025 08:00;0
23/09/2025 08:15;0
23/09/2025 08:30;0
23/09/2025 08:45;0
23/09/2025 09:00;0
23/09/2025 09:15;0
23/09/2025 09:30;0
23/09/2025 09:45;0
23/09/2025 10:00;0
23/09/2025 10:15;0
23/09/2025 10:30;0
23/09/2025 10:45;0
23/09/2025 11:00;0
23/09/2025 11:15;0
23/09/2025 11:30;0
23/09/2025 11:45;0
23/09/2025 12:00;0
23/09/2025 12:15;0
23/09/2025 12:30;0
23/09/2025 12:45;0
23/09/2025 13:00;0
23/09/2025 13:15;0
23/09/2025 13:30;0
23/09/2025 13:45;0
23/09/2025 14:00;0
23/09/2025 14:15;0
23/09/2025 14:30;0
23/09/2025 14:45;0
23/09/2025 15:00;0
23/09/2025 15:15;0
23/09/2025 15:30;0
23/09/2025 15:45;0
23/09/2025 16:00;0
23/09/2025 16:15;0
23/09/2025 16:30;0
23/09/2025 16:45;0
23/09/2025 17:00;0
23/09/2025 17:15;0
23/09/2025 17:30;0
23/09/2025 17:45;0
23/09/2025 18:00;0
23/09/2025 18:15;0
23/09/2025 18:30;0
23/09/2025 18:45;0
23/09/2025 19:00;0
23/09/2025 19:15;0
23/09/2025 19:30;0
23/09/2025 19:45;0
23/09/2025 20:00;0
23/09/2025 20:15;0
23/09/2025 20:30;0
23/09/2025 20:45;0
23/09/2025 21:00;0
23/09/2025 21:15;0
23/09/2025 21:30;0
23/09/2025 21:45;0
23/09/2025 22:00;0
23/09/2025 22:15;0
23/09/2025 22:30;0
23/09/2025 22:45;0
23/09/2025 23:00;0
23/09/2025 23:15;0
23/09/2025 23:30;0
23/09/2025 23:45;0
24/09/2025 00:00;0
24/09/2025 00:15;0
24/09/2025 00:30;0
24/09/2025 00:45;0
24/09/2025 01:00;0
24/09/2025 01:15;0
24/09/2025 01:30;0
24/09/2025 01:45;0
24/09/2025 02:00;0
24/09/2025 02:15;0
24/09/2025 02:30;0
24/09/2025 02:45;0
24/09/2025 03:00;0
24/09/2025 03:15;0
24/09/2025 03:30;0
24/09/2025 03:45;0
24/09/2025 04:00;0
24/09/2025 04:15;0
24/09/2025 04:30;0
24/09/2025 04:45;0
24/09/2025 05:00;0
24/09/2025 05:15;0
24/09/2025 05:30;0
24/09/2025 05:45;0
24/09/2025 06:00;0
24/09/2025 06:15;0
24/09/2025 06:30;0
24/09/2025 06:45;0
24/09/2025 07:00;0
24/09/2025 07:15;0
24/09/2025 07:30;0
24/09/2025 07:45;0
24/09/2025 08:00;0
24/09/2025 08:15;0
24/09/2025 08:30;0
24/09/2025 08:45;0
24/09/2025 09:00;0
24/09/2025 09:15;0
24/09/2025 09:30;0
24/09/2025 09:45;0
24/09/2025 10:00;0
24/09/2025 10:15;0
24/09/2025 10:30;0
24/09/2025 10:45;0
24/09/2025 11:00;0
24/09/2025 11:15;0
24/09/2025 11:30;0
24/09/2025 11:45;0
24/09/2025 12:00;0
24/09/2025 12:15;0
24/09/2025 12:30;0
24/09/2025 12:45;0
24/09/2025 13:00;0
24/09/2025 13:15;0
24/09/2025 13:30;0
24/09/2025 13:45;0
24/09/2025 14:00;0
24/09/2025 14:15;0
24/09/2025 14:30;0
24/09/2025 14:45;0
24/09/2025 15:00;0
24/09/2025 15:15;0
24/09/2025 15:30;0
24/09/2025 15:45;0
24/09/2025 16:00;0
24/09/2025 16:15;0
24/09/2025 16:30;0
24/09/2025 16:45;0
24/09/2025 17:00;0
24/09/2025 17:15;0
24/09/2025 17:30;0
24/09/2025 17:45;0
24/09/2025 18:00;0
24/09/2025 18:15;0
24/09/2025 18:30;0
24/09/2025 18:45;0
24/09/2025 19:00;0
24/09/2025 19:15;0
24/09/2025 19:30;0
24/09/2025 19:45;0
24/09/2025 20:00;0
24/09/2025 20:15;0
24/09/2025 20:30;0
24/09/2025 20:45;0
24/09/2025 21:00;0
24/09/2025 21:15;0
24/09/2025 21:30;0
24/09/2025 21:45;0
24/09/2025 22:00;0
24/09/2025 22:15;0
24/09/2025 22:30;0
24/09/2025 22:45;0
24/09/2025 23:00;0
24/09/2025 23:15;0
24/09/2025 23:30;0
24/09/2025 23:45;0
25/09/2025 00:00;0
25/09/2025 00:15;0
25/09/2025 00:30;0
25/09/2025 00:45;0
25/09/2025 01:00;0
25/09/2025 01:15;0
25/09/2025 01:30;0
25/09/2025 01:45;0
25/09/2025 02:00;0
25/09/2025 02:15;0
25/09/2025 02:30;0
25/09/2025 02:45;0
25/09/2025 03:00;0
25/09/2025 03:15;0
25/09/2025 03:30;0
25/09/2025 03:45;0
25/09/2025 04:00;0
25/09/2025 04:15;0
25/09/2025 04:30;0
25/09/2025 04:45;0
25/09/2025 05:00;0
25/09/2025 05:15;0
25/09/2025 05:30;0
25/09/2025 05:45;0
25/09/2025 06:00;0
25/09/2025 06:15;0
25/09/2025 06:30;0
25/09/2025 06:45;0
25/09/2025 07:00;0
25/09/2025 07:15;0
25/09/2025 07:30;0
25/09/2025 07:45;0
25/09/2025 08:00;0
25/09/2025 08:15;0
25/09/2025 08:30;0
25/09/2025 08:45;0
25/09/2025 09:00;0
25/09/2025 09:15;0
25/09/2025 09:30;0
25/09/2025 09:45;0
25/09/2025 10:00;0
25/09/2025 10:15;0
25/09/2025 10:30;0
25/09/2025 10:45;0
25/09/2025 11:00;0
25/09/2025 11:15;0
25/09/2025 11:30;0
25/09/2025 11:45;0
25/09/2025 12:00;0
25/09/2025 12:15;0
25/09/2025 12:30;0
25/09/2025 12:45;0
25/09/2025 13:00;0
25/09/2025 13:15;0
25/09/2025 13:30;0
25/09/2025 13:45;0
25/09/2025 14:00;0
25/09/2025 14:15;0
25/09/2025 14:30;0
25/09/2025 14:45;0
25/09/2025 15:00;0
25/09/2025 15:15;0
25/09/2025 15:30;0
25/09/2025 15:45;0
25/09/2025 16:00;0
25/09/2025 16:15;0
25/09/2025 16:30;0
25/09/2025 16:45;0
25/09/2025 17:00;0
25/09/2025 17:15;0
25/09/2025 17:30;0
25/09/2025 17:45;0
25/09/2025 18:00;0
25/09/2025 18:15;0
25/09/2025 18:30;0
25/09/2025 18:45;0
25/09/2025 19:00;0
25/09/2025 19:15;0
25/09/2025 19:30;0
25/09/2025 19:45;0
25/09/2025 20:00;0
25/09/2025 20:15;0
25/09/2025 20:30;0
25/09/2025 20:45;0
25/09/2025 21:00;0
25/09/2025 21:15;0
25/09/2025 21:30;0
25/09/2025 21:45;0
25/09/2025 22:00;0
25/09/2025 22:15;0
25/09/2025 22:30;0
25/09/2025 22:45;0
25/09/2025 23:00;0
25/09/2025 23:15;0
25/09/2025 23:30;0
25/09/2025 23:45;0
26/09/2025 00:00;0
26/09/2025 00:15;0
26/09/2025 00:30;0
26/09/2025 00:45;0
26/09/2025 01:00;0
26/09/2025 01:15;0
26/09/2025 01:30;0
26/09/2025 01:45;0
26/09/2025 02:00;0
26/09/2025 02:15;0
26/09/2025 02:30;0
26/09/2025 02:45;0
26/09/2025 03:00;0
26/09/2025 03:15;0
26/09/2025 03:30;0
26/09/2025 03:45;0
26/09/2025 04:00;0
26/09/2025 04:15;0
26/09/2025 04:30;0
26/09/2025 04:45;0
26/09/2025 05:00;0
26/09/2025 05:15;0
26/09/2025 05:30;0
26/09/2025 05:45;0
26/09/2025 06:00;0
26/09/2025 06:15;0
26/09/2025 06:30;0
26/09/2025 06:45;0
26/09/2025 07:00;0
26/09/2025 07:15;0
26/09/2025 07:30;0
26/09/2025 07:45;0
26/09/2025 08:00;0
26/09/2025 08:15;0
26/09/2025 08:30;0
26/09/2025 08:45;0
26/09/2025 09:00;0
26/09/2025 09:15;0
26/09/2025 09:30;0
26/09/2025 09:45;0
26/09/2025 10:00;0
26/09/2025 10:15;0
26/09/2025 10:30;0
26/09/2025 10:45;0
26/09/2025 11:00;0
26/09/2025 11:15;0
26/09/2025 11:30;0
26/09/2025 11:45;0
26/09/2025 12:00;0
26/09/2025 12:15;0
26/09/2025 12:30;0
26/09/2025 12:45;0
26/09/2025 13:00;0
26/09/2025 13:15;0
26/09/2025 13:30;0
26/09/2025 13:45;0
26/09/2025 14:00;0
26/09/2025 14:15;0
26/09/2025 14:30;0
26/09/2025 14:45;0
26/09/2025 15:00;0
26/09/2025 15:15;0
26/09/2025 15:30;0
26/09/2025 15:45;0
26/09/2025 16:00;0
26/09/2025 16:15;0
26/09/2025 16:30;0
26/09/2025 16:45;0
26/09/2025 17:00;0
26/09/2025 17:15;0
26/09/2025 17:30;0
26/09/2025 17:45;0
26/09/2025 18:00;0
26/09/2025 18:15;0
26/09/2025 18:30;0
26/09/2025 18:45;0
26/09/2025 19:00;0
26/09/2025 19:15;0
26/09/2025 19:30;0
26/09/2025 19:45;0
26/09/2025 20:00;0
26/09/2025 20:15;0
26/09/2025 20:30;0
26/09/2025 20:45;0
26/09/2025 21:00;0
26/09/2025 21:15;0
26/09/2025 21:30;0
26/09/2025 21:45;0
26/09/2025 22:00;0
26/09/2025 22:15;0
26/09/2025 22:30;0
26/09/2025 22:45;0
26/09/2025 23:00;0
26/09/2025 23:15;0
26/09/2025 23:30;0
26/09/2025 23:45;0
27/09/2025 00:00;0
27/09/2025 00:15;0
27/09/2025 00:30;0
27/09/2025 00:45;0
27/09/2025 01:00;0
27/09/2025 01:15;0
27/09/2025 01:30;0
27/09/2025 01:45;0
27/09/2025 02:00;0
27/09/2025 02:15;0
27/09/2025 02:30;0
27/09/2025 02:45;0
27/09/2025 03:00;0
27/09/2025 03:15;0
27/09/2025 03:30;0
27/09/2025 03:45;0
27/09/2025 04:00;0
27/09/2025 04:15;0
27/09/2025 04:30;0
27/09/2025 04:45;0
27/09/2025 05:00;0
27/09/2025 05:15;0
27/09/2025 05:30;0
27/09/2025 05:45;0
27/09/2025 06:00;0
27/09/2025 06:15;0
27/09/2025 06:30;0
27/09/2025 06:45;0
27/09/2025 07:00;0
27/09/2025 07:15;0
27/09/2025 07:30;0
27/09/2025 07:45;0
27/09/2025 08:00;0
27/09/2025 08:15;0
27/09/2025 08:30;0
27/09/2025 08:45;0
27/09/2025 09:00;0
27/09/2025 09:15;0
27/09/2025 09:30;0
27/09/2025 09:45;0
27/09/2025 10:00;0
27/09/2025 10:15;0
27/09/2025 10:30;0
27/09/2025 10:45;0
27/09/2025 11:00;0
27/09/2025 11:15;0
27/09/2025 11:30;0
27/09/2025 11:45;0
27/09/2025 12:00;0
27/09/2025 12:15;0
27/09/2025 12:30;0
27/09/2025 12:45;0
27/09/2025 13:00;0
27/09/2025 13:15;0
27/09/2025 13:30;0
27/09/2025 13:45;0
27/09/2025 14:00;0
27/09/2025 14:15;0
27/09/2025 14:30;0
27/09/2025 14:45;0
27/09/2025 15:00;0
27/09/2025 15:15;0
27/09/2025 15:30;0
27/09/2025 15:45;0
27/09/2025 16:00;0
27/09/2025 16:15;0
27/09/2025 16:30;0
27/09/2025 16:45;0
27/09/2025 17:00;0
27/09/2025 17:15;0
27/09/2025 17:30;0
27/09/2025 17:45;0
27/09/2025 18:00;0
27/09/2025 18:15;0
27/09/2025 18:30;0
27/09/2025 18:45;0
27/09/2025 19:00;0
27/09/2025 19:15;0
27/09/2025 19:30;0
27/09/2025 19:45;0
27/09/2025 20:00;0
27/09/2025 20:15;0
27/09/2025 20:30;0
27/09/2025 20:45;0
27/09/2025 21:00;0
27/09/2025 21:15;0
27/09/2025 21:30;0
27/09/2025 21:45;0
27/09/2025 22:00;0
27/09/2025 22:15;0
27/09/2025 22:30;0
27/09/2025 22:45;0
27/09/2025 23:00;0
27/09/2025 23:15;0
27/09/2025 23:30;0
27/09/2025 23:45;0
28/09/2025 00:00;0
28/09/2025 00:15;0
28/09/2025 00:30;0
28/09/2025 00:45;0
28/09/2025 01:00;0
28/09/2025 01:15;0
28/09/2025 01:30;0
28/09/2025 01:45;0
28/09/2025 02:00;0
28/09/2025 02:15;0
28/09/2025 02:30;0
28/09/2025 02:45;0
28/09/2025 03:00;0
28/09/2025 03:15;0
28/09/2025 03:30;0
28/09/2025 03:45;0
28/09/2025 04:00;0
28/09/2025 04:15;0
28/09/2025 04:30;0
28/09/2025 04:45;0
28/09/2025 05:00;0
28/09/2025 05:15;0
28/09/2025 05:30;0
28/09/2025 05:45;0
28/09/2025 06:00;0
28/09/2025 06:15;0
28/09/2025 06:30;0
28/09/2025 06:45;0
28/09/2025 07:00;0
28/09/2025 07:15;0
28/09/2025 07:30;0
28/09/2025 07:45;0
28/09/2025 08:00;0
28/09/2025 08:15;0
28/09/2025 08:30;0
28/09/2025 08:45;0
28/09/2025 09:00;0
28/09/2025 09:15;0
28/09/2025 09:30;0
28/09/2025 09:45;0
28/09/2025 10:00;0
28/09/2025 10:15;0
28/09/2025 10:30;0
28/09/2025 10:45;0
28/09/2025 11:00;0
28/09/2025 11:15;0
28/09/2025 11:30;0
28/09/2025 11:45;0
28/09/2025 12:00;0
28/09/2025 12:15;0
28/09/2025 12:30;0
28/09/2025 12:45;0
28/09/2025 13:00;0
28/09/2025 13:15;0
28/09/2025 13:30;0
28/09/2025 13:45;0
28/09/2025 14:00;0
28/09/2025 14:15;0
28/09/2025 14:30;0
28/09/2025 14:45;0
28/09/2025 15:00;0
28/09/2025 15:15;0
28/09/2025 15:30;0
28/09/2025 15:45;0
28/09/2025 16:00;0
28/09/2025 16:15;0
28/09/2025 16:30;0
28/09/2025 16:45;0
28/09/2025 17:00;0
28/09/2025 17:15;0
28/09/2025 17:30;0
28/09/2025 17:45;0
28/09/2025 18:00;0
28/09/2025 18:15;0
28/09/2025 18:30;0
28/09/2025 18:45;0
28/09/2025 19:00;0
28/09/2025 19:15;0
28/09/2025 19:30;0
28/09/2025 19:45;0
28/09/2025 20:00;0
28/09/2025 20:15;0
28/09/2025 20:30;0
28/09/2025 20:45;0
28/09/2025 21:00;0
28/09/2025 21:15;0
28/09/2025 21:30;0
28/09/2025 21:45;0
28/09/2025 22:00;0
28/09/2025 22:15;0
28/09/2025 22:30;0
28/09/2025 22:45;0
28/09/2025 23:00;0
28/09/2025 23:15;0
28/09/2025 23:30;0
28/09/2025 23:45;0
29/09/2025 00:00;0
29/09/2025 00:15;0
29/09/2025 00:30;0
29/09/2025 00:45;0
29/09/2025 01:00;0
29/09/2025 01:15;0
29/09/2025 01:30;0
29/09/2025 01:45;0
29/09/2025 02:00;0
29/09/2025 02:15;0
29/09/2025 02:30;0
29/09/2025 02:45;0
29/09/2025 03:00;0
29/09/2025 03:15;0
29/09/2025 03:30;0
29/09/2025 03:45;0
29/09/2025 04:00;0
29/09/2025 04:15;0
29/09/2025 04:30;0
29/09/2025 04:45;0
29/09/2025 05:00;0
29/09/2025 05:15;0
29/09/2025 05:30;0
29/09/2025 05:45;0
29/09/2025 06:00;0
29/09/2025 06:15;0
29/09/2025 06:30;0
29/09/2025 06:45;0
29/09/2025 07:00;0
29/09/2025 07:15;0
29/09/2025 07:30;0
29/09/2025 07:45;0
29/09/2025 08:00;0
29/09/2025 08:15;0
29/09/2025 08:30;0
29/09/2025 08:45;0
29/09/2025 09:00;0
29/09/2025 09:15;0
29/09/2025 09:30;0
29/09/2025 09:45;0
29/09/2025 10:00;0
29/09/2025 10:15;0
29/09/2025 10:30;0
29/09/2025 10:45;0
29/09/2025 11:00;0
29/09/2025 11:15;0
29/09/2025 11:30;0
29/09/2025 11:45;0
29/09/2025 12:00;0
29/09/2025 12:15;0
29/09/2025 12:30;0
29/09/2025 12:45;0
29/09/2025 13:00;0
29/09/2025 13:15;0
29/09/2025 13:30;0
29/09/2025 13:45;0
29/09/2025 14:00;0
29/09/2025 14:15;0
29/09/2025 14:30;0
29/09/2025 14:45;0
29/09/2025 15:00;0
29/09/2025 15:15;0
29/09/2025 15:30;0
29/09/2025 15:45;0
29/09/2025 16:00;0
29/09/2025 16:15;0
29/09/2025 16:30;0
29/09/2025 16:45;0
29/09/2025 17:00;0
29/09/2025 17:15;0
29/09/2025 17:30;0
29/09/2025 17:45;0
29/09/2025 18:00;0
29/09/2025 18:15;0
29/09/2025 18:30;0
29/09/2025 18:45;0
29/09/2025 19:00;0
29/09/2025 19:15;0
29/09/2025 19:30;0
29/09/2025 19:45;0
29/09/2025 20:00;0
29/09/2025 20:15;0
29/09/2025 20:30;0
29/09/2025 20:45;0
29/09/2025 21:00;0
29/09/2025 21:15;0
29/09/2025 21:30;0
29/09/2025 21:45;0
29/09/2025 22:00;0
29/09/2025 22:15;0
29/09/2025 22:30;0
29/09/2025 22:45;0
29/09/2025 23:00;0
29/09/2025 23:15;0
29/09/2025 23:30;0
29/09/2025 23:45;0
30/09/2025 00:00;0
30/09/2025 00:15;0
30/09/2025 00:30;0
30/09/2025 00:45;0
30/09/2025 01:00;0
30/09/2025 01:15;0
30/09/2025 01:30;0
30/09/2025 01:45;0
30/09/2025 02:00;0
30/09/2025 02:15;0
30/09/2025 02:30;0
30/09/2025 02:45;0
30/09/2025 03:00;0
30/09/2025 03:15;0
30/09/2025 03:30;0
30/09/2025 03:45;0
30/09/2025 04:00;0
30/09/2025 04:15;0
30/09/2025 04:30;0
30/09/2025 04:45;0
30/09/2025 05:00;0
30/09/2025 05:15;0
30/09/2025 05:30;0
30/09/2025 05:45;0
30/09/2025 06:00;0
30/09/2025 06:15;0
30/09/2025 06:30;0
30/09/2025 06:45;0
30/09/2025 07:00;0
30/09/2025 07:15;0
30/09/2025 07:30;0
30/09/2025 07:45;0
30/09/2025 08:00;0
30/09/2025 08:15;0
30/09/2025 08:30;0
30/09/2025 08:45;0
30/09/2025 09:00;0
30/09/2025 09:15;0
30/09/2025 09:30;0
30/09/2025 09:45;0
30/09/2025 10:00;0
30/09/2025 10:15;0
30/09/2025 10:30;0
30/09/2025 10:45;0
30/09/2025 11:00;0
30/09/2025 11:15;0
30/09/2025 11:30;0
30/09/2025 11:45;0
30/09/2025 12:00;0
30/09/2025 12:15;0
30/09/2025 12:30;0
30/09/2025 12:45;0
30/09/2025 13:00;0
30/09/2025 13:15;0
30/09/2025 13:30;0
30/09/2025 13:45;0
30/09/2025 14:00;0
30/09/2025 14:15;0
30/09/2025 14:30;0
30/09/2025 14:45;0
30/09/2025 15:00;0
30/09/2025 15:15;0
30/09/2025 15:30;0
30/09/2025 15:45;0
30/09/2025 16:00;0
30/09/2025 16:15;0
30/09/2025 16:30;0
30/09/2025 16:45;0
30/09/2025 17:00;0
30/09/2025 17:15;0
30/09/2025 17:30;0
30/09/2025 17:45;0
30/09/2025 18:00;0
30/09/2025 18:15;0
30/09/2025 18:30;0
30/09/2025 18:45;0
30/09/2025 19:00;0
30/09/2025 19:15;0
30/09/2025 19:30;0
30/09/2025 19:45;0
30/09/2025 20:00;0
30/09/2025 20:15;0
30/09/2025 20:30;0
30/09/2025 20:45;0
30/09/2025 21:00;0
30/09/2025 21:15;0
30/09/2025 21:30;0
30/09/2025 21:45;0
30/09/2025 22:00;0
30/09/2025 22:15;0
30/09/2025 22:30;0
30/09/2025 22:45;0
30/09/2025 23:00;0
30/09/2025 23:15;0
30/09/2025 23:30;0
30/09/2025 23:45;0
01/10/2025 00:00;0
01/10/2025 00:15;0
01/10/2025 00:30;0
01/10/2025 00:45;0
01/10/2025 01:00;0
01/10/2025 01:15;0
01/10/2025 01:30;0
01/10/2025 01:45;0
01/10/2025 02:00;0
01/10/2025 02:15;0
01/10/2025 02:30;0
01/10/2025 02:45;0
01/10/2025 03:00;0
01/10/2025 03:15;0
01/10/2025 03:30;0
01/10/2025 03:45;0
01/10/2025 04:00;0
01/10/2025 04:15;0
01/10/2025 04:30;0
01/10/2025 04:45;0
01/10/2025 05:00;0
01/10/2025 05:15;0
01/10/2025 05:30;0
01/10/2025 05:45;0
01/10/2025 06:00;0
01/10/2025 06:15;0
01/10/2025 06:30;0
01/10/2025 06:45;0
01/10/2025 07:00;0
01/10/2025 07:15;0
01/10/2025 07:30;0
01/10/2025 07:45;0
01/10/2025 08:00;0
01/10/2025 08:15;0
01/10/2025 08:30;0
01/10/2025 08:45;0
01/10/2025 09:00;0
01/10/2025 09:15;0
01/10/2025 09:30;0
01/10/2025 09:45;0
01/10/2025 10:00;0
01/10/2025 10:15;0
01/10/2025 10:30;0
01/10/2025 10:45;0
01/10/2025 11:00;0
01/10/2025 11:15;0
01/10/2025 11:30;0
01/10/2025 11:45;0
01/10/2025 12:00;0
01/10/2025 12:15;0
01/10/2025 12:30;0
01/10/2025 12:45;0
01/10/2025 13:00;0
01/10/2025 13:15;0
01/10/2025 13:30;0
01/10/2025 13:45;0
01/10/2025 14:00;0
01/10/2025 14:15;0
01/10/2025 14:30;0
01/10/2025 14:45;0
01/10/2025 15:00;0
01/10/2025 15:15;0
01/10/2025 15:30;0
01/10/2025 15:45;0
01/10/2025 16:00;0
01/10/2025 16:15;0
01/10/2025 16:30;0
01/10/2025 16:45;0
01/10/2025 17:00;0
01/10/2025 17:15;0
01/10/2025 17:30;0
01/10/2025 17:45;0
01/10/2025 18:00;0
01/10/2025 18:15;0
01/10/2025 18:30;0
01/10/2025 18:45;0
01/10/2025 19:00;0
01/10/2025 19:15;0
01/10/2025 19:30;0
01/10/2025 19:45;0
01/10/2025 20:00;0
01/10/2025 20:15;0
01/10/2025 20:30;0
01/10/2025 20:45;0
01/10/2025 21:00;0
01/10/2025 21:15;0
01/10/2025 21:30;0
01/10/2025 21:45;0
01/10/2025 22:00;0
01/10/2025 22:15;0
01/10/2025 22:30;0
01/10/2025 22:45;0
01/10/2025 23:00;0
01/10/2025 23:15;0
01/10/2025 23:30;0
01/10/2025 23:45;0
02/10/2025 00:00;0
02/10/2025 00:15;0
02/10/2025 00:30;0
02/10/2025 00:45;0
02/10/2025 01:00;0
02/10/2025 01:15;0
02/10/2025 01:30;0
02/10/2025 01:45;0
02/10/2025 02:00;0
02/10/2025 02:15;0
02/10/2025 02:30;0
02/10/2025 02:45;0
02/10/2025 03:00;0
02/10/2025 03:15;0
02/10/2025 03:30;0
02/10/2025 03:45;0
02/10/2025 04:00;0
02/10/2025 04:15;0
02/10/2025 04:30;0
02/10/2025 04:45;0
02/10/2025 05:00;0
02/10/2025 05:15;0
02/10/2025 05:30;0
02/10/2025 05:45;0
02/10/2025 06:00;0
02/10/2025 06:15;0
02/10/2025 06:30;0
02/10/2025 06:45;0
02/10/2025 07:00;0
02/10/2025 07:15;0
02/10/2025 07:30;0
02/10/2025 07:45;0
02/10/2025 08:00;0
02/10/2025 08:15;0
02/10/2025 08:30;0
02/10/2025 08:45;0
02/10/2025 09:00;0
02/10/2025 09:15;0
02/10/2025 09:30;0
02/10/2025 09:45;0
02/10/2025 10:00;0
02/10/2025 10:15;0
02/10/2025 10:30;0
02/10/2025 10:45;0
02/10/2025 11:00;0
02/10/2025 11:15;0
02/10/2025 11:30;0
02/10/2025 11:45;0
02/10/2025 12:00;0
02/10/2025 12:15;0
02/10/2025 12:30;0
02/10/2025 12:45;0
02/10/2025 13:00;0
02/10/2025 13:15;0
02/10/2025 13:30;0
02/10/2025 13:45;0
02/10/2025 14:00;0
02/10/2025 14:15;0
02/10/2025 14:30;0
02/10/2025 14:45;0
02/10/2025 15:00;0
02/10/2025 15:15;0
02/10/2025 15:30;0
02/10/2025 15:45;0
02/10/2025 16:00;0
02/10/2025 16:15;0
02/10/2025 16:30;0
02/10/2025 16:45;0
02/10/2025 17:00;0
02/10/2025 17:15;0
02/10/2025 17:30;0
02/10/2025 17:45;0
02/10/2025 18:00;0
02/10/2025 18:15;0
02/10/2025 18:30;0
02/10/2025 18:45;0
02/10/2025 19:00;0
02/10/2025 19:15;0
02/10/2025 19:30;0
02/10/2025 19:45;0
02/10/2025 20:00;0
02/10/2025 20:15;0
02/10/2025 20:30;0
02/10/2025 20:45;0
02/10/2025 21:00;0
02/10/2025 21:15;0
02/10/2025 21:30;0
02/10/2025 21:45;0
02/10/2025 22:00;0
02/10/2025 22:15;0
02/10/2025 22:30;0
02/10/2025 22:45;0
02/10/2025 23:00;0
02/10/2025 23:15;0
02/10/2025 23:30;0
02/10/2025 23:45;0
03/10/2025 00:00;0
03/10/2025 00:15;0
03/10/2025 00:30;0
03/10/2025 00:45;0
03/10/2025 01:00;0
03/10/2025 01:15;0
03/10/2025 01:30;0
03/10/2025 01:45;0
03/10/2025 02:00;0
03/10/2025 02:15;0
03/10/2025 02:30;0
03/10/2025 02:45;0
03/10/2025 03:00;0
03/10/2025 03:15;0
03/10/2025 03:30;0
03/10/2025 03:45;0
03/10/2025 04:00;0
03/10/2025 04:15;0
03/10/2025 04:30;0
03/10/2025 04:45;0
03/10/2025 05:00;0
03/10/2025 05:15;0
03/10/2025 05:30;0
03/10/2025 05:45;0
03/10/2025 06:00;0
03/10/2025 06:15;0
03/10/2025 06:30;0
03/10/2025 06:45;0
03/10/2025 07:00;0
03/10/2025 07:15;0
03/10/2025 07:30;0
03/10/2025 07:45;0
03/10/2025 08:00;0
03/10/2025 08:15;0
03/10/2025 08:30;0
03/10/2025 08:45;0
03/10/2025 09:00;0
03/10/2025 09:15;0
03/10/2025 09:30;0
03/10/2025 09:45;0
03/10/2025 10:00;0
03/10/2025 10:15;0
03/10/2025 10:30;0
03/10/2025 10:45;0
03/10/2025 11:00;0
03/10/2025 11:15;0
03/10/2025 11:30;0
03/10/2025 11:45;0
03/10/2025 12:00;0
03/10/2025 12:15;0
03/10/2025 12:30;0
03/10/2025 12:45;0
03/10/2025 13:00;0
03/10/2025 13:15;0
03/10/2025 13:30;0
03/10/2025 13:45;0
03/10/2025 14:00;0
03/10/2025 14:15;0
03/10/2025 14:30;0
03/10/2025 14:45;0
03/10/2025 15:00;0
03/10/2025 15:15;0
03/10/2025 15:30;0
03/10/2025 15:45;0
03/10/2025 16:00;0
03/10/2025 16:15;0
03/10/2025 16:30;0
03/10/2025 16:45;0
03/10/2025 17:00;0
03/10/2025 17:15;0
03/10/2025 17:30;0
03/10/2025 17:45;0
03/10/2025 18:00;0
03/10/2025 18:15;0
03/10/2025 18:30;0
03/10/2025 18:45;0
03/10/2025 19:00;0
03/10/2025 19:15;0
03/10/2025 19:30;0
03/10/2025 19:45;0
03/10/2025 20:00;0
03/10/2025 20:15;0
03/10/2025 20:30;0
03/10/2025 20:45;0
03/10/2025 21:00;0
03/10/2025 21:15;0
03/10/2025 21:30;0
03/10/2025 21:45;0
03/10/2025 22:00;0
03/10/2025 22:15;0
03/10/2025 22:30;0
03/10/2025 22:45;0
03/10/2025 23:00;0
03/10/2025 23:15;0
03/10/2025 23:30;0
03/10/2025 23:45;0
04/10/2025 00:00;0
04/10/2025 00:15;0
04/10/2025 00:30;0
04/10/2025 00:45;0
04/10/2025 01:00;0
04/10/2025 01:15;0
04/10/2025 01:30;0
04/10/2025 01:45;0
04/10/2025 02:00;0
04/10/2025 02:15;0
04/10/2025 02:30;0
04/10/2025 02:45;0
04/10/2025 03:00;0
04/10/2025 03:15;0
04/10/2025 03:30;0
04/10/2025 03:45;0
04/10/2025 04:00;0
04/10/2025 04:15;0
04/10/2025 04:30;0
04/10/2025 04:45;0
04/10/2025 05:00;0
04/10/2025 05:15;0
04/10/2025 05:30;0
04/10/2025 05:45;0
04/10/2025 06:00;0
04/10/2025 06:15;0
04/10/2025 06:30;0
04/10/2025 06:45;0
04/10/2025 07:00;0
04/10/2025 07:15;0
04/10/2025 07:30;0
04/10/2025 07:45;0
04/10/2025 08:00;0
04/10/2025 08:15;0
04/10/2025 08:30;0
04/10/2025 08:45;0
04/10/2025 09:00;0
04/10/2025 09:15;0
04/10/2025 09:30;0
04/10/2025 09:45;0
04/10/2025 10:00;0
04/10/2025 10:15;0
04/10/2025 10:30;0
04/10/2025 10:45;0
04/10/2025 11:00;0
04/10/2025 11:15;0
04/10/2025 11:30;0
04/10/2025 11:45;0
04/10/2025 12:00;0
04/10/2025 12:15;0
04/10/2025 12:30;0
04/10/2025 12:45;0
04/10/2025 13:00;0
04/10/2025 13:15;0
04/10/2025 13:30;0
04/10/2025 13:45;0
04/10/2025 14:00;0
04/10/2025 14:15;0
04/10/2025 14:30;0
04/10/2025 14:45;0
04/10/2025 15:00;0
04/10/2025 15:15;0
04/10/2025 15:30;0
04/10/2025 15:45;0
04/10/2025 16:00;0
04/10/2025 16:15;0
04/10/2025 16:30;0
04/10/2025 16:45;0
04/10/2025 17:00;0
04/10/2025 17:15;0
04/10/2025 17:30;0
04/10/2025 17:45;0
04/10/2025 18:00;0
04/10/2025 18:15;0
04/10/2025 18:30;0
04/10/2025 18:45;0
04/10/2025 19:00;0
04/10/2025 19:15;0
04/10/2025 19:30;0
04/10/2025 19:45;0
04/10/2025 20:00;0
04/10/2025 20:15;0
04/10/2025 20:30;0
04/10/2025 20:45;0
04/10/2025 21:00;0
04/10/2025 21:15;0
04/10/2025 21:30;0
04/10/2025 21:45;0
04/10/2025 22:00;0
04/10/2025 22:15;0
04/10/2025 22:30;0
04/10/2025 22:45;0
04/10/2025 23:00;0
04/10/2025 23:15;0
04/10/2025 23:30;0
04/10/2025 23:45;0
05/10/2025 00:00;0
05/10/2025 00:15;0
05/10/2025 00:30;0
05/10/2025 00:45;0
05/10/2025 01:00;0
05/10/2025 01:15;0
05/10/2025 01:30;0
05/10/2025 01:45;0
05/10/2025 02:00;0
05/10/2025 02:15;0
05/10/2025 02:30;0
05/10/2025 02:45;0
05/10/2025 03:00;0
05/10/2025 03:15;0
05/10/2025 03:30;0
05/10/2025 03:45;0
05/10/2025 04:00;0
05/10/2025 04:15;0
05/10/2025 04:30;0
05/10/2025 04:45;0
05/10/2025 05:00;0
05/10/2025 05:15;0
05/10/2025 05:30;0
05/10/2025 05:45;0
05/10/2025 06:00;0
05/10/2025 06:15;0
05/10/2025 06:30;0
05/10/2025 06:45;0
05/10/2025 07:00;0
05/10/2025 07:15;0
05/10/2025 07:30;0
05/10/2025 07:45;0
05/10/2025 08:00;0
05/10/2025 08:15;0
05/10/2025 08:30;0
05/10/2025 08:45;0
05/10/2025 09:00;0
05/10/2025 09:15;0
05/10/2025 09:30;0
05/10/2025 09:45;0
05/10/2025 10:00;0
05/10/2025 10:15;0
05/10/2025 10:30;0
05/10/2025 10:45;0
05/10/2025 11:00;0
05/10/2025 11:15;0
05/10/2025 11:30;0
05/10/2025 11:45;0
05/10/2025 12:00;0
05/10/2025 12:15;0
05/10/2025 12:30;0
05/10/2025 12:45;0
05/10/2025 13:00;0
05/10/2025 13:15;0
05/10/2025 13:30;0
05/10/2025 13:45;0
05/10/2025 14:00;0
05/10/2025 14:15;0
05/10/2025 14:30;0
05/10/2025 14:45;0
05/10/2025 15:00;0
05/10/2025 15:15;0
05/10/2025 15:30;0
05/10/2025 15:45;0
05/10/2025 16:00;0
05/10/2025 16:15;0
05/10/2025 16:30;0
05/10/2025 16:45;0
05/10/2025 17:00;0
05/10/2025 17:15;0
05/10/2025 17:30;0
05/10/2025 17:45;0
05/10/2025 18:00;0
05/10/2025 18:15;0
05/10/2025 18:30;0
05/10/2025 18:45;0
05/10/2025 19:00;0
05/10/2025 19:15;0
05/10/2025 19:30;0
05/10/2025 19:45;0
05/10/2025 20:00;0
05/10/2025 20:15;0
05/10/2025 20:30;0
05/10/2025 20:45;0
05/10/2025 21:00;0
05/10/2025 21:15;0
05/10/2025 21:30;0
05/10/2025 21:45;0
05/10/2025 22:00;0
05/10/2025 22:15;0
05/10/2025 22:30;0
05/10/2025 22:45;0
05/10/2025 23:00;0
05/10/2025 23:15;0
05/10/2025 23:30;0
05/10/2025 23:45;0
06/10/2025 00:00;0
06/10/2025 00:15;0
06/10/2025 00:30;0
06/10/2025 00:45;0
06/10/2025 01:00;0
06/10/2025 01:15;0
06/10/2025 01:30;0
06/10/2025 01:45;0
06/10/2025 02:00;0
06/10/2025 02:15;0
06/10/2025 02:30;0
06/10/2025 02:45;0
06/10/2025 03:00;0
06/10/2025 03:15;0
06/10/2025 03:30;0
06/10/2025 03:45;0
06/10/2025 04:00;0
06/10/2025 04:15;0
06/10/2025 04:30;0
06/10/2025 04:45;0
06/10/2025 05:00;0
06/10/2025 05:15;0
06/10/2025 05:30;0
06/10/2025 05:45;0
06/10/2025 06:00;0
06/10/2025 06:15;0
06/10/2025 06:30;0
06/10/2025 06:45;0
06/10/2025 07:00;0
06/10/2025 07:15;0
06/10/2025 07:30;0
06/10/2025 07:45;0
06/10/2025 08:00;0
06/10/2025 08:15;0
06/10/2025 08:30;0
06/10/2025 08:45;0
06/10/2025 09:00;0
06/10/2025 09:15;0
06/10/2025 09:30;0
06/10/2025 09:45;0
06/10/2025 10:00;0
06/10/2025 10:15;0
06/10/2025 10:30;0
06/10/2025 10:45;0
06/10/2025 11:00;0
06/10/2025 11:15;0
06/10/2025 11:30;0
06/10/2025 11:45;0
06/10/2025 12:00;0
06/10/2025 12:15;0
06/10/2025 12:30;0
06/10/2025 12:45;0
06/10/2025 13:00;0
06/10/2025 13:15;0
06/10/2025 13:30;0
06/10/2025 13:45;0
06/10/2025 14:00;0
06/10/2025 14:15;0
06/10/2025 14:30;0
06/10/2025 14:45;0
06/10/2025 15:00;0
06/10/2025 15:15;0
06/10/2025 15:30;0
06/10/2025 15:45;0
06/10/2025 16:00;0
06/10/2025 16:15;0
06/10/2025 16:30;0
06/10/2025 16:45;0
06/10/2025 17:00;0
06/10/2025 17:15;0
06/10/2025 17:30;0
06/10/2025 17:45;0
06/10/2025 18:00;0
06/10/2025 18:15;0
06/10/2025 18:30;0
06/10/2025 18:45;0
06/10/2025 19:00;0
06/10/2025 19:15;0
06/10/2025 19:30;0
06/10/2025 19:45;0
06/10/2025 20:00;0
06/10/2025 20:15;0
06/10/2025 20:30;0
06/10/2025 20:45;0
06/10/2025 21:00;0
06/10/2025 21:15;0
06/10/2025 21:30;0
06/10/2025 21:45;0
06/10/2025 22:00;0
06/10/2025 22:15;0
06/10/2025 22:30;0
06/10/2025 22:45;0
06/10/2025 23:00;0
06/10/2025 23:15;0
06/10/2025 23:30;0
06/10/2025 23:45;0
07/10/2025 00:00;0
07/10/2025 00:15;0
07/10/2025 00:30;0
07/10/2025 00:45;0
07/10/2025 01:00;0
07/10/2025 01:15;0
07/10/2025 01:30;0
07/10/2025 01:45;0
07/10/2025 02:00;0
07/10/2025 02:15;0
07/10/2025 02:30;0
07/10/2025 02:45;0
07/10/2025 03:00;0
07/10/2025 03:15;0
07/10/2025 03:30;0
07/10/2025 03:45;0
07/10/2025 04:00;0
07/10/2025 04:15;0
07/10/2025 04:30;0
07/10/2025 04:45;0
07/10/2025 05:00;0
07/10/2025 05:15;0
07/10/2025 05:30;0
07/10/2025 05:45;0
07/10/2025 06:00;0
07/10/2025 06:15;0
07/10/2025 06:30;0
07/10/2025 06:45;0
07/10/2025 07:00;0
07/10/2025 07:15;0
07/10/2025 07:30;0
07/10/2025 07:45;0
07/10/2025 08:00;0
07/10/2025 08:15;0
07/10/2025 08:30;0
07/10/2025 08:45;0
07/10/2025 09:00;0
07/10/2025 09:15;0
07/10/2025 09:30;0
07/10/2025 09:45;0
07/10/2025 10:00;0
07/10/2025 10:15;0
07/10/2025 10:30;0
07/10/2025 10:45;0
07/10/2025 11:00;0
07/10/2025 11:15;0
07/10/2025 11:30;0
07/10/2025 11:45;0
07/10/2025 12:00;0
07/10/2025 12:15;0
07/10/2025 12:30;0
07/10/2025 12:45;0
07/10/2025 13:00;0
07/10/2025 13:15;0
07/10/2025 13:30;0
07/10/2025 13:45;0
07/10/2025 14:00;0
07/10/2025 14:15;0
07/10/2025 14:30;0
07/10/2025 14:45;0
07/10/2025 15:00;0
07/10/2025 15:15;0
07/10/2025 15:30;0
07/10/2025 15:45;0
07/10/2025 16:00;0
07/10/2025 16:15;0
07/10/2025 16:30;0
07/10/2025 16:45;0
07/10/2025 17:00;0
07/10/2025 17:15;0
07/10/2025 17:30;0
07/10/2025 17:45;0
07/10/2025 18:00;0
07/10/2025 18:15;0
07/10/2025 18:30;0
07/10/2025 18:45;0
07/10/2025 19:00;0
07/10/2025 19:15;0
07/10/2025 19:30;0
07/10/2025 19:45;0
07/10/2025 20:00;0
07/10/2025 20:15;0
07/10/2025 20:30;0
07/10/2025 20:45;0
07/10/2025 21:00;0
07/10/2025 21:15;0
07/10/2025 21:30;0
07/10/2025 21:45;0
07/10/2025 22:00;0
07/10/2025 22:15;0
07/10/2025 22:30;0
07/10/2025 22:45;0
07/10/2025 23:00;0
07/10/2025 23:15;0
07/10/2025 23:30;0
07/10/2025 23:45;0
08/10/2025 00:00;0
08/10/2025 00:15;0
08/10/2025 00:30;0
08/10/2025 00:45;0
08/10/2025 01:00;0
08/10/2025 01:15;0
08/10/2025 01:30;0
08/10/2025 01:45;0
08/10/2025 02:00;0
08/10/2025 02:15;0
08/10/2025 02:30;0
08/10/2025 02:45;0
08/10/2025 03:00;0
08/10/2025 03:15;0
08/10/2025 03:30;0
08/10/2025 03:45;0
08/10/2025 04:00;0
08/10/2025 04:15;0
08/10/2025 04:30;0
08/10/2025 04:45;0
08/10/2025 05:00;0
08/10/2025 05:15;0
08/10/2025 05:30;0
08/10/2025 05:45;0
08/10/2025 06:00;0
08/10/2025 06:15;0
08/10/2025 06:30;0
08/10/2025 06:45;0
08/10/2025 07:00;0
08/10/2025 07:15;0
08/10/2025 07:30;0
08/10/2025 07:45;0
08/10/2025 08:00;0
08/10/2025 08:15;0
08/10/2025 08:30;0
08/10/2025 08:45;0
08/10/2025 09:00;0
08/10/2025 09:15;0
08/10/2025 09:30;0
08/10/2025 09:45;0
08/10/2025 10:00;0
08/10/2025 10:15;0
08/10/2025 10:30;0
08/10/2025 10:45;0
08/10/2025 11:00;0
08/10/2025 11:15;0
08/10/2025 11:30;0
08/10/2025 11:45;0
08/10/2025 12:00;0
08/10/2025 12:15;0
08/10/2025 12:30;0
08/10/2025 12:45;0
08/10/2025 13:00;0
08/10/2025 13:15;0
08/10/2025 13:30;0
08/10/2025 13:45;0
08/10/2025 14:00;0
08/10/2025 14:15;0
08/10/2025 14:30;0
08/10/2025 14:45;0
08/10/2025 15:00;0
08/10/2025 15:15;0
08/10/2025 15:30;0
08/10/2025 15:45;0
08/10/2025 16:00;0
08/10/2025 16:15;0
08/10/2025 16:30;0
08/10/2025 16:45;0
08/10/2025 17:00;0
08/10/2025 17:15;0
08/10/2025 17:30;0
08/10/2025 17:45;0
08/10/2025 18:00;0
08/10/2025 18:15;0
08/10/2025 18:30;0
08/10/2025 18:45;0
08/10/2025 19:00;0
08/10/2025 19:15;0
08/10/2025 19:30;0
08/10/2025 19:45;0
08/10/2025 20:00;0
08/10/2025 20:15;0
08/10/2025 20:30;0
08/10/2025 20:45;0
08/10/2025 21:00;0
08/10/2025 21:15;0
08/10/2025 21:30;0
08/10/2025 21:45;0
08/10/2025 22:00;0
08/10/2025 22:15;0
08/10/2025 22:30;0
08/10/2025 22:45;0
08/10/2025 23:00;0
08/10/2025 23:15;0
08/10/2025 23:30;0
08/10/2025 23:45;0
09/10/2025 00:00;0
09/10/2025 00:15;0
09/10/2025 00:30;0
09/10/2025 00:45;0
09/10/2025 01:00;0
09/10/2025 01:15;0
09/10/2025 01:30;0
09/10/2025 01:45;0
09/10/2025 02:00;0
09/10/2025 02:15;0
09/10/2025 02:30;0
09/10/2025 02:45;0
09/10/2025 03:00;0
09/10/2025 03:15;0
09/10/2025 03:30;0
09/10/2025 03:45;0
09/10/2025 04:00;0
09/10/2025 04:15;0
09/10/2025 04:30;0
09/10/2025 04:45;0
09/10/2025 05:00;0
09/10/2025 05:15;0
09/10/2025 05:30;0
09/10/2025 05:45;0
09/10/2025 06:00;0
09/10/2025 06:15;0
09/10/2025 06:30;0
09/10/2025 06:45;0
09/10/2025 07:00;0
09/10/2025 07:15;0
09/10/2025 07:30;0
09/10/2025 07:45;0
09/10/2025 08:00;0
09/10/2025 08:15;0
09/10/2025 08:30;0
09/10/2025 08:45;0
09/10/2025 09:00;0
09/10/2025 09:15;0
09/10/2025 09:30;0
09/10/2025 09:45;0
09/10/2025 10:00;0
09/10/2025 10:15;0
09/10/2025 10:30;0
09/10/2025 10:45;0
09/10/2025 11:00;0
09/10/2025 11:15;0
09/10/2025 11:30;0
09/10/2025 11:45;0
09/10/2025 12:00;0
09/10/2025 12:15;0
09/10/2025 12:30;0
09/10/2025 12:45;0
09/10/2025 13:00;0
09/10/2025 13:15;0
09/10/2025 13:30;0
09/10/2025 13:45;0
09/10/2025 14:00;0
09/10/2025 14:15;0
09/10/2025 14:30;0
09/10/2025 14:45;0
09/10/2025 15:00;0
09/10/2025 15:15;0
09/10/2025 15:30;0
09/10/2025 15:45;0
09/10/2025 16:00;0
09/10/2025 16:15;0
09/10/2025 16:30;0
09/10/2025 16:45;0
09/10/2025 17:00;0
09/10/2025 17:15;0
09/10/2025 17:30;0
09/10/2025 17:45;0
09/10/2025 18:00;0
09/10/2025 18:15;0
09/10/2025 18:30;0
09/10/2025 18:45;0
09/10/2025 19:00;0
09/10/2025 19:15;0
09/10/2025 19:30;0
09/10/2025 19:45;0
09/10/2025 20:00;0
09/10/2025 20:15;0
09/10/2025 20:30;0
09/10/2025 20:45;0
09/10/2025 21:00;0
09/10/2025 21:15;0
09/10/2025 21:30;0
09/10/2025 21:45;0
09/10/2025 22:00;0
09/10/2025 22:15;0
09/10/2025 22:30;0
09/10/2025 22:45;0
09/10/2025 23:00;0
09/10/2025 23:15;0
09/10/2025 23:30;0
09/10/2025 23:45;0
10/10/2025 00:00;0
10/10/2025 00:15;0
10/10/2025 00:30;0
10/10/2025 00:45;0
10/10/2025 01:00;0
10/10/2025 01:15;0
10/10/2025 01:30;0
10/10/2025 01:45;0
10/10/2025 02:00;0
10/10/2025 02:15;0
10/10/2025 02:30;0
10/10/2025 02:45;0
10/10/2025 03:00;0
10/10/2025 03:15;0
10/10/2025 03:30;0
10/10/2025 03:45;0
10/10/2025 04:00;0
10/10/2025 04:15;0
10/10/2025 04:30;0
10/10/2025 04:45;0
10/10/2025 05:00;0
10/10/2025 05:15;0
10/10/2025 05:30;0
10/10/2025 05:45;0
10/10/2025 06:00;0
10/10/2025 06:15;0
10/10/2025 06:30;0
10/10/2025 06:45;0
10/10/2025 07:00;0
10/10/2025 07:15;0
10/10/2025 07:30;0
10/10/2025 07:45;0
10/10/2025 08:00;0
10/10/2025 08:15;0
10/10/2025 08:30;0
10/10/2025 08:45;0
10/10/2025 09:00;0
10/10/2025 09:15;0
10/10/2025 09:30;0
10/10/2025 09:45;0
10/10/2025 10:00;0
10/10/2025 10:15;0
10/10/2025 10:30;0
10/10/2025 10:45;0
10/10/2025 11:00;0
10/10/2025 11:15;0
10/10/2025 11:30;0
10/10/2025 11:45;0
10/10/2025 12:00;0
10/10/2025 12:15;0
10/10/2025 12:30;0
10/10/2025 12:45;0
10/10/2025 13:00;0
10/10/2025 13:15;0
10/10/2025 13:30;0
10/10/2025 13:45;0
10/10/2025 14:00;0
10/10/2025 14:15;0
10/10/2025 14:30;0
10/10/2025 14:45;0
10/10/2025 15:00;0
10/10/2025 15:15;0
10/10/2025 15:30;0
10/10/2025 15:45;0
10/10/2025 16:00;0
10/10/2025 16:15;0
10/10/2025 16:30;0
10/10/2025 16:45;0
10/10/2025 17:00;0
10/10/2025 17:15;0
10/10/2025 17:30;0
10/10/2025 17:45;0
10/10/2025 18:00;0
10/10/2025 18:15;0
10/10/2025 18:30;0
10/10/2025 18:45;0
10/10/2025 19:00;0
10/10/2025 19:15;0
10/10/2025 19:30;0
10/10/2025 19:45;0
10/10/2025 20:00;0
10/10/2025 20:15;0
10/10/2025 20:30;0
10/10/2025 20:45;0
10/10/2025 21:00;0
10/10/2025 21:15;0
10/10/2025 21:30;0
10/10/2025 21:45;0
10/10/2025 22:00;0
10/10/2025 22:15;0
10/10/2025 22:30;0
10/10/2025 22:45;0
10/10/2025 23:00;0
10/10/2025 23:15;0
10/10/2025 23:30;0
10/10/2025 23:45;0
11/10/2025 00:00;0
11/10/2025 00:15;0
11/10/2025 00:30;0
11/10/2025 00:45;0
11/10/2025 01:00;0
11/10/2025 01:15;0
11/10/2025 01:30;0
11/10/2025 01:45;0
11/10/2025 02:00;0
11/10/2025 02:15;0
11/10/2025 02:30;0
11/10/2025 02:45;0
11/10/2025 03:00;0
11/10/2025 03:15;0
11/10/2025 03:30;0
11/10/2025 03:45;0
11/10/2025 04:00;0
11/10/2025 04:15;0
11/10/2025 04:30;0
11/10/2025 04:45;0
11/10/2025 05:00;0
11/10/2025 05:15;0
11/10/2025 05:30;0
11/10/2025 05:45;0
11/10/2025 06:00;0
11/10/2025 06:15;0
11/10/2025 06:30;0
11/10/2025 06:45;0
11/10/2025 07:00;0
11/10/2025 07:15;0
11/10/2025 07:30;0
11/10/2025 07:45;0
11/10/2025 08:00;0
11/10/2025 08:15;0
11/10/2025 08:30;0
11/10/2025 08:45;0
11/10/2025 09:00;0
11/10/2025 09:15;0
11/10/2025 09:30;0
11/10/2025 09:45;0
11/10/2025 10:00;0
11/10/2025 10:15;0
11/10/2025 10:30;0
11/10/2025 10:45;0
11/10/2025 11:00;0
11/10/2025 11:15;0
11/10/2025 11:30;0
11/10/2025 11:45;0
11/10/2025 12:00;0
11/10/2025 12:15;0
11/10/2025 12:30;0
11/10/2025 12:45;0
11/10/2025 13:00;0
11/10/2025 13:15;0
11/10/2025 13:30;0
11/10/2025 13:45;0
11/10/2025 14:00;0
11/10/2025 14:15;0
11/10/2025 14:30;0
11/10/2025 14:45;0
11/10/2025 15:00;0
11/10/2025 15:15;0
11/10/2025 15:30;0
11/10/2025 15:45;0
11/10/2025 16:00;0
11/10/2025 16:15;0
11/10/2025 16:30;0
11/10/2025 16:45;0
11/10/2025 17:00;0
11/10/2025 17:15;0
11/10/2025 17:30;0
11/10/2025 17:45;0
11/10/2025 18:00;0
11/10/2025 18:15;0
11/10/2025 18:30;0
11/10/2025 18:45;0
11/10/2025 19:00;0
11/10/2025 19:15;0
11/10/2025 19:30;0
11/10/2025 19:45;0
11/10/2025 20:00;0
11/10/2025 20:15;0
11/10/2025 20:30;0
11/10/2025 20:45;0
11/10/2025 21:00;0
11/10/2025 21:15;0
11/10/2025 21:30;0
11/10/2025 21:45;0
11/10/2025 22:00;0
11/10/2025 22:15;0
11/10/2025 22:30;0
11/10/2025 22:45;0
11/10/2025 23:00;0
11/10/2025 23:15;0
11/10/2025 23:30;0
11/10/2025 23:45;0
12/10/2025 00:00;0
12/10/2025 00:15;0
12/10/2025 00:30;0
12/10/2025 00:45;0
12/10/2025 01:00;0
12/10/2025 01:15;0
12/10/2025 01:30;0
12/10/2025 01:45;0
12/10/2025 02:00;0
12/10/2025 02:15;0
12/10/2025 02:30;0
12/10/2025 02:45;0
12/10/2025 03:00;0
12/10/2025 03:15;0
12/10/2025 03:30;0
12/10/2025 03:45;0
12/10/2025 04:00;0
12/10/2025 04:15;0
12/10/2025 04:30;0
12/10/2025 04:45;0
12/10/2025 05:00;0
12/10/2025 05:15;0
12/10/2025 05:30;0
12/10/2025 05:45;0
12/10/2025 06:00;0
12/10/2025 06:15;0
12/10/2025 06:30;0
12/10/2025 06:45;0
12/10/2025 07:00;0
12/10/2025 07:15;0
12/10/2025 07:30;0
12/10/2025 07:45;0
12/10/2025 08:00;0
12/10/2025 08:15;0
12/10/2025 08:30;0
12/10/2025 08:45;0
12/10/2025 09:00;0
12/10/2025 09:15;0
12/10/2025 09:30;0
12/10/2025 09:45;0
12/10/2025 10:00;0
12/10/2025 10:15;0
12/10/2025 10:30;0
12/10/2025 10:45;0
12/10/2025 11:00;0
12/10/2025 11:15;0
12/10/2025 11:30;0
12/10/2025 11:45;0
12/10/2025 12:00;0
12/10/2025 12:15;0
12/10/2025 12:30;0
12/10/2025 12:45;0
12/10/2025 13:00;0
12/10/2025 13:15;0
12/10/2025 13:30;0
12/10/2025 13:45;0
12/10/2025 14:00;0
12/10/2025 14:15;0
12/10/2025 14:30;0
12/10/2025 14:45;0
12/10/2025 15:00;0
12/10/2025 15:15;0
12/10/2025 15:30;0
12/10/2025 15:45;0
12/10/2025 16:00;0
12/10/2025 16:15;0
12/10/2025 16:30;0
12/10/2025 16:45;0
12/10/2025 17:00;0
12/10/2025 17:15;0
12/10/2025 17:30;0
12/10/2025 17:45;0
12/10/2025 18:00;0
12/10/2025 18:15;0
12/10/2025 18:30;0
12/10/2025 18:45;0
12/10/2025 19:00;0
12/10/2025 19:15;0
12/10/2025 19:30;0
12/10/2025 19:45;0
12/10/2025 20:00;0
12/10/2025 20:15;0
12/10/2025 20:30;0
12/10/2025 20:45;0
12/10/2025 21:00;0
12/10/2025 21:15;0
12/10/2025 21:30;0
12/10/2025 21:45;0
12/10/2025 22:00;0
12/10/2025 22:15;0
12/10/2025 22:30;0
12/10/2025 22:45;0
12/10/2025 23:00;0
12/10/2025 23:15;0
12/10/2025 23:30;0
12/10/2025 23:45;0
13/10/2025 00:00;0
13/10/2025 00:15;0
13/10/2025 00:30;0
13/10/2025 00:45;0
13/10/2025 01:00;0
13/10/2025 01:15;0
13/10/2025 01:30;0
13/10/2025 01:45;0
13/10/2025 02:00;0
13/10/2025 02:15;0
13/10/2025 02:30;0
13/10/2025 02:45;0
13/10/2025 03:00;0
13/10/2025 03:15;0
13/10/2025 03:30;0
13/10/2025 03:45;0
13/10/2025 04:00;0
13/10/2025 04:15;0
13/10/2025 04:30;0
13/10/2025 04:45;0
13/10/2025 05:00;0
13/10/2025 05:15;0
13/10/2025 05:30;0
13/10/2025 05:45;0
13/10/2025 06:00;0
13/10/2025 06:15;0
13/10/2025 06:30;0
13/10/2025 06:45;0
13/10/2025 07:00;0
13/10/2025 07:15;0
13/10/2025 07:30;0
13/10/2025 07:45;0
13/10/2025 08:00;0
13/10/2025 08:15;0
13/10/2025 08:30;0
13/10/2025 08:45;0
13/10/2025 09:00;0
13/10/2025 09:15;0
13/10/2025 09:30;0
13/10/2025 09:45;0
13/10/2025 10:00;0
13/10/2025 10:15;0
13/10/2025 10:30;0
13/10/2025 10:45;0
13/10/2025 11:00;0
13/10/2025 11:15;0
13/10/2025 11:30;0
13/10/2025 11:45;0
13/10/2025 12:00;0
13/10/2025 12:15;0
13/10/2025 12:30;0
13/10/2025 12:45;0
13/10/2025 13:00;0
13/10/2025 13:15;0
13/10/2025 13:30;0
13/10/2025 13:45;0
13/10/2025 14:00;0
13/10/2025 14:15;0
13/10/2025 14:30;0
13/10/2025 14:45;0
13/10/2025 15:00;0
13/10/2025 15:15;0
13/10/2025 15:30;0
13/10/2025 15:45;0
13/10/2025 16:00;0
13/10/2025 16:15;0
13/10/2025 16:30;0
13/10/2025 16:45;0
13/10/2025 17:00;0
13/10/2025 17:15;0
13/10/2025 17:30;0
13/10/2025 17:45;0
13/10/2025 18:00;0
13/10/2025 18:15;0
13/10/2025 18:30;0
13/10/2025 18:45;0
13/10/2025 19:00;0
13/10/2025 19:15;0.5
13/10/2025 19:30;0.2
13/10/2025 19:45;0.3
13/10/2025 20:00;0
13/10/2025 20:15;0
13/10/2025 20:30;0
13/10/2025 20:45;0
13/10/2025 21:00;1
13/10/2025 21:15;0.2
13/10/2025 21:30;0.1
13/10/2025 21:45;0
13/10/2025 22:00;0
13/10/2025 22:15;0
13/10/2025 22:30;0
13/10/2025 22:45;0
13/10/2025 23:00;0
13/10/2025 23:15;0
13/10/2025 23:30;0
13/10/2025 23:45;0
14/10/2025 00:00;0
14/10/2025 00:15;0
14/10/2025 00:30;0
14/10/2025 00:45;0
14/10/2025 01:00;0
14/10/2025 01:15;0
14/10/2025 01:30;0
14/10/2025 01:45;0
14/10/2025 02:00;0
14/10/2025 02:15;0
14/10/2025 02:30;0
14/10/2025 02:45;0
14/10/2025 03:00;0
14/10/2025 03:15;0
14/10/2025 03:30;0
14/10/2025 03:45;0
14/10/2025 04:00;0
14/10/2025 04:15;0
14/10/2025 04:30;0
14/10/2025 04:45;0
14/10/2025 05:00;0
14/10/2025 05:15;0
14/10/2025 05:30;0
14/10/2025 05:45;0
14/10/2025 06:00;0
14/10/2025 06:15;0
14/10/2025 06:30;0
14/10/2025 06:45;0
14/10/2025 07:00;0
14/10/2025 07:15;0
14/10/2025 07:30;0
14/10/2025 07:45;0
14/10/2025 08:00;0
14/10/2025 08:15;0
14/10/2025 08:30;0
14/10/2025 08:45;0
14/10/2025 09:00;0
14/10/2025 09:15;0
14/10/2025 09:30;0
14/10/2025 09:45;0
14/10/2025 10:00;0
14/10/2025 10:15;0
14/10/2025 10:30;0
14/10/2025 10:45;0
14/10/2025 11:00;0
14/10/2025 11:15;0
14/10/2025 11:30;0
14/10/2025 11:45;0
14/10/2025 12:00;0
14/10/2025 12:15;0
14/10/2025 12:30;0
14/10/2025 12:45;0
14/10/2025 13:00;0
14/10/2025 13:15;0
14/10/2025 13:30;0
14/10/2025 13:45;0
14/10/2025 14:00;0
14/10/2025 14:15;0
14/10/2025 14:30;0
14/10/2025 14:45;0
14/10/2025 15:00;0
14/10/2025 15:15;0
14/10/2025 15:30;0
14/10/2025 15:45;0
14/10/2025 16:00;0
14/10/2025 16:15;0
14/10/2025 16:30;0
14/10/2025 16:45;0
14/10/2025 17:00;0
14/10/2025 17:15;0
14/10/2025 17:30;0
14/10/2025 17:45;0
14/10/2025 18:00;0
14/10/2025 18:15;0
14/10/2025 18:30;0
14/10/2025 18:45;0
14/10/2025 19:00;0
14/10/2025 19:15;0
14/10/2025 19:30;0
14/10/2025 19:45;0
14/10/2025 20:00;0
14/10/2025 20:15;0
14/10/2025 20:30;0
14/10/2025 20:45;0
14/10/2025 21:00;0
14/10/2025 21:15;0
14/10/2025 21:30;0
14/10/2025 21:45;0
14/10/2025 22:00;0
14/10/2025 22:15;0
14/10/2025 22:30;0
14/10/2025 22:45;0
14/10/2025 23:00;0
14/10/2025 23:15;0
14/10/2025 23:30;0
14/10/2025 23:45;0
15/10/2025 00:00;0
15/10/2025 00:15;0
15/10/2025 00:30;0
15/10/2025 00:45;0
15/10/2025 01:00;0
15/10/2025 01:15;0
15/10/2025 01:30;0
15/10/2025 01:45;0
15/10/2025 02:00;0
15/10/2025 02:15;0
15/10/2025 02:30;0
15/10/2025 02:45;0
15/10/2025 03:00;0
15/10/2025 03:15;0
15/10/2025 03:30;0
15/10/2025 03:45;0
15/10/2025 04:00;0
15/10/2025 04:15;0
15/10/2025 04:30;0
15/10/2025 04:45;0
15/10/2025 05:00;0
15/10/2025 05:15;0
15/10/2025 05:30;0
15/10/2025 05:45;0
15/10/2025 06:00;0
15/10/2025 06:15;0
15/10/2025 06:30;0
15/10/2025 06:45;0
15/10/2025 07:00;0
15/10/2025 07:15;0
15/10/2025 07:30;0
15/10/2025 07:45;0
15/10/2025 08:00;0
15/10/2025 08:15;0
15/10/2025 08:30;0
15/10/2025 08:45;0
15/10/2025 09:00;0
15/10/2025 09:15;0
15/10/2025 09:30;0
15/10/2025 09:45;0
15/10/2025 10:00;0
15/10/2025 10:15;0
15/10/2025 10:30;0
15/10/2025 10:45;0
15/10/2025 11:00;0
15/10/2025 11:15;0
15/10/2025 11:30;0
15/10/2025 11:45;0
15/10/2025 12:00;0
15/10/2025 12:15;0
15/10/2025 12:30;0
15/10/2025 12:45;0
15/10/2025 13:00;0
15/10/2025 13:15;0
15/10/2025 13:30;0
15/10/2025 13:45;0
15/10/2025 14:00;0
15/10/2025 14:15;0
15/10/2025 14:30;0
15/10/2025 14:45;0
15/10/2025 15:00;0
15/10/2025 15:15;0
15/10/2025 15:30;0
15/10/2025 15:45;0
15/10/2025 16:00;0
15/10/2025 16:15;0
15/10/2025 16:30;0
15/10/2025 16:45;0
15/10/2025 17:00;0
15/10/2025 17:15;0
15/10/2025 17:30;0
15/10/2025 17:45;0
15/10/2025 18:00;0
15/10/2025 18:15;0
15/10/2025 18:30;0
15/10/2025 18:45;0
15/10/2025 19:00;0
15/10/2025 19:15;0
15/10/2025 19:30;0
15/10/2025 19:45;0
15/10/2025 20:00;0
15/10/2025 20:15;0
15/10/2025 20:30;0
15/10/2025 20:45;0
15/10/2025 21:00;0
15/10/2025 21:15;0
15/10/2025 21:30;0
15/10/2025 21:45;0
15/10/2025 22:00;0
15/10/2025 22:15;0
15/10/2025 22:30;0
15/10/2025 22:45;0
15/10/2025 23:00;0
15/10/2025 23:15;0
15/10/2025 23:30;0
15/10/2025 23:45;0
16/10/2025 00:00;0
16/10/2025 00:15;0
16/10/2025 00:30;0
16/10/2025 00:45;0
16/10/2025 01:00;0
16/10/2025 01:15;0
16/10/2025 01:30;0
16/10/2025 01:45;0
16/10/2025 02:00;0
16/10/2025 02:15;0
16/10/2025 02:30;0
16/10/2025 02:45;0
16/10/2025 03:00;0
16/10/2025 03:15;0
16/10/2025 03:30;0
16/10/2025 03:45;0
16/10/2025 04:00;0
16/10/2025 04:15;0
16/10/2025 04:30;0
16/10/2025 04:45;0
16/10/2025 05:00;0
16/10/2025 05:15;0
16/10/2025 05:30;0
16/10/2025 05:45;0
16/10/2025 06:00;0
16/10/2025 06:15;0
16/10/2025 06:30;0
16/10/2025 06:45;0
16/10/2025 07:00;0
16/10/2025 07:15;0
16/10/2025 07:30;0
16/10/2025 07:45;0
16/10/2025 08:00;0
16/10/2025 08:15;0
16/10/2025 08:30;0
16/10/2025 08:45;0
16/10/2025 09:00;0
16/10/2025 09:15;0
16/10/2025 09:30;0
16/10/2025 09:45;0
16/10/2025 10:00;0
16/10/2025 10:15;0
16/10/2025 10:30;0
16/10/2025 10:45;0
16/10/2025 11:00;0
16/10/2025 11:15;0
16/10/2025 11:30;0
16/10/2025 11:45;0
16/10/2025 12:00;0
16/10/2025 12:15;0
16/10/2025 12:30;0
16/10/2025 12:45;0
16/10/2025 13:00;0
16/10/2025 13:15;0
16/10/2025 13:30;0
16/10/2025 13:45;0
16/10/2025 14:00;0
16/10/2025 14:15;0
16/10/2025 14:30;0
16/10/2025 14:45;0
16/10/2025 15:00;0
16/10/2025 15:15;0
16/10/2025 15:30;0
16/10/2025 15:45;0
16/10/2025 16:00;0
16/10/2025 16:15;0
16/10/2025 16:30;0
16/10/2025 16:45;0
16/10/2025 17:00;0
16/10/2025 17:15;0
16/10/2025 17:30;0
16/10/2025 17:45;0
16/10/2025 18:00;0
16/10/2025 18:15;0
16/10/2025 18:30;0
16/10/2025 18:45;0
16/10/2025 19:00;0
16/10/2025 19:15;0
16/10/2025 19:30;0
16/10/2025 19:45;0
16/10/2025 20:00;0
16/10/2025 20:15;0
16/10/2025 20:30;0
16/10/2025 20:45;0
16/10/2025 21:00;0
16/10/2025 21:15;0
16/10/2025 21:30;0
16/10/2025 21:45;0
16/10/2025 22:00;0
16/10/2025 22:15;0
16/10/2025 22:30;0
16/10/2025 22:45;0
16/10/2025 23:00;0
16/10/2025 23:15;0
16/10/2025 23:30;0
16/10/2025 23:45;0
17/10/2025 00:00;0
17/10/2025 00:15;0
17/10/2025 00:30;0
17/10/2025 00:45;0
17/10/2025 01:00;0
17/10/2025 01:15;0
17/10/2025 01:30;0
17/10/2025 01:45;0
17/10/2025 02:00;0
17/10/2025 02:15;0
17/10/2025 02:30;0
17/10/2025 02:45;0
17/10/2025 03:00;0
17/10/2025 03:15;0
17/10/2025 03:30;0
17/10/2025 03:45;0
17/10/2025 04:00;0
17/10/2025 04:15;0
17/10/2025 04:30;0
17/10/2025 04:45;0
17/10/2025 05:00;0
17/10/2025 05:15;0
17/10/2025 05:30;0
17/10/2025 05:45;0
17/10/2025 06:00;0
17/10/2025 06:15;0
17/10/2025 06:30;0
17/10/2025 06:45;0
17/10/2025 07:00;0
17/10/2025 07:15;0
17/10/2025 07:30;0
17/10/2025 07:45;0
17/10/2025 08:00;0
17/10/2025 08:15;0
17/10/2025 08:30;0
17/10/2025 08:45;0
17/10/2025 09:00;0
17/10/2025 09:15;0
17/10/2025 09:30;0
17/10/2025 09:45;0
17/10/2025 10:00;0
17/10/2025 10:15;0
17/10/2025 10:30;0
17/10/2025 10:45;0
17/10/2025 11:00;0
17/10/2025 11:15;0
17/10/2025 11:30;0
17/10/2025 11:45;0
17/10/2025 12:00;0
17/10/2025 12:15;0
17/10/2025 12:30;0
17/10/2025 12:45;0
17/10/2025 13:00;0
17/10/2025 13:15;0
17/10/2025 13:30;0
17/10/2025 13:45;0
17/10/2025 14:00;0
17/10/2025 14:15;0
17/10/2025 14:30;0
17/10/2025 14:45;0
17/10/2025 15:00;0
17/10/2025 15:15;0
17/10/2025 15:30;0
17/10/2025 15:45;0
17/10/2025 16:00;0
17/10/2025 16:15;0
17/10/2025 16:30;0
17/10/2025 16:45;0
17/10/2025 17:00;0
17/10/2025 17:15;0
17/10/2025 17:30;0
17/10/2025 17:45;0
17/10/2025 18:00;0
17/10/2025 18:15;0
17/10/2025 18:30;0
17/10/2025 18:45;0
17/10/2025 19:00;0
17/10/2025 19:15;0
17/10/2025 19:30;0
17/10/2025 19:45;0
17/10/2025 20:00;0
17/10/2025 20:15;0
17/10/2025 20:30;0
17/10/2025 20:45;0
17/10/2025 21:00;0
17/10/2025 21:15;0
17/10/2025 21:30;0
17/10/2025 21:45;0
17/10/2025 22:00;0
17/10/2025 22:15;0
17/10/2025 22:30;0
17/10/2025 22:45;0
17/10/2025 23:00;0
17/10/2025 23:15;0
17/10/2025 23:30;0
17/10/2025 23:45;0
18/10/2025 00:00;0
18/10/2025 00:15;0
18/10/2025 00:30;0
18/10/2025 00:45;0
18/10/2025 01:00;0
18/10/2025 01:15;0
18/10/2025 01:30;0
18/10/2025 01:45;0
18/10/2025 02:00;0
18/10/2025 02:15;0
18/10/2025 02:30;0
18/10/2025 02:45;0
18/10/2025 03:00;0
18/10/2025 03:15;0
18/10/2025 03:30;0
18/10/2025 03:45;0
18/10/2025 04:00;0
18/10/2025 04:15;0
18/10/2025 04:30;0
18/10/2025 04:45;0
18/10/2025 05:00;0
18/10/2025 05:15;0
18/10/2025 05:30;0
18/10/2025 05:45;0
18/10/2025 06:00;0
18/10/2025 06:15;0
18/10/2025 06:30;0
18/10/2025 06:45;0
18/10/2025 07:00;0
18/10/2025 07:15;0
18/10/2025 07:30;0
18/10/2025 07:45;0
18/10/2025 08:00;0
18/10/2025 08:15;0
18/10/2025 08:30;0
18/10/2025 08:45;0
18/10/2025 09:00;0
18/10/2025 09:15;0
18/10/2025 09:30;0
18/10/2025 09:45;0
18/10/2025 10:00;0
18/10/2025 10:15;0
18/10/2025 10:30;0
18/10/2025 10:45;0
18/10/2025 11:00;0
18/10/2025 11:15;0
18/10/2025 11:30;0
18/10/2025 11:45;0
18/10/2025 12:00;0
18/10/2025 12:15;0
18/10/2025 12:30;0
18/10/2025 12:45;0
18/10/2025 13:00;0
18/10/2025 13:15;0
18/10/2025 13:30;0
18/10/2025 13:45;0
18/10/2025 14:00;0
18/10/2025 14:15;0
18/10/2025 14:30;0
18/10/2025 14:45;0
18/10/2025 15:00;0
18/10/2025 15:15;0
18/10/2025 15:30;0
18/10/2025 15:45;0
18/10/2025 16:00;0
18/10/2025 16:15;0
18/10/2025 16:30;0
18/10/2025 16:45;0
18/10/2025 17:00;0
18/10/2025 17:15;0
18/10/2025 17:30;0
18/10/2025 17:45;0
18/10/2025 18:00;0
18/10/2025 18:15;0
18/10/2025 18:30;0
18/10/2025 18:45;0
18/10/2025 19:00;0
18/10/2025 19:15;0
18/10/2025 19:30;0
18/10/2025 19:45;0
18/10/2025 20:00;0
18/10/2025 20:15;0
18/10/2025 20:30;0
18/10/2025 20:45;0
18/10/2025 21:00;0
18/10/2025 21:15;0
18/10/2025 21:30;0
18/10/2025 21:45;0
18/10/2025 22:00;0
18/10/2025 22:15;0
18/10/2025 22:30;0
18/10/2025 22:45;0
18/10/2025 23:00;0
18/10/2025 23:15;0
18/10/2025 23:30;0
18/10/2025 23:45;0
19/10/2025 00:00;0
19/10/2025 00:15;0
19/10/2025 00:30;0
19/10/2025 00:45;0
19/10/2025 01:00;0
19/10/2025 01:15;0
19/10/2025 01:30;0
19/10/2025 01:45;0
19/10/2025 02:00;0
19/10/2025 02:15;0
19/10/2025 02:30;0
19/10/2025 02:45;0
19/10/2025 03:00;0
19/10/2025 03:15;0
19/10/2025 03:30;0
19/10/2025 03:45;0
19/10/2025 04:00;0
19/10/2025 04:15;0
19/10/2025 04:30;0
19/10/2025 04:45;0
19/10/2025 05:00;0
19/10/2025 05:15;0
19/10/2025 05:30;0
19/10/2025 05:45;0
19/10/2025 06:00;0
19/10/2025 06:15;0
19/10/2025 06:30;0
19/10/2025 06:45;0
19/10/2025 07:00;0
19/10/2025 07:15;0
19/10/2025 07:30;0
19/10/2025 07:45;0
19/10/2025 08:00;0
19/10/2025 08:15;0
19/10/2025 08:30;0
19/10/2025 08:45;0
19/10/2025 09:00;0
19/10/2025 09:15;0
19/10/2025 09:30;0
19/10/2025 09:45;0
19/10/2025 10:00;0
19/10/2025 10:15;0
19/10/2025 10:30;0
19/10/2025 10:45;0
19/10/2025 11:00;0
19/10/2025 11:15;0
19/10/2025 11:30;0
19/10/2025 11:45;0
19/10/2025 12:00;0
19/10/2025 12:15;0
19/10/2025 12:30;0
19/10/2025 12:45;0
19/10/2025 13:00;0
19/10/2025 13:15;0
19/10/2025 13:30;0
19/10/2025 13:45;0
19/10/2025 14:00;0
19/10/2025 14:15;0
19/10/2025 14:30;0
19/10/2025 14:45;0
19/10/2025 15:00;0
19/10/2025 15:15;0
19/10/2025 15:30;0.1
19/10/2025 15:45;0
19/10/2025 16:00;0
19/10/2025 16:15;0
19/10/2025 16:30;0
19/10/2025 16:45;0
19/10/2025 17:00;0
19/10/2025 17:15;0
19/10/2025 17:30;0
19/10/2025 17:45;0
19/10/2025 18:00;0
19/10/2025 18:15;0
19/10/2025 18:30;0
19/10/2025 18:45;0
19/10/2025 19:00;0
19/10/2025 19:15;0
19/10/2025 19:30;0
19/10/2025 19:45;0
19/10/2025 20:00;0
19/10/2025 20:15;0
19/10/2025 20:30;0
19/10/2025 20:45;0
19/10/2025 21:00;0
19/10/2025 21:15;0
19/10/2025 21:30;0
19/10/2025 21:45;0.2
19/10/2025 22:00;0.5
19/10/2025 22:15;0.3
19/10/2025 22:30;0.3
19/10/2025 22:45;0.4
19/10/2025 23:00;0.3
19/10/2025 23:15;0.5
19/10/2025 23:30;0.6
19/10/2025 23:45;0.6
20/10/2025 00:00;0
20/10/2025 00:15;0.2
20/10/2025 00:30;0.3
20/10/2025 00:45;1.3
20/10/2025 01:00;0.3
20/10/2025 01:15;0.1
20/10/2025 01:30;0.1
20/10/2025 01:45;0
20/10/2025 02:00;0
20/10/2025 02:15;0
20/10/2025 02:30;0.4
20/10/2025 02:45;0.1
20/10/2025 03:00;0
20/10/2025 03:15;0
20/10/2025 03:30;0
20/10/2025 03:45;0
20/10/2025 04:00;0
20/10/2025 04:15;0
20/10/2025 04:30;0
20/10/2025 04:45;0.1
20/10/2025 05:00;0.1
20/10/2025 05:15;0
20/10/2025 05:30;0
20/10/2025 05:45;0
20/10/2025 06:00;0
20/10/2025 06:15;0
20/10/2025 06:30;0
20/10/2025 06:45;0
20/10/2025 07:00;0
20/10/2025 07:15;0
20/10/2025 07:30;0
20/10/2025 07:45;0
20/10/2025 08:00;0
20/10/2025 08:15;0
20/10/2025 08:30;0
20/10/2025 08:45;0
20/10/2025 09:00;0
20/10/2025 09:15;0
20/10/2025 09:30;0
20/10/2025 09:45;0
20/10/2025 10:00;0
20/10/2025 10:15;0
20/10/2025 10:30;0
20/10/2025 10:45;0
20/10/2025 11:00;0
20/10/2025 11:15;0
20/10/2025 11:30;0
20/10/2025 11:45;0
20/10/2025 12:00;0
20/10/2025 12:15;0
20/10/2025 12:30;0
20/10/2025 12:45;0
20/10/2025 13:00;0
20/10/2025 13:15;0
20/10/2025 13:30;0
20/10/2025 13:45;0
20/10/2025 14:00;0
20/10/2025 14:15;0
20/10/2025 14:30;0
20/10/2025 14:45;0
20/10/2025 15:00;0
20/10/2025 15:15;0
20/10/2025 15:30;0
20/10/2025 15:45;0
20/10/2025 16:00;0
20/10/2025 16:15;0
20/10/2025 16:30;0
20/10/2025 16:45;0
20/10/2025 17:00;0
20/10/2025 17:15;0
20/10/2025 17:30;0
20/10/2025 17:45;0
20/10/2025 18:00;0
20/10/2025 18:15;0
20/10/2025 18:30;0
20/10/2025 18:45;0
20/10/2025 19:00;0
20/10/2025 19:15;0
20/10/2025 19:30;0
20/10/2025 19:45;0
20/10/2025 20:00;0
20/10/2025 20:15;0
20/10/2025 20:30;0
20/10/2025 20:45;0
20/10/2025 21:00;0
20/10/2025 21:15;0
20/10/2025 21:30;0
20/10/2025 21:45;0
20/10/2025 22:00;0
20/10/2025 22:15;0
20/10/2025 22:30;0
20/10/2025 22:45;0
20/10/2025 23:00;0
20/10/2025 23:15;0
20/10/2025 23:30;0
20/10/2025 23:45;0
21/10/2025 00:00;0
21/10/2025 00:15;0
21/10/2025 00:30;0
21/10/2025 00:45;0
21/10/2025 01:00;0
21/10/2025 01:15;0
21/10/2025 01:30;0
21/10/2025 01:45;0
21/10/2025 02:00;0
21/10/2025 02:15;0
21/10/2025 02:30;0
21/10/2025 02:45;0
21/10/2025 03:00;0
21/10/2025 03:15;0
21/10/2025 03:30;0
21/10/2025 03:45;0
21/10/2025 04:00;0
21/10/2025 04:15;0
21/10/2025 04:30;0
21/10/2025 04:45;0
21/10/2025 05:00;0
21/10/2025 05:15;0
21/10/2025 05:30;0
21/10/2025 05:45;0
21/10/2025 06:00;0
21/10/2025 06:15;0
21/10/2025 06:30;0
21/10/2025 06:45;0
21/10/2025 07:00;0
21/10/2025 07:15;0
21/10/2025 07:30;0
21/10/2025 07:45;0
21/10/2025 08:00;0
21/10/2025 08:15;0
21/10/2025 08:30;0
21/10/2025 08:45;0
21/10/2025 09:00;0
21/10/2025 09:15;0
21/10/2025 09:30;0
21/10/2025 09:45;0
21/10/2025 10:00;0
21/10/2025 10:15;0
21/10/2025 10:30;0
21/10/2025 10:45;0
21/10/2025 11:00;0
21/10/2025 11:15;0
21/10/2025 11:30;0
21/10/2025 11:45;0
21/10/2025 12:00;0
21/10/2025 12:15;0
21/10/2025 12:30;0
21/10/2025 12:45;0
21/10/2025 13:00;0
21/10/2025 13:15;0
21/10/2025 13:30;0
21/10/2025 13:45;0
21/10/2025 14:00;0
21/10/2025 14:15;0
21/10/2025 14:30;0
21/10/2025 14:45;0
21/10/2025 15:00;0
21/10/2025 15:15;0
21/10/2025 15:30;0
21/10/2025 15:45;0
21/10/2025 16:00;0
21/10/2025 16:15;0
21/10/2025 16:30;0
21/10/2025 16:45;0
21/10/2025 17:00;0
21/10/2025 17:15;0
21/10/2025 17:30;0
21/10/2025 17:45;0
21/10/2025 18:00;0
21/10/2025 18:15;0
21/10/2025 18:30;0
21/10/2025 18:45;0
21/10/2025 19:00;0
21/10/2025 19:15;0
21/10/2025 19:30;0
21/10/2025 19:45;0
21/10/2025 20:00;0
21/10/2025 20:15;0
21/10/2025 20:30;0
21/10/2025 20:45;0
21/10/2025 21:00;0
21/10/2025 21:15;0
21/10/2025 21:30;0
21/10/2025 21:45;0
21/10/2025 22:00;0
21/10/2025 22:15;1.4
21/10/2025 22:30;0.3
21/10/2025 22:45;0
21/10/2025 23:00;0
21/10/2025 23:15;0
21/10/2025 23:30;0
21/10/2025 23:45;0
22/10/2025 00:00;0
22/10/2025 00:15;0
22/10/2025 00:30;0
22/10/2025 00:45;0
22/10/2025 01:00;0
22/10/2025 01:15;0
22/10/2025 01:30;0
22/10/2025 01:45;0
22/10/2025 02:00;0
22/10/2025 02:15;0
22/10/2025 02:30;0
22/10/2025 02:45;0
22/10/2025 03:00;0
22/10/2025 03:15;0
22/10/2025 03:30;0
22/10/2025 03:45;0
22/10/2025 04:00;0
22/10/2025 04:15;0
22/10/2025 04:30;0
22/10/2025 04:45;0.1
22/10/2025 05:00;0
22/10/2025 05:15;0
22/10/2025 05:30;0
22/10/2025 05:45;0
22/10/2025 06:00;0
22/10/2025 06:15;0
22/10/2025 06:30;0
22/10/2025 06:45;0
22/10/2025 07:00;0
22/10/2025 07:15;0
22/10/2025 07:30;0
22/10/2025 07:45;0
22/10/2025 08:00;0
22/10/2025 08:15;0
22/10/2025 08:30;0
22/10/2025 08:45;0
22/10/2025 09:00;0
22/10/2025 09:15;0
22/10/2025 09:30;0
22/10/2025 09:45;0
22/10/2025 10:00;0
22/10/2025 10:15;0
22/10/2025 10:30;0
22/10/2025 10:45;0
22/10/2025 11:00;0
22/10/2025 11:15;0
22/10/2025 11:30;0
22/10/2025 11:45;0
22/10/2025 12:00;0
22/10/2025 12:15;0
22/10/2025 12:30;0
22/10/2025 12:45;0
22/10/2025 13:00;0
22/10/2025 13:15;0
22/10/2025 13:30;0
22/10/2025 13:45;0
22/10/2025 14:00;0
22/10/2025 14:15;0
22/10/2025 14:30;0
22/10/2025 14:45;0
22/10/2025 15:00;0
22/10/2025 15:15;0
22/10/2025 15:30;0
22/10/2025 15:45;0
22/10/2025 16:00;0
22/10/2025 16:15;0
22/10/2025 16:30;0
22/10/2025 16:45;0
22/10/2025 17:00;0
22/10/2025 17:15;0
22/10/2025 17:30;0
22/10/2025 17:45;0
22/10/2025 18:00;0
22/10/2025 18:15;0
22/10/2025 18:30;0
22/10/2025 18:45;0
22/10/2025 19:00;0
22/10/2025 19:15;0
22/10/2025 19:30;0
22/10/2025 19:45;0
22/10/2025 20:00;0
22/10/2025 20:15;0
22/10/2025 20:30;0
22/10/2025 20:45;0
22/10/2025 21:00;0
22/10/2025 21:15;0
22/10/2025 21:30;0
22/10/2025 21:45;0
22/10/2025 22:00;0
22/10/2025 22:15;0
22/10/2025 22:30;0
22/10/2025 22:45;0
22/10/2025 23:00;0
22/10/2025 23:15;0
22/10/2025 23:30;0
22/10/2025 23:45;0
23/10/2025 00:00;0
23/10/2025 00:15;0
23/10/2025 00:30;0
23/10/2025 00:45;0
23/10/2025 01:00;0
23/10/2025 01:15;0
23/10/2025 01:30;0
23/10/2025 01:45;0
23/10/2025 02:00;0
23/10/2025 02:15;0
23/10/2025 02:30;0
23/10/2025 02:45;0
23/10/2025 03:00;0
23/10/2025 03:15;0
23/10/2025 03:30;0
23/10/2025 03:45;0.4
23/10/2025 04:00;0
23/10/2025 04:15;0
23/10/2025 04:30;0
23/10/2025 04:45;0
23/10/2025 05:00;0
23/10/2025 05:15;0
23/10/2025 05:30;0
23/10/2025 05:45;0
23/10/2025 06:00;0
23/10/2025 06:15;0
23/10/2025 06:30;0
23/10/2025 06:45;0
23/10/2025 07:00;0
23/10/2025 07:15;0
23/10/2025 07:30;0
23/10/2025 07:45;0
23/10/2025 08:00;0.2
23/10/2025 08:15;0.3
23/10/2025 08:30;0.6
23/10/2025 08:45;1.3
23/10/2025 09:00;0.9
23/10/2025 09:15;0.1
23/10/2025 09:30;0
23/10/2025 09:45;0.1
23/10/2025 10:00;0
23/10/2025 10:15;0
23/10/2025 10:30;0
23/10/2025 10:45;0
23/10/2025 11:00;0
23/10/2025 11:15;0
23/10/2025 11:30;0
23/10/2025 11:45;0.1
23/10/2025 12:00;0
23/10/2025 12:15;0
23/10/2025 12:30;0
23/10/2025 12:45;0
23/10/2025 13:00;0
23/10/2025 13:15;0
23/10/2025 13:30;0
23/10/2025 13:45;0
23/10/2025 14:00;0
23/10/2025 14:15;0
23/10/2025 14:30;0
23/10/2025 14:45;0
23/10/2025 15:00;0
23/10/2025 15:15;0
23/10/2025 15:30;0
23/10/2025 15:45;0
23/10/2025 16:00;0
23/10/2025 16:15;0
23/10/2025 16:30;0
23/10/2025 16:45;0
23/10/2025 17:00;0
23/10/2025 17:15;0
23/10/2025 17:30;0
23/10/2025 17:45;0
23/10/2025 18:00;0
23/10/2025 18:15;0
23/10/2025 18:30;0
23/10/2025 18:45;0
23/10/2025 19:00;0
23/10/2025 19:15;0
23/10/2025 19:30;0
23/10/2025 19:45;0
23/10/2025 20:00;0
23/10/2025 20:15;0
23/10/2025 20:30;0
23/10/2025 20:45;0
23/10/2025 21:00;0
23/10/2025 21:15;0
23/10/2025 21:30;0
23/10/2025 21:45;0
23/10/2025 22:00;0
23/10/2025 22:15;0
23/10/2025 22:30;0
23/10/2025 22:45;0
23/10/2025 23:00;0
23/10/2025 23:15;0
23/10/2025 23:30;0
23/10/2025 23:45;0
24/10/2025 00:00;0
24/10/2025 00:15;0
24/10/2025 00:30;0
24/10/2025 00:45;0
24/10/2025 01:00;0
24/10/2025 01:15;0
24/10/2025 01:30;0
24/10/2025 01:45;0
24/10/2025 02:00;0
24/10/2025 02:15;0
24/10/2025 02:30;0
24/10/2025 02:45;0
24/10/2025 03:00;0
24/10/2025 03:15;0
24/10/2025 03:30;0
24/10/2025 03:45;0
24/10/2025 04:00;0
24/10/2025 04:15;0
24/10/2025 04:30;0
24/10/2025 04:45;0
24/10/2025 05:00;0
24/10/2025 05:15;0
24/10/2025 05:30;0
24/10/2025 05:45;0
24/10/2025 06:00;0
24/10/2025 06:15;0
24/10/2025 06:30;0
24/10/2025 06:45;0
24/10/2025 07:00;0
24/10/2025 07:15;0
24/10/2025 07:30;0
24/10/2025 07:45;0
24/10/2025 08:00;0
24/10/2025 08:15;0
24/10/2025 08:30;0
24/10/2025 08:45;0
24/10/2025 09:00;0
24/10/2025 09:15;0
24/10/2025 09:30;0
24/10/2025 09:45;0
24/10/2025 10:00;0
24/10/2025 10:15;0
24/10/2025 10:30;0
24/10/2025 10:45;0
24/10/2025 11:00;0
24/10/2025 11:15;0
24/10/2025 11:30;0
24/10/2025 11:45;0
24/10/2025 12:00;0
24/10/2025 12:15;0
24/10/2025 12:30;0
24/10/2025 12:45;0
24/10/2025 13:00;0
24/10/2025 13:15;0
24/10/2025 13:30;0
24/10/2025 13:45;0
24/10/2025 14:00;0
24/10/2025 14:15;0
24/10/2025 14:30;0
24/10/2025 14:45;0
24/10/2025 15:00;0
24/10/2025 15:15;0
24/10/2025 15:30;0
24/10/2025 15:45;0
24/10/2025 16:00;0
24/10/2025 16:15;0
24/10/2025 16:30;0
24/10/2025 16:45;0
24/10/2025 17:00;0
24/10/2025 17:15;0
24/10/2025 17:30;0
24/10/2025 17:45;0
24/10/2025 18:00;0
24/10/2025 18:15;0
24/10/2025 18:30;0
24/10/2025 18:45;0
24/10/2025 19:00;0
24/10/2025 19:15;0
24/10/2025 19:30;0
24/10/2025 19:45;0
24/10/2025 20:00;0
24/10/2025 20:15;0
24/10/2025 20:30;0
24/10/2025 20:45;0
24/10/2025 21:00;0
24/10/2025 21:15;0
24/10/2025 21:30;0
24/10/2025 21:45;0
24/10/2025 22:00;0
24/10/2025 22:15;0
24/10/2025 22:30;0
24/10/2025 22:45;0
24/10/2025 23:00;0
24/10/2025 23:15;0
24/10/2025 23:30;0
24/10/2025 23:45;0
25/10/2025 00:00;0
25/10/2025 00:15;0
25/10/2025 00:30;0
25/10/2025 00:45;0
25/10/2025 01:00;0
25/10/2025 01:15;0
25/10/2025 01:30;0
25/10/2025 01:45;0.1
25/10/2025 02:00;0
25/10/2025 02:15;0
25/10/2025 02:30;0
25/10/2025 02:45;0
25/10/2025 03:00;0
25/10/2025 03:15;0
25/10/2025 03:30;0
25/10/2025 03:45;0
25/10/2025 04:00;0.2
25/10/2025 04:15;0.1
25/10/2025 04:30;0.1
25/10/2025 04:45;0
25/10/2025 05:00;0.1
25/10/2025 05:15;0
25/10/2025 05:30;0.2
25/10/2025 05:45;0.3
25/10/2025 06:00;0
25/10/2025 06:15;0.1
25/10/2025 06:30;0
25/10/2025 06:45;0
25/10/2025 07:00;0
25/10/2025 07:15;0
25/10/2025 07:30;0
25/10/2025 07:45;0
25/10/2025 08:00;0
25/10/2025 08:15;0
25/10/2025 08:30;0
25/10/2025 08:45;0
25/10/2025 09:00;0
25/10/2025 09:15;0
25/10/2025 09:30;0
25/10/2025 09:45;0
25/10/2025 10:00;0
25/10/2025 10:15;0
25/10/2025 10:30;0
25/10/2025 10:45;0
25/10/2025 11:00;0
25/10/2025 11:15;0
25/10/2025 11:30;0
25/10/2025 11:45;0
25/10/2025 12:00;0
25/10/2025 12:15;0
25/10/2025 12:30;0
25/10/2025 12:45;0
25/10/2025 13:00;0
25/10/2025 13:15;0
25/10/2025 13:30;0
25/10/2025 13:45;0
25/10/2025 14:00;0
25/10/2025 14:15;0
25/10/2025 14:30;0
25/10/2025 14:45;0
25/10/2025 15:00;0
25/10/2025 15:15;0
25/10/2025 15:30;0
25/10/2025 15:45;0
25/10/2025 16:00;0
25/10/2025 16:15;0
25/10/2025 16:30;0
25/10/2025 16:45;0.1
25/10/2025 17:00;0.1
25/10/2025 17:15;0.1
25/10/2025 17:30;0
25/10/2025 17:45;0
25/10/2025 18:00;0.1
25/10/2025 18:15;0
25/10/2025 18:30;0
25/10/2025 18:45;0
25/10/2025 19:00;0
25/10/2025 19:15;0
25/10/2025 19:30;0
25/10/2025 19:45;0
25/10/2025 20:00;0
25/10/2025 20:15;0
25/10/2025 20:30;0
25/10/2025 20:45;0
25/10/2025 21:00;0
25/10/2025 21:15;0
25/10/2025 21:30;0
25/10/2025 21:45;0
25/10/2025 22:00;0
25/10/2025 22:15;0
25/10/2025 22:30;0
25/10/2025 22:45;0
25/10/2025 23:00;0
25/10/2025 23:15;0
25/10/2025 23:30;0
25/10/2025 23:45;0
26/10/2025 00:00;0
26/10/2025 00:15;0
26/10/2025 00:30;0
26/10/2025 00:45;0
26/10/2025 01:00;0
26/10/2025 01:15;0
26/10/2025 01:30;0
26/10/2025 01:45;0
26/10/2025 02:00;0
26/10/2025 02:15;0
26/10/2025 02:30;0
26/10/2025 02:45;0
26/10/2025 03:00;0
26/10/2025 03:15;0
26/10/2025 03:30;0
26/10/2025 03:45;0
26/10/2025 04:00;0
26/10/2025 04:15;0
26/10/2025 04:30;0
26/10/2025 04:45;0
26/10/2025 05:00;0
26/10/2025 05:15;0
26/10/2025 05:30;0
26/10/2025 05:45;0
26/10/2025 06:00;0
26/10/2025 06:15;0
26/10/2025 06:30;0
26/10/2025 06:45;0
26/10/2025 07:00;0
26/10/2025 07:15;0
26/10/2025 07:30;0
26/10/2025 07:45;0
26/10/2025 08:00;0
26/10/2025 08:15;0
26/10/2025 08:30;0
26/10/2025 08:45;0
26/10/2025 09:00;0
26/10/2025 09:15;0
26/10/2025 09:30;0
26/10/2025 09:45;0
26/10/2025 10:00;0
26/10/2025 10:15;0
26/10/2025 10:30;0
26/10/2025 10:45;0
26/10/2025 11:00;0
26/10/2025 11:15;0
26/10/2025 11:30;0
26/10/2025 11:45;0
26/10/2025 12:00;0
26/10/2025 12:15;0
26/10/2025 12:30;0
26/10/2025 12:45;0
26/10/2025 13:00;0
26/10/2025 13:15;0
26/10/2025 13:30;0
26/10/2025 13:45;0
26/10/2025 14:00;0
26/10/2025 14:15;0
26/10/2025 14:30;0
26/10/2025 14:45;0
26/10/2025 15:00;0
26/10/2025 15:15;0
26/10/2025 15:30;0
26/10/2025 15:45;0
26/10/2025 16:00;0
26/10/2025 16:15;0
26/10/2025 16:30;0
26/10/2025 16:45;0
26/10/2025 17:00;0
26/10/2025 17:15;0
26/10/2025 17:30;0
26/10/2025 17:45;0
26/10/2025 18:00;0
26/10/2025 18:15;0
26/10/2025 18:30;0
26/10/2025 18:45;0
26/10/2025 19:00;0
26/10/2025 19:15;0
26/10/2025 19:30;0
26/10/2025 19:45;0
26/10/2025 20:00;0
26/10/2025 20:15;0
26/10/2025 20:30;0
26/10/2025 20:45;0
26/10/2025 21:00;0
26/10/2025 21:15;0
26/10/2025 21:30;0
26/10/2025 21:45;0
26/10/2025 22:00;0
26/10/2025 22:15;0
26/10/2025 22:30;0
26/10/2025 22:45;0
26/10/2025 23:00;0
26/10/2025 23:15;0
26/10/2025 23:30;0
26/10/2025 23:45;0
27/10/2025 00:00;0
27/10/2025 00:15;0
27/10/2025 00:30;0
27/10/2025 00:45;0
27/10/2025 01:00;0
27/10/2025 01:15;0
27/10/2025 01:30;0
27/10/2025 01:45;0
27/10/2025 02:00;0
27/10/2025 02:15;0
27/10/2025 02:30;0
27/10/2025 02:45;0
27/10/2025 03:00;0
27/10/2025 03:15;0
27/10/2025 03:30;0
27/10/2025 03:45;0
27/10/2025 04:00;0
27/10/2025 04:15;0
27/10/2025 04:30;0
27/10/2025 04:45;0
27/10/2025 05:00;0
27/10/2025 05:15;0
27/10/2025 05:30;0
27/10/2025 05:45;0
27/10/2025 06:00;0
27/10/2025 06:15;0
27/10/2025 06:30;0
27/10/2025 06:45;0
27/10/2025 07:00;0
27/10/2025 07:15;0
27/10/2025 07:30;0
27/10/2025 07:45;0
27/10/2025 08:00;0
27/10/2025 08:15;0
27/10/2025 08:30;0
27/10/2025 08:45;0
27/10/2025 09:00;0
27/10/2025 09:15;0
27/10/2025 09:30;0
27/10/2025 09:45;0
27/10/2025 10:00;0
27/10/2025 10:15;0
27/10/2025 10:30;0
27/10/2025 10:45;0
27/10/2025 11:00;0
27/10/2025 11:15;0
27/10/2025 11:30;0
27/10/2025 11:45;0
27/10/2025 12:00;0
27/10/2025 12:15;0
27/10/2025 12:30;0
27/10/2025 12:45;0
27/10/2025 13:00;0
27/10/2025 13:15;0
27/10/2025 13:30;0
27/10/2025 13:45;0
27/10/2025 14:00;0
27/10/2025 14:15;0
27/10/2025 14:30;0
27/10/2025 14:45;0
27/10/2025 15:00;0
27/10/2025 15:15;0
27/10/2025 15:30;0
27/10/2025 15:45;0
27/10/2025 16:00;0
27/10/2025 16:15;0
27/10/2025 16:30;0
27/10/2025 16:45;0
27/10/2025 17:00;0
27/10/2025 17:15;0
27/10/2025 17:30;0
27/10/2025 17:45;0
27/10/2025 18:00;0
27/10/2025 18:15;0
27/10/2025 18:30;0
27/10/2025 18:45;0
27/10/2025 19:00;0
27/10/2025 19:15;0
27/10/2025 19:30;0
27/10/2025 19:45;0
27/10/2025 20:00;0
27/10/2025 20:15;0
27/10/2025 20:30;0
27/10/2025 20:45;0
27/10/2025 21:00;0
27/10/2025 21:15;0
27/10/2025 21:30;0
27/10/2025 21:45;0
27/10/2025 22:00;0
27/10/2025 22:15;0
27/10/2025 22:30;0
27/10/2025 22:45;0
27/10/2025 23:00;0
27/10/2025 23:15;0
27/10/2025 23:30;0
27/10/2025 23:45;0
28/10/2025 00:00;0
28/10/2025 00:15;0
28/10/2025 00:30;0
28/10/2025 00:45;0
28/10/2025 01:00;0
28/10/2025 01:15;0
28/10/2025 01:30;0
28/10/2025 01:45;0
28/10/2025 02:00;0
28/10/2025 02:15;0
28/10/2025 02:30;0
28/10/2025 02:45;0
28/10/2025 03:00;0
28/10/2025 03:15;0
28/10/2025 03:30;0
28/10/2025 03:45;0
28/10/2025 04:00;0
28/10/2025 04:15;0
28/10/2025 04:30;0
28/10/2025 04:45;0
28/10/2025 05:00;0
28/10/2025 05:15;0
28/10/2025 05:30;0
28/10/2025 05:45;0
28/10/2025 06:00;0
28/10/2025 06:15;0
28/10/2025 06:30;0
28/10/2025 06:45;0
28/10/2025 07:00;0
28/10/2025 07:15;0
28/10/2025 07:30;0
28/10/2025 07:45;0
28/10/2025 08:00;0
28/10/2025 08:15;0
28/10/2025 08:30;0
28/10/2025 08:45;0
28/10/2025 09:00;0
28/10/2025 09:15;0
28/10/2025 09:30;0
28/10/2025 09:45;0
28/10/2025 10:00;0
28/10/2025 10:15;0
28/10/2025 10:30;0
28/10/2025 10:45;0
28/10/2025 11:00;0
28/10/2025 11:15;0
28/10/2025 11:30;0
28/10/2025 11:45;0
28/10/2025 12:00;0
28/10/2025 12:15;0
28/10/2025 12:30;0
28/10/2025 12:45;0
28/10/2025 13:00;0
28/10/2025 13:15;0
28/10/2025 13:30;0
28/10/2025 13:45;0
28/10/2025 14:00;0
28/10/2025 14:15;0
28/10/2025 14:30;0
28/10/2025 14:45;0
28/10/2025 15:00;0
28/10/2025 15:15;0
28/10/2025 15:30;0
28/10/2025 15:45;0
28/10/2025 16:00;0
28/10/2025 16:15;0
28/10/2025 16:30;0
28/10/2025 16:45;0
28/10/2025 17:00;0
28/10/2025 17:15;0
28/10/2025 17:30;0
28/10/2025 17:45;0
28/10/2025 18:00;0
28/10/2025 18:15;0
28/10/2025 18:30;0
28/10/2025 18:45;0
28/10/2025 19:00;0
28/10/2025 19:15;0
28/10/2025 19:30;0
28/10/2025 19:45;0
28/10/2025 20:00;0
28/10/2025 20:15;0
28/10/2025 20:30;0
28/10/2025 20:45;0
28/10/2025 21:00;0
28/10/2025 21:15;0
28/10/2025 21:30;0
28/10/2025 21:45;0
28/10/2025 22:00;0
28/10/2025 22:15;0
28/10/2025 22:30;0
28/10/2025 22:45;0
28/10/2025 23:00;0
28/10/2025 23:15;0
28/10/2025 23:30;0
28/10/2025 23:45;0
29/10/2025 00:00;0
29/10/2025 00:15;0
29/10/2025 00:30;0
29/10/2025 00:45;0
29/10/2025 01:00;0
29/10/2025 01:15;0
29/10/2025 01:30;0
29/10/2025 01:45;0
29/10/2025 02:00;0
29/10/2025 02:15;0
29/10/2025 02:30;0
29/10/2025 02:45;0
29/10/2025 03:00;0
29/10/2025 03:15;0
29/10/2025 03:30;0
29/10/2025 03:45;0
29/10/2025 04:00;0
29/10/2025 04:15;0
29/10/2025 04:30;0
29/10/2025 04:45;0
29/10/2025 05:00;0
29/10/2025 05:15;0
29/10/2025 05:30;0
29/10/2025 05:45;0.1
29/10/2025 06:00;0.1
29/10/2025 06:15;0.1
29/10/2025 06:30;0.3
29/10/2025 06:45;0.1
29/10/2025 07:00;0.1
29/10/2025 07:15;0.2
29/10/2025 07:30;0.3
29/10/2025 07:45;0.5
29/10/2025 08:00;0.5
29/10/2025 08:15;0.6
29/10/2025 08:30;0.4
29/10/2025 08:45;0.2
29/10/2025 09:00;0.1
29/10/2025 09:15;0
29/10/2025 09:30;0
29/10/2025 09:45;0
29/10/2025 10:00;0
29/10/2025 10:15;0.1
29/10/2025 10:30;0.1
29/10/2025 10:45;0
29/10/2025 11:00;0
29/10/2025 11:15;0.1
29/10/2025 11:30;0
29/10/2025 11:45;0
29/10/2025 12:00;0
29/10/2025 12:15;0
29/10/2025 12:30;0
29/10/2025 12:45;0
29/10/2025 13:00;0
29/10/2025 13:15;0
29/10/2025 13:30;0
29/10/2025 13:45;0
29/10/2025 14:00;0
29/10/2025 14:15;0
29/10/2025 14:30;0
29/10/2025 14:45;0
29/10/2025 15:00;0
29/10/2025 15:15;0
29/10/2025 15:30;0
29/10/2025 15:45;0
29/10/2025 16:00;0
29/10/2025 16:15;0
29/10/2025 16:30;0
29/10/2025 16:45;0
29/10/2025 17:00;0
29/10/2025 17:15;0
29/10/2025 17:30;0
29/10/2025 17:45;0
29/10/2025 18:00;0
29/10/2025 18:15;0
29/10/2025 18:30;0
29/10/2025 18:45;0
29/10/2025 19:00;0
29/10/2025 19:15;0
29/10/2025 19:30;0
29/10/2025 19:45;0
29/10/2025 20:00;0
29/10/2025 20:15;0
29/10/2025 20:30;0
29/10/2025 20:45;0
29/10/2025 21:00;0
29/10/2025 21:15;0
29/10/2025 21:30;0
29/10/2025 21:45;0
29/10/2025 22:00;0.1
29/10/2025 22:15;2.8
29/10/2025 22:30;0.1
29/10/2025 22:45;0.2
29/10/2025 23:00;0.1
29/10/2025 23:15;0
29/10/2025 23:30;0
29/10/2025 23:45;0
30/10/2025 00:00;0
30/10/2025 00:15;0
30/10/2025 00:30;0
30/10/2025 00:45;0
30/10/2025 01:00;0
30/10/2025 01:15;0
30/10/2025 01:30;0
30/10/2025 01:45;0
30/10/2025 02:00;0
30/10/2025 02:15;0
30/10/2025 02:30;0
30/10/2025 02:45;0
30/10/2025 03:00;0
30/10/2025 03:15;0
30/10/2025 03:30;0
30/10/2025 03:45;0
30/10/2025 04:00;0
30/10/2025 04:15;0
30/10/2025 04:30;0
30/10/2025 04:45;0
30/10/2025 05:00;0
30/10/2025 05:15;0
30/10/2025 05:30;0
30/10/2025 05:45;0
30/10/2025 06:00;0
30/10/2025 06:15;0
30/10/2025 06:30;0
30/10/2025 06:45;0
30/10/2025 07:00;0
30/10/2025 07:15;0
30/10/2025 07:30;0
30/10/2025 07:45;0
30/10/2025 08:00;0
30/10/2025 08:15;0
30/10/2025 08:30;0
30/10/2025 08:45;0
30/10/2025 09:00;0
30/10/2025 09:15;0
30/10/2025 09:30;0
30/10/2025 09:45;0
30/10/2025 10:00;0
30/10/2025 10:15;0
30/10/2025 10:30;0
30/10/2025 10:45;0
30/10/2025 11:00;0
30/10/2025 11:15;0
30/10/2025 11:30;0
30/10/2025 11:45;0
30/10/2025 12:00;0
30/10/2025 12:15;0
30/10/2025 12:30;0
30/10/2025 12:45;0
30/10/2025 13:00;0
30/10/2025 13:15;0
30/10/2025 13:30;0
30/10/2025 13:45;0
30/10/2025 14:00;0
30/10/2025 14:15;0
30/10/2025 14:30;0
30/10/2025 14:45;0
30/10/2025 15:00;0
30/10/2025 15:15;0
30/10/2025 15:30;0
30/10/2025 15:45;0
30/10/2025 16:00;0
30/10/2025 16:15;0
30/10/2025 16:30;0
30/10/2025 16:45;0
30/10/2025 17:00;0
30/10/2025 17:15;0
30/10/2025 17:30;0
30/10/2025 17:45;0
30/10/2025 18:00;0
30/10/2025 18:15;0
30/10/2025 18:30;0
30/10/2025 18:45;0
30/10/2025 19:00;0
30/10/2025 19:15;0
30/10/2025 19:30;0
30/10/2025 19:45;0
30/10/2025 20:00;0
30/10/2025 20:15;0
30/10/2025 20:30;0
30/10/2025 20:45;0
30/10/2025 21:00;0
30/10/2025 21:15;0
30/10/2025 21:30;0
30/10/2025 21:45;0
30/10/2025 22:00;0
30/10/2025 22:15;0
30/10/2025 22:30;0
30/10/2025 22:45;0
30/10/2025 23:00;0
30/10/2025 23:15;0
30/10/2025 23:30;0
30/10/2025 23:45;0
31/10/2025 00:00;0
31/10/2025 00:15;0
31/10/2025 00:30;0
31/10/2025 00:45;0
31/10/2025 01:00;0
31/10/2025 01:15;0
31/10/2025 01:30;0
31/10/2025 01:45;0
31/10/2025 02:00;0
31/10/2025 02:15;0
31/10/2025 02:30;0
31/10/2025 02:45;0
31/10/2025 03:00;0
31/10/2025 03:15;0
31/10/2025 03:30;0
31/10/2025 03:45;0
31/10/2025 04:00;0
31/10/2025 04:15;0
31/10/2025 04:30;0
31/10/2025 04:45;0
31/10/2025 05:00;0
31/10/2025 05:15;0
31/10/2025 05:30;0
31/10/2025 05:45;0
31/10/2025 06:00;0
31/10/2025 06:15;0
31/10/2025 06:30;0
31/10/2025 06:45;0
31/10/2025 07:00;0
31/10/2025 07:15;0
31/10/2025 07:30;0
31/10/2025 07:45;0
31/10/2025 08:00;0
31/10/2025 08:15;0
31/10/2025 08:30;0
31/10/2025 08:45;0
31/10/2025 09:00;0
31/10/2025 09:15;0
31/10/2025 09:30;0
31/10/2025 09:45;0
31/10/2025 10:00;0
31/10/2025 10:15;0
31/10/2025 10:30;0
31/10/2025 10:45;0
31/10/2025 11:00;0
31/10/2025 11:15;0
31/10/2025 11:30;0
31/10/2025 11:45;0
31/10/2025 12:00;0
31/10/2025 12:15;0
31/10/2025 12:30;0
31/10/2025 12:45;0
31/10/2025 13:00;0
31/10/2025 13:15;0
31/10/2025 13:30;0
31/10/2025 13:45;0
31/10/2025 14:00;0
31/10/2025 14:15;0
31/10/2025 14:30;0
31/10/2025 14:45;0
31/10/2025 15:00;0
31/10/2025 15:15;0
31/10/2025 15:30;0
31/10/2025 15:45;0
31/10/2025 16:00;0
31/10/2025 16:15;0
31/10/2025 16:30;0
31/10/2025 16:45;0
31/10/2025 17:00;0
31/10/2025 17:15;0
31/10/2025 17:30;0
31/10/2025 17:45;0
31/10/2025 18:00;0
31/10/2025 18:15;0
31/10/2025 18:30;0
31/10/2025 18:45;0
31/10/2025 19:00;0
31/10/2025 19:15;0
31/10/2025 19:30;0
31/10/2025 19:45;0
31/10/2025 20:00;0
31/10/2025 20:15;0
31/10/2025 20:30;0
31/10/2025 20:45;0
31/10/2025 21:00;0
31/10/2025 21:15;0
31/10/2025 21:30;0
31/10/2025 21:45;0
31/10/2025 22:00;0
31/10/2025 22:15;0
31/10/2025 22:30;0
31/10/2025 22:45;0
31/10/2025 23:00;0
31/10/2025 23:15;0
31/10/2025 23:30;0
31/10/2025 23:45;0
01/11/2025 00:00;0
01/11/2025 00:15;0
01/11/2025 00:30;0
01/11/2025 00:45;0
01/11/2025 01:00;0
01/11/2025 01:15;0
01/11/2025 01:30;0
01/11/2025 01:45;0
01/11/2025 02:00;0
01/11/2025 02:15;0
01/11/2025 02:30;0
01/11/2025 02:45;0
01/11/2025 03:00;0
01/11/2025 03:15;0
01/11/2025 03:30;0
01/11/2025 03:45;0
01/11/2025 04:00;0
01/11/2025 04:15;0
01/11/2025 04:30;0
01/11/2025 04:45;0
01/11/2025 05:00;0
01/11/2025 05:15;0
01/11/2025 05:30;0
01/11/2025 05:45;0
01/11/2025 06:00;0
01/11/2025 06:15;0
01/11/2025 06:30;0
01/11/2025 06:45;0
01/11/2025 07:00;0
01/11/2025 07:15;0
01/11/2025 07:30;0
01/11/2025 07:45;0
01/11/2025 08:00;0
01/11/2025 08:15;0
01/11/2025 08:30;0
01/11/2025 08:45;0
01/11/2025 09:00;0
01/11/2025 09:15;0
01/11/2025 09:30;0
01/11/2025 09:45;0
01/11/2025 10:00;0
01/11/2025 10:15;0
01/11/2025 10:30;0
01/11/2025 10:45;0
01/11/2025 11:00;0
01/11/2025 11:15;0
01/11/2025 11:30;0
01/11/2025 11:45;0
01/11/2025 12:00;0
01/11/2025 12:15;0
01/11/2025 12:30;0
01/11/2025 12:45;0
01/11/2025 13:00;0
01/11/2025 13:15;0
01/11/2025 13:30;0
01/11/2025 13:45;0
01/11/2025 14:00;0
01/11/2025 14:15;0
01/11/2025 14:30;0
01/11/2025 14:45;0
01/11/2025 15:00;0
01/11/2025 15:15;0
01/11/2025 15:30;0
01/11/2025 15:45;0
01/11/2025 16:00;0
01/11/2025 16:15;0
01/11/2025 16:30;0
01/11/2025 16:45;0
01/11/2025 17:00;0
01/11/2025 17:15;0
01/11/2025 17:30;0
01/11/2025 17:45;0
01/11/2025 18:00;0
01/11/2025 18:15;0
01/11/2025 18:30;0
01/11/2025 18:45;0
01/11/2025 19:00;0
01/11/2025 19:15;0
01/11/2025 19:30;0
01/11/2025 19:45;0
01/11/2025 20:00;0
01/11/2025 20:15;0
01/11/2025 20:30;0
01/11/2025 20:45;0
01/11/2025 21:00;0
01/11/2025 21:15;0
01/11/2025 21:30;0
01/11/2025 21:45;0
01/11/2025 22:00;0
01/11/2025 22:15;0
01/11/2025 22:30;0
01/11/2025 22:45;0
01/11/2025 23:00;0
01/11/2025 23:15;0
01/11/2025 23:30;0
01/11/2025 23:45;0
02/11/2025 00:00;0
02/11/2025 00:15;0
02/11/2025 00:30;0
02/11/2025 00:45;0
02/11/2025 01:00;0
02/11/2025 01:15;0
02/11/2025 01:30;0
02/11/2025 01:45;0
02/11/2025 02:00;0
02/11/2025 02:15;0.1
02/11/2025 02:30;0.2
02/11/2025 02:45;0
02/11/2025 03:00;0
02/11/2025 03:15;0
02/11/2025 03:30;0
02/11/2025 03:45;0
02/11/2025 04:00;0.1
02/11/2025 04:15;0
02/11/2025 04:30;0
02/11/2025 04:45;0
02/11/2025 05:00;0
02/11/2025 05:15;0
02/11/2025 05:30;0
02/11/2025 05:45;0
02/11/2025 06:00;0
02/11/2025 06:15;0
02/11/2025 06:30;0
02/11/2025 06:45;0
02/11/2025 07:00;0
02/11/2025 07:15;0
02/11/2025 07:30;0
02/11/2025 07:45;0
02/11/2025 08:00;0
02/11/2025 08:15;0
02/11/2025 08:30;0
02/11/2025 08:45;0
02/11/2025 09:00;0
02/11/2025 09:15;0
02/11/2025 09:30;0
02/11/2025 09:45;0
02/11/2025 10:00;0
02/11/2025 10:15;0
02/11/2025 10:30;0
02/11/2025 10:45;0
02/11/2025 11:00;0
02/11/2025 11:15;0
02/11/2025 11:30;0
02/11/2025 11:45;0
02/11/2025 12:00;0
02/11/2025 12:15;0
02/11/2025 12:30;0
02/11/2025 12:45;0
02/11/2025 13:00;0
02/11/2025 13:15;0
02/11/2025 13:30;0
02/11/2025 13:45;0
02/11/2025 14:00;0
02/11/2025 14:15;0
02/11/2025 14:30;0
02/11/2025 14:45;0
02/11/2025 15:00;0
02/11/2025 15:15;0
02/11/2025 15:30;0
02/11/2025 15:45;0
02/11/2025 16:00;0
02/11/2025 16:15;0
02/11/2025 16:30;0
02/11/2025 16:45;0
02/11/2025 17:00;0
02/11/2025 17:15;0
02/11/2025 17:30;0
02/11/2025 17:45;0
02/11/2025 18:00;0
02/11/2025 18:15;0
02/11/2025 18:30;0
02/11/2025 18:45;0
02/11/2025 19:00;0
02/11/2025 19:15;0
02/11/2025 19:30;0
02/11/2025 19:45;0
02/11/2025 20:00;0
02/11/2025 20:15;0
02/11/2025 20:30;0
02/11/2025 20:45;0
02/11/2025 21:00;0
02/11/2025 21:15;0
02/11/2025 21:30;0
02/11/2025 21:45;0
02/11/2025 22:00;0
02/11/2025 22:15;0
02/11/2025 22:30;0
02/11/2025 22:45;0
02/11/2025 23:00;0
02/11/2025 23:15;0
02/11/2025 23:30;0
02/11/2025 23:45;0
03/11/2025 00:00;0
03/11/2025 00:15;0
03/11/2025 00:30;0
03/11/2025 00:45;0
03/11/2025 01:00;0
03/11/2025 01:15;0
03/11/2025 01:30;0
03/11/2025 01:45;0
03/11/2025 02:00;0
03/11/2025 02:15;0
03/11/2025 02:30;0
03/11/2025 02:45;0
03/11/2025 03:00;0
03/11/2025 03:15;0
03/11/2025 03:30;0
03/11/2025 03:45;0
03/11/2025 04:00;0
03/11/2025 04:15;0
03/11/2025 04:30;0
03/11/2025 04:45;0
03/11/2025 05:00;0
03/11/2025 05:15;0
03/11/2025 05:30;0
03/11/2025 05:45;0
03/11/2025 06:00;0
03/11/2025 06:15;0
03/11/2025 06:30;0
03/11/2025 06:45;0
03/11/2025 07:00;0
03/11/2025 07:15;0
03/11/2025 07:30;0
03/11/2025 07:45;0
03/11/2025 08:00;0
03/11/2025 08:15;0
03/11/2025 08:30;0
03/11/2025 08:45;0
03/11/2025 09:00;0
03/11/2025 09:15;0
03/11/2025 09:30;0
03/11/2025 09:45;0
03/11/2025 10:00;0
03/11/2025 10:15;0
03/11/2025 10:30;0
03/11/2025 10:45;0
03/11/2025 11:00;0
03/11/2025 11:15;0
03/11/2025 11:30;0
03/11/2025 11:45;0
03/11/2025 12:00;0
03/11/2025 12:15;0
03/11/2025 12:30;0
03/11/2025 12:45;0
03/11/2025 13:00;0
03/11/2025 13:15;0
03/11/2025 13:30;0
03/11/2025 13:45;0
03/11/2025 14:00;0
03/11/2025 14:15;0
03/11/2025 14:30;0
03/11/2025 14:45;0
03/11/2025 15:00;0
03/11/2025 15:15;0
03/11/2025 15:30;0
03/11/2025 15:45;0
03/11/2025 16:00;0
03/11/2025 16:15;0
03/11/2025 16:30;0
03/11/2025 16:45;0
03/11/2025 17:00;0
03/11/2025 17:15;0
03/11/2025 17:30;0
03/11/2025 17:45;0
03/11/2025 18:00;0
03/11/2025 18:15;0
03/11/2025 18:30;0
03/11/2025 18:45;0
03/11/2025 19:00;0
03/11/2025 19:15;0
03/11/2025 19:30;0
03/11/2025 19:45;0
03/11/2025 20:00;0
03/11/2025 20:15;0
03/11/2025 20:30;0
03/11/2025 20:45;0
03/11/2025 21:00;0
03/11/2025 21:15;0
03/11/2025 21:30;0
03/11/2025 21:45;0
03/11/2025 22:00;0
03/11/2025 22:15;0
03/11/2025 22:30;0
03/11/2025 22:45;0
03/11/2025 23:00;0
03/11/2025 23:15;0
03/11/2025 23:30;0
03/11/2025 23:45;0
04/11/2025 00:00;0
04/11/2025 00:15;0
04/11/2025 00:30;0
04/11/2025 00:45;0
04/11/2025 01:00;0
04/11/2025 01:15;0
04/11/2025 01:30;0
04/11/2025 01:45;0
04/11/2025 02:00;0
04/11/2025 02:15;0
04/11/2025 02:30;0
04/11/2025 02:45;0
04/11/2025 03:00;0
04/11/2025 03:15;0
04/11/2025 03:30;0
04/11/2025 03:45;0
04/11/2025 04:00;0
04/11/2025 04:15;0
04/11/2025 04:30;0
04/11/2025 04:45;0
04/11/2025 05:00;0
04/11/2025 05:15;0
04/11/2025 05:30;0
04/11/2025 05:45;0
04/11/2025 06:00;0
04/11/2025 06:15;0
04/11/2025 06:30;0
04/11/2025 06:45;0
04/11/2025 07:00;0
04/11/2025 07:15;0
04/11/2025 07:30;0
04/11/2025 07:45;0
04/11/2025 08:00;0
04/11/2025 08:15;0
04/11/2025 08:30;0
04/11/2025 08:45;0
04/11/2025 09:00;0
04/11/2025 09:15;0
04/11/2025 09:30;0
04/11/2025 09:45;0
04/11/2025 10:00;0
04/11/2025 10:15;0
04/11/2025 10:30;0
04/11/2025 10:45;0
04/11/2025 11:00;0
04/11/2025 11:15;0
04/11/2025 11:30;0
04/11/2025 11:45;0
04/11/2025 12:00;0
04/11/2025 12:15;0
04/11/2025 12:30;0
04/11/2025 12:45;0
04/11/2025 13:00;0
04/11/2025 13:15;0
04/11/2025 13:30;0
04/11/2025 13:45;0
04/11/2025 14:00;0
04/11/2025 14:15;0
04/11/2025 14:30;0
04/11/2025 14:45;0
04/11/2025 15:00;0
04/11/2025 15:15;0
04/11/2025 15:30;0
04/11/2025 15:45;0
04/11/2025 16:00;0
04/11/2025 16:15;0
04/11/2025 16:30;0
04/11/2025 16:45;0
04/11/2025 17:00;0
04/11/2025 17:15;0
04/11/2025 17:30;0
04/11/2025 17:45;0
04/11/2025 18:00;0
04/11/2025 18:15;0
04/11/2025 18:30;0
04/11/2025 18:45;0
04/11/2025 19:00;0
04/11/2025 19:15;0
04/11/2025 19:30;0
04/11/2025 19:45;0
04/11/2025 20:00;0
04/11/2025 20:15;0
04/11/2025 20:30;0
04/11/2025 20:45;0
04/11/2025 21:00;0
04/11/2025 21:15;0
04/11/2025 21:30;0
04/11/2025 21:45;0
04/11/2025 22:00;0
04/11/2025 22:15;0
04/11/2025 22:30;0
04/11/2025 22:45;0
04/11/2025 23:00;0
04/11/2025 23:15;0
04/11/2025 23:30;0
04/11/2025 23:45;0
05/11/2025 00:00;0
05/11/2025 00:15;0
05/11/2025 00:30;0
05/11/2025 00:45;0
05/11/2025 01:00;0
05/11/2025 01:15;0
05/11/2025 01:30;0
05/11/2025 01:45;0
05/11/2025 02:00;0
05/11/2025 02:15;0
05/11/2025 02:30;0
05/11/2025 02:45;0
05/11/2025 03:00;0
05/11/2025 03:15;0
05/11/2025 03:30;0
05/11/2025 03:45;0
05/11/2025 04:00;0
05/11/2025 04:15;0
05/11/2025 04:30;0
05/11/2025 04:45;0
05/11/2025 05:00;0
05/11/2025 05:15;0
05/11/2025 05:30;0
05/11/2025 05:45;0
05/11/2025 06:00;0
05/11/2025 06:15;0
05/11/2025 06:30;0
05/11/2025 06:45;0
05/11/2025 07:00;0
05/11/2025 07:15;0
05/11/2025 07:30;0
05/11/2025 07:45;0
05/11/2025 08:00;0
05/11/2025 08:15;0
05/11/2025 08:30;0
05/11/2025 08:45;0
05/11/2025 09:00;0
05/11/2025 09:15;0
05/11/2025 09:30;0
05/11/2025 09:45;0
05/11/2025 10:00;0
05/11/2025 10:15;0
05/11/2025 10:30;0
05/11/2025 10:45;0
05/11/2025 11:00;0.9
05/11/2025 11:15;0
05/11/2025 11:30;0
05/11/2025 11:45;0
05/11/2025 12:00;0
05/11/2025 12:15;0
05/11/2025 12:30;0
05/11/2025 12:45;0
05/11/2025 13:00;0
05/11/2025 13:15;0
05/11/2025 13:30;0
05/11/2025 13:45;0
05/11/2025 14:00;0
05/11/2025 14:15;0
05/11/2025 14:30;0
05/11/2025 14:45;0
05/11/2025 15:00;0
05/11/2025 15:15;0
05/11/2025 15:30;0
05/11/2025 15:45;0
05/11/2025 16:00;0
05/11/2025 16:15;0
05/11/2025 16:30;0
05/11/2025 16:45;0
05/11/2025 17:00;0
05/11/2025 17:15;0
05/11/2025 17:30;0
05/11/2025 17:45;0
05/11/2025 18:00;0
05/11/2025 18:15;0
05/11/2025 18:30;0
05/11/2025 18:45;0
05/11/2025 19:00;0
05/11/2025 19:15;0
05/11/2025 19:30;0
05/11/2025 19:45;0
05/11/2025 20:00;0
05/11/2025 20:15;0
05/11/2025 20:30;0
05/11/2025 20:45;0
05/11/2025 21:00;0
05/11/2025 21:15;0.1
05/11/2025 21:30;0
05/11/2025 21:45;0
05/11/2025 22:00;0.1
05/11/2025 22:15;0.4
05/11/2025 22:30;0.1
05/11/2025 22:45;0.2
05/11/2025 23:00;0
05/11/2025 23:15;0
05/11/2025 23:30;0.1
05/11/2025 23:45;0
06/11/2025 00:00;0
06/11/2025 00:15;0
06/11/2025 00:30;0
06/11/2025 00:45;0
06/11/2025 01:00;0
06/11/2025 01:15;0
06/11/2025 01:30;0.4
06/11/2025 01:45;0.1
06/11/2025 02:00;0.7
06/11/2025 02:15;0.2
06/11/2025 02:30;0.1
06/11/2025 02:45;0.1
06/11/2025 03:00;0.8
06/11/2025 03:15;0.4
06/11/2025 03:30;0.2
06/11/2025 03:45;0.4
06/11/2025 04:00;0.4
06/11/2025 04:15;0.1
06/11/2025 04:30;0
06/11/2025 04:45;0
06/11/2025 05:00;0
06/11/2025 05:15;0
06/11/2025 05:30;0
06/11/2025 05:45;0
06/11/2025 06:00;0
06/11/2025 06:15;0
06/11/2025 06:30;0
06/11/2025 06:45;0
06/11/2025 07:00;0
06/11/2025 07:15;0
06/11/2025 07:30;0
06/11/2025 07:45;0
06/11/2025 08:00;0
06/11/2025 08:15;0
06/11/2025 08:30;0
06/11/2025 08:45;0
06/11/2025 09:00;0
06/11/2025 09:15;0
06/11/2025 09:30;0
06/11/2025 09:45;0
06/11/2025 10:00;0
06/11/2025 10:15;0
06/11/2025 10:30;0
06/11/2025 10:45;0
06/11/2025 11:00;0
06/11/2025 11:15;0
06/11/2025 11:30;0
06/11/2025 11:45;0
06/11/2025 12:00;0
06/11/2025 12:15;0
06/11/2025 12:30;0
06/11/2025 12:45;0
06/11/2025 13:00;0
06/11/2025 13:15;0
06/11/2025 13:30;0
06/11/2025 13:45;0
06/11/2025 14:00;0
06/11/2025 14:15;0
06/11/2025 14:30;0
06/11/2025 14:45;0
06/11/2025 15:00;0
06/11/2025 15:15;0
06/11/2025 15:30;0.1
06/11/2025 15:45;0
06/11/2025 16:00;0
06/11/2025 16:15;0
06/11/2025 16:30;0
06/11/2025 16:45;0
06/11/2025 17:00;0.1
06/11/2025 17:15;0.1
06/11/2025 17:30;0
06/11/2025 17:45;0
06/11/2025 18:00;0.3
06/11/2025 18:15;0.2
06/11/2025 18:30;0.1
06/11/2025 18:45;0.1
06/11/2025 19:00;0
06/11/2025 19:15;0
06/11/2025 19:30;0
06/11/2025 19:45;0
06/11/2025 20:00;0
06/11/2025 20:15;0
06/11/2025 20:30;0
06/11/2025 20:45;0
06/11/2025 21:00;0
06/11/2025 21:15;0
06/11/2025 21:30;0
06/11/2025 21:45;0
06/11/2025 22:00;0
06/11/2025 22:15;0
06/11/2025 22:30;0
06/11/2025 22:45;0.1
06/11/2025 23:00;0
06/11/2025 23:15;0
06/11/2025 23:30;0
06/11/2025 23:45;0
07/11/2025 00:00;0
07/11/2025 00:15;0
07/11/2025 00:30;0
07/11/2025 00:45;0
07/11/2025 01:00;0
07/11/2025 01:15;0
07/11/2025 01:30;0
07/11/2025 01:45;0
07/11/2025 02:00;0
07/11/2025 02:15;0
07/11/2025 02:30;0
07/11/2025 02:45;0
07/11/2025 03:00;0
07/11/2025 03:15;0
07/11/2025 03:30;0
07/11/2025 03:45;0
07/11/2025 04:00;0
07/11/2025 04:15;0
07/11/2025 04:30;0
07/11/2025 04:45;0
07/11/2025 05:00;0
07/11/2025 05:15;0
07/11/2025 05:30;0
07/11/2025 05:45;0
07/11/2025 06:00;0
07/11/2025 06:15;0
07/11/2025 06:30;0
07/11/2025 06:45;0
07/11/2025 07:00;0
07/11/2025 07:15;0
07/11/2025 07:30;0
07/11/2025 07:45;0
07/11/2025 08:00;0
07/11/2025 08:15;0
07/11/2025 08:30;0
07/11/2025 08:45;0
07/11/2025 09:00;0
07/11/2025 09:15;0
07/11/2025 09:30;0
07/11/2025 09:45;0
07/11/2025 10:00;0
07/11/2025 10:15;0
07/11/2025 10:30;0
07/11/2025 10:45;0
07/11/2025 11:00;0
07/11/2025 11:15;0
07/11/2025 11:30;0
07/11/2025 11:45;0
07/11/2025 12:00;0
07/11/2025 12:15;0
07/11/2025 12:30;0
07/11/2025 12:45;0.1
07/11/2025 13:00;0
07/11/2025 13:15;0
07/11/2025 13:30;0
07/11/2025 13:45;0
07/11/2025 14:00;0
07/11/2025 14:15;0
07/11/2025 14:30;0
07/11/2025 14:45;0
07/11/2025 15:00;0
07/11/2025 15:15;0
07/11/2025 15:30;0
07/11/2025 15:45;0
07/11/2025 16:00;0.1
07/11/2025 16:15;0
07/11/2025 16:30;0
07/11/2025 16:45;0
07/11/2025 17:00;0
07/11/2025 17:15;0
07/11/2025 17:30;0
07/11/2025 17:45;0
07/11/2025 18:00;0
07/11/2025 18:15;0
07/11/2025 18:30;0
07/11/2025 18:45;0
07/11/2025 19:00;0
07/11/2025 19:15;0
07/11/2025 19:30;0.1
07/11/2025 19:45;0.4
07/11/2025 20:00;0.1
07/11/2025 20:15;0
07/11/2025 20:30;0
07/11/2025 20:45;0.1
07/11/2025 21:00;0
07/11/2025 21:15;0
07/11/2025 21:30;0
07/11/2025 21:45;0
07/11/2025 22:00;0
07/11/2025 22:15;0
07/11/2025 22:30;0
07/11/2025 22:45;0
07/11/2025 23:00;0
07/11/2025 23:15;0.1
07/11/2025 23:30;0.7
07/11/2025 23:45;0.3
08/11/2025 00:00;1.2
08/11/2025 00:15;2.1
08/11/2025 00:30;1.1
08/11/2025 00:45;0.8
08/11/2025 01:00;0.1
08/11/2025 01:15;0
08/11/2025 01:30;0
08/11/2025 01:45;0
08/11/2025 02:00;0
08/11/2025 02:15;0.1
08/11/2025 02:30;0
08/11/2025 02:45;0
08/11/2025 03:00;0.1
08/11/2025 03:15;0.1
08/11/2025 03:30;0
08/11/2025 03:45;0
08/11/2025 04:00;0
08/11/2025 04:15;0
08/11/2025 04:30;0.1
08/11/2025 04:45;0.1
08/11/2025 05:00;0.1
08/11/2025 05:15;0.3
08/11/2025 05:30;0.7
08/11/2025 05:45;0.9
08/11/2025 06:00;0.6
08/11/2025 06:15;0.3
08/11/2025 06:30;0.3
08/11/2025 06:45;0
08/11/2025 07:00;0
08/11/2025 07:15;0
08/11/2025 07:30;0
08/11/2025 07:45;0
08/11/2025 08:00;0
08/11/2025 08:15;0
08/11/2025 08:30;0
08/11/2025 08:45;0
08/11/2025 09:00;0
08/11/2025 09:15;0.1
08/11/2025 09:30;0
08/11/2025 09:45;0
08/11/2025 10:00;0
08/11/2025 10:15;0
08/11/2025 10:30;0
08/11/2025 10:45;0
08/11/2025 11:00;0
08/11/2025 11:15;0
08/11/2025 11:30;0
08/11/2025 11:45;0
08/11/2025 12:00;0
08/11/2025 12:15;0
08/11/2025 12:30;0
08/11/2025 12:45;0
08/11/2025 13:00;0
08/11/2025 13:15;0
08/11/2025 13:30;0
08/11/2025 13:45;0
08/11/2025 14:00;0
08/11/2025 14:15;0
08/11/2025 14:30;0
08/11/2025 14:45;0
08/11/2025 15:00;0
08/11/2025 15:15;0
08/11/2025 15:30;0
08/11/2025 15:45;0
08/11/2025 16:00;0
08/11/2025 16:15;0
08/11/2025 16:30;0
08/11/2025 16:45;0
08/11/2025 17:00;0
08/11/2025 17:15;0
08/11/2025 17:30;0
08/11/2025 17:45;0
08/11/2025 18:00;0
08/11/2025 18:15;0
08/11/2025 18:30;0
08/11/2025 18:45;0
08/11/2025 19:00;0
08/11/2025 19:15;0
08/11/2025 19:30;0
08/11/2025 19:45;0
08/11/2025 20:00;0
08/11/2025 20:15;0
08/11/2025 20:30;0
08/11/2025 20:45;0
08/11/2025 21:00;0
08/11/2025 21:15;0
08/11/2025 21:30;0
08/11/2025 21:45;0
08/11/2025 22:00;0
08/11/2025 22:15;0
08/11/2025 22:30;0
08/11/2025 22:45;0
08/11/2025 23:00;0
08/11/2025 23:15;0
08/11/2025 23:30;0
08/11/2025 23:45;0
09/11/2025 00:00;0
09/11/2025 00:15;0
09/11/2025 00:30;0
09/11/2025 00:45;0
09/11/2025 01:00;0
09/11/2025 01:15;0
09/11/2025 01:30;0
09/11/2025 01:45;0
09/11/2025 02:00;0
09/11/2025 02:15;0
09/11/2025 02:30;0
09/11/2025 02:45;0
09/11/2025 03:00;0
09/11/2025 03:15;0
09/11/2025 03:30;0
09/11/2025 03:45;0
09/11/2025 04:00;0
09/11/2025 04:15;0
09/11/2025 04:30;0
09/11/2025 04:45;0
09/11/2025 05:00;0
09/11/2025 05:15;0
09/11/2025 05:30;0
09/11/2025 05:45;0
09/11/2025 06:00;0
09/11/2025 06:15;0
09/11/2025 06:30;0
09/11/2025 06:45;0
09/11/2025 07:00;0
09/11/2025 07:15;0
09/11/2025 07:30;0
09/11/2025 07:45;0
09/11/2025 08:00;0
09/11/2025 08:15;0
09/11/2025 08:30;0
09/11/2025 08:45;0
09/11/2025 09:00;0
09/11/2025 09:15;0
09/11/2025 09:30;0
09/11/2025 09:45;0
09/11/2025 10:00;0
09/11/2025 10:15;0
09/11/2025 10:30;0
09/11/2025 10:45;0
09/11/2025 11:00;0
09/11/2025 11:15;0
09/11/2025 11:30;0
09/11/2025 11:45;0
09/11/2025 12:00;0
09/11/2025 12:15;0
09/11/2025 12:30;0
09/11/2025 12:45;0
09/11/2025 13:00;0
09/11/2025 13:15;0
09/11/2025 13:30;0
09/11/2025 13:45;0
09/11/2025 14:00;0
09/11/2025 14:15;0
09/11/2025 14:30;0
09/11/2025 14:45;0
09/11/2025 15:00;0
09/11/2025 15:15;0
09/11/2025 15:30;0
09/11/2025 15:45;0
09/11/2025 16:00;0
09/11/2025 16:15;0
09/11/2025 16:30;0
09/11/2025 16:45;0
09/11/2025 17:00;0
09/11/2025 17:15;0
09/11/2025 17:30;0
09/11/2025 17:45;0
09/11/2025 18:00;0
09/11/2025 18:15;0
09/11/2025 18:30;0
09/11/2025 18:45;0
09/11/2025 19:00;0
09/11/2025 19:15;0
09/11/2025 19:30;0
09/11/2025 19:45;0
09/11/2025 20:00;0
09/11/2025 20:15;0
09/11/2025 20:30;0
09/11/2025 20:45;0
09/11/2025 21:00;0
09/11/2025 21:15;0
09/11/2025 21:30;0
09/11/2025 21:45;0
09/11/2025 22:00;0
09/11/2025 22:15;0
09/11/2025 22:30;0
09/11/2025 22:45;0
09/11/2025 23:00;0
09/11/2025 23:15;0
09/11/2025 23:30;0
09/11/2025 23:45;0
10/11/2025 00:00;0
10/11/2025 00:15;0
10/11/2025 00:30;0
10/11/2025 00:45;0
10/11/2025 01:00;0
10/11/2025 01:15;0
10/11/2025 01:30;0
10/11/2025 01:45;0
10/11/2025 02:00;0
10/11/2025 02:15;0
10/11/2025 02:30;0
10/11/2025 02:45;0
10/11/2025 03:00;0
10/11/2025 03:15;0
10/11/2025 03:30;0
10/11/2025 03:45;0
10/11/2025 04:00;0
10/11/2025 04:15;0
10/11/2025 04:30;0
10/11/2025 04:45;0
10/11/2025 05:00;0
10/11/2025 05:15;0
10/11/2025 05:30;0
10/11/2025 05:45;0
10/11/2025 06:00;0
10/11/2025 06:15;0
10/11/2025 06:30;0
10/11/2025 06:45;0
10/11/2025 07:00;0
10/11/2025 07:15;0
10/11/2025 07:30;0
10/11/2025 07:45;0
10/11/2025 08:00;0
10/11/2025 08:15;0
10/11/2025 08:30;0
10/11/2025 08:45;0
10/11/2025 09:00;0
10/11/2025 09:15;0
10/11/2025 09:30;0
10/11/2025 09:45;0
10/11/2025 10:00;0
10/11/2025 10:15;0
10/11/2025 10:30;0
10/11/2025 10:45;0
10/11/2025 11:00;0
10/11/2025 11:15;0
10/11/2025 11:30;0
10/11/2025 11:45;0
10/11/2025 12:00;0
10/11/2025 12:15;0
10/11/2025 12:30;0
10/11/2025 12:45;0
10/11/2025 13:00;0
10/11/2025 13:15;0
10/11/2025 13:30;0
10/11/2025 13:45;0
10/11/2025 14:00;0
10/11/2025 14:15;0
10/11/2025 14:30;0
10/11/2025 14:45;0
10/11/2025 15:00;0
10/11/2025 15:15;0
10/11/2025 15:30;0
10/11/2025 15:45;0
10/11/2025 16:00;0
10/11/2025 16:15;0
10/11/2025 16:30;0
10/11/2025 16:45;0
10/11/2025 17:00;0
10/11/2025 17:15;0
10/11/2025 17:30;0
10/11/2025 17:45;0
10/11/2025 18:00;0
10/11/2025 18:15;0
10/11/2025 18:30;0
10/11/2025 18:45;0
10/11/2025 19:00;0
10/11/2025 19:15;0
10/11/2025 19:30;0
10/11/2025 19:45;0
10/11/2025 20:00;0
10/11/2025 20:15;0
10/11/2025 20:30;0
10/11/2025 20:45;0
10/11/2025 21:00;0
10/11/2025 21:15;0
10/11/2025 21:30;0
10/11/2025 21:45;0
10/11/2025 22:00;0
10/11/2025 22:15;0
10/11/2025 22:30;0
10/11/2025 22:45;0
10/11/2025 23:00;0
10/11/2025 23:15;0
10/11/2025 23:30;0
10/11/2025 23:45;0
11/11/2025 00:00;0
11/11/2025 00:15;0
11/11/2025 00:30;0
11/11/2025 00:45;0
11/11/2025 01:00;0
11/11/2025 01:15;0
11/11/2025 01:30;0
11/11/2025 01:45;0
11/11/2025 02:00;0
11/11/2025 02:15;0
11/11/2025 02:30;0
11/11/2025 02:45;0
11/11/2025 03:00;0
11/11/2025 03:15;0
11/11/2025 03:30;0
11/11/2025 03:45;0
11/11/2025 04:00;0
11/11/2025 04:15;0
11/11/2025 04:30;0
11/11/2025 04:45;0
11/11/2025 05:00;0
11/11/2025 05:15;0
11/11/2025 05:30;0
11/11/2025 05:45;0
11/11/2025 06:00;0
11/11/2025 06:15;0
11/11/2025 06:30;0
11/11/2025 06:45;0
11/11/2025 07:00;0
11/11/2025 07:15;0
11/11/2025 07:30;0
11/11/2025 07:45;0
11/11/2025 08:00;0
11/11/2025 08:15;0
11/11/2025 08:30;0
11/11/2025 08:45;0
11/11/2025 09:00;0
11/11/2025 09:15;0
11/11/2025 09:30;0
11/11/2025 09:45;0
11/11/2025 10:00;0
11/11/2025 10:15;0
11/11/2025 10:30;0
11/11/2025 10:45;0
11/11/2025 11:00;0
11/11/2025 11:15;0
11/11/2025 11:30;0
11/11/2025 11:45;0
11/11/2025 12:00;0
11/11/2025 12:15;0
11/11/2025 12:30;0
11/11/2025 12:45;0
11/11/2025 13:00;0
11/11/2025 13:15;0
11/11/2025 13:30;0
11/11/2025 13:45;0
11/11/2025 14:00;0
11/11/2025 14:15;0
11/11/2025 14:30;0
11/11/2025 14:45;0
11/11/2025 15:00;0
11/11/2025 15:15;0
11/11/2025 15:30;0
11/11/2025 15:45;0
11/11/2025 16:00;0
11/11/2025 16:15;0
11/11/2025 16:30;0
11/11/2025 16:45;0
11/11/2025 17:00;0
11/11/2025 17:15;0
11/11/2025 17:30;0
11/11/2025 17:45;0
11/11/2025 18:00;0
11/11/2025 18:15;0
11/11/2025 18:30;0
11/11/2025 18:45;0
11/11/2025 19:00;0
11/11/2025 19:15;0
11/11/2025 19:30;0
11/11/2025 19:45;0
11/11/2025 20:00;0
11/11/2025 20:15;0
11/11/2025 20:30;0
11/11/2025 20:45;0
11/11/2025 21:00;0
11/11/2025 21:15;0
11/11/2025 21:30;0
11/11/2025 21:45;0
11/11/2025 22:00;0
11/11/2025 22:15;0
11/11/2025 22:30;0
11/11/2025 22:45;0
11/11/2025 23:00;0
11/11/2025 23:15;0
11/11/2025 23:30;0
11/11/2025 23:45;0
12/11/2025 00:00;0
12/11/2025 00:15;0
12/11/2025 00:30;0
12/11/2025 00:45;0
12/11/2025 01:00;0
12/11/2025 01:15;0
12/11/2025 01:30;0
12/11/2025 01:45;0
12/11/2025 02:00;0
12/11/2025 02:15;0
12/11/2025 02:30;0
12/11/2025 02:45;0
12/11/2025 03:00;0
12/11/2025 03:15;0
12/11/2025 03:30;0
12/11/2025 03:45;0
12/11/2025 04:00;0
12/11/2025 04:15;0
12/11/2025 04:30;0
12/11/2025 04:45;0
12/11/2025 05:00;0
12/11/2025 05:15;0
12/11/2025 05:30;0
12/11/2025 05:45;0
12/11/2025 06:00;0
12/11/2025 06:15;0
12/11/2025 06:30;0
12/11/2025 06:45;0
12/11/2025 07:00;0
12/11/2025 07:15;0
12/11/2025 07:30;0
12/11/2025 07:45;0
12/11/2025 08:00;0
12/11/2025 08:15;0
12/11/2025 08:30;0
12/11/2025 08:45;0
12/11/2025 09:00;0
12/11/2025 09:15;0
12/11/2025 09:30;0
12/11/2025 09:45;0
12/11/2025 10:00;0
12/11/2025 10:15;0
12/11/2025 10:30;0
12/11/2025 10:45;0
12/11/2025 11:00;0
12/11/2025 11:15;0
12/11/2025 11:30;0
12/11/2025 11:45;0
12/11/2025 12:00;0
12/11/2025 12:15;0
12/11/2025 12:30;0
12/11/2025 12:45;0
12/11/2025 13:00;0
12/11/2025 13:15;0
12/11/2025 13:30;0
12/11/2025 13:45;0
12/11/2025 14:00;0
12/11/2025 14:15;0
12/11/2025 14:30;0
12/11/2025 14:45;0
12/11/2025 15:00;0
12/11/2025 15:15;0
12/11/2025 15:30;0
12/11/2025 15:45;0
12/11/2025 16:00;0
12/11/2025 16:15;0
12/11/2025 16:30;0
12/11/2025 16:45;0
12/11/2025 17:00;0
12/11/2025 17:15;0
12/11/2025 17:30;0
12/11/2025 17:45;0
12/11/2025 18:00;0
12/11/2025 18:15;0
12/11/2025 18:30;0
12/11/2025 18:45;0
12/11/2025 19:00;0
12/11/2025 19:15;0
12/11/2025 19:30;0
12/11/2025 19:45;0
12/11/2025 20:00;0
12/11/2025 20:15;0
12/11/2025 20:30;0
12/11/2025 20:45;0
12/11/2025 21:00;0
12/11/2025 21:15;0
12/11/2025 21:30;0
12/11/2025 21:45;0
12/11/2025 22:00;0
12/11/2025 22:15;0
12/11/2025 22:30;0
12/11/2025 22:45;0
12/11/2025 23:00;0
12/11/2025 23:15;0
12/11/2025 23:30;0
12/11/2025 23:45;0
13/11/2025 00:00;0
13/11/2025 00:15;0
13/11/2025 00:30;0
13/11/2025 00:45;0
13/11/2025 01:00;0
13/11/2025 01:15;0
13/11/2025 01:30;0
13/11/2025 01:45;0
13/11/2025 02:00;0
13/11/2025 02:15;0
13/11/2025 02:30;0
13/11/2025 02:45;0
13/11/2025 03:00;0
13/11/2025 03:15;0
13/11/2025 03:30;0
13/11/2025 03:45;0
13/11/2025 04:00;0
13/11/2025 04:15;0
13/11/2025 04:30;0
13/11/2025 04:45;0
13/11/2025 05:00;0
13/11/2025 05:15;0
13/11/2025 05:30;0
13/11/2025 05:45;0
13/11/2025 06:00;0
13/11/2025 06:15;0
13/11/2025 06:30;0
13/11/2025 06:45;0
13/11/2025 07:00;0
13/11/2025 07:15;0
13/11/2025 07:30;0
13/11/2025 07:45;0
13/11/2025 08:00;0
13/11/2025 08:15;0
13/11/2025 08:30;0
13/11/2025 08:45;0
13/11/2025 09:00;0
13/11/2025 09:15;0
13/11/2025 09:30;0
13/11/2025 09:45;0
13/11/2025 10:00;0
13/11/2025 10:15;0
13/11/2025 10:30;0
13/11/2025 10:45;0
13/11/2025 11:00;0
13/11/2025 11:15;0
13/11/2025 11:30;0
13/11/2025 11:45;0
13/11/2025 12:00;0
13/11/2025 12:15;0
13/11/2025 12:30;0
13/11/2025 12:45;0
13/11/2025 13:00;0
13/11/2025 13:15;0
13/11/2025 13:30;0
13/11/2025 13:45;0
13/11/2025 14:00;0
13/11/2025 14:15;0
13/11/2025 14:30;0
13/11/2025 14:45;0
13/11/2025 15:00;0
13/11/2025 15:15;0
13/11/2025 15:30;0
13/11/2025 15:45;0
13/11/2025 16:00;0
13/11/2025 16:15;0
13/11/2025 16:30;0
13/11/2025 16:45;0
13/11/2025 17:00;0
13/11/2025 17:15;0
13/11/2025 17:30;0
13/11/2025 17:45;0
13/11/2025 18:00;0
13/11/2025 18:15;0
13/11/2025 18:30;0
13/11/2025 18:45;0
13/11/2025 19:00;0
13/11/2025 19:15;0
13/11/2025 19:30;0
13/11/2025 19:45;0
13/11/2025 20:00;0
13/11/2025 20:15;0
13/11/2025 20:30;0
13/11/2025 20:45;0
13/11/2025 21:00;0
13/11/2025 21:15;0
13/11/2025 21:30;0
13/11/2025 21:45;0
13/11/2025 22:00;0
13/11/2025 22:15;0
13/11/2025 22:30;0
13/11/2025 22:45;0
13/11/2025 23:00;0
13/11/2025 23:15;0
13/11/2025 23:30;0
13/11/2025 23:45;0
14/11/2025 00:00;0
14/11/2025 00:15;0
14/11/2025 00:30;0
14/11/2025 00:45;0
14/11/2025 01:00;0
14/11/2025 01:15;0
14/11/2025 01:30;0
14/11/2025 01:45;0
14/11/2025 02:00;0
14/11/2025 02:15;0
14/11/2025 02:30;0
14/11/2025 02:45;0
14/11/2025 03:00;0
14/11/2025 03:15;0
14/11/2025 03:30;0
14/11/2025 03:45;0
14/11/2025 04:00;0
14/11/2025 04:15;0
14/11/2025 04:30;0
14/11/2025 04:45;0
14/11/2025 05:00;0
14/11/2025 05:15;0
14/11/2025 05:30;0
14/11/2025 05:45;0
14/11/2025 06:00;0
14/11/2025 06:15;0
14/11/2025 06:30;0
14/11/2025 06:45;0
14/11/2025 07:00;0
14/11/2025 07:15;0
14/11/2025 07:30;0
14/11/2025 07:45;0
14/11/2025 08:00;0
14/11/2025 08:15;0.1
14/11/2025 08:30;0
14/11/2025 08:45;0.1
14/11/2025 09:00;0
14/11/2025 09:15;0.1
14/11/2025 09:30;0
14/11/2025 09:45;0
14/11/2025 10:00;0.1
14/11/2025 10:15;0
14/11/2025 10:30;0.1
14/11/2025 10:45;0
14/11/2025 11:00;0.1
14/11/2025 11:15;0.1
14/11/2025 11:30;0
14/11/2025 11:45;0
14/11/2025 12:00;0
14/11/2025 12:15;0
14/11/2025 12:30;0
14/11/2025 12:45;0
14/11/2025 13:00;0
14/11/2025 13:15;0
14/11/2025 13:30;0
14/11/2025 13:45;0
14/11/2025 14:00;0
14/11/2025 14:15;0
14/11/2025 14:30;0
14/11/2025 14:45;0.1
14/11/2025 15:00;0
14/11/2025 15:15;0
14/11/2025 15:30;0
14/11/2025 15:45;0
14/11/2025 16:00;0
14/11/2025 16:15;0
14/11/2025 16:30;0
14/11/2025 16:45;0
14/11/2025 17:00;0
14/11/2025 17:15;0
14/11/2025 17:30;0
14/11/2025 17:45;0
14/11/2025 18:00;0
14/11/2025 18:15;0
14/11/2025 18:30;0
14/11/2025 18:45;0
14/11/2025 19:00;0
14/11/2025 19:15;0
14/11/2025 19:30;0
14/11/2025 19:45;0
14/11/2025 20:00;0
14/11/2025 20:15;0
14/11/2025 20:30;0
14/11/2025 20:45;0
14/11/2025 21:00;0
14/11/2025 21:15;0
14/11/2025 21:30;0
14/11/2025 21:45;0
14/11/2025 22:00;0
14/11/2025 22:15;0
14/11/2025 22:30;0
14/11/2025 22:45;0
14/11/2025 23:00;0.1
14/11/2025 23:15;0
14/11/2025 23:30;0
14/11/2025 23:45;0.2
15/11/2025 00:00;0
15/11/2025 00:15;0.1
15/11/2025 00:30;0
15/11/2025 00:45;0.1
15/11/2025 01:00;0
15/11/2025 01:15;0
15/11/2025 01:30;0
15/11/2025 01:45;0
15/11/2025 02:00;0
15/11/2025 02:15;0
15/11/2025 02:30;0
15/11/2025 02:45;0
15/11/2025 03:00;0
15/11/2025 03:15;0
15/11/2025 03:30;0
15/11/2025 03:45;0
15/11/2025 04:00;0
15/11/2025 04:15;0
15/11/2025 04:30;0
15/11/2025 04:45;0
15/11/2025 05:00;0
15/11/2025 05:15;0
15/11/2025 05:30;0
15/11/2025 05:45;0
15/11/2025 06:00;0
15/11/2025 06:15;0
15/11/2025 06:30;0
15/11/2025 06:45;0
15/11/2025 07:00;0
15/11/2025 07:15;0
15/11/2025 07:30;0
15/11/2025 07:45;0
15/11/2025 08:00;0
15/11/2025 08:15;0
15/11/2025 08:30;0
15/11/2025 08:45;0
15/11/2025 09:00;0
15/11/2025 09:15;0
15/11/2025 09:30;0
15/11/2025 09:45;0
15/11/2025 10:00;0
15/11/2025 10:15;0
15/11/2025 10:30;0
15/11/2025 10:45;0
15/11/2025 11:00;0
15/11/2025 11:15;0
15/11/2025 11:30;0
15/11/2025 11:45;0
15/11/2025 12:00;0
15/11/2025 12:15;0
15/11/2025 12:30;0
15/11/2025 12:45;0
15/11/2025 13:00;0
15/11/2025 13:15;0
15/11/2025 13:30;0
15/11/2025 13:45;0
15/11/2025 14:00;0
15/11/2025 14:15;0
15/11/2025 14:30;0
15/11/2025 14:45;0
15/11/2025 15:00;0
15/11/2025 15:15;0
15/11/2025 15:30;0
15/11/2025 15:45;0
15/11/2025 16:00;0
15/11/2025 16:15;0
15/11/2025 16:30;0
15/11/2025 16:45;0
15/11/2025 17:00;0
15/11/2025 17:15;0
15/11/2025 17:30;0
15/11/2025 17:45;0
15/11/2025 18:00;0
15/11/2025 18:15;0
15/11/2025 18:30;0
15/11/2025 18:45;0
15/11/2025 19:00;0.1
15/11/2025 19:15;0.1
15/11/2025 19:30;0.1
15/11/2025 19:45;0.5
15/11/2025 20:00;0.8
15/11/2025 20:15;0.8
15/11/2025 20:30;0.5
15/11/2025 20:45;0.8
15/11/2025 21:00;1.4
15/11/2025 21:15;1.4
15/11/2025 21:30;0.8
15/11/2025 21:45;1.1
15/11/2025 22:00;1.3
15/11/2025 22:15;0.3
15/11/2025 22:30;0.7
15/11/2025 22:45;0.5
15/11/2025 23:00;0.2
15/11/2025 23:15;0.2
15/11/2025 23:30;0.5
15/11/2025 23:45;2.4
16/11/2025 00:00;0.6
16/11/2025 00:15;0.4
16/11/2025 00:30;0
16/11/2025 00:45;0
16/11/2025 01:00;0
16/11/2025 01:15;0
16/11/2025 01:30;0
16/11/2025 01:45;0
16/11/2025 02:00;0
16/11/2025 02:15;0
16/11/2025 02:30;0
16/11/2025 02:45;0
16/11/2025 03:00;0
16/11/2025 03:15;0
16/11/2025 03:30;0
16/11/2025 03:45;0
16/11/2025 04:00;0
16/11/2025 04:15;0
16/11/2025 04:30;0
16/11/2025 04:45;0
16/11/2025 05:00;0
16/11/2025 05:15;0
16/11/2025 05:30;0
16/11/2025 05:45;0
16/11/2025 06:00;0
16/11/2025 06:15;0
16/11/2025 06:30;0
16/11/2025 06:45;0
16/11/2025 07:00;0
16/11/2025 07:15;0
16/11/2025 07:30;0
16/11/2025 07:45;0
16/11/2025 08:00;0
16/11/2025 08:15;0
16/11/2025 08:30;0
16/11/2025 08:45;0
16/11/2025 09:00;0
16/11/2025 09:15;0
16/11/2025 09:30;0
16/11/2025 09:45;0
16/11/2025 10:00;0
16/11/2025 10:15;0
16/11/2025 10:30;0
16/11/2025 10:45;0
16/11/2025 11:00;0
16/11/2025 11:15;0
16/11/2025 11:30;0
16/11/2025 11:45;0
16/11/2025 12:00;0
16/11/2025 12:15;0
16/11/2025 12:30;0
16/11/2025 12:45;0
16/11/2025 13:00;0
16/11/2025 13:15;0
16/11/2025 13:30;0
16/11/2025 13:45;0
16/11/2025 14:00;0
16/11/2025 14:15;0
16/11/2025 14:30;0
16/11/2025 14:45;0
16/11/2025 15:00;0
16/11/2025 15:15;0
16/11/2025 15:30;0
16/11/2025 15:45;0
16/11/2025 16:00;0
16/11/2025 16:15;0.1
16/11/2025 16:30;0
16/11/2025 16:45;0
16/11/2025 17:00;0
16/11/2025 17:15;0
16/11/2025 17:30;0
16/11/2025 17:45;0
16/11/2025 18:00;0
16/11/2025 18:15;0
16/11/2025 18:30;0
16/11/2025 18:45;0
16/11/2025 19:00;0
16/11/2025 19:15;0
16/11/2025 19:30;0
16/11/2025 19:45;0
16/11/2025 20:00;0
16/11/2025 20:15;0
16/11/2025 20:30;0
16/11/2025 20:45;0
16/11/2025 21:00;0
16/11/2025 21:15;0
16/11/2025 21:30;0
16/11/2025 21:45;0
16/11/2025 22:00;0
16/11/2025 22:15;0
16/11/2025 22:30;0
16/11/2025 22:45;0
16/11/2025 23:00;0
16/11/2025 23:15;0
16/11/2025 23:30;0
16/11/2025 23:45;0
17/11/2025 00:00;0
17/11/2025 00:15;0
17/11/2025 00:30;0
17/11/2025 00:45;0
17/11/2025 01:00;0
17/11/2025 01:15;0
17/11/2025 01:30;0
17/11/2025 01:45;0
17/11/2025 02:00;0
17/11/2025 02:15;0
17/11/2025 02:30;0
17/11/2025 02:45;0
17/11/2025 03:00;0
17/11/2025 03:15;0
17/11/2025 03:30;0
17/11/2025 03:45;0
17/11/2025 04:00;0
17/11/2025 04:15;0
17/11/2025 04:30;0
17/11/2025 04:45;0
17/11/2025 05:00;0
17/11/2025 05:15;0
17/11/2025 05:30;0
17/11/2025 05:45;0
17/11/2025 06:00;0
17/11/2025 06:15;0
17/11/2025 06:30;0
17/11/2025 06:45;0
17/11/2025 07:00;0
17/11/2025 07:15;0
17/11/2025 07:30;0
17/11/2025 07:45;0
17/11/2025 08:00;0
17/11/2025 08:15;0
17/11/2025 08:30;0
17/11/2025 08:45;0
17/11/2025 09:00;0
17/11/2025 09:15;0
17/11/2025 09:30;0
17/11/2025 09:45;0
17/11/2025 10:00;0
17/11/2025 10:15;0
17/11/2025 10:30;0
17/11/2025 10:45;0
17/11/2025 11:00;0
17/11/2025 11:15;0
17/11/2025 11:30;0
17/11/2025 11:45;0
17/11/2025 12:00;0
17/11/2025 12:15;0
17/11/2025 12:30;0
17/11/2025 12:45;0
17/11/2025 13:00;0
17/11/2025 13:15;0
17/11/2025 13:30;0
17/11/2025 13:45;0
17/11/2025 14:00;0
17/11/2025 14:15;0
17/11/2025 14:30;0
17/11/2025 14:45;0
17/11/2025 15:00;0
17/11/2025 15:15;0
17/11/2025 15:30;0
17/11/2025 15:45;0
17/11/2025 16:00;0
17/11/2025 16:15;0
17/11/2025 16:30;0
17/11/2025 16:45;0
17/11/2025 17:00;0
17/11/2025 17:15;0
17/11/2025 17:30;0
17/11/2025 17:45;0
17/11/2025 18:00;0
17/11/2025 18:15;0
17/11/2025 18:30;0
17/11/2025 18:45;0
17/11/2025 19:00;0
17/11/2025 19:15;0
17/11/2025 19:30;0
17/11/2025 19:45;0
17/11/2025 20:00;0
17/11/2025 20:15;0
17/11/2025 20:30;0
17/11/2025 20:45;0
17/11/2025 21:00;0
17/11/2025 21:15;0
17/11/2025 21:30;0
17/11/2025 21:45;0
17/11/2025 22:00;0
17/11/2025 22:15;0
17/11/2025 22:30;0
17/11/2025 22:45;0
17/11/2025 23:00;0
17/11/2025 23:15;0
17/11/2025 23:30;0
17/11/2025 23:45;0
18/11/2025 00:00;0
18/11/2025 00:15;0
18/11/2025 00:30;0
18/11/2025 00:45;0
18/11/2025 01:00;0
18/11/2025 01:15;0
18/11/2025 01:30;0
18/11/2025 01:45;0
18/11/2025 02:00;0
18/11/2025 02:15;0
18/11/2025 02:30;0
18/11/2025 02:45;0
18/11/2025 03:00;0
18/11/2025 03:15;0
18/11/2025 03:30;0
18/11/2025 03:45;0
18/11/2025 04:00;0
18/11/2025 04:15;0
18/11/2025 04:30;0
18/11/2025 04:45;0
18/11/2025 05:00;0
18/11/2025 05:15;0
18/11/2025 05:30;0
18/11/2025 05:45;0
18/11/2025 06:00;0
18/11/2025 06:15;0
18/11/2025 06:30;0
18/11/2025 06:45;0
18/11/2025 07:00;0
18/11/2025 07:15;0
18/11/2025 07:30;0
18/11/2025 07:45;0
18/11/2025 08:00;0
18/11/2025 08:15;0
18/11/2025 08:30;0
18/11/2025 08:45;0
18/11/2025 09:00;0
18/11/2025 09:15;0
18/11/2025 09:30;0
18/11/2025 09:45;0
18/11/2025 10:00;0
18/11/2025 10:15;0
18/11/2025 10:30;0
18/11/2025 10:45;0
18/11/2025 11:00;0
18/11/2025 11:15;0
18/11/2025 11:30;0
18/11/2025 11:45;0
18/11/2025 12:00;0
18/11/2025 12:15;0
18/11/2025 12:30;0
18/11/2025 12:45;0
18/11/2025 13:00;0
18/11/2025 13:15;0
18/11/2025 13:30;0
18/11/2025 13:45;0
18/11/2025 14:00;0
18/11/2025 14:15;0
18/11/2025 14:30;0
18/11/2025 14:45;0
18/11/2025 15:00;0
18/11/2025 15:15;0
18/11/2025 15:30;0
18/11/2025 15:45;0
18/11/2025 16:00;0
18/11/2025 16:15;0
18/11/2025 16:30;0
18/11/2025 16:45;0
18/11/2025 17:00;0
18/11/2025 17:15;0
18/11/2025 17:30;0
18/11/2025 17:45;0
18/11/2025 18:00;0
18/11/2025 18:15;0
18/11/2025 18:30;0
18/11/2025 18:45;0
18/11/2025 19:00;0
18/11/2025 19:15;0
18/11/2025 19:30;0
18/11/2025 19:45;0
18/11/2025 20:00;0
18/11/2025 20:15;0
18/11/2025 20:30;0
18/11/2025 20:45;0
18/11/2025 21:00;0
18/11/2025 21:15;0
18/11/2025 21:30;0
18/11/2025 21:45;0
18/11/2025 22:00;0
18/11/2025 22:15;0
18/11/2025 22:30;0
18/11/2025 22:45;0
18/11/2025 23:00;0
18/11/2025 23:15;0
18/11/2025 23:30;0
18/11/2025 23:45;0
19/11/2025 00:00;0
19/11/2025 00:15;0
19/11/2025 00:30;0
19/11/2025 00:45;0
19/11/2025 01:00;0
19/11/2025 01:15;0
19/11/2025 01:30;0
19/11/2025 01:45;0
19/11/2025 02:00;0
19/11/2025 02:15;0
19/11/2025 02:30;0
19/11/2025 02:45;0
19/11/2025 03:00;0
19/11/2025 03:15;0
19/11/2025 03:30;0
19/11/2025 03:45;0
19/11/2025 04:00;0
19/11/2025 04:15;0
19/11/2025 04:30;0
19/11/2025 04:45;0
19/11/2025 05:00;0
19/11/2025 05:15;0
19/11/2025 05:30;0
19/11/2025 05:45;0
19/11/2025 06:00;0
19/11/2025 06:15;0
19/11/2025 06:30;0
19/11/2025 06:45;0
19/11/2025 07:00;0
19/11/2025 07:15;0
19/11/2025 07:30;0
19/11/2025 07:45;0
19/11/2025 08:00;0
19/11/2025 08:15;0
19/11/2025 08:30;0
19/11/2025 08:45;0
19/11/2025 09:00;0
19/11/2025 09:15;0
19/11/2025 09:30;0
19/11/2025 09:45;0
19/11/2025 10:00;0
19/11/2025 10:15;0
19/11/2025 10:30;0
19/11/2025 10:45;0
19/11/2025 11:00;0
19/11/2025 11:15;0
19/11/2025 11:30;0
19/11/2025 11:45;0
19/11/2025 12:00;0
19/11/2025 12:15;0
19/11/2025 12:30;0
19/11/2025 12:45;0
19/11/2025 13:00;0
19/11/2025 13:15;0
19/11/2025 13:30;0
19/11/2025 13:45;0
19/11/2025 14:00;0
19/11/2025 14:15;0
19/11/2025 14:30;0
19/11/2025 14:45;0
19/11/2025 15:00;0
19/11/2025 15:15;0
19/11/2025 15:30;0
19/11/2025 15:45;0
19/11/2025 16:00;0
19/11/2025 16:15;0
19/11/2025 16:30;0
19/11/2025 16:45;0
19/11/2025 17:00;0
19/11/2025 17:15;0
19/11/2025 17:30;0
19/11/2025 17:45;0
19/11/2025 18:00;0
19/11/2025 18:15;0.1
19/11/2025 18:30;0
19/11/2025 18:45;0
19/11/2025 19:00;0
19/11/2025 19:15;0
19/11/2025 19:30;0
19/11/2025 19:45;0
19/11/2025 20:00;0.2
19/11/2025 20:15;0.2
19/11/2025 20:30;0.1
19/11/2025 20:45;0.2
19/11/2025 21:00;0.2
19/11/2025 21:15;0.1
19/11/2025 21:30;0
19/11/2025 21:45;0.1
19/11/2025 22:00;0.1
19/11/2025 22:15;0
19/11/2025 22:30;0
19/11/2025 22:45;0
19/11/2025 23:00;0
19/11/2025 23:15;0
19/11/2025 23:30;0.1
19/11/2025 23:45;0
20/11/2025 00:00;0.2
20/11/2025 00:15;0
20/11/2025 00:30;0
20/11/2025 00:45;0
20/11/2025 01:00;0
20/11/2025 01:15;0
20/11/2025 01:30;0
20/11/2025 01:45;0
20/11/2025 02:00;0
20/11/2025 02:15;0
20/11/2025 02:30;0
20/11/2025 02:45;0
20/11/2025 03:00;0
20/11/2025 03:15;0
20/11/2025 03:30;0
20/11/2025 03:45;0
20/11/2025 04:00;0
20/11/2025 04:15;0
20/11/2025 04:30;0
20/11/2025 04:45;0
20/11/2025 05:00;0
20/11/2025 05:15;0
20/11/2025 05:30;0
20/11/2025 05:45;0
20/11/2025 06:00;0
20/11/2025 06:15;0
20/11/2025 06:30;0
20/11/2025 06:45;0
20/11/2025 07:00;0
20/11/2025 07:15;0
20/11/2025 07:30;0
20/11/2025 07:45;0
20/11/2025 08:00;0
20/11/2025 08:15;0
20/11/2025 08:30;0
20/11/2025 08:45;0
20/11/2025 09:00;0
20/11/2025 09:15;0
20/11/2025 09:30;0
20/11/2025 09:45;0
20/11/2025 10:00;0
20/11/2025 10:15;0
20/11/2025 10:30;0
20/11/2025 10:45;0
20/11/2025 11:00;0
20/11/2025 11:15;0
20/11/2025 11:30;0
20/11/2025 11:45;0
20/11/2025 12:00;0
20/11/2025 12:15;0
20/11/2025 12:30;0
20/11/2025 12:45;0
20/11/2025 13:00;0
20/11/2025 13:15;0
20/11/2025 13:30;0
20/11/2025 13:45;0
20/11/2025 14:00;0
20/11/2025 14:15;0
20/11/2025 14:30;0.4
20/11/2025 14:45;0.1
20/11/2025 15:00;0
20/11/2025 15:15;0
20/11/2025 15:30;0
20/11/2025 15:45;0
20/11/2025 16:00;0
20/11/2025 16:15;0
20/11/2025 16:30;0
20/11/2025 16:45;0
20/11/2025 17:00;0
20/11/2025 17:15;0
20/11/2025 17:30;0.1
20/11/2025 17:45;0.1
20/11/2025 18:00;0.1
20/11/2025 18:15;0.1
20/11/2025 18:30;0.1
20/11/2025 18:45;0.3
20/11/2025 19:00;0.1
20/11/2025 19:15;0.3
20/11/2025 19:30;0.2
20/11/2025 19:45;0.2
20/11/2025 20:00;0.1
20/11/2025 20:15;0.1
20/11/2025 20:30;0.3
20/11/2025 20:45;0.2
20/11/2025 21:00;0.3
20/11/2025 21:15;0.1
20/11/2025 21:30;0
20/11/2025 21:45;0
20/11/2025 22:00;0
20/11/2025 22:15;0
20/11/2025 22:30;0
20/11/2025 22:45;0
20/11/2025 23:00;0.2
20/11/2025 23:15;0.6
20/11/2025 23:30;0.5
20/11/2025 23:45;0.1
21/11/2025 00:00;0
21/11/2025 00:15;0.1
21/11/2025 00:30;0
21/11/2025 00:45;0
21/11/2025 01:00;0
21/11/2025 01:15;0
21/11/2025 01:30;0.3
21/11/2025 01:45;0.3
21/11/2025 02:00;0.1
21/11/2025 02:15;0.1
21/11/2025 02:30;0
21/11/2025 02:45;0
21/11/2025 03:00;0
21/11/2025 03:15;0
21/11/2025 03:30;0
21/11/2025 03:45;0
21/11/2025 04:00;0
21/11/2025 04:15;0
21/11/2025 04:30;0
21/11/2025 04:45;0
21/11/2025 05:00;0
21/11/2025 05:15;0
21/11/2025 05:30;0
21/11/2025 05:45;0
21/11/2025 06:00;0
21/11/2025 06:15;0
21/11/2025 06:30;0
21/11/2025 06:45;0
21/11/2025 07:00;0
21/11/2025 07:15;0
21/11/2025 07:30;0
21/11/2025 07:45;0
21/11/2025 08:00;0
21/11/2025 08:15;0
21/11/2025 08:30;0
21/11/2025 08:45;0
21/11/2025 09:00;0
21/11/2025 09:15;0
21/11/2025 09:30;0
21/11/2025 09:45;0
21/11/2025 10:00;0
21/11/2025 10:15;0
21/11/2025 10:30;0
21/11/2025 10:45;0
21/11/2025 11:00;0
21/11/2025 11:15;0
21/11/2025 11:30;0
21/11/2025 11:45;0
21/11/2025 12:00;0
21/11/2025 12:15;0
21/11/2025 12:30;0
21/11/2025 12:45;0
21/11/2025 13:00;0
21/11/2025 13:15;0
21/11/2025 13:30;0
21/11/2025 13:45;0
21/11/2025 14:00;0
21/11/2025 14:15;0
21/11/2025 14:30;0
21/11/2025 14:45;0
21/11/2025 15:00;0
21/11/2025 15:15;0
21/11/2025 15:30;0
21/11/2025 15:45;0
21/11/2025 16:00;0
21/11/2025 16:15;0
21/11/2025 16:30;0
21/11/2025 16:45;0
21/11/2025 17:00;0
21/11/2025 17:15;0
21/11/2025 17:30;0
21/11/2025 17:45;0
21/11/2025 18:00;0
21/11/2025 18:15;0
21/11/2025 18:30;0
21/11/2025 18:45;0
21/11/2025 19:00;0
21/11/2025 19:15;0
21/11/2025 19:30;0
21/11/2025 19:45;0
21/11/2025 20:00;0
21/11/2025 20:15;0
21/11/2025 20:30;0
21/11/2025 20:45;0
21/11/2025 21:00;0
21/11/2025 21:15;0
21/11/2025 21:30;0
21/11/2025 21:45;0
21/11/2025 22:00;0
21/11/2025 22:15;0
21/11/2025 22:30;0
21/11/2025 22:45;0
21/11/2025 23:00;0
21/11/2025 23:15;0
21/11/2025 23:30;0
21/11/2025 23:45;0
22/11/2025 00:00;0
22/11/2025 00:15;0
22/11/2025 00:30;0
22/11/2025 00:45;0
22/11/2025 01:00;0
22/11/2025 01:15;0
22/11/2025 01:30;0
22/11/2025 01:45;0
22/11/2025 02:00;0
22/11/2025 02:15;0
22/11/2025 02:30;0
22/11/2025 02:45;0
22/11/2025 03:00;0
22/11/2025 03:15;0
22/11/2025 03:30;0
22/11/2025 03:45;0
22/11/2025 04:00;0
22/11/2025 04:15;0
22/11/2025 04:30;0
22/11/2025 04:45;0
22/11/2025 05:00;0
22/11/2025 05:15;0
22/11/2025 05:30;0
22/11/2025 05:45;0
22/11/2025 06:00;0
22/11/2025 06:15;0
22/11/2025 06:30;0
22/11/2025 06:45;0
22/11/2025 07:00;0
22/11/2025 07:15;0
22/11/2025 07:30;0
22/11/2025 07:45;0
22/11/2025 08:00;0
22/11/2025 08:15;0
22/11/2025 08:30;0
22/11/2025 08:45;0
22/11/2025 09:00;0
22/11/2025 09:15;0
22/11/2025 09:30;0
22/11/2025 09:45;0
22/11/2025 10:00;0
22/11/2025 10:15;0
22/11/2025 10:30;0
22/11/2025 10:45;0
22/11/2025 11:00;0
22/11/2025 11:15;0
22/11/2025 11:30;0
22/11/2025 11:45;0
22/11/2025 12:00;0
22/11/2025 12:15;0
22/11/2025 12:30;0
22/11/2025 12:45;0
22/11/2025 13:00;0
22/11/2025 13:15;0
22/11/2025 13:30;0
22/11/2025 13:45;0
22/11/2025 14:00;0
22/11/2025 14:15;0
22/11/2025 14:30;0
22/11/2025 14:45;0
22/11/2025 15:00;0
22/11/2025 15:15;0
22/11/2025 15:30;0
22/11/2025 15:45;0
22/11/2025 16:00;0
22/11/2025 16:15;0
22/11/2025 16:30;0
22/11/2025 16:45;0
22/11/2025 17:00;0
22/11/2025 17:15;0
22/11/2025 17:30;0
22/11/2025 17:45;0
22/11/2025 18:00;0
22/11/2025 18:15;0
22/11/2025 18:30;0
22/11/2025 18:45;0
22/11/2025 19:00;0
22/11/2025 19:15;0
22/11/2025 19:30;0
22/11/2025 19:45;0
22/11/2025 20:00;0
22/11/2025 20:15;0
22/11/2025 20:30;0
22/11/2025 20:45;0
22/11/2025 21:00;0
22/11/2025 21:15;0
22/11/2025 21:30;0
22/11/2025 21:45;0
22/11/2025 22:00;0
22/11/2025 22:15;0
22/11/2025 22:30;0
22/11/2025 22:45;0
22/11/2025 23:00;0
22/11/2025 23:15;0
22/11/2025 23:30;0
22/11/2025 23:45;0
23/11/2025 00:00;0
23/11/2025 00:15;0
23/11/2025 00:30;0
23/11/2025 00:45;0
23/11/2025 01:00;0
23/11/2025 01:15;0
23/11/2025 01:30;0
23/11/2025 01:45;0
23/11/2025 02:00;0
23/11/2025 02:15;0
23/11/2025 02:30;0
23/11/2025 02:45;0
23/11/2025 03:00;0
23/11/2025 03:15;0
23/11/2025 03:30;0
23/11/2025 03:45;0
23/11/2025 04:00;0
23/11/2025 04:15;0
23/11/2025 04:30;0
23/11/2025 04:45;0
23/11/2025 05:00;0
23/11/2025 05:15;0
23/11/2025 05:30;0
23/11/2025 05:45;0.1
23/11/2025 06:00;0
23/11/2025 06:15;0
23/11/2025 06:30;0
23/11/2025 06:45;0
23/11/2025 07:00;0
23/11/2025 07:15;0
23/11/2025 07:30;0
23/11/2025 07:45;0
23/11/2025 08:00;0
23/11/2025 08:15;0
23/11/2025 08:30;0
23/11/2025 08:45;0
23/11/2025 09:00;0
23/11/2025 09:15;0
23/11/2025 09:30;0
23/11/2025 09:45;0
23/11/2025 10:00;0
23/11/2025 10:15;0
23/11/2025 10:30;0
23/11/2025 10:45;0
23/11/2025 11:00;0
23/11/2025 11:15;0
23/11/2025 11:30;0
23/11/2025 11:45;0
23/11/2025 12:00;0
23/11/2025 12:15;0
23/11/2025 12:30;0
23/11/2025 12:45;0
23/11/2025 13:00;0
23/11/2025 13:15;0
23/11/2025 13:30;0
23/11/2025 13:45;0
23/11/2025 14:00;0
23/11/2025 14:15;0
23/11/2025 14:30;0
23/11/2025 14:45;0
23/11/2025 15:00;0
23/11/2025 15:15;0
23/11/2025 15:30;0
23/11/2025 15:45;0
23/11/2025 16:00;0
23/11/2025 16:15;0
23/11/2025 16:30;0
23/11/2025 16:45;0
23/11/2025 17:00;0
23/11/2025 17:15;0
23/11/2025 17:30;0
23/11/2025 17:45;0
23/11/2025 18:00;0
23/11/2025 18:15;0
23/11/2025 18:30;0
23/11/2025 18:45;0
23/11/2025 19:00;0
23/11/2025 19:15;0
23/11/2025 19:30;0
23/11/2025 19:45;0
23/11/2025 20:00;0
23/11/2025 20:15;0
23/11/2025 20:30;0
23/11/2025 20:45;0
23/11/2025 21:00;0
23/11/2025 21:15;0
23/11/2025 21:30;0
23/11/2025 21:45;0
23/11/2025 22:00;0
23/11/2025 22:15;0
23/11/2025 22:30;0
23/11/2025 22:45;0
23/11/2025 23:00;0
23/11/2025 23:15;0
23/11/2025 23:30;0
23/11/2025 23:45;0
24/11/2025 00:00;0
24/11/2025 00:15;0
24/11/2025 00:30;0
24/11/2025 00:45;0
24/11/2025 01:00;0
24/11/2025 01:15;0
24/11/2025 01:30;0
24/11/2025 01:45;0
24/11/2025 02:00;0
24/11/2025 02:15;0
24/11/2025 02:30;0
24/11/2025 02:45;0
24/11/2025 03:00;0.1
24/11/2025 03:15;0.2
24/11/2025 03:30;0.2
24/11/2025 03:45;0.1
24/11/2025 04:00;0.3
24/11/2025 04:15;0.3
24/11/2025 04:30;0.4
24/11/2025 04:45;0.3
24/11/2025 05:00;0.4
24/11/2025 05:15;0.2
24/11/2025 05:30;0.1
24/11/2025 05:45;0.1
24/11/2025 06:00;0
24/11/2025 06:15;0
24/11/2025 06:30;0.1
24/11/2025 06:45;0.1
24/11/2025 07:00;0.1
24/11/2025 07:15;0
24/11/2025 07:30;0
24/11/2025 07:45;0
24/11/2025 08:00;0
24/11/2025 08:15;0
24/11/2025 08:30;0
24/11/2025 08:45;0.1
24/11/2025 09:00;0
24/11/2025 09:15;0.2
24/11/2025 09:30;0.3
24/11/2025 09:45;0.1
24/11/2025 10:00;0
24/11/2025 10:15;0
24/11/2025 10:30;0
24/11/2025 10:45;0
24/11/2025 11:00;0
24/11/2025 11:15;0
24/11/2025 11:30;0
24/11/2025 11:45;0
24/11/2025 12:00;0
24/11/2025 12:15;0
24/11/2025 12:30;0.2
24/11/2025 12:45;0.5
24/11/2025 13:00;0.6
24/11/2025 13:15;0.3
24/11/2025 13:30;0.1
24/11/2025 13:45;0
24/11/2025 14:00;0
24/11/2025 14:15;0.2
24/11/2025 14:30;0.3
24/11/2025 14:45;0
24/11/2025 15:00;0.1
24/11/2025 15:15;0
24/11/2025 15:30;0
24/11/2025 15:45;0
24/11/2025 16:00;0.6
24/11/2025 16:15;0.2
24/11/2025 16:30;0
24/11/2025 16:45;0
24/11/2025 17:00;0
24/11/2025 17:15;0
24/11/2025 17:30;0
24/11/2025 17:45;0
24/11/2025 18:00;0
24/11/2025 18:15;0
24/11/2025 18:30;0
24/11/2025 18:45;0
24/11/2025 19:00;0
24/11/2025 19:15;0
24/11/2025 19:30;0
24/11/2025 19:45;0.1
24/11/2025 20:00;0
24/11/2025 20:15;0
24/11/2025 20:30;0
24/11/2025 20:45;0
24/11/2025 21:00;0
24/11/2025 21:15;0
24/11/2025 21:30;0
24/11/2025 21:45;0
24/11/2025 22:00;0
24/11/2025 22:15;0
24/11/2025 22:30;0
24/11/2025 22:45;0
24/11/2025 23:00;0
24/11/2025 23:15;0
24/11/2025 23:30;0
24/11/2025 23:45;0
25/11/2025 00:00;0
25/11/2025 00:15;0
25/11/2025 00:30;0.3
25/11/2025 00:45;0.4
25/11/2025 01:00;0
25/11/2025 01:15;0.1
25/11/2025 01:30;0.1
25/11/2025 01:45;0
25/11/2025 02:00;0
25/11/2025 02:15;0
25/11/2025 02:30;0.1
25/11/2025 02:45;0
25/11/2025 03:00;0.2
25/11/2025 03:15;0
25/11/2025 03:30;0.1
25/11/2025 03:45;0.1
25/11/2025 04:00;0.1
25/11/2025 04:15;0.5
25/11/2025 04:30;0.4
25/11/2025 04:45;0.5
25/11/2025 05:00;0.4
25/11/2025 05:15;2.3
25/11/2025 05:30;2.5
25/11/2025 05:45;0.6
25/11/2025 06:00;0
25/11/2025 06:15;0.8
25/11/2025 06:30;0.1
25/11/2025 06:45;0.2
25/11/2025 07:00;0.2
25/11/2025 07:15;0.2
25/11/2025 07:30;0.2
25/11/2025 07:45;0.8
25/11/2025 08:00;2.2
25/11/2025 08:15;1.1
25/11/2025 08:30;1.2
25/11/2025 08:45;1.4
25/11/2025 09:00;0.8
25/11/2025 09:15;0.2
25/11/2025 09:30;0
25/11/2025 09:45;0
25/11/2025 10:00;0
25/11/2025 10:15;0.2
25/11/2025 10:30;0.1
25/11/2025 10:45;0
25/11/2025 11:00;0
25/11/2025 11:15;0.1
25/11/2025 11:30;0
25/11/2025 11:45;0
25/11/2025 12:00;0.2
25/11/2025 12:15;0.7
25/11/2025 12:30;1.9
25/11/2025 12:45;1.6
25/11/2025 13:00;0
25/11/2025 13:15;0
25/11/2025 13:30;0.1
25/11/2025 13:45;0.2
25/11/2025 14:00;0.4
25/11/2025 14:15;1.2
25/11/2025 14:30;0.5
25/11/2025 14:45;0.4
25/11/2025 15:00;0.9
25/11/2025 15:15;0.3
25/11/2025 15:30;0
25/11/2025 15:45;0.3
25/11/2025 16:00;0.2
25/11/2025 16:15;0
25/11/2025 16:30;0.1
25/11/2025 16:45;0.6
25/11/2025 17:00;0.3
25/11/2025 17:15;0
25/11/2025 17:30;0
25/11/2025 17:45;0
25/11/2025 18:00;0
25/11/2025 18:15;0.2
25/11/2025 18:30;0.5
25/11/2025 18:45;0.4
25/11/2025 19:00;1.1
25/11/2025 19:15;1.3
25/11/2025 19:30;1.2
25/11/2025 19:45;1.2
25/11/2025 20:00;0.1
25/11/2025 20:15;0.1
25/11/2025 20:30;0.1
25/11/2025 20:45;0.2
25/11/2025 21:00;0.8
25/11/2025 21:15;0.1
25/11/2025 21:30;0.1
25/11/2025 21:45;0
25/11/2025 22:00;0.5
25/11/2025 22:15;0.5
25/11/2025 22:30;0
25/11/2025 22:45;0.2
25/11/2025 23:00;0.5
25/11/2025 23:15;0.1
25/11/2025 23:30;0
25/11/2025 23:45;0.5
26/11/2025 00:00;1.2
26/11/2025 00:15;2
26/11/2025 00:30;0.4
26/11/2025 00:45;1.4
26/11/2025 01:00;0.4
26/11/2025 01:15;0
26/11/2025 01:30;0.2
26/11/2025 01:45;1.2
26/11/2025 02:00;0.3
26/11/2025 02:15;0
26/11/2025 02:30;0
26/11/2025 02:45;0
26/11/2025 03:00;0.3
26/11/2025 03:15;0.6
26/11/2025 03:30;0
26/11/2025 03:45;0
26/11/2025 04:00;0.1
26/11/2025 04:15;0
26/11/2025 04:30;0.1
26/11/2025 04:45;0
26/11/2025 05:00;0.1
26/11/2025 05:15;0
26/11/2025 05:30;0
26/11/2025 05:45;0
26/11/2025 06:00;0
26/11/2025 06:15;0
26/11/2025 06:30;0
26/11/2025 06:45;0
26/11/2025 07:00;0
26/11/2025 07:15;0
26/11/2025 07:30;0
26/11/2025 07:45;0
26/11/2025 08:00;0
26/11/2025 08:15;0
26/11/2025 08:30;0
26/11/2025 08:45;0
26/11/2025 09:00;0
26/11/2025 09:15;0
26/11/2025 09:30;0
26/11/2025 09:45;0
26/11/2025 10:00;0
26/11/2025 10:15;0
26/11/2025 10:30;0
26/11/2025 10:45;0
26/11/2025 11:00;0
26/11/2025 11:15;0
26/11/2025 11:30;0
26/11/2025 11:45;0
26/11/2025 12:00;0
26/11/2025 12:15;0
26/11/2025 12:30;0
26/11/2025 12:45;0
26/11/2025 13:00;0
26/11/2025 13:15;0
26/11/2025 13:30;0
26/11/2025 13:45;0
26/11/2025 14:00;0
26/11/2025 14:15;0
26/11/2025 14:30;0
26/11/2025 14:45;0
26/11/2025 15:00;0
26/11/2025 15:15;0
26/11/2025 15:30;0
26/11/2025 15:45;0
26/11/2025 16:00;0
26/11/2025 16:15;0
26/11/2025 16:30;0
26/11/2025 16:45;0
26/11/2025 17:00;0
26/11/2025 17:15;0
26/11/2025 17:30;0
26/11/2025 17:45;0
26/11/2025 18:00;0
26/11/2025 18:15;0
26/11/2025 18:30;0
26/11/2025 18:45;0
26/11/2025 19:00;0
26/11/2025 19:15;0
26/11/2025 19:30;0
26/11/2025 19:45;0
26/11/2025 20:00;0
26/11/2025 20:15;0
26/11/2025 20:30;0
26/11/2025 20:45;0
26/11/2025 21:00;0
26/11/2025 21:15;0
26/11/2025 21:30;0
26/11/2025 21:45;0
26/11/2025 22:00;0
26/11/2025 22:15;0
26/11/2025 22:30;0
26/11/2025 22:45;0
26/11/2025 23:00;0
26/11/2025 23:15;0
26/11/2025 23:30;0
26/11/2025 23:45;0
27/11/2025 00:00;0
27/11/2025 00:15;0
27/11/2025 00:30;0
27/11/2025 00:45;0
27/11/2025 01:00;0
27/11/2025 01:15;0
27/11/2025 01:30;0
27/11/2025 01:45;0
27/11/2025 02:00;0
27/11/2025 02:15;0
27/11/2025 02:30;0
27/11/2025 02:45;0
27/11/2025 03:00;0
27/11/2025 03:15;0
27/11/2025 03:30;0
27/11/2025 03:45;0
27/11/2025 04:00;0
27/11/2025 04:15;0
27/11/2025 04:30;0
27/11/2025 04:45;0
27/11/2025 05:00;0
27/11/2025 05:15;0
27/11/2025 05:30;0
27/11/2025 05:45;0
27/11/2025 06:00;0
27/11/2025 06:15;0
27/11/2025 06:30;0
27/11/2025 06:45;0
27/11/2025 07:00;0
27/11/2025 07:15;0
27/11/2025 07:30;0
27/11/2025 07:45;0
27/11/2025 08:00;0
27/11/2025 08:15;0
27/11/2025 08:30;0
27/11/2025 08:45;0
27/11/2025 09:00;0
27/11/2025 09:15;0
27/11/2025 09:30;0
27/11/2025 09:45;0
27/11/2025 10:00;0
27/11/2025 10:15;0
27/11/2025 10:30;0
27/11/2025 10:45;0
27/11/2025 11:00;0
27/11/2025 11:15;0
27/11/2025 11:30;0
27/11/2025 11:45;0
27/11/2025 12:00;0
27/11/2025 12:15;0
27/11/2025 12:30;0
27/11/2025 12:45;0
27/11/2025 13:00;0
27/11/2025 13:15;0
27/11/2025 13:30;0
27/11/2025 13:45;0
27/11/2025 14:00;0
27/11/2025 14:15;0
27/11/2025 14:30;0
27/11/2025 14:45;0
27/11/2025 15:00;0
27/11/2025 15:15;0
27/11/2025 15:30;0
27/11/2025 15:45;0
27/11/2025 16:00;0
27/11/2025 16:15;0
27/11/2025 16:30;0
27/11/2025 16:45;0
27/11/2025 17:00;0
27/11/2025 17:15;0
27/11/2025 17:30;0
27/11/2025 17:45;0
27/11/2025 18:00;0
27/11/2025 18:15;0
27/11/2025 18:30;0
27/11/2025 18:45;0
27/11/2025 19:00;0
27/11/2025 19:15;0
27/11/2025 19:30;0
27/11/2025 19:45;0
27/11/2025 20:00;0
27/11/2025 20:15;0
27/11/2025 20:30;0
27/11/2025 20:45;0
27/11/2025 21:00;0
27/11/2025 21:15;0
27/11/2025 21:30;0
27/11/2025 21:45;0
27/11/2025 22:00;0
27/11/2025 22:15;0
27/11/2025 22:30;0
27/11/2025 22:45;0
27/11/2025 23:00;0
27/11/2025 23:15;0
27/11/2025 23:30;0
27/11/2025 23:45;0
28/11/2025 00:00;0
28/11/2025 00:15;0
28/11/2025 00:30;0
28/11/2025 00:45;0
28/11/2025 01:00;0
28/11/2025 01:15;0
28/11/2025 01:30;0
28/11/2025 01:45;0
28/11/2025 02:00;0
28/11/2025 02:15;0
28/11/2025 02:30;0
28/11/2025 02:45;0
28/11/2025 03:00;0
28/11/2025 03:15;0
28/11/2025 03:30;0
28/11/2025 03:45;0
28/11/2025 04:00;0
28/11/2025 04:15;0
28/11/2025 04:30;0
28/11/2025 04:45;0
28/11/2025 05:00;0
28/11/2025 05:15;0
28/11/2025 05:30;0
28/11/2025 05:45;0
28/11/2025 06:00;0
28/11/2025 06:15;0
28/11/2025 06:30;0
28/11/2025 06:45;0
28/11/2025 07:00;0
28/11/2025 07:15;0
28/11/2025 07:30;0
28/11/2025 07:45;0
28/11/2025 08:00;0
28/11/2025 08:15;0
28/11/2025 08:30;0
28/11/2025 08:45;0
28/11/2025 09:00;0
28/11/2025 09:15;0
28/11/2025 09:30;0
28/11/2025 09:45;0
28/11/2025 10:00;0
28/11/2025 10:15;0
28/11/2025 10:30;0
28/11/2025 10:45;0
28/11/2025 11:00;0
28/11/2025 11:15;0
28/11/2025 11:30;0
28/11/2025 11:45;0
28/11/2025 12:00;0
28/11/2025 12:15;0
28/11/2025 12:30;0
28/11/2025 12:45;0
28/11/2025 13:00;0
28/11/2025 13:15;0
28/11/2025 13:30;0
28/11/2025 13:45;0
28/11/2025 14:00;0
28/11/2025 14:15;0
28/11/2025 14:30;0
28/11/2025 14:45;0
28/11/2025 15:00;0
28/11/2025 15:15;0
28/11/2025 15:30;0
28/11/2025 15:45;0
28/11/2025 16:00;0
28/11/2025 16:15;0
28/11/2025 16:30;0
28/11/2025 16:45;0
28/11/2025 17:00;0
28/11/2025 17:15;0
28/11/2025 17:30;0
28/11/2025 17:45;0
28/11/2025 18:00;0
28/11/2025 18:15;0
28/11/2025 18:30;0
28/11/2025 18:45;0
28/11/2025 19:00;0
28/11/2025 19:15;0
28/11/2025 19:30;0
28/11/2025 19:45;0
28/11/2025 20:00;0
28/11/2025 20:15;0
28/11/2025 20:30;0
28/11/2025 20:45;0
28/11/2025 21:00;0
28/11/2025 21:15;0
28/11/2025 21:30;0
28/11/2025 21:45;0
28/11/2025 22:00;0
28/11/2025 22:15;0
28/11/2025 22:30;0
28/11/2025 22:45;0
28/11/2025 23:00;0
28/11/2025 23:15;0
28/11/2025 23:30;0
28/11/2025 23:45;0
29/11/2025 00:00;0
29/11/2025 00:15;0
29/11/2025 00:30;0
29/11/2025 00:45;0
29/11/2025 01:00;0
29/11/2025 01:15;0
29/11/2025 01:30;0
29/11/2025 01:45;0
29/11/2025 02:00;0
29/11/2025 02:15;0
29/11/2025 02:30;0
29/11/2025 02:45;0
29/11/2025 03:00;0
29/11/2025 03:15;0
29/11/2025 03:30;0
29/11/2025 03:45;0
29/11/2025 04:00;0
29/11/2025 04:15;0
29/11/2025 04:30;0
29/11/2025 04:45;0
29/11/2025 05:00;0
29/11/2025 05:15;0
29/11/2025 05:30;0
29/11/2025 05:45;0
29/11/2025 06:00;0
29/11/2025 06:15;0
29/11/2025 06:30;0
29/11/2025 06:45;0
29/11/2025 07:00;0
29/11/2025 07:15;0
29/11/2025 07:30;0
29/11/2025 07:45;0
29/11/2025 08:00;0
29/11/2025 08:15;0
29/11/2025 08:30;0
29/11/2025 08:45;0
29/11/2025 09:00;0
29/11/2025 09:15;0
29/11/2025 09:30;0
29/11/2025 09:45;0
29/11/2025 10:00;0
29/11/2025 10:15;0
29/11/2025 10:30;0
29/11/2025 10:45;0
29/11/2025 11:00;0
29/11/2025 11:15;0
29/11/2025 11:30;0
29/11/2025 11:45;0
29/11/2025 12:00;0
29/11/2025 12:15;0
29/11/2025 12:30;0
29/11/2025 12:45;0
29/11/2025 13:00;0
29/11/2025 13:15;0
29/11/2025 13:30;0
29/11/2025 13:45;0
29/11/2025 14:00;0
29/11/2025 14:15;0
29/11/2025 14:30;0
29/11/2025 14:45;0
29/11/2025 15:00;0
29/11/2025 15:15;0
29/11/2025 15:30;0
29/11/2025 15:45;0
29/11/2025 16:00;0
29/11/2025 16:15;0
29/11/2025 16:30;0
29/11/2025 16:45;0
29/11/2025 17:00;0
29/11/2025 17:15;0
29/11/2025 17:30;0
29/11/2025 17:45;0
29/11/2025 18:00;0
29/11/2025 18:15;0
29/11/2025 18:30;0
29/11/2025 18:45;0
29/11/2025 19:00;0
29/11/2025 19:15;0
29/11/2025 19:30;0
29/11/2025 19:45;0
29/11/2025 20:00;0
29/11/2025 20:15;0
29/11/2025 20:30;0
29/11/2025 20:45;0
29/11/2025 21:00;0
29/11/2025 21:15;0
29/11/2025 21:30;0
29/11/2025 21:45;0
29/11/2025 22:00;0
29/11/2025 22:15;0
29/11/2025 22:30;0
29/11/2025 22:45;0
29/11/2025 23:00;0
29/11/2025 23:15;0
29/11/2025 23:30;0
29/11/2025 23:45;0
30/11/2025 00:00;0
30/11/2025 00:15;0
30/11/2025 00:30;0
30/11/2025 00:45;0
30/11/2025 01:00;0
30/11/2025 01:15;0
30/11/2025 01:30;0
30/11/2025 01:45;0.1
30/11/2025 02:00;0.1
30/11/2025 02:15;0.1
30/11/2025 02:30;0.1
30/11/2025 02:45;0.2
30/11/2025 03:00;0
30/11/2025 03:15;0.1
30/11/2025 03:30;0.1
30/11/2025 03:45;0.5
30/11/2025 04:00;0.3
30/11/2025 04:15;0.3
30/11/2025 04:30;0.2
30/11/2025 04:45;0.3
30/11/2025 05:00;0.3
30/11/2025 05:15;0.2
30/11/2025 05:30;0.2
30/11/2025 05:45;0.1
30/11/2025 06:00;0.1
30/11/2025 06:15;0.2
30/11/2025 06:30;0.2
30/11/2025 06:45;0.2
30/11/2025 07:00;0.1
30/11/2025 07:15;0
30/11/2025 07:30;0.1
30/11/2025 07:45;0
30/11/2025 08:00;0
30/11/2025 08:15;0
30/11/2025 08:30;0
30/11/2025 08:45;0
30/11/2025 09:00;0
30/11/2025 09:15;0
30/11/2025 09:30;0
30/11/2025 09:45;0
30/11/2025 10:00;0
30/11/2025 10:15;0
30/11/2025 10:30;0
30/11/2025 10:45;0
30/11/2025 11:00;0
30/11/2025 11:15;0
30/11/2025 11:30;0
30/11/2025 11:45;0
30/11/2025 12:00;0
30/11/2025 12:15;0
30/11/2025 12:30;0
30/11/2025 12:45;0
30/11/2025 13:00;0
30/11/2025 13:15;0
30/11/2025 13:30;0
30/11/2025 13:45;0
30/11/2025 14:00;0
30/11/2025 14:15;0
30/11/2025 14:30;0
30/11/2025 14:45;0
30/11/2025 15:00;0
30/11/2025 15:15;0
30/11/2025 15:30;0
30/11/2025 15:45;0
30/11/2025 16:00;0
30/11/2025 16:15;0
30/11/2025 16:30;0
30/11/2025 16:45;0
30/11/2025 17:00;0
30/11/2025 17:15;0
30/11/2025 17:30;0
30/11/2025 17:45;0
30/11/2025 18:00;0
30/11/2025 18:15;0
30/11/2025 18:30;0
30/11/2025 18:45;0
30/11/2025 19:00;0
30/11/2025 19:15;0
30/11/2025 19:30;0
30/11/2025 19:45;0
30/11/2025 20:00;0
30/11/2025 20:15;0
30/11/2025 20:30;0
30/11/2025 20:45;0
30/11/2025 21:00;0
30/11/2025 21:15;0
30/11/2025 21:30;0
30/11/2025 21:45;0
30/11/2025 22:00;0
30/11/2025 22:15;0
30/11/2025 22:30;0
30/11/2025 22:45;0
30/11/2025 23:00;0
30/11/2025 23:15;0
30/11/2025 23:30;0
30/11/2025 23:45;0
01/12/2025 00:00;0
01/12/2025 00:15;0
01/12/2025 00:30;0
01/12/2025 00:45;0
01/12/2025 01:00;0
01/12/2025 01:15;0
01/12/2025 01:30;0
01/12/2025 01:45;0
01/12/2025 02:00;0
01/12/2025 02:15;0
01/12/2025 02:30;0
01/12/2025 02:45;0
01/12/2025 03:00;0
01/12/2025 03:15;0
01/12/2025 03:30;0
01/12/2025 03:45;0
01/12/2025 04:00;0
01/12/2025 04:15;0
01/12/2025 04:30;0
01/12/2025 04:45;0
01/12/2025 05:00;0
01/12/2025 05:15;0
01/12/2025 05:30;0
01/12/2025 05:45;0
01/12/2025 06:00;0
01/12/2025 06:15;0
01/12/2025 06:30;0
01/12/2025 06:45;0
01/12/2025 07:00;0
01/12/2025 07:15;0
01/12/2025 07:30;0
01/12/2025 07:45;0
01/12/2025 08:00;0
01/12/2025 08:15;0
01/12/2025 08:30;0
01/12/2025 08:45;0
01/12/2025 09:00;0
01/12/2025 09:15;0
01/12/2025 09:30;0
01/12/2025 09:45;0
01/12/2025 10:00;0
01/12/2025 10:15;0
01/12/2025 10:30;0
01/12/2025 10:45;0
01/12/2025 11:00;0
01/12/2025 11:15;0
01/12/2025 11:30;0
01/12/2025 11:45;0
01/12/2025 12:00;0
01/12/2025 12:15;0
01/12/2025 12:30;0
01/12/2025 12:45;0
01/12/2025 13:00;0
01/12/2025 13:15;0
01/12/2025 13:30;0
01/12/2025 13:45;0
01/12/2025 14:00;0
01/12/2025 14:15;0
01/12/2025 14:30;0
01/12/2025 14:45;0
01/12/2025 15:00;0
01/12/2025 15:15;0
01/12/2025 15:30;0
01/12/2025 15:45;0
01/12/2025 16:00;0
01/12/2025 16:15;0
01/12/2025 16:30;0
01/12/2025 16:45;0
01/12/2025 17:00;0
01/12/2025 17:15;0
01/12/2025 17:30;0
01/12/2025 17:45;0
01/12/2025 18:00;0
01/12/2025 18:15;0
01/12/2025 18:30;0
01/12/2025 18:45;0
01/12/2025 19:00;0
01/12/2025 19:15;0
01/12/2025 19:30;0
01/12/2025 19:45;0
01/12/2025 20:00;0
01/12/2025 20:15;0
01/12/2025 20:30;0
01/12/2025 20:45;0
01/12/2025 21:00;0
01/12/2025 21:15;0
01/12/2025 21:30;0
01/12/2025 21:45;0
01/12/2025 22:00;0
01/12/2025 22:15;0
01/12/2025 22:30;0
01/12/2025 22:45;0
01/12/2025 23:00;0
01/12/2025 23:15;0
01/12/2025 23:30;0
01/12/2025 23:45;0
02/12/2025 00:00;0
02/12/2025 00:15;0
02/12/2025 00:30;0
02/12/2025 00:45;0
02/12/2025 01:00;0
02/12/2025 01:15;0
02/12/2025 01:30;0
02/12/2025 01:45;0
02/12/2025 02:00;0
02/12/2025 02:15;0
02/12/2025 02:30;0
02/12/2025 02:45;0
02/12/2025 03:00;0
02/12/2025 03:15;0
02/12/2025 03:30;0
02/12/2025 03:45;0
02/12/2025 04:00;0
02/12/2025 04:15;0
02/12/2025 04:30;0
02/12/2025 04:45;0
02/12/2025 05:00;0
02/12/2025 05:15;0
02/12/2025 05:30;0
02/12/2025 05:45;0
02/12/2025 06:00;0
02/12/2025 06:15;0
02/12/2025 06:30;0
02/12/2025 06:45;0
02/12/2025 07:00;0
02/12/2025 07:15;0
02/12/2025 07:30;0
02/12/2025 07:45;0
02/12/2025 08:00;0
02/12/2025 08:15;0
02/12/2025 08:30;0
02/12/2025 08:45;0
02/12/2025 09:00;0
02/12/2025 09:15;0
02/12/2025 09:30;0
02/12/2025 09:45;0
02/12/2025 10:00;0.1
02/12/2025 10:15;0.2
02/12/2025 10:30;0.3
02/12/2025 10:45;0.2
02/12/2025 11:00;0.1
02/12/2025 11:15;0.2
02/12/2025 11:30;0
02/12/2025 11:45;0.2
02/12/2025 12:00;0.1
02/12/2025 12:15;0.1
02/12/2025 12:30;0
02/12/2025 12:45;0
02/12/2025 13:00;0
02/12/2025 13:15;0
02/12/2025 13:30;0
02/12/2025 13:45;0
02/12/2025 14:00;0
02/12/2025 14:15;0
02/12/2025 14:30;0
02/12/2025 14:45;0
02/12/2025 15:00;0
02/12/2025 15:15;0
02/12/2025 15:30;0
02/12/2025 15:45;0
02/12/2025 16:00;0
02/12/2025 16:15;0
02/12/2025 16:30;0
02/12/2025 16:45;0
02/12/2025 17:00;0
02/12/2025 17:15;0
02/12/2025 17:30;0
02/12/2025 17:45;0
02/12/2025 18:00;0
02/12/2025 18:15;0
02/12/2025 18:30;0
02/12/2025 18:45;0
02/12/2025 19:00;0
02/12/2025 19:15;0
02/12/2025 19:30;0
02/12/2025 19:45;0
02/12/2025 20:00;0
02/12/2025 20:15;0
02/12/2025 20:30;0
02/12/2025 20:45;0
02/12/2025 21:00;0
02/12/2025 21:15;0
02/12/2025 21:30;0
02/12/2025 21:45;0
02/12/2025 22:00;0
02/12/2025 22:15;0
02/12/2025 22:30;0
02/12/2025 22:45;0
02/12/2025 23:00;0
02/12/2025 23:15;0
02/12/2025 23:30;0
02/12/2025 23:45;0
03/12/2025 00:00;0
03/12/2025 00:15;0
03/12/2025 00:30;0
03/12/2025 00:45;0
03/12/2025 01:00;0
03/12/2025 01:15;0
03/12/2025 01:30;0
03/12/2025 01:45;0
03/12/2025 02:00;0
03/12/2025 02:15;0
03/12/2025 02:30;0
03/12/2025 02:45;0
03/12/2025 03:00;0
03/12/2025 03:15;0
03/12/2025 03:30;0
03/12/2025 03:45;0
03/12/2025 04:00;0
03/12/2025 04:15;0
03/12/2025 04:30;0
03/12/2025 04:45;0
03/12/2025 05:00;0
03/12/2025 05:15;0
03/12/2025 05:30;0
03/12/2025 05:45;0
03/12/2025 06:00;0
03/12/2025 06:15;0
03/12/2025 06:30;0
03/12/2025 06:45;0
03/12/2025 07:00;0
03/12/2025 07:15;0
03/12/2025 07:30;0
03/12/2025 07:45;0
03/12/2025 08:00;0
03/12/2025 08:15;0
03/12/2025 08:30;0
03/12/2025 08:45;0
03/12/2025 09:00;0
03/12/2025 09:15;0
03/12/2025 09:30;0
03/12/2025 09:45;0
03/12/2025 10:00;0
03/12/2025 10:15;0
03/12/2025 10:30;0
03/12/2025 10:45;0
03/12/2025 11:00;0
03/12/2025 11:15;0
03/12/2025 11:30;0
03/12/2025 11:45;0
03/12/2025 12:00;0
03/12/2025 12:15;0
03/12/2025 12:30;0
03/12/2025 12:45;0
03/12/2025 13:00;0
03/12/2025 13:15;0
03/12/2025 13:30;0
03/12/2025 13:45;0
03/12/2025 14:00;0
03/12/2025 14:15;0
03/12/2025 14:30;0
03/12/2025 14:45;0
03/12/2025 15:00;0
03/12/2025 15:15;0
03/12/2025 15:30;0
03/12/2025 15:45;0
03/12/2025 16:00;0
03/12/2025 16:15;0
03/12/2025 16:30;0
03/12/2025 16:45;0
03/12/2025 17:00;0
03/12/2025 17:15;0
03/12/2025 17:30;0
03/12/2025 17:45;0
03/12/2025 18:00;0
03/12/2025 18:15;0
03/12/2025 18:30;0
03/12/2025 18:45;0
03/12/2025 19:00;0
03/12/2025 19:15;0
03/12/2025 19:30;0
03/12/2025 19:45;0
03/12/2025 20:00;0
03/12/2025 20:15;0
03/12/2025 20:30;0
03/12/2025 20:45;0
03/12/2025 21:00;0
03/12/2025 21:15;0
03/12/2025 21:30;0
03/12/2025 21:45;0
03/12/2025 22:00;0
03/12/2025 22:15;0
03/12/2025 22:30;0
03/12/2025 22:45;0
03/12/2025 23:00;0
03/12/2025 23:15;0
03/12/2025 23:30;0
03/12/2025 23:45;0
04/12/2025 00:00;0
04/12/2025 00:15;0
04/12/2025 00:30;0
04/12/2025 00:45;0
04/12/2025 01:00;0
04/12/2025 01:15;0
04/12/2025 01:30;0
04/12/2025 01:45;0
04/12/2025 02:00;0
04/12/2025 02:15;0
04/12/2025 02:30;0
04/12/2025 02:45;0
04/12/2025 03:00;0
04/12/2025 03:15;0
04/12/2025 03:30;0
04/12/2025 03:45;0
04/12/2025 04:00;0
04/12/2025 04:15;0
04/12/2025 04:30;0
04/12/2025 04:45;0
04/12/2025 05:00;0
04/12/2025 05:15;0.2
04/12/2025 05:30;0
04/12/2025 05:45;0.1
04/12/2025 06:00;0
04/12/2025 06:15;0
04/12/2025 06:30;0.1
04/12/2025 06:45;0.3
04/12/2025 07:00;0.3
04/12/2025 07:15;0.6
04/12/2025 07:30;0.5
04/12/2025 07:45;0.5
04/12/2025 08:00;0.3
04/12/2025 08:15;0.3
04/12/2025 08:30;0.4
04/12/2025 08:45;0.1
04/12/2025 09:00;0.1
04/12/2025 09:15;0.2
04/12/2025 09:30;0.2
04/12/2025 09:45;0.2
04/12/2025 10:00;0.1
04/12/2025 10:15;0
04/12/2025 10:30;0
04/12/2025 10:45;0
04/12/2025 11:00;0.1
04/12/2025 11:15;0
04/12/2025 11:30;0
04/12/2025 11:45;0
04/12/2025 12:00;0
04/12/2025 12:15;0
04/12/2025 12:30;0
04/12/2025 12:45;0
04/12/2025 13:00;0
04/12/2025 13:15;0
04/12/2025 13:30;0
04/12/2025 13:45;0
04/12/2025 14:00;0
04/12/2025 14:15;0
04/12/2025 14:30;0
04/12/2025 14:45;0
04/12/2025 15:00;0
04/12/2025 15:15;0
04/12/2025 15:30;0
04/12/2025 15:45;0
04/12/2025 16:00;0.1
04/12/2025 16:15;0
04/12/2025 16:30;0
04/12/2025 16:45;0
04/12/2025 17:00;0
04/12/2025 17:15;0
04/12/2025 17:30;0
04/12/2025 17:45;0
04/12/2025 18:00;0
04/12/2025 18:15;0
04/12/2025 18:30;0
04/12/2025 18:45;0
04/12/2025 19:00;0
04/12/2025 19:15;0
04/12/2025 19:30;0
04/12/2025 19:45;0.1
04/12/2025 20:00;0.5
04/12/2025 20:15;0.5
04/12/2025 20:30;0.2
04/12/2025 20:45;0.3
04/12/2025 21:00;0.1
04/12/2025 21:15;0
04/12/2025 21:30;0
04/12/2025 21:45;0
04/12/2025 22:00;0
04/12/2025 22:15;0
04/12/2025 22:30;0
04/12/2025 22:45;0.1
04/12/2025 23:00;0
04/12/2025 23:15;0
04/12/2025 23:30;0.2
04/12/2025 23:45;0.4
05/12/2025 00:00;0.2
05/12/2025 00:15;0.2
05/12/2025 00:30;0
05/12/2025 00:45;0.1
05/12/2025 01:00;0
05/12/2025 01:15;0
05/12/2025 01:30;0
05/12/2025 01:45;0
05/12/2025 02:00;0
05/12/2025 02:15;0
05/12/2025 02:30;0
05/12/2025 02:45;0.1
05/12/2025 03:00;0
05/12/2025 03:15;0
05/12/2025 03:30;0
05/12/2025 03:45;0
05/12/2025 04:00;0
05/12/2025 04:15;0
05/12/2025 04:30;0
05/12/2025 04:45;0
05/12/2025 05:00;0.1
05/12/2025 05:15;0.1
05/12/2025 05:30;0.1
05/12/2025 05:45;0.1
05/12/2025 06:00;0
05/12/2025 06:15;0
05/12/2025 06:30;0.2
05/12/2025 06:45;0
05/12/2025 07:00;0.1
05/12/2025 07:15;0.1
05/12/2025 07:30;0.1
05/12/2025 07:45;0.1
05/12/2025 08:00;0
05/12/2025 08:15;0
05/12/2025 08:30;0.1
05/12/2025 08:45;0
05/12/2025 09:00;0
05/12/2025 09:15;0
05/12/2025 09:30;0
05/12/2025 09:45;0
05/12/2025 10:00;0
05/12/2025 10:15;0
05/12/2025 10:30;0
05/12/2025 10:45;0
05/12/2025 11:00;0
05/12/2025 11:15;0
05/12/2025 11:30;0
05/12/2025 11:45;0
05/12/2025 12:00;0
05/12/2025 12:15;0
05/12/2025 12:30;0
05/12/2025 12:45;0
05/12/2025 13:00;0
05/12/2025 13:15;0
05/12/2025 13:30;0
05/12/2025 13:45;0
05/12/2025 14:00;0
05/12/2025 14:15;0
05/12/2025 14:30;0
05/12/2025 14:45;0
05/12/2025 15:00;0
05/12/2025 15:15;0
05/12/2025 15:30;0
05/12/2025 15:45;0
05/12/2025 16:00;0
05/12/2025 16:15;0
05/12/2025 16:30;0
05/12/2025 16:45;0
05/12/2025 17:00;0
05/12/2025 17:15;0
05/12/2025 17:30;0
05/12/2025 17:45;0
05/12/2025 18:00;0
05/12/2025 18:15;0
05/12/2025 18:30;0
05/12/2025 18:45;0
05/12/2025 19:00;0
05/12/2025 19:15;0
05/12/2025 19:30;0
05/12/2025 19:45;0
05/12/2025 20:00;0
05/12/2025 20:15;0
05/12/2025 20:30;0
05/12/2025 20:45;0
05/12/2025 21:00;0
05/12/2025 21:15;0
05/12/2025 21:30;0
05/12/2025 21:45;0
05/12/2025 22:00;0
05/12/2025 22:15;0
05/12/2025 22:30;0
05/12/2025 22:45;0
05/12/2025 23:00;0
05/12/2025 23:15;0
05/12/2025 23:30;0
05/12/2025 23:45;0
06/12/2025 00:00;0
06/12/2025 00:15;0
06/12/2025 00:30;0
06/12/2025 00:45;0
06/12/2025 01:00;0
06/12/2025 01:15;0.1
06/12/2025 01:30;0
06/12/2025 01:45;0
06/12/2025 02:00;0
06/12/2025 02:15;0
06/12/2025 02:30;0
06/12/2025 02:45;0
06/12/2025 03:00;0
06/12/2025 03:15;0
06/12/2025 03:30;0
06/12/2025 03:45;0
06/12/2025 04:00;0
06/12/2025 04:15;0
06/12/2025 04:30;0
06/12/2025 04:45;0
06/12/2025 05:00;0
06/12/2025 05:15;0
06/12/2025 05:30;0
06/12/2025 05:45;0
06/12/2025 06:00;0
06/12/2025 06:15;0
06/12/2025 06:30;0
06/12/2025 06:45;0
06/12/2025 07:00;0
06/12/2025 07:15;0
06/12/2025 07:30;0
06/12/2025 07:45;0
06/12/2025 08:00;0
06/12/2025 08:15;0
06/12/2025 08:30;0
06/12/2025 08:45;0
06/12/2025 09:00;0
06/12/2025 09:15;0
06/12/2025 09:30;0
06/12/2025 09:45;0
06/12/2025 10:00;0
06/12/2025 10:15;0
06/12/2025 10:30;0
06/12/2025 10:45;0
06/12/2025 11:00;0
06/12/2025 11:15;0
06/12/2025 11:30;0
06/12/2025 11:45;0
06/12/2025 12:00;0
06/12/2025 12:15;0
06/12/2025 12:30;0
06/12/2025 12:45;0
06/12/2025 13:00;0
06/12/2025 13:15;0
06/12/2025 13:30;0
06/12/2025 13:45;0
06/12/2025 14:00;0
06/12/2025 14:15;0
06/12/2025 14:30;0
06/12/2025 14:45;0
06/12/2025 15:00;0
06/12/2025 15:15;0
06/12/2025 15:30;0
06/12/2025 15:45;0
06/12/2025 16:00;0
06/12/2025 16:15;0
06/12/2025 16:30;0
06/12/2025 16:45;0
06/12/2025 17:00;0
06/12/2025 17:15;0
06/12/2025 17:30;0
06/12/2025 17:45;0
06/12/2025 18:00;0
06/12/2025 18:15;0
06/12/2025 18:30;0
06/12/2025 18:45;0
06/12/2025 19:00;0
06/12/2025 19:15;0
06/12/2025 19:30;0
06/12/2025 19:45;0
06/12/2025 20:00;0
06/12/2025 20:15;0
06/12/2025 20:30;0
06/12/2025 20:45;0
06/12/2025 21:00;0
06/12/2025 21:15;0
06/12/2025 21:30;0
06/12/2025 21:45;0
06/12/2025 22:00;0
06/12/2025 22:15;0
06/12/2025 22:30;0
06/12/2025 22:45;0
06/12/2025 23:00;0
06/12/2025 23:15;0
06/12/2025 23:30;0
06/12/2025 23:45;0
07/12/2025 00:00;0
07/12/2025 00:15;0
07/12/2025 00:30;0
07/12/2025 00:45;0
07/12/2025 01:00;0
07/12/2025 01:15;0
07/12/2025 01:30;0
07/12/2025 01:45;0
07/12/2025 02:00;0
07/12/2025 02:15;0
07/12/2025 02:30;0
07/12/2025 02:45;0
07/12/2025 03:00;0
07/12/2025 03:15;0
07/12/2025 03:30;0
07/12/2025 03:45;0
07/12/2025 04:00;0
07/12/2025 04:15;0
07/12/2025 04:30;0
07/12/2025 04:45;0
07/12/2025 05:00;0
07/12/2025 05:15;0
07/12/2025 05:30;0
07/12/2025 05:45;0
07/12/2025 06:00;0
07/12/2025 06:15;0
07/12/2025 06:30;0
07/12/2025 06:45;0
07/12/2025 07:00;0
07/12/2025 07:15;0
07/12/2025 07:30;0
07/12/2025 07:45;0
07/12/2025 08:00;0
07/12/2025 08:15;0
07/12/2025 08:30;0
07/12/2025 08:45;0
07/12/2025 09:00;0
07/12/2025 09:15;0
07/12/2025 09:30;0
07/12/2025 09:45;0
07/12/2025 10:00;0
07/12/2025 10:15;0
07/12/2025 10:30;0
07/12/2025 10:45;0
07/12/2025 11:00;0
07/12/2025 11:15;0
07/12/2025 11:30;0
07/12/2025 11:45;0
07/12/2025 12:00;0
07/12/2025 12:15;0
07/12/2025 12:30;0
07/12/2025 12:45;0
07/12/2025 13:00;0
07/12/2025 13:15;0
07/12/2025 13:30;0
07/12/2025 13:45;0
07/12/2025 14:00;0
07/12/2025 14:15;0
07/12/2025 14:30;0
07/12/2025 14:45;0
07/12/2025 15:00;0
07/12/2025 15:15;0
07/12/2025 15:30;0
07/12/2025 15:45;0
07/12/2025 16:00;0
07/12/2025 16:15;0
07/12/2025 16:30;0
07/12/2025 16:45;0
07/12/2025 17:00;0
07/12/2025 17:15;0
07/12/2025 17:30;0
07/12/2025 17:45;0
07/12/2025 18:00;0
07/12/2025 18:15;0
07/12/2025 18:30;0
07/12/2025 18:45;0
07/12/2025 19:00;0
07/12/2025 19:15;0
07/12/2025 19:30;0
07/12/2025 19:45;0
07/12/2025 20:00;0
07/12/2025 20:15;0
07/12/2025 20:30;0
07/12/2025 20:45;0
07/12/2025 21:00;0
07/12/2025 21:15;0
07/12/2025 21:30;0
07/12/2025 21:45;0
07/12/2025 22:00;0
07/12/2025 22:15;0
07/12/2025 22:30;0
07/12/2025 22:45;0
07/12/2025 23:00;0
07/12/2025 23:15;0
07/12/2025 23:30;0
07/12/2025 23:45;0
08/12/2025 00:00;0
08/12/2025 00:15;0
08/12/2025 00:30;0
08/12/2025 00:45;0
08/12/2025 01:00;0
08/12/2025 01:15;0
08/12/2025 01:30;0
08/12/2025 01:45;0
08/12/2025 02:00;0
08/12/2025 02:15;0
08/12/2025 02:30;0
08/12/2025 02:45;0
08/12/2025 03:00;0
08/12/2025 03:15;0
08/12/2025 03:30;0
08/12/2025 03:45;0
08/12/2025 04:00;0
08/12/2025 04:15;0
08/12/2025 04:30;0
08/12/2025 04:45;0
08/12/2025 05:00;0
08/12/2025 05:15;0
08/12/2025 05:30;0
08/12/2025 05:45;0
08/12/2025 06:00;0
08/12/2025 06:15;0
08/12/2025 06:30;0
08/12/2025 06:45;0
08/12/2025 07:00;0
08/12/2025 07:15;0
08/12/2025 07:30;0
08/12/2025 07:45;0
08/12/2025 08:00;0
08/12/2025 08:15;0
08/12/2025 08:30;0
08/12/2025 08:45;0
08/12/2025 09:00;0
08/12/2025 09:15;0
08/12/2025 09:30;0
08/12/2025 09:45;0
08/12/2025 10:00;0
08/12/2025 10:15;0
08/12/2025 10:30;0
08/12/2025 10:45;0
08/12/2025 11:00;0
08/12/2025 11:15;0
08/12/2025 11:30;0
08/12/2025 11:45;0
08/12/2025 12:00;0
08/12/2025 12:15;0
08/12/2025 12:30;0
08/12/2025 12:45;0
08/12/2025 13:00;0
08/12/2025 13:15;0
08/12/2025 13:30;0
08/12/2025 13:45;0
08/12/2025 14:00;0
08/12/2025 14:15;0
08/12/2025 14:30;0
08/12/2025 14:45;0
08/12/2025 15:00;0
08/12/2025 15:15;0
08/12/2025 15:30;0
08/12/2025 15:45;0
08/12/2025 16:00;0
08/12/2025 16:15;0
08/12/2025 16:30;0
08/12/2025 16:45;0
08/12/2025 17:00;0
08/12/2025 17:15;0
08/12/2025 17:30;0
08/12/2025 17:45;0
08/12/2025 18:00;0
08/12/2025 18:15;0
08/12/2025 18:30;0
08/12/2025 18:45;0
08/12/2025 19:00;0
08/12/2025 19:15;0
08/12/2025 19:30;0
08/12/2025 19:45;0
08/12/2025 20:00;0
08/12/2025 20:15;0
08/12/2025 20:30;0
08/12/2025 20:45;0
08/12/2025 21:00;0
08/12/2025 21:15;0
08/12/2025 21:30;0
08/12/2025 21:45;0
08/12/2025 22:00;0
08/12/2025 22:15;0
08/12/2025 22:30;0
08/12/2025 22:45;0
08/12/2025 23:00;0
08/12/2025 23:15;0
08/12/2025 23:30;0
08/12/2025 23:45;0
09/12/2025 00:00;0
09/12/2025 00:15;0
09/12/2025 00:30;0
09/12/2025 00:45;0
09/12/2025 01:00;0
09/12/2025 01:15;0
09/12/2025 01:30;0
09/12/2025 01:45;0
09/12/2025 02:00;0
09/12/2025 02:15;0
09/12/2025 02:30;0
09/12/2025 02:45;0
09/12/2025 03:00;0
09/12/2025 03:15;0
09/12/2025 03:30;0
09/12/2025 03:45;0
09/12/2025 04:00;0
09/12/2025 04:15;0
09/12/2025 04:30;0
09/12/2025 04:45;0
09/12/2025 05:00;0
09/12/2025 05:15;0
09/12/2025 05:30;0
09/12/2025 05:45;0
09/12/2025 06:00;0
09/12/2025 06:15;0
09/12/2025 06:30;0
09/12/2025 06:45;0
09/12/2025 07:00;0
09/12/2025 07:15;0
09/12/2025 07:30;0
09/12/2025 07:45;0
09/12/2025 08:00;0
09/12/2025 08:15;0
09/12/2025 08:30;0
09/12/2025 08:45;0
09/12/2025 09:00;0
09/12/2025 09:15;0
09/12/2025 09:30;0
09/12/2025 09:45;0
09/12/2025 10:00;0
09/12/2025 10:15;0
09/12/2025 10:30;0
09/12/2025 10:45;0
09/12/2025 11:00;0
09/12/2025 11:15;0
09/12/2025 11:30;0
09/12/2025 11:45;0
09/12/2025 12:00;0
09/12/2025 12:15;0
09/12/2025 12:30;0
09/12/2025 12:45;0
09/12/2025 13:00;0
09/12/2025 13:15;0
09/12/2025 13:30;0
09/12/2025 13:45;0
09/12/2025 14:00;0
09/12/2025 14:15;0
09/12/2025 14:30;0
09/12/2025 14:45;0
09/12/2025 15:00;0
09/12/2025 15:15;0
09/12/2025 15:30;0
09/12/2025 15:45;0
09/12/2025 16:00;0
09/12/2025 16:15;0
09/12/2025 16:30;0
09/12/2025 16:45;0
09/12/2025 17:00;0
09/12/2025 17:15;0
09/12/2025 17:30;0
09/12/2025 17:45;0
09/12/2025 18:00;0
09/12/2025 18:15;0
09/12/2025 18:30;0
09/12/2025 18:45;0
09/12/2025 19:00;0
09/12/2025 19:15;0
09/12/2025 19:30;0
09/12/2025 19:45;0
09/12/2025 20:00;0
09/12/2025 20:15;0
09/12/2025 20:30;0
09/12/2025 20:45;0
09/12/2025 21:00;0
09/12/2025 21:15;0
09/12/2025 21:30;0.1
09/12/2025 21:45;0
09/12/2025 22:00;0
09/12/2025 22:15;0
09/12/2025 22:30;0
09/12/2025 22:45;0.1
09/12/2025 23:00;0
09/12/2025 23:15;0
09/12/2025 23:30;0
09/12/2025 23:45;0
10/12/2025 00:00;0
10/12/2025 00:15;0.1
10/12/2025 00:30;0.1
10/12/2025 00:45;0
10/12/2025 01:00;0.1
10/12/2025 01:15;0.2
10/12/2025 01:30;0.3
10/12/2025 01:45;0.2
10/12/2025 02:00;0.2
10/12/2025 02:15;0.2
10/12/2025 02:30;0
10/12/2025 02:45;0
10/12/2025 03:00;0.1
10/12/2025 03:15;0
10/12/2025 03:30;0
10/12/2025 03:45;0
10/12/2025 04:00;0
10/12/2025 04:15;0.2
10/12/2025 04:30;0
10/12/2025 04:45;0.1
10/12/2025 05:00;0
10/12/2025 05:15;0.1
10/12/2025 05:30;0.1
10/12/2025 05:45;0.2
10/12/2025 06:00;0.4
10/12/2025 06:15;0.4
10/12/2025 06:30;0.5
10/12/2025 06:45;0.5
10/12/2025 07:00;0.3
10/12/2025 07:15;0.3
10/12/2025 07:30;0.2
10/12/2025 07:45;0.3
10/12/2025 08:00;0.2
10/12/2025 08:15;0.1
10/12/2025 08:30;0.2
10/12/2025 08:45;0.1
10/12/2025 09:00;0.1
10/12/2025 09:15;0.1
10/12/2025 09:30;0.1
10/12/2025 09:45;0.3
10/12/2025 10:00;0.3
10/12/2025 10:15;0.3
10/12/2025 10:30;0.3
10/12/2025 10:45;0.1
10/12/2025 11:00;0.2
10/12/2025 11:15;0
10/12/2025 11:30;0
10/12/2025 11:45;0.1
10/12/2025 12:00;0.1
10/12/2025 12:15;0.1
10/12/2025 12:30;0.2
10/12/2025 12:45;0.4
10/12/2025 13:00;0.3
10/12/2025 13:15;0.1
10/12/2025 13:30;0.1
10/12/2025 13:45;0
10/12/2025 14:00;0.1
10/12/2025 14:15;0
10/12/2025 14:30;0.1
10/12/2025 14:45;0.1
10/12/2025 15:00;0.2
10/12/2025 15:15;0.2
10/12/2025 15:30;0.2
10/12/2025 15:45;0.2
10/12/2025 16:00;0.1
10/12/2025 16:15;0.1
10/12/2025 16:30;0.1
10/12/2025 16:45;0.1
10/12/2025 17:00;0
10/12/2025 17:15;0.1
10/12/2025 17:30;0.1
10/12/2025 17:45;0
10/12/2025 18:00;0.1
10/12/2025 18:15;0
10/12/2025 18:30;0.1
10/12/2025 18:45;0
10/12/2025 19:00;0.1
10/12/2025 19:15;0.1
10/12/2025 19:30;0.2
10/12/2025 19:45;0.1
10/12/2025 20:00;0.1
10/12/2025 20:15;0.1
10/12/2025 20:30;0
10/12/2025 20:45;0
10/12/2025 21:00;0
10/12/2025 21:15;0
10/12/2025 21:30;0
10/12/2025 21:45;0
10/12/2025 22:00;0
10/12/2025 22:15;0
10/12/2025 22:30;0
10/12/2025 22:45;0
10/12/2025 23:00;0
10/12/2025 23:15;0
10/12/2025 23:30;0
10/12/2025 23:45;0
11/12/2025 00:00;0
11/12/2025 00:15;0
11/12/2025 00:30;0
11/12/2025 00:45;0
11/12/2025 01:00;0
11/12/2025 01:15;0
11/12/2025 01:30;0
11/12/2025 01:45;0
11/12/2025 02:00;0
11/12/2025 02:15;0
11/12/2025 02:30;0
11/12/2025 02:45;0
11/12/2025 03:00;0
11/12/2025 03:15;0
11/12/2025 03:30;0
11/12/2025 03:45;0
11/12/2025 04:00;0
11/12/2025 04:15;0
11/12/2025 04:30;0
11/12/2025 04:45;0
11/12/2025 05:00;0
11/12/2025 05:15;0
11/12/2025 05:30;0
11/12/2025 05:45;0
11/12/2025 06:00;0
11/12/2025 06:15;0
11/12/2025 06:30;0
11/12/2025 06:45;0
11/12/2025 07:00;0
11/12/2025 07:15;0
11/12/2025 07:30;0
11/12/2025 07:45;0
11/12/2025 08:00;0
11/12/2025 08:15;0
11/12/2025 08:30;0
11/12/2025 08:45;0
11/12/2025 09:00;0
11/12/2025 09:15;0
11/12/2025 09:30;0
11/12/2025 09:45;0
11/12/2025 10:00;0
11/12/2025 10:15;0
11/12/2025 10:30;0
11/12/2025 10:45;0
11/12/2025 11:00;0
11/12/2025 11:15;0
11/12/2025 11:30;0
11/12/2025 11:45;0
11/12/2025 12:00;0
11/12/2025 12:15;0
11/12/2025 12:30;0
11/12/2025 12:45;0
11/12/2025 13:00;0
11/12/2025 13:15;0
11/12/2025 13:30;0
11/12/2025 13:45;0
11/12/2025 14:00;0
11/12/2025 14:15;0
11/12/2025 14:30;0
11/12/2025 14:45;0
11/12/2025 15:00;0
11/12/2025 15:15;0
11/12/2025 15:30;0
11/12/2025 15:45;0
11/12/2025 16:00;0
11/12/2025 16:15;0
11/12/2025 16:30;0
11/12/2025 16:45;0
11/12/2025 17:00;0
11/12/2025 17:15;0
11/12/2025 17:30;0
11/12/2025 17:45;0
11/12/2025 18:00;0
11/12/2025 18:15;0
11/12/2025 18:30;0
11/12/2025 18:45;0
11/12/2025 19:00;0
11/12/2025 19:15;0
11/12/2025 19:30;0
11/12/2025 19:45;0
11/12/2025 20:00;0
11/12/2025 20:15;0
11/12/2025 20:30;0
11/12/2025 20:45;0
11/12/2025 21:00;0
11/12/2025 21:15;0
11/12/2025 21:30;0
11/12/2025 21:45;0
11/12/2025 22:00;0
11/12/2025 22:15;0
11/12/2025 22:30;0
11/12/2025 22:45;0
11/12/2025 23:00;0
11/12/2025 23:15;0
11/12/2025 23:30;0
11/12/2025 23:45;0
12/12/2025 00:00;0
12/12/2025 00:15;0
12/12/2025 00:30;0
12/12/2025 00:45;0
12/12/2025 01:00;0
12/12/2025 01:15;0
12/12/2025 01:30;0
12/12/2025 01:45;0
12/12/2025 02:00;0
12/12/2025 02:15;0
12/12/2025 02:30;0
12/12/2025 02:45;0
12/12/2025 03:00;0
12/12/2025 03:15;0
12/12/2025 03:30;0
12/12/2025 03:45;0
12/12/2025 04:00;0
12/12/2025 04:15;0
12/12/2025 04:30;0
12/12/2025 04:45;0
12/12/2025 05:00;0
12/12/2025 05:15;0
12/12/2025 05:30;0
12/12/2025 05:45;0
12/12/2025 06:00;0
12/12/2025 06:15;0
12/12/2025 06:30;0
12/12/2025 06:45;0
12/12/2025 07:00;0
12/12/2025 07:15;0
12/12/2025 07:30;0
12/12/2025 07:45;0
12/12/2025 08:00;0
12/12/2025 08:15;0
12/12/2025 08:30;0
12/12/2025 08:45;0
12/12/2025 09:00;0
12/12/2025 09:15;0
12/12/2025 09:30;0
12/12/2025 09:45;0
12/12/2025 10:00;0
12/12/2025 10:15;0
12/12/2025 10:30;0
12/12/2025 10:45;0
12/12/2025 11:00;0
12/12/2025 11:15;0
12/12/2025 11:30;0
12/12/2025 11:45;0
12/12/2025 12:00;0
12/12/2025 12:15;0
12/12/2025 12:30;0
12/12/2025 12:45;0
12/12/2025 13:00;0
12/12/2025 13:15;0
12/12/2025 13:30;0
12/12/2025 13:45;0
12/12/2025 14:00;0
12/12/2025 14:15;0
12/12/2025 14:30;0
12/12/2025 14:45;0
12/12/2025 15:00;0
12/12/2025 15:15;0
12/12/2025 15:30;0
12/12/2025 15:45;0
12/12/2025 16:00;0
12/12/2025 16:15;0
12/12/2025 16:30;0
12/12/2025 16:45;0
12/12/2025 17:00;0
12/12/2025 17:15;0
12/12/2025 17:30;0
12/12/2025 17:45;0
12/12/2025 18:00;0
12/12/2025 18:15;0
12/12/2025 18:30;0
12/12/2025 18:45;0
12/12/2025 19:00;0
12/12/2025 19:15;0
12/12/2025 19:30;0
12/12/2025 19:45;0
12/12/2025 20:00;0
12/12/2025 20:15;0
12/12/2025 20:30;0
12/12/2025 20:45;0
12/12/2025 21:00;0
12/12/2025 21:15;0
12/12/2025 21:30;0
12/12/2025 21:45;0
12/12/2025 22:00;0
12/12/2025 22:15;0
12/12/2025 22:30;0
12/12/2025 22:45;0
12/12/2025 23:00;0
12/12/2025 23:15;0
12/12/2025 23:30;0
12/12/2025 23:45;0
13/12/2025 00:00;0
13/12/2025 00:15;0
13/12/2025 00:30;0
13/12/2025 00:45;0
13/12/2025 01:00;0
13/12/2025 01:15;0
13/12/2025 01:30;0
13/12/2025 01:45;0
13/12/2025 02:00;0
13/12/2025 02:15;0
13/12/2025 02:30;0
13/12/2025 02:45;0
13/12/2025 03:00;0
13/12/2025 03:15;0
13/12/2025 03:30;0
13/12/2025 03:45;0
13/12/2025 04:00;0
13/12/2025 04:15;0
13/12/2025 04:30;0
13/12/2025 04:45;0
13/12/2025 05:00;0
13/12/2025 05:15;0
13/12/2025 05:30;0
13/12/2025 05:45;0
13/12/2025 06:00;0
13/12/2025 06:15;0
13/12/2025 06:30;0
13/12/2025 06:45;0
13/12/2025 07:00;0
13/12/2025 07:15;0
13/12/2025 07:30;0
13/12/2025 07:45;0
13/12/2025 08:00;0
13/12/2025 08:15;0
13/12/2025 08:30;0
13/12/2025 08:45;0
13/12/2025 09:00;0
13/12/2025 09:15;0
13/12/2025 09:30;0
13/12/2025 09:45;0
13/12/2025 10:00;0
13/12/2025 10:15;0
13/12/2025 10:30;0
13/12/2025 10:45;0
13/12/2025 11:00;0
13/12/2025 11:15;0
13/12/2025 11:30;0
13/12/2025 11:45;0
13/12/2025 12:00;0
13/12/2025 12:15;0
13/12/2025 12:30;0
13/12/2025 12:45;0
13/12/2025 13:00;0
13/12/2025 13:15;0
13/12/2025 13:30;0
13/12/2025 13:45;0
13/12/2025 14:00;0
13/12/2025 14:15;0
13/12/2025 14:30;0
13/12/2025 14:45;0
13/12/2025 15:00;0
13/12/2025 15:15;0
13/12/2025 15:30;0
13/12/2025 15:45;0
13/12/2025 16:00;0
13/12/2025 16:15;0
13/12/2025 16:30;0
13/12/2025 16:45;0
13/12/2025 17:00;0
13/12/2025 17:15;0
13/12/2025 17:30;0
13/12/2025 17:45;0
13/12/2025 18:00;0
13/12/2025 18:15;0
13/12/2025 18:30;0
13/12/2025 18:45;0
13/12/2025 19:00;0
13/12/2025 19:15;0
13/12/2025 19:30;0
13/12/2025 19:45;0
13/12/2025 20:00;0
13/12/2025 20:15;0
13/12/2025 20:30;0
13/12/2025 20:45;0
13/12/2025 21:00;0
13/12/2025 21:15;0
13/12/2025 21:30;0
13/12/2025 21:45;0
13/12/2025 22:00;0
13/12/2025 22:15;0
13/12/2025 22:30;0
13/12/2025 22:45;0
13/12/2025 23:00;0
13/12/2025 23:15;0
13/12/2025 23:30;0
13/12/2025 23:45;0
14/12/2025 00:00;0
14/12/2025 00:15;0
14/12/2025 00:30;0
14/12/2025 00:45;0
14/12/2025 01:00;0
14/12/2025 01:15;0
14/12/2025 01:30;0
14/12/2025 01:45;0
14/12/2025 02:00;0
14/12/2025 02:15;0
14/12/2025 02:30;0
14/12/2025 02:45;0
14/12/2025 03:00;0
14/12/2025 03:15;0
14/12/2025 03:30;0
14/12/2025 03:45;0
14/12/2025 04:00;0
14/12/2025 04:15;0
14/12/2025 04:30;0
14/12/2025 04:45;0
14/12/2025 05:00;0
14/12/2025 05:15;0
14/12/2025 05:30;0
14/12/2025 05:45;0
14/12/2025 06:00;0
14/12/2025 06:15;0
14/12/2025 06:30;0
14/12/2025 06:45;0
14/12/2025 07:00;0
14/12/2025 07:15;0
14/12/2025 07:30;0
14/12/2025 07:45;0
14/12/2025 08:00;0
14/12/2025 08:15;0
14/12/2025 08:30;0
14/12/2025 08:45;0
14/12/2025 09:00;0
14/12/2025 09:15;0
14/12/2025 09:30;0
14/12/2025 09:45;0
14/12/2025 10:00;0
14/12/2025 10:15;0
14/12/2025 10:30;0
14/12/2025 10:45;0
14/12/2025 11:00;0
14/12/2025 11:15;0
14/12/2025 11:30;0
14/12/2025 11:45;0
14/12/2025 12:00;0
14/12/2025 12:15;0
14/12/2025 12:30;0
14/12/2025 12:45;0
14/12/2025 13:00;0
14/12/2025 13:15;0
14/12/2025 13:30;0
14/12/2025 13:45;0
14/12/2025 14:00;0
14/12/2025 14:15;0
14/12/2025 14:30;0
14/12/2025 14:45;0
14/12/2025 15:00;0
14/12/2025 15:15;0
14/12/2025 15:30;0
14/12/2025 15:45;0
14/12/2025 16:00;0
14/12/2025 16:15;0
14/12/2025 16:30;0
14/12/2025 16:45;0
14/12/2025 17:00;0
14/12/2025 17:15;0
14/12/2025 17:30;0
14/12/2025 17:45;0
14/12/2025 18:00;0
14/12/2025 18:15;0
14/12/2025 18:30;0
14/12/2025 18:45;0
14/12/2025 19:00;0
14/12/2025 19:15;0
14/12/2025 19:30;0
14/12/2025 19:45;0
14/12/2025 20:00;0
14/12/2025 20:15;0
14/12/2025 20:30;0
14/12/2025 20:45;0
14/12/2025 21:00;0
14/12/2025 21:15;0
14/12/2025 21:30;0
14/12/2025 21:45;0
14/12/2025 22:00;0
14/12/2025 22:15;0
14/12/2025 22:30;0
14/12/2025 22:45;0
14/12/2025 23:00;0
14/12/2025 23:15;0
14/12/2025 23:30;0
14/12/2025 23:45;0
15/12/2025 00:00;0
15/12/2025 00:15;0
15/12/2025 00:30;0
15/12/2025 00:45;0
15/12/2025 01:00;0
15/12/2025 01:15;0
15/12/2025 01:30;0
15/12/2025 01:45;0
15/12/2025 02:00;0
15/12/2025 02:15;0
15/12/2025 02:30;0
15/12/2025 02:45;0
15/12/2025 03:00;0
15/12/2025 03:15;0
15/12/2025 03:30;0
15/12/2025 03:45;0
15/12/2025 04:00;0
15/12/2025 04:15;0
15/12/2025 04:30;0
15/12/2025 04:45;0
15/12/2025 05:00;0
15/12/2025 05:15;0
15/12/2025 05:30;0
15/12/2025 05:45;0
15/12/2025 06:00;0
15/12/2025 06:15;0
15/12/2025 06:30;0
15/12/2025 06:45;0
15/12/2025 07:00;0
15/12/2025 07:15;0
15/12/2025 07:30;0
15/12/2025 07:45;0
15/12/2025 08:00;0
15/12/2025 08:15;0
15/12/2025 08:30;0
15/12/2025 08:45;0
15/12/2025 09:00;0
15/12/2025 09:15;0
15/12/2025 09:30;0
15/12/2025 09:45;0
15/12/2025 10:00;0
15/12/2025 10:15;0
15/12/2025 10:30;0
15/12/2025 10:45;0
15/12/2025 11:00;0
15/12/2025 11:15;0
15/12/2025 11:30;0
15/12/2025 11:45;0
15/12/2025 12:00;0
15/12/2025 12:15;0
15/12/2025 12:30;0
15/12/2025 12:45;0
15/12/2025 13:00;0
15/12/2025 13:15;0
15/12/2025 13:30;0
15/12/2025 13:45;0
15/12/2025 14:00;0
15/12/2025 14:15;0
15/12/2025 14:30;0
15/12/2025 14:45;0
15/12/2025 15:00;0
15/12/2025 15:15;0
15/12/2025 15:30;0
15/12/2025 15:45;0
15/12/2025 16:00;0
15/12/2025 16:15;0
15/12/2025 16:30;0
15/12/2025 16:45;0
15/12/2025 17:00;0
15/12/2025 17:15;0
15/12/2025 17:30;0
15/12/2025 17:45;0
15/12/2025 18:00;0
15/12/2025 18:15;0
15/12/2025 18:30;0
15/12/2025 18:45;0
15/12/2025 19:00;0
15/12/2025 19:15;0
15/12/2025 19:30;0
15/12/2025 19:45;0
15/12/2025 20:00;0
15/12/2025 20:15;0
15/12/2025 20:30;0
15/12/2025 20:45;0
15/12/2025 21:00;0
15/12/2025 21:15;0
15/12/2025 21:30;0
15/12/2025 21:45;0
15/12/2025 22:00;0.2
15/12/2025 22:15;0.1
15/12/2025 22:30;0
15/12/2025 22:45;0
15/12/2025 23:00;0
15/12/2025 23:15;0
15/12/2025 23:30;0
15/12/2025 23:45;0
16/12/2025 00:00;0
16/12/2025 00:15;0
16/12/2025 00:30;0
16/12/2025 00:45;0
16/12/2025 01:00;0
16/12/2025 01:15;0
16/12/2025 01:30;0
16/12/2025 01:45;0
16/12/2025 02:00;0
16/12/2025 02:15;0
16/12/2025 02:30;0
16/12/2025 02:45;0
16/12/2025 03:00;0
16/12/2025 03:15;0
16/12/2025 03:30;0
16/12/2025 03:45;0
16/12/2025 04:00;0
16/12/2025 04:15;0
16/12/2025 04:30;0
16/12/2025 04:45;0
16/12/2025 05:00;0
16/12/2025 05:15;0
16/12/2025 05:30;0
16/12/2025 05:45;0
16/12/2025 06:00;0
16/12/2025 06:15;0
16/12/2025 06:30;0
16/12/2025 06:45;0
16/12/2025 07:00;0
16/12/2025 07:15;0
16/12/2025 07:30;0
16/12/2025 07:45;0
16/12/2025 08:00;0
16/12/2025 08:15;0
16/12/2025 08:30;0
16/12/2025 08:45;0
16/12/2025 09:00;0
16/12/2025 09:15;0
16/12/2025 09:30;0
16/12/2025 09:45;0
16/12/2025 10:00;0
16/12/2025 10:15;0
16/12/2025 10:30;0
16/12/2025 10:45;0
16/12/2025 11:00;0
16/12/2025 11:15;0
16/12/2025 11:30;0
16/12/2025 11:45;0
16/12/2025 12:00;0
16/12/2025 12:15;0
16/12/2025 12:30;0
16/12/2025 12:45;0
16/12/2025 13:00;0
16/12/2025 13:15;0
16/12/2025 13:30;0
16/12/2025 13:45;0
16/12/2025 14:00;0
16/12/2025 14:15;0
16/12/2025 14:30;0
16/12/2025 14:45;0
16/12/2025 15:00;0
16/12/2025 15:15;0
16/12/2025 15:30;0
16/12/2025 15:45;0
16/12/2025 16:00;0
16/12/2025 16:15;0
16/12/2025 16:30;0
16/12/2025 16:45;0
16/12/2025 17:00;0
16/12/2025 17:15;0
16/12/2025 17:30;0
16/12/2025 17:45;0
16/12/2025 18:00;0
16/12/2025 18:15;0
16/12/2025 18:30;0
16/12/2025 18:45;0
16/12/2025 19:00;0
16/12/2025 19:15;0
16/12/2025 19:30;0
16/12/2025 19:45;0
16/12/2025 20:00;0
16/12/2025 20:15;0
16/12/2025 20:30;0
16/12/2025 20:45;0
16/12/2025 21:00;0
16/12/2025 21:15;0
16/12/2025 21:30;0
16/12/2025 21:45;0
16/12/2025 22:00;0
16/12/2025 22:15;0
16/12/2025 22:30;0
16/12/2025 22:45;0
16/12/2025 23:00;0
16/12/2025 23:15;0
16/12/2025 23:30;0
16/12/2025 23:45;0
17/12/2025 00:00;0
17/12/2025 00:15;0
17/12/2025 00:30;0
17/12/2025 00:45;0
17/12/2025 01:00;0
17/12/2025 01:15;0
17/12/2025 01:30;0
17/12/2025 01:45;0
17/12/2025 02:00;0
17/12/2025 02:15;0
17/12/2025 02:30;0
17/12/2025 02:45;0
17/12/2025 03:00;0
17/12/2025 03:15;0
17/12/2025 03:30;0
17/12/2025 03:45;0
17/12/2025 04:00;0
17/12/2025 04:15;0
17/12/2025 04:30;0
17/12/2025 04:45;0
17/12/2025 05:00;0
17/12/2025 05:15;0
17/12/2025 05:30;0
17/12/2025 05:45;0
17/12/2025 06:00;0
17/12/2025 06:15;0
17/12/2025 06:30;0
17/12/2025 06:45;0
17/12/2025 07:00;0
17/12/2025 07:15;0
17/12/2025 07:30;0
17/12/2025 07:45;0
17/12/2025 08:00;0
17/12/2025 08:15;0
17/12/2025 08:30;0
17/12/2025 08:45;0
17/12/2025 09:00;0
17/12/2025 09:15;0
17/12/2025 09:30;0
17/12/2025 09:45;0
17/12/2025 10:00;0
17/12/2025 10:15;0
17/12/2025 10:30;0
17/12/2025 10:45;0
17/12/2025 11:00;0
17/12/2025 11:15;0
17/12/2025 11:30;0
17/12/2025 11:45;0
17/12/2025 12:00;0
17/12/2025 12:15;0
17/12/2025 12:30;0
17/12/2025 12:45;0
17/12/2025 13:00;0
17/12/2025 13:15;0
17/12/2025 13:30;0
17/12/2025 13:45;0
17/12/2025 14:00;0
17/12/2025 14:15;0
17/12/2025 14:30;0
17/12/2025 14:45;0
17/12/2025 15:00;0
17/12/2025 15:15;0
17/12/2025 15:30;0
17/12/2025 15:45;0
17/12/2025 16:00;0
17/12/2025 16:15;0
17/12/2025 16:30;0
17/12/2025 16:45;0
17/12/2025 17:00;0
17/12/2025 17:15;0
17/12/2025 17:30;0
17/12/2025 17:45;0
17/12/2025 18:00;0
17/12/2025 18:15;0
17/12/2025 18:30;0
17/12/2025 18:45;0
17/12/2025 19:00;0
17/12/2025 19:15;0
17/12/2025 19:30;0
17/12/2025 19:45;0
17/12/2025 20:00;0
17/12/2025 20:15;0
17/12/2025 20:30;0
17/12/2025 20:45;0
17/12/2025 21:00;0
17/12/2025 21:15;0
17/12/2025 21:30;0
17/12/2025 21:45;0
17/12/2025 22:00;0
17/12/2025 22:15;0
17/12/2025 22:30;0
17/12/2025 22:45;0
17/12/2025 23:00;0
17/12/2025 23:15;0
17/12/2025 23:30;0
17/12/2025 23:45;0
18/12/2025 00:00;0
18/12/2025 00:15;0
18/12/2025 00:30;0
18/12/2025 00:45;0
18/12/2025 01:00;0
18/12/2025 01:15;0
18/12/2025 01:30;0
18/12/2025 01:45;0
18/12/2025 02:00;0
18/12/2025 02:15;0
18/12/2025 02:30;0
18/12/2025 02:45;0
18/12/2025 03:00;0
18/12/2025 03:15;0
18/12/2025 03:30;0
18/12/2025 03:45;0
18/12/2025 04:00;0
18/12/2025 04:15;0
18/12/2025 04:30;0
18/12/2025 04:45;0
18/12/2025 05:00;0
18/12/2025 05:15;0
18/12/2025 05:30;0
18/12/2025 05:45;0
18/12/2025 06:00;0
18/12/2025 06:15;0
18/12/2025 06:30;0
18/12/2025 06:45;0
18/12/2025 07:00;0
18/12/2025 07:15;0
18/12/2025 07:30;0
18/12/2025 07:45;0
18/12/2025 08:00;0
18/12/2025 08:15;0
18/12/2025 08:30;0
18/12/2025 08:45;0
18/12/2025 09:00;0
18/12/2025 09:15;0
18/12/2025 09:30;0
18/12/2025 09:45;0
18/12/2025 10:00;0
18/12/2025 10:15;0
18/12/2025 10:30;0
18/12/2025 10:45;0
18/12/2025 11:00;0
18/12/2025 11:15;0
18/12/2025 11:30;0
18/12/2025 11:45;0
18/12/2025 12:00;0
18/12/2025 12:15;0
18/12/2025 12:30;0
18/12/2025 12:45;0
18/12/2025 13:00;0
18/12/2025 13:15;0
18/12/2025 13:30;0
18/12/2025 13:45;0
18/12/2025 14:00;0
18/12/2025 14:15;0
18/12/2025 14:30;0
18/12/2025 14:45;0
18/12/2025 15:00;0
18/12/2025 15:15;0
18/12/2025 15:30;0
18/12/2025 15:45;0
18/12/2025 16:00;0
18/12/2025 16:15;0
18/12/2025 16:30;0
18/12/2025 16:45;0
18/12/2025 17:00;0
18/12/2025 17:15;0
18/12/2025 17:30;0
18/12/2025 17:45;0
18/12/2025 18:00;0
18/12/2025 18:15;0
18/12/2025 18:30;0
18/12/2025 18:45;0
18/12/2025 19:00;0
18/12/2025 19:15;0
18/12/2025 19:30;0
18/12/2025 19:45;0
18/12/2025 20:00;0
18/12/2025 20:15;0
18/12/2025 20:30;0
18/12/2025 20:45;0
18/12/2025 21:00;0
18/12/2025 21:15;0
18/12/2025 21:30;0
18/12/2025 21:45;0
18/12/2025 22:00;0
18/12/2025 22:15;0
18/12/2025 22:30;0
18/12/2025 22:45;0
18/12/2025 23:00;0
18/12/2025 23:15;0
18/12/2025 23:30;0
18/12/2025 23:45;0
19/12/2025 00:00;0
19/12/2025 00:15;0
19/12/2025 00:30;0
19/12/2025 00:45;0
19/12/2025 01:00;0
19/12/2025 01:15;0
19/12/2025 01:30;0
19/12/2025 01:45;0
19/12/2025 02:00;0
19/12/2025 02:15;0
19/12/2025 02:30;0
19/12/2025 02:45;0
19/12/2025 03:00;0
19/12/2025 03:15;0
19/12/2025 03:30;0
19/12/2025 03:45;0
19/12/2025 04:00;0
19/12/2025 04:15;0
19/12/2025 04:30;0
19/12/2025 04:45;0
19/12/2025 05:00;0
19/12/2025 05:15;0
19/12/2025 05:30;0
19/12/2025 05:45;0
19/12/2025 06:00;0
19/12/2025 06:15;0
19/12/2025 06:30;0
19/12/2025 06:45;0
19/12/2025 07:00;0
19/12/2025 07:15;0
19/12/2025 07:30;0
19/12/2025 07:45;0
19/12/2025 08:00;0
19/12/2025 08:15;0
19/12/2025 08:30;0.1
19/12/2025 08:45;0.1
19/12/2025 09:00;0
19/12/2025 09:15;0
19/12/2025 09:30;0.1
19/12/2025 09:45;0
19/12/2025 10:00;0
19/12/2025 10:15;0
19/12/2025 10:30;0
19/12/2025 10:45;0.1
19/12/2025 11:00;0.1
19/12/2025 11:15;0
19/12/2025 11:30;0
19/12/2025 11:45;0
19/12/2025 12:00;0
19/12/2025 12:15;0.1
19/12/2025 12:30;0
19/12/2025 12:45;0
19/12/2025 13:00;0.1
19/12/2025 13:15;0.1
19/12/2025 13:30;0.2
19/12/2025 13:45;0.1
19/12/2025 14:00;0.1
19/12/2025 14:15;0.2
19/12/2025 14:30;0.1
19/12/2025 14:45;0.1
19/12/2025 15:00;0.2
19/12/2025 15:15;0.2
19/12/2025 15:30;0.1
19/12/2025 15:45;0.1
19/12/2025 16:00;0
19/12/2025 16:15;0
19/12/2025 16:30;0
19/12/2025 16:45;0
19/12/2025 17:00;0
19/12/2025 17:15;0
19/12/2025 17:30;0
19/12/2025 17:45;0
19/12/2025 18:00;0
19/12/2025 18:15;0.1
19/12/2025 18:30;0
19/12/2025 18:45;0
19/12/2025 19:00;0
19/12/2025 19:15;0.1
19/12/2025 19:30;0
19/12/2025 19:45;0.1
19/12/2025 20:00;0
19/12/2025 20:15;0.1
19/12/2025 20:30;0
19/12/2025 20:45;0.1
19/12/2025 21:00;0
19/12/2025 21:15;0
19/12/2025 21:30;0
19/12/2025 21:45;0
19/12/2025 22:00;0
19/12/2025 22:15;0
19/12/2025 22:30;0
19/12/2025 22:45;0
19/12/2025 23:00;0
19/12/2025 23:15;0
19/12/2025 23:30;0
19/12/2025 23:45;0
20/12/2025 00:00;0
20/12/2025 00:15;0
20/12/2025 00:30;0
20/12/2025 00:45;0
20/12/2025 01:00;0
20/12/2025 01:15;0
20/12/2025 01:30;0
20/12/2025 01:45;0
20/12/2025 02:00;0
20/12/2025 02:15;0
20/12/2025 02:30;0
20/12/2025 02:45;0
20/12/2025 03:00;0
20/12/2025 03:15;0
20/12/2025 03:30;0
20/12/2025 03:45;0
20/12/2025 04:00;0
20/12/2025 04:15;0
20/12/2025 04:30;0
20/12/2025 04:45;0
20/12/2025 05:00;0
20/12/2025 05:15;0
20/12/2025 05:30;0
20/12/2025 05:45;0
20/12/2025 06:00;0
20/12/2025 06:15;0
20/12/2025 06:30;0
20/12/2025 06:45;0
20/12/2025 07:00;0
20/12/2025 07:15;0
20/12/2025 07:30;0
20/12/2025 07:45;0
20/12/2025 08:00;0
20/12/2025 08:15;0
20/12/2025 08:30;0
20/12/2025 08:45;0
20/12/2025 09:00;0
20/12/2025 09:15;0
20/12/2025 09:30;0
20/12/2025 09:45;0
20/12/2025 10:00;0
20/12/2025 10:15;0
20/12/2025 10:30;0
20/12/2025 10:45;0
20/12/2025 11:00;0
20/12/2025 11:15;0
20/12/2025 11:30;0
20/12/2025 11:45;0
20/12/2025 12:00;0
20/12/2025 12:15;0
20/12/2025 12:30;0
20/12/2025 12:45;0
20/12/2025 13:00;0
20/12/2025 13:15;0
20/12/2025 13:30;0
20/12/2025 13:45;0
20/12/2025 14:00;0
20/12/2025 14:15;0
20/12/2025 14:30;0
20/12/2025 14:45;0
20/12/2025 15:00;0
20/12/2025 15:15;0
20/12/2025 15:30;0
20/12/2025 15:45;0
20/12/2025 16:00;0
20/12/2025 16:15;0
20/12/2025 16:30;0
20/12/2025 16:45;0
20/12/2025 17:00;0
20/12/2025 17:15;0
20/12/2025 17:30;0
20/12/2025 17:45;0
20/12/2025 18:00;0
20/12/2025 18:15;0
20/12/2025 18:30;0
20/12/2025 18:45;0
20/12/2025 19:00;0
20/12/2025 19:15;0
20/12/2025 19:30;0
20/12/2025 19:45;0
20/12/2025 20:00;0
20/12/2025 20:15;0
20/12/2025 20:30;0
20/12/2025 20:45;0
20/12/2025 21:00;0
20/12/2025 21:15;0
20/12/2025 21:30;0
20/12/2025 21:45;0
20/12/2025 22:00;0.1
20/12/2025 22:15;0.4
20/12/2025 22:30;0
20/12/2025 22:45;0
20/12/2025 23:00;0
20/12/2025 23:15;0
20/12/2025 23:30;0
20/12/2025 23:45;0
21/12/2025 00:00;0
21/12/2025 00:15;0
21/12/2025 00:30;0
21/12/2025 00:45;0.2
21/12/2025 01:00;0.1
21/12/2025 01:15;0
21/12/2025 01:30;0
21/12/2025 01:45;0
21/12/2025 02:00;0
21/12/2025 02:15;0
21/12/2025 02:30;0
21/12/2025 02:45;0
21/12/2025 03:00;0
21/12/2025 03:15;0
21/12/2025 03:30;0
21/12/2025 03:45;0
21/12/2025 04:00;0
21/12/2025 04:15;0
21/12/2025 04:30;0
21/12/2025 04:45;0
21/12/2025 05:00;0
21/12/2025 05:15;0
21/12/2025 05:30;0
21/12/2025 05:45;0
21/12/2025 06:00;0
21/12/2025 06:15;0.1
21/12/2025 06:30;0.2
21/12/2025 06:45;0.3
21/12/2025 07:00;0.3
21/12/2025 07:15;0.7
21/12/2025 07:30;0.2
21/12/2025 07:45;0
21/12/2025 08:00;0.1
21/12/2025 08:15;0
21/12/2025 08:30;0.1
21/12/2025 08:45;0
21/12/2025 09:00;0
21/12/2025 09:15;0
21/12/2025 09:30;0.1
21/12/2025 09:45;0
21/12/2025 10:00;0.1
21/12/2025 10:15;0.1
21/12/2025 10:30;0.2
21/12/2025 10:45;0.2
21/12/2025 11:00;0.2
21/12/2025 11:15;0.1
21/12/2025 11:30;0.2
21/12/2025 11:45;0.1
21/12/2025 12:00;0.1
21/12/2025 12:15;0.1
21/12/2025 12:30;0.1
21/12/2025 12:45;0.2
21/12/2025 13:00;1.5
21/12/2025 13:15;0.8
21/12/2025 13:30;0.5
21/12/2025 13:45;0.6
21/12/2025 14:00;0.6
21/12/2025 14:15;0.4
21/12/2025 14:30;0.1
21/12/2025 14:45;0.1
21/12/2025 15:00;0.1
21/12/2025 15:15;0
21/12/2025 15:30;0.4
21/12/2025 15:45;0
21/12/2025 16:00;0
21/12/2025 16:15;0
21/12/2025 16:30;0
21/12/2025 16:45;0
21/12/2025 17:00;0
21/12/2025 17:15;0
21/12/2025 17:30;0
21/12/2025 17:45;0
21/12/2025 18:00;0
21/12/2025 18:15;0
21/12/2025 18:30;0
21/12/2025 18:45;0
21/12/2025 19:00;0
21/12/2025 19:15;0
21/12/2025 19:30;0
21/12/2025 19:45;0
21/12/2025 20:00;0
21/12/2025 20:15;0
21/12/2025 20:30;0
21/12/2025 20:45;0
21/12/2025 21:00;0
21/12/2025 21:15;0
21/12/2025 21:30;0
21/12/2025 21:45;0
21/12/2025 22:00;0
21/12/2025 22:15;0
21/12/2025 22:30;0
21/12/2025 22:45;0
21/12/2025 23:00;0
21/12/2025 23:15;0
21/12/2025 23:30;0
21/12/2025 23:45;0
22/12/2025 00:00;0
22/12/2025 00:15;0
22/12/2025 00:30;0
22/12/2025 00:45;0
22/12/2025 01:00;0
22/12/2025 01:15;0
22/12/2025 01:30;0
22/12/2025 01:45;0
22/12/2025 02:00;0
22/12/2025 02:15;0
22/12/2025 02:30;0
22/12/2025 02:45;0
22/12/2025 03:00;0
22/12/2025 03:15;0
22/12/2025 03:30;0
22/12/2025 03:45;0
22/12/2025 04:00;0
22/12/2025 04:15;0
22/12/2025 04:30;0
22/12/2025 04:45;0
22/12/2025 05:00;0
22/12/2025 05:15;0
22/12/2025 05:30;0
22/12/2025 05:45;0
22/12/2025 06:00;0
22/12/2025 06:15;0
22/12/2025 06:30;0
22/12/2025 06:45;0
22/12/2025 07:00;0
22/12/2025 07:15;0
22/12/2025 07:30;0
22/12/2025 07:45;0
22/12/2025 08:00;0
22/12/2025 08:15;0
22/12/2025 08:30;0
22/12/2025 08:45;0
22/12/2025 09:00;0
22/12/2025 09:15;0
22/12/2025 09:30;0
22/12/2025 09:45;0
22/12/2025 10:00;0
22/12/2025 10:15;0
22/12/2025 10:30;0
22/12/2025 10:45;0
22/12/2025 11:00;0
22/12/2025 11:15;0
22/12/2025 11:30;0
22/12/2025 11:45;0
22/12/2025 12:00;0
22/12/2025 12:15;0
22/12/2025 12:30;0
22/12/2025 12:45;0
22/12/2025 13:00;0
22/12/2025 13:15;0
22/12/2025 13:30;0
22/12/2025 13:45;0
22/12/2025 14:00;0
22/12/2025 14:15;0
22/12/2025 14:30;0
22/12/2025 14:45;0
22/12/2025 15:00;0
22/12/2025 15:15;0
22/12/2025 15:30;0
22/12/2025 15:45;0
22/12/2025 16:00;0
22/12/2025 16:15;0
22/12/2025 16:30;0
22/12/2025 16:45;0
22/12/2025 17:00;0
22/12/2025 17:15;0
22/12/2025 17:30;0
22/12/2025 17:45;0.1
22/12/2025 18:00;0
22/12/2025 18:15;0
22/12/2025 18:30;0
22/12/2025 18:45;0
22/12/2025 19:00;0
22/12/2025 19:15;0
22/12/2025 19:30;0
22/12/2025 19:45;0
22/12/2025 20:00;0
22/12/2025 20:15;0
22/12/2025 20:30;0
22/12/2025 20:45;0
22/12/2025 21:00;0
22/12/2025 21:15;0
22/12/2025 21:30;0
22/12/2025 21:45;0
22/12/2025 22:00;0
22/12/2025 22:15;0
22/12/2025 22:30;0
22/12/2025 22:45;0
22/12/2025 23:00;0
22/12/2025 23:15;0
22/12/2025 23:30;0
22/12/2025 23:45;0
23/12/2025 00:00;0
23/12/2025 00:15;0
23/12/2025 00:30;0
23/12/2025 00:45;0
23/12/2025 01:00;0
23/12/2025 01:15;0
23/12/2025 01:30;0
23/12/2025 01:45;0
23/12/2025 02:00;0
23/12/2025 02:15;0
23/12/2025 02:30;0
23/12/2025 02:45;0
23/12/2025 03:00;0
23/12/2025 03:15;0
23/12/2025 03:30;0
23/12/2025 03:45;0
23/12/2025 04:00;0
23/12/2025 04:15;0
23/12/2025 04:30;0
23/12/2025 04:45;0
23/12/2025 05:00;0
23/12/2025 05:15;0
23/12/2025 05:30;0
23/12/2025 05:45;0
23/12/2025 06:00;0.1
23/12/2025 06:15;0
23/12/2025 06:30;0
23/12/2025 06:45;0.1
23/12/2025 07:00;0
23/12/2025 07:15;0
23/12/2025 07:30;0
23/12/2025 07:45;0
23/12/2025 08:00;0
23/12/2025 08:15;0.1
23/12/2025 08:30;0
23/12/2025 08:45;0
23/12/2025 09:00;0
23/12/2025 09:15;0
23/12/2025 09:30;0
23/12/2025 09:45;0
23/12/2025 10:00;0
23/12/2025 10:15;0
23/12/2025 10:30;0
23/12/2025 10:45;0
23/12/2025 11:00;0
23/12/2025 11:15;0
23/12/2025 11:30;0
23/12/2025 11:45;0
23/12/2025 12:00;0
23/12/2025 12:15;0
23/12/2025 12:30;0
23/12/2025 12:45;0
23/12/2025 13:00;0
23/12/2025 13:15;0
23/12/2025 13:30;0
23/12/2025 13:45;0
23/12/2025 14:00;0
23/12/2025 14:15;0
23/12/2025 14:30;0
23/12/2025 14:45;0
23/12/2025 15:00;0
23/12/2025 15:15;0
23/12/2025 15:30;0
23/12/2025 15:45;0
23/12/2025 16:00;0
23/12/2025 16:15;0
23/12/2025 16:30;0
23/12/2025 16:45;0
23/12/2025 17:00;0
23/12/2025 17:15;0
23/12/2025 17:30;0
23/12/2025 17:45;0
23/12/2025 18:00;0
23/12/2025 18:15;0
23/12/2025 18:30;0
23/12/2025 18:45;0
23/12/2025 19:00;0
23/12/2025 19:15;0
23/12/2025 19:30;0
23/12/2025 19:45;0
23/12/2025 20:00;0
23/12/2025 20:15;0
23/12/2025 20:30;0
23/12/2025 20:45;0
23/12/2025 21:00;0
23/12/2025 21:15;0
23/12/2025 21:30;0
23/12/2025 21:45;0
23/12/2025 22:00;0
23/12/2025 22:15;0
23/12/2025 22:30;0
23/12/2025 22:45;0
23/12/2025 23:00;0
23/12/2025 23:15;0
23/12/2025 23:30;0
23/12/2025 23:45;0
24/12/2025 00:00;0
24/12/2025 00:15;0
24/12/2025 00:30;0
24/12/2025 00:45;0
24/12/2025 01:00;0
24/12/2025 01:15;0
24/12/2025 01:30;0
24/12/2025 01:45;0
24/12/2025 02:00;0
24/12/2025 02:15;0
24/12/2025 02:30;0
24/12/2025 02:45;0
24/12/2025 03:00;0
24/12/2025 03:15;0
24/12/2025 03:30;0
24/12/2025 03:45;0
24/12/2025 04:00;0
24/12/2025 04:15;0
24/12/2025 04:30;0
24/12/2025 04:45;0
24/12/2025 05:00;0
24/12/2025 05:15;0
24/12/2025 05:30;0
24/12/2025 05:45;0
24/12/2025 06:00;0
24/12/2025 06:15;0
24/12/2025 06:30;0
24/12/2025 06:45;0
24/12/2025 07:00;0
24/12/2025 07:15;0
24/12/2025 07:30;0
24/12/2025 07:45;0
24/12/2025 08:00;0
24/12/2025 08:15;0
24/12/2025 08:30;0
24/12/2025 08:45;0
24/12/2025 09:00;0
24/12/2025 09:15;0
24/12/2025 09:30;0
24/12/2025 09:45;0
24/12/2025 10:00;0
24/12/2025 10:15;0
24/12/2025 10:30;0
24/12/2025 10:45;0
24/12/2025 11:00;0
24/12/2025 11:15;0
24/12/2025 11:30;0
24/12/2025 11:45;0
24/12/2025 12:00;0
24/12/2025 12:15;0
24/12/2025 12:30;0
24/12/2025 12:45;0
24/12/2025 13:00;0
24/12/2025 13:15;0
24/12/2025 13:30;0
24/12/2025 13:45;0
24/12/2025 14:00;0
24/12/2025 14:15;0
24/12/2025 14:30;0
24/12/2025 14:45;0
24/12/2025 15:00;0
24/12/2025 15:15;0
24/12/2025 15:30;0
24/12/2025 15:45;0
24/12/2025 16:00;0
24/12/2025 16:15;0
24/12/2025 16:30;0
24/12/2025 16:45;0
24/12/2025 17:00;0
24/12/2025 17:15;0
24/12/2025 17:30;0
24/12/2025 17:45;0
24/12/2025 18:00;0
24/12/2025 18:15;0
24/12/2025 18:30;0
24/12/2025 18:45;0
24/12/2025 19:00;0
24/12/2025 19:15;0
24/12/2025 19:30;0
24/12/2025 19:45;0
24/12/2025 20:00;0
24/12/2025 20:15;0
24/12/2025 20:30;0
24/12/2025 20:45;0
24/12/2025 21:00;0
24/12/2025 21:15;0
24/12/2025 21:30;0
24/12/2025 21:45;0
24/12/2025 22:00;0
24/12/2025 22:15;0
24/12/2025 22:30;0
24/12/2025 22:45;0
24/12/2025 23:00;0
24/12/2025 23:15;0
24/12/2025 23:30;0
24/12/2025 23:45;0
25/12/2025 00:00;0
25/12/2025 00:15;0
25/12/2025 00:30;0
25/12/2025 00:45;0
25/12/2025 01:00;0
25/12/2025 01:15;0
25/12/2025 01:30;0
25/12/2025 01:45;0
25/12/2025 02:00;0
25/12/2025 02:15;0
25/12/2025 02:30;0
25/12/2025 02:45;0
25/12/2025 03:00;0
25/12/2025 03:15;0
25/12/2025 03:30;0
25/12/2025 03:45;0
25/12/2025 04:00;0
25/12/2025 04:15;0
25/12/2025 04:30;0
25/12/2025 04:45;0
25/12/2025 05:00;0
25/12/2025 05:15;0
25/12/2025 05:30;0
25/12/2025 05:45;0
25/12/2025 06:00;0
25/12/2025 06:15;0
25/12/2025 06:30;0
25/12/2025 06:45;0
25/12/2025 07:00;0
25/12/2025 07:15;0
25/12/2025 07:30;0
25/12/2025 07:45;0
25/12/2025 08:00;0
25/12/2025 08:15;0
25/12/2025 08:30;0
25/12/2025 08:45;0
25/12/2025 09:00;0
25/12/2025 09:15;0
25/12/2025 09:30;0
25/12/2025 09:45;0
25/12/2025 10:00;0
25/12/2025 10:15;0
25/12/2025 10:30;0
25/12/2025 10:45;0
25/12/2025 11:00;0
25/12/2025 11:15;0
25/12/2025 11:30;0
25/12/2025 11:45;0
25/12/2025 12:00;0
25/12/2025 12:15;0
25/12/2025 12:30;0
25/12/2025 12:45;0
25/12/2025 13:00;0
25/12/2025 13:15;0
25/12/2025 13:30;0
25/12/2025 13:45;0
25/12/2025 14:00;0
25/12/2025 14:15;0.1
25/12/2025 14:30;0
25/12/2025 14:45;0
25/12/2025 15:00;0
25/12/2025 15:15;0
25/12/2025 15:30;0
25/12/2025 15:45;0
25/12/2025 16:00;0
25/12/2025 16:15;0
25/12/2025 16:30;0
25/12/2025 16:45;0
25/12/2025 17:00;0
25/12/2025 17:15;0
25/12/2025 17:30;0
25/12/2025 17:45;0
25/12/2025 18:00;0
25/12/2025 18:15;0
25/12/2025 18:30;0
25/12/2025 18:45;0
25/12/2025 19:00;0
25/12/2025 19:15;0
25/12/2025 19:30;0
25/12/2025 19:45;0
25/12/2025 20:00;0
25/12/2025 20:15;0
25/12/2025 20:30;0
25/12/2025 20:45;0
25/12/2025 21:00;0
25/12/2025 21:15;0
25/12/2025 21:30;0
25/12/2025 21:45;0
25/12/2025 22:00;0
25/12/2025 22:15;0
25/12/2025 22:30;0
25/12/2025 22:45;0
25/12/2025 23:00;0
25/12/2025 23:15;0
25/12/2025 23:30;0
25/12/2025 23:45;0
26/12/2025 00:00;0
26/12/2025 00:15;0
26/12/2025 00:30;0
26/12/2025 00:45;0
26/12/2025 01:00;0
26/12/2025 01:15;0.1
26/12/2025 01:30;0
26/12/2025 01:45;0
26/12/2025 02:00;0
26/12/2025 02:15;0
26/12/2025 02:30;0.1
26/12/2025 02:45;0
26/12/2025 03:00;0
26/12/2025 03:15;0
26/12/2025 03:30;0
26/12/2025 03:45;0
26/12/2025 04:00;0
26/12/2025 04:15;0
26/12/2025 04:30;0
26/12/2025 04:45;0
26/12/2025 05:00;0.4
26/12/2025 05:15;0.4
26/12/2025 05:30;0.1
26/12/2025 05:45;0.1
26/12/2025 06:00;0
26/12/2025 06:15;0
26/12/2025 06:30;0.2
26/12/2025 06:45;0
26/12/2025 07:00;0
26/12/2025 07:15;0
26/12/2025 07:30;0
26/12/2025 07:45;0
26/12/2025 08:00;0
26/12/2025 08:15;0
26/12/2025 08:30;0
26/12/2025 08:45;0
26/12/2025 09:00;0
26/12/2025 09:15;0
26/12/2025 09:30;0
26/12/2025 09:45;0
26/12/2025 10:00;0
26/12/2025 10:15;0
26/12/2025 10:30;0
26/12/2025 10:45;0
26/12/2025 11:00;0
26/12/2025 11:15;0
26/12/2025 11:30;0
26/12/2025 11:45;0
26/12/2025 12:00;0
26/12/2025 12:15;0
26/12/2025 12:30;0
26/12/2025 12:45;0
26/12/2025 13:00;0
26/12/2025 13:15;0
26/12/2025 13:30;0
26/12/2025 13:45;0
26/12/2025 14:00;0
26/12/2025 14:15;0.1
26/12/2025 14:30;0.2
26/12/2025 14:45;0
26/12/2025 15:00;0.1
26/12/2025 15:15;0.1
26/12/2025 15:30;0.1
26/12/2025 15:45;0.2
26/12/2025 16:00;0
26/12/2025 16:15;0
26/12/2025 16:30;0
26/12/2025 16:45;0
26/12/2025 17:00;0.1
26/12/2025 17:15;0
26/12/2025 17:30;0.1
26/12/2025 17:45;0.1
26/12/2025 18:00;0.1
26/12/2025 18:15;0.1
26/12/2025 18:30;0.1
26/12/2025 18:45;0
26/12/2025 19:00;0
26/12/2025 19:15;0.1
26/12/2025 19:30;0.2
26/12/2025 19:45;0
26/12/2025 20:00;0
26/12/2025 20:15;0
26/12/2025 20:30;0.1
26/12/2025 20:45;0
26/12/2025 21:00;0
26/12/2025 21:15;0
26/12/2025 21:30;0
26/12/2025 21:45;0
26/12/2025 22:00;0
26/12/2025 22:15;0
26/12/2025 22:30;0
26/12/2025 22:45;0
26/12/2025 23:00;0
26/12/2025 23:15;0
26/12/2025 23:30;0
26/12/2025 23:45;0
27/12/2025 00:00;0.1
27/12/2025 00:15;0
27/12/2025 00:30;0
27/12/2025 00:45;0
27/12/2025 01:00;0
27/12/2025 01:15;0
27/12/2025 01:30;0
27/12/2025 01:45;0
27/12/2025 02:00;0
27/12/2025 02:15;0
27/12/2025 02:30;0
27/12/2025 02:45;0
27/12/2025 03:00;0
27/12/2025 03:15;0
27/12/2025 03:30;0
27/12/2025 03:45;0
27/12/2025 04:00;0
27/12/2025 04:15;0
27/12/2025 04:30;0.1
27/12/2025 04:45;0.1
27/12/2025 05:00;0
27/12/2025 05:15;0
27/12/2025 05:30;0
27/12/2025 05:45;0
27/12/2025 06:00;0
27/12/2025 06:15;0
27/12/2025 06:30;0
27/12/2025 06:45;0
27/12/2025 07:00;0
27/12/2025 07:15;0
27/12/2025 07:30;0
27/12/2025 07:45;0
27/12/2025 08:00;0
27/12/2025 08:15;0
27/12/2025 08:30;0
27/12/2025 08:45;0
27/12/2025 09:00;0
27/12/2025 09:15;0
27/12/2025 09:30;0
27/12/2025 09:45;0
27/12/2025 10:00;0
27/12/2025 10:15;0
27/12/2025 10:30;0
27/12/2025 10:45;0
27/12/2025 11:00;0
27/12/2025 11:15;0
27/12/2025 11:30;0
27/12/2025 11:45;0
27/12/2025 12:00;0
27/12/2025 12:15;0
27/12/2025 12:30;0
27/12/2025 12:45;0
27/12/2025 13:00;0
27/12/2025 13:15;0
27/12/2025 13:30;0
27/12/2025 13:45;0
27/12/2025 14:00;0
27/12/2025 14:15;0
27/12/2025 14:30;0
27/12/2025 14:45;0
27/12/2025 15:00;0
27/12/2025 15:15;0
27/12/2025 15:30;0
27/12/2025 15:45;0
27/12/2025 16:00;0
27/12/2025 16:15;0
27/12/2025 16:30;0
27/12/2025 16:45;0
27/12/2025 17:00;0
27/12/2025 17:15;0
27/12/2025 17:30;0
27/12/2025 17:45;0
27/12/2025 18:00;0
27/12/2025 18:15;0
27/12/2025 18:30;0
27/12/2025 18:45;0
27/12/2025 19:00;0
27/12/2025 19:15;0
27/12/2025 19:30;0
27/12/2025 19:45;0
27/12/2025 20:00;0
27/12/2025 20:15;0
27/12/2025 20:30;0
27/12/2025 20:45;0
27/12/2025 21:00;0
27/12/2025 21:15;0.1
27/12/2025 21:30;0
27/12/2025 21:45;0
27/12/2025 22:00;0
27/12/2025 22:15;0
27/12/2025 22:30;0
27/12/2025 22:45;0
27/12/2025 23:00;0
27/12/2025 23:15;0
27/12/2025 23:30;0.1
27/12/2025 23:45;0
28/12/2025 00:00;0
28/12/2025 00:15;0
28/12/2025 00:30;0
28/12/2025 00:45;0
28/12/2025 01:00;0
28/12/2025 01:15;0
28/12/2025 01:30;0
28/12/2025 01:45;0
28/12/2025 02:00;0
28/12/2025 02:15;0
28/12/2025 02:30;0
28/12/2025 02:45;0
28/12/2025 03:00;0
28/12/2025 03:15;0
28/12/2025 03:30;0
28/12/2025 03:45;0
28/12/2025 04:00;0
28/12/2025 04:15;0
28/12/2025 04:30;0
28/12/2025 04:45;0
28/12/2025 05:00;0
28/12/2025 05:15;0
28/12/2025 05:30;0
28/12/2025 05:45;0
28/12/2025 06:00;0
28/12/2025 06:15;0
28/12/2025 06:30;0
28/12/2025 06:45;0
28/12/2025 07:00;0
28/12/2025 07:15;0
28/12/2025 07:30;0
28/12/2025 07:45;0
28/12/2025 08:00;0
28/12/2025 08:15;0
28/12/2025 08:30;0
28/12/2025 08:45;0
28/12/2025 09:00;0
28/12/2025 09:15;0
28/12/2025 09:30;0
28/12/2025 09:45;0
28/12/2025 10:00;0
28/12/2025 10:15;0
28/12/2025 10:30;0
28/12/2025 10:45;0
28/12/2025 11:00;0
28/12/2025 11:15;0
28/12/2025 11:30;0
28/12/2025 11:45;0
28/12/2025 12:00;0
28/12/2025 12:15;0
28/12/2025 12:30;0
28/12/2025 12:45;0
28/12/2025 13:00;0
28/12/2025 13:15;0
28/12/2025 13:30;0
28/12/2025 13:45;0
28/12/2025 14:00;0
28/12/2025 14:15;0
28/12/2025 14:30;0
28/12/2025 14:45;0
28/12/2025 15:00;0
28/12/2025 15:15;0
28/12/2025 15:30;0
28/12/2025 15:45;0
28/12/2025 16:00;0
28/12/2025 16:15;0
28/12/2025 16:30;0
28/12/2025 16:45;0
28/12/2025 17:00;0
28/12/2025 17:15;0
28/12/2025 17:30;0
28/12/2025 17:45;0
28/12/2025 18:00;0
28/12/2025 18:15;0
28/12/2025 18:30;0
28/12/2025 18:45;0
28/12/2025 19:00;0
28/12/2025 19:15;0
28/12/2025 19:30;0
28/12/2025 19:45;0
28/12/2025 20:00;0
28/12/2025 20:15;0
28/12/2025 20:30;0
28/12/2025 20:45;0
28/12/2025 21:00;0
28/12/2025 21:15;0
28/12/2025 21:30;0
28/12/2025 21:45;0
28/12/2025 22:00;0
28/12/2025 22:15;0
28/12/2025 22:30;0
28/12/2025 22:45;0
28/12/2025 23:00;0
28/12/2025 23:15;0
28/12/2025 23:30;0
28/12/2025 23:45;0
29/12/2025 00:00;0
29/12/2025 00:15;0
29/12/2025 00:30;0
29/12/2025 00:45;0
29/12/2025 01:00;0
29/12/2025 01:15;0
29/12/2025 01:30;0
29/12/2025 01:45;0
29/12/2025 02:00;0
29/12/2025 02:15;0
29/12/2025 02:30;0
29/12/2025 02:45;0
29/12/2025 03:00;0
29/12/2025 03:15;0
29/12/2025 03:30;0
29/12/2025 03:45;0
29/12/2025 04:00;0
29/12/2025 04:15;0
29/12/2025 04:30;0
29/12/2025 04:45;0
29/12/2025 05:00;0
29/12/2025 05:15;0
29/12/2025 05:30;0
29/12/2025 05:45;0
29/12/2025 06:00;0
29/12/2025 06:15;0
29/12/2025 06:30;0
29/12/2025 06:45;0
29/12/2025 07:00;0
29/12/2025 07:15;0
29/12/2025 07:30;0
29/12/2025 07:45;0
29/12/2025 08:00;0
29/12/2025 08:15;0
29/12/2025 08:30;0
29/12/2025 08:45;0
29/12/2025 09:00;0
29/12/2025 09:15;0
29/12/2025 09:30;0
29/12/2025 09:45;0
29/12/2025 10:00;0
29/12/2025 10:15;0
29/12/2025 10:30;0
29/12/2025 10:45;0
29/12/2025 11:00;0
29/12/2025 11:15;0
29/12/2025 11:30;0
29/12/2025 11:45;0
29/12/2025 12:00;0
29/12/2025 12:15;0
29/12/2025 12:30;0
29/12/2025 12:45;0
29/12/2025 13:00;0
29/12/2025 13:15;0
29/12/2025 13:30;0
29/12/2025 13:45;0
29/12/2025 14:00;0
29/12/2025 14:15;0
29/12/2025 14:30;0
29/12/2025 14:45;0
29/12/2025 15:00;0
29/12/2025 15:15;0
29/12/2025 15:30;0
29/12/2025 15:45;0
29/12/2025 16:00;0
29/12/2025 16:15;0
29/12/2025 16:30;0
29/12/2025 16:45;0
29/12/2025 17:00;0
29/12/2025 17:15;0
29/12/2025 17:30;0
29/12/2025 17:45;0
29/12/2025 18:00;0
29/12/2025 18:15;0
29/12/2025 18:30;0
29/12/2025 18:45;0
29/12/2025 19:00;0
29/12/2025 19:15;0
29/12/2025 19:30;0
29/12/2025 19:45;0
29/12/2025 20:00;0
29/12/2025 20:15;0
29/12/2025 20:30;0
29/12/2025 20:45;0
29/12/2025 21:00;0
29/12/2025 21:15;0
29/12/2025 21:30;0
29/12/2025 21:45;0
29/12/2025 22:00;0
29/12/2025 22:15;0
29/12/2025 22:30;0
29/12/2025 22:45;0
29/12/2025 23:00;0
29/12/2025 23:15;0
29/12/2025 23:30;0
29/12/2025 23:45;0
30/12/2025 00:00;0
30/12/2025 00:15;0
30/12/2025 00:30;0
30/12/2025 00:45;0
30/12/2025 01:00;0
30/12/2025 01:15;0
30/12/2025 01:30;0
30/12/2025 01:45;0
30/12/2025 02:00;0
30/12/2025 02:15;0
30/12/2025 02:30;0
30/12/2025 02:45;0
30/12/2025 03:00;0
30/12/2025 03:15;0
30/12/2025 03:30;0
30/12/2025 03:45;0
30/12/2025 04:00;0
30/12/2025 04:15;0
30/12/2025 04:30;0
30/12/2025 04:45;0
30/12/2025 05:00;0
30/12/2025 05:15;0
30/12/2025 05:30;0
30/12/2025 05:45;0
30/12/2025 06:00;0
30/12/2025 06:15;0
30/12/2025 06:30;0
30/12/2025 06:45;0
30/12/2025 07:00;0
30/12/2025 07:15;0
30/12/2025 07:30;0
30/12/2025 07:45;0
30/12/2025 08:00;0
30/12/2025 08:15;0
30/12/2025 08:30;0
30/12/2025 08:45;0
30/12/2025 09:00;0
30/12/2025 09:15;0
30/12/2025 09:30;0
30/12/2025 09:45;0
30/12/2025 10:00;0
30/12/2025 10:15;0
30/12/2025 10:30;0
30/12/2025 10:45;0
30/12/2025 11:00;0
30/12/2025 11:15;0
30/12/2025 11:30;0
30/12/2025 11:45;0
30/12/2025 12:00;0
30/12/2025 12:15;0
30/12/2025 12:30;0
30/12/2025 12:45;0
30/12/2025 13:00;0
30/12/2025 13:15;0
30/12/2025 13:30;0
30/12/2025 13:45;0
30/12/2025 14:00;0
30/12/2025 14:15;0
30/12/2025 14:30;0
30/12/2025 14:45;0
30/12/2025 15:00;0
30/12/2025 15:15;0
30/12/2025 15:30;0
30/12/2025 15:45;0
30/12/2025 16:00;0
30/12/2025 16:15;0
30/12/2025 16:30;0
30/12/2025 16:45;0
30/12/2025 17:00;0
30/12/2025 17:15;0
30/12/2025 17:30;0
30/12/2025 17:45;0
30/12/2025 18:00;0
30/12/2025 18:15;0
30/12/2025 18:30;0
30/12/2025 18:45;0
30/12/2025 19:00;0
30/12/2025 19:15;0
30/12/2025 19:30;0
30/12/2025 19:45;0
30/12/2025 20:00;0
30/12/2025 20:15;0
30/12/2025 20:30;0
30/12/2025 20:45;0
30/12/2025 21:00;0
30/12/2025 21:15;0
30/12/2025 21:30;0
30/12/2025 21:45;0
30/12/2025 22:00;0
30/12/2025 22:15;0
30/12/2025 22:30;0
30/12/2025 22:45;0
30/12/2025 23:00;0
30/12/2025 23:15;0
30/12/2025 23:30;0
30/12/2025 23:45;0
31/12/2025 00:00;0
31/12/2025 00:15;0
31/12/2025 00:30;0
31/12/2025 00:45;0
31/12/2025 01:00;0
31/12/2025 01:15;0
31/12/2025 01:30;0
31/12/2025 01:45;0
31/12/2025 02:00;0
31/12/2025 02:15;0
31/12/2025 02:30;0
31/12/2025 02:45;0
31/12/2025 03:00;0
31/12/2025 03:15;0
31/12/2025 03:30;0
31/12/2025 03:45;0
31/12/2025 04:00;0
31/12/2025 04:15;0
31/12/2025 04:30;0
31/12/2025 04:45;0
31/12/2025 05:00;0
31/12/2025 05:15;0
31/12/2025 05:30;0
31/12/2025 05:45;0
31/12/2025 06:00;0
31/12/2025 06:15;0
31/12/2025 06:30;0
31/12/2025 06:45;0
31/12/2025 07:00;0
31/12/2025 07:15;0
31/12/2025 07:30;0
31/12/2025 07:45;0
31/12/2025 08:00;0
31/12/2025 08:15;0
31/12/2025 08:30;0
31/12/2025 08:45;0
31/12/2025 09:00;0
31/12/2025 09:15;0
31/12/2025 09:30;0
31/12/2025 09:45;0
31/12/2025 10:00;0
31/12/2025 10:15;0
31/12/2025 10:30;0
31/12/2025 10:45;0
31/12/2025 11:00;0
31/12/2025 11:15;0
31/12/2025 11:30;0
31/12/2025 11:45;0
31/12/2025 12:00;0
31/12/2025 12:15;0
31/12/2025 12:30;0
31/12/2025 12:45;0
31/12/2025 13:00;0
31/12/2025 13:15;0
31/12/2025 13:30;0
31/12/2025 13:45;0
31/12/2025 14:00;0
31/12/2025 14:15;0
31/12/2025 14:30;0
31/12/2025 14:45;0
31/12/2025 15:00;0
31/12/2025 15:15;0
31/12/2025 15:30;0
31/12/2025 15:45;0
31/12/2025 16:00;0
31/12/2025 16:15;0
31/12/2025 16:30;0
31/12/2025 16:45;0
31/12/2025 17:00;0
31/12/2025 17:15;0
31/12/2025 17:30;0
31/12/2025 17:45;0
31/12/2025 18:00;0
31/12/2025 18:15;0
31/12/2025 18:30;0
31/12/2025 18:45;0
31/12/2025 19:00;0
31/12/2025 19:15;0
31/12/2025 19:30;0
31/12/2025 19:45;0
31/12/2025 20:00;0
31/12/2025 20:15;0
31/12/2025 20:30;0
31/12/2025 20:45;0
31/12/2025 21:00;0
31/12/2025 21:15;0
31/12/2025 21:30;0
31/12/2025 21:45;0
31/12/2025 22:00;0
31/12/2025 22:15;0
31/12/2025 22:30;0
31/12/2025 22:45;0
31/12/2025 23:00;0
31/12/2025 23:15;0
31/12/2025 23:30;0
31/12/2025 23:45;0
01/01/2026 00:00;0
01/01/2026 00:15;0
01/01/2026 00:30;0
01/01/2026 00:45;0
01/01/2026 01:00;0
01/01/2026 01:15;0
01/01/2026 01:30;0
01/01/2026 01:45;0
01/01/2026 02:00;0
01/01/2026 02:15;0
01/01/2026 02:30;0
01/01/2026 02:45;0
01/01/2026 03:00;0
01/01/2026 03:15;0
01/01/2026 03:30;0
01/01/2026 03:45;0
01/01/2026 04:00;0
01/01/2026 04:15;0
01/01/2026 04:30;0
01/01/2026 04:45;0
01/01/2026 05:00;0
01/01/2026 05:15;0
01/01/2026 05:30;0
01/01/2026 05:45;0
01/01/2026 06:00;0
01/01/2026 06:15;0
01/01/2026 06:30;0
01/01/2026 06:45;0
01/01/2026 07:00;0
01/01/2026 07:15;0
01/01/2026 07:30;0
01/01/2026 07:45;0
01/01/2026 08:00;0
01/01/2026 08:15;0
01/01/2026 08:30;0
01/01/2026 08:45;0
01/01/2026 09:00;0
01/01/2026 09:15;0
01/01/2026 09:30;0
01/01/2026 09:45;0
01/01/2026 10:00;0
01/01/2026 10:15;0
01/01/2026 10:30;0
01/01/2026 10:45;0
01/01/2026 11:00;0
01/01/2026 11:15;0
01/01/2026 11:30;0
01/01/2026 11:45;0
01/01/2026 12:00;0
01/01/2026 12:15;0
01/01/2026 12:30;0
01/01/2026 12:45;0
01/01/2026 13:00;0
01/01/2026 13:15;0
01/01/2026 13:30;0
01/01/2026 13:45;0
01/01/2026 14:00;0
01/01/2026 14:15;0
01/01/2026 14:30;0
01/01/2026 14:45;0
01/01/2026 15:00;0
01/01/2026 15:15;0
01/01/2026 15:30;0
01/01/2026 15:45;0
01/01/2026 16:00;0
01/01/2026 16:15;0
01/01/2026 16:30;0
01/01/2026 16:45;0
01/01/2026 17:00;0
01/01/2026 17:15;0
01/01/2026 17:30;0
01/01/2026 17:45;0
01/01/2026 18:00;0
01/01/2026 18:15;0
01/01/2026 18:30;0
01/01/2026 18:45;0
01/01/2026 19:00;0
01/01/2026 19:15;0
01/01/2026 19:30;0
01/01/2026 19:45;0
01/01/2026 20:00;0
01/01/2026 20:15;0
01/01/2026 20:30;0
01/01/2026 20:45;0
01/01/2026 21:00;0
01/01/2026 21:15;0
01/01/2026 21:30;0
01/01/2026 21:45;0
01/01/2026 22:00;0
01/01/2026 22:15;0
01/01/2026 22:30;0
01/01/2026 22:45;0
01/01/2026 23:00;0
01/01/2026 23:15;0
01/01/2026 23:30;0
01/01/2026 23:45;0
02/01/2026 00:00;0
02/01/2026 00:15;0
02/01/2026 00:30;0
02/01/2026 00:45;0
02/01/2026 01:00;0
02/01/2026 01:15;0
02/01/2026 01:30;0
02/01/2026 01:45;0
02/01/2026 02:00;0
02/01/2026 02:15;0
02/01/2026 02:30;0
02/01/2026 02:45;0
02/01/2026 03:00;0
02/01/2026 03:15;0
02/01/2026 03:30;0
02/01/2026 03:45;0
02/01/2026 04:00;0
02/01/2026 04:15;0
02/01/2026 04:30;0
02/01/2026 04:45;0
02/01/2026 05:00;0
02/01/2026 05:15;0
02/01/2026 05:30;0
02/01/2026 05:45;0
02/01/2026 06:00;0
02/01/2026 06:15;0
02/01/2026 06:30;0
02/01/2026 06:45;0
02/01/2026 07:00;0
02/01/2026 07:15;0
02/01/2026 07:30;0
02/01/2026 07:45;0
02/01/2026 08:00;0
02/01/2026 08:15;0
02/01/2026 08:30;0
02/01/2026 08:45;0
02/01/2026 09:00;0
02/01/2026 09:15;0
02/01/2026 09:30;0
02/01/2026 09:45;0
02/01/2026 10:00;0
02/01/2026 10:15;0
02/01/2026 10:30;0
02/01/2026 10:45;0
02/01/2026 11:00;0
02/01/2026 11:15;0
02/01/2026 11:30;0
02/01/2026 11:45;0
02/01/2026 12:00;0
02/01/2026 12:15;0
02/01/2026 12:30;0
02/01/2026 12:45;0
02/01/2026 13:00;0
02/01/2026 13:15;0
02/01/2026 13:30;0
02/01/2026 13:45;0
02/01/2026 14:00;0
02/01/2026 14:15;0
02/01/2026 14:30;0
02/01/2026 14:45;0
02/01/2026 15:00;0
02/01/2026 15:15;0
02/01/2026 15:30;0
02/01/2026 15:45;0
02/01/2026 16:00;0
02/01/2026 16:15;0
02/01/2026 16:30;0
02/01/2026 16:45;0
02/01/2026 17:00;0
02/01/2026 17:15;0
02/01/2026 17:30;0
02/01/2026 17:45;0
02/01/2026 18:00;0
02/01/2026 18:15;0
02/01/2026 18:30;0
02/01/2026 18:45;0
02/01/2026 19:00;0
02/01/2026 19:15;0
02/01/2026 19:30;0
02/01/2026 19:45;0
02/01/2026 20:00;0
02/01/2026 20:15;0
02/01/2026 20:30;0
02/01/2026 20:45;0
02/01/2026 21:00;0
02/01/2026 21:15;0
02/01/2026 21:30;0
02/01/2026 21:45;0
02/01/2026 22:00;0
02/01/2026 22:15;0
02/01/2026 22:30;0
02/01/2026 22:45;0
02/01/2026 23:00;0
02/01/2026 23:15;0
02/01/2026 23:30;0
02/01/2026 23:45;0
03/01/2026 00:00;0
03/01/2026 00:15;0
03/01/2026 00:30;0
03/01/2026 00:45;0
03/01/2026 01:00;0
03/01/2026 01:15;0
03/01/2026 01:30;0
03/01/2026 01:45;0
03/01/2026 02:00;0
03/01/2026 02:15;0
03/01/2026 02:30;0
03/01/2026 02:45;0
03/01/2026 03:00;0
03/01/2026 03:15;0
03/01/2026 03:30;0
03/01/2026 03:45;0
03/01/2026 04:00;0.1
03/01/2026 04:15;0
03/01/2026 04:30;0
03/01/2026 04:45;0
03/01/2026 05:00;0.2
03/01/2026 05:15;0.2
03/01/2026 05:30;0.2
03/01/2026 05:45;0.3
03/01/2026 06:00;0.2
03/01/2026 06:15;0.4
03/01/2026 06:30;0.2
03/01/2026 06:45;0.3
03/01/2026 07:00;0.2
03/01/2026 07:15;0.2
03/01/2026 07:30;0.1
03/01/2026 07:45;0
03/01/2026 08:00;0.1
03/01/2026 08:15;0.1
03/01/2026 08:30;0.1
03/01/2026 08:45;0
03/01/2026 09:00;0
03/01/2026 09:15;0
03/01/2026 09:30;0
03/01/2026 09:45;0
03/01/2026 10:00;0
03/01/2026 10:15;0
03/01/2026 10:30;0
03/01/2026 10:45;0
03/01/2026 11:00;0
03/01/2026 11:15;0
03/01/2026 11:30;0
03/01/2026 11:45;0
03/01/2026 12:00;0
03/01/2026 12:15;0
03/01/2026 12:30;0
03/01/2026 12:45;0
03/01/2026 13:00;0
03/01/2026 13:15;0
03/01/2026 13:30;0
03/01/2026 13:45;0
03/01/2026 14:00;0
03/01/2026 14:15;0
03/01/2026 14:30;0
03/01/2026 14:45;0
03/01/2026 15:00;0
03/01/2026 15:15;0
03/01/2026 15:30;0
03/01/2026 15:45;0
03/01/2026 16:00;0
03/01/2026 16:15;0
03/01/2026 16:30;0
03/01/2026 16:45;0
03/01/2026 17:00;0
03/01/2026 17:15;0
03/01/2026 17:30;0
03/01/2026 17:45;0
03/01/2026 18:00;0
03/01/2026 18:15;0
03/01/2026 18:30;0
03/01/2026 18:45;0
03/01/2026 19:00;0
03/01/2026 19:15;0
03/01/2026 19:30;0.2
03/01/2026 19:45;0
03/01/2026 20:00;0
03/01/2026 20:15;0
03/01/2026 20:30;0.2
03/01/2026 20:45;0
03/01/2026 21:00;0
03/01/2026 21:15;0
03/01/2026 21:30;0
03/01/2026 21:45;0
03/01/2026 22:00;0.3
03/01/2026 22:15;0
03/01/2026 22:30;0.1
03/01/2026 22:45;0
03/01/2026 23:00;0
03/01/2026 23:15;0
03/01/2026 23:30;0
03/01/2026 23:45;0
04/01/2026 00:00;0
04/01/2026 00:15;0
04/01/2026 00:30;0
04/01/2026 00:45;0
04/01/2026 01:00;0
04/01/2026 01:15;0.2
04/01/2026 01:30;0.1
04/01/2026 01:45;0
04/01/2026 02:00;0.1
04/01/2026 02:15;0
04/01/2026 02:30;0
04/01/2026 02:45;0
04/01/2026 03:00;0
04/01/2026 03:15;0
04/01/2026 03:30;0
04/01/2026 03:45;0
04/01/2026 04:00;0
04/01/2026 04:15;0
04/01/2026 04:30;0
04/01/2026 04:45;0
04/01/2026 05:00;0
04/01/2026 05:15;0
04/01/2026 05:30;0
04/01/2026 05:45;0
04/01/2026 06:00;0
04/01/2026 06:15;0
04/01/2026 06:30;0
04/01/2026 06:45;0
04/01/2026 07:00;0
04/01/2026 07:15;0
04/01/2026 07:30;0
04/01/2026 07:45;0
04/01/2026 08:00;0
04/01/2026 08:15;0
04/01/2026 08:30;0
04/01/2026 08:45;0
04/01/2026 09:00;0
04/01/2026 09:15;0
04/01/2026 09:30;0
04/01/2026 09:45;0
04/01/2026 10:00;0
04/01/2026 10:15;0
04/01/2026 10:30;0
04/01/2026 10:45;0
04/01/2026 11:00;0
04/01/2026 11:15;0
04/01/2026 11:30;0
04/01/2026 11:45;0
04/01/2026 12:00;0
04/01/2026 12:15;0
04/01/2026 12:30;0
04/01/2026 12:45;0
04/01/2026 13:00;0
04/01/2026 13:15;0
04/01/2026 13:30;0
04/01/2026 13:45;0
04/01/2026 14:00;0
04/01/2026 14:15;0
04/01/2026 14:30;0
04/01/2026 14:45;0
04/01/2026 15:00;0
04/01/2026 15:15;0
04/01/2026 15:30;0
04/01/2026 15:45;0
04/01/2026 16:00;0
04/01/2026 16:15;0
04/01/2026 16:30;0
04/01/2026 16:45;0
04/01/2026 17:00;0
04/01/2026 17:15;0
04/01/2026 17:30;0
04/01/2026 17:45;0
04/01/2026 18:00;0
04/01/2026 18:15;0
04/01/2026 18:30;0
04/01/2026 18:45;0
04/01/2026 19:00;0
04/01/2026 19:15;0
04/01/2026 19:30;0
04/01/2026 19:45;0
04/01/2026 20:00;0
04/01/2026 20:15;0
04/01/2026 20:30;0
04/01/2026 20:45;0
04/01/2026 21:00;0
04/01/2026 21:15;0
04/01/2026 21:30;0
04/01/2026 21:45;0
04/01/2026 22:00;0
04/01/2026 22:15;0
04/01/2026 22:30;0
04/01/2026 22:45;0
04/01/2026 23:00;0
04/01/2026 23:15;0
04/01/2026 23:30;0
04/01/2026 23:45;0
05/01/2026 00:00;0
05/01/2026 00:15;0
05/01/2026 00:30;0
05/01/2026 00:45;0
05/01/2026 01:00;0
05/01/2026 01:15;0
05/01/2026 01:30;0
05/01/2026 01:45;0
05/01/2026 02:00;0
05/01/2026 02:15;0
05/01/2026 02:30;0
05/01/2026 02:45;0
05/01/2026 03:00;0
05/01/2026 03:15;0
05/01/2026 03:30;0
05/01/2026 03:45;0
05/01/2026 04:00;0
05/01/2026 04:15;0
05/01/2026 04:30;0
05/01/2026 04:45;0
05/01/2026 05:00;0
05/01/2026 05:15;0
05/01/2026 05:30;0
05/01/2026 05:45;0
05/01/2026 06:00;0
05/01/2026 06:15;0
05/01/2026 06:30;0
05/01/2026 06:45;0
05/01/2026 07:00;0
05/01/2026 07:15;0
05/01/2026 07:30;0
05/01/2026 07:45;0
05/01/2026 08:00;0
05/01/2026 08:15;0
05/01/2026 08:30;0
05/01/2026 08:45;0
05/01/2026 09:00;0
05/01/2026 09:15;0
05/01/2026 09:30;0
05/01/2026 09:45;0
05/01/2026 10:00;0
05/01/2026 10:15;0
05/01/2026 10:30;0
05/01/2026 10:45;0
05/01/2026 11:00;0
05/01/2026 11:15;0
05/01/2026 11:30;0
05/01/2026 11:45;0
05/01/2026 12:00;0
05/01/2026 12:15;0
05/01/2026 12:30;0
05/01/2026 12:45;0
05/01/2026 13:00;0
05/01/2026 13:15;0
05/01/2026 13:30;0
05/01/2026 13:45;0
05/01/2026 14:00;0
05/01/2026 14:15;0
05/01/2026 14:30;0
05/01/2026 14:45;0
05/01/2026 15:00;0
05/01/2026 15:15;0
05/01/2026 15:30;0
05/01/2026 15:45;0
05/01/2026 16:00;0
05/01/2026 16:15;0
05/01/2026 16:30;0
05/01/2026 16:45;0
05/01/2026 17:00;0
05/01/2026 17:15;0
05/01/2026 17:30;0
05/01/2026 17:45;0
05/01/2026 18:00;0
05/01/2026 18:15;0
05/01/2026 18:30;0
05/01/2026 18:45;0
05/01/2026 19:00;0
05/01/2026 19:15;0
05/01/2026 19:30;0
05/01/2026 19:45;0
05/01/2026 20:00;0
05/01/2026 20:15;0
05/01/2026 20:30;0
05/01/2026 20:45;0
05/01/2026 21:00;0
05/01/2026 21:15;0
05/01/2026 21:30;0
05/01/2026 21:45;0
05/01/2026 22:00;0
05/01/2026 22:15;0
05/01/2026 22:30;0
05/01/2026 22:45;0
05/01/2026 23:00;0
05/01/2026 23:15;0
05/01/2026 23:30;0
05/01/2026 23:45;0
06/01/2026 00:00;0
06/01/2026 00:15;0
06/01/2026 00:30;0
06/01/2026 00:45;0
06/01/2026 01:00;0
06/01/2026 01:15;0
06/01/2026 01:30;0
06/01/2026 01:45;0
06/01/2026 02:00;0
06/01/2026 02:15;0
06/01/2026 02:30;0
06/01/2026 02:45;0
06/01/2026 03:00;0
06/01/2026 03:15;0
06/01/2026 03:30;0
06/01/2026 03:45;0
06/01/2026 04:00;0
06/01/2026 04:15;0
06/01/2026 04:30;0
06/01/2026 04:45;0
06/01/2026 05:00;0
06/01/2026 05:15;0
06/01/2026 05:30;0
06/01/2026 05:45;0
06/01/2026 06:00;0
06/01/2026 06:15;0
06/01/2026 06:30;0
06/01/2026 06:45;0
06/01/2026 07:00;0
06/01/2026 07:15;0
06/01/2026 07:30;0
06/01/2026 07:45;0
06/01/2026 08:00;0
06/01/2026 08:15;0
06/01/2026 08:30;0
06/01/2026 08:45;0
06/01/2026 09:00;0
06/01/2026 09:15;0
06/01/2026 09:30;0
06/01/2026 09:45;0
06/01/2026 10:00;0
06/01/2026 10:15;0
06/01/2026 10:30;0
06/01/2026 10:45;0
06/01/2026 11:00;0
06/01/2026 11:15;0
06/01/2026 11:30;0
06/01/2026 11:45;0
06/01/2026 12:00;0
06/01/2026 12:15;0
06/01/2026 12:30;0
06/01/2026 12:45;0
06/01/2026 13:00;0
06/01/2026 13:15;0
06/01/2026 13:30;0
06/01/2026 13:45;0
06/01/2026 14:00;0
06/01/2026 14:15;0
06/01/2026 14:30;0
06/01/2026 14:45;0
06/01/2026 15:00;0
06/01/2026 15:15;0
06/01/2026 15:30;0
06/01/2026 15:45;0
06/01/2026 16:00;0
06/01/2026 16:15;0
06/01/2026 16:30;0
06/01/2026 16:45;0
06/01/2026 17:00;0
06/01/2026 17:15;0
06/01/2026 17:30;0
06/01/2026 17:45;0
06/01/2026 18:00;0
06/01/2026 18:15;0
06/01/2026 18:30;0
06/01/2026 18:45;0
06/01/2026 19:00;0
06/01/2026 19:15;0
06/01/2026 19:30;0
06/01/2026 19:45;0
06/01/2026 20:00;0
06/01/2026 20:15;0
06/01/2026 20:30;0
06/01/2026 20:45;0
06/01/2026 21:00;0
06/01/2026 21:15;0
06/01/2026 21:30;0
06/01/2026 21:45;0
06/01/2026 22:00;0
06/01/2026 22:15;0
06/01/2026 22:30;0
06/01/2026 22:45;0
06/01/2026 23:00;0
06/01/2026 23:15;0
06/01/2026 23:30;0
06/01/2026 23:45;0
07/01/2026 00:00;0
07/01/2026 00:15;0
07/01/2026 00:30;0
07/01/2026 00:45;0
07/01/2026 01:00;0
07/01/2026 01:15;0
07/01/2026 01:30;0
07/01/2026 01:45;0
07/01/2026 02:00;0
07/01/2026 02:15;0
07/01/2026 02:30;0
07/01/2026 02:45;0
07/01/2026 03:00;0
07/01/2026 03:15;0
07/01/2026 03:30;0
07/01/2026 03:45;0
07/01/2026 04:00;0
07/01/2026 04:15;0
07/01/2026 04:30;0
07/01/2026 04:45;0
07/01/2026 05:00;0
07/01/2026 05:15;0
07/01/2026 05:30;0
07/01/2026 05:45;0
07/01/2026 06:00;0
07/01/2026 06:15;0
07/01/2026 06:30;0
07/01/2026 06:45;0
07/01/2026 07:00;0
07/01/2026 07:15;0
07/01/2026 07:30;0
07/01/2026 07:45;0
07/01/2026 08:00;0
07/01/2026 08:15;0
07/01/2026 08:30;0
07/01/2026 08:45;0
07/01/2026 09:00;0
07/01/2026 09:15;0
07/01/2026 09:30;0
07/01/2026 09:45;0
07/01/2026 10:00;0
07/01/2026 10:15;0
07/01/2026 10:30;0
07/01/2026 10:45;0
07/01/2026 11:00;0
07/01/2026 11:15;0
07/01/2026 11:30;0
07/01/2026 11:45;0
07/01/2026 12:00;0
07/01/2026 12:15;0
07/01/2026 12:30;0
07/01/2026 12:45;0
07/01/2026 13:00;0
07/01/2026 13:15;0
07/01/2026 13:30;0
07/01/2026 13:45;0
07/01/2026 14:00;0
07/01/2026 14:15;0
07/01/2026 14:30;0
07/01/2026 14:45;0
07/01/2026 15:00;0
07/01/2026 15:15;0
07/01/2026 15:30;0
07/01/2026 15:45;0
07/01/2026 16:00;0
07/01/2026 16:15;0
07/01/2026 16:30;0
07/01/2026 16:45;0
07/01/2026 17:00;0
07/01/2026 17:15;0
07/01/2026 17:30;0.1
07/01/2026 17:45;0.1
07/01/2026 18:00;0
07/01/2026 18:15;0
07/01/2026 18:30;0.1
07/01/2026 18:45;0.1
07/01/2026 19:00;0.3
07/01/2026 19:15;0
07/01/2026 19:30;0
07/01/2026 19:45;0
07/01/2026 20:00;0
07/01/2026 20:15;0
07/01/2026 20:30;0
07/01/2026 20:45;0
07/01/2026 21:00;0.3
07/01/2026 21:15;0.1
07/01/2026 21:30;0.1
07/01/2026 21:45;0
07/01/2026 22:00;0.1
07/01/2026 22:15;0.2
07/01/2026 22:30;0.1
07/01/2026 22:45;0.1
07/01/2026 23:00;0.2
07/01/2026 23:15;0.2
07/01/2026 23:30;0.2
07/01/2026 23:45;0.1
08/01/2026 00:00;0
08/01/2026 00:15;0.1
08/01/2026 00:30;0.1
08/01/2026 00:45;0.1
08/01/2026 01:00;0
08/01/2026 01:15;0
08/01/2026 01:30;0.1
08/01/2026 01:45;0
08/01/2026 02:00;0
08/01/2026 02:15;0
08/01/2026 02:30;0
08/01/2026 02:45;0
08/01/2026 03:00;0
08/01/2026 03:15;0
08/01/2026 03:30;0
08/01/2026 03:45;0
08/01/2026 04:00;0
08/01/2026 04:15;0
08/01/2026 04:30;0
08/01/2026 04:45;0
08/01/2026 05:00;0
08/01/2026 05:15;0
08/01/2026 05:30;0.2
08/01/2026 05:45;0
08/01/2026 06:00;0
08/01/2026 06:15;0
08/01/2026 06:30;0
08/01/2026 06:45;0
08/01/2026 07:00;0
08/01/2026 07:15;0
08/01/2026 07:30;0
08/01/2026 07:45;0
08/01/2026 08:00;0
08/01/2026 08:15;0
08/01/2026 08:30;0
08/01/2026 08:45;0
08/01/2026 09:00;0
08/01/2026 09:15;0
08/01/2026 09:30;0
08/01/2026 09:45;0
08/01/2026 10:00;0
08/01/2026 10:15;0
08/01/2026 10:30;0
08/01/2026 10:45;0
08/01/2026 11:00;0
08/01/2026 11:15;0
08/01/2026 11:30;0
08/01/2026 11:45;0
08/01/2026 12:00;0
08/01/2026 12:15;0
08/01/2026 12:30;0
08/01/2026 12:45;0
08/01/2026 13:00;0
08/01/2026 13:15;0
08/01/2026 13:30;0
08/01/2026 13:45;0
08/01/2026 14:00;0
08/01/2026 14:15;0
08/01/2026 14:30;0
08/01/2026 14:45;0
08/01/2026 15:00;0
08/01/2026 15:15;0
08/01/2026 15:30;0
08/01/2026 15:45;0
08/01/2026 16:00;0
08/01/2026 16:15;0
08/01/2026 16:30;0
08/01/2026 16:45;0
08/01/2026 17:00;0
08/01/2026 17:15;0
08/01/2026 17:30;0
08/01/2026 17:45;0
08/01/2026 18:00;0
08/01/2026 18:15;0
08/01/2026 18:30;0
08/01/2026 18:45;0
08/01/2026 19:00;0
08/01/2026 19:15;0
08/01/2026 19:30;0
08/01/2026 19:45;0
08/01/2026 20:00;0
08/01/2026 20:15;0
08/01/2026 20:30;0
08/01/2026 20:45;0
08/01/2026 21:00;0
08/01/2026 21:15;0
08/01/2026 21:30;0
08/01/2026 21:45;0
08/01/2026 22:00;0
08/01/2026 22:15;0
08/01/2026 22:30;0
08/01/2026 22:45;0
08/01/2026 23:00;0
08/01/2026 23:15;0
08/01/2026 23:30;0
08/01/2026 23:45;0
09/01/2026 00:00;0
09/01/2026 00:15;0
09/01/2026 00:30;0
09/01/2026 00:45;0
09/01/2026 01:00;0
09/01/2026 01:15;0
09/01/2026 01:30;0
09/01/2026 01:45;0
09/01/2026 02:00;0.1
09/01/2026 02:15;0
09/01/2026 02:30;0
09/01/2026 02:45;0
09/01/2026 03:00;0
09/01/2026 03:15;0
09/01/2026 03:30;0.3
09/01/2026 03:45;0.1
09/01/2026 04:00;0
09/01/2026 04:15;0
09/01/2026 04:30;0
09/01/2026 04:45;0
09/01/2026 05:00;0.1
09/01/2026 05:15;0
09/01/2026 05:30;0.1
09/01/2026 05:45;0
09/01/2026 06:00;0
09/01/2026 06:15;0
09/01/2026 06:30;0
09/01/2026 06:45;0
09/01/2026 07:00;0.6
09/01/2026 07:15;0.3
09/01/2026 07:30;0.4
09/01/2026 07:45;0.6
09/01/2026 08:00;0.1
09/01/2026 08:15;0
09/01/2026 08:30;0.1
09/01/2026 08:45;0.1
09/01/2026 09:00;0
09/01/2026 09:15;0
09/01/2026 09:30;0
09/01/2026 09:45;0
09/01/2026 10:00;0
09/01/2026 10:15;0
09/01/2026 10:30;0
09/01/2026 10:45;0
09/01/2026 11:00;0
09/01/2026 11:15;0
09/01/2026 11:30;0
09/01/2026 11:45;0
09/01/2026 12:00;0
09/01/2026 12:15;0
09/01/2026 12:30;0
09/01/2026 12:45;0
09/01/2026 13:00;0
09/01/2026 13:15;0
09/01/2026 13:30;0
09/01/2026 13:45;0
09/01/2026 14:00;2.3
09/01/2026 14:15;1.2
09/01/2026 14:30;0
09/01/2026 14:45;0
09/01/2026 15:00;0.1
09/01/2026 15:15;0
09/01/2026 15:30;0
09/01/2026 15:45;0
09/01/2026 16:00;0
09/01/2026 16:15;0
09/01/2026 16:30;0
09/01/2026 16:45;0
09/01/2026 17:00;0
09/01/2026 17:15;0
09/01/2026 17:30;1.2
09/01/2026 17:45;0.2
09/01/2026 18:00;0
09/01/2026 18:15;0
09/01/2026 18:30;0
09/01/2026 18:45;0.4
09/01/2026 19:00;0
09/01/2026 19:15;0
09/01/2026 19:30;0
09/01/2026 19:45;0.3
09/01/2026 20:00;0.6
09/01/2026 20:15;0.7
09/01/2026 20:30;0.6
09/01/2026 20:45;0.8
09/01/2026 21:00;0.2
09/01/2026 21:15;0
09/01/2026 21:30;0.1
09/01/2026 21:45;0.2
09/01/2026 22:00;0
09/01/2026 22:15;0
09/01/2026 22:30;0
09/01/2026 22:45;0.1
09/01/2026 23:00;0
09/01/2026 23:15;0
09/01/2026 23:30;0
09/01/2026 23:45;0
10/01/2026 00:00;0.2
10/01/2026 00:15;1
10/01/2026 00:30;0.5
10/01/2026 00:45;0.6
10/01/2026 01:00;0.2
10/01/2026 01:15;1.9
10/01/2026 01:30;0.2
10/01/2026 01:45;0.2
10/01/2026 02:00;0.8
10/01/2026 02:15;0.2
10/01/2026 02:30;0.4
10/01/2026 02:45;0.3
10/01/2026 03:00;0.1
10/01/2026 03:15;0.4
10/01/2026 03:30;0.1
10/01/2026 03:45;0
10/01/2026 04:00;0.3
10/01/2026 04:15;0.2
10/01/2026 04:30;0
10/01/2026 04:45;0
10/01/2026 05:00;0
10/01/2026 05:15;0.1
10/01/2026 05:30;0.3
10/01/2026 05:45;0.5
10/01/2026 06:00;0
10/01/2026 06:15;0.1
10/01/2026 06:30;0.1
10/01/2026 06:45;0.1
10/01/2026 07:00;0.1
10/01/2026 07:15;0.2
10/01/2026 07:30;0.2
10/01/2026 07:45;0.1
10/01/2026 08:00;0.2
10/01/2026 08:15;0.1
10/01/2026 08:30;0.4
10/01/2026 08:45;0.4
10/01/2026 09:00;0.3
10/01/2026 09:15;0.1
10/01/2026 09:30;0
10/01/2026 09:45;0.1
10/01/2026 10:00;0.1
10/01/2026 10:15;0.1
10/01/2026 10:30;0.1
10/01/2026 10:45;0.1
10/01/2026 11:00;0.1
10/01/2026 11:15;0.1
10/01/2026 11:30;0.1
10/01/2026 11:45;0.1
10/01/2026 12:00;0.1
10/01/2026 12:15;0.3
10/01/2026 12:30;0.2
10/01/2026 12:45;0
10/01/2026 13:00;0
10/01/2026 13:15;0.1
10/01/2026 13:30;0.1
10/01/2026 13:45;0.1
10/01/2026 14:00;0
10/01/2026 14:15;0.1
10/01/2026 14:30;0.1
10/01/2026 14:45;0.3
10/01/2026 15:00;0.2
10/01/2026 15:15;0.3
10/01/2026 15:30;0.2
10/01/2026 15:45;0
10/01/2026 16:00;0
10/01/2026 16:15;0
10/01/2026 16:30;0.2
10/01/2026 16:45;0.1
10/01/2026 17:00;0.1
10/01/2026 17:15;0
10/01/2026 17:30;0
10/01/2026 17:45;0
10/01/2026 18:00;0
10/01/2026 18:15;0
10/01/2026 18:30;0.1
10/01/2026 18:45;0
10/01/2026 19:00;0
10/01/2026 19:15;0
10/01/2026 19:30;0
10/01/2026 19:45;0
10/01/2026 20:00;0
10/01/2026 20:15;0
10/01/2026 20:30;0
10/01/2026 20:45;0
10/01/2026 21:00;0
10/01/2026 21:15;0
10/01/2026 21:30;0
10/01/2026 21:45;0
10/01/2026 22:00;0
10/01/2026 22:15;0
10/01/2026 22:30;0
10/01/2026 22:45;0
10/01/2026 23:00;0
10/01/2026 23:15;0
10/01/2026 23:30;0
10/01/2026 23:45;0
11/01/2026 00:00;0
11/01/2026 00:15;0
11/01/2026 00:30;0
11/01/2026 00:45;0
11/01/2026 01:00;0
11/01/2026 01:15;0
11/01/2026 01:30;0
11/01/2026 01:45;0
11/01/2026 02:00;0
11/01/2026 02:15;0
11/01/2026 02:30;0
11/01/2026 02:45;0
11/01/2026 03:00;0
11/01/2026 03:15;0
11/01/2026 03:30;0
11/01/2026 03:45;0
11/01/2026 04:00;0
11/01/2026 04:15;0
11/01/2026 04:30;0
11/01/2026 04:45;0
11/01/2026 05:00;0
11/01/2026 05:15;0
11/01/2026 05:30;0
11/01/2026 05:45;0
11/01/2026 06:00;0
11/01/2026 06:15;0
11/01/2026 06:30;0
11/01/2026 06:45;0
11/01/2026 07:00;0
11/01/2026 07:15;0
11/01/2026 07:30;0
11/01/2026 07:45;0
11/01/2026 08:00;0
11/01/2026 08:15;0
11/01/2026 08:30;0
11/01/2026 08:45;0
11/01/2026 09:00;0
11/01/2026 09:15;0
11/01/2026 09:30;0
11/01/2026 09:45;0
11/01/2026 10:00;0
11/01/2026 10:15;0
11/01/2026 10:30;0
11/01/2026 10:45;0
11/01/2026 11:00;0
11/01/2026 11:15;0
11/01/2026 11:30;0
11/01/2026 11:45;0
11/01/2026 12:00;0
11/01/2026 12:15;0
11/01/2026 12:30;0
11/01/2026 12:45;0
11/01/2026 13:00;0
11/01/2026 13:15;0
11/01/2026 13:30;0
11/01/2026 13:45;0
11/01/2026 14:00;0
11/01/2026 14:15;0
11/01/2026 14:30;0
11/01/2026 14:45;0
11/01/2026 15:00;0
11/01/2026 15:15;0
11/01/2026 15:30;0
11/01/2026 15:45;0
11/01/2026 16:00;0
11/01/2026 16:15;0
11/01/2026 16:30;0
11/01/2026 16:45;0
11/01/2026 17:00;0
11/01/2026 17:15;0
11/01/2026 17:30;0
11/01/2026 17:45;0
11/01/2026 18:00;0
11/01/2026 18:15;0
11/01/2026 18:30;0
11/01/2026 18:45;0
11/01/2026 19:00;0
11/01/2026 19:15;0
11/01/2026 19:30;0
11/01/2026 19:45;0
11/01/2026 20:00;0
11/01/2026 20:15;0
11/01/2026 20:30;0
11/01/2026 20:45;0
11/01/2026 21:00;0
11/01/2026 21:15;0
11/01/2026 21:30;0
11/01/2026 21:45;0
11/01/2026 22:00;0
11/01/2026 22:15;0
11/01/2026 22:30;0
11/01/2026 22:45;0
11/01/2026 23:00;0
11/01/2026 23:15;0
11/01/2026 23:30;0
11/01/2026 23:45;0
12/01/2026 00:00;0
12/01/2026 00:15;0
12/01/2026 00:30;0
12/01/2026 00:45;0
12/01/2026 01:00;0
12/01/2026 01:15;0
12/01/2026 01:30;0
12/01/2026 01:45;0
12/01/2026 02:00;0
12/01/2026 02:15;0
12/01/2026 02:30;0
12/01/2026 02:45;0
12/01/2026 03:00;0
12/01/2026 03:15;0
12/01/2026 03:30;0
12/01/2026 03:45;0
12/01/2026 04:00;0
12/01/2026 04:15;0
12/01/2026 04:30;0
12/01/2026 04:45;0
12/01/2026 05:00;0
12/01/2026 05:15;0
12/01/2026 05:30;0
12/01/2026 05:45;0
12/01/2026 06:00;0
12/01/2026 06:15;0
12/01/2026 06:30;0
12/01/2026 06:45;0
12/01/2026 07:00;0
12/01/2026 07:15;0
12/01/2026 07:30;0
12/01/2026 07:45;0
12/01/2026 08:00;0
12/01/2026 08:15;0
12/01/2026 08:30;0
12/01/2026 08:45;0
12/01/2026 09:00;0
12/01/2026 09:15;0
12/01/2026 09:30;0
12/01/2026 09:45;0
12/01/2026 10:00;0
12/01/2026 10:15;0
12/01/2026 10:30;0
12/01/2026 10:45;0
12/01/2026 11:00;0
12/01/2026 11:15;0
12/01/2026 11:30;0
12/01/2026 11:45;0
12/01/2026 12:00;0
12/01/2026 12:15;0
12/01/2026 12:30;0
12/01/2026 12:45;0
12/01/2026 13:00;0
12/01/2026 13:15;0
12/01/2026 13:30;0
12/01/2026 13:45;0
12/01/2026 14:00;0
12/01/2026 14:15;0
12/01/2026 14:30;0
12/01/2026 14:45;0
12/01/2026 15:00;0
12/01/2026 15:15;0
12/01/2026 15:30;0
12/01/2026 15:45;0
12/01/2026 16:00;0
12/01/2026 16:15;0
12/01/2026 16:30;0
12/01/2026 16:45;0
12/01/2026 17:00;0
12/01/2026 17:15;0
12/01/2026 17:30;0
12/01/2026 17:45;0
12/01/2026 18:00;0
12/01/2026 18:15;0
12/01/2026 18:30;0
12/01/2026 18:45;0
12/01/2026 19:00;0
12/01/2026 19:15;0
12/01/2026 19:30;0
12/01/2026 19:45;0
12/01/2026 20:00;0
12/01/2026 20:15;0
12/01/2026 20:30;0
12/01/2026 20:45;0
12/01/2026 21:00;0
12/01/2026 21:15;0
12/01/2026 21:30;0
12/01/2026 21:45;0
12/01/2026 22:00;0
12/01/2026 22:15;0
12/01/2026 22:30;0
12/01/2026 22:45;0
12/01/2026 23:00;0
12/01/2026 23:15;0
12/01/2026 23:30;0
12/01/2026 23:45;0
13/01/2026 00:00;0
13/01/2026 00:15;0
13/01/2026 00:30;0
13/01/2026 00:45;0
13/01/2026 01:00;0
13/01/2026 01:15;0
13/01/2026 01:30;0
13/01/2026 01:45;0
13/01/2026 02:00;0
13/01/2026 02:15;0
13/01/2026 02:30;0
13/01/2026 02:45;0
13/01/2026 03:00;0
13/01/2026 03:15;0
13/01/2026 03:30;0
13/01/2026 03:45;0
13/01/2026 04:00;0
13/01/2026 04:15;0
13/01/2026 04:30;0
13/01/2026 04:45;0
13/01/2026 05:00;0
13/01/2026 05:15;0
13/01/2026 05:30;0
13/01/2026 05:45;0
13/01/2026 06:00;0
13/01/2026 06:15;0
13/01/2026 06:30;0
13/01/2026 06:45;0
13/01/2026 07:00;0
13/01/2026 07:15;0
13/01/2026 07:30;0
13/01/2026 07:45;0
13/01/2026 08:00;0
13/01/2026 08:15;0
13/01/2026 08:30;0
13/01/2026 08:45;0
13/01/2026 09:00;0
13/01/2026 09:15;0
13/01/2026 09:30;0
13/01/2026 09:45;0
13/01/2026 10:00;0
13/01/2026 10:15;0
13/01/2026 10:30;0
13/01/2026 10:45;0
13/01/2026 11:00;0
13/01/2026 11:15;0
13/01/2026 11:30;0
13/01/2026 11:45;0
13/01/2026 12:00;0
13/01/2026 12:15;0
13/01/2026 12:30;0
13/01/2026 12:45;0
13/01/2026 13:00;0
13/01/2026 13:15;0
13/01/2026 13:30;0
13/01/2026 13:45;0
13/01/2026 14:00;0
13/01/2026 14:15;0
13/01/2026 14:30;0
13/01/2026 14:45;0
13/01/2026 15:00;0
13/01/2026 15:15;0
13/01/2026 15:30;0
13/01/2026 15:45;0
13/01/2026 16:00;0
13/01/2026 16:15;0
13/01/2026 16:30;0
13/01/2026 16:45;0
13/01/2026 17:00;0
13/01/2026 17:15;0
13/01/2026 17:30;0
13/01/2026 17:45;0
13/01/2026 18:00;0
13/01/2026 18:15;0
13/01/2026 18:30;0
13/01/2026 18:45;0
13/01/2026 19:00;0
13/01/2026 19:15;0
13/01/2026 19:30;0
13/01/2026 19:45;0
13/01/2026 20:00;0
13/01/2026 20:15;0
13/01/2026 20:30;0
13/01/2026 20:45;0
13/01/2026 21:00;0
13/01/2026 21:15;0
13/01/2026 21:30;0
13/01/2026 21:45;0
13/01/2026 22:00;0
13/01/2026 22:15;0
13/01/2026 22:30;0
13/01/2026 22:45;0
13/01/2026 23:00;0
13/01/2026 23:15;0
13/01/2026 23:30;0
13/01/2026 23:45;0
14/01/2026 00:00;0
14/01/2026 00:15;0
14/01/2026 00:30;0
14/01/2026 00:45;0
14/01/2026 01:00;0
14/01/2026 01:15;0
14/01/2026 01:30;0
14/01/2026 01:45;0
14/01/2026 02:00;0
14/01/2026 02:15;0
14/01/2026 02:30;0
14/01/2026 02:45;0
14/01/2026 03:00;0
14/01/2026 03:15;0
14/01/2026 03:30;0
14/01/2026 03:45;0
14/01/2026 04:00;0
14/01/2026 04:15;0
14/01/2026 04:30;0
14/01/2026 04:45;0.1
14/01/2026 05:00;0
14/01/2026 05:15;0
14/01/2026 05:30;0
14/01/2026 05:45;0
14/01/2026 06:00;0
14/01/2026 06:15;0
14/01/2026 06:30;0
14/01/2026 06:45;0.1
14/01/2026 07:00;0.1
14/01/2026 07:15;0.1
14/01/2026 07:30;0.1
14/01/2026 07:45;0
14/01/2026 08:00;0
14/01/2026 08:15;0
14/01/2026 08:30;0
14/01/2026 08:45;0
14/01/2026 09:00;0
14/01/2026 09:15;0
14/01/2026 09:30;0
14/01/2026 09:45;0
14/01/2026 10:00;0
14/01/2026 10:15;0
14/01/2026 10:30;0
14/01/2026 10:45;0
14/01/2026 11:00;0
14/01/2026 11:15;0
14/01/2026 11:30;0
14/01/2026 11:45;0
14/01/2026 12:00;0
14/01/2026 12:15;0
14/01/2026 12:30;0
14/01/2026 12:45;0
14/01/2026 13:00;0
14/01/2026 13:15;0
14/01/2026 13:30;0
14/01/2026 13:45;0
14/01/2026 14:00;0
14/01/2026 14:15;0
14/01/2026 14:30;0
14/01/2026 14:45;0
14/01/2026 15:00;0
14/01/2026 15:15;0
14/01/2026 15:30;0
14/01/2026 15:45;0
14/01/2026 16:00;0
14/01/2026 16:15;0
14/01/2026 16:30;0
14/01/2026 16:45;0
14/01/2026 17:00;0
14/01/2026 17:15;0
14/01/2026 17:30;0
14/01/2026 17:45;0
14/01/2026 18:00;0
14/01/2026 18:15;0
14/01/2026 18:30;0
14/01/2026 18:45;0
14/01/2026 19:00;0
14/01/2026 19:15;0
14/01/2026 19:30;0
14/01/2026 19:45;0
14/01/2026 20:00;0
14/01/2026 20:15;0
14/01/2026 20:30;0
14/01/2026 20:45;0
14/01/2026 21:00;0
14/01/2026 21:15;0
14/01/2026 21:30;0
14/01/2026 21:45;0
14/01/2026 22:00;0
14/01/2026 22:15;0
14/01/2026 22:30;0
14/01/2026 22:45;0
14/01/2026 23:00;0
14/01/2026 23:15;0
14/01/2026 23:30;0
14/01/2026 23:45;0
15/01/2026 00:00;0
15/01/2026 00:15;0
15/01/2026 00:30;0
15/01/2026 00:45;0
15/01/2026 01:00;0
15/01/2026 01:15;0
15/01/2026 01:30;0
15/01/2026 01:45;0
15/01/2026 02:00;0
15/01/2026 02:15;0
15/01/2026 02:30;0
15/01/2026 02:45;0
15/01/2026 03:00;0
15/01/2026 03:15;0
15/01/2026 03:30;0
15/01/2026 03:45;0
15/01/2026 04:00;0
15/01/2026 04:15;0
15/01/2026 04:30;0
15/01/2026 04:45;0
15/01/2026 05:00;0
15/01/2026 05:15;0
15/01/2026 05:30;0
15/01/2026 05:45;0
15/01/2026 06:00;0
15/01/2026 06:15;0
15/01/2026 06:30;0
15/01/2026 06:45;0
15/01/2026 07:00;0
15/01/2026 07:15;0
15/01/2026 07:30;0
15/01/2026 07:45;0
15/01/2026 08:00;0
15/01/2026 08:15;0
15/01/2026 08:30;0
15/01/2026 08:45;0
15/01/2026 09:00;0
15/01/2026 09:15;0
15/01/2026 09:30;0
15/01/2026 09:45;0
15/01/2026 10:00;0
15/01/2026 10:15;0
15/01/2026 10:30;0
15/01/2026 10:45;0
15/01/2026 11:00;0
15/01/2026 11:15;0
15/01/2026 11:30;0
15/01/2026 11:45;0
15/01/2026 12:00;0
15/01/2026 12:15;0
15/01/2026 12:30;0
15/01/2026 12:45;0
15/01/2026 13:00;0
15/01/2026 13:15;0
15/01/2026 13:30;0
15/01/2026 13:45;0
15/01/2026 14:00;0
15/01/2026 14:15;0
15/01/2026 14:30;0
15/01/2026 14:45;0
15/01/2026 15:00;0
15/01/2026 15:15;0
15/01/2026 15:30;0
15/01/2026 15:45;0
15/01/2026 16:00;0
15/01/2026 16:15;0
15/01/2026 16:30;0
15/01/2026 16:45;0
15/01/2026 17:00;0
15/01/2026 17:15;0
15/01/2026 17:30;0
15/01/2026 17:45;0
15/01/2026 18:00;0
15/01/2026 18:15;0
15/01/2026 18:30;0
15/01/2026 18:45;0.1
15/01/2026 19:00;0
15/01/2026 19:15;0
15/01/2026 19:30;0
15/01/2026 19:45;0
15/01/2026 20:00;0
15/01/2026 20:15;0.1
15/01/2026 20:30;0.1
15/01/2026 20:45;0
15/01/2026 21:00;0.2
15/01/2026 21:15;0.4
15/01/2026 21:30;0.3
15/01/2026 21:45;0.3
15/01/2026 22:00;0.4
15/01/2026 22:15;0.2
15/01/2026 22:30;0.2
15/01/2026 22:45;0.2
15/01/2026 23:00;0.2
15/01/2026 23:15;0.3
15/01/2026 23:30;0.3
15/01/2026 23:45;0.2
16/01/2026 00:00;0.2
16/01/2026 00:15;0.3
16/01/2026 00:30;0.2
16/01/2026 00:45;0.2
16/01/2026 01:00;0.2
16/01/2026 01:15;0.2
16/01/2026 01:30;0.3
16/01/2026 01:45;0.2
16/01/2026 02:00;0.3
16/01/2026 02:15;0.2
16/01/2026 02:30;0.2
16/01/2026 02:45;0.3
16/01/2026 03:00;0.1
16/01/2026 03:15;0.1
16/01/2026 03:30;0
16/01/2026 03:45;0
16/01/2026 04:00;0
16/01/2026 04:15;0.1
16/01/2026 04:30;0
16/01/2026 04:45;0
16/01/2026 05:00;0.1
16/01/2026 05:15;0.1
16/01/2026 05:30;0
16/01/2026 05:45;0
16/01/2026 06:00;0
16/01/2026 06:15;0
16/01/2026 06:30;0
16/01/2026 06:45;0
16/01/2026 07:00;0
16/01/2026 07:15;0
16/01/2026 07:30;0
16/01/2026 07:45;0.1
16/01/2026 08:00;0
16/01/2026 08:15;0
16/01/2026 08:30;0
16/01/2026 08:45;0
16/01/2026 09:00;0
16/01/2026 09:15;0
16/01/2026 09:30;0
16/01/2026 09:45;0
16/01/2026 10:00;0
16/01/2026 10:15;0
16/01/2026 10:30;0
16/01/2026 10:45;0
16/01/2026 11:00;0
16/01/2026 11:15;0
16/01/2026 11:30;0
16/01/2026 11:45;0
16/01/2026 12:00;0
16/01/2026 12:15;0
16/01/2026 12:30;0
16/01/2026 12:45;0
16/01/2026 13:00;0
16/01/2026 13:15;0
16/01/2026 13:30;0
16/01/2026 13:45;0
16/01/2026 14:00;0
16/01/2026 14:15;0
16/01/2026 14:30;0
16/01/2026 14:45;0
16/01/2026 15:00;0
16/01/2026 15:15;0
16/01/2026 15:30;0
16/01/2026 15:45;0
16/01/2026 16:00;0
16/01/2026 16:15;0
16/01/2026 16:30;0
16/01/2026 16:45;0
16/01/2026 17:00;0
16/01/2026 17:15;0
16/01/2026 17:30;0
16/01/2026 17:45;0
16/01/2026 18:00;0.1
16/01/2026 18:15;0
16/01/2026 18:30;0.1
16/01/2026 18:45;0.1
16/01/2026 19:00;0.2
16/01/2026 19:15;0.3
16/01/2026 19:30;0.2
16/01/2026 19:45;0.4
16/01/2026 20:00;0.3
16/01/2026 20:15;0.4
16/01/2026 20:30;0.9
16/01/2026 20:45;0.6
16/01/2026 21:00;0.3
16/01/2026 21:15;0.1
16/01/2026 21:30;0
16/01/2026 21:45;0
16/01/2026 22:00;0
16/01/2026 22:15;0
16/01/2026 22:30;0
16/01/2026 22:45;0
16/01/2026 23:00;0
16/01/2026 23:15;0
16/01/2026 23:30;0
16/01/2026 23:45;0
17/01/2026 00:00;0
17/01/2026 00:15;0
17/01/2026 00:30;0
17/01/2026 00:45;0
17/01/2026 01:00;0
17/01/2026 01:15;0
17/01/2026 01:30;0
17/01/2026 01:45;0
17/01/2026 02:00;0
17/01/2026 02:15;0
17/01/2026 02:30;0
17/01/2026 02:45;0
17/01/2026 03:00;0
17/01/2026 03:15;0
17/01/2026 03:30;0
17/01/2026 03:45;0
17/01/2026 04:00;0
17/01/2026 04:15;0
17/01/2026 04:30;0
17/01/2026 04:45;0
17/01/2026 05:00;0
17/01/2026 05:15;0
17/01/2026 05:30;0
17/01/2026 05:45;0
17/01/2026 06:00;0
17/01/2026 06:15;0
17/01/2026 06:30;0
17/01/2026 06:45;0
17/01/2026 07:00;0
17/01/2026 07:15;0
17/01/2026 07:30;0
17/01/2026 07:45;0
17/01/2026 08:00;0.1
17/01/2026 08:15;0.3
17/01/2026 08:30;0
17/01/2026 08:45;0.1
17/01/2026 09:00;0
17/01/2026 09:15;0
17/01/2026 09:30;0.1
17/01/2026 09:45;0
17/01/2026 10:00;0
17/01/2026 10:15;0
17/01/2026 10:30;0
17/01/2026 10:45;0
17/01/2026 11:00;0
17/01/2026 11:15;0
17/01/2026 11:30;0
17/01/2026 11:45;0
17/01/2026 12:00;0
17/01/2026 12:15;0
17/01/2026 12:30;0
17/01/2026 12:45;0.3
17/01/2026 13:00;0.2
17/01/2026 13:15;0.1
17/01/2026 13:30;0.1
17/01/2026 13:45;0.1
17/01/2026 14:00;0
17/01/2026 14:15;0.1
17/01/2026 14:30;0
17/01/2026 14:45;0.1
17/01/2026 15:00;0.2
17/01/2026 15:15;0.4
17/01/2026 15:30;0.4
17/01/2026 15:45;0.2
17/01/2026 16:00;0.4
17/01/2026 16:15;0.4
17/01/2026 16:30;0.2
17/01/2026 16:45;0.1
17/01/2026 17:00;0.1
17/01/2026 17:15;0.3
17/01/2026 17:30;0.3
17/01/2026 17:45;0.2
17/01/2026 18:00;0.6
17/01/2026 18:15;0.8
17/01/2026 18:30;0.2
17/01/2026 18:45;0.2
17/01/2026 19:00;0.3
17/01/2026 19:15;0.5
17/01/2026 19:30;0
17/01/2026 19:45;0.1
17/01/2026 20:00;0
17/01/2026 20:15;0
17/01/2026 20:30;0
17/01/2026 20:45;0
17/01/2026 21:00;0
17/01/2026 21:15;0
17/01/2026 21:30;0
17/01/2026 21:45;0
17/01/2026 22:00;0
17/01/2026 22:15;0
17/01/2026 22:30;0
17/01/2026 22:45;0.3
17/01/2026 23:00;0.1
17/01/2026 23:15;0.2
17/01/2026 23:30;0.2
17/01/2026 23:45;0.1
18/01/2026 00:00;0
18/01/2026 00:15;0
18/01/2026 00:30;0.1
18/01/2026 00:45;0.1
18/01/2026 01:00;0.1
18/01/2026 01:15;0.1
18/01/2026 01:30;0.1
18/01/2026 01:45;0.2
18/01/2026 02:00;0.2
18/01/2026 02:15;0.1
18/01/2026 02:30;0.1
18/01/2026 02:45;0.2
18/01/2026 03:00;0.2
18/01/2026 03:15;0.3
18/01/2026 03:30;0.3
18/01/2026 03:45;0.2
18/01/2026 04:00;0.3
18/01/2026 04:15;0.2
18/01/2026 04:30;0.3
18/01/2026 04:45;0.1
18/01/2026 05:00;0.1
18/01/2026 05:15;0.1
18/01/2026 05:30;0.2
18/01/2026 05:45;0.4
18/01/2026 06:00;0.3
18/01/2026 06:15;0.3
18/01/2026 06:30;0.2
18/01/2026 06:45;0.1
18/01/2026 07:00;0.1
18/01/2026 07:15;0
18/01/2026 07:30;0.1
18/01/2026 07:45;0.1
18/01/2026 08:00;0
18/01/2026 08:15;0
18/01/2026 08:30;0
18/01/2026 08:45;0
18/01/2026 09:00;0
18/01/2026 09:15;0
18/01/2026 09:30;0
18/01/2026 09:45;0
18/01/2026 10:00;0
18/01/2026 10:15;0
18/01/2026 10:30;0
18/01/2026 10:45;0
18/01/2026 11:00;0
18/01/2026 11:15;0
18/01/2026 11:30;0
18/01/2026 11:45;0
18/01/2026 12:00;0
18/01/2026 12:15;0
18/01/2026 12:30;0
18/01/2026 12:45;0
18/01/2026 13:00;0
18/01/2026 13:15;0
18/01/2026 13:30;0
18/01/2026 13:45;0
18/01/2026 14:00;0
18/01/2026 14:15;0
18/01/2026 14:30;0
18/01/2026 14:45;0
18/01/2026 15:00;0
18/01/2026 15:15;0
18/01/2026 15:30;0
18/01/2026 15:45;0
18/01/2026 16:00;0
18/01/2026 16:15;0
18/01/2026 16:30;0
18/01/2026 16:45;0
18/01/2026 17:00;0
18/01/2026 17:15;0
18/01/2026 17:30;0
18/01/2026 17:45;0
18/01/2026 18:00;0
18/01/2026 18:15;0
18/01/2026 18:30;0
18/01/2026 18:45;0
18/01/2026 19:00;0
18/01/2026 19:15;0
18/01/2026 19:30;0
18/01/2026 19:45;0
18/01/2026 20:00;0
18/01/2026 20:15;0
18/01/2026 20:30;0
18/01/2026 20:45;0
18/01/2026 21:00;0
18/01/2026 21:15;0
18/01/2026 21:30;0
18/01/2026 21:45;0
18/01/2026 22:00;0
18/01/2026 22:15;0
18/01/2026 22:30;0
18/01/2026 22:45;0
18/01/2026 23:00;0
18/01/2026 23:15;0
18/01/2026 23:30;0
18/01/2026 23:45;0
19/01/2026 00:00;0
19/01/2026 00:15;0
19/01/2026 00:30;0
19/01/2026 00:45;0
19/01/2026 01:00;0
19/01/2026 01:15;0
19/01/2026 01:30;0
19/01/2026 01:45;0
19/01/2026 02:00;0
19/01/2026 02:15;0
19/01/2026 02:30;0
19/01/2026 02:45;0
19/01/2026 03:00;0
19/01/2026 03:15;0
19/01/2026 03:30;0
19/01/2026 03:45;0
19/01/2026 04:00;0
19/01/2026 04:15;0
19/01/2026 04:30;0
19/01/2026 04:45;0
19/01/2026 05:00;0
19/01/2026 05:15;0
19/01/2026 05:30;0
19/01/2026 05:45;0
19/01/2026 06:00;0
19/01/2026 06:15;0
19/01/2026 06:30;0
19/01/2026 06:45;0
19/01/2026 07:00;0
19/01/2026 07:15;0
19/01/2026 07:30;0
19/01/2026 07:45;0
19/01/2026 08:00;0
19/01/2026 08:15;0
19/01/2026 08:30;0
19/01/2026 08:45;0
19/01/2026 09:00;0
19/01/2026 09:15;0
19/01/2026 09:30;0
19/01/2026 09:45;0
19/01/2026 10:00;0
19/01/2026 10:15;0
19/01/2026 10:30;0
19/01/2026 10:45;0
19/01/2026 11:00;0
19/01/2026 11:15;0
19/01/2026 11:30;0
19/01/2026 11:45;0
19/01/2026 12:00;0
19/01/2026 12:15;0
19/01/2026 12:30;0
19/01/2026 12:45;0
19/01/2026 13:00;0
19/01/2026 13:15;0
19/01/2026 13:30;0
19/01/2026 13:45;0
19/01/2026 14:00;0
19/01/2026 14:15;0
19/01/2026 14:30;0
19/01/2026 14:45;0
19/01/2026 15:00;0
19/01/2026 15:15;0
19/01/2026 15:30;0
19/01/2026 15:45;0
19/01/2026 16:00;0
19/01/2026 16:15;0
19/01/2026 16:30;0
19/01/2026 16:45;0
19/01/2026 17:00;0
19/01/2026 17:15;0
19/01/2026 17:30;0
19/01/2026 17:45;0
19/01/2026 18:00;0
19/01/2026 18:15;0
19/01/2026 18:30;0
19/01/2026 18:45;0
19/01/2026 19:00;0
19/01/2026 19:15;0
19/01/2026 19:30;0
19/01/2026 19:45;0
19/01/2026 20:00;0
19/01/2026 20:15;0
19/01/2026 20:30;0
19/01/2026 20:45;0
19/01/2026 21:00;0
19/01/2026 21:15;0
19/01/2026 21:30;0
19/01/2026 21:45;0
19/01/2026 22:00;0
19/01/2026 22:15;0
19/01/2026 22:30;0
19/01/2026 22:45;0
19/01/2026 23:00;0
19/01/2026 23:15;0
19/01/2026 23:30;0
19/01/2026 23:45;0
20/01/2026 00:00;0
20/01/2026 00:15;0
20/01/2026 00:30;0
20/01/2026 00:45;0
20/01/2026 01:00;0
20/01/2026 01:15;0
20/01/2026 01:30;0
20/01/2026 01:45;0
20/01/2026 02:00;0
20/01/2026 02:15;0
20/01/2026 02:30;0
20/01/2026 02:45;0
20/01/2026 03:00;0
20/01/2026 03:15;0
20/01/2026 03:30;0
20/01/2026 03:45;0
20/01/2026 04:00;0
20/01/2026 04:15;0
20/01/2026 04:30;0
20/01/2026 04:45;0
20/01/2026 05:00;0
20/01/2026 05:15;0
20/01/2026 05:30;0
20/01/2026 05:45;0
20/01/2026 06:00;0
20/01/2026 06:15;0
20/01/2026 06:30;0
20/01/2026 06:45;0
20/01/2026 07:00;0
20/01/2026 07:15;0
20/01/2026 07:30;0
20/01/2026 07:45;0
20/01/2026 08:00;0
20/01/2026 08:15;0
20/01/2026 08:30;0
20/01/2026 08:45;0
20/01/2026 09:00;0
20/01/2026 09:15;0
20/01/2026 09:30;0
20/01/2026 09:45;0
20/01/2026 10:00;0
20/01/2026 10:15;0
20/01/2026 10:30;0
20/01/2026 10:45;0
20/01/2026 11:00;0
20/01/2026 11:15;0
20/01/2026 11:30;0
20/01/2026 11:45;0
20/01/2026 12:00;0
20/01/2026 12:15;0
20/01/2026 12:30;0
20/01/2026 12:45;0
20/01/2026 13:00;0
20/01/2026 13:15;0
20/01/2026 13:30;0
20/01/2026 13:45;0
20/01/2026 14:00;0
20/01/2026 14:15;0
20/01/2026 14:30;0
20/01/2026 14:45;0
20/01/2026 15:00;0
20/01/2026 15:15;0
20/01/2026 15:30;0
20/01/2026 15:45;0
20/01/2026 16:00;0
20/01/2026 16:15;0
20/01/2026 16:30;0
20/01/2026 16:45;0
20/01/2026 17:00;0
20/01/2026 17:15;0
20/01/2026 17:30;0
20/01/2026 17:45;0
20/01/2026 18:00;0
20/01/2026 18:15;0
20/01/2026 18:30;0
20/01/2026 18:45;0
20/01/2026 19:00;0
20/01/2026 19:15;0
20/01/2026 19:30;0
20/01/2026 19:45;0
20/01/2026 20:00;0
20/01/2026 20:15;0
20/01/2026 20:30;0
20/01/2026 20:45;0
20/01/2026 21:00;0
20/01/2026 21:15;0
20/01/2026 21:30;0
20/01/2026 21:45;0
20/01/2026 22:00;0
20/01/2026 22:15;0
20/01/2026 22:30;0
20/01/2026 22:45;0
20/01/2026 23:00;0
20/01/2026 23:15;0
20/01/2026 23:30;0
20/01/2026 23:45;0
21/01/2026 00:00;0
21/01/2026 00:15;0
21/01/2026 00:30;0
21/01/2026 00:45;0
21/01/2026 01:00;0
21/01/2026 01:15;0
21/01/2026 01:30;0
21/01/2026 01:45;0
21/01/2026 02:00;0
21/01/2026 02:15;0
21/01/2026 02:30;0
21/01/2026 02:45;0
21/01/2026 03:00;0
21/01/2026 03:15;0
21/01/2026 03:30;0
21/01/2026 03:45;0
21/01/2026 04:00;0
21/01/2026 04:15;0
21/01/2026 04:30;0
21/01/2026 04:45;0
21/01/2026 05:00;0
21/01/2026 05:15;0
21/01/2026 05:30;0
21/01/2026 05:45;0
21/01/2026 06:00;0
21/01/2026 06:15;0
21/01/2026 06:30;0
21/01/2026 06:45;0
21/01/2026 07:00;0
21/01/2026 07:15;0
21/01/2026 07:30;0
21/01/2026 07:45;0
21/01/2026 08:00;0
21/01/2026 08:15;0
21/01/2026 08:30;0
21/01/2026 08:45;0
21/01/2026 09:00;0
21/01/2026 09:15;0
21/01/2026 09:30;0
21/01/2026 09:45;0
21/01/2026 10:00;0
21/01/2026 10:15;0
21/01/2026 10:30;0
21/01/2026 10:45;0
21/01/2026 11:00;0
21/01/2026 11:15;0
21/01/2026 11:30;0
21/01/2026 11:45;0
21/01/2026 12:00;0
21/01/2026 12:15;0
21/01/2026 12:30;0
21/01/2026 12:45;0
21/01/2026 13:00;0
21/01/2026 13:15;0
21/01/2026 13:30;0
21/01/2026 13:45;0
21/01/2026 14:00;0
21/01/2026 14:15;0.3
21/01/2026 14:30;0.6
21/01/2026 14:45;0.6
21/01/2026 15:00;0.6
21/01/2026 15:15;0.8
21/01/2026 15:30;0.4
21/01/2026 15:45;0.5
21/01/2026 16:00;0.8
21/01/2026 16:15;0.6
21/01/2026 16:30;0.4
21/01/2026 16:45;0.4
21/01/2026 17:00;0.5
21/01/2026 17:15;0.3
21/01/2026 17:30;0
21/01/2026 17:45;0
21/01/2026 18:00;0
21/01/2026 18:15;0
21/01/2026 18:30;0.5
21/01/2026 18:45;0.2
21/01/2026 19:00;0.1
21/01/2026 19:15;0
21/01/2026 19:30;0.4
21/01/2026 19:45;0.6
21/01/2026 20:00;0.1
21/01/2026 20:15;0.1
21/01/2026 20:30;0
21/01/2026 20:45;0
21/01/2026 21:00;0
21/01/2026 21:15;0
21/01/2026 21:30;0.5
21/01/2026 21:45;0.4
21/01/2026 22:00;1
21/01/2026 22:15;1.1
21/01/2026 22:30;0.2
21/01/2026 22:45;0.1
21/01/2026 23:00;0.1
21/01/2026 23:15;0
21/01/2026 23:30;0
21/01/2026 23:45;0
22/01/2026 00:00;0
22/01/2026 00:15;0
22/01/2026 00:30;0
22/01/2026 00:45;0.1
22/01/2026 01:00;0
22/01/2026 01:15;0
22/01/2026 01:30;0
22/01/2026 01:45;0.4
22/01/2026 02:00;0.2
22/01/2026 02:15;1.4
22/01/2026 02:30;0.3
22/01/2026 02:45;0.2
22/01/2026 03:00;0.2
22/01/2026 03:15;0
22/01/2026 03:30;0
22/01/2026 03:45;0
22/01/2026 04:00;0
22/01/2026 04:15;0
22/01/2026 04:30;0
22/01/2026 04:45;0
22/01/2026 05:00;0
22/01/2026 05:15;0
22/01/2026 05:30;0
22/01/2026 05:45;0
22/01/2026 06:00;0.1
22/01/2026 06:15;0
22/01/2026 06:30;0
22/01/2026 06:45;0
22/01/2026 07:00;0
22/01/2026 07:15;0
22/01/2026 07:30;0
22/01/2026 07:45;0
22/01/2026 08:00;0
22/01/2026 08:15;0
22/01/2026 08:30;0
22/01/2026 08:45;0
22/01/2026 09:00;0
22/01/2026 09:15;0
22/01/2026 09:30;0
22/01/2026 09:45;0
22/01/2026 10:00;0
22/01/2026 10:15;0
22/01/2026 10:30;0
22/01/2026 10:45;0
22/01/2026 11:00;0
22/01/2026 11:15;0
22/01/2026 11:30;0
22/01/2026 11:45;0
22/01/2026 12:00;0
22/01/2026 12:15;0
22/01/2026 12:30;0
22/01/2026 12:45;0
22/01/2026 13:00;0
22/01/2026 13:15;0
22/01/2026 13:30;0
22/01/2026 13:45;0
22/01/2026 14:00;0
22/01/2026 14:15;0
22/01/2026 14:30;0
22/01/2026 14:45;0
22/01/2026 15:00;0
22/01/2026 15:15;0
22/01/2026 15:30;0
22/01/2026 15:45;0
22/01/2026 16:00;0
22/01/2026 16:15;0
22/01/2026 16:30;0
22/01/2026 16:45;0
22/01/2026 17:00;0
22/01/2026 17:15;0
22/01/2026 17:30;0
22/01/2026 17:45;0
22/01/2026 18:00;0
22/01/2026 18:15;0
22/01/2026 18:30;0
22/01/2026 18:45;0
22/01/2026 19:00;0
22/01/2026 19:15;0
22/01/2026 19:30;0
22/01/2026 19:45;0
22/01/2026 20:00;0
22/01/2026 20:15;0
22/01/2026 20:30;0
22/01/2026 20:45;0
22/01/2026 21:00;0
22/01/2026 21:15;0
22/01/2026 21:30;0
22/01/2026 21:45;0
22/01/2026 22:00;0
22/01/2026 22:15;0
22/01/2026 22:30;0
22/01/2026 22:45;0
22/01/2026 23:00;0
22/01/2026 23:15;0
22/01/2026 23:30;0
22/01/2026 23:45;0
23/01/2026 00:00;0
23/01/2026 00:15;0
23/01/2026 00:30;0
23/01/2026 00:45;0
23/01/2026 01:00;0
23/01/2026 01:15;0
23/01/2026 01:30;0
23/01/2026 01:45;0
23/01/2026 02:00;0
23/01/2026 02:15;0
23/01/2026 02:30;0
23/01/2026 02:45;0
23/01/2026 03:00;0
23/01/2026 03:15;0
23/01/2026 03:30;0
23/01/2026 03:45;0
23/01/2026 04:00;0
23/01/2026 04:15;0.1
23/01/2026 04:30;0.4
23/01/2026 04:45;0.2
23/01/2026 05:00;0.1
23/01/2026 05:15;0
23/01/2026 05:30;0.6
23/01/2026 05:45;0.6
23/01/2026 06:00;0.3
23/01/2026 06:15;0
23/01/2026 06:30;0.1
23/01/2026 06:45;0
23/01/2026 07:00;0
23/01/2026 07:15;0
23/01/2026 07:30;0
23/01/2026 07:45;0
23/01/2026 08:00;0
23/01/2026 08:15;0
23/01/2026 08:30;0
23/01/2026 08:45;0
23/01/2026 09:00;0
23/01/2026 09:15;0
23/01/2026 09:30;0
23/01/2026 09:45;0
23/01/2026 10:00;0
23/01/2026 10:15;0
23/01/2026 10:30;0
23/01/2026 10:45;0
23/01/2026 11:00;0
23/01/2026 11:15;0
23/01/2026 11:30;0
23/01/2026 11:45;0
23/01/2026 12:00;0
23/01/2026 12:15;0
23/01/2026 12:30;0
23/01/2026 12:45;0
23/01/2026 13:00;0
23/01/2026 13:15;0
23/01/2026 13:30;0
23/01/2026 13:45;0
23/01/2026 14:00;0
23/01/2026 14:15;0
23/01/2026 14:30;0
23/01/2026 14:45;0
23/01/2026 15:00;0
23/01/2026 15:15;0
23/01/2026 15:30;0
23/01/2026 15:45;0
23/01/2026 16:00;0
23/01/2026 16:15;0
23/01/2026 16:30;0
23/01/2026 16:45;0
23/01/2026 17:00;0
23/01/2026 17:15;0
23/01/2026 17:30;0
23/01/2026 17:45;0
23/01/2026 18:00;0
23/01/2026 18:15;0
23/01/2026 18:30;0
23/01/2026 18:45;0
23/01/2026 19:00;0
23/01/2026 19:15;0
23/01/2026 19:30;0
23/01/2026 19:45;0
23/01/2026 20:00;0
23/01/2026 20:15;0
23/01/2026 20:30;0
23/01/2026 20:45;0
23/01/2026 21:00;0
23/01/2026 21:15;0.7
23/01/2026 21:30;0.5
23/01/2026 21:45;0.3
23/01/2026 22:00;0.6
23/01/2026 22:15;0.3
23/01/2026 22:30;0.6
23/01/2026 22:45;0.9
23/01/2026 23:00;1.4
23/01/2026 23:15;0.2
23/01/2026 23:30;0.1
23/01/2026 23:45;0.2
24/01/2026 00:00;0
24/01/2026 00:15;0
24/01/2026 00:30;0
24/01/2026 00:45;0
24/01/2026 01:00;0
24/01/2026 01:15;0
24/01/2026 01:30;0
24/01/2026 01:45;0
24/01/2026 02:00;0
24/01/2026 02:15;0
24/01/2026 02:30;0
24/01/2026 02:45;0.1
24/01/2026 03:00;0.1
24/01/2026 03:15;0.2
24/01/2026 03:30;0.3
24/01/2026 03:45;0.6
24/01/2026 04:00;0.6
24/01/2026 04:15;0.6
24/01/2026 04:30;0.5
24/01/2026 04:45;0.3
24/01/2026 05:00;0.4
24/01/2026 05:15;0.1
24/01/2026 05:30;0.2
24/01/2026 05:45;0.2
24/01/2026 06:00;0.5
24/01/2026 06:15;0.4
24/01/2026 06:30;0.2
24/01/2026 06:45;0
24/01/2026 07:00;0
24/01/2026 07:15;0
24/01/2026 07:30;0
24/01/2026 07:45;0
24/01/2026 08:00;0
24/01/2026 08:15;0
24/01/2026 08:30;0
24/01/2026 08:45;0
24/01/2026 09:00;0
24/01/2026 09:15;0
24/01/2026 09:30;0
24/01/2026 09:45;0.4
24/01/2026 10:00;0
24/01/2026 10:15;0
24/01/2026 10:30;0
24/01/2026 10:45;0
24/01/2026 11:00;0
24/01/2026 11:15;0
24/01/2026 11:30;0
24/01/2026 11:45;0
24/01/2026 12:00;0
24/01/2026 12:15;0
24/01/2026 12:30;0
24/01/2026 12:45;0
24/01/2026 13:00;0
24/01/2026 13:15;0
24/01/2026 13:30;0
24/01/2026 13:45;0
24/01/2026 14:00;0
24/01/2026 14:15;0
24/01/2026 14:30;0
24/01/2026 14:45;0
24/01/2026 15:00;0
24/01/2026 15:15;0
24/01/2026 15:30;0
24/01/2026 15:45;0
24/01/2026 16:00;0
24/01/2026 16:15;0
24/01/2026 16:30;0
24/01/2026 16:45;0
24/01/2026 17:00;0
24/01/2026 17:15;0
24/01/2026 17:30;0
24/01/2026 17:45;0
24/01/2026 18:00;0
24/01/2026 18:15;0
24/01/2026 18:30;0
24/01/2026 18:45;0
24/01/2026 19:00;0
24/01/2026 19:15;0
24/01/2026 19:30;0
24/01/2026 19:45;0
24/01/2026 20:00;0
24/01/2026 20:15;0.1
24/01/2026 20:30;0.1
24/01/2026 20:45;0.2
24/01/2026 21:00;0
24/01/2026 21:15;0.4
24/01/2026 21:30;0.1
24/01/2026 21:45;0.3
24/01/2026 22:00;0.2
24/01/2026 22:15;0
24/01/2026 22:30;0
24/01/2026 22:45;0.1
24/01/2026 23:00;0
24/01/2026 23:15;0.1
24/01/2026 23:30;0.1
24/01/2026 23:45;0.1
25/01/2026 00:00;0
25/01/2026 00:15;0.1
25/01/2026 00:30;0
25/01/2026 00:45;0
25/01/2026 01:00;0
25/01/2026 01:15;0.1
25/01/2026 01:30;0.1
25/01/2026 01:45;0.2
25/01/2026 02:00;0
25/01/2026 02:15;0
25/01/2026 02:30;0
25/01/2026 02:45;0
25/01/2026 03:00;0
25/01/2026 03:15;0
25/01/2026 03:30;0
25/01/2026 03:45;0
25/01/2026 04:00;0
25/01/2026 04:15;0
25/01/2026 04:30;0
25/01/2026 04:45;0
25/01/2026 05:00;0
25/01/2026 05:15;0
25/01/2026 05:30;0
25/01/2026 05:45;0
25/01/2026 06:00;0
25/01/2026 06:15;0
25/01/2026 06:30;0
25/01/2026 06:45;0
25/01/2026 07:00;0
25/01/2026 07:15;0
25/01/2026 07:30;0
25/01/2026 07:45;0
25/01/2026 08:00;0
25/01/2026 08:15;0
25/01/2026 08:30;0
25/01/2026 08:45;0
25/01/2026 09:00;0
25/01/2026 09:15;0
25/01/2026 09:30;0
25/01/2026 09:45;0
25/01/2026 10:00;0
25/01/2026 10:15;0
25/01/2026 10:30;0
25/01/2026 10:45;0
25/01/2026 11:00;0
25/01/2026 11:15;0
25/01/2026 11:30;0
25/01/2026 11:45;0
25/01/2026 12:00;0
25/01/2026 12:15;0
25/01/2026 12:30;0
25/01/2026 12:45;0
25/01/2026 13:00;0
25/01/2026 13:15;0
25/01/2026 13:30;0
25/01/2026 13:45;0
25/01/2026 14:00;0
25/01/2026 14:15;0
25/01/2026 14:30;0
25/01/2026 14:45;0
25/01/2026 15:00;0
25/01/2026 15:15;0
25/01/2026 15:30;0.3
25/01/2026 15:45;0.6
25/01/2026 16:00;0.1
25/01/2026 16:15;0.3
25/01/2026 16:30;0.5
25/01/2026 16:45;0.3
25/01/2026 17:00;0
25/01/2026 17:15;0.6
25/01/2026 17:30;2.3
25/01/2026 17:45;0.3
25/01/2026 18:00;0
25/01/2026 18:15;0
25/01/2026 18:30;0
25/01/2026 18:45;0
25/01/2026 19:00;0
25/01/2026 19:15;0
25/01/2026 19:30;0
25/01/2026 19:45;0
25/01/2026 20:00;0
25/01/2026 20:15;0
25/01/2026 20:30;0
25/01/2026 20:45;0.4
25/01/2026 21:00;0.3
25/01/2026 21:15;0.5
25/01/2026 21:30;0.1
25/01/2026 21:45;0.1
25/01/2026 22:00;0.2
25/01/2026 22:15;0.1
25/01/2026 22:30;0.2
25/01/2026 22:45;0.2
25/01/2026 23:00;0
25/01/2026 23:15;0
25/01/2026 23:30;0
25/01/2026 23:45;0.1
26/01/2026 00:00;0
26/01/2026 00:15;0
26/01/2026 00:30;0.1
26/01/2026 00:45;0.4
26/01/2026 01:00;0.5
26/01/2026 01:15;0.2
26/01/2026 01:30;0.3
26/01/2026 01:45;0.1
26/01/2026 02:00;0.1
26/01/2026 02:15;0
26/01/2026 02:30;0
26/01/2026 02:45;0
26/01/2026 03:00;0
26/01/2026 03:15;0.1
26/01/2026 03:30;0.3
26/01/2026 03:45;0.5
26/01/2026 04:00;0.1
26/01/2026 04:15;0
26/01/2026 04:30;0
26/01/2026 04:45;0
26/01/2026 05:00;0
26/01/2026 05:15;0.1
26/01/2026 05:30;0.1
26/01/2026 05:45;0
26/01/2026 06:00;0
26/01/2026 06:15;0.1
26/01/2026 06:30;0.1
26/01/2026 06:45;0
26/01/2026 07:00;0
26/01/2026 07:15;0
26/01/2026 07:30;0
26/01/2026 07:45;0
26/01/2026 08:00;0
26/01/2026 08:15;0
26/01/2026 08:30;0
26/01/2026 08:45;0
26/01/2026 09:00;0
26/01/2026 09:15;0
26/01/2026 09:30;0
26/01/2026 09:45;0
26/01/2026 10:00;0
26/01/2026 10:15;0
26/01/2026 10:30;0
26/01/2026 10:45;0
26/01/2026 11:00;0
26/01/2026 11:15;0
26/01/2026 11:30;0
26/01/2026 11:45;0
26/01/2026 12:00;0
26/01/2026 12:15;0
26/01/2026 12:30;0
26/01/2026 12:45;0
26/01/2026 13:00;0
26/01/2026 13:15;0
26/01/2026 13:30;0
26/01/2026 13:45;0
26/01/2026 14:00;0
26/01/2026 14:15;0
26/01/2026 14:30;0
26/01/2026 14:45;0
26/01/2026 15:00;0.1
26/01/2026 15:15;0.1
26/01/2026 15:30;0.2
26/01/2026 15:45;0.2
26/01/2026 16:00;0.1
26/01/2026 16:15;0.3
26/01/2026 16:30;0.1
26/01/2026 16:45;0.1
26/01/2026 17:00;0.3
26/01/2026 17:15;0.5
26/01/2026 17:30;0.4
26/01/2026 17:45;0.5
26/01/2026 18:00;0.5
26/01/2026 18:15;0.5
26/01/2026 18:30;0.6
26/01/2026 18:45;0.5
26/01/2026 19:00;0.4
26/01/2026 19:15;0.4
26/01/2026 19:30;0.4
26/01/2026 19:45;0.2
26/01/2026 20:00;0.2
26/01/2026 20:15;0.3
26/01/2026 20:30;0
26/01/2026 20:45;0
26/01/2026 21:00;0
26/01/2026 21:15;0
26/01/2026 21:30;0
26/01/2026 21:45;0
26/01/2026 22:00;0
26/01/2026 22:15;0
26/01/2026 22:30;0
26/01/2026 22:45;0
26/01/2026 23:00;0
26/01/2026 23:15;0
26/01/2026 23:30;0
26/01/2026 23:45;0
27/01/2026 00:00;0
27/01/2026 00:15;0
27/01/2026 00:30;0
27/01/2026 00:45;0
27/01/2026 01:00;0
27/01/2026 01:15;0
27/01/2026 01:30;0
27/01/2026 01:45;0
27/01/2026 02:00;0
27/01/2026 02:15;0
27/01/2026 02:30;0
27/01/2026 02:45;0
27/01/2026 03:00;0
27/01/2026 03:15;0
27/01/2026 03:30;0
27/01/2026 03:45;0
27/01/2026 04:00;0
27/01/2026 04:15;0
27/01/2026 04:30;0
27/01/2026 04:45;0
27/01/2026 05:00;0.1
27/01/2026 05:15;0
27/01/2026 05:30;0
27/01/2026 05:45;0
27/01/2026 06:00;0
27/01/2026 06:15;0
27/01/2026 06:30;0
27/01/2026 06:45;0
27/01/2026 07:00;0
27/01/2026 07:15;0.3
27/01/2026 07:30;0.5
27/01/2026 07:45;0.3
27/01/2026 08:00;0.5
27/01/2026 08:15;0.5
27/01/2026 08:30;0.2
27/01/2026 08:45;0.3
27/01/2026 09:00;0.4
27/01/2026 09:15;0.1
27/01/2026 09:30;0
27/01/2026 09:45;0
27/01/2026 10:00;0
27/01/2026 10:15;0
27/01/2026 10:30;0
27/01/2026 10:45;0
27/01/2026 11:00;0
27/01/2026 11:15;0
27/01/2026 11:30;0
27/01/2026 11:45;0
27/01/2026 12:00;0
27/01/2026 12:15;0
27/01/2026 12:30;0.1
27/01/2026 12:45;0.3
27/01/2026 13:00;0.5
27/01/2026 13:15;0.8
27/01/2026 13:30;0.1
27/01/2026 13:45;0
27/01/2026 14:00;0
27/01/2026 14:15;0
27/01/2026 14:30;0
27/01/2026 14:45;0
27/01/2026 15:00;0
27/01/2026 15:15;0
27/01/2026 15:30;0
27/01/2026 15:45;0
27/01/2026 16:00;0
27/01/2026 16:15;0
27/01/2026 16:30;0
27/01/2026 16:45;0
27/01/2026 17:00;0
27/01/2026 17:15;0
27/01/2026 17:30;0
27/01/2026 17:45;0
27/01/2026 18:00;0
27/01/2026 18:15;0
27/01/2026 18:30;0
27/01/2026 18:45;0
27/01/2026 19:00;0
27/01/2026 19:15;0
27/01/2026 19:30;0.3
27/01/2026 19:45;0.5
27/01/2026 20:00;0.1
27/01/2026 20:15;0
27/01/2026 20:30;0
27/01/2026 20:45;0
27/01/2026 21:00;0
27/01/2026 21:15;0
27/01/2026 21:30;0
27/01/2026 21:45;0
27/01/2026 22:00;0
27/01/2026 22:15;0
27/01/2026 22:30;0
27/01/2026 22:45;0
27/01/2026 23:00;0
27/01/2026 23:15;0
27/01/2026 23:30;0
27/01/2026 23:45;0
28/01/2026 00:00;0
28/01/2026 00:15;0
28/01/2026 00:30;0
28/01/2026 00:45;0
28/01/2026 01:00;0
28/01/2026 01:15;0
28/01/2026 01:30;0
28/01/2026 01:45;0
28/01/2026 02:00;0
28/01/2026 02:15;0
28/01/2026 02:30;0
28/01/2026 02:45;0
28/01/2026 03:00;0
28/01/2026 03:15;0
28/01/2026 03:30;0
28/01/2026 03:45;0
28/01/2026 04:00;0
28/01/2026 04:15;0
28/01/2026 04:30;0
28/01/2026 04:45;0
28/01/2026 05:00;0
28/01/2026 05:15;0
28/01/2026 05:30;0
28/01/2026 05:45;0
28/01/2026 06:00;0
28/01/2026 06:15;0
28/01/2026 06:30;0
28/01/2026 06:45;0
28/01/2026 07:00;0
28/01/2026 07:15;0
28/01/2026 07:30;0
28/01/2026 07:45;0
28/01/2026 08:00;0
28/01/2026 08:15;0
28/01/2026 08:30;0
28/01/2026 08:45;0
28/01/2026 09:00;0
28/01/2026 09:15;0
28/01/2026 09:30;0
28/01/2026 09:45;0
28/01/2026 10:00;0
28/01/2026 10:15;0
28/01/2026 10:30;0
28/01/2026 10:45;0
28/01/2026 11:00;0
28/01/2026 11:15;0
28/01/2026 11:30;0
28/01/2026 11:45;0
28/01/2026 12:00;0
28/01/2026 12:15;0
28/01/2026 12:30;0
28/01/2026 12:45;0
28/01/2026 13:00;0
28/01/2026 13:15;0
28/01/2026 13:30;0
28/01/2026 13:45;0
28/01/2026 14:00;0
28/01/2026 14:15;0
28/01/2026 14:30;0
28/01/2026 14:45;0
28/01/2026 15:00;0
28/01/2026 15:15;0
28/01/2026 15:30;0
28/01/2026 15:45;0
28/01/2026 16:00;0
28/01/2026 16:15;0
28/01/2026 16:30;0.2
28/01/2026 16:45;0.1
28/01/2026 17:00;0
28/01/2026 17:15;0.1
28/01/2026 17:30;0.1
28/01/2026 17:45;0
28/01/2026 18:00;0
28/01/2026 18:15;0
28/01/2026 18:30;0
28/01/2026 18:45;0
28/01/2026 19:00;0
28/01/2026 19:15;0
28/01/2026 19:30;0
28/01/2026 19:45;0
28/01/2026 20:00;0
28/01/2026 20:15;0
28/01/2026 20:30;0
28/01/2026 20:45;0
28/01/2026 21:00;0
28/01/2026 21:15;0
28/01/2026 21:30;0
28/01/2026 21:45;0
28/01/2026 22:00;0
28/01/2026 22:15;0
28/01/2026 22:30;0
28/01/2026 22:45;0
28/01/2026 23:00;0
28/01/2026 23:15;0
28/01/2026 23:30;0
28/01/2026 23:45;0
29/01/2026 00:00;0
29/01/2026 00:15;0
29/01/2026 00:30;0
29/01/2026 00:45;0
29/01/2026 01:00;0
29/01/2026 01:15;0
29/01/2026 01:30;0
29/01/2026 01:45;0
29/01/2026 02:00;0
29/01/2026 02:15;0
29/01/2026 02:30;0
29/01/2026 02:45;0
29/01/2026 03:00;0
29/01/2026 03:15;0
29/01/2026 03:30;0
29/01/2026 03:45;0
29/01/2026 04:00;0
29/01/2026 04:15;0
29/01/2026 04:30;0
29/01/2026 04:45;0
29/01/2026 05:00;0
29/01/2026 05:15;0.1
29/01/2026 05:30;0.1
29/01/2026 05:45;0.2
29/01/2026 06:00;0.2
29/01/2026 06:15;0.1
29/01/2026 06:30;0.4
29/01/2026 06:45;0.2
29/01/2026 07:00;0.4
29/01/2026 07:15;0
29/01/2026 07:30;0
29/01/2026 07:45;0
29/01/2026 08:00;0
29/01/2026 08:15;0
29/01/2026 08:30;0
29/01/2026 08:45;0
29/01/2026 09:00;0
29/01/2026 09:15;0
29/01/2026 09:30;0
29/01/2026 09:45;0
29/01/2026 10:00;0
29/01/2026 10:15;0
29/01/2026 10:30;0
29/01/2026 10:45;0
29/01/2026 11:00;0
29/01/2026 11:15;0
29/01/2026 11:30;0
29/01/2026 11:45;0
29/01/2026 12:00;0
29/01/2026 12:15;0
29/01/2026 12:30;0
29/01/2026 12:45;0
29/01/2026 13:00;0
29/01/2026 13:15;0
29/01/2026 13:30;0
29/01/2026 13:45;0
29/01/2026 14:00;0
29/01/2026 14:15;0
29/01/2026 14:30;0
29/01/2026 14:45;0
29/01/2026 15:00;0
29/01/2026 15:15;0
29/01/2026 15:30;0
29/01/2026 15:45;0
29/01/2026 16:00;0
29/01/2026 16:15;0
29/01/2026 16:30;0
29/01/2026 16:45;0
29/01/2026 17:00;0
29/01/2026 17:15;0
29/01/2026 17:30;0
29/01/2026 17:45;0
29/01/2026 18:00;0
29/01/2026 18:15;0
29/01/2026 18:30;0
29/01/2026 18:45;0
29/01/2026 19:00;0
29/01/2026 19:15;0
29/01/2026 19:30;0
29/01/2026 19:45;0
29/01/2026 20:00;0
29/01/2026 20:15;0
29/01/2026 20:30;0
29/01/2026 20:45;0
29/01/2026 21:00;0
29/01/2026 21:15;0.1
29/01/2026 21:30;0.7
29/01/2026 21:45;1.1
29/01/2026 22:00;1.5
29/01/2026 22:15;0.8
29/01/2026 22:30;1
29/01/2026 22:45;0.1
29/01/2026 23:00;0
29/01/2026 23:15;0
29/01/2026 23:30;0.1
29/01/2026 23:45;1.6
30/01/2026 00:00;2.3
30/01/2026 00:15;0.1
30/01/2026 00:30;0
30/01/2026 00:45;0
30/01/2026 01:00;0
30/01/2026 01:15;0
30/01/2026 01:30;0
30/01/2026 01:45;0
30/01/2026 02:00;0
30/01/2026 02:15;0
30/01/2026 02:30;0
30/01/2026 02:45;0
30/01/2026 03:00;0
30/01/2026 03:15;0
30/01/2026 03:30;0
30/01/2026 03:45;0
30/01/2026 04:00;0
30/01/2026 04:15;0
30/01/2026 04:30;0
30/01/2026 04:45;0
30/01/2026 05:00;0
30/01/2026 05:15;0
30/01/2026 05:30;0
30/01/2026 05:45;0
30/01/2026 06:00;0
30/01/2026 06:15;0
30/01/2026 06:30;0
30/01/2026 06:45;0
30/01/2026 07:00;0
30/01/2026 07:15;0
30/01/2026 07:30;0
30/01/2026 07:45;0
30/01/2026 08:00;0
30/01/2026 08:15;0
30/01/2026 08:30;0
30/01/2026 08:45;0
30/01/2026 09:00;0
30/01/2026 09:15;0
30/01/2026 09:30;0
30/01/2026 09:45;0
30/01/2026 10:00;0
30/01/2026 10:15;0
30/01/2026 10:30;0
30/01/2026 10:45;0
30/01/2026 11:00;0
30/01/2026 11:15;0
30/01/2026 11:30;0
30/01/2026 11:45;0
30/01/2026 12:00;0
30/01/2026 12:15;0
30/01/2026 12:30;0
30/01/2026 12:45;0
30/01/2026 13:00;0
30/01/2026 13:15;0
30/01/2026 13:30;0
30/01/2026 13:45;0
30/01/2026 14:00;0
30/01/2026 14:15;0
30/01/2026 14:30;0
30/01/2026 14:45;0
30/01/2026 15:00;0
30/01/2026 15:15;0
30/01/2026 15:30;0
30/01/2026 15:45;0.1
30/01/2026 16:00;0.2
30/01/2026 16:15;0.2
30/01/2026 16:30;0
30/01/2026 16:45;0.3
30/01/2026 17:00;0.5
30/01/2026 17:15;0.5
30/01/2026 17:30;0.4
30/01/2026 17:45;0.2
30/01/2026 18:00;0.4
30/01/2026 18:15;0.8
30/01/2026 18:30;0.5
30/01/2026 18:45;0.3
30/01/2026 19:00;0
30/01/2026 19:15;0
30/01/2026 19:30;0
30/01/2026 19:45;0
30/01/2026 20:00;0.1
30/01/2026 20:15;0
30/01/2026 20:30;0.1
30/01/2026 20:45;0.2
30/01/2026 21:00;0
30/01/2026 21:15;0
30/01/2026 21:30;0
30/01/2026 21:45;0
30/01/2026 22:00;0
30/01/2026 22:15;0
30/01/2026 22:30;0
30/01/2026 22:45;0
30/01/2026 23:00;0
30/01/2026 23:15;0
30/01/2026 23:30;0
30/01/2026 23:45;0
31/01/2026 00:00;0.2
31/01/2026 00:15;0.5
31/01/2026 00:30;0.3
31/01/2026 00:45;1.1
31/01/2026 01:00;0.2
31/01/2026 01:15;2.3
31/01/2026 01:30;0.8
31/01/2026 01:45;0.3
31/01/2026 02:00;0.3
31/01/2026 02:15;0.1
31/01/2026 02:30;0
31/01/2026 02:45;0.1
31/01/2026 03:00;0
31/01/2026 03:15;0
31/01/2026 03:30;0
31/01/2026 03:45;0
31/01/2026 04:00;0
31/01/2026 04:15;0
31/01/2026 04:30;0
31/01/2026 04:45;0
31/01/2026 05:00;0
31/01/2026 05:15;0
31/01/2026 05:30;0
31/01/2026 05:45;0
31/01/2026 06:00;0
31/01/2026 06:15;0
31/01/2026 06:30;0
31/01/2026 06:45;0
31/01/2026 07:00;0
31/01/2026 07:15;0.1
31/01/2026 07:30;0.1
31/01/2026 07:45;0
31/01/2026 08:00;0
31/01/2026 08:15;0
31/01/2026 08:30;0
31/01/2026 08:45;0
31/01/2026 09:00;0
31/01/2026 09:15;0
31/01/2026 09:30;0
31/01/2026 09:45;0
31/01/2026 10:00;0
31/01/2026 10:15;0
31/01/2026 10:30;0
31/01/2026 10:45;0
31/01/2026 11:00;0
31/01/2026 11:15;0.2
31/01/2026 11:30;0.1
31/01/2026 11:45;0.1
31/01/2026 12:00;0.6
31/01/2026 12:15;0.6
31/01/2026 12:30;0.6
31/01/2026 12:45;0.5
31/01/2026 13:00;0.2
31/01/2026 13:15;0.1
31/01/2026 13:30;0.1
31/01/2026 13:45;0
31/01/2026 14:00;0.5
31/01/2026 14:15;0
31/01/2026 14:30;0
31/01/2026 14:45;0.1
31/01/2026 15:00;0
31/01/2026 15:15;0.1
31/01/2026 15:30;0.1
31/01/2026 15:45;0.1
31/01/2026 16:00;0.4
31/01/2026 16:15;0.1
31/01/2026 16:30;0.1
31/01/2026 16:45;0
31/01/2026 17:00;0
31/01/2026 17:15;0
31/01/2026 17:30;0.1
31/01/2026 17:45;0.1
31/01/2026 18:00;0.5
31/01/2026 18:15;0.3
31/01/2026 18:30;0.5
31/01/2026 18:45;0.4
31/01/2026 19:00;0.2
31/01/2026 19:15;0.2
31/01/2026 19:30;0
31/01/2026 19:45;0
31/01/2026 20:00;0.1
31/01/2026 20:15;0.2
31/01/2026 20:30;0
31/01/2026 20:45;0.1
31/01/2026 21:00;0
31/01/2026 21:15;0
31/01/2026 21:30;0
31/01/2026 21:45;0
31/01/2026 22:00;0
31/01/2026 22:15;0
31/01/2026 22:30;0
31/01/2026 22:45;0
31/01/2026 23:00;0
31/01/2026 23:15;0
31/01/2026 23:30;0
31/01/2026 23:45;0
01/02/2026 00:00;0
01/02/2026 00:15;0
01/02/2026 00:30;0
01/02/2026 00:45;0
01/02/2026 01:00;0
01/02/2026 01:15;0
01/02/2026 01:30;0
01/02/2026 01:45;0
01/02/2026 02:00;0
01/02/2026 02:15;0
01/02/2026 02:30;0
01/02/2026 02:45;0
01/02/2026 03:00;0
01/02/2026 03:15;0
01/02/2026 03:30;0
01/02/2026 03:45;0
01/02/2026 04:00;0
01/02/2026 04:15;0
01/02/2026 04:30;0
01/02/2026 04:45;0
01/02/2026 05:00;0
01/02/2026 05:15;0
01/02/2026 05:30;0
01/02/2026 05:45;0
01/02/2026 06:00;0
01/02/2026 06:15;0
01/02/2026 06:30;0
01/02/2026 06:45;0
01/02/2026 07:00;0
01/02/2026 07:15;0
01/02/2026 07:30;0
01/02/2026 07:45;0
01/02/2026 08:00;0
01/02/2026 08:15;0
01/02/2026 08:30;0
01/02/2026 08:45;0
01/02/2026 09:00;0
01/02/2026 09:15;0
01/02/2026 09:30;0
01/02/2026 09:45;0
01/02/2026 10:00;0
01/02/2026 10:15;0
01/02/2026 10:30;0
01/02/2026 10:45;0
01/02/2026 11:00;0
01/02/2026 11:15;0
01/02/2026 11:30;0
01/02/2026 11:45;0
01/02/2026 12:00;0
01/02/2026 12:15;0
01/02/2026 12:30;0
01/02/2026 12:45;0
01/02/2026 13:00;0
01/02/2026 13:15;0
01/02/2026 13:30;0
01/02/2026 13:45;0
01/02/2026 14:00;0
01/02/2026 14:15;0
01/02/2026 14:30;0
01/02/2026 14:45;0
01/02/2026 15:00;0
01/02/2026 15:15;0
01/02/2026 15:30;0
01/02/2026 15:45;0
01/02/2026 16:00;0
01/02/2026 16:15;0
01/02/2026 16:30;0
01/02/2026 16:45;0
01/02/2026 17:00;0
01/02/2026 17:15;0
01/02/2026 17:30;0
01/02/2026 17:45;0
01/02/2026 18:00;0
01/02/2026 18:15;0
01/02/2026 18:30;0
01/02/2026 18:45;0
01/02/2026 19:00;0
01/02/2026 19:15;0
01/02/2026 19:30;0
01/02/2026 19:45;0
01/02/2026 20:00;0
01/02/2026 20:15;0
01/02/2026 20:30;0
01/02/2026 20:45;0
01/02/2026 21:00;0
01/02/2026 21:15;0
01/02/2026 21:30;0
01/02/2026 21:45;0
01/02/2026 22:00;0
01/02/2026 22:15;0
01/02/2026 22:30;0
01/02/2026 22:45;0
01/02/2026 23:00;0
01/02/2026 23:15;0
01/02/2026 23:30;0
01/02/2026 23:45;0
02/02/2026 00:00;0
02/02/2026 00:15;0
02/02/2026 00:30;0
02/02/2026 00:45;0
02/02/2026 01:00;0
02/02/2026 01:15;0
02/02/2026 01:30;0
02/02/2026 01:45;0
02/02/2026 02:00;0
02/02/2026 02:15;0
02/02/2026 02:30;0
02/02/2026 02:45;0
02/02/2026 03:00;0
02/02/2026 03:15;0
02/02/2026 03:30;0
02/02/2026 03:45;0.1
02/02/2026 04:00;0.5
02/02/2026 04:15;0.6
02/02/2026 04:30;0.6
02/02/2026 04:45;0.6
02/02/2026 05:00;0.6
02/02/2026 05:15;0.5
02/02/2026 05:30;0.5
02/02/2026 05:45;0.1
02/02/2026 06:00;0
02/02/2026 06:15;0
02/02/2026 06:30;0.1
02/02/2026 06:45;0
02/02/2026 07:00;0
02/02/2026 07:15;0
02/02/2026 07:30;0
02/02/2026 07:45;0
02/02/2026 08:00;0
02/02/2026 08:15;0
02/02/2026 08:30;0
02/02/2026 08:45;0
02/02/2026 09:00;0
02/02/2026 09:15;0.1
02/02/2026 09:30;0
02/02/2026 09:45;0
02/02/2026 10:00;0
02/02/2026 10:15;0
02/02/2026 10:30;0
02/02/2026 10:45;0
02/02/2026 11:00;0
02/02/2026 11:15;0
02/02/2026 11:30;0
02/02/2026 11:45;0
02/02/2026 12:00;0
02/02/2026 12:15;0
02/02/2026 12:30;0.2
02/02/2026 12:45;0.4
02/02/2026 13:00;0.1
02/02/2026 13:15;0.2
02/02/2026 13:30;0.2
02/02/2026 13:45;0
02/02/2026 14:00;0
02/02/2026 14:15;0
02/02/2026 14:30;0.1
02/02/2026 14:45;0
02/02/2026 15:00;0.2
02/02/2026 15:15;0.1
02/02/2026 15:30;0.6
02/02/2026 15:45;1.2
02/02/2026 16:00;0.8
02/02/2026 16:15;0.4
02/02/2026 16:30;0.8
02/02/2026 16:45;0
02/02/2026 17:00;0
02/02/2026 17:15;0.1
02/02/2026 17:30;0
02/02/2026 17:45;0
02/02/2026 18:00;0
02/02/2026 18:15;0
02/02/2026 18:30;0
02/02/2026 18:45;0
02/02/2026 19:00;0
02/02/2026 19:15;0
02/02/2026 19:30;0
02/02/2026 19:45;0
02/02/2026 20:00;0
02/02/2026 20:15;0
02/02/2026 20:30;0
02/02/2026 20:45;0
02/02/2026 21:00;0
02/02/2026 21:15;0
02/02/2026 21:30;0
02/02/2026 21:45;0
02/02/2026 22:00;0
02/02/2026 22:15;0
02/02/2026 22:30;0
02/02/2026 22:45;0
02/02/2026 23:00;0
02/02/2026 23:15;0
02/02/2026 23:30;0
02/02/2026 23:45;0
03/02/2026 00:00;0
03/02/2026 00:15;0
03/02/2026 00:30;0
03/02/2026 00:45;0
03/02/2026 01:00;0
03/02/2026 01:15;0
03/02/2026 01:30;0
03/02/2026 01:45;0
03/02/2026 02:00;0
03/02/2026 02:15;0
03/02/2026 02:30;0
03/02/2026 02:45;0
03/02/2026 03:00;0
03/02/2026 03:15;0
03/02/2026 03:30;0
03/02/2026 03:45;0
03/02/2026 04:00;0
03/02/2026 04:15;0
03/02/2026 04:30;0
03/02/2026 04:45;0
03/02/2026 05:00;0
03/02/2026 05:15;0
03/02/2026 05:30;0
03/02/2026 05:45;0
03/02/2026 06:00;0
03/02/2026 06:15;0
03/02/2026 06:30;0
03/02/2026 06:45;0
03/02/2026 07:00;0
03/02/2026 07:15;0
03/02/2026 07:30;0
03/02/2026 07:45;0
03/02/2026 08:00;0
03/02/2026 08:15;0
03/02/2026 08:30;0
03/02/2026 08:45;0
03/02/2026 09:00;0
03/02/2026 09:15;0
03/02/2026 09:30;0
03/02/2026 09:45;0
03/02/2026 10:00;0
03/02/2026 10:15;0
03/02/2026 10:30;0
03/02/2026 10:45;0
03/02/2026 11:00;0
03/02/2026 11:15;0
03/02/2026 11:30;0
03/02/2026 11:45;0
03/02/2026 12:00;0
03/02/2026 12:15;0
03/02/2026 12:30;0
03/02/2026 12:45;0
03/02/2026 13:00;0
03/02/2026 13:15;0
03/02/2026 13:30;0
03/02/2026 13:45;0
03/02/2026 14:00;0
03/02/2026 14:15;0
03/02/2026 14:30;0
03/02/2026 14:45;0
03/02/2026 15:00;0
03/02/2026 15:15;0
03/02/2026 15:30;0
03/02/2026 15:45;0
03/02/2026 16:00;0
03/02/2026 16:15;0
03/02/2026 16:30;0
03/02/2026 16:45;0
03/02/2026 17:00;0
03/02/2026 17:15;0
03/02/2026 17:30;0
03/02/2026 17:45;0
03/02/2026 18:00;0
03/02/2026 18:15;0
03/02/2026 18:30;0
03/02/2026 18:45;0
03/02/2026 19:00;0
03/02/2026 19:15;0
03/02/2026 19:30;0
03/02/2026 19:45;0
03/02/2026 20:00;0
03/02/2026 20:15;0
03/02/2026 20:30;0
03/02/2026 20:45;0
03/02/2026 21:00;0
03/02/2026 21:15;0
03/02/2026 21:30;0
03/02/2026 21:45;0
03/02/2026 22:00;0
03/02/2026 22:15;0
03/02/2026 22:30;0
03/02/2026 22:45;0
03/02/2026 23:00;0
03/02/2026 23:15;0
03/02/2026 23:30;0
03/02/2026 23:45;0
04/02/2026 00:00;0
04/02/2026 00:15;0
04/02/2026 00:30;0
04/02/2026 00:45;0
04/02/2026 01:00;0
04/02/2026 01:15;0
04/02/2026 01:30;0
04/02/2026 01:45;0
04/02/2026 02:00;0
04/02/2026 02:15;0
04/02/2026 02:30;0
04/02/2026 02:45;0
04/02/2026 03:00;0
04/02/2026 03:15;0
04/02/2026 03:30;0
04/02/2026 03:45;0
04/02/2026 04:00;0
04/02/2026 04:15;0
04/02/2026 04:30;0
04/02/2026 04:45;0
04/02/2026 05:00;0.1
04/02/2026 05:15;0.4
04/02/2026 05:30;0.3
04/02/2026 05:45;0.3
04/02/2026 06:00;0.2
04/02/2026 06:15;0.6
04/02/2026 06:30;1.1
04/02/2026 06:45;1.5
04/02/2026 07:00;1.5
04/02/2026 07:15;0.6
04/02/2026 07:30;0.3
04/02/2026 07:45;0.1
04/02/2026 08:00;0.2
04/02/2026 08:15;0.3
04/02/2026 08:30;0.5
04/02/2026 08:45;0.5
04/02/2026 09:00;0.6
04/02/2026 09:15;0.4
04/02/2026 09:30;0.1
04/02/2026 09:45;0.3
04/02/2026 10:00;0.1
04/02/2026 10:15;0.1
04/02/2026 10:30;0.2
04/02/2026 10:45;0.1
04/02/2026 11:00;0.1
04/02/2026 11:15;0.1
04/02/2026 11:30;0
04/02/2026 11:45;0
04/02/2026 12:00;0
04/02/2026 12:15;0
04/02/2026 12:30;0
04/02/2026 12:45;0
04/02/2026 13:00;0
04/02/2026 13:15;0
04/02/2026 13:30;0
04/02/2026 13:45;0
04/02/2026 14:00;0
04/02/2026 14:15;0
04/02/2026 14:30;0
04/02/2026 14:45;0
04/02/2026 15:00;0
04/02/2026 15:15;0
04/02/2026 15:30;0
04/02/2026 15:45;0
04/02/2026 16:00;0
04/02/2026 16:15;0
04/02/2026 16:30;0
04/02/2026 16:45;0
04/02/2026 17:00;0
04/02/2026 17:15;0
04/02/2026 17:30;0
04/02/2026 17:45;0.2
04/02/2026 18:00;0.3
04/02/2026 18:15;0.4
04/02/2026 18:30;0.6
04/02/2026 18:45;0.2
04/02/2026 19:00;0.3
04/02/2026 19:15;0
04/02/2026 19:30;0
04/02/2026 19:45;0
04/02/2026 20:00;0
04/02/2026 20:15;0.1
04/02/2026 20:30;0.4
04/02/2026 20:45;0
04/02/2026 21:00;0
04/02/2026 21:15;0
04/02/2026 21:30;0
04/02/2026 21:45;0
04/02/2026 22:00;0
04/02/2026 22:15;0
04/02/2026 22:30;0
04/02/2026 22:45;0
04/02/2026 23:00;0
04/02/2026 23:15;0
04/02/2026 23:30;0
04/02/2026 23:45;0
05/02/2026 00:00;0
05/02/2026 00:15;0
05/02/2026 00:30;0
05/02/2026 00:45;0
05/02/2026 01:00;0
05/02/2026 01:15;0
05/02/2026 01:30;0
05/02/2026 01:45;0
05/02/2026 02:00;0
05/02/2026 02:15;0
05/02/2026 02:30;0
05/02/2026 02:45;0
05/02/2026 03:00;0
05/02/2026 03:15;0
05/02/2026 03:30;0
05/02/2026 03:45;0
05/02/2026 04:00;0
05/02/2026 04:15;0
05/02/2026 04:30;0
05/02/2026 04:45;0
05/02/2026 05:00;0
05/02/2026 05:15;0
05/02/2026 05:30;0
05/02/2026 05:45;0
05/02/2026 06:00;0
05/02/2026 06:15;0.3
05/02/2026 06:30;0.4
05/02/2026 06:45;0.4
05/02/2026 07:00;0.2
05/02/2026 07:15;0.1
05/02/2026 07:30;0.2
05/02/2026 07:45;0.1
05/02/2026 08:00;0.1
05/02/2026 08:15;0.2
05/02/2026 08:30;0.3
05/02/2026 08:45;0.2
05/02/2026 09:00;0.1
05/02/2026 09:15;0.2
05/02/2026 09:30;0.4
05/02/2026 09:45;0.4
05/02/2026 10:00;0.6
05/02/2026 10:15;0.6
05/02/2026 10:30;0.8
05/02/2026 10:45;1
05/02/2026 11:00;1.1
05/02/2026 11:15;1.5
05/02/2026 11:30;0.8
05/02/2026 11:45;0.9
05/02/2026 12:00;1.3
05/02/2026 12:15;1
05/02/2026 12:30;0.5
05/02/2026 12:45;0.2
05/02/2026 13:00;1
05/02/2026 13:15;0.5
05/02/2026 13:30;0
05/02/2026 13:45;0
05/02/2026 14:00;0
05/02/2026 14:15;0
05/02/2026 14:30;0
05/02/2026 14:45;0
05/02/2026 15:00;0
05/02/2026 15:15;0
05/02/2026 15:30;0
05/02/2026 15:45;0
05/02/2026 16:00;0
05/02/2026 16:15;0
05/02/2026 16:30;0
05/02/2026 16:45;0.1
05/02/2026 17:00;0
05/02/2026 17:15;0
05/02/2026 17:30;0
05/02/2026 17:45;0.6
05/02/2026 18:00;0.1
05/02/2026 18:15;0
05/02/2026 18:30;0
05/02/2026 18:45;0
05/02/2026 19:00;0
05/02/2026 19:15;0
05/02/2026 19:30;0
05/02/2026 19:45;0
05/02/2026 20:00;0
05/02/2026 20:15;0
05/02/2026 20:30;0
05/02/2026 20:45;0
05/02/2026 21:00;0
05/02/2026 21:15;0
05/02/2026 21:30;0
05/02/2026 21:45;0
05/02/2026 22:00;0
05/02/2026 22:15;0
05/02/2026 22:30;0
05/02/2026 22:45;0
05/02/2026 23:00;0
05/02/2026 23:15;0
05/02/2026 23:30;0
05/02/2026 23:45;0
06/02/2026 00:00;0
06/02/2026 00:15;0
06/02/2026 00:30;0
06/02/2026 00:45;0
06/02/2026 01:00;0
06/02/2026 01:15;0
06/02/2026 01:30;0
06/02/2026 01:45;0
06/02/2026 02:00;0
06/02/2026 02:15;0
06/02/2026 02:30;0
06/02/2026 02:45;0
06/02/2026 03:00;0
06/02/2026 03:15;0
06/02/2026 03:30;0
06/02/2026 03:45;0
06/02/2026 04:00;0.1
06/02/2026 04:15;0
06/02/2026 04:30;0.2
06/02/2026 04:45;0.1
06/02/2026 05:00;0
06/02/2026 05:15;0
06/02/2026 05:30;0
06/02/2026 05:45;0
06/02/2026 06:00;0
06/02/2026 06:15;0
06/02/2026 06:30;0
06/02/2026 06:45;0
06/02/2026 07:00;0
06/02/2026 07:15;0
06/02/2026 07:30;0
06/02/2026 07:45;0
06/02/2026 08:00;0
06/02/2026 08:15;0
06/02/2026 08:30;0
06/02/2026 08:45;0
06/02/2026 09:00;0
06/02/2026 09:15;0
06/02/2026 09:30;0
06/02/2026 09:45;0
06/02/2026 10:00;0
06/02/2026 10:15;0
06/02/2026 10:30;0
06/02/2026 10:45;0
06/02/2026 11:00;0
06/02/2026 11:15;0
06/02/2026 11:30;0
06/02/2026 11:45;0
06/02/2026 12:00;0
06/02/2026 12:15;0
06/02/2026 12:30;0
06/02/2026 12:45;0
06/02/2026 13:00;0
06/02/2026 13:15;0
06/02/2026 13:30;0
06/02/2026 13:45;0
06/02/2026 14:00;0
06/02/2026 14:15;0
06/02/2026 14:30;0
06/02/2026 14:45;0
06/02/2026 15:00;0
06/02/2026 15:15;0
06/02/2026 15:30;0
06/02/2026 15:45;0
06/02/2026 16:00;0
06/02/2026 16:15;0
06/02/2026 16:30;0
06/02/2026 16:45;0
06/02/2026 17:00;0
06/02/2026 17:15;0
06/02/2026 17:30;0
06/02/2026 17:45;0
06/02/2026 18:00;0
06/02/2026 18:15;0
06/02/2026 18:30;0
06/02/2026 18:45;0
06/02/2026 19:00;0
06/02/2026 19:15;0
06/02/2026 19:30;0
06/02/2026 19:45;0
06/02/2026 20:00;0
06/02/2026 20:15;0.4
06/02/2026 20:30;0.8
06/02/2026 20:45;0.9
06/02/2026 21:00;0
06/02/2026 21:15;0.1
06/02/2026 21:30;0.3
06/02/2026 21:45;0.5
06/02/2026 22:00;0.3
06/02/2026 22:15;0
06/02/2026 22:30;0
06/02/2026 22:45;0
06/02/2026 23:00;0
06/02/2026 23:15;0
06/02/2026 23:30;0
06/02/2026 23:45;0
07/02/2026 00:00;0
07/02/2026 00:15;0
07/02/2026 00:30;0
07/02/2026 00:45;0
07/02/2026 01:00;0
07/02/2026 01:15;0
07/02/2026 01:30;0
07/02/2026 01:45;0
07/02/2026 02:00;0
07/02/2026 02:15;0
07/02/2026 02:30;0
07/02/2026 02:45;0
07/02/2026 03:00;0
07/02/2026 03:15;0
07/02/2026 03:30;0
07/02/2026 03:45;0
07/02/2026 04:00;0
07/02/2026 04:15;0
07/02/2026 04:30;0
07/02/2026 04:45;0
07/02/2026 05:00;0
07/02/2026 05:15;0
07/02/2026 05:30;0
07/02/2026 05:45;0
07/02/2026 06:00;0
07/02/2026 06:15;0
07/02/2026 06:30;0
07/02/2026 06:45;0
07/02/2026 07:00;0
07/02/2026 07:15;0
07/02/2026 07:30;0
07/02/2026 07:45;0
07/02/2026 08:00;0
07/02/2026 08:15;0
07/02/2026 08:30;0
07/02/2026 08:45;0
07/02/2026 09:00;0
07/02/2026 09:15;0
07/02/2026 09:30;0
07/02/2026 09:45;0
07/02/2026 10:00;0
07/02/2026 10:15;0
07/02/2026 10:30;0
07/02/2026 10:45;0
07/02/2026 11:00;0
07/02/2026 11:15;0
07/02/2026 11:30;0
07/02/2026 11:45;0
07/02/2026 12:00;0
07/02/2026 12:15;0
07/02/2026 12:30;0
07/02/2026 12:45;0
07/02/2026 13:00;0
07/02/2026 13:15;0
07/02/2026 13:30;0
07/02/2026 13:45;0
07/02/2026 14:00;0
07/02/2026 14:15;0
07/02/2026 14:30;0
07/02/2026 14:45;0
07/02/2026 15:00;0
07/02/2026 15:15;0
07/02/2026 15:30;0
07/02/2026 15:45;0
07/02/2026 16:00;0
07/02/2026 16:15;0
07/02/2026 16:30;0
07/02/2026 16:45;0
07/02/2026 17:00;0
07/02/2026 17:15;0
07/02/2026 17:30;0
07/02/2026 17:45;0
07/02/2026 18:00;0
07/02/2026 18:15;0
07/02/2026 18:30;0
07/02/2026 18:45;0
07/02/2026 19:00;0
07/02/2026 19:15;0
07/02/2026 19:30;0
07/02/2026 19:45;0
07/02/2026 20:00;0.1
07/02/2026 20:15;0.1
07/02/2026 20:30;0.2
07/02/2026 20:45;0.3
07/02/2026 21:00;0.2
07/02/2026 21:15;0
07/02/2026 21:30;0.1
07/02/2026 21:45;0
07/02/2026 22:00;0
07/02/2026 22:15;0
07/02/2026 22:30;0
07/02/2026 22:45;0
07/02/2026 23:00;0
07/02/2026 23:15;0.1
07/02/2026 23:30;0.1
07/02/2026 23:45;0.1
08/02/2026 00:00;0
08/02/2026 00:15;0
08/02/2026 00:30;0
08/02/2026 00:45;0
08/02/2026 01:00;0
08/02/2026 01:15;0
08/02/2026 01:30;0
08/02/2026 01:45;0
08/02/2026 02:00;0
08/02/2026 02:15;0
08/02/2026 02:30;0
08/02/2026 02:45;0
08/02/2026 03:00;0
08/02/2026 03:15;0
08/02/2026 03:30;0
08/02/2026 03:45;0.1
08/02/2026 04:00;0
08/02/2026 04:15;0
08/02/2026 04:30;0
08/02/2026 04:45;0
08/02/2026 05:00;0.1
08/02/2026 05:15;0
08/02/2026 05:30;0
08/02/2026 05:45;0
08/02/2026 06:00;0
08/02/2026 06:15;0
08/02/2026 06:30;0.2
08/02/2026 06:45;0.2
08/02/2026 07:00;0.1
08/02/2026 07:15;0
08/02/2026 07:30;0
08/02/2026 07:45;0
08/02/2026 08:00;0
08/02/2026 08:15;0.1
08/02/2026 08:30;0.1
08/02/2026 08:45;0
08/02/2026 09:00;0
08/02/2026 09:15;0
08/02/2026 09:30;0
08/02/2026 09:45;0
08/02/2026 10:00;0
08/02/2026 10:15;0
08/02/2026 10:30;0.1
08/02/2026 10:45;0
08/02/2026 11:00;0
08/02/2026 11:15;0
08/02/2026 11:30;0
08/02/2026 11:45;0
08/02/2026 12:00;0
08/02/2026 12:15;0
08/02/2026 12:30;0
08/02/2026 12:45;0
08/02/2026 13:00;0
08/02/2026 13:15;0
08/02/2026 13:30;0.2
08/02/2026 13:45;0
08/02/2026 14:00;0
08/02/2026 14:15;0
08/02/2026 14:30;0
08/02/2026 14:45;0
08/02/2026 15:00;0
08/02/2026 15:15;0
08/02/2026 15:30;0
08/02/2026 15:45;0
08/02/2026 16:00;0
08/02/2026 16:15;0
08/02/2026 16:30;0
08/02/2026 16:45;0
08/02/2026 17:00;0
08/02/2026 17:15;0
08/02/2026 17:30;0
08/02/2026 17:45;0
08/02/2026 18:00;0
08/02/2026 18:15;0
08/02/2026 18:30;0
08/02/2026 18:45;0
08/02/2026 19:00;0.1
08/02/2026 19:15;0
08/02/2026 19:30;0
08/02/2026 19:45;0
08/02/2026 20:00;0
08/02/2026 20:15;0
08/02/2026 20:30;0
08/02/2026 20:45;0
08/02/2026 21:00;0
08/02/2026 21:15;0
08/02/2026 21:30;0
08/02/2026 21:45;0
08/02/2026 22:00;0
08/02/2026 22:15;0
08/02/2026 22:30;0
08/02/2026 22:45;0
08/02/2026 23:00;0
08/02/2026 23:15;0
08/02/2026 23:30;0
08/02/2026 23:45;0
09/02/2026 00:00;0
09/02/2026 00:15;0
09/02/2026 00:30;0
09/02/2026 00:45;0
09/02/2026 01:00;0
09/02/2026 01:15;0
09/02/2026 01:30;0
09/02/2026 01:45;0
09/02/2026 02:00;0
09/02/2026 02:15;0
09/02/2026 02:30;0
09/02/2026 02:45;0
09/02/2026 03:00;0
09/02/2026 03:15;0
09/02/2026 03:30;0
09/02/2026 03:45;0
09/02/2026 04:00;0
09/02/2026 04:15;0.1
09/02/2026 04:30;0.2
09/02/2026 04:45;0.3
09/02/2026 05:00;0.2
09/02/2026 05:15;0.2
09/02/2026 05:30;0
09/02/2026 05:45;0.1
09/02/2026 06:00;0
09/02/2026 06:15;0.1
09/02/2026 06:30;0.1
09/02/2026 06:45;0.1
09/02/2026 07:00;0.1
09/02/2026 07:15;0
09/02/2026 07:30;0.1
09/02/2026 07:45;0.2
09/02/2026 08:00;0.1
09/02/2026 08:15;0.1
09/02/2026 08:30;0
09/02/2026 08:45;0.1
09/02/2026 09:00;0
09/02/2026 09:15;0
09/02/2026 09:30;0
09/02/2026 09:45;0
09/02/2026 10:00;0
09/02/2026 10:15;0
09/02/2026 10:30;0
09/02/2026 10:45;0
09/02/2026 11:00;0
09/02/2026 11:15;0
09/02/2026 11:30;0
09/02/2026 11:45;0
09/02/2026 12:00;0
09/02/2026 12:15;0
09/02/2026 12:30;0
09/02/2026 12:45;0
09/02/2026 13:00;0
09/02/2026 13:15;0
09/02/2026 13:30;0
09/02/2026 13:45;0
09/02/2026 14:00;0
09/02/2026 14:15;0
09/02/2026 14:30;0
09/02/2026 14:45;0
09/02/2026 15:00;0
09/02/2026 15:15;0
09/02/2026 15:30;0
09/02/2026 15:45;0
09/02/2026 16:00;0.2
09/02/2026 16:15;0.3
09/02/2026 16:30;0.2
09/02/2026 16:45;0.2
09/02/2026 17:00;0.3
09/02/2026 17:15;0.5
09/02/2026 17:30;0.4
09/02/2026 17:45;0.2
09/02/2026 18:00;0
09/02/2026 18:15;0.1
09/02/2026 18:30;0.4
09/02/2026 18:45;0.8
09/02/2026 19:00;0.8
09/02/2026 19:15;1.1
09/02/2026 19:30;0.6
09/02/2026 19:45;0.6
09/02/2026 20:00;0.6
09/02/2026 20:15;0.6
09/02/2026 20:30;0.2
09/02/2026 20:45;0.1
09/02/2026 21:00;0.1
09/02/2026 21:15;0.1
09/02/2026 21:30;0.3
09/02/2026 21:45;0.6
09/02/2026 22:00;1.2
09/02/2026 22:15;0.8
09/02/2026 22:30;2.1
09/02/2026 22:45;0.9
09/02/2026 23:00;0.4
09/02/2026 23:15;0.3
09/02/2026 23:30;1.5
09/02/2026 23:45;0.9
10/02/2026 00:00;0.4
10/02/2026 00:15;0.3
10/02/2026 00:30;0.1
10/02/2026 00:45;0.1
10/02/2026 01:00;0
10/02/2026 01:15;0.4
10/02/2026 01:30;0.2
10/02/2026 01:45;0
10/02/2026 02:00;0.1
10/02/2026 02:15;0.1
10/02/2026 02:30;0
10/02/2026 02:45;0.2
10/02/2026 03:00;0.7
10/02/2026 03:15;0.9
10/02/2026 03:30;0.6
10/02/2026 03:45;0.3
10/02/2026 04:00;0.1
10/02/2026 04:15;0
10/02/2026 04:30;0
10/02/2026 04:45;0.2
10/02/2026 05:00;0.6
10/02/2026 05:15;0.5
10/02/2026 05:30;0.3
10/02/2026 05:45;0.2
10/02/2026 06:00;0.5
10/02/2026 06:15;1.1
10/02/2026 06:30;1.9
10/02/2026 06:45;0.2
10/02/2026 07:00;0
10/02/2026 07:15;0
10/02/2026 07:30;0.1
10/02/2026 07:45;0
10/02/2026 08:00;0
10/02/2026 08:15;0
10/02/2026 08:30;0
10/02/2026 08:45;0
10/02/2026 09:00;0
10/02/2026 09:15;0
10/02/2026 09:30;0
10/02/2026 09:45;0
10/02/2026 10:00;0
10/02/2026 10:15;0
10/02/2026 10:30;0
10/02/2026 10:45;0
10/02/2026 11:00;0
10/02/2026 11:15;0
10/02/2026 11:30;0
10/02/2026 11:45;0
10/02/2026 12:00;0.4
10/02/2026 12:15;0.2
10/02/2026 12:30;0
10/02/2026 12:45;0.3
10/02/2026 13:00;0.1
10/02/2026 13:15;0
10/02/2026 13:30;0
10/02/2026 13:45;0
10/02/2026 14:00;0
10/02/2026 14:15;0
10/02/2026 14:30;0
10/02/2026 14:45;0
10/02/2026 15:00;0
10/02/2026 15:15;0
10/02/2026 15:30;0
10/02/2026 15:45;0
10/02/2026 16:00;0
10/02/2026 16:15;0
10/02/2026 16:30;0
10/02/2026 16:45;0
10/02/2026 17:00;0
10/02/2026 17:15;0
10/02/2026 17:30;0
10/02/2026 17:45;0
10/02/2026 18:00;0
10/02/2026 18:15;0
10/02/2026 18:30;0
10/02/2026 18:45;0
10/02/2026 19:00;0
10/02/2026 19:15;0
10/02/2026 19:30;0
10/02/2026 19:45;0
10/02/2026 20:00;0
10/02/2026 20:15;0
10/02/2026 20:30;0
10/02/2026 20:45;0
10/02/2026 21:00;0
10/02/2026 21:15;0
10/02/2026 21:30;0
10/02/2026 21:45;0
10/02/2026 22:00;0
10/02/2026 22:15;0
10/02/2026 22:30;0
10/02/2026 22:45;0
10/02/2026 23:00;0
10/02/2026 23:15;0
10/02/2026 23:30;0
10/02/2026 23:45;0
11/02/2026 00:00;0
11/02/2026 00:15;0
11/02/2026 00:30;0
11/02/2026 00:45;0
11/02/2026 01:00;0
11/02/2026 01:15;0
11/02/2026 01:30;0
11/02/2026 01:45;0
11/02/2026 02:00;0
11/02/2026 02:15;0
11/02/2026 02:30;0
11/02/2026 02:45;0
11/02/2026 03:00;0
11/02/2026 03:15;0
11/02/2026 03:30;0
11/02/2026 03:45;0
11/02/2026 04:00;0
11/02/2026 04:15;0
11/02/2026 04:30;0
11/02/2026 04:45;0
11/02/2026 05:00;0
11/02/2026 05:15;0
11/02/2026 05:30;0
11/02/2026 05:45;0
11/02/2026 06:00;0
11/02/2026 06:15;0
11/02/2026 06:30;0
11/02/2026 06:45;0
11/02/2026 07:00;0
11/02/2026 07:15;0
11/02/2026 07:30;0
11/02/2026 07:45;0
11/02/2026 08:00;0
11/02/2026 08:15;0
11/02/2026 08:30;0
11/02/2026 08:45;0
11/02/2026 09:00;0
11/02/2026 09:15;0
11/02/2026 09:30;0
11/02/2026 09:45;0
11/02/2026 10:00;0
11/02/2026 10:15;0
11/02/2026 10:30;0
11/02/2026 10:45;0
11/02/2026 11:00;0
11/02/2026 11:15;0
11/02/2026 11:30;0
11/02/2026 11:45;0
11/02/2026 12:00;0
11/02/2026 12:15;0
11/02/2026 12:30;0
11/02/2026 12:45;0
11/02/2026 13:00;0
11/02/2026 13:15;0
11/02/2026 13:30;0.1
11/02/2026 13:45;0
11/02/2026 14:00;0.2
11/02/2026 14:15;0.1
11/02/2026 14:30;0.5
11/02/2026 14:45;0.8
11/02/2026 15:00;0.1
11/02/2026 15:15;0.4
11/02/2026 15:30;0.3
11/02/2026 15:45;0.1
11/02/2026 16:00;0.1
11/02/2026 16:15;0.1
11/02/2026 16:30;0.4
11/02/2026 16:45;0.2
11/02/2026 17:00;1
11/02/2026 17:15;0.6
11/02/2026 17:30;1
11/02/2026 17:45;1.1
11/02/2026 18:00;1.5
11/02/2026 18:15;1.7
11/02/2026 18:30;1
11/02/2026 18:45;0.8
11/02/2026 19:00;0.1
11/02/2026 19:15;0.2
11/02/2026 19:30;0.1
11/02/2026 19:45;0
11/02/2026 20:00;0
11/02/2026 20:15;0
11/02/2026 20:30;0
11/02/2026 20:45;0
11/02/2026 21:00;0
11/02/2026 21:15;0
11/02/2026 21:30;0
11/02/2026 21:45;0
11/02/2026 22:00;0
11/02/2026 22:15;0
11/02/2026 22:30;0
11/02/2026 22:45;0
11/02/2026 23:00;0
11/02/2026 23:15;0.1
11/02/2026 23:30;0
11/02/2026 23:45;0
12/02/2026 00:00;0
12/02/2026 00:15;0
12/02/2026 00:30;0
12/02/2026 00:45;0
12/02/2026 01:00;0
12/02/2026 01:15;0
12/02/2026 01:30;0
12/02/2026 01:45;0
12/02/2026 02:00;0
12/02/2026 02:15;0
12/02/2026 02:30;0
12/02/2026 02:45;0
12/02/2026 03:00;0
12/02/2026 03:15;0
12/02/2026 03:30;0
12/02/2026 03:45;0
12/02/2026 04:00;0
12/02/2026 04:15;0
12/02/2026 04:30;0
12/02/2026 04:45;0
12/02/2026 05:00;0
12/02/2026 05:15;0
12/02/2026 05:30;0
12/02/2026 05:45;0
12/02/2026 06:00;0
12/02/2026 06:15;0
12/02/2026 06:30;0
12/02/2026 06:45;0
12/02/2026 07:00;0
12/02/2026 07:15;0
12/02/2026 07:30;0
12/02/2026 07:45;0
12/02/2026 08:00;0
12/02/2026 08:15;0
12/02/2026 08:30;0
12/02/2026 08:45;0
12/02/2026 09:00;0
12/02/2026 09:15;0
12/02/2026 09:30;0
12/02/2026 09:45;0
12/02/2026 10:00;0
12/02/2026 10:15;0
12/02/2026 10:30;0
12/02/2026 10:45;0
12/02/2026 11:00;0
12/02/2026 11:15;0
12/02/2026 11:30;0
12/02/2026 11:45;0
12/02/2026 12:00;0
12/02/2026 12:15;0
12/02/2026 12:30;0
12/02/2026 12:45;0
12/02/2026 13:00;0
12/02/2026 13:15;0
12/02/2026 13:30;0
12/02/2026 13:45;0
12/02/2026 14:00;0
12/02/2026 14:15;0
12/02/2026 14:30;0
12/02/2026 14:45;0
12/02/2026 15:00;0
12/02/2026 15:15;0
12/02/2026 15:30;0
12/02/2026 15:45;0
12/02/2026 16:00;0
12/02/2026 16:15;0
12/02/2026 16:30;0
12/02/2026 16:45;0
12/02/2026 17:00;0
12/02/2026 17:15;0
12/02/2026 17:30;0
12/02/2026 17:45;0
12/02/2026 18:00;0
12/02/2026 18:15;0
12/02/2026 18:30;0.1
12/02/2026 18:45;0
12/02/2026 19:00;0
12/02/2026 19:15;0
12/02/2026 19:30;0
12/02/2026 19:45;0
12/02/2026 20:00;0
12/02/2026 20:15;0
12/02/2026 20:30;0
12/02/2026 20:45;0
12/02/2026 21:00;0
12/02/2026 21:15;0
12/02/2026 21:30;0
12/02/2026 21:45;0
12/02/2026 22:00;0
12/02/2026 22:15;0
12/02/2026 22:30;0
12/02/2026 22:45;0
12/02/2026 23:00;0
12/02/2026 23:15;0
12/02/2026 23:30;0
12/02/2026 23:45;0
13/02/2026 00:00;0
13/02/2026 00:15;0
13/02/2026 00:30;0
13/02/2026 00:45;0
13/02/2026 01:00;0
13/02/2026 01:15;0
13/02/2026 01:30;0
13/02/2026 01:45;0
13/02/2026 02:00;0
13/02/2026 02:15;0
13/02/2026 02:30;0
13/02/2026 02:45;0
13/02/2026 03:00;0
13/02/2026 03:15;0
13/02/2026 03:30;0
13/02/2026 03:45;0
13/02/2026 04:00;0
13/02/2026 04:15;0
13/02/2026 04:30;0
13/02/2026 04:45;0.1
13/02/2026 05:00;0.2
13/02/2026 05:15;0.5
13/02/2026 05:30;0.2
13/02/2026 05:45;0.5
13/02/2026 06:00;0.3
13/02/2026 06:15;0.2
13/02/2026 06:30;0.4
13/02/2026 06:45;0.3
13/02/2026 07:00;0.8
13/02/2026 07:15;0.8
13/02/2026 07:30;0.4
13/02/2026 07:45;0.4
13/02/2026 08:00;0.2
13/02/2026 08:15;0.2
13/02/2026 08:30;0.3
13/02/2026 08:45;0.1
13/02/2026 09:00;0
13/02/2026 09:15;0.2
13/02/2026 09:30;0.1
13/02/2026 09:45;0.3
13/02/2026 10:00;0.2
13/02/2026 10:15;0.2
13/02/2026 10:30;0
13/02/2026 10:45;0.3
13/02/2026 11:00;0.4
13/02/2026 11:15;0.3
13/02/2026 11:30;0.2
13/02/2026 11:45;0.1
13/02/2026 12:00;0.2
13/02/2026 12:15;0.2
13/02/2026 12:30;0.1
13/02/2026 12:45;0.2
13/02/2026 13:00;0.2
13/02/2026 13:15;0.2
13/02/2026 13:30;0.3
13/02/2026 13:45;0.6
13/02/2026 14:00;0.2
13/02/2026 14:15;0.2
13/02/2026 14:30;0.1
13/02/2026 14:45;0.1
13/02/2026 15:00;0.1
13/02/2026 15:15;0.1
13/02/2026 15:30;0
13/02/2026 15:45;0
13/02/2026 16:00;0.1
13/02/2026 16:15;0.2
13/02/2026 16:30;0.2
13/02/2026 16:45;0.1
13/02/2026 17:00;0.2
13/02/2026 17:15;0
13/02/2026 17:30;0.1
13/02/2026 17:45;0
13/02/2026 18:00;0.2
13/02/2026 18:15;0.3
13/02/2026 18:30;0.4
13/02/2026 18:45;0.2
13/02/2026 19:00;0.2
13/02/2026 19:15;0.2
13/02/2026 19:30;0.2
13/02/2026 19:45;0.5
13/02/2026 20:00;0.4
13/02/2026 20:15;0.2
13/02/2026 20:30;0.5
13/02/2026 20:45;0.5
13/02/2026 21:00;0.6
13/02/2026 21:15;0.3
13/02/2026 21:30;0.8
13/02/2026 21:45;0.8
13/02/2026 22:00;0.6
13/02/2026 22:15;1.8
13/02/2026 22:30;1.7
13/02/2026 22:45;0.3
13/02/2026 23:00;0.6
13/02/2026 23:15;0.9
13/02/2026 23:30;1.3
13/02/2026 23:45;0.7
14/02/2026 00:00;0.1
14/02/2026 00:15;0.2
14/02/2026 00:30;0.2
14/02/2026 00:45;0
14/02/2026 01:00;0
14/02/2026 01:15;0
14/02/2026 01:30;0.1
14/02/2026 01:45;0
14/02/2026 02:00;0.3
14/02/2026 02:15;0.1
14/02/2026 02:30;0.4
14/02/2026 02:45;0
14/02/2026 03:00;0
14/02/2026 03:15;0
14/02/2026 03:30;0.3
14/02/2026 03:45;1.5
14/02/2026 04:00;0.1
14/02/2026 04:15;0.1
14/02/2026 04:30;1.1
14/02/2026 04:45;0.1
14/02/2026 05:00;1.3
14/02/2026 05:15;0.8
14/02/2026 05:30;0.3
14/02/2026 05:45;0.4
14/02/2026 06:00;0.6
14/02/2026 06:15;0.2
14/02/2026 06:30;0.1
14/02/2026 06:45;0.7
14/02/2026 07:00;0.4
14/02/2026 07:15;1.4
14/02/2026 07:30;0.7
14/02/2026 07:45;1.2
14/02/2026 08:00;1.2
14/02/2026 08:15;0.1
14/02/2026 08:30;0.1
14/02/2026 08:45;0.3
14/02/2026 09:00;0.6
14/02/2026 09:15;0.3
14/02/2026 09:30;0.2
14/02/2026 09:45;1.8
14/02/2026 10:00;0.7
14/02/2026 10:15;0.2
14/02/2026 10:30;1.2
14/02/2026 10:45;0.2
14/02/2026 11:00;2.1
14/02/2026 11:15;2
14/02/2026 11:30;1.7
14/02/2026 11:45;0.3
14/02/2026 12:00;0.1
14/02/2026 12:15;0
14/02/2026 12:30;0.1
14/02/2026 12:45;0
14/02/2026 13:00;0.1
14/02/2026 13:15;0.3
14/02/2026 13:30;0.6
14/02/2026 13:45;0.1
14/02/2026 14:00;0.1
14/02/2026 14:15;0.4
14/02/2026 14:30;0.4
14/02/2026 14:45;0
14/02/2026 15:00;0
14/02/2026 15:15;0.1
14/02/2026 15:30;0
14/02/2026 15:45;0
14/02/2026 16:00;0.2
14/02/2026 16:15;0.1
14/02/2026 16:30;0
14/02/2026 16:45;0.1
14/02/2026 17:00;0.7
14/02/2026 17:15;0.3
14/02/2026 17:30;0.1
14/02/2026 17:45;0
14/02/2026 18:00;0.3
14/02/2026 18:15;0.1
14/02/2026 18:30;0.1
14/02/2026 18:45;0
14/02/2026 19:00;0
14/02/2026 19:15;0
14/02/2026 19:30;0
14/02/2026 19:45;0
14/02/2026 20:00;0
14/02/2026 20:15;0
14/02/2026 20:30;0
14/02/2026 20:45;0
14/02/2026 21:00;0.1
14/02/2026 21:15;0
14/02/2026 21:30;0
14/02/2026 21:45;0
14/02/2026 22:00;0
14/02/2026 22:15;0
14/02/2026 22:30;0
14/02/2026 22:45;0
14/02/2026 23:00;0
14/02/2026 23:15;0
14/02/2026 23:30;0
14/02/2026 23:45;0
15/02/2026 00:00;0
15/02/2026 00:15;0
15/02/2026 00:30;0
15/02/2026 00:45;0
15/02/2026 01:00;0
15/02/2026 01:15;0
15/02/2026 01:30;0
15/02/2026 01:45;0
15/02/2026 02:00;0
15/02/2026 02:15;0
15/02/2026 02:30;0
15/02/2026 02:45;0
15/02/2026 03:00;0
15/02/2026 03:15;0
15/02/2026 03:30;0
15/02/2026 03:45;0
15/02/2026 04:00;0.1
15/02/2026 04:15;0
15/02/2026 04:30;0
15/02/2026 04:45;0
15/02/2026 05:00;0
15/02/2026 05:15;0
15/02/2026 05:30;0
15/02/2026 05:45;0
15/02/2026 06:00;0
15/02/2026 06:15;0
15/02/2026 06:30;0
15/02/2026 06:45;0
15/02/2026 07:00;0
15/02/2026 07:15;0
15/02/2026 07:30;0
15/02/2026 07:45;0
15/02/2026 08:00;0
15/02/2026 08:15;0
15/02/2026 08:30;0
15/02/2026 08:45;0
15/02/2026 09:00;0
15/02/2026 09:15;0
15/02/2026 09:30;0
15/02/2026 09:45;0
15/02/2026 10:00;0
15/02/2026 10:15;0
15/02/2026 10:30;0
15/02/2026 10:45;0
15/02/2026 11:00;0
15/02/2026 11:15;0
15/02/2026 11:30;0
15/02/2026 11:45;0
15/02/2026 12:00;0
15/02/2026 12:15;0
15/02/2026 12:30;0
15/02/2026 12:45;0
15/02/2026 13:00;0
15/02/2026 13:15;0
15/02/2026 13:30;0
15/02/2026 13:45;0
15/02/2026 14:00;0
15/02/2026 14:15;0
15/02/2026 14:30;0
15/02/2026 14:45;0
15/02/2026 15:00;0
15/02/2026 15:15;0
15/02/2026 15:30;0
15/02/2026 15:45;0
15/02/2026 16:00;0
15/02/2026 16:15;0
15/02/2026 16:30;0
15/02/2026 16:45;0
15/02/2026 17:00;0
15/02/2026 17:15;0
15/02/2026 17:30;0
15/02/2026 17:45;0
15/02/2026 18:00;0
15/02/2026 18:15;0
15/02/2026 18:30;0
15/02/2026 18:45;0
15/02/2026 19:00;0
15/02/2026 19:15;0
15/02/2026 19:30;0
15/02/2026 19:45;0
15/02/2026 20:00;0
15/02/2026 20:15;0
15/02/2026 20:30;0
15/02/2026 20:45;0
15/02/2026 21:00;0
15/02/2026 21:15;0
15/02/2026 21:30;0
15/02/2026 21:45;0
15/02/2026 22:00;0
15/02/2026 22:15;0
15/02/2026 22:30;0
15/02/2026 22:45;0
15/02/2026 23:00;0
15/02/2026 23:15;0
15/02/2026 23:30;0
15/02/2026 23:45;0
16/02/2026 00:00;0
16/02/2026 00:15;0
16/02/2026 00:30;0
16/02/2026 00:45;0
16/02/2026 01:00;0
16/02/2026 01:15;0
16/02/2026 01:30;0
16/02/2026 01:45;0
16/02/2026 02:00;0.1
16/02/2026 02:15;0
16/02/2026 02:30;0
16/02/2026 02:45;0
16/02/2026 03:00;0.1
16/02/2026 03:15;0
16/02/2026 03:30;0
16/02/2026 03:45;0
16/02/2026 04:00;0.1
16/02/2026 04:15;0
16/02/2026 04:30;0
16/02/2026 04:45;0.1
16/02/2026 05:00;0
16/02/2026 05:15;0.1
16/02/2026 05:30;0
16/02/2026 05:45;0
16/02/2026 06:00;0.1
16/02/2026 06:15;0
16/02/2026 06:30;0
16/02/2026 06:45;0.1
16/02/2026 07:00;0.1
16/02/2026 07:15;0.1
16/02/2026 07:30;0.1
16/02/2026 07:45;0
16/02/2026 08:00;0
16/02/2026 08:15;0
16/02/2026 08:30;0
16/02/2026 08:45;0.1
16/02/2026 09:00;0
16/02/2026 09:15;0
16/02/2026 09:30;0
16/02/2026 09:45;0
16/02/2026 10:00;0
16/02/2026 10:15;0
16/02/2026 10:30;0
16/02/2026 10:45;0.2
16/02/2026 11:00;0.2
16/02/2026 11:15;0.1
16/02/2026 11:30;0
16/02/2026 11:45;0
16/02/2026 12:00;0.2
16/02/2026 12:15;0.2
16/02/2026 12:30;0
16/02/2026 12:45;0
16/02/2026 13:00;0
16/02/2026 13:15;0
16/02/2026 13:30;0.1
16/02/2026 13:45;0
16/02/2026 14:00;0
16/02/2026 14:15;0.3
16/02/2026 14:30;0.1
16/02/2026 14:45;0
16/02/2026 15:00;0.2
16/02/2026 15:15;0.1
16/02/2026 15:30;0.1
16/02/2026 15:45;0
16/02/2026 16:00;0.1
16/02/2026 16:15;0.2
16/02/2026 16:30;0.3
16/02/2026 16:45;0.4
16/02/2026 17:00;0.4
16/02/2026 17:15;0.1
16/02/2026 17:30;0.2
16/02/2026 17:45;0.5
16/02/2026 18:00;0.2
16/02/2026 18:15;0
16/02/2026 18:30;0.2
16/02/2026 18:45;0.1
16/02/2026 19:00;0
16/02/2026 19:15;0
16/02/2026 19:30;0
16/02/2026 19:45;0
16/02/2026 20:00;0
16/02/2026 20:15;0
16/02/2026 20:30;0
16/02/2026 20:45;0
16/02/2026 21:00;0.1
16/02/2026 21:15;0
16/02/2026 21:30;0
16/02/2026 21:45;0
16/02/2026 22:00;0
16/02/2026 22:15;0
16/02/2026 22:30;0
16/02/2026 22:45;0
16/02/2026 23:00;0
16/02/2026 23:15;0
16/02/2026 23:30;0
16/02/2026 23:45;0
17/02/2026 00:00;0
17/02/2026 00:15;0
17/02/2026 00:30;0
17/02/2026 00:45;0
17/02/2026 01:00;0
17/02/2026 01:15;0
17/02/2026 01:30;0
17/02/2026 01:45;0
17/02/2026 02:00;0
17/02/2026 02:15;0
17/02/2026 02:30;0
17/02/2026 02:45;0
17/02/2026 03:00;0
17/02/2026 03:15;0
17/02/2026 03:30;0
17/02/2026 03:45;0
17/02/2026 04:00;0
17/02/2026 04:15;0
17/02/2026 04:30;0
17/02/2026 04:45;0
17/02/2026 05:00;0
17/02/2026 05:15;0
17/02/2026 05:30;0
17/02/2026 05:45;0
17/02/2026 06:00;0
17/02/2026 06:15;0
17/02/2026 06:30;0
17/02/2026 06:45;0
17/02/2026 07:00;0
17/02/2026 07:15;0
17/02/2026 07:30;0
17/02/2026 07:45;0
17/02/2026 08:00;0
17/02/2026 08:15;0
17/02/2026 08:30;0
17/02/2026 08:45;0
17/02/2026 09:00;0
17/02/2026 09:15;0
17/02/2026 09:30;0
17/02/2026 09:45;0
17/02/2026 10:00;0
17/02/2026 10:15;0
17/02/2026 10:30;0
17/02/2026 10:45;0
17/02/2026 11:00;0
17/02/2026 11:15;0
17/02/2026 11:30;0
17/02/2026 11:45;0
17/02/2026 12:00;0
17/02/2026 12:15;0
17/02/2026 12:30;0
17/02/2026 12:45;0
17/02/2026 13:00;0
17/02/2026 13:15;0
17/02/2026 13:30;0
17/02/2026 13:45;0
17/02/2026 14:00;0
17/02/2026 14:15;0
17/02/2026 14:30;0
17/02/2026 14:45;0
17/02/2026 15:00;0
17/02/2026 15:15;0
17/02/2026 15:30;0
17/02/2026 15:45;0
17/02/2026 16:00;0
17/02/2026 16:15;0
17/02/2026 16:30;0
17/02/2026 16:45;0
17/02/2026 17:00;0
17/02/2026 17:15;0
17/02/2026 17:30;0
17/02/2026 17:45;0
17/02/2026 18:00;0
17/02/2026 18:15;0
17/02/2026 18:30;0
17/02/2026 18:45;0
17/02/2026 19:00;0
17/02/2026 19:15;0
17/02/2026 19:30;0
17/02/2026 19:45;0
17/02/2026 20:00;0
17/02/2026 20:15;0
17/02/2026 20:30;0
17/02/2026 20:45;0
17/02/2026 21:00;0
17/02/2026 21:15;0
17/02/2026 21:30;0
17/02/2026 21:45;0
17/02/2026 22:00;0
17/02/2026 22:15;0
17/02/2026 22:30;0
17/02/2026 22:45;0
17/02/2026 23:00;0
17/02/2026 23:15;0
17/02/2026 23:30;0
17/02/2026 23:45;0
18/02/2026 00:00;0
18/02/2026 00:15;0
18/02/2026 00:30;0
18/02/2026 00:45;0
18/02/2026 01:00;0
18/02/2026 01:15;0
18/02/2026 01:30;0
18/02/2026 01:45;0
18/02/2026 02:00;0
18/02/2026 02:15;0
18/02/2026 02:30;0
18/02/2026 02:45;0
18/02/2026 03:00;0
18/02/2026 03:15;0
18/02/2026 03:30;0
18/02/2026 03:45;0
18/02/2026 04:00;0
18/02/2026 04:15;0
18/02/2026 04:30;0
18/02/2026 04:45;0
18/02/2026 05:00;0
18/02/2026 05:15;0
18/02/2026 05:30;0
18/02/2026 05:45;0
18/02/2026 06:00;0
18/02/2026 06:15;0
18/02/2026 06:30;0
18/02/2026 06:45;0
18/02/2026 07:00;0
18/02/2026 07:15;0
18/02/2026 07:30;0
18/02/2026 07:45;0
18/02/2026 08:00;0
18/02/2026 08:15;0
18/02/2026 08:30;0
18/02/2026 08:45;0
18/02/2026 09:00;0
18/02/2026 09:15;0
18/02/2026 09:30;0
18/02/2026 09:45;0
18/02/2026 10:00;0
18/02/2026 10:15;0
18/02/2026 10:30;0
18/02/2026 10:45;0
18/02/2026 11:00;0
18/02/2026 11:15;0
18/02/2026 11:30;0
18/02/2026 11:45;0
18/02/2026 12:00;0
18/02/2026 12:15;0
18/02/2026 12:30;0
18/02/2026 12:45;0
18/02/2026 13:00;0
18/02/2026 13:15;0
18/02/2026 13:30;0
18/02/2026 13:45;0
18/02/2026 14:00;0
18/02/2026 14:15;0
18/02/2026 14:30;0
18/02/2026 14:45;0
18/02/2026 15:00;0
18/02/2026 15:15;0
18/02/2026 15:30;0
18/02/2026 15:45;0
18/02/2026 16:00;0
18/02/2026 16:15;0
18/02/2026 16:30;0
18/02/2026 16:45;0
18/02/2026 17:00;0
18/02/2026 17:15;0
18/02/2026 17:30;0
18/02/2026 17:45;0
18/02/2026 18:00;0
18/02/2026 18:15;0
18/02/2026 18:30;0
18/02/2026 18:45;0
18/02/2026 19:00;0.1
18/02/2026 19:15;0.4
18/02/2026 19:30;0.9
18/02/2026 19:45;2.6
18/02/2026 20:00;0.1
18/02/2026 20:15;0.1
18/02/2026 20:30;0
18/02/2026 20:45;0
18/02/2026 21:00;0
18/02/2026 21:15;0
18/02/2026 21:30;0
18/02/2026 21:45;0
18/02/2026 22:00;0
18/02/2026 22:15;1.1
18/02/2026 22:30;0.2
18/02/2026 22:45;0
18/02/2026 23:00;0
18/02/2026 23:15;0
18/02/2026 23:30;0
18/02/2026 23:45;0
19/02/2026 00:00;0
19/02/2026 00:15;0
19/02/2026 00:30;0
19/02/2026 00:45;0
19/02/2026 01:00;0
19/02/2026 01:15;0
19/02/2026 01:30;0
19/02/2026 01:45;0
19/02/2026 02:00;0.5
19/02/2026 02:15;0.2
19/02/2026 02:30;0.7
19/02/2026 02:45;0.6
19/02/2026 03:00;1
19/02/2026 03:15;0.4
19/02/2026 03:30;0.1
19/02/2026 03:45;0
19/02/2026 04:00;0
19/02/2026 04:15;0
19/02/2026 04:30;0
19/02/2026 04:45;0
19/02/2026 05:00;0
19/02/2026 05:15;0
19/02/2026 05:30;0
19/02/2026 05:45;0
19/02/2026 06:00;0
19/02/2026 06:15;0
19/02/2026 06:30;0
19/02/2026 06:45;0
19/02/2026 07:00;0
19/02/2026 07:15;0
19/02/2026 07:30;0
19/02/2026 07:45;0
19/02/2026 08:00;0.2
19/02/2026 08:15;0.1
19/02/2026 08:30;0
19/02/2026 08:45;0
19/02/2026 09:00;0
19/02/2026 09:15;0
19/02/2026 09:30;0
19/02/2026 09:45;0
19/02/2026 10:00;0.1
19/02/2026 10:15;0
19/02/2026 10:30;0
19/02/2026 10:45;0.1
19/02/2026 11:00;0.1
19/02/2026 11:15;0
19/02/2026 11:30;0.1
19/02/2026 11:45;0
19/02/2026 12:00;0
19/02/2026 12:15;0
19/02/2026 12:30;0.1
19/02/2026 12:45;0
19/02/2026 13:00;0
19/02/2026 13:15;0
19/02/2026 13:30;0
19/02/2026 13:45;0
19/02/2026 14:00;0
19/02/2026 14:15;0
19/02/2026 14:30;0.1
19/02/2026 14:45;0
19/02/2026 15:00;0
19/02/2026 15:15;0.4
19/02/2026 15:30;0.3
19/02/2026 15:45;0
19/02/2026 16:00;0
19/02/2026 16:15;0
19/02/2026 16:30;0
19/02/2026 16:45;0
19/02/2026 17:00;0
19/02/2026 17:15;0
19/02/2026 17:30;0
19/02/2026 17:45;0
19/02/2026 18:00;0
19/02/2026 18:15;0.1
19/02/2026 18:30;0
19/02/2026 18:45;0
19/02/2026 19:00;0.1
19/02/2026 19:15;0
19/02/2026 19:30;0
19/02/2026 19:45;0.1
19/02/2026 20:00;0
19/02/2026 20:15;0
19/02/2026 20:30;0
19/02/2026 20:45;0
19/02/2026 21:00;0
19/02/2026 21:15;0
19/02/2026 21:30;0
19/02/2026 21:45;0
19/02/2026 22:00;0
19/02/2026 22:15;0
19/02/2026 22:30;0.2
19/02/2026 22:45;0.1
19/02/2026 23:00;0.1
19/02/2026 23:15;0.2
19/02/2026 23:30;0.2
19/02/2026 23:45;0.1
20/02/2026 00:00;0.2
20/02/2026 00:15;0.3
20/02/2026 00:30;0.1
20/02/2026 00:45;0
20/02/2026 01:00;0
20/02/2026 01:15;0
20/02/2026 01:30;0
20/02/2026 01:45;0
20/02/2026 02:00;0.1
20/02/2026 02:15;0
20/02/2026 02:30;0
20/02/2026 02:45;0.2
20/02/2026 03:00;0
20/02/2026 03:15;0
20/02/2026 03:30;0
20/02/2026 03:45;0
20/02/2026 04:00;0
20/02/2026 04:15;0
20/02/2026 04:30;0
20/02/2026 04:45;0
20/02/2026 05:00;0
20/02/2026 05:15;0
20/02/2026 05:30;0
20/02/2026 05:45;0
20/02/2026 06:00;0
20/02/2026 06:15;0
20/02/2026 06:30;0
20/02/2026 06:45;0
20/02/2026 07:00;0
20/02/2026 07:15;0
20/02/2026 07:30;0
20/02/2026 07:45;0
20/02/2026 08:00;0
20/02/2026 08:15;0
20/02/2026 08:30;0
20/02/2026 08:45;0
20/02/2026 09:00;0
20/02/2026 09:15;0
20/02/2026 09:30;0
20/02/2026 09:45;0
20/02/2026 10:00;0
20/02/2026 10:15;0
20/02/2026 10:30;0
20/02/2026 10:45;0
20/02/2026 11:00;0
20/02/2026 11:15;0
20/02/2026 11:30;0
20/02/2026 11:45;0
20/02/2026 12:00;0
20/02/2026 12:15;0
20/02/2026 12:30;0
20/02/2026 12:45;0
20/02/2026 13:00;0
20/02/2026 13:15;0
20/02/2026 13:30;0
20/02/2026 13:45;0
20/02/2026 14:00;0
20/02/2026 14:15;0
20/02/2026 14:30;0
20/02/2026 14:45;0
20/02/2026 15:00;0
20/02/2026 15:15;0
20/02/2026 15:30;0
20/02/2026 15:45;0
20/02/2026 16:00;0
20/02/2026 16:15;0
20/02/2026 16:30;0
20/02/2026 16:45;0
20/02/2026 17:00;0
20/02/2026 17:15;0
20/02/2026 17:30;0
20/02/2026 17:45;0
20/02/2026 18:00;0
20/02/2026 18:15;0
20/02/2026 18:30;0
20/02/2026 18:45;0
20/02/2026 19:00;0
20/02/2026 19:15;0
20/02/2026 19:30;0
20/02/2026 19:45;0
20/02/2026 20:00;0
20/02/2026 20:15;0
20/02/2026 20:30;0
20/02/2026 20:45;0
20/02/2026 21:00;0
20/02/2026 21:15;0
20/02/2026 21:30;0
20/02/2026 21:45;0
20/02/2026 22:00;0
20/02/2026 22:15;0
20/02/2026 22:30;0
20/02/2026 22:45;0
20/02/2026 23:00;0
20/02/2026 23:15;0
20/02/2026 23:30;0
20/02/2026 23:45;0
21/02/2026 00:00;0
21/02/2026 00:15;0
21/02/2026 00:30;0
21/02/2026 00:45;0
21/02/2026 01:00;0
21/02/2026 01:15;0
21/02/2026 01:30;0
21/02/2026 01:45;0
21/02/2026 02:00;0
21/02/2026 02:15;0
21/02/2026 02:30;0
21/02/2026 02:45;0
21/02/2026 03:00;0
21/02/2026 03:15;0
21/02/2026 03:30;0
21/02/2026 03:45;0
21/02/2026 04:00;0
21/02/2026 04:15;0
21/02/2026 04:30;0
21/02/2026 04:45;0
21/02/2026 05:00;0
21/02/2026 05:15;0
21/02/2026 05:30;0
21/02/2026 05:45;0
21/02/2026 06:00;0
21/02/2026 06:15;0
21/02/2026 06:30;0
21/02/2026 06:45;0
21/02/2026 07:00;0
21/02/2026 07:15;0
21/02/2026 07:30;0
21/02/2026 07:45;0
21/02/2026 08:00;0
21/02/2026 08:15;0
21/02/2026 08:30;0
21/02/2026 08:45;0
21/02/2026 09:00;0
21/02/2026 09:15;0
21/02/2026 09:30;0
21/02/2026 09:45;0
21/02/2026 10:00;0
21/02/2026 10:15;0
21/02/2026 10:30;0
21/02/2026 10:45;0
21/02/2026 11:00;0
21/02/2026 11:15;0
21/02/2026 11:30;0
21/02/2026 11:45;0
21/02/2026 12:00;0
21/02/2026 12:15;0
21/02/2026 12:30;0
21/02/2026 12:45;0
21/02/2026 13:00;0
21/02/2026 13:15;0
21/02/2026 13:30;0
21/02/2026 13:45;0
21/02/2026 14:00;0
21/02/2026 14:15;0
21/02/2026 14:30;0
21/02/2026 14:45;0
21/02/2026 15:00;0
21/02/2026 15:15;0
21/02/2026 15:30;0
21/02/2026 15:45;0
21/02/2026 16:00;0
21/02/2026 16:15;0
21/02/2026 16:30;0
21/02/2026 16:45;0
21/02/2026 17:00;0
21/02/2026 17:15;0
21/02/2026 17:30;0
21/02/2026 17:45;0
21/02/2026 18:00;0
21/02/2026 18:15;0
21/02/2026 18:30;0
21/02/2026 18:45;0
21/02/2026 19:00;0
21/02/2026 19:15;0
21/02/2026 19:30;0
21/02/2026 19:45;0
21/02/2026 20:00;0
21/02/2026 20:15;0
21/02/2026 20:30;0
21/02/2026 20:45;0
21/02/2026 21:00;0
21/02/2026 21:15;0
21/02/2026 21:30;0
21/02/2026 21:45;0
21/02/2026 22:00;0
21/02/2026 22:15;0
21/02/2026 22:30;0
21/02/2026 22:45;0
21/02/2026 23:00;0
21/02/2026 23:15;0
21/02/2026 23:30;0
21/02/2026 23:45;0
22/02/2026 00:00;0
22/02/2026 00:15;0
22/02/2026 00:30;0
22/02/2026 00:45;0
22/02/2026 01:00;0
22/02/2026 01:15;0
22/02/2026 01:30;0
22/02/2026 01:45;0
22/02/2026 02:00;0
22/02/2026 02:15;0
22/02/2026 02:30;0
22/02/2026 02:45;0
22/02/2026 03:00;0
22/02/2026 03:15;0
22/02/2026 03:30;0
22/02/2026 03:45;0
22/02/2026 04:00;0
22/02/2026 04:15;0
22/02/2026 04:30;0
22/02/2026 04:45;0
22/02/2026 05:00;0
22/02/2026 05:15;0
22/02/2026 05:30;0
22/02/2026 05:45;0
22/02/2026 06:00;0
22/02/2026 06:15;0
22/02/2026 06:30;0
22/02/2026 06:45;0
22/02/2026 07:00;0
22/02/2026 07:15;0
22/02/2026 07:30;0
22/02/2026 07:45;0
22/02/2026 08:00;0
22/02/2026 08:15;0
22/02/2026 08:30;0
22/02/2026 08:45;0
22/02/2026 09:00;0
22/02/2026 09:15;0
22/02/2026 09:30;0
22/02/2026 09:45;0
22/02/2026 10:00;0
22/02/2026 10:15;0
22/02/2026 10:30;0
22/02/2026 10:45;0
22/02/2026 11:00;0
22/02/2026 11:15;0
22/02/2026 11:30;0
22/02/2026 11:45;0
22/02/2026 12:00;0
22/02/2026 12:15;0
22/02/2026 12:30;0
22/02/2026 12:45;0
22/02/2026 13:00;0
22/02/2026 13:15;0
22/02/2026 13:30;0
22/02/2026 13:45;0
22/02/2026 14:00;0
22/02/2026 14:15;0
22/02/2026 14:30;0
22/02/2026 14:45;0
22/02/2026 15:00;0
22/02/2026 15:15;0
22/02/2026 15:30;0
22/02/2026 15:45;0
22/02/2026 16:00;0
22/02/2026 16:15;0
22/02/2026 16:30;0
22/02/2026 16:45;0
22/02/2026 17:00;0
22/02/2026 17:15;0
22/02/2026 17:30;0
22/02/2026 17:45;0
22/02/2026 18:00;0
22/02/2026 18:15;0
22/02/2026 18:30;0
22/02/2026 18:45;0
22/02/2026 19:00;0
22/02/2026 19:15;0
22/02/2026 19:30;0
22/02/2026 19:45;0
22/02/2026 20:00;0
22/02/2026 20:15;0
22/02/2026 20:30;0
22/02/2026 20:45;0
22/02/2026 21:00;0
22/02/2026 21:15;0
22/02/2026 21:30;0
22/02/2026 21:45;0
22/02/2026 22:00;0
22/02/2026 22:15;0
22/02/2026 22:30;0
22/02/2026 22:45;0
22/02/2026 23:00;0
22/02/2026 23:15;0
22/02/2026 23:30;0
22/02/2026 23:45;0
23/02/2026 00:00;0
23/02/2026 00:15;0
23/02/2026 00:30;0
23/02/2026 00:45;0
23/02/2026 01:00;0
23/02/2026 01:15;0
23/02/2026 01:30;0
23/02/2026 01:45;0
23/02/2026 02:00;0
23/02/2026 02:15;0
23/02/2026 02:30;0
23/02/2026 02:45;0
23/02/2026 03:00;0
23/02/2026 03:15;0
23/02/2026 03:30;0
23/02/2026 03:45;0
23/02/2026 04:00;0
23/02/2026 04:15;0
23/02/2026 04:30;0
23/02/2026 04:45;0
23/02/2026 05:00;0
23/02/2026 05:15;0
23/02/2026 05:30;0
23/02/2026 05:45;0
23/02/2026 06:00;0
23/02/2026 06:15;0
23/02/2026 06:30;0
23/02/2026 06:45;0
23/02/2026 07:00;0
23/02/2026 07:15;0
23/02/2026 07:30;0
23/02/2026 07:45;0
23/02/2026 08:00;0
23/02/2026 08:15;0
23/02/2026 08:30;0
23/02/2026 08:45;0
23/02/2026 09:00;0
23/02/2026 09:15;0
23/02/2026 09:30;0
23/02/2026 09:45;0
23/02/2026 10:00;0
23/02/2026 10:15;0
23/02/2026 10:30;0
23/02/2026 10:45;0
23/02/2026 11:00;0
23/02/2026 11:15;0
23/02/2026 11:30;0
23/02/2026 11:45;0
23/02/2026 12:00;0
23/02/2026 12:15;0
23/02/2026 12:30;0
23/02/2026 12:45;0
23/02/2026 13:00;0
23/02/2026 13:15;0
23/02/2026 13:30;0
23/02/2026 13:45;0
23/02/2026 14:00;0
23/02/2026 14:15;0
23/02/2026 14:30;0
23/02/2026 14:45;0
23/02/2026 15:00;0
23/02/2026 15:15;0
23/02/2026 15:30;0
23/02/2026 15:45;0
23/02/2026 16:00;0
23/02/2026 16:15;0
23/02/2026 16:30;0
23/02/2026 16:45;0
23/02/2026 17:00;0
23/02/2026 17:15;0
23/02/2026 17:30;0
23/02/2026 17:45;0
23/02/2026 18:00;0
23/02/2026 18:15;0
23/02/2026 18:30;0
23/02/2026 18:45;0
23/02/2026 19:00;0
23/02/2026 19:15;0
23/02/2026 19:30;0
23/02/2026 19:45;0
23/02/2026 20:00;0
23/02/2026 20:15;0
23/02/2026 20:30;0
23/02/2026 20:45;0
23/02/2026 21:00;0
23/02/2026 21:15;0
23/02/2026 21:30;0
23/02/2026 21:45;0
23/02/2026 22:00;0
23/02/2026 22:15;0
23/02/2026 22:30;0
23/02/2026 22:45;0
23/02/2026 23:00;0
23/02/2026 23:15;0
23/02/2026 23:30;0
23/02/2026 23:45;0
24/02/2026 00:00;0
24/02/2026 00:15;0
24/02/2026 00:30;0
24/02/2026 00:45;0
24/02/2026 01:00;0
24/02/2026 01:15;0
24/02/2026 01:30;0
24/02/2026 01:45;0
24/02/2026 02:00;0
24/02/2026 02:15;0
24/02/2026 02:30;0
24/02/2026 02:45;0
24/02/2026 03:00;0
24/02/2026 03:15;0
24/02/2026 03:30;0
24/02/2026 03:45;0
24/02/2026 04:00;0
24/02/2026 04:15;0
24/02/2026 04:30;0
24/02/2026 04:45;0
24/02/2026 05:00;0
24/02/2026 05:15;0
24/02/2026 05:30;0
24/02/2026 05:45;0
24/02/2026 06:00;0
24/02/2026 06:15;0
24/02/2026 06:30;0
24/02/2026 06:45;0
24/02/2026 07:00;0
24/02/2026 07:15;0
24/02/2026 07:30;0
24/02/2026 07:45;0
24/02/2026 08:00;0
24/02/2026 08:15;0
24/02/2026 08:30;0
24/02/2026 08:45;0
24/02/2026 09:00;0
24/02/2026 09:15;0
24/02/2026 09:30;0
24/02/2026 09:45;0
24/02/2026 10:00;0
24/02/2026 10:15;0
24/02/2026 10:30;0
24/02/2026 10:45;0
24/02/2026 11:00;0
24/02/2026 11:15;0
24/02/2026 11:30;0
24/02/2026 11:45;0
24/02/2026 12:00;0
24/02/2026 12:15;0
24/02/2026 12:30;0
24/02/2026 12:45;0
24/02/2026 13:00;0
24/02/2026 13:15;0
24/02/2026 13:30;0
24/02/2026 13:45;0
24/02/2026 14:00;0
24/02/2026 14:15;0
24/02/2026 14:30;0
24/02/2026 14:45;0
24/02/2026 15:00;0
24/02/2026 15:15;0
24/02/2026 15:30;0
24/02/2026 15:45;0
24/02/2026 16:00;0
24/02/2026 16:15;0
24/02/2026 16:30;0
24/02/2026 16:45;0
24/02/2026 17:00;0
24/02/2026 17:15;0
24/02/2026 17:30;0
24/02/2026 17:45;0
24/02/2026 18:00;0
24/02/2026 18:15;0
24/02/2026 18:30;0
24/02/2026 18:45;0
24/02/2026 19:00;0
24/02/2026 19:15;0
24/02/2026 19:30;0
24/02/2026 19:45;0
24/02/2026 20:00;0
24/02/2026 20:15;0
24/02/2026 20:30;0
24/02/2026 20:45;0
24/02/2026 21:00;0
24/02/2026 21:15;0
24/02/2026 21:30;0
24/02/2026 21:45;0
24/02/2026 22:00;0
24/02/2026 22:15;0
24/02/2026 22:30;0
24/02/2026 22:45;0
24/02/2026 23:00;0
24/02/2026 23:15;0
24/02/2026 23:30;0
24/02/2026 23:45;0
25/02/2026 00:00;0
25/02/2026 00:15;0
25/02/2026 00:30;0
25/02/2026 00:45;0
25/02/2026 01:00;0
25/02/2026 01:15;0
25/02/2026 01:30;0
25/02/2026 01:45;0
25/02/2026 02:00;0
25/02/2026 02:15;0
25/02/2026 02:30;0
25/02/2026 02:45;0
25/02/2026 03:00;0
25/02/2026 03:15;0
25/02/2026 03:30;0
25/02/2026 03:45;0
25/02/2026 04:00;0
25/02/2026 04:15;0
25/02/2026 04:30;0
25/02/2026 04:45;0
25/02/2026 05:00;0
25/02/2026 05:15;0
25/02/2026 05:30;0
25/02/2026 05:45;0
25/02/2026 06:00;0
25/02/2026 06:15;0
25/02/2026 06:30;0
25/02/2026 06:45;0
25/02/2026 07:00;0
25/02/2026 07:15;0
25/02/2026 07:30;0
25/02/2026 07:45;0
25/02/2026 08:00;0
25/02/2026 08:15;0
25/02/2026 08:30;0
25/02/2026 08:45;0
25/02/2026 09:00;0
25/02/2026 09:15;0
25/02/2026 09:30;0
25/02/2026 09:45;0
25/02/2026 10:00;0
25/02/2026 10:15;0
25/02/2026 10:30;0
25/02/2026 10:45;0
25/02/2026 11:00;0
25/02/2026 11:15;0
25/02/2026 11:30;0
25/02/2026 11:45;0
25/02/2026 12:00;0
25/02/2026 12:15;0
25/02/2026 12:30;0
25/02/2026 12:45;0
25/02/2026 13:00;0
25/02/2026 13:15;0
25/02/2026 13:30;0
25/02/2026 13:45;0
25/02/2026 14:00;0
25/02/2026 14:15;0
25/02/2026 14:30;0
25/02/2026 14:45;0
25/02/2026 15:00;0
25/02/2026 15:15;0
25/02/2026 15:30;0
25/02/2026 15:45;0
25/02/2026 16:00;0
25/02/2026 16:15;0
25/02/2026 16:30;0
25/02/2026 16:45;0
25/02/2026 17:00;0
25/02/2026 17:15;0
25/02/2026 17:30;0
25/02/2026 17:45;0
25/02/2026 18:00;0
25/02/2026 18:15;0
25/02/2026 18:30;0
25/02/2026 18:45;0
25/02/2026 19:00;0
25/02/2026 19:15;0
25/02/2026 19:30;0
25/02/2026 19:45;0
25/02/2026 20:00;0
25/02/2026 20:15;0
25/02/2026 20:30;0
25/02/2026 20:45;0
25/02/2026 21:00;0
25/02/2026 21:15;0
25/02/2026 21:30;0
25/02/2026 21:45;0
25/02/2026 22:00;0
25/02/2026 22:15;0
25/02/2026 22:30;0
25/02/2026 22:45;0
25/02/2026 23:00;0
25/02/2026 23:15;0
25/02/2026 23:30;0
25/02/2026 23:45;0
26/02/2026 00:00;0
26/02/2026 00:15;0
26/02/2026 00:30;0
26/02/2026 00:45;0
26/02/2026 01:00;0
26/02/2026 01:15;0
26/02/2026 01:30;0
26/02/2026 01:45;0
26/02/2026 02:00;0
26/02/2026 02:15;0
26/02/2026 02:30;0
26/02/2026 02:45;0
26/02/2026 03:00;0
26/02/2026 03:15;0
26/02/2026 03:30;0
26/02/2026 03:45;0
26/02/2026 04:00;0
26/02/2026 04:15;0
26/02/2026 04:30;0
26/02/2026 04:45;0
26/02/2026 05:00;0
26/02/2026 05:15;0
26/02/2026 05:30;0
26/02/2026 05:45;0
26/02/2026 06:00;0
26/02/2026 06:15;0
26/02/2026 06:30;0
26/02/2026 06:45;0
26/02/2026 07:00;0
26/02/2026 07:15;0
26/02/2026 07:30;0
26/02/2026 07:45;0
26/02/2026 08:00;0
26/02/2026 08:15;0
26/02/2026 08:30;0
26/02/2026 08:45;0
26/02/2026 09:00;0
26/02/2026 09:15;0
26/02/2026 09:30;0
26/02/2026 09:45;0
26/02/2026 10:00;0
26/02/2026 10:15;0
26/02/2026 10:30;0
26/02/2026 10:45;0
26/02/2026 11:00;0
26/02/2026 11:15;0
26/02/2026 11:30;0
26/02/2026 11:45;0
26/02/2026 12:00;0
26/02/2026 12:15;0
26/02/2026 12:30;0
26/02/2026 12:45;0
26/02/2026 13:00;0
26/02/2026 13:15;0
26/02/2026 13:30;0
26/02/2026 13:45;0
26/02/2026 14:00;0
26/02/2026 14:15;0
26/02/2026 14:30;0
26/02/2026 14:45;0
26/02/2026 15:00;0
26/02/2026 15:15;0
26/02/2026 15:30;0
26/02/2026 15:45;0
26/02/2026 16:00;0
26/02/2026 16:15;0
26/02/2026 16:30;0
26/02/2026 16:45;0
26/02/2026 17:00;0
26/02/2026 17:15;0
26/02/2026 17:30;0
26/02/2026 17:45;0
26/02/2026 18:00;0
26/02/2026 18:15;0
26/02/2026 18:30;0
26/02/2026 18:45;0
26/02/2026 19:00;0
26/02/2026 19:15;0
26/02/2026 19:30;0
26/02/2026 19:45;0
26/02/2026 20:00;0
26/02/2026 20:15;0
26/02/2026 20:30;0
26/02/2026 20:45;0
26/02/2026 21:00;0
26/02/2026 21:15;0
26/02/2026 21:30;0
26/02/2026 21:45;0
26/02/2026 22:00;0
26/02/2026 22:15;0
26/02/2026 22:30;0
26/02/2026 22:45;0
26/02/2026 23:00;0
26/02/2026 23:15;0
26/02/2026 23:30;0
26/02/2026 23:45;0
27/02/2026 00:00;0
27/02/2026 00:15;0
27/02/2026 00:30;0
27/02/2026 00:45;0
27/02/2026 01:00;0
27/02/2026 01:15;0
27/02/2026 01:30;0
27/02/2026 01:45;0
27/02/2026 02:00;0
27/02/2026 02:15;0
27/02/2026 02:30;0
27/02/2026 02:45;0
27/02/2026 03:00;0
27/02/2026 03:15;0
27/02/2026 03:30;0
27/02/2026 03:45;0
27/02/2026 04:00;0
27/02/2026 04:15;0
27/02/2026 04:30;0
27/02/2026 04:45;0
27/02/2026 05:00;0
27/02/2026 05:15;0
27/02/2026 05:30;0
27/02/2026 05:45;0
27/02/2026 06:00;0
27/02/2026 06:15;0
27/02/2026 06:30;0
27/02/2026 06:45;0
27/02/2026 07:00;0
27/02/2026 07:15;0
27/02/2026 07:30;0
27/02/2026 07:45;0
27/02/2026 08:00;0
27/02/2026 08:15;0
27/02/2026 08:30;0
27/02/2026 08:45;0
27/02/2026 09:00;0
27/02/2026 09:15;0
27/02/2026 09:30;0
27/02/2026 09:45;0
27/02/2026 10:00;0
27/02/2026 10:15;0
27/02/2026 10:30;0
27/02/2026 10:45;0
27/02/2026 11:00;0
27/02/2026 11:15;0
27/02/2026 11:30;0
27/02/2026 11:45;0
27/02/2026 12:00;0
27/02/2026 12:15;0
27/02/2026 12:30;0
27/02/2026 12:45;0
27/02/2026 13:00;0
27/02/2026 13:15;0
27/02/2026 13:30;0
27/02/2026 13:45;0
27/02/2026 14:00;0
27/02/2026 14:15;0
27/02/2026 14:30;0
27/02/2026 14:45;0
27/02/2026 15:00;0
27/02/2026 15:15;0
27/02/2026 15:30;0
27/02/2026 15:45;0
27/02/2026 16:00;0
27/02/2026 16:15;0
27/02/2026 16:30;0
27/02/2026 16:45;0
27/02/2026 17:00;0
27/02/2026 17:15;0
27/02/2026 17:30;0
27/02/2026 17:45;0
27/02/2026 18:00;0
27/02/2026 18:15;0
27/02/2026 18:30;0
27/02/2026 18:45;0
27/02/2026 19:00;0
27/02/2026 19:15;0
27/02/2026 19:30;0
27/02/2026 19:45;0
27/02/2026 20:00;0
27/02/2026 20:15;0
27/02/2026 20:30;0
27/02/2026 20:45;0
27/02/2026 21:00;0
27/02/2026 21:15;0
27/02/2026 21:30;0
27/02/2026 21:45;0
27/02/2026 22:00;0
27/02/2026 22:15;0
27/02/2026 22:30;0
27/02/2026 22:45;0
27/02/2026 23:00;0
27/02/2026 23:15;0
27/02/2026 23:30;0
27/02/2026 23:45;0
28/02/2026 00:00;0
28/02/2026 00:15;0
28/02/2026 00:30;0
28/02/2026 00:45;0
28/02/2026 01:00;0
28/02/2026 01:15;0
28/02/2026 01:30;0
28/02/2026 01:45;0
28/02/2026 02:00;0
28/02/2026 02:15;0
28/02/2026 02:30;0
28/02/2026 02:45;0
28/02/2026 03:00;0
28/02/2026 03:15;0
28/02/2026 03:30;0
28/02/2026 03:45;0
28/02/2026 04:00;0
28/02/2026 04:15;0
28/02/2026 04:30;0
28/02/2026 04:45;0
28/02/2026 05:00;0.2
28/02/2026 05:15;0
28/02/2026 05:30;0
28/02/2026 05:45;0
28/02/2026 06:00;0.1
28/02/2026 06:15;0.1
28/02/2026 06:30;0
28/02/2026 06:45;0
28/02/2026 07:00;0
28/02/2026 07:15;0
28/02/2026 07:30;0
28/02/2026 07:45;0
28/02/2026 08:00;0
28/02/2026 08:15;0
28/02/2026 08:30;0
28/02/2026 08:45;0.2
28/02/2026 09:00;0
28/02/2026 09:15;0
28/02/2026 09:30;0
28/02/2026 09:45;0
28/02/2026 10:00;0
28/02/2026 10:15;0
28/02/2026 10:30;0
28/02/2026 10:45;0
28/02/2026 11:00;0
28/02/2026 11:15;0
28/02/2026 11:30;0
28/02/2026 11:45;0
28/02/2026 12:00;0
28/02/2026 12:15;0
28/02/2026 12:30;0.1
28/02/2026 12:45;0
28/02/2026 13:00;0
28/02/2026 13:15;0
28/02/2026 13:30;0
28/02/2026 13:45;0
28/02/2026 14:00;0
28/02/2026 14:15;0
28/02/2026 14:30;0
28/02/2026 14:45;0
28/02/2026 15:00;0
28/02/2026 15:15;0
28/02/2026 15:30;0
28/02/2026 15:45;0
28/02/2026 16:00;0
28/02/2026 16:15;0
28/02/2026 16:30;0
28/02/2026 16:45;0
28/02/2026 17:00;0
28/02/2026 17:15;0
28/02/2026 17:30;0
28/02/2026 17:45;0
28/02/2026 18:00;0
28/02/2026 18:15;0
28/02/2026 18:30;0
28/02/2026 18:45;0
28/02/2026 19:00;0
28/02/2026 19:15;0
28/02/2026 19:30;0
28/02/2026 19:45;0
28/02/2026 20:00;0
28/02/2026 20:15;0
28/02/2026 20:30;0
28/02/2026 20:45;0
28/02/2026 21:00;0
28/02/2026 21:15;0
28/02/2026 21:30;0
28/02/2026 21:45;0
28/02/2026 22:00;0
28/02/2026 22:15;0
28/02/2026 22:30;0
28/02/2026 22:45;0
28/02/2026 23:00;0
28/02/2026 23:15;0
28/02/2026 23:30;0
28/02/2026 23:45;0
01/03/2026 00:00;0
01/03/2026 00:15;0
01/03/2026 00:30;0
01/03/2026 00:45;0
01/03/2026 01:00;0
01/03/2026 01:15;0
01/03/2026 01:30;0
01/03/2026 01:45;0
01/03/2026 02:00;0
01/03/2026 02:15;0
01/03/2026 02:30;0
01/03/2026 02:45;0
01/03/2026 03:00;0
01/03/2026 03:15;0
01/03/2026 03:30;0
01/03/2026 03:45;0
01/03/2026 04:00;0
01/03/2026 04:15;0
01/03/2026 04:30;0
01/03/2026 04:45;0
01/03/2026 05:00;0
01/03/2026 05:15;0
01/03/2026 05:30;0
01/03/2026 05:45;0
01/03/2026 06:00;0
01/03/2026 06:15;0
01/03/2026 06:30;0
01/03/2026 06:45;0
01/03/2026 07:00;0
01/03/2026 07:15;0
01/03/2026 07:30;0
01/03/2026 07:45;0
01/03/2026 08:00;0
01/03/2026 08:15;0
01/03/2026 08:30;0
01/03/2026 08:45;0
01/03/2026 09:00;0
01/03/2026 09:15;0
01/03/2026 09:30;0
01/03/2026 09:45;0
01/03/2026 10:00;0
01/03/2026 10:15;0
01/03/2026 10:30;0
01/03/2026 10:45;0
01/03/2026 11:00;0
01/03/2026 11:15;0
01/03/2026 11:30;0
01/03/2026 11:45;0
01/03/2026 12:00;0
01/03/2026 12:15;0
01/03/2026 12:30;0
01/03/2026 12:45;0
01/03/2026 13:00;0
01/03/2026 13:15;0
01/03/2026 13:30;0
01/03/2026 13:45;0
01/03/2026 14:00;0
01/03/2026 14:15;0
01/03/2026 14:30;0
01/03/2026 14:45;0
01/03/2026 15:00;0
01/03/2026 15:15;0
01/03/2026 15:30;0
01/03/2026 15:45;0
01/03/2026 16:00;0
01/03/2026 16:15;0
01/03/2026 16:30;0
01/03/2026 16:45;0
01/03/2026 17:00;0
01/03/2026 17:15;0
01/03/2026 17:30;0
01/03/2026 17:45;0
01/03/2026 18:00;0
01/03/2026 18:15;0
01/03/2026 18:30;0
01/03/2026 18:45;0
01/03/2026 19:00;0
01/03/2026 19:15;0
01/03/2026 19:30;0
01/03/2026 19:45;0
01/03/2026 20:00;0
01/03/2026 20:15;0
01/03/2026 20:30;0
01/03/2026 20:45;0
01/03/2026 21:00;0
01/03/2026 21:15;0
01/03/2026 21:30;0
01/03/2026 21:45;0
01/03/2026 22:00;0
01/03/2026 22:15;0
01/03/2026 22:30;0
01/03/2026 22:45;0
01/03/2026 23:00;0
01/03/2026 23:15;0
01/03/2026 23:30;0
01/03/2026 23:45;0
02/03/2026 00:00;0
02/03/2026 00:15;0
02/03/2026 00:30;0
02/03/2026 00:45;0
02/03/2026 01:00;0
02/03/2026 01:15;0
02/03/2026 01:30;0
02/03/2026 01:45;0
02/03/2026 02:00;0
02/03/2026 02:15;0
02/03/2026 02:30;0
02/03/2026 02:45;0
02/03/2026 03:00;0
02/03/2026 03:15;0
02/03/2026 03:30;0
02/03/2026 03:45;0
02/03/2026 04:00;0
02/03/2026 04:15;0
02/03/2026 04:30;0
02/03/2026 04:45;0
02/03/2026 05:00;0
02/03/2026 05:15;0
02/03/2026 05:30;0
02/03/2026 05:45;0
02/03/2026 06:00;0
02/03/2026 06:15;0
02/03/2026 06:30;0
02/03/2026 06:45;0
02/03/2026 07:00;0
02/03/2026 07:15;0
02/03/2026 07:30;0
02/03/2026 07:45;0
02/03/2026 08:00;0
02/03/2026 08:15;0
02/03/2026 08:30;0
02/03/2026 08:45;0
02/03/2026 09:00;0
02/03/2026 09:15;0
02/03/2026 09:30;0
02/03/2026 09:45;0
02/03/2026 10:00;0
02/03/2026 10:15;0
02/03/2026 10:30;0
02/03/2026 10:45;0
02/03/2026 11:00;0
02/03/2026 11:15;0
02/03/2026 11:30;0
02/03/2026 11:45;0
02/03/2026 12:00;0
02/03/2026 12:15;0
02/03/2026 12:30;0
02/03/2026 12:45;0
02/03/2026 13:00;0
02/03/2026 13:15;0
02/03/2026 13:30;0
02/03/2026 13:45;0
02/03/2026 14:00;0
02/03/2026 14:15;0
02/03/2026 14:30;0
02/03/2026 14:45;0
02/03/2026 15:00;0
02/03/2026 15:15;0
02/03/2026 15:30;0
02/03/2026 15:45;0
02/03/2026 16:00;0
02/03/2026 16:15;0
02/03/2026 16:30;0
02/03/2026 16:45;0
02/03/2026 17:00;0
02/03/2026 17:15;0
02/03/2026 17:30;0
02/03/2026 17:45;0
02/03/2026 18:00;0
02/03/2026 18:15;0
02/03/2026 18:30;0
02/03/2026 18:45;0
02/03/2026 19:00;0
02/03/2026 19:15;0
02/03/2026 19:30;0
02/03/2026 19:45;0
02/03/2026 20:00;0
02/03/2026 20:15;0
02/03/2026 20:30;0
02/03/2026 20:45;0
02/03/2026 21:00;0
02/03/2026 21:15;0
02/03/2026 21:30;0
02/03/2026 21:45;0
02/03/2026 22:00;0
02/03/2026 22:15;0
02/03/2026 22:30;0
02/03/2026 22:45;0
02/03/2026 23:00;0
02/03/2026 23:15;0
02/03/2026 23:30;0
02/03/2026 23:45;0
03/03/2026 00:00;0
03/03/2026 00:15;0
03/03/2026 00:30;0
03/03/2026 00:45;0
03/03/2026 01:00;0
03/03/2026 01:15;0
03/03/2026 01:30;0
03/03/2026 01:45;0
03/03/2026 02:00;0
03/03/2026 02:15;0
03/03/2026 02:30;0
03/03/2026 02:45;0
03/03/2026 03:00;0
03/03/2026 03:15;0
03/03/2026 03:30;0
03/03/2026 03:45;0
03/03/2026 04:00;0
03/03/2026 04:15;0
03/03/2026 04:30;0
03/03/2026 04:45;0
03/03/2026 05:00;0
03/03/2026 05:15;0
03/03/2026 05:30;0
03/03/2026 05:45;0
03/03/2026 06:00;0
03/03/2026 06:15;0
03/03/2026 06:30;0
03/03/2026 06:45;0
03/03/2026 07:00;0
03/03/2026 07:15;0
03/03/2026 07:30;0
03/03/2026 07:45;0
03/03/2026 08:00;0
03/03/2026 08:15;0
03/03/2026 08:30;0
03/03/2026 08:45;0
03/03/2026 09:00;0
03/03/2026 09:15;0
03/03/2026 09:30;0
03/03/2026 09:45;0
03/03/2026 10:00;0
03/03/2026 10:15;0
03/03/2026 10:30;0
03/03/2026 10:45;0
03/03/2026 11:00;0
03/03/2026 11:15;0
03/03/2026 11:30;0
03/03/2026 11:45;0
03/03/2026 12:00;0
03/03/2026 12:15;0
03/03/2026 12:30;0
03/03/2026 12:45;0
03/03/2026 13:00;0
03/03/2026 13:15;0
03/03/2026 13:30;0
03/03/2026 13:45;0
03/03/2026 14:00;0
03/03/2026 14:15;0
03/03/2026 14:30;0
03/03/2026 14:45;0
03/03/2026 15:00;0
03/03/2026 15:15;0
03/03/2026 15:30;0
03/03/2026 15:45;0
03/03/2026 16:00;0
03/03/2026 16:15;0
03/03/2026 16:30;0
03/03/2026 16:45;0
03/03/2026 17:00;0
03/03/2026 17:15;0
03/03/2026 17:30;0
03/03/2026 17:45;0
03/03/2026 18:00;0
03/03/2026 18:15;0
03/03/2026 18:30;0.1
03/03/2026 18:45;0
03/03/2026 19:00;0
03/03/2026 19:15;0
03/03/2026 19:30;0
03/03/2026 19:45;0
03/03/2026 20:00;0
03/03/2026 20:15;0
03/03/2026 20:30;0
03/03/2026 20:45;0
03/03/2026 21:00;0
03/03/2026 21:15;0
03/03/2026 21:30;0
03/03/2026 21:45;0
03/03/2026 22:00;0
03/03/2026 22:15;0
03/03/2026 22:30;0
03/03/2026 22:45;0
03/03/2026 23:00;0
03/03/2026 23:15;0
03/03/2026 23:30;0
03/03/2026 23:45;0
04/03/2026 00:00;0
04/03/2026 00:15;0
04/03/2026 00:30;0
04/03/2026 00:45;0
04/03/2026 01:00;0
04/03/2026 01:15;0
04/03/2026 01:30;0
04/03/2026 01:45;0
04/03/2026 02:00;0
04/03/2026 02:15;0
04/03/2026 02:30;0
04/03/2026 02:45;0
04/03/2026 03:00;0
04/03/2026 03:15;0
04/03/2026 03:30;0
04/03/2026 03:45;0
04/03/2026 04:00;0
04/03/2026 04:15;0
04/03/2026 04:30;0
04/03/2026 04:45;0
04/03/2026 05:00;0
04/03/2026 05:15;0
04/03/2026 05:30;0
04/03/2026 05:45;0
04/03/2026 06:00;0
04/03/2026 06:15;0
04/03/2026 06:30;0
04/03/2026 06:45;0
04/03/2026 07:00;0
04/03/2026 07:15;0
04/03/2026 07:30;0
04/03/2026 07:45;0
04/03/2026 08:00;0
04/03/2026 08:15;0
04/03/2026 08:30;0
04/03/2026 08:45;0
04/03/2026 09:00;0
04/03/2026 09:15;0
04/03/2026 09:30;0
04/03/2026 09:45;0
04/03/2026 10:00;0
04/03/2026 10:15;0
04/03/2026 10:30;0
04/03/2026 10:45;0
04/03/2026 11:00;0
04/03/2026 11:15;0
04/03/2026 11:30;0
04/03/2026 11:45;0
04/03/2026 12:00;0
04/03/2026 12:15;0
04/03/2026 12:30;0
04/03/2026 12:45;0
04/03/2026 13:00;0
04/03/2026 13:15;0
04/03/2026 13:30;0
04/03/2026 13:45;0
04/03/2026 14:00;0
04/03/2026 14:15;0
04/03/2026 14:30;0
04/03/2026 14:45;0
04/03/2026 15:00;0
04/03/2026 15:15;0
04/03/2026 15:30;0
04/03/2026 15:45;0
04/03/2026 16:00;0
04/03/2026 16:15;0
04/03/2026 16:30;0
04/03/2026 16:45;0
04/03/2026 17:00;0
04/03/2026 17:15;0
04/03/2026 17:30;0
04/03/2026 17:45;0
04/03/2026 18:00;0
04/03/2026 18:15;0
04/03/2026 18:30;0
04/03/2026 18:45;0
04/03/2026 19:00;0
04/03/2026 19:15;0
04/03/2026 19:30;0
04/03/2026 19:45;0
04/03/2026 20:00;0
04/03/2026 20:15;0
04/03/2026 20:30;0
04/03/2026 20:45;0
04/03/2026 21:00;0
04/03/2026 21:15;0
04/03/2026 21:30;0
04/03/2026 21:45;0
04/03/2026 22:00;0
04/03/2026 22:15;0
04/03/2026 22:30;0
04/03/2026 22:45;0
04/03/2026 23:00;0
04/03/2026 23:15;0
04/03/2026 23:30;0
04/03/2026 23:45;0
05/03/2026 00:00;0
05/03/2026 00:15;0
05/03/2026 00:30;0
05/03/2026 00:45;0
05/03/2026 01:00;0
05/03/2026 01:15;0
05/03/2026 01:30;0
05/03/2026 01:45;0
05/03/2026 02:00;0
05/03/2026 02:15;0
05/03/2026 02:30;0
05/03/2026 02:45;0
05/03/2026 03:00;0
05/03/2026 03:15;0
05/03/2026 03:30;0
05/03/2026 03:45;0
05/03/2026 04:00;0
05/03/2026 04:15;0
05/03/2026 04:30;0
05/03/2026 04:45;0
05/03/2026 05:00;0
05/03/2026 05:15;0
05/03/2026 05:30;0
05/03/2026 05:45;0
05/03/2026 06:00;0
05/03/2026 06:15;0
05/03/2026 06:30;0
05/03/2026 06:45;0
05/03/2026 07:00;0
05/03/2026 07:15;0
05/03/2026 07:30;0
05/03/2026 07:45;0
05/03/2026 08:00;0
05/03/2026 08:15;0
05/03/2026 08:30;0
05/03/2026 08:45;0
05/03/2026 13:30;0
05/03/2026 13:45;0
05/03/2026 14:00;0
05/03/2026 14:15;0
05/03/2026 14:30;0
05/03/2026 14:45;0
05/03/2026 15:00;0
05/03/2026 15:15;0
05/03/2026 15:30;0
05/03/2026 15:45;0
05/03/2026 16:00;0
05/03/2026 16:15;0
05/03/2026 16:30;0.1
05/03/2026 16:45;0
05/03/2026 17:00;0
05/03/2026 17:15;0
05/03/2026 17:30;0
05/03/2026 17:45;0
05/03/2026 18:00;0
05/03/2026 18:15;0
05/03/2026 18:30;0
05/03/2026 18:45;0
05/03/2026 19:00;0
05/03/2026 19:15;0.1
05/03/2026 19:30;0.1
05/03/2026 19:45;0.1
05/03/2026 20:00;0.2
05/03/2026 20:30;0.5
05/03/2026 20:45;1.1
05/03/2026 21:00;0.5
05/03/2026 21:15;0.7
05/03/2026 21:30;0.2
05/03/2026 21:45;0.1
05/03/2026 22:00;0
05/03/2026 22:15;0.4
05/03/2026 22:30;0.5
05/03/2026 22:45;0.8
05/03/2026 23:00;0
05/03/2026 23:15;0
05/03/2026 23:30;0
05/03/2026 23:45;0
06/03/2026 00:00;0.1
06/03/2026 00:15;0
06/03/2026 00:30;0
06/03/2026 00:45;0
06/03/2026 01:15;0
06/03/2026 01:30;0.4
06/03/2026 01:45;0.5
06/03/2026 02:00;0.1
06/03/2026 02:15;0.4
06/03/2026 02:30;0
06/03/2026 02:45;0
06/03/2026 03:00;0
06/03/2026 03:15;0
06/03/2026 03:30;0
06/03/2026 03:45;0
06/03/2026 04:00;0
06/03/2026 04:15;0
06/03/2026 04:30;0
06/03/2026 04:45;0
06/03/2026 05:00;0
06/03/2026 05:15;0.1
06/03/2026 05:30;0.2
06/03/2026 05:45;0
06/03/2026 06:00;0
06/03/2026 06:15;0
06/03/2026 06:30;0
06/03/2026 06:45;0
06/03/2026 07:00;0
06/03/2026 07:15;0
06/03/2026 07:30;0
06/03/2026 07:45;0
06/03/2026 08:00;0
06/03/2026 08:15;0
06/03/2026 08:30;0
06/03/2026 08:45;0
06/03/2026 09:00;0
06/03/2026 09:15;0
06/03/2026 09:30;0
06/03/2026 09:45;0
06/03/2026 10:00;0
06/03/2026 10:15;0
06/03/2026 10:30;0
06/03/2026 10:45;0
06/03/2026 11:00;0
06/03/2026 11:15;0
06/03/2026 11:30;0
06/03/2026 11:45;0
06/03/2026 12:00;0
06/03/2026 12:15;0
06/03/2026 12:30;0
06/03/2026 12:45;0
06/03/2026 13:00;0
06/03/2026 13:15;0
06/03/2026 13:30;0
06/03/2026 13:45;0
06/03/2026 14:00;0
06/03/2026 14:15;0
06/03/2026 14:30;0
06/03/2026 14:45;0
06/03/2026 15:00;0
06/03/2026 15:15;0
06/03/2026 15:30;0
06/03/2026 15:45;0
06/03/2026 16:00;0
06/03/2026 16:15;0
06/03/2026 16:45;0
06/03/2026 17:00;0
06/03/2026 17:15;0
06/03/2026 17:30;0
06/03/2026 17:45;0
06/03/2026 18:00;0
06/03/2026 18:15;0
06/03/2026 18:30;0
06/03/2026 18:45;0
06/03/2026 19:00;0
06/03/2026 19:15;0.1
06/03/2026 19:30;0
06/03/2026 19:45;0.3
06/03/2026 20:00;1.2
06/03/2026 20:15;1
06/03/2026 20:30;0.8
06/03/2026 20:45;0.4
06/03/2026 21:00;0.2
06/03/2026 21:15;0.2
06/03/2026 21:30;0.2
06/03/2026 21:45;0.3
06/03/2026 22:00;0.5
06/03/2026 22:15;0.3
06/03/2026 22:30;0.1
06/03/2026 22:45;0
06/03/2026 23:00;0
06/03/2026 23:15;0
06/03/2026 23:30;0.2
06/03/2026 23:45;0
07/03/2026 00:00;0
07/03/2026 00:15;0
07/03/2026 00:30;0
07/03/2026 00:45;0
07/03/2026 01:00;0
07/03/2026 01:15;0
07/03/2026 01:30;0
07/03/2026 02:00;0
07/03/2026 02:15;0
07/03/2026 02:30;0
07/03/2026 02:45;0
07/03/2026 03:00;0
07/03/2026 03:15;0
07/03/2026 03:30;0
07/03/2026 03:45;0
07/03/2026 04:00;0
07/03/2026 04:15;0
07/03/2026 04:30;0
07/03/2026 04:45;0
07/03/2026 05:00;0
07/03/2026 05:30;0
07/03/2026 05:45;0
07/03/2026 06:00;0
07/03/2026 06:15;0.1
07/03/2026 06:30;0
07/03/2026 06:45;0
07/03/2026 07:00;0.1
07/03/2026 07:30;0
07/03/2026 07:45;0.1
07/03/2026 08:00;0
07/03/2026 08:15;0
07/03/2026 08:30;0
07/03/2026 08:45;0
07/03/2026 09:00;0
07/03/2026 09:15;0.1
07/03/2026 09:30;0.2
07/03/2026 09:45;0.2
07/03/2026 10:00;0
07/03/2026 10:15;0
07/03/2026 10:30;0
07/03/2026 11:00;0
07/03/2026 11:15;0
07/03/2026 11:30;0
07/03/2026 11:45;0
07/03/2026 12:00;0
07/03/2026 12:15;0
07/03/2026 12:30;0
07/03/2026 12:45;0
07/03/2026 13:00;0
07/03/2026 13:15;0
07/03/2026 13:30;0
07/03/2026 14:00;0
07/03/2026 14:15;0
07/03/2026 14:30;0
07/03/2026 14:45;0
07/03/2026 15:00;0
07/03/2026 15:15;0
07/03/2026 15:30;0
07/03/2026 15:45;0
07/03/2026 16:00;0
07/03/2026 16:15;0
07/03/2026 16:30;0
07/03/2026 16:45;0
07/03/2026 17:00;0
07/03/2026 17:15;0
07/03/2026 17:30;0
07/03/2026 17:45;0
07/03/2026 18:00;0
07/03/2026 18:15;0
07/03/2026 18:30;0
07/03/2026 18:45;0
07/03/2026 19:00;0
07/03/2026 19:30;0
07/03/2026 19:45;0
07/03/2026 20:00;0
07/03/2026 20:15;0
07/03/2026 20:30;0
07/03/2026 20:45;0
07/03/2026 21:00;0.1
07/03/2026 21:15;0
07/03/2026 21:30;0.1
07/03/2026 21:45;0
07/03/2026 22:00;0.1
07/03/2026 22:15;0
07/03/2026 22:30;0
07/03/2026 23:00;0.1
07/03/2026 23:15;0.2
07/03/2026 23:30;0.4
07/03/2026 23:45;0.2
08/03/2026 00:00;0.2
08/03/2026 00:15;0.1
08/03/2026 00:30;0.1
08/03/2026 00:45;0.1
08/03/2026 01:00;0.2
08/03/2026 01:15;0.2
08/03/2026 01:30;0.2
08/03/2026 01:45;0.3
08/03/2026 02:00;0.1
08/03/2026 02:15;0.1
08/03/2026 02:30;0.1
08/03/2026 02:45;0.2
08/03/2026 03:00;0.2
08/03/2026 03:15;0.3
08/03/2026 03:30;0.3
08/03/2026 03:45;0.3
08/03/2026 04:00;0.2
08/03/2026 04:15;0.3
08/03/2026 04:30;0.1
08/03/2026 04:45;0
08/03/2026 05:00;0.1
08/03/2026 05:15;0.1
08/03/2026 05:30;0
08/03/2026 05:45;0
08/03/2026 06:00;0
08/03/2026 06:15;0
08/03/2026 06:30;0
08/03/2026 06:45;0
08/03/2026 07:00;0
08/03/2026 07:15;0
08/03/2026 07:30;0
08/03/2026 07:45;0
08/03/2026 08:15;0
08/03/2026 08:30;0
08/03/2026 08:45;0
08/03/2026 09:00;0
08/03/2026 09:15;0
08/03/2026 09:30;0
08/03/2026 09:45;0
08/03/2026 10:00;0
08/03/2026 10:15;0
08/03/2026 10:30;0.1
08/03/2026 10:45;0
08/03/2026 11:00;0
08/03/2026 11:15;0
08/03/2026 11:30;0
08/03/2026 11:45;0
08/03/2026 12:00;0
08/03/2026 12:15;0
08/03/2026 12:30;0
08/03/2026 12:45;0
08/03/2026 13:00;0
08/03/2026 13:15;0
08/03/2026 13:30;0
08/03/2026 13:45;0
08/03/2026 14:00;0
08/03/2026 14:15;0
08/03/2026 14:30;0
08/03/2026 14:45;0
08/03/2026 15:00;0
08/03/2026 15:15;0
08/03/2026 15:30;0
08/03/2026 15:45;0
08/03/2026 16:00;0
08/03/2026 16:15;0
08/03/2026 16:30;0
08/03/2026 16:45;0
08/03/2026 17:00;0
08/03/2026 17:15;0
08/03/2026 17:30;0
08/03/2026 17:45;0
08/03/2026 18:00;0
08/03/2026 18:15;0
08/03/2026 18:30;0
08/03/2026 18:45;0
08/03/2026 19:00;0
08/03/2026 19:15;0
08/03/2026 19:30;0
08/03/2026 19:45;0
08/03/2026 20:00;0
08/03/2026 20:15;0
08/03/2026 20:30;0
08/03/2026 20:45;0
08/03/2026 21:00;0
08/03/2026 21:15;0
08/03/2026 21:30;0
08/03/2026 21:45;0
08/03/2026 22:00;0
08/03/2026 22:15;0
08/03/2026 22:30;0
08/03/2026 22:45;0
08/03/2026 23:00;0
08/03/2026 23:15;0
08/03/2026 23:30;0
08/03/2026 23:45;0
09/03/2026 00:00;0
09/03/2026 00:15;0
09/03/2026 00:30;0
09/03/2026 00:45;0
09/03/2026 01:00;0
09/03/2026 01:15;0
09/03/2026 01:30;0
09/03/2026 01:45;0
09/03/2026 02:00;0
09/03/2026 02:15;0
09/03/2026 02:30;0
09/03/2026 02:45;0
09/03/2026 03:00;0
09/03/2026 03:15;0
09/03/2026 03:30;0
09/03/2026 03:45;0
09/03/2026 04:00;0
09/03/2026 04:15;0
09/03/2026 04:30;0
09/03/2026 04:45;0
09/03/2026 05:15;0
09/03/2026 05:30;0
09/03/2026 05:45;0
09/03/2026 06:00;0
09/03/2026 06:15;0
09/03/2026 06:30;0
09/03/2026 06:45;0
09/03/2026 07:00;0
09/03/2026 07:15;0
09/03/2026 07:30;0
09/03/2026 07:45;0
09/03/2026 08:00;0
09/03/2026 08:15;0
09/03/2026 08:30;0
09/03/2026 08:45;0
09/03/2026 09:00;0
09/03/2026 09:15;0
09/03/2026 09:30;0
09/03/2026 09:45;0
09/03/2026 10:00;0
09/03/2026 10:15;0
09/03/2026 10:30;0
09/03/2026 10:45;0
09/03/2026 11:00;0
09/03/2026 11:15;0
09/03/2026 11:30;0
09/03/2026 11:45;0
09/03/2026 12:00;0
09/03/2026 12:15;0
09/03/2026 12:30;0
09/03/2026 12:45;0
09/03/2026 13:15;0
09/03/2026 13:30;0
09/03/2026 13:45;0
09/03/2026 14:00;0
09/03/2026 14:15;0
09/03/2026 14:30;0
09/03/2026 14:45;0
09/03/2026 15:00;0
09/03/2026 15:15;0
09/03/2026 15:30;0
09/03/2026 15:45;0
09/03/2026 16:00;0
09/03/2026 16:15;0
09/03/2026 16:30;0
09/03/2026 16:45;0
09/03/2026 17:00;0
09/03/2026 17:15;0
09/03/2026 17:30;0
09/03/2026 17:45;0
09/03/2026 18:00;0
09/03/2026 18:15;0
09/03/2026 18:30;0
09/03/2026 18:45;0
09/03/2026 19:15;0
09/03/2026 19:30;0
09/03/2026 19:45;0
09/03/2026 20:00;0
09/03/2026 20:15;0
09/03/2026 20:30;0
09/03/2026 20:45;0
09/03/2026 21:00;0
09/03/2026 21:30;0
09/03/2026 21:45;0
09/03/2026 22:00;0
09/03/2026 22:15;0
09/03/2026 22:30;0
09/03/2026 22:45;0
09/03/2026 23:00;0
09/03/2026 23:15;0
09/03/2026 23:30;0
10/03/2026 00:00;0
10/03/2026 00:15;0
10/03/2026 00:30;0
10/03/2026 00:45;0
10/03/2026 01:00;0
10/03/2026 01:15;0
10/03/2026 01:30;0
10/03/2026 01:45;0
10/03/2026 02:00;0
10/03/2026 02:15;0
10/03/2026 02:30;0
10/03/2026 02:45;0
10/03/2026 03:00;0
10/03/2026 03:15;0
10/03/2026 03:30;0
10/03/2026 03:45;0
10/03/2026 04:00;0
10/03/2026 04:15;0
10/03/2026 04:30;0
10/03/2026 04:45;0
10/03/2026 05:00;0
10/03/2026 05:15;0
10/03/2026 05:30;0
10/03/2026 05:45;0
10/03/2026 06:00;0
10/03/2026 06:15;0
10/03/2026 06:30;0
10/03/2026 06:45;0
10/03/2026 07:00;0
10/03/2026 07:15;0
10/03/2026 07:30;0
10/03/2026 07:45;0
10/03/2026 08:00;0
10/03/2026 08:15;0
10/03/2026 08:30;0
10/03/2026 08:45;0
10/03/2026 09:00;0
10/03/2026 09:30;0
10/03/2026 09:45;0
10/03/2026 10:00;0
10/03/2026 10:15;0
10/03/2026 10:30;0
10/03/2026 10:45;0
10/03/2026 11:00;0
10/03/2026 11:15;0
10/03/2026 11:30;0
10/03/2026 11:45;0
10/03/2026 12:00;0
10/03/2026 12:15;0
10/03/2026 12:30;0
10/03/2026 12:45;0
10/03/2026 13:00;0
10/03/2026 13:15;0
10/03/2026 13:30;0
10/03/2026 13:45;0
10/03/2026 14:00;0
10/03/2026 14:15;0
10/03/2026 14:30;0
10/03/2026 14:45;0
10/03/2026 15:00;0
10/03/2026 15:15;0
10/03/2026 15:30;0
10/03/2026 15:45;0
10/03/2026 16:00;0
10/03/2026 16:15;0
10/03/2026 16:30;0
10/03/2026 16:45;0
10/03/2026 17:00;0
10/03/2026 17:15;0
10/03/2026 17:30;0
10/03/2026 17:45;0
10/03/2026 18:00;0
10/03/2026 18:15;0
10/03/2026 18:30;0
10/03/2026 18:45;0
10/03/2026 19:00;0
10/03/2026 19:15;0
10/03/2026 19:30;0
10/03/2026 19:45;0
10/03/2026 20:00;0
10/03/2026 20:15;0
10/03/2026 20:30;0
10/03/2026 20:45;0
10/03/2026 21:00;0
10/03/2026 21:15;0
10/03/2026 21:30;0
10/03/2026 21:45;0
10/03/2026 22:00;0
10/03/2026 22:15;0
10/03/2026 22:30;0
10/03/2026 23:00;0
10/03/2026 23:15;0
10/03/2026 23:30;0
10/03/2026 23:45;0
11/03/2026 00:00;0
11/03/2026 00:15;0
11/03/2026 00:30;0
11/03/2026 00:45;0
11/03/2026 01:00;0
11/03/2026 01:15;0
11/03/2026 01:30;0
11/03/2026 01:45;0
11/03/2026 02:00;0
11/03/2026 02:15;0
11/03/2026 02:30;0
11/03/2026 02:45;0
11/03/2026 03:00;0
11/03/2026 03:15;0
11/03/2026 03:30;0
11/03/2026 04:00;0
11/03/2026 04:15;0
11/03/2026 04:30;0
11/03/2026 04:45;0
11/03/2026 05:00;0
11/03/2026 05:15;0
11/03/2026 05:30;0
11/03/2026 05:45;0
11/03/2026 06:15;0
11/03/2026 06:30;0
11/03/2026 06:45;0
11/03/2026 07:00;0
11/03/2026 07:15;0
11/03/2026 07:30;0
11/03/2026 07:45;0
11/03/2026 08:00;0
11/03/2026 08:15;0
11/03/2026 08:30;0
11/03/2026 08:45;0
11/03/2026 09:00;0
11/03/2026 09:15;0
11/03/2026 09:30;0
11/03/2026 09:45;0
11/03/2026 10:00;0
11/03/2026 10:15;0
11/03/2026 10:30;0
11/03/2026 10:45;0
11/03/2026 11:00;0
11/03/2026 11:15;0
11/03/2026 11:30;0
11/03/2026 11:45;0
11/03/2026 12:00;0
11/03/2026 12:15;0
11/03/2026 12:30;0
11/03/2026 12:45;0
11/03/2026 13:00;0.2
11/03/2026 13:30;0
11/03/2026 13:45;0.1
11/03/2026 14:00;0.1
11/03/2026 14:15;0
11/03/2026 14:30;0
11/03/2026 14:45;0
11/03/2026 15:00;0
11/03/2026 15:15;0
11/03/2026 15:30;0
11/03/2026 15:45;0
11/03/2026 16:00;0
11/03/2026 16:15;0
11/03/2026 16:30;0
11/03/2026 16:45;0
11/03/2026 17:00;0
11/03/2026 17:15;0
11/03/2026 17:30;0
11/03/2026 17:45;0
11/03/2026 18:00;0
11/03/2026 18:15;0
11/03/2026 18:30;0
11/03/2026 18:45;0
11/03/2026 19:00;0
11/03/2026 19:15;0
11/03/2026 19:30;0
11/03/2026 19:45;0
11/03/2026 20:00;0
11/03/2026 20:30;0
11/03/2026 20:45;0
11/03/2026 21:00;0.1
11/03/2026 21:15;0.1
11/03/2026 21:30;0
11/03/2026 21:45;0
11/03/2026 22:00;0
11/03/2026 22:15;0
11/03/2026 22:30;0
11/03/2026 22:45;0
11/03/2026 23:00;0
11/03/2026 23:15;0
11/03/2026 23:30;0
11/03/2026 23:45;0
12/03/2026 00:00;0
12/03/2026 00:15;0
12/03/2026 00:30;0
12/03/2026 00:45;0
12/03/2026 01:00;0
12/03/2026 01:15;0
12/03/2026 01:30;0
12/03/2026 01:45;0
12/03/2026 02:00;0
12/03/2026 02:15;0
12/03/2026 02:30;0
12/03/2026 02:45;0
12/03/2026 03:00;0
12/03/2026 03:15;0
12/03/2026 03:30;0
12/03/2026 03:45;0
12/03/2026 04:00;0
12/03/2026 04:30;0
12/03/2026 04:45;0
12/03/2026 05:00;0
12/03/2026 05:15;0
12/03/2026 05:30;0
12/03/2026 05:45;0
12/03/2026 06:00;0
12/03/2026 06:15;0
12/03/2026 06:30;0
12/03/2026 06:45;0
12/03/2026 07:00;0
12/03/2026 07:15;0
12/03/2026 07:30;0
12/03/2026 07:45;0
12/03/2026 08:00;0
12/03/2026 08:15;0
12/03/2026 08:30;0
12/03/2026 08:45;0
12/03/2026 09:00;0
12/03/2026 09:15;0
12/03/2026 09:30;0
12/03/2026 10:00;0
12/03/2026 10:15;0
12/03/2026 10:30;0
12/03/2026 10:45;0
12/03/2026 11:15;0
12/03/2026 11:30;0
12/03/2026 11:45;0
12/03/2026 12:00;0
12/03/2026 12:15;0
12/03/2026 12:30;0
12/03/2026 12:45;0
12/03/2026 13:15;0
12/03/2026 13:30;0
12/03/2026 13:45;0
12/03/2026 14:00;0
12/03/2026 14:15;0
12/03/2026 14:30;0
12/03/2026 15:15;0
12/03/2026 15:30;0
12/03/2026 15:45;0
12/03/2026 16:00;0
12/03/2026 16:15;0
12/03/2026 16:30;0
12/03/2026 16:45;0
12/03/2026 17:00;0
12/03/2026 17:15;0
12/03/2026 17:30;0
12/03/2026 17:45;0
12/03/2026 18:00;0
12/03/2026 18:15;0
12/03/2026 18:30;0
12/03/2026 18:45;0
12/03/2026 19:00;0
12/03/2026 19:15;0
12/03/2026 19:30;0
12/03/2026 19:45;0
12/03/2026 20:00;0
12/03/2026 20:15;0
12/03/2026 20:30;0
12/03/2026 20:45;0
12/03/2026 21:00;0
12/03/2026 21:15;0
12/03/2026 21:30;0
12/03/2026 21:45;0
12/03/2026 22:00;0
12/03/2026 22:15;0
12/03/2026 22:30;0
12/03/2026 22:45;0
12/03/2026 23:00;0
12/03/2026 23:15;0
12/03/2026 23:30;0
12/03/2026 23:45;0
13/03/2026 00:00;0
13/03/2026 00:15;0
13/03/2026 00:30;0
13/03/2026 00:45;0
13/03/2026 01:00;0
13/03/2026 01:30;0
13/03/2026 01:45;0
13/03/2026 02:00;0
13/03/2026 02:15;0
13/03/2026 02:45;0
13/03/2026 03:00;0
13/03/2026 03:15;0
13/03/2026 03:30;0
13/03/2026 03:45;0
13/03/2026 04:00;0
13/03/2026 04:15;0
13/03/2026 04:30;0
13/03/2026 04:45;0
13/03/2026 05:00;0
13/03/2026 05:15;0
13/03/2026 05:30;0
13/03/2026 06:00;0
13/03/2026 06:15;0
13/03/2026 06:30;0
13/03/2026 06:45;0
13/03/2026 07:00;0
13/03/2026 07:15;0
13/03/2026 07:30;0
13/03/2026 08:00;0
13/03/2026 08:15;0
13/03/2026 08:30;0
13/03/2026 08:45;0
13/03/2026 09:00;0
13/03/2026 09:15;0
13/03/2026 09:30;0
13/03/2026 09:45;0
13/03/2026 10:00;0
13/03/2026 10:15;0
13/03/2026 10:30;0
13/03/2026 10:45;0
13/03/2026 11:00;0
13/03/2026 11:15;0
13/03/2026 11:30;0
13/03/2026 11:45;0
13/03/2026 12:00;0
13/03/2026 12:15;0
13/03/2026 12:30;0
13/03/2026 12:45;0
13/03/2026 13:00;0
13/03/2026 13:30;0
13/03/2026 13:45;0
13/03/2026 14:00;0
13/03/2026 14:15;0
13/03/2026 14:30;0
