sep=;
FECHA_GRUPO;VALOR (m3/s)
13/03/2025 00:15;25.37
13/03/2025 00:30;25.37
13/03/2025 00:45;25.35
13/03/2025 01:00;25.36
13/03/2025 01:15;25.33
13/03/2025 01:30;25.43
13/03/2025 01:45;25.37
13/03/2025 02:00;25.39
13/03/2025 02:15;25.42
13/03/2025 02:30;25.34
13/03/2025 02:45;25.4
13/03/2025 03:00;25.41
13/03/2025 03:15;25.39
13/03/2025 03:30;25.36
13/03/2025 03:45;25.37
13/03/2025 04:00;25.39
13/03/2025 04:15;25.37
13/03/2025 04:30;25.4
13/03/2025 04:45;25.39
13/03/2025 05:00;25.34
13/03/2025 05:15;25.42
13/03/2025 05:30;25.35
13/03/2025 05:45;25.44
13/03/2025 06:00;25.44
13/03/2025 06:15;25.37
13/03/2025 06:30;25.41
13/03/2025 06:45;25.37
13/03/2025 07:00;25.35
13/03/2025 07:15;25.38
13/03/2025 07:30;25.39
13/03/2025 07:45;25.4
13/03/2025 08:00;25.43
13/03/2025 08:15;25.41
13/03/2025 08:30;25.36
13/03/2025 08:45;25.42
13/03/2025 09:00;25.37
13/03/2025 09:15;25.37
13/03/2025 09:30;25.32
13/03/2025 09:45;25.37
13/03/2025 10:00;25.39
13/03/2025 10:15;25.36
13/03/2025 10:30;25.38
13/03/2025 10:45;25.36
13/03/2025 11:00;25.38
13/03/2025 11:15;25.37
13/03/2025 11:30;25.38
13/03/2025 11:45;25.37
13/03/2025 12:00;25.38
13/03/2025 12:15;25.43
13/03/2025 12:30;25.35
13/03/2025 12:45;25.38
13/03/2025 13:00;25.34
13/03/2025 13:15;25.34
13/03/2025 13:30;25.36
13/03/2025 13:45;25.38
13/03/2025 14:00;25.35
13/03/2025 14:15;25.39
13/03/2025 14:30;25.45
13/03/2025 14:45;25.42
13/03/2025 15:00;25.39
13/03/2025 15:15;25.41
13/03/2025 15:30;25.36
13/03/2025 15:45;25.37
13/03/2025 16:00;25.38
13/03/2025 16:15;25.37
13/03/2025 16:30;25.41
13/03/2025 16:45;25.36
13/03/2025 17:00;25.38
13/03/2025 17:15;25.39
13/03/2025 17:30;25.38
13/03/2025 17:45;25.3
13/03/2025 18:00;25.33
13/03/2025 18:15;25.4
13/03/2025 18:30;25.38
13/03/2025 18:45;25.36
13/03/2025 19:00;25.4
13/03/2025 19:15;25.35
13/03/2025 19:30;25.37
13/03/2025 19:45;25.33
13/03/2025 20:00;25.46
13/03/2025 20:15;25.4
13/03/2025 20:30;25.34
13/03/2025 20:45;25.43
13/03/2025 21:00;25.45
13/03/2025 21:15;25.39
13/03/2025 21:30;25.35
13/03/2025 21:45;25.39
13/03/2025 22:00;25.38
13/03/2025 22:15;25.86
13/03/2025 22:30;26.19
13/03/2025 22:45;26.23
13/03/2025 23:00;26.23
13/03/2025 23:15;26.21
13/03/2025 23:30;26.25
13/03/2025 23:45;26.26
14/03/2025 00:00;26.3
14/03/2025 00:15;26.17
14/03/2025 00:30;26.3
14/03/2025 00:45;26.24
14/03/2025 01:00;26.24
14/03/2025 01:15;26.25
14/03/2025 01:30;26.26
14/03/2025 01:45;26.29
14/03/2025 02:00;26.22
14/03/2025 02:15;26.23
14/03/2025 02:30;26.2
14/03/2025 02:45;26.21
14/03/2025 03:00;26.23
14/03/2025 03:15;26.2
14/03/2025 03:30;26.23
14/03/2025 03:45;26.24
14/03/2025 04:00;26.18
14/03/2025 04:15;26.26
14/03/2025 04:30;26.21
14/03/2025 04:45;26.2
14/03/2025 05:00;26.25
14/03/2025 05:15;26.27
14/03/2025 05:30;26.25
14/03/2025 05:45;26.17
14/03/2025 06:00;26.29
14/03/2025 06:15;26.23
14/03/2025 06:30;26.28
14/03/2025 06:45;26.25
14/03/2025 07:00;26.23
14/03/2025 07:15;26.27
14/03/2025 07:30;26.28
14/03/2025 07:45;26.21
14/03/2025 08:00;26.19
14/03/2025 08:15;26.22
14/03/2025 08:30;26.16
14/03/2025 08:45;26.22
14/03/2025 09:00;26.2
14/03/2025 09:15;26.19
14/03/2025 09:30;26.23
14/03/2025 09:45;26.21
14/03/2025 10:00;26.19
14/03/2025 10:15;26.26
14/03/2025 10:30;26.23
14/03/2025 10:45;26.2
14/03/2025 11:00;26.21
14/03/2025 11:15;26.31
14/03/2025 11:30;26.26
14/03/2025 11:45;26.27
14/03/2025 12:00;26.22
14/03/2025 12:15;26.27
14/03/2025 12:30;26.23
14/03/2025 12:45;26.22
14/03/2025 13:00;26.23
14/03/2025 13:15;26.21
14/03/2025 13:30;26.25
14/03/2025 13:45;26.22
14/03/2025 14:00;26.24
14/03/2025 14:15;26.19
14/03/2025 14:30;26.19
14/03/2025 14:45;26.23
14/03/2025 15:00;26.26
14/03/2025 15:15;26.21
14/03/2025 15:30;26.21
14/03/2025 15:45;26.22
14/03/2025 16:00;26.17
14/03/2025 16:15;26.25
14/03/2025 16:30;26.29
14/03/2025 16:45;26.27
14/03/2025 17:00;26.28
14/03/2025 17:15;26.27
14/03/2025 17:30;26.25
14/03/2025 17:45;26.25
14/03/2025 18:00;26.31
14/03/2025 18:15;26.28
14/03/2025 18:30;26.23
14/03/2025 18:45;26.24
14/03/2025 19:00;26.2
14/03/2025 19:15;26.23
14/03/2025 19:30;26.23
14/03/2025 19:45;26.23
14/03/2025 20:00;26.26
14/03/2025 20:15;26.24
14/03/2025 20:30;26.23
14/03/2025 20:45;26.25
14/03/2025 21:00;26.24
14/03/2025 21:15;26.29
14/03/2025 21:30;26.29
14/03/2025 21:45;26.25
14/03/2025 22:00;26.22
14/03/2025 22:15;26.31
14/03/2025 22:30;26.2
14/03/2025 22:45;26.23
14/03/2025 23:00;26.19
14/03/2025 23:15;26.24
14/03/2025 23:30;26.29
14/03/2025 23:45;26.24
15/03/2025 00:00;26.26
15/03/2025 00:15;26.18
15/03/2025 00:30;26.21
15/03/2025 00:45;26.19
15/03/2025 01:00;26.18
15/03/2025 01:15;26.24
15/03/2025 01:30;26.23
15/03/2025 01:45;26.14
15/03/2025 02:00;26.16
15/03/2025 02:15;26.15
15/03/2025 02:30;26.26
15/03/2025 02:45;26.16
15/03/2025 03:00;26.12
15/03/2025 03:15;26.16
15/03/2025 03:30;26.15
15/03/2025 03:45;26.14
15/03/2025 04:00;26.12
15/03/2025 04:15;26.19
15/03/2025 04:30;26.18
15/03/2025 04:45;26.13
15/03/2025 05:00;26.14
15/03/2025 05:15;26.19
15/03/2025 05:30;26.21
15/03/2025 05:45;26.25
15/03/2025 06:00;26.18
15/03/2025 06:15;26.16
15/03/2025 06:30;26.17
15/03/2025 06:45;26.13
15/03/2025 07:00;26.15
15/03/2025 07:15;26.24
15/03/2025 07:30;26.17
15/03/2025 07:45;26.13
15/03/2025 08:00;26.1
15/03/2025 08:15;26.17
15/03/2025 08:30;26.19
15/03/2025 08:45;26.16
15/03/2025 09:00;26.14
15/03/2025 09:15;26.18
15/03/2025 09:30;26.21
15/03/2025 09:45;26.25
15/03/2025 10:00;26.17
15/03/2025 10:15;26.19
15/03/2025 10:30;26.25
15/03/2025 10:45;26.2
15/03/2025 11:00;26.2
15/03/2025 11:15;26.19
15/03/2025 11:30;26.19
15/03/2025 11:45;26.12
15/03/2025 12:00;26.17
15/03/2025 12:15;26.08
15/03/2025 12:30;26.09
15/03/2025 12:45;26.13
15/03/2025 13:00;26.15
15/03/2025 13:15;26.13
15/03/2025 13:30;26.15
15/03/2025 13:45;26.19
15/03/2025 14:00;26.21
15/03/2025 14:15;26.16
15/03/2025 14:30;26.19
15/03/2025 14:45;26.19
15/03/2025 15:00;26.2
15/03/2025 15:15;26.19
15/03/2025 15:30;26.17
15/03/2025 15:45;26.17
15/03/2025 16:00;26.15
15/03/2025 16:15;26.2
15/03/2025 16:30;26.19
15/03/2025 16:45;26.2
15/03/2025 17:00;26.17
15/03/2025 17:15;26.18
15/03/2025 17:30;26.16
15/03/2025 17:45;26.16
15/03/2025 18:00;26.19
15/03/2025 18:15;26.21
15/03/2025 18:30;26.23
15/03/2025 18:45;26.21
15/03/2025 19:00;26.24
15/03/2025 19:15;26.23
15/03/2025 19:30;26.15
15/03/2025 19:45;26.2
15/03/2025 20:00;26.15
15/03/2025 20:15;26.18
15/03/2025 20:30;26.15
15/03/2025 20:45;26.19
15/03/2025 21:00;26.2
15/03/2025 21:15;26.19
15/03/2025 21:30;26.14
15/03/2025 21:45;26.14
15/03/2025 22:00;26.15
15/03/2025 22:15;26.13
15/03/2025 22:30;26.16
15/03/2025 22:45;26.2
15/03/2025 23:00;26.21
15/03/2025 23:15;26.16
15/03/2025 23:30;26.16
15/03/2025 23:45;26.17
16/03/2025 00:00;26.16
16/03/2025 00:15;26.13
16/03/2025 00:30;26.16
16/03/2025 00:45;26.22
16/03/2025 01:00;26.16
16/03/2025 01:15;26.23
16/03/2025 01:30;26.16
16/03/2025 01:45;26.13
16/03/2025 02:00;26.19
16/03/2025 02:15;26.17
16/03/2025 02:30;26.18
16/03/2025 02:45;26.14
16/03/2025 03:00;26.13
16/03/2025 03:15;26.18
16/03/2025 03:30;26.21
16/03/2025 03:45;26.11
16/03/2025 04:00;26.12
16/03/2025 04:15;26.16
16/03/2025 04:30;26.12
16/03/2025 04:45;26.09
16/03/2025 05:00;26.17
16/03/2025 05:15;26.14
16/03/2025 05:30;26.16
16/03/2025 05:45;26.2
16/03/2025 06:00;26.16
16/03/2025 06:15;26.2
16/03/2025 06:30;26.14
16/03/2025 06:45;26.17
16/03/2025 07:00;26.09
16/03/2025 07:15;26.1
16/03/2025 07:30;26.14
16/03/2025 07:45;26.1
16/03/2025 08:00;26.12
16/03/2025 08:15;26.05
16/03/2025 08:30;26.13
16/03/2025 08:45;26.19
16/03/2025 09:00;26.14
16/03/2025 09:15;26.11
16/03/2025 09:30;26.17
16/03/2025 09:45;26.17
16/03/2025 10:00;26.19
16/03/2025 10:15;26.18
16/03/2025 10:30;26.2
16/03/2025 10:45;26.16
16/03/2025 11:00;26.13
16/03/2025 11:15;26.16
16/03/2025 11:30;26.17
16/03/2025 11:45;26.09
16/03/2025 12:00;26.14
16/03/2025 12:15;26.12
16/03/2025 12:30;26.18
16/03/2025 12:45;26.14
16/03/2025 13:00;26.19
16/03/2025 13:15;26.12
16/03/2025 13:30;26.17
16/03/2025 13:45;26.16
16/03/2025 14:00;26.15
16/03/2025 14:15;26.11
16/03/2025 14:30;26.17
16/03/2025 14:45;26.15
16/03/2025 15:00;26.15
16/03/2025 15:15;26.22
16/03/2025 15:30;26.21
16/03/2025 15:45;26.17
16/03/2025 16:00;26.16
16/03/2025 16:15;26.13
16/03/2025 16:30;26.18
16/03/2025 16:45;26.27
16/03/2025 17:00;26.18
16/03/2025 17:15;26.19
16/03/2025 17:30;26.11
16/03/2025 17:45;26.16
16/03/2025 18:00;26.22
16/03/2025 18:15;26.2
16/03/2025 18:30;26.2
16/03/2025 18:45;26.15
16/03/2025 19:00;26.16
16/03/2025 19:15;26.14
16/03/2025 19:30;26.19
16/03/2025 19:45;26.18
16/03/2025 20:00;26.2
16/03/2025 20:15;26.19
16/03/2025 20:30;26.25
16/03/2025 20:45;26.21
16/03/2025 21:00;26.18
16/03/2025 21:15;26.19
16/03/2025 21:30;25.5
16/03/2025 21:45;25.16
16/03/2025 22:00;25.11
16/03/2025 22:15;25.08
16/03/2025 22:30;25.01
16/03/2025 22:45;25.04
16/03/2025 23:00;25
16/03/2025 23:15;25
16/03/2025 23:30;25.06
16/03/2025 23:45;25
17/03/2025 00:00;24.96
17/03/2025 00:15;24.99
17/03/2025 00:30;25
17/03/2025 00:45;25.04
17/03/2025 01:00;25.03
17/03/2025 01:15;25.09
17/03/2025 01:30;24.96
17/03/2025 01:45;25.02
17/03/2025 02:00;24.99
17/03/2025 02:15;25.03
17/03/2025 02:30;25
17/03/2025 02:45;25.04
17/03/2025 03:00;25.05
17/03/2025 03:15;24.98
17/03/2025 03:30;25.01
17/03/2025 03:45;24.93
17/03/2025 04:00;25.04
17/03/2025 04:15;25
17/03/2025 04:30;24.98
17/03/2025 04:45;25.03
17/03/2025 05:00;25
17/03/2025 05:15;24.99
17/03/2025 05:30;25.03
17/03/2025 05:45;25.05
17/03/2025 06:00;25.07
17/03/2025 06:15;25.03
17/03/2025 06:30;25.03
17/03/2025 06:45;24.97
17/03/2025 07:00;25.02
17/03/2025 07:15;24.97
17/03/2025 07:30;24.96
17/03/2025 07:45;24.94
17/03/2025 08:00;24.98
17/03/2025 08:15;24.94
17/03/2025 08:30;25.03
17/03/2025 08:45;25
17/03/2025 09:00;25.04
17/03/2025 09:15;25.05
17/03/2025 09:30;25.02
17/03/2025 09:45;24.82
17/03/2025 10:00;23.22
17/03/2025 10:15;23.03
17/03/2025 10:30;22.92
17/03/2025 10:45;22.8
17/03/2025 11:00;22.88
17/03/2025 11:15;22.87
17/03/2025 11:30;22.77
17/03/2025 11:45;22.79
17/03/2025 12:00;22.14
17/03/2025 12:15;21.55
17/03/2025 12:30;21.41
17/03/2025 12:45;21.25
17/03/2025 13:00;21.23
17/03/2025 13:15;21.16
17/03/2025 13:30;21.22
17/03/2025 13:45;21.18
17/03/2025 14:00;21.14
17/03/2025 14:15;21.16
17/03/2025 14:30;21.12
17/03/2025 14:45;21.16
17/03/2025 15:00;21.15
17/03/2025 15:15;21.12
17/03/2025 15:30;21.12
17/03/2025 15:45;21.15
17/03/2025 16:00;21.11
17/03/2025 16:15;21.16
17/03/2025 16:30;21.14
17/03/2025 16:45;21.09
17/03/2025 17:00;21.19
17/03/2025 17:15;21.12
17/03/2025 17:30;21.16
17/03/2025 17:45;21.14
17/03/2025 18:00;21.14
17/03/2025 18:15;21.13
17/03/2025 18:30;21.11
17/03/2025 18:45;21.15
17/03/2025 19:00;21.11
17/03/2025 19:15;21.13
17/03/2025 19:30;21.09
17/03/2025 19:45;21.05
17/03/2025 20:00;21.06
17/03/2025 20:15;21.06
17/03/2025 20:30;21.08
17/03/2025 20:45;21.13
17/03/2025 21:00;21.14
17/03/2025 21:15;20.06
17/03/2025 21:30;19.37
17/03/2025 21:45;19.14
17/03/2025 22:00;19.09
17/03/2025 22:15;19.01
17/03/2025 22:30;19
17/03/2025 22:45;18.95
17/03/2025 23:00;18.94
17/03/2025 23:15;18.96
17/03/2025 23:30;18.99
17/03/2025 23:45;18.96
18/03/2025 00:00;18.95
18/03/2025 00:15;18.93
18/03/2025 00:30;18.98
18/03/2025 00:45;18.99
18/03/2025 01:00;18.98
18/03/2025 01:15;19
18/03/2025 01:30;19.03
18/03/2025 01:45;18.94
18/03/2025 02:00;19
18/03/2025 02:15;19
18/03/2025 02:30;18.98
18/03/2025 02:45;19.03
18/03/2025 03:00;19.02
18/03/2025 03:15;18.96
18/03/2025 03:30;18.99
18/03/2025 03:45;18.98
18/03/2025 04:00;18.98
18/03/2025 04:15;18.95
18/03/2025 04:30;18.98
18/03/2025 04:45;19.02
18/03/2025 05:00;19.02
18/03/2025 05:15;18.95
18/03/2025 05:30;19.01
18/03/2025 05:45;18.95
18/03/2025 06:00;18.96
18/03/2025 06:15;19
18/03/2025 06:30;18.95
18/03/2025 06:45;18.99
18/03/2025 07:00;18.91
18/03/2025 07:15;19.01
18/03/2025 07:30;19.11
18/03/2025 07:45;19.17
18/03/2025 08:00;19.16
18/03/2025 08:15;19.2
18/03/2025 08:30;19.2
18/03/2025 08:45;19.2
18/03/2025 09:00;19.19
18/03/2025 09:15;19.21
18/03/2025 09:30;19.23
18/03/2025 09:45;19.14
18/03/2025 10:00;19.27
18/03/2025 10:15;19.2
18/03/2025 10:30;19.2
18/03/2025 10:45;19.15
18/03/2025 11:00;19.28
18/03/2025 11:15;19.19
18/03/2025 11:30;19.2
18/03/2025 11:45;19.23
18/03/2025 12:00;19.18
18/03/2025 12:15;19.2
18/03/2025 12:30;19.2
18/03/2025 12:45;19.23
18/03/2025 13:00;19.2
18/03/2025 13:15;19.27
18/03/2025 13:30;19.24
18/03/2025 13:45;19.2
18/03/2025 14:00;19.21
18/03/2025 14:15;19.2
18/03/2025 14:30;19.16
18/03/2025 14:45;19.2
18/03/2025 15:00;19.2
18/03/2025 15:15;19.18
18/03/2025 15:30;19.2
18/03/2025 15:45;19.16
18/03/2025 16:00;19.19
18/03/2025 16:15;19.24
18/03/2025 16:30;19.2
18/03/2025 16:45;19.19
18/03/2025 17:00;19.2
18/03/2025 17:15;19.21
18/03/2025 17:30;19.2
18/03/2025 17:45;19.23
18/03/2025 18:00;19.24
18/03/2025 18:15;19.21
18/03/2025 18:30;19.21
18/03/2025 18:45;19.21
18/03/2025 19:00;19.17
18/03/2025 19:15;19.18
18/03/2025 19:30;19.24
18/03/2025 19:45;19.16
18/03/2025 20:00;19.2
18/03/2025 20:15;19.23
18/03/2025 20:30;19.2
18/03/2025 20:45;19.2
18/03/2025 21:00;19.16
18/03/2025 21:15;19.2
18/03/2025 21:30;19.23
18/03/2025 21:45;19.15
18/03/2025 22:00;19.18
18/03/2025 22:15;19.18
18/03/2025 22:30;19.17
18/03/2025 22:45;19.2
18/03/2025 23:00;19.2
18/03/2025 23:15;19.2
18/03/2025 23:30;19.2
18/03/2025 23:45;19.19
19/03/2025 00:00;19.17
19/03/2025 00:15;19.17
19/03/2025 00:30;19.17
19/03/2025 00:45;19.19
19/03/2025 01:00;19.17
19/03/2025 01:15;19.15
19/03/2025 01:30;19.19
19/03/2025 01:45;19.19
19/03/2025 02:00;19.18
19/03/2025 02:15;19.12
19/03/2025 02:30;19.12
19/03/2025 02:45;19.15
19/03/2025 03:00;19.16
19/03/2025 03:15;19.17
19/03/2025 03:30;19.17
19/03/2025 03:45;19.2
19/03/2025 04:00;19.18
19/03/2025 04:15;19.19
19/03/2025 04:30;19.2
19/03/2025 04:45;19.15
19/03/2025 05:00;19.17
19/03/2025 05:15;19.15
19/03/2025 05:30;19.18
19/03/2025 05:45;19.19
19/03/2025 06:00;19.2
19/03/2025 06:15;19.14
19/03/2025 06:30;19.2
19/03/2025 06:45;19.11
19/03/2025 07:00;19.12
19/03/2025 07:15;19.2
19/03/2025 07:30;19.17
19/03/2025 07:45;19.12
19/03/2025 08:00;19.23
19/03/2025 08:15;19.18
19/03/2025 08:30;19.21
19/03/2025 08:45;19.18
19/03/2025 09:00;19.15
19/03/2025 09:15;19.18
19/03/2025 09:30;19.18
19/03/2025 09:45;19.17
19/03/2025 10:00;19.2
19/03/2025 10:15;19.18
19/03/2025 10:30;19.15
19/03/2025 10:45;19.19
19/03/2025 11:00;19.17
19/03/2025 11:15;19.21
19/03/2025 11:30;19.2
19/03/2025 11:45;19.21
19/03/2025 12:00;19.17
19/03/2025 12:15;19.18
19/03/2025 12:30;19.19
19/03/2025 12:45;19.19
19/03/2025 13:00;19.2
19/03/2025 13:15;19.15
19/03/2025 13:30;19.14
19/03/2025 13:45;19.19
19/03/2025 14:00;19.24
19/03/2025 14:15;19.18
19/03/2025 14:30;19.16
19/03/2025 14:45;19.19
19/03/2025 15:00;19.18
19/03/2025 15:15;19.16
19/03/2025 15:30;19.18
19/03/2025 15:45;19.14
19/03/2025 16:00;19.2
19/03/2025 16:15;19.18
19/03/2025 16:30;19.18
19/03/2025 16:45;19.17
19/03/2025 17:00;19.11
19/03/2025 17:15;19.14
19/03/2025 17:30;19.11
19/03/2025 17:45;19.14
19/03/2025 18:00;19.14
19/03/2025 18:15;19.12
19/03/2025 18:30;19.12
19/03/2025 18:45;19.14
19/03/2025 19:00;19.12
19/03/2025 19:15;19.12
19/03/2025 19:30;19.16
19/03/2025 19:45;19.12
19/03/2025 20:00;19.11
19/03/2025 20:15;19.14
19/03/2025 20:30;19.1
19/03/2025 20:45;19.14
19/03/2025 21:00;19.11
19/03/2025 21:15;19.14
19/03/2025 21:30;19.12
19/03/2025 21:45;19.12
19/03/2025 22:00;19.11
19/03/2025 22:15;19.09
19/03/2025 22:30;19.07
19/03/2025 22:45;19.08
19/03/2025 23:00;19.12
19/03/2025 23:15;19.08
19/03/2025 23:30;19.12
19/03/2025 23:45;19.12
20/03/2025 00:00;19.15
20/03/2025 00:15;19.14
20/03/2025 00:30;19.1
20/03/2025 00:45;19.14
20/03/2025 01:00;19.17
20/03/2025 01:15;19.18
20/03/2025 01:30;19.09
20/03/2025 01:45;19.12
20/03/2025 02:00;19.15
20/03/2025 02:15;19.07
20/03/2025 02:30;19.11
20/03/2025 02:45;19.06
20/03/2025 03:00;19.1
20/03/2025 03:15;19.07
20/03/2025 03:30;19.11
20/03/2025 03:45;19.12
20/03/2025 04:00;19.15
20/03/2025 04:15;19.14
20/03/2025 04:30;19.11
20/03/2025 04:45;19.11
20/03/2025 05:00;19.11
20/03/2025 05:15;19.14
20/03/2025 05:30;19.08
20/03/2025 05:45;19.15
20/03/2025 06:00;19.12
20/03/2025 06:15;19.12
20/03/2025 06:30;19.12
20/03/2025 06:45;19.11
20/03/2025 07:00;19.09
20/03/2025 07:15;19.07
20/03/2025 07:30;19.08
20/03/2025 07:45;19.06
20/03/2025 08:00;19.04
20/03/2025 08:15;19.09
20/03/2025 08:30;19.09
20/03/2025 08:45;19.11
20/03/2025 09:00;19.11
20/03/2025 09:15;19.12
20/03/2025 09:30;19.06
20/03/2025 09:45;19.12
20/03/2025 10:00;19.1
20/03/2025 10:15;19.1
20/03/2025 10:30;16.94
20/03/2025 10:45;16.26
20/03/2025 11:00;16.09
20/03/2025 11:15;15.98
20/03/2025 11:30;15.96
20/03/2025 11:45;15.91
20/03/2025 12:00;15.94
20/03/2025 12:15;15.93
20/03/2025 12:30;15.91
20/03/2025 12:45;15.89
20/03/2025 13:00;15.86
20/03/2025 13:15;15.86
20/03/2025 13:30;15.9
20/03/2025 13:45;15.9
20/03/2025 14:00;16.06
20/03/2025 14:15;16.1
20/03/2025 14:30;16.09
20/03/2025 14:45;16.06
20/03/2025 15:00;16.1
20/03/2025 15:15;16.07
20/03/2025 15:30;16.09
20/03/2025 15:45;16.09
20/03/2025 16:00;16.04
20/03/2025 16:15;16.06
20/03/2025 16:30;16.07
20/03/2025 16:45;16.06
20/03/2025 17:00;16.04
20/03/2025 17:15;16.04
20/03/2025 17:30;16.07
20/03/2025 17:45;16.08
20/03/2025 18:00;16.06
20/03/2025 18:15;16.07
20/03/2025 18:30;16.08
20/03/2025 18:45;16.07
20/03/2025 19:00;16.06
20/03/2025 19:15;16.08
20/03/2025 19:30;16.09
20/03/2025 19:45;16.08
20/03/2025 20:00;16.07
20/03/2025 20:15;16.09
20/03/2025 20:30;16.11
20/03/2025 20:45;16.06
20/03/2025 21:00;16.03
20/03/2025 21:15;16.04
20/03/2025 21:30;16.03
20/03/2025 21:45;16.04
20/03/2025 22:00;16.06
20/03/2025 22:15;16.12
20/03/2025 22:30;16.1
20/03/2025 22:45;16.1
20/03/2025 23:00;16.04
20/03/2025 23:15;16.08
20/03/2025 23:30;16.08
20/03/2025 23:45;16.1
21/03/2025 00:00;16.09
21/03/2025 00:15;16.09
21/03/2025 00:30;16.1
21/03/2025 00:45;16.04
21/03/2025 01:00;16.04
21/03/2025 01:15;16.03
21/03/2025 01:30;16.03
21/03/2025 01:45;16.04
21/03/2025 02:00;16.02
21/03/2025 02:15;16.07
21/03/2025 02:30;16.07
21/03/2025 02:45;16.06
21/03/2025 03:00;16.06
21/03/2025 03:15;16.09
21/03/2025 03:30;16.04
21/03/2025 03:45;16.03
21/03/2025 04:00;16.07
21/03/2025 04:15;16.06
21/03/2025 04:30;16.02
21/03/2025 04:45;16.04
21/03/2025 05:00;16.04
21/03/2025 05:15;16.02
21/03/2025 05:30;16.07
21/03/2025 05:45;16
21/03/2025 06:00;16
21/03/2025 06:15;16.04
21/03/2025 06:30;16.06
21/03/2025 06:45;16.06
21/03/2025 07:00;16.04
21/03/2025 07:15;16.04
21/03/2025 07:30;16.07
21/03/2025 07:45;16.09
21/03/2025 08:00;16.1
21/03/2025 08:15;16.11
21/03/2025 08:30;16.08
21/03/2025 08:45;16.09
21/03/2025 09:00;16.04
21/03/2025 09:15;16.08
21/03/2025 09:30;16.1
21/03/2025 09:45;16.08
21/03/2025 10:00;16.08
21/03/2025 10:15;16.1
21/03/2025 10:30;16.09
21/03/2025 10:45;16.09
21/03/2025 11:00;16.09
21/03/2025 11:15;16.1
21/03/2025 11:30;16.09
21/03/2025 11:45;16.07
21/03/2025 12:00;16.07
21/03/2025 12:15;16.09
21/03/2025 12:30;16.1
21/03/2025 12:45;16.07
21/03/2025 13:00;16.08
21/03/2025 13:15;16.07
21/03/2025 13:30;16.04
21/03/2025 13:45;16.08
21/03/2025 14:00;16.06
21/03/2025 14:15;16.09
21/03/2025 14:30;16.04
21/03/2025 14:45;16.08
21/03/2025 15:00;16.04
21/03/2025 15:15;16.08
21/03/2025 15:30;16.07
21/03/2025 15:45;16.08
21/03/2025 16:00;16.04
21/03/2025 16:15;16.04
21/03/2025 16:30;16.07
21/03/2025 16:45;16.04
21/03/2025 17:00;16.08
21/03/2025 17:15;16.06
21/03/2025 17:30;16.09
21/03/2025 17:45;16.04
21/03/2025 18:00;16.06
21/03/2025 18:15;16.09
21/03/2025 18:30;16.06
21/03/2025 18:45;16.07
21/03/2025 19:00;16.06
21/03/2025 19:15;16.06
21/03/2025 19:30;16.08
21/03/2025 19:45;16.06
21/03/2025 20:00;16.04
21/03/2025 20:15;16.07
21/03/2025 20:30;16.04
21/03/2025 20:45;16.09
21/03/2025 21:00;16.08
21/03/2025 21:15;16.06
21/03/2025 21:30;16.08
21/03/2025 21:45;16.04
21/03/2025 22:00;16.09
21/03/2025 22:15;16.09
21/03/2025 22:30;16.08
21/03/2025 22:45;16.09
21/03/2025 23:00;16.08
21/03/2025 23:15;16.09
21/03/2025 23:30;16.08
21/03/2025 23:45;16.04
22/03/2025 00:00;16.09
22/03/2025 00:15;16.1
22/03/2025 00:30;16.08
22/03/2025 00:45;16.07
22/03/2025 01:00;16.08
22/03/2025 01:15;16.08
22/03/2025 01:30;16.04
22/03/2025 01:45;16.07
22/03/2025 02:00;16.03
22/03/2025 02:15;16.04
22/03/2025 02:30;16.04
22/03/2025 02:45;16.04
22/03/2025 03:00;16.03
22/03/2025 03:15;16.07
22/03/2025 03:30;16.08
22/03/2025 03:45;16.1
22/03/2025 04:00;16.07
22/03/2025 04:15;16.08
22/03/2025 04:30;16.1
22/03/2025 04:45;16.1
22/03/2025 05:00;16.08
22/03/2025 05:15;16.08
22/03/2025 05:30;16.08
22/03/2025 05:45;16.08
22/03/2025 06:00;16.09
22/03/2025 06:15;16.07
22/03/2025 06:30;16.06
22/03/2025 06:45;16.04
22/03/2025 07:00;16.04
22/03/2025 07:15;16.07
22/03/2025 07:30;16.09
22/03/2025 07:45;16.12
22/03/2025 08:00;16.07
22/03/2025 08:15;16.12
22/03/2025 08:30;16.12
22/03/2025 08:45;16.04
22/03/2025 09:00;16.07
22/03/2025 09:15;16.04
22/03/2025 09:30;16.08
22/03/2025 09:45;16.04
22/03/2025 10:00;16.06
22/03/2025 10:15;16.1
22/03/2025 10:30;16.06
22/03/2025 10:45;16.07
22/03/2025 11:00;16.12
22/03/2025 11:15;16.09
22/03/2025 11:30;16.1
22/03/2025 11:45;16.12
22/03/2025 12:00;16.14
22/03/2025 12:15;16.08
22/03/2025 12:30;16.12
22/03/2025 12:45;16.11
22/03/2025 13:00;16.11
22/03/2025 13:15;16.11
22/03/2025 13:30;16.04
22/03/2025 13:45;16.08
22/03/2025 14:00;16.08
22/03/2025 14:15;16.09
22/03/2025 14:30;16.06
22/03/2025 14:45;16.06
22/03/2025 15:00;16.07
22/03/2025 15:15;16.11
22/03/2025 15:30;16.11
22/03/2025 15:45;16.12
22/03/2025 16:00;16.12
22/03/2025 16:15;16.12
22/03/2025 16:30;16.09
22/03/2025 16:45;16.11
22/03/2025 17:00;16.09
22/03/2025 17:15;16.12
22/03/2025 17:30;16.09
22/03/2025 17:45;16.09
22/03/2025 18:00;16.08
22/03/2025 18:15;16.08
22/03/2025 18:30;16.09
22/03/2025 18:45;16.1
22/03/2025 19:00;16.12
22/03/2025 19:15;16.15
22/03/2025 19:30;16.14
22/03/2025 19:45;16.14
22/03/2025 20:00;16.11
22/03/2025 20:15;16.12
22/03/2025 20:30;16.12
22/03/2025 20:45;16.15
22/03/2025 21:00;16.15
22/03/2025 21:15;16.15
22/03/2025 21:30;16.15
22/03/2025 21:45;16.15
22/03/2025 22:00;16.14
22/03/2025 22:15;16.16
22/03/2025 22:30;16.15
22/03/2025 22:45;16.15
22/03/2025 23:00;16.15
22/03/2025 23:15;16.15
22/03/2025 23:30;16.12
22/03/2025 23:45;16.08
23/03/2025 00:00;16.12
23/03/2025 00:15;16.1
23/03/2025 00:30;16.1
23/03/2025 00:45;16.12
23/03/2025 01:00;16.18
23/03/2025 01:15;16.12
23/03/2025 01:30;16.15
23/03/2025 01:45;16.14
23/03/2025 02:00;16.17
23/03/2025 02:15;16.14
23/03/2025 02:30;16.15
23/03/2025 02:45;16.14
23/03/2025 03:00;16.12
23/03/2025 03:15;16.15
23/03/2025 03:30;16.16
23/03/2025 03:45;16.11
23/03/2025 04:00;16.12
23/03/2025 04:15;16.12
23/03/2025 04:30;16.1
23/03/2025 04:45;16.11
23/03/2025 05:00;16.1
23/03/2025 05:15;16.12
23/03/2025 05:30;16.14
23/03/2025 05:45;16.14
23/03/2025 06:00;16.12
23/03/2025 06:15;16.12
23/03/2025 06:30;16.14
23/03/2025 06:45;16.15
23/03/2025 07:00;16.16
23/03/2025 07:15;16.15
23/03/2025 07:30;16.14
23/03/2025 07:45;16.12
23/03/2025 08:00;16.17
23/03/2025 08:15;16.15
23/03/2025 08:30;16.14
23/03/2025 08:45;16.11
23/03/2025 09:00;16.09
23/03/2025 09:15;16.06
23/03/2025 09:30;16.12
23/03/2025 09:45;16.17
23/03/2025 10:00;16.16
23/03/2025 10:15;16.15
23/03/2025 10:30;16.16
23/03/2025 10:45;16.14
23/03/2025 11:00;16.14
23/03/2025 11:15;16.16
23/03/2025 11:30;16.12
23/03/2025 11:45;16.14
23/03/2025 12:00;16.17
23/03/2025 12:15;16.16
23/03/2025 12:30;16.14
23/03/2025 12:45;16.14
23/03/2025 13:00;16.12
23/03/2025 13:15;16.14
23/03/2025 13:30;16.12
23/03/2025 13:45;16.12
23/03/2025 14:00;16.16
23/03/2025 14:15;16.16
23/03/2025 14:30;16.17
23/03/2025 14:45;16.15
23/03/2025 15:00;16.17
23/03/2025 15:15;16.16
23/03/2025 15:30;16.19
23/03/2025 15:45;16.16
23/03/2025 16:00;16.17
23/03/2025 16:15;16.16
23/03/2025 16:30;16.15
23/03/2025 16:45;16.19
23/03/2025 17:00;16.19
23/03/2025 17:15;16.17
23/03/2025 17:30;16.18
23/03/2025 17:45;16.17
23/03/2025 18:00;16.2
23/03/2025 18:15;16.17
23/03/2025 18:30;16.16
23/03/2025 18:45;16.14
23/03/2025 19:00;16.18
23/03/2025 19:15;16.15
23/03/2025 19:30;16.17
23/03/2025 19:45;16.18
23/03/2025 20:00;16.15
23/03/2025 20:15;16.15
23/03/2025 20:30;16.17
23/03/2025 20:45;16.14
23/03/2025 21:00;16.21
23/03/2025 21:15;16.16
23/03/2025 21:30;16.2
23/03/2025 21:45;16.17
23/03/2025 22:00;16.2
23/03/2025 22:15;16.18
23/03/2025 22:30;16.17
23/03/2025 22:45;16.17
23/03/2025 23:00;16.2
23/03/2025 23:15;16.17
23/03/2025 23:30;16.16
23/03/2025 23:45;16.17
24/03/2025 00:00;16.2
24/03/2025 00:15;16.17
24/03/2025 00:30;16.15
24/03/2025 00:45;16.14
24/03/2025 01:00;16.2
24/03/2025 01:15;16.19
24/03/2025 01:30;16.2
24/03/2025 01:45;16.17
24/03/2025 02:00;16.17
24/03/2025 02:15;16.19
24/03/2025 02:30;16.15
24/03/2025 02:45;16.15
24/03/2025 03:00;16.12
24/03/2025 03:15;16.15
24/03/2025 03:30;16.17
24/03/2025 03:45;16.16
24/03/2025 04:00;16.2
24/03/2025 04:15;16.16
24/03/2025 04:30;16.17
24/03/2025 04:45;16.18
24/03/2025 05:00;16.19
24/03/2025 05:15;16.18
24/03/2025 05:30;16.21
24/03/2025 05:45;16.17
24/03/2025 06:00;16.23
24/03/2025 06:15;16.21
24/03/2025 06:30;16.16
24/03/2025 06:45;16.2
24/03/2025 07:00;16.17
24/03/2025 07:15;16.18
24/03/2025 07:30;16.2
24/03/2025 07:45;16.16
24/03/2025 08:00;16.17
24/03/2025 08:15;16.15
24/03/2025 08:30;16.16
24/03/2025 08:45;16.19
24/03/2025 09:00;16.18
24/03/2025 09:15;16.19
24/03/2025 09:30;16.16
24/03/2025 09:45;16.2
24/03/2025 10:00;16.18
24/03/2025 10:15;16.17
24/03/2025 10:30;16.17
24/03/2025 10:45;16.14
24/03/2025 11:00;16.12
24/03/2025 11:15;16.12
24/03/2025 11:30;16.12
24/03/2025 11:45;16.14
24/03/2025 12:00;16.15
24/03/2025 12:15;16.14
24/03/2025 12:30;16.1
24/03/2025 12:45;16.12
24/03/2025 13:00;16.15
24/03/2025 13:15;16.19
24/03/2025 13:30;16.15
24/03/2025 13:45;16.2
24/03/2025 14:00;16.2
24/03/2025 14:15;16.17
24/03/2025 14:30;16.17
24/03/2025 14:45;16.16
24/03/2025 15:00;16.17
24/03/2025 15:15;16.18
24/03/2025 15:30;16.15
24/03/2025 15:45;16.1
24/03/2025 16:00;16.12
24/03/2025 16:15;16.12
24/03/2025 16:30;16.12
24/03/2025 16:45;16.16
24/03/2025 17:00;16.14
24/03/2025 17:15;16.11
24/03/2025 17:30;16.17
24/03/2025 17:45;16.16
24/03/2025 18:00;16.16
24/03/2025 18:15;16.12
24/03/2025 18:30;16.17
24/03/2025 18:45;16.17
24/03/2025 19:00;16.14
24/03/2025 19:15;16.15
24/03/2025 19:30;16.14
24/03/2025 19:45;16.18
24/03/2025 20:00;16.16
24/03/2025 20:15;16.17
24/03/2025 20:30;16.12
24/03/2025 20:45;16.12
24/03/2025 21:00;16.12
24/03/2025 21:15;16.1
24/03/2025 21:30;16.12
24/03/2025 21:45;16.18
24/03/2025 22:00;16.2
24/03/2025 22:15;16.17
24/03/2025 22:30;16.17
24/03/2025 22:45;16.14
24/03/2025 23:00;16.17
24/03/2025 23:15;16.15
24/03/2025 23:30;16.16
24/03/2025 23:45;16.16
25/03/2025 00:00;16.12
25/03/2025 00:15;16.14
25/03/2025 00:30;16.14
25/03/2025 00:45;16.12
25/03/2025 01:00;16.14
25/03/2025 01:15;16.14
25/03/2025 01:30;16.18
25/03/2025 01:45;16.17
25/03/2025 02:00;16.18
25/03/2025 02:15;16.17
25/03/2025 02:30;16.17
25/03/2025 02:45;16.19
25/03/2025 03:00;16.14
25/03/2025 03:15;16.14
25/03/2025 03:30;16.12
25/03/2025 03:45;16.16
25/03/2025 04:00;16.14
25/03/2025 04:15;16.15
25/03/2025 04:30;16.1
25/03/2025 04:45;16.11
25/03/2025 05:00;16.09
25/03/2025 05:15;16.1
25/03/2025 05:30;16.12
25/03/2025 05:45;16.12
25/03/2025 06:00;16.18
25/03/2025 06:15;16.14
25/03/2025 06:30;16.16
25/03/2025 06:45;16.15
25/03/2025 07:00;16.15
25/03/2025 07:15;16.15
25/03/2025 07:30;16.12
25/03/2025 07:45;16.14
25/03/2025 08:00;16.12
25/03/2025 08:15;16.12
25/03/2025 08:30;16.12
25/03/2025 08:45;16.12
25/03/2025 09:00;16.12
25/03/2025 09:15;16.11
25/03/2025 09:30;16.1
25/03/2025 09:45;16.14
25/03/2025 10:00;16.1
25/03/2025 10:15;16.1
25/03/2025 10:30;16.1
25/03/2025 10:45;16.12
25/03/2025 11:00;16.12
25/03/2025 11:15;16.07
25/03/2025 11:30;16.09
25/03/2025 11:45;16.1
25/03/2025 12:00;16.07
25/03/2025 12:15;16.08
25/03/2025 12:30;16
25/03/2025 12:45;16.02
25/03/2025 13:00;16.04
25/03/2025 13:15;16.07
25/03/2025 13:30;16.06
25/03/2025 13:45;16.04
25/03/2025 14:00;16.07
25/03/2025 14:15;16.1
25/03/2025 14:30;16.09
25/03/2025 14:45;16.12
25/03/2025 15:00;16.08
25/03/2025 15:15;16.12
25/03/2025 15:30;16.09
25/03/2025 15:45;16.1
25/03/2025 16:00;16.09
25/03/2025 16:15;16.12
25/03/2025 16:30;16.06
25/03/2025 16:45;16.08
25/03/2025 17:00;16.07
25/03/2025 17:15;16.07
25/03/2025 17:30;16.04
25/03/2025 17:45;16.06
25/03/2025 18:00;16.04
25/03/2025 18:15;16.04
25/03/2025 18:30;16.09
25/03/2025 18:45;16.12
25/03/2025 19:00;16.08
25/03/2025 19:15;16.1
25/03/2025 19:30;16.09
25/03/2025 19:45;16.04
25/03/2025 20:00;16.02
25/03/2025 20:15;16.07
25/03/2025 20:30;16.07
25/03/2025 20:45;16.06
25/03/2025 21:00;16.09
25/03/2025 21:15;16.09
25/03/2025 21:30;16.06
25/03/2025 21:45;16.02
25/03/2025 22:00;16.07
25/03/2025 22:15;16.07
25/03/2025 22:30;16.07
25/03/2025 22:45;16.09
25/03/2025 23:00;16.07
25/03/2025 23:15;16.12
25/03/2025 23:30;16.11
25/03/2025 23:45;16.1
26/03/2025 00:00;16.11
26/03/2025 00:15;16.1
26/03/2025 00:30;16.04
26/03/2025 00:45;16.04
26/03/2025 01:00;16.04
26/03/2025 01:15;16.07
26/03/2025 01:30;16.04
26/03/2025 01:45;16.04
26/03/2025 02:00;16.04
26/03/2025 02:15;16.11
26/03/2025 02:30;16.11
26/03/2025 02:45;16.12
26/03/2025 03:00;16.11
26/03/2025 03:15;16.11
26/03/2025 03:30;16.09
26/03/2025 03:45;16.12
26/03/2025 04:00;16.12
26/03/2025 04:15;16.11
26/03/2025 04:30;16.07
26/03/2025 04:45;16.09
26/03/2025 05:00;16.07
26/03/2025 05:15;16.04
26/03/2025 05:30;16.06
26/03/2025 05:45;16.08
26/03/2025 06:00;16.04
26/03/2025 06:15;16.04
26/03/2025 06:30;16.09
26/03/2025 06:45;16.04
26/03/2025 07:00;16.04
26/03/2025 07:15;16.1
26/03/2025 07:30;16.08
26/03/2025 07:45;16.08
26/03/2025 08:00;16.14
26/03/2025 08:15;16.08
26/03/2025 08:30;16.06
26/03/2025 08:45;16.04
26/03/2025 09:00;16.07
26/03/2025 09:15;16.62
26/03/2025 09:30;17.37
26/03/2025 09:45;16.46
26/03/2025 10:00;16.44
26/03/2025 10:15;16.43
26/03/2025 10:30;16.39
26/03/2025 10:45;16.37
26/03/2025 11:00;16.36
26/03/2025 11:15;16.29
26/03/2025 11:30;16.12
26/03/2025 11:45;16.07
26/03/2025 12:00;16.09
26/03/2025 12:15;16.04
26/03/2025 12:30;16.04
26/03/2025 12:45;16.04
26/03/2025 13:00;16.03
26/03/2025 13:15;16.04
26/03/2025 13:30;16
26/03/2025 13:45;16.09
26/03/2025 14:00;16.1
26/03/2025 14:15;16.1
26/03/2025 14:30;16.03
26/03/2025 14:45;16.04
26/03/2025 15:00;16.1
26/03/2025 15:15;16.09
26/03/2025 15:30;16.06
26/03/2025 15:45;16.09
26/03/2025 16:00;16.03
26/03/2025 16:15;16.09
26/03/2025 16:30;16.02
26/03/2025 16:45;16.04
26/03/2025 17:00;16
26/03/2025 17:15;16.03
26/03/2025 17:30;16
26/03/2025 17:45;16.02
26/03/2025 18:00;16.04
26/03/2025 18:15;16.1
26/03/2025 18:30;16.09
26/03/2025 18:45;16.1
26/03/2025 19:00;16.08
26/03/2025 19:15;16.09
26/03/2025 19:30;16.06
26/03/2025 19:45;16.06
26/03/2025 20:00;16.04
26/03/2025 20:15;16.04
26/03/2025 20:30;16.11
26/03/2025 20:45;16.04
26/03/2025 21:00;16.01
26/03/2025 21:15;16.03
26/03/2025 21:30;16.01
26/03/2025 21:45;16.06
26/03/2025 22:00;16.02
26/03/2025 22:15;16.07
26/03/2025 22:30;16.09
26/03/2025 22:45;16.09
26/03/2025 23:00;16.04
26/03/2025 23:15;16.06
26/03/2025 23:30;16.12
26/03/2025 23:45;16.1
27/03/2025 00:00;16.07
27/03/2025 00:15;16.07
27/03/2025 00:30;16.03
27/03/2025 00:45;16.02
27/03/2025 01:00;16.02
27/03/2025 01:15;16.03
27/03/2025 01:30;16.06
27/03/2025 01:45;16.06
27/03/2025 02:00;16.06
27/03/2025 02:15;16.09
27/03/2025 02:30;16.1
27/03/2025 02:45;16.09
27/03/2025 03:00;16.1
27/03/2025 03:15;16.07
27/03/2025 03:30;16.08
27/03/2025 03:45;16.11
27/03/2025 04:00;16.09
27/03/2025 04:15;16.09
27/03/2025 04:30;16.06
27/03/2025 04:45;16.06
27/03/2025 05:00;16.06
27/03/2025 05:15;16.04
27/03/2025 05:30;16.07
27/03/2025 05:45;16.04
27/03/2025 06:00;16.01
27/03/2025 06:15;16.06
27/03/2025 06:30;16.07
27/03/2025 06:45;16.08
27/03/2025 07:00;16.06
27/03/2025 07:15;16.07
27/03/2025 07:30;16.09
27/03/2025 07:45;16.07
27/03/2025 08:00;16.08
27/03/2025 08:15;16.04
27/03/2025 08:30;16.04
27/03/2025 08:45;16.04
27/03/2025 09:00;16.06
27/03/2025 09:15;16.04
27/03/2025 09:30;16.04
27/03/2025 09:45;16.04
27/03/2025 10:00;16.04
27/03/2025 10:15;16.04
27/03/2025 10:30;16.09
27/03/2025 10:45;16.04
27/03/2025 11:00;16.04
27/03/2025 11:15;16.08
27/03/2025 11:30;16.1
27/03/2025 11:45;16.08
27/03/2025 12:00;16.04
27/03/2025 12:15;16.03
27/03/2025 12:30;16
27/03/2025 12:45;15.98
27/03/2025 13:00;15.97
27/03/2025 13:15;15.97
27/03/2025 13:30;15.97
27/03/2025 13:45;16.02
27/03/2025 14:00;16.01
27/03/2025 14:15;16.04
27/03/2025 14:30;16.02
27/03/2025 14:45;16
27/03/2025 15:00;16.04
27/03/2025 15:15;16.04
27/03/2025 15:30;16.06
27/03/2025 15:45;16.02
27/03/2025 16:00;16.01
27/03/2025 16:15;16.02
27/03/2025 16:30;16.01
27/03/2025 16:45;16
27/03/2025 17:00;16.01
27/03/2025 17:15;15.98
27/03/2025 17:30;15.97
27/03/2025 17:45;15.95
27/03/2025 18:00;16
27/03/2025 18:15;15.97
27/03/2025 18:30;15.99
27/03/2025 18:45;16.03
27/03/2025 19:00;16
27/03/2025 19:15;16.02
27/03/2025 19:30;16.04
27/03/2025 19:45;15.99
27/03/2025 20:00;16.02
27/03/2025 20:15;16.02
27/03/2025 20:30;15.99
27/03/2025 20:45;15.97
27/03/2025 21:00;16
27/03/2025 21:15;15.97
27/03/2025 21:30;15.98
27/03/2025 21:45;16.01
27/03/2025 22:00;16.04
27/03/2025 22:15;16.04
27/03/2025 22:30;15.99
27/03/2025 22:45;16.03
27/03/2025 23:00;16.04
27/03/2025 23:15;16.01
27/03/2025 23:30;16.04
27/03/2025 23:45;16.03
28/03/2025 00:00;16.02
28/03/2025 00:15;16.02
28/03/2025 00:30;15.99
28/03/2025 00:45;16.04
28/03/2025 01:00;16.02
28/03/2025 01:15;16.03
28/03/2025 01:30;16.01
28/03/2025 01:45;16.03
28/03/2025 02:00;15.98
28/03/2025 02:15;15.99
28/03/2025 02:30;15.98
28/03/2025 02:45;16
28/03/2025 03:00;16.04
28/03/2025 03:15;16
28/03/2025 03:30;16
28/03/2025 03:45;16.01
28/03/2025 04:00;16.03
28/03/2025 04:15;15.99
28/03/2025 04:30;16.02
28/03/2025 04:45;16.01
28/03/2025 05:00;16.04
28/03/2025 05:15;16.03
28/03/2025 05:30;16.02
28/03/2025 05:45;16.02
28/03/2025 06:00;16.02
28/03/2025 06:15;16.02
28/03/2025 06:30;16.08
28/03/2025 06:45;15.99
28/03/2025 07:00;16.04
28/03/2025 07:15;16.02
28/03/2025 07:30;16
28/03/2025 07:45;16.01
28/03/2025 08:00;16.04
28/03/2025 08:15;15.99
28/03/2025 08:30;16
28/03/2025 08:45;16.04
28/03/2025 09:00;16.04
28/03/2025 09:15;16.01
28/03/2025 09:30;16.02
28/03/2025 09:45;16.02
28/03/2025 10:00;16.03
28/03/2025 10:15;16.03
28/03/2025 10:30;16.02
28/03/2025 10:45;16.03
28/03/2025 11:00;16.03
28/03/2025 11:15;16.02
28/03/2025 11:30;16.01
28/03/2025 11:45;16.03
28/03/2025 12:00;16.02
28/03/2025 12:15;16.04
28/03/2025 12:30;16.01
28/03/2025 12:45;16.01
28/03/2025 13:00;16
28/03/2025 13:15;16.01
28/03/2025 13:30;16
28/03/2025 13:45;15.99
28/03/2025 14:00;16.03
28/03/2025 14:15;16.04
28/03/2025 14:30;16.04
28/03/2025 14:45;16.01
28/03/2025 15:00;16.01
28/03/2025 15:15;15.99
28/03/2025 15:30;15.97
28/03/2025 15:45;16
28/03/2025 16:00;16
28/03/2025 16:15;15.99
28/03/2025 16:30;15.99
28/03/2025 16:45;16.01
28/03/2025 17:00;16.01
28/03/2025 17:15;16
28/03/2025 17:30;16.02
28/03/2025 17:45;16
28/03/2025 18:00;15.98
28/03/2025 18:15;15.99
28/03/2025 18:30;15.98
28/03/2025 18:45;16
28/03/2025 19:00;15.98
28/03/2025 19:15;15.98
28/03/2025 19:30;16.03
28/03/2025 19:45;16.04
28/03/2025 20:00;15.96
28/03/2025 20:15;16
28/03/2025 20:30;15.97
28/03/2025 20:45;15.99
28/03/2025 21:00;16
28/03/2025 21:15;15.98
28/03/2025 21:30;15.98
28/03/2025 21:45;15.99
28/03/2025 22:00;16
28/03/2025 22:15;16.03
28/03/2025 22:30;15.99
28/03/2025 22:45;15.97
28/03/2025 23:00;15.96
28/03/2025 23:15;15.98
28/03/2025 23:30;15.96
28/03/2025 23:45;15.99
29/03/2025 00:00;15.96
29/03/2025 00:15;15.98
29/03/2025 00:30;15.97
29/03/2025 00:45;15.96
29/03/2025 01:00;15.96
29/03/2025 01:15;15.92
29/03/2025 01:30;15.94
29/03/2025 01:45;15.97
29/03/2025 02:00;15.94
29/03/2025 02:15;15.98
29/03/2025 02:30;15.99
29/03/2025 02:45;16
29/03/2025 03:00;16.01
29/03/2025 03:15;15.98
29/03/2025 03:30;15.97
29/03/2025 03:45;15.94
29/03/2025 04:00;15.97
29/03/2025 04:15;15.94
29/03/2025 04:30;15.95
29/03/2025 04:45;15.95
29/03/2025 05:00;15.97
29/03/2025 05:15;15.91
29/03/2025 05:30;15.94
29/03/2025 05:45;15.93
29/03/2025 06:00;15.98
29/03/2025 06:15;15.99
29/03/2025 06:30;16
29/03/2025 06:45;15.97
29/03/2025 07:00;15.99
29/03/2025 07:15;16
29/03/2025 07:30;16.03
29/03/2025 07:45;15.94
29/03/2025 08:00;15.93
29/03/2025 08:15;15.95
29/03/2025 08:30;15.96
29/03/2025 08:45;15.94
29/03/2025 09:00;15.97
29/03/2025 09:15;15.98
29/03/2025 09:30;15.98
29/03/2025 09:45;16.01
29/03/2025 10:00;16.01
29/03/2025 10:15;15.98
29/03/2025 10:30;15.97
29/03/2025 10:45;15.98
29/03/2025 11:00;15.99
29/03/2025 11:15;15.98
29/03/2025 11:30;15.98
29/03/2025 11:45;15.97
29/03/2025 12:00;15.96
29/03/2025 12:15;15.95
29/03/2025 12:30;15.96
29/03/2025 12:45;15.96
29/03/2025 13:00;15.99
29/03/2025 13:15;15.94
29/03/2025 13:30;15.97
29/03/2025 13:45;15.98
29/03/2025 14:00;15.94
29/03/2025 14:15;15.94
29/03/2025 14:30;15.98
29/03/2025 14:45;15.98
29/03/2025 15:00;15.96
29/03/2025 15:15;15.94
29/03/2025 15:30;15.96
29/03/2025 15:45;15.96
29/03/2025 16:00;15.95
29/03/2025 16:15;15.95
29/03/2025 16:30;15.93
29/03/2025 16:45;15.92
29/03/2025 17:00;15.89
29/03/2025 17:15;15.92
29/03/2025 17:30;15.95
29/03/2025 17:45;15.92
29/03/2025 18:00;15.92
29/03/2025 18:15;15.89
29/03/2025 18:30;15.9
29/03/2025 18:45;15.93
29/03/2025 19:00;15.85
29/03/2025 19:15;15.84
29/03/2025 19:30;15.86
29/03/2025 19:45;15.87
29/03/2025 20:00;15.91
29/03/2025 20:15;15.94
29/03/2025 20:30;15.92
29/03/2025 20:45;15.91
29/03/2025 21:00;15.91
29/03/2025 21:15;15.93
29/03/2025 21:30;15.94
29/03/2025 21:45;16
29/03/2025 22:00;15.95
29/03/2025 22:15;15.97
29/03/2025 22:30;15.96
29/03/2025 22:45;15.99
29/03/2025 23:00;15.96
29/03/2025 23:15;15.97
29/03/2025 23:30;15.92
29/03/2025 23:45;15.94
30/03/2025 00:00;15.93
30/03/2025 00:15;15.94
30/03/2025 00:30;15.93
30/03/2025 00:45;15.93
30/03/2025 01:00;15.96
30/03/2025 01:15;15.96
30/03/2025 01:30;15.96
30/03/2025 01:45;15.96
30/03/2025 02:00;""
30/03/2025 02:15;""
30/03/2025 02:30;""
30/03/2025 02:45;""
30/03/2025 03:00;15.96
30/03/2025 03:15;15.97
30/03/2025 03:30;15.97
30/03/2025 03:45;15.93
30/03/2025 04:00;15.93
30/03/2025 04:15;15.93
30/03/2025 04:30;15.91
30/03/2025 04:45;15.88
30/03/2025 05:00;15.91
30/03/2025 05:15;15.84
30/03/2025 05:30;15.88
30/03/2025 05:45;15.9
30/03/2025 06:00;15.9
30/03/2025 06:15;15.89
30/03/2025 06:30;15.94
30/03/2025 06:45;15.93
30/03/2025 07:00;15.95
30/03/2025 07:15;15.91
30/03/2025 07:30;15.93
30/03/2025 07:45;15.92
30/03/2025 08:00;15.91
30/03/2025 08:15;15.95
30/03/2025 08:30;15.92
30/03/2025 08:45;15.96
30/03/2025 09:00;15.9
30/03/2025 09:15;15.91
30/03/2025 09:30;15.89
30/03/2025 09:45;15.92
30/03/2025 10:00;15.95
30/03/2025 10:15;15.95
30/03/2025 10:30;15.96
30/03/2025 10:45;15.96
30/03/2025 11:00;15.94
30/03/2025 11:15;15.99
30/03/2025 11:30;15.94
30/03/2025 11:45;15.95
30/03/2025 12:00;15.95
30/03/2025 12:15;15.96
30/03/2025 12:30;15.9
30/03/2025 12:45;15.87
30/03/2025 13:00;15.91
30/03/2025 13:15;15.94
30/03/2025 13:30;15.92
30/03/2025 13:45;15.92
30/03/2025 14:00;15.89
30/03/2025 14:15;15.91
30/03/2025 14:30;15.89
30/03/2025 14:45;15.86
30/03/2025 15:00;15.9
30/03/2025 15:15;15.92
30/03/2025 15:30;15.9
30/03/2025 15:45;15.88
30/03/2025 16:00;15.87
30/03/2025 16:15;15.91
30/03/2025 16:30;15.89
30/03/2025 16:45;15.95
30/03/2025 17:00;15.89
30/03/2025 17:15;15.87
30/03/2025 17:30;15.87
30/03/2025 17:45;15.87
30/03/2025 18:00;15.88
30/03/2025 18:15;15.87
30/03/2025 18:30;15.87
30/03/2025 18:45;15.91
30/03/2025 19:00;15.89
30/03/2025 19:15;15.87
30/03/2025 19:30;15.87
30/03/2025 19:45;15.88
30/03/2025 20:00;15.9
30/03/2025 20:15;15.9
30/03/2025 20:30;15.92
30/03/2025 20:45;15.9
30/03/2025 21:00;15.85
30/03/2025 21:15;15.86
30/03/2025 21:30;15.84
30/03/2025 21:45;15.87
30/03/2025 22:00;15.94
30/03/2025 22:15;15.91
30/03/2025 22:30;15.87
30/03/2025 22:45;15.91
30/03/2025 23:00;15.9
30/03/2025 23:15;15.88
30/03/2025 23:30;15.92
30/03/2025 23:45;15.88
31/03/2025 00:00;15.89
31/03/2025 00:15;15.9
31/03/2025 00:30;15.9
31/03/2025 00:45;15.87
31/03/2025 01:00;15.86
31/03/2025 01:15;15.88
31/03/2025 01:30;15.89
31/03/2025 01:45;15.86
31/03/2025 02:00;15.88
31/03/2025 02:15;15.86
31/03/2025 02:30;15.86
31/03/2025 02:45;15.87
31/03/2025 03:00;15.87
31/03/2025 03:15;15.87
31/03/2025 03:30;15.86
31/03/2025 03:45;15.83
31/03/2025 04:00;15.85
31/03/2025 04:15;15.87
31/03/2025 04:30;15.88
31/03/2025 04:45;15.9
31/03/2025 05:00;15.89
31/03/2025 05:15;15.88
31/03/2025 05:30;15.87
31/03/2025 05:45;15.92
31/03/2025 06:00;15.88
31/03/2025 06:15;15.88
31/03/2025 06:30;15.88
31/03/2025 06:45;15.89
31/03/2025 07:00;15.91
31/03/2025 07:15;15.86
31/03/2025 07:30;15.85
31/03/2025 07:45;15.87
31/03/2025 08:00;15.84
31/03/2025 08:15;15.85
31/03/2025 08:30;15.87
31/03/2025 08:45;15.87
31/03/2025 09:00;15.86
31/03/2025 09:15;15.89
31/03/2025 09:30;15.88
31/03/2025 09:45;15.87
31/03/2025 10:00;15.86
31/03/2025 10:15;15.87
31/03/2025 10:30;15.82
31/03/2025 10:45;15.79
31/03/2025 11:00;15.8
31/03/2025 11:15;15.83
31/03/2025 11:30;15.8
31/03/2025 11:45;15.82
31/03/2025 12:00;15.85
31/03/2025 12:15;15.87
31/03/2025 12:30;15.9
31/03/2025 12:45;15.89
31/03/2025 13:00;15.84
31/03/2025 13:15;15.85
31/03/2025 13:30;15.86
31/03/2025 13:45;15.88
31/03/2025 14:00;15.9
31/03/2025 14:15;15.84
31/03/2025 14:30;15.82
31/03/2025 14:45;15.8
31/03/2025 15:00;15.79
31/03/2025 15:15;15.8
31/03/2025 15:30;15.79
31/03/2025 15:45;15.78
31/03/2025 16:00;15.83
31/03/2025 16:15;15.81
31/03/2025 16:30;15.83
31/03/2025 16:45;15.85
31/03/2025 17:00;15.82
31/03/2025 17:15;15.87
31/03/2025 17:30;15.84
31/03/2025 17:45;15.82
31/03/2025 18:00;15.84
31/03/2025 18:15;15.81
31/03/2025 18:30;15.82
31/03/2025 18:45;15.83
31/03/2025 19:00;15.84
31/03/2025 19:15;15.79
31/03/2025 19:30;15.83
31/03/2025 19:45;15.8
31/03/2025 20:00;15.79
31/03/2025 20:15;15.77
31/03/2025 20:30;15.78
31/03/2025 20:45;15.79
31/03/2025 21:00;15.79
31/03/2025 21:15;15.76
31/03/2025 21:30;15.73
31/03/2025 21:45;15.75
31/03/2025 22:00;15.74
31/03/2025 22:15;15.75
31/03/2025 22:30;15.77
31/03/2025 22:45;15.75
31/03/2025 23:00;15.74
31/03/2025 23:15;15.81
31/03/2025 23:30;15.76
31/03/2025 23:45;15.79
01/04/2025 00:00;15.84
01/04/2025 00:15;15.78
01/04/2025 00:30;15.78
01/04/2025 00:45;15.8
01/04/2025 01:00;15.79
01/04/2025 01:15;15.77
01/04/2025 01:30;15.78
01/04/2025 01:45;15.77
01/04/2025 02:00;15.78
01/04/2025 02:15;15.76
01/04/2025 02:30;15.75
01/04/2025 02:45;15.76
01/04/2025 03:00;15.8
01/04/2025 03:15;15.8
01/04/2025 03:30;15.85
01/04/2025 03:45;15.82
01/04/2025 04:00;15.83
01/04/2025 04:15;15.8
01/04/2025 04:30;15.8
01/04/2025 04:45;15.84
01/04/2025 05:00;15.82
01/04/2025 05:15;15.83
01/04/2025 05:30;15.83
01/04/2025 05:45;15.83
01/04/2025 06:00;15.83
01/04/2025 06:15;15.8
01/04/2025 06:30;15.78
01/04/2025 06:45;15.78
01/04/2025 07:00;15.8
01/04/2025 07:15;15.75
01/04/2025 07:30;15.84
01/04/2025 07:45;15.86
01/04/2025 08:00;15.87
01/04/2025 08:15;15.83
01/04/2025 08:30;15.82
01/04/2025 08:45;15.82
01/04/2025 09:00;15.95
01/04/2025 09:15;16.73
01/04/2025 09:30;16.82
01/04/2025 09:45;16.87
01/04/2025 10:00;16.9
01/04/2025 10:15;16.9
01/04/2025 10:30;16.95
01/04/2025 10:45;16.93
01/04/2025 11:00;16.91
01/04/2025 11:15;16.98
01/04/2025 11:30;16.98
01/04/2025 11:45;16.95
01/04/2025 12:00;16.95
01/04/2025 12:15;16.95
01/04/2025 12:30;16.95
01/04/2025 12:45;16.91
01/04/2025 13:00;16.93
01/04/2025 13:15;16.93
01/04/2025 13:30;17.01
01/04/2025 13:45;17.02
01/04/2025 14:00;17.01
01/04/2025 14:15;17.04
01/04/2025 14:30;17.07
01/04/2025 14:45;17.08
01/04/2025 15:00;17.06
01/04/2025 15:15;17.11
01/04/2025 15:30;17.04
01/04/2025 15:45;17.08
01/04/2025 16:00;17.08
01/04/2025 16:15;17.08
01/04/2025 16:30;17.04
01/04/2025 16:45;17.08
01/04/2025 17:00;17.07
01/04/2025 17:15;17.08
01/04/2025 17:30;17.08
01/04/2025 17:45;17.09
01/04/2025 18:00;17.04
01/04/2025 18:15;17.04
01/04/2025 18:30;17.04
01/04/2025 18:45;17.04
01/04/2025 19:00;17.03
01/04/2025 19:15;17.06
01/04/2025 19:30;17.04
01/04/2025 19:45;17.03
01/04/2025 20:00;17.03
01/04/2025 20:15;17
01/04/2025 20:30;17.03
01/04/2025 20:45;17.03
01/04/2025 21:00;17.04
01/04/2025 21:15;17.03
01/04/2025 21:30;17.25
01/04/2025 21:45;17.48
01/04/2025 22:00;17.45
01/04/2025 22:15;17.49
01/04/2025 22:30;17.5
01/04/2025 22:45;17.54
01/04/2025 23:00;17.48
01/04/2025 23:15;17.53
01/04/2025 23:30;17.52
01/04/2025 23:45;17.5
02/04/2025 00:00;17.48
02/04/2025 00:15;17.51
02/04/2025 00:30;17.53
02/04/2025 00:45;17.5
02/04/2025 01:00;17.5
02/04/2025 01:15;17.54
02/04/2025 01:30;17.57
02/04/2025 01:45;17.52
02/04/2025 02:00;17.48
02/04/2025 02:15;17.52
02/04/2025 02:30;17.56
02/04/2025 02:45;17.53
02/04/2025 03:00;17.49
02/04/2025 03:15;17.51
02/04/2025 03:30;17.49
02/04/2025 03:45;17.49
02/04/2025 04:00;17.57
02/04/2025 04:15;17.53
02/04/2025 04:30;17.54
02/04/2025 04:45;17.56
02/04/2025 05:00;17.53
02/04/2025 05:15;17.54
02/04/2025 05:30;17.52
02/04/2025 05:45;17.52
02/04/2025 06:00;17.51
02/04/2025 06:15;17.5
02/04/2025 06:30;17.5
02/04/2025 06:45;17.53
02/04/2025 07:00;17.52
02/04/2025 07:15;17.53
02/04/2025 07:30;17.51
02/04/2025 07:45;17.54
02/04/2025 08:00;17.5
02/04/2025 08:15;17.65
02/04/2025 08:30;17.68
02/04/2025 08:45;17.7
02/04/2025 09:00;17.71
02/04/2025 09:15;17.7
02/04/2025 09:30;17.71
02/04/2025 09:45;17.7
02/04/2025 10:00;17.69
02/04/2025 10:15;17.73
02/04/2025 10:30;17.71
02/04/2025 10:45;17.68
02/04/2025 11:00;17.7
02/04/2025 11:15;17.69
02/04/2025 11:30;17.75
02/04/2025 11:45;17.69
02/04/2025 12:00;17.7
02/04/2025 12:15;17.69
02/04/2025 12:30;17.74
02/04/2025 12:45;17.73
02/04/2025 13:00;17.71
02/04/2025 13:15;17.71
02/04/2025 13:30;17.7
02/04/2025 13:45;17.74
02/04/2025 14:00;17.71
02/04/2025 14:15;17.7
02/04/2025 14:30;17.73
02/04/2025 14:45;17.7
02/04/2025 15:00;17.69
02/04/2025 15:15;17.73
02/04/2025 15:30;17.69
02/04/2025 15:45;17.68
02/04/2025 16:00;17.69
02/04/2025 16:15;17.66
02/04/2025 16:30;17.69
02/04/2025 16:45;17.68
02/04/2025 17:00;17.69
02/04/2025 17:15;17.67
02/04/2025 17:30;17.65
02/04/2025 17:45;17.71
02/04/2025 18:00;17.7
02/04/2025 18:15;17.68
02/04/2025 18:30;17.62
02/04/2025 18:45;17.61
02/04/2025 19:00;17.64
02/04/2025 19:15;17.62
02/04/2025 19:30;17.67
02/04/2025 19:45;17.67
02/04/2025 20:00;17.74
02/04/2025 20:15;17.7
02/04/2025 20:30;17.66
02/04/2025 20:45;17.66
02/04/2025 21:00;17.67
02/04/2025 21:15;17.65
02/04/2025 21:30;17.66
02/04/2025 21:45;17.67
02/04/2025 22:00;17.64
02/04/2025 22:15;17.68
02/04/2025 22:30;17.66
02/04/2025 22:45;17.65
02/04/2025 23:00;17.67
02/04/2025 23:15;17.7
02/04/2025 23:30;17.71
02/04/2025 23:45;17.69
03/04/2025 00:00;17.67
03/04/2025 00:15;17.67
03/04/2025 00:30;17.67
03/04/2025 00:45;17.67
03/04/2025 01:00;17.7
03/04/2025 01:15;17.7
03/04/2025 01:30;17.7
03/04/2025 01:45;17.68
03/04/2025 02:00;17.66
03/04/2025 02:15;17.64
03/04/2025 02:30;17.64
03/04/2025 02:45;17.65
03/04/2025 03:00;17.67
03/04/2025 03:15;17.68
03/04/2025 03:30;17.7
03/04/2025 03:45;17.67
03/04/2025 04:00;17.68
03/04/2025 04:15;17.66
03/04/2025 04:30;17.65
03/04/2025 04:45;17.67
03/04/2025 05:00;17.7
03/04/2025 05:15;17.67
03/04/2025 05:30;17.7
03/04/2025 05:45;17.67
03/04/2025 06:00;17.66
03/04/2025 06:15;17.64
03/04/2025 06:30;17.66
03/04/2025 06:45;17.64
03/04/2025 07:00;17.66
03/04/2025 07:15;17.67
03/04/2025 07:30;17.66
03/04/2025 07:45;17.66
03/04/2025 08:00;17.68
03/04/2025 08:15;17.7
03/04/2025 08:30;17.66
03/04/2025 08:45;17.64
03/04/2025 09:00;17.7
03/04/2025 09:15;17.7
03/04/2025 09:30;17.69
03/04/2025 09:45;17.64
03/04/2025 10:00;17.64
03/04/2025 10:15;17.62
03/04/2025 10:30;17.65
03/04/2025 10:45;18.19
03/04/2025 11:00;18.43
03/04/2025 11:15;18.56
03/04/2025 11:30;18.52
03/04/2025 11:45;18.62
03/04/2025 12:00;18.64
03/04/2025 12:15;18.62
03/04/2025 12:30;18.57
03/04/2025 12:45;18.62
03/04/2025 13:00;18.6
03/04/2025 13:15;18.59
03/04/2025 13:30;18.6
03/04/2025 13:45;18.59
03/04/2025 14:00;18.62
03/04/2025 14:15;18.61
03/04/2025 14:30;18.56
03/04/2025 14:45;18.54
03/04/2025 15:00;18.6
03/04/2025 15:15;18.58
03/04/2025 15:30;18.54
03/04/2025 15:45;18.56
03/04/2025 16:00;18.6
03/04/2025 16:15;18.58
03/04/2025 16:30;18.64
03/04/2025 16:45;18.65
03/04/2025 17:00;18.64
03/04/2025 17:15;18.56
03/04/2025 17:30;18.61
03/04/2025 17:45;18.59
03/04/2025 18:00;18.61
03/04/2025 18:15;18.61
03/04/2025 18:30;18.61
03/04/2025 18:45;18.6
03/04/2025 19:00;18.61
03/04/2025 19:15;18.61
03/04/2025 19:30;18.6
03/04/2025 19:45;18.59
03/04/2025 20:00;18.6
03/04/2025 20:15;18.62
03/04/2025 20:30;18.64
03/04/2025 20:45;18.65
03/04/2025 21:00;18.62
03/04/2025 21:15;18.6
03/04/2025 21:30;18.62
03/04/2025 21:45;18.58
03/04/2025 22:00;18.62
03/04/2025 22:15;18.6
03/04/2025 22:30;18.58
03/04/2025 22:45;18.62
03/04/2025 23:00;18.54
03/04/2025 23:15;18.6
03/04/2025 23:30;18.59
03/04/2025 23:45;18.6
04/04/2025 00:00;18.6
04/04/2025 00:15;18.59
04/04/2025 00:30;18.56
04/04/2025 00:45;18.58
04/04/2025 01:00;18.61
04/04/2025 01:15;18.58
04/04/2025 01:30;18.57
04/04/2025 01:45;18.57
04/04/2025 02:00;18.56
04/04/2025 02:15;18.52
04/04/2025 02:30;18.53
04/04/2025 02:45;18.56
04/04/2025 03:00;18.59
04/04/2025 03:15;18.58
04/04/2025 03:30;18.61
04/04/2025 03:45;18.57
04/04/2025 04:00;18.6
04/04/2025 04:15;18.62
04/04/2025 04:30;18.61
04/04/2025 04:45;18.59
04/04/2025 05:00;18.59
04/04/2025 05:15;18.57
04/04/2025 05:30;18.59
04/04/2025 05:45;18.62
04/04/2025 06:00;18.54
04/04/2025 06:15;18.59
04/04/2025 06:30;18.54
04/04/2025 06:45;18.54
04/04/2025 07:00;18.59
04/04/2025 07:15;18.57
04/04/2025 07:30;18.54
04/04/2025 07:45;18.57
04/04/2025 08:00;18.59
04/04/2025 08:15;18.56
04/04/2025 08:30;18.54
04/04/2025 08:45;18.54
04/04/2025 09:00;18.57
04/04/2025 09:15;18.54
04/04/2025 09:30;18.65
04/04/2025 09:45;18.6
04/04/2025 10:00;18.6
04/04/2025 10:15;18.6
04/04/2025 10:30;18.6
04/04/2025 10:45;18.62
04/04/2025 11:00;18.59
04/04/2025 11:15;18.6
04/04/2025 11:30;18.61
04/04/2025 11:45;18.58
04/04/2025 12:00;18.66
04/04/2025 12:15;18.64
04/04/2025 12:30;18.57
04/04/2025 12:45;18.62
04/04/2025 13:00;18.53
04/04/2025 13:15;18.62
04/04/2025 13:30;18.57
04/04/2025 13:45;18.59
04/04/2025 14:00;18.59
04/04/2025 14:15;18.62
04/04/2025 14:30;18.57
04/04/2025 14:45;18.61
04/04/2025 15:00;18.62
04/04/2025 15:15;18.56
04/04/2025 15:30;18.6
04/04/2025 15:45;18.58
04/04/2025 16:00;18.61
04/04/2025 16:15;18.58
04/04/2025 16:30;18.58
04/04/2025 16:45;18.59
04/04/2025 17:00;18.57
04/04/2025 17:15;18.59
04/04/2025 17:30;18.59
04/04/2025 17:45;18.57
04/04/2025 18:00;18.58
04/04/2025 18:15;18.59
04/04/2025 18:30;18.59
04/04/2025 18:45;18.56
04/04/2025 19:00;18.54
04/04/2025 19:15;18.56
04/04/2025 19:30;18.57
04/04/2025 19:45;18.54
04/04/2025 20:00;18.57
04/04/2025 20:15;18.56
04/04/2025 20:30;18.57
04/04/2025 20:45;18.57
04/04/2025 21:00;18.53
04/04/2025 21:15;18.59
04/04/2025 21:30;18.53
04/04/2025 21:45;18.52
04/04/2025 22:00;18.56
04/04/2025 22:15;18.52
04/04/2025 22:30;18.56
04/04/2025 22:45;18.57
04/04/2025 23:00;18.58
04/04/2025 23:15;18.58
04/04/2025 23:30;18.6
04/04/2025 23:45;18.61
05/04/2025 00:00;18.58
05/04/2025 00:15;18.57
05/04/2025 00:30;18.54
05/04/2025 00:45;18.58
05/04/2025 01:00;18.6
05/04/2025 01:15;18.54
05/04/2025 01:30;18.54
05/04/2025 01:45;18.58
05/04/2025 02:00;18.58
05/04/2025 02:15;18.54
05/04/2025 02:30;18.54
05/04/2025 02:45;18.57
05/04/2025 03:00;18.56
05/04/2025 03:15;18.54
05/04/2025 03:30;18.52
05/04/2025 03:45;18.57
05/04/2025 04:00;18.59
05/04/2025 04:15;18.62
05/04/2025 04:30;18.62
05/04/2025 04:45;18.62
05/04/2025 05:00;18.61
05/04/2025 05:15;18.6
05/04/2025 05:30;18.65
05/04/2025 05:45;18.59
05/04/2025 06:00;18.57
05/04/2025 06:15;18.59
05/04/2025 06:30;18.59
05/04/2025 06:45;18.57
05/04/2025 07:00;18.58
05/04/2025 07:15;18.62
05/04/2025 07:30;18.62
05/04/2025 07:45;18.59
05/04/2025 08:00;18.58
05/04/2025 08:15;18.65
05/04/2025 08:30;18.61
05/04/2025 08:45;18.6
05/04/2025 09:00;18.62
05/04/2025 09:15;18.58
05/04/2025 09:30;18.61
05/04/2025 09:45;18.61
05/04/2025 10:00;18.6
05/04/2025 10:15;18.6
05/04/2025 10:30;18.61
05/04/2025 10:45;18.59
05/04/2025 11:00;18.59
05/04/2025 11:15;18.54
05/04/2025 11:30;18.58
05/04/2025 11:45;18.56
05/04/2025 12:00;18.6
05/04/2025 12:15;18.61
05/04/2025 12:30;18.6
05/04/2025 12:45;18.56
05/04/2025 13:00;18.59
05/04/2025 13:15;18.62
05/04/2025 13:30;18.64
05/04/2025 13:45;18.58
05/04/2025 14:00;18.58
05/04/2025 14:15;18.57
05/04/2025 14:30;18.52
05/04/2025 14:45;18.6
05/04/2025 15:00;18.59
05/04/2025 15:15;18.56
05/04/2025 15:30;18.54
05/04/2025 15:45;18.54
05/04/2025 16:00;18.54
05/04/2025 16:15;18.56
05/04/2025 16:30;18.59
05/04/2025 16:45;18.58
05/04/2025 17:00;18.59
05/04/2025 17:15;18.58
05/04/2025 17:30;18.61
05/04/2025 17:45;18.62
05/04/2025 18:00;18.6
05/04/2025 18:15;18.59
05/04/2025 18:30;18.56
05/04/2025 18:45;18.54
05/04/2025 19:00;18.56
05/04/2025 19:15;18.56
05/04/2025 19:30;18.6
05/04/2025 19:45;18.57
05/04/2025 20:00;18.56
05/04/2025 20:15;18.6
05/04/2025 20:30;18.6
05/04/2025 20:45;18.57
05/04/2025 21:00;18.57
05/04/2025 21:15;18.62
05/04/2025 21:30;18.59
05/04/2025 21:45;18.61
05/04/2025 22:00;18.6
05/04/2025 22:15;18.58
05/04/2025 22:30;18.59
05/04/2025 22:45;18.58
05/04/2025 23:00;18.59
05/04/2025 23:15;18.59
05/04/2025 23:30;18.59
05/04/2025 23:45;18.56
06/04/2025 00:00;18.54
06/04/2025 00:15;18.57
06/04/2025 00:30;18.57
06/04/2025 00:45;18.56
06/04/2025 01:00;18.58
06/04/2025 01:15;18.62
06/04/2025 01:30;18.61
06/04/2025 01:45;18.59
06/04/2025 02:00;18.59
06/04/2025 02:15;18.6
06/04/2025 02:30;18.62
06/04/2025 02:45;18.61
06/04/2025 03:00;18.66
06/04/2025 03:15;18.58
06/04/2025 03:30;18.64
06/04/2025 03:45;18.58
06/04/2025 04:00;18.59
06/04/2025 04:15;18.61
06/04/2025 04:30;18.61
06/04/2025 04:45;18.7
06/04/2025 05:00;18.65
06/04/2025 05:15;18.68
06/04/2025 05:30;18.62
06/04/2025 05:45;18.62
06/04/2025 06:00;18.62
06/04/2025 06:15;18.62
06/04/2025 06:30;18.69
06/04/2025 06:45;18.69
06/04/2025 07:00;18.65
06/04/2025 07:15;18.66
06/04/2025 07:30;18.66
06/04/2025 07:45;18.67
06/04/2025 08:00;18.67
06/04/2025 08:15;18.66
06/04/2025 08:30;18.68
06/04/2025 08:45;18.68
06/04/2025 09:00;18.69
06/04/2025 09:15;18.69
06/04/2025 09:30;18.68
06/04/2025 09:45;18.7
06/04/2025 10:00;18.7
06/04/2025 10:15;18.68
06/04/2025 10:30;18.7
06/04/2025 10:45;18.67
06/04/2025 11:00;18.68
06/04/2025 11:15;18.67
06/04/2025 11:30;18.69
06/04/2025 11:45;18.69
06/04/2025 12:00;18.66
06/04/2025 12:15;18.64
06/04/2025 12:30;18.66
06/04/2025 12:45;18.69
06/04/2025 13:00;18.69
06/04/2025 13:15;18.68
06/04/2025 13:30;18.66
06/04/2025 13:45;18.62
06/04/2025 14:00;18.64
06/04/2025 14:15;18.66
06/04/2025 14:30;18.62
06/04/2025 14:45;18.65
06/04/2025 15:00;18.62
06/04/2025 15:15;18.61
06/04/2025 15:30;18.64
06/04/2025 15:45;18.62
06/04/2025 16:00;18.62
06/04/2025 16:15;18.62
06/04/2025 16:30;18.61
06/04/2025 16:45;18.64
06/04/2025 17:00;18.62
06/04/2025 17:15;18.59
06/04/2025 17:30;18.61
06/04/2025 17:45;18.62
06/04/2025 18:00;18.65
06/04/2025 18:15;18.6
06/04/2025 18:30;18.59
06/04/2025 18:45;18.62
06/04/2025 19:00;18.62
06/04/2025 19:15;18.58
06/04/2025 19:30;18.64
06/04/2025 19:45;18.62
06/04/2025 20:00;18.6
06/04/2025 20:15;18.56
06/04/2025 20:30;18.61
06/04/2025 20:45;18.59
06/04/2025 21:00;18.62
06/04/2025 21:15;18.59
06/04/2025 21:30;18.6
06/04/2025 21:45;18.59
06/04/2025 22:00;18.64
06/04/2025 22:15;18.65
06/04/2025 22:30;18.64
06/04/2025 22:45;18.62
06/04/2025 23:00;18.64
06/04/2025 23:15;18.6
06/04/2025 23:30;18.66
06/04/2025 23:45;18.65
07/04/2025 00:00;18.64
07/04/2025 00:15;18.65
07/04/2025 00:30;18.62
07/04/2025 00:45;18.61
07/04/2025 01:00;18.61
07/04/2025 01:15;18.62
07/04/2025 01:30;18.66
07/04/2025 01:45;18.65
07/04/2025 02:00;18.62
07/04/2025 02:15;18.66
07/04/2025 02:30;18.68
07/04/2025 02:45;18.59
07/04/2025 03:00;18.6
07/04/2025 03:15;18.61
07/04/2025 03:30;18.64
07/04/2025 03:45;18.66
07/04/2025 04:00;18.68
07/04/2025 04:15;18.69
07/04/2025 04:30;18.67
07/04/2025 04:45;18.62
07/04/2025 05:00;18.65
07/04/2025 05:15;18.65
07/04/2025 05:30;18.65
07/04/2025 05:45;18.7
07/04/2025 06:00;18.74
07/04/2025 06:15;18.69
07/04/2025 06:30;18.65
07/04/2025 06:45;18.68
07/04/2025 07:00;18.69
07/04/2025 07:15;18.65
07/04/2025 07:30;18.71
07/04/2025 07:45;18.75
07/04/2025 08:00;18.66
07/04/2025 08:15;18.69
07/04/2025 08:30;18.66
07/04/2025 08:45;18.69
07/04/2025 09:00;18.69
07/04/2025 09:15;18.68
07/04/2025 09:30;18.73
07/04/2025 09:45;18.71
07/04/2025 10:00;18.7
07/04/2025 10:15;18.71
07/04/2025 10:30;18.75
07/04/2025 10:45;18.74
07/04/2025 11:00;18.7
07/04/2025 11:15;18.74
07/04/2025 11:30;18.7
07/04/2025 11:45;18.69
07/04/2025 12:00;18.65
07/04/2025 12:15;18.62
07/04/2025 12:30;18.65
07/04/2025 12:45;18.64
07/04/2025 13:00;18.65
07/04/2025 13:15;18.65
07/04/2025 13:30;18.65
07/04/2025 13:45;18.65
07/04/2025 14:00;18.64
07/04/2025 14:15;18.66
07/04/2025 14:30;18.62
07/04/2025 14:45;18.64
07/04/2025 15:00;18.66
07/04/2025 15:15;18.64
07/04/2025 15:30;18.62
07/04/2025 15:45;18.59
07/04/2025 16:00;18.6
07/04/2025 16:15;18.64
07/04/2025 16:30;18.6
07/04/2025 16:45;18.58
07/04/2025 17:00;18.6
07/04/2025 17:15;18.59
07/04/2025 17:30;18.62
07/04/2025 17:45;18.62
07/04/2025 18:00;18.66
07/04/2025 18:15;18.61
07/04/2025 18:30;18.66
07/04/2025 18:45;18.62
07/04/2025 19:00;18.66
07/04/2025 19:15;18.65
07/04/2025 19:30;18.64
07/04/2025 19:45;18.62
07/04/2025 20:00;18.57
07/04/2025 20:15;18.58
07/04/2025 20:30;18.59
07/04/2025 20:45;18.59
07/04/2025 21:00;18.59
07/04/2025 21:15;18.53
07/04/2025 21:30;18.66
07/04/2025 21:45;18.64
07/04/2025 22:00;18.64
07/04/2025 22:15;18.61
07/04/2025 22:30;18.62
07/04/2025 22:45;18.62
07/04/2025 23:00;18.66
07/04/2025 23:15;18.62
07/04/2025 23:30;18.66
07/04/2025 23:45;18.62
08/04/2025 00:00;18.62
08/04/2025 00:15;18.66
08/04/2025 00:30;18.61
08/04/2025 00:45;18.64
08/04/2025 01:00;18.61
08/04/2025 01:15;18.6
08/04/2025 01:30;18.6
08/04/2025 01:45;18.62
08/04/2025 02:00;18.62
08/04/2025 02:15;18.66
08/04/2025 02:30;18.65
08/04/2025 02:45;18.64
08/04/2025 03:00;18.66
08/04/2025 03:15;18.67
08/04/2025 03:30;18.65
08/04/2025 03:45;18.62
08/04/2025 04:00;18.65
08/04/2025 04:15;18.62
08/04/2025 04:30;18.73
08/04/2025 04:45;18.65
08/04/2025 05:00;18.68
08/04/2025 05:15;18.65
08/04/2025 05:30;18.65
08/04/2025 05:45;18.64
08/04/2025 06:00;18.67
08/04/2025 06:15;18.7
08/04/2025 06:30;18.7
08/04/2025 06:45;18.68
08/04/2025 07:00;18.66
08/04/2025 07:15;18.75
08/04/2025 07:30;18.7
08/04/2025 07:45;18.66
08/04/2025 08:00;18.7
08/04/2025 08:15;18.66
08/04/2025 08:30;18.67
08/04/2025 08:45;18.69
08/04/2025 09:00;18.68
08/04/2025 09:15;18.69
08/04/2025 09:30;19.57
08/04/2025 09:45;20.95
08/04/2025 10:00;21.61
08/04/2025 10:15;21.74
08/04/2025 10:30;21.82
08/04/2025 10:45;21.83
08/04/2025 11:00;21.9
08/04/2025 11:15;21.83
08/04/2025 11:30;21.69
08/04/2025 11:45;21.71
08/04/2025 12:00;21.72
08/04/2025 12:15;21.71
08/04/2025 12:30;21.61
08/04/2025 12:45;21.59
08/04/2025 13:00;21.6
08/04/2025 13:15;21.61
08/04/2025 13:30;21.58
08/04/2025 13:45;21.61
08/04/2025 14:00;21.67
08/04/2025 14:15;21.66
08/04/2025 14:30;21.65
08/04/2025 14:45;21.62
08/04/2025 15:00;21.63
08/04/2025 15:15;21.63
08/04/2025 15:30;21.65
08/04/2025 15:45;21.64
08/04/2025 16:00;21.58
08/04/2025 16:15;21.64
08/04/2025 16:30;21.62
08/04/2025 16:45;21.58
08/04/2025 17:00;21.54
08/04/2025 17:15;21.56
08/04/2025 17:30;21.59
08/04/2025 17:45;21.56
08/04/2025 18:00;21.61
08/04/2025 18:15;21.59
08/04/2025 18:30;21.57
08/04/2025 18:45;21.55
08/04/2025 19:00;21.59
08/04/2025 19:15;21.62
08/04/2025 19:30;21.65
08/04/2025 19:45;21.6
08/04/2025 20:00;21.6
08/04/2025 20:15;21.65
08/04/2025 20:30;21.56
08/04/2025 20:45;21.6
08/04/2025 21:00;21.59
08/04/2025 21:15;21.58
08/04/2025 21:30;21.57
08/04/2025 21:45;21.63
08/04/2025 22:00;21.6
08/04/2025 22:15;21.57
08/04/2025 22:30;21.57
08/04/2025 22:45;21.62
08/04/2025 23:00;21.63
08/04/2025 23:15;21.64
08/04/2025 23:30;21.58
08/04/2025 23:45;21.57
09/04/2025 00:00;21.63
09/04/2025 00:15;21.6
09/04/2025 00:30;21.63
09/04/2025 00:45;21.62
09/04/2025 01:00;21.6
09/04/2025 01:15;21.66
09/04/2025 01:30;21.64
09/04/2025 01:45;21.62
09/04/2025 02:00;21.57
09/04/2025 02:15;21.61
09/04/2025 02:30;21.6
09/04/2025 02:45;21.58
09/04/2025 03:00;21.57
09/04/2025 03:15;21.58
09/04/2025 03:30;21.6
09/04/2025 03:45;21.6
09/04/2025 04:00;21.63
09/04/2025 04:15;21.65
09/04/2025 04:30;21.6
09/04/2025 04:45;21.68
09/04/2025 05:00;21.6
09/04/2025 05:15;21.68
09/04/2025 05:30;21.67
09/04/2025 05:45;21.68
09/04/2025 06:00;21.71
09/04/2025 06:15;21.64
09/04/2025 06:30;21.64
09/04/2025 06:45;21.63
09/04/2025 07:00;21.61
09/04/2025 07:15;21.58
09/04/2025 07:30;21.59
09/04/2025 07:45;21.64
09/04/2025 08:00;21.62
09/04/2025 08:15;21.66
09/04/2025 08:30;21.64
09/04/2025 08:45;21.63
09/04/2025 09:00;21.61
09/04/2025 09:15;21.64
09/04/2025 09:30;21.67
09/04/2025 09:45;21.68
09/04/2025 10:00;21.61
09/04/2025 10:15;21.63
09/04/2025 10:30;21.61
09/04/2025 10:45;21.68
09/04/2025 11:00;21.66
09/04/2025 11:15;21.65
09/04/2025 11:30;21.62
09/04/2025 11:45;21.63
09/04/2025 12:00;21.65
09/04/2025 12:15;21.59
09/04/2025 12:30;21.64
09/04/2025 12:45;21.64
09/04/2025 13:00;21.57
09/04/2025 13:15;21.57
09/04/2025 13:30;21.61
09/04/2025 13:45;21.59
09/04/2025 14:00;21.55
09/04/2025 14:15;21.55
09/04/2025 14:30;21.58
09/04/2025 14:45;21.53
09/04/2025 15:00;21.58
09/04/2025 15:15;21.61
09/04/2025 15:30;21.54
09/04/2025 15:45;21.55
09/04/2025 16:00;21.6
09/04/2025 16:15;21.53
09/04/2025 16:30;21.56
09/04/2025 16:45;21.58
09/04/2025 17:00;21.58
09/04/2025 17:15;21.52
09/04/2025 17:30;21.55
09/04/2025 17:45;21.55
09/04/2025 18:00;21.56
09/04/2025 18:15;21.54
09/04/2025 18:30;21.53
09/04/2025 18:45;21.51
09/04/2025 19:00;21.5
09/04/2025 19:15;21.55
09/04/2025 19:30;21.47
09/04/2025 19:45;21.51
09/04/2025 20:00;21.5
09/04/2025 20:15;21.48
09/04/2025 20:30;21.54
09/04/2025 20:45;21.55
09/04/2025 21:00;21.52
09/04/2025 21:15;21.47
09/04/2025 21:30;21.5
09/04/2025 21:45;21.57
09/04/2025 22:00;21.5
09/04/2025 22:15;23.15
09/04/2025 22:30;23.92
09/04/2025 22:45;24.05
09/04/2025 23:00;24.16
09/04/2025 23:15;24.17
09/04/2025 23:30;24.19
09/04/2025 23:45;24.17
10/04/2025 00:00;24.13
10/04/2025 00:15;24.13
10/04/2025 00:30;24.18
10/04/2025 00:45;24.17
10/04/2025 01:00;24.18
10/04/2025 01:15;24.15
10/04/2025 01:30;24.2
10/04/2025 01:45;24.17
10/04/2025 02:00;24.16
10/04/2025 02:15;24.17
10/04/2025 02:30;24.19
10/04/2025 02:45;24.17
10/04/2025 03:00;24.25
10/04/2025 03:15;24.14
10/04/2025 03:30;24.16
10/04/2025 03:45;24.16
10/04/2025 04:00;24.13
10/04/2025 04:15;24.1
10/04/2025 04:30;24.18
10/04/2025 04:45;24.15
10/04/2025 05:00;24.14
10/04/2025 05:15;24.14
10/04/2025 05:30;24.14
10/04/2025 05:45;24.14
10/04/2025 06:00;24.15
10/04/2025 06:15;24.16
10/04/2025 06:30;24.11
10/04/2025 06:45;24.15
10/04/2025 07:00;24.17
10/04/2025 07:15;24.13
10/04/2025 07:30;24.1
10/04/2025 07:45;24.13
10/04/2025 08:00;24.08
10/04/2025 08:15;24.12
10/04/2025 08:30;24.11
10/04/2025 08:45;24.1
10/04/2025 09:00;24.16
10/04/2025 09:15;24.14
10/04/2025 09:30;24.11
10/04/2025 09:45;24.11
10/04/2025 10:00;24.11
10/04/2025 10:15;24.13
10/04/2025 10:30;24.61
10/04/2025 10:45;25.12
10/04/2025 11:00;25.2
10/04/2025 11:15;25.25
10/04/2025 11:30;25.2
10/04/2025 11:45;25.26
10/04/2025 12:00;25.25
10/04/2025 12:15;25.28
10/04/2025 12:30;25.27
10/04/2025 12:45;25.22
10/04/2025 13:00;25.26
10/04/2025 13:15;25.3
10/04/2025 13:30;25.33
10/04/2025 13:45;25.24
10/04/2025 14:00;25.27
10/04/2025 14:15;25.26
10/04/2025 14:30;25.28
10/04/2025 14:45;25.1
10/04/2025 15:00;25.06
10/04/2025 15:15;25.08
10/04/2025 15:30;25.08
10/04/2025 15:45;25.03
10/04/2025 16:00;25.07
10/04/2025 16:15;25
10/04/2025 16:30;25.06
10/04/2025 16:45;25.07
10/04/2025 17:00;25.12
10/04/2025 17:15;25.08
10/04/2025 17:30;25.08
10/04/2025 17:45;25.12
10/04/2025 18:00;25.08
10/04/2025 18:15;25.09
10/04/2025 18:30;25.06
10/04/2025 18:45;25.14
10/04/2025 19:00;25.08
10/04/2025 19:15;25.03
10/04/2025 19:30;25.07
10/04/2025 19:45;25.02
10/04/2025 20:00;25.07
10/04/2025 20:15;25.07
10/04/2025 20:30;25.04
10/04/2025 20:45;25.11
10/04/2025 21:00;25.06
10/04/2025 21:15;25.09
10/04/2025 21:30;25.06
10/04/2025 21:45;25.03
10/04/2025 22:00;25.07
10/04/2025 22:15;25.05
10/04/2025 22:30;25.1
10/04/2025 22:45;25.11
10/04/2025 23:00;25.05
10/04/2025 23:15;25.01
10/04/2025 23:30;25.03
10/04/2025 23:45;25.03
11/04/2025 00:00;25.07
11/04/2025 00:15;25.07
11/04/2025 00:30;25.12
11/04/2025 00:45;25.07
11/04/2025 01:00;25.02
11/04/2025 01:15;25.08
11/04/2025 01:30;25.06
11/04/2025 01:45;25.03
11/04/2025 02:00;25.02
11/04/2025 02:15;25.05
11/04/2025 02:30;25.07
11/04/2025 02:45;25.06
11/04/2025 03:00;25.04
11/04/2025 03:15;25
11/04/2025 03:30;25.03
11/04/2025 03:45;24.98
11/04/2025 04:00;25
11/04/2025 04:15;25.02
11/04/2025 04:30;25.06
11/04/2025 04:45;25.11
11/04/2025 05:00;25.04
11/04/2025 05:15;25.02
11/04/2025 05:30;25
11/04/2025 05:45;24.96
11/04/2025 06:00;25.01
11/04/2025 06:15;25.06
11/04/2025 06:30;25.02
11/04/2025 06:45;25.01
11/04/2025 07:00;25
11/04/2025 07:15;24.98
11/04/2025 07:30;25.01
11/04/2025 07:45;25
11/04/2025 08:00;25.04
11/04/2025 08:15;24.97
11/04/2025 08:30;25.01
11/04/2025 08:45;25.04
11/04/2025 09:00;25.06
11/04/2025 09:15;24.97
11/04/2025 09:30;25.01
11/04/2025 09:45;25.03
11/04/2025 10:00;25.05
11/04/2025 10:15;24.99
11/04/2025 10:30;24.98
11/04/2025 10:45;25.03
11/04/2025 11:00;25.01
11/04/2025 11:15;25.01
11/04/2025 11:30;24.95
11/04/2025 11:45;24.98
11/04/2025 12:00;24.96
11/04/2025 12:15;24.92
11/04/2025 12:30;24.99
11/04/2025 12:45;25.04
11/04/2025 13:00;25.01
11/04/2025 13:15;25
11/04/2025 13:30;25.01
11/04/2025 13:45;25
11/04/2025 14:00;24.98
11/04/2025 14:15;25.02
11/04/2025 14:30;25.03
11/04/2025 14:45;25.04
11/04/2025 15:00;25.07
11/04/2025 15:15;25.02
11/04/2025 15:30;25.02
11/04/2025 15:45;24.98
11/04/2025 16:00;25.03
11/04/2025 16:15;25.02
11/04/2025 16:30;25.02
11/04/2025 16:45;24.99
11/04/2025 17:00;24.99
11/04/2025 17:15;25
11/04/2025 17:30;24.96
11/04/2025 17:45;25.04
11/04/2025 18:00;24.95
11/04/2025 18:15;24.97
11/04/2025 18:30;24.95
11/04/2025 18:45;24.97
11/04/2025 19:00;24.99
11/04/2025 19:15;25
11/04/2025 19:30;24.99
11/04/2025 19:45;25.02
11/04/2025 20:00;25.02
11/04/2025 20:15;25.03
11/04/2025 20:30;25
11/04/2025 20:45;24.94
11/04/2025 21:00;24.95
11/04/2025 21:15;25.04
11/04/2025 21:30;23.95
11/04/2025 21:45;23.38
11/04/2025 22:00;23.27
11/04/2025 22:15;23.26
11/04/2025 22:30;23.21
11/04/2025 22:45;23.16
11/04/2025 23:00;23.18
11/04/2025 23:15;23.2
11/04/2025 23:30;23.2
11/04/2025 23:45;23.22
12/04/2025 00:00;23.15
12/04/2025 00:15;23.2
12/04/2025 00:30;23.19
12/04/2025 00:45;23.17
12/04/2025 01:00;23.14
12/04/2025 01:15;23.15
12/04/2025 01:30;23.17
12/04/2025 01:45;23.12
12/04/2025 02:00;23.12
12/04/2025 02:15;23.16
12/04/2025 02:30;23.16
12/04/2025 02:45;23.12
12/04/2025 03:00;23.13
12/04/2025 03:15;23.2
12/04/2025 03:30;23.12
12/04/2025 03:45;23.13
12/04/2025 04:00;23.16
12/04/2025 04:15;23.17
12/04/2025 04:30;23.16
12/04/2025 04:45;23.19
12/04/2025 05:00;23.2
12/04/2025 05:15;23.17
12/04/2025 05:30;23.14
12/04/2025 05:45;23.13
12/04/2025 06:00;23.18
12/04/2025 06:15;23.13
12/04/2025 06:30;23.13
12/04/2025 06:45;23.11
12/04/2025 07:00;23.1
12/04/2025 07:15;23.08
12/04/2025 07:30;23.12
12/04/2025 07:45;23.2
12/04/2025 08:00;23.11
12/04/2025 08:15;23.17
12/04/2025 08:30;23.21
12/04/2025 08:45;23.15
12/04/2025 09:00;23.14
12/04/2025 09:15;23.13
12/04/2025 09:30;23.06
12/04/2025 09:45;23.17
12/04/2025 10:00;23.16
12/04/2025 10:15;23.13
12/04/2025 10:30;23.2
12/04/2025 10:45;23.18
12/04/2025 11:00;23.11
12/04/2025 11:15;23.12
12/04/2025 11:30;23.11
12/04/2025 11:45;23.18
12/04/2025 12:00;23.15
12/04/2025 12:15;23.15
12/04/2025 12:30;23.17
12/04/2025 12:45;23.14
12/04/2025 13:00;23.13
12/04/2025 13:15;23.1
12/04/2025 13:30;23.11
12/04/2025 13:45;23.1
12/04/2025 14:00;23.15
12/04/2025 14:15;23.15
12/04/2025 14:30;23.12
12/04/2025 14:45;23.08
12/04/2025 15:00;23.09
12/04/2025 15:15;23.1
12/04/2025 15:30;23.11
12/04/2025 15:45;23.1
12/04/2025 16:00;23.11
12/04/2025 16:15;23.13
12/04/2025 16:30;23.12
12/04/2025 16:45;23.11
12/04/2025 17:00;23.1
12/04/2025 17:15;23.08
12/04/2025 17:30;23.08
12/04/2025 17:45;23.08
12/04/2025 18:00;23.08
12/04/2025 18:15;23.01
12/04/2025 18:30;23.06
12/04/2025 18:45;23.04
12/04/2025 19:00;23.07
12/04/2025 19:15;23.07
12/04/2025 19:30;23.08
12/04/2025 19:45;23.07
12/04/2025 20:00;23.16
12/04/2025 20:15;23.13
12/04/2025 20:30;23.14
12/04/2025 20:45;23.09
12/04/2025 21:00;23.1
12/04/2025 21:15;23.07
12/04/2025 21:30;23.09
12/04/2025 21:45;23.06
12/04/2025 22:00;22.64
12/04/2025 22:15;21.6
12/04/2025 22:30;21.44
12/04/2025 22:45;21.43
12/04/2025 23:00;21.42
12/04/2025 23:15;21.35
12/04/2025 23:30;21.37
12/04/2025 23:45;21.37
13/04/2025 00:00;21.35
13/04/2025 00:15;21.39
13/04/2025 00:30;21.38
13/04/2025 00:45;21.34
13/04/2025 01:00;21.36
13/04/2025 01:15;21.38
13/04/2025 01:30;21.34
13/04/2025 01:45;21.28
13/04/2025 02:00;21.39
13/04/2025 02:15;21.29
13/04/2025 02:30;21.33
13/04/2025 02:45;21.28
13/04/2025 03:00;21.38
13/04/2025 03:15;21.35
13/04/2025 03:30;21.39
13/04/2025 03:45;21.31
13/04/2025 04:00;21.35
13/04/2025 04:15;21.37
13/04/2025 04:30;21.31
13/04/2025 04:45;21.36
13/04/2025 05:00;21.29
13/04/2025 05:15;21.32
13/04/2025 05:30;21.23
13/04/2025 05:45;21.32
13/04/2025 06:00;21.29
13/04/2025 06:15;21.25
13/04/2025 06:30;21.24
13/04/2025 06:45;21.29
13/04/2025 07:00;21.34
13/04/2025 07:15;21.33
13/04/2025 07:30;21.35
13/04/2025 07:45;21.34
13/04/2025 08:00;21.35
13/04/2025 08:15;21.31
13/04/2025 08:30;21.31
13/04/2025 08:45;21.3
13/04/2025 09:00;21.3
13/04/2025 09:15;21.31
13/04/2025 09:30;21.35
13/04/2025 09:45;21.32
13/04/2025 10:00;21.39
13/04/2025 10:15;22.52
13/04/2025 10:30;22.78
13/04/2025 10:45;22.87
13/04/2025 11:00;22.93
13/04/2025 11:15;22.99
13/04/2025 11:30;22.94
13/04/2025 11:45;22.96
13/04/2025 12:00;22.93
13/04/2025 12:15;22.96
13/04/2025 12:30;22.93
13/04/2025 12:45;22.96
13/04/2025 13:00;22.95
13/04/2025 13:15;22.95
13/04/2025 13:30;22.93
13/04/2025 13:45;22.94
13/04/2025 14:00;22.95
13/04/2025 14:15;22.95
13/04/2025 14:30;22.93
13/04/2025 14:45;22.95
13/04/2025 15:00;22.94
13/04/2025 15:15;22.95
13/04/2025 15:30;22.92
13/04/2025 15:45;22.95
13/04/2025 16:00;22.92
13/04/2025 16:15;22.89
13/04/2025 16:30;22.93
13/04/2025 16:45;22.96
13/04/2025 17:00;22.92
13/04/2025 17:15;22.9
13/04/2025 17:30;22.93
13/04/2025 17:45;22.95
13/04/2025 18:00;22.91
13/04/2025 18:15;22.94
13/04/2025 18:30;22.92
13/04/2025 18:45;22.89
13/04/2025 19:00;22.95
13/04/2025 19:15;22.87
13/04/2025 19:30;22.93
13/04/2025 19:45;22.94
13/04/2025 20:00;22.93
13/04/2025 20:15;22.91
13/04/2025 20:30;22.93
13/04/2025 20:45;22.93
13/04/2025 21:00;22.92
13/04/2025 21:15;22.9
13/04/2025 21:30;22.93
13/04/2025 21:45;22.92
13/04/2025 22:00;22.91
13/04/2025 22:15;22.91
13/04/2025 22:30;22.9
13/04/2025 22:45;22.94
13/04/2025 23:00;22.9
13/04/2025 23:15;22.92
13/04/2025 23:30;22.94
13/04/2025 23:45;22.88
14/04/2025 00:00;22.85
14/04/2025 00:15;22.9
14/04/2025 00:30;22.86
14/04/2025 00:45;22.88
14/04/2025 01:00;22.92
14/04/2025 01:15;22.89
14/04/2025 01:30;22.91
14/04/2025 01:45;22.92
14/04/2025 02:00;22.85
14/04/2025 02:15;22.91
14/04/2025 02:30;22.92
14/04/2025 02:45;22.89
14/04/2025 03:00;22.92
14/04/2025 03:15;22.89
14/04/2025 03:30;22.94
14/04/2025 03:45;22.88
14/04/2025 04:00;22.88
14/04/2025 04:15;22.85
14/04/2025 04:30;22.91
14/04/2025 04:45;22.89
14/04/2025 05:00;22.84
14/04/2025 05:15;22.9
14/04/2025 05:30;22.92
14/04/2025 05:45;22.9
14/04/2025 06:00;22.9
14/04/2025 06:15;22.91
14/04/2025 06:30;22.84
14/04/2025 06:45;22.88
14/04/2025 07:00;22.88
14/04/2025 07:15;22.9
14/04/2025 07:30;22.89
14/04/2025 07:45;22.91
14/04/2025 08:00;22.95
14/04/2025 08:15;22.91
14/04/2025 08:30;22.91
14/04/2025 08:45;22.96
14/04/2025 09:00;22.94
14/04/2025 09:15;22.93
14/04/2025 09:30;22.94
14/04/2025 09:45;22.98
14/04/2025 10:00;22.93
14/04/2025 10:15;22.9
14/04/2025 10:30;22.91
14/04/2025 10:45;22.93
14/04/2025 11:00;22.92
14/04/2025 11:15;22.9
14/04/2025 11:30;22.91
14/04/2025 11:45;22.91
14/04/2025 12:00;22.94
14/04/2025 12:15;22.89
14/04/2025 12:30;22.93
14/04/2025 12:45;22.89
14/04/2025 13:00;22.89
14/04/2025 13:15;22.89
14/04/2025 13:30;22.9
14/04/2025 13:45;22.88
14/04/2025 14:00;22.87
14/04/2025 14:15;22.88
14/04/2025 14:30;22.85
14/04/2025 14:45;22.9
14/04/2025 15:00;22.94
14/04/2025 15:15;22.86
14/04/2025 15:30;22.9
14/04/2025 15:45;22.9
14/04/2025 16:00;22.88
14/04/2025 16:15;22.91
14/04/2025 16:30;22.92
14/04/2025 16:45;22.94
14/04/2025 17:00;22.89
14/04/2025 17:15;22.84
14/04/2025 17:30;22.85
14/04/2025 17:45;22.85
14/04/2025 18:00;22.89
14/04/2025 18:15;22.91
14/04/2025 18:30;22.84
14/04/2025 18:45;22.88
14/04/2025 19:00;22.87
14/04/2025 19:15;22.87
14/04/2025 19:30;22.91
14/04/2025 19:45;22.85
14/04/2025 20:00;22.84
14/04/2025 20:15;22.87
14/04/2025 20:30;22.88
14/04/2025 20:45;22.9
14/04/2025 21:00;22.86
14/04/2025 21:15;22.85
14/04/2025 21:30;22.84
14/04/2025 21:45;22.85
14/04/2025 22:00;22.81
14/04/2025 22:15;22.49
14/04/2025 22:30;22.44
14/04/2025 22:45;22.41
14/04/2025 23:00;22.43
14/04/2025 23:15;22.09
14/04/2025 23:30;21.94
14/04/2025 23:45;21.91
15/04/2025 00:00;21.89
15/04/2025 00:15;21.86
15/04/2025 00:30;21.9
15/04/2025 00:45;21.86
15/04/2025 01:00;21.86
15/04/2025 01:15;21.89
15/04/2025 01:30;21.87
15/04/2025 01:45;21.85
15/04/2025 02:00;21.89
15/04/2025 02:15;21.86
15/04/2025 02:30;21.88
15/04/2025 02:45;21.84
15/04/2025 03:00;21.83
15/04/2025 03:15;21.84
15/04/2025 03:30;21.81
15/04/2025 03:45;21.86
15/04/2025 04:00;21.86
15/04/2025 04:15;21.88
15/04/2025 04:30;21.91
15/04/2025 04:45;21.84
15/04/2025 05:00;21.84
15/04/2025 05:15;21.86
15/04/2025 05:30;21.85
15/04/2025 05:45;21.83
15/04/2025 06:00;21.84
15/04/2025 06:15;21.85
15/04/2025 06:30;21.94
15/04/2025 06:45;21.91
15/04/2025 07:00;21.93
15/04/2025 07:15;21.91
15/04/2025 07:30;21.86
15/04/2025 07:45;21.87
15/04/2025 08:00;21.83
15/04/2025 08:15;21.86
15/04/2025 08:30;21.88
15/04/2025 08:45;21.8
15/04/2025 09:00;21.84
15/04/2025 09:15;21.8
15/04/2025 09:30;21.85
15/04/2025 09:45;21.85
15/04/2025 10:00;21.88
15/04/2025 10:15;21.85
15/04/2025 10:30;21.84
15/04/2025 10:45;21.88
15/04/2025 11:00;21.84
15/04/2025 11:15;21.86
15/04/2025 11:30;21.8
15/04/2025 11:45;21.83
15/04/2025 12:00;21.78
15/04/2025 12:15;21.87
15/04/2025 12:30;21.84
15/04/2025 12:45;21.87
15/04/2025 13:00;21.86
15/04/2025 13:15;21.81
15/04/2025 13:30;21.83
15/04/2025 13:45;21.79
15/04/2025 14:00;21.78
15/04/2025 14:15;21.86
15/04/2025 14:30;21.83
15/04/2025 14:45;21.84
15/04/2025 15:00;21.87
15/04/2025 15:15;21.9
15/04/2025 15:30;21.88
15/04/2025 15:45;21.89
15/04/2025 16:00;21.86
15/04/2025 16:15;21.87
15/04/2025 16:30;21.84
15/04/2025 16:45;21.85
15/04/2025 17:00;21.86
15/04/2025 17:15;21.84
15/04/2025 17:30;21.88
15/04/2025 17:45;21.93
15/04/2025 18:00;21.9
15/04/2025 18:15;21.87
15/04/2025 18:30;21.88
15/04/2025 18:45;21.91
15/04/2025 19:00;21.88
15/04/2025 19:15;21.87
15/04/2025 19:30;21.84
15/04/2025 19:45;21.92
15/04/2025 20:00;21.91
15/04/2025 20:15;21.9
15/04/2025 20:30;21.91
15/04/2025 20:45;21.87
15/04/2025 21:00;21.91
15/04/2025 21:15;21.93
15/04/2025 21:30;21.86
15/04/2025 21:45;21.85
15/04/2025 22:00;21.85
15/04/2025 22:15;21.27
15/04/2025 22:30;21.13
15/04/2025 22:45;21.08
15/04/2025 23:00;21.11
15/04/2025 23:15;21.05
15/04/2025 23:30;21.08
15/04/2025 23:45;21.06
16/04/2025 00:00;21.06
16/04/2025 00:15;21.09
16/04/2025 00:30;21.1
16/04/2025 00:45;21.04
16/04/2025 01:00;21.07
16/04/2025 01:15;21.04
16/04/2025 01:30;21.04
16/04/2025 01:45;21.06
16/04/2025 02:00;21.03
16/04/2025 02:15;21.04
16/04/2025 02:30;21.04
16/04/2025 02:45;21.02
16/04/2025 03:00;21.06
16/04/2025 03:15;21.01
16/04/2025 03:30;20.98
16/04/2025 03:45;21.04
16/04/2025 04:00;21.06
16/04/2025 04:15;21.1
16/04/2025 04:30;21.1
16/04/2025 04:45;21.1
16/04/2025 05:00;21.05
16/04/2025 05:15;21.04
16/04/2025 05:30;21.05
16/04/2025 05:45;21.06
16/04/2025 06:00;21.09
16/04/2025 06:15;21.08
16/04/2025 06:30;21.05
16/04/2025 06:45;21.04
16/04/2025 07:00;21.06
16/04/2025 07:15;21.04
16/04/2025 07:30;21.05
16/04/2025 07:45;21.03
16/04/2025 08:00;21.02
16/04/2025 08:15;21.07
16/04/2025 08:30;21.08
16/04/2025 08:45;21.11
16/04/2025 09:00;21.07
16/04/2025 09:15;21.09
16/04/2025 09:30;21.06
16/04/2025 09:45;21.06
16/04/2025 10:00;21.05
16/04/2025 10:15;21.08
16/04/2025 10:30;21.07
16/04/2025 10:45;21.02
16/04/2025 11:00;21.04
16/04/2025 11:15;21.07
16/04/2025 11:30;21.05
16/04/2025 11:45;21.09
16/04/2025 12:00;21.1
16/04/2025 12:15;21.09
16/04/2025 12:30;21.06
16/04/2025 12:45;21.1
16/04/2025 13:00;21.07
16/04/2025 13:15;21.08
16/04/2025 13:30;21.1
16/04/2025 13:45;21.07
16/04/2025 14:00;21.1
16/04/2025 14:15;21.08
16/04/2025 14:30;21.14
16/04/2025 14:45;21.09
16/04/2025 15:00;21.72
16/04/2025 15:15;21.89
16/04/2025 15:30;21.96
16/04/2025 15:45;21.99
16/04/2025 16:00;22
16/04/2025 16:15;21.96
16/04/2025 16:30;21.95
16/04/2025 16:45;21.97
16/04/2025 17:00;21.97
16/04/2025 17:15;21.94
16/04/2025 17:30;21.93
16/04/2025 17:45;21.94
16/04/2025 18:00;21.98
16/04/2025 18:15;21.94
16/04/2025 18:30;21.97
16/04/2025 18:45;21.92
16/04/2025 19:00;22
16/04/2025 19:15;22
16/04/2025 19:30;21.95
16/04/2025 19:45;21.97
16/04/2025 20:00;22.01
16/04/2025 20:15;21.97
16/04/2025 20:30;21.95
16/04/2025 20:45;21.93
16/04/2025 21:00;21.94
16/04/2025 21:15;21.88
16/04/2025 21:30;21.96
16/04/2025 21:45;21.96
16/04/2025 22:00;21.94
16/04/2025 22:15;22.02
16/04/2025 22:30;21.99
16/04/2025 22:45;21.98
16/04/2025 23:00;21.96
16/04/2025 23:15;21.97
16/04/2025 23:30;21.92
16/04/2025 23:45;21.98
17/04/2025 00:00;22
17/04/2025 00:15;22
17/04/2025 00:30;21.96
17/04/2025 00:45;21.98
17/04/2025 01:00;21.94
17/04/2025 01:15;21.95
17/04/2025 01:30;21.96
17/04/2025 01:45;21.91
17/04/2025 02:00;21.94
17/04/2025 02:15;21.92
17/04/2025 02:30;21.94
17/04/2025 02:45;21.92
17/04/2025 03:00;21.97
17/04/2025 03:15;21.94
17/04/2025 03:30;21.96
17/04/2025 03:45;21.97
17/04/2025 04:00;21.9
17/04/2025 04:15;21.95
17/04/2025 04:30;21.94
17/04/2025 04:45;21.97
17/04/2025 05:00;21.88
17/04/2025 05:15;21.94
17/04/2025 05:30;21.88
17/04/2025 05:45;21.88
17/04/2025 06:00;21.92
17/04/2025 06:15;21.92
17/04/2025 06:30;21.91
17/04/2025 06:45;21.93
17/04/2025 07:00;21.9
17/04/2025 07:15;21.93
17/04/2025 07:30;21.91
17/04/2025 07:45;21.88
17/04/2025 08:00;21.95
17/04/2025 08:15;21.91
17/04/2025 08:30;21.93
17/04/2025 08:45;21.91
17/04/2025 09:00;21.91
17/04/2025 09:15;21.9
17/04/2025 09:30;21.86
17/04/2025 09:45;21.86
17/04/2025 10:00;21.89
17/04/2025 10:15;21.88
17/04/2025 10:30;21.94
17/04/2025 10:45;21.91
17/04/2025 11:00;21.92
17/04/2025 11:15;21.89
17/04/2025 11:30;21.93
17/04/2025 11:45;21.88
17/04/2025 12:00;21.93
17/04/2025 12:15;21.96
17/04/2025 12:30;21.9
17/04/2025 12:45;21.97
17/04/2025 13:00;21.88
17/04/2025 13:15;21.91
17/04/2025 13:30;21.91
17/04/2025 13:45;21.89
17/04/2025 14:00;21.91
17/04/2025 14:15;21.89
17/04/2025 14:30;21.93
17/04/2025 14:45;21.97
17/04/2025 15:00;21.93
17/04/2025 15:15;21.95
17/04/2025 15:30;21.93
17/04/2025 15:45;21.86
17/04/2025 16:00;21.9
17/04/2025 16:15;21.91
17/04/2025 16:30;21.91
17/04/2025 16:45;21.94
17/04/2025 17:00;21.94
17/04/2025 17:15;21.96
17/04/2025 17:30;21.86
17/04/2025 17:45;21.9
17/04/2025 18:00;21.92
17/04/2025 18:15;21.91
17/04/2025 18:30;21.87
17/04/2025 18:45;21.87
17/04/2025 19:00;21.89
17/04/2025 19:15;21.94
17/04/2025 19:30;21.94
17/04/2025 19:45;21.88
17/04/2025 20:00;21.88
17/04/2025 20:15;21.92
17/04/2025 20:30;21.89
17/04/2025 20:45;21.87
17/04/2025 21:00;21.91
17/04/2025 21:15;21.87
17/04/2025 21:30;21.91
17/04/2025 21:45;21.87
17/04/2025 22:00;21.89
17/04/2025 22:15;21.85
17/04/2025 22:30;21.82
17/04/2025 22:45;21.83
17/04/2025 23:00;21.9
17/04/2025 23:15;21.87
17/04/2025 23:30;21.88
17/04/2025 23:45;21.86
18/04/2025 00:00;21.92
18/04/2025 00:15;21.93
18/04/2025 00:30;21.91
18/04/2025 00:45;21.87
18/04/2025 01:00;21.92
18/04/2025 01:15;21.84
18/04/2025 01:30;21.92
18/04/2025 01:45;21.92
18/04/2025 02:00;21.91
18/04/2025 02:15;21.89
18/04/2025 02:30;21.9
18/04/2025 02:45;21.9
18/04/2025 03:00;21.91
18/04/2025 03:15;21.92
18/04/2025 03:30;21.92
18/04/2025 03:45;21.91
18/04/2025 04:00;21.9
18/04/2025 04:15;21.91
18/04/2025 04:30;21.91
18/04/2025 04:45;21.93
18/04/2025 05:00;21.94
18/04/2025 05:15;21.94
18/04/2025 05:30;21.93
18/04/2025 05:45;21.91
18/04/2025 06:00;21.88
18/04/2025 06:15;21.94
18/04/2025 06:30;21.91
18/04/2025 06:45;21.87
18/04/2025 07:00;21.89
18/04/2025 07:15;21.86
18/04/2025 07:30;21.96
18/04/2025 07:45;21.94
18/04/2025 08:00;21.93
18/04/2025 08:15;21.89
18/04/2025 08:30;21.93
18/04/2025 08:45;21.94
18/04/2025 09:00;21.9
18/04/2025 09:15;21.91
18/04/2025 09:30;21.86
18/04/2025 09:45;21.9
18/04/2025 10:00;21.86
18/04/2025 10:15;21.88
18/04/2025 10:30;21.89
18/04/2025 10:45;21.86
18/04/2025 11:00;21.84
18/04/2025 11:15;21.88
18/04/2025 11:30;21.87
18/04/2025 11:45;21.84
18/04/2025 12:00;21.84
18/04/2025 12:15;21.86
18/04/2025 12:30;21.84
18/04/2025 12:45;21.86
18/04/2025 13:00;21.89
18/04/2025 13:15;21.83
18/04/2025 13:30;21.83
18/04/2025 13:45;21.84
18/04/2025 14:00;21.83
18/04/2025 14:15;21.85
18/04/2025 14:30;21.82
18/04/2025 14:45;21.87
18/04/2025 15:00;21.83
18/04/2025 15:15;21.86
18/04/2025 15:30;21.85
18/04/2025 15:45;21.81
18/04/2025 16:00;21.81
18/04/2025 16:15;21.79
18/04/2025 16:30;21.82
18/04/2025 16:45;21.86
18/04/2025 17:00;21.81
18/04/2025 17:15;21.82
18/04/2025 17:30;21.83
18/04/2025 17:45;21.83
18/04/2025 18:00;21.8
18/04/2025 18:15;21.74
18/04/2025 18:30;21.75
18/04/2025 18:45;21.78
18/04/2025 19:00;21.78
18/04/2025 19:15;21.77
18/04/2025 19:30;21.79
18/04/2025 19:45;21.77
18/04/2025 20:00;21.8
18/04/2025 20:15;21.8
18/04/2025 20:30;21.8
18/04/2025 20:45;21.75
18/04/2025 21:00;21.78
18/04/2025 21:15;21.81
18/04/2025 21:30;21.8
18/04/2025 21:45;21.8
18/04/2025 22:00;21.81
18/04/2025 22:15;21.8
18/04/2025 22:30;21.79
18/04/2025 22:45;21.83
18/04/2025 23:00;21.79
18/04/2025 23:15;21.8
18/04/2025 23:30;21.79
18/04/2025 23:45;21.81
19/04/2025 00:00;21.78
19/04/2025 00:15;21.76
19/04/2025 00:30;21.75
19/04/2025 00:45;21.78
19/04/2025 01:00;21.77
19/04/2025 01:15;21.79
19/04/2025 01:30;21.75
19/04/2025 01:45;21.74
19/04/2025 02:00;21.74
19/04/2025 02:15;21.74
19/04/2025 02:30;21.7
19/04/2025 02:45;21.72
19/04/2025 03:00;21.7
19/04/2025 03:15;21.74
19/04/2025 03:30;21.73
19/04/2025 03:45;21.79
19/04/2025 04:00;21.75
19/04/2025 04:15;21.76
19/04/2025 04:30;21.74
19/04/2025 04:45;21.76
19/04/2025 05:00;21.78
19/04/2025 05:15;21.77
19/04/2025 05:30;21.77
19/04/2025 05:45;21.79
19/04/2025 06:00;21.76
19/04/2025 06:15;21.71
19/04/2025 06:30;21.71
19/04/2025 06:45;21.7
19/04/2025 07:00;21.72
19/04/2025 07:15;21.66
19/04/2025 07:30;21.74
19/04/2025 07:45;21.75
19/04/2025 08:00;21.75
19/04/2025 08:15;21.76
19/04/2025 08:30;21.72
19/04/2025 08:45;21.73
19/04/2025 09:00;21.71
19/04/2025 09:15;21.74
19/04/2025 09:30;21.77
19/04/2025 09:45;21.77
19/04/2025 10:00;21.73
19/04/2025 10:15;21.69
19/04/2025 10:30;21.7
19/04/2025 10:45;21.73
19/04/2025 11:00;21.68
19/04/2025 11:15;21.67
19/04/2025 11:30;21.73
19/04/2025 11:45;21.69
19/04/2025 12:00;21.69
19/04/2025 12:15;21.75
19/04/2025 12:30;21.78
19/04/2025 12:45;21.73
19/04/2025 13:00;21.8
19/04/2025 13:15;21.71
19/04/2025 13:30;21.71
19/04/2025 13:45;21.79
19/04/2025 14:00;21.76
19/04/2025 14:15;21.76
19/04/2025 14:30;21.72
19/04/2025 14:45;21.67
19/04/2025 15:00;21.72
19/04/2025 15:15;21.72
19/04/2025 15:30;21.68
19/04/2025 15:45;21.67
19/04/2025 16:00;21.75
19/04/2025 16:15;21.73
19/04/2025 16:30;21.74
19/04/2025 16:45;21.78
19/04/2025 17:00;21.75
19/04/2025 17:15;21.79
19/04/2025 17:30;21.8
19/04/2025 17:45;21.79
19/04/2025 18:00;21.76
19/04/2025 18:15;21.76
19/04/2025 18:30;21.79
19/04/2025 18:45;21.75
19/04/2025 19:00;21.73
19/04/2025 19:15;21.74
19/04/2025 19:30;21.74
19/04/2025 19:45;21.73
19/04/2025 20:00;21.76
19/04/2025 20:15;21.82
19/04/2025 20:30;21.82
19/04/2025 20:45;21.76
19/04/2025 21:00;21.85
19/04/2025 21:15;21.78
19/04/2025 21:30;21.83
19/04/2025 21:45;21.88
19/04/2025 22:00;21.8
19/04/2025 22:15;21.81
19/04/2025 22:30;21.79
19/04/2025 22:45;21.82
19/04/2025 23:00;21.81
19/04/2025 23:15;21.81
19/04/2025 23:30;21.8
19/04/2025 23:45;21.83
20/04/2025 00:00;21.81
20/04/2025 00:15;21.82
20/04/2025 00:30;21.79
20/04/2025 00:45;21.86
20/04/2025 01:00;21.82
20/04/2025 01:15;21.8
20/04/2025 01:30;21.8
20/04/2025 01:45;21.84
20/04/2025 02:00;21.85
20/04/2025 02:15;21.86
20/04/2025 02:30;21.86
20/04/2025 02:45;21.85
20/04/2025 03:00;21.8
20/04/2025 03:15;21.82
20/04/2025 03:30;21.79
20/04/2025 03:45;21.79
20/04/2025 04:00;21.82
20/04/2025 04:15;21.81
20/04/2025 04:30;21.82
20/04/2025 04:45;21.86
20/04/2025 05:00;21.89
20/04/2025 05:15;21.8
20/04/2025 05:30;21.89
20/04/2025 05:45;21.87
20/04/2025 06:00;21.84
20/04/2025 06:15;21.81
20/04/2025 06:30;21.86
20/04/2025 06:45;21.82
20/04/2025 07:00;21.88
20/04/2025 07:15;21.83
20/04/2025 07:30;21.8
20/04/2025 07:45;21.82
20/04/2025 08:00;21.81
20/04/2025 08:15;21.81
20/04/2025 08:30;21.8
20/04/2025 08:45;21.86
20/04/2025 09:00;21.89
20/04/2025 09:15;21.82
20/04/2025 09:30;21.88
20/04/2025 09:45;21.9
20/04/2025 10:00;21.87
20/04/2025 10:15;21.87
20/04/2025 10:30;21.9
20/04/2025 10:45;21.85
20/04/2025 11:00;21.85
20/04/2025 11:15;21.85
20/04/2025 11:30;21.9
20/04/2025 11:45;21.86
20/04/2025 12:00;21.89
20/04/2025 12:15;21.85
20/04/2025 12:30;21.87
20/04/2025 12:45;21.87
20/04/2025 13:00;21.89
20/04/2025 13:15;21.9
20/04/2025 13:30;21.83
20/04/2025 13:45;21.91
20/04/2025 14:00;21.9
20/04/2025 14:15;21.89
20/04/2025 14:30;21.85
20/04/2025 14:45;21.92
20/04/2025 15:00;21.85
20/04/2025 15:15;21.83
20/04/2025 15:30;21.86
20/04/2025 15:45;21.92
20/04/2025 16:00;21.94
20/04/2025 16:15;21.84
20/04/2025 16:30;21.83
20/04/2025 16:45;21.89
20/04/2025 17:00;21.89
20/04/2025 17:15;21.87
20/04/2025 17:30;21.89
20/04/2025 17:45;21.87
20/04/2025 18:00;21.92
20/04/2025 18:15;21.9
20/04/2025 18:30;21.91
20/04/2025 18:45;21.92
20/04/2025 19:00;21.89
20/04/2025 19:15;21.92
20/04/2025 19:30;21.88
20/04/2025 19:45;21.86
20/04/2025 20:00;21.9
20/04/2025 20:15;21.87
20/04/2025 20:30;21.91
20/04/2025 20:45;21.89
20/04/2025 21:00;21.86
20/04/2025 21:15;21.88
20/04/2025 21:30;21.87
20/04/2025 21:45;21.89
20/04/2025 22:00;21.84
20/04/2025 22:15;21.88
20/04/2025 22:30;21.85
20/04/2025 22:45;21.95
20/04/2025 23:00;21.97
20/04/2025 23:15;21.97
20/04/2025 23:30;21.97
20/04/2025 23:45;21.97
21/04/2025 00:00;21.97
21/04/2025 00:15;21.97
21/04/2025 00:30;21.97
21/04/2025 00:45;21.97
21/04/2025 01:00;21.97
21/04/2025 01:15;21.97
21/04/2025 01:30;21.97
21/04/2025 01:45;21.97
21/04/2025 02:00;21.97
21/04/2025 02:15;21.97
21/04/2025 02:30;21.97
21/04/2025 02:45;21.97
21/04/2025 03:00;21.97
21/04/2025 03:15;21.97
21/04/2025 03:30;21.97
21/04/2025 03:45;21.97
21/04/2025 04:00;21.97
21/04/2025 04:15;21.97
21/04/2025 04:30;21.97
21/04/2025 04:45;21.97
21/04/2025 05:00;21.97
21/04/2025 05:15;21.97
21/04/2025 05:30;21.97
21/04/2025 05:45;21.97
21/04/2025 06:00;21.97
21/04/2025 06:15;21.97
21/04/2025 06:30;21.97
21/04/2025 06:45;21.97
21/04/2025 07:00;21.97
21/04/2025 07:15;21.97
21/04/2025 07:30;21.97
21/04/2025 07:45;21.97
21/04/2025 08:00;21.97
21/04/2025 08:15;21.97
21/04/2025 08:30;21.97
21/04/2025 08:45;21.97
21/04/2025 09:00;21.97
21/04/2025 09:15;21.97
21/04/2025 09:30;21.97
21/04/2025 09:45;21.97
21/04/2025 10:00;21.97
21/04/2025 10:15;21.97
21/04/2025 10:30;21.97
21/04/2025 10:45;21.97
21/04/2025 11:00;21.97
21/04/2025 11:15;21.97
21/04/2025 11:30;21.97
21/04/2025 11:45;21.97
21/04/2025 12:00;21.97
21/04/2025 12:15;21.97
21/04/2025 12:30;21.97
21/04/2025 12:45;21.97
21/04/2025 13:00;21.97
21/04/2025 13:15;21.97
21/04/2025 13:30;21.97
21/04/2025 13:45;21.97
21/04/2025 14:00;21.97
21/04/2025 14:15;21.97
21/04/2025 14:30;21.97
21/04/2025 14:45;21.97
21/04/2025 15:00;21.97
21/04/2025 15:15;21.97
21/04/2025 15:30;21.97
21/04/2025 15:45;21.97
21/04/2025 16:00;21.97
21/04/2025 16:15;21.97
21/04/2025 16:30;21.97
21/04/2025 16:45;21.97
21/04/2025 17:00;21.97
21/04/2025 17:15;21.97
21/04/2025 17:30;21.97
21/04/2025 17:45;21.97
21/04/2025 18:00;21.97
21/04/2025 18:15;21.97
21/04/2025 18:30;21.97
21/04/2025 18:45;21.97
21/04/2025 19:00;21.97
21/04/2025 19:15;21.97
21/04/2025 19:30;21.97
21/04/2025 19:45;21.95
21/04/2025 20:00;21.87
21/04/2025 20:15;21.81
21/04/2025 20:30;21.78
21/04/2025 20:45;21.8
21/04/2025 21:00;21.8
21/04/2025 21:15;21.82
21/04/2025 21:30;21.75
21/04/2025 21:45;21.81
21/04/2025 22:00;21.85
21/04/2025 22:15;21.83
21/04/2025 22:30;21.82
21/04/2025 22:45;21.85
21/04/2025 23:00;21.8
21/04/2025 23:15;21.8
21/04/2025 23:30;21.84
21/04/2025 23:45;21.77
22/04/2025 00:00;21.8
22/04/2025 00:15;21.74
22/04/2025 00:30;21.8
22/04/2025 00:45;21.75
22/04/2025 01:00;21.78
22/04/2025 01:15;21.79
22/04/2025 01:30;21.81
22/04/2025 01:45;21.86
22/04/2025 02:00;21.81
22/04/2025 02:15;21.83
22/04/2025 02:30;21.9
22/04/2025 02:45;21.78
22/04/2025 03:00;21.79
22/04/2025 03:15;21.82
22/04/2025 03:30;21.84
22/04/2025 03:45;21.76
22/04/2025 04:00;21.76
22/04/2025 04:15;21.76
22/04/2025 04:30;21.77
22/04/2025 04:45;21.79
22/04/2025 05:00;21.79
22/04/2025 05:15;21.84
22/04/2025 05:30;21.87
22/04/2025 05:45;21.81
22/04/2025 06:00;21.85
22/04/2025 06:15;21.81
22/04/2025 06:30;21.79
22/04/2025 06:45;21.83
22/04/2025 07:00;21.87
22/04/2025 07:15;21.82
22/04/2025 07:30;21.79
22/04/2025 07:45;21.76
22/04/2025 08:00;21.75
22/04/2025 08:15;21.77
22/04/2025 08:30;21.82
22/04/2025 08:45;21.8
22/04/2025 09:00;21.77
22/04/2025 09:15;21.79
22/04/2025 09:30;21.8
22/04/2025 09:45;21.79
22/04/2025 10:00;21.79
22/04/2025 10:15;21.8
22/04/2025 10:30;21.76
22/04/2025 10:45;21.79
22/04/2025 11:00;21.77
22/04/2025 11:15;21.86
22/04/2025 11:30;21.77
22/04/2025 11:45;21.76
22/04/2025 12:00;21.73
22/04/2025 12:15;21.75
22/04/2025 12:30;21.75
22/04/2025 12:45;21.77
22/04/2025 13:00;21.8
22/04/2025 13:15;21.79
22/04/2025 13:30;21.82
22/04/2025 13:45;21.78
22/04/2025 14:00;21.8
22/04/2025 14:15;21.79
22/04/2025 14:30;21.81
22/04/2025 14:45;21.83
22/04/2025 15:00;21.8
22/04/2025 15:15;21.78
22/04/2025 15:30;21.8
22/04/2025 15:45;21.74
22/04/2025 16:00;21.77
22/04/2025 16:15;21.78
22/04/2025 16:30;21.77
22/04/2025 16:45;21.81
22/04/2025 17:00;21.77
22/04/2025 17:15;21.78
22/04/2025 17:30;21.79
22/04/2025 17:45;21.76
22/04/2025 18:00;21.77
22/04/2025 18:15;21.76
22/04/2025 18:30;21.79
22/04/2025 18:45;21.78
22/04/2025 19:00;21.8
22/04/2025 19:15;21.8
22/04/2025 19:30;21.77
22/04/2025 19:45;21.76
22/04/2025 20:00;21.75
22/04/2025 20:15;21.72
22/04/2025 20:30;21.77
22/04/2025 20:45;21.81
22/04/2025 21:00;21.78
22/04/2025 21:15;21.78
22/04/2025 21:30;21.77
22/04/2025 21:45;21.8
22/04/2025 22:00;21.82
22/04/2025 22:15;21.76
22/04/2025 22:30;21.81
22/04/2025 22:45;21.78
22/04/2025 23:00;21.79
22/04/2025 23:15;21.79
22/04/2025 23:30;21.73
22/04/2025 23:45;21.75
23/04/2025 00:00;21.78
23/04/2025 00:15;21.76
23/04/2025 00:30;21.8
23/04/2025 00:45;21.84
23/04/2025 01:00;21.82
23/04/2025 01:15;21.78
23/04/2025 01:30;21.84
23/04/2025 01:45;21.76
23/04/2025 02:00;21.81
23/04/2025 02:15;21.79
23/04/2025 02:30;21.82
23/04/2025 02:45;21.75
23/04/2025 03:00;21.8
23/04/2025 03:15;21.79
23/04/2025 03:30;21.81
23/04/2025 03:45;21.78
23/04/2025 04:00;21.82
23/04/2025 04:15;21.8
23/04/2025 04:30;21.87
23/04/2025 04:45;21.79
23/04/2025 05:00;21.8
23/04/2025 05:15;21.82
23/04/2025 05:30;21.79
23/04/2025 05:45;21.77
23/04/2025 06:00;21.77
23/04/2025 06:15;21.82
23/04/2025 06:30;21.76
23/04/2025 06:45;21.78
23/04/2025 07:00;21.81
23/04/2025 07:15;21.8
23/04/2025 07:30;21.77
23/04/2025 07:45;21.77
23/04/2025 08:00;21.81
23/04/2025 08:15;21.79
23/04/2025 08:30;21.78
23/04/2025 08:45;21.77
23/04/2025 09:00;14.04
23/04/2025 09:15;3.92
23/04/2025 09:30;3.17
23/04/2025 09:45;2.44
23/04/2025 10:00;0.96
23/04/2025 10:15;0.52
23/04/2025 10:30;0.37
23/04/2025 10:45;0.29
23/04/2025 11:00;0.26
23/04/2025 11:15;0.26
23/04/2025 11:30;0.26
23/04/2025 11:45;0.26
23/04/2025 12:00;0.26
23/04/2025 12:15;0.26
23/04/2025 12:30;0.26
23/04/2025 12:45;2.14
23/04/2025 13:00;9.24
23/04/2025 13:15;14.79
23/04/2025 13:30;19.45
23/04/2025 13:45;20.04
23/04/2025 14:00;20.53
23/04/2025 14:15;20.68
23/04/2025 14:30;20.82
23/04/2025 14:45;20.85
23/04/2025 15:00;20.88
23/04/2025 15:15;21.33
23/04/2025 15:30;21.52
23/04/2025 15:45;21.53
23/04/2025 16:00;21.56
23/04/2025 16:15;21.52
23/04/2025 16:30;21.58
23/04/2025 16:45;21.59
23/04/2025 17:00;21.62
23/04/2025 17:15;21.58
23/04/2025 17:30;21.58
23/04/2025 17:45;21.57
23/04/2025 18:00;21.57
23/04/2025 18:15;21.6
23/04/2025 18:30;21.59
23/04/2025 18:45;21.56
23/04/2025 19:00;22.13
23/04/2025 19:15;22.32
23/04/2025 19:30;22.62
23/04/2025 19:45;22.65
23/04/2025 20:00;22.67
23/04/2025 20:15;22.73
23/04/2025 20:30;22.7
23/04/2025 20:45;22.69
23/04/2025 21:00;22.73
23/04/2025 21:15;22.75
23/04/2025 21:30;22.73
23/04/2025 21:45;22.74
23/04/2025 22:00;22.66
23/04/2025 22:15;22.74
23/04/2025 22:30;22.76
23/04/2025 22:45;22.74
23/04/2025 23:00;22.75
23/04/2025 23:15;22.71
23/04/2025 23:30;22.67
23/04/2025 23:45;22.68
24/04/2025 00:00;22.65
24/04/2025 00:15;22.72
24/04/2025 00:30;22.69
24/04/2025 00:45;22.67
24/04/2025 01:00;22.75
24/04/2025 01:15;22.71
24/04/2025 01:30;22.66
24/04/2025 01:45;22.74
24/04/2025 02:00;22.69
24/04/2025 02:15;22.71
24/04/2025 02:30;22.72
24/04/2025 02:45;22.7
24/04/2025 03:00;22.69
24/04/2025 03:15;22.71
24/04/2025 03:30;22.71
24/04/2025 03:45;22.75
24/04/2025 04:00;22.68
24/04/2025 04:15;22.62
24/04/2025 04:30;22.69
24/04/2025 04:45;22.67
24/04/2025 05:00;22.69
24/04/2025 05:15;22.67
24/04/2025 05:30;22.72
24/04/2025 05:45;22.72
24/04/2025 06:00;22.71
24/04/2025 06:15;22.71
24/04/2025 06:30;22.72
24/04/2025 06:45;22.68
24/04/2025 07:00;22.67
24/04/2025 07:15;22.68
24/04/2025 07:30;22.67
24/04/2025 07:45;22.71
24/04/2025 08:00;22.67
24/04/2025 08:15;22.69
24/04/2025 08:30;22.67
24/04/2025 08:45;22.69
24/04/2025 09:00;22.69
24/04/2025 09:15;22.7
24/04/2025 09:30;22.69
24/04/2025 09:45;22.67
24/04/2025 10:00;22.7
24/04/2025 10:15;22.66
24/04/2025 10:30;23.6
24/04/2025 10:45;24.37
24/04/2025 11:00;24.58
24/04/2025 11:15;24.57
24/04/2025 11:30;24.59
24/04/2025 11:45;24.59
24/04/2025 12:00;24.64
24/04/2025 12:15;24.64
24/04/2025 12:30;24.66
24/04/2025 12:45;24.62
24/04/2025 13:00;24.64
24/04/2025 13:15;24.66
24/04/2025 13:30;24.66
24/04/2025 13:45;24.57
24/04/2025 14:00;24.65
24/04/2025 14:15;24.62
24/04/2025 14:30;24.61
24/04/2025 14:45;24.66
24/04/2025 15:00;24.6
24/04/2025 15:15;24.62
24/04/2025 15:30;24.62
24/04/2025 15:45;24.64
24/04/2025 16:00;24.63
24/04/2025 16:15;24.56
24/04/2025 16:30;24.6
24/04/2025 16:45;24.63
24/04/2025 17:00;24.66
24/04/2025 17:15;24.63
24/04/2025 17:30;24.61
24/04/2025 17:45;24.65
24/04/2025 18:00;24.6
24/04/2025 18:15;24.65
24/04/2025 18:30;24.65
24/04/2025 18:45;24.58
24/04/2025 19:00;24.59
24/04/2025 19:15;24.54
24/04/2025 19:30;24.57
24/04/2025 19:45;24.53
24/04/2025 20:00;24.59
24/04/2025 20:15;24.59
24/04/2025 20:30;24.57
24/04/2025 20:45;24.58
24/04/2025 21:00;24.61
24/04/2025 21:15;24.62
24/04/2025 21:30;24.59
24/04/2025 21:45;24.56
24/04/2025 22:00;24.6
24/04/2025 22:15;24.58
24/04/2025 22:30;24.58
24/04/2025 22:45;24.54
24/04/2025 23:00;24.56
24/04/2025 23:15;24.61
24/04/2025 23:30;24.55
24/04/2025 23:45;24.52
25/04/2025 00:00;24.56
25/04/2025 00:15;24.61
25/04/2025 00:30;24.61
25/04/2025 00:45;24.64
25/04/2025 01:00;24.59
25/04/2025 01:15;24.62
25/04/2025 01:30;24.55
25/04/2025 01:45;24.57
25/04/2025 02:00;24.6
25/04/2025 02:15;24.6
25/04/2025 02:30;24.6
25/04/2025 02:45;24.63
25/04/2025 03:00;24.61
25/04/2025 03:15;24.57
25/04/2025 03:30;24.59
25/04/2025 03:45;24.57
25/04/2025 04:00;24.57
25/04/2025 04:15;24.58
25/04/2025 04:30;24.62
25/04/2025 04:45;24.55
25/04/2025 05:00;24.58
25/04/2025 05:15;24.63
25/04/2025 05:30;24.61
25/04/2025 05:45;24.64
25/04/2025 06:00;24.64
25/04/2025 06:15;24.62
25/04/2025 06:30;24.62
25/04/2025 06:45;24.57
25/04/2025 07:00;24.58
25/04/2025 07:15;24.61
25/04/2025 07:30;24.58
25/04/2025 07:45;24.6
25/04/2025 08:00;24.62
25/04/2025 08:15;24.61
25/04/2025 08:30;24.65
25/04/2025 08:45;24.67
25/04/2025 09:00;24.56
25/04/2025 09:15;24.65
25/04/2025 09:30;24.63
25/04/2025 09:45;24.62
25/04/2025 10:00;24.61
25/04/2025 10:15;24.61
25/04/2025 10:30;24.63
25/04/2025 10:45;24.54
25/04/2025 11:00;24.66
25/04/2025 11:15;24.62
25/04/2025 11:30;24.63
25/04/2025 11:45;24.6
25/04/2025 12:00;24.65
25/04/2025 12:15;24.61
25/04/2025 12:30;24.56
25/04/2025 12:45;24.63
25/04/2025 13:00;24.59
25/04/2025 13:15;24.58
25/04/2025 13:30;24.58
25/04/2025 13:45;24.6
25/04/2025 14:00;24.56
25/04/2025 14:15;24.66
25/04/2025 14:30;25
25/04/2025 14:45;25.15
25/04/2025 15:00;25.19
25/04/2025 15:15;25.24
25/04/2025 15:30;25.21
25/04/2025 15:45;25.22
25/04/2025 16:00;25.08
25/04/2025 16:15;25.05
25/04/2025 16:30;25.05
25/04/2025 16:45;24.95
25/04/2025 17:00;25.07
25/04/2025 17:15;24.98
25/04/2025 17:30;25.05
25/04/2025 17:45;25
25/04/2025 18:00;24.99
25/04/2025 18:15;24.99
25/04/2025 18:30;24.99
25/04/2025 18:45;25.08
25/04/2025 19:00;24.98
25/04/2025 19:15;24.99
25/04/2025 19:30;25.02
25/04/2025 19:45;25
25/04/2025 20:00;25.01
25/04/2025 20:15;25.05
25/04/2025 20:30;25.03
25/04/2025 20:45;25.01
25/04/2025 21:00;24.98
25/04/2025 21:15;25.02
25/04/2025 21:30;25.03
25/04/2025 21:45;24.98
25/04/2025 22:00;25.07
25/04/2025 22:15;25.02
25/04/2025 22:30;25.02
25/04/2025 22:45;25.01
25/04/2025 23:00;25.07
25/04/2025 23:15;24.99
25/04/2025 23:30;24.99
25/04/2025 23:45;25.02
26/04/2025 00:00;25.05
26/04/2025 00:15;25.03
26/04/2025 00:30;25.03
26/04/2025 00:45;25.05
26/04/2025 01:00;25.01
26/04/2025 01:15;25.03
26/04/2025 01:30;24.99
26/04/2025 01:45;25.01
26/04/2025 02:00;24.97
26/04/2025 02:15;24.97
26/04/2025 02:30;24.98
26/04/2025 02:45;24.92
26/04/2025 03:00;24.96
26/04/2025 03:15;24.98
26/04/2025 03:30;25.04
26/04/2025 03:45;25.07
26/04/2025 04:00;25.01
26/04/2025 04:15;24.95
26/04/2025 04:30;24.97
26/04/2025 04:45;25.02
26/04/2025 05:00;24.95
26/04/2025 05:15;24.97
26/04/2025 05:30;25
26/04/2025 05:45;24.99
26/04/2025 06:00;24.95
26/04/2025 06:15;25.09
26/04/2025 06:30;25.04
26/04/2025 06:45;24.99
26/04/2025 07:00;25.1
26/04/2025 07:15;25.01
26/04/2025 07:30;25.01
26/04/2025 07:45;24.98
26/04/2025 08:00;24.99
26/04/2025 08:15;24.99
26/04/2025 08:30;24.94
26/04/2025 08:45;24.93
26/04/2025 09:00;25.02
26/04/2025 09:15;25.03
26/04/2025 09:30;25.01
26/04/2025 09:45;25
26/04/2025 10:00;24.95
26/04/2025 10:15;25.01
26/04/2025 10:30;25.57
26/04/2025 10:45;26.06
26/04/2025 11:00;26.06
26/04/2025 11:15;26.11
26/04/2025 11:30;26.13
26/04/2025 11:45;26.15
26/04/2025 12:00;26.05
26/04/2025 12:15;26.07
26/04/2025 12:30;26.14
26/04/2025 12:45;26.03
26/04/2025 13:00;26.05
26/04/2025 13:15;26.09
26/04/2025 13:30;26.09
26/04/2025 13:45;26.15
26/04/2025 14:00;26.09
26/04/2025 14:15;26.11
26/04/2025 14:30;26.13
26/04/2025 14:45;26.17
26/04/2025 15:00;26.1
26/04/2025 15:15;26.13
26/04/2025 15:30;26.15
26/04/2025 15:45;26.07
26/04/2025 16:00;26.03
26/04/2025 16:15;26.07
26/04/2025 16:30;26.09
26/04/2025 16:45;26.07
26/04/2025 17:00;26.08
26/04/2025 17:15;26.15
26/04/2025 17:30;26.11
26/04/2025 17:45;26.17
26/04/2025 18:00;26.1
26/04/2025 18:15;26.1
26/04/2025 18:30;26.13
26/04/2025 18:45;26.12
26/04/2025 19:00;26.12
26/04/2025 19:15;26.14
26/04/2025 19:30;26.05
26/04/2025 19:45;26.09
26/04/2025 20:00;26.08
26/04/2025 20:15;26.08
26/04/2025 20:30;26.05
26/04/2025 20:45;26.12
26/04/2025 21:00;26.08
26/04/2025 21:15;26.11
26/04/2025 21:30;26.08
26/04/2025 21:45;26.12
26/04/2025 22:00;26.23
26/04/2025 22:15;27.28
26/04/2025 22:30;27.29
26/04/2025 22:45;27.47
26/04/2025 23:00;27.53
26/04/2025 23:15;27.51
26/04/2025 23:30;27.48
26/04/2025 23:45;27.51
27/04/2025 00:00;27.52
27/04/2025 00:15;27.48
27/04/2025 00:30;27.51
27/04/2025 00:45;27.57
27/04/2025 01:00;27.52
27/04/2025 01:15;27.49
27/04/2025 01:30;27.56
27/04/2025 01:45;27.49
27/04/2025 02:00;27.48
27/04/2025 02:15;27.51
27/04/2025 02:30;27.47
27/04/2025 02:45;27.54
27/04/2025 03:00;27.56
27/04/2025 03:15;27.54
27/04/2025 03:30;27.53
27/04/2025 03:45;27.54
27/04/2025 04:00;27.55
27/04/2025 04:15;27.51
27/04/2025 04:30;27.55
27/04/2025 04:45;27.53
27/04/2025 05:00;27.54
27/04/2025 05:15;27.53
27/04/2025 05:30;27.52
27/04/2025 05:45;27.51
27/04/2025 06:00;27.47
27/04/2025 06:15;27.49
27/04/2025 06:30;27.48
27/04/2025 06:45;27.47
27/04/2025 07:00;27.49
27/04/2025 07:15;27.47
27/04/2025 07:30;27.46
27/04/2025 07:45;27.53
27/04/2025 08:00;27.52
27/04/2025 08:15;27.5
27/04/2025 08:30;27.52
27/04/2025 08:45;27.48
27/04/2025 09:00;27.58
27/04/2025 09:15;27.52
27/04/2025 09:30;27.53
27/04/2025 09:45;27.54
27/04/2025 10:00;27.55
27/04/2025 10:15;27.53
27/04/2025 10:30;27.53
27/04/2025 10:45;27.48
27/04/2025 11:00;27.54
27/04/2025 11:15;29.25
27/04/2025 11:30;30.19
27/04/2025 11:45;30.79
27/04/2025 12:00;30.8
27/04/2025 12:15;30.82
27/04/2025 12:30;30.91
27/04/2025 12:45;30.91
27/04/2025 13:00;30.92
27/04/2025 13:15;30.61
27/04/2025 13:30;30.6
27/04/2025 13:45;30.56
27/04/2025 14:00;30.57
27/04/2025 14:15;30.57
27/04/2025 14:30;30.58
27/04/2025 14:45;30.57
27/04/2025 15:00;30.58
27/04/2025 15:15;30.6
27/04/2025 15:30;30.51
27/04/2025 15:45;30.48
27/04/2025 16:00;30.49
27/04/2025 16:15;30.55
27/04/2025 16:30;30.55
27/04/2025 16:45;30.59
27/04/2025 17:00;30.56
27/04/2025 17:15;30.57
27/04/2025 17:30;30.57
27/04/2025 17:45;30.53
27/04/2025 18:00;30.59
27/04/2025 18:15;30.57
27/04/2025 18:30;30.58
27/04/2025 18:45;30.5
27/04/2025 19:00;30.58
27/04/2025 19:15;30.63
27/04/2025 19:30;30.53
27/04/2025 19:45;30.52
27/04/2025 20:00;30.59
27/04/2025 20:15;30.5
27/04/2025 20:30;30.55
27/04/2025 20:45;30.52
27/04/2025 21:00;30.53
27/04/2025 21:15;30.57
27/04/2025 21:30;30.58
27/04/2025 21:45;30.53
27/04/2025 22:00;31.24
27/04/2025 22:15;34.09
27/04/2025 22:30;35.03
27/04/2025 22:45;34.78
27/04/2025 23:00;34.8
27/04/2025 23:15;34.75
27/04/2025 23:30;34.75
27/04/2025 23:45;34.79
28/04/2025 00:00;34.75
28/04/2025 00:15;34.84
28/04/2025 00:30;34.81
28/04/2025 00:45;34.8
28/04/2025 01:00;34.75
28/04/2025 01:15;34.73
28/04/2025 01:30;34.81
28/04/2025 01:45;34.74
28/04/2025 02:00;34.81
28/04/2025 02:15;34.65
28/04/2025 02:30;34.78
28/04/2025 02:45;34.72
28/04/2025 03:00;34.8
28/04/2025 03:15;34.75
28/04/2025 03:30;34.72
28/04/2025 03:45;34.72
28/04/2025 04:00;34.84
28/04/2025 04:15;34.75
28/04/2025 04:30;34.73
28/04/2025 04:45;34.68
28/04/2025 05:00;34.7
28/04/2025 05:15;34.79
28/04/2025 05:30;34.74
28/04/2025 05:45;34.75
28/04/2025 06:00;34.75
28/04/2025 06:15;34.68
28/04/2025 06:30;34.72
28/04/2025 06:45;34.74
28/04/2025 07:00;34.72
28/04/2025 07:15;34.64
28/04/2025 07:30;34.71
28/04/2025 07:45;34.58
28/04/2025 08:00;34.63
28/04/2025 08:15;34.58
28/04/2025 08:30;34.68
28/04/2025 08:45;34.55
28/04/2025 09:00;34.62
28/04/2025 09:15;34.56
28/04/2025 09:30;34.54
28/04/2025 09:45;34.56
28/04/2025 10:00;34.61
28/04/2025 10:15;34.56
28/04/2025 10:30;34.56
28/04/2025 10:45;34.5
28/04/2025 11:00;34.52
28/04/2025 11:15;35.3
28/04/2025 11:30;35.47
28/04/2025 11:45;35.56
28/04/2025 12:00;35.52
28/04/2025 12:15;35.57
28/04/2025 12:30;35.62
28/04/2025 12:45;35.66
28/04/2025 13:00;35.66
28/04/2025 13:15;35.66
28/04/2025 13:30;35.65
28/04/2025 13:45;35.53
28/04/2025 14:00;35.64
28/04/2025 14:15;35.59
28/04/2025 14:30;35.68
28/04/2025 14:45;35.59
28/04/2025 15:00;35.64
28/04/2025 15:15;35.65
28/04/2025 15:30;35.59
28/04/2025 15:45;35.63
28/04/2025 16:00;35.62
28/04/2025 16:15;35.59
28/04/2025 16:30;35.61
28/04/2025 16:45;35.71
28/04/2025 17:00;35.55
28/04/2025 17:15;35.61
28/04/2025 17:30;35.64
28/04/2025 17:45;35.62
28/04/2025 18:00;35.62
28/04/2025 18:15;35.57
28/04/2025 18:30;35.65
28/04/2025 18:45;35.63
28/04/2025 19:00;35.65
28/04/2025 19:15;35.62
28/04/2025 19:30;35.66
28/04/2025 19:45;35.59
28/04/2025 20:00;35.62
28/04/2025 20:15;35.63
28/04/2025 20:30;35.58
28/04/2025 20:45;35.58
28/04/2025 21:00;35.57
28/04/2025 21:15;35.54
28/04/2025 21:30;35.52
28/04/2025 21:45;35.66
28/04/2025 22:00;35.55
28/04/2025 22:15;36.48
28/04/2025 22:30;36.87
28/04/2025 22:45;37.15
28/04/2025 23:00;37.16
28/04/2025 23:15;37.18
28/04/2025 23:30;37.16
28/04/2025 23:45;37.48
29/04/2025 00:00;37.93
29/04/2025 00:15;38
29/04/2025 00:30;37.99
29/04/2025 00:45;38.14
29/04/2025 01:00;38.11
29/04/2025 01:15;38.09
29/04/2025 01:30;38.11
29/04/2025 01:45;38.09
29/04/2025 02:00;38.14
29/04/2025 02:15;38.11
29/04/2025 02:30;38.09
29/04/2025 02:45;38.11
29/04/2025 03:00;38.09
29/04/2025 03:15;38.13
29/04/2025 03:30;38.15
29/04/2025 03:45;38.08
29/04/2025 04:00;38.09
29/04/2025 04:15;38.13
29/04/2025 04:30;38.09
29/04/2025 04:45;38.18
29/04/2025 05:00;38.16
29/04/2025 05:15;38.11
29/04/2025 05:30;38.11
29/04/2025 05:45;38.23
29/04/2025 06:00;38.09
29/04/2025 06:15;38.07
29/04/2025 06:30;38.08
29/04/2025 06:45;38.08
29/04/2025 07:00;38.07
29/04/2025 07:15;38.16
29/04/2025 07:30;38.13
29/04/2025 07:45;38.13
29/04/2025 08:00;38.07
29/04/2025 08:15;38.18
29/04/2025 08:30;38.15
29/04/2025 08:45;38.16
29/04/2025 09:00;38.22
29/04/2025 09:15;38.13
29/04/2025 09:30;38.16
29/04/2025 09:45;38.2
29/04/2025 10:00;38.11
29/04/2025 10:15;38.02
29/04/2025 10:30;38.16
29/04/2025 10:45;39.2
29/04/2025 11:00;39.59
29/04/2025 11:15;39.58
29/04/2025 11:30;39.57
29/04/2025 11:45;39.59
29/04/2025 12:00;39.62
29/04/2025 12:15;39.61
29/04/2025 12:30;39.64
29/04/2025 12:45;39.63
29/04/2025 13:00;39.59
29/04/2025 13:15;39.59
29/04/2025 13:30;39.65
29/04/2025 13:45;39.65
29/04/2025 14:00;39.71
29/04/2025 14:15;39.71
29/04/2025 14:30;39.61
29/04/2025 14:45;39.64
29/04/2025 15:00;39.58
29/04/2025 15:15;39.62
29/04/2025 15:30;39.56
29/04/2025 15:45;39.68
29/04/2025 16:00;39.54
29/04/2025 16:15;39.59
29/04/2025 16:30;39.5
29/04/2025 16:45;39.55
29/04/2025 17:00;39.57
29/04/2025 17:15;39.63
29/04/2025 17:30;39.7
29/04/2025 17:45;39.59
29/04/2025 18:00;39.64
29/04/2025 18:15;39.62
29/04/2025 18:30;39.63
29/04/2025 18:45;39.63
29/04/2025 19:00;39.59
29/04/2025 19:15;39.63
29/04/2025 19:30;39.55
29/04/2025 19:45;39.57
29/04/2025 20:00;39.64
29/04/2025 20:15;39.61
29/04/2025 20:30;39.55
29/04/2025 20:45;39.65
29/04/2025 21:00;39.58
29/04/2025 21:15;39.68
29/04/2025 21:30;39.59
29/04/2025 21:45;39.59
29/04/2025 22:00;39.73
29/04/2025 22:15;42.32
29/04/2025 22:30;42.87
29/04/2025 22:45;43.09
29/04/2025 23:00;43.78
29/04/2025 23:15;43.82
29/04/2025 23:30;43.84
29/04/2025 23:45;43.81
30/04/2025 00:00;43.76
30/04/2025 00:15;43.73
30/04/2025 00:30;43.77
30/04/2025 00:45;43.78
30/04/2025 01:00;43.8
30/04/2025 01:15;43.76
30/04/2025 01:30;43.78
30/04/2025 01:45;43.75
30/04/2025 02:00;43.76
30/04/2025 02:15;43.73
30/04/2025 02:30;43.73
30/04/2025 02:45;43.75
30/04/2025 03:00;43.75
30/04/2025 03:15;43.73
30/04/2025 03:30;43.81
30/04/2025 03:45;43.76
30/04/2025 04:00;43.83
30/04/2025 04:15;43.74
30/04/2025 04:30;43.72
30/04/2025 04:45;43.76
30/04/2025 05:00;43.8
30/04/2025 05:15;43.74
30/04/2025 05:30;43.8
30/04/2025 05:45;43.69
30/04/2025 06:00;43.8
30/04/2025 06:15;43.67
30/04/2025 06:30;43.71
30/04/2025 06:45;43.61
30/04/2025 07:00;43.67
30/04/2025 07:15;43.65
30/04/2025 07:30;43.66
30/04/2025 07:45;43.66
30/04/2025 08:00;43.7
30/04/2025 08:15;43.7
30/04/2025 08:30;43.78
30/04/2025 08:45;43.65
30/04/2025 09:00;43.62
30/04/2025 09:15;43.68
30/04/2025 09:30;43.63
30/04/2025 09:45;43.76
30/04/2025 10:00;43.73
30/04/2025 10:15;43.72
30/04/2025 10:30;43.63
30/04/2025 10:45;43.7
30/04/2025 11:00;43.65
30/04/2025 11:15;43.65
30/04/2025 11:30;43.66
30/04/2025 11:45;43.66
30/04/2025 12:00;43.75
30/04/2025 12:15;43.67
30/04/2025 12:30;43.67
30/04/2025 12:45;43.64
30/04/2025 13:00;43.64
30/04/2025 13:15;43.67
30/04/2025 13:30;43.73
30/04/2025 13:45;43.7
30/04/2025 14:00;43.72
30/04/2025 14:15;43.65
30/04/2025 14:30;43.71
30/04/2025 14:45;43.71
30/04/2025 15:00;43.71
30/04/2025 15:15;43.68
30/04/2025 15:30;43.75
30/04/2025 15:45;43.77
30/04/2025 16:00;43.74
30/04/2025 16:15;43.73
30/04/2025 16:30;43.73
30/04/2025 16:45;43.8
30/04/2025 17:00;43.78
30/04/2025 17:15;43.78
30/04/2025 17:30;43.66
30/04/2025 17:45;43.7
30/04/2025 18:00;43.69
30/04/2025 18:15;43.67
30/04/2025 18:30;43.63
30/04/2025 18:45;43.76
30/04/2025 19:00;43.77
30/04/2025 19:15;43.76
30/04/2025 19:30;43.7
30/04/2025 19:45;43.81
30/04/2025 20:00;43.76
30/04/2025 20:15;43.75
30/04/2025 20:30;43.73
30/04/2025 20:45;43.82
30/04/2025 21:00;43.74
30/04/2025 21:15;43.81
30/04/2025 21:30;43.81
30/04/2025 21:45;43.71
30/04/2025 22:00;43.69
30/04/2025 22:15;43.72
30/04/2025 22:30;43.76
30/04/2025 22:45;43.77
30/04/2025 23:00;43.74
30/04/2025 23:15;43.75
30/04/2025 23:30;43.81
30/04/2025 23:45;43.75
01/05/2025 00:00;43.77
01/05/2025 00:15;43.77
01/05/2025 00:30;43.66
01/05/2025 00:45;43.74
01/05/2025 01:00;43.66
01/05/2025 01:15;43.63
01/05/2025 01:30;43.67
01/05/2025 01:45;43.78
01/05/2025 02:00;43.75
01/05/2025 02:15;43.74
01/05/2025 02:30;43.78
01/05/2025 02:45;43.71
01/05/2025 03:00;43.64
01/05/2025 03:15;43.7
01/05/2025 03:30;43.72
01/05/2025 03:45;43.67
01/05/2025 04:00;43.69
01/05/2025 04:15;43.67
01/05/2025 04:30;43.67
01/05/2025 04:45;43.62
01/05/2025 05:00;43.64
01/05/2025 05:15;43.67
01/05/2025 05:30;43.68
01/05/2025 05:45;43.7
01/05/2025 06:00;43.63
01/05/2025 06:15;43.76
01/05/2025 06:30;43.73
01/05/2025 06:45;43.71
01/05/2025 07:00;43.72
01/05/2025 07:15;43.66
01/05/2025 07:30;43.64
01/05/2025 07:45;43.76
01/05/2025 08:00;43.7
01/05/2025 08:15;43.63
01/05/2025 08:30;43.58
01/05/2025 08:45;43.59
01/05/2025 09:00;43.67
01/05/2025 09:15;43.63
01/05/2025 09:30;43.69
01/05/2025 09:45;43.65
01/05/2025 10:00;43.64
01/05/2025 10:15;43.77
01/05/2025 10:30;43.63
01/05/2025 10:45;43.65
01/05/2025 11:00;43.63
01/05/2025 11:15;43.74
01/05/2025 11:30;43.71
01/05/2025 11:45;43.6
01/05/2025 12:00;43.67
01/05/2025 12:15;43.76
01/05/2025 12:30;43.62
01/05/2025 12:45;43.63
01/05/2025 13:00;43.72
01/05/2025 13:15;43.67
01/05/2025 13:30;43.76
01/05/2025 13:45;43.76
01/05/2025 14:00;43.75
01/05/2025 14:15;43.77
01/05/2025 14:30;43.63
01/05/2025 14:45;43.67
01/05/2025 15:00;43.76
01/05/2025 15:15;43.73
01/05/2025 15:30;43.61
01/05/2025 15:45;43.76
01/05/2025 16:00;43.65
01/05/2025 16:15;43.66
01/05/2025 16:30;43.71
01/05/2025 16:45;43.68
01/05/2025 17:00;43.62
01/05/2025 17:15;43.62
01/05/2025 17:30;43.64
01/05/2025 17:45;43.71
01/05/2025 18:00;43.62
01/05/2025 18:15;43.63
01/05/2025 18:30;43.7
01/05/2025 18:45;43.72
01/05/2025 19:00;43.72
01/05/2025 19:15;43.59
01/05/2025 19:30;43.69
01/05/2025 19:45;43.72
01/05/2025 20:00;43.65
01/05/2025 20:15;43.74
01/05/2025 20:30;43.7
01/05/2025 20:45;43.6
01/05/2025 21:00;43.58
01/05/2025 21:15;43.66
01/05/2025 21:30;43.71
01/05/2025 21:45;43.78
01/05/2025 22:00;44.1
01/05/2025 22:15;45.02
01/05/2025 22:30;45.18
01/05/2025 22:45;45.33
01/05/2025 23:00;45.42
01/05/2025 23:15;45.37
01/05/2025 23:30;45.4
01/05/2025 23:45;45.41
02/05/2025 00:00;45.43
02/05/2025 00:15;45.38
02/05/2025 00:30;45.39
02/05/2025 00:45;45.39
02/05/2025 01:00;45.4
02/05/2025 01:15;45.43
02/05/2025 01:30;45.41
02/05/2025 01:45;45.31
02/05/2025 02:00;45.48
02/05/2025 02:15;45.41
02/05/2025 02:30;45.34
02/05/2025 02:45;45.41
02/05/2025 03:00;45.46
02/05/2025 03:15;45.37
02/05/2025 03:30;45.37
02/05/2025 03:45;45.37
02/05/2025 04:00;45.47
02/05/2025 04:15;45.42
02/05/2025 04:30;45.44
02/05/2025 04:45;45.49
02/05/2025 05:00;45.5
02/05/2025 05:15;45.39
02/05/2025 05:30;45.38
02/05/2025 05:45;45.41
02/05/2025 06:00;45.4
02/05/2025 06:15;45.33
02/05/2025 06:30;45.42
02/05/2025 06:45;45.45
02/05/2025 07:00;45.41
02/05/2025 07:15;45.43
02/05/2025 07:30;45.17
02/05/2025 07:45;45.12
02/05/2025 08:00;45.19
02/05/2025 08:15;45.26
02/05/2025 08:30;44.62
02/05/2025 08:45;43.27
02/05/2025 09:00;43.11
02/05/2025 09:15;42.92
02/05/2025 09:30;42.88
02/05/2025 09:45;42.89
02/05/2025 10:00;42.85
02/05/2025 10:15;42.87
02/05/2025 10:30;42.76
02/05/2025 10:45;42.87
02/05/2025 11:00;42.77
02/05/2025 11:15;42.93
02/05/2025 11:30;42.73
02/05/2025 11:45;42.78
02/05/2025 12:00;42.83
02/05/2025 12:15;42.93
02/05/2025 12:30;42.79
02/05/2025 12:45;42.96
02/05/2025 13:00;42.82
02/05/2025 13:15;42.84
02/05/2025 13:30;42.89
02/05/2025 13:45;42.73
02/05/2025 14:00;42.83
02/05/2025 14:15;42.85
02/05/2025 14:30;42.73
02/05/2025 14:45;42.79
02/05/2025 15:00;42.89
02/05/2025 15:15;42.88
02/05/2025 15:30;42.88
02/05/2025 15:45;42.84
02/05/2025 16:00;42.84
02/05/2025 16:15;42.87
02/05/2025 16:30;42.8
02/05/2025 16:45;42.85
02/05/2025 17:00;42.77
02/05/2025 17:15;42.88
02/05/2025 17:30;42.9
02/05/2025 17:45;42.85
02/05/2025 18:00;42.79
02/05/2025 18:15;42.88
02/05/2025 18:30;42.87
02/05/2025 18:45;42.85
02/05/2025 19:00;42.83
02/05/2025 19:15;42.76
02/05/2025 19:30;42.73
02/05/2025 19:45;42.84
02/05/2025 20:00;42.77
02/05/2025 20:15;42.87
02/05/2025 20:30;42.82
02/05/2025 20:45;42.86
02/05/2025 21:00;42.66
02/05/2025 21:15;42.2
02/05/2025 21:30;42.19
02/05/2025 21:45;42.13
02/05/2025 22:00;42.2
02/05/2025 22:15;42.09
02/05/2025 22:30;42.05
02/05/2025 22:45;42.09
02/05/2025 23:00;42.07
02/05/2025 23:15;42.09
02/05/2025 23:30;42.12
02/05/2025 23:45;42.03
03/05/2025 00:00;42.16
03/05/2025 00:15;42.14
03/05/2025 00:30;42.16
03/05/2025 00:45;42.1
03/05/2025 01:00;42.16
03/05/2025 01:15;42.1
03/05/2025 01:30;42.05
03/05/2025 01:45;42.11
03/05/2025 02:00;42.07
03/05/2025 02:15;42
03/05/2025 02:30;42.13
03/05/2025 02:45;42.02
03/05/2025 03:00;42.13
03/05/2025 03:15;42.12
03/05/2025 03:30;42.11
03/05/2025 03:45;""
03/05/2025 04:00;42.04
03/05/2025 04:15;41.99
03/05/2025 04:30;42.17
03/05/2025 04:45;42.13
03/05/2025 05:00;42.11
03/05/2025 05:15;42.03
03/05/2025 05:30;42.07
03/05/2025 05:45;42.16
03/05/2025 06:00;42.03
03/05/2025 06:15;42.05
03/05/2025 06:30;42.2
03/05/2025 06:45;42.04
03/05/2025 07:00;42.07
03/05/2025 07:15;42.12
03/05/2025 07:30;42.12
03/05/2025 07:45;42.07
03/05/2025 08:00;42.19
03/05/2025 08:15;42.11
03/05/2025 08:30;41.99
03/05/2025 08:45;42.03
03/05/2025 09:00;42.08
03/05/2025 09:15;42.11
03/05/2025 09:30;42.13
03/05/2025 09:45;42.15
03/05/2025 10:00;42.16
03/05/2025 10:15;42.09
03/05/2025 10:30;42.01
03/05/2025 10:45;42.08
03/05/2025 11:00;42.05
03/05/2025 11:15;42.06
03/05/2025 11:30;42.06
03/05/2025 11:45;42.17
03/05/2025 12:00;42.07
03/05/2025 12:15;42.06
03/05/2025 12:30;42.04
03/05/2025 12:45;42.01
03/05/2025 13:00;42.02
03/05/2025 13:15;42.08
03/05/2025 13:30;41.93
03/05/2025 13:45;42.08
03/05/2025 14:00;42.05
03/05/2025 14:15;42.15
03/05/2025 14:30;42.01
03/05/2025 14:45;42.11
03/05/2025 15:00;42.13
03/05/2025 15:15;42.1
03/05/2025 15:30;42
03/05/2025 15:45;42.09
03/05/2025 16:00;41.99
03/05/2025 16:15;42.05
03/05/2025 16:30;42.07
03/05/2025 16:45;42.05
03/05/2025 17:00;42.02
03/05/2025 17:15;42.12
03/05/2025 17:30;42.1
03/05/2025 17:45;42.15
03/05/2025 18:00;42.04
03/05/2025 18:15;42.14
03/05/2025 18:30;42.13
03/05/2025 18:45;41.96
03/05/2025 19:00;41.93
03/05/2025 19:15;42.02
03/05/2025 19:30;42.09
03/05/2025 19:45;42.25
03/05/2025 20:00;42.05
03/05/2025 20:15;42.08
03/05/2025 20:30;42.08
03/05/2025 20:45;42.21
03/05/2025 21:00;42.06
03/05/2025 21:15;42.07
03/05/2025 21:30;42.08
03/05/2025 21:45;41.71
03/05/2025 22:00;39.16
03/05/2025 22:15;38.7
03/05/2025 22:30;38.55
03/05/2025 22:45;38.57
03/05/2025 23:00;38.61
03/05/2025 23:15;38.58
03/05/2025 23:30;38.59
03/05/2025 23:45;38.5
04/05/2025 00:00;38.49
04/05/2025 00:15;38.56
04/05/2025 00:30;38.59
04/05/2025 00:45;38.46
04/05/2025 01:00;38.33
04/05/2025 01:15;38.45
04/05/2025 01:30;38.41
04/05/2025 01:45;38.4
04/05/2025 02:00;38.48
04/05/2025 02:15;38.45
04/05/2025 02:30;38.47
04/05/2025 02:45;38.45
04/05/2025 03:00;38.54
04/05/2025 03:15;38.45
04/05/2025 03:30;38.5
04/05/2025 03:45;38.46
04/05/2025 04:00;38.47
04/05/2025 04:15;38.4
04/05/2025 04:30;38.39
04/05/2025 04:45;38.37
04/05/2025 05:00;38.33
04/05/2025 05:15;38.32
04/05/2025 05:30;38.36
04/05/2025 05:45;38.37
04/05/2025 06:00;38.43
04/05/2025 06:15;38.41
04/05/2025 06:30;38.41
04/05/2025 06:45;38.4
04/05/2025 07:00;38.45
04/05/2025 07:15;38.33
04/05/2025 07:30;38.46
04/05/2025 07:45;38.38
04/05/2025 08:00;38.39
04/05/2025 08:15;38.34
04/05/2025 08:30;38.4
04/05/2025 08:45;38.39
04/05/2025 09:00;38.34
04/05/2025 09:15;38.36
04/05/2025 09:30;38.36
04/05/2025 09:45;38.46
04/05/2025 10:00;38.4
04/05/2025 10:15;38.34
04/05/2025 10:30;38.4
04/05/2025 10:45;38.43
04/05/2025 11:00;38.38
04/05/2025 11:15;38.38
04/05/2025 11:30;38.37
04/05/2025 11:45;38.34
04/05/2025 12:00;38.41
04/05/2025 12:15;38.38
04/05/2025 12:30;38.38
04/05/2025 12:45;38.34
04/05/2025 13:00;38.37
04/05/2025 13:15;38.37
04/05/2025 13:30;38.43
04/05/2025 13:45;38.39
04/05/2025 14:00;38.41
04/05/2025 14:15;38.39
04/05/2025 14:30;38.5
04/05/2025 14:45;38.49
04/05/2025 15:00;38.5
04/05/2025 15:15;38.5
04/05/2025 15:30;38.4
04/05/2025 15:45;38.43
04/05/2025 16:00;38.55
04/05/2025 16:15;38.49
04/05/2025 16:30;38.5
04/05/2025 16:45;38.47
04/05/2025 17:00;38.52
04/05/2025 17:15;38.52
04/05/2025 17:30;38.58
04/05/2025 17:45;38.54
04/05/2025 18:00;38.58
04/05/2025 18:15;38.48
04/05/2025 18:30;38.5
04/05/2025 18:45;38.57
04/05/2025 19:00;38.41
04/05/2025 19:15;38.53
04/05/2025 19:30;38.46
04/05/2025 19:45;38.54
04/05/2025 20:00;38.49
04/05/2025 20:15;38.45
04/05/2025 20:30;38.45
04/05/2025 20:45;38.5
04/05/2025 21:00;38.47
04/05/2025 21:15;38.5
04/05/2025 21:30;38.39
04/05/2025 21:45;38.96
04/05/2025 22:00;39.3
04/05/2025 22:15;39.18
04/05/2025 22:30;39.13
04/05/2025 22:45;39.09
04/05/2025 23:00;39.12
04/05/2025 23:15;39.22
04/05/2025 23:30;39.12
04/05/2025 23:45;39.12
05/05/2025 00:00;39.09
05/05/2025 00:15;39.22
05/05/2025 00:30;39.2
05/05/2025 00:45;39.18
05/05/2025 01:00;39.16
05/05/2025 01:15;39.16
05/05/2025 01:30;39.13
05/05/2025 01:45;39.07
05/05/2025 02:00;39.16
05/05/2025 02:15;39.13
05/05/2025 02:30;39.06
05/05/2025 02:45;39.12
05/05/2025 03:00;39.07
05/05/2025 03:15;39.07
05/05/2025 03:30;39.06
05/05/2025 03:45;39.05
05/05/2025 04:00;39.15
05/05/2025 04:15;39.12
05/05/2025 04:30;39.16
05/05/2025 04:45;39.11
05/05/2025 05:00;39.13
05/05/2025 05:15;39.09
05/05/2025 05:30;39.16
05/05/2025 05:45;39.13
05/05/2025 06:00;39.11
05/05/2025 06:15;39.07
05/05/2025 06:30;39.08
05/05/2025 06:45;39.13
05/05/2025 07:00;39.18
05/05/2025 07:15;39.05
05/05/2025 07:30;39.28
05/05/2025 07:45;39.25
05/05/2025 08:00;39.29
05/05/2025 08:15;39.3
05/05/2025 08:30;39.24
05/05/2025 08:45;39.31
05/05/2025 09:00;39.37
05/05/2025 09:15;39.28
05/05/2025 09:30;39.24
05/05/2025 09:45;39.3
05/05/2025 10:00;39.29
05/05/2025 10:15;39.27
05/05/2025 10:30;39.36
05/05/2025 10:45;39.33
05/05/2025 11:00;39.23
05/05/2025 11:15;39.24
05/05/2025 11:30;39.31
05/05/2025 11:45;39.33
05/05/2025 12:00;39.21
05/05/2025 12:15;39.16
05/05/2025 12:30;39.3
05/05/2025 12:45;39.28
05/05/2025 13:00;39.34
05/05/2025 13:15;39.31
05/05/2025 13:30;39.25
05/05/2025 13:45;39.25
05/05/2025 14:00;39.21
05/05/2025 14:15;39.21
05/05/2025 14:30;39.29
05/05/2025 14:45;39.31
05/05/2025 15:00;39.18
05/05/2025 15:15;39.21
05/05/2025 15:30;39.25
05/05/2025 15:45;39.27
05/05/2025 16:00;39.29
05/05/2025 16:15;39.37
05/05/2025 16:30;39.31
05/05/2025 16:45;39.27
05/05/2025 17:00;39.29
05/05/2025 17:15;39.33
05/05/2025 17:30;39.32
05/05/2025 17:45;39.25
05/05/2025 18:00;39.31
05/05/2025 18:15;39.23
05/05/2025 18:30;39.31
05/05/2025 18:45;39.22
05/05/2025 19:00;39.25
05/05/2025 19:15;39.22
05/05/2025 19:30;39.31
05/05/2025 19:45;39.24
05/05/2025 20:00;39.2
05/05/2025 20:15;39.34
05/05/2025 20:30;39.3
05/05/2025 20:45;39.34
05/05/2025 21:00;39.31
05/05/2025 21:15;39.23
05/05/2025 21:30;39.24
05/05/2025 21:45;39.7
05/05/2025 22:00;40.2
05/05/2025 22:15;40.25
05/05/2025 22:30;40.25
05/05/2025 22:45;40.25
05/05/2025 23:00;40.16
05/05/2025 23:15;40.16
05/05/2025 23:30;40.14
05/05/2025 23:45;40.22
06/05/2025 00:00;40.18
06/05/2025 00:15;40.16
06/05/2025 00:30;40.2
06/05/2025 00:45;40.18
06/05/2025 01:00;40.18
06/05/2025 01:15;40.18
06/05/2025 01:30;40.25
06/05/2025 01:45;40.21
06/05/2025 02:00;40.18
06/05/2025 02:15;40.18
06/05/2025 02:30;40.23
06/05/2025 02:45;40.18
06/05/2025 03:00;40.2
06/05/2025 03:15;40.18
06/05/2025 03:30;40.18
06/05/2025 03:45;40.14
06/05/2025 04:00;40.21
06/05/2025 04:15;40.09
06/05/2025 04:30;40.24
06/05/2025 04:45;40.18
06/05/2025 05:00;40.11
06/05/2025 05:15;40.14
06/05/2025 05:30;40.14
06/05/2025 05:45;40.21
06/05/2025 06:00;40.15
06/05/2025 06:15;40.15
06/05/2025 06:30;40.13
06/05/2025 06:45;40.05
06/05/2025 07:00;40.12
06/05/2025 07:15;40.15
06/05/2025 07:30;40.14
06/05/2025 07:45;40.13
06/05/2025 08:00;40.09
06/05/2025 08:15;40.11
06/05/2025 08:30;40.13
06/05/2025 08:45;40.18
06/05/2025 09:00;40.16
06/05/2025 09:15;40.12
06/05/2025 09:30;40.13
06/05/2025 09:45;40.18
06/05/2025 10:00;40.16
06/05/2025 10:15;40.2
06/05/2025 10:30;40.06
06/05/2025 10:45;40.14
06/05/2025 11:00;40.23
06/05/2025 11:15;40.23
06/05/2025 11:30;40.07
06/05/2025 11:45;40.15
06/05/2025 12:00;40.25
06/05/2025 12:15;40.21
06/05/2025 12:30;40.14
06/05/2025 12:45;40.08
06/05/2025 13:00;40.12
06/05/2025 13:15;40.03
06/05/2025 13:30;40.13
06/05/2025 13:45;40.08
06/05/2025 14:00;40.24
06/05/2025 14:15;40.09
06/05/2025 14:30;40.07
06/05/2025 14:45;40.11
06/05/2025 15:00;40.09
06/05/2025 15:15;40.18
06/05/2025 15:30;40.2
06/05/2025 15:45;40.16
06/05/2025 16:00;40.08
06/05/2025 16:15;40.16
06/05/2025 16:30;40.09
06/05/2025 16:45;40.18
06/05/2025 17:00;40.12
06/05/2025 17:15;40.12
06/05/2025 17:30;40.18
06/05/2025 17:45;40.16
06/05/2025 18:00;40.2
06/05/2025 18:15;40.2
06/05/2025 18:30;40.21
06/05/2025 18:45;40.16
06/05/2025 19:00;40.2
06/05/2025 19:15;40.11
06/05/2025 19:30;40.12
06/05/2025 19:45;40.21
06/05/2025 20:00;40.08
06/05/2025 20:15;40.16
06/05/2025 20:30;40.18
06/05/2025 20:45;40.16
06/05/2025 21:00;40.09
06/05/2025 21:15;40.13
06/05/2025 21:30;40.22
06/05/2025 21:45;40.11
06/05/2025 22:00;40.05
06/05/2025 22:15;39.59
06/05/2025 22:30;39.28
06/05/2025 22:45;39.27
06/05/2025 23:00;39.25
06/05/2025 23:15;39.22
06/05/2025 23:30;39.34
06/05/2025 23:45;39.37
07/05/2025 00:00;39.34
07/05/2025 00:15;39.27
07/05/2025 00:30;39.15
07/05/2025 00:45;39.25
07/05/2025 01:00;39.15
07/05/2025 01:15;39.3
07/05/2025 01:30;39.36
07/05/2025 01:45;39.18
07/05/2025 02:00;39.28
07/05/2025 02:15;39.27
07/05/2025 02:30;39.21
07/05/2025 02:45;39.27
07/05/2025 03:00;39.21
07/05/2025 03:15;39.22
07/05/2025 03:30;39.25
07/05/2025 03:45;39.2
07/05/2025 04:00;39.18
07/05/2025 04:15;39.2
07/05/2025 04:30;39.15
07/05/2025 04:45;39.21
07/05/2025 05:00;39.21
07/05/2025 05:15;39.22
07/05/2025 05:30;39.22
07/05/2025 05:45;39.16
07/05/2025 06:00;39.23
07/05/2025 06:15;39.25
07/05/2025 06:30;39.23
07/05/2025 06:45;39.25
07/05/2025 07:00;39.31
07/05/2025 07:15;39.27
07/05/2025 07:30;39.18
07/05/2025 07:45;39.32
07/05/2025 08:00;39.21
07/05/2025 08:15;39.25
07/05/2025 08:30;39.22
07/05/2025 08:45;39.18
07/05/2025 09:00;39.21
07/05/2025 09:15;39.23
07/05/2025 09:30;39.27
07/05/2025 09:45;39.25
07/05/2025 10:00;39.27
07/05/2025 10:15;39.25
07/05/2025 10:30;39.25
07/05/2025 10:45;39.13
07/05/2025 11:00;39.18
07/05/2025 11:15;39.25
07/05/2025 11:30;39.24
07/05/2025 11:45;39.25
07/05/2025 12:00;39.23
07/05/2025 12:15;39.2
07/05/2025 12:30;39.24
07/05/2025 12:45;39.28
07/05/2025 13:00;39.18
07/05/2025 13:15;39.2
07/05/2025 13:30;39.2
07/05/2025 13:45;39.18
07/05/2025 14:00;39.25
07/05/2025 14:15;39.33
07/05/2025 14:30;39.27
07/05/2025 14:45;39.28
07/05/2025 15:00;39.24
07/05/2025 15:15;39.29
07/05/2025 15:30;39.18
07/05/2025 15:45;39.31
07/05/2025 16:00;39.22
07/05/2025 16:15;39.28
07/05/2025 16:30;39.16
07/05/2025 16:45;39.23
07/05/2025 17:00;39.24
07/05/2025 17:15;39.22
07/05/2025 17:30;39.34
07/05/2025 17:45;39.16
07/05/2025 18:00;39.3
07/05/2025 18:15;39.31
07/05/2025 18:30;39.22
07/05/2025 18:45;39.2
07/05/2025 19:00;39.16
07/05/2025 19:15;39.18
07/05/2025 19:30;39.25
07/05/2025 19:45;39.25
07/05/2025 20:00;39.29
07/05/2025 20:15;39.33
07/05/2025 20:30;39.18
07/05/2025 20:45;39.23
07/05/2025 21:00;39.28
07/05/2025 21:15;39.18
07/05/2025 21:30;39.2
07/05/2025 21:45;39.28
07/05/2025 22:00;39.27
07/05/2025 22:15;39.27
07/05/2025 22:30;39.27
07/05/2025 22:45;39.25
07/05/2025 23:00;39.29
07/05/2025 23:15;39.27
07/05/2025 23:30;39.21
07/05/2025 23:45;39.25
08/05/2025 00:00;39.22
08/05/2025 00:15;39.22
08/05/2025 00:30;39.23
08/05/2025 00:45;39.24
08/05/2025 01:00;39.13
08/05/2025 01:15;39.14
08/05/2025 01:30;39.16
08/05/2025 01:45;39.23
08/05/2025 02:00;39.16
08/05/2025 02:15;39.25
08/05/2025 02:30;39.2
08/05/2025 02:45;39.18
08/05/2025 03:00;39.21
08/05/2025 03:15;39.15
08/05/2025 03:30;39.18
08/05/2025 03:45;39.24
08/05/2025 04:00;39.16
08/05/2025 04:15;39.24
08/05/2025 04:30;39.16
08/05/2025 04:45;39.16
08/05/2025 05:00;39.22
08/05/2025 05:15;39.2
08/05/2025 05:30;39.18
08/05/2025 05:45;39.09
08/05/2025 06:00;39.22
08/05/2025 06:15;39.2
08/05/2025 06:30;39.22
08/05/2025 06:45;39.21
08/05/2025 07:00;39.21
08/05/2025 07:15;39.16
08/05/2025 07:30;39.18
08/05/2025 07:45;39.2
08/05/2025 08:00;39.13
08/05/2025 08:15;39.23
08/05/2025 08:30;39.12
08/05/2025 08:45;39.15
08/05/2025 09:00;39.14
08/05/2025 09:15;39.11
08/05/2025 09:30;39.14
08/05/2025 09:45;39.18
08/05/2025 10:00;39.16
08/05/2025 10:15;39.07
08/05/2025 10:30;39.15
08/05/2025 10:45;39.18
08/05/2025 11:00;39.24
08/05/2025 11:15;39.14
08/05/2025 11:30;39.18
08/05/2025 11:45;39.15
08/05/2025 12:00;39.18
08/05/2025 12:15;39.15
08/05/2025 12:30;39.12
08/05/2025 12:45;39.18
08/05/2025 13:00;39.22
08/05/2025 13:15;39.16
08/05/2025 13:30;39.07
08/05/2025 13:45;39.09
08/05/2025 14:00;39.15
08/05/2025 14:15;39.14
08/05/2025 14:30;39.11
08/05/2025 14:45;39.18
08/05/2025 15:00;39.16
08/05/2025 15:15;39.21
08/05/2025 15:30;39.21
08/05/2025 15:45;39.2
08/05/2025 16:00;39.13
08/05/2025 16:15;39.2
08/05/2025 16:30;39.12
08/05/2025 16:45;39.13
08/05/2025 17:00;39.18
08/05/2025 17:15;39.18
08/05/2025 17:30;39.09
08/05/2025 17:45;39.18
08/05/2025 18:00;39.09
08/05/2025 18:15;39.16
08/05/2025 18:30;39.18
08/05/2025 18:45;39.08
08/05/2025 19:00;39.12
08/05/2025 19:15;39.14
08/05/2025 19:30;39.16
08/05/2025 19:45;39.2
08/05/2025 20:00;39.09
08/05/2025 20:15;39.2
08/05/2025 20:30;39.06
08/05/2025 20:45;39.14
08/05/2025 21:00;39.13
08/05/2025 21:15;39.24
08/05/2025 21:30;38.61
08/05/2025 21:45;36.59
08/05/2025 22:00;36.32
08/05/2025 22:15;36.25
08/05/2025 22:30;36.29
08/05/2025 22:45;36.15
08/05/2025 23:00;36.06
08/05/2025 23:15;36.25
08/05/2025 23:30;36.09
08/05/2025 23:45;36.22
09/05/2025 00:00;36.12
09/05/2025 00:15;36.09
09/05/2025 00:30;36.09
09/05/2025 00:45;36.11
09/05/2025 01:00;36.09
09/05/2025 01:15;36.07
09/05/2025 01:30;36.09
09/05/2025 01:45;36.13
09/05/2025 02:00;36.09
09/05/2025 02:15;36.13
09/05/2025 02:30;36.11
09/05/2025 02:45;36.14
09/05/2025 03:00;36.09
09/05/2025 03:15;36.09
09/05/2025 03:30;36.11
09/05/2025 03:45;36.22
09/05/2025 04:00;36.03
09/05/2025 04:15;36.08
09/05/2025 04:30;36.03
09/05/2025 04:45;36.02
09/05/2025 05:00;36.09
09/05/2025 05:15;36.07
09/05/2025 05:30;36.09
09/05/2025 05:45;36.09
09/05/2025 06:00;36.12
09/05/2025 06:15;36
09/05/2025 06:30;36.09
09/05/2025 06:45;36.09
09/05/2025 07:00;36.03
09/05/2025 07:15;36.08
09/05/2025 07:30;36.07
09/05/2025 07:45;36.03
09/05/2025 08:00;36.02
09/05/2025 08:15;36.06
09/05/2025 08:30;35.98
09/05/2025 08:45;35.99
09/05/2025 09:00;36.12
09/05/2025 09:15;36
09/05/2025 09:30;36.09
09/05/2025 09:45;36
09/05/2025 10:00;36.05
09/05/2025 10:15;36.03
09/05/2025 10:30;34.95
09/05/2025 10:45;34.22
09/05/2025 11:00;34.08
09/05/2025 11:15;34.16
09/05/2025 11:30;34.12
09/05/2025 11:45;34.11
09/05/2025 12:00;34.07
09/05/2025 12:15;34.04
09/05/2025 12:30;34.04
09/05/2025 12:45;34.09
09/05/2025 13:00;34.06
09/05/2025 13:15;34.11
09/05/2025 13:30;34.08
09/05/2025 13:45;34
09/05/2025 14:00;34.09
09/05/2025 14:15;34.08
09/05/2025 14:30;34.09
09/05/2025 14:45;34.11
09/05/2025 15:00;34.15
09/05/2025 15:15;34.06
09/05/2025 15:30;34.09
09/05/2025 15:45;34
09/05/2025 16:00;34.09
09/05/2025 16:15;34.09
09/05/2025 16:30;34.09
09/05/2025 16:45;34.16
09/05/2025 17:00;34.07
09/05/2025 17:15;34.11
09/05/2025 17:30;34.04
09/05/2025 17:45;34.13
09/05/2025 18:00;34.12
09/05/2025 18:15;34.03
09/05/2025 18:30;34.05
09/05/2025 18:45;34
09/05/2025 19:00;34.09
09/05/2025 19:15;34.13
09/05/2025 19:30;34.05
09/05/2025 19:45;32.31
09/05/2025 20:00;30.9
09/05/2025 20:15;30.69
09/05/2025 20:30;30.58
09/05/2025 20:45;30.65
09/05/2025 21:00;31.46
09/05/2025 21:15;31.58
09/05/2025 21:30;31.64
09/05/2025 21:45;31.64
09/05/2025 22:00;31.64
09/05/2025 22:15;31.65
09/05/2025 22:30;31.67
09/05/2025 22:45;31.64
09/05/2025 23:00;31.73
09/05/2025 23:15;31.64
09/05/2025 23:30;31.61
09/05/2025 23:45;31.71
10/05/2025 00:00;31.66
10/05/2025 00:15;31.77
10/05/2025 00:30;31.6
10/05/2025 00:45;31.66
10/05/2025 01:00;31.61
10/05/2025 01:15;31.64
10/05/2025 01:30;31.62
10/05/2025 01:45;31.64
10/05/2025 02:00;31.65
10/05/2025 02:15;31.67
10/05/2025 02:30;31.62
10/05/2025 02:45;31.61
10/05/2025 03:00;31.53
10/05/2025 03:15;31.59
10/05/2025 03:30;31.6
10/05/2025 03:45;31.59
10/05/2025 04:00;31.53
10/05/2025 04:15;31.6
10/05/2025 04:30;31.63
10/05/2025 04:45;31.58
10/05/2025 05:00;31.59
10/05/2025 05:15;31.6
10/05/2025 05:30;31.68
10/05/2025 05:45;31.54
10/05/2025 06:00;31.59
10/05/2025 06:15;31.56
10/05/2025 06:30;31.5
10/05/2025 06:45;31.56
10/05/2025 07:00;31.55
10/05/2025 07:15;31.57
10/05/2025 07:30;31.6
10/05/2025 07:45;31.53
10/05/2025 08:00;31.57
10/05/2025 08:15;31.56
10/05/2025 08:30;31.58
10/05/2025 08:45;31.59
10/05/2025 09:00;31.53
10/05/2025 09:15;31.61
10/05/2025 09:30;31.53
10/05/2025 09:45;31.48
10/05/2025 10:00;31.29
10/05/2025 10:15;30.01
10/05/2025 10:30;29.79
10/05/2025 10:45;29.75
10/05/2025 11:00;29.64
10/05/2025 11:15;29.61
10/05/2025 11:30;29.69
10/05/2025 11:45;29.68
10/05/2025 12:00;29.61
10/05/2025 12:15;29.65
10/05/2025 12:30;29.61
10/05/2025 12:45;29.62
10/05/2025 13:00;29.61
10/05/2025 13:15;29.65
10/05/2025 13:30;29.7
10/05/2025 13:45;29.65
10/05/2025 14:00;29.65
10/05/2025 14:15;29.57
10/05/2025 14:30;29.59
10/05/2025 14:45;29.62
10/05/2025 15:00;29.62
10/05/2025 15:15;29.65
10/05/2025 15:30;29.56
10/05/2025 15:45;29.63
10/05/2025 16:00;29.64
10/05/2025 16:15;29.56
10/05/2025 16:30;29.64
10/05/2025 16:45;29.63
10/05/2025 17:00;29.6
10/05/2025 17:15;29.6
10/05/2025 17:30;29.67
10/05/2025 17:45;29.66
10/05/2025 18:00;29.71
10/05/2025 18:15;29.62
10/05/2025 18:30;29.57
10/05/2025 18:45;29.57
10/05/2025 19:00;29.63
10/05/2025 19:15;29.64
10/05/2025 19:30;29.59
10/05/2025 19:45;29.66
10/05/2025 20:00;29.63
10/05/2025 20:15;29.64
10/05/2025 20:30;29.59
10/05/2025 20:45;29.64
10/05/2025 21:00;29.61
10/05/2025 21:15;29.64
10/05/2025 21:30;28.89
10/05/2025 21:45;27.29
10/05/2025 22:00;27.32
10/05/2025 22:15;27.24
10/05/2025 22:30;27.21
10/05/2025 22:45;27.21
10/05/2025 23:00;27.22
10/05/2025 23:15;27.16
10/05/2025 23:30;27.12
10/05/2025 23:45;27.15
11/05/2025 00:00;27.22
11/05/2025 00:15;27.14
11/05/2025 00:30;27.18
11/05/2025 00:45;27.18
11/05/2025 01:00;27.13
11/05/2025 01:15;27.16
11/05/2025 01:30;27.13
11/05/2025 01:45;27.17
11/05/2025 02:00;27.1
11/05/2025 02:15;27.14
11/05/2025 02:30;27.15
11/05/2025 02:45;27.12
11/05/2025 03:00;27.18
11/05/2025 03:15;27.16
11/05/2025 03:30;27.16
11/05/2025 03:45;27.17
11/05/2025 04:00;27.18
11/05/2025 04:15;27.19
11/05/2025 04:30;27.14
11/05/2025 04:45;27.15
11/05/2025 05:00;27.12
11/05/2025 05:15;27.17
11/05/2025 05:30;27.16
11/05/2025 05:45;27.16
11/05/2025 06:00;27.21
11/05/2025 06:15;27.15
11/05/2025 06:30;27.16
11/05/2025 06:45;27.16
11/05/2025 07:00;27.15
11/05/2025 07:15;27.11
11/05/2025 07:30;27.17
11/05/2025 07:45;27.24
11/05/2025 08:00;27.2
11/05/2025 08:15;27.14
11/05/2025 08:30;27.17
11/05/2025 08:45;27.17
11/05/2025 09:00;27.18
11/05/2025 09:15;27.19
11/05/2025 09:30;27.23
11/05/2025 09:45;27.2
11/05/2025 10:00;27.23
11/05/2025 10:15;27.15
11/05/2025 10:30;27.19
11/05/2025 10:45;27.14
11/05/2025 11:00;27.15
11/05/2025 11:15;27.1
11/05/2025 11:30;27.25
11/05/2025 11:45;27.18
11/05/2025 12:00;27.18
11/05/2025 12:15;27.15
11/05/2025 12:30;27.19
11/05/2025 12:45;27.19
11/05/2025 13:00;27.19
11/05/2025 13:15;27.16
11/05/2025 13:30;27.18
11/05/2025 13:45;27.2
11/05/2025 14:00;27.21
11/05/2025 14:15;27.2
11/05/2025 14:30;27.09
11/05/2025 14:45;27.2
11/05/2025 15:00;27.13
11/05/2025 15:15;27.12
11/05/2025 15:30;27.19
11/05/2025 15:45;27.12
11/05/2025 16:00;27.18
11/05/2025 16:15;27.14
11/05/2025 16:30;27.09
11/05/2025 16:45;27.19
11/05/2025 17:00;27.21
11/05/2025 17:15;27.22
11/05/2025 17:30;27.24
11/05/2025 17:45;27.16
11/05/2025 18:00;27.22
11/05/2025 18:15;27.17
11/05/2025 18:30;27.28
11/05/2025 18:45;27.21
11/05/2025 19:00;27.2
11/05/2025 19:15;27.21
11/05/2025 19:30;27.2
11/05/2025 19:45;27.22
11/05/2025 20:00;27.18
11/05/2025 20:15;27.17
11/05/2025 20:30;27.22
11/05/2025 20:45;27.19
11/05/2025 21:00;27.24
11/05/2025 21:15;26.36
11/05/2025 21:30;25.54
11/05/2025 21:45;25.46
11/05/2025 22:00;25.25
11/05/2025 22:15;25.19
11/05/2025 22:30;25.17
11/05/2025 22:45;25.15
11/05/2025 23:00;25.1
11/05/2025 23:15;25.11
11/05/2025 23:30;25.12
11/05/2025 23:45;25.15
12/05/2025 00:00;25.15
12/05/2025 00:15;25.2
12/05/2025 00:30;25.13
12/05/2025 00:45;25.13
12/05/2025 01:00;25.06
12/05/2025 01:15;25.1
12/05/2025 01:30;25.11
12/05/2025 01:45;25.13
12/05/2025 02:00;25.16
12/05/2025 02:15;25.12
12/05/2025 02:30;25.16
12/05/2025 02:45;25.1
12/05/2025 03:00;25.05
12/05/2025 03:15;25.04
12/05/2025 03:30;25.08
12/05/2025 03:45;25.15
12/05/2025 04:00;25.11
12/05/2025 04:15;25.15
12/05/2025 04:30;25.11
12/05/2025 04:45;25.08
12/05/2025 05:00;25.08
12/05/2025 05:15;25.13
12/05/2025 05:30;25.12
12/05/2025 05:45;25.09
12/05/2025 06:00;25.09
12/05/2025 06:15;25.11
12/05/2025 06:30;25.07
12/05/2025 06:45;25.05
12/05/2025 07:00;25.08
12/05/2025 07:15;25.15
12/05/2025 07:30;25.11
12/05/2025 07:45;25.11
12/05/2025 08:00;25.03
12/05/2025 08:15;25.1
12/05/2025 08:30;25.07
12/05/2025 08:45;25.13
12/05/2025 09:00;25.13
12/05/2025 09:15;25.08
12/05/2025 09:30;25.1
12/05/2025 09:45;25.11
12/05/2025 10:00;25.11
12/05/2025 10:15;25.1
12/05/2025 10:30;25.12
12/05/2025 10:45;25.04
12/05/2025 11:00;25.12
12/05/2025 11:15;25.08
12/05/2025 11:30;25.13
12/05/2025 11:45;25.09
12/05/2025 12:00;25.05
12/05/2025 12:15;25.15
12/05/2025 12:30;25.16
12/05/2025 12:45;25.12
12/05/2025 13:00;25.05
12/05/2025 13:15;25.13
12/05/2025 13:30;25.13
12/05/2025 13:45;25.08
12/05/2025 14:00;25.13
12/05/2025 14:15;25.1
12/05/2025 14:30;25.1
12/05/2025 14:45;25.13
12/05/2025 15:00;25.07
12/05/2025 15:15;25.13
12/05/2025 15:30;25.14
12/05/2025 15:45;25.15
12/05/2025 16:00;25.12
12/05/2025 16:15;25.13
12/05/2025 16:30;25.14
12/05/2025 16:45;25.12
12/05/2025 17:00;25.11
12/05/2025 17:15;25.12
12/05/2025 17:30;25.1
12/05/2025 17:45;25.08
12/05/2025 18:00;25.11
12/05/2025 18:15;25.12
12/05/2025 18:30;25.06
12/05/2025 18:45;25.05
12/05/2025 19:00;25.05
12/05/2025 19:15;25.11
12/05/2025 19:30;25.09
12/05/2025 19:45;25.11
12/05/2025 20:00;25.11
12/05/2025 20:15;25.14
12/05/2025 20:30;25.1
12/05/2025 20:45;25.15
12/05/2025 21:00;25.1
12/05/2025 21:15;25.09
12/05/2025 21:30;25.1
12/05/2025 21:45;24.21
12/05/2025 22:00;23.11
12/05/2025 22:15;22.95
12/05/2025 22:30;22.93
12/05/2025 22:45;22.87
12/05/2025 23:00;22.9
12/05/2025 23:15;22.9
12/05/2025 23:30;22.81
12/05/2025 23:45;22.69
13/05/2025 00:00;22.7
13/05/2025 00:15;22.64
13/05/2025 00:30;22.6
13/05/2025 00:45;22.69
13/05/2025 01:00;22.7
13/05/2025 01:15;22.63
13/05/2025 01:30;22.62
13/05/2025 01:45;22.66
13/05/2025 02:00;22.62
13/05/2025 02:15;22.61
13/05/2025 02:30;22.61
13/05/2025 02:45;22.63
13/05/2025 03:00;22.64
13/05/2025 03:15;22.69
13/05/2025 03:30;22.65
13/05/2025 03:45;22.64
13/05/2025 04:00;22.65
13/05/2025 04:15;22.59
13/05/2025 04:30;22.66
13/05/2025 04:45;22.64
13/05/2025 05:00;22.63
13/05/2025 05:15;22.62
13/05/2025 05:30;22.64
13/05/2025 05:45;22.57
13/05/2025 06:00;22.55
13/05/2025 06:15;22.55
13/05/2025 06:30;22.56
13/05/2025 06:45;22.55
13/05/2025 07:00;22.58
13/05/2025 07:15;22.61
13/05/2025 07:30;22.59
13/05/2025 07:45;22.65
13/05/2025 08:00;22.61
13/05/2025 08:15;22.62
13/05/2025 08:30;22.62
13/05/2025 08:45;22.58
13/05/2025 09:00;22.62
13/05/2025 09:15;22.55
13/05/2025 09:30;22.59
13/05/2025 09:45;22.59
13/05/2025 10:00;22.62
13/05/2025 10:15;22.56
13/05/2025 10:30;22.56
13/05/2025 10:45;22.65
13/05/2025 11:00;22.61
13/05/2025 11:15;22.6
13/05/2025 11:30;22.65
13/05/2025 11:45;22.62
13/05/2025 12:00;22.61
13/05/2025 12:15;22.67
13/05/2025 12:30;22.66
13/05/2025 12:45;22.62
13/05/2025 13:00;22.61
13/05/2025 13:15;22.6
13/05/2025 13:30;22.64
13/05/2025 13:45;22.61
13/05/2025 14:00;22.52
13/05/2025 14:15;22.58
13/05/2025 14:30;22.56
13/05/2025 14:45;22.57
13/05/2025 15:00;22.64
13/05/2025 15:15;22.65
13/05/2025 15:30;22.65
13/05/2025 15:45;22.64
13/05/2025 16:00;22.68
13/05/2025 16:15;22.69
13/05/2025 16:30;22.67
13/05/2025 16:45;22.65
13/05/2025 17:00;22.67
13/05/2025 17:15;22.69
13/05/2025 17:30;22.64
13/05/2025 17:45;22.65
13/05/2025 18:00;22.6
13/05/2025 18:15;22.62
13/05/2025 18:30;22.68
13/05/2025 18:45;22.6
13/05/2025 19:00;22.57
13/05/2025 19:15;22.61
13/05/2025 19:30;22.63
13/05/2025 19:45;22.63
13/05/2025 20:00;22.67
13/05/2025 20:15;22.67
13/05/2025 20:30;22.68
13/05/2025 20:45;22.66
13/05/2025 21:00;22.66
13/05/2025 21:15;22.63
13/05/2025 21:30;22.7
13/05/2025 21:45;23.62
13/05/2025 22:00;24.4
13/05/2025 22:15;24.68
13/05/2025 22:30;24.81
13/05/2025 22:45;24.84
13/05/2025 23:00;24.89
13/05/2025 23:15;24.94
13/05/2025 23:30;24.94
13/05/2025 23:45;24.93
14/05/2025 00:00;24.89
14/05/2025 00:15;24.89
14/05/2025 00:30;24.87
14/05/2025 00:45;24.88
14/05/2025 01:00;24.93
14/05/2025 01:15;24.87
14/05/2025 01:30;24.9
14/05/2025 01:45;24.88
14/05/2025 02:00;24.9
14/05/2025 02:15;24.81
14/05/2025 02:30;24.86
14/05/2025 02:45;24.81
14/05/2025 03:00;24.8
14/05/2025 03:15;24.87
14/05/2025 03:30;24.88
14/05/2025 03:45;24.86
14/05/2025 04:00;24.84
14/05/2025 04:15;24.84
14/05/2025 04:30;24.82
14/05/2025 04:45;24.84
14/05/2025 05:00;24.8
14/05/2025 05:15;24.83
14/05/2025 05:30;24.85
14/05/2025 05:45;24.87
14/05/2025 06:00;24.89
14/05/2025 06:15;24.86
14/05/2025 06:30;24.86
14/05/2025 06:45;24.82
14/05/2025 07:00;24.86
14/05/2025 07:15;24.88
14/05/2025 07:30;24.82
14/05/2025 07:45;24.81
14/05/2025 08:00;24.88
14/05/2025 08:15;24.81
14/05/2025 08:30;24.74
14/05/2025 08:45;24.69
14/05/2025 09:00;24.73
14/05/2025 09:15;24.72
14/05/2025 09:30;24.67
14/05/2025 09:45;24.7
14/05/2025 10:00;24.78
14/05/2025 10:15;24.77
14/05/2025 10:30;24.75
14/05/2025 10:45;24.72
14/05/2025 11:00;24.72
14/05/2025 11:15;24.83
14/05/2025 11:30;24.76
14/05/2025 11:45;24.77
14/05/2025 12:00;24.79
14/05/2025 12:15;24.78
14/05/2025 12:30;24.75
14/05/2025 12:45;24.74
14/05/2025 13:00;24.76
14/05/2025 13:15;24.71
14/05/2025 13:30;24.73
14/05/2025 13:45;24.72
14/05/2025 14:00;24.72
14/05/2025 14:15;24.68
14/05/2025 14:30;24.69
14/05/2025 14:45;24.7
14/05/2025 15:00;24.65
14/05/2025 15:15;24.72
14/05/2025 15:30;24.72
14/05/2025 15:45;24.73
14/05/2025 16:00;24.74
14/05/2025 16:15;24.7
14/05/2025 16:30;24.68
14/05/2025 16:45;24.65
14/05/2025 17:00;24.74
14/05/2025 17:15;24.74
14/05/2025 17:30;24.65
14/05/2025 17:45;24.66
14/05/2025 18:00;24.76
14/05/2025 18:15;24.71
14/05/2025 18:30;24.73
14/05/2025 18:45;24.72
14/05/2025 19:00;24.72
14/05/2025 19:15;24.75
14/05/2025 19:30;24.76
14/05/2025 19:45;24.73
14/05/2025 20:00;24.72
14/05/2025 20:15;24.72
14/05/2025 20:30;24.75
14/05/2025 20:45;24.75
14/05/2025 21:00;24.75
14/05/2025 21:15;24.76
14/05/2025 21:30;24.72
14/05/2025 21:45;24.79
14/05/2025 22:00;24.79
14/05/2025 22:15;24.8
14/05/2025 22:30;24.77
14/05/2025 22:45;24.74
14/05/2025 23:00;24.79
14/05/2025 23:15;24.76
14/05/2025 23:30;24.73
14/05/2025 23:45;24.72
15/05/2025 00:00;24.69
15/05/2025 00:15;24.75
15/05/2025 00:30;24.76
15/05/2025 00:45;24.72
15/05/2025 01:00;24.73
15/05/2025 01:15;24.69
15/05/2025 01:30;24.69
15/05/2025 01:45;24.73
15/05/2025 02:00;24.71
15/05/2025 02:15;24.79
15/05/2025 02:30;24.76
15/05/2025 02:45;24.77
15/05/2025 03:00;24.76
15/05/2025 03:15;24.73
15/05/2025 03:30;24.83
15/05/2025 03:45;24.81
15/05/2025 04:00;24.76
15/05/2025 04:15;24.73
15/05/2025 04:30;24.75
15/05/2025 04:45;24.75
15/05/2025 05:00;24.71
15/05/2025 05:15;24.73
15/05/2025 05:30;24.68
15/05/2025 05:45;24.69
15/05/2025 06:00;24.72
15/05/2025 06:15;24.72
15/05/2025 06:30;24.74
15/05/2025 06:45;24.76
15/05/2025 07:00;24.74
15/05/2025 07:15;24.78
15/05/2025 07:30;24.75
15/05/2025 07:45;24.8
15/05/2025 08:00;24.74
15/05/2025 08:15;24.73
15/05/2025 08:30;24.79
15/05/2025 08:45;24.77
15/05/2025 09:00;24.74
15/05/2025 09:15;24.75
15/05/2025 09:30;24.8
15/05/2025 09:45;24.71
15/05/2025 10:00;24.74
15/05/2025 10:15;24.74
15/05/2025 10:30;24.69
15/05/2025 10:45;24.65
15/05/2025 11:00;24.68
15/05/2025 11:15;24.74
15/05/2025 11:30;24.77
15/05/2025 11:45;24.76
15/05/2025 12:00;24.76
15/05/2025 12:15;24.75
15/05/2025 12:30;24.77
15/05/2025 12:45;24.8
15/05/2025 13:00;24.78
15/05/2025 13:15;24.75
15/05/2025 13:30;24.73
15/05/2025 13:45;24.71
15/05/2025 14:00;24.79
15/05/2025 14:15;24.73
15/05/2025 14:30;24.75
15/05/2025 14:45;24.76
15/05/2025 15:00;24.76
15/05/2025 15:15;24.76
15/05/2025 15:30;24.77
15/05/2025 15:45;24.81
15/05/2025 16:00;24.77
15/05/2025 16:15;24.73
15/05/2025 16:30;24.77
15/05/2025 16:45;24.8
15/05/2025 17:00;24.75
15/05/2025 17:15;24.76
15/05/2025 17:30;24.75
15/05/2025 17:45;24.74
15/05/2025 18:00;24.78
15/05/2025 18:15;24.73
15/05/2025 18:30;24.7
15/05/2025 18:45;24.77
15/05/2025 19:00;24.72
15/05/2025 19:15;24.72
15/05/2025 19:30;24.74
15/05/2025 19:45;24.7
15/05/2025 20:00;24.66
15/05/2025 20:15;24.71
15/05/2025 20:30;24.69
15/05/2025 20:45;24.75
15/05/2025 21:00;24.69
15/05/2025 21:15;24.7
15/05/2025 21:30;24.73
15/05/2025 21:45;24.73
15/05/2025 22:00;24.69
15/05/2025 22:15;24.66
15/05/2025 22:30;24.66
15/05/2025 22:45;24.66
15/05/2025 23:00;24.65
15/05/2025 23:15;24.73
15/05/2025 23:30;24.75
15/05/2025 23:45;24.69
16/05/2025 00:00;24.75
16/05/2025 00:15;24.71
16/05/2025 00:30;24.69
16/05/2025 00:45;24.74
16/05/2025 01:00;24.71
16/05/2025 01:15;24.67
16/05/2025 01:30;24.73
16/05/2025 01:45;24.74
16/05/2025 02:00;24.75
16/05/2025 02:15;24.74
16/05/2025 02:30;24.71
16/05/2025 02:45;24.66
16/05/2025 03:00;24.68
16/05/2025 03:15;24.66
16/05/2025 03:30;24.66
16/05/2025 03:45;24.7
16/05/2025 04:00;24.67
16/05/2025 04:15;24.71
16/05/2025 04:30;24.66
16/05/2025 04:45;24.67
16/05/2025 05:00;24.73
16/05/2025 05:15;24.65
16/05/2025 05:30;24.72
16/05/2025 05:45;24.77
16/05/2025 06:00;24.67
16/05/2025 06:15;24.64
16/05/2025 06:30;24.67
16/05/2025 06:45;24.64
16/05/2025 07:00;24.66
16/05/2025 07:15;24.64
16/05/2025 07:30;24.65
16/05/2025 07:45;24.76
16/05/2025 08:00;24.72
16/05/2025 08:15;24.69
16/05/2025 08:30;24.75
16/05/2025 08:45;24.71
16/05/2025 09:00;24.7
16/05/2025 09:15;24.68
16/05/2025 09:30;24.67
16/05/2025 09:45;24.64
16/05/2025 10:00;24.73
16/05/2025 10:15;24.66
16/05/2025 10:30;24.65
16/05/2025 10:45;24.67
16/05/2025 11:00;24.64
16/05/2025 11:15;24.68
16/05/2025 11:30;24.68
16/05/2025 11:45;24.66
16/05/2025 12:00;24.68
16/05/2025 12:15;24.64
16/05/2025 12:30;24.66
16/05/2025 12:45;24.68
16/05/2025 13:00;24.67
16/05/2025 13:15;24.63
16/05/2025 13:30;24.63
16/05/2025 13:45;24.69
16/05/2025 14:00;24.69
16/05/2025 14:15;24.77
16/05/2025 14:30;24.69
16/05/2025 14:45;24.68
16/05/2025 15:00;24.69
16/05/2025 15:15;24.67
16/05/2025 15:30;24.66
16/05/2025 15:45;24.64
16/05/2025 16:00;24.74
16/05/2025 16:15;24.67
16/05/2025 16:30;24.65
16/05/2025 16:45;24.68
16/05/2025 17:00;24.64
16/05/2025 17:15;24.67
16/05/2025 17:30;24.7
16/05/2025 17:45;24.73
16/05/2025 18:00;24.72
16/05/2025 18:15;24.73
16/05/2025 18:30;24.68
16/05/2025 18:45;24.62
16/05/2025 19:00;24.65
16/05/2025 19:15;24.71
16/05/2025 19:30;24.67
16/05/2025 19:45;24.69
16/05/2025 20:00;24.7
16/05/2025 20:15;24.66
16/05/2025 20:30;24.67
16/05/2025 20:45;24.65
16/05/2025 21:00;24.63
16/05/2025 21:15;24.65
16/05/2025 21:30;24.67
16/05/2025 21:45;24.62
16/05/2025 22:00;24.63
16/05/2025 22:15;24.67
16/05/2025 22:30;24.63
16/05/2025 22:45;24.61
16/05/2025 23:00;24.6
16/05/2025 23:15;24.66
16/05/2025 23:30;24.66
16/05/2025 23:45;24.67
17/05/2025 00:00;24.62
17/05/2025 00:15;24.6
17/05/2025 00:30;24.65
17/05/2025 00:45;24.61
17/05/2025 01:00;24.57
17/05/2025 01:15;24.62
17/05/2025 01:30;24.6
17/05/2025 01:45;24.61
17/05/2025 02:00;24.58
17/05/2025 02:15;24.62
17/05/2025 02:30;24.6
17/05/2025 02:45;24.63
17/05/2025 03:00;24.56
17/05/2025 03:15;24.61
17/05/2025 03:30;24.65
17/05/2025 03:45;24.64
17/05/2025 04:00;24.62
17/05/2025 04:15;24.65
17/05/2025 04:30;24.65
17/05/2025 04:45;24.65
17/05/2025 05:00;24.57
17/05/2025 05:15;24.59
17/05/2025 05:30;24.63
17/05/2025 05:45;24.61
17/05/2025 06:00;24.63
17/05/2025 06:15;24.68
17/05/2025 06:30;24.67
17/05/2025 06:45;24.63
17/05/2025 07:00;24.65
17/05/2025 07:15;24.61
17/05/2025 07:30;24.65
17/05/2025 07:45;24.63
17/05/2025 08:00;24.59
17/05/2025 08:15;24.65
17/05/2025 08:30;24.65
17/05/2025 08:45;24.63
17/05/2025 09:00;24.59
17/05/2025 09:15;24.61
17/05/2025 09:30;24.58
17/05/2025 09:45;24.59
17/05/2025 10:00;24.57
17/05/2025 10:15;24.57
17/05/2025 10:30;24.59
17/05/2025 10:45;24.61
17/05/2025 11:00;24.61
17/05/2025 11:15;24.56
17/05/2025 11:30;24.53
17/05/2025 11:45;24.57
17/05/2025 12:00;24.57
17/05/2025 12:15;24.53
17/05/2025 12:30;24.59
17/05/2025 12:45;24.56
17/05/2025 13:00;24.54
17/05/2025 13:15;24.55
17/05/2025 13:30;24.57
17/05/2025 13:45;24.58
17/05/2025 14:00;24.52
17/05/2025 14:15;24.51
17/05/2025 14:30;24.53
17/05/2025 14:45;24.54
17/05/2025 15:00;24.56
17/05/2025 15:15;24.53
17/05/2025 15:30;24.53
17/05/2025 15:45;24.51
17/05/2025 16:00;24.51
17/05/2025 16:15;24.55
17/05/2025 16:30;24.58
17/05/2025 16:45;24.54
17/05/2025 17:00;24.59
17/05/2025 17:15;24.54
17/05/2025 17:30;24.54
17/05/2025 17:45;24.53
17/05/2025 18:00;24.5
17/05/2025 18:15;24.51
17/05/2025 18:30;24.51
17/05/2025 18:45;24.53
17/05/2025 19:00;24.56
17/05/2025 19:15;24.53
17/05/2025 19:30;24.52
17/05/2025 19:45;24.47
17/05/2025 20:00;24.51
17/05/2025 20:15;24.51
17/05/2025 20:30;24.49
17/05/2025 20:45;24.5
17/05/2025 21:00;24.49
17/05/2025 21:15;24.52
17/05/2025 21:30;24.54
17/05/2025 21:45;24.5
17/05/2025 22:00;24.54
17/05/2025 22:15;24.5
17/05/2025 22:30;24.53
17/05/2025 22:45;24.53
17/05/2025 23:00;24.54
17/05/2025 23:15;24.56
17/05/2025 23:30;24.51
17/05/2025 23:45;24.5
18/05/2025 00:00;24.43
18/05/2025 00:15;24.5
18/05/2025 00:30;24.46
18/05/2025 00:45;24.53
18/05/2025 01:00;24.54
18/05/2025 01:15;24.5
18/05/2025 01:30;24.52
18/05/2025 01:45;24.55
18/05/2025 02:00;24.53
18/05/2025 02:15;24.53
18/05/2025 02:30;24.54
18/05/2025 02:45;24.49
18/05/2025 03:00;24.59
18/05/2025 03:15;24.47
18/05/2025 03:30;24.49
18/05/2025 03:45;24.5
18/05/2025 04:00;24.53
18/05/2025 04:15;24.5
18/05/2025 04:30;24.56
18/05/2025 04:45;24.56
18/05/2025 05:00;24.6
18/05/2025 05:15;24.56
18/05/2025 05:30;24.46
18/05/2025 05:45;24.55
18/05/2025 06:00;24.48
18/05/2025 06:15;24.46
18/05/2025 06:30;24.52
18/05/2025 06:45;24.54
18/05/2025 07:00;24.56
18/05/2025 07:15;24.52
18/05/2025 07:30;24.54
18/05/2025 07:45;24.54
18/05/2025 08:00;24.56
18/05/2025 08:15;24.48
18/05/2025 08:30;24.48
18/05/2025 08:45;24.48
18/05/2025 09:00;24.55
18/05/2025 09:15;24.46
18/05/2025 09:30;24.52
18/05/2025 09:45;24.55
18/05/2025 10:00;24.51
18/05/2025 10:15;25.53
18/05/2025 10:30;26.88
18/05/2025 10:45;27.22
18/05/2025 11:00;27.29
18/05/2025 11:15;27.22
18/05/2025 11:30;27.21
18/05/2025 11:45;27.23
18/05/2025 12:00;27.18
18/05/2025 12:15;27.19
18/05/2025 12:30;27.24
18/05/2025 12:45;27.22
18/05/2025 13:00;27.25
18/05/2025 13:15;27.22
18/05/2025 13:30;27.23
18/05/2025 13:45;27.22
18/05/2025 14:00;27.25
18/05/2025 14:15;27.22
18/05/2025 14:30;27.21
18/05/2025 14:45;27.23
18/05/2025 15:00;27.16
18/05/2025 15:15;27.2
18/05/2025 15:30;27.25
18/05/2025 15:45;27.22
18/05/2025 16:00;27.26
18/05/2025 16:15;27.21
18/05/2025 16:30;27.17
18/05/2025 16:45;27.25
18/05/2025 17:00;27.18
18/05/2025 17:15;27.21
18/05/2025 17:30;27.24
18/05/2025 17:45;27.22
18/05/2025 18:00;27.24
18/05/2025 18:15;27.21
18/05/2025 18:30;27.18
18/05/2025 18:45;27.2
18/05/2025 19:00;27.19
18/05/2025 19:15;27.2
18/05/2025 19:30;27.22
18/05/2025 19:45;27.21
18/05/2025 20:00;27.21
18/05/2025 20:15;27.17
18/05/2025 20:30;27.19
18/05/2025 20:45;27.19
18/05/2025 21:00;27.21
18/05/2025 21:15;27.16
18/05/2025 21:30;27.12
18/05/2025 21:45;27.16
18/05/2025 22:00;27.15
18/05/2025 22:15;27.23
18/05/2025 22:30;27.13
18/05/2025 22:45;27.23
18/05/2025 23:00;27.19
18/05/2025 23:15;27.2
18/05/2025 23:30;27.18
18/05/2025 23:45;27.14
19/05/2025 00:00;27.21
19/05/2025 00:15;27.21
19/05/2025 00:30;27.18
19/05/2025 00:45;27.19
19/05/2025 01:00;27.15
19/05/2025 01:15;27.18
19/05/2025 01:30;27.22
19/05/2025 01:45;27.18
19/05/2025 02:00;27.13
19/05/2025 02:15;27.25
19/05/2025 02:30;27.2
19/05/2025 02:45;27.16
19/05/2025 03:00;27.17
19/05/2025 03:15;27.14
19/05/2025 03:30;27.15
19/05/2025 03:45;27.23
19/05/2025 04:00;27.17
19/05/2025 04:15;27.21
19/05/2025 04:30;27.19
19/05/2025 04:45;27.19
19/05/2025 05:00;27.19
19/05/2025 05:15;27.16
19/05/2025 05:30;27.2
19/05/2025 05:45;27.19
19/05/2025 06:00;27.12
19/05/2025 06:15;27.17
19/05/2025 06:30;27.17
19/05/2025 06:45;27.15
19/05/2025 07:00;27.16
19/05/2025 07:15;27.17
19/05/2025 07:30;27.15
19/05/2025 07:45;27.18
19/05/2025 08:00;27.17
19/05/2025 08:15;27.18
19/05/2025 08:30;27.15
19/05/2025 08:45;27.12
19/05/2025 09:00;27.13
19/05/2025 09:15;27.18
19/05/2025 09:30;27.12
19/05/2025 09:45;27.22
19/05/2025 10:00;27.19
19/05/2025 10:15;27.19
19/05/2025 10:30;27.23
19/05/2025 10:45;27.11
19/05/2025 11:00;27.19
19/05/2025 11:15;27.1
19/05/2025 11:30;27.13
19/05/2025 11:45;27.12
19/05/2025 12:00;27.01
19/05/2025 12:15;27.04
19/05/2025 12:30;27.19
19/05/2025 12:45;27.14
19/05/2025 13:00;27.15
19/05/2025 13:15;27.15
19/05/2025 13:30;27.1
19/05/2025 13:45;27.18
19/05/2025 14:00;27.15
19/05/2025 14:15;27.12
19/05/2025 14:30;27.12
19/05/2025 14:45;27.14
19/05/2025 15:00;27.14
19/05/2025 15:15;27.12
19/05/2025 15:30;27.06
19/05/2025 15:45;27.16
19/05/2025 16:00;27.15
19/05/2025 16:15;27.19
19/05/2025 16:30;27.1
19/05/2025 16:45;27.13
19/05/2025 17:00;27.04
19/05/2025 17:15;27.19
19/05/2025 17:30;27.09
19/05/2025 17:45;27.22
19/05/2025 18:00;27.16
19/05/2025 18:15;27.15
19/05/2025 18:30;27.11
19/05/2025 18:45;27.13
19/05/2025 19:00;27.13
19/05/2025 19:15;27.12
19/05/2025 19:30;27.13
19/05/2025 19:45;27.12
19/05/2025 20:00;27.14
19/05/2025 20:15;27.12
19/05/2025 20:30;27.12
19/05/2025 20:45;27.07
19/05/2025 21:00;27.09
19/05/2025 21:15;27.11
19/05/2025 21:30;27.16
19/05/2025 21:45;27.18
19/05/2025 22:00;27.19
19/05/2025 22:15;28.35
19/05/2025 22:30;29.22
19/05/2025 22:45;29.49
19/05/2025 23:00;29.49
19/05/2025 23:15;29.56
19/05/2025 23:30;30.01
19/05/2025 23:45;30.37
20/05/2025 00:00;30.44
20/05/2025 00:15;30.51
20/05/2025 00:30;30.43
20/05/2025 00:45;30.55
20/05/2025 01:00;30.57
20/05/2025 01:15;30.53
20/05/2025 01:30;30.49
20/05/2025 01:45;30.54
20/05/2025 02:00;30.59
20/05/2025 02:15;30.57
20/05/2025 02:30;30.59
20/05/2025 02:45;30.52
20/05/2025 03:00;30.52
20/05/2025 03:15;30.52
20/05/2025 03:30;30.52
20/05/2025 03:45;30.61
20/05/2025 04:00;30.54
20/05/2025 04:15;30.49
20/05/2025 04:30;30.57
20/05/2025 04:45;30.47
20/05/2025 05:00;30.54
20/05/2025 05:15;30.46
20/05/2025 05:30;30.6
20/05/2025 05:45;30.5
20/05/2025 06:00;30.52
20/05/2025 06:15;30.55
20/05/2025 06:30;30.53
20/05/2025 06:45;30.51
20/05/2025 07:00;30.56
20/05/2025 07:15;30.54
20/05/2025 07:30;30.6
20/05/2025 07:45;30.54
20/05/2025 08:00;30.51
20/05/2025 08:15;30.53
20/05/2025 08:30;30.45
20/05/2025 08:45;30.5
20/05/2025 09:00;30.57
20/05/2025 09:15;30.54
20/05/2025 09:30;30.58
20/05/2025 09:45;31.03
20/05/2025 10:00;31.49
20/05/2025 10:15;31.61
20/05/2025 10:30;31.61
20/05/2025 10:45;31.56
20/05/2025 11:00;31.85
20/05/2025 11:15;31.76
20/05/2025 11:30;31.74
20/05/2025 11:45;32.36
20/05/2025 12:00;31.77
20/05/2025 12:15;31.74
20/05/2025 12:30;31.69
20/05/2025 12:45;31.24
20/05/2025 13:00;31.47
20/05/2025 13:15;31.59
20/05/2025 13:30;31.66
20/05/2025 13:45;31.69
20/05/2025 14:00;31.64
20/05/2025 14:15;31.64
20/05/2025 14:30;31.72
20/05/2025 14:45;31.65
20/05/2025 15:00;31.64
20/05/2025 15:15;31.66
20/05/2025 15:30;31.63
20/05/2025 15:45;31.68
20/05/2025 16:00;31.66
20/05/2025 16:15;31.68
20/05/2025 16:30;31.61
20/05/2025 16:45;31.56
20/05/2025 17:00;31.6
20/05/2025 17:15;31.64
20/05/2025 17:30;31.66
20/05/2025 17:45;31.67
20/05/2025 18:00;31.69
20/05/2025 18:15;31.62
20/05/2025 18:30;31.63
20/05/2025 18:45;31.63
20/05/2025 19:00;31.65
20/05/2025 19:15;31.63
20/05/2025 19:30;31.66
20/05/2025 19:45;31.55
20/05/2025 20:00;31.64
20/05/2025 20:15;31.65
20/05/2025 20:30;31.63
20/05/2025 20:45;31.66
20/05/2025 21:00;31.66
20/05/2025 21:15;31.59
20/05/2025 21:30;31.59
20/05/2025 21:45;31.64
20/05/2025 22:00;31.63
20/05/2025 22:15;32.9
20/05/2025 22:30;33.99
20/05/2025 22:45;34.18
20/05/2025 23:00;34.33
20/05/2025 23:15;34.24
20/05/2025 23:30;34.33
20/05/2025 23:45;34.29
21/05/2025 00:00;34.18
21/05/2025 00:15;34.34
21/05/2025 00:30;34.27
21/05/2025 00:45;34.56
21/05/2025 01:00;34.74
21/05/2025 01:15;34.8
21/05/2025 01:30;34.83
21/05/2025 01:45;34.74
21/05/2025 02:00;34.84
21/05/2025 02:15;34.8
21/05/2025 02:30;34.77
21/05/2025 02:45;34.82
21/05/2025 03:00;34.79
21/05/2025 03:15;34.73
21/05/2025 03:30;34.83
21/05/2025 03:45;34.75
21/05/2025 04:00;34.79
21/05/2025 04:15;34.77
21/05/2025 04:30;34.82
21/05/2025 04:45;34.83
21/05/2025 05:00;34.77
21/05/2025 05:15;34.74
21/05/2025 05:30;34.8
21/05/2025 05:45;34.75
21/05/2025 06:00;34.79
21/05/2025 06:15;34.71
21/05/2025 06:30;34.7
21/05/2025 06:45;34.84
21/05/2025 07:00;34.7
21/05/2025 07:15;34.66
21/05/2025 07:30;34.8
21/05/2025 07:45;34.87
21/05/2025 08:00;34.7
21/05/2025 08:15;34.72
21/05/2025 08:30;34.77
21/05/2025 08:45;34.73
21/05/2025 09:00;34.71
21/05/2025 09:15;34.71
21/05/2025 09:30;34.81
21/05/2025 09:45;34.68
21/05/2025 10:00;34.75
21/05/2025 10:15;34.75
21/05/2025 10:30;34.77
21/05/2025 10:45;34.74
21/05/2025 11:00;36.78
21/05/2025 11:15;36.25
21/05/2025 11:30;35.34
21/05/2025 11:45;35.59
21/05/2025 12:00;35.25
21/05/2025 12:15;34.59
21/05/2025 12:30;34.54
21/05/2025 12:45;34.58
21/05/2025 13:00;34.59
21/05/2025 13:15;34.63
21/05/2025 13:30;34.66
21/05/2025 13:45;34.65
21/05/2025 14:00;34.59
21/05/2025 14:15;34.62
21/05/2025 14:30;34.62
21/05/2025 14:45;34.56
21/05/2025 15:00;34.61
21/05/2025 15:15;34.63
21/05/2025 15:30;34.58
21/05/2025 15:45;34.52
21/05/2025 16:00;34.66
21/05/2025 16:15;34.65
21/05/2025 16:30;34.64
21/05/2025 16:45;34.58
21/05/2025 17:00;34.54
21/05/2025 17:15;34.64
21/05/2025 17:30;34.7
21/05/2025 17:45;34.58
21/05/2025 18:00;34.63
21/05/2025 18:15;34.7
21/05/2025 18:30;34.65
21/05/2025 18:45;34.66
21/05/2025 19:00;34.63
21/05/2025 19:15;34.57
21/05/2025 19:30;34.65
21/05/2025 19:45;34.62
21/05/2025 20:00;34.59
21/05/2025 20:15;34.7
21/05/2025 20:30;34.59
21/05/2025 20:45;34.66
21/05/2025 21:00;34.65
21/05/2025 21:15;34.7
21/05/2025 21:30;34.58
21/05/2025 21:45;34.7
21/05/2025 22:00;34.93
21/05/2025 22:15;37.58
21/05/2025 22:30;37.97
21/05/2025 22:45;38.3
21/05/2025 23:00;38.29
21/05/2025 23:15;38.28
21/05/2025 23:30;38.25
21/05/2025 23:45;38.2
22/05/2025 00:00;38.18
22/05/2025 00:15;38.16
22/05/2025 00:30;38.2
22/05/2025 00:45;38.25
22/05/2025 01:00;38.21
22/05/2025 01:15;38.24
22/05/2025 01:30;38.16
22/05/2025 01:45;38.18
22/05/2025 02:00;38.16
22/05/2025 02:15;38.09
22/05/2025 02:30;38.06
22/05/2025 02:45;38.14
22/05/2025 03:00;38.16
22/05/2025 03:15;38.09
22/05/2025 03:30;38.21
22/05/2025 03:45;38.12
22/05/2025 04:00;38.11
22/05/2025 04:15;38.16
22/05/2025 04:30;38.12
22/05/2025 04:45;38.06
22/05/2025 05:00;38.18
22/05/2025 05:15;38.16
22/05/2025 05:30;38.16
22/05/2025 05:45;38.14
22/05/2025 06:00;38.08
22/05/2025 06:15;38.09
22/05/2025 06:30;38.08
22/05/2025 06:45;38.08
22/05/2025 07:00;38.09
22/05/2025 07:15;38.14
22/05/2025 07:30;38.16
22/05/2025 07:45;38.13
22/05/2025 08:00;38.11
22/05/2025 08:15;38.15
22/05/2025 08:30;38.13
22/05/2025 08:45;38.16
22/05/2025 09:00;38.09
22/05/2025 09:15;38.13
22/05/2025 09:30;38.14
22/05/2025 09:45;38.06
22/05/2025 10:00;38.06
22/05/2025 10:15;38.05
22/05/2025 10:30;38.11
22/05/2025 10:45;38.12
22/05/2025 11:00;38.21
22/05/2025 11:15;38.27
22/05/2025 11:30;38.09
22/05/2025 11:45;38.14
22/05/2025 12:00;38.18
22/05/2025 12:15;38.12
22/05/2025 12:30;38.09
22/05/2025 12:45;38.18
22/05/2025 13:00;38.11
22/05/2025 13:15;38.18
22/05/2025 13:30;38.12
22/05/2025 13:45;38.11
22/05/2025 14:00;38.14
22/05/2025 14:15;38.16
22/05/2025 14:30;38.16
22/05/2025 14:45;38.14
22/05/2025 15:00;38.23
22/05/2025 15:15;38.16
22/05/2025 15:30;38.14
22/05/2025 15:45;38.12
22/05/2025 16:00;38.16
22/05/2025 16:15;38.14
22/05/2025 16:30;38.12
22/05/2025 16:45;38.16
22/05/2025 17:00;38.2
22/05/2025 17:15;38.02
22/05/2025 17:30;38.05
22/05/2025 17:45;38.14
22/05/2025 18:00;38.08
22/05/2025 18:15;38.14
22/05/2025 18:30;38.09
22/05/2025 18:45;38.18
22/05/2025 19:00;38.18
22/05/2025 19:15;38.2
22/05/2025 19:30;38.23
22/05/2025 19:45;38.24
22/05/2025 20:00;38.09
22/05/2025 20:15;38.09
22/05/2025 20:30;38.21
22/05/2025 20:45;38.16
22/05/2025 21:00;38.16
22/05/2025 21:15;38.09
22/05/2025 21:30;38.18
22/05/2025 21:45;38.15
22/05/2025 22:00;38.14
22/05/2025 22:15;38.64
22/05/2025 22:30;38.7
22/05/2025 22:45;37.32
22/05/2025 23:00;37.18
22/05/2025 23:15;37.07
22/05/2025 23:30;37.09
22/05/2025 23:45;37.06
23/05/2025 00:00;37.12
23/05/2025 00:15;37.06
23/05/2025 00:30;36.82
23/05/2025 00:45;36.7
23/05/2025 01:00;36.64
23/05/2025 01:15;36.64
23/05/2025 01:30;36.63
23/05/2025 01:45;36.59
23/05/2025 02:00;36.66
23/05/2025 02:15;36.63
23/05/2025 02:30;36.71
23/05/2025 02:45;36.59
23/05/2025 03:00;36.63
23/05/2025 03:15;36.72
23/05/2025 03:30;36.61
23/05/2025 03:45;36.62
23/05/2025 04:00;36.64
23/05/2025 04:15;36.68
23/05/2025 04:30;36.59
23/05/2025 04:45;36.63
23/05/2025 05:00;36.61
23/05/2025 05:15;36.63
23/05/2025 05:30;36.65
23/05/2025 05:45;36.68
23/05/2025 06:00;36.62
23/05/2025 06:15;36.59
23/05/2025 06:30;36.59
23/05/2025 06:45;36.59
23/05/2025 07:00;36.63
23/05/2025 07:15;36.62
23/05/2025 07:30;36.68
23/05/2025 07:45;36.66
23/05/2025 08:00;36.65
23/05/2025 08:15;36.63
23/05/2025 08:30;36.59
23/05/2025 08:45;36.57
23/05/2025 09:00;36.57
23/05/2025 09:15;36.58
23/05/2025 09:30;36.56
23/05/2025 09:45;36.55
23/05/2025 10:00;36.61
23/05/2025 10:15;36.68
23/05/2025 10:30;36.68
23/05/2025 10:45;36.59
23/05/2025 11:00;36.63
23/05/2025 11:15;36.61
23/05/2025 11:30;36.61
23/05/2025 11:45;36.64
23/05/2025 12:00;36.66
23/05/2025 12:15;36.66
23/05/2025 12:30;36.61
23/05/2025 12:45;36.64
23/05/2025 13:00;36.57
23/05/2025 13:15;36.54
23/05/2025 13:30;36.66
23/05/2025 13:45;36.56
23/05/2025 14:00;36.5
23/05/2025 14:15;36.61
23/05/2025 14:30;36.63
23/05/2025 14:45;36.71
23/05/2025 15:00;36.59
23/05/2025 15:15;36.59
23/05/2025 15:30;36.59
23/05/2025 15:45;36.59
23/05/2025 16:00;36.58
23/05/2025 16:15;36.65
23/05/2025 16:30;36.57
23/05/2025 16:45;36.59
23/05/2025 17:00;36.53
23/05/2025 17:15;36.5
23/05/2025 17:30;36.56
23/05/2025 17:45;36.56
23/05/2025 18:00;36.56
23/05/2025 18:15;36.57
23/05/2025 18:30;36.52
23/05/2025 18:45;36.58
23/05/2025 19:00;36.52
23/05/2025 19:15;36.66
23/05/2025 19:30;36.58
23/05/2025 19:45;36.59
23/05/2025 20:00;36.56
23/05/2025 20:15;36.62
23/05/2025 20:30;36.61
23/05/2025 20:45;36.66
23/05/2025 21:00;36.59
23/05/2025 21:15;36.58
23/05/2025 21:30;36.57
23/05/2025 21:45;36.68
23/05/2025 22:00;36.62
23/05/2025 22:15;36.57
23/05/2025 22:30;36.58
23/05/2025 22:45;36.56
23/05/2025 23:00;36.52
23/05/2025 23:15;36.59
23/05/2025 23:30;36.57
23/05/2025 23:45;36.59
24/05/2025 00:00;36.63
24/05/2025 00:15;36.59
24/05/2025 00:30;36.5
24/05/2025 00:45;36.59
24/05/2025 01:00;36.57
24/05/2025 01:15;36.57
24/05/2025 01:30;36.57
24/05/2025 01:45;36.53
24/05/2025 02:00;36.66
24/05/2025 02:15;36.56
24/05/2025 02:30;36.56
24/05/2025 02:45;36.58
24/05/2025 03:00;36.64
24/05/2025 03:15;36.65
24/05/2025 03:30;36.56
24/05/2025 03:45;36.63
24/05/2025 04:00;36.63
24/05/2025 04:15;36.59
24/05/2025 04:30;36.64
24/05/2025 04:45;36.53
24/05/2025 05:00;36.58
24/05/2025 05:15;36.59
24/05/2025 05:30;36.68
24/05/2025 05:45;36.55
24/05/2025 06:00;36.61
24/05/2025 06:15;36.52
24/05/2025 06:30;36.57
24/05/2025 06:45;36.59
24/05/2025 07:00;36.49
24/05/2025 07:15;36.63
24/05/2025 07:30;36.64
24/05/2025 07:45;36.61
24/05/2025 08:00;36.55
24/05/2025 08:15;36.47
24/05/2025 08:30;36.55
24/05/2025 08:45;36.66
24/05/2025 09:00;36.55
24/05/2025 09:15;36.49
24/05/2025 09:30;36.56
24/05/2025 09:45;36.5
24/05/2025 10:00;36.46
24/05/2025 10:15;36.63
24/05/2025 10:30;36.63
24/05/2025 10:45;36.53
24/05/2025 11:00;36.57
24/05/2025 11:15;36.59
24/05/2025 11:30;36.64
24/05/2025 11:45;36.59
24/05/2025 12:00;36.56
24/05/2025 12:15;36.59
24/05/2025 12:30;36.52
24/05/2025 12:45;36.55
24/05/2025 13:00;36.58
24/05/2025 13:15;36.54
24/05/2025 13:30;36.54
24/05/2025 13:45;36.55
24/05/2025 14:00;36.47
24/05/2025 14:15;36.49
24/05/2025 14:30;36.54
24/05/2025 14:45;36.5
24/05/2025 15:00;36.55
24/05/2025 15:15;36.52
24/05/2025 15:30;36.54
24/05/2025 15:45;36.5
24/05/2025 16:00;36.61
24/05/2025 16:15;36.54
24/05/2025 16:30;36.45
24/05/2025 16:45;36.53
24/05/2025 17:00;36.49
24/05/2025 17:15;36.5
24/05/2025 17:30;36.54
24/05/2025 17:45;36.56
24/05/2025 18:00;36.54
24/05/2025 18:15;36.49
24/05/2025 18:30;36.48
24/05/2025 18:45;36.53
24/05/2025 19:00;36.49
24/05/2025 19:15;36.56
24/05/2025 19:30;36.56
24/05/2025 19:45;36.5
24/05/2025 20:00;36.54
24/05/2025 20:15;36.49
24/05/2025 20:30;36.5
24/05/2025 20:45;36.52
24/05/2025 21:00;36.47
24/05/2025 21:15;36.5
24/05/2025 21:30;36.52
24/05/2025 21:45;36.43
24/05/2025 22:00;36.5
24/05/2025 22:15;36.5
24/05/2025 22:30;36.56
24/05/2025 22:45;36.5
24/05/2025 23:00;36.57
24/05/2025 23:15;36.59
24/05/2025 23:30;36.53
24/05/2025 23:45;36.62
25/05/2025 00:00;36.57
25/05/2025 00:15;36.52
25/05/2025 00:30;36.57
25/05/2025 00:45;36.56
25/05/2025 01:00;36.5
25/05/2025 01:15;36.52
25/05/2025 01:30;36.5
25/05/2025 01:45;36.59
25/05/2025 02:00;36.5
25/05/2025 02:15;36.57
25/05/2025 02:30;36.59
25/05/2025 02:45;36.55
25/05/2025 03:00;36.56
25/05/2025 03:15;36.58
25/05/2025 03:30;36.5
25/05/2025 03:45;36.62
25/05/2025 04:00;36.63
25/05/2025 04:15;36.53
25/05/2025 04:30;36.41
25/05/2025 04:45;36.58
25/05/2025 05:00;36.52
25/05/2025 05:15;36.52
25/05/2025 05:30;36.58
25/05/2025 05:45;36.57
25/05/2025 06:00;36.56
25/05/2025 06:15;36.53
25/05/2025 06:30;36.59
25/05/2025 06:45;36.58
25/05/2025 07:00;36.54
25/05/2025 07:15;36.53
25/05/2025 07:30;36.54
25/05/2025 07:45;36.5
25/05/2025 08:00;36.52
25/05/2025 08:15;36.61
25/05/2025 08:30;36.57
25/05/2025 08:45;36.5
25/05/2025 09:00;36.48
25/05/2025 09:15;36.54
25/05/2025 09:30;36.57
25/05/2025 09:45;36.5
25/05/2025 10:00;36.53
25/05/2025 10:15;36.5
25/05/2025 10:30;36.61
25/05/2025 10:45;37.5
25/05/2025 11:00;37.55
25/05/2025 11:15;37.66
25/05/2025 11:30;37.64
25/05/2025 11:45;37.59
25/05/2025 12:00;37.62
25/05/2025 12:15;37.72
25/05/2025 12:30;37.66
25/05/2025 12:45;37.61
25/05/2025 13:00;37.58
25/05/2025 13:15;37.68
25/05/2025 13:30;37.64
25/05/2025 13:45;37.52
25/05/2025 14:00;37.53
25/05/2025 14:15;37.63
25/05/2025 14:30;37.56
25/05/2025 14:45;37.64
25/05/2025 15:00;37.63
25/05/2025 15:15;37.64
25/05/2025 15:30;37.68
25/05/2025 15:45;37.65
25/05/2025 16:00;37.63
25/05/2025 16:15;37.63
25/05/2025 16:30;37.64
25/05/2025 16:45;37.57
25/05/2025 17:00;37.58
25/05/2025 17:15;37.54
25/05/2025 17:30;37.49
25/05/2025 17:45;37.55
25/05/2025 18:00;37.58
25/05/2025 18:15;37.56
25/05/2025 18:30;37.58
25/05/2025 18:45;37.61
25/05/2025 19:00;37.65
25/05/2025 19:15;37.57
25/05/2025 19:30;37.53
25/05/2025 19:45;37.57
25/05/2025 20:00;37.58
25/05/2025 20:15;37.62
25/05/2025 20:30;37.59
25/05/2025 20:45;37.66
25/05/2025 21:00;37.63
25/05/2025 21:15;37.63
25/05/2025 21:30;37.58
25/05/2025 21:45;37.54
25/05/2025 22:00;38.23
25/05/2025 22:15;39.24
25/05/2025 22:30;39.36
25/05/2025 22:45;39.45
25/05/2025 23:00;39.75
25/05/2025 23:15;39.66
25/05/2025 23:30;39.71
25/05/2025 23:45;39.73
26/05/2025 00:00;39.71
26/05/2025 00:15;39.68
26/05/2025 00:30;39.65
26/05/2025 00:45;39.66
26/05/2025 01:00;39.74
26/05/2025 01:15;39.68
26/05/2025 01:30;39.68
26/05/2025 01:45;39.72
26/05/2025 02:00;39.63
26/05/2025 02:15;39.61
26/05/2025 02:30;39.65
26/05/2025 02:45;39.65
26/05/2025 03:00;39.68
26/05/2025 03:15;39.66
26/05/2025 03:30;39.61
26/05/2025 03:45;39.66
26/05/2025 04:00;39.72
26/05/2025 04:15;39.66
26/05/2025 04:30;39.65
26/05/2025 04:45;39.63
26/05/2025 05:00;39.68
26/05/2025 05:15;39.7
26/05/2025 05:30;39.68
26/05/2025 05:45;39.64
26/05/2025 06:00;39.7
26/05/2025 06:15;39.68
26/05/2025 06:30;39.7
26/05/2025 06:45;39.72
26/05/2025 07:00;39.64
26/05/2025 07:15;39.71
26/05/2025 07:30;39.62
26/05/2025 07:45;39.63
26/05/2025 08:00;39.73
26/05/2025 08:15;39.66
26/05/2025 08:30;39.72
26/05/2025 08:45;39.59
26/05/2025 09:00;39.64
26/05/2025 09:15;39.75
26/05/2025 09:30;39.68
26/05/2025 09:45;39.55
26/05/2025 10:00;39.59
26/05/2025 10:15;39.65
26/05/2025 10:30;39.68
26/05/2025 10:45;39.68
26/05/2025 11:00;39.65
26/05/2025 11:15;39.74
26/05/2025 11:30;39.66
26/05/2025 11:45;39.66
26/05/2025 12:00;39.68
26/05/2025 12:15;39.65
26/05/2025 12:30;39.66
26/05/2025 12:45;40.3
26/05/2025 13:00;41.78
26/05/2025 13:15;41.92
26/05/2025 13:30;41.93
26/05/2025 13:45;41.81
26/05/2025 14:00;41.92
26/05/2025 14:15;41.92
26/05/2025 14:30;41.95
26/05/2025 14:45;41.9
26/05/2025 15:00;42.03
26/05/2025 15:15;41.93
26/05/2025 15:30;41.84
26/05/2025 15:45;41.9
26/05/2025 16:00;42
26/05/2025 16:15;41.77
26/05/2025 16:30;41.91
26/05/2025 16:45;41.85
26/05/2025 17:00;41.87
26/05/2025 17:15;41.93
26/05/2025 17:30;41.88
26/05/2025 17:45;42.04
26/05/2025 18:00;41.87
26/05/2025 18:15;41.94
26/05/2025 18:30;41.98
26/05/2025 18:45;41.78
26/05/2025 19:00;41.91
26/05/2025 19:15;41.81
26/05/2025 19:30;41.81
26/05/2025 19:45;41.84
26/05/2025 20:00;41.84
26/05/2025 20:15;41.79
26/05/2025 20:30;41.86
26/05/2025 20:45;41.75
26/05/2025 21:00;41.87
26/05/2025 21:15;41.87
26/05/2025 21:30;41.97
26/05/2025 21:45;41.87
26/05/2025 22:00;42.33
26/05/2025 22:15;44.16
26/05/2025 22:30;44.33
26/05/2025 22:45;44.55
26/05/2025 23:00;44.68
26/05/2025 23:15;44.66
26/05/2025 23:30;44.67
26/05/2025 23:45;44.67
27/05/2025 00:00;44.64
27/05/2025 00:15;44.64
27/05/2025 00:30;44.79
27/05/2025 00:45;44.74
27/05/2025 01:00;44.64
27/05/2025 01:15;44.67
27/05/2025 01:30;44.71
27/05/2025 01:45;44.73
27/05/2025 02:00;44.71
27/05/2025 02:15;44.78
27/05/2025 02:30;44.69
27/05/2025 02:45;44.66
27/05/2025 03:00;44.65
27/05/2025 03:15;44.63
27/05/2025 03:30;44.68
27/05/2025 03:45;44.63
27/05/2025 04:00;44.7
27/05/2025 04:15;44.67
27/05/2025 04:30;44.67
27/05/2025 04:45;44.65
27/05/2025 05:00;44.66
27/05/2025 05:15;44.69
27/05/2025 05:30;44.74
27/05/2025 05:45;44.59
27/05/2025 06:00;44.6
27/05/2025 06:15;44.65
27/05/2025 06:30;44.72
27/05/2025 06:45;44.62
27/05/2025 07:00;44.62
27/05/2025 07:15;44.68
27/05/2025 07:30;44.62
27/05/2025 07:45;44.6
27/05/2025 08:00;44.51
27/05/2025 08:15;44.5
27/05/2025 08:30;44.58
27/05/2025 08:45;44.59
27/05/2025 09:00;44.64
27/05/2025 09:15;44.59
27/05/2025 09:30;44.64
27/05/2025 09:45;44.62
27/05/2025 10:00;44.63
27/05/2025 10:15;44.64
27/05/2025 10:30;44.57
27/05/2025 10:45;44.57
27/05/2025 11:00;44.55
27/05/2025 11:15;44.6
27/05/2025 11:30;44.53
27/05/2025 11:45;44.61
27/05/2025 12:00;44.61
27/05/2025 12:15;44.55
27/05/2025 12:30;44.57
27/05/2025 12:45;44.6
27/05/2025 13:00;44.62
27/05/2025 13:15;44.62
27/05/2025 13:30;44.63
27/05/2025 13:45;44.68
27/05/2025 14:00;44.65
27/05/2025 14:15;44.59
27/05/2025 14:30;44.62
27/05/2025 14:45;44.61
27/05/2025 15:00;44.62
27/05/2025 15:15;44.62
27/05/2025 15:30;44.67
27/05/2025 15:45;44.61
27/05/2025 16:00;44.6
27/05/2025 16:15;44.61
27/05/2025 16:30;44.64
27/05/2025 16:45;44.6
27/05/2025 17:00;44.53
27/05/2025 17:15;44.64
27/05/2025 17:30;44.56
27/05/2025 17:45;44.68
27/05/2025 18:00;44.61
27/05/2025 18:15;44.53
27/05/2025 18:30;44.54
27/05/2025 18:45;44.59
27/05/2025 19:00;44.54
27/05/2025 19:15;44.6
27/05/2025 19:30;44.62
27/05/2025 19:45;44.59
27/05/2025 20:00;44.61
27/05/2025 20:15;44.52
27/05/2025 20:30;44.52
27/05/2025 20:45;44.51
27/05/2025 21:00;44.54
27/05/2025 21:15;44.55
27/05/2025 21:30;44.51
27/05/2025 21:45;44.68
27/05/2025 22:00;45.19
27/05/2025 22:15;47.51
27/05/2025 22:30;47.92
27/05/2025 22:45;48.09
27/05/2025 23:00;48.09
27/05/2025 23:15;48.12
27/05/2025 23:30;48.18
27/05/2025 23:45;48.21
28/05/2025 00:00;48.26
28/05/2025 00:15;48.14
28/05/2025 00:30;48.11
28/05/2025 00:45;48.13
28/05/2025 01:00;48.13
28/05/2025 01:15;48.15
28/05/2025 01:30;48.05
28/05/2025 01:45;48.05
28/05/2025 02:00;48.16
28/05/2025 02:15;48.16
28/05/2025 02:30;48.11
28/05/2025 02:45;48.19
28/05/2025 03:00;48.12
28/05/2025 03:15;48.09
28/05/2025 03:30;48.11
28/05/2025 03:45;48.07
28/05/2025 04:00;48.25
28/05/2025 04:15;48.06
28/05/2025 04:30;48.1
28/05/2025 04:45;48.05
28/05/2025 05:00;48
28/05/2025 05:15;48.03
28/05/2025 05:30;48.1
28/05/2025 05:45;48.04
28/05/2025 06:00;48.09
28/05/2025 06:15;48.15
28/05/2025 06:30;48.04
28/05/2025 06:45;48.08
28/05/2025 07:00;48.05
28/05/2025 07:15;48.01
28/05/2025 07:30;48.03
28/05/2025 07:45;48.1
28/05/2025 08:00;47.96
28/05/2025 08:15;47.94
28/05/2025 08:30;47.97
28/05/2025 08:45;48
28/05/2025 09:00;48.02
28/05/2025 09:15;47.91
28/05/2025 09:30;47.95
28/05/2025 09:45;48
28/05/2025 10:00;48.03
28/05/2025 10:15;48.01
28/05/2025 10:30;48.05
28/05/2025 10:45;47.97
28/05/2025 11:00;47.99
28/05/2025 11:15;47.89
28/05/2025 11:30;47.96
28/05/2025 11:45;48.01
28/05/2025 12:00;48.06
28/05/2025 12:15;48.06
28/05/2025 12:30;48
28/05/2025 12:45;48.01
28/05/2025 13:00;47.98
28/05/2025 13:15;48.08
28/05/2025 13:30;48.04
28/05/2025 13:45;48.1
28/05/2025 14:00;48.05
28/05/2025 14:15;47.99
28/05/2025 14:30;48.03
28/05/2025 14:45;48
28/05/2025 15:00;48.04
28/05/2025 15:15;48.01
28/05/2025 15:30;48.04
28/05/2025 15:45;47.97
28/05/2025 16:00;48.04
28/05/2025 16:15;48.09
28/05/2025 16:30;48.1
28/05/2025 16:45;47.95
28/05/2025 17:00;47.97
28/05/2025 17:15;48.05
28/05/2025 17:30;48
28/05/2025 17:45;48.02
28/05/2025 18:00;48.05
28/05/2025 18:15;48.04
28/05/2025 18:30;48.02
28/05/2025 18:45;47.95
28/05/2025 19:00;48.13
28/05/2025 19:15;48
28/05/2025 19:30;47.98
28/05/2025 19:45;48.01
28/05/2025 20:00;48.04
28/05/2025 20:15;48.02
28/05/2025 20:30;48
28/05/2025 20:45;48.08
28/05/2025 21:00;47.95
28/05/2025 21:15;47.94
28/05/2025 21:30;47.94
28/05/2025 21:45;47.98
28/05/2025 22:00;47.93
28/05/2025 22:15;47.93
28/05/2025 22:30;47.98
28/05/2025 22:45;47.98
28/05/2025 23:00;47.97
28/05/2025 23:15;47.86
28/05/2025 23:30;47.93
28/05/2025 23:45;48.01
29/05/2025 00:00;47.96
29/05/2025 00:15;48.05
29/05/2025 00:30;48
29/05/2025 00:45;48.05
29/05/2025 01:00;48.03
29/05/2025 01:15;48.01
29/05/2025 01:30;48
29/05/2025 01:45;48.06
29/05/2025 02:00;48
29/05/2025 02:15;47.93
29/05/2025 02:30;48.02
29/05/2025 02:45;47.94
29/05/2025 03:00;48.01
29/05/2025 03:15;48.02
29/05/2025 03:30;47.93
29/05/2025 03:45;47.96
29/05/2025 04:00;47.99
29/05/2025 04:15;47.95
29/05/2025 04:30;47.89
29/05/2025 04:45;47.95
29/05/2025 05:00;47.95
29/05/2025 05:15;48.01
29/05/2025 05:30;47.91
29/05/2025 05:45;48.01
29/05/2025 06:00;47.96
29/05/2025 06:15;47.98
29/05/2025 06:30;48
29/05/2025 06:45;47.94
29/05/2025 07:00;47.93
29/05/2025 07:15;48.04
29/05/2025 07:30;47.92
29/05/2025 07:45;47.93
29/05/2025 08:00;47.95
29/05/2025 08:15;47.85
29/05/2025 08:30;47.85
29/05/2025 08:45;47.89
29/05/2025 09:00;47.89
29/05/2025 09:15;47.84
29/05/2025 09:30;47.84
29/05/2025 09:45;47.82
29/05/2025 10:00;47.88
29/05/2025 10:15;47.88
29/05/2025 10:30;47.82
29/05/2025 10:45;47.91
29/05/2025 11:00;47.77
29/05/2025 11:15;47.8
29/05/2025 11:30;47.85
29/05/2025 11:45;47.88
29/05/2025 12:00;47.85
29/05/2025 12:15;47.95
29/05/2025 12:30;47.89
29/05/2025 12:45;47.81
29/05/2025 13:00;47.85
29/05/2025 13:15;47.82
29/05/2025 13:30;47.81
29/05/2025 13:45;47.8
29/05/2025 14:00;47.88
29/05/2025 14:15;47.96
29/05/2025 14:30;47.98
29/05/2025 14:45;47.96
29/05/2025 15:00;47.95
29/05/2025 15:15;47.91
29/05/2025 15:30;47.93
29/05/2025 15:45;47.84
29/05/2025 16:00;47.9
29/05/2025 16:15;47.96
29/05/2025 16:30;47.87
29/05/2025 16:45;47.88
29/05/2025 17:00;47.89
29/05/2025 17:15;47.88
29/05/2025 17:30;47.9
29/05/2025 17:45;47.89
29/05/2025 18:00;47.89
29/05/2025 18:15;47.92
29/05/2025 18:30;47.88
29/05/2025 18:45;47.92
29/05/2025 19:00;47.88
29/05/2025 19:15;47.87
29/05/2025 19:30;47.88
29/05/2025 19:45;47.86
29/05/2025 20:00;47.83
29/05/2025 20:15;47.75
29/05/2025 20:30;47.84
29/05/2025 20:45;47.83
29/05/2025 21:00;47.92
29/05/2025 21:15;47.84
29/05/2025 21:30;47.76
29/05/2025 21:45;47.79
29/05/2025 22:00;47.88
29/05/2025 22:15;46.99
29/05/2025 22:30;46.91
29/05/2025 22:45;47.01
29/05/2025 23:00;46.87
29/05/2025 23:15;46.99
29/05/2025 23:30;46.84
29/05/2025 23:45;46.9
30/05/2025 00:00;46.87
30/05/2025 00:15;46.86
30/05/2025 00:30;46.85
30/05/2025 00:45;46.89
30/05/2025 01:00;46.93
30/05/2025 01:15;46.79
30/05/2025 01:30;46.76
30/05/2025 01:45;46.87
30/05/2025 02:00;46.87
30/05/2025 02:15;46.85
30/05/2025 02:30;46.79
30/05/2025 02:45;46.79
30/05/2025 03:00;46.85
30/05/2025 03:15;46.86
30/05/2025 03:30;46.91
30/05/2025 03:45;46.74
30/05/2025 04:00;46.82
30/05/2025 04:15;46.76
30/05/2025 04:30;46.77
30/05/2025 04:45;46.85
30/05/2025 05:00;46.86
30/05/2025 05:15;46.77
30/05/2025 05:30;46.77
30/05/2025 05:45;46.77
30/05/2025 06:00;46.74
30/05/2025 06:15;46.77
30/05/2025 06:30;46.76
30/05/2025 06:45;46.81
30/05/2025 07:00;46.77
30/05/2025 07:15;46.78
30/05/2025 07:30;46.81
30/05/2025 07:45;46.66
30/05/2025 08:00;46.71
30/05/2025 08:15;46.65
30/05/2025 08:30;46.72
30/05/2025 08:45;46.87
30/05/2025 09:00;46.8
30/05/2025 09:15;46.83
30/05/2025 09:30;46.7
30/05/2025 09:45;46.72
30/05/2025 10:00;46.75
30/05/2025 10:15;46.85
30/05/2025 10:30;46.77
30/05/2025 10:45;46.83
30/05/2025 11:00;46.77
30/05/2025 11:15;46.67
30/05/2025 11:30;46.65
30/05/2025 11:45;46.71
30/05/2025 12:00;46.75
30/05/2025 12:15;46.67
30/05/2025 12:30;46.78
30/05/2025 12:45;46.75
30/05/2025 13:00;46.68
30/05/2025 13:15;46.72
30/05/2025 13:30;46.79
30/05/2025 13:45;46.76
30/05/2025 14:00;46.83
30/05/2025 14:15;46.81
30/05/2025 14:30;46.8
30/05/2025 14:45;46.81
30/05/2025 15:00;46.72
30/05/2025 15:15;46.73
30/05/2025 15:30;46.82
30/05/2025 15:45;46.79
30/05/2025 16:00;46.84
30/05/2025 16:15;46.78
30/05/2025 16:30;46.74
30/05/2025 16:45;46.82
30/05/2025 17:00;46.8
30/05/2025 17:15;46.81
30/05/2025 17:30;46.77
30/05/2025 17:45;46.8
30/05/2025 18:00;46.74
30/05/2025 18:15;46.78
30/05/2025 18:30;46.78
30/05/2025 18:45;46.83
30/05/2025 19:00;46.86
30/05/2025 19:15;46.75
30/05/2025 19:30;46.78
30/05/2025 19:45;46.8
30/05/2025 20:00;46.77
30/05/2025 20:15;46.79
30/05/2025 20:30;46.7
30/05/2025 20:45;46.81
30/05/2025 21:00;46.8
30/05/2025 21:15;46.76
30/05/2025 21:30;46.82
30/05/2025 21:45;46.84
30/05/2025 22:00;46.8
30/05/2025 22:15;45.18
30/05/2025 22:30;43.46
30/05/2025 22:45;42.89
30/05/2025 23:00;42.9
30/05/2025 23:15;42.95
30/05/2025 23:30;42.96
30/05/2025 23:45;42.91
31/05/2025 00:00;42.95
31/05/2025 00:15;42.98
31/05/2025 00:30;42.92
31/05/2025 00:45;42.95
31/05/2025 01:00;42.88
31/05/2025 01:15;42.99
31/05/2025 01:30;42.92
31/05/2025 01:45;42.97
31/05/2025 02:00;42.92
31/05/2025 02:15;42.93
31/05/2025 02:30;42.91
31/05/2025 02:45;42.98
31/05/2025 03:00;42.88
31/05/2025 03:15;42.85
31/05/2025 03:30;42.83
31/05/2025 03:45;42.83
31/05/2025 04:00;42.94
31/05/2025 04:15;42.89
31/05/2025 04:30;42.89
31/05/2025 04:45;42.87
31/05/2025 05:00;42.88
31/05/2025 05:15;42.91
31/05/2025 05:30;42.85
31/05/2025 05:45;42.87
31/05/2025 06:00;42.8
31/05/2025 06:15;42.85
31/05/2025 06:30;42.83
31/05/2025 06:45;42.79
31/05/2025 07:00;42.79
31/05/2025 07:15;42.72
31/05/2025 07:30;42.79
31/05/2025 07:45;42.82
31/05/2025 08:00;42.82
31/05/2025 08:15;42.85
31/05/2025 08:30;42.85
31/05/2025 08:45;42.79
31/05/2025 09:00;42.85
31/05/2025 09:15;42.81
31/05/2025 09:30;42.83
31/05/2025 09:45;42.78
31/05/2025 10:00;42.77
31/05/2025 10:15;42.88
31/05/2025 10:30;42.76
31/05/2025 10:45;42.74
31/05/2025 11:00;42.63
31/05/2025 11:15;42.85
31/05/2025 11:30;42.84
31/05/2025 11:45;42.81
31/05/2025 12:00;42.83
31/05/2025 12:15;42.85
31/05/2025 12:30;42.83
31/05/2025 12:45;42.81
31/05/2025 13:00;42.84
31/05/2025 13:15;42.86
31/05/2025 13:30;42.86
31/05/2025 13:45;42.85
31/05/2025 14:00;42.87
31/05/2025 14:15;42.86
31/05/2025 14:30;42.9
31/05/2025 14:45;42.85
31/05/2025 15:00;42.91
31/05/2025 15:15;42.93
31/05/2025 15:30;42.89
31/05/2025 15:45;42.88
31/05/2025 16:00;42.92
31/05/2025 16:15;42.75
31/05/2025 16:30;42.85
31/05/2025 16:45;42.9
31/05/2025 17:00;42.86
31/05/2025 17:15;42.87
31/05/2025 17:30;42.8
31/05/2025 17:45;42.86
31/05/2025 18:00;42.78
31/05/2025 18:15;42.85
31/05/2025 18:30;42.82
31/05/2025 18:45;42.93
31/05/2025 19:00;42.86
31/05/2025 19:15;42.78
31/05/2025 19:30;42.83
31/05/2025 19:45;42.84
31/05/2025 20:00;42.86
31/05/2025 20:15;42.8
31/05/2025 20:30;42.87
31/05/2025 20:45;42.92
31/05/2025 21:00;42.8
31/05/2025 21:15;42.7
31/05/2025 21:30;42.93
31/05/2025 21:45;42.79
31/05/2025 22:00;42.47
31/05/2025 22:15;42.11
31/05/2025 22:30;42.14
31/05/2025 22:45;42.09
31/05/2025 23:00;42.15
31/05/2025 23:15;42.09
31/05/2025 23:30;42.1
31/05/2025 23:45;42.04
01/06/2025 00:00;42.13
01/06/2025 00:15;42.04
01/06/2025 00:30;42.08
01/06/2025 00:45;41.93
01/06/2025 01:00;42.01
01/06/2025 01:15;42.13
01/06/2025 01:30;41.9
01/06/2025 01:45;42.02
01/06/2025 02:00;42.01
01/06/2025 02:15;42.04
01/06/2025 02:30;42.09
01/06/2025 02:45;42
01/06/2025 03:00;41.98
01/06/2025 03:15;42.01
01/06/2025 03:30;42.06
01/06/2025 03:45;41.94
01/06/2025 04:00;42
01/06/2025 04:15;41.97
01/06/2025 04:30;41.99
01/06/2025 04:45;42.07
01/06/2025 05:00;41.9
01/06/2025 05:15;41.91
01/06/2025 05:30;42
01/06/2025 05:45;41.93
01/06/2025 06:00;41.97
01/06/2025 06:15;41.91
01/06/2025 06:30;41.86
01/06/2025 06:45;42.04
01/06/2025 07:00;41.91
01/06/2025 07:15;41.93
01/06/2025 07:30;41.91
01/06/2025 07:45;41.79
01/06/2025 08:00;41.9
01/06/2025 08:15;41.92
01/06/2025 08:30;41.96
01/06/2025 08:45;41.91
01/06/2025 09:00;41.97
01/06/2025 09:15;41.92
01/06/2025 09:30;41.93
01/06/2025 09:45;41.93
01/06/2025 10:00;41.86
01/06/2025 10:15;41.86
01/06/2025 10:30;41.88
01/06/2025 10:45;41.86
01/06/2025 11:00;41.93
01/06/2025 11:15;41.9
01/06/2025 11:30;41.99
01/06/2025 11:45;41.91
01/06/2025 12:00;41.89
01/06/2025 12:15;41.93
01/06/2025 12:30;41.84
01/06/2025 12:45;41.98
01/06/2025 13:00;41.92
01/06/2025 13:15;41.84
01/06/2025 13:30;41.81
01/06/2025 13:45;41.96
01/06/2025 14:00;41.97
01/06/2025 14:15;42
01/06/2025 14:30;41.94
01/06/2025 14:45;41.94
01/06/2025 15:00;41.97
01/06/2025 15:15;41.97
01/06/2025 15:30;41.86
01/06/2025 15:45;41.92
01/06/2025 16:00;41.94
01/06/2025 16:15;41.84
01/06/2025 16:30;41.93
01/06/2025 16:45;41.91
01/06/2025 17:00;41.92
01/06/2025 17:15;41.89
01/06/2025 17:30;41.99
01/06/2025 17:45;41.99
01/06/2025 18:00;42.03
01/06/2025 18:15;41.99
01/06/2025 18:30;42.07
01/06/2025 18:45;41.85
01/06/2025 19:00;41.92
01/06/2025 19:15;41.95
01/06/2025 19:30;41.92
01/06/2025 19:45;41.88
01/06/2025 20:00;41.98
01/06/2025 20:15;41.83
01/06/2025 20:30;41.9
01/06/2025 20:45;41.94
01/06/2025 21:00;41.98
01/06/2025 21:15;41.33
01/06/2025 21:30;41.22
01/06/2025 21:45;41.41
01/06/2025 22:00;41.3
01/06/2025 22:15;41.32
01/06/2025 22:30;41.15
01/06/2025 22:45;41.12
01/06/2025 23:00;41.21
01/06/2025 23:15;41.3
01/06/2025 23:30;41.17
01/06/2025 23:45;41.14
02/06/2025 00:00;41.2
02/06/2025 00:15;41.27
02/06/2025 00:30;41.06
02/06/2025 00:45;41.21
02/06/2025 01:00;41.15
02/06/2025 01:15;41.14
02/06/2025 01:30;41.08
02/06/2025 01:45;41.1
02/06/2025 02:00;41.12
02/06/2025 02:15;41.13
02/06/2025 02:30;41.09
02/06/2025 02:45;41.06
02/06/2025 03:00;41.02
02/06/2025 03:15;41.12
02/06/2025 03:30;41.05
02/06/2025 03:45;41.08
02/06/2025 04:00;41.04
02/06/2025 04:15;41.1
02/06/2025 04:30;41.02
02/06/2025 04:45;41.05
02/06/2025 05:00;41.03
02/06/2025 05:15;40.99
02/06/2025 05:30;41.11
02/06/2025 05:45;41.05
02/06/2025 06:00;41.16
02/06/2025 06:15;41.09
02/06/2025 06:30;41.16
02/06/2025 06:45;41.11
02/06/2025 07:00;41.03
02/06/2025 07:15;41.02
02/06/2025 07:30;41.02
02/06/2025 07:45;41.06
02/06/2025 08:00;41.04
02/06/2025 08:15;40.99
02/06/2025 08:30;41.01
02/06/2025 08:45;41.08
02/06/2025 09:00;41.07
02/06/2025 09:15;41.08
02/06/2025 09:30;37.31
02/06/2025 09:45;34.84
02/06/2025 10:00;33.96
02/06/2025 10:15;33.8
02/06/2025 10:30;33.7
02/06/2025 10:45;33.72
02/06/2025 11:00;33.95
02/06/2025 11:15;34.04
02/06/2025 11:30;34.05
02/06/2025 11:45;34
02/06/2025 12:00;34.16
02/06/2025 12:15;34.15
02/06/2025 12:30;34.15
02/06/2025 12:45;34.16
02/06/2025 13:00;34.12
02/06/2025 13:15;34.09
02/06/2025 13:30;34.04
02/06/2025 13:45;34.07
02/06/2025 14:00;34.11
02/06/2025 14:15;34.11
02/06/2025 14:30;34.09
02/06/2025 14:45;34
02/06/2025 15:00;34.02
02/06/2025 15:15;34.05
02/06/2025 15:30;34.09
02/06/2025 15:45;34.09
02/06/2025 16:00;34.07
02/06/2025 16:15;34.16
02/06/2025 16:30;34.16
02/06/2025 16:45;34.14
02/06/2025 17:00;34.06
02/06/2025 17:15;34.07
02/06/2025 17:30;34.07
02/06/2025 17:45;34.11
02/06/2025 18:00;34.11
02/06/2025 18:15;34.14
02/06/2025 18:30;34.07
02/06/2025 18:45;34.04
02/06/2025 19:00;34.03
02/06/2025 19:15;34.05
02/06/2025 19:30;34.13
02/06/2025 19:45;34.11
02/06/2025 20:00;34.11
02/06/2025 20:15;34.08
02/06/2025 20:30;34.12
02/06/2025 20:45;34.07
02/06/2025 21:00;34.18
02/06/2025 21:15;34.2
02/06/2025 21:30;34.09
02/06/2025 21:45;34.15
02/06/2025 22:00;34.12
02/06/2025 22:15;34.2
02/06/2025 22:30;34.02
02/06/2025 22:45;32.21
02/06/2025 23:00;30.88
02/06/2025 23:15;30.74
02/06/2025 23:30;30.64
02/06/2025 23:45;30.64
03/06/2025 00:00;30.59
03/06/2025 00:15;30.57
03/06/2025 00:30;30.56
03/06/2025 00:45;30.54
03/06/2025 01:00;30.52
03/06/2025 01:15;30.52
03/06/2025 01:30;30.51
03/06/2025 01:45;30.48
03/06/2025 02:00;30.5
03/06/2025 02:15;30.52
03/06/2025 02:30;30.45
03/06/2025 02:45;30.53
03/06/2025 03:00;30.53
03/06/2025 03:15;30.55
03/06/2025 03:30;30.51
03/06/2025 03:45;30.59
03/06/2025 04:00;30.62
03/06/2025 04:15;30.54
03/06/2025 04:30;30.57
03/06/2025 04:45;30.54
03/06/2025 05:00;30.57
03/06/2025 05:15;30.54
03/06/2025 05:30;30.48
03/06/2025 05:45;30.54
03/06/2025 06:00;30.52
03/06/2025 06:15;30.58
03/06/2025 06:30;30.52
03/06/2025 06:45;30.55
03/06/2025 07:00;30.56
03/06/2025 07:15;30.55
03/06/2025 07:30;30.56
03/06/2025 07:45;30.62
03/06/2025 08:00;30.55
03/06/2025 08:15;30.49
03/06/2025 08:30;30.58
03/06/2025 08:45;30.58
03/06/2025 09:00;29.81
03/06/2025 09:15;27.59
03/06/2025 09:30;27.28
03/06/2025 09:45;27.22
03/06/2025 10:00;27.26
03/06/2025 10:15;27.26
03/06/2025 10:30;27.25
03/06/2025 10:45;27.29
03/06/2025 11:00;27.25
03/06/2025 11:15;27.29
03/06/2025 11:30;27.21
03/06/2025 11:45;27.19
03/06/2025 12:00;27.21
03/06/2025 12:15;27.27
03/06/2025 12:30;27.24
03/06/2025 12:45;27.24
03/06/2025 13:00;27.22
03/06/2025 13:15;27.24
03/06/2025 13:30;27.22
03/06/2025 13:45;27.22
03/06/2025 14:00;27.23
03/06/2025 14:15;27.23
03/06/2025 14:30;27.22
03/06/2025 14:45;27.23
03/06/2025 15:00;27.2
03/06/2025 15:15;27.21
03/06/2025 15:30;27.23
03/06/2025 15:45;27.19
03/06/2025 16:00;27.24
03/06/2025 16:15;27.29
03/06/2025 16:30;27.23
03/06/2025 16:45;27.18
03/06/2025 17:00;27.22
03/06/2025 17:15;27.17
03/06/2025 17:30;27.17
03/06/2025 17:45;27.17
03/06/2025 18:00;27.15
03/06/2025 18:15;27.23
03/06/2025 18:30;27.21
03/06/2025 18:45;27.23
03/06/2025 19:00;27.16
03/06/2025 19:15;27.2
03/06/2025 19:30;27.16
03/06/2025 19:45;27.18
03/06/2025 20:00;27.2
03/06/2025 20:15;27.23
03/06/2025 20:30;27.18
03/06/2025 20:45;27.18
03/06/2025 21:00;27.28
03/06/2025 21:15;27.19
03/06/2025 21:30;27.18
03/06/2025 21:45;27.15
03/06/2025 22:00;27.21
03/06/2025 22:15;24.47
03/06/2025 22:30;23.6
03/06/2025 22:45;23.39
03/06/2025 23:00;23.23
03/06/2025 23:15;23.12
03/06/2025 23:30;22.57
03/06/2025 23:45;22.53
04/06/2025 00:00;22.49
04/06/2025 00:15;22.49
04/06/2025 00:30;22.48
04/06/2025 00:45;22.47
04/06/2025 01:00;22.46
04/06/2025 01:15;22.4
04/06/2025 01:30;22.42
04/06/2025 01:45;22.42
04/06/2025 02:00;22.44
04/06/2025 02:15;22.41
04/06/2025 02:30;22.43
04/06/2025 02:45;22.45
04/06/2025 03:00;22.47
04/06/2025 03:15;22.45
04/06/2025 03:30;22.43
04/06/2025 03:45;22.47
04/06/2025 04:00;22.45
04/06/2025 04:15;22.43
04/06/2025 04:30;22.4
04/06/2025 04:45;22.51
04/06/2025 05:00;22.49
04/06/2025 05:15;22.48
04/06/2025 05:30;22.49
04/06/2025 05:45;22.48
04/06/2025 06:00;22.45
04/06/2025 06:15;22.42
04/06/2025 06:30;22.39
04/06/2025 06:45;22.4
04/06/2025 07:00;22.37
04/06/2025 07:15;22.39
04/06/2025 07:30;22.39
04/06/2025 07:45;22.41
04/06/2025 08:00;22.4
04/06/2025 08:15;22.43
04/06/2025 08:30;22.49
04/06/2025 08:45;22.53
04/06/2025 09:00;22.54
04/06/2025 09:15;22.54
04/06/2025 09:30;22.53
04/06/2025 09:45;22.56
04/06/2025 10:00;22.56
04/06/2025 10:15;22.55
04/06/2025 10:30;22.52
04/06/2025 10:45;22.51
04/06/2025 11:00;22.51
04/06/2025 11:15;22.56
04/06/2025 11:30;22.5
04/06/2025 11:45;22.54
04/06/2025 12:00;22.54
04/06/2025 12:15;22.57
04/06/2025 12:30;22.55
04/06/2025 12:45;22.54
04/06/2025 13:00;22.6
04/06/2025 13:15;22.56
04/06/2025 13:30;22.53
04/06/2025 13:45;22.54
04/06/2025 14:00;22.56
04/06/2025 14:15;22.54
04/06/2025 14:30;22.54
04/06/2025 14:45;22.54
04/06/2025 15:00;22.55
04/06/2025 15:15;22.56
04/06/2025 15:30;22.56
04/06/2025 15:45;22.57
04/06/2025 16:00;22.54
04/06/2025 16:15;22.52
04/06/2025 16:30;22.53
04/06/2025 16:45;22.51
04/06/2025 17:00;22.52
04/06/2025 17:15;22.54
04/06/2025 17:30;22.53
04/06/2025 17:45;22.53
04/06/2025 18:00;22.51
04/06/2025 18:15;22.57
04/06/2025 18:30;22.59
04/06/2025 18:45;22.52
04/06/2025 19:00;22.55
04/06/2025 19:15;22.48
04/06/2025 19:30;22.56
04/06/2025 19:45;22.53
04/06/2025 20:00;22.57
04/06/2025 20:15;22.58
04/06/2025 20:30;22.54
04/06/2025 20:45;22.53
04/06/2025 21:00;22.52
04/06/2025 21:15;22.54
04/06/2025 21:30;22.52
04/06/2025 21:45;22.54
04/06/2025 22:00;22.5
04/06/2025 22:15;21.44
04/06/2025 22:30;19.79
04/06/2025 22:45;19.57
04/06/2025 23:00;19.52
04/06/2025 23:15;19.49
04/06/2025 23:30;19.27
04/06/2025 23:45;19.12
05/06/2025 00:00;19.1
05/06/2025 00:15;19.08
05/06/2025 00:30;19.08
05/06/2025 00:45;19.06
05/06/2025 01:00;19.07
05/06/2025 01:15;19.04
05/06/2025 01:30;19.04
05/06/2025 01:45;19.08
05/06/2025 02:00;19.08
05/06/2025 02:15;19
05/06/2025 02:30;19.03
05/06/2025 02:45;19.04
05/06/2025 03:00;19.07
05/06/2025 03:15;19.07
05/06/2025 03:30;19.08
05/06/2025 03:45;19.08
05/06/2025 04:00;19.06
05/06/2025 04:15;19.03
05/06/2025 04:30;19.03
05/06/2025 04:45;19.06
05/06/2025 05:00;19
05/06/2025 05:15;19
05/06/2025 05:30;19
05/06/2025 05:45;19.02
05/06/2025 06:00;19.02
05/06/2025 06:15;19.02
05/06/2025 06:30;19.02
05/06/2025 06:45;19
05/06/2025 07:00;19.06
05/06/2025 07:15;19.09
05/06/2025 07:30;19.04
05/06/2025 07:45;19.08
05/06/2025 08:00;19.04
05/06/2025 08:15;19.04
05/06/2025 08:30;19.02
05/06/2025 08:45;19.03
05/06/2025 09:00;19.01
05/06/2025 09:15;19.02
05/06/2025 09:30;18.81
05/06/2025 09:45;18.65
05/06/2025 10:00;18.95
05/06/2025 10:15;18.96
05/06/2025 10:30;19.01
05/06/2025 10:45;19
05/06/2025 11:00;19.03
05/06/2025 11:15;19.01
05/06/2025 11:30;18.98
05/06/2025 11:45;18.99
05/06/2025 12:00;18.95
05/06/2025 12:15;18.98
05/06/2025 12:30;18.99
05/06/2025 12:45;18.93
05/06/2025 13:00;18.95
05/06/2025 13:15;18.99
05/06/2025 13:30;18.95
05/06/2025 13:45;18.98
05/06/2025 14:00;18.96
05/06/2025 14:15;19
05/06/2025 14:30;18.95
05/06/2025 14:45;18.96
05/06/2025 15:00;18.98
05/06/2025 15:15;18.96
05/06/2025 15:30;18.95
05/06/2025 15:45;18.95
05/06/2025 16:00;18.94
05/06/2025 16:15;18.91
05/06/2025 16:30;18.92
05/06/2025 16:45;18.93
05/06/2025 17:00;18.92
05/06/2025 17:15;18.94
05/06/2025 17:30;18.98
05/06/2025 17:45;18.95
05/06/2025 18:00;18.93
05/06/2025 18:15;18.95
05/06/2025 18:30;18.96
05/06/2025 18:45;18.95
05/06/2025 19:00;18.93
05/06/2025 19:15;18.92
05/06/2025 19:30;18.92
05/06/2025 19:45;18.9
05/06/2025 20:00;18.89
05/06/2025 20:15;18.92
05/06/2025 20:30;18.87
05/06/2025 20:45;18.95
05/06/2025 21:00;18.93
05/06/2025 21:15;18.93
05/06/2025 21:30;18.9
05/06/2025 21:45;18.94
05/06/2025 22:00;18.92
05/06/2025 22:15;18.92
05/06/2025 22:30;18.92
05/06/2025 22:45;18.95
05/06/2025 23:00;18.95
05/06/2025 23:15;18.96
05/06/2025 23:30;18.94
05/06/2025 23:45;18.98
06/06/2025 00:00;18.99
06/06/2025 00:15;18.96
06/06/2025 00:30;19
06/06/2025 00:45;18.92
06/06/2025 01:00;18.95
06/06/2025 01:15;18.95
06/06/2025 01:30;18.92
06/06/2025 01:45;18.93
06/06/2025 02:00;18.95
06/06/2025 02:15;18.93
06/06/2025 02:30;18.93
06/06/2025 02:45;18.93
06/06/2025 03:00;18.99
06/06/2025 03:15;18.95
06/06/2025 03:30;18.96
06/06/2025 03:45;18.96
06/06/2025 04:00;18.95
06/06/2025 04:15;19
06/06/2025 04:30;18.99
06/06/2025 04:45;18.95
06/06/2025 05:00;18.93
06/06/2025 05:15;18.96
06/06/2025 05:30;18.95
06/06/2025 05:45;18.96
06/06/2025 06:00;18.96
06/06/2025 06:15;18.98
06/06/2025 06:30;18.94
06/06/2025 06:45;18.93
06/06/2025 07:00;18.95
06/06/2025 07:15;18.91
06/06/2025 07:30;18.94
06/06/2025 07:45;18.94
06/06/2025 08:00;18.94
06/06/2025 08:15;18.95
06/06/2025 08:30;18.99
06/06/2025 08:45;18.99
06/06/2025 09:00;18.95
06/06/2025 09:15;19
06/06/2025 09:30;18.99
06/06/2025 09:45;18.99
06/06/2025 10:00;19
06/06/2025 10:15;18.99
06/06/2025 10:30;18.99
06/06/2025 10:45;18.95
06/06/2025 11:00;19
06/06/2025 11:15;18.95
06/06/2025 11:30;18.98
06/06/2025 11:45;18.95
06/06/2025 12:00;19.14
06/06/2025 12:15;19.43
06/06/2025 12:30;19.42
06/06/2025 12:45;19.45
06/06/2025 13:00;19.49
06/06/2025 13:15;19.46
06/06/2025 13:30;19.5
06/06/2025 13:45;19.45
06/06/2025 14:00;19.44
06/06/2025 14:15;19.46
06/06/2025 14:30;19.45
06/06/2025 14:45;19.44
06/06/2025 15:00;19.42
06/06/2025 15:15;19.45
06/06/2025 15:30;19.4
06/06/2025 15:45;19.45
06/06/2025 16:00;19.44
06/06/2025 16:15;19.43
06/06/2025 16:30;19.43
06/06/2025 16:45;19.44
06/06/2025 17:00;19.4
06/06/2025 17:15;19.42
06/06/2025 17:30;19.4
06/06/2025 17:45;19.41
06/06/2025 18:00;19.41
06/06/2025 18:15;19.37
06/06/2025 18:30;19.42
06/06/2025 18:45;19.43
06/06/2025 19:00;19.43
06/06/2025 19:15;19.43
06/06/2025 19:30;19.4
06/06/2025 19:45;19.39
06/06/2025 20:00;19.43
06/06/2025 20:15;19.42
06/06/2025 20:30;19.42
06/06/2025 20:45;19.4
06/06/2025 21:00;19.39
06/06/2025 21:15;19.42
06/06/2025 21:30;19.41
06/06/2025 21:45;19.39
06/06/2025 22:00;19.39
06/06/2025 22:15;19.37
06/06/2025 22:30;19.37
06/06/2025 22:45;19.36
06/06/2025 23:00;19.37
06/06/2025 23:15;19.37
06/06/2025 23:30;19.37
06/06/2025 23:45;19.41
07/06/2025 00:00;19.43
07/06/2025 00:15;19.43
07/06/2025 00:30;19.45
07/06/2025 00:45;19.42
07/06/2025 01:00;19.4
07/06/2025 01:15;19.37
07/06/2025 01:30;19.41
07/06/2025 01:45;19.39
07/06/2025 02:00;19.4
07/06/2025 02:15;19.4
07/06/2025 02:30;19.4
07/06/2025 02:45;19.41
07/06/2025 03:00;19.39
07/06/2025 03:15;19.39
07/06/2025 03:30;19.45
07/06/2025 03:45;19.43
07/06/2025 04:00;19.44
07/06/2025 04:15;19.45
07/06/2025 04:30;19.44
07/06/2025 04:45;19.43
07/06/2025 05:00;19.42
07/06/2025 05:15;19.4
07/06/2025 05:30;19.37
07/06/2025 05:45;19.42
07/06/2025 06:00;19.42
07/06/2025 06:15;19.42
07/06/2025 06:30;19.41
07/06/2025 06:45;19.41
07/06/2025 07:00;19.4
07/06/2025 07:15;19.42
07/06/2025 07:30;19.44
07/06/2025 07:45;19.44
07/06/2025 08:00;19.45
07/06/2025 08:15;19.42
07/06/2025 08:30;19.43
07/06/2025 08:45;19.41
07/06/2025 09:00;20.07
07/06/2025 09:15;20.44
07/06/2025 09:30;20.56
07/06/2025 09:45;20.56
07/06/2025 10:00;20.58
07/06/2025 10:15;20.62
07/06/2025 10:30;20.6
07/06/2025 10:45;20.63
07/06/2025 11:00;20.58
07/06/2025 11:15;20.61
07/06/2025 11:30;20.61
07/06/2025 11:45;20.61
07/06/2025 12:00;20.63
07/06/2025 12:15;20.58
07/06/2025 12:30;20.55
07/06/2025 12:45;20.57
07/06/2025 13:00;20.57
07/06/2025 13:15;20.56
07/06/2025 13:30;20.57
07/06/2025 13:45;20.56
07/06/2025 14:00;20.54
07/06/2025 14:15;20.54
07/06/2025 14:30;20.55
07/06/2025 14:45;20.57
07/06/2025 15:00;20.55
07/06/2025 15:15;20.58
07/06/2025 15:30;20.57
07/06/2025 15:45;20.57
07/06/2025 16:00;20.59
07/06/2025 16:15;20.52
07/06/2025 16:30;20.51
07/06/2025 16:45;20.52
07/06/2025 17:00;20.56
07/06/2025 17:15;20.56
07/06/2025 17:30;20.51
07/06/2025 17:45;20.53
07/06/2025 18:00;20.57
07/06/2025 18:15;20.53
07/06/2025 18:30;20.55
07/06/2025 18:45;20.59
07/06/2025 19:00;21.25
07/06/2025 19:15;21.43
07/06/2025 19:30;21.52
07/06/2025 19:45;21.51
07/06/2025 20:00;21.54
07/06/2025 20:15;21.55
07/06/2025 20:30;21.51
07/06/2025 20:45;21.51
07/06/2025 21:00;21.56
07/06/2025 21:15;21.59
07/06/2025 21:30;21.58
07/06/2025 21:45;21.58
07/06/2025 22:00;21.64
07/06/2025 22:15;21.59
07/06/2025 22:30;21.6
07/06/2025 22:45;21.57
07/06/2025 23:00;21.55
07/06/2025 23:15;21.53
07/06/2025 23:30;21.55
07/06/2025 23:45;21.56
08/06/2025 00:00;21.55
08/06/2025 00:15;21.52
08/06/2025 00:30;21.53
08/06/2025 00:45;21.58
08/06/2025 01:00;21.61
08/06/2025 01:15;21.56
08/06/2025 01:30;21.56
08/06/2025 01:45;21.58
08/06/2025 02:00;21.53
08/06/2025 02:15;21.55
08/06/2025 02:30;21.56
08/06/2025 02:45;21.53
08/06/2025 03:00;21.52
08/06/2025 03:15;21.54
08/06/2025 03:30;21.56
08/06/2025 03:45;21.55
08/06/2025 04:00;21.57
08/06/2025 04:15;21.55
08/06/2025 04:30;21.55
08/06/2025 04:45;21.54
08/06/2025 05:00;21.58
08/06/2025 05:15;21.61
08/06/2025 05:30;21.53
08/06/2025 05:45;21.52
08/06/2025 06:00;21.48
08/06/2025 06:15;21.55
08/06/2025 06:30;21.54
08/06/2025 06:45;21.55
08/06/2025 07:00;21.55
08/06/2025 07:15;21.55
08/06/2025 07:30;22.69
08/06/2025 07:45;24.35
08/06/2025 08:00;24.61
08/06/2025 08:15;24.7
08/06/2025 08:30;24.79
08/06/2025 08:45;24.78
08/06/2025 09:00;24.75
08/06/2025 09:15;24.75
08/06/2025 09:30;24.75
08/06/2025 09:45;24.78
08/06/2025 10:00;24.77
08/06/2025 10:15;24.77
08/06/2025 10:30;24.75
08/06/2025 10:45;24.78
08/06/2025 11:00;24.86
08/06/2025 11:15;24.76
08/06/2025 11:30;24.77
08/06/2025 11:45;24.77
08/06/2025 12:00;24.77
08/06/2025 12:15;24.74
08/06/2025 12:30;24.72
08/06/2025 12:45;24.69
08/06/2025 13:00;24.73
08/06/2025 13:15;24.69
08/06/2025 13:30;24.73
08/06/2025 13:45;24.72
08/06/2025 14:00;24.72
08/06/2025 14:15;24.71
08/06/2025 14:30;24.72
08/06/2025 14:45;24.73
08/06/2025 15:00;24.76
08/06/2025 15:15;24.71
08/06/2025 15:30;24.69
08/06/2025 15:45;24.71
08/06/2025 16:00;24.69
08/06/2025 16:15;24.7
08/06/2025 16:30;24.65
08/06/2025 16:45;24.73
08/06/2025 17:00;24.68
08/06/2025 17:15;24.72
08/06/2025 17:30;24.72
08/06/2025 17:45;24.77
08/06/2025 18:00;24.73
08/06/2025 18:15;24.71
08/06/2025 18:30;24.68
08/06/2025 18:45;24.71
08/06/2025 19:00;24.7
08/06/2025 19:15;24.74
08/06/2025 19:30;24.66
08/06/2025 19:45;24.7
08/06/2025 20:00;24.73
08/06/2025 20:15;24.75
08/06/2025 20:30;24.78
08/06/2025 20:45;26.75
08/06/2025 21:00;29.18
08/06/2025 21:15;29.56
08/06/2025 21:30;29.66
08/06/2025 21:45;29.85
08/06/2025 22:00;29.83
08/06/2025 22:15;29.99
08/06/2025 22:30;30.13
08/06/2025 22:45;30.1
08/06/2025 23:00;30.17
08/06/2025 23:15;30.17
08/06/2025 23:30;30.19
08/06/2025 23:45;30.17
09/06/2025 00:00;30.19
09/06/2025 00:15;30.16
09/06/2025 00:30;30.18
09/06/2025 00:45;30.14
09/06/2025 01:00;30.09
09/06/2025 01:15;30.15
09/06/2025 01:30;30.14
09/06/2025 01:45;30.11
09/06/2025 02:00;30.11
09/06/2025 02:15;30.07
09/06/2025 02:30;30.07
09/06/2025 02:45;30.09
09/06/2025 03:00;30.17
09/06/2025 03:15;30.12
09/06/2025 03:30;30.08
09/06/2025 03:45;30.07
09/06/2025 04:00;30.08
09/06/2025 04:15;30.07
09/06/2025 04:30;30.08
09/06/2025 04:45;30.08
09/06/2025 05:00;30.06
09/06/2025 05:15;30.03
09/06/2025 05:30;30.08
09/06/2025 05:45;30
09/06/2025 06:00;29.96
09/06/2025 06:15;29.96
09/06/2025 06:30;30.03
09/06/2025 06:45;30.02
09/06/2025 07:00;30.07
09/06/2025 07:15;30.07
09/06/2025 07:30;30.11
09/06/2025 07:45;30.06
09/06/2025 08:00;29.99
09/06/2025 08:15;30
09/06/2025 08:30;29.99
09/06/2025 08:45;30.42
09/06/2025 09:00;30.95
09/06/2025 09:15;30.98
09/06/2025 09:30;31.05
09/06/2025 09:45;31.08
09/06/2025 10:00;31.02
09/06/2025 10:15;31.02
09/06/2025 10:30;31.05
09/06/2025 10:45;31.12
09/06/2025 11:00;31.15
09/06/2025 11:15;31.03
09/06/2025 11:30;31.15
09/06/2025 11:45;31.08
09/06/2025 12:00;31.08
09/06/2025 12:15;31.08
09/06/2025 12:30;31.03
09/06/2025 12:45;31.02
09/06/2025 13:00;31.09
09/06/2025 13:15;31.05
09/06/2025 13:30;31.08
09/06/2025 13:45;31.07
09/06/2025 14:00;31
09/06/2025 14:15;31.05
09/06/2025 14:30;31.14
09/06/2025 14:45;31.16
09/06/2025 15:00;31.16
09/06/2025 15:15;31.04
09/06/2025 15:30;31.02
09/06/2025 15:45;31
09/06/2025 16:00;30.96
09/06/2025 16:15;31.02
09/06/2025 16:30;31.01
09/06/2025 16:45;31.03
09/06/2025 17:00;31.03
09/06/2025 17:15;31.05
09/06/2025 17:30;30.97
09/06/2025 17:45;31.01
09/06/2025 18:00;31.12
09/06/2025 18:15;31.13
09/06/2025 18:30;31.09
09/06/2025 18:45;31.02
09/06/2025 19:00;31
09/06/2025 19:15;30.98
09/06/2025 19:30;30.94
09/06/2025 19:45;30.94
09/06/2025 20:00;30.9
09/06/2025 20:15;30.96
09/06/2025 20:30;30.95
09/06/2025 20:45;31
09/06/2025 21:00;30.92
09/06/2025 21:15;30.95
09/06/2025 21:30;31
09/06/2025 21:45;31.51
09/06/2025 22:00;32.91
09/06/2025 22:15;32.88
09/06/2025 22:30;32.83
09/06/2025 22:45;32.73
09/06/2025 23:00;32.82
09/06/2025 23:15;32.78
09/06/2025 23:30;32.78
09/06/2025 23:45;32.78
10/06/2025 00:00;32.84
10/06/2025 00:15;32.78
10/06/2025 00:30;32.84
10/06/2025 00:45;32.8
10/06/2025 01:00;32.83
10/06/2025 01:15;32.83
10/06/2025 01:30;32.86
10/06/2025 01:45;32.81
10/06/2025 02:00;32.8
10/06/2025 02:15;32.79
10/06/2025 02:30;32.81
10/06/2025 02:45;32.74
10/06/2025 03:00;32.81
10/06/2025 03:15;32.83
10/06/2025 03:30;32.74
10/06/2025 03:45;32.73
10/06/2025 04:00;32.75
10/06/2025 04:15;32.75
10/06/2025 04:30;32.84
10/06/2025 04:45;32.81
10/06/2025 05:00;32.8
10/06/2025 05:15;32.7
10/06/2025 05:30;32.68
10/06/2025 05:45;32.75
10/06/2025 06:00;32.75
10/06/2025 06:15;32.74
10/06/2025 06:30;32.75
10/06/2025 06:45;32.7
10/06/2025 07:00;32.72
10/06/2025 07:15;32.73
10/06/2025 07:30;32.74
10/06/2025 07:45;32.7
10/06/2025 08:00;32.75
10/06/2025 08:15;32.75
10/06/2025 08:30;32.78
10/06/2025 08:45;32.75
10/06/2025 09:00;32.75
10/06/2025 09:15;32.7
10/06/2025 09:30;32.73
10/06/2025 09:45;32.71
10/06/2025 10:00;32.71
10/06/2025 10:15;32.66
10/06/2025 10:30;32.72
10/06/2025 10:45;32.75
10/06/2025 11:00;32.72
10/06/2025 11:15;32.71
10/06/2025 11:30;32.75
10/06/2025 11:45;32.71
10/06/2025 12:00;32.75
10/06/2025 12:15;32.64
10/06/2025 12:30;32.68
10/06/2025 12:45;32.7
10/06/2025 13:00;32.73
10/06/2025 13:15;32.72
10/06/2025 13:30;32.65
10/06/2025 13:45;32.73
10/06/2025 14:00;32.72
10/06/2025 14:15;32.74
10/06/2025 14:30;32.73
10/06/2025 14:45;32.71
10/06/2025 15:00;32.75
10/06/2025 15:15;32.72
10/06/2025 15:30;32.7
10/06/2025 15:45;32.68
10/06/2025 16:00;32.68
10/06/2025 16:15;32.75
10/06/2025 16:30;32.68
10/06/2025 16:45;32.71
10/06/2025 17:00;32.71
10/06/2025 17:15;32.74
10/06/2025 17:30;32.66
10/06/2025 17:45;32.74
10/06/2025 18:00;32.82
10/06/2025 18:15;32.73
10/06/2025 18:30;32.75
10/06/2025 18:45;32.75
10/06/2025 19:00;32.78
10/06/2025 19:15;32.68
10/06/2025 19:30;32.61
10/06/2025 19:45;32.65
10/06/2025 20:00;32.7
10/06/2025 20:15;32.62
10/06/2025 20:30;32.65
10/06/2025 20:45;32.68
10/06/2025 21:00;32.75
10/06/2025 21:15;32.71
10/06/2025 21:30;32.77
10/06/2025 21:45;32.65
10/06/2025 22:00;32.7
10/06/2025 22:15;33.56
10/06/2025 22:30;34.61
10/06/2025 22:45;34.91
10/06/2025 23:00;35.02
10/06/2025 23:15;35.14
10/06/2025 23:30;35.18
10/06/2025 23:45;35.16
11/06/2025 00:00;35.12
11/06/2025 00:15;35.14
11/06/2025 00:30;35.18
11/06/2025 00:45;35.2
11/06/2025 01:00;35.24
11/06/2025 01:15;35.2
11/06/2025 01:30;35.2
11/06/2025 01:45;35.23
11/06/2025 02:00;35.16
11/06/2025 02:15;35.05
11/06/2025 02:30;35.13
11/06/2025 02:45;35.15
11/06/2025 03:00;35.08
11/06/2025 03:15;35.16
11/06/2025 03:30;35.14
11/06/2025 03:45;35.09
11/06/2025 04:00;35.16
11/06/2025 04:15;35.15
11/06/2025 04:30;35.09
11/06/2025 04:45;35.08
11/06/2025 05:00;35.18
11/06/2025 05:15;35.2
11/06/2025 05:30;35.12
11/06/2025 05:45;35.15
11/06/2025 06:00;35.09
11/06/2025 06:15;35.14
11/06/2025 06:30;35.15
11/06/2025 06:45;35.09
11/06/2025 07:00;35.09
11/06/2025 07:15;35.09
11/06/2025 07:30;35.09
11/06/2025 07:45;35.09
11/06/2025 08:00;35.09
11/06/2025 08:15;35.08
11/06/2025 08:30;35.15
11/06/2025 08:45;35.11
11/06/2025 09:00;35.47
11/06/2025 09:15;37.32
11/06/2025 09:30;37.66
11/06/2025 09:45;37.61
11/06/2025 10:00;37.58
11/06/2025 10:15;37.66
11/06/2025 10:30;37.59
11/06/2025 10:45;37.63
11/06/2025 11:00;37.7
11/06/2025 11:15;37.7
11/06/2025 11:30;37.61
11/06/2025 11:45;37.63
11/06/2025 12:00;37.63
11/06/2025 12:15;37.7
11/06/2025 12:30;37.66
11/06/2025 12:45;37.59
11/06/2025 13:00;37.68
11/06/2025 13:15;37.68
11/06/2025 13:30;37.61
11/06/2025 13:45;37.59
11/06/2025 14:00;37.68
11/06/2025 14:15;37.71
11/06/2025 14:30;37.45
11/06/2025 14:45;37.15
11/06/2025 15:00;37.38
11/06/2025 15:15;37.38
11/06/2025 15:30;37.46
11/06/2025 15:45;37.47
11/06/2025 16:00;37.36
11/06/2025 16:15;37.43
11/06/2025 16:30;37.4
11/06/2025 16:45;37.43
11/06/2025 17:00;37.39
11/06/2025 17:15;37.46
11/06/2025 17:30;37.41
11/06/2025 17:45;37.41
11/06/2025 18:00;37.43
11/06/2025 18:15;37.46
11/06/2025 18:30;37.39
11/06/2025 18:45;37.5
11/06/2025 19:00;37.54
11/06/2025 19:15;37.53
11/06/2025 19:30;37.47
11/06/2025 19:45;37.46
11/06/2025 20:00;37.49
11/06/2025 20:15;37.5
11/06/2025 20:30;37.41
11/06/2025 20:45;37.36
11/06/2025 21:00;37.43
11/06/2025 21:15;37.53
11/06/2025 21:30;37.56
11/06/2025 21:45;37.53
11/06/2025 22:00;37.53
11/06/2025 22:15;37.48
11/06/2025 22:30;37.52
11/06/2025 22:45;37.43
11/06/2025 23:00;37.5
11/06/2025 23:15;37.52
11/06/2025 23:30;37.47
11/06/2025 23:45;37.48
12/06/2025 00:00;37.41
12/06/2025 00:15;37.47
12/06/2025 00:30;37.47
12/06/2025 00:45;37.47
12/06/2025 01:00;37.47
12/06/2025 01:15;37.5
12/06/2025 01:30;37.49
12/06/2025 01:45;37.46
12/06/2025 02:00;37.48
12/06/2025 02:15;37.49
12/06/2025 02:30;37.49
12/06/2025 02:45;37.5
12/06/2025 03:00;37.5
12/06/2025 03:15;37.55
12/06/2025 03:30;37.47
12/06/2025 03:45;37.49
12/06/2025 04:00;37.43
12/06/2025 04:15;37.43
12/06/2025 04:30;37.41
12/06/2025 04:45;37.37
12/06/2025 05:00;37.41
12/06/2025 05:15;37.47
12/06/2025 05:30;37.4
12/06/2025 05:45;37.47
12/06/2025 06:00;37.46
12/06/2025 06:15;37.5
12/06/2025 06:30;37.49
12/06/2025 06:45;37.43
12/06/2025 07:00;37.48
12/06/2025 07:15;37.56
12/06/2025 07:30;37.39
12/06/2025 07:45;37.48
12/06/2025 08:00;37.41
12/06/2025 08:15;37.39
12/06/2025 08:30;36.56
12/06/2025 08:45;33.97
12/06/2025 09:00;32.48
12/06/2025 09:15;34.97
12/06/2025 09:30;36.8
12/06/2025 09:45;37.25
12/06/2025 10:00;37.3
12/06/2025 10:15;37.27
12/06/2025 10:30;37.58
12/06/2025 10:45;37.8
12/06/2025 11:00;37.79
12/06/2025 11:15;37.8
12/06/2025 11:30;37.83
12/06/2025 11:45;37.78
12/06/2025 12:00;37.78
12/06/2025 12:15;37.82
12/06/2025 12:30;37.81
12/06/2025 12:45;37.78
12/06/2025 13:00;37.78
12/06/2025 13:15;37.79
12/06/2025 13:30;37.75
12/06/2025 13:45;37.75
12/06/2025 14:00;37.74
12/06/2025 14:15;37.75
12/06/2025 14:30;37.73
12/06/2025 14:45;37.75
12/06/2025 15:00;37.75
12/06/2025 15:15;37.73
12/06/2025 15:30;37.75
12/06/2025 15:45;37.75
12/06/2025 16:00;37.75
12/06/2025 16:15;37.75
12/06/2025 16:30;37.79
12/06/2025 16:45;37.74
12/06/2025 17:00;37.71
12/06/2025 17:15;37.71
12/06/2025 17:30;37.71
12/06/2025 17:45;37.68
12/06/2025 18:00;37.72
12/06/2025 18:15;37.71
12/06/2025 18:30;37.7
12/06/2025 18:45;37.72
12/06/2025 19:00;37.74
12/06/2025 19:15;37.68
12/06/2025 19:30;37.73
12/06/2025 19:45;37.74
12/06/2025 20:00;37.73
12/06/2025 20:15;37.74
12/06/2025 20:30;37.68
12/06/2025 20:45;37.71
12/06/2025 21:00;37.68
12/06/2025 21:15;37.68
12/06/2025 21:30;37.72
12/06/2025 21:45;37.74
12/06/2025 22:00;37.74
12/06/2025 22:15;37.72
12/06/2025 22:30;37.77
12/06/2025 22:45;37.81
12/06/2025 23:00;37.84
12/06/2025 23:15;37.82
12/06/2025 23:30;37.8
12/06/2025 23:45;37.88
13/06/2025 00:00;37.84
13/06/2025 00:15;37.86
13/06/2025 00:30;37.84
13/06/2025 00:45;37.86
13/06/2025 01:00;37.88
13/06/2025 01:15;37.86
13/06/2025 01:30;37.84
13/06/2025 01:45;37.89
13/06/2025 02:00;37.88
13/06/2025 02:15;37.89
13/06/2025 02:30;37.9
13/06/2025 02:45;37.91
13/06/2025 03:00;37.91
13/06/2025 03:15;37.91
13/06/2025 03:30;37.93
13/06/2025 03:45;37.93
13/06/2025 04:00;37.91
13/06/2025 04:15;37.93
13/06/2025 04:30;37.9
13/06/2025 04:45;37.9
13/06/2025 05:00;37.89
13/06/2025 05:15;37.9
13/06/2025 05:30;37.87
13/06/2025 05:45;37.89
13/06/2025 06:00;37.9
13/06/2025 06:15;37.89
13/06/2025 06:30;37.91
13/06/2025 06:45;37.91
13/06/2025 07:00;37.89
13/06/2025 07:15;37.89
13/06/2025 07:30;37.88
13/06/2025 07:45;37.88
13/06/2025 08:00;37.9
13/06/2025 08:15;37.89
13/06/2025 08:30;37.89
13/06/2025 08:45;37.87
13/06/2025 09:00;37.91
13/06/2025 09:15;37.91
13/06/2025 09:30;37.93
13/06/2025 09:45;37.91
13/06/2025 10:00;37.87
13/06/2025 10:15;37.89
13/06/2025 10:30;37.9
13/06/2025 10:45;37.86
13/06/2025 11:00;37.87
13/06/2025 11:15;37.84
13/06/2025 11:30;37.84
13/06/2025 11:45;37.86
13/06/2025 12:00;37.84
13/06/2025 12:15;36.22
13/06/2025 12:30;32.98
13/06/2025 12:45;31.69
13/06/2025 13:00;31.16
13/06/2025 13:15;31.03
13/06/2025 13:30;30.94
13/06/2025 13:45;31.05
13/06/2025 14:00;31.06
13/06/2025 14:15;31.06
13/06/2025 14:30;31.03
13/06/2025 14:45;31
13/06/2025 15:00;30.99
13/06/2025 15:15;31.02
13/06/2025 15:30;31.02
13/06/2025 15:45;31.04
13/06/2025 16:00;31.03
13/06/2025 16:15;30.97
13/06/2025 16:30;31
13/06/2025 16:45;30.94
13/06/2025 17:00;31.01
13/06/2025 17:15;31.04
13/06/2025 17:30;31.04
13/06/2025 17:45;31.04
13/06/2025 18:00;30.98
13/06/2025 18:15;30.96
13/06/2025 18:30;30.98
13/06/2025 18:45;30.96
13/06/2025 19:00;31
13/06/2025 19:15;30.99
13/06/2025 19:30;31.02
13/06/2025 19:45;31.05
13/06/2025 20:00;31
13/06/2025 20:15;31
13/06/2025 20:30;31.01
13/06/2025 20:45;30.99
13/06/2025 21:00;30.99
13/06/2025 21:15;30.99
13/06/2025 21:30;31.05
13/06/2025 21:45;31
13/06/2025 22:00;31.01
13/06/2025 22:15;30.94
13/06/2025 22:30;30.92
13/06/2025 22:45;31.01
13/06/2025 23:00;31.01
13/06/2025 23:15;31.06
13/06/2025 23:30;31.02
13/06/2025 23:45;31.01
14/06/2025 00:00;30.96
14/06/2025 00:15;30.97
14/06/2025 00:30;31
14/06/2025 00:45;30.95
14/06/2025 01:00;30.94
14/06/2025 01:15;31.03
14/06/2025 01:30;30.97
14/06/2025 01:45;30.96
14/06/2025 02:00;30.95
14/06/2025 02:15;31
14/06/2025 02:30;31.01
14/06/2025 02:45;30.99
14/06/2025 03:00;31.04
14/06/2025 03:15;31.04
14/06/2025 03:30;31.02
14/06/2025 03:45;31.06
14/06/2025 04:00;31.02
14/06/2025 04:15;30.92
14/06/2025 04:30;30.98
14/06/2025 04:45;30.95
14/06/2025 05:00;30.97
14/06/2025 05:15;30.99
14/06/2025 05:30;30.97
14/06/2025 05:45;30.98
14/06/2025 06:00;31.03
14/06/2025 06:15;31.03
14/06/2025 06:30;31.06
14/06/2025 06:45;31.03
14/06/2025 07:00;31.01
14/06/2025 07:15;31
14/06/2025 07:30;30.98
14/06/2025 07:45;30.96
14/06/2025 08:00;30.96
14/06/2025 08:15;30.92
14/06/2025 08:30;30.96
14/06/2025 08:45;30.98
14/06/2025 09:00;30.99
14/06/2025 09:15;31.09
14/06/2025 09:30;30.99
14/06/2025 09:45;30.97
14/06/2025 10:00;30.79
14/06/2025 10:15;28.78
14/06/2025 10:30;28.24
14/06/2025 10:45;28.08
14/06/2025 11:00;28.06
14/06/2025 11:15;27.99
14/06/2025 11:30;27.96
14/06/2025 11:45;27.94
14/06/2025 12:00;27.98
14/06/2025 12:15;27.84
14/06/2025 12:30;27.91
14/06/2025 12:45;27.91
14/06/2025 13:00;27.88
14/06/2025 13:15;27.97
14/06/2025 13:30;27.93
14/06/2025 13:45;28.01
14/06/2025 14:00;28
14/06/2025 14:15;27.85
14/06/2025 14:30;27.91
14/06/2025 14:45;27.87
14/06/2025 15:00;27.82
14/06/2025 15:15;27.85
14/06/2025 15:30;27.87
14/06/2025 15:45;27.86
14/06/2025 16:00;27.86
14/06/2025 16:15;27.92
14/06/2025 16:30;27.9
14/06/2025 16:45;27.89
14/06/2025 17:00;27.87
14/06/2025 17:15;27.87
14/06/2025 17:30;27.9
14/06/2025 17:45;27.87
14/06/2025 18:00;27.97
14/06/2025 18:15;27.92
14/06/2025 18:30;27.86
14/06/2025 18:45;27.97
14/06/2025 19:00;27.86
14/06/2025 19:15;27.87
14/06/2025 19:30;27.88
14/06/2025 19:45;27.87
14/06/2025 20:00;27.88
14/06/2025 20:15;27.9
14/06/2025 20:30;27.96
14/06/2025 20:45;27.95
14/06/2025 21:00;27.9
14/06/2025 21:15;27.92
14/06/2025 21:30;27.93
14/06/2025 21:45;27.88
14/06/2025 22:00;27.87
14/06/2025 22:15;27.91
14/06/2025 22:30;27.88
14/06/2025 22:45;27.9
14/06/2025 23:00;27.89
14/06/2025 23:15;27.91
14/06/2025 23:30;27.92
14/06/2025 23:45;27.82
15/06/2025 00:00;27.88
15/06/2025 00:15;27.9
15/06/2025 00:30;27.88
15/06/2025 00:45;27.89
15/06/2025 01:00;27.95
15/06/2025 01:15;27.94
15/06/2025 01:30;27.88
15/06/2025 01:45;27.94
15/06/2025 02:00;27.88
15/06/2025 02:15;27.9
15/06/2025 02:30;27.9
15/06/2025 02:45;27.84
15/06/2025 03:00;27.85
15/06/2025 03:15;27.85
15/06/2025 03:30;27.87
15/06/2025 03:45;27.77
15/06/2025 04:00;27.92
15/06/2025 04:15;27.87
15/06/2025 04:30;27.88
15/06/2025 04:45;27.9
15/06/2025 05:00;27.9
15/06/2025 05:15;27.96
15/06/2025 05:30;27.99
15/06/2025 05:45;27.97
15/06/2025 06:00;27.94
15/06/2025 06:15;27.78
15/06/2025 06:30;27.87
15/06/2025 06:45;27.9
15/06/2025 07:00;27.85
15/06/2025 07:15;27.94
15/06/2025 07:30;27.91
15/06/2025 07:45;27.95
15/06/2025 08:00;27.92
15/06/2025 08:15;27.93
15/06/2025 08:30;27.89
15/06/2025 08:45;27.84
15/06/2025 09:00;27.9
15/06/2025 09:15;27.88
15/06/2025 09:30;28.01
15/06/2025 09:45;27.9
15/06/2025 10:00;27.93
15/06/2025 10:15;27.81
15/06/2025 10:30;27.88
15/06/2025 10:45;27.89
15/06/2025 11:00;27.95
15/06/2025 11:15;27.83
15/06/2025 11:30;27.84
15/06/2025 11:45;27.86
15/06/2025 12:00;27.93
15/06/2025 12:15;27.91
15/06/2025 12:30;27.85
15/06/2025 12:45;27.87
15/06/2025 13:00;27.89
15/06/2025 13:15;27.91
15/06/2025 13:30;27.83
15/06/2025 13:45;27.81
15/06/2025 14:00;27.82
15/06/2025 14:15;27.75
15/06/2025 14:30;27.94
15/06/2025 14:45;27.77
15/06/2025 15:00;27.78
15/06/2025 15:15;27.8
15/06/2025 15:30;27.76
15/06/2025 15:45;27.86
15/06/2025 16:00;27.87
15/06/2025 16:15;27.87
15/06/2025 16:30;27.82
15/06/2025 16:45;27.8
15/06/2025 17:00;27.85
15/06/2025 17:15;27.81
15/06/2025 17:30;27.86
15/06/2025 17:45;27.79
15/06/2025 18:00;27.84
15/06/2025 18:15;27.77
15/06/2025 18:30;27.81
15/06/2025 18:45;27.79
15/06/2025 19:00;27.87
15/06/2025 19:15;27.79
15/06/2025 19:30;27.81
15/06/2025 19:45;27.81
15/06/2025 20:00;27.83
15/06/2025 20:15;27.8
15/06/2025 20:30;27.87
15/06/2025 20:45;27.89
15/06/2025 21:00;27.81
15/06/2025 21:15;27.35
15/06/2025 21:30;27.48
15/06/2025 21:45;27.38
15/06/2025 22:00;27.28
15/06/2025 22:15;27.18
15/06/2025 22:30;27.23
15/06/2025 22:45;27.21
15/06/2025 23:00;27.22
15/06/2025 23:15;27.26
15/06/2025 23:30;27.18
15/06/2025 23:45;27.21
16/06/2025 00:00;27.21
16/06/2025 00:15;27.18
16/06/2025 00:30;27.2
16/06/2025 00:45;27.19
16/06/2025 01:00;27.14
16/06/2025 01:15;27.2
16/06/2025 01:30;27.11
16/06/2025 01:45;27.22
16/06/2025 02:00;27.14
16/06/2025 02:15;27.18
16/06/2025 02:30;27.2
16/06/2025 02:45;27.2
16/06/2025 03:00;27.25
16/06/2025 03:15;27.15
16/06/2025 03:30;27.17
16/06/2025 03:45;27.13
16/06/2025 04:00;27.21
16/06/2025 04:15;27.13
16/06/2025 04:30;27.17
16/06/2025 04:45;27.19
16/06/2025 05:00;27.17
16/06/2025 05:15;27.2
16/06/2025 05:30;27.14
16/06/2025 05:45;27.26
16/06/2025 06:00;27.17
16/06/2025 06:15;27.14
16/06/2025 06:30;27.2
16/06/2025 06:45;27.22
16/06/2025 07:00;27.19
16/06/2025 07:15;27.18
16/06/2025 07:30;27.14
16/06/2025 07:45;27.19
16/06/2025 08:00;27.14
16/06/2025 08:15;27.18
16/06/2025 08:30;27.09
16/06/2025 08:45;27.14
16/06/2025 09:00;27.26
16/06/2025 09:15;27.13
16/06/2025 09:30;26.99
16/06/2025 09:45;26.5
16/06/2025 10:00;26.42
16/06/2025 10:15;26.45
16/06/2025 10:30;26.49
16/06/2025 10:45;26.37
16/06/2025 11:00;26.37
16/06/2025 11:15;26.39
16/06/2025 11:30;26.43
16/06/2025 11:45;26.28
16/06/2025 12:00;26.16
16/06/2025 12:15;26.16
16/06/2025 12:30;26.17
16/06/2025 12:45;26.15
16/06/2025 13:00;26.21
16/06/2025 13:15;26.17
16/06/2025 13:30;26.11
16/06/2025 13:45;26.18
16/06/2025 14:00;26.18
16/06/2025 14:15;26.14
16/06/2025 14:30;26.17
16/06/2025 14:45;26.15
16/06/2025 15:00;26.15
16/06/2025 15:15;26.16
16/06/2025 15:30;26.15
16/06/2025 15:45;26.14
16/06/2025 16:00;26.1
16/06/2025 16:15;26.13
16/06/2025 16:30;26.19
16/06/2025 16:45;26.18
16/06/2025 17:00;26.13
16/06/2025 17:15;26.11
16/06/2025 17:30;26.09
16/06/2025 17:45;26.12
16/06/2025 18:00;26.11
16/06/2025 18:15;26.03
16/06/2025 18:30;26.07
16/06/2025 18:45;26.09
16/06/2025 19:00;26.02
16/06/2025 19:15;26.05
16/06/2025 19:30;26.08
16/06/2025 19:45;26.1
16/06/2025 20:00;26.09
16/06/2025 20:15;26.1
16/06/2025 20:30;26.14
16/06/2025 20:45;26.13
16/06/2025 21:00;26.2
16/06/2025 21:15;26.1
16/06/2025 21:30;26.09
16/06/2025 21:45;26.07
16/06/2025 22:00;26.13
16/06/2025 22:15;25.5
16/06/2025 22:30;24.17
16/06/2025 22:45;23.96
16/06/2025 23:00;23.89
16/06/2025 23:15;23.88
16/06/2025 23:30;23.92
16/06/2025 23:45;23.92
17/06/2025 00:00;23.91
17/06/2025 00:15;23.9
17/06/2025 00:30;23.93
17/06/2025 00:45;23.92
17/06/2025 01:00;23.92
17/06/2025 01:15;23.91
17/06/2025 01:30;23.89
17/06/2025 01:45;23.87
17/06/2025 02:00;23.9
17/06/2025 02:15;23.93
17/06/2025 02:30;23.9
17/06/2025 02:45;23.87
17/06/2025 03:00;23.93
17/06/2025 03:15;23.95
17/06/2025 03:30;23.93
17/06/2025 03:45;23.9
17/06/2025 04:00;23.85
17/06/2025 04:15;23.88
17/06/2025 04:30;23.85
17/06/2025 04:45;23.84
17/06/2025 05:00;23.88
17/06/2025 05:15;23.87
17/06/2025 05:30;23.88
17/06/2025 05:45;23.84
17/06/2025 06:00;23.89
17/06/2025 06:15;23.87
17/06/2025 06:30;23.87
17/06/2025 06:45;23.85
17/06/2025 07:00;23.86
17/06/2025 07:15;23.88
17/06/2025 07:30;23.83
17/06/2025 07:45;23.91
17/06/2025 08:00;23.82
17/06/2025 08:15;23.89
17/06/2025 08:30;23.88
17/06/2025 08:45;23.99
17/06/2025 09:00;23.98
17/06/2025 09:15;23.98
17/06/2025 09:30;23.99
17/06/2025 09:45;23.96
17/06/2025 10:00;24.06
17/06/2025 10:15;24
17/06/2025 10:30;24.04
17/06/2025 10:45;24.02
17/06/2025 11:00;24.04
17/06/2025 11:15;23.94
17/06/2025 11:30;24.02
17/06/2025 11:45;24.01
17/06/2025 12:00;23.98
17/06/2025 12:15;23.99
17/06/2025 12:30;23.99
17/06/2025 12:45;24.03
17/06/2025 13:00;24.03
17/06/2025 13:15;23.99
17/06/2025 13:30;24.01
17/06/2025 13:45;24.05
17/06/2025 14:00;24.05
17/06/2025 14:15;24.01
17/06/2025 14:30;24.08
17/06/2025 14:45;24
17/06/2025 15:00;24.03
17/06/2025 15:15;23.93
17/06/2025 15:30;24.03
17/06/2025 15:45;24.05
17/06/2025 16:00;24.03
17/06/2025 16:15;23.99
17/06/2025 16:30;24
17/06/2025 16:45;24.02
17/06/2025 17:00;23.99
17/06/2025 17:15;24.05
17/06/2025 17:30;24.05
17/06/2025 17:45;24.09
17/06/2025 18:00;24.07
17/06/2025 18:15;23.98
17/06/2025 18:30;24.01
17/06/2025 18:45;23.98
17/06/2025 19:00;23.98
17/06/2025 19:15;23.99
17/06/2025 19:30;23.98
17/06/2025 19:45;23.98
17/06/2025 20:00;24.01
17/06/2025 20:15;24.02
17/06/2025 20:30;24.01
17/06/2025 20:45;24.07
17/06/2025 21:00;24.17
17/06/2025 21:15;25.17
17/06/2025 21:30;25.25
17/06/2025 21:45;25.31
17/06/2025 22:00;25.31
17/06/2025 22:15;25.31
17/06/2025 22:30;25.36
17/06/2025 22:45;25.32
17/06/2025 23:00;25.28
17/06/2025 23:15;25.32
17/06/2025 23:30;25.31
17/06/2025 23:45;25.27
18/06/2025 00:00;25.21
18/06/2025 00:15;25.27
18/06/2025 00:30;25.26
18/06/2025 00:45;25.22
18/06/2025 01:00;25.25
18/06/2025 01:15;25.28
18/06/2025 01:30;25.26
18/06/2025 01:45;25.22
18/06/2025 02:00;25.24
18/06/2025 02:15;25.22
18/06/2025 02:30;25.22
18/06/2025 02:45;25.2
18/06/2025 03:00;25.19
18/06/2025 03:15;25.22
18/06/2025 03:30;25.22
18/06/2025 03:45;25.26
18/06/2025 04:00;25.23
18/06/2025 04:15;25.23
18/06/2025 04:30;25.28
18/06/2025 04:45;25.22
18/06/2025 05:00;25.2
18/06/2025 05:15;25.21
18/06/2025 05:30;25.18
18/06/2025 05:45;25.24
18/06/2025 06:00;25.19
18/06/2025 06:15;25.24
18/06/2025 06:30;25.17
18/06/2025 06:45;25.19
18/06/2025 07:00;25.19
18/06/2025 07:15;25.18
18/06/2025 07:30;25.18
18/06/2025 07:45;25.19
18/06/2025 08:00;25.2
18/06/2025 08:15;25.16
18/06/2025 08:30;25.17
18/06/2025 08:45;25.14
18/06/2025 09:00;25.14
18/06/2025 09:15;25.33
18/06/2025 09:30;25.9
18/06/2025 09:45;25.96
18/06/2025 10:00;25.95
18/06/2025 10:15;25.99
18/06/2025 10:30;26.06
18/06/2025 10:45;26.08
18/06/2025 11:00;26.01
18/06/2025 11:15;26.02
18/06/2025 11:30;25.99
18/06/2025 11:45;25.95
18/06/2025 12:00;26.01
18/06/2025 12:15;26
18/06/2025 12:30;25.99
18/06/2025 12:45;26.01
18/06/2025 13:00;26
18/06/2025 13:15;25.96
18/06/2025 13:30;25.96
18/06/2025 13:45;26.05
18/06/2025 14:00;26.06
18/06/2025 14:15;26.04
18/06/2025 14:30;26.07
18/06/2025 14:45;25.95
18/06/2025 15:00;25.99
18/06/2025 15:15;26
18/06/2025 15:30;25.89
18/06/2025 15:45;25.98
18/06/2025 16:00;25.97
18/06/2025 16:15;25.96
18/06/2025 16:30;25.93
18/06/2025 16:45;25.98
18/06/2025 17:00;25.97
18/06/2025 17:15;25.98
18/06/2025 17:30;26.01
18/06/2025 17:45;26.02
18/06/2025 18:00;26.01
18/06/2025 18:15;26.01
18/06/2025 18:30;25.88
18/06/2025 18:45;25.91
18/06/2025 19:00;25.94
18/06/2025 19:15;25.96
18/06/2025 19:30;25.95
18/06/2025 19:45;25.95
18/06/2025 20:00;25.96
18/06/2025 20:15;25.95
18/06/2025 20:30;25.96
18/06/2025 20:45;25.97
18/06/2025 21:00;25.99
18/06/2025 21:15;25.99
18/06/2025 21:30;25.96
18/06/2025 21:45;25.97
18/06/2025 22:00;26.03
18/06/2025 22:15;27.47
18/06/2025 22:30;29.66
18/06/2025 22:45;30.07
18/06/2025 23:00;30.3
18/06/2025 23:15;30.35
18/06/2025 23:30;30.32
18/06/2025 23:45;30.26
19/06/2025 00:00;30.27
19/06/2025 00:15;30.32
19/06/2025 00:30;30.36
19/06/2025 00:45;30.31
19/06/2025 01:00;30.27
19/06/2025 01:15;30.28
19/06/2025 01:30;30.26
19/06/2025 01:45;30.24
19/06/2025 02:00;30.29
19/06/2025 02:15;30.25
19/06/2025 02:30;30.26
19/06/2025 02:45;30.22
19/06/2025 03:00;30.24
19/06/2025 03:15;30.24
19/06/2025 03:30;30.26
19/06/2025 03:45;30.2
19/06/2025 04:00;30.23
19/06/2025 04:15;30.25
19/06/2025 04:30;30.23
19/06/2025 04:45;30.21
19/06/2025 05:00;30.21
19/06/2025 05:15;30.22
19/06/2025 05:30;30.21
19/06/2025 05:45;30.23
19/06/2025 06:00;30.18
19/06/2025 06:15;30.18
19/06/2025 06:30;30.17
19/06/2025 06:45;30.09
19/06/2025 07:00;30.13
19/06/2025 07:15;30.18
19/06/2025 07:30;30.24
19/06/2025 07:45;30.17
19/06/2025 08:00;30.13
19/06/2025 08:15;30.14
19/06/2025 08:30;30.17
19/06/2025 08:45;30.14
19/06/2025 09:00;30.15
19/06/2025 09:15;30.23
19/06/2025 09:30;30.25
19/06/2025 09:45;30.16
19/06/2025 10:00;30.15
19/06/2025 10:15;30.22
19/06/2025 10:30;30.23
19/06/2025 10:45;30.2
19/06/2025 11:00;30.18
19/06/2025 11:15;30.22
19/06/2025 11:30;30.2
19/06/2025 11:45;30.18
19/06/2025 12:00;30.15
19/06/2025 12:15;30.16
19/06/2025 12:30;30.14
19/06/2025 12:45;30.18
19/06/2025 13:00;30.13
19/06/2025 13:15;30.18
19/06/2025 13:30;30.17
19/06/2025 13:45;30.16
19/06/2025 14:00;30.18
19/06/2025 14:15;30.23
19/06/2025 14:30;30.21
19/06/2025 14:45;30.2
19/06/2025 15:00;30.24
19/06/2025 15:15;30.15
19/06/2025 15:30;30.17
19/06/2025 15:45;30.24
19/06/2025 16:00;30.17
19/06/2025 16:15;30.19
19/06/2025 16:30;30.13
19/06/2025 16:45;30.16
19/06/2025 17:00;30.18
19/06/2025 17:15;30.23
19/06/2025 17:30;30.14
19/06/2025 17:45;30.19
19/06/2025 18:00;30.12
19/06/2025 18:15;30.22
19/06/2025 18:30;30.19
19/06/2025 18:45;30.22
19/06/2025 19:00;30.24
19/06/2025 19:15;30.2
19/06/2025 19:30;30.13
19/06/2025 19:45;30.15
19/06/2025 20:00;30.08
19/06/2025 20:15;30.14
19/06/2025 20:30;30.12
19/06/2025 20:45;30.12
19/06/2025 21:00;30.17
19/06/2025 21:15;30.19
19/06/2025 21:30;30.17
19/06/2025 21:45;30.17
19/06/2025 22:00;30.44
19/06/2025 22:15;33.04
19/06/2025 22:30;33.58
19/06/2025 22:45;33.71
19/06/2025 23:00;33.84
19/06/2025 23:15;33.82
19/06/2025 23:30;33.86
19/06/2025 23:45;33.81
20/06/2025 00:00;33.82
20/06/2025 00:15;33.78
20/06/2025 00:30;33.79
20/06/2025 00:45;33.78
20/06/2025 01:00;33.82
20/06/2025 01:15;33.84
20/06/2025 01:30;33.78
20/06/2025 01:45;33.86
20/06/2025 02:00;33.81
20/06/2025 02:15;33.75
20/06/2025 02:30;33.79
20/06/2025 02:45;33.75
20/06/2025 03:00;33.78
20/06/2025 03:15;33.7
20/06/2025 03:30;33.74
20/06/2025 03:45;33.72
20/06/2025 04:00;33.73
20/06/2025 04:15;33.75
20/06/2025 04:30;33.74
20/06/2025 04:45;33.77
20/06/2025 05:00;33.89
20/06/2025 05:15;33.77
20/06/2025 05:30;33.78
20/06/2025 05:45;33.73
20/06/2025 06:00;33.71
20/06/2025 06:15;33.77
20/06/2025 06:30;33.68
20/06/2025 06:45;33.68
20/06/2025 07:00;33.73
20/06/2025 07:15;33.66
20/06/2025 07:30;33.63
20/06/2025 07:45;33.59
20/06/2025 08:00;33.52
20/06/2025 08:15;33.59
20/06/2025 08:30;33.66
20/06/2025 08:45;33.61
20/06/2025 09:00;33.65
20/06/2025 09:15;34.29
20/06/2025 09:30;34.45
20/06/2025 09:45;34.47
20/06/2025 10:00;34.38
20/06/2025 10:15;34.4
20/06/2025 10:30;34.46
20/06/2025 10:45;34.49
20/06/2025 11:00;34.55
20/06/2025 11:15;34.57
20/06/2025 11:30;34.53
20/06/2025 11:45;34.55
20/06/2025 12:00;34.59
20/06/2025 12:15;34.53
20/06/2025 12:30;34.58
20/06/2025 12:45;34.53
20/06/2025 13:00;34.48
20/06/2025 13:15;34.5
20/06/2025 13:30;34.46
20/06/2025 13:45;34.52
20/06/2025 14:00;34.55
20/06/2025 14:15;34.54
20/06/2025 14:30;34.5
20/06/2025 14:45;34.59
20/06/2025 15:00;34.56
20/06/2025 15:15;34.48
20/06/2025 15:30;34.52
20/06/2025 15:45;34.47
20/06/2025 16:00;34.47
20/06/2025 16:15;34.41
20/06/2025 16:30;34.45
20/06/2025 16:45;34.41
20/06/2025 17:00;34.47
20/06/2025 17:15;34.47
20/06/2025 17:30;34.48
20/06/2025 17:45;34.43
20/06/2025 18:00;34.56
20/06/2025 18:15;34.5
20/06/2025 18:30;34.41
20/06/2025 18:45;34.52
20/06/2025 19:00;34.46
20/06/2025 19:15;34.5
20/06/2025 19:30;34.41
20/06/2025 19:45;34.41
20/06/2025 20:00;34.43
20/06/2025 20:15;34.43
20/06/2025 20:30;34.54
20/06/2025 20:45;34.47
20/06/2025 21:00;34.41
20/06/2025 21:15;34.41
20/06/2025 21:30;34.43
20/06/2025 21:45;34.41
20/06/2025 22:00;34.41
20/06/2025 22:15;34.46
20/06/2025 22:30;34.48
20/06/2025 22:45;34.47
20/06/2025 23:00;34.41
20/06/2025 23:15;34.41
20/06/2025 23:30;34.39
20/06/2025 23:45;34.49
21/06/2025 00:00;34.43
21/06/2025 00:15;34.43
21/06/2025 00:30;34.47
21/06/2025 00:45;34.43
21/06/2025 01:00;34.38
21/06/2025 01:15;34.38
21/06/2025 01:30;34.4
21/06/2025 01:45;34.38
21/06/2025 02:00;34.47
21/06/2025 02:15;34.46
21/06/2025 02:30;34.5
21/06/2025 02:45;34.4
21/06/2025 03:00;34.38
21/06/2025 03:15;34.39
21/06/2025 03:30;34.34
21/06/2025 03:45;34.41
21/06/2025 04:00;34.41
21/06/2025 04:15;34.43
21/06/2025 04:30;34.37
21/06/2025 04:45;34.46
21/06/2025 05:00;34.41
21/06/2025 05:15;34.41
21/06/2025 05:30;34.38
21/06/2025 05:45;34.43
21/06/2025 06:00;34.43
21/06/2025 06:15;34.45
21/06/2025 06:30;34.39
21/06/2025 06:45;34.38
21/06/2025 07:00;34.39
21/06/2025 07:15;34.32
21/06/2025 07:30;34.37
21/06/2025 07:45;34.41
21/06/2025 08:00;34.37
21/06/2025 08:15;34.32
21/06/2025 08:30;34.37
21/06/2025 08:45;34.37
21/06/2025 09:00;34.36
21/06/2025 09:15;34.34
21/06/2025 09:30;34.36
21/06/2025 09:45;34.31
21/06/2025 10:00;34.25
21/06/2025 10:15;34.28
21/06/2025 10:30;34.33
21/06/2025 10:45;34.34
21/06/2025 11:00;34.36
21/06/2025 11:15;34.3
21/06/2025 11:30;34.28
21/06/2025 11:45;34.34
21/06/2025 12:00;34.36
21/06/2025 12:15;34.36
21/06/2025 12:30;34.33
21/06/2025 12:45;34.38
21/06/2025 13:00;34.37
21/06/2025 13:15;34.38
21/06/2025 13:30;34.34
21/06/2025 13:45;34.37
21/06/2025 14:00;34.37
21/06/2025 14:15;34.37
21/06/2025 14:30;34.32
21/06/2025 14:45;34.27
21/06/2025 15:00;34.34
21/06/2025 15:15;34.38
21/06/2025 15:30;34.36
21/06/2025 15:45;34.39
21/06/2025 16:00;34.43
21/06/2025 16:15;34.4
21/06/2025 16:30;34.34
21/06/2025 16:45;34.34
21/06/2025 17:00;34.29
21/06/2025 17:15;34.31
21/06/2025 17:30;34.28
21/06/2025 17:45;34.23
21/06/2025 18:00;34.29
21/06/2025 18:15;34.25
21/06/2025 18:30;34.31
21/06/2025 18:45;34.3
21/06/2025 19:00;34.28
21/06/2025 19:15;34.29
21/06/2025 19:30;34.36
21/06/2025 19:45;34.33
21/06/2025 20:00;34.29
21/06/2025 20:15;34.29
21/06/2025 20:30;34.29
21/06/2025 20:45;34.27
21/06/2025 21:00;34.34
21/06/2025 21:15;34.3
21/06/2025 21:30;34.37
21/06/2025 21:45;34.3
21/06/2025 22:00;34.29
21/06/2025 22:15;34.36
21/06/2025 22:30;34.43
21/06/2025 22:45;34.31
21/06/2025 23:00;34.32
21/06/2025 23:15;34.37
21/06/2025 23:30;34.29
21/06/2025 23:45;34.32
22/06/2025 00:00;34.34
22/06/2025 00:15;34.38
22/06/2025 00:30;34.38
22/06/2025 00:45;34.33
22/06/2025 01:00;34.33
22/06/2025 01:15;34.32
22/06/2025 01:30;34.29
22/06/2025 01:45;34.33
22/06/2025 02:00;34.29
22/06/2025 02:15;34.22
22/06/2025 02:30;34.32
22/06/2025 02:45;34.25
22/06/2025 03:00;34.34
22/06/2025 03:15;34.33
22/06/2025 03:30;34.34
22/06/2025 03:45;34.28
22/06/2025 04:00;34.37
22/06/2025 04:15;34.32
22/06/2025 04:30;34.31
22/06/2025 04:45;34.33
22/06/2025 05:00;34.25
22/06/2025 05:15;34.27
22/06/2025 05:30;34.32
22/06/2025 05:45;34.22
22/06/2025 06:00;34.25
22/06/2025 06:15;34.25
22/06/2025 06:30;34.27
22/06/2025 06:45;34.34
22/06/2025 07:00;34.3
22/06/2025 07:15;34.32
22/06/2025 07:30;34.27
22/06/2025 07:45;34.28
22/06/2025 08:00;34.33
22/06/2025 08:15;34.29
22/06/2025 08:30;34.31
22/06/2025 08:45;34.28
22/06/2025 09:00;34.22
22/06/2025 09:15;34.25
22/06/2025 09:30;34.3
22/06/2025 09:45;34.22
22/06/2025 10:00;34.2
22/06/2025 10:15;34.36
22/06/2025 10:30;34.25
22/06/2025 10:45;34.27
22/06/2025 11:00;34.24
22/06/2025 11:15;34.3
22/06/2025 11:30;34.31
22/06/2025 11:45;34.93
22/06/2025 12:00;36
22/06/2025 12:15;36.18
22/06/2025 12:30;36.18
22/06/2025 12:45;36.28
22/06/2025 13:00;36.25
22/06/2025 13:15;36.36
22/06/2025 13:30;36.31
22/06/2025 13:45;36.32
22/06/2025 14:00;36.31
22/06/2025 14:15;36.31
22/06/2025 14:30;36.34
22/06/2025 14:45;36.29
22/06/2025 15:00;36.33
22/06/2025 15:15;36.34
22/06/2025 15:30;36.29
22/06/2025 15:45;36.24
22/06/2025 16:00;36.24
22/06/2025 16:15;36.28
22/06/2025 16:30;36.25
22/06/2025 16:45;36.3
22/06/2025 17:00;36.23
22/06/2025 17:15;36.36
22/06/2025 17:30;36.28
22/06/2025 17:45;36.28
22/06/2025 18:00;36.31
22/06/2025 18:15;36.32
22/06/2025 18:30;36.29
22/06/2025 18:45;36.25
22/06/2025 19:00;36.38
22/06/2025 19:15;36.25
22/06/2025 19:30;36.25
22/06/2025 19:45;36.33
22/06/2025 20:00;36.25
22/06/2025 20:15;36.23
22/06/2025 20:30;36.24
22/06/2025 20:45;36.25
22/06/2025 21:00;36.29
22/06/2025 21:15;36.25
22/06/2025 21:30;36.34
22/06/2025 21:45;36.3
22/06/2025 22:00;36.36
22/06/2025 22:15;36.25
22/06/2025 22:30;36.28
22/06/2025 22:45;36.18
22/06/2025 23:00;36.21
22/06/2025 23:15;36.23
22/06/2025 23:30;36.29
22/06/2025 23:45;36.4
23/06/2025 00:00;36.23
23/06/2025 00:15;36.29
23/06/2025 00:30;36.32
23/06/2025 00:45;36.25
23/06/2025 01:00;36.32
23/06/2025 01:15;36.3
23/06/2025 01:30;36.25
23/06/2025 01:45;36.34
23/06/2025 02:00;36.24
23/06/2025 02:15;36.21
23/06/2025 02:30;36.22
23/06/2025 02:45;36.33
23/06/2025 03:00;36.29
23/06/2025 03:15;36.25
23/06/2025 03:30;36.24
23/06/2025 03:45;36.18
23/06/2025 04:00;36.31
23/06/2025 04:15;36.25
23/06/2025 04:30;36.34
23/06/2025 04:45;36.31
23/06/2025 05:00;36.25
23/06/2025 05:15;36.37
23/06/2025 05:30;36.28
23/06/2025 05:45;36.34
23/06/2025 06:00;36.34
23/06/2025 06:15;36.29
23/06/2025 06:30;36.28
23/06/2025 06:45;36.32
23/06/2025 07:00;36.32
23/06/2025 07:15;36.29
23/06/2025 07:30;36.2
23/06/2025 07:45;36.25
23/06/2025 08:00;36.28
23/06/2025 08:15;36.3
23/06/2025 08:30;36.3
23/06/2025 08:45;36.25
23/06/2025 09:00;36.29
23/06/2025 09:15;36.18
23/06/2025 09:30;36.24
23/06/2025 09:45;36.16
23/06/2025 10:00;36.16
23/06/2025 10:15;36.24
23/06/2025 10:30;36.21
23/06/2025 10:45;36.14
23/06/2025 11:00;36.21
23/06/2025 11:15;36.18
23/06/2025 11:30;36.18
23/06/2025 11:45;36.09
23/06/2025 12:00;36.16
23/06/2025 12:15;36.18
23/06/2025 12:30;36.27
23/06/2025 12:45;36.15
23/06/2025 13:00;36.24
23/06/2025 13:15;36.18
23/06/2025 13:30;36.21
23/06/2025 13:45;36.14
23/06/2025 14:00;36.2
23/06/2025 14:15;36.18
23/06/2025 14:30;36.22
23/06/2025 14:45;36.12
23/06/2025 15:00;36.18
23/06/2025 15:15;36.18
23/06/2025 15:30;36.23
23/06/2025 15:45;36.18
23/06/2025 16:00;36.16
23/06/2025 16:15;36.18
23/06/2025 16:30;36.14
23/06/2025 16:45;36.18
23/06/2025 17:00;36.23
23/06/2025 17:15;36.13
23/06/2025 17:30;36.13
23/06/2025 17:45;36.15
23/06/2025 18:00;36.13
23/06/2025 18:15;36.15
23/06/2025 18:30;36.09
23/06/2025 18:45;36.14
23/06/2025 19:00;36.18
23/06/2025 19:15;36.21
23/06/2025 19:30;36.21
23/06/2025 19:45;36.11
23/06/2025 20:00;36.16
23/06/2025 20:15;36.15
23/06/2025 20:30;36.25
23/06/2025 20:45;36.2
23/06/2025 21:00;36.13
23/06/2025 21:15;36.16
23/06/2025 21:30;36.09
23/06/2025 21:45;36.15
23/06/2025 22:00;36.16
23/06/2025 22:15;36.08
23/06/2025 22:30;36.18
23/06/2025 22:45;36.13
23/06/2025 23:00;36.22
23/06/2025 23:15;36.22
23/06/2025 23:30;36.2
23/06/2025 23:45;36.16
24/06/2025 00:00;36.13
24/06/2025 00:15;36.16
24/06/2025 00:30;36.13
24/06/2025 00:45;36.11
24/06/2025 01:00;36.18
24/06/2025 01:15;36.16
24/06/2025 01:30;36.16
24/06/2025 01:45;36.25
24/06/2025 02:00;36.24
24/06/2025 02:15;36.18
24/06/2025 02:30;36.16
24/06/2025 02:45;36.29
24/06/2025 03:00;36.18
24/06/2025 03:15;36.16
24/06/2025 03:30;36.09
24/06/2025 03:45;36.16
24/06/2025 04:00;36.12
24/06/2025 04:15;36.11
24/06/2025 04:30;36.09
24/06/2025 04:45;36.2
24/06/2025 05:00;36.21
24/06/2025 05:15;36.18
24/06/2025 05:30;36.16
24/06/2025 05:45;36.18
24/06/2025 06:00;36.22
24/06/2025 06:15;36.11
24/06/2025 06:30;36.2
24/06/2025 06:45;36.24
24/06/2025 07:00;36.3
24/06/2025 07:15;36.24
24/06/2025 07:30;36.13
24/06/2025 07:45;36.15
24/06/2025 08:00;36.14
24/06/2025 08:15;36.18
24/06/2025 08:30;36.23
24/06/2025 08:45;36.12
24/06/2025 09:00;36.18
24/06/2025 09:15;36.16
24/06/2025 09:30;36.15
24/06/2025 09:45;36.16
24/06/2025 10:00;36.18
24/06/2025 10:15;36.16
24/06/2025 10:30;36.08
24/06/2025 10:45;36.13
24/06/2025 11:00;36.09
24/06/2025 11:15;36.21
24/06/2025 11:30;36.18
24/06/2025 11:45;36.16
24/06/2025 12:00;36.07
24/06/2025 12:15;36.2
24/06/2025 12:30;36.23
24/06/2025 12:45;36.06
24/06/2025 13:00;36.05
24/06/2025 13:15;36.12
24/06/2025 13:30;36.08
24/06/2025 13:45;36.02
24/06/2025 14:00;36.09
24/06/2025 14:15;36.16
24/06/2025 14:30;36.08
24/06/2025 14:45;36.09
24/06/2025 15:00;36.09
24/06/2025 15:15;36.14
24/06/2025 15:30;36.09
24/06/2025 15:45;36.11
24/06/2025 16:00;36.08
24/06/2025 16:15;36.06
24/06/2025 16:30;35.97
24/06/2025 16:45;36.07
24/06/2025 17:00;36.07
24/06/2025 17:15;36
24/06/2025 17:30;36.07
24/06/2025 17:45;36.09
24/06/2025 18:00;36.05
24/06/2025 18:15;36.06
24/06/2025 18:30;36.08
24/06/2025 18:45;36.09
24/06/2025 19:00;36.08
24/06/2025 19:15;36.12
24/06/2025 19:30;36.12
24/06/2025 19:45;36.12
24/06/2025 20:00;36.05
24/06/2025 20:15;35.95
24/06/2025 20:30;36
24/06/2025 20:45;36
24/06/2025 21:00;36.03
24/06/2025 21:15;36.05
24/06/2025 21:30;36
24/06/2025 21:45;36
24/06/2025 22:00;36.05
24/06/2025 22:15;37.25
24/06/2025 22:30;38.5
24/06/2025 22:45;38.7
24/06/2025 23:00;38.75
24/06/2025 23:15;38.79
24/06/2025 23:30;38.81
24/06/2025 23:45;38.78
25/06/2025 00:00;38.81
25/06/2025 00:15;38.66
25/06/2025 00:30;38.78
25/06/2025 00:45;38.78
25/06/2025 01:00;38.73
25/06/2025 01:15;38.82
25/06/2025 01:30;38.79
25/06/2025 01:45;38.72
25/06/2025 02:00;38.8
25/06/2025 02:15;38.75
25/06/2025 02:30;38.77
25/06/2025 02:45;38.75
25/06/2025 03:00;38.81
25/06/2025 03:15;38.82
25/06/2025 03:30;38.75
25/06/2025 03:45;38.75
25/06/2025 04:00;38.7
25/06/2025 04:15;38.74
25/06/2025 04:30;38.73
25/06/2025 04:45;38.78
25/06/2025 05:00;38.73
25/06/2025 05:15;38.75
25/06/2025 05:30;38.77
25/06/2025 05:45;38.79
25/06/2025 06:00;38.75
25/06/2025 06:15;38.73
25/06/2025 06:30;38.72
25/06/2025 06:45;38.75
25/06/2025 07:00;38.75
25/06/2025 07:15;38.65
25/06/2025 07:30;38.77
25/06/2025 07:45;38.66
25/06/2025 08:00;38.74
25/06/2025 08:15;38.7
25/06/2025 08:30;38.66
25/06/2025 08:45;38.64
25/06/2025 09:00;38.7
25/06/2025 09:15;38.75
25/06/2025 09:30;38.68
25/06/2025 09:45;38.7
25/06/2025 10:00;38.73
25/06/2025 10:15;38.71
25/06/2025 10:30;38.68
25/06/2025 10:45;38.73
25/06/2025 11:00;38.72
25/06/2025 11:15;38.7
25/06/2025 11:30;38.74
25/06/2025 11:45;38.68
25/06/2025 12:00;38.63
25/06/2025 12:15;38.64
25/06/2025 12:30;38.66
25/06/2025 12:45;38.73
25/06/2025 13:00;38.74
25/06/2025 13:15;38.73
25/06/2025 13:30;38.7
25/06/2025 13:45;38.66
25/06/2025 14:00;38.71
25/06/2025 14:15;38.73
25/06/2025 14:30;38.59
25/06/2025 14:45;38.66
25/06/2025 15:00;38.73
25/06/2025 15:15;38.72
25/06/2025 15:30;38.74
25/06/2025 15:45;38.66
25/06/2025 16:00;38.68
25/06/2025 16:15;38.64
25/06/2025 16:30;38.72
25/06/2025 16:45;38.71
25/06/2025 17:00;38.72
25/06/2025 17:15;38.72
25/06/2025 17:30;38.66
25/06/2025 17:45;38.7
25/06/2025 18:00;38.72
25/06/2025 18:15;38.61
25/06/2025 18:30;38.65
25/06/2025 18:45;38.66
25/06/2025 19:00;38.59
25/06/2025 19:15;38.68
25/06/2025 19:30;38.73
25/06/2025 19:45;38.65
25/06/2025 20:00;38.68
25/06/2025 20:15;38.66
25/06/2025 20:30;38.72
25/06/2025 20:45;38.71
25/06/2025 21:00;38.72
25/06/2025 21:15;38.71
25/06/2025 21:30;38.66
25/06/2025 21:45;38.59
25/06/2025 22:00;38.66
25/06/2025 22:15;39.53
25/06/2025 22:30;39.7
25/06/2025 22:45;39.66
25/06/2025 23:00;39.72
25/06/2025 23:15;39.74
25/06/2025 23:30;39.79
25/06/2025 23:45;39.8
26/06/2025 00:00;39.79
26/06/2025 00:15;39.79
26/06/2025 00:30;39.77
26/06/2025 00:45;39.73
26/06/2025 01:00;39.72
26/06/2025 01:15;39.77
26/06/2025 01:30;39.7
26/06/2025 01:45;39.71
26/06/2025 02:00;39.77
26/06/2025 02:15;39.74
26/06/2025 02:30;39.7
26/06/2025 02:45;39.71
26/06/2025 03:00;39.75
26/06/2025 03:15;39.78
26/06/2025 03:30;39.7
26/06/2025 03:45;39.73
26/06/2025 04:00;39.65
26/06/2025 04:15;39.63
26/06/2025 04:30;39.59
26/06/2025 04:45;39.66
26/06/2025 05:00;39.73
26/06/2025 05:15;39.66
26/06/2025 05:30;39.66
26/06/2025 05:45;39.66
26/06/2025 06:00;39.74
26/06/2025 06:15;39.65
26/06/2025 06:30;39.61
26/06/2025 06:45;39.68
26/06/2025 07:00;39.62
26/06/2025 07:15;39.58
26/06/2025 07:30;39.66
26/06/2025 07:45;39.63
26/06/2025 08:00;39.93
26/06/2025 08:15;40.16
26/06/2025 08:30;40.25
26/06/2025 08:45;40.22
26/06/2025 09:00;40.24
26/06/2025 09:15;40.22
26/06/2025 09:30;39.53
26/06/2025 09:45;37.13
26/06/2025 10:00;36.81
26/06/2025 10:15;36.59
26/06/2025 10:30;36.56
26/06/2025 10:45;36.53
26/06/2025 11:00;36.45
26/06/2025 11:15;36.43
26/06/2025 11:30;36.41
26/06/2025 11:45;36.43
26/06/2025 12:00;36.41
26/06/2025 12:15;36.45
26/06/2025 12:30;36.41
26/06/2025 12:45;36.41
26/06/2025 13:00;36.41
26/06/2025 13:15;36.4
26/06/2025 13:30;36.36
26/06/2025 13:45;36.4
26/06/2025 14:00;36.41
26/06/2025 14:15;36.34
26/06/2025 14:30;36.31
26/06/2025 14:45;36.38
26/06/2025 15:00;36.34
26/06/2025 15:15;36.34
26/06/2025 15:30;36.32
26/06/2025 15:45;36.29
26/06/2025 16:00;36.3
26/06/2025 16:15;36.39
26/06/2025 16:30;36.37
26/06/2025 16:45;36.43
26/06/2025 17:00;36.45
26/06/2025 17:15;36.33
26/06/2025 17:30;36.37
26/06/2025 17:45;36.34
26/06/2025 18:00;36.39
26/06/2025 18:15;36.34
26/06/2025 18:30;36.34
26/06/2025 18:45;36.34
26/06/2025 19:00;36.31
26/06/2025 19:15;36.34
26/06/2025 19:30;36.33
26/06/2025 19:45;36.34
26/06/2025 20:00;36.41
26/06/2025 20:15;36.38
26/06/2025 20:30;36.39
26/06/2025 20:45;36.45
26/06/2025 21:00;36.38
26/06/2025 21:15;36.36
26/06/2025 21:30;36.41
26/06/2025 21:45;36.31
26/06/2025 22:00;36.43
26/06/2025 22:15;36.28
26/06/2025 22:30;36.28
26/06/2025 22:45;36.39
26/06/2025 23:00;36.37
26/06/2025 23:15;36.4
26/06/2025 23:30;36.4
26/06/2025 23:45;36.37
27/06/2025 00:00;36.29
27/06/2025 00:15;36.38
27/06/2025 00:30;36.29
27/06/2025 00:45;36.34
27/06/2025 01:00;36.38
27/06/2025 01:15;36.28
27/06/2025 01:30;36.25
27/06/2025 01:45;36.31
27/06/2025 02:00;36.29
27/06/2025 02:15;36.28
27/06/2025 02:30;36.3
27/06/2025 02:45;36.32
27/06/2025 03:00;36.34
27/06/2025 03:15;36.38
27/06/2025 03:30;36.29
27/06/2025 03:45;36.33
27/06/2025 04:00;36.36
27/06/2025 04:15;36.38
27/06/2025 04:30;36.36
27/06/2025 04:45;36.34
27/06/2025 05:00;36.29
27/06/2025 05:15;36.27
27/06/2025 05:30;36.33
27/06/2025 05:45;36.34
27/06/2025 06:00;36.3
27/06/2025 06:15;36.31
27/06/2025 06:30;36.37
27/06/2025 06:45;36.36
27/06/2025 07:00;36.28
27/06/2025 07:15;36.37
27/06/2025 07:30;36.34
27/06/2025 07:45;36.41
27/06/2025 08:00;36.32
27/06/2025 08:15;36.29
27/06/2025 08:30;36.33
27/06/2025 08:45;36.38
27/06/2025 09:00;36.43
27/06/2025 09:15;36.4
27/06/2025 09:30;36.45
27/06/2025 09:45;36.43
27/06/2025 10:00;36.5
27/06/2025 10:15;36.52
27/06/2025 10:30;36.59
27/06/2025 10:45;36.57
27/06/2025 11:00;36.56
27/06/2025 11:15;36.56
27/06/2025 11:30;36.54
27/06/2025 11:45;36.64
27/06/2025 12:00;36.52
27/06/2025 12:15;36.5
27/06/2025 12:30;36.58
27/06/2025 12:45;36.53
27/06/2025 13:00;36.5
27/06/2025 13:15;36.5
27/06/2025 13:30;36.5
27/06/2025 13:45;36.45
27/06/2025 14:00;36.5
27/06/2025 14:15;36.46
27/06/2025 14:30;36.43
27/06/2025 14:45;36.41
27/06/2025 15:00;36.41
27/06/2025 15:15;36.48
27/06/2025 15:30;36.41
27/06/2025 15:45;36.5
27/06/2025 16:00;36.52
27/06/2025 16:15;36.47
27/06/2025 16:30;36.46
27/06/2025 16:45;36.45
27/06/2025 17:00;36.39
27/06/2025 17:15;36.38
27/06/2025 17:30;36.4
27/06/2025 17:45;36.39
27/06/2025 18:00;36.43
27/06/2025 18:15;36.43
27/06/2025 18:30;36.47
27/06/2025 18:45;36.5
27/06/2025 19:00;36.4
27/06/2025 19:15;36.37
27/06/2025 19:30;36.41
27/06/2025 19:45;36.46
27/06/2025 20:00;36.43
27/06/2025 20:15;36.41
27/06/2025 20:30;36.33
27/06/2025 20:45;36.4
27/06/2025 21:00;36.38
27/06/2025 21:15;36.39
27/06/2025 21:30;36.28
27/06/2025 21:45;36.41
27/06/2025 22:00;36.37
27/06/2025 22:15;35.71
27/06/2025 22:30;35.45
27/06/2025 22:45;35.4
27/06/2025 23:00;35.39
27/06/2025 23:15;35.39
27/06/2025 23:30;35.37
27/06/2025 23:45;35.34
28/06/2025 00:00;35.2
28/06/2025 00:15;35.25
28/06/2025 00:30;35.34
28/06/2025 00:45;35.21
28/06/2025 01:00;35.27
28/06/2025 01:15;35.32
28/06/2025 01:30;35.38
28/06/2025 01:45;35.39
28/06/2025 02:00;35.4
28/06/2025 02:15;35.4
28/06/2025 02:30;35.38
28/06/2025 02:45;35.38
28/06/2025 03:00;35.41
28/06/2025 03:15;35.31
28/06/2025 03:30;35.49
28/06/2025 03:45;35.33
28/06/2025 04:00;35.31
28/06/2025 04:15;35.34
28/06/2025 04:30;35.34
28/06/2025 04:45;35.31
28/06/2025 05:00;35.34
28/06/2025 05:15;35.36
28/06/2025 05:30;35.38
28/06/2025 05:45;35.39
28/06/2025 06:00;35.25
28/06/2025 06:15;35.28
28/06/2025 06:30;35.27
28/06/2025 06:45;35.21
28/06/2025 07:00;35.28
28/06/2025 07:15;35.31
28/06/2025 07:30;35.29
28/06/2025 07:45;35.22
28/06/2025 08:00;35.25
28/06/2025 08:15;35.24
28/06/2025 08:30;35.25
28/06/2025 08:45;35.27
28/06/2025 09:00;35.23
28/06/2025 09:15;35.31
28/06/2025 09:30;35.31
28/06/2025 09:45;35.22
28/06/2025 10:00;35.16
28/06/2025 10:15;35.15
28/06/2025 10:30;35.29
28/06/2025 10:45;35.21
28/06/2025 11:00;35.21
28/06/2025 11:15;35.18
28/06/2025 11:30;35.22
28/06/2025 11:45;35.23
28/06/2025 12:00;35.28
28/06/2025 12:15;35.24
28/06/2025 12:30;35.2
28/06/2025 12:45;35.23
28/06/2025 13:00;35.28
28/06/2025 13:15;35.18
28/06/2025 13:30;35.29
28/06/2025 13:45;35.24
28/06/2025 14:00;35.33
28/06/2025 14:15;35.27
28/06/2025 14:30;35.21
28/06/2025 14:45;35.25
28/06/2025 15:00;35.3
28/06/2025 15:15;35.28
28/06/2025 15:30;35.25
28/06/2025 15:45;35.3
28/06/2025 16:00;35.25
28/06/2025 16:15;35.25
28/06/2025 16:30;35.27
28/06/2025 16:45;35.25
28/06/2025 17:00;35.24
28/06/2025 17:15;35.18
28/06/2025 17:30;35.18
28/06/2025 17:45;35.22
28/06/2025 18:00;35.22
28/06/2025 18:15;35.25
28/06/2025 18:30;35.29
28/06/2025 18:45;35.22
28/06/2025 19:00;35.2
28/06/2025 19:15;35.24
28/06/2025 19:30;35.25
28/06/2025 19:45;35.28
28/06/2025 20:00;35.18
28/06/2025 20:15;35.28
28/06/2025 20:30;35.25
28/06/2025 20:45;35.16
28/06/2025 21:00;35.18
28/06/2025 21:15;35.25
28/06/2025 21:30;35.21
28/06/2025 21:45;35.18
28/06/2025 22:00;35.2
28/06/2025 22:15;35.29
28/06/2025 22:30;35.23
28/06/2025 22:45;35.23
28/06/2025 23:00;35.25
28/06/2025 23:15;35.25
28/06/2025 23:30;35.23
28/06/2025 23:45;35.24
29/06/2025 00:00;35.16
29/06/2025 00:15;35.2
29/06/2025 00:30;35.18
29/06/2025 00:45;35.21
29/06/2025 01:00;35.22
29/06/2025 01:15;35.18
29/06/2025 01:30;35.16
29/06/2025 01:45;35.23
29/06/2025 02:00;35.24
29/06/2025 02:15;35.23
29/06/2025 02:30;35.24
29/06/2025 02:45;35.16
29/06/2025 03:00;35.18
29/06/2025 03:15;35.16
29/06/2025 03:30;35.2
29/06/2025 03:45;35.16
29/06/2025 04:00;35.12
29/06/2025 04:15;35.22
29/06/2025 04:30;35.12
29/06/2025 04:45;35.08
29/06/2025 05:00;35.09
29/06/2025 05:15;35.13
29/06/2025 05:30;35.18
29/06/2025 05:45;35.18
29/06/2025 06:00;35.12
29/06/2025 06:15;35.14
29/06/2025 06:30;35.18
29/06/2025 06:45;35.09
29/06/2025 07:00;35.07
29/06/2025 07:15;35.09
29/06/2025 07:30;35.09
29/06/2025 07:45;35.14
29/06/2025 08:00;35.07
29/06/2025 08:15;35.09
29/06/2025 08:30;35.15
29/06/2025 08:45;35.05
29/06/2025 09:00;35.04
29/06/2025 09:15;35.07
29/06/2025 09:30;35.14
29/06/2025 09:45;35.11
29/06/2025 10:00;35.13
29/06/2025 10:15;35.09
29/06/2025 10:30;35.09
29/06/2025 10:45;35.09
29/06/2025 11:00;35.06
29/06/2025 11:15;34.98
29/06/2025 11:30;34.97
29/06/2025 11:45;35.02
29/06/2025 12:00;34.99
29/06/2025 12:15;35.04
29/06/2025 12:30;35.03
29/06/2025 12:45;35.09
29/06/2025 13:00;35.05
29/06/2025 13:15;35.12
29/06/2025 13:30;35.16
29/06/2025 13:45;35.09
29/06/2025 14:00;35.09
29/06/2025 14:15;35.08
29/06/2025 14:30;35.12
29/06/2025 14:45;35.07
29/06/2025 15:00;35.02
29/06/2025 15:15;35.03
29/06/2025 15:30;35.07
29/06/2025 15:45;35.05
29/06/2025 16:00;35.04
29/06/2025 16:15;35.12
29/06/2025 16:30;35.12
29/06/2025 16:45;35.15
29/06/2025 17:00;35.06
29/06/2025 17:15;35.09
29/06/2025 17:30;35.18
29/06/2025 17:45;35.08
29/06/2025 18:00;35.06
29/06/2025 18:15;35.03
29/06/2025 18:30;35.09
29/06/2025 18:45;35
29/06/2025 19:00;35.04
29/06/2025 19:15;35.06
29/06/2025 19:30;35.03
29/06/2025 19:45;35.05
29/06/2025 20:00;35.09
29/06/2025 20:15;35.03
29/06/2025 20:30;35.08
29/06/2025 20:45;35
29/06/2025 21:00;35.04
29/06/2025 21:15;35
29/06/2025 21:30;35.07
29/06/2025 21:45;35.07
29/06/2025 22:00;34.99
29/06/2025 22:15;""
29/06/2025 22:30;""
29/06/2025 22:45;""
29/06/2025 23:00;""
29/06/2025 23:15;""
29/06/2025 23:30;""
29/06/2025 23:45;""
30/06/2025 00:00;""
30/06/2025 00:15;""
30/06/2025 00:30;""
30/06/2025 00:45;""
30/06/2025 01:00;""
30/06/2025 01:15;""
30/06/2025 01:30;""
30/06/2025 01:45;""
30/06/2025 02:00;""
30/06/2025 02:15;""
30/06/2025 02:30;""
30/06/2025 02:45;""
30/06/2025 03:00;""
30/06/2025 03:15;""
30/06/2025 03:30;""
30/06/2025 03:45;""
30/06/2025 04:00;""
30/06/2025 04:15;""
30/06/2025 04:30;""
30/06/2025 04:45;""
30/06/2025 05:00;""
30/06/2025 05:15;""
30/06/2025 05:30;""
30/06/2025 05:45;""
30/06/2025 06:00;""
30/06/2025 06:15;""
30/06/2025 06:30;""
30/06/2025 06:45;""
30/06/2025 07:00;""
30/06/2025 07:15;""
30/06/2025 07:30;""
30/06/2025 07:45;""
30/06/2025 08:00;""
30/06/2025 08:15;""
30/06/2025 08:30;36.61
30/06/2025 08:45;36.54
30/06/2025 09:00;36.52
30/06/2025 09:15;36.45
30/06/2025 09:30;36.57
30/06/2025 09:45;36.52
30/06/2025 10:00;36.5
30/06/2025 10:15;36.53
30/06/2025 10:30;36.5
30/06/2025 10:45;36.65
30/06/2025 11:00;36.49
30/06/2025 11:15;36.58
30/06/2025 11:30;36.58
30/06/2025 11:45;36.59
30/06/2025 12:00;36.66
30/06/2025 12:15;36.68
30/06/2025 12:30;36.65
30/06/2025 12:45;36.59
30/06/2025 13:00;36.68
30/06/2025 13:15;36.61
30/06/2025 13:30;36.62
30/06/2025 13:45;36.73
30/06/2025 14:00;36.72
30/06/2025 14:15;36.68
30/06/2025 14:30;36.63
30/06/2025 14:45;36.68
30/06/2025 15:00;36.59
30/06/2025 15:15;36.75
30/06/2025 15:30;36.68
30/06/2025 15:45;36.71
30/06/2025 16:00;36.64
30/06/2025 16:15;36.71
30/06/2025 16:30;36.77
30/06/2025 16:45;36.82
30/06/2025 17:00;36.71
30/06/2025 17:15;36.7
30/06/2025 17:30;36.66
30/06/2025 17:45;36.63
30/06/2025 18:00;36.75
30/06/2025 18:15;36.72
30/06/2025 18:30;36.71
30/06/2025 18:45;36.66
30/06/2025 19:00;36.66
30/06/2025 19:15;36.62
30/06/2025 19:30;36.7
30/06/2025 19:45;36.62
30/06/2025 20:00;36.7
30/06/2025 20:15;36.74
30/06/2025 20:30;36.74
30/06/2025 20:45;36.65
30/06/2025 21:00;36.66
30/06/2025 21:15;36.75
30/06/2025 21:30;36.63
30/06/2025 21:45;36.7
30/06/2025 22:00;36.66
30/06/2025 22:15;36.56
30/06/2025 22:30;36.65
30/06/2025 22:45;36.62
30/06/2025 23:00;36.59
30/06/2025 23:15;36.58
30/06/2025 23:30;36.66
30/06/2025 23:45;36.7
01/07/2025 00:00;36.68
01/07/2025 00:15;36.75
01/07/2025 00:30;36.68
01/07/2025 00:45;36.64
01/07/2025 01:00;36.78
01/07/2025 01:15;36.66
01/07/2025 01:30;36.63
01/07/2025 01:45;36.59
01/07/2025 02:00;36.63
01/07/2025 02:15;36.66
01/07/2025 02:30;36.66
01/07/2025 02:45;36.58
01/07/2025 03:00;36.59
01/07/2025 03:15;36.68
01/07/2025 03:30;36.58
01/07/2025 03:45;36.62
01/07/2025 04:00;36.59
01/07/2025 04:15;36.59
01/07/2025 04:30;36.59
01/07/2025 04:45;36.55
01/07/2025 05:00;36.62
01/07/2025 05:15;36.5
01/07/2025 05:30;36.61
01/07/2025 05:45;36.62
01/07/2025 06:00;36.57
01/07/2025 06:15;36.52
01/07/2025 06:30;36.5
01/07/2025 06:45;36.54
01/07/2025 07:00;36.55
01/07/2025 07:15;36.52
01/07/2025 07:30;36.61
01/07/2025 07:45;36.55
01/07/2025 08:00;36.54
01/07/2025 08:15;36.5
01/07/2025 08:30;36.64
01/07/2025 08:45;36.66
01/07/2025 09:00;36.71
01/07/2025 09:15;36.68
01/07/2025 09:30;36.58
01/07/2025 09:45;36.53
01/07/2025 10:00;36.57
01/07/2025 10:15;36.66
01/07/2025 10:30;36.62
01/07/2025 10:45;36.66
01/07/2025 11:00;36.64
01/07/2025 11:15;36.64
01/07/2025 11:30;36.59
01/07/2025 11:45;36.7
01/07/2025 12:00;36.66
01/07/2025 12:15;36.58
01/07/2025 12:30;36.62
01/07/2025 12:45;36.62
01/07/2025 13:00;36.54
01/07/2025 13:15;36.61
01/07/2025 13:30;36.59
01/07/2025 13:45;36.61
01/07/2025 14:00;36.59
01/07/2025 14:15;36.68
01/07/2025 14:30;36.61
01/07/2025 14:45;36.63
01/07/2025 15:00;36.71
01/07/2025 15:15;36.7
01/07/2025 15:30;36.75
01/07/2025 15:45;36.62
01/07/2025 16:00;36.66
01/07/2025 16:15;36.63
01/07/2025 16:30;36.68
01/07/2025 16:45;36.63
01/07/2025 17:00;36.7
01/07/2025 17:15;36.61
01/07/2025 17:30;36.62
01/07/2025 17:45;36.63
01/07/2025 18:00;36.59
01/07/2025 18:15;36.7
01/07/2025 18:30;36.74
01/07/2025 18:45;36.7
01/07/2025 19:00;36.62
01/07/2025 19:15;36.59
01/07/2025 19:30;36.58
01/07/2025 19:45;36.59
01/07/2025 20:00;36.65
01/07/2025 20:15;36.68
01/07/2025 20:30;36.55
01/07/2025 20:45;36.65
01/07/2025 21:00;36.63
01/07/2025 21:15;36.66
01/07/2025 21:30;36.58
01/07/2025 21:45;36.68
01/07/2025 22:00;37.47
01/07/2025 22:15;38.33
01/07/2025 22:30;38.47
01/07/2025 22:45;38.52
01/07/2025 23:00;38.47
01/07/2025 23:15;38.61
01/07/2025 23:30;38.64
01/07/2025 23:45;38.52
02/07/2025 00:00;38.53
02/07/2025 00:15;38.5
02/07/2025 00:30;38.56
02/07/2025 00:45;38.59
02/07/2025 01:00;38.55
02/07/2025 01:15;38.62
02/07/2025 01:30;38.61
02/07/2025 01:45;38.65
02/07/2025 02:00;38.56
02/07/2025 02:15;38.55
02/07/2025 02:30;38.55
02/07/2025 02:45;38.62
02/07/2025 03:00;38.54
02/07/2025 03:15;38.53
02/07/2025 03:30;38.5
02/07/2025 03:45;38.49
02/07/2025 04:00;38.47
02/07/2025 04:15;38.56
02/07/2025 04:30;38.56
02/07/2025 04:45;38.53
02/07/2025 05:00;38.54
02/07/2025 05:15;38.48
02/07/2025 05:30;38.47
02/07/2025 05:45;38.48
02/07/2025 06:00;38.46
02/07/2025 06:15;38.47
02/07/2025 06:30;38.49
02/07/2025 06:45;38.36
02/07/2025 07:00;38.41
02/07/2025 07:15;38.48
02/07/2025 07:30;38.47
02/07/2025 07:45;38.53
02/07/2025 08:00;38.59
02/07/2025 08:15;38.5
02/07/2025 08:30;38.45
02/07/2025 08:45;38.5
02/07/2025 09:00;38.41
02/07/2025 09:15;38.45
02/07/2025 09:30;38.52
02/07/2025 09:45;38.52
02/07/2025 10:00;38.41
02/07/2025 10:15;38.45
02/07/2025 10:30;38.47
02/07/2025 10:45;38.48
02/07/2025 11:00;38.49
02/07/2025 11:15;38.54
02/07/2025 11:30;38.54
02/07/2025 11:45;38.47
02/07/2025 12:00;38.48
02/07/2025 12:15;38.47
02/07/2025 12:30;38.5
02/07/2025 12:45;38.48
02/07/2025 13:00;38.5
02/07/2025 13:15;38.46
02/07/2025 13:30;38.47
02/07/2025 13:45;38.49
02/07/2025 14:00;38.4
02/07/2025 14:15;38.39
02/07/2025 14:30;38.37
02/07/2025 14:45;38.49
02/07/2025 15:00;38.52
02/07/2025 15:15;38.48
02/07/2025 15:30;38.43
02/07/2025 15:45;38.41
02/07/2025 16:00;38.45
02/07/2025 16:15;38.41
02/07/2025 16:30;38.43
02/07/2025 16:45;38.46
02/07/2025 17:00;38.4
02/07/2025 17:15;38.48
02/07/2025 17:30;38.43
02/07/2025 17:45;38.39
02/07/2025 18:00;38.48
02/07/2025 18:15;38.48
02/07/2025 18:30;38.55
02/07/2025 18:45;38.57
02/07/2025 19:00;38.48
02/07/2025 19:15;38.53
02/07/2025 19:30;38.39
02/07/2025 19:45;38.41
02/07/2025 20:00;38.4
02/07/2025 20:15;38.49
02/07/2025 20:30;38.45
02/07/2025 20:45;38.5
02/07/2025 21:00;38.45
02/07/2025 21:15;38.5
02/07/2025 21:30;38.47
02/07/2025 21:45;38.5
02/07/2025 22:00;38.43
02/07/2025 22:15;38.88
02/07/2025 22:30;39.28
02/07/2025 22:45;39.33
02/07/2025 23:00;39.39
02/07/2025 23:15;39.43
02/07/2025 23:30;39.39
02/07/2025 23:45;39.39
03/07/2025 00:00;39.52
03/07/2025 00:15;39.48
03/07/2025 00:30;39.45
03/07/2025 00:45;39.54
03/07/2025 01:00;39.48
03/07/2025 01:15;39.54
03/07/2025 01:30;39.48
03/07/2025 01:45;39.45
03/07/2025 02:00;39.48
03/07/2025 02:15;39.55
03/07/2025 02:30;39.43
03/07/2025 02:45;39.45
03/07/2025 03:00;39.5
03/07/2025 03:15;39.4
03/07/2025 03:30;39.43
03/07/2025 03:45;39.46
03/07/2025 04:00;39.5
03/07/2025 04:15;39.43
03/07/2025 04:30;39.41
03/07/2025 04:45;39.48
03/07/2025 05:00;39.5
03/07/2025 05:15;39.43
03/07/2025 05:30;39.41
03/07/2025 05:45;39.41
03/07/2025 06:00;39.39
03/07/2025 06:15;39.32
03/07/2025 06:30;39.36
03/07/2025 06:45;39.4
03/07/2025 07:00;39.4
03/07/2025 07:15;39.36
03/07/2025 07:30;39.47
03/07/2025 07:45;39.37
03/07/2025 08:00;39.38
03/07/2025 08:15;39.43
03/07/2025 08:30;39.54
03/07/2025 08:45;39.54
03/07/2025 09:00;39.53
03/07/2025 09:15;39.5
03/07/2025 09:30;39.53
03/07/2025 09:45;39.49
03/07/2025 10:00;39.5
03/07/2025 10:15;39.5
03/07/2025 10:30;39.41
03/07/2025 10:45;39.48
03/07/2025 11:00;39.53
03/07/2025 11:15;39.49
03/07/2025 11:30;39.43
03/07/2025 11:45;39.56
03/07/2025 12:00;39.48
03/07/2025 12:15;39.5
03/07/2025 12:30;39.57
03/07/2025 12:45;39.58
03/07/2025 13:00;39.63
03/07/2025 13:15;39.43
03/07/2025 13:30;39.53
03/07/2025 13:45;39.52
03/07/2025 14:00;39.46
03/07/2025 14:15;39.46
03/07/2025 14:30;39.43
03/07/2025 14:45;39.55
03/07/2025 15:00;39.45
03/07/2025 15:15;39.46
03/07/2025 15:30;39.53
03/07/2025 15:45;39.56
03/07/2025 16:00;39.47
03/07/2025 16:15;39.57
03/07/2025 16:30;39.57
03/07/2025 16:45;39.48
03/07/2025 17:00;39.46
03/07/2025 17:15;39.46
03/07/2025 17:30;39.43
03/07/2025 17:45;39.43
03/07/2025 18:00;39.48
03/07/2025 18:15;39.52
03/07/2025 18:30;39.45
03/07/2025 18:45;39.52
03/07/2025 19:00;39.46
03/07/2025 19:15;39.62
03/07/2025 19:30;39.48
03/07/2025 19:45;39.49
03/07/2025 20:00;39.58
03/07/2025 20:15;39.45
03/07/2025 20:30;39.41
03/07/2025 20:45;39.41
03/07/2025 21:00;39.41
03/07/2025 21:15;39.49
03/07/2025 21:30;39.41
03/07/2025 21:45;39.45
03/07/2025 22:00;39.46
03/07/2025 22:15;39.57
03/07/2025 22:30;39.48
03/07/2025 22:45;39.59
03/07/2025 23:00;39.49
03/07/2025 23:15;39.46
03/07/2025 23:30;39.5
03/07/2025 23:45;39.48
04/07/2025 00:00;39.43
04/07/2025 00:15;39.43
04/07/2025 00:30;39.38
04/07/2025 00:45;39.48
04/07/2025 01:00;39.45
04/07/2025 01:15;39.5
04/07/2025 01:30;39.47
04/07/2025 01:45;39.45
04/07/2025 02:00;39.43
04/07/2025 02:15;39.5
04/07/2025 02:30;39.45
04/07/2025 02:45;39.43
04/07/2025 03:00;39.39
04/07/2025 03:15;39.49
04/07/2025 03:30;39.47
04/07/2025 03:45;39.33
04/07/2025 04:00;39.46
04/07/2025 04:15;39.43
04/07/2025 04:30;39.5
04/07/2025 04:45;39.46
04/07/2025 05:00;39.37
04/07/2025 05:15;39.46
04/07/2025 05:30;39.45
04/07/2025 05:45;39.41
04/07/2025 06:00;39.43
04/07/2025 06:15;39.4
04/07/2025 06:30;39.36
04/07/2025 06:45;39.43
04/07/2025 07:00;39.37
04/07/2025 07:15;39.3
04/07/2025 07:30;39.41
04/07/2025 07:45;39.38
04/07/2025 08:00;39.34
04/07/2025 08:15;39.39
04/07/2025 08:30;39.38
04/07/2025 08:45;39.38
04/07/2025 09:00;39.39
04/07/2025 09:15;39.39
04/07/2025 09:30;39.39
04/07/2025 09:45;39.41
04/07/2025 10:00;39.32
04/07/2025 10:15;39.32
04/07/2025 10:30;39.33
04/07/2025 10:45;39.33
04/07/2025 11:00;39.34
04/07/2025 11:15;39.27
04/07/2025 11:30;39.34
04/07/2025 11:45;39.25
04/07/2025 12:00;39.23
04/07/2025 12:15;39.34
04/07/2025 12:30;39.41
04/07/2025 12:45;39.37
04/07/2025 13:00;39.32
04/07/2025 13:15;39.32
04/07/2025 13:30;39.38
04/07/2025 13:45;39.28
04/07/2025 14:00;39.29
04/07/2025 14:15;39.32
04/07/2025 14:30;39.34
04/07/2025 14:45;39.34
04/07/2025 15:00;39.39
04/07/2025 15:15;39.39
04/07/2025 15:30;39.4
04/07/2025 15:45;39.37
04/07/2025 16:00;39.39
04/07/2025 16:15;39.33
04/07/2025 16:30;39.37
04/07/2025 16:45;39.3
04/07/2025 17:00;39.23
04/07/2025 17:15;39.33
04/07/2025 17:30;39.29
04/07/2025 17:45;39.25
04/07/2025 18:00;39.25
04/07/2025 18:15;39.24
04/07/2025 18:30;39.41
04/07/2025 18:45;39.18
04/07/2025 19:00;39.31
04/07/2025 19:15;39.27
04/07/2025 19:30;39.27
04/07/2025 19:45;39.32
04/07/2025 20:00;39.32
04/07/2025 20:15;39.22
04/07/2025 20:30;39.29
04/07/2025 20:45;39.25
04/07/2025 21:00;39.36
04/07/2025 21:15;39.27
04/07/2025 21:30;39.34
04/07/2025 21:45;39.25
04/07/2025 22:00;39.21
04/07/2025 22:15;37.98
04/07/2025 22:30;36.97
04/07/2025 22:45;36.87
04/07/2025 23:00;36.84
04/07/2025 23:15;36.84
04/07/2025 23:30;36.75
04/07/2025 23:45;36.73
05/07/2025 00:00;36.75
05/07/2025 00:15;36.71
05/07/2025 00:30;36.66
05/07/2025 00:45;36.75
05/07/2025 01:00;36.68
05/07/2025 01:15;36.73
05/07/2025 01:30;36.7
05/07/2025 01:45;36.68
05/07/2025 02:00;36.68
05/07/2025 02:15;36.65
05/07/2025 02:30;36.66
05/07/2025 02:45;36.75
05/07/2025 03:00;36.73
05/07/2025 03:15;36.46
05/07/2025 03:30;36.43
05/07/2025 03:45;36.64
05/07/2025 04:00;36.62
05/07/2025 04:15;36.55
05/07/2025 04:30;36.57
05/07/2025 04:45;36.58
05/07/2025 05:00;36.62
05/07/2025 05:15;36.54
05/07/2025 05:30;36.62
05/07/2025 05:45;36.7
05/07/2025 06:00;36.62
05/07/2025 06:15;36.62
05/07/2025 06:30;36.54
05/07/2025 06:45;36.65
05/07/2025 07:00;36.58
05/07/2025 07:15;36.68
05/07/2025 07:30;36.59
05/07/2025 07:45;36.55
05/07/2025 08:00;36.5
05/07/2025 08:15;36.58
05/07/2025 08:30;36.59
05/07/2025 08:45;36.59
05/07/2025 09:00;36.56
05/07/2025 09:15;36.56
05/07/2025 09:30;35.2
05/07/2025 09:45;34.91
05/07/2025 10:00;34.66
05/07/2025 10:15;34.59
05/07/2025 10:30;34.54
05/07/2025 10:45;34.59
05/07/2025 11:00;34.65
05/07/2025 11:15;34.61
05/07/2025 11:30;34.54
05/07/2025 11:45;34.56
05/07/2025 12:00;34.53
05/07/2025 12:15;34.58
05/07/2025 12:30;34.55
05/07/2025 12:45;34.49
05/07/2025 13:00;34.5
05/07/2025 13:15;34.5
05/07/2025 13:30;34.47
05/07/2025 13:45;34.49
05/07/2025 14:00;34.41
05/07/2025 14:15;34.43
05/07/2025 14:30;34.47
05/07/2025 14:45;34.48
05/07/2025 15:00;34.54
05/07/2025 15:15;34.57
05/07/2025 15:30;34.43
05/07/2025 15:45;34.41
05/07/2025 16:00;34.43
05/07/2025 16:15;34.46
05/07/2025 16:30;34.41
05/07/2025 16:45;34.39
05/07/2025 17:00;34.43
05/07/2025 17:15;34.41
05/07/2025 17:30;34.34
05/07/2025 17:45;34.46
05/07/2025 18:00;34.41
05/07/2025 18:15;34.36
05/07/2025 18:30;34.46
05/07/2025 18:45;34.4
05/07/2025 19:00;34.41
05/07/2025 19:15;34.41
05/07/2025 19:30;34.43
05/07/2025 19:45;34.37
05/07/2025 20:00;34.41
05/07/2025 20:15;34.36
05/07/2025 20:30;34.37
05/07/2025 20:45;34.46
05/07/2025 21:00;34.36
05/07/2025 21:15;34.33
05/07/2025 21:30;34.34
05/07/2025 21:45;34.36
05/07/2025 22:00;34.43
05/07/2025 22:15;34.41
05/07/2025 22:30;34.41
05/07/2025 22:45;34.47
05/07/2025 23:00;34.41
05/07/2025 23:15;34.49
05/07/2025 23:30;34.45
05/07/2025 23:45;34.37
06/07/2025 00:00;34.38
06/07/2025 00:15;34.39
06/07/2025 00:30;34.43
06/07/2025 00:45;34.36
06/07/2025 01:00;34.38
06/07/2025 01:15;34.43
06/07/2025 01:30;34.39
06/07/2025 01:45;34.38
06/07/2025 02:00;34.43
06/07/2025 02:15;34.49
06/07/2025 02:30;34.37
06/07/2025 02:45;34.45
06/07/2025 03:00;34.45
06/07/2025 03:15;34.39
06/07/2025 03:30;34.34
06/07/2025 03:45;34.36
06/07/2025 04:00;34.4
06/07/2025 04:15;34.34
06/07/2025 04:30;34.38
06/07/2025 04:45;34.41
06/07/2025 05:00;34.32
06/07/2025 05:15;34.39
06/07/2025 05:30;34.4
06/07/2025 05:45;34.46
06/07/2025 06:00;34.36
06/07/2025 06:15;34.36
06/07/2025 06:30;34.33
06/07/2025 06:45;34.41
06/07/2025 07:00;34.41
06/07/2025 07:15;34.34
06/07/2025 07:30;34.33
06/07/2025 07:45;34.29
06/07/2025 08:00;34.33
06/07/2025 08:15;34.34
06/07/2025 08:30;34.37
06/07/2025 08:45;34.38
06/07/2025 09:00;34.34
06/07/2025 09:15;34.46
06/07/2025 09:30;34.34
06/07/2025 09:45;34.32
06/07/2025 10:00;34.33
06/07/2025 10:15;34.31
06/07/2025 10:30;34.28
06/07/2025 10:45;34.34
06/07/2025 11:00;34.29
06/07/2025 11:15;34.25
06/07/2025 11:30;34.3
06/07/2025 11:45;34.29
06/07/2025 12:00;34.3
06/07/2025 12:15;34.36
06/07/2025 12:30;34.38
06/07/2025 12:45;34.33
06/07/2025 13:00;34.36
06/07/2025 13:15;34.31
06/07/2025 13:30;34.33
06/07/2025 13:45;34.23
06/07/2025 14:00;34.25
06/07/2025 14:15;34.24
06/07/2025 14:30;34.23
06/07/2025 14:45;34.32
06/07/2025 15:00;34.28
06/07/2025 15:15;34.25
06/07/2025 15:30;34.28
06/07/2025 15:45;34.34
06/07/2025 16:00;34.28
06/07/2025 16:15;34.31
06/07/2025 16:30;34.32
06/07/2025 16:45;34.25
06/07/2025 17:00;34.22
06/07/2025 17:15;34.21
06/07/2025 17:30;34.31
06/07/2025 17:45;34.25
06/07/2025 18:00;34.3
06/07/2025 18:15;34.23
06/07/2025 18:30;34.18
06/07/2025 18:45;34.3
06/07/2025 19:00;34.25
06/07/2025 19:15;34.25
06/07/2025 19:30;34.29
06/07/2025 19:45;34.29
06/07/2025 20:00;34.24
06/07/2025 20:15;34.29
06/07/2025 20:30;34.27
06/07/2025 20:45;34.38
06/07/2025 21:00;34.28
06/07/2025 21:15;34.29
06/07/2025 21:30;34.25
06/07/2025 21:45;34.29
06/07/2025 22:00;34.41
06/07/2025 22:15;36.89
06/07/2025 22:30;37.43
06/07/2025 22:45;37.53
06/07/2025 23:00;37.64
06/07/2025 23:15;37.59
06/07/2025 23:30;37.54
06/07/2025 23:45;37.59
07/07/2025 00:00;37.56
07/07/2025 00:15;37.68
07/07/2025 00:30;37.57
07/07/2025 00:45;37.62
07/07/2025 01:00;37.55
07/07/2025 01:15;37.58
07/07/2025 01:30;37.64
07/07/2025 01:45;37.58
07/07/2025 02:00;37.65
07/07/2025 02:15;37.59
07/07/2025 02:30;37.64
07/07/2025 02:45;37.62
07/07/2025 03:00;37.7
07/07/2025 03:15;37.66
07/07/2025 03:30;37.57
07/07/2025 03:45;37.61
07/07/2025 04:00;37.55
07/07/2025 04:15;37.52
07/07/2025 04:30;37.66
07/07/2025 04:45;37.55
07/07/2025 05:00;37.59
07/07/2025 05:15;37.53
07/07/2025 05:30;37.59
07/07/2025 05:45;37.55
07/07/2025 06:00;37.61
07/07/2025 06:15;37.59
07/07/2025 06:30;37.54
07/07/2025 06:45;37.52
07/07/2025 07:00;37.58
07/07/2025 07:15;37.59
07/07/2025 07:30;37.57
07/07/2025 07:45;37.55
07/07/2025 08:00;37.5
07/07/2025 08:15;37.52
07/07/2025 08:30;37.53
07/07/2025 08:45;37.5
07/07/2025 09:00;37.54
07/07/2025 09:15;37.56
07/07/2025 09:30;37.58
07/07/2025 09:45;37.55
07/07/2025 10:00;37.57
07/07/2025 10:15;37.57
07/07/2025 10:30;37.56
07/07/2025 10:45;37.62
07/07/2025 11:00;37.59
07/07/2025 11:15;37.53
07/07/2025 11:30;37.56
07/07/2025 11:45;37.48
07/07/2025 12:00;37.58
07/07/2025 12:15;37.57
07/07/2025 12:30;37.5
07/07/2025 12:45;37.5
07/07/2025 13:00;37.59
07/07/2025 13:15;37.53
07/07/2025 13:30;37.59
07/07/2025 13:45;37.49
07/07/2025 14:00;37.56
07/07/2025 14:15;37.59
07/07/2025 14:30;37.58
07/07/2025 14:45;37.59
07/07/2025 15:00;37.5
07/07/2025 15:15;37.57
07/07/2025 15:30;37.57
07/07/2025 15:45;37.53
07/07/2025 16:00;37.53
07/07/2025 16:15;37.55
07/07/2025 16:30;37.53
07/07/2025 16:45;37.54
07/07/2025 17:00;37.45
07/07/2025 17:15;37.5
07/07/2025 17:30;37.43
07/07/2025 17:45;37.57
07/07/2025 18:00;37.46
07/07/2025 18:15;37.52
07/07/2025 18:30;37.52
07/07/2025 18:45;37.5
07/07/2025 19:00;37.47
07/07/2025 19:15;37.5
07/07/2025 19:30;37.53
07/07/2025 19:45;37.49
07/07/2025 20:00;37.47
07/07/2025 20:15;37.48
07/07/2025 20:30;37.52
07/07/2025 20:45;37.5
07/07/2025 21:00;37.49
07/07/2025 21:15;37.48
07/07/2025 21:30;37.52
07/07/2025 21:45;37.5
07/07/2025 22:00;37.43
07/07/2025 22:15;37.53
07/07/2025 22:30;37.43
07/07/2025 22:45;37.41
07/07/2025 23:00;37.43
07/07/2025 23:15;37.43
07/07/2025 23:30;37.54
07/07/2025 23:45;37.37
08/07/2025 00:00;37.47
08/07/2025 00:15;37.48
08/07/2025 00:30;37.46
08/07/2025 00:45;37.39
08/07/2025 01:00;37.48
08/07/2025 01:15;37.36
08/07/2025 01:30;37.43
08/07/2025 01:45;37.37
08/07/2025 02:00;37.34
08/07/2025 02:15;37.34
08/07/2025 02:30;37.34
08/07/2025 02:45;37.36
08/07/2025 03:00;37.39
08/07/2025 03:15;37.34
08/07/2025 03:30;37.34
08/07/2025 03:45;37.32
08/07/2025 04:00;37.41
08/07/2025 04:15;37.34
08/07/2025 04:30;37.41
08/07/2025 04:45;37.34
08/07/2025 05:00;37.41
08/07/2025 05:15;37.3
08/07/2025 05:30;37.25
08/07/2025 05:45;37.34
08/07/2025 06:00;37.33
08/07/2025 06:15;37.29
08/07/2025 06:30;37.33
08/07/2025 06:45;37.33
08/07/2025 07:00;37.43
08/07/2025 07:15;37.4
08/07/2025 07:30;37.33
08/07/2025 07:45;37.29
08/07/2025 08:00;37.29
08/07/2025 08:15;37.25
08/07/2025 08:30;37.27
08/07/2025 08:45;37.25
08/07/2025 09:00;37.45
08/07/2025 09:15;37.34
08/07/2025 09:30;37.55
08/07/2025 09:45;37.55
08/07/2025 10:00;37.52
08/07/2025 10:15;37.55
08/07/2025 10:30;37.59
08/07/2025 10:45;37.57
08/07/2025 11:00;37.52
08/07/2025 11:15;37.45
08/07/2025 11:30;37.08
08/07/2025 11:45;37.5
08/07/2025 12:00;37.29
08/07/2025 12:15;37.53
08/07/2025 12:30;37.47
08/07/2025 12:45;37.47
08/07/2025 13:00;37.5
08/07/2025 13:15;37.5
08/07/2025 13:30;37.45
08/07/2025 13:45;37.47
08/07/2025 14:00;37.47
08/07/2025 14:15;37.4
08/07/2025 14:30;37.48
08/07/2025 14:45;37.48
08/07/2025 15:00;37.41
08/07/2025 15:15;37.48
08/07/2025 15:30;37.47
08/07/2025 15:45;37.38
08/07/2025 16:00;37.38
08/07/2025 16:15;37.41
08/07/2025 16:30;37.5
08/07/2025 16:45;37.49
08/07/2025 17:00;37.46
08/07/2025 17:15;37.48
08/07/2025 17:30;37.5
08/07/2025 17:45;37.45
08/07/2025 18:00;37.4
08/07/2025 18:15;37.47
08/07/2025 18:30;37.45
08/07/2025 18:45;37.5
08/07/2025 19:00;37.4
08/07/2025 19:15;37.37
08/07/2025 19:30;37.4
08/07/2025 19:45;37.36
08/07/2025 20:00;37.49
08/07/2025 20:15;37.46
08/07/2025 20:30;37.43
08/07/2025 20:45;37.43
08/07/2025 21:00;37.39
08/07/2025 21:15;37.49
08/07/2025 21:30;37.52
08/07/2025 21:45;37.41
08/07/2025 22:00;37.48
08/07/2025 22:15;37.5
08/07/2025 22:30;37.41
08/07/2025 22:45;37.38
08/07/2025 23:00;37.39
08/07/2025 23:15;37.41
08/07/2025 23:30;37.37
08/07/2025 23:45;37.43
09/07/2025 00:00;37.45
09/07/2025 00:15;37.41
09/07/2025 00:30;37.41
09/07/2025 00:45;37.43
09/07/2025 01:00;37.43
09/07/2025 01:15;37.48
09/07/2025 01:30;37.43
09/07/2025 01:45;37.41
09/07/2025 02:00;37.45
09/07/2025 02:15;37.43
09/07/2025 02:30;37.38
09/07/2025 02:45;37.33
09/07/2025 03:00;37.32
09/07/2025 03:15;37.32
09/07/2025 03:30;37.34
09/07/2025 03:45;37.32
09/07/2025 04:00;37.33
09/07/2025 04:15;37.39
09/07/2025 04:30;37.36
09/07/2025 04:45;37.34
09/07/2025 05:00;37.36
09/07/2025 05:15;37.34
09/07/2025 05:30;37.27
09/07/2025 05:45;37.33
09/07/2025 06:00;37.31
09/07/2025 06:15;37.28
09/07/2025 06:30;37.25
09/07/2025 06:45;37.25
09/07/2025 07:00;37.29
09/07/2025 07:15;37.3
09/07/2025 07:30;37.34
09/07/2025 07:45;37.3
09/07/2025 08:00;37.25
09/07/2025 08:15;37.31
09/07/2025 08:30;37.28
09/07/2025 08:45;37.27
09/07/2025 09:00;37.34
09/07/2025 09:15;37.34
09/07/2025 09:30;37.38
09/07/2025 09:45;37.33
09/07/2025 10:00;37.31
09/07/2025 10:15;37.38
09/07/2025 10:30;37.32
09/07/2025 10:45;37.34
09/07/2025 11:00;37.28
09/07/2025 11:15;37.31
09/07/2025 11:30;37.36
09/07/2025 11:45;37.33
09/07/2025 12:00;37.34
09/07/2025 12:15;37.36
09/07/2025 12:30;37.36
09/07/2025 12:45;37.37
09/07/2025 13:00;37.32
09/07/2025 13:15;37.33
09/07/2025 13:30;37.34
09/07/2025 13:45;37.38
09/07/2025 14:00;37.34
09/07/2025 14:15;37.39
09/07/2025 14:30;37.39
09/07/2025 14:45;37.41
09/07/2025 15:00;37.4
09/07/2025 15:15;37.37
09/07/2025 15:30;37.32
09/07/2025 15:45;37.39
09/07/2025 16:00;37.28
09/07/2025 16:15;37.31
09/07/2025 16:30;37.4
09/07/2025 16:45;37.33
09/07/2025 17:00;37.33
09/07/2025 17:15;37.36
09/07/2025 17:30;37.31
09/07/2025 17:45;37.43
09/07/2025 18:00;37.41
09/07/2025 18:15;37.37
09/07/2025 18:30;37.36
09/07/2025 18:45;37.38
09/07/2025 19:00;37.36
09/07/2025 19:15;37.27
09/07/2025 19:30;37.41
09/07/2025 19:45;37.31
09/07/2025 20:00;37.23
09/07/2025 20:15;37.27
09/07/2025 20:30;37.25
09/07/2025 20:45;37.32
09/07/2025 21:00;37.25
09/07/2025 21:15;37.25
09/07/2025 21:30;37.02
09/07/2025 21:45;36.91
09/07/2025 22:00;36.93
09/07/2025 22:15;36.86
09/07/2025 22:30;36.72
09/07/2025 22:45;36.72
09/07/2025 23:00;36.66
09/07/2025 23:15;36.74
09/07/2025 23:30;36.68
09/07/2025 23:45;36.68
10/07/2025 00:00;36.63
10/07/2025 00:15;36.62
10/07/2025 00:30;36.68
10/07/2025 00:45;36.75
10/07/2025 01:00;36.66
10/07/2025 01:15;36.63
10/07/2025 01:30;36.59
10/07/2025 01:45;36.59
10/07/2025 02:00;36.57
10/07/2025 02:15;36.62
10/07/2025 02:30;36.64
10/07/2025 02:45;36.62
10/07/2025 03:00;36.57
10/07/2025 03:15;36.52
10/07/2025 03:30;36.57
10/07/2025 03:45;36.66
10/07/2025 04:00;36.62
10/07/2025 04:15;36.59
10/07/2025 04:30;36.55
10/07/2025 04:45;36.57
10/07/2025 05:00;36.59
10/07/2025 05:15;36.5
10/07/2025 05:30;36.56
10/07/2025 05:45;36.5
10/07/2025 06:00;36.58
10/07/2025 06:15;36.53
10/07/2025 06:30;36.56
10/07/2025 06:45;36.5
10/07/2025 07:00;36.56
10/07/2025 07:15;36.59
10/07/2025 07:30;36.54
10/07/2025 07:45;36.57
10/07/2025 08:00;36.53
10/07/2025 08:15;36.59
10/07/2025 08:30;36.52
10/07/2025 08:45;36.52
10/07/2025 09:00;36.52
10/07/2025 09:15;36.54
10/07/2025 09:30;36.52
10/07/2025 09:45;36.58
10/07/2025 10:00;36.46
10/07/2025 10:15;36.52
10/07/2025 10:30;36.43
10/07/2025 10:45;36.5
10/07/2025 11:00;36.5
10/07/2025 11:15;36.48
10/07/2025 11:30;36.5
10/07/2025 11:45;36.49
10/07/2025 12:00;36.5
10/07/2025 12:15;36.49
10/07/2025 12:30;36.47
10/07/2025 12:45;36.49
10/07/2025 13:00;36.5
10/07/2025 13:15;36.59
10/07/2025 13:30;36.5
10/07/2025 13:45;36.5
10/07/2025 14:00;36.53
10/07/2025 14:15;36.55
10/07/2025 14:30;36.53
10/07/2025 14:45;36.52
10/07/2025 15:00;36.52
10/07/2025 15:15;36.55
10/07/2025 15:30;36.57
10/07/2025 15:45;36.57
10/07/2025 16:00;36.53
10/07/2025 16:15;36.54
10/07/2025 16:30;36.43
10/07/2025 16:45;36.53
10/07/2025 17:00;36.57
10/07/2025 17:15;36.57
10/07/2025 17:30;36.59
10/07/2025 17:45;36.45
10/07/2025 18:00;36.53
10/07/2025 18:15;36.56
10/07/2025 18:30;36.49
10/07/2025 18:45;36.53
10/07/2025 19:00;36.56
10/07/2025 19:15;36.58
10/07/2025 19:30;36.48
10/07/2025 19:45;36.5
10/07/2025 20:00;36.52
10/07/2025 20:15;36.49
10/07/2025 20:30;36.43
10/07/2025 20:45;36.43
10/07/2025 21:00;36.5
10/07/2025 21:15;36.49
10/07/2025 21:30;36.49
10/07/2025 21:45;35.12
10/07/2025 22:00;34.72
10/07/2025 22:15;34.59
10/07/2025 22:30;34.54
10/07/2025 22:45;34.48
10/07/2025 23:00;34.48
10/07/2025 23:15;34.57
10/07/2025 23:30;34.58
10/07/2025 23:45;34.54
11/07/2025 00:00;34.61
11/07/2025 00:15;34.58
11/07/2025 00:30;34.5
11/07/2025 00:45;34.59
11/07/2025 01:00;34.5
11/07/2025 01:15;34.54
11/07/2025 01:30;34.59
11/07/2025 01:45;34.57
11/07/2025 02:00;34.58
11/07/2025 02:15;34.58
11/07/2025 02:30;34.5
11/07/2025 02:45;34.54
11/07/2025 03:00;34.59
11/07/2025 03:15;34.46
11/07/2025 03:30;34.5
11/07/2025 03:45;34.48
11/07/2025 04:00;34.5
11/07/2025 04:15;34.5
11/07/2025 04:30;34.48
11/07/2025 04:45;34.49
11/07/2025 05:00;34.54
11/07/2025 05:15;34.55
11/07/2025 05:30;34.49
11/07/2025 05:45;34.45
11/07/2025 06:00;34.45
11/07/2025 06:15;34.48
11/07/2025 06:30;34.46
11/07/2025 06:45;34.45
11/07/2025 07:00;34.49
11/07/2025 07:15;34.4
11/07/2025 07:30;34.43
11/07/2025 07:45;34.5
11/07/2025 08:00;34.43
11/07/2025 08:15;34.38
11/07/2025 08:30;34.41
11/07/2025 08:45;34.53
11/07/2025 09:00;34.5
11/07/2025 09:15;34.43
11/07/2025 09:30;34.5
11/07/2025 09:45;34.45
11/07/2025 10:00;34.43
11/07/2025 10:15;34.36
11/07/2025 10:30;33.53
11/07/2025 10:45;31.59
11/07/2025 11:00;31.42
11/07/2025 11:15;31.3
11/07/2025 11:30;31.23
11/07/2025 11:45;31.16
11/07/2025 12:00;31.22
11/07/2025 12:15;31.19
11/07/2025 12:30;31.16
11/07/2025 12:45;31.14
11/07/2025 13:00;31.19
11/07/2025 13:15;31.12
11/07/2025 13:30;31.08
11/07/2025 13:45;31.1
11/07/2025 14:00;31.15
11/07/2025 14:15;31.1
11/07/2025 14:30;31.14
11/07/2025 14:45;31.15
11/07/2025 15:00;31.14
11/07/2025 15:15;31.11
11/07/2025 15:30;31.14
11/07/2025 15:45;31.18
11/07/2025 16:00;31.15
11/07/2025 16:15;31.08
11/07/2025 16:30;31.13
11/07/2025 16:45;31.2
11/07/2025 17:00;31.12
11/07/2025 17:15;31.14
11/07/2025 17:30;31.13
11/07/2025 17:45;31.14
11/07/2025 18:00;31.04
11/07/2025 18:15;31.03
11/07/2025 18:30;31.02
11/07/2025 18:45;31.1
11/07/2025 19:00;31.09
11/07/2025 19:15;31.19
11/07/2025 19:30;31.14
11/07/2025 19:45;31.06
11/07/2025 20:00;31.08
11/07/2025 20:15;31.06
11/07/2025 20:30;31.06
11/07/2025 20:45;31.03
11/07/2025 21:00;31.06
11/07/2025 21:15;31.04
11/07/2025 21:30;31.06
11/07/2025 21:45;30.81
11/07/2025 22:00;29.66
11/07/2025 22:15;29.42
11/07/2025 22:30;29.27
11/07/2025 22:45;29.33
11/07/2025 23:00;29.29
11/07/2025 23:15;29.25
11/07/2025 23:30;29.29
11/07/2025 23:45;29.24
12/07/2025 00:00;29.29
12/07/2025 00:15;29.16
12/07/2025 00:30;29.26
12/07/2025 00:45;29.26
12/07/2025 01:00;29.29
12/07/2025 01:15;29.23
12/07/2025 01:30;29.23
12/07/2025 01:45;29.18
12/07/2025 02:00;29.25
12/07/2025 02:15;29.15
12/07/2025 02:30;29.21
12/07/2025 02:45;29.23
12/07/2025 03:00;29.18
12/07/2025 03:15;29.2
12/07/2025 03:30;29.21
12/07/2025 03:45;29.18
12/07/2025 04:00;29.2
12/07/2025 04:15;29.21
12/07/2025 04:30;29.18
12/07/2025 04:45;29.15
12/07/2025 05:00;29.2
12/07/2025 05:15;29.24
12/07/2025 05:30;29.19
12/07/2025 05:45;29.22
12/07/2025 06:00;29.17
12/07/2025 06:15;29.19
12/07/2025 06:30;29.2
12/07/2025 06:45;29.24
12/07/2025 07:00;29.19
12/07/2025 07:15;29.2
12/07/2025 07:30;29.22
12/07/2025 07:45;29.16
12/07/2025 08:00;29.13
12/07/2025 08:15;29.19
12/07/2025 08:30;29.17
12/07/2025 08:45;29.19
12/07/2025 09:00;29.18
12/07/2025 09:15;29.16
12/07/2025 09:30;29.16
12/07/2025 09:45;28.34
12/07/2025 10:00;27.83
12/07/2025 10:15;27.71
12/07/2025 10:30;27.64
12/07/2025 10:45;27.61
12/07/2025 11:00;27.67
12/07/2025 11:15;27.6
12/07/2025 11:30;27.66
12/07/2025 11:45;27.65
12/07/2025 12:00;27.62
12/07/2025 12:15;27.51
12/07/2025 12:30;27.18
12/07/2025 12:45;27.06
12/07/2025 13:00;26.98
12/07/2025 13:15;26.92
12/07/2025 13:30;26.9
12/07/2025 13:45;26.87
12/07/2025 14:00;26.95
12/07/2025 14:15;26.88
12/07/2025 14:30;26.91
12/07/2025 14:45;26.89
12/07/2025 15:00;26.84
12/07/2025 15:15;26.65
12/07/2025 15:30;26.68
12/07/2025 15:45;26.58
12/07/2025 16:00;26.56
12/07/2025 16:15;26.54
12/07/2025 16:30;26.57
12/07/2025 16:45;26.62
12/07/2025 17:00;26.59
12/07/2025 17:15;26.57
12/07/2025 17:30;26.58
12/07/2025 17:45;26.63
12/07/2025 18:00;26.61
12/07/2025 18:15;26.61
12/07/2025 18:30;26.58
12/07/2025 18:45;26.57
12/07/2025 19:00;26.56
12/07/2025 19:15;26.58
12/07/2025 19:30;26.56
12/07/2025 19:45;26.64
12/07/2025 20:00;26.6
12/07/2025 20:15;26.61
12/07/2025 20:30;26.59
12/07/2025 20:45;26.58
12/07/2025 21:00;26.59
12/07/2025 21:15;26.64
12/07/2025 21:30;26.56
12/07/2025 21:45;24.86
12/07/2025 22:00;22.86
12/07/2025 22:15;22.61
12/07/2025 22:30;22.46
12/07/2025 22:45;22.31
12/07/2025 23:00;22.02
12/07/2025 23:15;21.92
12/07/2025 23:30;21.92
12/07/2025 23:45;21.91
13/07/2025 00:00;21.92
13/07/2025 00:15;21.91
13/07/2025 00:30;21.92
13/07/2025 00:45;21.95
13/07/2025 01:00;21.89
13/07/2025 01:15;21.85
13/07/2025 01:30;21.9
13/07/2025 01:45;21.89
13/07/2025 02:00;21.87
13/07/2025 02:15;21.87
13/07/2025 02:30;21.9
13/07/2025 02:45;21.88
13/07/2025 03:00;21.9
13/07/2025 03:15;21.92
13/07/2025 03:30;21.89
13/07/2025 03:45;21.87
13/07/2025 04:00;21.89
13/07/2025 04:15;21.87
13/07/2025 04:30;21.88
13/07/2025 04:45;21.9
13/07/2025 05:00;21.86
13/07/2025 05:15;21.9
13/07/2025 05:30;21.89
13/07/2025 05:45;21.89
13/07/2025 06:00;21.88
13/07/2025 06:15;21.92
13/07/2025 06:30;21.87
13/07/2025 06:45;21.84
13/07/2025 07:00;21.86
13/07/2025 07:15;21.86
13/07/2025 07:30;21.9
13/07/2025 07:45;21.83
13/07/2025 08:00;21.87
13/07/2025 08:15;21.86
13/07/2025 08:30;21.86
13/07/2025 08:45;21.91
13/07/2025 09:00;21.88
13/07/2025 09:15;21.84
13/07/2025 09:30;21.87
13/07/2025 09:45;21.83
13/07/2025 10:00;21.87
13/07/2025 10:15;21.87
13/07/2025 10:30;21.86
13/07/2025 10:45;21.9
13/07/2025 11:00;21.9
13/07/2025 11:15;21.87
13/07/2025 11:30;21.82
13/07/2025 11:45;21.85
13/07/2025 12:00;21.84
13/07/2025 12:15;21.79
13/07/2025 12:30;21.83
13/07/2025 12:45;21.81
13/07/2025 13:00;21.81
13/07/2025 13:15;21.82
13/07/2025 13:30;21.78
13/07/2025 13:45;21.78
13/07/2025 14:00;21.78
13/07/2025 14:15;21.8
13/07/2025 14:30;21.84
13/07/2025 14:45;21.87
13/07/2025 15:00;21.89
13/07/2025 15:15;21.85
13/07/2025 15:30;21.92
13/07/2025 15:45;21.88
13/07/2025 16:00;21.85
13/07/2025 16:15;21.87
13/07/2025 16:30;21.89
13/07/2025 16:45;21.86
13/07/2025 17:00;21.85
13/07/2025 17:15;21.88
13/07/2025 17:30;21.86
13/07/2025 17:45;21.89
13/07/2025 18:00;21.91
13/07/2025 18:15;21.86
13/07/2025 18:30;21.86
13/07/2025 18:45;21.88
13/07/2025 19:00;21.83
13/07/2025 19:15;21.88
13/07/2025 19:30;21.84
13/07/2025 19:45;21.94
13/07/2025 20:00;21.89
13/07/2025 20:15;21.89
13/07/2025 20:30;21.9
13/07/2025 20:45;21.84
13/07/2025 21:00;21.9
13/07/2025 21:15;21.83
13/07/2025 21:30;21.88
13/07/2025 21:45;21.87
13/07/2025 22:00;21.88
13/07/2025 22:15;21.88
13/07/2025 22:30;21.87
13/07/2025 22:45;21.91
13/07/2025 23:00;21.86
13/07/2025 23:15;21.91
13/07/2025 23:30;21.89
13/07/2025 23:45;21.89
14/07/2025 00:00;21.92
14/07/2025 00:15;21.93
14/07/2025 00:30;21.96
14/07/2025 00:45;21.99
14/07/2025 01:00;21.93
14/07/2025 01:15;21.98
14/07/2025 01:30;21.95
14/07/2025 01:45;21.96
14/07/2025 02:00;21.96
14/07/2025 02:15;21.95
14/07/2025 02:30;21.97
14/07/2025 02:45;21.99
14/07/2025 03:00;21.94
14/07/2025 03:15;22.02
14/07/2025 03:30;21.98
14/07/2025 03:45;21.96
14/07/2025 04:00;21.94
14/07/2025 04:15;21.99
14/07/2025 04:30;21.96
14/07/2025 04:45;21.98
14/07/2025 05:00;21.99
14/07/2025 05:15;21.98
14/07/2025 05:30;22
14/07/2025 05:45;22
14/07/2025 06:00;21.99
14/07/2025 06:15;21.95
14/07/2025 06:30;21.97
14/07/2025 06:45;22.02
14/07/2025 07:00;21.96
14/07/2025 07:15;21.97
14/07/2025 07:30;21.98
14/07/2025 07:45;21.97
14/07/2025 08:00;22
14/07/2025 08:15;22.01
14/07/2025 08:30;21.99
14/07/2025 08:45;22
14/07/2025 09:00;21.97
14/07/2025 09:15;21.97
14/07/2025 09:30;21.95
14/07/2025 09:45;23.55
14/07/2025 10:00;24.13
14/07/2025 10:15;24.26
14/07/2025 10:30;24.38
14/07/2025 10:45;24.37
14/07/2025 11:00;24.41
14/07/2025 11:15;24.47
14/07/2025 11:30;24.5
14/07/2025 11:45;24.52
14/07/2025 12:00;24.46
14/07/2025 12:15;24.48
14/07/2025 12:30;24.47
14/07/2025 12:45;24.47
14/07/2025 13:00;24.45
14/07/2025 13:15;24.44
14/07/2025 13:30;24.45
14/07/2025 13:45;24.43
14/07/2025 14:00;24.42
14/07/2025 14:15;24.43
14/07/2025 14:30;24.46
14/07/2025 14:45;24.46
14/07/2025 15:00;24.45
14/07/2025 15:15;24.4
14/07/2025 15:30;24.42
14/07/2025 15:45;24.45
14/07/2025 16:00;24.38
14/07/2025 16:15;24.43
14/07/2025 16:30;24.45
14/07/2025 16:45;24.4
14/07/2025 17:00;24.42
14/07/2025 17:15;24.46
14/07/2025 17:30;24.41
14/07/2025 17:45;24.39
14/07/2025 18:00;24.43
14/07/2025 18:15;24.43
14/07/2025 18:30;24.43
14/07/2025 18:45;24.44
14/07/2025 19:00;24.5
14/07/2025 19:15;24.47
14/07/2025 19:30;24.45
14/07/2025 19:45;24.46
14/07/2025 20:00;24.47
14/07/2025 20:15;24.46
14/07/2025 20:30;24.46
14/07/2025 20:45;24.39
14/07/2025 21:00;24.43
14/07/2025 21:15;24.47
14/07/2025 21:30;24.43
14/07/2025 21:45;24.43
14/07/2025 22:00;24.39
14/07/2025 22:15;24.59
14/07/2025 22:30;25.38
14/07/2025 22:45;25.53
14/07/2025 23:00;25.56
14/07/2025 23:15;25.64
14/07/2025 23:30;25.66
14/07/2025 23:45;25.68
15/07/2025 00:00;25.7
15/07/2025 00:15;25.7
15/07/2025 00:30;25.69
15/07/2025 00:45;25.68
15/07/2025 01:00;25.68
15/07/2025 01:15;25.7
15/07/2025 01:30;25.7
15/07/2025 01:45;25.66
15/07/2025 02:00;25.65
15/07/2025 02:15;25.67
15/07/2025 02:30;25.67
15/07/2025 02:45;25.68
15/07/2025 03:00;25.69
15/07/2025 03:15;25.66
15/07/2025 03:30;25.69
15/07/2025 03:45;25.67
15/07/2025 04:00;25.68
15/07/2025 04:15;25.65
15/07/2025 04:30;25.64
15/07/2025 04:45;25.69
15/07/2025 05:00;25.68
15/07/2025 05:15;25.64
15/07/2025 05:30;25.67
15/07/2025 05:45;25.66
15/07/2025 06:00;25.67
15/07/2025 06:15;25.64
15/07/2025 06:30;25.62
15/07/2025 06:45;25.66
15/07/2025 07:00;25.65
15/07/2025 07:15;25.63
15/07/2025 07:30;25.65
15/07/2025 07:45;25.62
15/07/2025 08:00;25.65
15/07/2025 08:15;25.64
15/07/2025 08:30;25.66
15/07/2025 08:45;25.65
15/07/2025 09:00;25.66
15/07/2025 09:15;25.63
15/07/2025 09:30;26.15
15/07/2025 09:45;27.9
15/07/2025 10:00;27.91
15/07/2025 10:15;28.13
15/07/2025 10:30;28.13
15/07/2025 10:45;28.49
15/07/2025 11:00;28.66
15/07/2025 11:15;28.63
15/07/2025 11:30;28.63
15/07/2025 11:45;28.62
15/07/2025 12:00;28.69
15/07/2025 12:15;28.63
15/07/2025 12:30;28.62
15/07/2025 12:45;28.63
15/07/2025 13:00;28.65
15/07/2025 13:15;28.62
15/07/2025 13:30;28.65
15/07/2025 13:45;28.56
15/07/2025 14:00;28.66
15/07/2025 14:15;28.64
15/07/2025 14:30;28.58
15/07/2025 14:45;28.6
15/07/2025 15:00;28.61
15/07/2025 15:15;28.61
15/07/2025 15:30;28.6
15/07/2025 15:45;28.64
15/07/2025 16:00;28.6
15/07/2025 16:15;28.53
15/07/2025 16:30;28.64
15/07/2025 16:45;28.62
15/07/2025 17:00;28.59
15/07/2025 17:15;28.55
15/07/2025 17:30;28.63
15/07/2025 17:45;28.65
15/07/2025 18:00;28.62
15/07/2025 18:15;28.6
15/07/2025 18:30;28.62
15/07/2025 18:45;28.61
15/07/2025 19:00;28.63
15/07/2025 19:15;28.57
15/07/2025 19:30;28.64
15/07/2025 19:45;28.55
15/07/2025 20:00;28.6
15/07/2025 20:15;28.57
15/07/2025 20:30;28.59
15/07/2025 20:45;28.62
15/07/2025 21:00;28.58
15/07/2025 21:15;28.58
15/07/2025 21:30;28.57
15/07/2025 21:45;28.59
15/07/2025 22:00;28.57
15/07/2025 22:15;29.81
15/07/2025 22:30;30.9
15/07/2025 22:45;31.1
15/07/2025 23:00;31.2
15/07/2025 23:15;31.21
15/07/2025 23:30;31.28
15/07/2025 23:45;31.31
16/07/2025 00:00;31.29
16/07/2025 00:15;31.32
16/07/2025 00:30;31.27
16/07/2025 00:45;31.23
16/07/2025 01:00;31.22
16/07/2025 01:15;31.24
16/07/2025 01:30;31.22
16/07/2025 01:45;31.27
16/07/2025 02:00;31.22
16/07/2025 02:15;31.29
16/07/2025 02:30;31.2
16/07/2025 02:45;31.2
16/07/2025 03:00;31.27
16/07/2025 03:15;31.22
16/07/2025 03:30;31.23
16/07/2025 03:45;31.21
16/07/2025 04:00;31.21
16/07/2025 04:15;31.14
16/07/2025 04:30;31.18
16/07/2025 04:45;31.2
16/07/2025 05:00;31.24
16/07/2025 05:15;31.2
16/07/2025 05:30;31.2
16/07/2025 05:45;31.21
16/07/2025 06:00;31.24
16/07/2025 06:15;31.24
16/07/2025 06:30;31.14
16/07/2025 06:45;31.16
16/07/2025 07:00;31.14
16/07/2025 07:15;31.13
16/07/2025 07:30;31.14
16/07/2025 07:45;31.19
16/07/2025 08:00;31.12
16/07/2025 08:15;31.14
16/07/2025 08:30;31.21
16/07/2025 08:45;31.08
16/07/2025 09:00;31.1
16/07/2025 09:15;31.08
16/07/2025 09:30;31.15
16/07/2025 09:45;31.16
16/07/2025 10:00;31.15
16/07/2025 10:15;31.08
16/07/2025 10:30;31.15
16/07/2025 10:45;31.15
16/07/2025 11:00;31.16
16/07/2025 11:15;31.14
16/07/2025 11:30;31.13
16/07/2025 11:45;31.09
16/07/2025 12:00;31.2
16/07/2025 12:15;31.16
16/07/2025 12:30;31.13
16/07/2025 12:45;31.18
16/07/2025 13:00;31.16
16/07/2025 13:15;31.14
16/07/2025 13:30;31.13
16/07/2025 13:45;31.13
16/07/2025 14:00;31.17
16/07/2025 14:15;31.14
16/07/2025 14:30;31.2
16/07/2025 14:45;31.15
16/07/2025 15:00;31.11
16/07/2025 15:15;31.16
16/07/2025 15:30;31.09
16/07/2025 15:45;31.12
16/07/2025 16:00;31.11
16/07/2025 16:15;31.05
16/07/2025 16:30;31.11
16/07/2025 16:45;31.14
16/07/2025 17:00;31.08
16/07/2025 17:15;31.1
16/07/2025 17:30;31.1
16/07/2025 17:45;31.12
16/07/2025 18:00;31.15
16/07/2025 18:15;31.16
16/07/2025 18:30;31.1
16/07/2025 18:45;31.19
16/07/2025 19:00;31.15
16/07/2025 19:15;31.13
16/07/2025 19:30;31.16
16/07/2025 19:45;31.19
16/07/2025 20:00;31.14
16/07/2025 20:15;31.12
16/07/2025 20:30;31.11
16/07/2025 20:45;31.11
16/07/2025 21:00;31.07
16/07/2025 21:15;31.07
16/07/2025 21:30;31.05
16/07/2025 21:45;31.02
16/07/2025 22:00;31.1
16/07/2025 22:15;33.89
16/07/2025 22:30;35.21
16/07/2025 22:45;35.49
16/07/2025 23:00;35.62
16/07/2025 23:15;35.62
16/07/2025 23:30;35.66
16/07/2025 23:45;35.68
17/07/2025 00:00;35.73
17/07/2025 00:15;35.75
17/07/2025 00:30;35.75
17/07/2025 00:45;35.81
17/07/2025 01:00;35.75
17/07/2025 01:15;35.72
17/07/2025 01:30;35.65
17/07/2025 01:45;35.72
17/07/2025 02:00;35.7
17/07/2025 02:15;35.65
17/07/2025 02:30;35.7
17/07/2025 02:45;35.68
17/07/2025 03:00;35.56
17/07/2025 03:15;35.63
17/07/2025 03:30;35.66
17/07/2025 03:45;35.72
17/07/2025 04:00;35.68
17/07/2025 04:15;35.71
17/07/2025 04:30;35.62
17/07/2025 04:45;35.64
17/07/2025 05:00;35.62
17/07/2025 05:15;35.66
17/07/2025 05:30;35.59
17/07/2025 05:45;35.65
17/07/2025 06:00;35.62
17/07/2025 06:15;35.63
17/07/2025 06:30;35.62
17/07/2025 06:45;35.59
17/07/2025 07:00;35.53
17/07/2025 07:15;35.59
17/07/2025 07:30;35.65
17/07/2025 07:45;35.62
17/07/2025 08:00;35.61
17/07/2025 08:15;35.56
17/07/2025 08:30;35.59
17/07/2025 08:45;35.56
17/07/2025 09:00;35.58
17/07/2025 09:15;35.72
17/07/2025 09:30;36.66
17/07/2025 09:45;36.81
17/07/2025 10:00;36.96
17/07/2025 10:15;36.98
17/07/2025 10:30;37.03
17/07/2025 10:45;37.05
17/07/2025 11:00;36.99
17/07/2025 11:15;37
17/07/2025 11:30;37.02
17/07/2025 11:45;36.97
17/07/2025 12:00;36.95
17/07/2025 12:15;37.02
17/07/2025 12:30;36.91
17/07/2025 12:45;36.89
17/07/2025 13:00;36.87
17/07/2025 13:15;36.91
17/07/2025 13:30;36.93
17/07/2025 13:45;36.91
17/07/2025 14:00;37.43
17/07/2025 14:15;37.46
17/07/2025 14:30;37.53
17/07/2025 14:45;37.58
17/07/2025 15:00;37.58
17/07/2025 15:15;37.54
17/07/2025 15:30;37.59
17/07/2025 15:45;37.55
17/07/2025 16:00;37.59
17/07/2025 16:15;37.63
17/07/2025 16:30;37.53
17/07/2025 16:45;37.5
17/07/2025 17:00;37.5
17/07/2025 17:15;37.45
17/07/2025 17:30;37.53
17/07/2025 17:45;37.55
17/07/2025 18:00;37.49
17/07/2025 18:15;37.57
17/07/2025 18:30;37.53
17/07/2025 18:45;37.58
17/07/2025 19:00;37.59
17/07/2025 19:15;37.61
17/07/2025 19:30;37.55
17/07/2025 19:45;37.58
17/07/2025 20:00;37.5
17/07/2025 20:15;37.58
17/07/2025 20:30;37.5
17/07/2025 20:45;37.49
17/07/2025 21:00;37.5
17/07/2025 21:15;37.49
17/07/2025 21:30;37.41
17/07/2025 21:45;37.46
17/07/2025 22:00;37.49
17/07/2025 22:15;37.41
17/07/2025 22:30;37.5
17/07/2025 22:45;37.45
17/07/2025 23:00;37.43
17/07/2025 23:15;37.5
17/07/2025 23:30;37.5
17/07/2025 23:45;37.41
18/07/2025 00:00;37.4
18/07/2025 00:15;37.46
18/07/2025 00:30;37.4
18/07/2025 00:45;37.55
18/07/2025 01:00;37.5
18/07/2025 01:15;37.54
18/07/2025 01:30;37.49
18/07/2025 01:45;37.61
18/07/2025 02:00;37.56
18/07/2025 02:15;37.52
18/07/2025 02:30;37.46
18/07/2025 02:45;37.43
18/07/2025 03:00;37.5
18/07/2025 03:15;37.48
18/07/2025 03:30;37.43
18/07/2025 03:45;37.52
18/07/2025 04:00;37.41
18/07/2025 04:15;37.41
18/07/2025 04:30;37.49
18/07/2025 04:45;37.5
18/07/2025 05:00;37.43
18/07/2025 05:15;37.46
18/07/2025 05:30;37.47
18/07/2025 05:45;37.41
18/07/2025 06:00;37.37
18/07/2025 06:15;37.37
18/07/2025 06:30;37.49
18/07/2025 06:45;37.43
18/07/2025 07:00;37.41
18/07/2025 07:15;37.38
18/07/2025 07:30;37.34
18/07/2025 07:45;37.39
18/07/2025 08:00;37.38
18/07/2025 08:15;37.4
18/07/2025 08:30;37.36
18/07/2025 08:45;37.38
18/07/2025 09:00;37.36
18/07/2025 09:15;37.4
18/07/2025 09:30;37.36
18/07/2025 09:45;37.39
18/07/2025 10:00;37.07
18/07/2025 10:15;36.5
18/07/2025 10:30;36.46
18/07/2025 10:45;36.33
18/07/2025 11:00;36.33
18/07/2025 11:15;36.29
18/07/2025 11:30;36.27
18/07/2025 11:45;36.34
18/07/2025 12:00;36.34
18/07/2025 12:15;36.37
18/07/2025 12:30;36.34
18/07/2025 12:45;36.24
18/07/2025 13:00;36.23
18/07/2025 13:15;36.31
18/07/2025 13:30;36.34
18/07/2025 13:45;36.31
18/07/2025 14:00;36.28
18/07/2025 14:15;36.31
18/07/2025 14:30;36.24
18/07/2025 14:45;36.23
18/07/2025 15:00;36.31
18/07/2025 15:15;36.25
18/07/2025 15:30;36.25
18/07/2025 15:45;36.27
18/07/2025 16:00;36.28
18/07/2025 16:15;36.29
18/07/2025 16:30;36.21
18/07/2025 16:45;36.27
18/07/2025 17:00;36.23
18/07/2025 17:15;36.27
18/07/2025 17:30;36.24
18/07/2025 17:45;36.24
18/07/2025 18:00;36.16
18/07/2025 18:15;36.3
18/07/2025 18:30;36.21
18/07/2025 18:45;36.18
18/07/2025 19:00;36.22
18/07/2025 19:15;36.22
18/07/2025 19:30;36.13
18/07/2025 19:45;36.12
18/07/2025 20:00;36.25
18/07/2025 20:15;36.18
18/07/2025 20:30;36.18
18/07/2025 20:45;36.25
18/07/2025 21:00;36.2
18/07/2025 21:15;36.16
18/07/2025 21:30;36.22
18/07/2025 21:45;36.2
18/07/2025 22:00;36.18
18/07/2025 22:15;36.18
18/07/2025 22:30;36.18
18/07/2025 22:45;36.18
18/07/2025 23:00;36.2
18/07/2025 23:15;36.3
18/07/2025 23:30;36.22
18/07/2025 23:45;36.16
19/07/2025 00:00;36.18
19/07/2025 00:15;36.16
19/07/2025 00:30;36.18
19/07/2025 00:45;36.16
19/07/2025 01:00;36.16
19/07/2025 01:15;36.16
19/07/2025 01:30;36.14
19/07/2025 01:45;36.14
19/07/2025 02:00;36.14
19/07/2025 02:15;36.12
19/07/2025 02:30;36.15
19/07/2025 02:45;36.18
19/07/2025 03:00;36.14
19/07/2025 03:15;36.18
19/07/2025 03:30;36.16
19/07/2025 03:45;36.14
19/07/2025 04:00;36.14
19/07/2025 04:15;36.15
19/07/2025 04:30;36.18
19/07/2025 04:45;36.18
19/07/2025 05:00;36.09
19/07/2025 05:15;36.15
19/07/2025 05:30;36.13
19/07/2025 05:45;36.09
19/07/2025 06:00;36.14
19/07/2025 06:15;36.04
19/07/2025 06:30;36.06
19/07/2025 06:45;36.09
19/07/2025 07:00;36.16
19/07/2025 07:15;36.16
19/07/2025 07:30;36.15
19/07/2025 07:45;36.06
19/07/2025 08:00;36.12
19/07/2025 08:15;36.07
19/07/2025 08:30;36.08
19/07/2025 08:45;36.13
19/07/2025 09:00;36.08
19/07/2025 09:15;36.06
19/07/2025 09:30;36.12
19/07/2025 09:45;36.09
19/07/2025 10:00;36.03
19/07/2025 10:15;36.12
19/07/2025 10:30;36.06
19/07/2025 10:45;36.07
19/07/2025 11:00;36.09
19/07/2025 11:15;36.09
19/07/2025 11:30;36.04
19/07/2025 11:45;36.04
19/07/2025 12:00;36.03
19/07/2025 12:15;36.05
19/07/2025 12:30;36.09
19/07/2025 12:45;35.99
19/07/2025 13:00;36
19/07/2025 13:15;36.02
19/07/2025 13:30;36.04
19/07/2025 13:45;36.04
19/07/2025 14:00;36.05
19/07/2025 14:15;35.91
19/07/2025 14:30;35.96
19/07/2025 14:45;36.02
19/07/2025 15:00;36.07
19/07/2025 15:15;35.99
19/07/2025 15:30;36.04
19/07/2025 15:45;36.03
19/07/2025 16:00;35.97
19/07/2025 16:15;36.03
19/07/2025 16:30;36.07
19/07/2025 16:45;36.03
19/07/2025 17:00;36
19/07/2025 17:15;36
19/07/2025 17:30;36
19/07/2025 17:45;36.07
19/07/2025 18:00;36.05
19/07/2025 18:15;36.03
19/07/2025 18:30;36.06
19/07/2025 18:45;36.05
19/07/2025 19:00;36
19/07/2025 19:15;36.02
19/07/2025 19:30;35.98
19/07/2025 19:45;36.04
19/07/2025 20:00;36.03
19/07/2025 20:15;35.96
19/07/2025 20:30;35.93
19/07/2025 20:45;35.93
19/07/2025 21:00;35.93
19/07/2025 21:15;35.93
19/07/2025 21:30;35.93
19/07/2025 21:45;35.96
19/07/2025 22:00;35.93
19/07/2025 22:15;35.96
19/07/2025 22:30;35.99
19/07/2025 22:45;35.95
19/07/2025 23:00;35.88
19/07/2025 23:15;35.96
19/07/2025 23:30;35.93
19/07/2025 23:45;35.99
20/07/2025 00:00;35.97
20/07/2025 00:15;35.93
20/07/2025 00:30;35.98
20/07/2025 00:45;35.99
20/07/2025 01:00;35.98
20/07/2025 01:15;36.03
20/07/2025 01:30;35.91
20/07/2025 01:45;36.02
20/07/2025 02:00;35.97
20/07/2025 02:15;35.89
20/07/2025 02:30;36.02
20/07/2025 02:45;35.98
20/07/2025 03:00;35.91
20/07/2025 03:15;35.93
20/07/2025 03:30;35.91
20/07/2025 03:45;35.91
20/07/2025 04:00;35.99
20/07/2025 04:15;36.02
20/07/2025 04:30;35.91
20/07/2025 04:45;35.95
20/07/2025 05:00;35.89
20/07/2025 05:15;35.93
20/07/2025 05:30;35.9
20/07/2025 05:45;35.95
20/07/2025 06:00;35.96
20/07/2025 06:15;35.99
20/07/2025 06:30;35.99
20/07/2025 06:45;35.91
20/07/2025 07:00;35.81
20/07/2025 07:15;35.93
20/07/2025 07:30;35.93
20/07/2025 07:45;35.97
20/07/2025 08:00;35.86
20/07/2025 08:15;35.9
20/07/2025 08:30;35.91
20/07/2025 08:45;35.96
20/07/2025 09:00;36
20/07/2025 09:15;35.88
20/07/2025 09:30;35.91
20/07/2025 09:45;35.96
20/07/2025 10:00;35.87
20/07/2025 10:15;35.91
20/07/2025 10:30;35.91
20/07/2025 10:45;35.84
20/07/2025 11:00;35.95
20/07/2025 11:15;35.93
20/07/2025 11:30;35.91
20/07/2025 11:45;35.9
20/07/2025 12:00;35.87
20/07/2025 12:15;35.83
20/07/2025 12:30;35.81
20/07/2025 12:45;35.88
20/07/2025 13:00;35.83
20/07/2025 13:15;35.87
20/07/2025 13:30;35.83
20/07/2025 13:45;35.83
20/07/2025 14:00;35.8
20/07/2025 14:15;35.7
20/07/2025 14:30;35.81
20/07/2025 14:45;35.86
20/07/2025 15:00;35.8
20/07/2025 15:15;35.83
20/07/2025 15:30;35.89
20/07/2025 15:45;35.82
20/07/2025 16:00;35.83
20/07/2025 16:15;35.81
20/07/2025 16:30;35.84
20/07/2025 16:45;35.89
20/07/2025 17:00;35.82
20/07/2025 17:15;35.87
20/07/2025 17:30;35.84
20/07/2025 17:45;35.89
20/07/2025 18:00;35.8
20/07/2025 18:15;35.84
20/07/2025 18:30;35.84
20/07/2025 18:45;35.84
20/07/2025 19:00;35.84
20/07/2025 19:15;35.79
20/07/2025 19:30;35.73
20/07/2025 19:45;35.82
20/07/2025 20:00;35.81
20/07/2025 20:15;35.83
20/07/2025 20:30;35.8
20/07/2025 20:45;35.83
20/07/2025 21:00;35.87
20/07/2025 21:15;35.8
20/07/2025 21:30;35.81
20/07/2025 21:45;35.83
20/07/2025 22:00;35.8
20/07/2025 22:15;37.16
20/07/2025 22:30;38
20/07/2025 22:45;38.22
20/07/2025 23:00;38.2
20/07/2025 23:15;38.3
20/07/2025 23:30;38.23
20/07/2025 23:45;38.23
21/07/2025 00:00;38.27
21/07/2025 00:15;38.25
21/07/2025 00:30;38.18
21/07/2025 00:45;38.24
21/07/2025 01:00;38.25
21/07/2025 01:15;38.14
21/07/2025 01:30;38.27
21/07/2025 01:45;38.18
21/07/2025 02:00;38.18
21/07/2025 02:15;38.14
21/07/2025 02:30;38.21
21/07/2025 02:45;38.16
21/07/2025 03:00;38.22
21/07/2025 03:15;38.14
21/07/2025 03:30;38.15
21/07/2025 03:45;38.23
21/07/2025 04:00;38.23
21/07/2025 04:15;38.18
21/07/2025 04:30;38.15
21/07/2025 04:45;38.16
21/07/2025 05:00;38.22
21/07/2025 05:15;38.13
21/07/2025 05:30;38.15
21/07/2025 05:45;38.11
21/07/2025 06:00;38.08
21/07/2025 06:15;38.07
21/07/2025 06:30;38.14
21/07/2025 06:45;38.11
21/07/2025 07:00;38.08
21/07/2025 07:15;38.13
21/07/2025 07:30;38.16
21/07/2025 07:45;38.09
21/07/2025 08:00;38.05
21/07/2025 08:15;38.07
21/07/2025 08:30;38
21/07/2025 08:45;38.12
21/07/2025 09:00;38.04
21/07/2025 09:15;38.03
21/07/2025 09:30;38
21/07/2025 09:45;38.04
21/07/2025 10:00;38.08
21/07/2025 10:15;38.09
21/07/2025 10:30;38
21/07/2025 10:45;37.93
21/07/2025 11:00;38.04
21/07/2025 11:15;37.98
21/07/2025 11:30;38.06
21/07/2025 11:45;38.11
21/07/2025 12:00;37.99
21/07/2025 12:15;38
21/07/2025 12:30;38.07
21/07/2025 12:45;38.08
21/07/2025 13:00;38.04
21/07/2025 13:15;38.03
21/07/2025 13:30;38.03
21/07/2025 13:45;38.08
21/07/2025 14:00;38.07
21/07/2025 14:15;38.11
21/07/2025 14:30;38.11
21/07/2025 14:45;38.05
21/07/2025 15:00;38.05
21/07/2025 15:15;38.11
21/07/2025 15:30;38.11
21/07/2025 15:45;38.06
21/07/2025 16:00;38.06
21/07/2025 16:15;38.09
21/07/2025 16:30;38.11
21/07/2025 16:45;38.03
21/07/2025 17:00;38.04
21/07/2025 17:15;38.06
21/07/2025 17:30;38.12
21/07/2025 17:45;38.07
21/07/2025 18:00;38.09
21/07/2025 18:15;38.02
21/07/2025 18:30;38.02
21/07/2025 18:45;38.04
21/07/2025 19:00;38.07
21/07/2025 19:15;38.09
21/07/2025 19:30;38
21/07/2025 19:45;38.02
21/07/2025 20:00;38.05
21/07/2025 20:15;38.02
21/07/2025 20:30;37.99
21/07/2025 20:45;38.07
21/07/2025 21:00;38.02
21/07/2025 21:15;38.08
21/07/2025 21:30;37.23
21/07/2025 21:45;37.18
21/07/2025 22:00;37.16
21/07/2025 22:15;37
21/07/2025 22:30;36.99
21/07/2025 22:45;36.97
21/07/2025 23:00;36.99
21/07/2025 23:15;36.99
21/07/2025 23:30;36.99
21/07/2025 23:45;37.02
22/07/2025 00:00;37
22/07/2025 00:15;36.96
22/07/2025 00:30;37
22/07/2025 00:45;36.95
22/07/2025 01:00;36.91
22/07/2025 01:15;36.99
22/07/2025 01:30;37.03
22/07/2025 01:45;37
22/07/2025 02:00;36.99
22/07/2025 02:15;36.96
22/07/2025 02:30;36.91
22/07/2025 02:45;36.87
22/07/2025 03:00;36.89
22/07/2025 03:15;36.88
22/07/2025 03:30;36.82
22/07/2025 03:45;36.91
22/07/2025 04:00;36.95
22/07/2025 04:15;36.89
22/07/2025 04:30;36.88
22/07/2025 04:45;36.84
22/07/2025 05:00;36.83
22/07/2025 05:15;36.82
22/07/2025 05:30;36.83
22/07/2025 05:45;36.84
22/07/2025 06:00;36.83
22/07/2025 06:15;36.86
22/07/2025 06:30;36.84
22/07/2025 06:45;36.82
22/07/2025 07:00;36.83
22/07/2025 07:15;36.86
22/07/2025 07:30;36.96
22/07/2025 07:45;37.11
22/07/2025 08:00;37.09
22/07/2025 08:15;37.14
22/07/2025 08:30;37.16
22/07/2025 08:45;37.06
22/07/2025 09:00;37.14
22/07/2025 09:15;37.09
22/07/2025 09:30;37.18
22/07/2025 09:45;37.15
22/07/2025 10:00;37.13
22/07/2025 10:15;37.04
22/07/2025 10:30;37.09
22/07/2025 10:45;37.08
22/07/2025 11:00;37.07
22/07/2025 11:15;37.04
22/07/2025 11:30;37.16
22/07/2025 11:45;37.09
22/07/2025 12:00;37.09
22/07/2025 12:15;37.2
22/07/2025 12:30;37.12
22/07/2025 12:45;37.11
22/07/2025 13:00;37.14
22/07/2025 13:15;37.06
22/07/2025 13:30;37.12
22/07/2025 13:45;37.09
22/07/2025 14:00;37.18
22/07/2025 14:15;37.07
22/07/2025 14:30;37.07
22/07/2025 14:45;37.06
22/07/2025 15:00;37.16
22/07/2025 15:15;37.16
22/07/2025 15:30;37.11
22/07/2025 15:45;37.04
22/07/2025 16:00;37.07
22/07/2025 16:15;37.11
22/07/2025 16:30;37.13
22/07/2025 16:45;37.08
22/07/2025 17:00;37.15
22/07/2025 17:15;37.09
22/07/2025 17:30;37.09
22/07/2025 17:45;37.09
22/07/2025 18:00;37.07
22/07/2025 18:15;37.08
22/07/2025 18:30;37.18
22/07/2025 18:45;37.11
22/07/2025 19:00;37.15
22/07/2025 19:15;37.09
22/07/2025 19:30;37.09
22/07/2025 19:45;37.04
22/07/2025 20:00;37.03
22/07/2025 20:15;37.02
22/07/2025 20:30;37.08
22/07/2025 20:45;36.99
22/07/2025 21:00;37.13
22/07/2025 21:15;37.07
22/07/2025 21:30;37.04
22/07/2025 21:45;37.16
22/07/2025 22:00;37.09
22/07/2025 22:15;37.09
22/07/2025 22:30;38.66
22/07/2025 22:45;38.66
22/07/2025 23:00;38.71
22/07/2025 23:15;38.78
22/07/2025 23:30;38.75
22/07/2025 23:45;38.81
23/07/2025 00:00;38.81
23/07/2025 00:15;38.83
23/07/2025 00:30;38.75
23/07/2025 00:45;38.84
23/07/2025 01:00;38.8
23/07/2025 01:15;38.82
23/07/2025 01:30;38.71
23/07/2025 01:45;38.78
23/07/2025 02:00;38.73
23/07/2025 02:15;38.75
23/07/2025 02:30;38.79
23/07/2025 02:45;38.81
23/07/2025 03:00;38.78
23/07/2025 03:15;38.75
23/07/2025 03:30;38.79
23/07/2025 03:45;38.77
23/07/2025 04:00;38.82
23/07/2025 04:15;38.81
23/07/2025 04:30;38.73
23/07/2025 04:45;38.73
23/07/2025 05:00;38.74
23/07/2025 05:15;38.66
23/07/2025 05:30;38.75
23/07/2025 05:45;38.65
23/07/2025 06:00;38.68
23/07/2025 06:15;38.68
23/07/2025 06:30;38.78
23/07/2025 06:45;38.72
23/07/2025 07:00;38.74
23/07/2025 07:15;38.75
23/07/2025 07:30;38.71
23/07/2025 07:45;38.7
23/07/2025 08:00;38.75
23/07/2025 08:15;38.8
23/07/2025 08:30;38.75
23/07/2025 08:45;38.66
23/07/2025 09:00;38.74
23/07/2025 09:15;38.71
23/07/2025 09:30;38.66
23/07/2025 09:45;38.73
23/07/2025 10:00;38.7
23/07/2025 10:15;38.68
23/07/2025 10:30;38.66
23/07/2025 10:45;38.66
23/07/2025 11:00;38.68
23/07/2025 11:15;38.71
23/07/2025 11:30;38.68
23/07/2025 11:45;39.06
23/07/2025 12:00;38.79
23/07/2025 12:15;38.65
23/07/2025 12:30;38.5
23/07/2025 12:45;38.53
23/07/2025 13:00;38.58
23/07/2025 13:15;38.52
23/07/2025 13:30;38.5
23/07/2025 13:45;38.5
23/07/2025 14:00;38.5
23/07/2025 14:15;38.47
23/07/2025 14:30;38.39
23/07/2025 14:45;38.45
23/07/2025 15:00;38.5
23/07/2025 15:15;38.59
23/07/2025 15:30;38.5
23/07/2025 15:45;38.41
23/07/2025 16:00;38.49
23/07/2025 16:15;38.38
23/07/2025 16:30;38.39
23/07/2025 16:45;38.47
23/07/2025 17:00;38.47
23/07/2025 17:15;38.46
23/07/2025 17:30;38.43
23/07/2025 17:45;38.41
23/07/2025 18:00;38.43
23/07/2025 18:15;38.47
23/07/2025 18:30;38.38
23/07/2025 18:45;38.55
23/07/2025 19:00;38.45
23/07/2025 19:15;38.52
23/07/2025 19:30;38.53
23/07/2025 19:45;38.59
23/07/2025 20:00;38.55
23/07/2025 20:15;38.41
23/07/2025 20:30;38.5
23/07/2025 20:45;38.5
23/07/2025 21:00;38.54
23/07/2025 21:15;38.4
23/07/2025 21:30;38.48
23/07/2025 21:45;38.43
23/07/2025 22:00;38.36
23/07/2025 22:15;36.95
23/07/2025 22:30;36.84
23/07/2025 22:45;36.81
23/07/2025 23:00;36.68
23/07/2025 23:15;36.59
23/07/2025 23:30;36.62
23/07/2025 23:45;36.59
24/07/2025 00:00;36.5
24/07/2025 00:15;36.53
24/07/2025 00:30;36.43
24/07/2025 00:45;36.47
24/07/2025 01:00;36.56
24/07/2025 01:15;36.54
24/07/2025 01:30;36.57
24/07/2025 01:45;36.54
24/07/2025 02:00;36.59
24/07/2025 02:15;36.52
24/07/2025 02:30;36.5
24/07/2025 02:45;36.57
24/07/2025 03:00;36.48
24/07/2025 03:15;36.48
24/07/2025 03:30;36.5
24/07/2025 03:45;36.43
24/07/2025 04:00;36.43
24/07/2025 04:15;36.49
24/07/2025 04:30;36.43
24/07/2025 04:45;36.46
24/07/2025 05:00;36.43
24/07/2025 05:15;36.47
24/07/2025 05:30;36.45
24/07/2025 05:45;36.49
24/07/2025 06:00;36.5
24/07/2025 06:15;36.41
24/07/2025 06:30;36.41
24/07/2025 06:45;36.34
24/07/2025 07:00;36.43
24/07/2025 07:15;36.38
24/07/2025 07:30;36.48
24/07/2025 07:45;36.65
24/07/2025 08:00;36.71
24/07/2025 08:15;36.66
24/07/2025 08:30;36.73
24/07/2025 08:45;36.75
24/07/2025 09:00;36.79
24/07/2025 09:15;36.73
24/07/2025 09:30;36.73
24/07/2025 09:45;36.73
24/07/2025 10:00;36.65
24/07/2025 10:15;36.68
24/07/2025 10:30;36.64
24/07/2025 10:45;36.68
24/07/2025 11:00;36.73
24/07/2025 11:15;36.75
24/07/2025 11:30;36.71
24/07/2025 11:45;36.71
24/07/2025 12:00;36.7
24/07/2025 12:15;36.65
24/07/2025 12:30;36.68
24/07/2025 12:45;36.68
24/07/2025 13:00;36.68
24/07/2025 13:15;36.72
24/07/2025 13:30;36.75
24/07/2025 13:45;36.62
24/07/2025 14:00;36.61
24/07/2025 14:15;36.7
24/07/2025 14:30;36.71
24/07/2025 14:45;36.77
24/07/2025 15:00;36.75
24/07/2025 15:15;36.73
24/07/2025 15:30;36.66
24/07/2025 15:45;36.74
24/07/2025 16:00;36.75
24/07/2025 16:15;36.75
24/07/2025 16:30;36.75
24/07/2025 16:45;36.77
24/07/2025 17:00;36.7
24/07/2025 17:15;36.75
24/07/2025 17:30;36.74
24/07/2025 17:45;36.78
24/07/2025 18:00;36.68
24/07/2025 18:15;36.68
24/07/2025 18:30;36.68
24/07/2025 18:45;36.68
24/07/2025 19:00;36.73
24/07/2025 19:15;36.72
24/07/2025 19:30;36.61
24/07/2025 19:45;36.66
24/07/2025 20:00;36.66
24/07/2025 20:15;36.68
24/07/2025 20:30;36.73
24/07/2025 20:45;36.63
24/07/2025 21:00;36.75
24/07/2025 21:15;36.72
24/07/2025 21:30;36.65
24/07/2025 21:45;36.74
24/07/2025 22:00;36.59
24/07/2025 22:15;36.73
24/07/2025 22:30;36.64
24/07/2025 22:45;36.75
24/07/2025 23:00;36.75
24/07/2025 23:15;36.64
24/07/2025 23:30;36.68
24/07/2025 23:45;36.7
25/07/2025 00:00;36.5
25/07/2025 00:15;36.61
25/07/2025 00:30;36.62
25/07/2025 00:45;36.64
25/07/2025 01:00;36.55
25/07/2025 01:15;36.59
25/07/2025 01:30;36.66
25/07/2025 01:45;36.58
25/07/2025 02:00;36.45
25/07/2025 02:15;36.58
25/07/2025 02:30;36.57
25/07/2025 02:45;36.57
25/07/2025 03:00;36.56
25/07/2025 03:15;36.59
25/07/2025 03:30;36.55
25/07/2025 03:45;36.53
25/07/2025 04:00;36.56
25/07/2025 04:15;36.49
25/07/2025 04:30;36.56
25/07/2025 04:45;36.57
25/07/2025 05:00;36.56
25/07/2025 05:15;36.62
25/07/2025 05:30;36.53
25/07/2025 05:45;36.55
25/07/2025 06:00;36.53
25/07/2025 06:15;36.49
25/07/2025 06:30;36.56
25/07/2025 06:45;36.47
25/07/2025 07:00;36.55
25/07/2025 07:15;36.54
25/07/2025 07:30;36.5
25/07/2025 07:45;36.5
25/07/2025 08:00;36.55
25/07/2025 08:15;36.58
25/07/2025 08:30;36.52
25/07/2025 08:45;36.48
25/07/2025 09:00;36.5
25/07/2025 09:15;36.48
25/07/2025 09:30;36.53
25/07/2025 09:45;36.55
25/07/2025 10:00;35.38
25/07/2025 10:15;33.52
25/07/2025 10:30;33.25
25/07/2025 10:45;33.2
25/07/2025 11:00;33.11
25/07/2025 11:15;33.13
25/07/2025 11:30;33.15
25/07/2025 11:45;33.14
25/07/2025 12:00;33.13
25/07/2025 12:15;32.99
25/07/2025 12:30;33.06
25/07/2025 12:45;32.95
25/07/2025 13:00;33
25/07/2025 13:15;32.95
25/07/2025 13:30;33
25/07/2025 13:45;33
25/07/2025 14:00;33.05
25/07/2025 14:15;33.04
25/07/2025 14:30;32.98
25/07/2025 14:45;33.02
25/07/2025 15:00;33
25/07/2025 15:15;33.03
25/07/2025 15:30;33
25/07/2025 15:45;33
25/07/2025 16:00;33
25/07/2025 16:15;32.99
25/07/2025 16:30;32.98
25/07/2025 16:45;32.93
25/07/2025 17:00;32.93
25/07/2025 17:15;33.06
25/07/2025 17:30;32.96
25/07/2025 17:45;32.9
25/07/2025 18:00;32.99
25/07/2025 18:15;32.98
25/07/2025 18:30;33.02
25/07/2025 18:45;33.03
25/07/2025 19:00;32.93
25/07/2025 19:15;32.97
25/07/2025 19:30;32.93
25/07/2025 19:45;32.93
25/07/2025 20:00;32.99
25/07/2025 20:15;33.02
25/07/2025 20:30;32.93
25/07/2025 20:45;32.93
25/07/2025 21:00;32.93
25/07/2025 21:15;32.08
25/07/2025 21:30;31.34
25/07/2025 21:45;31.2
25/07/2025 22:00;31.19
25/07/2025 22:15;31.24
25/07/2025 22:30;31.23
25/07/2025 22:45;31.29
25/07/2025 23:00;31.22
25/07/2025 23:15;31.21
25/07/2025 23:30;31.14
25/07/2025 23:45;31.18
26/07/2025 00:00;31.22
26/07/2025 00:15;31.14
26/07/2025 00:30;31.22
26/07/2025 00:45;31.18
26/07/2025 01:00;31.18
26/07/2025 01:15;31.16
26/07/2025 01:30;31.25
26/07/2025 01:45;31.19
26/07/2025 02:00;31.25
26/07/2025 02:15;31.22
26/07/2025 02:30;31.15
26/07/2025 02:45;31.22
26/07/2025 03:00;31.18
26/07/2025 03:15;31.09
26/07/2025 03:30;31.14
26/07/2025 03:45;31.1
26/07/2025 04:00;31.05
26/07/2025 04:15;31.15
26/07/2025 04:30;31.19
26/07/2025 04:45;31.09
26/07/2025 05:00;31.17
26/07/2025 05:15;31.16
26/07/2025 05:30;31.13
26/07/2025 05:45;31.15
26/07/2025 06:00;31.08
26/07/2025 06:15;31.1
26/07/2025 06:30;31.1
26/07/2025 06:45;31.08
26/07/2025 07:00;31.14
26/07/2025 07:15;31.09
26/07/2025 07:30;31.07
26/07/2025 07:45;31.08
26/07/2025 08:00;31.08
26/07/2025 08:15;31.09
26/07/2025 08:30;31.03
26/07/2025 08:45;31.11
26/07/2025 09:00;31.04
26/07/2025 09:15;31.1
26/07/2025 09:30;31.06
26/07/2025 09:45;31.01
26/07/2025 10:00;31.08
26/07/2025 10:15;31.03
26/07/2025 10:30;31.04
26/07/2025 10:45;30.94
26/07/2025 11:00;31.01
26/07/2025 11:15;31.05
26/07/2025 11:30;31.01
26/07/2025 11:45;31
26/07/2025 12:00;31.04
26/07/2025 12:15;30.99
26/07/2025 12:30;31.07
26/07/2025 12:45;31.03
26/07/2025 13:00;31
26/07/2025 13:15;31.04
26/07/2025 13:30;31.04
26/07/2025 13:45;31.06
26/07/2025 14:00;31.04
26/07/2025 14:15;31.03
26/07/2025 14:30;31.19
26/07/2025 14:45;31.11
26/07/2025 15:00;31.08
26/07/2025 15:15;31.07
26/07/2025 15:30;31.04
26/07/2025 15:45;31.06
26/07/2025 16:00;31.12
26/07/2025 16:15;31.06
26/07/2025 16:30;31.13
26/07/2025 16:45;31.05
26/07/2025 17:00;31.06
26/07/2025 17:15;31.08
26/07/2025 17:30;31.03
26/07/2025 17:45;30.99
26/07/2025 18:00;31.07
26/07/2025 18:15;31.14
26/07/2025 18:30;31
26/07/2025 18:45;31.1
26/07/2025 19:00;31.03
26/07/2025 19:15;31.02
26/07/2025 19:30;31.05
26/07/2025 19:45;31.03
26/07/2025 20:00;31.04
26/07/2025 20:15;31.02
26/07/2025 20:30;31.05
26/07/2025 20:45;31.02
26/07/2025 21:00;31.13
26/07/2025 21:15;31.12
26/07/2025 21:30;31.08
26/07/2025 21:45;31.09
26/07/2025 22:00;31.13
26/07/2025 22:15;31.03
26/07/2025 22:30;31.05
26/07/2025 22:45;31.12
26/07/2025 23:00;31.09
26/07/2025 23:15;31.1
26/07/2025 23:30;31.01
26/07/2025 23:45;31
27/07/2025 00:00;31.03
27/07/2025 00:15;30.98
27/07/2025 00:30;31.03
27/07/2025 00:45;30.96
27/07/2025 01:00;31.04
27/07/2025 01:15;31.08
27/07/2025 01:30;31.05
27/07/2025 01:45;31.05
27/07/2025 02:00;31.02
27/07/2025 02:15;31.06
27/07/2025 02:30;30.99
27/07/2025 02:45;31.04
27/07/2025 03:00;31.02
27/07/2025 03:15;31
27/07/2025 03:30;31.01
27/07/2025 03:45;31.01
27/07/2025 04:00;30.98
27/07/2025 04:15;31
27/07/2025 04:30;30.92
27/07/2025 04:45;30.92
27/07/2025 05:00;30.96
27/07/2025 05:15;30.92
27/07/2025 05:30;30.97
27/07/2025 05:45;30.94
27/07/2025 06:00;30.94
27/07/2025 06:15;30.92
27/07/2025 06:30;30.88
27/07/2025 06:45;30.87
27/07/2025 07:00;30.88
27/07/2025 07:15;30.94
27/07/2025 07:30;30.91
27/07/2025 07:45;30.97
27/07/2025 08:00;30.93
27/07/2025 08:15;30.97
27/07/2025 08:30;30.95
27/07/2025 08:45;30.95
27/07/2025 09:00;30.96
27/07/2025 09:15;30.91
27/07/2025 09:30;30.89
27/07/2025 09:45;30.85
27/07/2025 10:00;30.93
27/07/2025 10:15;30.94
27/07/2025 10:30;30.94
27/07/2025 10:45;30.9
27/07/2025 11:00;30.87
27/07/2025 11:15;30.9
27/07/2025 11:30;30.89
27/07/2025 11:45;30.9
27/07/2025 12:00;30.83
27/07/2025 12:15;30.95
27/07/2025 12:30;30.91
27/07/2025 12:45;30.89
27/07/2025 13:00;30.95
27/07/2025 13:15;30.88
27/07/2025 13:30;30.94
27/07/2025 13:45;30.83
27/07/2025 14:00;30.88
27/07/2025 14:15;30.88
27/07/2025 14:30;30.86
27/07/2025 14:45;30.8
27/07/2025 15:00;30.88
27/07/2025 15:15;30.84
27/07/2025 15:30;30.82
27/07/2025 15:45;30.84
27/07/2025 16:00;30.92
27/07/2025 16:15;30.84
27/07/2025 16:30;30.9
27/07/2025 16:45;30.9
27/07/2025 17:00;30.91
27/07/2025 17:15;30.91
27/07/2025 17:30;30.9
27/07/2025 17:45;30.9
27/07/2025 18:00;30.82
27/07/2025 18:15;30.91
27/07/2025 18:30;30.8
27/07/2025 18:45;30.86
27/07/2025 19:00;30.83
27/07/2025 19:15;30.88
27/07/2025 19:30;30.86
27/07/2025 19:45;30.84
27/07/2025 20:00;30.86
27/07/2025 20:15;30.94
27/07/2025 20:30;30.87
27/07/2025 20:45;30.87
27/07/2025 21:00;30.96
27/07/2025 21:15;30.86
27/07/2025 21:30;30.91
27/07/2025 21:45;30.96
27/07/2025 22:00;31.6
27/07/2025 22:15;32.91
27/07/2025 22:30;33.09
27/07/2025 22:45;33.16
27/07/2025 23:00;33.23
27/07/2025 23:15;33.15
27/07/2025 23:30;33.22
27/07/2025 23:45;33.25
28/07/2025 00:00;33.25
28/07/2025 00:15;33.16
28/07/2025 00:30;33.11
28/07/2025 00:45;33.18
28/07/2025 01:00;33.16
28/07/2025 01:15;33.14
28/07/2025 01:30;33.18
28/07/2025 01:45;33.13
28/07/2025 02:00;33.09
28/07/2025 02:15;33.11
28/07/2025 02:30;33.13
28/07/2025 02:45;33.16
28/07/2025 03:00;33.12
28/07/2025 03:15;33.18
28/07/2025 03:30;33.18
28/07/2025 03:45;33.09
28/07/2025 04:00;33.12
28/07/2025 04:15;33.04
28/07/2025 04:30;33.09
28/07/2025 04:45;33.06
28/07/2025 05:00;33.03
28/07/2025 05:15;33.12
28/07/2025 05:30;33.16
28/07/2025 05:45;33.12
28/07/2025 06:00;33.07
28/07/2025 06:15;32.99
28/07/2025 06:30;33.03
28/07/2025 06:45;33.05
28/07/2025 07:00;33.03
28/07/2025 07:15;33.06
28/07/2025 07:30;32.97
28/07/2025 07:45;33
28/07/2025 08:00;33
28/07/2025 08:15;33.09
28/07/2025 08:30;33
28/07/2025 08:45;33.03
28/07/2025 09:00;33.06
28/07/2025 09:15;33
28/07/2025 09:30;32.95
28/07/2025 09:45;33.37
28/07/2025 10:00;34.68
28/07/2025 10:15;34.93
28/07/2025 10:30;35.09
28/07/2025 10:45;35.11
28/07/2025 11:00;35.15
28/07/2025 11:15;35.14
28/07/2025 11:30;35.16
28/07/2025 11:45;35.16
28/07/2025 12:00;35.21
28/07/2025 12:15;35.11
28/07/2025 12:30;35.11
28/07/2025 12:45;35.09
28/07/2025 13:00;35.11
28/07/2025 13:15;35.12
28/07/2025 13:30;35.16
28/07/2025 13:45;35.07
28/07/2025 14:00;35.13
28/07/2025 14:15;35.18
28/07/2025 14:30;35.07
28/07/2025 14:45;35.09
28/07/2025 15:00;35.06
28/07/2025 15:15;35.07
28/07/2025 15:30;35.06
28/07/2025 15:45;35.05
28/07/2025 16:00;35.06
28/07/2025 16:15;35.09
28/07/2025 16:30;35.06
28/07/2025 16:45;35.09
28/07/2025 17:00;35.07
28/07/2025 17:15;35.09
28/07/2025 17:30;35.06
28/07/2025 17:45;35.09
28/07/2025 18:00;35.11
28/07/2025 18:15;35.11
28/07/2025 18:30;35.05
28/07/2025 18:45;35.09
28/07/2025 19:00;35.06
28/07/2025 19:15;35.06
28/07/2025 19:30;35.15
28/07/2025 19:45;35.04
28/07/2025 20:00;35.04
28/07/2025 20:15;35.07
28/07/2025 20:30;35.08
28/07/2025 20:45;35.11
28/07/2025 21:00;35.05
28/07/2025 21:15;35.09
28/07/2025 21:30;35.09
28/07/2025 21:45;35.12
28/07/2025 22:00;35.96
28/07/2025 22:15;36.93
28/07/2025 22:30;37.16
28/07/2025 22:45;37.27
28/07/2025 23:00;37.3
28/07/2025 23:15;37.18
28/07/2025 23:30;37.25
28/07/2025 23:45;37.21
29/07/2025 00:00;37.25
29/07/2025 00:15;37.18
29/07/2025 00:30;37.21
29/07/2025 00:45;37.24
29/07/2025 01:00;37.18
29/07/2025 01:15;37.18
29/07/2025 01:30;37.14
29/07/2025 01:45;37.2
29/07/2025 02:00;37.15
29/07/2025 02:15;37.12
29/07/2025 02:30;37.14
29/07/2025 02:45;37.21
29/07/2025 03:00;37.11
29/07/2025 03:15;37.09
29/07/2025 03:30;37.18
29/07/2025 03:45;37.18
29/07/2025 04:00;37.14
29/07/2025 04:15;37.16
29/07/2025 04:30;37.18
29/07/2025 04:45;37.18
29/07/2025 05:00;37.16
29/07/2025 05:15;37.15
29/07/2025 05:30;37.16
29/07/2025 05:45;37.16
29/07/2025 06:00;37.21
29/07/2025 06:15;37.18
29/07/2025 06:30;37.22
29/07/2025 06:45;37.15
29/07/2025 07:00;37.09
29/07/2025 07:15;37.18
29/07/2025 07:30;37.21
29/07/2025 07:45;37.16
29/07/2025 08:00;37.18
29/07/2025 08:15;37.16
29/07/2025 08:30;37.09
29/07/2025 08:45;37.12
29/07/2025 09:00;37.13
29/07/2025 09:15;37.15
29/07/2025 09:30;37.16
29/07/2025 09:45;37.11
29/07/2025 10:00;37.13
29/07/2025 10:15;37.18
29/07/2025 10:30;37.21
29/07/2025 10:45;37.13
29/07/2025 11:00;37.09
29/07/2025 11:15;37.09
29/07/2025 11:30;37.16
29/07/2025 11:45;37.07
29/07/2025 12:00;37.11
29/07/2025 12:15;37.13
29/07/2025 12:30;37.13
29/07/2025 12:45;37.11
29/07/2025 13:00;37.18
29/07/2025 13:15;37.12
29/07/2025 13:30;37.18
29/07/2025 13:45;37.12
29/07/2025 14:00;37.16
29/07/2025 14:15;37.07
29/07/2025 14:30;37.09
29/07/2025 14:45;36.93
29/07/2025 15:00;37
29/07/2025 15:15;36.99
29/07/2025 15:30;37.09
29/07/2025 15:45;37.08
29/07/2025 16:00;37.09
29/07/2025 16:15;37.16
29/07/2025 16:30;37.05
29/07/2025 16:45;37.09
29/07/2025 17:00;37.14
29/07/2025 17:15;37.09
29/07/2025 17:30;37.09
29/07/2025 17:45;37.06
29/07/2025 18:00;37.07
29/07/2025 18:15;37
29/07/2025 18:30;37
29/07/2025 18:45;37.07
29/07/2025 19:00;37.02
29/07/2025 19:15;37
29/07/2025 19:30;36.96
29/07/2025 19:45;37.03
29/07/2025 20:00;37
29/07/2025 20:15;37.11
29/07/2025 20:30;36.98
29/07/2025 20:45;37.03
29/07/2025 21:00;37.04
29/07/2025 21:15;37
29/07/2025 21:30;37.05
29/07/2025 21:45;37.05
29/07/2025 22:00;36.96
29/07/2025 22:15;37.38
29/07/2025 22:30;38.41
29/07/2025 22:45;38.52
29/07/2025 23:00;38.5
29/07/2025 23:15;38.53
29/07/2025 23:30;38.55
29/07/2025 23:45;38.55
30/07/2025 00:00;38.48
30/07/2025 00:15;38.54
30/07/2025 00:30;38.53
30/07/2025 00:45;38.56
30/07/2025 01:00;38.59
30/07/2025 01:15;38.54
30/07/2025 01:30;38.56
30/07/2025 01:45;38.5
30/07/2025 02:00;38.58
30/07/2025 02:15;38.53
30/07/2025 02:30;38.54
30/07/2025 02:45;38.62
30/07/2025 03:00;38.59
30/07/2025 03:15;38.59
30/07/2025 03:30;38.5
30/07/2025 03:45;38.48
30/07/2025 04:00;38.43
30/07/2025 04:15;38.48
30/07/2025 04:30;38.46
30/07/2025 04:45;38.47
30/07/2025 05:00;38.5
30/07/2025 05:15;38.49
30/07/2025 05:30;38.49
30/07/2025 05:45;38.52
30/07/2025 06:00;38.5
30/07/2025 06:15;38.5
30/07/2025 06:30;38.43
30/07/2025 06:45;38.45
30/07/2025 07:00;38.43
30/07/2025 07:15;38.45
30/07/2025 07:30;38.52
30/07/2025 07:45;38.59
30/07/2025 08:00;38.57
30/07/2025 08:15;38.65
30/07/2025 08:30;38.61
30/07/2025 08:45;38.62
30/07/2025 09:00;38.61
30/07/2025 09:15;38.66
30/07/2025 09:30;38.57
30/07/2025 09:45;38.58
30/07/2025 10:00;38.59
30/07/2025 10:15;38.56
30/07/2025 10:30;38.84
30/07/2025 10:45;41.4
30/07/2025 11:00;41.51
30/07/2025 11:15;41.68
30/07/2025 11:30;41.87
30/07/2025 11:45;42.2
30/07/2025 12:00;42.27
30/07/2025 12:15;42.27
30/07/2025 12:30;42.33
30/07/2025 12:45;42.27
30/07/2025 13:00;42.33
30/07/2025 13:15;42.26
30/07/2025 13:30;42.33
30/07/2025 13:45;42.34
30/07/2025 14:00;42.29
30/07/2025 14:15;42.3
30/07/2025 14:30;42.25
30/07/2025 14:45;42.19
30/07/2025 15:00;42.09
30/07/2025 15:15;42.15
30/07/2025 15:30;42.09
30/07/2025 15:45;42.07
30/07/2025 16:00;42.07
30/07/2025 16:15;42.06
30/07/2025 16:30;42.22
30/07/2025 16:45;42.1
30/07/2025 17:00;42.1
30/07/2025 17:15;42.11
30/07/2025 17:30;42.13
30/07/2025 17:45;42.13
30/07/2025 18:00;42.15
30/07/2025 18:15;42.1
30/07/2025 18:30;42.18
30/07/2025 18:45;42.1
30/07/2025 19:00;42.03
30/07/2025 19:15;42.01
30/07/2025 19:30;42.06
30/07/2025 19:45;42.12
30/07/2025 20:00;42.13
30/07/2025 20:15;42.15
30/07/2025 20:30;42.07
30/07/2025 20:45;42.1
30/07/2025 21:00;42.07
30/07/2025 21:15;42.11
30/07/2025 21:30;42.15
30/07/2025 21:45;42.14
30/07/2025 22:00;42.15
30/07/2025 22:15;42.12
30/07/2025 22:30;42.19
30/07/2025 22:45;42.14
30/07/2025 23:00;42.09
30/07/2025 23:15;42
30/07/2025 23:30;42.13
30/07/2025 23:45;42.03
31/07/2025 00:00;42.09
31/07/2025 00:15;42.11
31/07/2025 00:30;42.02
31/07/2025 00:45;42.08
31/07/2025 01:00;42.08
31/07/2025 01:15;41.99
31/07/2025 01:30;42.09
31/07/2025 01:45;42.06
31/07/2025 02:00;41.98
31/07/2025 02:15;42.07
31/07/2025 02:30;42.01
31/07/2025 02:45;42.12
31/07/2025 03:00;42.08
31/07/2025 03:15;42.11
31/07/2025 03:30;42.03
31/07/2025 03:45;42.13
31/07/2025 04:00;41.97
31/07/2025 04:15;41.99
31/07/2025 04:30;42.07
31/07/2025 04:45;42.02
31/07/2025 05:00;41.91
31/07/2025 05:15;42.04
31/07/2025 05:30;42.04
31/07/2025 05:45;41.96
31/07/2025 06:00;42
31/07/2025 06:15;41.92
31/07/2025 06:30;41.98
31/07/2025 06:45;42.07
31/07/2025 07:00;42.04
31/07/2025 07:15;41.95
31/07/2025 07:30;42.05
31/07/2025 07:45;42.13
31/07/2025 08:00;42.1
31/07/2025 08:15;42.14
31/07/2025 08:30;42.13
31/07/2025 08:45;42.15
31/07/2025 09:00;42.1
31/07/2025 09:15;40.57
31/07/2025 09:30;40.23
31/07/2025 09:45;40.18
31/07/2025 10:00;40.16
31/07/2025 10:15;40
31/07/2025 10:30;40.09
31/07/2025 10:45;39.78
31/07/2025 11:00;39.62
31/07/2025 11:15;39.58
31/07/2025 11:30;39.55
31/07/2025 11:45;39.52
31/07/2025 12:00;39.58
31/07/2025 12:15;39.63
31/07/2025 12:30;39.55
31/07/2025 12:45;39.59
31/07/2025 13:00;39.5
31/07/2025 13:15;39.59
31/07/2025 13:30;39.47
31/07/2025 13:45;39.5
31/07/2025 14:00;39.61
31/07/2025 14:15;39.56
31/07/2025 14:30;39.52
31/07/2025 14:45;39.55
31/07/2025 15:00;39.58
31/07/2025 15:15;39.5
31/07/2025 15:30;39.52
31/07/2025 15:45;39.45
31/07/2025 16:00;39.34
31/07/2025 16:15;39.46
31/07/2025 16:30;39.47
31/07/2025 16:45;39.48
31/07/2025 17:00;39.54
31/07/2025 17:15;39.5
31/07/2025 17:30;39.43
31/07/2025 17:45;39.5
31/07/2025 18:00;39.55
31/07/2025 18:15;39.43
31/07/2025 18:30;39.5
31/07/2025 18:45;39.45
31/07/2025 19:00;39.45
31/07/2025 19:15;39.48
31/07/2025 19:30;39.45
31/07/2025 19:45;39.47
31/07/2025 20:00;39.45
31/07/2025 20:15;39.49
31/07/2025 20:30;39.41
31/07/2025 20:45;39.46
31/07/2025 21:00;39.36
31/07/2025 21:15;39.5
31/07/2025 21:30;39.41
31/07/2025 21:45;39.43
31/07/2025 22:00;39.38
31/07/2025 22:15;39.43
31/07/2025 22:30;39.41
31/07/2025 22:45;39.43
31/07/2025 23:00;39.45
31/07/2025 23:15;39.45
31/07/2025 23:30;39.41
31/07/2025 23:45;39.38
01/08/2025 00:00;39.33
01/08/2025 00:15;39.37
01/08/2025 00:30;39.43
01/08/2025 00:45;39.46
01/08/2025 01:00;39.4
01/08/2025 01:15;39.38
01/08/2025 01:30;39.48
01/08/2025 01:45;39.4
01/08/2025 02:00;39.43
01/08/2025 02:15;39.38
01/08/2025 02:30;39.34
01/08/2025 02:45;39.36
01/08/2025 03:00;39.34
01/08/2025 03:15;39.34
01/08/2025 03:30;39.43
01/08/2025 03:45;39.36
01/08/2025 04:00;39.31
01/08/2025 04:15;39.4
01/08/2025 04:30;39.34
01/08/2025 04:45;39.39
01/08/2025 05:00;39.34
01/08/2025 05:15;39.3
01/08/2025 05:30;39.33
01/08/2025 05:45;39.37
01/08/2025 06:00;39.34
01/08/2025 06:15;39.32
01/08/2025 06:30;39.3
01/08/2025 06:45;39.39
01/08/2025 07:00;39.31
01/08/2025 07:15;39.37
01/08/2025 07:30;39.43
01/08/2025 07:45;39.5
01/08/2025 08:00;39.47
01/08/2025 08:15;39.52
01/08/2025 08:30;39.57
01/08/2025 08:45;39.43
01/08/2025 09:00;39.41
01/08/2025 09:15;39.5
01/08/2025 09:30;39.49
01/08/2025 09:45;39.34
01/08/2025 10:00;39.41
01/08/2025 10:15;39.36
01/08/2025 10:30;39.36
01/08/2025 10:45;39.43
01/08/2025 11:00;39.4
01/08/2025 11:15;39.4
01/08/2025 11:30;39.4
01/08/2025 11:45;39.36
01/08/2025 12:00;39.41
01/08/2025 12:15;39.41
01/08/2025 12:30;39.39
01/08/2025 12:45;39.45
01/08/2025 13:00;39.34
01/08/2025 13:15;39.47
01/08/2025 13:30;39.43
01/08/2025 13:45;39.43
01/08/2025 14:00;39.43
01/08/2025 14:15;39.39
01/08/2025 14:30;39.36
01/08/2025 14:45;39.41
01/08/2025 15:00;39.25
01/08/2025 15:15;39.37
01/08/2025 15:30;39.46
01/08/2025 15:45;39.34
01/08/2025 16:00;39.22
01/08/2025 16:15;39.36
01/08/2025 16:30;39.29
01/08/2025 16:45;39.38
01/08/2025 17:00;39.3
01/08/2025 17:15;39.22
01/08/2025 17:30;39.32
01/08/2025 17:45;39.28
01/08/2025 18:00;39.29
01/08/2025 18:15;39.34
01/08/2025 18:30;39.32
01/08/2025 18:45;39.28
01/08/2025 19:00;39.33
01/08/2025 19:15;39.4
01/08/2025 19:30;39.34
01/08/2025 19:45;39.36
01/08/2025 20:00;39.31
01/08/2025 20:15;39.25
01/08/2025 20:30;39.28
01/08/2025 20:45;39.29
01/08/2025 21:00;39.27
01/08/2025 21:15;39.34
01/08/2025 21:30;39.27
01/08/2025 21:45;39.23
01/08/2025 22:00;38.93
01/08/2025 22:15;37.56
01/08/2025 22:30;37.38
01/08/2025 22:45;37.18
01/08/2025 23:00;37.2
01/08/2025 23:15;37.16
01/08/2025 23:30;37.13
01/08/2025 23:45;37.16
02/08/2025 00:00;37.11
02/08/2025 00:15;37.07
02/08/2025 00:30;37.13
02/08/2025 00:45;37.06
02/08/2025 01:00;37.25
02/08/2025 01:15;37.11
02/08/2025 01:30;37.12
02/08/2025 01:45;37.07
02/08/2025 02:00;37.14
02/08/2025 02:15;37.16
02/08/2025 02:30;37.13
02/08/2025 02:45;37.12
02/08/2025 03:00;37.12
02/08/2025 03:15;37.05
02/08/2025 03:30;37.09
02/08/2025 03:45;37.13
02/08/2025 04:00;37.08
02/08/2025 04:15;37.05
02/08/2025 04:30;37.03
02/08/2025 04:45;37.09
02/08/2025 05:00;37.05
02/08/2025 05:15;37.06
02/08/2025 05:30;37
02/08/2025 05:45;36.97
02/08/2025 06:00;37
02/08/2025 06:15;37.05
02/08/2025 06:30;37.02
02/08/2025 06:45;37.03
02/08/2025 07:00;36.99
02/08/2025 07:15;36.98
02/08/2025 07:30;36.99
02/08/2025 07:45;37.02
02/08/2025 08:00;37.08
02/08/2025 08:15;37
02/08/2025 08:30;37
02/08/2025 08:45;37
02/08/2025 09:00;37
02/08/2025 09:15;37.08
02/08/2025 09:30;36.98
02/08/2025 09:45;37.02
02/08/2025 10:00;36.98
02/08/2025 10:15;36.98
02/08/2025 10:30;36.93
02/08/2025 10:45;36.96
02/08/2025 11:00;36.93
02/08/2025 11:15;36.93
02/08/2025 11:30;36.97
02/08/2025 11:45;36.93
02/08/2025 12:00;37
02/08/2025 12:15;36.99
02/08/2025 12:30;36.98
02/08/2025 12:45;36.96
02/08/2025 13:00;37.05
02/08/2025 13:15;37.03
02/08/2025 13:30;36.95
02/08/2025 13:45;36.91
02/08/2025 14:00;36.88
02/08/2025 14:15;36.91
02/08/2025 14:30;36.93
02/08/2025 14:45;37.02
02/08/2025 15:00;36.93
02/08/2025 15:15;37.02
02/08/2025 15:30;37.04
02/08/2025 15:45;36.9
02/08/2025 16:00;36.98
02/08/2025 16:15;36.95
02/08/2025 16:30;36.93
02/08/2025 16:45;36.99
02/08/2025 17:00;36.84
02/08/2025 17:15;36.89
02/08/2025 17:30;36.83
02/08/2025 17:45;36.86
02/08/2025 18:00;36.89
02/08/2025 18:15;36.84
02/08/2025 18:30;36.84
02/08/2025 18:45;36.87
02/08/2025 19:00;36.87
02/08/2025 19:15;36.87
02/08/2025 19:30;36.88
02/08/2025 19:45;36.84
02/08/2025 20:00;36.86
02/08/2025 20:15;36.84
02/08/2025 20:30;36.8
02/08/2025 20:45;36.84
02/08/2025 21:00;36.9
02/08/2025 21:15;36.91
02/08/2025 21:30;36.88
02/08/2025 21:45;36.89
02/08/2025 22:00;36.66
02/08/2025 22:15;34.96
02/08/2025 22:30;34.73
02/08/2025 22:45;34.57
02/08/2025 23:00;34.57
02/08/2025 23:15;34.61
02/08/2025 23:30;34.46
02/08/2025 23:45;34.59
03/08/2025 00:00;34.43
03/08/2025 00:15;34.5
03/08/2025 00:30;34.43
03/08/2025 00:45;34.47
03/08/2025 01:00;34.45
03/08/2025 01:15;34.43
03/08/2025 01:30;34.49
03/08/2025 01:45;34.4
03/08/2025 02:00;34.47
03/08/2025 02:15;34.43
03/08/2025 02:30;34.41
03/08/2025 02:45;34.38
03/08/2025 03:00;34.43
03/08/2025 03:15;34.43
03/08/2025 03:30;34.48
03/08/2025 03:45;34.45
03/08/2025 04:00;34.39
03/08/2025 04:15;34.39
03/08/2025 04:30;34.36
03/08/2025 04:45;34.4
03/08/2025 05:00;34.43
03/08/2025 05:15;34.34
03/08/2025 05:30;34.39
03/08/2025 05:45;34.36
03/08/2025 06:00;34.34
03/08/2025 06:15;34.39
03/08/2025 06:30;34.33
03/08/2025 06:45;34.29
03/08/2025 07:00;34.32
03/08/2025 07:15;34.3
03/08/2025 07:30;34.41
03/08/2025 07:45;34.29
03/08/2025 08:00;34.29
03/08/2025 08:15;34.37
03/08/2025 08:30;34.33
03/08/2025 08:45;34.3
03/08/2025 09:00;34.27
03/08/2025 09:15;34.3
03/08/2025 09:30;34.25
03/08/2025 09:45;34.34
03/08/2025 10:00;34.27
03/08/2025 10:15;34.28
03/08/2025 10:30;34.27
03/08/2025 10:45;34.28
03/08/2025 11:00;34.33
03/08/2025 11:15;34.34
03/08/2025 11:30;34.31
03/08/2025 11:45;34.39
03/08/2025 12:00;34.29
03/08/2025 12:15;34.31
03/08/2025 12:30;34.28
03/08/2025 12:45;34.27
03/08/2025 13:00;34.3
03/08/2025 13:15;34.27
03/08/2025 13:30;34.32
03/08/2025 13:45;34.32
03/08/2025 14:00;34.31
03/08/2025 14:15;34.27
03/08/2025 14:30;34.28
03/08/2025 14:45;34.28
03/08/2025 15:00;34.3
03/08/2025 15:15;34.29
03/08/2025 15:30;34.32
03/08/2025 15:45;34.3
03/08/2025 16:00;34.25
03/08/2025 16:15;34.25
03/08/2025 16:30;34.3
03/08/2025 16:45;34.23
03/08/2025 17:00;34.18
03/08/2025 17:15;34.18
03/08/2025 17:30;34.28
03/08/2025 17:45;34.27
03/08/2025 18:00;34.28
03/08/2025 18:15;34.18
03/08/2025 18:30;34.3
03/08/2025 18:45;34.21
03/08/2025 19:00;34.28
03/08/2025 19:15;34.22
03/08/2025 19:30;34.31
03/08/2025 19:45;34.23
03/08/2025 20:00;34.21
03/08/2025 20:15;34.24
03/08/2025 20:30;34.25
03/08/2025 20:45;34.24
03/08/2025 21:00;34.33
03/08/2025 21:15;34.21
03/08/2025 21:30;34.23
03/08/2025 21:45;34.24
03/08/2025 22:00;34.23
03/08/2025 22:15;35.73
03/08/2025 22:30;36.45
03/08/2025 22:45;36.54
03/08/2025 23:00;36.7
03/08/2025 23:15;36.75
03/08/2025 23:30;36.74
03/08/2025 23:45;36.7
04/08/2025 00:00;36.75
04/08/2025 00:15;36.68
04/08/2025 00:30;36.74
04/08/2025 00:45;36.66
04/08/2025 01:00;36.68
04/08/2025 01:15;36.65
04/08/2025 01:30;36.59
04/08/2025 01:45;36.65
04/08/2025 02:00;36.66
04/08/2025 02:15;36.62
04/08/2025 02:30;36.63
04/08/2025 02:45;36.61
04/08/2025 03:00;36.7
04/08/2025 03:15;36.68
04/08/2025 03:30;36.59
04/08/2025 03:45;36.49
04/08/2025 04:00;36.56
04/08/2025 04:15;36.61
04/08/2025 04:30;36.59
04/08/2025 04:45;36.63
04/08/2025 05:00;36.63
04/08/2025 05:15;36.57
04/08/2025 05:30;36.54
04/08/2025 05:45;36.56
04/08/2025 06:00;36.54
04/08/2025 06:15;36.55
04/08/2025 06:30;36.54
04/08/2025 06:45;36.61
04/08/2025 07:00;36.59
04/08/2025 07:15;36.59
04/08/2025 07:30;36.52
04/08/2025 07:45;36.7
04/08/2025 08:00;36.59
04/08/2025 08:15;36.55
04/08/2025 08:30;36.55
04/08/2025 08:45;36.47
04/08/2025 09:00;36.43
04/08/2025 09:15;36.47
04/08/2025 09:30;36.48
04/08/2025 09:45;36.48
04/08/2025 10:00;36.5
04/08/2025 10:15;36.49
04/08/2025 10:30;36.47
04/08/2025 10:45;36.56
04/08/2025 11:00;36.47
04/08/2025 11:15;36.53
04/08/2025 11:30;36.52
04/08/2025 11:45;36.5
04/08/2025 12:00;36.47
04/08/2025 12:15;36.43
04/08/2025 12:30;36.43
04/08/2025 12:45;36.5
04/08/2025 13:00;36.58
04/08/2025 13:15;36.5
04/08/2025 13:30;36.55
04/08/2025 13:45;36.55
04/08/2025 14:00;36.5
04/08/2025 14:15;36.58
04/08/2025 14:30;36.57
04/08/2025 14:45;36.47
04/08/2025 15:00;36.58
04/08/2025 15:15;36.54
04/08/2025 15:30;36.58
04/08/2025 15:45;36.54
04/08/2025 16:00;36.58
04/08/2025 16:15;36.56
04/08/2025 16:30;36.45
04/08/2025 16:45;36.53
04/08/2025 17:00;36.47
04/08/2025 17:15;36.53
04/08/2025 17:30;36.41
04/08/2025 17:45;36.49
04/08/2025 18:00;36.5
04/08/2025 18:15;36.5
04/08/2025 18:30;36.55
04/08/2025 18:45;36.48
04/08/2025 19:00;36.52
04/08/2025 19:15;36.49
04/08/2025 19:30;36.47
04/08/2025 19:45;36.5
04/08/2025 20:00;36.55
04/08/2025 20:15;36.41
04/08/2025 20:30;36.46
04/08/2025 20:45;36.41
04/08/2025 21:00;36.47
04/08/2025 21:15;36.45
04/08/2025 21:30;36.5
04/08/2025 21:45;36.45
04/08/2025 22:00;36.5
04/08/2025 22:15;36.57
04/08/2025 22:30;36.48
04/08/2025 22:45;36.49
04/08/2025 23:00;36.41
04/08/2025 23:15;36.5
04/08/2025 23:30;36.43
04/08/2025 23:45;36.43
05/08/2025 00:00;36.43
05/08/2025 00:15;36.37
05/08/2025 00:30;36.48
05/08/2025 00:45;36.45
05/08/2025 01:00;36.46
05/08/2025 01:15;36.4
05/08/2025 01:30;36.46
05/08/2025 01:45;36.4
05/08/2025 02:00;36.52
05/08/2025 02:15;36.41
05/08/2025 02:30;36.38
05/08/2025 02:45;36.43
05/08/2025 03:00;36.41
05/08/2025 03:15;36.47
05/08/2025 03:30;36.43
05/08/2025 03:45;36.34
05/08/2025 04:00;36.45
05/08/2025 04:15;36.41
05/08/2025 04:30;36.39
05/08/2025 04:45;36.34
05/08/2025 05:00;36.36
05/08/2025 05:15;36.38
05/08/2025 05:30;36.31
05/08/2025 05:45;36.33
05/08/2025 06:00;36.34
05/08/2025 06:15;36.23
05/08/2025 06:30;36.33
05/08/2025 06:45;36.34
05/08/2025 07:00;36.34
05/08/2025 07:15;36.28
05/08/2025 07:30;36.33
05/08/2025 07:45;36.31
05/08/2025 08:00;36.45
05/08/2025 08:15;36.34
05/08/2025 08:30;36.31
05/08/2025 08:45;36.34
05/08/2025 09:00;36.28
05/08/2025 09:15;36.49
05/08/2025 09:30;37.34
05/08/2025 09:45;37.58
05/08/2025 10:00;37.59
05/08/2025 10:15;37.59
05/08/2025 10:30;37.66
05/08/2025 10:45;37.66
05/08/2025 11:00;37.66
05/08/2025 11:15;37.66
05/08/2025 11:30;37.68
05/08/2025 11:45;37.68
05/08/2025 12:00;37.59
05/08/2025 12:15;37.65
05/08/2025 12:30;37.59
05/08/2025 12:45;37.68
05/08/2025 13:00;37.61
05/08/2025 13:15;37.61
05/08/2025 13:30;37.7
05/08/2025 13:45;37.66
05/08/2025 14:00;37.66
05/08/2025 14:15;37.68
05/08/2025 14:30;37.68
05/08/2025 14:45;37.62
05/08/2025 15:00;37.64
05/08/2025 15:15;37.63
05/08/2025 15:30;37.59
05/08/2025 15:45;37.56
05/08/2025 16:00;37.63
05/08/2025 16:15;37.66
05/08/2025 16:30;37.72
05/08/2025 16:45;37.68
05/08/2025 17:00;37.59
05/08/2025 17:15;37.59
05/08/2025 17:30;37.62
05/08/2025 17:45;37.56
05/08/2025 18:00;37.59
05/08/2025 18:15;37.43
05/08/2025 18:30;37.57
05/08/2025 18:45;37.59
05/08/2025 19:00;37.65
05/08/2025 19:15;37.54
05/08/2025 19:30;37.53
05/08/2025 19:45;37.5
05/08/2025 20:00;37.55
05/08/2025 20:15;37.61
05/08/2025 20:30;37.62
05/08/2025 20:45;37.53
05/08/2025 21:00;37.59
05/08/2025 21:15;37.57
05/08/2025 21:30;37.58
05/08/2025 21:45;37.65
05/08/2025 22:00;37.58
05/08/2025 22:15;37.58
05/08/2025 22:30;37.59
05/08/2025 22:45;37.5
05/08/2025 23:00;37.53
05/08/2025 23:15;37.55
05/08/2025 23:30;37.5
05/08/2025 23:45;37.57
06/08/2025 00:00;37.57
06/08/2025 00:15;37.5
06/08/2025 00:30;37.52
06/08/2025 00:45;37.49
06/08/2025 01:00;37.57
06/08/2025 01:15;37.59
06/08/2025 01:30;37.4
06/08/2025 01:45;37.49
06/08/2025 02:00;37.52
06/08/2025 02:15;37.58
06/08/2025 02:30;37.47
06/08/2025 02:45;37.47
06/08/2025 03:00;37.47
06/08/2025 03:15;37.46
06/08/2025 03:30;37.59
06/08/2025 03:45;37.53
06/08/2025 04:00;37.5
06/08/2025 04:15;37.52
06/08/2025 04:30;37.47
06/08/2025 04:45;37.43
06/08/2025 05:00;37.53
06/08/2025 05:15;37.5
06/08/2025 05:30;37.48
06/08/2025 05:45;37.56
06/08/2025 06:00;37.55
06/08/2025 06:15;37.47
06/08/2025 06:30;37.48
06/08/2025 06:45;37.5
06/08/2025 07:00;37.46
06/08/2025 07:15;37.55
06/08/2025 07:30;37.48
06/08/2025 07:45;37.46
06/08/2025 08:00;37.39
06/08/2025 08:15;37.48
06/08/2025 08:30;37.43
06/08/2025 08:45;37.56
06/08/2025 09:00;37.48
06/08/2025 09:15;37.46
06/08/2025 09:30;37.54
06/08/2025 09:45;37.47
06/08/2025 10:00;37.53
06/08/2025 10:15;37.59
06/08/2025 10:30;37.59
06/08/2025 10:45;37.62
06/08/2025 11:00;37.57
06/08/2025 11:15;37.55
06/08/2025 11:30;37.66
06/08/2025 11:45;37.59
06/08/2025 12:00;37.53
06/08/2025 12:15;37.54
06/08/2025 12:30;37.61
06/08/2025 12:45;37.57
06/08/2025 13:00;37.59
06/08/2025 13:15;37.5
06/08/2025 13:30;37.55
06/08/2025 13:45;37.61
06/08/2025 14:00;37.54
06/08/2025 14:15;37.49
06/08/2025 14:30;37.59
06/08/2025 14:45;37.66
06/08/2025 15:00;37.59
06/08/2025 15:15;37.52
06/08/2025 15:30;37.56
06/08/2025 15:45;37.55
06/08/2025 16:00;37.47
06/08/2025 16:15;37.5
06/08/2025 16:30;37.53
06/08/2025 16:45;37.59
06/08/2025 17:00;37.45
06/08/2025 17:15;37.47
06/08/2025 17:30;37.41
06/08/2025 17:45;37.5
06/08/2025 18:00;37.43
06/08/2025 18:15;37.47
06/08/2025 18:30;37.43
06/08/2025 18:45;37.41
06/08/2025 19:00;37.5
06/08/2025 19:15;37.46
06/08/2025 19:30;37.43
06/08/2025 19:45;37.41
06/08/2025 20:00;37.39
06/08/2025 20:15;37.43
06/08/2025 20:30;37.43
06/08/2025 20:45;37.49
06/08/2025 21:00;37.41
06/08/2025 21:15;37.43
06/08/2025 21:30;37.39
06/08/2025 21:45;36.39
06/08/2025 22:00;35.8
06/08/2025 22:15;35.68
06/08/2025 22:30;35.68
06/08/2025 22:45;35.53
06/08/2025 23:00;35.48
06/08/2025 23:15;35.55
06/08/2025 23:30;35.63
06/08/2025 23:45;35.59
07/08/2025 00:00;35.57
07/08/2025 00:15;35.53
07/08/2025 00:30;35.62
07/08/2025 00:45;35.48
07/08/2025 01:00;35.58
07/08/2025 01:15;35.57
07/08/2025 01:30;35.46
07/08/2025 01:45;35.52
07/08/2025 02:00;35.5
07/08/2025 02:15;35.56
07/08/2025 02:30;35.49
07/08/2025 02:45;35.53
07/08/2025 03:00;35.52
07/08/2025 03:15;35.43
07/08/2025 03:30;35.46
07/08/2025 03:45;35.45
07/08/2025 04:00;35.49
07/08/2025 04:15;35.5
07/08/2025 04:30;35.5
07/08/2025 04:45;35.41
07/08/2025 05:00;35.52
07/08/2025 05:15;35.48
07/08/2025 05:30;35.41
07/08/2025 05:45;35.43
07/08/2025 06:00;35.45
07/08/2025 06:15;35.5
07/08/2025 06:30;35.47
07/08/2025 06:45;35.43
07/08/2025 07:00;35.43
07/08/2025 07:15;35.43
07/08/2025 07:30;35.45
07/08/2025 07:45;35.39
07/08/2025 08:00;35.39
07/08/2025 08:15;35.45
07/08/2025 08:30;35.46
07/08/2025 08:45;35.53
07/08/2025 09:00;35.47
07/08/2025 09:15;35.47
07/08/2025 09:30;35.43
07/08/2025 09:45;35.49
07/08/2025 10:00;35.4
07/08/2025 10:15;35.41
07/08/2025 10:30;35.46
07/08/2025 10:45;35.46
07/08/2025 11:00;35.37
07/08/2025 11:15;35.43
07/08/2025 11:30;35.38
07/08/2025 11:45;35.39
07/08/2025 12:00;35.38
07/08/2025 12:15;35.43
07/08/2025 12:30;35.34
07/08/2025 12:45;35.31
07/08/2025 13:00;35.43
07/08/2025 13:15;35.43
07/08/2025 13:30;35.34
07/08/2025 13:45;35.33
07/08/2025 14:00;35.34
07/08/2025 14:15;35.33
07/08/2025 14:30;35.38
07/08/2025 14:45;35.34
07/08/2025 15:00;35.41
07/08/2025 15:15;35.34
07/08/2025 15:30;35.46
07/08/2025 15:45;35.43
07/08/2025 16:00;35.33
07/08/2025 16:15;35.28
07/08/2025 16:30;35.43
07/08/2025 16:45;35.37
07/08/2025 17:00;35.34
07/08/2025 17:15;35.31
07/08/2025 17:30;35.31
07/08/2025 17:45;35.28
07/08/2025 18:00;35.32
07/08/2025 18:15;35.31
07/08/2025 18:30;35.31
07/08/2025 18:45;35.33
07/08/2025 19:00;35.33
07/08/2025 19:15;35.34
07/08/2025 19:30;35.31
07/08/2025 19:45;35.27
07/08/2025 20:00;35.25
07/08/2025 20:15;35.31
07/08/2025 20:30;35.18
07/08/2025 20:45;35.22
07/08/2025 21:00;35.22
07/08/2025 21:15;35.2
07/08/2025 21:30;35.2
07/08/2025 21:45;35.2
07/08/2025 22:00;34.96
07/08/2025 22:15;34.31
07/08/2025 22:30;34.27
07/08/2025 22:45;34.23
07/08/2025 23:00;34.28
07/08/2025 23:15;34.23
07/08/2025 23:30;34.25
07/08/2025 23:45;34.11
08/08/2025 00:00;34.21
08/08/2025 00:15;34.18
08/08/2025 00:30;34.2
08/08/2025 00:45;34.16
08/08/2025 01:00;34.3
08/08/2025 01:15;34.27
08/08/2025 01:30;34.18
08/08/2025 01:45;34.24
08/08/2025 02:00;34.11
08/08/2025 02:15;34.21
08/08/2025 02:30;34.2
08/08/2025 02:45;34.12
08/08/2025 03:00;34.13
08/08/2025 03:15;34.11
08/08/2025 03:30;34.14
08/08/2025 03:45;34.16
08/08/2025 04:00;34.06
08/08/2025 04:15;34.13
08/08/2025 04:30;34.16
08/08/2025 04:45;34.06
08/08/2025 05:00;34.13
08/08/2025 05:15;34.09
08/08/2025 05:30;34.09
08/08/2025 05:45;34.16
08/08/2025 06:00;34.05
08/08/2025 06:15;34
08/08/2025 06:30;34.11
08/08/2025 06:45;34
08/08/2025 07:00;34.08
08/08/2025 07:15;34.08
08/08/2025 07:30;34.09
08/08/2025 07:45;34.03
08/08/2025 08:00;34.05
08/08/2025 08:15;34
08/08/2025 08:30;34.02
08/08/2025 08:45;34
08/08/2025 09:00;34.05
08/08/2025 09:15;34.08
08/08/2025 09:30;34.13
08/08/2025 09:45;34.18
08/08/2025 10:00;34.22
08/08/2025 10:15;34.13
08/08/2025 10:30;34.14
08/08/2025 10:45;34.14
08/08/2025 11:00;34.18
08/08/2025 11:15;34.2
08/08/2025 11:30;34.25
08/08/2025 11:45;34.14
08/08/2025 12:00;34.16
08/08/2025 12:15;34.15
08/08/2025 12:30;34.15
08/08/2025 12:45;34.16
08/08/2025 13:00;34.27
08/08/2025 13:15;34.16
08/08/2025 13:30;34.2
08/08/2025 13:45;34.18
08/08/2025 14:00;34.22
08/08/2025 14:15;34.22
08/08/2025 14:30;34.18
08/08/2025 14:45;34.18
08/08/2025 15:00;34.22
08/08/2025 15:15;34.22
08/08/2025 15:30;34.21
08/08/2025 15:45;34.27
08/08/2025 16:00;34.18
08/08/2025 16:15;34.18
08/08/2025 16:30;34.16
08/08/2025 16:45;34.18
08/08/2025 17:00;34.08
08/08/2025 17:15;34.15
08/08/2025 17:30;34.09
08/08/2025 17:45;34.11
08/08/2025 18:00;34.13
08/08/2025 18:15;34.12
08/08/2025 18:30;34.13
08/08/2025 18:45;34.16
08/08/2025 19:00;34.11
08/08/2025 19:15;34.14
08/08/2025 19:30;34.13
08/08/2025 19:45;34.16
08/08/2025 20:00;34.13
08/08/2025 20:15;34.02
08/08/2025 20:30;34
08/08/2025 20:45;34.08
08/08/2025 21:00;34.12
08/08/2025 21:15;34.08
08/08/2025 21:30;34.09
08/08/2025 21:45;34.13
08/08/2025 22:00;34.05
08/08/2025 22:15;34.08
08/08/2025 22:30;34.02
08/08/2025 22:45;34.09
08/08/2025 23:00;34.13
08/08/2025 23:15;34.08
08/08/2025 23:30;34.08
08/08/2025 23:45;34.06
09/08/2025 00:00;34.09
09/08/2025 00:15;34.07
09/08/2025 00:30;34.08
09/08/2025 00:45;34.08
09/08/2025 01:00;34.08
09/08/2025 01:15;34.13
09/08/2025 01:30;34.16
09/08/2025 01:45;34.08
09/08/2025 02:00;34.11
09/08/2025 02:15;34.06
09/08/2025 02:30;34.06
09/08/2025 02:45;34.08
09/08/2025 03:00;34.03
09/08/2025 03:15;34.02
09/08/2025 03:30;34
09/08/2025 03:45;34.05
09/08/2025 04:00;34.06
09/08/2025 04:15;34.05
09/08/2025 04:30;34
09/08/2025 04:45;33.97
09/08/2025 05:00;33.97
09/08/2025 05:15;33.96
09/08/2025 05:30;33.95
09/08/2025 05:45;33.99
09/08/2025 06:00;34.02
09/08/2025 06:15;33.93
09/08/2025 06:30;33.91
09/08/2025 06:45;33.93
09/08/2025 07:00;34.02
09/08/2025 07:15;33.99
09/08/2025 07:30;33.97
09/08/2025 07:45;33.96
09/08/2025 08:00;33.96
09/08/2025 08:15;33.89
09/08/2025 08:30;33.95
09/08/2025 08:45;33.91
09/08/2025 09:00;33.89
09/08/2025 09:15;33.86
09/08/2025 09:30;33.89
09/08/2025 09:45;33.93
09/08/2025 10:00;33.93
09/08/2025 10:15;33.95
09/08/2025 10:30;33.96
09/08/2025 10:45;33.88
09/08/2025 11:00;33.9
09/08/2025 11:15;33.86
09/08/2025 11:30;33.9
09/08/2025 11:45;33.89
09/08/2025 12:00;33.97
09/08/2025 12:15;33.88
09/08/2025 12:30;33.84
09/08/2025 12:45;33.9
09/08/2025 13:00;33.93
09/08/2025 13:15;33.97
09/08/2025 13:30;33.91
09/08/2025 13:45;33.95
09/08/2025 14:00;33.89
09/08/2025 14:15;33.9
09/08/2025 14:30;33.91
09/08/2025 14:45;33.93
09/08/2025 15:00;33.96
09/08/2025 15:15;33.95
09/08/2025 15:30;33.99
09/08/2025 15:45;33.93
09/08/2025 16:00;33.99
09/08/2025 16:15;33.95
09/08/2025 16:30;33.93
09/08/2025 16:45;33.95
09/08/2025 17:00;33.88
09/08/2025 17:15;33.84
09/08/2025 17:30;33.88
09/08/2025 17:45;33.84
09/08/2025 18:00;33.91
09/08/2025 18:15;33.87
09/08/2025 18:30;34
09/08/2025 18:45;34
09/08/2025 19:00;33.95
09/08/2025 19:15;33.99
09/08/2025 19:30;33.95
09/08/2025 19:45;34.05
09/08/2025 20:00;33.97
09/08/2025 20:15;33.97
09/08/2025 20:30;34
09/08/2025 20:45;34
09/08/2025 21:00;34.04
09/08/2025 21:15;33.97
09/08/2025 21:30;34
09/08/2025 21:45;33.95
09/08/2025 22:00;33.91
09/08/2025 22:15;33.9
09/08/2025 22:30;33.97
09/08/2025 22:45;33.95
09/08/2025 23:00;33.93
09/08/2025 23:15;33.87
09/08/2025 23:30;33.88
09/08/2025 23:45;34.02
10/08/2025 00:00;34
10/08/2025 00:15;33.99
10/08/2025 00:30;33.93
10/08/2025 00:45;33.84
10/08/2025 01:00;33.84
10/08/2025 01:15;33.96
10/08/2025 01:30;33.91
10/08/2025 01:45;33.87
10/08/2025 02:00;33.91
10/08/2025 02:15;33.97
10/08/2025 02:30;33.88
10/08/2025 02:45;33.9
10/08/2025 03:00;33.87
10/08/2025 03:15;33.86
10/08/2025 03:30;33.95
10/08/2025 03:45;33.98
10/08/2025 04:00;33.96
10/08/2025 04:15;33.93
10/08/2025 04:30;33.88
10/08/2025 04:45;33.91
10/08/2025 05:00;33.91
10/08/2025 05:15;33.88
10/08/2025 05:30;33.91
10/08/2025 05:45;33.83
10/08/2025 06:00;33.9
10/08/2025 06:15;33.89
10/08/2025 06:30;33.89
10/08/2025 06:45;33.79
10/08/2025 07:00;33.82
10/08/2025 07:15;33.82
10/08/2025 07:30;33.8
10/08/2025 07:45;33.77
10/08/2025 08:00;33.82
10/08/2025 08:15;33.8
10/08/2025 08:30;33.75
10/08/2025 08:45;33.89
10/08/2025 09:00;33.86
10/08/2025 09:15;33.84
10/08/2025 09:30;33.79
10/08/2025 09:45;33.79
10/08/2025 10:00;33.77
10/08/2025 10:15;33.75
10/08/2025 10:30;33.84
10/08/2025 10:45;33.84
10/08/2025 11:00;33.86
10/08/2025 11:15;33.75
10/08/2025 11:30;33.79
10/08/2025 11:45;33.72
10/08/2025 12:00;33.77
10/08/2025 12:15;33.87
10/08/2025 12:30;33.8
10/08/2025 12:45;33.78
10/08/2025 13:00;33.83
10/08/2025 13:15;33.8
10/08/2025 13:30;33.73
10/08/2025 13:45;33.79
10/08/2025 14:00;33.84
10/08/2025 14:15;33.84
10/08/2025 14:30;33.81
10/08/2025 14:45;33.8
10/08/2025 15:00;33.82
10/08/2025 15:15;33.87
10/08/2025 15:30;33.84
10/08/2025 15:45;33.86
10/08/2025 16:00;33.81
10/08/2025 16:15;33.78
10/08/2025 16:30;33.86
10/08/2025 16:45;33.81
10/08/2025 17:00;33.79
10/08/2025 17:15;33.75
10/08/2025 17:30;33.84
10/08/2025 17:45;33.75
10/08/2025 18:00;33.8
10/08/2025 18:15;33.86
10/08/2025 18:30;33.78
10/08/2025 18:45;33.8
10/08/2025 19:00;33.8
10/08/2025 19:15;33.8
10/08/2025 19:30;33.78
10/08/2025 19:45;33.75
10/08/2025 20:00;33.75
10/08/2025 20:15;33.71
10/08/2025 20:30;33.74
10/08/2025 20:45;33.75
10/08/2025 21:00;33.75
10/08/2025 21:15;33.72
10/08/2025 21:30;33.72
10/08/2025 21:45;33.71
10/08/2025 22:00;33.75
10/08/2025 22:15;33.72
10/08/2025 22:30;35.91
10/08/2025 22:45;37.48
10/08/2025 23:00;37.82
10/08/2025 23:15;37.88
10/08/2025 23:30;37.06
10/08/2025 23:45;36.91
11/08/2025 00:00;36.93
11/08/2025 00:15;36.93
11/08/2025 00:30;36.99
11/08/2025 00:45;36.98
11/08/2025 01:00;37.02
11/08/2025 01:15;36.93
11/08/2025 01:30;36.91
11/08/2025 01:45;36.93
11/08/2025 02:00;36.91
11/08/2025 02:15;36.96
11/08/2025 02:30;37
11/08/2025 02:45;36.93
11/08/2025 03:00;36.88
11/08/2025 03:15;36.82
11/08/2025 03:30;36.84
11/08/2025 03:45;36.84
11/08/2025 04:00;36.89
11/08/2025 04:15;36.8
11/08/2025 04:30;36.91
11/08/2025 04:45;36.75
11/08/2025 05:00;36.75
11/08/2025 05:15;36.83
11/08/2025 05:30;36.83
11/08/2025 05:45;36.8
11/08/2025 06:00;36.75
11/08/2025 06:15;36.77
11/08/2025 06:30;36.74
11/08/2025 06:45;36.83
11/08/2025 07:00;36.81
11/08/2025 07:15;36.78
11/08/2025 07:30;36.81
11/08/2025 07:45;36.68
11/08/2025 08:00;36.75
11/08/2025 08:15;36.77
11/08/2025 08:30;36.72
11/08/2025 08:45;36.83
11/08/2025 09:00;36.93
11/08/2025 09:15;36.99
11/08/2025 09:30;36.86
11/08/2025 09:45;36.96
11/08/2025 10:00;36.96
11/08/2025 10:15;36.89
11/08/2025 10:30;36.93
11/08/2025 10:45;36.82
11/08/2025 11:00;36.86
11/08/2025 11:15;36.91
11/08/2025 11:30;36.99
11/08/2025 11:45;36.89
11/08/2025 12:00;37
11/08/2025 12:15;36.9
11/08/2025 12:30;36.86
11/08/2025 12:45;36.93
11/08/2025 13:00;36.91
11/08/2025 13:15;36.88
11/08/2025 13:30;36.95
11/08/2025 13:45;36.96
11/08/2025 14:00;36.96
11/08/2025 14:15;36.96
11/08/2025 14:30;36.95
11/08/2025 14:45;36.93
11/08/2025 15:00;36.93
11/08/2025 15:15;36.93
11/08/2025 15:30;36.96
11/08/2025 15:45;36.93
11/08/2025 16:00;36.96
11/08/2025 16:15;36.98
11/08/2025 16:30;37
11/08/2025 16:45;36.98
11/08/2025 17:00;36.98
11/08/2025 17:15;36.91
11/08/2025 17:30;36.96
11/08/2025 17:45;36.95
11/08/2025 18:00;36.95
11/08/2025 18:15;36.93
11/08/2025 18:30;36.98
11/08/2025 18:45;36.97
11/08/2025 19:00;36.91
11/08/2025 19:15;36.89
11/08/2025 19:30;36.86
11/08/2025 19:45;36.95
11/08/2025 20:00;37
11/08/2025 20:15;36.99
11/08/2025 20:30;36.93
11/08/2025 20:45;36.93
11/08/2025 21:00;36.93
11/08/2025 21:15;36.87
11/08/2025 21:30;36.9
11/08/2025 21:45;36.81
11/08/2025 22:00;36.81
11/08/2025 22:15;36.81
11/08/2025 22:30;36.8
11/08/2025 22:45;36.88
11/08/2025 23:00;36.9
11/08/2025 23:15;36.9
11/08/2025 23:30;36.8
11/08/2025 23:45;36.87
12/08/2025 00:00;36.84
12/08/2025 00:15;36.91
12/08/2025 00:30;36.9
12/08/2025 00:45;36.88
12/08/2025 01:00;36.84
12/08/2025 01:15;36.78
12/08/2025 01:30;36.81
12/08/2025 01:45;36.89
12/08/2025 02:00;36.81
12/08/2025 02:15;36.82
12/08/2025 02:30;36.83
12/08/2025 02:45;36.86
12/08/2025 03:00;36.82
12/08/2025 03:15;36.75
12/08/2025 03:30;36.82
12/08/2025 03:45;36.82
12/08/2025 04:00;36.79
12/08/2025 04:15;36.81
12/08/2025 04:30;36.8
12/08/2025 04:45;36.68
12/08/2025 05:00;36.71
12/08/2025 05:15;36.7
12/08/2025 05:30;36.72
12/08/2025 05:45;36.75
12/08/2025 06:00;36.68
12/08/2025 06:15;36.7
12/08/2025 06:30;36.7
12/08/2025 06:45;36.64
12/08/2025 07:00;36.65
12/08/2025 07:15;36.63
12/08/2025 07:30;36.68
12/08/2025 07:45;36.65
12/08/2025 08:00;36.68
12/08/2025 08:15;36.66
12/08/2025 08:30;36.58
12/08/2025 08:45;36.91
12/08/2025 09:00;37.24
12/08/2025 09:15;37.2
12/08/2025 09:30;37.23
12/08/2025 09:45;37.23
12/08/2025 10:00;37.18
12/08/2025 10:15;37.23
12/08/2025 10:30;37.23
12/08/2025 10:45;37.3
12/08/2025 11:00;37.14
12/08/2025 11:15;37.28
12/08/2025 11:30;37.27
12/08/2025 11:45;37.16
12/08/2025 12:00;37.3
12/08/2025 12:15;37.27
12/08/2025 12:30;37.22
12/08/2025 12:45;37.2
12/08/2025 13:00;37.18
12/08/2025 13:15;37.23
12/08/2025 13:30;37.25
12/08/2025 13:45;37.25
12/08/2025 14:00;37.22
12/08/2025 14:15;37.21
12/08/2025 14:30;37.23
12/08/2025 14:45;37.18
12/08/2025 15:00;37.21
12/08/2025 15:15;37.16
12/08/2025 15:30;37.18
12/08/2025 15:45;37.25
12/08/2025 16:00;37.18
12/08/2025 16:15;37.27
12/08/2025 16:30;37.24
12/08/2025 16:45;37.09
12/08/2025 17:00;37.18
12/08/2025 17:15;37.2
12/08/2025 17:30;37.13
12/08/2025 17:45;37.15
12/08/2025 18:00;37.09
12/08/2025 18:15;37.12
12/08/2025 18:30;37.05
12/08/2025 18:45;37.18
12/08/2025 19:00;37.15
12/08/2025 19:15;37.16
12/08/2025 19:30;37.13
12/08/2025 19:45;37.16
12/08/2025 20:00;37.13
12/08/2025 20:15;37.14
12/08/2025 20:30;37.15
12/08/2025 20:45;37.14
12/08/2025 21:00;37.14
12/08/2025 21:15;37.12
12/08/2025 21:30;37.2
12/08/2025 21:45;37.16
12/08/2025 22:00;37.29
12/08/2025 22:15;38.06
12/08/2025 22:30;38.05
12/08/2025 22:45;38.04
12/08/2025 23:00;38.09
12/08/2025 23:15;38.08
12/08/2025 23:30;38.16
12/08/2025 23:45;38.09
13/08/2025 00:00;38.15
13/08/2025 00:15;38.08
13/08/2025 00:30;38.14
13/08/2025 00:45;38.16
13/08/2025 01:00;38.15
13/08/2025 01:15;38.11
13/08/2025 01:30;38.13
13/08/2025 01:45;38.11
13/08/2025 02:00;38.09
13/08/2025 02:15;38.11
13/08/2025 02:30;38.18
13/08/2025 02:45;38.15
13/08/2025 03:00;37.98
13/08/2025 03:15;38.05
13/08/2025 03:30;38.09
13/08/2025 03:45;38.03
13/08/2025 04:00;38.07
13/08/2025 04:15;38.06
13/08/2025 04:30;38.11
13/08/2025 04:45;38.07
13/08/2025 05:00;37.99
13/08/2025 05:15;38.08
13/08/2025 05:30;38.07
13/08/2025 05:45;38
13/08/2025 06:00;38
13/08/2025 06:15;38.06
13/08/2025 06:30;38.05
13/08/2025 06:45;38.09
13/08/2025 07:00;38.04
13/08/2025 07:15;38.06
13/08/2025 07:30;38.09
13/08/2025 07:45;38.13
13/08/2025 08:00;38.11
13/08/2025 08:15;38.08
13/08/2025 08:30;38.06
13/08/2025 08:45;38.11
13/08/2025 09:00;38.09
13/08/2025 09:15;38.09
13/08/2025 09:30;38.11
13/08/2025 09:45;38.11
13/08/2025 10:00;38.12
13/08/2025 10:15;38.11
13/08/2025 10:30;38.09
13/08/2025 10:45;38.09
13/08/2025 11:00;38.02
13/08/2025 11:15;38.12
13/08/2025 11:30;38.04
13/08/2025 11:45;38.11
13/08/2025 12:00;38.06
13/08/2025 12:15;38
13/08/2025 12:30;38.04
13/08/2025 12:45;38.07
13/08/2025 13:00;38.07
13/08/2025 13:15;37.99
13/08/2025 13:30;37.98
13/08/2025 13:45;38.03
13/08/2025 14:00;38.11
13/08/2025 14:15;38.06
13/08/2025 14:30;38
13/08/2025 14:45;37.96
13/08/2025 15:00;37.99
13/08/2025 15:15;38.02
13/08/2025 15:30;38.07
13/08/2025 15:45;38.09
13/08/2025 16:00;38
13/08/2025 16:15;38.09
13/08/2025 16:30;38.03
13/08/2025 16:45;37.97
13/08/2025 17:00;38.03
13/08/2025 17:15;37.97
13/08/2025 17:30;37.97
13/08/2025 17:45;37.99
13/08/2025 18:00;37.91
13/08/2025 18:15;37.93
13/08/2025 18:30;38
13/08/2025 18:45;37.96
13/08/2025 19:00;37.93
13/08/2025 19:15;38.02
13/08/2025 19:30;37.99
13/08/2025 19:45;37.89
13/08/2025 20:00;37.98
13/08/2025 20:15;37.93
13/08/2025 20:30;37.97
13/08/2025 20:45;38.03
13/08/2025 21:00;37.98
13/08/2025 21:15;37.93
13/08/2025 21:30;37.96
13/08/2025 21:45;37.87
13/08/2025 22:00;37.99
13/08/2025 22:15;39.21
13/08/2025 22:30;39.45
13/08/2025 22:45;39.46
13/08/2025 23:00;39.57
13/08/2025 23:15;39.54
13/08/2025 23:30;39.56
13/08/2025 23:45;39.61
14/08/2025 00:00;39.54
14/08/2025 00:15;39.64
14/08/2025 00:30;39.57
14/08/2025 00:45;39.58
14/08/2025 01:00;39.58
14/08/2025 01:15;39.57
14/08/2025 01:30;39.52
14/08/2025 01:45;39.57
14/08/2025 02:00;39.55
14/08/2025 02:15;39.43
14/08/2025 02:30;39.48
14/08/2025 02:45;39.53
14/08/2025 03:00;39.53
14/08/2025 03:15;39.47
14/08/2025 03:30;39.4
14/08/2025 03:45;39.52
14/08/2025 04:00;39.43
14/08/2025 04:15;39.47
14/08/2025 04:30;39.43
14/08/2025 04:45;39.5
14/08/2025 05:00;39.46
14/08/2025 05:15;39.41
14/08/2025 05:30;39.47
14/08/2025 05:45;39.41
14/08/2025 06:00;39.45
14/08/2025 06:15;39.36
14/08/2025 06:30;39.4
14/08/2025 06:45;39.4
14/08/2025 07:00;39.36
14/08/2025 07:15;39.43
14/08/2025 07:30;39.41
14/08/2025 07:45;39.41
14/08/2025 08:00;39.43
14/08/2025 08:15;39.41
14/08/2025 08:30;39.41
14/08/2025 08:45;39.31
14/08/2025 09:00;39.41
14/08/2025 09:15;39.4
14/08/2025 09:30;39.49
14/08/2025 09:45;39.45
14/08/2025 10:00;39.49
14/08/2025 10:15;39.45
14/08/2025 10:30;39.5
14/08/2025 10:45;39.45
14/08/2025 11:00;39.41
14/08/2025 11:15;39.37
14/08/2025 11:30;39.45
14/08/2025 11:45;39.43
14/08/2025 12:00;39.49
14/08/2025 12:15;39.47
14/08/2025 12:30;39.38
14/08/2025 12:45;39.43
14/08/2025 13:00;39.41
14/08/2025 13:15;39.49
14/08/2025 13:30;39.37
14/08/2025 13:45;39.45
14/08/2025 14:00;39.43
14/08/2025 14:15;39.49
14/08/2025 14:30;39.47
14/08/2025 14:45;39.36
14/08/2025 15:00;39.38
14/08/2025 15:15;39.39
14/08/2025 15:30;39.38
14/08/2025 15:45;39.41
14/08/2025 16:00;39.41
14/08/2025 16:15;39.43
14/08/2025 16:30;39.54
14/08/2025 16:45;39.41
14/08/2025 17:00;39.5
14/08/2025 17:15;39.4
14/08/2025 17:30;39.43
14/08/2025 17:45;39.39
14/08/2025 18:00;39.43
14/08/2025 18:15;39.41
14/08/2025 18:30;39.41
14/08/2025 18:45;39.41
14/08/2025 19:00;39.34
14/08/2025 19:15;39.41
14/08/2025 19:30;39.36
14/08/2025 19:45;39.41
14/08/2025 20:00;39.41
14/08/2025 20:15;39.34
14/08/2025 20:30;39.45
14/08/2025 20:45;39.39
14/08/2025 21:00;39.38
14/08/2025 21:15;39.31
14/08/2025 21:30;39.39
14/08/2025 21:45;39.34
14/08/2025 22:00;39.05
14/08/2025 22:15;38.21
14/08/2025 22:30;38.21
14/08/2025 22:45;38.05
14/08/2025 23:00;38.08
14/08/2025 23:15;38.03
14/08/2025 23:30;38.11
14/08/2025 23:45;38.02
15/08/2025 00:00;38.09
15/08/2025 00:15;37.99
15/08/2025 00:30;38.05
15/08/2025 00:45;38.08
15/08/2025 01:00;38.07
15/08/2025 01:15;38.02
15/08/2025 01:30;38.09
15/08/2025 01:45;38.05
15/08/2025 02:00;38
15/08/2025 02:15;38.02
15/08/2025 02:30;37.99
15/08/2025 02:45;38
15/08/2025 03:00;37.97
15/08/2025 03:15;37.93
15/08/2025 03:30;38.05
15/08/2025 03:45;37.96
15/08/2025 04:00;37.95
15/08/2025 04:15;38
15/08/2025 04:30;37.97
15/08/2025 04:45;37.95
15/08/2025 05:00;37.96
15/08/2025 05:15;37.93
15/08/2025 05:30;37.95
15/08/2025 05:45;37.97
15/08/2025 06:00;37.93
15/08/2025 06:15;37.89
15/08/2025 06:30;38.02
15/08/2025 06:45;37.87
15/08/2025 07:00;37.97
15/08/2025 07:15;37.84
15/08/2025 07:30;37.88
15/08/2025 07:45;37.8
15/08/2025 08:00;37.89
15/08/2025 08:15;37.81
15/08/2025 08:30;37.84
15/08/2025 08:45;37.87
15/08/2025 09:00;37.81
15/08/2025 09:15;37.82
15/08/2025 09:30;37.79
15/08/2025 09:45;37.83
15/08/2025 10:00;37.86
15/08/2025 10:15;37.89
15/08/2025 10:30;37.78
15/08/2025 10:45;37.79
15/08/2025 11:00;37.84
15/08/2025 11:15;37.81
15/08/2025 11:30;37.86
15/08/2025 11:45;37.86
15/08/2025 12:00;37.84
15/08/2025 12:15;37.82
15/08/2025 12:30;37.87
15/08/2025 12:45;37.86
15/08/2025 13:00;37.81
15/08/2025 13:15;37.74
15/08/2025 13:30;37.8
15/08/2025 13:45;37.82
15/08/2025 14:00;37.83
15/08/2025 14:15;37.83
15/08/2025 14:30;37.84
15/08/2025 14:45;37.84
15/08/2025 15:00;37.84
15/08/2025 15:15;37.83
15/08/2025 15:30;37.84
15/08/2025 15:45;37.75
15/08/2025 16:00;37.78
15/08/2025 16:15;37.71
15/08/2025 16:30;37.77
15/08/2025 16:45;37.73
15/08/2025 17:00;37.78
15/08/2025 17:15;37.73
15/08/2025 17:30;37.74
15/08/2025 17:45;37.8
15/08/2025 18:00;37.74
15/08/2025 18:15;37.77
15/08/2025 18:30;37.84
15/08/2025 18:45;37.75
15/08/2025 19:00;37.75
15/08/2025 19:15;37.79
15/08/2025 19:30;37.75
15/08/2025 19:45;37.71
15/08/2025 20:00;37.8
15/08/2025 20:15;37.8
15/08/2025 20:30;37.78
15/08/2025 20:45;37.75
15/08/2025 21:00;37.73
15/08/2025 21:15;37.71
15/08/2025 21:30;37.66
15/08/2025 21:45;37.68
15/08/2025 22:00;37.63
15/08/2025 22:15;36.83
15/08/2025 22:30;36.34
15/08/2025 22:45;36.25
15/08/2025 23:00;36.14
15/08/2025 23:15;36.12
15/08/2025 23:30;36.14
15/08/2025 23:45;36.21
16/08/2025 00:00;36.11
16/08/2025 00:15;36.16
16/08/2025 00:30;36.08
16/08/2025 00:45;36.14
16/08/2025 01:00;36.11
16/08/2025 01:15;36.11
16/08/2025 01:30;36.15
16/08/2025 01:45;36.14
16/08/2025 02:00;36.12
16/08/2025 02:15;36.05
16/08/2025 02:30;36.06
16/08/2025 02:45;36.08
16/08/2025 03:00;36.14
16/08/2025 03:15;36.02
16/08/2025 03:30;36.06
16/08/2025 03:45;36.09
16/08/2025 04:00;36
16/08/2025 04:15;36
16/08/2025 04:30;36.03
16/08/2025 04:45;35.99
16/08/2025 05:00;36.06
16/08/2025 05:15;36.02
16/08/2025 05:30;36.02
16/08/2025 05:45;36.05
16/08/2025 06:00;35.97
16/08/2025 06:15;35.93
16/08/2025 06:30;35.98
16/08/2025 06:45;35.97
16/08/2025 07:00;35.98
16/08/2025 07:15;35.97
16/08/2025 07:30;35.99
16/08/2025 07:45;35.97
16/08/2025 08:00;35.9
16/08/2025 08:15;35.86
16/08/2025 08:30;35.96
16/08/2025 08:45;35.98
16/08/2025 09:00;35.87
16/08/2025 09:15;35.87
16/08/2025 09:30;35.88
16/08/2025 09:45;35.95
16/08/2025 10:00;35.91
16/08/2025 10:15;35.9
16/08/2025 10:30;35.84
16/08/2025 10:45;35.9
16/08/2025 11:00;35.95
16/08/2025 11:15;35.8
16/08/2025 11:30;35.91
16/08/2025 11:45;35.84
16/08/2025 12:00;35.8
16/08/2025 12:15;35.88
16/08/2025 12:30;35.84
16/08/2025 12:45;35.86
16/08/2025 13:00;35.83
16/08/2025 13:15;35.82
16/08/2025 13:30;35.88
16/08/2025 13:45;35.88
16/08/2025 14:00;35.9
16/08/2025 14:15;35.87
16/08/2025 14:30;35.91
16/08/2025 14:45;35.91
16/08/2025 15:00;35.84
16/08/2025 15:15;35.88
16/08/2025 15:30;35.9
16/08/2025 15:45;35.84
16/08/2025 16:00;35.9
16/08/2025 16:15;35.86
16/08/2025 16:30;35.91
16/08/2025 16:45;35.89
16/08/2025 17:00;35.86
16/08/2025 17:15;35.91
16/08/2025 17:30;35.93
16/08/2025 17:45;35.84
16/08/2025 18:00;35.83
16/08/2025 18:15;35.86
16/08/2025 18:30;35.89
16/08/2025 18:45;35.97
16/08/2025 19:00;35.95
16/08/2025 19:15;35.89
16/08/2025 19:30;35.93
16/08/2025 19:45;35.79
16/08/2025 20:00;35.87
16/08/2025 20:15;35.87
16/08/2025 20:30;35.88
16/08/2025 20:45;35.86
16/08/2025 21:00;35.9
16/08/2025 21:15;35.9
16/08/2025 21:30;35.87
16/08/2025 21:45;35.87
16/08/2025 22:00;35.84
16/08/2025 22:15;35.84
16/08/2025 22:30;35.91
16/08/2025 22:45;35.87
16/08/2025 23:00;35.83
16/08/2025 23:15;35.82
16/08/2025 23:30;35.84
16/08/2025 23:45;35.77
17/08/2025 00:00;35.82
17/08/2025 00:15;35.84
17/08/2025 00:30;35.77
17/08/2025 00:45;35.79
17/08/2025 01:00;35.84
17/08/2025 01:15;35.8
17/08/2025 01:30;35.82
17/08/2025 01:45;35.75
17/08/2025 02:00;35.77
17/08/2025 02:15;35.75
17/08/2025 02:30;35.79
17/08/2025 02:45;35.84
17/08/2025 03:00;35.78
17/08/2025 03:15;35.75
17/08/2025 03:30;35.75
17/08/2025 03:45;35.75
17/08/2025 04:00;35.77
17/08/2025 04:15;35.79
17/08/2025 04:30;35.75
17/08/2025 04:45;35.66
17/08/2025 05:00;35.74
17/08/2025 05:15;35.73
17/08/2025 05:30;35.66
17/08/2025 05:45;35.75
17/08/2025 06:00;35.7
17/08/2025 06:15;35.68
17/08/2025 06:30;35.7
17/08/2025 06:45;35.7
17/08/2025 07:00;35.72
17/08/2025 07:15;35.66
17/08/2025 07:30;35.72
17/08/2025 07:45;35.68
17/08/2025 08:00;35.66
17/08/2025 08:15;35.65
17/08/2025 08:30;35.66
17/08/2025 08:45;35.66
17/08/2025 09:00;35.66
17/08/2025 09:15;35.68
17/08/2025 09:30;35.62
17/08/2025 09:45;35.58
17/08/2025 10:00;35.68
17/08/2025 10:15;35.63
17/08/2025 10:30;35.64
17/08/2025 10:45;35.59
17/08/2025 11:00;35.58
17/08/2025 11:15;35.5
17/08/2025 11:30;35.57
17/08/2025 11:45;35.64
17/08/2025 12:00;35.57
17/08/2025 12:15;35.53
17/08/2025 12:30;35.64
17/08/2025 12:45;35.53
17/08/2025 13:00;35.57
17/08/2025 13:15;35.54
17/08/2025 13:30;35.7
17/08/2025 13:45;35.75
17/08/2025 14:00;35.72
17/08/2025 14:15;35.77
17/08/2025 14:30;35.79
17/08/2025 14:45;35.84
17/08/2025 15:00;35.8
17/08/2025 15:15;35.75
17/08/2025 15:30;35.78
17/08/2025 15:45;35.75
17/08/2025 16:00;35.78
17/08/2025 16:15;35.79
17/08/2025 16:30;35.75
17/08/2025 16:45;35.81
17/08/2025 17:00;35.75
17/08/2025 17:15;35.78
17/08/2025 17:30;35.79
17/08/2025 17:45;35.71
17/08/2025 18:00;35.77
17/08/2025 18:15;35.75
17/08/2025 18:30;35.79
17/08/2025 18:45;35.77
17/08/2025 19:00;35.83
17/08/2025 19:15;35.75
17/08/2025 19:30;35.73
17/08/2025 19:45;35.75
17/08/2025 20:00;35.75
17/08/2025 20:15;35.72
17/08/2025 20:30;35.71
17/08/2025 20:45;35.75
17/08/2025 21:00;35.77
17/08/2025 21:15;35.78
17/08/2025 21:30;35.75
17/08/2025 21:45;35.77
17/08/2025 22:00;35.74
17/08/2025 22:15;35.75
17/08/2025 22:30;35.75
17/08/2025 22:45;35.81
17/08/2025 23:00;35.78
17/08/2025 23:15;35.68
17/08/2025 23:30;35.65
17/08/2025 23:45;35.66
18/08/2025 00:00;35.7
18/08/2025 00:15;35.68
18/08/2025 00:30;35.75
18/08/2025 00:45;35.63
18/08/2025 01:00;35.61
18/08/2025 01:15;35.73
18/08/2025 01:30;35.62
18/08/2025 01:45;35.64
18/08/2025 02:00;35.68
18/08/2025 02:15;35.66
18/08/2025 02:30;35.68
18/08/2025 02:45;35.63
18/08/2025 03:00;35.65
18/08/2025 03:15;35.61
18/08/2025 03:30;35.64
18/08/2025 03:45;35.59
18/08/2025 04:00;35.63
18/08/2025 04:15;35.59
18/08/2025 04:30;35.63
18/08/2025 04:45;35.56
18/08/2025 05:00;35.59
18/08/2025 05:15;35.58
18/08/2025 05:30;35.64
18/08/2025 05:45;35.63
18/08/2025 06:00;35.52
18/08/2025 06:15;35.56
18/08/2025 06:30;35.55
18/08/2025 06:45;35.59
18/08/2025 07:00;35.55
18/08/2025 07:15;35.58
18/08/2025 07:30;35.57
18/08/2025 07:45;35.52
18/08/2025 08:00;35.64
18/08/2025 08:15;35.59
18/08/2025 08:30;35.56
18/08/2025 08:45;35.57
18/08/2025 09:00;35.93
18/08/2025 09:15;35.93
18/08/2025 09:30;35.91
18/08/2025 09:45;36
18/08/2025 10:00;35.97
18/08/2025 10:15;35.98
18/08/2025 10:30;35.96
18/08/2025 10:45;35.93
18/08/2025 11:00;35.9
18/08/2025 11:15;35.75
18/08/2025 11:30;35.75
18/08/2025 11:45;35.73
18/08/2025 12:00;35.68
18/08/2025 12:15;35.65
18/08/2025 12:30;35.7
18/08/2025 12:45;35.66
18/08/2025 13:00;35.64
18/08/2025 13:15;35.66
18/08/2025 13:30;35.61
18/08/2025 13:45;35.62
18/08/2025 14:00;35.61
18/08/2025 14:15;35.61
18/08/2025 14:30;35.62
18/08/2025 14:45;35.58
18/08/2025 15:00;35.59
18/08/2025 15:15;35.61
18/08/2025 15:30;35.65
18/08/2025 15:45;35.66
18/08/2025 16:00;35.63
18/08/2025 16:15;35.59
18/08/2025 16:30;35.63
18/08/2025 16:45;35.58
18/08/2025 17:00;35.7
18/08/2025 17:15;35.66
18/08/2025 17:30;35.59
18/08/2025 17:45;35.59
18/08/2025 18:00;35.64
18/08/2025 18:15;35.56
18/08/2025 18:30;35.61
18/08/2025 18:45;35.66
18/08/2025 19:00;35.56
18/08/2025 19:15;35.56
18/08/2025 19:30;35.58
18/08/2025 19:45;35.55
18/08/2025 20:00;35.53
18/08/2025 20:15;35.53
18/08/2025 20:30;35.56
18/08/2025 20:45;35.59
18/08/2025 21:00;35.52
18/08/2025 21:15;35.59
18/08/2025 21:30;35.52
18/08/2025 21:45;35.12
18/08/2025 22:00;34.24
18/08/2025 22:15;34.18
18/08/2025 22:30;34.09
18/08/2025 22:45;34.07
18/08/2025 23:00;34.09
18/08/2025 23:15;34.11
18/08/2025 23:30;34.08
18/08/2025 23:45;33.97
19/08/2025 00:00;34.03
19/08/2025 00:15;33.97
19/08/2025 00:30;34.08
19/08/2025 00:45;34.05
19/08/2025 01:00;34.09
19/08/2025 01:15;34.02
19/08/2025 01:30;34.05
19/08/2025 01:45;34
19/08/2025 02:00;34.03
19/08/2025 02:15;34.04
19/08/2025 02:30;34.04
19/08/2025 02:45;34.03
19/08/2025 03:00;34
19/08/2025 03:15;34.03
19/08/2025 03:30;33.98
19/08/2025 03:45;33.98
19/08/2025 04:00;34
19/08/2025 04:15;33.96
19/08/2025 04:30;34.02
19/08/2025 04:45;33.93
19/08/2025 05:00;33.93
19/08/2025 05:15;33.97
19/08/2025 05:30;34.02
19/08/2025 05:45;33.91
19/08/2025 06:00;33.93
19/08/2025 06:15;33.99
19/08/2025 06:30;33.99
19/08/2025 06:45;33.99
19/08/2025 07:00;33.97
19/08/2025 07:15;33.93
19/08/2025 07:30;34.05
19/08/2025 07:45;34
19/08/2025 08:00;34
19/08/2025 08:15;34.03
19/08/2025 08:30;33.98
19/08/2025 08:45;33.97
19/08/2025 09:00;33.96
19/08/2025 09:15;33.98
19/08/2025 09:30;34
19/08/2025 09:45;33.98
19/08/2025 10:00;33.98
19/08/2025 10:15;33.98
19/08/2025 10:30;33.95
19/08/2025 10:45;33.89
19/08/2025 11:00;33.93
19/08/2025 11:15;34.02
19/08/2025 11:30;33.98
19/08/2025 11:45;33.96
19/08/2025 12:00;34.02
19/08/2025 12:15;33.9
19/08/2025 12:30;33.95
19/08/2025 12:45;33.93
19/08/2025 13:00;33.86
19/08/2025 13:15;33.93
19/08/2025 13:30;33.96
19/08/2025 13:45;33.95
19/08/2025 14:00;33.93
19/08/2025 14:15;33.88
19/08/2025 14:30;33.95
19/08/2025 14:45;34.03
19/08/2025 15:00;34.04
19/08/2025 15:15;34.04
19/08/2025 15:30;34
19/08/2025 15:45;34.06
19/08/2025 16:00;34
19/08/2025 16:15;34.06
19/08/2025 16:30;34
19/08/2025 16:45;34.05
19/08/2025 17:00;34.02
19/08/2025 17:15;34
19/08/2025 17:30;34.06
19/08/2025 17:45;34.06
19/08/2025 18:00;34.06
19/08/2025 18:15;33.99
19/08/2025 18:30;34.03
19/08/2025 18:45;34.05
19/08/2025 19:00;34.03
19/08/2025 19:15;33.99
19/08/2025 19:30;34.06
19/08/2025 19:45;34
19/08/2025 20:00;34.03
19/08/2025 20:15;34.04
19/08/2025 20:30;34
19/08/2025 20:45;33.99
19/08/2025 21:00;34.02
19/08/2025 21:15;34
19/08/2025 21:30;33.95
19/08/2025 21:45;34
19/08/2025 22:00;33.99
19/08/2025 22:15;33.95
19/08/2025 22:30;33.91
19/08/2025 22:45;33.84
19/08/2025 23:00;33.91
19/08/2025 23:15;33.93
19/08/2025 23:30;33.87
19/08/2025 23:45;33.95
20/08/2025 00:00;33.89
20/08/2025 00:15;33.9
20/08/2025 00:30;33.91
20/08/2025 00:45;33.93
20/08/2025 01:00;33.89
20/08/2025 01:15;33.93
20/08/2025 01:30;33.89
20/08/2025 01:45;33.88
20/08/2025 02:00;33.83
20/08/2025 02:15;33.81
20/08/2025 02:30;33.84
20/08/2025 02:45;33.84
20/08/2025 03:00;33.82
20/08/2025 03:15;33.77
20/08/2025 03:30;33.84
20/08/2025 03:45;33.9
20/08/2025 04:00;33.81
20/08/2025 04:15;33.8
20/08/2025 04:30;33.82
20/08/2025 04:45;33.81
20/08/2025 05:00;33.8
20/08/2025 05:15;33.82
20/08/2025 05:30;33.78
20/08/2025 05:45;33.74
20/08/2025 06:00;33.82
20/08/2025 06:15;33.73
20/08/2025 06:30;33.77
20/08/2025 06:45;33.72
20/08/2025 07:00;33.78
20/08/2025 07:15;33.8
20/08/2025 07:30;33.89
20/08/2025 07:45;33.95
20/08/2025 08:00;33.95
20/08/2025 08:15;33.95
20/08/2025 08:30;34
20/08/2025 08:45;33.89
20/08/2025 09:00;34
20/08/2025 09:15;33.98
20/08/2025 09:30;33.98
20/08/2025 09:45;33.96
20/08/2025 10:00;33.95
20/08/2025 10:15;33.97
20/08/2025 10:30;33.96
20/08/2025 10:45;33.9
20/08/2025 11:00;33.68
20/08/2025 11:15;34.05
20/08/2025 11:30;33.66
20/08/2025 11:45;34
20/08/2025 12:00;34.16
20/08/2025 12:15;34.07
20/08/2025 12:30;34.05
20/08/2025 12:45;33.77
20/08/2025 13:00;33.96
20/08/2025 13:15;33.97
20/08/2025 13:30;34
20/08/2025 13:45;34
20/08/2025 14:00;33.99
20/08/2025 14:15;34.04
20/08/2025 14:30;34
20/08/2025 14:45;33.97
20/08/2025 15:00;33.96
20/08/2025 15:15;33.99
20/08/2025 15:30;33.99
20/08/2025 15:45;34.03
20/08/2025 16:00;33.99
20/08/2025 16:15;34
20/08/2025 16:30;33.97
20/08/2025 16:45;33.91
20/08/2025 17:00;33.88
20/08/2025 17:15;33.87
20/08/2025 17:30;33.96
20/08/2025 17:45;33.93
20/08/2025 18:00;33.93
20/08/2025 18:15;33.91
20/08/2025 18:30;33.95
20/08/2025 18:45;33.93
20/08/2025 19:00;33.95
20/08/2025 19:15;33.89
20/08/2025 19:30;33.89
20/08/2025 19:45;34
20/08/2025 20:00;33.84
20/08/2025 20:15;33.91
20/08/2025 20:30;33.91
20/08/2025 20:45;33.91
20/08/2025 21:00;33.89
20/08/2025 21:15;33.91
20/08/2025 21:30;33.89
20/08/2025 21:45;33.84
20/08/2025 22:00;33.84
20/08/2025 22:15;33.87
20/08/2025 22:30;33.91
20/08/2025 22:45;33.84
20/08/2025 23:00;33.82
20/08/2025 23:15;33.86
20/08/2025 23:30;33.89
20/08/2025 23:45;33.82
21/08/2025 00:00;33.83
21/08/2025 00:15;33.84
21/08/2025 00:30;33.87
21/08/2025 00:45;33.84
21/08/2025 01:00;33.86
21/08/2025 01:15;33.86
21/08/2025 01:30;33.84
21/08/2025 01:45;33.83
21/08/2025 02:00;33.84
21/08/2025 02:15;33.84
21/08/2025 02:30;33.78
21/08/2025 02:45;33.82
21/08/2025 03:00;33.77
21/08/2025 03:15;33.81
21/08/2025 03:30;33.8
21/08/2025 03:45;33.79
21/08/2025 04:00;33.78
21/08/2025 04:15;33.78
21/08/2025 04:30;33.74
21/08/2025 04:45;33.73
21/08/2025 05:00;33.75
21/08/2025 05:15;33.79
21/08/2025 05:30;33.81
21/08/2025 05:45;33.75
21/08/2025 06:00;33.77
21/08/2025 06:15;33.75
21/08/2025 06:30;33.7
21/08/2025 06:45;33.75
21/08/2025 07:00;33.79
21/08/2025 07:15;33.74
21/08/2025 07:30;33.91
21/08/2025 07:45;33.93
21/08/2025 08:00;33.93
21/08/2025 08:15;33.93
21/08/2025 08:30;33.93
21/08/2025 08:45;33.88
21/08/2025 09:00;33.86
21/08/2025 09:15;33.9
21/08/2025 09:30;33.88
21/08/2025 09:45;33.88
21/08/2025 10:00;33.99
21/08/2025 10:15;33.91
21/08/2025 10:30;33.93
21/08/2025 10:45;33.89
21/08/2025 11:00;33.84
21/08/2025 11:15;33.91
21/08/2025 11:30;33.8
21/08/2025 11:45;33.9
21/08/2025 12:00;33.93
21/08/2025 12:15;33.87
21/08/2025 12:30;33.83
21/08/2025 12:45;33.88
21/08/2025 13:00;33.84
21/08/2025 13:15;33.81
21/08/2025 13:30;33.79
21/08/2025 13:45;33.88
21/08/2025 14:00;33.87
21/08/2025 14:15;33.87
21/08/2025 14:30;33.89
21/08/2025 14:45;33.91
21/08/2025 15:00;34
21/08/2025 15:15;33.97
21/08/2025 15:30;33.93
21/08/2025 15:45;33.95
21/08/2025 16:00;33.96
21/08/2025 16:15;33.91
21/08/2025 16:30;33.93
21/08/2025 16:45;33.96
21/08/2025 17:00;33.93
21/08/2025 17:15;33.91
21/08/2025 17:30;33.84
21/08/2025 17:45;33.89
21/08/2025 18:00;33.84
21/08/2025 18:15;33.91
21/08/2025 18:30;33.88
21/08/2025 18:45;33.91
21/08/2025 19:00;33.93
21/08/2025 19:15;33.93
21/08/2025 19:30;33.9
21/08/2025 19:45;33.95
21/08/2025 20:00;33.93
21/08/2025 20:15;33.89
21/08/2025 20:30;33.91
21/08/2025 20:45;33.89
21/08/2025 21:00;33.84
21/08/2025 21:15;33.93
21/08/2025 21:30;33.95
21/08/2025 21:45;33.87
21/08/2025 22:00;33.91
21/08/2025 22:15;34.13
21/08/2025 22:30;35.12
21/08/2025 22:45;35.18
21/08/2025 23:00;35.27
21/08/2025 23:15;35.33
21/08/2025 23:30;35.33
21/08/2025 23:45;35.39
22/08/2025 00:00;35.33
22/08/2025 00:15;35.33
22/08/2025 00:30;35.31
22/08/2025 00:45;35.32
22/08/2025 01:00;35.34
22/08/2025 01:15;35.29
22/08/2025 01:30;35.31
22/08/2025 01:45;35.29
22/08/2025 02:00;35.21
22/08/2025 02:15;35.34
22/08/2025 02:30;35.3
22/08/2025 02:45;35.25
22/08/2025 03:00;35.24
22/08/2025 03:15;35.33
22/08/2025 03:30;35.25
22/08/2025 03:45;35.24
22/08/2025 04:00;35.34
22/08/2025 04:15;35.28
22/08/2025 04:30;35.31
22/08/2025 04:45;35.22
22/08/2025 05:00;35.15
22/08/2025 05:15;35.22
22/08/2025 05:30;35.24
22/08/2025 05:45;35.24
22/08/2025 06:00;35.21
22/08/2025 06:15;35.25
22/08/2025 06:30;35.2
22/08/2025 06:45;35.2
22/08/2025 07:00;35.2
22/08/2025 07:15;35.18
22/08/2025 07:30;35.2
22/08/2025 07:45;35.2
22/08/2025 08:00;35.16
22/08/2025 08:15;35.18
22/08/2025 08:30;35.16
22/08/2025 08:45;35.14
22/08/2025 09:00;35.14
22/08/2025 09:15;35.21
22/08/2025 09:30;34.99
22/08/2025 09:45;33.5
22/08/2025 10:00;33.27
22/08/2025 10:15;33.23
22/08/2025 10:30;33.24
22/08/2025 10:45;33.2
22/08/2025 11:00;33.18
22/08/2025 11:15;33.11
22/08/2025 11:30;32.89
22/08/2025 11:45;32.36
22/08/2025 12:00;32.27
22/08/2025 12:15;32.29
22/08/2025 12:30;32.25
22/08/2025 12:45;32.25
22/08/2025 13:00;32.28
22/08/2025 13:15;32.18
22/08/2025 13:30;32.16
22/08/2025 13:45;32.2
22/08/2025 14:00;32.15
22/08/2025 14:15;32.21
22/08/2025 14:30;32.15
22/08/2025 14:45;32.11
22/08/2025 15:00;32.15
22/08/2025 15:15;32.14
22/08/2025 15:30;32.18
22/08/2025 15:45;32.16
22/08/2025 16:00;32.16
22/08/2025 16:15;32.12
22/08/2025 16:30;32.12
22/08/2025 16:45;32.15
22/08/2025 17:00;32.08
22/08/2025 17:15;32.11
22/08/2025 17:30;32.07
22/08/2025 17:45;32.14
22/08/2025 18:00;32.16
22/08/2025 18:15;32.18
22/08/2025 18:30;32.22
22/08/2025 18:45;32.18
22/08/2025 19:00;32.11
22/08/2025 19:15;32.09
22/08/2025 19:30;32.07
22/08/2025 19:45;32.09
22/08/2025 20:00;32.11
22/08/2025 20:15;32.07
22/08/2025 20:30;32.11
22/08/2025 20:45;32.06
22/08/2025 21:00;32.06
22/08/2025 21:15;31.7
22/08/2025 21:30;29.98
22/08/2025 21:45;29.73
22/08/2025 22:00;29.61
22/08/2025 22:15;29.54
22/08/2025 22:30;29.5
22/08/2025 22:45;29.49
22/08/2025 23:00;29.49
22/08/2025 23:15;29.46
22/08/2025 23:30;29.49
22/08/2025 23:45;29.45
23/08/2025 00:00;29.46
23/08/2025 00:15;29.42
23/08/2025 00:30;29.57
23/08/2025 00:45;29.57
23/08/2025 01:00;29.54
23/08/2025 01:15;29.59
23/08/2025 01:30;29.56
23/08/2025 01:45;29.55
23/08/2025 02:00;29.58
23/08/2025 02:15;29.49
23/08/2025 02:30;29.52
23/08/2025 02:45;29.53
23/08/2025 03:00;29.54
23/08/2025 03:15;29.54
23/08/2025 03:30;29.51
23/08/2025 03:45;29.58
23/08/2025 04:00;29.53
23/08/2025 04:15;29.53
23/08/2025 04:30;29.49
23/08/2025 04:45;29.45
23/08/2025 05:00;29.51
23/08/2025 05:15;29.51
23/08/2025 05:30;29.49
23/08/2025 05:45;29.57
23/08/2025 06:00;29.52
23/08/2025 06:15;29.51
23/08/2025 06:30;29.44
23/08/2025 06:45;29.46
23/08/2025 07:00;29.43
23/08/2025 07:15;29.45
23/08/2025 07:30;29.42
23/08/2025 07:45;29.46
23/08/2025 08:00;29.44
23/08/2025 08:15;29.5
23/08/2025 08:30;29.48
23/08/2025 08:45;29.48
23/08/2025 09:00;29.46
23/08/2025 09:15;29.47
23/08/2025 09:30;29.49
23/08/2025 09:45;29.5
23/08/2025 10:00;29.51
23/08/2025 10:15;29.5
23/08/2025 10:30;29.48
23/08/2025 10:45;29.44
23/08/2025 11:00;29.48
23/08/2025 11:15;29.39
23/08/2025 11:30;29.56
23/08/2025 11:45;29.61
23/08/2025 12:00;29.63
23/08/2025 12:15;29.6
23/08/2025 12:30;29.7
23/08/2025 12:45;29.67
23/08/2025 13:00;29.66
23/08/2025 13:15;29.64
23/08/2025 13:30;29.61
23/08/2025 13:45;29.61
23/08/2025 14:00;29.62
23/08/2025 14:15;29.62
23/08/2025 14:30;29.59
23/08/2025 14:45;29.63
23/08/2025 15:00;29.57
23/08/2025 15:15;29.63
23/08/2025 15:30;29.65
23/08/2025 15:45;29.57
23/08/2025 16:00;29.59
23/08/2025 16:15;29.58
23/08/2025 16:30;29.57
23/08/2025 16:45;29.62
23/08/2025 17:00;29.58
23/08/2025 17:15;29.57
23/08/2025 17:30;29.62
23/08/2025 17:45;29.56
23/08/2025 18:00;29.61
23/08/2025 18:15;29.61
23/08/2025 18:30;29.62
23/08/2025 18:45;29.64
23/08/2025 19:00;29.58
23/08/2025 19:15;29.55
23/08/2025 19:30;29.55
23/08/2025 19:45;29.59
23/08/2025 20:00;29.61
23/08/2025 20:15;29.55
23/08/2025 20:30;29.55
23/08/2025 20:45;29.58
23/08/2025 21:00;29.54
23/08/2025 21:15;29.56
23/08/2025 21:30;29.54
23/08/2025 21:45;29.47
23/08/2025 22:00;29.47
23/08/2025 22:15;29.47
23/08/2025 22:30;29.48
23/08/2025 22:45;29.51
23/08/2025 23:00;29.47
23/08/2025 23:15;29.49
23/08/2025 23:30;29.54
23/08/2025 23:45;29.52
24/08/2025 00:00;29.49
24/08/2025 00:15;29.5
24/08/2025 00:30;29.48
24/08/2025 00:45;29.42
24/08/2025 01:00;29.45
24/08/2025 01:15;29.48
24/08/2025 01:30;29.54
24/08/2025 01:45;29.47
24/08/2025 02:00;29.51
24/08/2025 02:15;29.53
24/08/2025 02:30;29.49
24/08/2025 02:45;29.48
24/08/2025 03:00;29.48
24/08/2025 03:15;29.48
24/08/2025 03:30;29.54
24/08/2025 03:45;29.56
24/08/2025 04:00;29.54
24/08/2025 04:15;29.45
24/08/2025 04:30;29.43
24/08/2025 04:45;29.44
24/08/2025 05:00;29.41
24/08/2025 05:15;29.41
24/08/2025 05:30;29.46
24/08/2025 05:45;29.43
24/08/2025 06:00;29.4
24/08/2025 06:15;29.42
24/08/2025 06:30;29.4
24/08/2025 06:45;29.41
24/08/2025 07:00;29.38
24/08/2025 07:15;29.42
24/08/2025 07:30;29.37
24/08/2025 07:45;29.41
24/08/2025 08:00;29.46
24/08/2025 08:15;29.38
24/08/2025 08:30;29.41
24/08/2025 08:45;29.39
24/08/2025 09:00;29.4
24/08/2025 09:15;29.38
24/08/2025 09:30;29.34
24/08/2025 09:45;29.4
24/08/2025 10:00;29.4
24/08/2025 10:15;29.42
24/08/2025 10:30;29.37
24/08/2025 10:45;29.42
24/08/2025 11:00;29.38
24/08/2025 11:15;29.33
24/08/2025 11:30;29.35
24/08/2025 11:45;29.34
24/08/2025 12:00;29.33
24/08/2025 12:15;29.35
24/08/2025 12:30;29.35
24/08/2025 12:45;29.37
24/08/2025 13:00;29.46
24/08/2025 13:15;29.57
24/08/2025 13:30;29.56
24/08/2025 13:45;29.51
24/08/2025 14:00;29.46
24/08/2025 14:15;29.45
24/08/2025 14:30;29.45
24/08/2025 14:45;29.47
24/08/2025 15:00;29.47
24/08/2025 15:15;29.47
24/08/2025 15:30;29.48
24/08/2025 15:45;29.5
24/08/2025 16:00;29.45
24/08/2025 16:15;29.45
24/08/2025 16:30;29.46
24/08/2025 16:45;29.48
24/08/2025 17:00;29.41
24/08/2025 17:15;29.47
24/08/2025 17:30;29.47
24/08/2025 17:45;29.5
24/08/2025 18:00;29.5
24/08/2025 18:15;29.52
24/08/2025 18:30;29.5
24/08/2025 18:45;29.42
24/08/2025 19:00;29.48
24/08/2025 19:15;29.44
24/08/2025 19:30;29.41
24/08/2025 19:45;29.4
24/08/2025 20:00;29.39
24/08/2025 20:15;29.46
24/08/2025 20:30;29.37
24/08/2025 20:45;29.38
24/08/2025 21:00;29.4
24/08/2025 21:15;29.42
24/08/2025 21:30;29.42
24/08/2025 21:45;29.41
24/08/2025 22:00;29.39
24/08/2025 22:15;30.6
24/08/2025 22:30;31.55
24/08/2025 22:45;31.69
24/08/2025 23:00;31.76
24/08/2025 23:15;31.7
24/08/2025 23:30;31.75
24/08/2025 23:45;31.72
25/08/2025 00:00;31.66
25/08/2025 00:15;31.68
25/08/2025 00:30;31.75
25/08/2025 00:45;31.67
25/08/2025 01:00;31.71
25/08/2025 01:15;31.75
25/08/2025 01:30;31.77
25/08/2025 01:45;31.71
25/08/2025 02:00;31.68
25/08/2025 02:15;31.66
25/08/2025 02:30;31.64
25/08/2025 02:45;31.67
25/08/2025 03:00;31.66
25/08/2025 03:15;31.67
25/08/2025 03:30;31.64
25/08/2025 03:45;31.62
25/08/2025 04:00;31.6
25/08/2025 04:15;31.62
25/08/2025 04:30;31.66
25/08/2025 04:45;31.68
25/08/2025 05:00;31.64
25/08/2025 05:15;31.67
25/08/2025 05:30;31.65
25/08/2025 05:45;31.64
25/08/2025 06:00;31.59
25/08/2025 06:15;31.61
25/08/2025 06:30;31.62
25/08/2025 06:45;31.6
25/08/2025 07:00;31.6
25/08/2025 07:15;31.53
25/08/2025 07:30;31.59
25/08/2025 07:45;31.62
25/08/2025 08:00;31.7
25/08/2025 08:15;31.64
25/08/2025 08:30;31.63
25/08/2025 08:45;31.56
25/08/2025 09:00;31.56
25/08/2025 09:15;31.61
25/08/2025 09:30;31.56
25/08/2025 09:45;31.64
25/08/2025 10:00;32.59
25/08/2025 10:15;33.78
25/08/2025 10:30;33.95
25/08/2025 10:45;34.07
25/08/2025 11:00;34.09
25/08/2025 11:15;34.11
25/08/2025 11:30;34.13
25/08/2025 11:45;34.09
25/08/2025 12:00;34.09
25/08/2025 12:15;34.08
25/08/2025 12:30;34.04
25/08/2025 12:45;34.14
25/08/2025 13:00;34.11
25/08/2025 13:15;34.16
25/08/2025 13:30;34.15
25/08/2025 13:45;34.09
25/08/2025 14:00;34.14
25/08/2025 14:15;34.15
25/08/2025 14:30;34.15
25/08/2025 14:45;34.2
25/08/2025 15:00;34.12
25/08/2025 15:15;34.07
25/08/2025 15:30;34.13
25/08/2025 15:45;34.13
25/08/2025 16:00;34.16
25/08/2025 16:15;34.11
25/08/2025 16:30;34.13
25/08/2025 16:45;34.09
25/08/2025 17:00;34.06
25/08/2025 17:15;34.04
25/08/2025 17:30;34.06
25/08/2025 17:45;34.08
25/08/2025 18:00;34.13
25/08/2025 18:15;34.02
25/08/2025 18:30;34.06
25/08/2025 18:45;34.11
25/08/2025 19:00;34.04
25/08/2025 19:15;34.07
25/08/2025 19:30;34.05
25/08/2025 19:45;34
25/08/2025 20:00;34.07
25/08/2025 20:15;34.07
25/08/2025 20:30;33.95
25/08/2025 20:45;34
25/08/2025 21:00;34.03
25/08/2025 21:15;34.03
25/08/2025 21:30;34
25/08/2025 21:45;34
25/08/2025 22:00;34.05
25/08/2025 22:15;34.02
25/08/2025 22:30;33.99
25/08/2025 22:45;34
25/08/2025 23:00;34.03
25/08/2025 23:15;34
25/08/2025 23:30;33.99
25/08/2025 23:45;33.91
26/08/2025 00:00;34
26/08/2025 00:15;34
26/08/2025 00:30;33.95
26/08/2025 00:45;33.93
26/08/2025 01:00;33.98
26/08/2025 01:15;33.93
26/08/2025 01:30;33.93
26/08/2025 01:45;33.91
26/08/2025 02:00;33.96
26/08/2025 02:15;33.99
26/08/2025 02:30;33.93
26/08/2025 02:45;33.91
26/08/2025 03:00;33.93
26/08/2025 03:15;33.95
26/08/2025 03:30;33.99
26/08/2025 03:45;33.93
26/08/2025 04:00;33.93
26/08/2025 04:15;33.99
26/08/2025 04:30;33.91
26/08/2025 04:45;33.89
26/08/2025 05:00;33.84
26/08/2025 05:15;33.89
26/08/2025 05:30;33.9
26/08/2025 05:45;33.88
26/08/2025 06:00;33.88
26/08/2025 06:15;33.9
26/08/2025 06:30;33.88
26/08/2025 06:45;33.91
26/08/2025 07:00;33.88
26/08/2025 07:15;33.83
26/08/2025 07:30;33.81
26/08/2025 07:45;33.82
26/08/2025 08:00;33.81
26/08/2025 08:15;33.82
26/08/2025 08:30;33.84
26/08/2025 08:45;33.84
26/08/2025 09:00;33.8
26/08/2025 09:15;33.86
26/08/2025 09:30;33.75
26/08/2025 09:45;33.79
26/08/2025 10:00;33.83
26/08/2025 10:15;33.77
26/08/2025 10:30;33.78
26/08/2025 10:45;33.83
26/08/2025 11:00;33.83
26/08/2025 11:15;33.84
26/08/2025 11:30;33.83
26/08/2025 11:45;33.8
26/08/2025 12:00;33.78
26/08/2025 12:15;33.75
26/08/2025 12:30;33.75
26/08/2025 12:45;33.78
26/08/2025 13:00;33.73
26/08/2025 13:15;33.75
26/08/2025 13:30;33.74
26/08/2025 13:45;33.72
26/08/2025 14:00;33.75
26/08/2025 14:15;33.73
26/08/2025 14:30;33.74
26/08/2025 14:45;33.75
26/08/2025 15:00;33.72
26/08/2025 15:15;33.73
26/08/2025 15:30;33.72
26/08/2025 15:45;33.63
26/08/2025 16:00;33.7
26/08/2025 16:15;33.65
26/08/2025 16:30;33.74
26/08/2025 16:45;33.68
26/08/2025 17:00;33.74
26/08/2025 17:15;33.73
26/08/2025 17:30;33.7
26/08/2025 17:45;33.66
26/08/2025 18:00;33.68
26/08/2025 18:15;33.71
26/08/2025 18:30;33.7
26/08/2025 18:45;33.73
26/08/2025 19:00;33.68
26/08/2025 19:15;33.68
26/08/2025 19:30;33.68
26/08/2025 19:45;33.68
26/08/2025 20:00;33.71
26/08/2025 20:15;33.74
26/08/2025 20:30;33.75
26/08/2025 20:45;33.62
26/08/2025 21:00;33.7
26/08/2025 21:15;33.59
26/08/2025 21:30;33.59
26/08/2025 21:45;33.64
26/08/2025 22:00;33.61
26/08/2025 22:15;36.09
26/08/2025 22:30;37.24
26/08/2025 22:45;37.53
26/08/2025 23:00;37.61
26/08/2025 23:15;37.59
26/08/2025 23:30;37.65
26/08/2025 23:45;37.68
27/08/2025 00:00;37.68
27/08/2025 00:15;37.68
27/08/2025 00:30;37.68
27/08/2025 00:45;37.7
27/08/2025 01:00;37.65
27/08/2025 01:15;37.59
27/08/2025 01:30;37.7
27/08/2025 01:45;37.7
27/08/2025 02:00;37.57
27/08/2025 02:15;37.64
27/08/2025 02:30;37.63
27/08/2025 02:45;37.65
27/08/2025 03:00;37.62
27/08/2025 03:15;37.61
27/08/2025 03:30;37.59
27/08/2025 03:45;37.64
27/08/2025 04:00;37.61
27/08/2025 04:15;37.66
27/08/2025 04:30;37.64
27/08/2025 04:45;37.68
27/08/2025 05:00;37.63
27/08/2025 05:15;37.61
27/08/2025 05:30;37.66
27/08/2025 05:45;37.57
27/08/2025 06:00;37.54
27/08/2025 06:15;37.56
27/08/2025 06:30;37.57
27/08/2025 06:45;37.55
27/08/2025 07:00;37.52
27/08/2025 07:15;37.54
27/08/2025 07:30;37.54
27/08/2025 07:45;37.59
27/08/2025 08:00;37.59
27/08/2025 08:15;37.54
27/08/2025 08:30;37.59
27/08/2025 08:45;37.55
27/08/2025 09:00;37.62
27/08/2025 09:15;37.53
27/08/2025 09:30;37.52
27/08/2025 09:45;37.53
27/08/2025 10:00;37.52
27/08/2025 10:15;37.47
27/08/2025 10:30;37.56
27/08/2025 10:45;37.57
27/08/2025 11:00;37.47
27/08/2025 11:15;37.49
27/08/2025 11:30;37.48
27/08/2025 11:45;37.5
27/08/2025 12:00;37.43
27/08/2025 12:15;37.52
27/08/2025 12:30;37.48
27/08/2025 12:45;37.39
27/08/2025 13:00;37.41
27/08/2025 13:15;37.47
27/08/2025 13:30;37.52
27/08/2025 13:45;37.43
27/08/2025 14:00;37.43
27/08/2025 14:15;37.53
27/08/2025 14:30;37.45
27/08/2025 14:45;37.4
27/08/2025 15:00;37.43
27/08/2025 15:15;37.41
27/08/2025 15:30;37.41
27/08/2025 15:45;37.39
27/08/2025 16:00;37.39
27/08/2025 16:15;37.38
27/08/2025 16:30;37.41
27/08/2025 16:45;37.36
27/08/2025 17:00;37.38
27/08/2025 17:15;37.46
27/08/2025 17:30;37.47
27/08/2025 17:45;37.31
27/08/2025 18:00;37.39
27/08/2025 18:15;37.45
27/08/2025 18:30;37.34
27/08/2025 18:45;37.4
27/08/2025 19:00;37.38
27/08/2025 19:15;37.4
27/08/2025 19:30;37.39
27/08/2025 19:45;37.4
27/08/2025 20:00;37.41
27/08/2025 20:15;37.36
27/08/2025 20:30;37.38
27/08/2025 20:45;37.33
27/08/2025 21:00;37.34
27/08/2025 21:15;37.34
27/08/2025 21:30;37.25
27/08/2025 21:45;37.31
27/08/2025 22:00;37.07
27/08/2025 22:15;35.52
27/08/2025 22:30;35.29
27/08/2025 22:45;35.25
27/08/2025 23:00;35.2
27/08/2025 23:15;35.18
27/08/2025 23:30;35.18
27/08/2025 23:45;35.18
28/08/2025 00:00;35.16
28/08/2025 00:15;35.15
28/08/2025 00:30;35.12
28/08/2025 00:45;35.49
28/08/2025 01:00;35.58
28/08/2025 01:15;35.59
28/08/2025 01:30;35.59
28/08/2025 01:45;35.61
28/08/2025 02:00;35.68
28/08/2025 02:15;35.59
28/08/2025 02:30;35.58
28/08/2025 02:45;35.57
28/08/2025 03:00;35.57
28/08/2025 03:15;35.56
28/08/2025 03:30;35.59
28/08/2025 03:45;35.54
28/08/2025 04:00;35.57
28/08/2025 04:15;35.53
28/08/2025 04:30;35.54
28/08/2025 04:45;35.58
28/08/2025 05:00;35.53
28/08/2025 05:15;35.56
28/08/2025 05:30;35.56
28/08/2025 05:45;35.56
28/08/2025 06:00;35.55
28/08/2025 06:15;35.57
28/08/2025 06:30;35.58
28/08/2025 06:45;35.55
28/08/2025 07:00;35.49
28/08/2025 07:15;35.47
28/08/2025 07:30;35.49
28/08/2025 07:45;35.48
28/08/2025 08:00;35.46
28/08/2025 08:15;35.5
28/08/2025 08:30;35.5
28/08/2025 08:45;35.49
28/08/2025 09:00;35.47
28/08/2025 09:15;35.43
28/08/2025 09:30;35.5
28/08/2025 09:45;35.48
28/08/2025 10:00;35.39
28/08/2025 10:15;34.52
28/08/2025 10:30;32.95
28/08/2025 10:45;32.72
28/08/2025 11:00;32.57
28/08/2025 11:15;32.57
28/08/2025 11:30;32.5
28/08/2025 11:45;32.52
28/08/2025 12:00;32.45
28/08/2025 12:15;32.46
28/08/2025 12:30;32.45
28/08/2025 12:45;32.5
28/08/2025 13:00;32.45
28/08/2025 13:15;32.47
28/08/2025 13:30;32.48
28/08/2025 13:45;32.43
28/08/2025 14:00;32.43
28/08/2025 14:15;32.49
28/08/2025 14:30;32.46
28/08/2025 14:45;32.4
28/08/2025 15:00;32.43
28/08/2025 15:15;32.39
28/08/2025 15:30;32.38
28/08/2025 15:45;32.41
28/08/2025 16:00;32.43
28/08/2025 16:15;32.43
28/08/2025 16:30;32.38
28/08/2025 16:45;32.36
28/08/2025 17:00;32.4
28/08/2025 17:15;32.41
28/08/2025 17:30;32.37
28/08/2025 17:45;32.37
28/08/2025 18:00;32.45
28/08/2025 18:15;32.38
28/08/2025 18:30;32.38
28/08/2025 18:45;32.4
28/08/2025 19:00;32.37
28/08/2025 19:15;32.41
28/08/2025 19:30;32.34
28/08/2025 19:45;32.37
28/08/2025 20:00;32.41
28/08/2025 20:15;32.38
28/08/2025 20:30;32.34
28/08/2025 20:45;32.4
28/08/2025 21:00;32.36
28/08/2025 21:15;32.09
28/08/2025 21:30;30.26
28/08/2025 21:45;30
28/08/2025 22:00;29.85
28/08/2025 22:15;29.73
28/08/2025 22:30;29.86
28/08/2025 22:45;29.71
28/08/2025 23:00;29.77
28/08/2025 23:15;29.72
28/08/2025 23:30;29.7
28/08/2025 23:45;29.69
29/08/2025 00:00;29.69
29/08/2025 00:15;29.69
29/08/2025 00:30;29.67
29/08/2025 00:45;29.65
29/08/2025 01:00;29.7
29/08/2025 01:15;29.7
29/08/2025 01:30;29.63
29/08/2025 01:45;29.67
29/08/2025 02:00;29.67
29/08/2025 02:15;29.64
29/08/2025 02:30;29.69
29/08/2025 02:45;29.64
29/08/2025 03:00;29.64
29/08/2025 03:15;29.63
29/08/2025 03:30;29.61
29/08/2025 03:45;29.57
29/08/2025 04:00;29.57
29/08/2025 04:15;29.67
29/08/2025 04:30;29.62
29/08/2025 04:45;29.6
29/08/2025 05:00;29.55
29/08/2025 05:15;29.59
29/08/2025 05:30;29.63
29/08/2025 05:45;29.64
29/08/2025 06:00;29.59
29/08/2025 06:15;29.59
29/08/2025 06:30;29.58
29/08/2025 06:45;29.58
29/08/2025 07:00;29.57
29/08/2025 07:15;29.58
29/08/2025 07:30;29.53
29/08/2025 07:45;29.52
29/08/2025 08:00;29.57
29/08/2025 08:15;29.52
29/08/2025 08:30;29.56
29/08/2025 08:45;29.61
29/08/2025 09:00;29.59
29/08/2025 09:15;29.54
29/08/2025 09:30;29.57
29/08/2025 09:45;29.53
29/08/2025 10:00;29.54
29/08/2025 10:15;29.53
29/08/2025 10:30;29.55
29/08/2025 10:45;29.5
29/08/2025 11:00;29.58
29/08/2025 11:15;29.5
29/08/2025 11:30;28.54
29/08/2025 11:45;28.35
29/08/2025 12:00;28.34
29/08/2025 12:15;28.23
29/08/2025 12:30;28.18
29/08/2025 12:45;28.21
29/08/2025 13:00;28.23
29/08/2025 13:15;28.2
29/08/2025 13:30;28.14
29/08/2025 13:45;28.19
29/08/2025 14:00;28.15
29/08/2025 14:15;28.14
29/08/2025 14:30;28.09
29/08/2025 14:45;28.08
29/08/2025 15:00;28.11
29/08/2025 15:15;28.11
29/08/2025 15:30;28.11
29/08/2025 15:45;28.13
29/08/2025 16:00;28.12
29/08/2025 16:15;28.15
29/08/2025 16:30;28.16
29/08/2025 16:45;28.15
29/08/2025 17:00;28.14
29/08/2025 17:15;28.14
29/08/2025 17:30;28.13
29/08/2025 17:45;28.11
29/08/2025 18:00;28.14
29/08/2025 18:15;28.15
29/08/2025 18:30;28.13
29/08/2025 18:45;28.13
29/08/2025 19:00;28.11
29/08/2025 19:15;28.12
29/08/2025 19:30;28.12
29/08/2025 19:45;28.12
29/08/2025 20:00;28.11
29/08/2025 20:15;28.16
29/08/2025 20:30;28.06
29/08/2025 20:45;28.09
29/08/2025 21:00;28.12
29/08/2025 21:15;26.52
29/08/2025 21:30;25.22
29/08/2025 21:45;25.09
29/08/2025 22:00;24.99
29/08/2025 22:15;24.96
29/08/2025 22:30;24.92
29/08/2025 22:45;24.92
29/08/2025 23:00;24.88
29/08/2025 23:15;24.88
29/08/2025 23:30;24.86
29/08/2025 23:45;24.91
30/08/2025 00:00;24.85
30/08/2025 00:15;24.83
30/08/2025 00:30;24.85
30/08/2025 00:45;24.84
30/08/2025 01:00;24.83
30/08/2025 01:15;24.81
30/08/2025 01:30;24.82
30/08/2025 01:45;24.83
30/08/2025 02:00;24.79
30/08/2025 02:15;24.82
30/08/2025 02:30;24.85
30/08/2025 02:45;24.83
30/08/2025 03:00;24.83
30/08/2025 03:15;24.8
30/08/2025 03:30;24.77
30/08/2025 03:45;24.75
30/08/2025 04:00;24.79
30/08/2025 04:15;24.78
30/08/2025 04:30;24.81
30/08/2025 04:45;24.75
30/08/2025 05:00;24.78
30/08/2025 05:15;24.77
30/08/2025 05:30;24.77
30/08/2025 05:45;24.74
30/08/2025 06:00;24.77
30/08/2025 06:15;24.78
30/08/2025 06:30;24.74
30/08/2025 06:45;24.74
30/08/2025 07:00;24.76
30/08/2025 07:15;24.75
30/08/2025 07:30;24.77
30/08/2025 07:45;24.76
30/08/2025 08:00;24.73
30/08/2025 08:15;24.78
30/08/2025 08:30;24.75
30/08/2025 08:45;24.78
30/08/2025 09:00;24.76
30/08/2025 09:15;24.76
30/08/2025 09:30;24.74
30/08/2025 09:45;24.74
30/08/2025 10:00;24.76
30/08/2025 10:15;23.75
30/08/2025 10:30;22.89
30/08/2025 10:45;22.72
30/08/2025 11:00;22.67
30/08/2025 11:15;22.62
30/08/2025 11:30;22.62
30/08/2025 11:45;22.71
30/08/2025 12:00;22.93
30/08/2025 12:15;22.9
30/08/2025 12:30;22.89
30/08/2025 12:45;22.93
30/08/2025 13:00;22.87
30/08/2025 13:15;22.9
30/08/2025 13:30;22.87
30/08/2025 13:45;22.9
30/08/2025 14:00;22.89
30/08/2025 14:15;22.87
30/08/2025 14:30;22.89
30/08/2025 14:45;22.86
30/08/2025 15:00;22.9
30/08/2025 15:15;22.86
30/08/2025 15:30;22.89
30/08/2025 15:45;22.89
30/08/2025 16:00;22.87
30/08/2025 16:15;22.85
30/08/2025 16:30;22.85
30/08/2025 16:45;22.88
30/08/2025 17:00;22.88
30/08/2025 17:15;22.86
30/08/2025 17:30;22.83
30/08/2025 17:45;22.82
30/08/2025 18:00;22.86
30/08/2025 18:15;22.86
30/08/2025 18:30;22.81
30/08/2025 18:45;22.84
30/08/2025 19:00;22.87
30/08/2025 19:15;22.82
30/08/2025 19:30;22.83
30/08/2025 19:45;22.84
30/08/2025 20:00;22.86
30/08/2025 20:15;22.81
30/08/2025 20:30;22.82
30/08/2025 20:45;22.83
30/08/2025 21:00;22.83
30/08/2025 21:15;22.79
30/08/2025 21:30;22.83
30/08/2025 21:45;22.79
30/08/2025 22:00;22.85
30/08/2025 22:15;22.84
30/08/2025 22:30;22.46
30/08/2025 22:45;20.68
30/08/2025 23:00;20.4
30/08/2025 23:15;20.28
30/08/2025 23:30;20.18
30/08/2025 23:45;20.2
31/08/2025 00:00;20.2
31/08/2025 00:15;20.14
31/08/2025 00:30;20.2
31/08/2025 00:45;20.18
31/08/2025 01:00;20.15
31/08/2025 01:15;20.2
31/08/2025 01:30;20.18
31/08/2025 01:45;20.17
31/08/2025 02:00;20.15
31/08/2025 02:15;20.18
31/08/2025 02:30;20.17
31/08/2025 02:45;20.15
31/08/2025 03:00;20.15
31/08/2025 03:15;20.15
31/08/2025 03:30;20.19
31/08/2025 03:45;20.16
31/08/2025 04:00;20.17
31/08/2025 04:15;20.14
31/08/2025 04:30;20.11
31/08/2025 04:45;20.12
31/08/2025 05:00;20.11
31/08/2025 05:15;20.11
31/08/2025 05:30;20.09
31/08/2025 05:45;20.1
31/08/2025 06:00;20.09
31/08/2025 06:15;20.06
31/08/2025 06:30;20.06
31/08/2025 06:45;20.08
31/08/2025 07:00;20.1
31/08/2025 07:15;20.12
31/08/2025 07:30;20.1
31/08/2025 07:45;20.1
31/08/2025 08:00;20.09
31/08/2025 08:15;20.09
31/08/2025 08:30;20.07
31/08/2025 08:45;20.1
31/08/2025 09:00;20.04
31/08/2025 09:15;20.1
31/08/2025 09:30;20.2
31/08/2025 09:45;20.81
31/08/2025 10:00;20.92
31/08/2025 10:15;20.98
31/08/2025 10:30;21.02
31/08/2025 10:45;21
31/08/2025 11:00;20.97
31/08/2025 11:15;21
31/08/2025 11:30;20.98
31/08/2025 11:45;21
31/08/2025 12:00;21
31/08/2025 12:15;20.97
31/08/2025 12:30;21
31/08/2025 12:45;20.98
31/08/2025 13:00;20.98
31/08/2025 13:15;20.97
31/08/2025 13:30;20.96
31/08/2025 13:45;20.96
31/08/2025 14:00;20.96
31/08/2025 14:15;20.96
31/08/2025 14:30;20.96
31/08/2025 14:45;20.98
31/08/2025 15:00;20.96
31/08/2025 15:15;20.91
31/08/2025 15:30;20.93
31/08/2025 15:45;20.93
31/08/2025 16:00;20.95
31/08/2025 16:15;20.95
31/08/2025 16:30;20.97
31/08/2025 16:45;20.94
31/08/2025 17:00;20.94
31/08/2025 17:15;20.87
31/08/2025 17:30;20.89
31/08/2025 17:45;20.92
31/08/2025 18:00;20.89
31/08/2025 18:15;20.94
31/08/2025 18:30;20.92
31/08/2025 18:45;20.93
31/08/2025 19:00;20.91
31/08/2025 19:15;20.92
31/08/2025 19:30;20.94
31/08/2025 19:45;20.92
31/08/2025 20:00;20.94
31/08/2025 20:15;20.77
31/08/2025 20:30;20.94
31/08/2025 20:45;20.9
31/08/2025 21:00;20.91
31/08/2025 21:15;20.92
31/08/2025 21:30;20.91
31/08/2025 21:45;20.9
31/08/2025 22:00;21.89
31/08/2025 22:15;22.77
31/08/2025 22:30;22.92
31/08/2025 22:45;23.02
31/08/2025 23:00;23.04
31/08/2025 23:15;23.02
31/08/2025 23:30;23.04
31/08/2025 23:45;23.04
01/09/2025 00:00;23.01
01/09/2025 00:15;23.08
01/09/2025 00:30;23.11
01/09/2025 00:45;23.1
01/09/2025 01:00;23.13
01/09/2025 01:15;23.11
01/09/2025 01:30;23.1
01/09/2025 01:45;23.12
01/09/2025 02:00;23.1
01/09/2025 02:15;23.11
01/09/2025 02:30;23.09
01/09/2025 02:45;23.11
01/09/2025 03:00;23.12
01/09/2025 03:15;23.05
01/09/2025 03:30;23.07
01/09/2025 03:45;23.08
01/09/2025 04:00;23.1
01/09/2025 04:15;23.04
01/09/2025 04:30;23.08
01/09/2025 04:45;23.04
01/09/2025 05:00;23.07
01/09/2025 05:15;23.11
01/09/2025 05:30;23.09
01/09/2025 05:45;23.09
01/09/2025 06:00;23.09
01/09/2025 06:15;23.07
01/09/2025 06:30;23.08
01/09/2025 06:45;23.07
01/09/2025 07:00;23.06
01/09/2025 07:15;23.07
01/09/2025 07:30;23.06
01/09/2025 07:45;23.04
01/09/2025 08:00;23.02
01/09/2025 08:15;23.07
01/09/2025 08:30;23.07
01/09/2025 08:45;23.03
01/09/2025 09:00;23.03
01/09/2025 09:15;23.03
01/09/2025 09:30;23.05
01/09/2025 09:45;23.06
01/09/2025 10:00;23.03
01/09/2025 10:15;23.02
01/09/2025 10:30;23.05
01/09/2025 10:45;23.02
01/09/2025 11:00;23.02
01/09/2025 11:15;23.01
01/09/2025 11:30;22.97
01/09/2025 11:45;23.02
01/09/2025 12:00;23.03
01/09/2025 12:15;23.01
01/09/2025 12:30;23.01
01/09/2025 12:45;23.07
01/09/2025 13:00;23.02
01/09/2025 13:15;22.97
01/09/2025 13:30;23
01/09/2025 13:45;23.01
01/09/2025 14:00;22.98
01/09/2025 14:15;22.99
01/09/2025 14:30;22.98
01/09/2025 14:45;23.03
01/09/2025 15:00;23.03
01/09/2025 15:15;23.06
01/09/2025 15:30;23.04
01/09/2025 15:45;23.02
01/09/2025 16:00;22.98
01/09/2025 16:15;23
01/09/2025 16:30;22.99
01/09/2025 16:45;23
01/09/2025 17:00;23.04
01/09/2025 17:15;23.01
01/09/2025 17:30;22.95
01/09/2025 17:45;23.02
01/09/2025 18:00;22.98
01/09/2025 18:15;23
01/09/2025 18:30;23.01
01/09/2025 18:45;22.98
01/09/2025 19:00;23.03
01/09/2025 19:15;23.05
01/09/2025 19:30;23.04
01/09/2025 19:45;23.06
01/09/2025 20:00;23.02
01/09/2025 20:15;23.03
01/09/2025 20:30;23.04
01/09/2025 20:45;23.1
01/09/2025 21:00;23.07
01/09/2025 21:15;23.03
01/09/2025 21:30;22.98
01/09/2025 21:45;22.98
01/09/2025 22:00;23.05
01/09/2025 22:15;23.77
01/09/2025 22:30;23.92
01/09/2025 22:45;23.97
01/09/2025 23:00;23.93
01/09/2025 23:15;24
01/09/2025 23:30;24
01/09/2025 23:45;23.96
02/09/2025 00:00;24.01
02/09/2025 00:15;23.97
02/09/2025 00:30;23.98
02/09/2025 00:45;23.97
02/09/2025 01:00;23.97
02/09/2025 01:15;24.01
02/09/2025 01:30;24.01
02/09/2025 01:45;23.97
02/09/2025 02:00;23.97
02/09/2025 02:15;23.97
02/09/2025 02:30;23.99
02/09/2025 02:45;23.98
02/09/2025 03:00;24
02/09/2025 03:15;24
02/09/2025 03:30;23.98
02/09/2025 03:45;23.95
02/09/2025 04:00;23.93
02/09/2025 04:15;23.98
02/09/2025 04:30;23.95
02/09/2025 04:45;23.95
02/09/2025 05:00;23.95
02/09/2025 05:15;23.94
02/09/2025 05:30;23.92
02/09/2025 05:45;23.94
02/09/2025 06:00;23.94
02/09/2025 06:15;23.93
02/09/2025 06:30;23.93
02/09/2025 06:45;23.92
02/09/2025 07:00;23.91
02/09/2025 07:15;23.88
02/09/2025 07:30;23.92
02/09/2025 07:45;23.96
02/09/2025 08:00;23.95
02/09/2025 08:15;23.93
02/09/2025 08:30;23.93
02/09/2025 08:45;24.01
02/09/2025 09:00;24
02/09/2025 09:15;24
02/09/2025 09:30;24.03
02/09/2025 09:45;24.06
02/09/2025 10:00;24.06
02/09/2025 10:15;23.99
02/09/2025 10:30;24.02
02/09/2025 10:45;24.03
02/09/2025 11:00;24.01
02/09/2025 11:15;24.02
02/09/2025 11:30;23.99
02/09/2025 11:45;23.99
02/09/2025 12:00;23.98
02/09/2025 12:15;23.96
02/09/2025 12:30;23.96
02/09/2025 12:45;23.96
02/09/2025 13:00;23.96
02/09/2025 13:15;23.96
02/09/2025 13:30;23.96
02/09/2025 13:45;23.94
02/09/2025 14:00;23.94
02/09/2025 14:15;23.96
02/09/2025 14:30;23.97
02/09/2025 14:45;23.97
02/09/2025 15:00;23.98
02/09/2025 15:15;23.95
02/09/2025 15:30;23.97
02/09/2025 15:45;23.95
02/09/2025 16:00;23.97
02/09/2025 16:15;23.92
02/09/2025 16:30;23.94
02/09/2025 16:45;23.95
02/09/2025 17:00;23.91
02/09/2025 17:15;23.91
02/09/2025 17:30;23.89
02/09/2025 17:45;23.93
02/09/2025 18:00;23.91
02/09/2025 18:15;23.93
02/09/2025 18:30;23.94
02/09/2025 18:45;23.93
02/09/2025 19:00;23.93
02/09/2025 19:15;23.95
02/09/2025 19:30;23.89
02/09/2025 19:45;23.9
02/09/2025 20:00;23.9
02/09/2025 20:15;23.9
02/09/2025 20:30;23.93
02/09/2025 20:45;23.92
02/09/2025 21:00;23.93
02/09/2025 21:15;23.89
02/09/2025 21:30;23.89
02/09/2025 21:45;23.87
02/09/2025 22:00;23.92
02/09/2025 22:15;26.05
02/09/2025 22:30;26.44
02/09/2025 22:45;26.48
02/09/2025 23:00;26.46
02/09/2025 23:15;26.44
02/09/2025 23:30;26.54
02/09/2025 23:45;26.56
03/09/2025 00:00;26.57
03/09/2025 00:15;26.58
03/09/2025 00:30;26.64
03/09/2025 00:45;26.62
03/09/2025 01:00;26.58
03/09/2025 01:15;26.64
03/09/2025 01:30;26.6
03/09/2025 01:45;26.62
03/09/2025 02:00;26.6
03/09/2025 02:15;26.58
03/09/2025 02:30;26.57
03/09/2025 02:45;26.59
03/09/2025 03:00;26.57
03/09/2025 03:15;26.56
03/09/2025 03:30;26.57
03/09/2025 03:45;26.56
03/09/2025 04:00;26.57
03/09/2025 04:15;26.57
03/09/2025 04:30;26.6
03/09/2025 04:45;26.56
03/09/2025 05:00;26.57
03/09/2025 05:15;26.51
03/09/2025 05:30;26.52
03/09/2025 05:45;26.54
03/09/2025 06:00;26.52
03/09/2025 06:15;26.51
03/09/2025 06:30;26.56
03/09/2025 06:45;26.5
03/09/2025 07:00;26.51
03/09/2025 07:15;26.5
03/09/2025 07:30;26.47
03/09/2025 07:45;26.46
03/09/2025 08:00;26.45
03/09/2025 08:15;26.52
03/09/2025 08:30;26.57
03/09/2025 08:45;26.52
03/09/2025 09:00;26.51
03/09/2025 09:15;26.55
03/09/2025 09:30;26.52
03/09/2025 09:45;26.51
03/09/2025 10:00;26.52
03/09/2025 10:15;26.51
03/09/2025 10:30;26.9
03/09/2025 10:45;27.25
03/09/2025 11:00;27.32
03/09/2025 11:15;27.39
03/09/2025 11:30;27.34
03/09/2025 11:45;27.35
03/09/2025 12:00;27.4
03/09/2025 12:15;27.56
03/09/2025 12:30;27.61
03/09/2025 12:45;27.64
03/09/2025 13:00;27.59
03/09/2025 13:15;27.59
03/09/2025 13:30;27.63
03/09/2025 13:45;27.58
03/09/2025 14:00;27.61
03/09/2025 14:15;27.61
03/09/2025 14:30;27.58
03/09/2025 14:45;27.62
03/09/2025 15:00;27.6
03/09/2025 15:15;27.58
03/09/2025 15:30;27.61
03/09/2025 15:45;27.61
03/09/2025 16:00;27.57
03/09/2025 16:15;27.58
03/09/2025 16:30;27.55
03/09/2025 16:45;27.56
03/09/2025 17:00;27.6
03/09/2025 17:15;27.6
03/09/2025 17:30;27.54
03/09/2025 17:45;27.56
03/09/2025 18:00;27.54
03/09/2025 18:15;27.57
03/09/2025 18:30;27.58
03/09/2025 18:45;27.47
03/09/2025 19:00;27.52
03/09/2025 19:15;27.53
03/09/2025 19:30;27.51
03/09/2025 19:45;27.57
03/09/2025 20:00;27.57
03/09/2025 20:15;27.56
03/09/2025 20:30;27.55
03/09/2025 20:45;27.57
03/09/2025 21:00;27.52
03/09/2025 21:15;27.54
03/09/2025 21:30;27.51
03/09/2025 21:45;27.51
03/09/2025 22:00;27.52
03/09/2025 22:15;27.54
03/09/2025 22:30;27.5
03/09/2025 22:45;27.54
03/09/2025 23:00;27.49
03/09/2025 23:15;27.5
03/09/2025 23:30;27.5
03/09/2025 23:45;27.51
04/09/2025 00:00;27.47
04/09/2025 00:15;27.5
04/09/2025 00:30;27.5
04/09/2025 00:45;27.47
04/09/2025 01:00;27.45
04/09/2025 01:15;27.49
04/09/2025 01:30;27.46
04/09/2025 01:45;27.5
04/09/2025 02:00;27.46
04/09/2025 02:15;27.47
04/09/2025 02:30;27.47
04/09/2025 02:45;27.42
04/09/2025 03:00;27.43
04/09/2025 03:15;27.49
04/09/2025 03:30;27.42
04/09/2025 03:45;27.44
04/09/2025 04:00;27.44
04/09/2025 04:15;27.41
04/09/2025 04:30;27.43
04/09/2025 04:45;27.41
04/09/2025 05:00;27.44
04/09/2025 05:15;27.46
04/09/2025 05:30;27.47
04/09/2025 05:45;27.42
04/09/2025 06:00;27.43
04/09/2025 06:15;27.45
04/09/2025 06:30;27.39
04/09/2025 06:45;27.46
04/09/2025 07:00;27.42
04/09/2025 07:15;27.4
04/09/2025 07:30;27.41
04/09/2025 07:45;27.4
04/09/2025 08:00;27.4
04/09/2025 08:15;27.4
04/09/2025 08:30;27.4
04/09/2025 08:45;27.33
04/09/2025 09:00;27.44
04/09/2025 09:15;27.4
04/09/2025 09:30;27.45
04/09/2025 09:45;26.58
04/09/2025 10:00;26.52
04/09/2025 10:15;26.56
04/09/2025 10:30;26.52
04/09/2025 10:45;26.48
04/09/2025 11:00;26.53
04/09/2025 11:15;26.54
04/09/2025 11:30;26.5
04/09/2025 11:45;26.38
04/09/2025 12:00;26.35
04/09/2025 12:15;26.34
04/09/2025 12:30;26.34
04/09/2025 12:45;26.37
04/09/2025 13:00;26.36
04/09/2025 13:15;26.34
04/09/2025 13:30;26.38
04/09/2025 13:45;26.31
04/09/2025 14:00;26.33
04/09/2025 14:15;26.33
04/09/2025 14:30;26.31
04/09/2025 14:45;26.32
04/09/2025 15:00;26.31
04/09/2025 15:15;26.33
04/09/2025 15:30;26.33
04/09/2025 15:45;26.33
04/09/2025 16:00;26.29
04/09/2025 16:15;26.3
04/09/2025 16:30;26.3
04/09/2025 16:45;26.34
04/09/2025 17:00;26.29
04/09/2025 17:15;26.33
04/09/2025 17:30;26.3
04/09/2025 17:45;26.29
04/09/2025 18:00;26.29
04/09/2025 18:15;26.3
04/09/2025 18:30;26.26
04/09/2025 18:45;26.3
04/09/2025 19:00;26.26
04/09/2025 19:15;26.27
04/09/2025 19:30;26.25
04/09/2025 19:45;26.27
04/09/2025 20:00;26.25
04/09/2025 20:15;26.26
04/09/2025 20:30;26.29
04/09/2025 20:45;26.23
04/09/2025 21:00;26.22
04/09/2025 21:15;26.25
04/09/2025 21:30;26.31
04/09/2025 21:45;26.27
04/09/2025 22:00;26.23
04/09/2025 22:15;26.28
04/09/2025 22:30;26.26
04/09/2025 22:45;26.25
04/09/2025 23:00;26.25
04/09/2025 23:15;26.27
04/09/2025 23:30;26.23
04/09/2025 23:45;26.24
05/09/2025 00:00;26.22
05/09/2025 00:15;26.27
05/09/2025 00:30;26.27
05/09/2025 00:45;26.25
05/09/2025 01:00;26.23
05/09/2025 01:15;26.24
05/09/2025 01:30;26.22
05/09/2025 01:45;26.21
05/09/2025 02:00;26.21
05/09/2025 02:15;26.18
05/09/2025 02:30;26.2
05/09/2025 02:45;26.16
05/09/2025 03:00;26.21
05/09/2025 03:15;26.21
05/09/2025 03:30;26.19
05/09/2025 03:45;26.16
05/09/2025 04:00;26.18
05/09/2025 04:15;26.19
05/09/2025 04:30;26.22
05/09/2025 04:45;26.21
05/09/2025 05:00;26.22
05/09/2025 05:15;26.16
05/09/2025 05:30;26.19
05/09/2025 05:45;26.2
05/09/2025 06:00;26.2
05/09/2025 06:15;26.16
05/09/2025 06:30;26.19
05/09/2025 06:45;26.19
05/09/2025 07:00;26.17
05/09/2025 07:15;26.18
05/09/2025 07:30;26.12
05/09/2025 07:45;26.16
05/09/2025 08:00;26.17
05/09/2025 08:15;26.16
05/09/2025 08:30;26.21
05/09/2025 08:45;26.19
05/09/2025 09:00;26.2
05/09/2025 09:15;26.17
05/09/2025 09:30;26.17
05/09/2025 09:45;26.16
05/09/2025 10:00;26.18
05/09/2025 10:15;26.17
05/09/2025 10:30;26.16
05/09/2025 10:45;26.15
05/09/2025 11:00;26.15
05/09/2025 11:15;26.17
05/09/2025 11:30;26.16
05/09/2025 11:45;26.13
05/09/2025 12:00;26.17
05/09/2025 12:15;26.14
05/09/2025 12:30;26.17
05/09/2025 12:45;26.13
05/09/2025 13:00;26.14
05/09/2025 13:15;26.14
05/09/2025 13:30;26.13
05/09/2025 13:45;26.11
05/09/2025 14:00;26.11
05/09/2025 14:15;26.14
05/09/2025 14:30;26.13
05/09/2025 14:45;26.13
05/09/2025 15:00;26.16
05/09/2025 15:15;26.16
05/09/2025 15:30;26.1
05/09/2025 15:45;26.1
05/09/2025 16:00;26.13
05/09/2025 16:15;26.12
05/09/2025 16:30;26.06
05/09/2025 16:45;26.1
05/09/2025 17:00;26.09
05/09/2025 17:15;26.07
05/09/2025 17:30;26.09
05/09/2025 17:45;26.08
05/09/2025 18:00;26.09
05/09/2025 18:15;26.09
05/09/2025 18:30;26.08
05/09/2025 18:45;26.07
05/09/2025 19:00;26.1
05/09/2025 19:15;26.09
05/09/2025 19:30;26.09
05/09/2025 19:45;26.08
05/09/2025 20:00;26.06
05/09/2025 20:15;26.1
05/09/2025 20:30;26.05
05/09/2025 20:45;26.05
05/09/2025 21:00;26.07
05/09/2025 21:15;26.05
05/09/2025 21:30;26.03
05/09/2025 21:45;26.02
05/09/2025 22:00;25.98
05/09/2025 22:15;25.7
05/09/2025 22:30;24.93
05/09/2025 22:45;24.85
05/09/2025 23:00;24.76
05/09/2025 23:15;24.77
05/09/2025 23:30;24.77
05/09/2025 23:45;24.74
06/09/2025 00:00;24.75
06/09/2025 00:15;24.69
06/09/2025 00:30;24.72
06/09/2025 00:45;24.68
06/09/2025 01:00;24.66
06/09/2025 01:15;24.66
06/09/2025 01:30;24.64
06/09/2025 01:45;24.68
06/09/2025 02:00;24.63
06/09/2025 02:15;24.66
06/09/2025 02:30;24.65
06/09/2025 02:45;24.63
06/09/2025 03:00;24.64
06/09/2025 03:15;24.62
06/09/2025 03:30;24.64
06/09/2025 03:45;24.59
06/09/2025 04:00;24.6
06/09/2025 04:15;24.6
06/09/2025 04:30;24.64
06/09/2025 04:45;24.59
06/09/2025 05:00;24.62
06/09/2025 05:15;24.64
06/09/2025 05:30;24.63
06/09/2025 05:45;24.6
06/09/2025 06:00;24.63
06/09/2025 06:15;24.59
06/09/2025 06:30;24.64
06/09/2025 06:45;24.59
06/09/2025 07:00;24.57
06/09/2025 07:15;24.57
06/09/2025 07:30;24.62
06/09/2025 07:45;24.57
06/09/2025 08:00;24.58
06/09/2025 08:15;24.56
06/09/2025 08:30;24.56
06/09/2025 08:45;24.57
06/09/2025 09:00;24.62
06/09/2025 09:15;24.56
06/09/2025 09:30;24.6
06/09/2025 09:45;24.58
06/09/2025 10:00;24.55
06/09/2025 10:15;24.59
06/09/2025 10:30;24.58
06/09/2025 10:45;24.6
06/09/2025 11:00;24.57
06/09/2025 11:15;24.56
06/09/2025 11:30;24.58
06/09/2025 11:45;24.54
06/09/2025 12:00;24.54
06/09/2025 12:15;24.53
06/09/2025 12:30;24.57
06/09/2025 12:45;24.53
06/09/2025 13:00;24.5
06/09/2025 13:15;24.53
06/09/2025 13:30;24.54
06/09/2025 13:45;24.53
06/09/2025 14:00;24.56
06/09/2025 14:15;24.5
06/09/2025 14:30;24.5
06/09/2025 14:45;24.55
06/09/2025 15:00;24.54
06/09/2025 15:15;24.52
06/09/2025 15:30;24.52
06/09/2025 15:45;24.53
06/09/2025 16:00;24.54
06/09/2025 16:15;24.55
06/09/2025 16:30;24.57
06/09/2025 16:45;24.5
06/09/2025 17:00;24.51
06/09/2025 17:15;24.52
06/09/2025 17:30;24.55
06/09/2025 17:45;24.53
06/09/2025 18:00;24.51
06/09/2025 18:15;24.46
06/09/2025 18:30;24.5
06/09/2025 18:45;24.51
06/09/2025 19:00;24.51
06/09/2025 19:15;24.54
06/09/2025 19:30;24.46
06/09/2025 19:45;24.46
06/09/2025 20:00;24.45
06/09/2025 20:15;24.47
06/09/2025 20:30;24.48
06/09/2025 20:45;24.49
06/09/2025 21:00;24.45
06/09/2025 21:15;24.46
06/09/2025 21:30;24.4
06/09/2025 21:45;24.43
06/09/2025 22:00;24.46
06/09/2025 22:15;24.44
06/09/2025 22:30;24.48
06/09/2025 22:45;24.45
06/09/2025 23:00;24.43
06/09/2025 23:15;24.42
06/09/2025 23:30;24.43
06/09/2025 23:45;24.42
07/09/2025 00:00;24.42
07/09/2025 00:15;24.41
07/09/2025 00:30;24.42
07/09/2025 00:45;24.39
07/09/2025 01:00;24.34
07/09/2025 01:15;24.4
07/09/2025 01:30;24.37
07/09/2025 01:45;24.37
07/09/2025 02:00;24.36
07/09/2025 02:15;24.42
07/09/2025 02:30;24.4
07/09/2025 02:45;24.36
07/09/2025 03:00;24.39
07/09/2025 03:15;24.36
07/09/2025 03:30;24.34
07/09/2025 03:45;24.38
07/09/2025 04:00;24.36
07/09/2025 04:15;24.38
07/09/2025 04:30;24.35
07/09/2025 04:45;24.36
07/09/2025 05:00;24.36
07/09/2025 05:15;24.34
07/09/2025 05:30;24.37
07/09/2025 05:45;24.36
07/09/2025 06:00;24.36
07/09/2025 06:15;24.35
07/09/2025 06:30;24.37
07/09/2025 06:45;24.34
07/09/2025 07:00;24.33
07/09/2025 07:15;24.31
07/09/2025 07:30;24.31
07/09/2025 07:45;24.3
07/09/2025 08:00;24.29
07/09/2025 08:15;24.33
07/09/2025 08:30;24.32
07/09/2025 08:45;24.32
07/09/2025 09:00;24.29
07/09/2025 09:15;24.3
07/09/2025 09:30;24.31
07/09/2025 09:45;24.3
07/09/2025 10:00;24.35
07/09/2025 10:15;24.34
07/09/2025 10:30;24.28
07/09/2025 10:45;24.3
07/09/2025 11:00;24.3
07/09/2025 11:15;24.29
07/09/2025 11:30;24.29
07/09/2025 11:45;24.31
07/09/2025 12:00;24.24
07/09/2025 12:15;24.3
07/09/2025 12:30;24.29
07/09/2025 12:45;24.24
07/09/2025 13:00;24.29
07/09/2025 13:15;24.28
07/09/2025 13:30;24.3
07/09/2025 13:45;24.27
07/09/2025 14:00;24.26
07/09/2025 14:15;24.26
07/09/2025 14:30;24.22
07/09/2025 14:45;24.23
07/09/2025 15:00;24.25
07/09/2025 15:15;24.25
07/09/2025 15:30;24.22
07/09/2025 15:45;24.26
07/09/2025 16:00;24.25
07/09/2025 16:15;24.21
07/09/2025 16:30;24.22
07/09/2025 16:45;24.21
07/09/2025 17:00;24.22
07/09/2025 17:15;24.2
07/09/2025 17:30;24.22
07/09/2025 17:45;24.21
07/09/2025 18:00;24.22
07/09/2025 18:15;24.2
07/09/2025 18:30;24.2
07/09/2025 18:45;24.19
07/09/2025 19:00;24.21
07/09/2025 19:15;24.16
07/09/2025 19:30;24.18
07/09/2025 19:45;24.14
07/09/2025 20:00;24.19
07/09/2025 20:15;24.19
07/09/2025 20:30;24.17
07/09/2025 20:45;24.16
07/09/2025 21:00;24.17
07/09/2025 21:15;24.17
07/09/2025 21:30;24.18
07/09/2025 21:45;24.19
07/09/2025 22:00;24.19
07/09/2025 22:15;24.21
07/09/2025 22:30;24.16
07/09/2025 22:45;24.17
07/09/2025 23:00;24.12
07/09/2025 23:15;24.09
07/09/2025 23:30;24.15
07/09/2025 23:45;24.11
08/09/2025 00:00;24.11
08/09/2025 00:15;24.11
08/09/2025 00:30;24.14
08/09/2025 00:45;24.13
08/09/2025 01:00;24.13
08/09/2025 01:15;24.13
08/09/2025 01:30;24.1
08/09/2025 01:45;24.08
08/09/2025 02:00;24.07
08/09/2025 02:15;24.12
08/09/2025 02:30;24.06
08/09/2025 02:45;24.05
08/09/2025 03:00;24.09
08/09/2025 03:15;24.08
08/09/2025 03:30;24.05
08/09/2025 03:45;24.07
08/09/2025 04:00;24.05
08/09/2025 04:15;24.06
08/09/2025 04:30;24.04
08/09/2025 04:45;24.05
08/09/2025 05:00;24
08/09/2025 05:15;24.02
08/09/2025 05:30;24
08/09/2025 05:45;24.07
08/09/2025 06:00;24.07
08/09/2025 06:15;24.06
08/09/2025 06:30;24.03
08/09/2025 06:45;24.02
08/09/2025 07:00;24.03
08/09/2025 07:15;24.02
08/09/2025 07:30;23.97
08/09/2025 07:45;24
08/09/2025 08:00;23.98
08/09/2025 08:15;23.98
08/09/2025 08:30;24.06
08/09/2025 08:45;25.15
08/09/2025 09:00;25.43
08/09/2025 09:15;25.69
08/09/2025 09:30;25.76
08/09/2025 09:45;26
08/09/2025 10:00;26
08/09/2025 10:15;26.01
08/09/2025 10:30;26
08/09/2025 10:45;25.98
08/09/2025 11:00;25.97
08/09/2025 11:15;25.9
08/09/2025 11:30;25.99
08/09/2025 11:45;25.96
08/09/2025 12:00;25.97
08/09/2025 12:15;25.99
08/09/2025 12:30;25.95
08/09/2025 12:45;26
08/09/2025 13:00;25.95
08/09/2025 13:15;25.96
08/09/2025 13:30;25.99
08/09/2025 13:45;26
08/09/2025 14:00;25.97
08/09/2025 14:15;25.99
08/09/2025 14:30;25.93
08/09/2025 14:45;25.96
08/09/2025 15:00;25.96
08/09/2025 15:15;25.98
08/09/2025 15:30;25.96
08/09/2025 15:45;25.98
08/09/2025 16:00;25.99
08/09/2025 16:15;25.96
08/09/2025 16:30;25.96
08/09/2025 16:45;25.94
08/09/2025 17:00;25.92
08/09/2025 17:15;25.94
08/09/2025 17:30;25.96
08/09/2025 17:45;25.92
08/09/2025 18:00;25.97
08/09/2025 18:15;25.99
08/09/2025 18:30;25.95
08/09/2025 18:45;25.93
08/09/2025 19:00;25.88
08/09/2025 19:15;25.86
08/09/2025 19:30;25.94
08/09/2025 19:45;25.91
08/09/2025 20:00;25.86
08/09/2025 20:15;25.84
08/09/2025 20:30;25.89
08/09/2025 20:45;25.85
08/09/2025 21:00;25.88
08/09/2025 21:15;25.91
08/09/2025 21:30;25.91
08/09/2025 21:45;26.19
08/09/2025 22:00;26.8
08/09/2025 22:15;26.84
08/09/2025 22:30;26.85
08/09/2025 22:45;26.76
08/09/2025 23:00;26.72
08/09/2025 23:15;26.85
08/09/2025 23:30;26.97
08/09/2025 23:45;26.96
09/09/2025 00:00;26.96
09/09/2025 00:15;26.95
09/09/2025 00:30;27.03
09/09/2025 00:45;27.02
09/09/2025 01:00;27.08
09/09/2025 01:15;27.06
09/09/2025 01:30;27.04
09/09/2025 01:45;27.03
09/09/2025 02:00;27.02
09/09/2025 02:15;27.01
09/09/2025 02:30;27.02
09/09/2025 02:45;27.03
09/09/2025 03:00;27
09/09/2025 03:15;26.99
09/09/2025 03:30;27.04
09/09/2025 03:45;27.01
09/09/2025 04:00;27.01
09/09/2025 04:15;26.98
09/09/2025 04:30;26.96
09/09/2025 04:45;26.96
09/09/2025 05:00;26.99
09/09/2025 05:15;27.02
09/09/2025 05:30;26.97
09/09/2025 05:45;26.98
09/09/2025 06:00;27.01
09/09/2025 06:15;26.99
09/09/2025 06:30;26.99
09/09/2025 06:45;26.95
09/09/2025 07:00;27.02
09/09/2025 07:15;26.95
09/09/2025 07:30;26.98
09/09/2025 07:45;26.96
09/09/2025 08:00;26.98
09/09/2025 08:15;26.96
09/09/2025 08:30;26.93
09/09/2025 08:45;26.95
09/09/2025 09:00;26.91
09/09/2025 09:15;26.87
09/09/2025 09:30;26.91
09/09/2025 09:45;27.43
09/09/2025 10:00;27.88
09/09/2025 10:15;27.95
09/09/2025 10:30;27.97
09/09/2025 10:45;28.03
09/09/2025 11:00;28.02
09/09/2025 11:15;28.03
09/09/2025 11:30;28.01
09/09/2025 11:45;28.03
09/09/2025 12:00;28.03
09/09/2025 12:15;28.03
09/09/2025 12:30;28.02
09/09/2025 12:45;28.02
09/09/2025 13:00;28.01
09/09/2025 13:15;28.05
09/09/2025 13:30;28.01
09/09/2025 13:45;28.05
09/09/2025 14:00;28.07
09/09/2025 14:15;28.04
09/09/2025 14:30;28.04
09/09/2025 14:45;28.09
09/09/2025 15:00;28.07
09/09/2025 15:15;28.05
09/09/2025 15:30;28.05
09/09/2025 15:45;28.04
09/09/2025 16:00;28.05
09/09/2025 16:15;28.03
09/09/2025 16:30;28.05
09/09/2025 16:45;28.05
09/09/2025 17:00;28.05
09/09/2025 17:15;28.06
09/09/2025 17:30;28.07
09/09/2025 17:45;28
09/09/2025 18:00;28.01
09/09/2025 18:15;28.05
09/09/2025 18:30;28.01
09/09/2025 18:45;28.03
09/09/2025 19:00;27.99
09/09/2025 19:15;28
09/09/2025 19:30;27.98
09/09/2025 19:45;28.01
09/09/2025 20:00;27.95
09/09/2025 20:15;27.97
09/09/2025 20:30;27.93
09/09/2025 20:45;27.99
09/09/2025 21:00;28
09/09/2025 21:15;27.96
09/09/2025 21:30;27.95
09/09/2025 21:45;27.99
09/09/2025 22:00;27.95
09/09/2025 22:15;29
09/09/2025 22:30;29.56
09/09/2025 22:45;29.67
09/09/2025 23:00;29.74
09/09/2025 23:15;29.73
09/09/2025 23:30;29.73
09/09/2025 23:45;29.74
10/09/2025 00:00;29.7
10/09/2025 00:15;29.74
10/09/2025 00:30;29.7
10/09/2025 00:45;29.72
10/09/2025 01:00;29.68
10/09/2025 01:15;29.72
10/09/2025 01:30;29.71
10/09/2025 01:45;29.68
10/09/2025 02:00;29.72
10/09/2025 02:15;29.69
10/09/2025 02:30;29.71
10/09/2025 02:45;29.65
10/09/2025 03:00;29.65
10/09/2025 03:15;29.63
10/09/2025 03:30;29.67
10/09/2025 03:45;29.62
10/09/2025 04:00;29.64
10/09/2025 04:15;29.66
10/09/2025 04:30;29.66
10/09/2025 04:45;29.64
10/09/2025 05:00;29.66
10/09/2025 05:15;29.58
10/09/2025 05:30;29.62
10/09/2025 05:45;29.59
10/09/2025 06:00;29.57
10/09/2025 06:15;29.57
10/09/2025 06:30;29.59
10/09/2025 06:45;29.61
10/09/2025 07:00;29.59
10/09/2025 07:15;29.59
10/09/2025 07:30;29.6
10/09/2025 07:45;29.59
10/09/2025 08:00;29.57
10/09/2025 08:15;29.55
10/09/2025 08:30;29.54
10/09/2025 08:45;29.55
10/09/2025 09:00;29.53
10/09/2025 09:15;29.5
10/09/2025 09:30;29.55
10/09/2025 09:45;29.57
10/09/2025 10:00;29.6
10/09/2025 10:15;29.55
10/09/2025 10:30;29.52
10/09/2025 10:45;29.52
10/09/2025 11:00;29.54
10/09/2025 11:15;29.55
10/09/2025 11:30;29.51
10/09/2025 11:45;29.55
10/09/2025 12:00;29.53
10/09/2025 12:15;29.49
10/09/2025 12:30;29.48
10/09/2025 12:45;29.51
10/09/2025 13:00;29.46
10/09/2025 13:15;29.5
10/09/2025 13:30;29.46
10/09/2025 13:45;29.51
10/09/2025 14:00;29.48
10/09/2025 14:15;29.47
10/09/2025 14:30;29.44
10/09/2025 14:45;29.46
10/09/2025 15:00;29.45
10/09/2025 15:15;29.44
10/09/2025 15:30;29.41
10/09/2025 15:45;29.41
10/09/2025 16:00;29.45
10/09/2025 16:15;29.44
10/09/2025 16:30;29.45
10/09/2025 16:45;29.45
10/09/2025 17:00;29.46
10/09/2025 17:15;29.46
10/09/2025 17:30;29.46
10/09/2025 17:45;29.45
10/09/2025 18:00;29.43
10/09/2025 18:15;29.47
10/09/2025 18:30;29.45
10/09/2025 18:45;29.45
10/09/2025 19:00;29.4
10/09/2025 19:15;29.41
10/09/2025 19:30;29.4
10/09/2025 19:45;29.39
10/09/2025 20:00;29.41
10/09/2025 20:15;29.42
10/09/2025 20:30;29.4
10/09/2025 20:45;29.4
10/09/2025 21:00;29.13
10/09/2025 21:15;28.74
10/09/2025 21:30;28.7
10/09/2025 21:45;28.65
10/09/2025 22:00;28.65
10/09/2025 22:15;28.62
10/09/2025 22:30;28.6
10/09/2025 22:45;28.61
10/09/2025 23:00;28.6
10/09/2025 23:15;28.58
10/09/2025 23:30;28.57
10/09/2025 23:45;28.55
11/09/2025 00:00;28.54
11/09/2025 00:15;28.57
11/09/2025 00:30;28.55
11/09/2025 00:45;28.52
11/09/2025 01:00;28.58
11/09/2025 01:15;28.54
11/09/2025 01:30;28.6
11/09/2025 01:45;28.57
11/09/2025 02:00;28.56
11/09/2025 02:15;28.53
11/09/2025 02:30;28.52
11/09/2025 02:45;28.52
11/09/2025 03:00;28.53
11/09/2025 03:15;28.53
11/09/2025 03:30;28.45
11/09/2025 03:45;28.52
11/09/2025 04:00;28.44
11/09/2025 04:15;28.46
11/09/2025 04:30;28.45
11/09/2025 04:45;28.43
11/09/2025 05:00;28.46
11/09/2025 05:15;28.44
11/09/2025 05:30;28.46
11/09/2025 05:45;28.42
11/09/2025 06:00;28.43
11/09/2025 06:15;28.49
11/09/2025 06:30;28.49
11/09/2025 06:45;28.42
11/09/2025 07:00;28.43
11/09/2025 07:15;28.47
11/09/2025 07:30;28.43
11/09/2025 07:45;28.49
11/09/2025 08:00;28.44
11/09/2025 08:15;28.48
11/09/2025 08:30;28.49
11/09/2025 08:45;28.45
11/09/2025 09:00;28.42
11/09/2025 09:15;28.47
11/09/2025 09:30;28.45
11/09/2025 09:45;28.42
11/09/2025 10:00;28.43
11/09/2025 10:15;28.44
11/09/2025 10:30;28.42
11/09/2025 10:45;28.44
11/09/2025 11:00;28.4
11/09/2025 11:15;28.41
11/09/2025 11:30;28.23
11/09/2025 11:45;28.3
11/09/2025 12:00;28.27
11/09/2025 12:15;28.4
11/09/2025 12:30;28.37
11/09/2025 12:45;28.35
11/09/2025 13:00;28.37
11/09/2025 13:15;28.32
11/09/2025 13:30;28.35
11/09/2025 13:45;28.36
11/09/2025 14:00;28.31
11/09/2025 14:15;28.35
11/09/2025 14:30;28.36
11/09/2025 14:45;28.36
11/09/2025 15:00;28.39
11/09/2025 15:15;28.4
11/09/2025 15:30;28.41
11/09/2025 15:45;28.38
11/09/2025 16:00;28.42
11/09/2025 16:15;28.38
11/09/2025 16:30;28.38
11/09/2025 16:45;28.37
11/09/2025 17:00;28.39
11/09/2025 17:15;28.35
11/09/2025 17:30;28.36
11/09/2025 17:45;28.42
11/09/2025 18:00;28.37
11/09/2025 18:15;28.34
11/09/2025 18:30;28.36
11/09/2025 18:45;28.35
11/09/2025 19:00;28.34
11/09/2025 19:15;28.33
11/09/2025 19:30;28.33
11/09/2025 19:45;28.31
11/09/2025 20:00;28.28
11/09/2025 20:15;28.28
11/09/2025 20:30;28.3
11/09/2025 20:45;28.28
11/09/2025 21:00;28.25
11/09/2025 21:15;28.3
11/09/2025 21:30;28.27
11/09/2025 21:45;28.33
11/09/2025 22:00;28.31
11/09/2025 22:15;28.33
11/09/2025 22:30;28.27
11/09/2025 22:45;28.29
11/09/2025 23:00;28.26
11/09/2025 23:15;28.27
11/09/2025 23:30;28.22
11/09/2025 23:45;28.26
12/09/2025 00:00;28.28
12/09/2025 00:15;28.28
12/09/2025 00:30;28.24
12/09/2025 00:45;28.22
12/09/2025 01:00;28.23
12/09/2025 01:15;28.24
12/09/2025 01:30;28.2
12/09/2025 01:45;28.21
12/09/2025 02:00;28.26
12/09/2025 02:15;28.21
12/09/2025 02:30;28.19
12/09/2025 02:45;28.15
12/09/2025 03:00;28.2
12/09/2025 03:15;28.21
12/09/2025 03:30;28.21
12/09/2025 03:45;28.18
12/09/2025 04:00;28.15
12/09/2025 04:15;28.19
12/09/2025 04:30;28.21
12/09/2025 04:45;28.21
12/09/2025 05:00;28.17
12/09/2025 05:15;28.18
12/09/2025 05:30;28.14
12/09/2025 05:45;28.15
12/09/2025 06:00;28.14
12/09/2025 06:15;28.12
12/09/2025 06:30;28.09
12/09/2025 06:45;28.11
12/09/2025 07:00;28.08
12/09/2025 07:15;28.11
12/09/2025 07:30;28.26
12/09/2025 07:45;28.43
12/09/2025 08:00;28.42
12/09/2025 08:15;28.45
12/09/2025 08:30;28.41
12/09/2025 08:45;28.42
12/09/2025 09:00;28.11
12/09/2025 09:15;27.64
12/09/2025 09:30;27.56
12/09/2025 09:45;27.52
12/09/2025 10:00;27.51
12/09/2025 10:15;27.48
12/09/2025 10:30;27.54
12/09/2025 10:45;27.5
12/09/2025 11:00;27.52
12/09/2025 11:15;27.49
12/09/2025 11:30;27.48
12/09/2025 11:45;27.5
12/09/2025 12:00;27.49
12/09/2025 12:15;27.47
12/09/2025 12:30;27.45
12/09/2025 12:45;27.43
12/09/2025 13:00;27.49
12/09/2025 13:15;27.53
12/09/2025 13:30;27.53
12/09/2025 13:45;27.51
12/09/2025 14:00;27.54
12/09/2025 14:15;27.55
12/09/2025 14:30;27.51
12/09/2025 14:45;27.48
12/09/2025 15:00;27.5
12/09/2025 15:15;27.54
12/09/2025 15:30;27.5
12/09/2025 15:45;27.52
12/09/2025 16:00;27.49
12/09/2025 16:15;27.51
12/09/2025 16:30;27.5
12/09/2025 16:45;27.49
12/09/2025 17:00;27.47
12/09/2025 17:15;27.5
12/09/2025 17:30;27.48
12/09/2025 17:45;27.48
12/09/2025 18:00;27.44
12/09/2025 18:15;27.42
12/09/2025 18:30;27.45
12/09/2025 18:45;27.48
12/09/2025 19:00;27.44
12/09/2025 19:15;27.44
12/09/2025 19:30;27.44
12/09/2025 19:45;27.46
12/09/2025 20:00;27.43
12/09/2025 20:15;27.5
12/09/2025 20:30;27.41
12/09/2025 20:45;27.45
12/09/2025 21:00;27.37
12/09/2025 21:15;26.63
12/09/2025 21:30;26.57
12/09/2025 21:45;26.66
12/09/2025 22:00;26.69
12/09/2025 22:15;26.73
12/09/2025 22:30;26.72
12/09/2025 22:45;26.72
12/09/2025 23:00;26.71
12/09/2025 23:15;26.7
12/09/2025 23:30;26.65
12/09/2025 23:45;26.65
13/09/2025 00:00;26.63
13/09/2025 00:15;26.66
13/09/2025 00:30;26.63
13/09/2025 00:45;26.58
13/09/2025 01:00;26.58
13/09/2025 01:15;26.61
13/09/2025 01:30;26.64
13/09/2025 01:45;26.63
13/09/2025 02:00;26.62
13/09/2025 02:15;26.58
13/09/2025 02:30;26.6
13/09/2025 02:45;26.59
13/09/2025 03:00;26.62
13/09/2025 03:15;26.63
13/09/2025 03:30;26.59
13/09/2025 03:45;26.54
13/09/2025 04:00;26.58
13/09/2025 04:15;26.57
13/09/2025 04:30;26.57
13/09/2025 04:45;26.56
13/09/2025 05:00;26.55
13/09/2025 05:15;26.57
13/09/2025 05:30;26.58
13/09/2025 05:45;26.56
13/09/2025 06:00;26.58
13/09/2025 06:15;26.55
13/09/2025 06:30;26.54
13/09/2025 06:45;26.56
13/09/2025 07:00;26.56
13/09/2025 07:15;26.49
13/09/2025 07:30;26.53
13/09/2025 07:45;26.53
13/09/2025 08:00;26.54
13/09/2025 08:15;26.55
13/09/2025 08:30;26.57
13/09/2025 08:45;26.54
13/09/2025 09:00;26.57
13/09/2025 09:15;26.52
13/09/2025 09:30;26.54
13/09/2025 09:45;26.53
13/09/2025 10:00;26.54
13/09/2025 10:15;26.53
13/09/2025 10:30;26.51
13/09/2025 10:45;26.55
13/09/2025 11:00;26.57
13/09/2025 11:15;26.52
13/09/2025 11:30;26.5
13/09/2025 11:45;26.48
13/09/2025 12:00;26.51
13/09/2025 12:15;26.45
13/09/2025 12:30;26.46
13/09/2025 12:45;26.47
13/09/2025 13:00;26.43
13/09/2025 13:15;26.46
13/09/2025 13:30;26.49
13/09/2025 13:45;26.47
13/09/2025 14:00;26.48
13/09/2025 14:15;26.46
13/09/2025 14:30;26.45
13/09/2025 14:45;26.43
13/09/2025 15:00;26.45
13/09/2025 15:15;26.44
13/09/2025 15:30;26.44
13/09/2025 15:45;26.44
13/09/2025 16:00;26.43
13/09/2025 16:15;26.42
13/09/2025 16:30;26.45
13/09/2025 16:45;26.43
13/09/2025 17:00;26.43
13/09/2025 17:15;26.41
13/09/2025 17:30;26.41
13/09/2025 17:45;26.43
13/09/2025 18:00;26.43
13/09/2025 18:15;26.45
13/09/2025 18:30;26.45
13/09/2025 18:45;26.41
13/09/2025 19:00;26.41
13/09/2025 19:15;26.41
13/09/2025 19:30;26.43
13/09/2025 19:45;26.42
13/09/2025 20:00;26.42
13/09/2025 20:15;26.4
13/09/2025 20:30;26.36
13/09/2025 20:45;26.39
13/09/2025 21:00;26.39
13/09/2025 21:15;26.34
13/09/2025 21:30;25.49
13/09/2025 21:45;25.17
13/09/2025 22:00;25
13/09/2025 22:15;24.63
13/09/2025 22:30;24.59
13/09/2025 22:45;24.57
13/09/2025 23:00;24.53
13/09/2025 23:15;24.54
13/09/2025 23:30;24.56
13/09/2025 23:45;24.56
14/09/2025 00:00;24.52
14/09/2025 00:15;24.56
14/09/2025 00:30;24.56
14/09/2025 00:45;24.52
14/09/2025 01:00;24.5
14/09/2025 01:15;24.49
14/09/2025 01:30;24.48
14/09/2025 01:45;24.51
14/09/2025 02:00;24.48
14/09/2025 02:15;24.44
14/09/2025 02:30;24.47
14/09/2025 02:45;24.44
14/09/2025 03:00;24.45
14/09/2025 03:15;24.47
14/09/2025 03:30;24.43
14/09/2025 03:45;24.45
14/09/2025 04:00;24.44
14/09/2025 04:15;24.44
14/09/2025 04:30;24.47
14/09/2025 04:45;24.42
14/09/2025 05:00;24.41
14/09/2025 05:15;24.42
14/09/2025 05:30;24.43
14/09/2025 05:45;24.39
14/09/2025 06:00;24.39
14/09/2025 06:15;24.39
14/09/2025 06:30;24.38
14/09/2025 06:45;24.39
14/09/2025 07:00;24.39
14/09/2025 07:15;24.37
14/09/2025 07:30;24.36
14/09/2025 07:45;24.37
14/09/2025 08:00;24.33
14/09/2025 08:15;24.35
14/09/2025 08:30;24.37
14/09/2025 08:45;24.35
14/09/2025 09:00;24.34
14/09/2025 09:15;24.35
14/09/2025 09:30;24.36
14/09/2025 09:45;24.38
14/09/2025 10:00;24.36
14/09/2025 10:15;24.35
14/09/2025 10:30;24.33
14/09/2025 10:45;24.33
14/09/2025 11:00;24.34
14/09/2025 11:15;24.31
14/09/2025 11:30;24.34
14/09/2025 11:45;24.34
14/09/2025 12:00;24.32
14/09/2025 12:15;24.29
14/09/2025 12:30;24.29
14/09/2025 12:45;24.31
14/09/2025 13:00;24.32
14/09/2025 13:15;24.34
14/09/2025 13:30;24.3
14/09/2025 13:45;24.33
14/09/2025 14:00;24.29
14/09/2025 14:15;24.34
14/09/2025 14:30;24.3
14/09/2025 14:45;24.28
14/09/2025 15:00;24.3
14/09/2025 15:15;24.26
14/09/2025 15:30;24.3
14/09/2025 15:45;24.24
14/09/2025 16:00;24.32
14/09/2025 16:15;24.3
14/09/2025 16:30;24.31
14/09/2025 16:45;24.32
14/09/2025 17:00;24.31
14/09/2025 17:15;24.3
14/09/2025 17:30;24.32
14/09/2025 17:45;24.31
14/09/2025 18:00;24.32
14/09/2025 18:15;24.26
14/09/2025 18:30;24.3
14/09/2025 18:45;24.28
14/09/2025 19:00;24.24
14/09/2025 19:15;24.27
14/09/2025 19:30;24.25
14/09/2025 19:45;24.25
14/09/2025 20:00;24.26
14/09/2025 20:15;24.26
14/09/2025 20:30;24.22
14/09/2025 20:45;24.25
14/09/2025 21:00;24.18
14/09/2025 21:15;24.19
14/09/2025 21:30;24.29
14/09/2025 21:45;24.7
14/09/2025 22:00;25.4
14/09/2025 22:15;25.52
14/09/2025 22:30;25.54
14/09/2025 22:45;25.57
14/09/2025 23:00;25.54
14/09/2025 23:15;25.6
14/09/2025 23:30;25.56
14/09/2025 23:45;25.59
15/09/2025 00:00;25.59
15/09/2025 00:15;25.56
15/09/2025 00:30;25.6
15/09/2025 00:45;25.54
15/09/2025 01:00;25.5
15/09/2025 01:15;25.54
15/09/2025 01:30;25.51
15/09/2025 01:45;25.53
15/09/2025 02:00;25.49
15/09/2025 02:15;25.55
15/09/2025 02:30;25.51
15/09/2025 02:45;25.52
15/09/2025 03:00;25.49
15/09/2025 03:15;25.49
15/09/2025 03:30;25.53
15/09/2025 03:45;25.52
15/09/2025 04:00;25.52
15/09/2025 04:15;25.48
15/09/2025 04:30;25.54
15/09/2025 04:45;25.45
15/09/2025 05:00;25.45
15/09/2025 05:15;25.5
15/09/2025 05:30;25.47
15/09/2025 05:45;25.49
15/09/2025 06:00;25.54
15/09/2025 06:15;25.51
15/09/2025 06:30;25.5
15/09/2025 06:45;25.46
15/09/2025 07:00;25.49
15/09/2025 07:15;25.44
15/09/2025 07:30;25.49
15/09/2025 07:45;25.48
15/09/2025 08:00;25.47
15/09/2025 08:15;25.5
15/09/2025 08:30;25.47
15/09/2025 08:45;25.48
15/09/2025 09:00;25.46
15/09/2025 09:15;25.48
15/09/2025 09:30;25.48
15/09/2025 09:45;25.44
15/09/2025 10:00;25.43
15/09/2025 10:15;25.43
15/09/2025 10:30;25.43
15/09/2025 10:45;25.43
15/09/2025 11:00;25.41
15/09/2025 11:15;25.4
15/09/2025 11:30;25.42
15/09/2025 11:45;25.37
15/09/2025 12:00;25.43
15/09/2025 12:15;25.39
15/09/2025 12:30;25.42
15/09/2025 12:45;25.4
15/09/2025 13:00;25.42
15/09/2025 13:15;25.38
15/09/2025 13:30;25.43
15/09/2025 13:45;25.4
15/09/2025 14:00;25.42
15/09/2025 14:15;25.4
15/09/2025 14:30;25.45
15/09/2025 14:45;25.42
15/09/2025 15:00;25.4
15/09/2025 15:15;25.37
15/09/2025 15:30;25.4
15/09/2025 15:45;25.39
15/09/2025 16:00;25.39
15/09/2025 16:15;25.37
15/09/2025 16:30;25.38
15/09/2025 16:45;25.38
15/09/2025 17:00;25.36
15/09/2025 17:15;25.34
15/09/2025 17:30;25.37
15/09/2025 17:45;25.37
15/09/2025 18:00;25.35
15/09/2025 18:15;25.34
15/09/2025 18:30;25.34
15/09/2025 18:45;25.38
15/09/2025 19:00;25.34
15/09/2025 19:15;25.34
15/09/2025 19:30;25.33
15/09/2025 19:45;25.32
15/09/2025 20:00;25.34
15/09/2025 20:15;25.3
15/09/2025 20:30;25.32
15/09/2025 20:45;25.29
15/09/2025 21:00;25.28
15/09/2025 21:15;25.29
15/09/2025 21:30;25.3
15/09/2025 21:45;25.31
15/09/2025 22:00;25.37
15/09/2025 22:15;26.58
15/09/2025 22:30;26.74
15/09/2025 22:45;27
15/09/2025 23:00;26.89
15/09/2025 23:15;26.94
15/09/2025 23:30;26.94
15/09/2025 23:45;26.94
16/09/2025 00:00;26.95
16/09/2025 00:15;26.92
16/09/2025 00:30;26.89
16/09/2025 00:45;26.92
16/09/2025 01:00;26.9
16/09/2025 01:15;26.88
16/09/2025 01:30;26.89
16/09/2025 01:45;26.89
16/09/2025 02:00;26.91
16/09/2025 02:15;26.87
16/09/2025 02:30;26.86
16/09/2025 02:45;26.84
16/09/2025 03:00;26.84
16/09/2025 03:15;26.82
16/09/2025 03:30;26.86
16/09/2025 03:45;26.82
16/09/2025 04:00;26.82
16/09/2025 04:15;26.81
16/09/2025 04:30;26.83
16/09/2025 04:45;26.87
16/09/2025 05:00;26.83
16/09/2025 05:15;26.81
16/09/2025 05:30;26.8
16/09/2025 05:45;26.8
16/09/2025 06:00;26.77
16/09/2025 06:15;26.78
16/09/2025 06:30;26.75
16/09/2025 06:45;26.76
16/09/2025 07:00;26.75
16/09/2025 07:15;26.76
16/09/2025 07:30;26.92
16/09/2025 07:45;26.99
16/09/2025 08:00;27.03
16/09/2025 08:15;27.04
16/09/2025 08:30;27.01
16/09/2025 08:45;26.98
16/09/2025 09:00;27.03
16/09/2025 09:15;27.02
16/09/2025 09:30;27.05
16/09/2025 09:45;26.99
16/09/2025 10:00;27.01
16/09/2025 10:15;27
16/09/2025 10:30;26.97
16/09/2025 10:45;27.01
16/09/2025 11:00;26.98
16/09/2025 11:15;26.97
16/09/2025 11:30;26.97
16/09/2025 11:45;26.95
16/09/2025 12:00;26.94
16/09/2025 12:15;26.93
16/09/2025 12:30;26.96
16/09/2025 12:45;26.95
16/09/2025 13:00;26.95
16/09/2025 13:15;26.92
16/09/2025 13:30;26.94
16/09/2025 13:45;26.95
16/09/2025 14:00;26.97
16/09/2025 14:15;26.93
16/09/2025 14:30;26.98
16/09/2025 14:45;26.99
16/09/2025 15:00;26.97
16/09/2025 15:15;26.98
16/09/2025 15:30;26.97
16/09/2025 15:45;26.97
16/09/2025 16:00;26.98
16/09/2025 16:15;26.98
16/09/2025 16:30;26.99
16/09/2025 16:45;26.99
16/09/2025 17:00;26.99
16/09/2025 17:15;26.98
16/09/2025 17:30;26.94
16/09/2025 17:45;26.95
16/09/2025 18:00;26.97
16/09/2025 18:15;26.92
16/09/2025 18:30;26.92
16/09/2025 18:45;26.95
16/09/2025 19:00;26.94
16/09/2025 19:15;26.9
16/09/2025 19:30;26.89
16/09/2025 19:45;26.91
16/09/2025 20:00;26.93
16/09/2025 20:15;26.91
16/09/2025 20:30;26.93
16/09/2025 20:45;26.9
16/09/2025 21:00;26.91
16/09/2025 21:15;26.88
16/09/2025 21:30;26.88
16/09/2025 21:45;26.91
16/09/2025 22:00;26.9
16/09/2025 22:15;26.88
16/09/2025 22:30;26.86
16/09/2025 22:45;26.84
16/09/2025 23:00;26.85
16/09/2025 23:15;26.85
16/09/2025 23:30;26.83
16/09/2025 23:45;26.85
17/09/2025 00:00;26.83
17/09/2025 00:15;26.82
17/09/2025 00:30;26.77
17/09/2025 00:45;26.76
17/09/2025 01:00;26.77
17/09/2025 01:15;26.81
17/09/2025 01:30;26.75
17/09/2025 01:45;26.8
17/09/2025 02:00;26.76
17/09/2025 02:15;26.8
17/09/2025 02:30;26.75
17/09/2025 02:45;26.75
17/09/2025 03:00;26.79
17/09/2025 03:15;26.8
17/09/2025 03:30;26.79
17/09/2025 03:45;26.81
17/09/2025 04:00;26.77
17/09/2025 04:15;26.75
17/09/2025 04:30;26.71
17/09/2025 04:45;26.75
17/09/2025 05:00;26.74
17/09/2025 05:15;26.71
17/09/2025 05:30;26.68
17/09/2025 05:45;26.66
17/09/2025 06:00;26.71
17/09/2025 06:15;26.67
17/09/2025 06:30;26.65
17/09/2025 06:45;26.65
17/09/2025 07:00;26.63
17/09/2025 07:15;26.65
17/09/2025 07:30;26.8
17/09/2025 07:45;26.82
17/09/2025 08:00;26.85
17/09/2025 08:15;26.85
17/09/2025 08:30;26.88
17/09/2025 08:45;26.87
17/09/2025 09:00;26.81
17/09/2025 09:15;26.2
17/09/2025 09:30;26.15
17/09/2025 09:45;26.1
17/09/2025 10:00;26.07
17/09/2025 10:15;26.1
17/09/2025 10:30;25.75
17/09/2025 10:45;25.68
17/09/2025 11:00;25.65
17/09/2025 11:15;25.67
17/09/2025 11:30;25.67
17/09/2025 11:45;25.64
17/09/2025 12:00;25.61
17/09/2025 12:15;25.61
17/09/2025 12:30;25.62
17/09/2025 12:45;25.61
17/09/2025 13:00;25.58
17/09/2025 13:15;25.61
17/09/2025 13:30;25.61
17/09/2025 13:45;25.6
17/09/2025 14:00;25.63
17/09/2025 14:15;25.57
17/09/2025 14:30;25.58
17/09/2025 14:45;25.58
17/09/2025 15:00;25.58
17/09/2025 15:15;25.58
17/09/2025 15:30;25.58
17/09/2025 15:45;25.55
17/09/2025 16:00;25.59
17/09/2025 16:15;25.55
17/09/2025 16:30;25.54
17/09/2025 16:45;25.6
17/09/2025 17:00;25.58
17/09/2025 17:15;25.58
17/09/2025 17:30;25.59
17/09/2025 17:45;25.57
17/09/2025 18:00;25.54
17/09/2025 18:15;25.52
17/09/2025 18:30;25.49
17/09/2025 18:45;25.48
17/09/2025 19:00;25.49
17/09/2025 19:15;25.51
17/09/2025 19:30;25.48
17/09/2025 19:45;25.47
17/09/2025 20:00;25.51
17/09/2025 20:15;25.47
17/09/2025 20:30;25.45
17/09/2025 20:45;25.48
17/09/2025 21:00;25.46
17/09/2025 21:15;25.43
17/09/2025 21:30;25.44
17/09/2025 21:45;25.46
17/09/2025 22:00;25.46
17/09/2025 22:15;24.94
17/09/2025 22:30;24.33
17/09/2025 22:45;24.21
17/09/2025 23:00;24.15
17/09/2025 23:15;24.15
17/09/2025 23:30;24.12
17/09/2025 23:45;24.09
18/09/2025 00:00;24.1
18/09/2025 00:15;24.1
18/09/2025 00:30;24.09
18/09/2025 00:45;24.12
18/09/2025 01:00;24.09
18/09/2025 01:15;24.11
18/09/2025 01:30;24.1
18/09/2025 01:45;24.08
18/09/2025 02:00;24.08
18/09/2025 02:15;24.07
18/09/2025 02:30;24.1
18/09/2025 02:45;24.06
18/09/2025 03:00;24.07
18/09/2025 03:15;24.08
18/09/2025 03:30;24.11
18/09/2025 03:45;24.11
18/09/2025 04:00;24.09
18/09/2025 04:15;24.03
18/09/2025 04:30;24.02
18/09/2025 04:45;24.02
18/09/2025 05:00;24.02
18/09/2025 05:15;24
18/09/2025 05:30;23.99
18/09/2025 05:45;23.99
18/09/2025 06:00;23.96
18/09/2025 06:15;23.96
18/09/2025 06:30;23.98
18/09/2025 06:45;23.98
18/09/2025 07:00;23.98
18/09/2025 07:15;23.99
18/09/2025 07:30;24.02
18/09/2025 07:45;24.05
18/09/2025 08:00;24.04
18/09/2025 08:15;24.03
18/09/2025 08:30;23.99
18/09/2025 08:45;24.02
18/09/2025 09:00;24
18/09/2025 09:15;24.02
18/09/2025 09:30;23.98
18/09/2025 09:45;23.96
18/09/2025 10:00;23.97
18/09/2025 10:15;23.96
18/09/2025 10:30;24.01
18/09/2025 10:45;24.02
18/09/2025 11:00;23.99
18/09/2025 11:15;23.97
18/09/2025 11:30;23.98
18/09/2025 11:45;24
18/09/2025 12:00;23.98
18/09/2025 12:15;24.02
18/09/2025 12:30;23.98
18/09/2025 12:45;23.96
18/09/2025 13:00;23.98
18/09/2025 13:15;23.95
18/09/2025 13:30;23.94
18/09/2025 13:45;23.91
18/09/2025 14:00;23.98
18/09/2025 14:15;23.96
18/09/2025 14:30;24.02
18/09/2025 14:45;24.06
18/09/2025 15:00;24.02
18/09/2025 15:15;24.01
18/09/2025 15:30;24.05
18/09/2025 15:45;24.02
18/09/2025 16:00;24.06
18/09/2025 16:15;24.11
18/09/2025 16:30;24.08
18/09/2025 16:45;24.06
18/09/2025 17:00;24.05
18/09/2025 17:15;24.06
18/09/2025 17:30;24.02
18/09/2025 17:45;24.02
18/09/2025 18:00;24.03
18/09/2025 18:15;24
18/09/2025 18:30;24
18/09/2025 18:45;24.01
18/09/2025 19:00;23.98
18/09/2025 19:15;23.98
18/09/2025 19:30;23.95
18/09/2025 19:45;24.04
18/09/2025 20:00;24.01
18/09/2025 20:15;23.99
18/09/2025 20:30;23.96
18/09/2025 20:45;23.95
18/09/2025 21:00;23.96
18/09/2025 21:15;23.97
18/09/2025 21:30;23.98
18/09/2025 21:45;23.98
18/09/2025 22:00;23.99
18/09/2025 22:15;22.64
18/09/2025 22:30;22.29
18/09/2025 22:45;22.14
18/09/2025 23:00;22.09
18/09/2025 23:15;22.07
18/09/2025 23:30;22.06
18/09/2025 23:45;22.08
19/09/2025 00:00;22.09
19/09/2025 00:15;22.09
19/09/2025 00:30;22.07
19/09/2025 00:45;22.06
19/09/2025 01:00;22.05
19/09/2025 01:15;22.09
19/09/2025 01:30;22.06
19/09/2025 01:45;22.06
19/09/2025 02:00;22.05
19/09/2025 02:15;22.04
19/09/2025 02:30;22.06
19/09/2025 02:45;22.07
19/09/2025 03:00;22.04
19/09/2025 03:15;22.03
19/09/2025 03:30;22.04
19/09/2025 03:45;22.01
19/09/2025 04:00;22.02
19/09/2025 04:15;22.03
19/09/2025 04:30;22.01
19/09/2025 04:45;22.01
19/09/2025 05:00;21.99
19/09/2025 05:15;22
19/09/2025 05:30;21.99
19/09/2025 05:45;21.98
19/09/2025 06:00;21.97
19/09/2025 06:15;21.99
19/09/2025 06:30;21.97
19/09/2025 06:45;21.97
19/09/2025 07:00;21.98
19/09/2025 07:15;21.97
19/09/2025 07:30;22.06
19/09/2025 07:45;22.03
19/09/2025 08:00;22.02
19/09/2025 08:15;22.04
19/09/2025 08:30;22.02
19/09/2025 08:45;22.07
19/09/2025 09:00;22.05
19/09/2025 09:15;22.04
19/09/2025 09:30;20.85
19/09/2025 09:45;20.33
19/09/2025 10:00;20.19
19/09/2025 10:15;20.11
19/09/2025 10:30;20.1
19/09/2025 10:45;20.09
19/09/2025 11:00;20.09
19/09/2025 11:15;20.07
19/09/2025 11:30;20.07
19/09/2025 11:45;20.04
19/09/2025 12:00;20.07
19/09/2025 12:15;20.04
19/09/2025 12:30;20.08
19/09/2025 12:45;20.02
19/09/2025 13:00;20.03
19/09/2025 13:15;20.04
19/09/2025 13:30;20.02
19/09/2025 13:45;20.03
19/09/2025 14:00;20.02
19/09/2025 14:15;20.04
19/09/2025 14:30;20.01
19/09/2025 14:45;20
19/09/2025 15:00;20
19/09/2025 15:15;20.01
19/09/2025 15:30;20.02
19/09/2025 15:45;19.99
19/09/2025 16:00;20
19/09/2025 16:15;20.01
19/09/2025 16:30;19.99
19/09/2025 16:45;19.98
19/09/2025 17:00;19.98
19/09/2025 17:15;19.95
19/09/2025 17:30;19.98
19/09/2025 17:45;19.96
19/09/2025 18:00;19.94
19/09/2025 18:15;19.94
19/09/2025 18:30;19.94
19/09/2025 18:45;19.92
19/09/2025 19:00;19.93
19/09/2025 19:15;19.94
19/09/2025 19:30;19.91
19/09/2025 19:45;19.92
19/09/2025 20:00;19.92
19/09/2025 20:15;19.92
19/09/2025 20:30;19.95
19/09/2025 20:45;19.9
19/09/2025 21:00;19.92
19/09/2025 21:15;19.89
19/09/2025 21:30;19.89
19/09/2025 21:45;19.92
19/09/2025 22:00;19.77
19/09/2025 22:15;18.85
19/09/2025 22:30;18.74
19/09/2025 22:45;18.66
19/09/2025 23:00;18.62
19/09/2025 23:15;18.62
19/09/2025 23:30;18.62
19/09/2025 23:45;18.62
20/09/2025 00:00;18.64
20/09/2025 00:15;18.62
20/09/2025 00:30;18.6
20/09/2025 00:45;18.6
20/09/2025 01:00;18.59
20/09/2025 01:15;18.6
20/09/2025 01:30;18.58
20/09/2025 01:45;18.6
20/09/2025 02:00;18.59
20/09/2025 02:15;18.57
20/09/2025 02:30;18.56
20/09/2025 02:45;18.58
20/09/2025 03:00;18.57
20/09/2025 03:15;18.58
20/09/2025 03:30;18.54
20/09/2025 03:45;18.54
20/09/2025 04:00;18.61
20/09/2025 04:15;18.52
20/09/2025 04:30;18.58
20/09/2025 04:45;18.54
20/09/2025 05:00;18.54
20/09/2025 05:15;18.54
20/09/2025 05:30;18.54
20/09/2025 05:45;18.54
20/09/2025 06:00;18.53
20/09/2025 06:15;18.53
20/09/2025 06:30;18.52
20/09/2025 06:45;18.53
20/09/2025 07:00;18.53
20/09/2025 07:15;18.51
20/09/2025 07:30;18.53
20/09/2025 07:45;18.51
20/09/2025 08:00;18.53
20/09/2025 08:15;18.51
20/09/2025 08:30;18.51
20/09/2025 08:45;18.52
20/09/2025 09:00;18.48
20/09/2025 09:15;16.84
20/09/2025 09:30;16.33
20/09/2025 09:45;16.04
20/09/2025 10:00;15.95
20/09/2025 10:15;15.9
20/09/2025 10:30;15.87
20/09/2025 10:45;15.85
20/09/2025 11:00;15.84
20/09/2025 11:15;15.84
20/09/2025 11:30;15.9
20/09/2025 11:45;16.04
20/09/2025 12:00;16.04
20/09/2025 12:15;16.04
20/09/2025 12:30;16.04
20/09/2025 12:45;16.04
20/09/2025 13:00;16.04
20/09/2025 13:15;16.04
20/09/2025 13:30;16.03
20/09/2025 13:45;16.04
20/09/2025 14:00;16.02
20/09/2025 14:15;16.02
20/09/2025 14:30;16.02
20/09/2025 14:45;16.02
20/09/2025 15:00;16.02
20/09/2025 15:15;16.02
20/09/2025 15:30;16.03
20/09/2025 15:45;16.03
20/09/2025 16:00;16.03
20/09/2025 16:15;16.03
20/09/2025 16:30;16.03
20/09/2025 16:45;16.07
20/09/2025 17:00;16.01
20/09/2025 17:15;16.03
20/09/2025 17:30;16
20/09/2025 17:45;16
20/09/2025 18:00;15.99
20/09/2025 18:15;16.01
20/09/2025 18:30;16.01
20/09/2025 18:45;15.99
20/09/2025 19:00;15.98
20/09/2025 19:15;15.98
20/09/2025 19:30;15.98
20/09/2025 19:45;15.99
20/09/2025 20:00;15.98
20/09/2025 20:15;15.96
20/09/2025 20:30;15.98
20/09/2025 20:45;15.98
20/09/2025 21:00;15.95
20/09/2025 21:15;15.95
20/09/2025 21:30;16.04
20/09/2025 21:45;15.98
20/09/2025 22:00;15.96
20/09/2025 22:15;15.72
20/09/2025 22:30;15.23
20/09/2025 22:45;15.16
20/09/2025 23:00;15.12
20/09/2025 23:15;15.12
20/09/2025 23:30;15.1
20/09/2025 23:45;15.1
21/09/2025 00:00;15.1
21/09/2025 00:15;15.11
21/09/2025 00:30;15.08
21/09/2025 00:45;15.06
21/09/2025 01:00;15.05
21/09/2025 01:15;15.07
21/09/2025 01:30;15.05
21/09/2025 01:45;15.03
21/09/2025 02:00;15.05
21/09/2025 02:15;15.05
21/09/2025 02:30;15.05
21/09/2025 02:45;15.06
21/09/2025 03:00;15.06
21/09/2025 03:15;15.04
21/09/2025 03:30;15.05
21/09/2025 03:45;15.05
21/09/2025 04:00;15.04
21/09/2025 04:15;15.03
21/09/2025 04:30;15.07
21/09/2025 04:45;15.04
21/09/2025 05:00;15.06
21/09/2025 05:15;15.04
21/09/2025 05:30;15.03
21/09/2025 05:45;15.05
21/09/2025 06:00;15.06
21/09/2025 06:15;15.04
21/09/2025 06:30;15.02
21/09/2025 06:45;15.01
21/09/2025 07:00;14.99
21/09/2025 07:15;15
21/09/2025 07:30;15
21/09/2025 07:45;15.02
21/09/2025 08:00;15.01
21/09/2025 08:15;15.01
21/09/2025 08:30;15.01
21/09/2025 08:45;15
21/09/2025 09:00;14.99
21/09/2025 09:15;15
21/09/2025 09:30;15.01
21/09/2025 09:45;14.99
21/09/2025 10:00;14.99
21/09/2025 10:15;14.99
21/09/2025 10:30;14.99
21/09/2025 10:45;14.97
21/09/2025 11:00;14.97
21/09/2025 11:15;14.96
21/09/2025 11:30;14.94
21/09/2025 11:45;14.98
21/09/2025 12:00;14.97
21/09/2025 12:15;14.99
21/09/2025 12:30;14.97
21/09/2025 12:45;14.97
21/09/2025 13:00;14.97
21/09/2025 13:15;14.97
21/09/2025 13:30;14.96
21/09/2025 13:45;14.95
21/09/2025 14:00;14.98
21/09/2025 14:15;14.96
21/09/2025 14:30;14.95
21/09/2025 14:45;14.95
21/09/2025 15:00;14.96
21/09/2025 15:15;14.95
21/09/2025 15:30;14.94
21/09/2025 15:45;14.94
21/09/2025 16:00;14.96
21/09/2025 16:15;14.95
21/09/2025 16:30;14.94
21/09/2025 16:45;14.96
21/09/2025 17:00;14.94
21/09/2025 17:15;14.95
21/09/2025 17:30;14.94
21/09/2025 17:45;14.94
21/09/2025 18:00;14.92
21/09/2025 18:15;14.91
21/09/2025 18:30;14.88
21/09/2025 18:45;14.9
21/09/2025 19:00;14.89
21/09/2025 19:15;14.93
21/09/2025 19:30;14.9
21/09/2025 19:45;14.9
21/09/2025 20:00;14.9
21/09/2025 20:15;14.89
21/09/2025 20:30;14.92
21/09/2025 20:45;14.9
21/09/2025 21:00;14.92
21/09/2025 21:15;14.92
21/09/2025 21:30;14.89
21/09/2025 21:45;14.89
21/09/2025 22:00;14.82
21/09/2025 22:15;14.35
21/09/2025 22:30;14.26
21/09/2025 22:45;14.23
21/09/2025 23:00;14.21
21/09/2025 23:15;14.18
21/09/2025 23:30;14.2
21/09/2025 23:45;14.2
22/09/2025 00:00;14.19
22/09/2025 00:15;14.19
22/09/2025 00:30;14.2
22/09/2025 00:45;14.19
22/09/2025 01:00;14.19
22/09/2025 01:15;14.19
22/09/2025 01:30;14.19
22/09/2025 01:45;14.19
22/09/2025 02:00;14.17
22/09/2025 02:15;14.2
22/09/2025 02:30;14.19
22/09/2025 02:45;14.17
22/09/2025 03:00;14.17
22/09/2025 03:15;14.17
22/09/2025 03:30;14.17
22/09/2025 03:45;14.17
22/09/2025 04:00;14.18
22/09/2025 04:15;14.16
22/09/2025 04:30;14.15
22/09/2025 04:45;14.14
22/09/2025 05:00;14.17
22/09/2025 05:15;14.16
22/09/2025 05:30;14.17
22/09/2025 05:45;14.14
22/09/2025 06:00;14.14
22/09/2025 06:15;14.14
22/09/2025 06:30;14.15
22/09/2025 06:45;14.14
22/09/2025 07:00;14.14
22/09/2025 07:15;14.13
22/09/2025 07:30;14.14
22/09/2025 07:45;14.13
22/09/2025 08:00;14.13
22/09/2025 08:15;14.12
22/09/2025 08:30;14.12
22/09/2025 08:45;14.13
22/09/2025 09:00;14.1
22/09/2025 09:15;13.06
22/09/2025 09:30;12.07
22/09/2025 09:45;11.91
22/09/2025 10:00;11.83
22/09/2025 10:15;11.82
22/09/2025 10:30;11.78
22/09/2025 10:45;11.62
22/09/2025 11:00;11.31
22/09/2025 11:15;11.28
22/09/2025 11:30;11.23
22/09/2025 11:45;11.2
22/09/2025 12:00;11.2
22/09/2025 12:15;11.19
22/09/2025 12:30;11.19
22/09/2025 12:45;11.16
22/09/2025 13:00;11.18
22/09/2025 13:15;11.19
22/09/2025 13:30;11.19
22/09/2025 13:45;11.19
22/09/2025 14:00;11.2
22/09/2025 14:15;11.21
22/09/2025 14:30;11.2
22/09/2025 14:45;11.2
22/09/2025 15:00;11.21
22/09/2025 15:15;11.2
22/09/2025 15:30;11.17
22/09/2025 15:45;11.18
22/09/2025 16:00;11.18
22/09/2025 16:15;11.17
22/09/2025 16:30;11.18
22/09/2025 16:45;11.16
22/09/2025 17:00;11.16
22/09/2025 17:15;11.17
22/09/2025 17:30;11.18
22/09/2025 17:45;11.19
22/09/2025 18:00;11.17
22/09/2025 18:15;11.19
22/09/2025 18:30;11.17
22/09/2025 18:45;11.16
22/09/2025 19:00;11.16
22/09/2025 19:15;11.16
22/09/2025 19:30;11.15
22/09/2025 19:45;11.15
22/09/2025 20:00;11.15
22/09/2025 20:15;11.16
22/09/2025 20:30;11.17
22/09/2025 20:45;11.18
22/09/2025 21:00;11.17
22/09/2025 21:15;11.17
22/09/2025 21:30;11.17
22/09/2025 21:45;11.17
22/09/2025 22:00;11.16
22/09/2025 22:15;10.87
22/09/2025 22:30;10.68
22/09/2025 22:45;10.63
22/09/2025 23:00;10.64
22/09/2025 23:15;10.65
22/09/2025 23:30;10.53
22/09/2025 23:45;10.22
23/09/2025 00:00;10.2
23/09/2025 00:15;10.18
23/09/2025 00:30;10.16
23/09/2025 00:45;10.14
23/09/2025 01:00;10.14
23/09/2025 01:15;10.1
23/09/2025 01:30;10.1
23/09/2025 01:45;10.1
23/09/2025 02:00;10.1
23/09/2025 02:15;10.1
23/09/2025 02:30;10.09
23/09/2025 02:45;10.12
23/09/2025 03:00;10.12
23/09/2025 03:15;10.14
23/09/2025 03:30;10.1
23/09/2025 03:45;10.13
23/09/2025 04:00;10.12
23/09/2025 04:15;10.12
23/09/2025 04:30;10.1
23/09/2025 04:45;10.09
23/09/2025 05:00;10.1
23/09/2025 05:15;10.12
23/09/2025 05:30;10.1
23/09/2025 05:45;10.09
23/09/2025 06:00;10.1
23/09/2025 06:15;10.12
23/09/2025 06:30;10.13
23/09/2025 06:45;10.13
23/09/2025 07:00;10.12
23/09/2025 07:15;10.1
23/09/2025 07:30;10.09
23/09/2025 07:45;10.1
23/09/2025 08:00;10.1
23/09/2025 08:15;10.08
23/09/2025 08:30;10.08
23/09/2025 08:45;10.08
23/09/2025 09:00;10.1
23/09/2025 09:15;10.1
23/09/2025 09:30;10.07
23/09/2025 09:45;10.06
23/09/2025 10:00;10.08
23/09/2025 10:15;10.09
23/09/2025 10:30;10.09
23/09/2025 10:45;10.1
23/09/2025 11:00;10.1
23/09/2025 11:15;10.1
23/09/2025 11:30;10.1
23/09/2025 11:45;10.1
23/09/2025 12:00;10.1
23/09/2025 12:15;10.1
23/09/2025 12:30;10.1
23/09/2025 12:45;10.08
23/09/2025 13:00;10.09
23/09/2025 13:15;10.1
23/09/2025 13:30;10.09
23/09/2025 13:45;10.1
23/09/2025 14:00;10.1
23/09/2025 14:15;10.07
23/09/2025 14:30;10.08
23/09/2025 14:45;10.09
23/09/2025 15:00;10.07
23/09/2025 15:15;10.09
23/09/2025 15:30;10.09
23/09/2025 15:45;10.09
23/09/2025 16:00;10.09
23/09/2025 16:15;10.1
23/09/2025 16:30;10.09
23/09/2025 16:45;10.08
23/09/2025 17:00;10.1
23/09/2025 17:15;10.09
23/09/2025 17:30;10.08
23/09/2025 17:45;10.08
23/09/2025 18:00;10.1
23/09/2025 18:15;10.09
23/09/2025 18:30;10.08
23/09/2025 18:45;10.08
23/09/2025 19:00;10.09
23/09/2025 19:15;10.08
23/09/2025 19:30;10.08
23/09/2025 19:45;10.08
23/09/2025 20:00;10.07
23/09/2025 20:15;10.06
23/09/2025 20:30;10.06
23/09/2025 20:45;10.05
23/09/2025 21:00;10.06
23/09/2025 21:15;10.3
23/09/2025 21:30;10.92
23/09/2025 21:45;11.02
23/09/2025 22:00;11.06
23/09/2025 22:15;11.24
23/09/2025 22:30;11.3
23/09/2025 22:45;11.32
23/09/2025 23:00;11.32
23/09/2025 23:15;11.34
23/09/2025 23:30;11.3
23/09/2025 23:45;11.2
24/09/2025 00:00;11.19
24/09/2025 00:15;11.17
24/09/2025 00:30;11.14
24/09/2025 00:45;11.13
24/09/2025 01:00;11.11
24/09/2025 01:15;11.11
24/09/2025 01:30;11.1
24/09/2025 01:45;11.09
24/09/2025 02:00;11.12
24/09/2025 02:15;11.13
24/09/2025 02:30;11.14
24/09/2025 02:45;11.13
24/09/2025 03:00;11.13
24/09/2025 03:15;11.13
24/09/2025 03:30;11.14
24/09/2025 03:45;11.13
24/09/2025 04:00;11.1
24/09/2025 04:15;11.08
24/09/2025 04:30;11.1
24/09/2025 04:45;11.1
24/09/2025 05:00;11.1
24/09/2025 05:15;11.09
24/09/2025 05:30;11.1
24/09/2025 05:45;11.1
24/09/2025 06:00;11.09
24/09/2025 06:15;11.11
24/09/2025 06:30;11.11
24/09/2025 06:45;11.11
24/09/2025 07:00;11.11
24/09/2025 07:15;11.11
24/09/2025 07:30;11.09
24/09/2025 07:45;11.08
24/09/2025 08:00;11.08
24/09/2025 08:15;11.08
24/09/2025 08:30;11.06
24/09/2025 08:45;11.07
24/09/2025 09:00;11.08
24/09/2025 09:15;11.07
24/09/2025 09:30;11.09
24/09/2025 09:45;11.09
24/09/2025 10:00;11.1
24/09/2025 10:15;11.09
24/09/2025 10:30;11.09
24/09/2025 10:45;11.09
24/09/2025 11:00;11.09
24/09/2025 11:15;11.07
24/09/2025 11:30;11.07
24/09/2025 11:45;11.07
24/09/2025 12:00;11.07
24/09/2025 12:15;11.07
24/09/2025 12:30;11.05
24/09/2025 12:45;11.06
24/09/2025 13:00;11.07
24/09/2025 13:15;11.09
24/09/2025 13:30;11.07
24/09/2025 13:45;11.09
24/09/2025 14:00;11.1
24/09/2025 14:15;11.1
24/09/2025 14:30;11.1
24/09/2025 14:45;11.09
24/09/2025 15:00;11.08
24/09/2025 15:15;11.09
24/09/2025 15:30;11.06
24/09/2025 15:45;11.06
24/09/2025 16:00;11.09
24/09/2025 16:15;11.08
24/09/2025 16:30;11.09
24/09/2025 16:45;11.11
24/09/2025 17:00;11.13
24/09/2025 17:15;11.12
24/09/2025 17:30;11.1
24/09/2025 17:45;11.1
24/09/2025 18:00;11.11
24/09/2025 18:15;11.12
24/09/2025 18:30;11.11
24/09/2025 18:45;11.1
24/09/2025 19:00;11.1
24/09/2025 19:15;11.1
24/09/2025 19:30;11.1
24/09/2025 19:45;11.08
24/09/2025 20:00;11.09
24/09/2025 20:15;11.09
24/09/2025 20:30;11.09
24/09/2025 20:45;11.07
24/09/2025 21:00;11.06
24/09/2025 21:15;11.04
24/09/2025 21:30;11.05
24/09/2025 21:45;11.05
24/09/2025 22:00;10.93
24/09/2025 22:15;9.85
24/09/2025 22:30;9.62
24/09/2025 22:45;9.54
24/09/2025 23:00;9.49
24/09/2025 23:15;9.47
24/09/2025 23:30;9.51
24/09/2025 23:45;9.6
25/09/2025 00:00;9.57
25/09/2025 00:15;9.58
25/09/2025 00:30;9.6
25/09/2025 00:45;9.6
25/09/2025 01:00;9.6
25/09/2025 01:15;9.56
25/09/2025 01:30;9.58
25/09/2025 01:45;9.6
25/09/2025 02:00;9.62
25/09/2025 02:15;9.63
25/09/2025 02:30;9.63
25/09/2025 02:45;9.63
25/09/2025 03:00;9.64
25/09/2025 03:15;9.64
25/09/2025 03:30;9.62
25/09/2025 03:45;9.6
25/09/2025 04:00;9.6
25/09/2025 04:15;9.6
25/09/2025 04:30;9.6
25/09/2025 04:45;9.6
25/09/2025 05:00;9.6
25/09/2025 05:15;9.6
25/09/2025 05:30;9.63
25/09/2025 05:45;9.62
25/09/2025 06:00;9.62
25/09/2025 06:15;9.62
25/09/2025 06:30;9.63
25/09/2025 06:45;9.62
25/09/2025 07:00;9.63
25/09/2025 07:15;9.63
25/09/2025 07:30;9.62
25/09/2025 07:45;9.6
25/09/2025 08:00;9.64
25/09/2025 08:15;9.62
25/09/2025 08:30;9.62
25/09/2025 08:45;9.62
25/09/2025 09:00;9.6
25/09/2025 09:15;9.6
25/09/2025 09:30;9.6
25/09/2025 09:45;9.59
25/09/2025 10:00;9.59
25/09/2025 10:15;9.58
25/09/2025 10:30;9.59
25/09/2025 10:45;9.57
25/09/2025 11:00;9.6
25/09/2025 11:15;9.58
25/09/2025 11:30;9.58
25/09/2025 11:45;9.59
25/09/2025 12:00;9.6
25/09/2025 12:15;9.59
25/09/2025 12:30;9.59
25/09/2025 12:45;9.6
25/09/2025 13:00;9.6
25/09/2025 13:15;9.6
25/09/2025 13:30;9.6
25/09/2025 13:45;9.6
25/09/2025 14:00;9.6
25/09/2025 14:15;9.6
25/09/2025 14:30;9.6
25/09/2025 14:45;9.6
25/09/2025 15:00;9.59
25/09/2025 15:15;9.59
25/09/2025 15:30;9.58
25/09/2025 15:45;9.57
25/09/2025 16:00;9.57
25/09/2025 16:15;9.59
25/09/2025 16:30;9.59
25/09/2025 16:45;9.6
25/09/2025 17:00;9.57
25/09/2025 17:15;9.59
25/09/2025 17:30;9.59
25/09/2025 17:45;9.58
25/09/2025 18:00;9.55
25/09/2025 18:15;9.55
25/09/2025 18:30;9.51
25/09/2025 18:45;9.5
25/09/2025 19:00;9.49
25/09/2025 19:15;9.49
25/09/2025 19:30;9.47
25/09/2025 19:45;9.49
25/09/2025 20:00;9.51
25/09/2025 20:15;9.51
25/09/2025 20:30;9.52
25/09/2025 20:45;9.54
25/09/2025 21:00;9.54
25/09/2025 21:15;9.53
25/09/2025 21:30;9.52
25/09/2025 21:45;9.52
25/09/2025 22:00;9.53
25/09/2025 22:15;13.12
25/09/2025 22:30;15.5
25/09/2025 22:45;15.91
25/09/2025 23:00;16.11
25/09/2025 23:15;16.17
25/09/2025 23:30;16.27
25/09/2025 23:45;16.28
26/09/2025 00:00;16.26
26/09/2025 00:15;16.26
26/09/2025 00:30;16.26
26/09/2025 00:45;16.27
26/09/2025 01:00;16.24
26/09/2025 01:15;16.23
26/09/2025 01:30;16.24
26/09/2025 01:45;16.24
26/09/2025 02:00;16.24
26/09/2025 02:15;16.24
26/09/2025 02:30;16.21
26/09/2025 02:45;16.23
26/09/2025 03:00;16.25
26/09/2025 03:15;16.24
26/09/2025 03:30;16.21
26/09/2025 03:45;16.25
26/09/2025 04:00;16.26
26/09/2025 04:15;16.26
26/09/2025 04:30;16.24
26/09/2025 04:45;16.25
26/09/2025 05:00;16.25
26/09/2025 05:15;16.21
26/09/2025 05:30;16.23
26/09/2025 05:45;16.21
26/09/2025 06:00;16.23
26/09/2025 06:15;16.25
26/09/2025 06:30;16.23
26/09/2025 06:45;16.23
26/09/2025 07:00;16.21
26/09/2025 07:15;16.2
26/09/2025 07:30;16.19
26/09/2025 07:45;16.19
26/09/2025 08:00;16.2
26/09/2025 08:15;16.18
26/09/2025 08:30;16.18
26/09/2025 08:45;16.18
26/09/2025 09:00;16.17
26/09/2025 09:15;16.2
26/09/2025 09:30;16.23
26/09/2025 09:45;16.21
26/09/2025 10:00;16.21
26/09/2025 10:15;16.18
26/09/2025 10:30;16.19
26/09/2025 10:45;16.2
26/09/2025 11:00;16.17
26/09/2025 11:15;16.12
26/09/2025 11:30;16.14
26/09/2025 11:45;16.12
26/09/2025 12:00;16.16
26/09/2025 12:15;16.19
26/09/2025 12:30;16.17
26/09/2025 12:45;16.18
26/09/2025 13:00;16.16
26/09/2025 13:15;16.17
26/09/2025 13:30;16.16
26/09/2025 13:45;16.12
26/09/2025 14:00;16.12
26/09/2025 14:15;16.14
26/09/2025 14:30;16.09
26/09/2025 14:45;16.11
26/09/2025 15:00;16.12
26/09/2025 15:15;16.11
26/09/2025 15:30;16.12
26/09/2025 15:45;16.12
26/09/2025 16:00;16.12
26/09/2025 16:15;16.12
26/09/2025 16:30;16.09
26/09/2025 16:45;16.12
26/09/2025 17:00;16.15
26/09/2025 17:15;16.14
26/09/2025 17:30;16.1
26/09/2025 17:45;16.07
26/09/2025 18:00;16.09
26/09/2025 18:15;16.09
26/09/2025 18:30;16.1
26/09/2025 18:45;16.09
26/09/2025 19:00;16.07
26/09/2025 19:15;16.09
26/09/2025 19:30;16.06
26/09/2025 19:45;16.11
26/09/2025 20:00;16.11
26/09/2025 20:15;16.1
26/09/2025 20:30;16.09
26/09/2025 20:45;16.09
26/09/2025 21:00;16.08
26/09/2025 21:15;16.07
26/09/2025 21:30;16.06
26/09/2025 21:45;16.04
26/09/2025 22:00;16.04
26/09/2025 22:15;13.39
26/09/2025 22:30;10.08
26/09/2025 22:45;9.54
26/09/2025 23:00;9.25
26/09/2025 23:15;9.1
26/09/2025 23:30;9.04
26/09/2025 23:45;9
27/09/2025 00:00;8.97
27/09/2025 00:15;8.96
27/09/2025 00:30;8.95
27/09/2025 00:45;8.91
27/09/2025 01:00;8.89
27/09/2025 01:15;8.88
27/09/2025 01:30;8.89
27/09/2025 01:45;8.87
27/09/2025 02:00;8.87
27/09/2025 02:15;8.88
27/09/2025 02:30;8.89
27/09/2025 02:45;8.88
27/09/2025 03:00;8.88
27/09/2025 03:15;8.88
27/09/2025 03:30;8.88
27/09/2025 03:45;8.87
27/09/2025 04:00;8.85
27/09/2025 04:15;8.85
27/09/2025 04:30;8.83
27/09/2025 04:45;8.83
27/09/2025 05:00;8.83
27/09/2025 05:15;8.81
27/09/2025 05:30;8.8
27/09/2025 05:45;8.8
27/09/2025 06:00;8.81
27/09/2025 06:15;8.83
27/09/2025 06:30;8.83
27/09/2025 06:45;8.84
27/09/2025 07:00;8.83
27/09/2025 07:15;8.81
27/09/2025 07:30;8.83
27/09/2025 07:45;8.81
27/09/2025 08:00;8.8
27/09/2025 08:15;8.8
27/09/2025 08:30;8.77
27/09/2025 08:45;8.79
27/09/2025 09:00;8.81
27/09/2025 09:15;8.82
27/09/2025 09:30;8.81
27/09/2025 09:45;8.79
27/09/2025 10:00;8.79
27/09/2025 10:15;8.82
27/09/2025 10:30;8.83
27/09/2025 10:45;8.81
27/09/2025 11:00;8.79
27/09/2025 11:15;8.8
27/09/2025 11:30;8.8
27/09/2025 11:45;8.8
27/09/2025 12:00;8.81
27/09/2025 12:15;8.83
27/09/2025 12:30;8.83
27/09/2025 12:45;8.82
27/09/2025 13:00;8.84
27/09/2025 13:15;8.85
27/09/2025 13:30;8.85
27/09/2025 13:45;8.87
27/09/2025 14:00;8.88
27/09/2025 14:15;8.91
27/09/2025 14:30;8.92
27/09/2025 14:45;8.92
27/09/2025 15:00;8.91
27/09/2025 15:15;8.92
27/09/2025 15:30;8.93
27/09/2025 15:45;8.93
27/09/2025 16:00;8.92
27/09/2025 16:15;8.92
27/09/2025 16:30;8.92
27/09/2025 16:45;8.93
27/09/2025 17:00;8.93
27/09/2025 17:15;8.93
27/09/2025 17:30;8.93
27/09/2025 17:45;8.93
27/09/2025 18:00;8.93
27/09/2025 18:15;8.93
27/09/2025 18:30;8.93
27/09/2025 18:45;8.93
27/09/2025 19:00;8.93
27/09/2025 19:15;8.93
27/09/2025 19:30;8.93
27/09/2025 19:45;8.93
27/09/2025 20:00;8.93
27/09/2025 20:15;8.93
27/09/2025 20:30;8.93
27/09/2025 20:45;8.93
27/09/2025 21:00;8.92
27/09/2025 21:15;8.89
27/09/2025 21:30;8.88
27/09/2025 21:45;8.88
27/09/2025 22:00;8.87
27/09/2025 22:15;8.87
27/09/2025 22:30;8.85
27/09/2025 22:45;8.85
27/09/2025 23:00;8.85
27/09/2025 23:15;8.88
27/09/2025 23:30;8.89
27/09/2025 23:45;8.88
28/09/2025 00:00;8.89
28/09/2025 00:15;8.89
28/09/2025 00:30;8.89
28/09/2025 00:45;8.89
28/09/2025 01:00;8.88
28/09/2025 01:15;8.85
28/09/2025 01:30;8.84
28/09/2025 01:45;8.85
28/09/2025 02:00;8.84
28/09/2025 02:15;8.85
28/09/2025 02:30;8.83
28/09/2025 02:45;8.84
28/09/2025 03:00;8.85
28/09/2025 03:15;8.85
28/09/2025 03:30;8.85
28/09/2025 03:45;8.87
28/09/2025 04:00;8.85
28/09/2025 04:15;8.88
28/09/2025 04:30;8.88
28/09/2025 04:45;8.88
28/09/2025 05:00;8.85
28/09/2025 05:15;8.85
28/09/2025 05:30;8.84
28/09/2025 05:45;8.83
28/09/2025 06:00;8.83
28/09/2025 06:15;8.84
28/09/2025 06:30;8.84
28/09/2025 06:45;8.84
28/09/2025 07:00;8.84
28/09/2025 07:15;8.85
28/09/2025 07:30;8.84
28/09/2025 07:45;8.84
28/09/2025 08:00;8.85
28/09/2025 08:15;8.85
28/09/2025 08:30;8.87
28/09/2025 08:45;8.87
28/09/2025 09:00;8.85
28/09/2025 09:15;8.88
28/09/2025 09:30;8.85
28/09/2025 09:45;8.85
28/09/2025 10:00;8.87
28/09/2025 10:15;8.85
28/09/2025 10:30;8.85
28/09/2025 10:45;8.85
28/09/2025 11:00;8.85
28/09/2025 11:15;8.85
28/09/2025 11:30;8.85
28/09/2025 11:45;8.85
28/09/2025 12:00;8.85
28/09/2025 12:15;8.85
28/09/2025 12:30;8.84
28/09/2025 12:45;8.85
28/09/2025 13:00;8.83
28/09/2025 13:15;8.82
28/09/2025 13:30;8.81
28/09/2025 13:45;8.81
28/09/2025 14:00;8.82
28/09/2025 14:15;8.82
28/09/2025 14:30;8.82
28/09/2025 14:45;8.82
28/09/2025 15:00;8.85
28/09/2025 15:15;8.85
28/09/2025 15:30;8.85
28/09/2025 15:45;8.85
28/09/2025 16:00;8.85
28/09/2025 16:15;8.84
28/09/2025 16:30;8.85
28/09/2025 16:45;8.85
28/09/2025 17:00;8.82
28/09/2025 17:15;8.81
28/09/2025 17:30;8.81
28/09/2025 17:45;8.8
28/09/2025 18:00;8.81
28/09/2025 18:15;8.81
28/09/2025 18:30;8.83
28/09/2025 18:45;8.83
28/09/2025 19:00;8.82
28/09/2025 19:15;8.81
28/09/2025 19:30;8.79
28/09/2025 19:45;8.8
28/09/2025 20:00;8.8
28/09/2025 20:15;8.83
28/09/2025 20:30;8.82
28/09/2025 20:45;8.8
28/09/2025 21:00;8.79
28/09/2025 21:15;8.79
28/09/2025 21:30;8.79
28/09/2025 21:45;8.78
28/09/2025 22:00;8.8
28/09/2025 22:15;8.79
28/09/2025 22:30;8.8
28/09/2025 22:45;9.5
28/09/2025 23:00;12.88
28/09/2025 23:15;13.49
28/09/2025 23:30;13.47
28/09/2025 23:45;13.54
29/09/2025 00:00;13.59
29/09/2025 00:15;13.64
29/09/2025 00:30;13.67
29/09/2025 00:45;13.66
29/09/2025 01:00;13.66
29/09/2025 01:15;13.66
29/09/2025 01:30;13.73
29/09/2025 01:45;13.71
29/09/2025 02:00;13.71
29/09/2025 02:15;13.71
29/09/2025 02:30;13.72
29/09/2025 02:45;13.72
29/09/2025 03:00;13.72
29/09/2025 03:15;13.69
29/09/2025 03:30;13.67
29/09/2025 03:45;13.7
29/09/2025 04:00;13.68
29/09/2025 04:15;13.7
29/09/2025 04:30;13.69
29/09/2025 04:45;13.68
29/09/2025 05:00;13.72
29/09/2025 05:15;13.71
29/09/2025 05:30;13.7
29/09/2025 05:45;13.73
29/09/2025 06:00;13.71
29/09/2025 06:15;13.71
29/09/2025 06:30;13.66
29/09/2025 06:45;13.67
29/09/2025 07:00;13.67
29/09/2025 07:15;13.63
29/09/2025 07:30;13.62
29/09/2025 07:45;13.62
29/09/2025 08:00;13.66
29/09/2025 08:15;13.63
29/09/2025 08:30;13.63
29/09/2025 08:45;13.67
29/09/2025 09:00;13.65
29/09/2025 09:15;13.66
29/09/2025 09:30;13.64
29/09/2025 09:45;13.65
29/09/2025 10:00;13.6
29/09/2025 10:15;13.61
29/09/2025 10:30;13.61
29/09/2025 10:45;13.59
29/09/2025 11:00;13.59
29/09/2025 11:15;13.58
29/09/2025 11:30;13.58
29/09/2025 11:45;13.61
29/09/2025 12:00;13.6
29/09/2025 12:15;13.59
29/09/2025 12:30;13.62
29/09/2025 12:45;13.62
29/09/2025 13:00;13.59
29/09/2025 13:15;13.59
29/09/2025 13:30;13.59
29/09/2025 13:45;13.57
29/09/2025 14:00;13.57
29/09/2025 14:15;13.55
29/09/2025 14:30;13.52
29/09/2025 14:45;13.52
29/09/2025 15:00;13.55
29/09/2025 15:15;13.59
29/09/2025 15:30;13.58
29/09/2025 15:45;13.58
29/09/2025 16:00;13.57
29/09/2025 16:15;13.58
29/09/2025 16:30;13.58
29/09/2025 16:45;13.56
29/09/2025 17:00;13.56
29/09/2025 17:15;13.58
29/09/2025 17:30;13.57
29/09/2025 17:45;13.57
29/09/2025 18:00;13.58
29/09/2025 18:15;13.57
29/09/2025 18:30;13.52
29/09/2025 18:45;13.55
29/09/2025 19:00;13.55
29/09/2025 19:15;13.52
29/09/2025 19:30;13.49
29/09/2025 19:45;13.5
29/09/2025 20:00;13.54
29/09/2025 20:15;13.58
29/09/2025 20:30;13.59
29/09/2025 20:45;13.58
29/09/2025 21:00;13.57
29/09/2025 21:15;12.05
29/09/2025 21:30;11.28
29/09/2025 21:45;11.13
29/09/2025 22:00;11.02
29/09/2025 22:15;10.98
29/09/2025 22:30;11.03
29/09/2025 22:45;11.18
29/09/2025 23:00;11.19
29/09/2025 23:15;11.19
29/09/2025 23:30;11.19
29/09/2025 23:45;11.2
30/09/2025 00:00;11.21
30/09/2025 00:15;11.2
30/09/2025 00:30;11.19
30/09/2025 00:45;11.19
30/09/2025 01:00;11.19
30/09/2025 01:15;11.2
30/09/2025 01:30;11.17
30/09/2025 01:45;11.16
30/09/2025 02:00;11.16
30/09/2025 02:15;11.17
30/09/2025 02:30;11.18
30/09/2025 02:45;11.18
30/09/2025 03:00;11.19
30/09/2025 03:15;11.17
30/09/2025 03:30;11.19
30/09/2025 03:45;11.18
30/09/2025 04:00;11.18
30/09/2025 04:15;11.18
30/09/2025 04:30;11.18
30/09/2025 04:45;11.17
30/09/2025 05:00;11.17
30/09/2025 05:15;11.16
30/09/2025 05:30;11.17
30/09/2025 05:45;11.17
30/09/2025 06:00;11.15
30/09/2025 06:15;11.16
30/09/2025 06:30;11.15
30/09/2025 06:45;11.15
30/09/2025 07:00;11.15
30/09/2025 07:15;11.12
30/09/2025 07:30;11.12
30/09/2025 07:45;11.11
30/09/2025 08:00;11.13
30/09/2025 08:15;11.12
30/09/2025 08:30;11.12
30/09/2025 08:45;11.14
30/09/2025 09:00;11.13
30/09/2025 09:15;11.14
30/09/2025 09:30;11.14
30/09/2025 09:45;11.14
30/09/2025 10:00;11.11
30/09/2025 10:15;11.1
30/09/2025 10:30;11.09
30/09/2025 10:45;11.09
30/09/2025 11:00;11.08
30/09/2025 11:15;11.08
30/09/2025 11:30;11.08
30/09/2025 11:45;11.08
30/09/2025 12:00;11.09
30/09/2025 12:15;11.06
30/09/2025 12:30;11.11
30/09/2025 12:45;11.08
30/09/2025 13:00;11.09
30/09/2025 13:15;11.1
30/09/2025 13:30;11.1
30/09/2025 13:45;11.08
30/09/2025 14:00;11.1
30/09/2025 14:15;11.09
30/09/2025 14:30;11.11
30/09/2025 14:45;11.1
30/09/2025 15:00;11.09
30/09/2025 15:15;11.06
30/09/2025 15:30;11.06
30/09/2025 15:45;11.05
30/09/2025 16:00;11.06
30/09/2025 16:15;11.04
30/09/2025 16:30;11.05
30/09/2025 16:45;11.08
30/09/2025 17:00;11.08
30/09/2025 17:15;11.08
30/09/2025 17:30;11.08
30/09/2025 17:45;11.08
30/09/2025 18:00;11.07
30/09/2025 18:15;11.06
30/09/2025 18:30;11.07
30/09/2025 18:45;11.04
30/09/2025 19:00;11.04
30/09/2025 19:15;11.04
30/09/2025 19:30;11.02
30/09/2025 19:45;11.01
30/09/2025 20:00;11.02
30/09/2025 20:15;11.03
30/09/2025 20:30;11.06
30/09/2025 20:45;11.05
30/09/2025 21:00;11.06
30/09/2025 21:15;11.03
30/09/2025 21:30;11.05
30/09/2025 21:45;11.03
30/09/2025 22:00;11.03
30/09/2025 22:15;11.04
30/09/2025 22:30;11.01
30/09/2025 22:45;11.02
30/09/2025 23:00;11.02
30/09/2025 23:15;11.01
30/09/2025 23:30;11.01
30/09/2025 23:45;11.03
01/10/2025 00:00;11.03
01/10/2025 00:15;11.04
01/10/2025 00:30;11.05
01/10/2025 00:45;11.05
01/10/2025 01:00;11.04
01/10/2025 01:15;11.03
01/10/2025 01:30;11.03
01/10/2025 01:45;11.02
01/10/2025 02:00;10.99
01/10/2025 02:15;10.99
01/10/2025 02:30;10.97
01/10/2025 02:45;11
01/10/2025 03:00;10.99
01/10/2025 03:15;11
01/10/2025 03:30;11.02
01/10/2025 03:45;11.01
01/10/2025 04:00;11.02
01/10/2025 04:15;11.02
01/10/2025 04:30;10.99
01/10/2025 04:45;11
01/10/2025 05:00;11.02
01/10/2025 05:15;11.01
01/10/2025 05:30;10.98
01/10/2025 05:45;10.98
01/10/2025 06:00;10.96
01/10/2025 06:15;10.97
01/10/2025 06:30;10.97
01/10/2025 06:45;10.97
01/10/2025 07:00;10.98
01/10/2025 07:15;10.99
01/10/2025 07:30;10.99
01/10/2025 07:45;10.97
01/10/2025 08:00;10.98
01/10/2025 08:15;10.97
01/10/2025 08:30;10.97
01/10/2025 08:45;10.97
01/10/2025 09:00;10.96
01/10/2025 09:15;10.95
01/10/2025 09:30;10.91
01/10/2025 09:45;10.91
01/10/2025 10:00;10.91
01/10/2025 10:15;10.92
01/10/2025 10:30;10.93
01/10/2025 10:45;10.95
01/10/2025 11:00;10.92
01/10/2025 11:15;10.93
01/10/2025 11:30;10.95
01/10/2025 11:45;10.95
01/10/2025 12:00;10.93
01/10/2025 12:15;10.92
01/10/2025 12:30;10.91
01/10/2025 12:45;10.9
01/10/2025 13:00;10.92
01/10/2025 13:15;10.9
01/10/2025 13:30;10.92
01/10/2025 13:45;10.93
01/10/2025 14:00;10.95
01/10/2025 14:15;10.95
01/10/2025 14:30;10.95
01/10/2025 14:45;10.96
01/10/2025 15:00;10.95
01/10/2025 15:15;10.95
01/10/2025 15:30;10.94
01/10/2025 15:45;10.95
01/10/2025 16:00;10.93
01/10/2025 16:15;10.93
01/10/2025 16:30;10.92
01/10/2025 16:45;10.92
01/10/2025 17:00;10.92
01/10/2025 17:15;10.94
01/10/2025 17:30;10.95
01/10/2025 17:45;10.96
01/10/2025 18:00;10.96
01/10/2025 18:15;10.94
01/10/2025 18:30;10.94
01/10/2025 18:45;10.95
01/10/2025 19:00;10.93
01/10/2025 19:15;10.93
01/10/2025 19:30;10.94
01/10/2025 19:45;10.93
01/10/2025 20:00;10.92
01/10/2025 20:15;10.93
01/10/2025 20:30;10.93
01/10/2025 20:45;10.91
01/10/2025 21:00;10.9
01/10/2025 21:15;10.92
01/10/2025 21:30;10.91
01/10/2025 21:45;10.92
01/10/2025 22:00;10.91
01/10/2025 22:15;10.9
01/10/2025 22:30;10.92
01/10/2025 22:45;10.89
01/10/2025 23:00;10.91
01/10/2025 23:15;10.91
01/10/2025 23:30;10.92
01/10/2025 23:45;10.91
02/10/2025 00:00;10.89
02/10/2025 00:15;10.88
02/10/2025 00:30;10.88
02/10/2025 00:45;10.89
02/10/2025 01:00;10.86
02/10/2025 01:15;10.86
02/10/2025 01:30;10.87
02/10/2025 01:45;10.88
02/10/2025 02:00;10.89
02/10/2025 02:15;10.89
02/10/2025 02:30;10.89
02/10/2025 02:45;10.89
02/10/2025 03:00;10.89
02/10/2025 03:15;10.89
02/10/2025 03:30;10.86
02/10/2025 03:45;10.84
02/10/2025 04:00;10.85
02/10/2025 04:15;10.84
02/10/2025 04:30;10.82
02/10/2025 04:45;10.82
02/10/2025 05:00;10.83
02/10/2025 05:15;10.82
02/10/2025 05:30;10.85
02/10/2025 05:45;10.84
02/10/2025 06:00;10.86
02/10/2025 06:15;10.85
02/10/2025 06:30;10.85
02/10/2025 06:45;10.86
02/10/2025 07:00;10.86
02/10/2025 07:15;10.85
02/10/2025 07:30;10.85
02/10/2025 07:45;10.85
02/10/2025 08:00;10.84
02/10/2025 08:15;10.85
02/10/2025 08:30;10.84
02/10/2025 08:45;10.85
02/10/2025 09:00;10.82
02/10/2025 09:15;10.82
02/10/2025 09:30;10.82
02/10/2025 09:45;10.82
02/10/2025 10:00;10.81
02/10/2025 10:15;10.82
02/10/2025 10:30;10.81
02/10/2025 10:45;10.8
02/10/2025 11:00;10.79
02/10/2025 11:15;10.8
02/10/2025 11:30;10.8
02/10/2025 11:45;10.79
02/10/2025 12:00;10.92
02/10/2025 12:15;11.55
02/10/2025 12:30;11.69
02/10/2025 12:45;11.79
02/10/2025 13:00;11.82
02/10/2025 13:15;11.83
02/10/2025 13:30;11.85
02/10/2025 13:45;11.84
02/10/2025 14:00;11.84
02/10/2025 14:15;11.83
02/10/2025 14:30;11.82
02/10/2025 14:45;11.81
02/10/2025 15:00;11.82
02/10/2025 15:15;11.82
02/10/2025 15:30;11.81
02/10/2025 15:45;11.81
02/10/2025 16:00;11.82
02/10/2025 16:15;11.8
02/10/2025 16:30;11.79
02/10/2025 16:45;11.81
02/10/2025 17:00;11.79
02/10/2025 17:15;11.77
02/10/2025 17:30;11.76
02/10/2025 17:45;11.77
02/10/2025 18:00;11.75
02/10/2025 18:15;11.76
02/10/2025 18:30;11.75
02/10/2025 18:45;11.76
02/10/2025 19:00;11.77
02/10/2025 19:15;11.76
02/10/2025 19:30;11.76
02/10/2025 19:45;11.75
02/10/2025 20:00;11.77
02/10/2025 20:15;11.75
02/10/2025 20:30;11.76
02/10/2025 20:45;11.78
02/10/2025 21:00;11.77
02/10/2025 21:15;11.74
02/10/2025 21:30;11.73
02/10/2025 21:45;11.74
02/10/2025 22:00;11.71
02/10/2025 22:15;11.72
02/10/2025 22:30;11.74
02/10/2025 22:45;11.74
02/10/2025 23:00;11.74
02/10/2025 23:15;11.76
02/10/2025 23:30;11.75
02/10/2025 23:45;11.74
03/10/2025 00:00;11.76
03/10/2025 00:15;11.75
03/10/2025 00:30;11.73
03/10/2025 00:45;11.75
03/10/2025 01:00;11.73
03/10/2025 01:15;11.73
03/10/2025 01:30;11.72
03/10/2025 01:45;11.71
03/10/2025 02:00;11.7
03/10/2025 02:15;11.7
03/10/2025 02:30;11.69
03/10/2025 02:45;11.7
03/10/2025 03:00;11.7
03/10/2025 03:15;11.7
03/10/2025 03:30;11.7
03/10/2025 03:45;11.71
03/10/2025 04:00;11.69
03/10/2025 04:15;11.73
03/10/2025 04:30;11.71
03/10/2025 04:45;11.7
03/10/2025 05:00;11.7
03/10/2025 05:15;11.69
03/10/2025 05:30;11.68
03/10/2025 05:45;11.67
03/10/2025 06:00;11.66
03/10/2025 06:15;11.68
03/10/2025 06:30;11.7
03/10/2025 06:45;11.69
03/10/2025 07:00;11.69
03/10/2025 07:15;11.69
03/10/2025 07:30;11.69
03/10/2025 07:45;11.69
03/10/2025 08:00;11.7
03/10/2025 08:15;11.68
03/10/2025 08:30;11.69
03/10/2025 08:45;11.68
03/10/2025 09:00;11.66
03/10/2025 09:15;11.66
03/10/2025 09:30;11.65
03/10/2025 09:45;11.64
03/10/2025 10:00;11.67
03/10/2025 10:15;11.66
03/10/2025 10:30;11.66
03/10/2025 10:45;11.68
03/10/2025 11:00;11.96
03/10/2025 11:15;12.06
03/10/2025 11:30;12.08
03/10/2025 11:45;12.1
03/10/2025 12:00;12.08
03/10/2025 12:15;12.09
03/10/2025 12:30;12.08
03/10/2025 12:45;12.08
03/10/2025 13:00;12.07
03/10/2025 13:15;12.07
03/10/2025 13:30;12.08
03/10/2025 13:45;12.06
03/10/2025 14:00;12.08
03/10/2025 14:15;12.08
03/10/2025 14:30;12.09
03/10/2025 14:45;12.07
03/10/2025 15:00;12.07
03/10/2025 15:15;12.07
03/10/2025 15:30;12.08
03/10/2025 15:45;12.06
03/10/2025 16:00;12.07
03/10/2025 16:15;12.04
03/10/2025 16:30;12.04
03/10/2025 16:45;12.04
03/10/2025 17:00;12.02
03/10/2025 17:15;12.02
03/10/2025 17:30;12.04
03/10/2025 17:45;12.06
03/10/2025 18:00;12.05
03/10/2025 18:15;12.05
03/10/2025 18:30;12.06
03/10/2025 18:45;12.06
03/10/2025 19:00;12.05
03/10/2025 19:15;12.03
03/10/2025 19:30;12.04
03/10/2025 19:45;12.04
03/10/2025 20:00;12.04
03/10/2025 20:15;12.05
03/10/2025 20:30;12.02
03/10/2025 20:45;11.99
03/10/2025 21:00;12
03/10/2025 21:15;12.01
03/10/2025 21:30;11.99
03/10/2025 21:45;12.01
03/10/2025 22:00;12.02
03/10/2025 22:15;12.02
03/10/2025 22:30;12.03
03/10/2025 22:45;12.03
03/10/2025 23:00;12.01
03/10/2025 23:15;12.01
03/10/2025 23:30;12
03/10/2025 23:45;12.01
04/10/2025 00:00;12.02
04/10/2025 00:15;12.01
04/10/2025 00:30;12
04/10/2025 00:45;11.99
04/10/2025 01:00;11.98
04/10/2025 01:15;11.98
04/10/2025 01:30;11.97
04/10/2025 01:45;11.97
04/10/2025 02:00;11.98
04/10/2025 02:15;12
04/10/2025 02:30;11.99
04/10/2025 02:45;11.98
04/10/2025 03:00;11.99
04/10/2025 03:15;11.98
04/10/2025 03:30;11.99
04/10/2025 03:45;11.98
04/10/2025 04:00;11.98
04/10/2025 04:15;11.96
04/10/2025 04:30;11.95
04/10/2025 04:45;11.94
04/10/2025 05:00;11.95
04/10/2025 05:15;11.95
04/10/2025 05:30;11.94
04/10/2025 05:45;11.96
04/10/2025 06:00;11.96
04/10/2025 06:15;11.95
04/10/2025 06:30;11.95
04/10/2025 06:45;11.97
04/10/2025 07:00;11.96
04/10/2025 07:15;11.97
04/10/2025 07:30;11.95
04/10/2025 07:45;11.97
04/10/2025 08:00;11.96
04/10/2025 08:15;11.96
04/10/2025 08:30;11.95
04/10/2025 08:45;11.95
04/10/2025 09:00;11.95
04/10/2025 09:15;11.95
04/10/2025 09:30;11.93
04/10/2025 09:45;11.95
04/10/2025 10:00;11.93
04/10/2025 10:15;11.94
04/10/2025 10:30;11.94
04/10/2025 10:45;11.94
04/10/2025 11:00;11.93
04/10/2025 11:15;11.92
04/10/2025 11:30;11.93
04/10/2025 11:45;11.92
04/10/2025 12:00;11.92
04/10/2025 12:15;11.92
04/10/2025 12:30;11.92
04/10/2025 12:45;11.93
04/10/2025 13:00;11.92
04/10/2025 13:15;11.95
04/10/2025 13:30;11.93
04/10/2025 13:45;11.92
04/10/2025 14:00;11.9
04/10/2025 14:15;11.92
04/10/2025 14:30;11.91
04/10/2025 14:45;11.9
04/10/2025 15:00;11.91
04/10/2025 15:15;11.91
04/10/2025 15:30;11.91
04/10/2025 15:45;11.9
04/10/2025 16:00;11.91
04/10/2025 16:15;11.92
04/10/2025 16:30;11.89
04/10/2025 16:45;11.9
04/10/2025 17:00;11.89
04/10/2025 17:15;11.89
04/10/2025 17:30;11.89
04/10/2025 17:45;11.88
04/10/2025 18:00;11.88
04/10/2025 18:15;11.87
04/10/2025 18:30;11.88
04/10/2025 18:45;11.86
04/10/2025 19:00;11.85
04/10/2025 19:15;11.86
04/10/2025 19:30;11.84
04/10/2025 19:45;11.86
04/10/2025 20:00;11.86
04/10/2025 20:15;11.83
04/10/2025 20:30;11.83
04/10/2025 20:45;11.82
04/10/2025 21:00;11.85
04/10/2025 21:15;11.85
04/10/2025 21:30;11.86
04/10/2025 21:45;11.86
04/10/2025 22:00;11.85
04/10/2025 22:15;11.85
04/10/2025 22:30;11.83
04/10/2025 22:45;11.84
04/10/2025 23:00;11.83
04/10/2025 23:15;11.8
04/10/2025 23:30;11.79
04/10/2025 23:45;11.8
05/10/2025 00:00;11.81
05/10/2025 00:15;11.79
05/10/2025 00:30;11.79
05/10/2025 00:45;11.83
05/10/2025 01:00;11.82
05/10/2025 01:15;11.81
05/10/2025 01:30;11.84
05/10/2025 01:45;11.81
05/10/2025 02:00;11.81
05/10/2025 02:15;11.82
05/10/2025 02:30;11.81
05/10/2025 02:45;11.82
05/10/2025 03:00;11.81
05/10/2025 03:15;11.79
05/10/2025 03:30;11.79
05/10/2025 03:45;11.77
05/10/2025 04:00;11.78
05/10/2025 04:15;11.78
05/10/2025 04:30;11.77
05/10/2025 04:45;11.76
05/10/2025 05:00;11.79
05/10/2025 05:15;11.81
05/10/2025 05:30;11.82
05/10/2025 05:45;11.79
05/10/2025 06:00;11.8
05/10/2025 06:15;11.78
05/10/2025 06:30;11.78
05/10/2025 06:45;11.78
05/10/2025 07:00;11.78
05/10/2025 07:15;11.79
05/10/2025 07:30;11.76
05/10/2025 07:45;11.75
05/10/2025 08:00;11.74
05/10/2025 08:15;11.74
05/10/2025 08:30;11.74
05/10/2025 08:45;11.76
05/10/2025 09:00;11.77
05/10/2025 09:15;11.75
05/10/2025 09:30;11.75
05/10/2025 09:45;11.75
05/10/2025 10:00;11.74
05/10/2025 10:15;11.75
05/10/2025 10:30;11.74
05/10/2025 10:45;11.74
05/10/2025 11:00;11.72
05/10/2025 11:15;11.73
05/10/2025 11:30;11.73
05/10/2025 11:45;11.73
05/10/2025 12:00;11.71
05/10/2025 12:15;11.74
05/10/2025 12:30;11.74
05/10/2025 12:45;11.76
05/10/2025 13:00;11.71
05/10/2025 13:15;11.73
05/10/2025 13:30;11.74
05/10/2025 13:45;11.75
05/10/2025 14:00;11.73
05/10/2025 14:15;11.72
05/10/2025 14:30;11.74
05/10/2025 14:45;11.72
05/10/2025 15:00;11.69
05/10/2025 15:15;11.69
05/10/2025 15:30;11.68
05/10/2025 15:45;11.68
05/10/2025 16:00;11.71
05/10/2025 16:15;11.7
05/10/2025 16:30;11.72
05/10/2025 16:45;11.7
05/10/2025 17:00;11.71
05/10/2025 17:15;11.7
05/10/2025 17:30;11.71
05/10/2025 17:45;11.7
05/10/2025 18:00;11.7
05/10/2025 18:15;11.69
05/10/2025 18:30;11.69
05/10/2025 18:45;11.7
05/10/2025 19:00;11.69
05/10/2025 19:15;11.65
05/10/2025 19:30;11.63
05/10/2025 19:45;11.63
05/10/2025 20:00;11.62
05/10/2025 20:15;11.63
05/10/2025 20:30;11.66
05/10/2025 20:45;11.67
05/10/2025 21:00;11.66
05/10/2025 21:15;12.46
05/10/2025 21:30;13.03
05/10/2025 21:45;13.12
05/10/2025 22:00;13.12
05/10/2025 22:15;13.07
05/10/2025 22:30;13.08
05/10/2025 22:45;13.02
05/10/2025 23:00;13.06
05/10/2025 23:15;13.06
05/10/2025 23:30;13.05
05/10/2025 23:45;13.1
06/10/2025 00:00;13.09
06/10/2025 00:15;13.08
06/10/2025 00:30;13.1
06/10/2025 00:45;13.1
06/10/2025 01:00;13.12
06/10/2025 01:15;13.06
06/10/2025 01:30;13.06
06/10/2025 01:45;13.03
06/10/2025 02:00;13.06
06/10/2025 02:15;13.07
06/10/2025 02:30;13.05
06/10/2025 02:45;13.07
06/10/2025 03:00;13
06/10/2025 03:15;13.04
06/10/2025 03:30;13.04
06/10/2025 03:45;12.99
06/10/2025 04:00;13.01
06/10/2025 04:15;13
06/10/2025 04:30;13.04
06/10/2025 04:45;13.04
06/10/2025 05:00;13.04
06/10/2025 05:15;13.06
06/10/2025 05:30;13.09
06/10/2025 05:45;13.13
06/10/2025 06:00;13.16
06/10/2025 06:15;13.15
06/10/2025 06:30;13.13
06/10/2025 06:45;13.17
06/10/2025 07:00;13.06
06/10/2025 07:15;13.1
06/10/2025 07:30;13.11
06/10/2025 07:45;13.09
06/10/2025 08:00;13.04
06/10/2025 08:15;13.02
06/10/2025 08:30;13.05
06/10/2025 08:45;13.06
06/10/2025 09:00;13.09
06/10/2025 09:15;13.06
06/10/2025 09:30;13.09
06/10/2025 09:45;13.16
06/10/2025 10:00;13.13
06/10/2025 10:15;13.16
06/10/2025 10:30;13.15
06/10/2025 10:45;13.09
06/10/2025 11:00;13.05
06/10/2025 11:15;13.06
06/10/2025 11:30;13.07
06/10/2025 11:45;13.12
06/10/2025 12:00;13.08
06/10/2025 12:15;13.05
06/10/2025 12:30;12.91
06/10/2025 12:45;12.96
06/10/2025 13:00;12.96
06/10/2025 13:15;12.94
06/10/2025 13:30;12.95
06/10/2025 13:45;12.91
06/10/2025 14:00;12.92
06/10/2025 14:15;12.91
06/10/2025 14:30;12.9
06/10/2025 14:45;12.92
06/10/2025 15:00;12.96
06/10/2025 15:15;12.92
06/10/2025 15:30;12.92
06/10/2025 15:45;12.92
06/10/2025 16:00;12.92
06/10/2025 16:15;12.89
06/10/2025 16:30;12.91
06/10/2025 16:45;12.89
06/10/2025 17:00;12.9
06/10/2025 17:15;12.92
06/10/2025 17:30;12.9
06/10/2025 17:45;12.89
06/10/2025 18:00;12.87
06/10/2025 18:15;12.87
06/10/2025 18:30;12.9
06/10/2025 18:45;12.84
06/10/2025 19:00;12.84
06/10/2025 19:15;12.87
06/10/2025 19:30;12.93
06/10/2025 19:45;12.97
06/10/2025 20:00;12.9
06/10/2025 20:15;12.88
06/10/2025 20:30;12.89
06/10/2025 20:45;13.02
06/10/2025 21:00;12.85
06/10/2025 21:15;12.85
06/10/2025 21:30;12.86
06/10/2025 21:45;12.9
06/10/2025 22:00;12.83
06/10/2025 22:15;12.66
06/10/2025 22:30;12.48
06/10/2025 22:45;12.43
06/10/2025 23:00;12.39
06/10/2025 23:15;12.38
06/10/2025 23:30;12.16
06/10/2025 23:45;11.74
07/10/2025 00:00;11.66
07/10/2025 00:15;11.62
07/10/2025 00:30;11.59
07/10/2025 00:45;11.6
07/10/2025 01:00;11.58
07/10/2025 01:15;11.57
07/10/2025 01:30;11.56
07/10/2025 01:45;11.56
07/10/2025 02:00;11.56
07/10/2025 02:15;11.55
07/10/2025 02:30;11.53
07/10/2025 02:45;11.51
07/10/2025 03:00;11.52
07/10/2025 03:15;11.51
07/10/2025 03:30;11.53
07/10/2025 03:45;11.55
07/10/2025 04:00;11.54
07/10/2025 04:15;11.55
07/10/2025 04:30;11.52
07/10/2025 04:45;11.52
07/10/2025 05:00;11.52
07/10/2025 05:15;11.52
07/10/2025 05:30;11.51
07/10/2025 05:45;11.49
07/10/2025 06:00;11.51
07/10/2025 06:15;11.48
07/10/2025 06:30;11.47
07/10/2025 06:45;11.47
07/10/2025 07:00;11.48
07/10/2025 07:15;11.48
07/10/2025 07:30;11.49
07/10/2025 07:45;11.48
07/10/2025 08:00;11.51
07/10/2025 08:15;11.5
07/10/2025 08:30;11.49
07/10/2025 08:45;11.46
07/10/2025 09:00;11.47
07/10/2025 09:15;11.48
07/10/2025 09:30;11.47
07/10/2025 09:45;11.44
07/10/2025 10:00;11.45
07/10/2025 10:15;11.44
07/10/2025 10:30;11.43
07/10/2025 10:45;11.45
07/10/2025 11:00;11.44
07/10/2025 11:15;11.45
07/10/2025 11:30;11.45
07/10/2025 11:45;11.45
07/10/2025 12:00;11.45
07/10/2025 12:15;11.47
07/10/2025 12:30;11.46
07/10/2025 12:45;11.46
07/10/2025 13:00;11.46
07/10/2025 13:15;11.46
07/10/2025 13:30;11.46
07/10/2025 13:45;11.43
07/10/2025 14:00;11.43
07/10/2025 14:15;11.42
07/10/2025 14:30;11.44
07/10/2025 14:45;11.44
07/10/2025 15:00;11.46
07/10/2025 15:15;11.46
07/10/2025 15:30;11.48
07/10/2025 15:45;11.48
07/10/2025 16:00;11.47
07/10/2025 16:15;11.46
07/10/2025 16:30;11.46
07/10/2025 16:45;11.46
07/10/2025 17:00;11.46
07/10/2025 17:15;11.46
07/10/2025 17:30;11.46
07/10/2025 17:45;11.45
07/10/2025 18:00;11.45
07/10/2025 18:15;11.43
07/10/2025 18:30;11.42
07/10/2025 18:45;11.42
07/10/2025 19:00;11.43
07/10/2025 19:15;11.44
07/10/2025 19:30;11.43
07/10/2025 19:45;11.44
07/10/2025 20:00;11.44
07/10/2025 20:15;11.43
07/10/2025 20:30;11.43
07/10/2025 20:45;11.43
07/10/2025 21:00;11.44
07/10/2025 21:15;11.38
07/10/2025 21:30;11.4
07/10/2025 21:45;11.4
07/10/2025 22:00;11.4
07/10/2025 22:15;12.96
07/10/2025 22:30;13.72
07/10/2025 22:45;13.9
07/10/2025 23:00;14.04
07/10/2025 23:15;14.1
07/10/2025 23:30;14.15
07/10/2025 23:45;14.16
08/10/2025 00:00;14.17
08/10/2025 00:15;14.15
08/10/2025 00:30;14.16
08/10/2025 00:45;14.17
08/10/2025 01:00;14.14
08/10/2025 01:15;14.13
08/10/2025 01:30;14.1
08/10/2025 01:45;14.1
08/10/2025 02:00;14.08
08/10/2025 02:15;14.09
08/10/2025 02:30;14.06
08/10/2025 02:45;14.07
08/10/2025 03:00;14.09
08/10/2025 03:15;14.09
08/10/2025 03:30;14.15
08/10/2025 03:45;14.12
08/10/2025 04:00;14.08
08/10/2025 04:15;14.06
08/10/2025 04:30;14.07
08/10/2025 04:45;14.11
08/10/2025 05:00;14.07
08/10/2025 05:15;14.09
08/10/2025 05:30;14.07
08/10/2025 05:45;14.08
08/10/2025 06:00;14.06
08/10/2025 06:15;14.02
08/10/2025 06:30;14.04
08/10/2025 06:45;14
08/10/2025 07:00;14.01
08/10/2025 07:15;14.05
08/10/2025 07:30;14.08
08/10/2025 07:45;14.02
08/10/2025 08:00;14.02
08/10/2025 08:15;14.03
08/10/2025 08:30;14.01
08/10/2025 08:45;14.04
08/10/2025 09:00;14.02
08/10/2025 09:15;14.03
08/10/2025 09:30;13.98
08/10/2025 09:45;13.96
08/10/2025 10:00;14.04
08/10/2025 10:15;14.05
08/10/2025 10:30;14.06
08/10/2025 10:45;14.55
08/10/2025 11:00;15.02
08/10/2025 11:15;15.08
08/10/2025 11:45;15.14
08/10/2025 12:00;15.15
08/10/2025 12:15;15.16
08/10/2025 12:30;15.15
08/10/2025 12:45;15.14
08/10/2025 13:00;15.13
08/10/2025 13:15;15.12
08/10/2025 13:30;15.11
08/10/2025 13:45;15.11
08/10/2025 14:00;15.12
08/10/2025 14:15;15.13
08/10/2025 14:30;15.11
08/10/2025 14:45;15.08
08/10/2025 15:00;15.1
08/10/2025 15:15;15.08
08/10/2025 15:30;15.1
08/10/2025 15:45;15.1
08/10/2025 16:00;15.08
08/10/2025 16:15;15.08
08/10/2025 16:30;15.07
08/10/2025 16:45;15.07
08/10/2025 17:00;15.07
08/10/2025 17:15;15.06
08/10/2025 17:30;15.07
08/10/2025 17:45;15.05
08/10/2025 18:00;15.05
08/10/2025 18:15;15.05
08/10/2025 18:30;15.05
08/10/2025 18:45;15.04
08/10/2025 19:00;15.04
08/10/2025 19:15;15.05
08/10/2025 19:30;15.04
08/10/2025 19:45;15.03
08/10/2025 20:00;15.02
08/10/2025 20:15;14.99
08/10/2025 20:30;14.98
08/10/2025 20:45;14.98
08/10/2025 21:00;14.99
08/10/2025 21:15;14.99
08/10/2025 21:30;14.99
08/10/2025 21:45;15.02
08/10/2025 22:00;14.99
08/10/2025 22:15;14.97
08/10/2025 22:30;14.98
08/10/2025 22:45;14.96
08/10/2025 23:00;14.96
08/10/2025 23:15;14.98
08/10/2025 23:30;14.98
08/10/2025 23:45;14.98
09/10/2025 00:00;14.98
09/10/2025 00:15;14.97
09/10/2025 00:30;14.94
09/10/2025 00:45;14.94
09/10/2025 01:00;14.94
09/10/2025 01:15;14.94
09/10/2025 01:30;14.93
09/10/2025 01:45;14.95
09/10/2025 02:00;14.96
09/10/2025 02:15;14.95
09/10/2025 02:30;14.95
09/10/2025 02:45;14.94
09/10/2025 03:00;14.93
09/10/2025 03:15;14.93
09/10/2025 03:30;14.93
09/10/2025 03:45;14.91
09/10/2025 04:00;14.9
09/10/2025 04:15;14.89
09/10/2025 04:30;14.89
09/10/2025 04:45;14.88
09/10/2025 05:00;14.88
09/10/2025 05:15;14.9
09/10/2025 05:30;14.87
09/10/2025 05:45;14.89
09/10/2025 06:00;14.87
09/10/2025 06:15;14.89
09/10/2025 06:30;14.88
09/10/2025 06:45;14.89
09/10/2025 07:00;14.89
09/10/2025 07:15;14.84
09/10/2025 07:30;14.86
09/10/2025 07:45;14.83
09/10/2025 08:00;14.82
09/10/2025 08:15;14.82
09/10/2025 08:30;14.8
09/10/2025 08:45;14.81
09/10/2025 09:00;14.83
09/10/2025 09:15;14.83
09/10/2025 09:30;14.82
09/10/2025 09:45;14.83
09/10/2025 10:00;14.82
09/10/2025 10:15;14.79
09/10/2025 10:30;14.81
09/10/2025 10:45;14.79
09/10/2025 11:00;14.82
09/10/2025 11:15;14.77
09/10/2025 11:30;14.78
09/10/2025 11:45;14.77
09/10/2025 12:00;14.75
09/10/2025 12:15;14.78
09/10/2025 12:30;14.75
09/10/2025 12:45;14.76
09/10/2025 13:00;14.79
09/10/2025 13:15;14.81
09/10/2025 13:30;14.79
09/10/2025 13:45;14.79
09/10/2025 14:00;14.78
09/10/2025 14:15;14.79
09/10/2025 14:30;14.77
09/10/2025 14:45;14.76
09/10/2025 15:00;14.75
09/10/2025 15:15;14.73
09/10/2025 15:30;14.71
09/10/2025 15:45;14.7
09/10/2025 16:00;14.69
09/10/2025 16:15;14.7
09/10/2025 16:30;14.69
09/10/2025 16:45;14.73
09/10/2025 17:00;14.71
09/10/2025 17:15;14.71
09/10/2025 17:30;14.71
09/10/2025 17:45;14.7
09/10/2025 18:00;14.7
09/10/2025 18:15;14.68
09/10/2025 18:30;14.7
09/10/2025 18:45;14.7
09/10/2025 19:00;14.68
09/10/2025 19:15;14.65
09/10/2025 19:30;14.63
09/10/2025 19:45;14.61
09/10/2025 20:00;14.62
09/10/2025 20:15;14.66
09/10/2025 20:30;14.64
09/10/2025 20:45;14.67
09/10/2025 21:00;14.65
09/10/2025 21:15;14.67
09/10/2025 21:30;14.68
09/10/2025 21:45;14.68
09/10/2025 22:00;14.64
09/10/2025 22:15;14.67
09/10/2025 22:30;14.66
09/10/2025 22:45;14.65
09/10/2025 23:00;14.64
09/10/2025 23:15;14.64
09/10/2025 23:30;14.62
09/10/2025 23:45;14.62
10/10/2025 00:00;14.59
10/10/2025 00:15;14.6
10/10/2025 00:30;14.58
10/10/2025 00:45;14.58
10/10/2025 01:00;14.6
10/10/2025 01:15;14.59
10/10/2025 01:30;14.6
10/10/2025 01:45;14.59
10/10/2025 02:00;14.6
10/10/2025 02:15;14.61
10/10/2025 02:30;14.61
10/10/2025 02:45;14.58
10/10/2025 03:00;14.6
10/10/2025 03:15;14.57
10/10/2025 03:30;14.55
10/10/2025 03:45;14.54
10/10/2025 04:00;14.52
10/10/2025 04:15;14.54
10/10/2025 04:30;14.55
10/10/2025 04:45;14.54
10/10/2025 05:00;14.55
10/10/2025 05:15;14.55
10/10/2025 05:30;14.51
10/10/2025 05:45;14.51
10/10/2025 06:00;14.54
10/10/2025 06:15;14.52
10/10/2025 06:30;14.52
10/10/2025 06:45;14.54
10/10/2025 07:00;14.52
10/10/2025 07:15;14.49
10/10/2025 07:30;14.5
10/10/2025 07:45;14.48
10/10/2025 08:00;14.46
10/10/2025 08:15;14.43
10/10/2025 08:30;14.44
10/10/2025 08:45;14.46
10/10/2025 09:00;14.48
10/10/2025 09:15;14.48
10/10/2025 09:30;14.45
10/10/2025 09:45;14.45
10/10/2025 10:00;14.45
10/10/2025 10:15;14.47
10/10/2025 10:30;14.44
10/10/2025 10:45;14.42
10/10/2025 11:00;14.42
10/10/2025 11:15;14.43
10/10/2025 11:30;14.41
10/10/2025 11:45;14.42
10/10/2025 12:00;14.4
10/10/2025 12:15;14.4
10/10/2025 12:30;14.43
10/10/2025 12:45;14.42
10/10/2025 13:00;14.41
10/10/2025 13:15;14.4
10/10/2025 13:30;14.41
10/10/2025 13:45;14.39
10/10/2025 14:00;14.44
10/10/2025 14:15;14.43
10/10/2025 14:30;14.42
10/10/2025 14:45;14.39
10/10/2025 15:00;14.42
10/10/2025 15:15;14.38
10/10/2025 15:30;14.4
10/10/2025 15:45;14.39
10/10/2025 16:00;14.4
10/10/2025 16:15;14.4
10/10/2025 16:30;14.36
10/10/2025 16:45;14.36
10/10/2025 17:00;14.38
10/10/2025 17:15;14.35
10/10/2025 17:30;14.35
10/10/2025 17:45;14.36
10/10/2025 18:00;14.37
10/10/2025 18:15;14.35
10/10/2025 18:30;14.37
10/10/2025 18:45;14.31
10/10/2025 19:00;14.32
10/10/2025 19:15;14.35
10/10/2025 19:30;14.33
10/10/2025 19:45;14.35
10/10/2025 20:00;14.33
10/10/2025 20:15;14.33
10/10/2025 20:30;14.29
10/10/2025 20:45;14.28
10/10/2025 21:00;14.28
10/10/2025 21:15;14.29
10/10/2025 21:30;14.26
10/10/2025 21:45;14.24
10/10/2025 22:00;13.78
10/10/2025 22:15;13.57
10/10/2025 22:30;13.47
10/10/2025 22:45;13.47
10/10/2025 23:00;13.45
10/10/2025 23:15;13.46
10/10/2025 23:30;13.45
10/10/2025 23:45;13.42
11/10/2025 00:00;13.41
11/10/2025 00:15;13.43
11/10/2025 00:30;13.38
11/10/2025 00:45;13.37
11/10/2025 01:00;13.34
11/10/2025 01:15;13.37
11/10/2025 01:30;13.34
11/10/2025 01:45;13.33
11/10/2025 02:00;13.38
11/10/2025 02:15;13.36
11/10/2025 02:30;13.36
11/10/2025 02:45;13.36
11/10/2025 03:00;13.34
11/10/2025 03:15;13.33
11/10/2025 03:30;13.36
11/10/2025 03:45;13.35
11/10/2025 04:00;13.33
11/10/2025 04:15;13.34
11/10/2025 04:30;13.33
11/10/2025 04:45;13.32
11/10/2025 05:00;13.28
11/10/2025 05:15;13.29
11/10/2025 05:30;13.29
11/10/2025 05:45;13.27
11/10/2025 06:00;13.29
11/10/2025 06:15;13.28
11/10/2025 06:30;13.3
11/10/2025 06:45;13.29
11/10/2025 07:00;13.26
11/10/2025 07:15;13.25
11/10/2025 07:30;13.26
11/10/2025 07:45;13.28
11/10/2025 08:00;13.24
11/10/2025 08:15;13.24
11/10/2025 08:30;13.21
11/10/2025 08:45;13.2
11/10/2025 09:00;13.21
11/10/2025 09:15;13.19
11/10/2025 09:30;13.22
11/10/2025 09:45;13.2
11/10/2025 10:00;13.22
11/10/2025 10:15;13.21
11/10/2025 10:30;13.21
11/10/2025 10:45;13.23
11/10/2025 11:00;13.23
11/10/2025 11:15;13.25
11/10/2025 11:30;13.22
11/10/2025 11:45;13.24
11/10/2025 12:00;13.16
11/10/2025 12:15;13.14
11/10/2025 12:30;13.13
11/10/2025 12:45;13.13
11/10/2025 13:00;13.09
11/10/2025 13:15;13.14
11/10/2025 13:30;13.17
11/10/2025 13:45;13.16
11/10/2025 14:00;13.14
11/10/2025 14:15;13.16
11/10/2025 14:30;13.15
11/10/2025 14:45;13.16
11/10/2025 15:00;13.15
11/10/2025 15:15;13.13
11/10/2025 15:30;13.18
11/10/2025 15:45;13.12
11/10/2025 16:00;13.14
11/10/2025 16:15;13.11
11/10/2025 16:30;13.08
11/10/2025 16:45;13.09
11/10/2025 17:00;13.06
11/10/2025 17:15;13.09
11/10/2025 17:30;13.12
11/10/2025 17:45;13.14
11/10/2025 18:00;13.11
11/10/2025 18:15;13.14
11/10/2025 18:30;13.12
11/10/2025 18:45;13.08
11/10/2025 19:00;13.1
11/10/2025 19:15;13.13
11/10/2025 19:30;13.11
11/10/2025 19:45;13.07
11/10/2025 20:00;13.08
11/10/2025 20:15;13.06
11/10/2025 20:30;13.03
11/10/2025 20:45;13.04
11/10/2025 21:00;13.05
11/10/2025 21:15;13.07
11/10/2025 21:30;13.04
11/10/2025 21:45;13.07
11/10/2025 22:00;12.99
11/10/2025 22:15;12.27
11/10/2025 22:30;12
11/10/2025 22:45;11.73
11/10/2025 23:00;11.62
11/10/2025 23:15;11.55
11/10/2025 23:30;11.52
11/10/2025 23:45;11.52
12/10/2025 00:00;11.48
12/10/2025 00:15;11.47
12/10/2025 00:30;11.47
12/10/2025 00:45;11.47
12/10/2025 01:00;11.46
12/10/2025 01:15;11.46
12/10/2025 01:30;11.48
12/10/2025 01:45;11.47
12/10/2025 02:00;11.48
12/10/2025 02:15;11.47
12/10/2025 02:30;11.47
12/10/2025 02:45;11.46
12/10/2025 03:00;11.46
12/10/2025 03:15;11.47
12/10/2025 03:30;11.46
12/10/2025 03:45;11.46
12/10/2025 04:00;11.42
12/10/2025 04:15;11.42
12/10/2025 04:30;11.4
12/10/2025 04:45;11.4
12/10/2025 05:00;11.4
12/10/2025 05:15;11.42
12/10/2025 05:30;11.43
12/10/2025 05:45;11.44
12/10/2025 06:00;11.43
12/10/2025 06:15;11.42
12/10/2025 06:30;11.43
12/10/2025 06:45;11.44
12/10/2025 07:00;11.43
12/10/2025 07:15;11.43
12/10/2025 07:30;11.4
12/10/2025 07:45;11.39
12/10/2025 08:00;11.35
12/10/2025 08:15;11.36
12/10/2025 08:30;11.37
12/10/2025 08:45;11.39
12/10/2025 09:00;11.37
12/10/2025 09:15;11.38
12/10/2025 09:30;11.39
12/10/2025 09:45;11.38
12/10/2025 10:00;11.36
12/10/2025 10:15;11.38
12/10/2025 10:30;11.35
12/10/2025 10:45;11.36
12/10/2025 11:00;11.34
12/10/2025 11:15;11.36
12/10/2025 11:30;11.35
12/10/2025 11:45;11.36
12/10/2025 12:00;11.34
12/10/2025 12:15;11.34
12/10/2025 12:30;11.34
12/10/2025 12:45;11.35
12/10/2025 13:00;11.37
12/10/2025 13:15;11.34
12/10/2025 13:30;11.36
12/10/2025 13:45;11.35
12/10/2025 14:00;11.35
12/10/2025 14:15;11.35
12/10/2025 14:30;11.34
12/10/2025 14:45;11.34
12/10/2025 15:00;11.35
12/10/2025 15:15;11.35
12/10/2025 15:30;11.34
12/10/2025 15:45;11.34
12/10/2025 16:00;11.35
12/10/2025 16:15;11.34
12/10/2025 16:30;11.34
12/10/2025 16:45;11.35
12/10/2025 17:00;11.33
12/10/2025 17:15;11.33
12/10/2025 17:30;11.33
12/10/2025 17:45;11.34
12/10/2025 18:00;11.32
12/10/2025 18:15;11.32
12/10/2025 18:30;11.32
12/10/2025 18:45;11.33
12/10/2025 19:00;11.32
12/10/2025 19:15;11.33
12/10/2025 19:30;11.3
12/10/2025 19:45;11.31
12/10/2025 20:00;11.3
12/10/2025 20:15;11.31
12/10/2025 20:30;11.29
12/10/2025 20:45;11.28
12/10/2025 21:00;11.29
12/10/2025 21:15;11.28
12/10/2025 21:30;11.28
12/10/2025 21:45;11.28
12/10/2025 22:00;11.28
12/10/2025 22:15;11.27
12/10/2025 22:30;11.28
12/10/2025 22:45;11.28
12/10/2025 23:00;11.27
12/10/2025 23:15;11.26
12/10/2025 23:30;11.26
12/10/2025 23:45;11.27
13/10/2025 00:00;11.24
13/10/2025 00:15;11.22
13/10/2025 00:30;11.22
13/10/2025 00:45;11.22
13/10/2025 01:00;11.22
13/10/2025 01:15;11.22
13/10/2025 01:30;11.23
13/10/2025 01:45;11.22
13/10/2025 02:00;11.24
13/10/2025 02:15;11.22
13/10/2025 02:30;11.22
13/10/2025 02:45;11.22
13/10/2025 03:00;11.22
13/10/2025 03:15;11.21
13/10/2025 03:30;11.19
13/10/2025 03:45;11.18
13/10/2025 04:00;11.2
13/10/2025 04:15;11.18
13/10/2025 04:30;11.18
13/10/2025 04:45;11.2
13/10/2025 05:00;11.19
13/10/2025 05:15;11.19
13/10/2025 05:30;11.18
13/10/2025 05:45;11.17
13/10/2025 06:00;11.18
13/10/2025 06:15;11.16
13/10/2025 06:30;11.17
13/10/2025 06:45;11.18
13/10/2025 07:00;11.18
13/10/2025 07:15;11.17
13/10/2025 07:30;11.27
13/10/2025 07:45;11.42
13/10/2025 08:00;11.43
13/10/2025 08:15;11.47
13/10/2025 08:30;11.49
13/10/2025 08:45;11.49
13/10/2025 09:00;11.49
13/10/2025 09:15;11.49
13/10/2025 09:30;11.48
13/10/2025 09:45;11.48
13/10/2025 10:00;11.47
13/10/2025 10:15;11.46
13/10/2025 10:30;11.49
13/10/2025 10:45;11.47
13/10/2025 11:00;11.47
13/10/2025 11:15;11.46
13/10/2025 11:30;11.44
13/10/2025 11:45;11.42
13/10/2025 12:00;11.43
13/10/2025 12:15;11.42
13/10/2025 12:30;12.64
13/10/2025 12:45;14.07
13/10/2025 13:00;14.37
13/10/2025 13:15;14.53
13/10/2025 13:30;14.6
13/10/2025 13:45;14.64
13/10/2025 14:00;14.62
13/10/2025 14:15;14.65
13/10/2025 14:30;14.61
13/10/2025 14:45;14.61
13/10/2025 15:00;14.62
13/10/2025 15:15;14.61
13/10/2025 15:30;14.58
13/10/2025 15:45;14.61
13/10/2025 16:00;14.62
13/10/2025 16:15;14.62
13/10/2025 16:30;14.62
13/10/2025 16:45;14.6
13/10/2025 17:00;14.59
13/10/2025 17:15;14.62
13/10/2025 17:30;14.6
13/10/2025 17:45;14.6
13/10/2025 18:00;14.6
13/10/2025 18:15;14.56
13/10/2025 18:30;14.59
13/10/2025 18:45;14.56
13/10/2025 19:00;14.54
13/10/2025 19:15;14.53
13/10/2025 19:30;14.51
13/10/2025 19:45;14.51
13/10/2025 20:00;14.51
13/10/2025 20:15;14.53
13/10/2025 20:30;14.53
13/10/2025 20:45;14.54
13/10/2025 21:00;14.54
13/10/2025 21:15;14.53
13/10/2025 21:30;14.49
13/10/2025 21:45;14.5
13/10/2025 22:00;14.5
13/10/2025 22:15;14.49
13/10/2025 22:30;14.5
13/10/2025 22:45;14.5
13/10/2025 23:00;14.48
13/10/2025 23:15;14.46
13/10/2025 23:30;14.46
13/10/2025 23:45;14.45
14/10/2025 00:00;14.46
14/10/2025 00:15;14.44
14/10/2025 00:30;14.47
14/10/2025 00:45;14.47
14/10/2025 01:00;14.47
14/10/2025 01:15;14.44
14/10/2025 01:30;14.46
14/10/2025 01:45;14.46
14/10/2025 02:00;14.44
14/10/2025 02:15;14.46
14/10/2025 02:30;14.45
14/10/2025 02:45;14.43
14/10/2025 03:00;14.37
14/10/2025 03:15;14.38
14/10/2025 03:30;14.39
14/10/2025 03:45;14.38
14/10/2025 04:00;14.39
14/10/2025 04:15;14.39
14/10/2025 04:30;14.4
14/10/2025 04:45;14.39
14/10/2025 05:00;14.41
14/10/2025 05:15;14.4
14/10/2025 05:30;14.42
14/10/2025 05:45;14.39
14/10/2025 06:00;14.36
14/10/2025 06:15;14.4
14/10/2025 06:30;14.37
14/10/2025 06:45;14.37
14/10/2025 07:00;14.37
14/10/2025 07:15;14.35
14/10/2025 07:30;14.33
14/10/2025 07:45;14.34
14/10/2025 08:00;14.33
14/10/2025 08:15;14.3
14/10/2025 08:30;14.29
14/10/2025 08:45;14.3
14/10/2025 09:00;14.34
14/10/2025 09:15;14.31
14/10/2025 09:30;14.32
14/10/2025 09:45;14.32
14/10/2025 10:00;14.31
14/10/2025 10:15;14.3
14/10/2025 10:30;14.29
14/10/2025 10:45;14.28
14/10/2025 11:00;14.27
14/10/2025 11:15;14.28
14/10/2025 11:30;14.24
14/10/2025 11:45;14.23
14/10/2025 12:00;14.24
14/10/2025 12:15;14.23
14/10/2025 12:30;14.24
14/10/2025 12:45;14.24
14/10/2025 13:00;14.24
14/10/2025 13:15;14.24
14/10/2025 13:30;14.22
14/10/2025 13:45;14.25
14/10/2025 14:00;14.22
14/10/2025 14:15;14.22
14/10/2025 14:30;14.2
14/10/2025 14:45;14.22
14/10/2025 15:00;14.22
14/10/2025 15:15;14.22
14/10/2025 15:30;14.22
14/10/2025 15:45;14.19
14/10/2025 16:00;14.2
14/10/2025 16:15;14.19
14/10/2025 16:30;14.21
14/10/2025 16:45;14.2
14/10/2025 17:00;14.15
14/10/2025 17:15;14.18
14/10/2025 17:30;14.15
14/10/2025 17:45;14.16
14/10/2025 18:00;14.16
14/10/2025 18:15;14.14
14/10/2025 18:30;14.15
14/10/2025 18:45;14.15
14/10/2025 19:00;14.13
14/10/2025 19:15;14.11
14/10/2025 19:30;14.12
14/10/2025 19:45;14.11
14/10/2025 20:00;14.1
14/10/2025 20:15;14.11
14/10/2025 20:30;14.13
14/10/2025 20:45;14.15
14/10/2025 21:00;14.1
14/10/2025 21:15;14.12
14/10/2025 21:30;14.12
14/10/2025 21:45;14.11
14/10/2025 22:00;14.09
14/10/2025 22:15;14.07
14/10/2025 22:30;14.07
14/10/2025 22:45;14.05
14/10/2025 23:00;14.06
14/10/2025 23:15;14.06
14/10/2025 23:30;14.07
14/10/2025 23:45;14.05
15/10/2025 00:00;14.04
15/10/2025 00:15;14.04
15/10/2025 00:30;14.03
15/10/2025 00:45;14.03
15/10/2025 01:00;14
15/10/2025 01:15;13.98
15/10/2025 01:30;13.99
15/10/2025 01:45;13.96
15/10/2025 02:00;13.98
15/10/2025 02:15;13.97
15/10/2025 02:30;13.98
15/10/2025 02:45;13.99
15/10/2025 03:00;13.97
15/10/2025 03:15;13.98
15/10/2025 03:30;13.96
15/10/2025 03:45;13.98
15/10/2025 04:00;13.95
15/10/2025 04:15;13.93
15/10/2025 04:30;13.98
15/10/2025 04:45;13.96
15/10/2025 05:00;13.95
15/10/2025 05:15;13.9
15/10/2025 05:30;13.9
15/10/2025 05:45;13.9
15/10/2025 06:00;13.89
15/10/2025 06:15;13.9
15/10/2025 06:30;13.87
15/10/2025 06:45;13.89
15/10/2025 07:00;13.9
15/10/2025 07:15;13.89
15/10/2025 07:30;13.88
15/10/2025 07:45;13.85
15/10/2025 08:00;13.88
15/10/2025 08:15;13.87
15/10/2025 08:30;13.82
15/10/2025 08:45;13.83
15/10/2025 09:00;13.84
15/10/2025 09:15;13.81
15/10/2025 09:30;13.79
15/10/2025 09:45;13.8
15/10/2025 10:00;13.83
15/10/2025 10:15;13.83
15/10/2025 10:30;13.84
15/10/2025 10:45;13.81
15/10/2025 11:00;13.8
15/10/2025 11:15;13.8
15/10/2025 11:30;14.22
15/10/2025 11:45;14.55
15/10/2025 12:00;14.61
15/10/2025 12:15;14.62
15/10/2025 12:30;14.63
15/10/2025 12:45;14.61
15/10/2025 13:00;14.59
15/10/2025 13:15;14.61
15/10/2025 13:30;14.6
15/10/2025 13:45;14.63
15/10/2025 14:00;14.64
15/10/2025 14:15;14.62
15/10/2025 14:30;14.62
15/10/2025 14:45;14.61
15/10/2025 15:00;14.59
15/10/2025 15:15;14.61
15/10/2025 15:30;14.62
15/10/2025 15:45;14.59
15/10/2025 16:00;14.59
15/10/2025 16:15;14.59
15/10/2025 16:30;14.55
15/10/2025 16:45;14.55
15/10/2025 17:00;14.53
15/10/2025 17:15;14.54
15/10/2025 17:30;14.54
15/10/2025 17:45;14.57
15/10/2025 18:00;14.57
15/10/2025 18:15;14.57
15/10/2025 18:30;14.55
15/10/2025 18:45;14.56
15/10/2025 19:00;14.55
15/10/2025 19:15;14.53
15/10/2025 19:30;14.53
15/10/2025 19:45;14.52
15/10/2025 20:00;14.49
15/10/2025 20:15;14.47
15/10/2025 20:30;14.48
15/10/2025 20:45;14.47
15/10/2025 21:00;14.46
15/10/2025 21:15;14.44
15/10/2025 21:30;14.46
15/10/2025 21:45;14.48
15/10/2025 22:00;14.49
15/10/2025 22:15;15.3
15/10/2025 22:30;16.31
15/10/2025 22:45;16.46
15/10/2025 23:00;16.5
15/10/2025 23:15;16.69
15/10/2025 23:30;16.77
15/10/2025 23:45;16.78
16/10/2025 00:00;16.79
16/10/2025 00:15;16.75
16/10/2025 00:30;16.75
16/10/2025 00:45;16.75
16/10/2025 01:00;16.73
16/10/2025 01:15;16.71
16/10/2025 01:30;16.75
16/10/2025 01:45;16.74
16/10/2025 02:00;16.77
16/10/2025 02:15;16.73
16/10/2025 02:30;16.75
16/10/2025 02:45;16.71
16/10/2025 03:00;16.73
16/10/2025 03:15;16.71
16/10/2025 03:30;16.69
16/10/2025 03:45;16.69
16/10/2025 04:00;16.69
16/10/2025 04:15;16.67
16/10/2025 04:30;16.66
16/10/2025 04:45;16.65
16/10/2025 05:00;16.62
16/10/2025 05:15;16.61
16/10/2025 05:30;16.62
16/10/2025 05:45;16.62
16/10/2025 06:00;16.62
16/10/2025 06:15;16.62
16/10/2025 06:30;16.61
16/10/2025 06:45;16.58
16/10/2025 07:00;16.61
16/10/2025 07:15;16.6
16/10/2025 07:30;16.58
16/10/2025 07:45;16.57
16/10/2025 08:00;16.57
16/10/2025 08:15;16.56
16/10/2025 08:30;16.54
16/10/2025 08:45;16.52
16/10/2025 09:00;16.53
16/10/2025 09:15;16.5
16/10/2025 09:30;16.51
16/10/2025 09:45;16.5
16/10/2025 10:00;16.51
16/10/2025 10:15;16.49
16/10/2025 10:30;16.48
16/10/2025 10:45;16.49
16/10/2025 11:00;16.49
16/10/2025 11:15;16.48
16/10/2025 11:30;16.46
16/10/2025 11:45;16.45
16/10/2025 12:00;16.45
16/10/2025 12:15;16.44
16/10/2025 12:30;16.46
16/10/2025 12:45;16.44
16/10/2025 13:00;16.43
16/10/2025 13:15;16.43
16/10/2025 13:30;16.42
16/10/2025 13:45;16.39
16/10/2025 14:00;16.4
16/10/2025 14:15;16.39
16/10/2025 14:30;16.39
16/10/2025 14:45;16.37
16/10/2025 15:00;16.34
16/10/2025 15:15;16.37
16/10/2025 15:30;16.37
16/10/2025 15:45;16.35
16/10/2025 16:00;16.36
16/10/2025 16:15;16.32
16/10/2025 16:30;16.34
16/10/2025 16:45;16.31
16/10/2025 17:00;16.34
16/10/2025 17:15;16.29
16/10/2025 17:30;16.29
16/10/2025 17:45;16.32
16/10/2025 18:00;16.29
16/10/2025 18:15;16.27
16/10/2025 18:30;16.28
16/10/2025 18:45;16.25
16/10/2025 19:00;16.25
16/10/2025 19:15;16.25
16/10/2025 19:30;16.23
16/10/2025 19:45;16.23
16/10/2025 20:00;16.25
16/10/2025 20:15;16.24
16/10/2025 20:30;16.2
16/10/2025 20:45;16.2
16/10/2025 21:00;16.2
16/10/2025 21:15;16.2
16/10/2025 21:30;16.18
16/10/2025 21:45;16.2
16/10/2025 22:00;16.17
16/10/2025 22:15;15.69
16/10/2025 22:30;15.02
16/10/2025 22:45;14.94
16/10/2025 23:00;14.88
16/10/2025 23:15;14.85
16/10/2025 23:30;14.84
16/10/2025 23:45;14.81
17/10/2025 00:00;14.8
17/10/2025 00:15;14.78
17/10/2025 00:30;14.75
17/10/2025 00:45;14.74
17/10/2025 01:00;14.77
17/10/2025 01:15;14.74
17/10/2025 01:30;14.75
17/10/2025 01:45;14.78
17/10/2025 02:00;14.76
17/10/2025 02:15;14.76
17/10/2025 02:30;14.73
17/10/2025 02:45;14.72
17/10/2025 03:00;14.72
17/10/2025 03:15;14.73
17/10/2025 03:30;14.71
17/10/2025 03:45;14.71
17/10/2025 04:00;14.68
17/10/2025 04:15;14.68
17/10/2025 04:30;14.67
17/10/2025 04:45;14.66
17/10/2025 05:00;14.66
17/10/2025 05:15;14.65
17/10/2025 05:30;14.65
17/10/2025 05:45;14.66
17/10/2025 06:00;14.66
17/10/2025 06:15;14.64
17/10/2025 06:30;14.64
17/10/2025 06:45;14.64
17/10/2025 07:00;14.63
17/10/2025 07:15;14.6
17/10/2025 07:30;14.6
17/10/2025 07:45;14.58
17/10/2025 08:00;14.58
17/10/2025 08:15;14.57
17/10/2025 08:30;14.55
17/10/2025 08:45;14.55
17/10/2025 09:00;14.57
17/10/2025 09:15;14.52
17/10/2025 09:30;14.55
17/10/2025 09:45;14.56
17/10/2025 10:00;14.54
17/10/2025 10:15;14.53
17/10/2025 10:30;14.54
17/10/2025 10:45;14.53
17/10/2025 11:00;14.5
17/10/2025 11:15;14.51
17/10/2025 11:30;14.5
17/10/2025 11:45;14.47
17/10/2025 12:00;14.46
17/10/2025 12:15;14.46
17/10/2025 12:30;14.43
17/10/2025 12:45;14.43
17/10/2025 13:00;14.47
17/10/2025 13:15;14.48
17/10/2025 13:30;14.47
17/10/2025 13:45;14.47
17/10/2025 14:00;14.47
17/10/2025 14:15;14.46
17/10/2025 14:30;14.44
17/10/2025 14:45;14.43
17/10/2025 15:00;14.4
17/10/2025 15:15;14.44
17/10/2025 15:30;14.42
17/10/2025 15:45;14.42
17/10/2025 16:00;14.39
17/10/2025 16:15;14.38
17/10/2025 16:30;14.38
17/10/2025 16:45;14.36
17/10/2025 17:00;14.37
17/10/2025 17:15;14.38
17/10/2025 17:30;14.39
17/10/2025 17:45;14.4
17/10/2025 18:00;14.37
17/10/2025 18:15;14.37
17/10/2025 18:30;14.35
17/10/2025 18:45;14.35
17/10/2025 19:00;14.34
17/10/2025 19:15;14.33
17/10/2025 19:30;14.29
17/10/2025 19:45;14.28
17/10/2025 20:00;14.28
17/10/2025 20:15;9.6
17/10/2025 20:30;3.42
17/10/2025 20:45;3.3
17/10/2025 21:00;2.17
17/10/2025 21:15;1.58
17/10/2025 21:30;1.41
17/10/2025 21:45;1.39
17/10/2025 22:00;1.37
17/10/2025 22:15;1.37
17/10/2025 22:30;1.37
17/10/2025 22:45;1.37
17/10/2025 23:00;1.37
17/10/2025 23:15;1.37
17/10/2025 23:30;1.37
17/10/2025 23:45;1.37
18/10/2025 00:00;1.35
18/10/2025 00:15;1.35
18/10/2025 00:30;1.33
18/10/2025 00:45;1.33
18/10/2025 01:00;1.34
18/10/2025 01:15;1.37
18/10/2025 01:30;1.37
18/10/2025 01:45;1.37
18/10/2025 02:00;1.37
18/10/2025 02:15;1.37
18/10/2025 02:30;1.37
18/10/2025 02:45;1.37
18/10/2025 03:00;1.37
18/10/2025 03:15;1.37
18/10/2025 03:30;1.37
18/10/2025 03:45;1.37
18/10/2025 04:00;1.37
18/10/2025 04:15;1.35
18/10/2025 04:30;1.34
18/10/2025 04:45;1.33
18/10/2025 05:00;1.33
18/10/2025 05:15;1.34
18/10/2025 05:30;1.36
18/10/2025 05:45;1.37
18/10/2025 06:00;1.36
18/10/2025 06:15;1.36
18/10/2025 06:30;1.37
18/10/2025 06:45;1.37
18/10/2025 07:00;1.37
18/10/2025 07:15;1.37
18/10/2025 07:30;1.36
18/10/2025 07:45;1.34
18/10/2025 08:00;1.33
18/10/2025 08:15;1.33
18/10/2025 08:30;1.33
18/10/2025 08:45;1.33
18/10/2025 09:00;1.33
18/10/2025 09:15;1.34
18/10/2025 09:30;1.35
18/10/2025 09:45;1.35
18/10/2025 10:00;1.36
18/10/2025 10:15;1.36
18/10/2025 10:30;1.37
18/10/2025 10:45;1.37
18/10/2025 11:00;1.36
18/10/2025 11:15;1.37
18/10/2025 11:30;1.36
18/10/2025 11:45;1.36
18/10/2025 12:00;1.35
18/10/2025 12:15;1.34
18/10/2025 12:30;1.32
18/10/2025 12:45;1.31
18/10/2025 13:00;1.31
18/10/2025 13:15;1.31
18/10/2025 13:30;1.34
18/10/2025 13:45;1.35
18/10/2025 14:00;1.35
18/10/2025 14:15;1.35
18/10/2025 14:30;1.35
18/10/2025 14:45;1.35
18/10/2025 15:00;1.35
18/10/2025 15:15;1.35
18/10/2025 15:30;1.35
18/10/2025 15:45;1.35
18/10/2025 16:00;1.35
18/10/2025 16:15;1.35
18/10/2025 16:30;1.35
18/10/2025 16:45;1.36
18/10/2025 17:00;1.35
18/10/2025 17:15;1.36
18/10/2025 17:30;1.35
18/10/2025 17:45;1.35
18/10/2025 18:00;1.35
18/10/2025 18:15;1.35
18/10/2025 18:30;1.35
18/10/2025 18:45;1.35
18/10/2025 19:00;1.35
18/10/2025 19:15;1.35
18/10/2025 19:30;1.35
18/10/2025 19:45;1.35
18/10/2025 20:00;1.35
18/10/2025 20:15;1.35
18/10/2025 20:30;1.35
18/10/2025 20:45;1.35
18/10/2025 21:00;1.35
18/10/2025 21:15;1.35
18/10/2025 21:30;1.35
18/10/2025 21:45;1.35
18/10/2025 22:00;1.35
18/10/2025 22:15;1.35
18/10/2025 22:30;1.35
18/10/2025 22:45;1.35
18/10/2025 23:00;1.35
18/10/2025 23:15;1.35
18/10/2025 23:30;1.35
18/10/2025 23:45;1.35
19/10/2025 00:00;1.35
19/10/2025 00:15;1.35
19/10/2025 00:30;1.35
19/10/2025 00:45;1.35
19/10/2025 01:00;1.34
19/10/2025 01:15;1.33
19/10/2025 01:30;1.33
19/10/2025 01:45;1.31
19/10/2025 02:00;1.31
19/10/2025 02:15;1.29
19/10/2025 02:30;1.31
19/10/2025 02:45;1.32
19/10/2025 03:00;1.33
19/10/2025 03:15;1.33
19/10/2025 03:30;1.33
19/10/2025 03:45;1.33
19/10/2025 04:00;1.33
19/10/2025 04:15;1.33
19/10/2025 04:30;1.33
19/10/2025 04:45;1.33
19/10/2025 05:00;1.31
19/10/2025 05:15;1.3
19/10/2025 05:30;1.28
19/10/2025 05:45;1.28
19/10/2025 06:00;1.28
19/10/2025 06:15;1.3
19/10/2025 06:30;1.31
19/10/2025 06:45;1.33
19/10/2025 07:00;1.33
19/10/2025 07:15;1.33
19/10/2025 07:30;1.33
19/10/2025 07:45;1.33
19/10/2025 08:00;1.33
19/10/2025 08:15;1.33
19/10/2025 08:30;1.31
19/10/2025 08:45;1.32
19/10/2025 09:00;1.31
19/10/2025 09:15;1.28
19/10/2025 09:30;1.28
19/10/2025 09:45;1.28
19/10/2025 10:00;1.28
19/10/2025 10:15;1.3
19/10/2025 10:30;1.3
19/10/2025 10:45;1.3
19/10/2025 11:00;1.31
19/10/2025 11:15;1.31
19/10/2025 11:30;1.31
19/10/2025 11:45;1.31
19/10/2025 12:00;1.31
19/10/2025 12:15;1.31
19/10/2025 12:30;1.31
19/10/2025 12:45;1.31
19/10/2025 13:00;1.31
19/10/2025 13:15;1.28
19/10/2025 13:30;1.28
19/10/2025 13:45;1.28
19/10/2025 14:00;1.28
19/10/2025 14:15;1.3
19/10/2025 14:30;1.31
19/10/2025 14:45;1.32
19/10/2025 15:00;1.32
19/10/2025 15:15;1.32
19/10/2025 15:30;1.32
19/10/2025 15:45;1.31
19/10/2025 16:00;1.31
19/10/2025 16:15;1.3
19/10/2025 16:30;1.29
19/10/2025 16:45;1.28
19/10/2025 17:00;1.27
19/10/2025 17:15;1.26
19/10/2025 17:30;1.26
19/10/2025 17:45;1.28
19/10/2025 18:00;1.3
19/10/2025 18:15;1.31
19/10/2025 18:30;1.31
19/10/2025 18:45;1.31
19/10/2025 19:00;1.31
19/10/2025 19:15;1.31
19/10/2025 19:30;1.31
19/10/2025 19:45;1.31
19/10/2025 20:00;1.31
19/10/2025 20:15;1.31
19/10/2025 20:30;1.3
19/10/2025 20:45;1.27
19/10/2025 21:00;1.26
19/10/2025 21:15;1.26
19/10/2025 21:30;1.26
19/10/2025 21:45;1.26
19/10/2025 22:00;1.28
19/10/2025 22:15;1.31
19/10/2025 22:30;1.31
19/10/2025 22:45;1.31
19/10/2025 23:00;1.31
19/10/2025 23:15;1.31
19/10/2025 23:30;1.31
19/10/2025 23:45;1.31
20/10/2025 00:00;1.31
20/10/2025 00:15;1.31
20/10/2025 00:30;1.3
20/10/2025 00:45;1.3
20/10/2025 01:00;1.28
20/10/2025 01:15;1.26
20/10/2025 01:30;1.26
20/10/2025 01:45;1.26
20/10/2025 02:00;1.27
20/10/2025 02:15;1.28
20/10/2025 02:30;1.3
20/10/2025 02:45;1.31
20/10/2025 03:00;1.31
20/10/2025 03:15;1.31
20/10/2025 03:30;1.31
20/10/2025 03:45;1.31
20/10/2025 04:00;1.31
20/10/2025 04:15;1.28
20/10/2025 04:30;1.26
20/10/2025 04:45;1.26
20/10/2025 05:00;1.26
20/10/2025 05:15;1.26
20/10/2025 05:30;1.26
20/10/2025 05:45;1.27
20/10/2025 06:00;1.28
20/10/2025 06:15;1.28
20/10/2025 06:30;1.29
20/10/2025 06:45;1.29
20/10/2025 07:00;1.3
20/10/2025 07:15;1.3
20/10/2025 07:30;1.28
20/10/2025 07:45;1.3
20/10/2025 08:00;1.28
20/10/2025 08:15;1.28
20/10/2025 08:30;1.11
20/10/2025 08:45;0.75
20/10/2025 09:00;0.65
20/10/2025 09:15;0.61
20/10/2025 09:30;0.58
20/10/2025 09:45;0.51
20/10/2025 10:00;0.42
20/10/2025 10:15;0.35
20/10/2025 10:30;0.31
20/10/2025 10:45;0.3
20/10/2025 11:00;0.28
20/10/2025 11:15;0.27
20/10/2025 11:30;0.26
20/10/2025 11:45;0.26
20/10/2025 12:00;0.26
20/10/2025 12:15;0.26
20/10/2025 12:30;0.26
20/10/2025 12:45;0.26
20/10/2025 13:00;0.26
20/10/2025 13:15;0.26
20/10/2025 13:30;0.26
20/10/2025 13:45;0.26
20/10/2025 14:00;0.26
20/10/2025 14:15;0.26
20/10/2025 14:30;0.26
20/10/2025 14:45;0.26
20/10/2025 15:00;0.28
20/10/2025 15:15;0.28
20/10/2025 15:30;0.28
20/10/2025 15:45;0.28
20/10/2025 16:00;0.36
20/10/2025 16:15;0.43
20/10/2025 16:30;0.45
20/10/2025 16:45;0.45
20/10/2025 17:00;0.45
20/10/2025 17:15;0.45
20/10/2025 17:30;0.45
20/10/2025 17:45;0.45
20/10/2025 18:00;0.45
20/10/2025 18:15;0.45
20/10/2025 18:30;0.45
20/10/2025 18:45;0.45
20/10/2025 19:00;0.45
20/10/2025 19:15;0.45
20/10/2025 19:30;0.45
20/10/2025 19:45;0.45
20/10/2025 20:00;0.45
20/10/2025 20:15;0.45
20/10/2025 20:30;0.45
20/10/2025 20:45;0.45
20/10/2025 21:00;0.45
20/10/2025 21:15;0.45
20/10/2025 21:30;0.45
20/10/2025 21:45;0.45
20/10/2025 22:00;0.45
20/10/2025 22:15;0.45
20/10/2025 22:30;0.45
20/10/2025 22:45;0.45
20/10/2025 23:00;0.45
20/10/2025 23:15;0.45
20/10/2025 23:30;0.45
20/10/2025 23:45;0.45
21/10/2025 00:00;0.45
21/10/2025 00:15;0.45
21/10/2025 00:30;0.45
21/10/2025 00:45;0.45
21/10/2025 01:00;0.45
21/10/2025 01:15;0.45
21/10/2025 01:30;0.45
21/10/2025 01:45;0.45
21/10/2025 02:00;0.45
21/10/2025 02:15;0.45
21/10/2025 02:30;0.45
21/10/2025 02:45;0.45
21/10/2025 03:00;0.45
21/10/2025 03:15;0.45
21/10/2025 03:30;0.45
21/10/2025 03:45;0.45
21/10/2025 04:00;0.45
21/10/2025 04:15;0.45
21/10/2025 04:30;0.45
21/10/2025 04:45;0.45
21/10/2025 05:00;0.45
21/10/2025 05:15;0.45
21/10/2025 05:30;0.45
21/10/2025 05:45;0.45
21/10/2025 06:00;0.45
21/10/2025 06:15;0.45
21/10/2025 06:30;0.45
21/10/2025 06:45;0.45
21/10/2025 07:00;0.45
21/10/2025 07:15;0.45
21/10/2025 07:30;0.45
21/10/2025 07:45;0.45
21/10/2025 08:00;0.45
21/10/2025 08:15;0.45
21/10/2025 08:30;0.45
21/10/2025 08:45;0.45
21/10/2025 09:00;0.45
21/10/2025 09:15;0.45
21/10/2025 09:30;0.45
21/10/2025 09:45;0.45
21/10/2025 10:00;0.45
21/10/2025 10:15;0.45
21/10/2025 10:30;0.45
21/10/2025 10:45;0.45
21/10/2025 11:00;0.45
21/10/2025 11:15;0.45
21/10/2025 11:30;0.45
21/10/2025 11:45;0.45
21/10/2025 12:00;0.45
21/10/2025 12:15;0.45
21/10/2025 12:30;0.45
21/10/2025 12:45;0.45
21/10/2025 13:00;0.45
21/10/2025 13:15;0.45
21/10/2025 13:30;0.45
21/10/2025 13:45;0.45
21/10/2025 14:00;0.45
21/10/2025 14:15;0.45
21/10/2025 14:30;0.45
21/10/2025 14:45;0.45
21/10/2025 15:00;0.45
21/10/2025 15:15;0.45
21/10/2025 15:30;0.45
21/10/2025 15:45;0.45
21/10/2025 16:00;0.45
21/10/2025 16:15;0.45
21/10/2025 16:30;0.45
21/10/2025 16:45;0.45
21/10/2025 17:00;0.45
21/10/2025 17:15;0.45
21/10/2025 17:30;0.45
21/10/2025 17:45;0.45
21/10/2025 18:00;0.45
21/10/2025 18:15;0.45
21/10/2025 18:30;0.45
21/10/2025 18:45;0.45
21/10/2025 19:00;0.45
21/10/2025 19:15;0.45
21/10/2025 19:30;0.45
21/10/2025 19:45;0.45
21/10/2025 20:00;0.45
21/10/2025 20:15;0.45
21/10/2025 20:30;0.45
21/10/2025 20:45;0.45
21/10/2025 21:00;0.45
21/10/2025 21:15;0.45
21/10/2025 21:30;0.45
21/10/2025 21:45;0.45
21/10/2025 22:00;0.45
21/10/2025 22:15;0.45
21/10/2025 22:30;0.45
21/10/2025 22:45;0.45
21/10/2025 23:00;0.45
21/10/2025 23:15;0.45
21/10/2025 23:30;0.45
21/10/2025 23:45;0.45
22/10/2025 00:00;0.45
22/10/2025 00:15;0.45
22/10/2025 00:30;0.45
22/10/2025 00:45;0.45
22/10/2025 01:00;0.45
22/10/2025 01:15;0.45
22/10/2025 01:30;0.45
22/10/2025 01:45;0.45
22/10/2025 02:00;0.45
22/10/2025 02:15;0.45
22/10/2025 02:30;0.45
22/10/2025 02:45;0.45
22/10/2025 03:00;0.45
22/10/2025 03:15;0.45
22/10/2025 03:30;0.45
22/10/2025 03:45;0.45
22/10/2025 04:00;0.45
22/10/2025 04:15;0.45
22/10/2025 04:30;0.45
22/10/2025 04:45;0.45
22/10/2025 05:00;0.45
22/10/2025 05:15;0.45
22/10/2025 05:30;0.45
22/10/2025 05:45;0.45
22/10/2025 06:00;0.45
22/10/2025 06:15;0.45
22/10/2025 06:30;0.45
22/10/2025 06:45;0.45
22/10/2025 07:00;0.45
22/10/2025 07:15;0.45
22/10/2025 07:30;0.45
22/10/2025 07:45;0.45
22/10/2025 08:00;0.45
22/10/2025 08:15;0.45
22/10/2025 08:30;0.45
22/10/2025 08:45;0.45
22/10/2025 09:00;0.45
22/10/2025 09:15;0.45
22/10/2025 09:30;0.45
22/10/2025 09:45;0.45
22/10/2025 10:00;0.45
22/10/2025 10:15;0.45
22/10/2025 10:30;0.45
22/10/2025 10:45;0.45
22/10/2025 11:00;0.45
22/10/2025 11:15;0.45
22/10/2025 11:30;0.45
22/10/2025 11:45;0.45
22/10/2025 12:00;0.41
22/10/2025 12:15;0.38
22/10/2025 12:30;0.35
22/10/2025 12:45;0.33
22/10/2025 13:00;0.33
22/10/2025 13:15;0.35
22/10/2025 13:30;0.35
22/10/2025 13:45;0.37
22/10/2025 14:00;0.37
22/10/2025 14:15;0.39
22/10/2025 14:30;0.39
22/10/2025 14:45;0.43
22/10/2025 15:00;0.43
22/10/2025 15:15;0.43
22/10/2025 15:30;0.43
22/10/2025 15:45;0.43
22/10/2025 16:00;0.43
22/10/2025 16:15;0.43
22/10/2025 16:30;0.43
22/10/2025 16:45;0.43
22/10/2025 17:00;0.43
22/10/2025 17:15;0.43
22/10/2025 17:30;0.45
22/10/2025 17:45;0.45
22/10/2025 18:00;0.45
22/10/2025 18:15;0.45
22/10/2025 18:30;0.45
22/10/2025 18:45;0.45
22/10/2025 19:00;0.45
22/10/2025 19:15;0.45
22/10/2025 19:30;0.45
22/10/2025 19:45;0.45
22/10/2025 20:00;0.45
22/10/2025 20:15;0.45
22/10/2025 20:30;0.45
22/10/2025 20:45;0.45
22/10/2025 21:00;0.45
22/10/2025 21:15;0.45
22/10/2025 21:30;0.45
22/10/2025 21:45;0.45
22/10/2025 22:00;0.45
22/10/2025 22:15;0.45
22/10/2025 22:30;0.45
22/10/2025 22:45;0.45
22/10/2025 23:00;0.45
22/10/2025 23:15;0.45
22/10/2025 23:30;0.45
22/10/2025 23:45;0.45
23/10/2025 00:00;0.45
23/10/2025 00:15;0.45
23/10/2025 00:30;0.45
23/10/2025 00:45;0.45
23/10/2025 01:00;0.44
23/10/2025 01:15;0.43
23/10/2025 01:30;0.43
23/10/2025 01:45;0.43
23/10/2025 02:00;0.43
23/10/2025 02:15;0.42
23/10/2025 02:30;0.42
23/10/2025 02:45;0.43
23/10/2025 03:00;0.45
23/10/2025 03:15;0.45
23/10/2025 03:30;0.45
23/10/2025 03:45;0.45
23/10/2025 04:00;0.45
23/10/2025 04:15;0.45
23/10/2025 04:30;0.45
23/10/2025 04:45;0.45
23/10/2025 05:00;0.45
23/10/2025 05:15;0.44
23/10/2025 05:30;0.43
23/10/2025 05:45;0.43
23/10/2025 06:00;0.42
23/10/2025 06:15;0.42
23/10/2025 06:30;0.42
23/10/2025 06:45;0.42
23/10/2025 07:00;0.44
23/10/2025 07:15;0.45
23/10/2025 07:30;0.45
23/10/2025 07:45;0.45
23/10/2025 08:00;0.45
23/10/2025 08:15;0.45
23/10/2025 08:30;0.45
23/10/2025 08:45;0.45
23/10/2025 09:00;0.45
23/10/2025 09:15;0.45
23/10/2025 09:30;0.44
23/10/2025 09:45;0.42
23/10/2025 10:00;0.42
23/10/2025 10:15;0.42
23/10/2025 10:30;0.42
23/10/2025 10:45;0.42
23/10/2025 11:00;0.45
23/10/2025 11:15;0.45
23/10/2025 11:30;0.45
23/10/2025 11:45;0.45
23/10/2025 12:00;0.45
23/10/2025 12:15;0.45
23/10/2025 12:30;0.43
23/10/2025 12:45;0.42
23/10/2025 13:00;0.42
23/10/2025 13:15;0.41
23/10/2025 13:30;0.39
23/10/2025 13:45;0.39
23/10/2025 14:00;0.42
23/10/2025 14:15;0.43
23/10/2025 14:30;0.45
23/10/2025 14:45;0.45
23/10/2025 15:00;0.45
23/10/2025 15:15;0.45
23/10/2025 15:30;0.45
23/10/2025 15:45;0.45
23/10/2025 16:00;0.45
23/10/2025 16:15;0.45
23/10/2025 16:30;0.45
23/10/2025 16:45;0.43
23/10/2025 17:00;0.43
23/10/2025 17:15;0.43
23/10/2025 17:30;0.43
23/10/2025 17:45;0.43
23/10/2025 18:00;0.43
23/10/2025 18:15;0.43
23/10/2025 18:30;0.43
23/10/2025 18:45;0.45
23/10/2025 19:00;0.45
23/10/2025 19:15;0.45
23/10/2025 19:30;0.45
23/10/2025 19:45;0.45
23/10/2025 20:00;0.45
23/10/2025 20:15;0.45
23/10/2025 20:30;0.45
23/10/2025 20:45;0.45
23/10/2025 21:00;0.45
23/10/2025 21:15;0.43
23/10/2025 21:30;0.43
23/10/2025 21:45;0.41
23/10/2025 22:00;0.39
23/10/2025 22:15;0.4
23/10/2025 22:30;0.42
23/10/2025 22:45;0.43
23/10/2025 23:00;0.45
23/10/2025 23:15;0.45
23/10/2025 23:30;0.45
23/10/2025 23:45;0.45
24/10/2025 00:00;0.45
24/10/2025 00:15;0.45
24/10/2025 00:30;0.45
24/10/2025 00:45;0.43
24/10/2025 01:00;0.42
24/10/2025 01:15;0.42
24/10/2025 01:30;0.42
24/10/2025 01:45;0.42
24/10/2025 02:00;0.42
24/10/2025 02:15;0.43
24/10/2025 02:30;0.45
24/10/2025 02:45;0.45
24/10/2025 03:00;0.45
24/10/2025 03:15;0.45
24/10/2025 03:30;0.45
24/10/2025 03:45;0.45
24/10/2025 04:00;0.45
24/10/2025 04:15;0.45
24/10/2025 04:30;0.45
24/10/2025 04:45;0.45
24/10/2025 05:00;0.45
24/10/2025 05:15;0.45
24/10/2025 05:30;0.43
24/10/2025 05:45;0.42
24/10/2025 06:00;0.42
24/10/2025 06:15;0.42
24/10/2025 06:30;0.42
24/10/2025 06:45;0.43
24/10/2025 07:00;0.45
24/10/2025 07:15;0.45
24/10/2025 07:30;0.45
24/10/2025 07:45;0.45
24/10/2025 08:00;0.45
24/10/2025 08:15;0.45
24/10/2025 08:30;0.45
24/10/2025 08:45;0.45
24/10/2025 09:00;0.44
24/10/2025 09:15;0.42
24/10/2025 09:30;0.42
24/10/2025 09:45;0.42
24/10/2025 10:00;0.42
24/10/2025 10:15;0.42
24/10/2025 10:30;0.43
24/10/2025 10:45;0.45
24/10/2025 11:00;0.45
24/10/2025 11:15;0.45
24/10/2025 11:30;0.45
24/10/2025 11:45;0.45
24/10/2025 12:00;0.45
24/10/2025 12:15;0.45
24/10/2025 12:30;0.45
24/10/2025 12:45;0.45
24/10/2025 13:00;0.45
24/10/2025 13:15;0.45
24/10/2025 13:30;0.45
24/10/2025 13:45;0.45
24/10/2025 14:00;0.45
24/10/2025 14:15;0.45
24/10/2025 14:30;0.46
24/10/2025 14:45;0.47
24/10/2025 15:00;0.47
24/10/2025 15:15;0.47
24/10/2025 15:30;0.47
24/10/2025 15:45;0.47
24/10/2025 16:00;0.47
24/10/2025 16:15;0.47
24/10/2025 16:30;0.47
24/10/2025 16:45;0.47
24/10/2025 17:00;0.47
24/10/2025 17:15;0.47
24/10/2025 17:30;0.47
24/10/2025 17:45;0.47
24/10/2025 18:00;0.47
24/10/2025 18:15;0.47
24/10/2025 18:30;0.47
24/10/2025 18:45;0.47
24/10/2025 19:00;0.47
24/10/2025 19:15;0.47
24/10/2025 19:30;0.47
24/10/2025 19:45;0.47
24/10/2025 20:00;0.47
24/10/2025 20:15;0.47
24/10/2025 20:30;0.47
24/10/2025 20:45;0.47
24/10/2025 21:00;0.47
24/10/2025 21:15;0.47
24/10/2025 21:30;0.47
24/10/2025 21:45;0.47
24/10/2025 22:00;0.47
24/10/2025 22:15;0.47
24/10/2025 22:30;0.47
24/10/2025 22:45;0.47
24/10/2025 23:00;0.47
24/10/2025 23:15;0.47
24/10/2025 23:30;0.47
24/10/2025 23:45;0.47
25/10/2025 00:00;0.47
25/10/2025 00:15;0.47
25/10/2025 00:30;0.46
25/10/2025 00:45;0.45
25/10/2025 01:00;0.45
25/10/2025 01:15;0.45
25/10/2025 01:30;0.44
25/10/2025 01:45;0.42
25/10/2025 02:00;0.42
25/10/2025 02:15;0.42
25/10/2025 02:30;0.42
25/10/2025 02:45;0.44
25/10/2025 03:00;0.45
25/10/2025 03:15;0.45
25/10/2025 03:30;0.45
25/10/2025 03:45;0.45
25/10/2025 04:00;0.45
25/10/2025 04:15;0.45
25/10/2025 04:30;0.45
25/10/2025 04:45;0.46
25/10/2025 05:00;0.46
25/10/2025 05:15;0.45
25/10/2025 05:30;0.45
25/10/2025 05:45;0.45
25/10/2025 06:00;0.43
25/10/2025 06:15;0.42
25/10/2025 06:30;0.43
25/10/2025 06:45;0.45
25/10/2025 07:00;0.45
25/10/2025 07:15;0.45
25/10/2025 07:30;0.46
25/10/2025 07:45;0.46
25/10/2025 08:00;0.46
25/10/2025 08:15;0.45
25/10/2025 08:30;0.45
25/10/2025 08:45;0.45
25/10/2025 09:00;0.45
25/10/2025 09:15;0.45
25/10/2025 09:30;0.45
25/10/2025 09:45;0.45
25/10/2025 10:00;0.44
25/10/2025 10:15;0.42
25/10/2025 10:30;0.44
25/10/2025 10:45;0.45
25/10/2025 11:00;0.45
25/10/2025 11:15;0.45
25/10/2025 11:30;0.46
25/10/2025 11:45;0.46
25/10/2025 12:00;0.46
25/10/2025 12:15;0.46
25/10/2025 12:30;0.46
25/10/2025 12:45;0.45
25/10/2025 13:00;0.45
25/10/2025 13:15;0.45
25/10/2025 13:30;0.42
25/10/2025 13:45;0.42
25/10/2025 14:00;0.42
25/10/2025 14:15;0.45
25/10/2025 14:30;0.45
25/10/2025 14:45;0.45
25/10/2025 15:00;0.46
25/10/2025 15:15;0.46
25/10/2025 15:30;0.46
25/10/2025 15:45;0.46
25/10/2025 16:00;0.46
25/10/2025 16:15;0.46
25/10/2025 16:30;0.46
25/10/2025 16:45;0.45
25/10/2025 17:00;0.45
25/10/2025 17:15;0.45
25/10/2025 17:30;0.45
25/10/2025 17:45;0.44
25/10/2025 18:00;0.42
25/10/2025 18:15;0.45
25/10/2025 18:30;0.45
25/10/2025 18:45;0.46
25/10/2025 19:00;0.46
25/10/2025 19:15;0.46
25/10/2025 19:30;0.46
25/10/2025 19:45;0.46
25/10/2025 20:00;0.45
25/10/2025 20:15;0.45
25/10/2025 20:30;0.45
25/10/2025 20:45;0.45
25/10/2025 21:00;0.45
25/10/2025 21:15;0.45
25/10/2025 21:30;0.45
25/10/2025 21:45;0.43
25/10/2025 22:00;0.42
25/10/2025 22:15;0.42
25/10/2025 22:30;0.45
25/10/2025 22:45;0.45
25/10/2025 23:00;0.46
25/10/2025 23:15;0.46
25/10/2025 23:30;0.46
25/10/2025 23:45;0.46
26/10/2025 00:00;0.46
26/10/2025 00:15;0.46
26/10/2025 00:30;0.46
26/10/2025 00:45;0.45
26/10/2025 01:00;0.45
26/10/2025 01:15;0.45
26/10/2025 01:30;0.42
26/10/2025 01:45;0.42
26/10/2025 02:00;0.46
26/10/2025 02:15;0.46
26/10/2025 02:30;0.46
26/10/2025 02:45;0.46
26/10/2025 03:00;0.46
26/10/2025 03:15;0.45
26/10/2025 03:30;0.45
26/10/2025 03:45;0.45
26/10/2025 04:00;0.45
26/10/2025 04:15;0.45
26/10/2025 04:30;0.45
26/10/2025 04:45;0.45
26/10/2025 05:00;0.43
26/10/2025 05:15;0.42
26/10/2025 05:30;0.42
26/10/2025 05:45;0.45
26/10/2025 06:00;0.45
26/10/2025 06:15;0.45
26/10/2025 06:30;0.46
26/10/2025 06:45;0.46
26/10/2025 07:00;0.46
26/10/2025 07:15;0.46
26/10/2025 07:30;0.46
26/10/2025 07:45;0.46
26/10/2025 08:00;0.45
26/10/2025 08:15;0.45
26/10/2025 08:30;0.45
26/10/2025 08:45;0.45
26/10/2025 09:00;0.45
26/10/2025 09:15;0.45
26/10/2025 09:30;0.46
26/10/2025 09:45;0.46
26/10/2025 10:00;0.46
26/10/2025 10:15;0.46
26/10/2025 10:30;0.46
26/10/2025 10:45;0.46
26/10/2025 11:00;0.46
26/10/2025 11:15;0.46
26/10/2025 11:30;0.46
26/10/2025 11:45;0.46
26/10/2025 12:00;0.46
26/10/2025 12:15;0.46
26/10/2025 12:30;0.46
26/10/2025 12:45;0.46
26/10/2025 13:00;0.46
26/10/2025 13:15;0.46
26/10/2025 13:30;0.46
26/10/2025 13:45;0.46
26/10/2025 14:00;0.46
26/10/2025 14:15;0.46
26/10/2025 14:30;0.46
26/10/2025 14:45;0.46
26/10/2025 15:00;0.47
26/10/2025 15:15;0.47
26/10/2025 15:30;0.46
26/10/2025 15:45;0.46
26/10/2025 16:00;0.46
26/10/2025 16:15;0.47
26/10/2025 16:30;0.47
26/10/2025 16:45;0.46
26/10/2025 17:00;0.46
26/10/2025 17:15;0.46
26/10/2025 17:30;0.46
26/10/2025 17:45;0.46
26/10/2025 18:00;0.46
26/10/2025 18:15;0.46
26/10/2025 18:30;0.46
26/10/2025 18:45;0.46
26/10/2025 19:00;0.46
26/10/2025 19:15;0.46
26/10/2025 19:30;0.46
26/10/2025 19:45;0.46
26/10/2025 20:00;0.46
26/10/2025 20:15;0.46
26/10/2025 20:30;0.46
26/10/2025 20:45;0.46
26/10/2025 21:00;0.46
26/10/2025 21:15;0.46
26/10/2025 21:30;0.46
26/10/2025 21:45;0.46
26/10/2025 22:00;0.46
26/10/2025 22:15;0.46
26/10/2025 22:30;0.46
26/10/2025 22:45;0.46
26/10/2025 23:00;0.46
26/10/2025 23:15;0.46
26/10/2025 23:30;0.46
26/10/2025 23:45;0.46
27/10/2025 00:00;0.45
27/10/2025 00:15;0.45
27/10/2025 00:30;0.45
27/10/2025 00:45;0.44
27/10/2025 01:00;0.42
27/10/2025 01:15;0.45
27/10/2025 01:30;0.45
27/10/2025 01:45;0.45
27/10/2025 02:00;0.46
27/10/2025 02:15;0.46
27/10/2025 02:30;0.46
27/10/2025 02:45;0.46
27/10/2025 03:00;0.46
27/10/2025 03:15;0.45
27/10/2025 03:30;0.45
27/10/2025 03:45;0.45
27/10/2025 04:00;0.45
27/10/2025 04:15;0.45
27/10/2025 04:30;0.45
27/10/2025 04:45;0.43
27/10/2025 05:00;0.44
27/10/2025 05:15;0.45
27/10/2025 05:30;0.45
27/10/2025 05:45;0.46
27/10/2025 06:00;0.46
27/10/2025 06:15;0.46
27/10/2025 06:30;0.46
27/10/2025 06:45;0.46
27/10/2025 07:00;0.46
27/10/2025 07:15;0.45
27/10/2025 07:30;0.45
27/10/2025 07:45;0.45
27/10/2025 08:00;0.45
27/10/2025 08:15;0.43
27/10/2025 08:30;0.44
27/10/2025 08:45;0.45
27/10/2025 09:00;0.45
27/10/2025 09:15;0.46
27/10/2025 09:30;0.46
27/10/2025 09:45;0.46
27/10/2025 10:00;0.46
27/10/2025 10:15;0.46
27/10/2025 10:30;0.46
27/10/2025 10:45;0.46
27/10/2025 11:00;0.45
27/10/2025 11:15;0.45
27/10/2025 11:30;0.45
27/10/2025 11:45;0.45
27/10/2025 12:00;0.45
27/10/2025 12:15;0.44
27/10/2025 12:30;0.45
27/10/2025 12:45;0.45
27/10/2025 13:00;0.47
27/10/2025 13:15;0.47
27/10/2025 13:30;0.47
27/10/2025 13:45;0.47
27/10/2025 14:00;0.47
27/10/2025 14:15;0.46
27/10/2025 14:30;0.45
27/10/2025 14:45;0.45
27/10/2025 15:00;0.45
27/10/2025 15:15;0.45
27/10/2025 15:30;0.45
27/10/2025 15:45;0.44
27/10/2025 16:00;0.43
27/10/2025 16:15;0.43
27/10/2025 16:30;0.45
27/10/2025 16:45;0.45
27/10/2025 17:00;0.47
27/10/2025 17:15;0.47
27/10/2025 17:30;0.47
27/10/2025 17:45;0.47
27/10/2025 18:00;0.47
27/10/2025 18:15;0.47
27/10/2025 18:30;0.47
27/10/2025 18:45;0.45
27/10/2025 19:00;0.45
27/10/2025 19:15;0.45
27/10/2025 19:30;0.43
27/10/2025 19:45;0.43
27/10/2025 20:00;0.43
27/10/2025 20:15;0.45
27/10/2025 20:30;0.45
27/10/2025 20:45;0.45
27/10/2025 21:00;0.47
27/10/2025 21:15;0.47
27/10/2025 21:30;0.47
27/10/2025 21:45;0.47
27/10/2025 22:00;0.47
27/10/2025 22:15;0.46
27/10/2025 22:30;0.45
27/10/2025 22:45;0.45
27/10/2025 23:00;0.45
27/10/2025 23:15;0.45
27/10/2025 23:30;0.45
27/10/2025 23:45;0.43
28/10/2025 00:00;0.42
28/10/2025 00:15;0.42
28/10/2025 00:30;0.45
28/10/2025 00:45;0.45
28/10/2025 01:00;0.46
28/10/2025 01:15;0.46
28/10/2025 01:30;0.46
28/10/2025 01:45;0.46
28/10/2025 02:00;0.45
28/10/2025 02:15;0.45
28/10/2025 02:30;0.45
28/10/2025 02:45;0.45
28/10/2025 03:00;0.45
28/10/2025 03:15;0.45
28/10/2025 03:30;0.45
28/10/2025 03:45;0.45
28/10/2025 04:00;0.43
28/10/2025 04:15;0.42
28/10/2025 04:30;0.43
28/10/2025 04:45;0.45
28/10/2025 05:00;0.45
28/10/2025 05:15;0.46
28/10/2025 05:30;0.46
28/10/2025 05:45;0.46
28/10/2025 06:00;0.46
28/10/2025 06:15;0.46
28/10/2025 06:30;0.46
28/10/2025 06:45;0.45
28/10/2025 07:00;0.45
28/10/2025 07:15;0.45
28/10/2025 07:30;0.42
28/10/2025 07:45;0.42
28/10/2025 08:00;0.42
28/10/2025 08:15;0.44
28/10/2025 08:30;0.45
28/10/2025 08:45;0.46
28/10/2025 09:00;0.46
28/10/2025 09:15;0.46
28/10/2025 09:30;0.46
28/10/2025 09:45;0.46
28/10/2025 10:00;0.46
28/10/2025 10:15;0.46
28/10/2025 10:30;0.46
28/10/2025 10:45;0.46
28/10/2025 11:00;0.45
28/10/2025 11:15;0.45
28/10/2025 11:30;0.45
28/10/2025 11:45;0.45
28/10/2025 12:00;0.45
28/10/2025 12:15;0.45
28/10/2025 12:30;0.45
28/10/2025 12:45;0.46
28/10/2025 13:00;0.47
28/10/2025 13:15;0.47
28/10/2025 13:30;0.47
28/10/2025 13:45;0.47
28/10/2025 14:00;0.47
28/10/2025 14:15;0.47
28/10/2025 14:30;0.47
28/10/2025 14:45;0.47
28/10/2025 15:00;0.47
28/10/2025 15:15;0.47
28/10/2025 15:30;0.47
28/10/2025 15:45;0.47
28/10/2025 16:00;0.47
28/10/2025 16:15;0.47
28/10/2025 16:30;0.47
28/10/2025 16:45;0.47
28/10/2025 17:00;0.47
28/10/2025 17:15;0.47
28/10/2025 17:30;0.45
28/10/2025 17:45;0.45
28/10/2025 18:00;0.45
28/10/2025 18:15;0.47
28/10/2025 18:30;0.47
28/10/2025 18:45;0.47
28/10/2025 19:00;0.47
28/10/2025 19:15;0.47
28/10/2025 19:30;0.47
28/10/2025 19:45;0.47
28/10/2025 20:00;0.47
28/10/2025 20:15;0.47
28/10/2025 20:30;0.47
28/10/2025 20:45;0.47
28/10/2025 21:00;0.47
28/10/2025 21:15;0.47
28/10/2025 21:30;0.47
28/10/2025 21:45;0.47
28/10/2025 22:00;0.47
28/10/2025 22:15;0.47
28/10/2025 22:30;0.46
28/10/2025 22:45;0.46
28/10/2025 23:00;0.46
28/10/2025 23:15;0.46
28/10/2025 23:30;0.46
28/10/2025 23:45;0.46
29/10/2025 00:00;0.45
29/10/2025 00:15;0.45
29/10/2025 00:30;0.44
29/10/2025 00:45;0.42
29/10/2025 01:00;0.42
29/10/2025 01:15;0.42
29/10/2025 01:30;0.43
29/10/2025 01:45;0.45
29/10/2025 02:00;0.45
29/10/2025 02:15;0.45
29/10/2025 02:30;0.45
29/10/2025 02:45;0.46
29/10/2025 03:00;0.46
29/10/2025 03:15;0.45
29/10/2025 03:30;0.45
29/10/2025 03:45;0.45
29/10/2025 04:00;0.45
29/10/2025 04:15;0.45
29/10/2025 04:30;0.45
29/10/2025 04:45;0.45
29/10/2025 05:00;0.44
29/10/2025 05:15;0.42
29/10/2025 05:30;0.44
29/10/2025 05:45;0.45
29/10/2025 06:00;0.45
29/10/2025 06:15;0.45
29/10/2025 06:30;0.45
29/10/2025 06:45;0.45
29/10/2025 07:00;0.45
29/10/2025 07:15;0.45
29/10/2025 07:30;0.45
29/10/2025 07:45;0.45
29/10/2025 08:00;0.45
29/10/2025 08:15;0.45
29/10/2025 08:30;0.45
29/10/2025 08:45;0.45
29/10/2025 09:00;0.42
29/10/2025 09:15;0.44
29/10/2025 09:30;0.45
29/10/2025 09:45;0.45
29/10/2025 10:00;0.45
29/10/2025 10:15;0.46
29/10/2025 10:30;0.46
29/10/2025 10:45;0.46
29/10/2025 11:00;0.46
29/10/2025 11:15;0.46
29/10/2025 11:30;0.45
29/10/2025 11:45;0.45
29/10/2025 12:00;0.44
29/10/2025 12:15;0.42
29/10/2025 12:30;0.42
29/10/2025 12:45;0.42
29/10/2025 13:00;0.44
29/10/2025 13:15;0.45
29/10/2025 13:30;0.45
29/10/2025 13:45;0.45
29/10/2025 14:00;0.46
29/10/2025 14:15;0.46
29/10/2025 14:30;0.46
29/10/2025 14:45;0.45
29/10/2025 15:00;0.45
29/10/2025 15:15;0.45
29/10/2025 15:30;0.45
29/10/2025 15:45;0.45
29/10/2025 16:00;0.45
29/10/2025 16:15;0.44
29/10/2025 16:30;0.44
29/10/2025 16:45;0.45
29/10/2025 17:00;0.45
29/10/2025 17:15;0.45
29/10/2025 17:30;0.45
29/10/2025 17:45;0.45
29/10/2025 18:00;0.45
29/10/2025 18:15;0.45
29/10/2025 18:30;0.45
29/10/2025 18:45;0.45
29/10/2025 19:00;0.45
29/10/2025 19:15;0.45
29/10/2025 19:30;0.45
29/10/2025 19:45;0.45
29/10/2025 20:00;0.43
29/10/2025 20:15;0.44
29/10/2025 20:30;0.45
29/10/2025 20:45;0.45
29/10/2025 21:00;0.46
29/10/2025 21:15;0.46
29/10/2025 21:30;0.46
29/10/2025 21:45;0.46
29/10/2025 22:00;0.46
29/10/2025 22:15;0.45
29/10/2025 22:30;0.45
29/10/2025 22:45;0.45
29/10/2025 23:00;0.45
29/10/2025 23:15;0.45
29/10/2025 23:30;0.45
29/10/2025 23:45;0.45
30/10/2025 00:00;0.45
30/10/2025 00:15;0.45
30/10/2025 00:30;0.45
30/10/2025 00:45;0.46
30/10/2025 01:00;0.46
30/10/2025 01:15;0.46
30/10/2025 01:30;0.46
30/10/2025 01:45;0.46
30/10/2025 02:00;0.46
30/10/2025 02:15;0.45
30/10/2025 02:30;0.45
30/10/2025 02:45;0.45
30/10/2025 03:00;0.45
30/10/2025 03:15;0.45
30/10/2025 03:30;0.45
30/10/2025 03:45;0.42
30/10/2025 04:00;0.43
30/10/2025 04:15;0.45
30/10/2025 04:30;0.45
30/10/2025 04:45;0.46
30/10/2025 05:00;0.46
30/10/2025 05:15;0.46
30/10/2025 05:30;0.46
30/10/2025 05:45;0.45
30/10/2025 06:00;0.45
30/10/2025 06:15;0.45
30/10/2025 06:30;0.45
30/10/2025 06:45;0.45
30/10/2025 07:00;0.45
30/10/2025 07:15;0.45
30/10/2025 07:30;0.44
30/10/2025 07:45;0.42
30/10/2025 08:00;0.42
30/10/2025 08:15;0.43
30/10/2025 08:30;0.45
30/10/2025 08:45;0.45
30/10/2025 09:00;0.46
30/10/2025 09:15;0.46
30/10/2025 09:30;0.46
30/10/2025 09:45;0.46
30/10/2025 10:00;0.46
30/10/2025 10:15;0.46
30/10/2025 10:30;0.46
30/10/2025 10:45;0.46
30/10/2025 11:00;0.46
30/10/2025 11:15;0.46
30/10/2025 11:30;0.46
30/10/2025 11:45;0.46
30/10/2025 12:00;0.46
30/10/2025 12:15;0.47
30/10/2025 12:30;0.47
30/10/2025 12:45;0.47
30/10/2025 13:00;0.47
30/10/2025 13:15;0.47
30/10/2025 13:30;0.47
30/10/2025 13:45;0.47
30/10/2025 14:00;0.47
30/10/2025 14:15;0.47
30/10/2025 14:30;0.47
30/10/2025 14:45;0.47
30/10/2025 15:00;0.47
30/10/2025 15:15;0.47
30/10/2025 15:30;0.47
30/10/2025 15:45;0.47
30/10/2025 16:00;0.47
30/10/2025 16:15;0.47
30/10/2025 16:30;0.47
30/10/2025 16:45;0.47
30/10/2025 17:00;0.47
30/10/2025 17:15;0.47
30/10/2025 17:30;0.47
30/10/2025 17:45;0.47
30/10/2025 18:00;0.47
30/10/2025 18:15;0.47
30/10/2025 18:30;0.47
30/10/2025 18:45;0.47
30/10/2025 19:00;0.47
30/10/2025 19:15;0.47
30/10/2025 19:30;0.47
30/10/2025 19:45;0.47
30/10/2025 20:00;0.47
30/10/2025 20:15;0.47
30/10/2025 20:30;0.47
30/10/2025 20:45;0.47
30/10/2025 21:00;0.47
30/10/2025 21:15;0.47
30/10/2025 21:30;0.47
30/10/2025 21:45;0.47
30/10/2025 22:00;0.47
30/10/2025 22:15;0.46
30/10/2025 22:30;0.45
30/10/2025 22:45;0.45
30/10/2025 23:00;0.45
30/10/2025 23:15;0.42
30/10/2025 23:30;0.42
30/10/2025 23:45;0.43
31/10/2025 00:00;0.45
31/10/2025 00:15;0.45
31/10/2025 00:30;0.47
31/10/2025 00:45;0.47
31/10/2025 01:00;0.46
31/10/2025 01:15;0.46
31/10/2025 01:30;0.46
31/10/2025 01:45;0.46
31/10/2025 02:00;0.46
31/10/2025 02:15;0.46
31/10/2025 02:30;0.45
31/10/2025 02:45;0.45
31/10/2025 03:00;0.45
31/10/2025 03:15;0.45
31/10/2025 03:30;0.45
31/10/2025 03:45;0.45
31/10/2025 04:00;0.45
31/10/2025 04:15;0.45
31/10/2025 04:30;0.46
31/10/2025 04:45;0.46
31/10/2025 05:00;0.46
31/10/2025 05:15;0.46
31/10/2025 05:30;0.46
31/10/2025 05:45;0.46
31/10/2025 06:00;0.45
31/10/2025 06:15;0.45
31/10/2025 06:30;0.45
31/10/2025 06:45;0.45
31/10/2025 07:00;0.45
31/10/2025 07:15;0.45
31/10/2025 07:30;0.45
31/10/2025 07:45;0.45
31/10/2025 08:00;0.45
31/10/2025 08:15;0.46
31/10/2025 08:30;0.46
31/10/2025 08:45;0.46
31/10/2025 09:00;0.46
31/10/2025 09:15;0.46
31/10/2025 09:30;0.46
31/10/2025 09:45;0.45
31/10/2025 10:00;0.45
31/10/2025 10:15;0.45
31/10/2025 10:30;0.45
31/10/2025 10:45;0.44
31/10/2025 11:00;0.43
31/10/2025 11:15;0.45
31/10/2025 11:30;0.45
31/10/2025 11:45;0.46
31/10/2025 12:00;0.46
31/10/2025 12:15;0.46
31/10/2025 12:30;0.46
31/10/2025 12:45;0.46
31/10/2025 13:00;0.46
31/10/2025 13:15;0.46
31/10/2025 13:30;0.46
31/10/2025 13:45;0.46
31/10/2025 14:00;0.45
31/10/2025 14:15;0.45
31/10/2025 14:30;0.45
31/10/2025 14:45;0.45
31/10/2025 15:00;0.44
31/10/2025 15:15;0.45
31/10/2025 15:30;0.45
31/10/2025 15:45;0.46
31/10/2025 16:00;0.47
31/10/2025 16:15;0.47
31/10/2025 16:30;0.47
31/10/2025 16:45;0.47
31/10/2025 17:00;0.47
31/10/2025 17:15;0.47
31/10/2025 17:30;0.47
31/10/2025 17:45;0.47
31/10/2025 18:00;0.46
31/10/2025 18:15;0.45
31/10/2025 18:30;0.45
31/10/2025 18:45;0.45
31/10/2025 19:00;0.43
31/10/2025 19:15;0.45
31/10/2025 19:30;0.45
31/10/2025 19:45;1.28
31/10/2025 20:00;9.07
31/10/2025 20:15;7.23
31/10/2025 20:30;6.93
31/10/2025 20:45;6.94
31/10/2025 21:00;6.96
31/10/2025 21:15;6.96
31/10/2025 21:30;6.96
31/10/2025 21:45;6.96
31/10/2025 22:00;6.96
31/10/2025 22:15;6.95
31/10/2025 22:30;6.96
31/10/2025 22:45;6.96
31/10/2025 23:00;6.98
31/10/2025 23:15;6.99
31/10/2025 23:30;6.99
31/10/2025 23:45;7
01/11/2025 00:00;7.01
01/11/2025 00:15;6.99
01/11/2025 00:30;7
01/11/2025 00:45;7
01/11/2025 01:00;6.99
01/11/2025 01:15;6.99
01/11/2025 01:30;6.98
01/11/2025 01:45;6.96
01/11/2025 02:00;6.97
01/11/2025 02:15;6.96
01/11/2025 02:30;6.95
01/11/2025 02:45;6.95
01/11/2025 03:00;6.96
01/11/2025 03:15;6.98
01/11/2025 03:30;6.98
01/11/2025 03:45;6.98
01/11/2025 04:00;6.98
01/11/2025 04:15;6.98
01/11/2025 04:30;6.98
01/11/2025 04:45;6.99
01/11/2025 05:00;6.99
01/11/2025 05:15;6.98
01/11/2025 05:30;6.97
01/11/2025 05:45;6.98
01/11/2025 06:00;6.93
01/11/2025 06:15;6.91
01/11/2025 06:30;6.91
01/11/2025 06:45;6.9
01/11/2025 07:00;6.89
01/11/2025 07:15;6.92
01/11/2025 07:30;6.94
01/11/2025 07:45;6.95
01/11/2025 08:00;6.93
01/11/2025 08:15;6.93
01/11/2025 08:30;6.95
01/11/2025 08:45;6.96
01/11/2025 09:00;6.96
01/11/2025 09:15;6.96
01/11/2025 09:30;6.97
01/11/2025 09:45;6.95
01/11/2025 10:00;6.95
01/11/2025 10:15;6.96
01/11/2025 10:30;6.96
01/11/2025 10:45;6.96
01/11/2025 11:00;6.97
01/11/2025 11:15;6.96
01/11/2025 11:30;6.95
01/11/2025 11:45;6.95
01/11/2025 12:00;6.96
01/11/2025 12:15;6.96
01/11/2025 12:30;6.96
01/11/2025 12:45;6.95
01/11/2025 13:00;6.96
01/11/2025 13:15;6.95
01/11/2025 13:30;6.96
01/11/2025 13:45;6.95
01/11/2025 14:00;6.95
01/11/2025 14:15;6.95
01/11/2025 14:30;6.95
01/11/2025 14:45;6.95
01/11/2025 15:00;6.93
01/11/2025 15:15;6.93
01/11/2025 15:30;6.93
01/11/2025 15:45;6.94
01/11/2025 16:00;6.94
01/11/2025 16:15;6.94
01/11/2025 16:30;6.95
01/11/2025 16:45;6.93
01/11/2025 17:00;6.94
01/11/2025 17:15;6.95
01/11/2025 17:30;6.94
01/11/2025 17:45;6.93
01/11/2025 18:00;6.94
01/11/2025 18:15;6.94
01/11/2025 18:30;6.94
01/11/2025 18:45;6.94
01/11/2025 19:00;6.93
01/11/2025 19:15;6.93
01/11/2025 19:30;6.94
01/11/2025 19:45;6.93
01/11/2025 20:00;6.93
01/11/2025 20:15;6.93
01/11/2025 20:30;6.92
01/11/2025 20:45;6.93
01/11/2025 21:00;6.92
01/11/2025 21:15;6.91
01/11/2025 21:30;6.92
01/11/2025 21:45;6.92
01/11/2025 22:00;6.92
01/11/2025 22:15;6.92
01/11/2025 22:30;6.92
01/11/2025 22:45;6.92
01/11/2025 23:00;6.91
01/11/2025 23:15;6.9
01/11/2025 23:30;6.9
01/11/2025 23:45;6.9
02/11/2025 00:00;6.9
02/11/2025 00:15;6.91
02/11/2025 00:30;6.9
02/11/2025 00:45;6.89
02/11/2025 01:00;6.89
02/11/2025 01:15;6.89
02/11/2025 01:30;6.89
02/11/2025 01:45;6.88
02/11/2025 02:00;6.89
02/11/2025 02:15;6.89
02/11/2025 02:30;6.9
02/11/2025 02:45;6.91
02/11/2025 03:00;6.92
02/11/2025 03:15;6.92
02/11/2025 03:30;6.92
02/11/2025 03:45;6.92
02/11/2025 04:00;6.92
02/11/2025 04:15;6.92
02/11/2025 04:30;6.92
02/11/2025 04:45;6.89
02/11/2025 05:00;6.89
02/11/2025 05:15;6.88
02/11/2025 05:30;6.88
02/11/2025 05:45;6.88
02/11/2025 06:00;6.88
02/11/2025 06:15;6.9
02/11/2025 06:30;6.91
02/11/2025 06:45;6.9
02/11/2025 07:00;6.91
02/11/2025 07:15;6.91
02/11/2025 07:30;6.9
02/11/2025 07:45;6.9
02/11/2025 08:00;6.9
02/11/2025 08:15;6.9
02/11/2025 08:30;6.89
02/11/2025 08:45;6.87
02/11/2025 09:00;6.86
02/11/2025 09:15;6.87
02/11/2025 09:30;6.86
02/11/2025 09:45;6.86
02/11/2025 10:00;6.88
02/11/2025 10:15;6.89
02/11/2025 10:30;6.89
02/11/2025 10:45;6.89
02/11/2025 11:00;6.9
02/11/2025 11:15;6.9
02/11/2025 11:30;6.88
02/11/2025 11:45;6.89
02/11/2025 12:00;6.88
02/11/2025 12:15;6.89
02/11/2025 12:30;6.88
02/11/2025 12:45;6.87
02/11/2025 13:00;6.86
02/11/2025 13:15;6.86
02/11/2025 13:30;6.84
02/11/2025 13:45;6.84
02/11/2025 14:00;6.86
02/11/2025 14:15;6.87
02/11/2025 14:30;6.87
02/11/2025 14:45;6.87
02/11/2025 15:00;6.87
02/11/2025 15:15;6.86
02/11/2025 15:30;6.87
02/11/2025 15:45;6.86
02/11/2025 16:00;6.87
02/11/2025 16:15;6.83
02/11/2025 16:30;6.84
02/11/2025 16:45;6.83
02/11/2025 17:00;6.84
02/11/2025 17:15;6.82
02/11/2025 17:30;6.84
02/11/2025 17:45;6.85
02/11/2025 18:00;6.86
02/11/2025 18:15;6.87
02/11/2025 18:30;6.86
02/11/2025 18:45;6.87
02/11/2025 19:00;6.87
02/11/2025 19:15;6.86
02/11/2025 19:30;6.86
02/11/2025 19:45;6.85
02/11/2025 20:00;6.85
02/11/2025 20:15;6.82
02/11/2025 20:30;6.78
02/11/2025 20:45;6.81
02/11/2025 21:00;6.82
02/11/2025 21:15;6.79
02/11/2025 21:30;6.8
02/11/2025 21:45;6.83
02/11/2025 22:00;6.85
02/11/2025 22:15;6.86
02/11/2025 22:30;6.86
02/11/2025 22:45;6.85
02/11/2025 23:00;6.84
02/11/2025 23:15;6.84
02/11/2025 23:30;6.84
02/11/2025 23:45;6.84
03/11/2025 00:00;6.84
03/11/2025 00:15;6.84
03/11/2025 00:30;6.83
03/11/2025 00:45;6.82
03/11/2025 01:00;6.79
03/11/2025 01:15;6.8
03/11/2025 01:30;6.79
03/11/2025 01:45;6.79
03/11/2025 02:00;6.82
03/11/2025 02:15;6.83
03/11/2025 02:30;6.84
03/11/2025 02:45;6.84
03/11/2025 03:00;6.83
03/11/2025 03:15;6.83
03/11/2025 03:30;6.84
03/11/2025 03:45;6.84
03/11/2025 04:00;6.82
03/11/2025 04:15;6.79
03/11/2025 04:30;6.77
03/11/2025 04:45;6.78
03/11/2025 05:00;6.76
03/11/2025 05:15;6.76
03/11/2025 05:30;6.77
03/11/2025 05:45;6.79
03/11/2025 06:00;6.82
03/11/2025 06:15;6.82
03/11/2025 06:30;6.81
03/11/2025 06:45;6.81
03/11/2025 07:00;6.8
03/11/2025 07:15;6.82
03/11/2025 07:30;6.79
03/11/2025 07:45;6.77
03/11/2025 08:00;6.76
03/11/2025 08:15;6.75
03/11/2025 08:30;6.72
03/11/2025 08:45;6.8
03/11/2025 09:00;6.87
03/11/2025 09:15;6.88
03/11/2025 09:30;6.88
03/11/2025 09:45;6.89
03/11/2025 10:00;6.88
03/11/2025 10:15;6.91
03/11/2025 10:30;6.88
03/11/2025 10:45;6.88
03/11/2025 11:00;6.87
03/11/2025 11:15;6.88
03/11/2025 11:30;6.87
03/11/2025 11:45;6.88
03/11/2025 12:00;6.88
03/11/2025 12:15;6.91
03/11/2025 12:30;6.9
03/11/2025 12:45;6.9
03/11/2025 13:00;6.89
03/11/2025 13:15;6.9
03/11/2025 13:30;6.92
03/11/2025 13:45;6.92
03/11/2025 14:00;6.93
03/11/2025 14:15;6.93
03/11/2025 14:30;6.93
03/11/2025 14:45;6.93
03/11/2025 15:00;6.93
03/11/2025 15:15;6.93
03/11/2025 15:30;6.93
03/11/2025 15:45;6.93
03/11/2025 16:00;6.93
03/11/2025 16:15;6.93
03/11/2025 16:30;6.93
03/11/2025 16:45;6.93
03/11/2025 17:00;6.93
03/11/2025 17:15;6.93
03/11/2025 17:30;6.93
03/11/2025 17:45;6.94
03/11/2025 18:00;6.94
03/11/2025 18:15;6.94
03/11/2025 18:30;6.93
03/11/2025 18:45;6.93
03/11/2025 19:00;6.93
03/11/2025 19:15;6.93
03/11/2025 19:30;6.93
03/11/2025 19:45;6.93
03/11/2025 20:00;6.93
03/11/2025 20:15;6.92
03/11/2025 20:30;6.91
03/11/2025 20:45;6.89
03/11/2025 21:00;6.86
03/11/2025 21:15;6.85
03/11/2025 21:30;6.86
03/11/2025 21:45;6.84
03/11/2025 22:00;6.84
03/11/2025 22:15;8.68
03/11/2025 22:30;10.92
03/11/2025 22:45;11.19
03/11/2025 23:00;11.33
03/11/2025 23:15;11.41
03/11/2025 23:30;11.46
03/11/2025 23:45;11.56
04/11/2025 00:00;11.57
04/11/2025 00:15;11.59
04/11/2025 00:30;11.58
04/11/2025 00:45;11.55
04/11/2025 01:00;11.56
04/11/2025 01:15;11.52
04/11/2025 01:30;11.53
04/11/2025 01:45;11.55
04/11/2025 02:00;11.54
04/11/2025 02:15;11.57
04/11/2025 02:30;11.59
04/11/2025 02:45;11.57
04/11/2025 03:00;11.58
04/11/2025 03:15;11.57
04/11/2025 03:30;11.57
04/11/2025 03:45;11.54
04/11/2025 04:00;11.54
04/11/2025 04:15;11.55
04/11/2025 04:30;11.56
04/11/2025 04:45;11.55
04/11/2025 05:00;11.5
04/11/2025 05:15;11.49
04/11/2025 05:30;11.5
04/11/2025 05:45;11.5
04/11/2025 06:00;11.48
04/11/2025 06:15;11.54
04/11/2025 06:30;11.53
04/11/2025 06:45;11.53
04/11/2025 07:00;11.52
04/11/2025 07:15;11.52
04/11/2025 07:30;11.5
04/11/2025 07:45;11.5
04/11/2025 08:00;11.49
04/11/2025 08:15;11.5
04/11/2025 08:30;11.49
04/11/2025 08:45;11.5
04/11/2025 09:00;11.77
04/11/2025 09:15;12.93
04/11/2025 09:30;13.12
04/11/2025 09:45;13.2
04/11/2025 10:00;13.24
04/11/2025 10:15;13.17
04/11/2025 10:30;13.18
04/11/2025 10:45;13.17
04/11/2025 11:00;13.2
04/11/2025 11:15;13.16
04/11/2025 11:30;13.14
04/11/2025 11:45;13.17
04/11/2025 12:00;13.13
04/11/2025 12:15;13.13
04/11/2025 12:30;13.1
04/11/2025 12:45;13.09
04/11/2025 13:00;13.11
04/11/2025 13:15;13.08
04/11/2025 13:30;13.11
04/11/2025 13:45;13.13
04/11/2025 14:00;13.1
04/11/2025 14:15;13.11
04/11/2025 14:30;13.11
04/11/2025 14:45;13.12
04/11/2025 15:00;13.11
04/11/2025 15:15;13.08
04/11/2025 15:30;13.11
04/11/2025 15:45;13.06
04/11/2025 16:00;13.07
04/11/2025 16:15;13.05
04/11/2025 16:30;13.03
04/11/2025 16:45;13.03
04/11/2025 17:00;13.02
04/11/2025 17:15;13.03
04/11/2025 17:30;13.03
04/11/2025 17:45;13.02
04/11/2025 18:00;13.05
04/11/2025 18:15;13.03
04/11/2025 18:30;13.04
04/11/2025 18:45;13.05
04/11/2025 19:00;13.04
04/11/2025 19:15;13.03
04/11/2025 19:30;13.02
04/11/2025 19:45;13.01
04/11/2025 20:00;13.03
04/11/2025 20:15;13.03
04/11/2025 20:30;13.01
04/11/2025 20:45;12.98
04/11/2025 21:00;12.96
04/11/2025 21:15;12.97
04/11/2025 21:30;12.97
04/11/2025 21:45;12.96
04/11/2025 22:00;12.98
04/11/2025 22:15;14.49
04/11/2025 22:30;15.99
04/11/2025 22:45;16.41
04/11/2025 23:00;16.92
04/11/2025 23:15;17.02
04/11/2025 23:30;17.06
04/11/2025 23:45;17.1
05/11/2025 00:00;17.11
05/11/2025 00:15;17.06
05/11/2025 00:30;17.08
05/11/2025 00:45;17.07
05/11/2025 01:00;17.07
05/11/2025 01:15;17.06
05/11/2025 01:30;17.07
05/11/2025 01:45;17.04
05/11/2025 02:00;17.04
05/11/2025 02:15;17.04
05/11/2025 02:30;17.04
05/11/2025 02:45;17.06
05/11/2025 03:00;17.04
05/11/2025 03:15;17.04
05/11/2025 03:30;17.04
05/11/2025 03:45;17.06
05/11/2025 04:00;17.04
05/11/2025 04:15;16.99
05/11/2025 04:30;17
05/11/2025 04:45;16.99
05/11/2025 05:00;16.95
05/11/2025 05:15;16.95
05/11/2025 05:30;16.95
05/11/2025 05:45;16.94
05/11/2025 06:00;16.93
05/11/2025 06:15;16.92
05/11/2025 06:30;16.95
05/11/2025 06:45;16.94
05/11/2025 07:00;16.94
05/11/2025 07:15;16.93
05/11/2025 07:30;16.93
05/11/2025 07:45;16.92
05/11/2025 08:00;16.92
05/11/2025 08:15;16.98
05/11/2025 08:30;16.96
05/11/2025 08:45;16.98
05/11/2025 09:00;16.99
05/11/2025 09:15;16.95
05/11/2025 09:30;16.95
05/11/2025 09:45;16.95
05/11/2025 10:00;16.93
05/11/2025 10:15;16.95
05/11/2025 10:30;16.95
05/11/2025 10:45;16.96
05/11/2025 11:00;16.95
05/11/2025 11:15;16.95
05/11/2025 11:30;16.93
05/11/2025 11:45;16.95
05/11/2025 12:00;16.93
05/11/2025 12:15;16.93
05/11/2025 12:30;16.93
05/11/2025 12:45;16.91
05/11/2025 13:00;16.89
05/11/2025 13:15;16.92
05/11/2025 13:30;16.92
05/11/2025 13:45;16.89
05/11/2025 14:00;16.91
05/11/2025 14:15;17.03
05/11/2025 14:30;17.01
05/11/2025 14:45;17.04
05/11/2025 15:00;17.04
05/11/2025 15:15;17.06
05/11/2025 15:30;17.04
05/11/2025 15:45;17.04
05/11/2025 16:00;17.04
05/11/2025 16:15;17.04
05/11/2025 16:30;17.06
05/11/2025 16:45;17.02
05/11/2025 17:00;17.01
05/11/2025 17:15;16.99
05/11/2025 17:30;17.01
05/11/2025 17:45;17
05/11/2025 18:00;17
05/11/2025 18:15;17.02
05/11/2025 18:30;16.99
05/11/2025 18:45;17
05/11/2025 19:00;16.96
05/11/2025 19:15;16.94
05/11/2025 19:30;16.95
05/11/2025 19:45;16.92
05/11/2025 20:00;16.92
05/11/2025 20:15;16.92
05/11/2025 20:30;16.9
05/11/2025 20:45;16.91
05/11/2025 21:00;16.93
05/11/2025 21:15;16.91
05/11/2025 21:30;16.87
05/11/2025 21:45;16.89
05/11/2025 22:00;16.57
05/11/2025 22:15;14.84
05/11/2025 22:30;14.44
05/11/2025 22:45;14.25
05/11/2025 23:00;14.2
05/11/2025 23:15;14.14
05/11/2025 23:30;14.11
05/11/2025 23:45;14.11
06/11/2025 00:00;14.09
06/11/2025 00:15;14.1
06/11/2025 00:30;14.08
06/11/2025 00:45;14.04
06/11/2025 01:00;14.05
06/11/2025 01:15;14.02
06/11/2025 01:30;14.02
06/11/2025 01:45;14.03
06/11/2025 02:00;14.03
06/11/2025 02:15;14.02
06/11/2025 02:30;14.04
06/11/2025 02:45;14.04
06/11/2025 03:00;14.03
06/11/2025 03:15;14.02
06/11/2025 03:30;14.05
06/11/2025 03:45;14.02
06/11/2025 04:00;14
06/11/2025 04:15;14
06/11/2025 04:30;13.99
06/11/2025 04:45;14
06/11/2025 05:00;13.99
06/11/2025 05:15;13.99
06/11/2025 05:30;13.94
06/11/2025 05:45;13.97
06/11/2025 06:00;13.96
06/11/2025 06:15;13.96
06/11/2025 06:30;13.96
06/11/2025 06:45;13.94
06/11/2025 07:00;13.93
06/11/2025 07:15;13.97
06/11/2025 07:30;14.05
06/11/2025 07:45;14.07
06/11/2025 08:00;14.05
06/11/2025 08:15;14.05
06/11/2025 08:30;14.07
06/11/2025 08:45;14.07
06/11/2025 09:00;14.03
06/11/2025 09:15;14.05
06/11/2025 09:30;14.04
06/11/2025 09:45;14.03
06/11/2025 10:00;14.02
06/11/2025 10:15;14.02
06/11/2025 10:30;14.01
06/11/2025 10:45;14.01
06/11/2025 11:00;14
06/11/2025 11:15;13.96
06/11/2025 11:30;13.96
06/11/2025 11:45;13.96
06/11/2025 12:00;13.97
06/11/2025 12:15;13.98
06/11/2025 12:30;14.01
06/11/2025 12:45;13.97
06/11/2025 13:00;13.96
06/11/2025 13:15;13.93
06/11/2025 13:30;13.94
06/11/2025 13:45;13.94
06/11/2025 14:00;13.93
06/11/2025 14:15;13.92
06/11/2025 14:30;13.98
06/11/2025 14:45;14.07
06/11/2025 15:00;14.05
06/11/2025 15:15;14.05
06/11/2025 15:30;14.04
06/11/2025 15:45;14.06
06/11/2025 16:00;14.05
06/11/2025 16:15;14.07
06/11/2025 16:30;14.05
06/11/2025 16:45;14.07
06/11/2025 17:00;14.07
06/11/2025 17:15;14.05
06/11/2025 17:30;14.05
06/11/2025 17:45;14.03
06/11/2025 18:00;14.03
06/11/2025 18:15;14.01
06/11/2025 18:30;13.98
06/11/2025 18:45;14
06/11/2025 19:00;14.01
06/11/2025 19:15;14
06/11/2025 19:30;14
06/11/2025 19:45;14.02
06/11/2025 20:00;14.03
06/11/2025 20:15;14.02
06/11/2025 20:30;14.03
06/11/2025 20:45;14.02
06/11/2025 21:00;14.03
06/11/2025 21:15;14.05
06/11/2025 21:30;14
06/11/2025 21:45;14.03
06/11/2025 22:00;13.69
06/11/2025 22:15;9.25
06/11/2025 22:30;8.18
06/11/2025 22:45;7.74
06/11/2025 23:00;7.36
06/11/2025 23:15;7.24
06/11/2025 23:30;7.2
06/11/2025 23:45;7.19
07/11/2025 00:00;7.19
07/11/2025 00:15;7.18
07/11/2025 00:30;7.18
07/11/2025 00:45;7.16
07/11/2025 01:00;7.17
07/11/2025 01:15;7.18
07/11/2025 01:30;7.17
07/11/2025 01:45;7.18
07/11/2025 02:00;7.18
07/11/2025 02:15;7.17
07/11/2025 02:30;7.16
07/11/2025 02:45;7.16
07/11/2025 03:00;7.16
07/11/2025 03:15;7.17
07/11/2025 03:30;7.21
07/11/2025 03:45;7.21
07/11/2025 04:00;7.22
07/11/2025 04:15;7.22
07/11/2025 04:30;7.22
07/11/2025 04:45;7.23
07/11/2025 05:00;7.23
07/11/2025 05:15;7.23
07/11/2025 05:30;7.23
07/11/2025 05:45;7.21
07/11/2025 06:00;7.21
07/11/2025 06:15;7.21
07/11/2025 06:30;7.21
07/11/2025 06:45;7.22
07/11/2025 07:00;7.21
07/11/2025 07:15;7.24
07/11/2025 07:30;7.25
07/11/2025 07:45;7.27
07/11/2025 08:00;7.26
07/11/2025 08:15;7.26
07/11/2025 08:30;7.25
07/11/2025 08:45;7.26
07/11/2025 09:00;7.26
07/11/2025 09:15;7.24
07/11/2025 09:30;7.23
07/11/2025 09:45;7.22
07/11/2025 10:00;7.2
07/11/2025 10:15;7.19
07/11/2025 10:30;7.21
07/11/2025 10:45;7.24
07/11/2025 11:00;7.24
07/11/2025 11:15;7.25
07/11/2025 11:30;7.26
07/11/2025 11:45;7.26
07/11/2025 12:00;7.27
07/11/2025 12:15;7.28
07/11/2025 12:30;7.28
07/11/2025 12:45;7.27
07/11/2025 13:00;7.28
07/11/2025 13:15;7.28
07/11/2025 13:30;7.29
07/11/2025 13:45;7.29
07/11/2025 14:00;7.29
07/11/2025 14:15;7.3
07/11/2025 14:30;7.32
07/11/2025 14:45;7.31
07/11/2025 15:00;7.32
07/11/2025 15:15;7.32
07/11/2025 15:30;7.33
07/11/2025 15:45;7.33
07/11/2025 16:00;7.33
07/11/2025 16:15;7.33
07/11/2025 16:30;7.34
07/11/2025 16:45;7.34
07/11/2025 17:00;7.34
07/11/2025 17:15;7.34
07/11/2025 17:30;7.35
07/11/2025 17:45;7.35
07/11/2025 18:00;7.36
07/11/2025 18:15;7.36
07/11/2025 18:30;7.37
07/11/2025 18:45;7.36
07/11/2025 19:00;7.36
07/11/2025 19:15;7.36
07/11/2025 19:30;7.36
07/11/2025 19:45;7.36
07/11/2025 20:00;7.36
07/11/2025 20:15;5.9
07/11/2025 20:30;3.1
07/11/2025 20:45;1.42
07/11/2025 21:00;0.65
07/11/2025 21:15;0.48
07/11/2025 21:30;0.43
07/11/2025 21:45;0.41
07/11/2025 22:00;0.39
07/11/2025 22:15;0.39
07/11/2025 22:30;0.39
07/11/2025 22:45;0.39
07/11/2025 23:00;0.39
07/11/2025 23:15;0.39
07/11/2025 23:30;0.39
07/11/2025 23:45;0.39
08/11/2025 00:00;0.39
08/11/2025 00:15;0.39
08/11/2025 00:30;0.39
08/11/2025 00:45;0.39
08/11/2025 01:00;0.39
08/11/2025 01:15;0.38
08/11/2025 01:30;0.37
08/11/2025 01:45;0.37
08/11/2025 02:00;0.37
08/11/2025 02:15;0.37
08/11/2025 02:30;0.37
08/11/2025 02:45;0.37
08/11/2025 03:00;0.39
08/11/2025 03:15;0.39
08/11/2025 03:30;0.39
08/11/2025 03:45;0.39
08/11/2025 04:00;0.39
08/11/2025 04:15;0.39
08/11/2025 04:30;0.39
08/11/2025 04:45;0.39
08/11/2025 05:00;0.41
08/11/2025 05:15;0.42
08/11/2025 05:30;0.42
08/11/2025 05:45;0.42
08/11/2025 06:00;0.42
08/11/2025 06:15;0.42
08/11/2025 06:30;0.42
08/11/2025 06:45;0.42
08/11/2025 07:00;0.42
08/11/2025 07:15;0.42
08/11/2025 07:30;0.42
08/11/2025 07:45;0.42
08/11/2025 08:00;0.42
08/11/2025 08:15;0.42
08/11/2025 08:30;0.42
08/11/2025 08:45;0.42
08/11/2025 09:00;0.42
08/11/2025 09:15;0.42
08/11/2025 09:30;0.42
08/11/2025 09:45;0.42
08/11/2025 10:00;0.42
08/11/2025 10:15;0.42
08/11/2025 10:30;0.42
08/11/2025 10:45;0.42
08/11/2025 11:00;0.42
08/11/2025 11:15;0.42
08/11/2025 11:30;0.42
08/11/2025 11:45;0.39
08/11/2025 12:00;0.39
08/11/2025 12:15;0.39
08/11/2025 12:30;0.39
08/11/2025 12:45;0.39
08/11/2025 13:00;0.39
08/11/2025 13:15;0.39
08/11/2025 13:30;0.39
08/11/2025 13:45;0.39
08/11/2025 14:00;0.38
08/11/2025 14:15;0.37
08/11/2025 14:30;0.38
08/11/2025 14:45;0.39
08/11/2025 15:00;0.41
08/11/2025 15:15;0.42
08/11/2025 15:30;0.42
08/11/2025 15:45;0.42
08/11/2025 16:00;0.42
08/11/2025 16:15;0.42
08/11/2025 16:30;0.42
08/11/2025 16:45;0.4
08/11/2025 17:00;0.39
08/11/2025 17:15;0.39
08/11/2025 17:30;0.37
08/11/2025 17:45;0.37
08/11/2025 18:00;0.38
08/11/2025 18:15;0.39
08/11/2025 18:30;0.42
08/11/2025 18:45;0.42
08/11/2025 19:00;0.42
08/11/2025 19:15;0.42
08/11/2025 19:30;0.42
08/11/2025 19:45;0.42
08/11/2025 20:00;0.42
08/11/2025 20:15;0.42
08/11/2025 20:30;0.42
08/11/2025 20:45;0.41
08/11/2025 21:00;0.39
08/11/2025 21:15;0.39
08/11/2025 21:30;0.39
08/11/2025 21:45;0.39
08/11/2025 22:00;0.39
08/11/2025 22:15;0.4
08/11/2025 22:30;0.42
08/11/2025 22:45;0.42
08/11/2025 23:00;0.42
08/11/2025 23:15;0.42
08/11/2025 23:30;0.42
08/11/2025 23:45;0.42
09/11/2025 00:00;0.42
09/11/2025 00:15;0.42
09/11/2025 00:30;0.42
09/11/2025 00:45;0.42
09/11/2025 01:00;0.42
09/11/2025 01:15;0.42
09/11/2025 01:30;0.42
09/11/2025 01:45;0.42
09/11/2025 02:00;0.42
09/11/2025 02:15;0.41
09/11/2025 02:30;0.39
09/11/2025 02:45;0.39
09/11/2025 03:00;0.39
09/11/2025 03:15;0.39
09/11/2025 03:30;0.39
09/11/2025 03:45;0.39
09/11/2025 04:00;0.4
09/11/2025 04:15;0.42
09/11/2025 04:30;0.42
09/11/2025 04:45;0.42
09/11/2025 05:00;0.42
09/11/2025 05:15;0.42
09/11/2025 05:30;0.42
09/11/2025 05:45;0.42
09/11/2025 06:00;0.42
09/11/2025 06:15;0.4
09/11/2025 06:30;0.39
09/11/2025 06:45;0.39
09/11/2025 07:00;0.39
09/11/2025 07:15;0.41
09/11/2025 07:30;0.42
09/11/2025 07:45;0.42
09/11/2025 08:00;0.42
09/11/2025 08:15;0.42
09/11/2025 08:30;0.42
09/11/2025 08:45;0.42
09/11/2025 09:00;0.42
09/11/2025 09:15;0.42
09/11/2025 09:30;0.42
09/11/2025 09:45;0.42
09/11/2025 10:00;0.42
09/11/2025 10:15;0.4
09/11/2025 10:30;0.39
09/11/2025 10:45;0.39
09/11/2025 11:00;0.39
09/11/2025 11:15;0.41
09/11/2025 11:30;0.42
09/11/2025 11:45;0.43
09/11/2025 12:00;0.45
09/11/2025 12:15;0.45
09/11/2025 12:30;0.45
09/11/2025 12:45;0.43
09/11/2025 13:00;0.43
09/11/2025 13:15;0.43
09/11/2025 13:30;0.43
09/11/2025 13:45;0.41
09/11/2025 14:00;0.39
09/11/2025 14:15;0.4
09/11/2025 14:30;0.4
09/11/2025 14:45;0.4
09/11/2025 15:00;0.43
09/11/2025 15:15;0.44
09/11/2025 15:30;0.45
09/11/2025 15:45;0.45
09/11/2025 16:00;0.45
09/11/2025 16:15;0.45
09/11/2025 16:30;0.45
09/11/2025 16:45;0.45
09/11/2025 17:00;0.45
09/11/2025 17:15;0.45
09/11/2025 17:30;0.43
09/11/2025 17:45;0.43
09/11/2025 18:00;0.43
09/11/2025 18:15;0.42
09/11/2025 18:30;0.4
09/11/2025 18:45;0.39
09/11/2025 19:00;0.41
09/11/2025 19:15;0.43
09/11/2025 19:30;0.45
09/11/2025 19:45;0.45
09/11/2025 20:00;0.45
09/11/2025 20:15;0.45
09/11/2025 20:30;0.45
09/11/2025 20:45;0.45
09/11/2025 21:00;0.45
09/11/2025 21:15;0.45
09/11/2025 21:30;0.45
09/11/2025 21:45;0.44
09/11/2025 22:00;0.42
09/11/2025 22:15;0.42
09/11/2025 22:30;0.4
09/11/2025 22:45;0.39
09/11/2025 23:00;0.39
09/11/2025 23:15;0.41
09/11/2025 23:30;0.42
09/11/2025 23:45;0.45
10/11/2025 00:00;0.45
10/11/2025 00:15;0.45
10/11/2025 00:30;0.45
10/11/2025 00:45;0.45
10/11/2025 01:00;0.45
10/11/2025 01:15;0.45
10/11/2025 01:30;0.45
10/11/2025 01:45;0.45
10/11/2025 02:00;0.43
10/11/2025 02:15;0.42
10/11/2025 02:30;0.42
10/11/2025 02:45;0.42
10/11/2025 03:00;0.42
10/11/2025 03:15;0.42
10/11/2025 03:30;0.42
10/11/2025 03:45;0.43
10/11/2025 04:00;0.45
10/11/2025 04:15;0.45
10/11/2025 04:30;0.45
10/11/2025 04:45;0.45
10/11/2025 05:00;0.45
10/11/2025 05:15;0.45
10/11/2025 05:30;0.45
10/11/2025 05:45;0.45
10/11/2025 06:00;0.45
10/11/2025 06:15;0.45
10/11/2025 06:30;0.45
10/11/2025 06:45;0.42
10/11/2025 07:00;0.42
10/11/2025 07:15;0.42
10/11/2025 07:30;0.42
10/11/2025 07:45;0.42
10/11/2025 08:00;0.45
10/11/2025 08:15;0.45
10/11/2025 08:30;0.45
10/11/2025 08:45;0.45
10/11/2025 09:00;0.45
10/11/2025 09:15;0.45
10/11/2025 09:30;0.45
10/11/2025 09:45;0.45
10/11/2025 10:00;0.42
10/11/2025 10:15;0.42
10/11/2025 10:30;0.42
10/11/2025 10:45;0.42
10/11/2025 11:00;0.42
10/11/2025 11:15;0.42
10/11/2025 11:30;0.44
10/11/2025 11:45;0.45
10/11/2025 12:00;0.45
10/11/2025 12:15;0.72
10/11/2025 12:30;0.64
10/11/2025 12:45;0.48
10/11/2025 13:00;0.38
10/11/2025 13:15;0.33
10/11/2025 13:30;0.3
10/11/2025 13:45;0.29
10/11/2025 14:00;0.28
10/11/2025 14:15;0.28
10/11/2025 14:30;0.26
10/11/2025 14:45;0.26
10/11/2025 15:00;0.26
10/11/2025 15:15;0.28
10/11/2025 15:30;0.33
10/11/2025 15:45;0.45
10/11/2025 16:00;0.49
10/11/2025 16:15;0.49
10/11/2025 16:30;0.49
10/11/2025 16:45;0.49
10/11/2025 17:00;0.49
10/11/2025 17:15;0.49
10/11/2025 17:30;0.49
10/11/2025 17:45;0.47
10/11/2025 18:00;0.47
10/11/2025 18:15;0.47
10/11/2025 18:30;0.47
10/11/2025 18:45;0.47
10/11/2025 19:00;0.47
10/11/2025 19:15;0.49
10/11/2025 19:30;0.49
10/11/2025 19:45;0.49
10/11/2025 20:00;0.49
10/11/2025 20:15;0.49
10/11/2025 20:30;0.49
10/11/2025 20:45;0.49
10/11/2025 21:00;0.49
10/11/2025 21:15;0.49
10/11/2025 21:30;0.49
10/11/2025 21:45;0.49
10/11/2025 22:00;0.47
10/11/2025 22:15;0.46
10/11/2025 22:30;0.46
10/11/2025 22:45;0.46
10/11/2025 23:00;0.46
10/11/2025 23:15;0.49
10/11/2025 23:30;0.49
10/11/2025 23:45;0.49
11/11/2025 00:00;0.49
11/11/2025 00:15;0.49
11/11/2025 00:30;0.49
11/11/2025 00:45;0.49
11/11/2025 01:00;0.48
11/11/2025 01:15;0.46
11/11/2025 01:30;0.46
11/11/2025 01:45;0.46
11/11/2025 02:00;0.46
11/11/2025 02:15;0.46
11/11/2025 02:30;0.46
11/11/2025 02:45;0.48
11/11/2025 03:00;0.49
11/11/2025 03:15;0.49
11/11/2025 03:30;0.49
11/11/2025 03:45;0.49
11/11/2025 04:00;0.49
11/11/2025 04:15;0.49
11/11/2025 04:30;0.49
11/11/2025 04:45;0.49
11/11/2025 05:00;0.49
11/11/2025 05:15;0.49
11/11/2025 05:30;0.49
11/11/2025 05:45;0.47
11/11/2025 06:00;0.46
11/11/2025 06:15;0.46
11/11/2025 06:30;0.46
11/11/2025 06:45;0.46
11/11/2025 07:00;0.49
11/11/2025 07:15;0.49
11/11/2025 07:30;0.49
11/11/2025 07:45;0.49
11/11/2025 08:00;0.49
11/11/2025 08:15;0.49
11/11/2025 08:30;0.49
11/11/2025 08:45;0.49
11/11/2025 09:00;0.47
11/11/2025 09:15;0.45
11/11/2025 09:30;0.42
11/11/2025 09:45;0.42
11/11/2025 10:00;0.42
11/11/2025 10:15;0.44
11/11/2025 10:30;0.45
11/11/2025 10:45;0.45
11/11/2025 11:00;0.46
11/11/2025 11:15;0.46
11/11/2025 11:30;0.46
11/11/2025 11:45;0.46
11/11/2025 12:00;0.46
11/11/2025 12:15;0.46
11/11/2025 12:30;0.46
11/11/2025 12:45;0.4
11/11/2025 13:00;0.35
11/11/2025 13:15;0.3
11/11/2025 13:30;0.28
11/11/2025 13:45;0.26
11/11/2025 14:00;0.26
11/11/2025 14:15;0.28
11/11/2025 14:30;0.33
11/11/2025 14:45;0.42
11/11/2025 15:00;0.45
11/11/2025 15:15;0.45
11/11/2025 15:30;0.46
11/11/2025 15:45;0.47
11/11/2025 16:00;0.47
11/11/2025 16:15;0.47
11/11/2025 16:30;0.47
11/11/2025 16:45;0.47
11/11/2025 17:00;0.47
11/11/2025 17:15;0.47
11/11/2025 17:30;0.47
11/11/2025 17:45;0.46
11/11/2025 18:00;0.45
11/11/2025 18:15;0.45
11/11/2025 18:30;0.45
11/11/2025 18:45;0.45
11/11/2025 19:00;0.45
11/11/2025 19:15;0.45
11/11/2025 19:30;0.47
11/11/2025 19:45;0.47
11/11/2025 20:00;0.47
11/11/2025 20:15;0.47
11/11/2025 20:30;0.47
11/11/2025 20:45;0.47
11/11/2025 21:00;0.47
11/11/2025 21:15;0.46
11/11/2025 21:30;0.45
11/11/2025 21:45;0.45
11/11/2025 22:00;0.45
11/11/2025 22:15;0.45
11/11/2025 22:30;0.45
11/11/2025 22:45;0.45
11/11/2025 23:00;0.45
11/11/2025 23:15;0.45
11/11/2025 23:30;0.47
11/11/2025 23:45;0.46
12/11/2025 00:00;0.46
12/11/2025 00:15;0.46
12/11/2025 00:30;0.46
12/11/2025 00:45;0.46
12/11/2025 01:00;0.46
12/11/2025 01:15;0.46
12/11/2025 01:30;0.46
12/11/2025 01:45;0.45
12/11/2025 02:00;0.45
12/11/2025 02:15;0.45
12/11/2025 02:30;0.45
12/11/2025 02:45;0.45
12/11/2025 03:00;0.45
12/11/2025 03:15;0.46
12/11/2025 03:30;0.46
12/11/2025 03:45;0.46
12/11/2025 04:00;0.46
12/11/2025 04:15;0.46
12/11/2025 04:30;0.46
12/11/2025 04:45;0.46
12/11/2025 05:00;0.46
12/11/2025 05:15;0.46
12/11/2025 05:30;0.46
12/11/2025 05:45;0.46
12/11/2025 06:00;0.45
12/11/2025 06:15;0.45
12/11/2025 06:30;0.45
12/11/2025 06:45;0.45
12/11/2025 07:00;0.45
12/11/2025 07:15;0.45
12/11/2025 07:30;0.46
12/11/2025 07:45;0.46
12/11/2025 08:00;0.46
12/11/2025 08:15;0.46
12/11/2025 08:30;0.46
12/11/2025 08:45;0.46
12/11/2025 09:00;0.46
12/11/2025 09:15;0.46
12/11/2025 09:30;0.45
12/11/2025 09:45;0.44
12/11/2025 10:00;0.43
12/11/2025 10:15;0.45
12/11/2025 10:30;0.45
12/11/2025 10:45;0.45
12/11/2025 11:00;0.55
12/11/2025 11:15;0.64
12/11/2025 11:30;0.52
12/11/2025 11:45;0.47
12/11/2025 12:00;0.45
12/11/2025 12:15;0.45
12/11/2025 12:30;0.45
12/11/2025 12:45;0.45
12/11/2025 13:00;0.45
12/11/2025 13:15;0.45
12/11/2025 13:30;0.45
12/11/2025 13:45;0.44
12/11/2025 14:00;0.43
12/11/2025 14:15;0.43
12/11/2025 14:30;0.43
12/11/2025 14:45;0.43
12/11/2025 15:00;0.43
12/11/2025 15:15;0.43
12/11/2025 15:30;0.43
12/11/2025 15:45;0.41
12/11/2025 16:00;0.41
12/11/2025 16:15;0.41
12/11/2025 16:30;0.43
12/11/2025 16:45;0.43
12/11/2025 17:00;0.43
12/11/2025 17:15;0.43
12/11/2025 17:30;0.45
12/11/2025 17:45;0.45
12/11/2025 18:00;0.45
12/11/2025 18:15;0.45
12/11/2025 18:30;0.45
12/11/2025 18:45;0.44
12/11/2025 19:00;0.43
12/11/2025 19:15;0.44
12/11/2025 19:30;0.45
12/11/2025 19:45;0.45
12/11/2025 20:00;0.45
12/11/2025 20:15;0.44
12/11/2025 20:30;0.45
12/11/2025 20:45;0.45
12/11/2025 21:00;0.45
12/11/2025 21:15;0.45
12/11/2025 21:30;0.45
12/11/2025 21:45;0.44
12/11/2025 22:00;0.43
12/11/2025 22:15;0.44
12/11/2025 22:30;0.45
12/11/2025 22:45;0.45
12/11/2025 23:00;0.45
12/11/2025 23:15;0.45
12/11/2025 23:30;0.44
12/11/2025 23:45;0.43
13/11/2025 00:00;0.43
13/11/2025 00:15;0.43
13/11/2025 00:30;0.43
13/11/2025 00:45;0.43
13/11/2025 01:00;0.43
13/11/2025 01:15;0.4
13/11/2025 01:30;0.39
13/11/2025 01:45;0.39
13/11/2025 02:00;0.39
13/11/2025 02:15;0.4
13/11/2025 02:30;0.43
13/11/2025 02:45;0.43
13/11/2025 03:00;0.45
13/11/2025 03:15;0.45
13/11/2025 03:30;0.43
13/11/2025 03:45;0.43
13/11/2025 04:00;0.43
13/11/2025 04:15;0.44
13/11/2025 04:30;0.45
13/11/2025 04:45;0.45
13/11/2025 05:00;0.43
13/11/2025 05:15;0.42
13/11/2025 05:30;0.39
13/11/2025 05:45;0.39
13/11/2025 06:00;0.39
13/11/2025 06:15;0.39
13/11/2025 06:30;0.39
13/11/2025 06:45;0.42
13/11/2025 07:00;0.42
13/11/2025 07:15;0.44
13/11/2025 07:30;0.43
13/11/2025 07:45;0.42
13/11/2025 08:00;0.42
13/11/2025 08:15;0.42
13/11/2025 08:30;0.42
13/11/2025 08:45;0.42
13/11/2025 09:00;0.42
13/11/2025 09:15;0.42
13/11/2025 09:30;0.42
13/11/2025 09:45;0.42
13/11/2025 10:00;0.42
13/11/2025 10:15;0.42
13/11/2025 10:30;0.42
13/11/2025 10:45;0.39
13/11/2025 11:00;0.39
13/11/2025 11:15;0.39
13/11/2025 11:30;0.39
13/11/2025 11:45;0.4
13/11/2025 12:00;0.43
13/11/2025 12:15;0.43
13/11/2025 12:30;0.45
13/11/2025 12:45;0.45
13/11/2025 13:00;0.45
13/11/2025 13:15;0.44
13/11/2025 13:30;0.43
13/11/2025 13:45;0.43
13/11/2025 14:00;0.43
13/11/2025 14:15;0.43
13/11/2025 14:30;0.43
13/11/2025 14:45;0.43
13/11/2025 15:00;0.43
13/11/2025 15:15;0.4
13/11/2025 15:30;0.39
13/11/2025 15:45;0.4
13/11/2025 16:00;0.42
13/11/2025 16:15;0.43
13/11/2025 16:30;0.45
13/11/2025 16:45;0.45
13/11/2025 17:00;0.45
13/11/2025 17:15;0.45
13/11/2025 17:30;0.45
13/11/2025 17:45;0.45
13/11/2025 18:00;0.44
13/11/2025 18:15;0.43
13/11/2025 18:30;0.43
13/11/2025 18:45;0.42
13/11/2025 19:00;0.39
13/11/2025 19:15;0.39
13/11/2025 19:30;0.39
13/11/2025 19:45;0.42
13/11/2025 20:00;0.43
13/11/2025 20:15;0.45
13/11/2025 20:30;0.45
13/11/2025 20:45;0.45
13/11/2025 21:00;0.45
13/11/2025 21:15;0.45
13/11/2025 21:30;0.44
13/11/2025 21:45;0.43
13/11/2025 22:00;0.43
13/11/2025 22:15;0.43
13/11/2025 22:30;0.43
13/11/2025 22:45;0.43
13/11/2025 23:00;0.43
13/11/2025 23:15;0.43
13/11/2025 23:30;0.42
13/11/2025 23:45;0.39
14/11/2025 00:00;0.39
14/11/2025 00:15;0.41
14/11/2025 00:30;0.43
14/11/2025 00:45;0.45
14/11/2025 01:00;0.45
14/11/2025 01:15;0.45
14/11/2025 01:30;0.45
14/11/2025 01:45;0.45
14/11/2025 02:00;0.45
14/11/2025 02:15;0.44
14/11/2025 02:30;0.43
14/11/2025 02:45;0.43
14/11/2025 03:00;0.42
14/11/2025 03:15;0.39
14/11/2025 03:30;0.39
14/11/2025 03:45;0.39
14/11/2025 04:00;0.4
14/11/2025 04:15;0.43
14/11/2025 04:30;0.44
14/11/2025 04:45;0.45
14/11/2025 05:00;0.45
14/11/2025 05:15;0.45
14/11/2025 05:30;0.45
14/11/2025 05:45;0.44
14/11/2025 06:00;0.43
14/11/2025 06:15;0.43
14/11/2025 06:30;0.43
14/11/2025 06:45;0.43
14/11/2025 07:00;0.43
14/11/2025 07:15;0.43
14/11/2025 07:30;0.44
14/11/2025 07:45;0.45
14/11/2025 08:00;0.45
14/11/2025 08:15;0.45
14/11/2025 08:30;0.45
14/11/2025 08:45;0.45
14/11/2025 09:00;0.45
14/11/2025 09:15;0.45
14/11/2025 09:30;0.45
14/11/2025 09:45;0.45
14/11/2025 10:00;0.45
14/11/2025 10:15;0.45
14/11/2025 10:30;0.45
14/11/2025 10:45;0.45
14/11/2025 11:00;0.45
14/11/2025 11:15;0.45
14/11/2025 11:30;0.45
14/11/2025 11:45;0.45
14/11/2025 12:00;0.45
14/11/2025 12:15;0.45
14/11/2025 12:30;0.45
14/11/2025 12:45;0.45
14/11/2025 13:00;0.45
14/11/2025 13:15;0.45
14/11/2025 13:30;0.45
14/11/2025 13:45;0.45
14/11/2025 14:00;0.45
14/11/2025 14:15;0.45
14/11/2025 14:30;0.45
14/11/2025 14:45;0.45
14/11/2025 15:00;0.45
14/11/2025 15:15;0.45
14/11/2025 15:30;0.45
14/11/2025 15:45;0.45
14/11/2025 16:00;0.45
14/11/2025 16:15;0.45
14/11/2025 16:30;0.45
14/11/2025 16:45;0.45
14/11/2025 17:00;0.45
14/11/2025 17:15;0.45
14/11/2025 17:30;0.45
14/11/2025 17:45;0.45
14/11/2025 18:00;0.45
14/11/2025 18:15;0.45
14/11/2025 18:30;0.45
14/11/2025 18:45;0.45
14/11/2025 19:00;0.45
14/11/2025 19:15;0.45
14/11/2025 19:30;0.45
14/11/2025 19:45;0.45
14/11/2025 20:00;0.45
14/11/2025 20:15;0.45
14/11/2025 20:30;0.45
14/11/2025 20:45;0.45
14/11/2025 21:00;0.45
14/11/2025 21:15;0.45
14/11/2025 21:30;0.45
14/11/2025 21:45;0.45
14/11/2025 22:00;0.45
14/11/2025 22:15;0.43
14/11/2025 22:30;0.43
14/11/2025 22:45;0.42
14/11/2025 23:00;0.39
14/11/2025 23:15;0.39
14/11/2025 23:30;0.39
14/11/2025 23:45;0.41
15/11/2025 00:00;0.42
15/11/2025 00:15;0.45
15/11/2025 00:30;0.45
15/11/2025 00:45;0.45
15/11/2025 01:00;0.45
15/11/2025 01:15;0.45
15/11/2025 01:30;0.45
15/11/2025 01:45;0.45
15/11/2025 02:00;0.45
15/11/2025 02:15;0.45
15/11/2025 02:30;0.44
15/11/2025 02:45;0.42
15/11/2025 03:00;0.42
15/11/2025 03:15;0.42
15/11/2025 03:30;0.42
15/11/2025 03:45;0.42
15/11/2025 04:00;0.42
15/11/2025 04:15;0.45
15/11/2025 04:30;0.45
15/11/2025 04:45;0.45
15/11/2025 05:00;0.45
15/11/2025 05:15;0.45
15/11/2025 05:30;0.45
15/11/2025 05:45;0.45
15/11/2025 06:00;0.45
15/11/2025 06:15;0.45
15/11/2025 06:30;0.45
15/11/2025 06:45;0.44
15/11/2025 07:00;0.42
15/11/2025 07:15;0.42
15/11/2025 07:30;0.42
15/11/2025 07:45;0.42
15/11/2025 08:00;0.44
15/11/2025 08:15;0.45
15/11/2025 08:30;0.45
15/11/2025 08:45;0.45
15/11/2025 09:00;0.45
15/11/2025 09:15;0.45
15/11/2025 09:30;0.45
15/11/2025 09:45;0.45
15/11/2025 10:00;0.43
15/11/2025 10:15;0.42
15/11/2025 10:30;0.42
15/11/2025 10:45;0.42
15/11/2025 11:00;0.42
15/11/2025 11:15;0.42
15/11/2025 11:30;0.45
15/11/2025 11:45;0.45
15/11/2025 12:00;0.45
15/11/2025 12:15;0.45
15/11/2025 12:30;0.45
15/11/2025 12:45;0.45
15/11/2025 13:00;0.45
15/11/2025 13:15;0.45
15/11/2025 13:30;0.45
15/11/2025 13:45;0.45
15/11/2025 14:00;0.45
15/11/2025 14:15;0.43
15/11/2025 14:30;0.43
15/11/2025 14:45;0.43
15/11/2025 15:00;0.43
15/11/2025 15:15;0.43
15/11/2025 15:30;0.45
15/11/2025 15:45;0.45
15/11/2025 16:00;0.45
15/11/2025 16:15;0.45
15/11/2025 16:30;0.45
15/11/2025 16:45;0.45
15/11/2025 17:00;0.45
15/11/2025 17:15;0.45
15/11/2025 17:30;0.45
15/11/2025 17:45;0.45
15/11/2025 18:00;0.45
15/11/2025 18:15;0.45
15/11/2025 18:30;0.45
15/11/2025 18:45;0.43
15/11/2025 19:00;0.43
15/11/2025 19:15;0.43
15/11/2025 19:30;0.45
15/11/2025 19:45;0.46
15/11/2025 20:00;0.47
15/11/2025 20:15;0.47
15/11/2025 20:30;0.47
15/11/2025 20:45;0.47
15/11/2025 21:00;0.47
15/11/2025 21:15;0.47
15/11/2025 21:30;0.46
15/11/2025 21:45;0.45
15/11/2025 22:00;0.45
15/11/2025 22:15;0.45
15/11/2025 22:30;0.45
15/11/2025 22:45;0.45
15/11/2025 23:00;0.45
15/11/2025 23:15;0.45
15/11/2025 23:30;0.46
15/11/2025 23:45;0.46
16/11/2025 00:00;0.46
16/11/2025 00:15;0.46
16/11/2025 00:30;0.46
16/11/2025 00:45;0.46
16/11/2025 01:00;0.46
16/11/2025 01:15;0.46
16/11/2025 01:30;0.46
16/11/2025 01:45;0.46
16/11/2025 02:00;0.45
16/11/2025 02:15;0.45
16/11/2025 02:30;0.45
16/11/2025 02:45;0.45
16/11/2025 03:00;0.45
16/11/2025 03:15;0.45
16/11/2025 03:30;0.45
16/11/2025 03:45;0.46
16/11/2025 04:00;0.46
16/11/2025 04:15;0.46
16/11/2025 04:30;0.46
16/11/2025 04:45;0.46
16/11/2025 05:00;0.46
16/11/2025 05:15;0.46
16/11/2025 05:30;0.46
16/11/2025 05:45;0.46
16/11/2025 06:00;0.46
16/11/2025 06:15;0.46
16/11/2025 06:30;0.45
16/11/2025 06:45;0.45
16/11/2025 07:00;0.45
16/11/2025 07:15;0.45
16/11/2025 07:30;0.45
16/11/2025 07:45;0.45
16/11/2025 08:00;0.46
16/11/2025 08:15;0.46
16/11/2025 08:30;0.46
16/11/2025 08:45;0.46
16/11/2025 09:00;0.46
16/11/2025 09:15;0.46
16/11/2025 09:30;0.46
16/11/2025 09:45;0.46
16/11/2025 10:00;0.46
16/11/2025 10:15;0.46
16/11/2025 10:30;0.46
16/11/2025 10:45;0.46
16/11/2025 11:00;0.46
16/11/2025 11:15;0.46
16/11/2025 11:30;0.46
16/11/2025 11:45;0.46
16/11/2025 12:00;0.46
16/11/2025 12:15;0.47
16/11/2025 12:30;0.47
16/11/2025 12:45;0.47
16/11/2025 13:00;0.47
16/11/2025 13:15;0.47
16/11/2025 13:30;0.47
16/11/2025 13:45;0.47
16/11/2025 14:00;0.47
16/11/2025 14:15;0.47
16/11/2025 14:30;0.47
16/11/2025 14:45;0.47
16/11/2025 15:00;0.47
16/11/2025 15:15;0.47
16/11/2025 15:30;0.47
16/11/2025 15:45;0.47
16/11/2025 16:00;0.47
16/11/2025 16:15;0.49
16/11/2025 16:30;0.49
16/11/2025 16:45;0.49
16/11/2025 17:00;0.49
16/11/2025 17:15;0.49
16/11/2025 17:30;0.49
16/11/2025 17:45;0.47
16/11/2025 18:00;0.47
16/11/2025 18:15;0.47
16/11/2025 18:30;0.48
16/11/2025 18:45;0.49
16/11/2025 19:00;0.49
16/11/2025 19:15;0.49
16/11/2025 19:30;0.49
16/11/2025 19:45;0.49
16/11/2025 20:00;0.49
16/11/2025 20:15;0.49
16/11/2025 20:30;0.49
16/11/2025 20:45;0.49
16/11/2025 21:00;0.49
16/11/2025 21:15;0.49
16/11/2025 21:30;0.49
16/11/2025 21:45;0.49
16/11/2025 22:00;0.49
16/11/2025 22:15;0.49
16/11/2025 22:30;0.49
16/11/2025 22:45;0.49
16/11/2025 23:00;0.49
16/11/2025 23:15;0.49
16/11/2025 23:30;0.49
16/11/2025 23:45;0.49
17/11/2025 00:00;0.49
17/11/2025 00:15;0.49
17/11/2025 00:30;0.49
17/11/2025 00:45;0.49
17/11/2025 01:00;0.49
17/11/2025 01:15;0.49
17/11/2025 01:30;0.49
17/11/2025 01:45;0.47
17/11/2025 02:00;0.46
17/11/2025 02:15;0.46
17/11/2025 02:30;0.46
17/11/2025 02:45;0.46
17/11/2025 03:00;0.48
17/11/2025 03:15;0.49
17/11/2025 03:30;0.49
17/11/2025 03:45;0.49
17/11/2025 04:00;0.49
17/11/2025 04:15;0.49
17/11/2025 04:30;0.49
17/11/2025 04:45;0.49
17/11/2025 05:00;0.49
17/11/2025 05:15;0.49
17/11/2025 05:30;0.49
17/11/2025 05:45;0.49
17/11/2025 06:00;0.49
17/11/2025 06:15;0.49
17/11/2025 06:30;0.49
17/11/2025 06:45;0.49
17/11/2025 07:00;0.49
17/11/2025 07:15;0.49
17/11/2025 07:30;0.49
17/11/2025 07:45;0.49
17/11/2025 08:00;0.49
17/11/2025 08:15;0.46
17/11/2025 08:30;0.46
17/11/2025 08:45;0.46
17/11/2025 09:00;0.46
17/11/2025 09:15;0.46
17/11/2025 09:30;0.49
17/11/2025 09:45;0.49
17/11/2025 10:00;0.49
17/11/2025 10:15;0.49
17/11/2025 10:30;0.49
17/11/2025 10:45;0.49
17/11/2025 11:00;0.49
17/11/2025 11:15;0.49
17/11/2025 11:30;0.49
17/11/2025 11:45;0.49
17/11/2025 12:00;0.49
17/11/2025 12:15;0.48
17/11/2025 12:30;0.47
17/11/2025 12:45;0.47
17/11/2025 13:00;0.47
17/11/2025 13:15;0.49
17/11/2025 13:30;0.49
17/11/2025 13:45;0.49
17/11/2025 14:00;0.49
17/11/2025 14:15;0.49
17/11/2025 14:30;0.49
17/11/2025 14:45;0.49
17/11/2025 15:00;0.49
17/11/2025 15:15;0.49
17/11/2025 15:30;0.49
17/11/2025 15:45;0.48
17/11/2025 16:00;0.47
17/11/2025 16:15;0.47
17/11/2025 16:30;0.47
17/11/2025 16:45;0.47
17/11/2025 17:00;0.49
17/11/2025 17:15;0.49
17/11/2025 17:30;0.49
17/11/2025 17:45;0.49
17/11/2025 18:00;0.49
17/11/2025 18:15;0.49
17/11/2025 18:30;0.49
17/11/2025 18:45;0.49
17/11/2025 19:00;0.49
17/11/2025 19:15;0.49
17/11/2025 19:30;0.49
17/11/2025 19:45;0.49
17/11/2025 20:00;0.49
17/11/2025 20:15;0.48
17/11/2025 20:30;0.47
17/11/2025 20:45;0.47
17/11/2025 21:00;0.49
17/11/2025 21:15;0.49
17/11/2025 21:30;0.49
17/11/2025 21:45;0.5
17/11/2025 22:00;0.5
17/11/2025 22:15;0.49
17/11/2025 22:30;0.49
17/11/2025 22:45;0.49
17/11/2025 23:00;0.49
17/11/2025 23:15;0.49
17/11/2025 23:30;0.49
17/11/2025 23:45;0.49
18/11/2025 00:00;0.49
18/11/2025 00:15;0.49
18/11/2025 00:30;0.49
18/11/2025 00:45;0.49
18/11/2025 01:00;0.47
18/11/2025 01:15;0.48
18/11/2025 01:30;0.49
18/11/2025 01:45;0.49
18/11/2025 02:00;0.49
18/11/2025 02:15;0.5
18/11/2025 02:30;0.51
18/11/2025 02:45;0.51
18/11/2025 03:00;0.51
18/11/2025 03:15;0.51
18/11/2025 03:30;0.5
18/11/2025 03:45;0.49
18/11/2025 04:00;0.48
18/11/2025 04:15;0.47
18/11/2025 04:30;0.49
18/11/2025 04:45;0.49
18/11/2025 05:00;0.49
18/11/2025 05:15;0.49
18/11/2025 05:30;0.5
18/11/2025 05:45;0.51
18/11/2025 06:00;0.51
18/11/2025 06:15;0.51
18/11/2025 06:30;0.5
18/11/2025 06:45;0.49
18/11/2025 07:00;0.49
18/11/2025 07:15;0.49
18/11/2025 07:30;0.49
18/11/2025 07:45;0.49
18/11/2025 08:00;0.49
18/11/2025 08:15;0.49
18/11/2025 08:30;0.49
18/11/2025 08:45;0.49
18/11/2025 09:00;0.49
18/11/2025 09:15;0.49
18/11/2025 09:30;0.49
18/11/2025 09:45;0.49
18/11/2025 10:00;0.49
18/11/2025 10:15;0.49
18/11/2025 10:30;0.49
18/11/2025 10:45;0.49
18/11/2025 11:00;0.49
18/11/2025 11:15;0.49
18/11/2025 11:30;0.51
18/11/2025 11:45;0.51
18/11/2025 12:00;0.5
18/11/2025 12:15;0.49
18/11/2025 12:30;0.49
18/11/2025 12:45;0.49
18/11/2025 13:00;0.49
18/11/2025 13:15;0.49
18/11/2025 13:30;0.49
18/11/2025 13:45;0.51
18/11/2025 14:00;0.51
18/11/2025 14:15;0.51
18/11/2025 14:30;0.51
18/11/2025 14:45;0.51
18/11/2025 15:00;0.51
18/11/2025 15:15;0.51
18/11/2025 15:30;0.51
18/11/2025 15:45;0.51
18/11/2025 16:00;0.51
18/11/2025 16:15;0.51
18/11/2025 16:30;0.51
18/11/2025 16:45;0.51
18/11/2025 17:00;0.51
18/11/2025 17:15;0.51
18/11/2025 17:30;0.51
18/11/2025 17:45;0.51
18/11/2025 18:00;0.51
18/11/2025 18:15;0.51
18/11/2025 18:30;0.51
18/11/2025 18:45;0.51
18/11/2025 19:00;0.51
18/11/2025 19:15;0.51
18/11/2025 19:30;0.51
18/11/2025 19:45;0.51
18/11/2025 20:00;0.51
18/11/2025 20:15;0.51
18/11/2025 20:30;0.51
18/11/2025 20:45;0.51
18/11/2025 21:00;0.51
18/11/2025 21:15;0.51
18/11/2025 21:30;0.51
18/11/2025 21:45;0.49
18/11/2025 22:00;0.49
18/11/2025 22:15;0.51
18/11/2025 22:30;0.51
18/11/2025 22:45;0.51
18/11/2025 23:00;0.51
18/11/2025 23:15;0.51
18/11/2025 23:30;0.51
18/11/2025 23:45;0.51
19/11/2025 00:00;0.51
19/11/2025 00:15;0.51
19/11/2025 00:30;0.51
19/11/2025 00:45;0.49
19/11/2025 01:00;0.49
19/11/2025 01:15;0.48
19/11/2025 01:30;0.46
19/11/2025 01:45;0.46
19/11/2025 02:00;0.46
19/11/2025 02:15;0.46
19/11/2025 02:30;0.46
19/11/2025 02:45;0.48
19/11/2025 03:00;0.49
19/11/2025 03:15;0.49
19/11/2025 03:30;0.49
19/11/2025 03:45;0.49
19/11/2025 04:00;0.49
19/11/2025 04:15;0.49
19/11/2025 04:30;0.49
19/11/2025 04:45;0.49
19/11/2025 05:00;0.49
19/11/2025 05:15;0.48
19/11/2025 05:30;0.48
19/11/2025 05:45;0.48
19/11/2025 06:00;0.48
19/11/2025 06:15;0.49
19/11/2025 06:30;0.48
19/11/2025 06:45;0.48
19/11/2025 07:00;0.48
19/11/2025 07:15;0.48
19/11/2025 07:30;0.51
19/11/2025 07:45;0.51
19/11/2025 08:00;0.51
19/11/2025 08:15;0.51
19/11/2025 08:30;0.51
19/11/2025 08:45;0.51
19/11/2025 09:00;0.51
19/11/2025 09:15;0.51
19/11/2025 09:30;0.51
19/11/2025 09:45;0.51
19/11/2025 10:00;0.51
19/11/2025 10:15;0.51
19/11/2025 10:30;0.51
19/11/2025 10:45;0.51
19/11/2025 11:00;0.5
19/11/2025 11:15;0.49
19/11/2025 11:30;0.49
19/11/2025 11:45;0.49
19/11/2025 12:00;0.49
19/11/2025 12:15;0.49
19/11/2025 12:30;0.49
19/11/2025 12:45;0.49
19/11/2025 13:00;0.49
19/11/2025 13:15;0.49
19/11/2025 13:30;0.48
19/11/2025 13:45;0.46
19/11/2025 14:00;0.46
19/11/2025 14:15;0.46
19/11/2025 14:30;0.48
19/11/2025 14:45;0.49
19/11/2025 15:00;0.49
19/11/2025 15:15;0.49
19/11/2025 15:30;0.49
19/11/2025 15:45;0.49
19/11/2025 16:00;0.49
19/11/2025 16:15;0.49
19/11/2025 16:30;0.49
19/11/2025 16:45;0.49
19/11/2025 17:00;0.48
19/11/2025 17:15;0.47
19/11/2025 17:30;0.46
19/11/2025 17:45;0.46
19/11/2025 18:00;0.46
19/11/2025 18:15;0.48
19/11/2025 18:30;0.49
19/11/2025 18:45;0.49
19/11/2025 19:00;0.51
19/11/2025 19:15;0.51
19/11/2025 19:30;0.49
19/11/2025 19:45;0.49
19/11/2025 20:00;0.49
19/11/2025 20:15;0.49
19/11/2025 20:30;0.49
19/11/2025 20:45;0.49
19/11/2025 21:00;0.49
19/11/2025 21:15;0.49
19/11/2025 21:30;0.46
19/11/2025 21:45;0.46
19/11/2025 22:00;0.46
19/11/2025 22:15;0.48
19/11/2025 22:30;0.49
19/11/2025 22:45;0.49
19/11/2025 23:00;0.5
19/11/2025 23:15;0.49
19/11/2025 23:30;0.49
19/11/2025 23:45;0.49
20/11/2025 00:00;0.49
20/11/2025 00:15;0.49
20/11/2025 00:30;0.49
20/11/2025 00:45;0.49
20/11/2025 01:00;0.49
20/11/2025 01:15;0.49
20/11/2025 01:30;0.49
20/11/2025 01:45;0.47
20/11/2025 02:00;0.46
20/11/2025 02:15;0.49
20/11/2025 02:30;0.49
20/11/2025 02:45;0.51
20/11/2025 03:00;0.51
20/11/2025 03:15;0.51
20/11/2025 03:30;0.5
20/11/2025 03:45;0.49
20/11/2025 04:00;0.49
20/11/2025 04:15;0.49
20/11/2025 04:30;0.49
20/11/2025 04:45;0.48
20/11/2025 05:00;0.46
20/11/2025 05:15;0.46
20/11/2025 05:30;0.46
20/11/2025 05:45;0.47
20/11/2025 06:00;0.49
20/11/2025 06:15;0.49
20/11/2025 06:30;0.51
20/11/2025 06:45;0.51
20/11/2025 07:00;0.51
20/11/2025 07:15;0.5
20/11/2025 07:30;0.49
20/11/2025 07:45;0.49
20/11/2025 08:00;0.49
20/11/2025 08:15;0.49
20/11/2025 08:30;0.49
20/11/2025 08:45;0.49
20/11/2025 09:00;0.48
20/11/2025 09:15;0.46
20/11/2025 09:30;0.46
20/11/2025 09:45;0.47
20/11/2025 10:00;0.49
20/11/2025 10:15;0.49
20/11/2025 10:30;0.51
20/11/2025 10:45;0.49
20/11/2025 11:00;0.49
20/11/2025 11:15;0.49
20/11/2025 11:30;0.49
20/11/2025 11:45;0.49
20/11/2025 12:00;0.49
20/11/2025 12:15;0.49
20/11/2025 12:30;0.49
20/11/2025 12:45;0.48
20/11/2025 13:00;0.46
20/11/2025 13:15;0.46
20/11/2025 13:30;0.46
20/11/2025 13:45;0.46
20/11/2025 14:00;0.48
20/11/2025 14:15;0.49
20/11/2025 14:30;0.49
20/11/2025 14:45;0.49
20/11/2025 15:00;0.49
20/11/2025 15:15;0.49
20/11/2025 15:30;0.49
20/11/2025 15:45;0.49
20/11/2025 16:00;0.48
20/11/2025 16:15;0.46
20/11/2025 16:30;0.46
20/11/2025 16:45;0.46
20/11/2025 17:00;0.47
20/11/2025 17:15;0.49
20/11/2025 17:30;0.49
20/11/2025 17:45;0.49
20/11/2025 18:00;0.49
20/11/2025 18:15;0.49
20/11/2025 18:30;0.49
20/11/2025 18:45;0.49
20/11/2025 19:00;0.49
20/11/2025 19:15;0.49
20/11/2025 19:30;0.49
20/11/2025 19:45;0.49
20/11/2025 20:00;0.49
20/11/2025 20:15;0.49
20/11/2025 20:30;0.49
20/11/2025 20:45;0.49
20/11/2025 21:00;0.49
20/11/2025 21:15;0.49
20/11/2025 21:30;0.49
20/11/2025 21:45;0.49
20/11/2025 22:00;0.49
20/11/2025 22:15;0.49
20/11/2025 22:30;0.49
20/11/2025 22:45;0.49
20/11/2025 23:00;0.49
20/11/2025 23:15;0.49
20/11/2025 23:30;0.49
20/11/2025 23:45;0.49
21/11/2025 00:00;0.49
21/11/2025 00:15;0.49
21/11/2025 00:30;0.49
21/11/2025 00:45;0.49
21/11/2025 01:00;0.49
21/11/2025 01:15;0.49
21/11/2025 01:30;0.49
21/11/2025 01:45;0.46
21/11/2025 02:00;0.46
21/11/2025 02:15;0.46
21/11/2025 02:30;0.46
21/11/2025 02:45;0.46
21/11/2025 03:00;0.46
21/11/2025 03:15;0.49
21/11/2025 03:30;0.49
21/11/2025 03:45;0.49
21/11/2025 04:00;0.49
21/11/2025 04:15;0.49
21/11/2025 04:30;0.49
21/11/2025 04:45;0.49
21/11/2025 05:00;0.49
21/11/2025 05:15;0.49
21/11/2025 05:30;0.49
21/11/2025 05:45;0.49
21/11/2025 06:00;0.49
21/11/2025 06:15;0.49
21/11/2025 06:30;0.49
21/11/2025 06:45;0.49
21/11/2025 07:00;0.49
21/11/2025 07:15;0.49
21/11/2025 07:30;0.51
21/11/2025 07:45;0.51
21/11/2025 08:00;0.51
21/11/2025 08:15;0.51
21/11/2025 08:30;0.49
21/11/2025 08:45;0.49
21/11/2025 09:00;0.5
21/11/2025 09:15;0.5
21/11/2025 09:30;0.49
21/11/2025 09:45;0.5
21/11/2025 10:00;0.5
21/11/2025 10:15;0.49
21/11/2025 10:30;0.49
21/11/2025 10:45;0.49
21/11/2025 11:00;0.49
21/11/2025 11:15;0.49
21/11/2025 11:30;0.49
21/11/2025 11:45;0.49
21/11/2025 12:00;0.49
21/11/2025 12:15;0.49
21/11/2025 12:30;0.49
21/11/2025 12:45;0.49
21/11/2025 13:00;0.49
21/11/2025 13:15;0.49
21/11/2025 13:30;0.49
21/11/2025 13:45;0.51
21/11/2025 14:00;0.5
21/11/2025 14:15;0.49
21/11/2025 14:30;0.49
21/11/2025 14:45;0.49
21/11/2025 15:00;0.49
21/11/2025 15:15;0.49
21/11/2025 15:30;0.5
21/11/2025 15:45;0.51
21/11/2025 16:00;0.5
21/11/2025 16:15;0.49
21/11/2025 16:30;0.49
21/11/2025 16:45;0.49
21/11/2025 17:00;0.49
21/11/2025 17:15;0.49
21/11/2025 17:30;0.49
21/11/2025 17:45;0.49
21/11/2025 18:00;0.49
21/11/2025 18:15;0.49
21/11/2025 18:30;0.49
21/11/2025 18:45;0.49
21/11/2025 19:00;0.48
21/11/2025 19:15;0.46
21/11/2025 19:30;0.46
21/11/2025 19:45;0.46
21/11/2025 20:00;0.48
21/11/2025 20:15;0.49
21/11/2025 20:30;0.49
21/11/2025 20:45;0.49
21/11/2025 21:00;0.49
21/11/2025 21:15;0.49
21/11/2025 21:30;0.49
21/11/2025 21:45;0.49
21/11/2025 22:00;0.49
21/11/2025 22:15;0.49
21/11/2025 22:30;0.47
21/11/2025 22:45;0.46
21/11/2025 23:00;0.46
21/11/2025 23:15;0.46
21/11/2025 23:30;0.46
21/11/2025 23:45;0.48
22/11/2025 00:00;0.49
22/11/2025 00:15;0.49
22/11/2025 00:30;0.49
22/11/2025 00:45;0.49
22/11/2025 01:00;0.49
22/11/2025 01:15;0.49
22/11/2025 01:30;0.49
22/11/2025 01:45;0.49
22/11/2025 02:00;0.49
22/11/2025 02:15;0.49
22/11/2025 02:30;0.49
22/11/2025 02:45;0.49
22/11/2025 03:00;0.47
22/11/2025 03:15;0.46
22/11/2025 03:30;0.46
22/11/2025 03:45;0.48
22/11/2025 04:00;0.49
22/11/2025 04:15;0.5
22/11/2025 04:30;0.51
22/11/2025 04:45;0.49
22/11/2025 05:00;0.49
22/11/2025 05:15;0.49
22/11/2025 05:30;0.49
22/11/2025 05:45;0.49
22/11/2025 06:00;0.49
22/11/2025 06:15;0.49
22/11/2025 06:30;0.49
22/11/2025 06:45;0.49
22/11/2025 07:00;0.48
22/11/2025 07:15;0.47
22/11/2025 07:30;0.48
22/11/2025 07:45;0.49
22/11/2025 08:00;0.49
22/11/2025 08:15;0.51
22/11/2025 08:30;0.51
22/11/2025 08:45;0.51
22/11/2025 09:00;0.49
22/11/2025 09:15;0.49
22/11/2025 09:30;0.49
22/11/2025 09:45;0.49
22/11/2025 10:00;0.49
22/11/2025 10:15;0.48
22/11/2025 10:30;0.46
22/11/2025 10:45;0.46
22/11/2025 11:00;0.46
22/11/2025 11:15;0.47
22/11/2025 11:30;0.49
22/11/2025 11:45;0.49
22/11/2025 12:00;0.51
22/11/2025 12:15;0.51
22/11/2025 12:30;0.5
22/11/2025 12:45;0.49
22/11/2025 13:00;0.49
22/11/2025 13:15;0.49
22/11/2025 13:30;0.49
22/11/2025 13:45;0.49
22/11/2025 14:00;0.49
22/11/2025 14:15;0.49
22/11/2025 14:30;0.49
22/11/2025 14:45;0.49
22/11/2025 15:00;0.49
22/11/2025 15:15;0.49
22/11/2025 15:30;0.49
22/11/2025 15:45;0.49
22/11/2025 16:00;0.51
22/11/2025 16:15;0.5
22/11/2025 16:30;0.49
22/11/2025 16:45;0.49
22/11/2025 17:00;0.49
22/11/2025 17:15;0.49
22/11/2025 17:30;0.49
22/11/2025 17:45;0.49
22/11/2025 18:00;0.49
22/11/2025 18:15;0.49
22/11/2025 18:30;0.49
22/11/2025 18:45;0.49
22/11/2025 19:00;0.49
22/11/2025 19:15;0.48
22/11/2025 19:30;0.49
22/11/2025 19:45;0.49
22/11/2025 20:00;0.51
22/11/2025 20:15;0.51
22/11/2025 20:30;0.51
22/11/2025 20:45;0.51
22/11/2025 21:00;0.51
22/11/2025 21:15;0.51
22/11/2025 21:30;0.51
22/11/2025 21:45;0.51
22/11/2025 22:00;0.51
22/11/2025 22:15;0.51
22/11/2025 22:30;0.51
22/11/2025 22:45;0.51
22/11/2025 23:00;0.51
22/11/2025 23:15;0.51
22/11/2025 23:30;0.51
22/11/2025 23:45;0.51
23/11/2025 00:00;0.51
23/11/2025 00:15;0.51
23/11/2025 00:30;0.51
23/11/2025 00:45;0.51
23/11/2025 01:00;0.51
23/11/2025 01:15;0.5
23/11/2025 01:30;0.49
23/11/2025 01:45;0.49
23/11/2025 02:00;0.49
23/11/2025 02:15;0.49
23/11/2025 02:30;0.49
23/11/2025 02:45;0.49
23/11/2025 03:00;0.49
23/11/2025 03:15;0.49
23/11/2025 03:30;0.51
23/11/2025 03:45;0.51
23/11/2025 04:00;0.51
23/11/2025 04:15;0.51
23/11/2025 04:30;0.51
23/11/2025 04:45;0.51
23/11/2025 05:00;0.51
23/11/2025 05:15;0.51
23/11/2025 05:30;0.51
23/11/2025 05:45;0.51
23/11/2025 06:00;0.51
23/11/2025 06:15;0.51
23/11/2025 06:30;0.51
23/11/2025 06:45;0.51
23/11/2025 07:00;0.51
23/11/2025 07:15;0.51
23/11/2025 07:30;0.51
23/11/2025 07:45;0.51
23/11/2025 08:00;0.51
23/11/2025 08:15;0.51
23/11/2025 08:30;0.51
23/11/2025 08:45;0.51
23/11/2025 09:00;0.51
23/11/2025 09:15;0.51
23/11/2025 09:30;0.51
23/11/2025 09:45;0.51
23/11/2025 10:00;0.51
23/11/2025 10:15;0.51
23/11/2025 10:30;0.51
23/11/2025 10:45;0.51
23/11/2025 11:00;0.51
23/11/2025 11:15;0.51
23/11/2025 11:30;0.51
23/11/2025 11:45;0.51
23/11/2025 12:00;0.51
23/11/2025 12:15;0.51
23/11/2025 12:30;0.51
23/11/2025 12:45;0.51
23/11/2025 13:00;0.51
23/11/2025 13:15;0.51
23/11/2025 13:30;0.51
23/11/2025 13:45;0.51
23/11/2025 14:00;0.51
23/11/2025 14:15;0.51
23/11/2025 14:30;0.51
23/11/2025 14:45;0.51
23/11/2025 15:00;0.51
23/11/2025 15:15;0.51
23/11/2025 15:30;0.51
23/11/2025 15:45;0.51
23/11/2025 16:00;0.51
23/11/2025 16:15;0.51
23/11/2025 16:30;0.51
23/11/2025 16:45;0.51
23/11/2025 17:00;0.51
23/11/2025 17:15;0.51
23/11/2025 17:30;0.51
23/11/2025 17:45;0.51
23/11/2025 18:00;0.51
23/11/2025 18:15;0.51
23/11/2025 18:30;0.51
23/11/2025 18:45;0.51
23/11/2025 19:00;0.51
23/11/2025 19:15;0.51
23/11/2025 19:30;0.51
23/11/2025 19:45;0.51
23/11/2025 20:00;0.51
23/11/2025 20:15;0.51
23/11/2025 20:30;0.51
23/11/2025 20:45;0.51
23/11/2025 21:00;0.51
23/11/2025 21:15;0.51
23/11/2025 21:30;0.51
23/11/2025 21:45;0.51
23/11/2025 22:00;0.51
23/11/2025 22:15;0.51
23/11/2025 22:30;0.51
23/11/2025 22:45;0.51
23/11/2025 23:00;0.51
23/11/2025 23:15;0.51
23/11/2025 23:30;0.51
23/11/2025 23:45;0.51
24/11/2025 00:00;0.51
24/11/2025 00:15;0.49
24/11/2025 00:30;0.49
24/11/2025 00:45;0.49
24/11/2025 01:00;0.49
24/11/2025 01:15;0.49
24/11/2025 01:30;0.49
24/11/2025 01:45;0.5
24/11/2025 02:00;0.51
24/11/2025 02:15;0.51
24/11/2025 02:30;0.51
24/11/2025 02:45;0.51
24/11/2025 03:00;0.51
24/11/2025 03:15;0.51
24/11/2025 03:30;0.51
24/11/2025 03:45;0.51
24/11/2025 04:00;0.51
24/11/2025 04:15;0.51
24/11/2025 04:30;0.49
24/11/2025 04:45;0.49
24/11/2025 05:00;0.49
24/11/2025 05:15;0.49
24/11/2025 05:30;0.49
24/11/2025 05:45;0.5
24/11/2025 06:00;0.51
24/11/2025 06:15;0.51
24/11/2025 06:30;0.51
24/11/2025 06:45;0.51
24/11/2025 07:00;0.51
24/11/2025 07:15;0.51
24/11/2025 07:30;0.51
24/11/2025 07:45;0.51
24/11/2025 08:00;0.51
24/11/2025 08:15;0.51
24/11/2025 08:30;0.5
24/11/2025 08:45;0.49
24/11/2025 09:00;0.49
24/11/2025 09:15;0.49
24/11/2025 09:30;0.5
24/11/2025 09:45;0.51
24/11/2025 10:00;0.51
24/11/2025 10:15;0.51
24/11/2025 10:30;0.51
24/11/2025 10:45;0.51
24/11/2025 11:00;0.51
24/11/2025 11:15;0.51
24/11/2025 11:30;0.51
24/11/2025 11:45;0.5
24/11/2025 12:00;0.49
24/11/2025 12:15;0.49
24/11/2025 12:30;0.49
24/11/2025 12:45;0.49
24/11/2025 13:00;0.49
24/11/2025 13:15;0.5
24/11/2025 13:30;0.51
24/11/2025 13:45;0.51
24/11/2025 14:00;0.51
24/11/2025 14:15;0.51
24/11/2025 14:30;0.51
24/11/2025 14:45;0.51
24/11/2025 15:00;0.51
24/11/2025 15:15;0.51
24/11/2025 15:30;0.51
24/11/2025 15:45;0.51
24/11/2025 16:00;0.51
24/11/2025 16:15;0.51
24/11/2025 16:30;0.51
24/11/2025 16:45;0.51
24/11/2025 17:00;0.5
24/11/2025 17:15;0.49
24/11/2025 17:30;0.49
24/11/2025 17:45;0.49
24/11/2025 18:00;0.49
24/11/2025 18:15;0.49
24/11/2025 18:30;0.49
24/11/2025 18:45;0.51
24/11/2025 19:00;0.51
24/11/2025 19:15;0.51
24/11/2025 19:30;0.51
24/11/2025 19:45;0.51
24/11/2025 20:00;0.51
24/11/2025 20:15;0.49
24/11/2025 20:30;0.51
24/11/2025 20:45;0.51
24/11/2025 21:00;0.51
24/11/2025 21:15;0.51
24/11/2025 21:30;0.49
24/11/2025 21:45;0.49
24/11/2025 22:00;0.51
24/11/2025 22:15;0.51
24/11/2025 22:30;0.49
24/11/2025 22:45;0.49
24/11/2025 23:00;0.49
24/11/2025 23:15;0.49
24/11/2025 23:30;0.49
24/11/2025 23:45;0.5
25/11/2025 00:00;0.51
25/11/2025 00:15;0.51
25/11/2025 00:30;0.51
25/11/2025 00:45;0.51
25/11/2025 01:00;0.51
25/11/2025 01:15;0.51
25/11/2025 01:30;0.51
25/11/2025 01:45;0.5
25/11/2025 02:00;0.49
25/11/2025 02:15;0.49
25/11/2025 02:30;0.49
25/11/2025 02:45;0.49
25/11/2025 03:00;0.49
25/11/2025 03:15;0.51
25/11/2025 03:30;0.51
25/11/2025 03:45;0.51
25/11/2025 04:00;0.52
25/11/2025 04:15;0.52
25/11/2025 04:30;0.51
25/11/2025 04:45;0.51
25/11/2025 05:00;0.51
25/11/2025 05:15;0.51
25/11/2025 05:30;0.51
25/11/2025 05:45;0.51
25/11/2025 06:00;0.51
25/11/2025 06:15;0.51
25/11/2025 06:30;0.51
25/11/2025 06:45;0.51
25/11/2025 07:00;0.51
25/11/2025 07:15;0.51
25/11/2025 07:30;0.51
25/11/2025 07:45;0.51
25/11/2025 08:00;0.51
25/11/2025 08:15;0.52
25/11/2025 08:30;0.52
25/11/2025 08:45;0.52
25/11/2025 09:00;0.52
25/11/2025 09:15;0.52
25/11/2025 09:30;0.52
25/11/2025 09:45;0.51
25/11/2025 10:00;0.51
25/11/2025 10:15;0.51
25/11/2025 10:30;0.51
25/11/2025 10:45;0.51
25/11/2025 11:00;0.51
25/11/2025 11:15;0.51
25/11/2025 11:30;0.51
25/11/2025 11:45;0.51
25/11/2025 12:00;0.51
25/11/2025 12:15;0.52
25/11/2025 12:30;0.52
25/11/2025 12:45;0.52
25/11/2025 13:00;0.52
25/11/2025 13:15;0.52
25/11/2025 13:30;0.52
25/11/2025 13:45;0.52
25/11/2025 14:00;0.52
25/11/2025 14:15;0.52
25/11/2025 14:30;0.52
25/11/2025 14:45;0.52
25/11/2025 15:00;0.52
25/11/2025 15:15;0.52
25/11/2025 15:30;0.52
25/11/2025 15:45;0.52
25/11/2025 16:00;0.52
25/11/2025 16:15;0.52
25/11/2025 16:30;0.52
25/11/2025 16:45;0.52
25/11/2025 17:00;0.52
25/11/2025 17:15;0.52
25/11/2025 17:30;0.52
25/11/2025 17:45;0.52
25/11/2025 18:00;0.52
25/11/2025 18:15;0.52
25/11/2025 18:30;0.52
25/11/2025 18:45;0.52
25/11/2025 19:00;0.52
25/11/2025 19:15;0.52
25/11/2025 19:30;0.52
25/11/2025 19:45;0.52
25/11/2025 20:00;0.52
25/11/2025 20:15;0.52
25/11/2025 20:30;0.52
25/11/2025 20:45;0.52
25/11/2025 21:00;0.52
25/11/2025 21:15;0.52
25/11/2025 21:30;0.52
25/11/2025 21:45;0.52
25/11/2025 22:00;0.52
25/11/2025 22:15;0.52
25/11/2025 22:30;0.52
25/11/2025 22:45;0.52
25/11/2025 23:00;0.52
25/11/2025 23:15;0.52
25/11/2025 23:30;0.52
25/11/2025 23:45;0.52
26/11/2025 00:00;0.52
26/11/2025 00:15;0.52
26/11/2025 00:30;0.52
26/11/2025 00:45;0.52
26/11/2025 01:00;0.52
26/11/2025 01:15;0.52
26/11/2025 01:30;0.52
26/11/2025 01:45;0.52
26/11/2025 02:00;0.52
26/11/2025 02:15;0.51
26/11/2025 02:30;0.51
26/11/2025 02:45;0.51
26/11/2025 03:00;0.52
26/11/2025 03:15;0.52
26/11/2025 03:30;0.52
26/11/2025 03:45;0.52
26/11/2025 04:00;0.52
26/11/2025 04:15;0.52
26/11/2025 04:30;0.52
26/11/2025 04:45;0.52
26/11/2025 05:00;0.52
26/11/2025 05:15;0.51
26/11/2025 05:30;0.51
26/11/2025 05:45;0.51
26/11/2025 06:00;0.51
26/11/2025 06:15;0.51
26/11/2025 06:30;0.52
26/11/2025 06:45;0.52
26/11/2025 07:00;0.52
26/11/2025 07:15;0.52
26/11/2025 07:30;0.52
26/11/2025 07:45;0.52
26/11/2025 08:00;0.52
26/11/2025 08:15;0.52
26/11/2025 08:30;0.54
26/11/2025 08:45;0.55
26/11/2025 09:00;0.55
26/11/2025 09:15;0.55
26/11/2025 09:30;0.55
26/11/2025 09:45;0.54
26/11/2025 10:00;0.52
26/11/2025 10:15;0.52
26/11/2025 10:30;0.52
26/11/2025 10:45;0.52
26/11/2025 11:00;0.52
26/11/2025 11:15;0.52
26/11/2025 11:30;0.52
26/11/2025 11:45;0.52
26/11/2025 12:00;0.52
26/11/2025 12:15;0.52
26/11/2025 12:30;0.51
26/11/2025 12:45;0.51
26/11/2025 13:00;0.52
26/11/2025 13:15;0.52
26/11/2025 13:30;0.54
26/11/2025 13:45;0.52
26/11/2025 14:00;0.52
26/11/2025 14:15;0.52
26/11/2025 14:30;0.52
26/11/2025 14:45;0.54
26/11/2025 15:00;0.54
26/11/2025 15:15;0.52
26/11/2025 15:30;0.52
26/11/2025 15:45;0.52
26/11/2025 16:00;0.51
26/11/2025 16:15;0.51
26/11/2025 16:30;0.52
26/11/2025 16:45;0.52
26/11/2025 17:00;0.52
26/11/2025 17:15;0.55
26/11/2025 17:30;0.55
26/11/2025 17:45;0.55
26/11/2025 18:00;0.54
26/11/2025 18:15;0.52
26/11/2025 18:30;0.52
26/11/2025 18:45;0.52
26/11/2025 19:00;0.52
26/11/2025 19:15;0.52
26/11/2025 19:30;0.52
26/11/2025 19:45;0.52
26/11/2025 20:00;0.52
26/11/2025 20:15;0.52
26/11/2025 20:30;0.52
26/11/2025 20:45;0.52
26/11/2025 21:00;0.52
26/11/2025 21:15;0.54
26/11/2025 21:30;0.55
26/11/2025 21:45;0.55
26/11/2025 22:00;0.55
26/11/2025 22:15;0.55
26/11/2025 22:30;0.54
26/11/2025 22:45;0.52
26/11/2025 23:00;0.52
26/11/2025 23:15;0.52
26/11/2025 23:30;0.52
26/11/2025 23:45;0.52
27/11/2025 00:00;0.52
27/11/2025 00:15;0.55
27/11/2025 00:30;0.55
27/11/2025 00:45;0.55
27/11/2025 01:00;0.55
27/11/2025 01:15;0.55
27/11/2025 01:30;0.55
27/11/2025 01:45;0.55
27/11/2025 02:00;0.55
27/11/2025 02:15;0.55
27/11/2025 02:30;0.55
27/11/2025 02:45;0.55
27/11/2025 03:00;0.55
27/11/2025 03:15;0.55
27/11/2025 03:30;0.55
27/11/2025 03:45;0.55
27/11/2025 04:00;0.55
27/11/2025 04:15;0.55
27/11/2025 04:30;0.55
27/11/2025 04:45;0.55
27/11/2025 05:00;0.55
27/11/2025 05:15;0.55
27/11/2025 05:30;0.55
27/11/2025 05:45;0.55
27/11/2025 06:00;0.55
27/11/2025 06:15;0.52
27/11/2025 06:30;0.52
27/11/2025 06:45;0.52
27/11/2025 07:00;0.52
27/11/2025 07:15;0.54
27/11/2025 07:30;0.55
27/11/2025 07:45;0.55
27/11/2025 08:00;0.55
27/11/2025 08:15;0.55
27/11/2025 08:30;0.55
27/11/2025 08:45;0.55
27/11/2025 09:00;0.55
27/11/2025 09:15;0.55
27/11/2025 09:30;0.55
27/11/2025 09:45;0.55
27/11/2025 10:00;0.55
27/11/2025 10:15;0.55
27/11/2025 10:30;0.55
27/11/2025 10:45;0.55
27/11/2025 11:00;0.55
27/11/2025 11:15;0.55
27/11/2025 11:30;0.55
27/11/2025 11:45;0.55
27/11/2025 12:00;0.55
27/11/2025 12:15;0.55
27/11/2025 12:30;0.55
27/11/2025 12:45;0.55
27/11/2025 13:00;0.55
27/11/2025 13:15;0.55
27/11/2025 13:30;0.55
27/11/2025 13:45;0.55
27/11/2025 14:00;0.55
27/11/2025 14:15;0.55
27/11/2025 14:30;0.55
27/11/2025 14:45;0.54
27/11/2025 15:00;0.52
27/11/2025 15:15;0.52
27/11/2025 15:30;0.52
27/11/2025 15:45;0.52
27/11/2025 16:00;0.52
27/11/2025 16:15;0.55
27/11/2025 16:30;0.55
27/11/2025 16:45;0.55
27/11/2025 17:00;0.55
27/11/2025 17:15;0.55
27/11/2025 17:30;0.55
27/11/2025 17:45;0.55
27/11/2025 18:00;0.55
27/11/2025 18:15;0.55
27/11/2025 18:30;0.57
27/11/2025 18:45;0.56
27/11/2025 19:00;0.55
27/11/2025 19:15;0.55
27/11/2025 19:30;0.54
27/11/2025 19:45;0.52
27/11/2025 20:00;0.55
27/11/2025 20:15;0.55
27/11/2025 20:30;0.55
27/11/2025 20:45;0.55
27/11/2025 21:00;0.55
27/11/2025 21:15;0.55
27/11/2025 21:30;0.55
27/11/2025 21:45;0.55
27/11/2025 22:00;0.55
27/11/2025 22:15;0.55
27/11/2025 22:30;0.52
27/11/2025 22:45;0.52
27/11/2025 23:00;0.52
27/11/2025 23:15;0.52
27/11/2025 23:30;0.52
27/11/2025 23:45;0.54
28/11/2025 00:00;0.55
28/11/2025 00:15;0.55
28/11/2025 00:30;0.55
28/11/2025 00:45;0.55
28/11/2025 01:00;0.55
28/11/2025 01:15;0.55
28/11/2025 01:30;0.55
28/11/2025 01:45;0.55
28/11/2025 02:00;0.55
28/11/2025 02:15;0.55
28/11/2025 02:30;0.55
28/11/2025 02:45;0.54
28/11/2025 03:00;0.52
28/11/2025 03:15;0.52
28/11/2025 03:30;0.52
28/11/2025 03:45;0.54
28/11/2025 04:00;0.55
28/11/2025 04:15;0.55
28/11/2025 04:30;0.55
28/11/2025 04:45;0.55
28/11/2025 05:00;0.55
28/11/2025 05:15;0.55
28/11/2025 05:30;0.55
28/11/2025 05:45;0.55
28/11/2025 06:00;0.55
28/11/2025 06:15;0.55
28/11/2025 06:30;0.55
28/11/2025 06:45;0.55
28/11/2025 07:00;0.54
28/11/2025 07:15;0.52
28/11/2025 07:30;0.52
28/11/2025 07:45;0.55
28/11/2025 08:00;0.55
28/11/2025 08:15;0.55
28/11/2025 08:30;0.55
28/11/2025 08:45;0.55
28/11/2025 09:00;0.55
28/11/2025 09:15;0.55
28/11/2025 09:30;0.55
28/11/2025 09:45;0.55
28/11/2025 10:00;0.55
28/11/2025 10:15;0.54
28/11/2025 10:30;0.52
28/11/2025 10:45;0.52
28/11/2025 11:00;0.52
28/11/2025 11:15;0.52
28/11/2025 11:30;0.55
28/11/2025 11:45;0.55
28/11/2025 12:00;0.55
28/11/2025 12:15;0.55
28/11/2025 12:30;0.55
28/11/2025 12:45;0.55
28/11/2025 13:00;0.55
28/11/2025 13:15;0.55
28/11/2025 13:30;0.55
28/11/2025 13:45;0.55
28/11/2025 14:00;0.55
28/11/2025 14:15;0.55
28/11/2025 14:30;0.52
28/11/2025 14:45;0.65
28/11/2025 15:00;5.57
28/11/2025 15:15;7.35
28/11/2025 15:30;7.24
28/11/2025 15:45;7.11
28/11/2025 16:00;7.15
28/11/2025 16:15;7.18
28/11/2025 16:30;7.2
28/11/2025 16:45;7.21
28/11/2025 17:00;7.21
28/11/2025 17:15;7.21
28/11/2025 17:30;7.2
28/11/2025 17:45;7.21
28/11/2025 18:00;7.22
28/11/2025 18:15;8.03
28/11/2025 18:30;9.8
28/11/2025 18:45;10.07
28/11/2025 19:00;10.18
28/11/2025 19:15;10.22
28/11/2025 19:30;10.29
28/11/2025 19:45;10.31
28/11/2025 20:00;10.29
28/11/2025 20:15;10.32
28/11/2025 20:30;10.31
28/11/2025 20:45;10.31
28/11/2025 21:00;10.3
28/11/2025 21:15;10.31
28/11/2025 21:30;10.29
28/11/2025 21:45;10.26
28/11/2025 22:00;10.24
28/11/2025 22:15;10.25
28/11/2025 22:30;10.27
28/11/2025 22:45;10.26
28/11/2025 23:00;10.27
28/11/2025 23:15;10.3
28/11/2025 23:30;10.3
28/11/2025 23:45;10.3
29/11/2025 00:00;10.32
29/11/2025 00:15;10.29
29/11/2025 00:30;10.31
29/11/2025 00:45;10.28
29/11/2025 01:00;10.27
29/11/2025 01:15;10.28
29/11/2025 01:30;10.29
29/11/2025 01:45;10.28
29/11/2025 02:00;10.25
29/11/2025 02:15;10.22
29/11/2025 02:30;10.24
29/11/2025 02:45;10.24
29/11/2025 03:00;10.25
29/11/2025 03:15;10.24
29/11/2025 03:30;10.27
29/11/2025 03:45;10.27
29/11/2025 04:00;10.27
29/11/2025 04:15;10.29
29/11/2025 04:30;10.3
29/11/2025 04:45;10.3
29/11/2025 05:00;10.3
29/11/2025 05:15;10.3
29/11/2025 05:30;10.31
29/11/2025 05:45;10.3
29/11/2025 06:00;10.3
29/11/2025 06:15;10.27
29/11/2025 06:30;10.28
29/11/2025 06:45;10.28
29/11/2025 07:00;10.25
29/11/2025 07:15;10.25
29/11/2025 07:30;10.25
29/11/2025 07:45;10.27
29/11/2025 08:00;10.28
29/11/2025 08:15;10.28
29/11/2025 08:30;10.28
29/11/2025 08:45;10.29
29/11/2025 09:00;10.28
29/11/2025 09:15;10.29
29/11/2025 09:30;10.3
29/11/2025 09:45;10.27
29/11/2025 10:00;10.26
29/11/2025 10:15;10.26
29/11/2025 10:30;10.25
29/11/2025 10:45;10.24
29/11/2025 11:00;10.25
29/11/2025 11:15;10.25
29/11/2025 11:30;10.25
29/11/2025 11:45;10.28
29/11/2025 12:00;10.29
29/11/2025 12:15;10.29
29/11/2025 12:30;10.27
29/11/2025 12:45;10.28
29/11/2025 13:00;10.27
29/11/2025 13:15;10.27
29/11/2025 13:30;10.29
29/11/2025 13:45;10.32
29/11/2025 14:00;10.32
29/11/2025 14:15;10.32
29/11/2025 14:30;10.31
29/11/2025 14:45;10.32
29/11/2025 15:00;10.32
29/11/2025 15:15;10.32
29/11/2025 15:30;10.3
29/11/2025 15:45;10.3
29/11/2025 16:00;10.29
29/11/2025 16:15;10.29
29/11/2025 16:30;10.32
29/11/2025 16:45;10.33
29/11/2025 17:00;10.32
29/11/2025 17:15;10.32
29/11/2025 17:30;10.33
29/11/2025 17:45;10.31
29/11/2025 18:00;10.33
29/11/2025 18:15;10.32
29/11/2025 18:30;10.32
29/11/2025 18:45;10.32
29/11/2025 19:00;10.31
29/11/2025 19:15;10.3
29/11/2025 19:30;10.3
29/11/2025 19:45;10.29
29/11/2025 20:00;10.29
29/11/2025 20:15;10.31
29/11/2025 20:30;10.32
29/11/2025 20:45;10.33
29/11/2025 21:00;10.33
29/11/2025 21:15;10.34
29/11/2025 21:30;10.32
29/11/2025 21:45;10.32
29/11/2025 22:00;10.29
29/11/2025 22:15;10.28
29/11/2025 22:30;10.29
29/11/2025 22:45;10.34
29/11/2025 23:00;10.34
29/11/2025 23:15;10.34
29/11/2025 23:30;10.32
29/11/2025 23:45;10.33
30/11/2025 00:00;10.33
30/11/2025 00:15;10.31
30/11/2025 00:30;10.3
30/11/2025 00:45;10.3
30/11/2025 01:00;10.31
30/11/2025 01:15;10.31
30/11/2025 01:30;10.3
30/11/2025 01:45;10.3
30/11/2025 02:00;10.31
30/11/2025 02:15;10.29
30/11/2025 02:30;10.29
30/11/2025 02:45;10.3
30/11/2025 03:00;10.31
30/11/2025 03:15;10.31
30/11/2025 03:30;10.32
30/11/2025 03:45;10.3
30/11/2025 04:00;10.33
30/11/2025 04:15;10.33
30/11/2025 04:30;10.33
30/11/2025 04:45;10.33
30/11/2025 05:00;10.34
30/11/2025 05:15;10.35
30/11/2025 05:30;10.33
30/11/2025 05:45;10.32
30/11/2025 06:00;10.33
30/11/2025 06:15;10.34
30/11/2025 06:30;10.34
30/11/2025 06:45;10.33
30/11/2025 07:00;10.34
30/11/2025 07:15;10.35
30/11/2025 07:30;10.33
30/11/2025 07:45;10.32
30/11/2025 08:00;10.32
30/11/2025 08:15;10.32
30/11/2025 08:30;10.34
30/11/2025 08:45;10.33
30/11/2025 09:00;10.31
30/11/2025 09:15;10.33
30/11/2025 09:30;10.32
30/11/2025 09:45;10.33
30/11/2025 10:00;10.33
30/11/2025 10:15;10.32
30/11/2025 10:30;10.35
30/11/2025 10:45;10.34
30/11/2025 11:00;10.36
30/11/2025 11:15;10.33
30/11/2025 11:30;10.35
30/11/2025 11:45;10.32
30/11/2025 12:00;10.35
30/11/2025 12:15;10.34
30/11/2025 12:30;10.34
30/11/2025 12:45;10.34
30/11/2025 13:00;10.35
30/11/2025 13:15;10.34
30/11/2025 13:30;10.35
30/11/2025 13:45;10.31
30/11/2025 14:00;10.29
30/11/2025 14:15;10.28
30/11/2025 14:30;10.26
30/11/2025 14:45;10.3
30/11/2025 15:00;10.3
30/11/2025 15:15;10.33
30/11/2025 15:30;10.32
30/11/2025 15:45;10.34
30/11/2025 16:00;10.32
30/11/2025 16:15;10.32
30/11/2025 16:30;10.31
30/11/2025 16:45;10.28
30/11/2025 17:00;10.29
30/11/2025 17:15;10.27
30/11/2025 17:30;10.32
30/11/2025 17:45;10.27
30/11/2025 18:00;10.22
30/11/2025 18:15;10.27
30/11/2025 18:30;10.27
30/11/2025 18:45;10.3
30/11/2025 19:00;10.33
30/11/2025 19:15;10.33
30/11/2025 19:30;10.35
30/11/2025 19:45;10.35
30/11/2025 20:00;10.34
30/11/2025 20:15;10.35
30/11/2025 20:30;10.33
30/11/2025 20:45;10.31
30/11/2025 21:00;10.33
30/11/2025 21:15;10.34
30/11/2025 21:30;10.35
30/11/2025 21:45;10.34
30/11/2025 22:00;10.34
30/11/2025 22:15;12.24
30/11/2025 22:30;14.26
30/11/2025 22:45;14.47
30/11/2025 23:00;14.69
30/11/2025 23:15;14.67
30/11/2025 23:30;14.55
30/11/2025 23:45;14.51
01/12/2025 00:00;14.51
01/12/2025 00:15;14.47
01/12/2025 00:30;14.52
01/12/2025 00:45;14.7
01/12/2025 01:00;14.76
01/12/2025 01:15;14.78
01/12/2025 01:30;14.79
01/12/2025 01:45;14.78
01/12/2025 02:00;14.81
01/12/2025 02:15;14.82
01/12/2025 02:30;14.82
01/12/2025 02:45;14.79
01/12/2025 03:00;14.79
01/12/2025 03:15;14.81
01/12/2025 03:30;14.79
01/12/2025 03:45;14.79
01/12/2025 04:00;14.76
01/12/2025 04:15;14.8
01/12/2025 04:30;14.76
01/12/2025 04:45;14.82
01/12/2025 05:00;14.82
01/12/2025 05:15;14.76
01/12/2025 05:30;14.75
01/12/2025 05:45;14.75
01/12/2025 06:00;14.75
01/12/2025 06:15;14.76
01/12/2025 06:30;14.76
01/12/2025 06:45;14.81
01/12/2025 07:00;14.8
01/12/2025 07:15;14.76
01/12/2025 07:30;14.81
01/12/2025 07:45;14.8
01/12/2025 08:00;14.82
01/12/2025 08:15;14.79
01/12/2025 08:30;14.81
01/12/2025 08:45;14.82
01/12/2025 09:00;14.75
01/12/2025 09:15;14.78
01/12/2025 09:30;14.75
01/12/2025 09:45;14.72
01/12/2025 10:00;14.75
01/12/2025 10:15;14.71
01/12/2025 10:30;14.75
01/12/2025 10:45;14.78
01/12/2025 11:00;14.78
01/12/2025 11:15;14.76
01/12/2025 11:30;14.8
01/12/2025 11:45;14.79
01/12/2025 12:00;14.75
01/12/2025 12:15;14.75
01/12/2025 12:30;14.76
01/12/2025 12:45;14.79
01/12/2025 13:00;14.79
01/12/2025 13:15;14.79
01/12/2025 13:30;14.78
01/12/2025 13:45;14.8
01/12/2025 14:00;14.76
01/12/2025 14:15;14.76
01/12/2025 14:30;14.79
01/12/2025 14:45;14.79
01/12/2025 15:00;14.78
01/12/2025 15:15;14.8
01/12/2025 15:30;14.78
01/12/2025 15:45;14.79
01/12/2025 16:00;14.82
01/12/2025 16:15;14.81
01/12/2025 16:30;14.81
01/12/2025 16:45;14.83
01/12/2025 17:00;14.81
01/12/2025 17:15;14.79
01/12/2025 17:30;14.83
01/12/2025 17:45;14.81
01/12/2025 18:00;14.8
01/12/2025 18:15;14.83
01/12/2025 18:30;14.79
01/12/2025 18:45;14.77
01/12/2025 19:00;14.74
01/12/2025 19:15;14.75
01/12/2025 19:30;14.72
01/12/2025 19:45;14.78
01/12/2025 20:00;14.76
01/12/2025 20:15;14.76
01/12/2025 20:30;14.78
01/12/2025 20:45;14.79
01/12/2025 21:00;14.78
01/12/2025 21:15;14.74
01/12/2025 21:30;14.79
01/12/2025 21:45;14.77
01/12/2025 22:00;14.79
01/12/2025 22:15;14.36
01/12/2025 22:30;12.65
01/12/2025 22:45;12.5
01/12/2025 23:00;12.34
01/12/2025 23:15;12.29
01/12/2025 23:30;12.2
01/12/2025 23:45;12.14
02/12/2025 00:00;12.15
02/12/2025 00:15;12.12
02/12/2025 00:30;12.1
02/12/2025 00:45;12.13
02/12/2025 01:00;12.13
02/12/2025 01:15;12.12
02/12/2025 01:30;12.12
02/12/2025 01:45;12.17
02/12/2025 02:00;12.14
02/12/2025 02:15;12.15
02/12/2025 02:30;12.16
02/12/2025 02:45;12.14
02/12/2025 03:00;12.12
02/12/2025 03:15;12.13
02/12/2025 03:30;12.15
02/12/2025 03:45;12.15
02/12/2025 04:00;12.14
02/12/2025 04:15;12.16
02/12/2025 04:30;12.15
02/12/2025 04:45;12.12
02/12/2025 05:00;12.11
02/12/2025 05:15;12.11
02/12/2025 05:30;12.1
02/12/2025 05:45;12.12
02/12/2025 06:00;12.15
02/12/2025 06:15;12.13
02/12/2025 06:30;12.12
02/12/2025 06:45;12.14
02/12/2025 07:00;12.17
02/12/2025 07:15;12.15
02/12/2025 07:30;12.16
02/12/2025 07:45;12.13
02/12/2025 08:00;12.12
02/12/2025 08:15;12.16
02/12/2025 08:30;12.16
02/12/2025 08:45;12.19
02/12/2025 09:00;12.15
02/12/2025 09:15;12.14
02/12/2025 09:30;12.17
02/12/2025 09:45;12.16
02/12/2025 10:00;12.19
02/12/2025 10:15;12.17
02/12/2025 10:30;12.16
02/12/2025 10:45;12.16
02/12/2025 11:00;12.16
02/12/2025 11:15;12.17
02/12/2025 11:30;12.17
02/12/2025 11:45;12.13
02/12/2025 12:00;12.17
02/12/2025 12:15;12.17
02/12/2025 12:30;12.11
02/12/2025 12:45;12.17
02/12/2025 13:00;12.16
02/12/2025 13:15;12.15
02/12/2025 13:30;12.14
02/12/2025 13:45;12.14
02/12/2025 14:00;12.14
02/12/2025 14:15;12.15
02/12/2025 14:30;12.12
02/12/2025 14:45;12.16
02/12/2025 15:00;12.18
02/12/2025 15:15;12.2
02/12/2025 15:30;12.19
02/12/2025 15:45;12.16
02/12/2025 16:00;12.17
02/12/2025 16:15;12.16
02/12/2025 16:30;12.16
02/12/2025 16:45;12.15
02/12/2025 17:00;12.15
02/12/2025 17:15;12.17
02/12/2025 17:30;12.15
02/12/2025 17:45;12.16
02/12/2025 18:00;12.12
02/12/2025 18:15;12.15
02/12/2025 18:30;12.14
02/12/2025 18:45;12.13
02/12/2025 19:00;12.14
02/12/2025 19:15;12.16
02/12/2025 19:30;12.16
02/12/2025 19:45;12.18
02/12/2025 20:00;12.17
02/12/2025 20:15;12.13
02/12/2025 20:30;12.16
02/12/2025 20:45;12.16
02/12/2025 21:00;12.16
02/12/2025 21:15;12.17
02/12/2025 21:30;12.16
02/12/2025 21:45;12.15
02/12/2025 22:00;12.16
02/12/2025 22:15;12.12
02/12/2025 22:30;12.14
02/12/2025 22:45;12.14
02/12/2025 23:00;12.14
02/12/2025 23:15;12.13
02/12/2025 23:30;12.15
02/12/2025 23:45;12.16
03/12/2025 00:00;12.15
03/12/2025 00:15;12.16
03/12/2025 00:30;12.17
03/12/2025 00:45;12.17
03/12/2025 01:00;12.15
03/12/2025 01:15;12.15
03/12/2025 01:30;12.14
03/12/2025 01:45;12.14
03/12/2025 02:00;12.13
03/12/2025 02:15;12.11
03/12/2025 02:30;12.11
03/12/2025 02:45;12.12
03/12/2025 03:00;12.13
03/12/2025 03:15;12.13
03/12/2025 03:30;12.16
03/12/2025 03:45;12.17
03/12/2025 04:00;12.14
03/12/2025 04:15;12.16
03/12/2025 04:30;12.15
03/12/2025 04:45;12.16
03/12/2025 05:00;12.15
03/12/2025 05:15;12.14
03/12/2025 05:30;12.15
03/12/2025 05:45;12.14
03/12/2025 06:00;12.15
03/12/2025 06:15;12.14
03/12/2025 06:30;12.16
03/12/2025 06:45;12.14
03/12/2025 07:00;12.12
03/12/2025 07:15;12.13
03/12/2025 07:30;12.12
03/12/2025 07:45;12.12
03/12/2025 08:00;12.11
03/12/2025 08:15;12.12
03/12/2025 08:30;12.12
03/12/2025 08:45;12.15
03/12/2025 09:00;12.13
03/12/2025 09:15;12.15
03/12/2025 09:30;12.15
03/12/2025 09:45;12.14
03/12/2025 10:00;12.13
03/12/2025 10:15;12.15
03/12/2025 10:30;12.14
03/12/2025 10:45;12.12
03/12/2025 11:00;12.14
03/12/2025 11:15;12.13
03/12/2025 11:30;12.1
03/12/2025 11:45;12.1
03/12/2025 12:00;12.09
03/12/2025 12:15;12.1
03/12/2025 12:30;12.12
03/12/2025 12:45;12.11
03/12/2025 13:00;12.15
03/12/2025 13:15;12.15
03/12/2025 13:30;12.12
03/12/2025 13:45;12.13
03/12/2025 14:00;12.13
03/12/2025 14:15;12.15
03/12/2025 14:30;12.15
03/12/2025 14:45;12.11
03/12/2025 15:00;12.11
03/12/2025 15:15;12.09
03/12/2025 15:30;12.09
03/12/2025 15:45;12.1
03/12/2025 16:00;12.11
03/12/2025 16:15;12.11
03/12/2025 16:30;12.13
03/12/2025 16:45;12.14
03/12/2025 17:00;12.13
03/12/2025 17:15;12.12
03/12/2025 17:30;12.15
03/12/2025 17:45;12.14
03/12/2025 18:00;12.12
03/12/2025 18:15;12.13
03/12/2025 18:30;12.1
03/12/2025 18:45;12.1
03/12/2025 19:00;12.12
03/12/2025 19:15;12.08
03/12/2025 19:30;12.08
03/12/2025 19:45;12.11
03/12/2025 20:00;12.1
03/12/2025 20:15;12.09
03/12/2025 20:30;12.12
03/12/2025 20:45;12.13
03/12/2025 21:00;12.14
03/12/2025 21:15;12.13
03/12/2025 21:30;12.12
03/12/2025 21:45;12.12
03/12/2025 22:00;12.13
03/12/2025 22:15;12.12
03/12/2025 22:30;12.11
03/12/2025 22:45;12.12
03/12/2025 23:00;12.11
03/12/2025 23:15;12.13
03/12/2025 23:30;12.1
03/12/2025 23:45;12.1
04/12/2025 00:00;12.07
04/12/2025 00:15;12.08
04/12/2025 00:30;12.1
04/12/2025 00:45;12.12
04/12/2025 01:00;12.11
04/12/2025 01:15;12.13
04/12/2025 01:30;12.13
04/12/2025 01:45;12.12
04/12/2025 02:00;12.09
04/12/2025 02:15;12.12
04/12/2025 02:30;12.1
04/12/2025 02:45;12.11
04/12/2025 03:00;12.11
04/12/2025 03:15;12.1
04/12/2025 03:30;12.11
04/12/2025 03:45;12.06
04/12/2025 04:00;12.07
04/12/2025 04:15;12.06
04/12/2025 04:30;12.06
04/12/2025 04:45;12.09
04/12/2025 05:00;12.13
04/12/2025 05:15;12.11
04/12/2025 05:30;12.1
04/12/2025 05:45;12.08
04/12/2025 06:00;12.07
04/12/2025 06:15;12.08
04/12/2025 06:30;12.08
04/12/2025 06:45;12.09
04/12/2025 07:00;12.1
04/12/2025 07:15;12.1
04/12/2025 07:30;12.1
04/12/2025 07:45;12.07
04/12/2025 08:00;12.07
04/12/2025 08:15;12.08
04/12/2025 08:30;12.11
04/12/2025 08:45;12.12
04/12/2025 09:00;12.1
04/12/2025 09:15;12.1
04/12/2025 09:30;12.12
04/12/2025 09:45;12.11
04/12/2025 10:00;12.11
04/12/2025 10:15;12.12
04/12/2025 10:30;12.09
04/12/2025 10:45;12.1
04/12/2025 11:00;12.1
04/12/2025 11:15;12.09
04/12/2025 11:30;12.08
04/12/2025 11:45;12.07
04/12/2025 12:00;12.07
04/12/2025 12:15;12.08
04/12/2025 12:30;12.11
04/12/2025 12:45;12.1
04/12/2025 13:00;12.1
04/12/2025 13:15;12.12
04/12/2025 13:30;12.1
04/12/2025 13:45;12.11
04/12/2025 14:00;12.12
04/12/2025 14:15;12.14
04/12/2025 14:30;12.1
04/12/2025 14:45;12.09
04/12/2025 15:00;12.07
04/12/2025 15:15;12.04
04/12/2025 15:30;12.06
04/12/2025 15:45;12.07
04/12/2025 16:00;12.06
04/12/2025 16:15;12.06
04/12/2025 16:30;12.1
04/12/2025 16:45;12.1
04/12/2025 17:00;12.13
04/12/2025 17:15;12.11
04/12/2025 17:30;12.08
04/12/2025 17:45;12.09
04/12/2025 18:00;12.09
04/12/2025 18:15;12.08
04/12/2025 18:30;12.1
04/12/2025 18:45;12.08
04/12/2025 19:00;12.07
04/12/2025 19:15;12.06
04/12/2025 19:30;12.05
04/12/2025 19:45;12.07
04/12/2025 20:00;12.05
04/12/2025 20:15;12.04
04/12/2025 20:30;12.06
04/12/2025 20:45;12.1
04/12/2025 21:00;12.11
04/12/2025 21:15;12.11
04/12/2025 21:30;12.11
04/12/2025 21:45;12.1
04/12/2025 22:00;12.03
04/12/2025 22:15;11.01
04/12/2025 22:30;10.73
04/12/2025 22:45;10.64
04/12/2025 23:00;10.6
04/12/2025 23:15;10.58
04/12/2025 23:30;10.56
04/12/2025 23:45;10.53
05/12/2025 00:00;10.55
05/12/2025 00:15;10.54
05/12/2025 00:30;10.54
05/12/2025 00:45;10.54
05/12/2025 01:00;10.55
05/12/2025 01:15;10.57
05/12/2025 01:30;10.56
05/12/2025 01:45;10.57
05/12/2025 02:00;10.57
05/12/2025 02:15;10.58
05/12/2025 02:30;10.56
05/12/2025 02:45;10.57
05/12/2025 03:00;10.55
05/12/2025 03:15;10.54
05/12/2025 03:30;10.54
05/12/2025 03:45;10.52
05/12/2025 04:00;10.53
05/12/2025 04:15;10.53
05/12/2025 04:30;10.54
05/12/2025 04:45;10.56
05/12/2025 05:00;10.56
05/12/2025 05:15;10.55
05/12/2025 05:30;10.56
05/12/2025 05:45;10.56
05/12/2025 06:00;10.57
05/12/2025 06:15;10.57
05/12/2025 06:30;10.57
05/12/2025 06:45;10.57
05/12/2025 07:00;10.56
05/12/2025 07:15;10.57
05/12/2025 07:30;10.56
05/12/2025 07:45;10.56
05/12/2025 08:00;10.55
05/12/2025 08:15;10.56
05/12/2025 08:30;10.54
05/12/2025 08:45;10.53
05/12/2025 09:00;10.53
05/12/2025 09:15;10.54
05/12/2025 09:30;10.52
05/12/2025 09:45;10.56
05/12/2025 10:00;10.57
05/12/2025 10:15;10.57
05/12/2025 10:30;10.57
05/12/2025 10:45;10.55
05/12/2025 11:00;10.57
05/12/2025 11:15;10.56
05/12/2025 11:30;10.55
05/12/2025 11:45;10.57
05/12/2025 12:00;10.56
05/12/2025 12:15;9.96
05/12/2025 12:30;6.96
05/12/2025 12:45;6.28
05/12/2025 13:00;6.01
05/12/2025 13:15;5.88
05/12/2025 13:30;5.92
05/12/2025 13:45;6
05/12/2025 14:00;6.03
05/12/2025 14:15;6.04
05/12/2025 14:30;6.04
05/12/2025 14:45;6.03
05/12/2025 15:00;6.03
05/12/2025 15:15;6.03
05/12/2025 15:30;6.02
05/12/2025 15:45;6.02
05/12/2025 16:00;5.99
05/12/2025 16:15;5.96
05/12/2025 16:30;5.97
05/12/2025 16:45;5.97
05/12/2025 17:00;5.98
05/12/2025 17:15;5.97
05/12/2025 17:30;5.99
05/12/2025 17:45;6.01
05/12/2025 18:00;6.02
05/12/2025 18:15;6.02
05/12/2025 18:30;6
05/12/2025 18:45;5.29
05/12/2025 19:00;2.78
05/12/2025 19:15;1.25
05/12/2025 19:30;0.66
05/12/2025 19:45;0.54
05/12/2025 20:00;0.51
05/12/2025 20:15;0.51
05/12/2025 20:30;0.51
05/12/2025 20:45;0.5
05/12/2025 21:00;0.49
05/12/2025 21:15;0.49
05/12/2025 21:30;0.49
05/12/2025 21:45;0.49
05/12/2025 22:00;0.49
05/12/2025 22:15;0.5
05/12/2025 22:30;0.51
05/12/2025 22:45;0.51
05/12/2025 23:00;0.51
05/12/2025 23:15;0.51
05/12/2025 23:30;0.51
05/12/2025 23:45;0.51
06/12/2025 00:00;0.51
06/12/2025 00:15;0.51
06/12/2025 00:30;0.51
06/12/2025 00:45;0.49
06/12/2025 01:00;0.46
06/12/2025 01:15;0.45
06/12/2025 01:30;0.42
06/12/2025 01:45;0.42
06/12/2025 02:00;0.42
06/12/2025 02:15;0.42
06/12/2025 02:30;0.45
06/12/2025 02:45;0.45
06/12/2025 03:00;0.45
06/12/2025 03:15;0.45
06/12/2025 03:30;0.45
06/12/2025 03:45;0.45
06/12/2025 04:00;0.45
06/12/2025 04:15;0.45
06/12/2025 04:30;0.45
06/12/2025 04:45;0.43
06/12/2025 05:00;0.42
06/12/2025 05:15;0.42
06/12/2025 05:30;0.42
06/12/2025 05:45;0.42
06/12/2025 06:00;0.44
06/12/2025 06:15;0.45
06/12/2025 06:30;0.45
06/12/2025 06:45;0.45
06/12/2025 07:00;0.45
06/12/2025 07:15;0.45
06/12/2025 07:30;0.45
06/12/2025 07:45;0.45
06/12/2025 08:00;0.45
06/12/2025 08:15;0.45
06/12/2025 08:30;0.45
06/12/2025 08:45;0.43
06/12/2025 09:00;0.42
06/12/2025 09:15;0.42
06/12/2025 09:30;0.42
06/12/2025 09:45;0.44
06/12/2025 10:00;0.45
06/12/2025 10:15;0.45
06/12/2025 10:30;0.45
06/12/2025 10:45;0.45
06/12/2025 11:00;0.45
06/12/2025 11:15;0.45
06/12/2025 11:30;0.45
06/12/2025 11:45;0.45
06/12/2025 12:00;0.45
06/12/2025 12:15;0.45
06/12/2025 12:30;0.43
06/12/2025 12:45;0.42
06/12/2025 13:00;0.42
06/12/2025 13:15;0.42
06/12/2025 13:30;0.45
06/12/2025 13:45;0.45
06/12/2025 14:00;0.45
06/12/2025 14:15;0.45
06/12/2025 14:30;0.45
06/12/2025 14:45;0.45
06/12/2025 15:00;0.45
06/12/2025 15:15;0.45
06/12/2025 15:30;0.45
06/12/2025 15:45;0.42
06/12/2025 16:00;0.42
06/12/2025 16:15;0.43
06/12/2025 16:30;0.43
06/12/2025 16:45;0.43
06/12/2025 17:00;0.43
06/12/2025 17:15;0.45
06/12/2025 17:30;0.45
06/12/2025 17:45;0.45
06/12/2025 18:00;0.45
06/12/2025 18:15;0.45
06/12/2025 18:30;0.45
06/12/2025 18:45;0.45
06/12/2025 19:00;0.45
06/12/2025 19:15;0.45
06/12/2025 19:30;0.45
06/12/2025 19:45;0.45
06/12/2025 20:00;0.45
06/12/2025 20:15;0.46
06/12/2025 20:30;0.46
06/12/2025 20:45;0.46
06/12/2025 21:00;0.46
06/12/2025 21:15;0.46
06/12/2025 21:30;0.46
06/12/2025 21:45;0.46
06/12/2025 22:00;0.46
06/12/2025 22:15;0.46
06/12/2025 22:30;0.46
06/12/2025 22:45;0.46
06/12/2025 23:00;0.46
06/12/2025 23:15;0.46
06/12/2025 23:30;0.46
06/12/2025 23:45;0.46
07/12/2025 00:00;0.46
07/12/2025 00:15;0.46
07/12/2025 00:30;0.46
07/12/2025 00:45;0.45
07/12/2025 01:00;0.45
07/12/2025 01:15;0.45
07/12/2025 01:30;0.45
07/12/2025 01:45;0.45
07/12/2025 02:00;0.45
07/12/2025 02:15;0.45
07/12/2025 02:30;0.45
07/12/2025 02:45;0.45
07/12/2025 03:00;0.43
07/12/2025 03:15;0.42
07/12/2025 03:30;0.42
07/12/2025 03:45;0.42
07/12/2025 04:00;0.42
07/12/2025 04:15;0.45
07/12/2025 04:30;0.45
07/12/2025 04:45;0.45
07/12/2025 05:00;0.46
07/12/2025 05:15;0.46
07/12/2025 05:30;0.45
07/12/2025 05:45;0.45
07/12/2025 06:00;0.45
07/12/2025 06:15;0.45
07/12/2025 06:30;0.45
07/12/2025 06:45;0.43
07/12/2025 07:00;0.42
07/12/2025 07:15;0.42
07/12/2025 07:30;0.42
07/12/2025 07:45;0.42
07/12/2025 08:00;0.45
07/12/2025 08:15;0.45
07/12/2025 08:30;0.45
07/12/2025 08:45;0.46
07/12/2025 09:00;0.46
07/12/2025 09:15;0.46
07/12/2025 09:30;0.46
07/12/2025 09:45;0.46
07/12/2025 10:00;0.46
07/12/2025 10:15;0.46
07/12/2025 10:30;0.46
07/12/2025 10:45;0.46
07/12/2025 11:00;0.46
07/12/2025 11:15;0.46
07/12/2025 11:30;0.46
07/12/2025 11:45;0.46
07/12/2025 12:00;0.46
07/12/2025 12:15;0.46
07/12/2025 12:30;0.46
07/12/2025 12:45;0.46
07/12/2025 13:00;0.45
07/12/2025 13:15;0.45
07/12/2025 13:30;0.45
07/12/2025 13:45;0.45
07/12/2025 14:00;0.45
07/12/2025 14:15;0.45
07/12/2025 14:30;0.45
07/12/2025 14:45;0.45
07/12/2025 15:00;0.43
07/12/2025 15:15;0.43
07/12/2025 15:30;0.43
07/12/2025 15:45;0.43
07/12/2025 16:00;0.44
07/12/2025 16:15;0.45
07/12/2025 16:30;0.46
07/12/2025 16:45;0.47
07/12/2025 17:00;0.46
07/12/2025 17:15;0.45
07/12/2025 17:30;0.45
07/12/2025 17:45;0.45
07/12/2025 18:00;0.45
07/12/2025 18:15;0.45
07/12/2025 18:30;0.45
07/12/2025 18:45;0.45
07/12/2025 19:00;0.45
07/12/2025 19:15;0.43
07/12/2025 19:30;0.43
07/12/2025 19:45;0.43
07/12/2025 20:00;0.44
07/12/2025 20:15;0.45
07/12/2025 20:30;0.47
07/12/2025 20:45;0.47
07/12/2025 21:00;0.47
07/12/2025 21:15;0.47
07/12/2025 21:30;0.45
07/12/2025 21:45;0.45
07/12/2025 22:00;0.45
07/12/2025 22:15;0.45
07/12/2025 22:30;0.45
07/12/2025 22:45;0.42
07/12/2025 23:00;0.42
07/12/2025 23:15;0.42
07/12/2025 23:30;0.42
07/12/2025 23:45;0.44
08/12/2025 00:00;0.45
08/12/2025 00:15;0.46
08/12/2025 00:30;0.46
08/12/2025 00:45;0.46
08/12/2025 01:00;0.46
08/12/2025 01:15;0.46
08/12/2025 01:30;0.45
08/12/2025 01:45;0.45
08/12/2025 02:00;0.46
08/12/2025 02:15;0.46
08/12/2025 02:30;0.45
08/12/2025 02:45;0.45
08/12/2025 03:00;0.45
08/12/2025 03:15;0.42
08/12/2025 03:30;0.42
08/12/2025 03:45;0.43
08/12/2025 04:00;0.45
08/12/2025 04:15;0.46
08/12/2025 04:30;0.46
08/12/2025 04:45;0.46
08/12/2025 05:00;0.46
08/12/2025 05:15;0.46
08/12/2025 05:30;0.46
08/12/2025 05:45;0.46
08/12/2025 06:00;0.45
08/12/2025 06:15;0.45
08/12/2025 06:30;0.45
08/12/2025 06:45;0.45
08/12/2025 07:00;0.45
08/12/2025 07:15;0.43
08/12/2025 07:30;0.42
08/12/2025 07:45;0.45
08/12/2025 08:00;0.46
08/12/2025 08:15;0.46
08/12/2025 08:30;0.46
08/12/2025 08:45;0.46
08/12/2025 09:00;0.46
08/12/2025 09:15;0.46
08/12/2025 09:30;0.46
08/12/2025 09:45;0.45
08/12/2025 10:00;0.45
08/12/2025 10:15;0.45
08/12/2025 10:30;0.42
08/12/2025 10:45;0.42
08/12/2025 11:00;0.42
08/12/2025 11:15;0.43
08/12/2025 11:30;0.45
08/12/2025 11:45;0.46
08/12/2025 12:00;0.46
08/12/2025 12:15;0.46
08/12/2025 12:30;0.46
08/12/2025 12:45;0.46
08/12/2025 13:00;0.45
08/12/2025 13:15;0.45
08/12/2025 13:30;0.45
08/12/2025 13:45;0.45
08/12/2025 14:00;0.45
08/12/2025 14:15;0.45
08/12/2025 14:30;0.45
08/12/2025 14:45;0.43
08/12/2025 15:00;0.43
08/12/2025 15:15;0.43
08/12/2025 15:30;0.45
08/12/2025 15:45;0.46
08/12/2025 16:00;0.47
08/12/2025 16:15;0.47
08/12/2025 16:30;0.47
08/12/2025 16:45;0.47
08/12/2025 17:00;0.47
08/12/2025 17:15;0.47
08/12/2025 17:30;0.47
08/12/2025 17:45;0.47
08/12/2025 18:00;0.47
08/12/2025 18:15;0.47
08/12/2025 18:30;0.47
08/12/2025 18:45;0.47
08/12/2025 19:00;0.47
08/12/2025 19:15;0.47
08/12/2025 19:30;0.47
08/12/2025 19:45;0.47
08/12/2025 20:00;0.47
08/12/2025 20:15;0.47
08/12/2025 20:30;0.47
08/12/2025 20:45;0.47
08/12/2025 21:00;0.47
08/12/2025 21:15;0.46
08/12/2025 21:30;0.46
08/12/2025 21:45;0.46
08/12/2025 22:00;0.46
08/12/2025 22:15;0.46
08/12/2025 22:30;0.46
08/12/2025 22:45;0.46
08/12/2025 23:00;0.46
08/12/2025 23:15;0.46
08/12/2025 23:30;0.46
08/12/2025 23:45;0.46
09/12/2025 00:00;0.46
09/12/2025 00:15;0.46
09/12/2025 00:30;0.46
09/12/2025 00:45;0.46
09/12/2025 01:00;0.45
09/12/2025 01:15;0.45
09/12/2025 01:30;0.45
09/12/2025 01:45;0.45
09/12/2025 02:00;0.43
09/12/2025 02:15;0.45
09/12/2025 02:30;0.46
09/12/2025 02:45;0.46
09/12/2025 03:00;0.46
09/12/2025 03:15;0.46
09/12/2025 03:30;0.46
09/12/2025 03:45;0.46
09/12/2025 04:00;0.45
09/12/2025 04:15;0.45
09/12/2025 04:30;0.45
09/12/2025 04:45;0.45
09/12/2025 05:00;0.45
09/12/2025 05:15;0.45
09/12/2025 05:30;0.45
09/12/2025 05:45;0.46
09/12/2025 06:00;0.46
09/12/2025 06:15;0.46
09/12/2025 06:30;0.46
09/12/2025 06:45;0.46
09/12/2025 07:00;0.46
09/12/2025 07:15;0.46
09/12/2025 07:30;0.46
09/12/2025 07:45;0.45
09/12/2025 08:00;0.45
09/12/2025 08:15;0.45
09/12/2025 08:30;0.45
09/12/2025 08:45;0.46
09/12/2025 09:00;0.46
09/12/2025 09:15;0.46
09/12/2025 09:30;0.46
09/12/2025 09:45;0.46
09/12/2025 10:00;0.46
09/12/2025 10:15;0.46
09/12/2025 10:30;0.46
09/12/2025 10:45;0.46
09/12/2025 11:00;0.46
09/12/2025 11:15;0.46
09/12/2025 11:30;0.46
09/12/2025 11:45;0.46
09/12/2025 12:00;0.46
09/12/2025 12:15;0.46
09/12/2025 12:30;0.46
09/12/2025 12:45;0.46
09/12/2025 13:00;0.47
09/12/2025 13:15;0.46
09/12/2025 13:30;0.45
09/12/2025 13:45;0.45
09/12/2025 14:00;0.45
09/12/2025 14:15;0.45
09/12/2025 14:30;0.45
09/12/2025 14:45;0.45
09/12/2025 15:00;0.45
09/12/2025 15:15;0.45
09/12/2025 15:30;0.45
09/12/2025 15:45;0.43
09/12/2025 16:00;0.43
09/12/2025 16:15;0.43
09/12/2025 16:30;0.44
09/12/2025 16:45;0.45
09/12/2025 17:00;0.46
09/12/2025 17:15;0.47
09/12/2025 17:30;0.47
09/12/2025 17:45;0.47
09/12/2025 18:00;0.47
09/12/2025 18:15;0.47
09/12/2025 18:30;0.47
09/12/2025 18:45;0.45
09/12/2025 19:00;0.45
09/12/2025 19:15;0.45
09/12/2025 19:30;0.45
09/12/2025 19:45;0.45
09/12/2025 20:00;0.43
09/12/2025 20:15;0.43
09/12/2025 20:30;0.43
09/12/2025 20:45;0.43
09/12/2025 21:00;0.43
09/12/2025 21:15;0.45
09/12/2025 21:30;0.45
09/12/2025 21:45;0.47
09/12/2025 22:00;0.47
09/12/2025 22:15;0.47
09/12/2025 22:30;0.45
09/12/2025 22:45;0.45
09/12/2025 23:00;0.45
09/12/2025 23:15;0.45
09/12/2025 23:30;0.45
09/12/2025 23:45;0.45
10/12/2025 00:00;0.45
10/12/2025 00:15;0.44
10/12/2025 00:30;0.42
10/12/2025 00:45;0.42
10/12/2025 01:00;0.42
10/12/2025 01:15;0.44
10/12/2025 01:30;0.45
10/12/2025 01:45;0.47
10/12/2025 02:00;0.47
10/12/2025 02:15;0.46
10/12/2025 02:30;0.45
10/12/2025 02:45;0.45
10/12/2025 03:00;0.45
10/12/2025 03:15;0.45
10/12/2025 03:30;0.45
10/12/2025 03:45;0.45
10/12/2025 04:00;0.45
10/12/2025 04:15;0.45
10/12/2025 04:30;0.43
10/12/2025 04:45;0.42
10/12/2025 05:00;0.43
10/12/2025 05:15;0.45
10/12/2025 05:30;0.46
10/12/2025 05:45;0.46
10/12/2025 06:00;0.46
10/12/2025 06:15;0.46
10/12/2025 06:30;0.45
10/12/2025 06:45;0.45
10/12/2025 07:00;0.45
10/12/2025 07:15;0.45
10/12/2025 07:30;0.45
10/12/2025 07:45;0.42
10/12/2025 08:00;0.42
10/12/2025 08:15;0.42
10/12/2025 08:30;0.42
10/12/2025 08:45;0.45
10/12/2025 09:00;0.45
10/12/2025 09:15;0.46
10/12/2025 09:30;0.46
10/12/2025 09:45;0.46
10/12/2025 10:00;0.45
10/12/2025 10:15;0.45
10/12/2025 10:30;0.45
10/12/2025 10:45;0.45
10/12/2025 11:00;0.45
10/12/2025 11:15;0.45
10/12/2025 11:30;0.45
10/12/2025 11:45;0.42
10/12/2025 12:00;0.42
10/12/2025 12:15;0.42
10/12/2025 12:30;0.42
10/12/2025 12:45;0.45
10/12/2025 13:00;0.45
10/12/2025 13:15;0.46
10/12/2025 13:30;0.46
10/12/2025 13:45;0.45
10/12/2025 14:00;0.45
10/12/2025 14:15;0.45
10/12/2025 14:30;0.45
10/12/2025 14:45;0.45
10/12/2025 15:00;0.45
10/12/2025 15:15;0.45
10/12/2025 15:30;0.45
10/12/2025 15:45;0.43
10/12/2025 16:00;0.42
10/12/2025 16:15;0.42
10/12/2025 16:30;0.42
10/12/2025 16:45;0.44
10/12/2025 17:00;0.45
10/12/2025 17:15;0.47
10/12/2025 17:30;0.47
10/12/2025 17:45;0.47
10/12/2025 18:00;0.47
10/12/2025 18:15;0.47
10/12/2025 18:30;0.45
10/12/2025 18:45;0.45
10/12/2025 19:00;0.45
10/12/2025 19:15;0.45
10/12/2025 19:30;0.42
10/12/2025 19:45;0.42
10/12/2025 20:00;0.42
10/12/2025 20:15;0.42
10/12/2025 20:30;0.44
10/12/2025 20:45;0.45
10/12/2025 21:00;0.46
10/12/2025 21:15;0.47
10/12/2025 21:30;0.46
10/12/2025 21:45;0.46
10/12/2025 22:00;0.45
10/12/2025 22:15;0.45
10/12/2025 22:30;0.45
10/12/2025 22:45;0.45
10/12/2025 23:00;0.46
10/12/2025 23:15;0.46
10/12/2025 23:30;0.47
10/12/2025 23:45;0.46
11/12/2025 00:00;0.46
11/12/2025 00:15;0.46
11/12/2025 00:30;0.46
11/12/2025 00:45;0.46
11/12/2025 01:00;0.45
11/12/2025 01:15;0.45
11/12/2025 01:30;0.45
11/12/2025 01:45;0.45
11/12/2025 02:00;0.45
11/12/2025 02:15;0.45
11/12/2025 02:30;0.45
11/12/2025 02:45;0.45
11/12/2025 03:00;0.44
11/12/2025 03:15;0.42
11/12/2025 03:30;0.42
11/12/2025 03:45;0.42
11/12/2025 04:00;0.44
11/12/2025 04:15;0.45
11/12/2025 04:30;0.46
11/12/2025 04:45;0.46
11/12/2025 05:00;0.46
11/12/2025 05:15;0.46
11/12/2025 05:30;0.46
11/12/2025 05:45;0.46
11/12/2025 06:00;0.46
11/12/2025 06:15;0.45
11/12/2025 06:30;0.45
11/12/2025 06:45;0.45
11/12/2025 07:00;0.45
11/12/2025 07:15;0.45
11/12/2025 07:30;0.46
11/12/2025 07:45;0.46
11/12/2025 08:00;0.46
11/12/2025 08:15;0.46
11/12/2025 08:30;0.46
11/12/2025 08:45;0.46
11/12/2025 09:00;0.46
11/12/2025 09:15;0.46
11/12/2025 09:30;0.46
11/12/2025 09:45;0.46
11/12/2025 10:00;0.46
11/12/2025 10:15;0.46
11/12/2025 10:30;0.46
11/12/2025 10:45;0.46
11/12/2025 11:00;0.46
11/12/2025 11:15;0.46
11/12/2025 11:30;0.46
11/12/2025 11:45;0.46
11/12/2025 12:00;0.46
11/12/2025 12:15;0.46
11/12/2025 12:30;0.46
11/12/2025 12:45;0.47
11/12/2025 13:00;0.47
11/12/2025 13:15;0.47
11/12/2025 13:30;0.47
11/12/2025 13:45;0.47
11/12/2025 14:00;0.47
11/12/2025 14:15;0.47
11/12/2025 14:30;0.47
11/12/2025 14:45;0.47
11/12/2025 15:00;0.47
11/12/2025 15:15;0.47
11/12/2025 15:30;0.47
11/12/2025 15:45;0.47
11/12/2025 16:00;0.47
11/12/2025 16:15;0.47
11/12/2025 16:30;0.47
11/12/2025 16:45;0.47
11/12/2025 17:00;0.47
11/12/2025 17:15;0.47
11/12/2025 17:30;0.47
11/12/2025 17:45;0.47
11/12/2025 18:00;0.47
11/12/2025 18:15;0.47
11/12/2025 18:30;0.47
11/12/2025 18:45;0.46
11/12/2025 19:00;0.45
11/12/2025 19:15;0.45
11/12/2025 19:30;0.45
11/12/2025 19:45;0.45
11/12/2025 20:00;0.45
11/12/2025 20:15;0.46
11/12/2025 20:30;0.47
11/12/2025 20:45;0.47
11/12/2025 21:00;0.46
11/12/2025 21:15;0.46
11/12/2025 21:30;0.46
11/12/2025 21:45;0.46
11/12/2025 22:00;0.46
11/12/2025 22:15;0.46
11/12/2025 22:30;0.46
11/12/2025 22:45;0.46
11/12/2025 23:00;0.46
11/12/2025 23:15;0.46
11/12/2025 23:30;0.46
11/12/2025 23:45;0.46
12/12/2025 00:00;0.46
12/12/2025 00:15;0.46
12/12/2025 00:30;0.46
12/12/2025 00:45;0.46
12/12/2025 01:00;0.46
12/12/2025 01:15;0.46
12/12/2025 01:30;0.46
12/12/2025 01:45;0.46
12/12/2025 02:00;0.46
12/12/2025 02:15;0.46
12/12/2025 02:30;0.46
12/12/2025 02:45;0.45
12/12/2025 03:00;0.45
12/12/2025 03:15;0.45
12/12/2025 03:30;0.44
12/12/2025 03:45;0.45
12/12/2025 04:00;0.45
12/12/2025 04:15;0.46
12/12/2025 04:30;0.46
12/12/2025 04:45;0.46
12/12/2025 05:00;0.46
12/12/2025 05:15;0.46
12/12/2025 05:30;0.46
12/12/2025 05:45;0.46
12/12/2025 06:00;0.45
12/12/2025 06:15;0.45
12/12/2025 06:30;0.45
12/12/2025 06:45;0.44
12/12/2025 07:00;0.44
12/12/2025 07:15;0.43
12/12/2025 07:30;0.45
12/12/2025 07:45;0.46
12/12/2025 08:00;0.46
12/12/2025 08:15;0.46
12/12/2025 08:30;0.46
12/12/2025 08:45;0.46
12/12/2025 09:00;0.46
12/12/2025 09:15;0.46
12/12/2025 09:30;0.46
12/12/2025 09:45;0.46
12/12/2025 10:00;0.45
12/12/2025 10:15;0.45
12/12/2025 10:30;0.45
12/12/2025 10:45;0.45
12/12/2025 11:00;0.44
12/12/2025 11:15;0.45
12/12/2025 11:30;0.45
12/12/2025 11:45;0.46
12/12/2025 12:00;0.46
12/12/2025 12:15;0.46
12/12/2025 12:30;0.46
12/12/2025 12:45;0.45
12/12/2025 13:00;0.45
12/12/2025 13:15;0.45
12/12/2025 13:30;0.45
12/12/2025 13:45;0.45
12/12/2025 14:00;0.45
12/12/2025 14:15;0.45
12/12/2025 14:30;0.45
12/12/2025 14:45;0.44
12/12/2025 15:00;0.43
12/12/2025 15:15;0.43
12/12/2025 15:30;0.45
12/12/2025 15:45;0.46
12/12/2025 16:00;0.47
12/12/2025 16:15;0.47
12/12/2025 16:30;0.47
12/12/2025 16:45;0.47
12/12/2025 17:00;0.47
12/12/2025 17:15;0.47
12/12/2025 17:30;0.47
12/12/2025 17:45;0.46
12/12/2025 18:00;0.45
12/12/2025 18:15;0.45
12/12/2025 18:30;0.45
12/12/2025 18:45;0.45
12/12/2025 19:00;0.45
12/12/2025 19:15;0.45
12/12/2025 19:30;0.45
12/12/2025 19:45;0.47
12/12/2025 20:00;0.47
12/12/2025 20:15;0.47
12/12/2025 20:30;0.47
12/12/2025 20:45;0.47
12/12/2025 21:00;0.47
12/12/2025 21:15;0.47
12/12/2025 21:30;0.46
12/12/2025 21:45;0.46
12/12/2025 22:00;0.46
12/12/2025 22:15;0.46
12/12/2025 22:30;0.46
12/12/2025 22:45;0.45
12/12/2025 23:00;0.45
12/12/2025 23:15;0.45
12/12/2025 23:30;0.45
12/12/2025 23:45;0.45
13/12/2025 00:00;0.46
13/12/2025 00:15;0.46
13/12/2025 00:30;0.46
13/12/2025 00:45;0.46
13/12/2025 01:00;0.46
13/12/2025 01:15;0.46
13/12/2025 01:30;0.46
13/12/2025 01:45;0.46
13/12/2025 02:00;0.46
13/12/2025 02:15;0.45
13/12/2025 02:30;0.45
13/12/2025 02:45;0.45
13/12/2025 03:00;0.45
13/12/2025 03:15;0.45
13/12/2025 03:30;0.45
13/12/2025 03:45;0.45
13/12/2025 04:00;0.46
13/12/2025 04:15;0.46
13/12/2025 04:30;0.46
13/12/2025 04:45;0.46
13/12/2025 05:00;0.46
13/12/2025 05:15;0.46
13/12/2025 05:30;0.46
13/12/2025 05:45;0.46
13/12/2025 06:00;0.46
13/12/2025 06:15;0.46
13/12/2025 06:30;0.46
13/12/2025 06:45;0.46
13/12/2025 07:00;0.45
13/12/2025 07:15;0.45
13/12/2025 07:30;0.45
13/12/2025 07:45;0.45
13/12/2025 08:00;0.45
13/12/2025 08:15;0.45
13/12/2025 08:30;0.46
13/12/2025 08:45;0.46
13/12/2025 09:00;0.46
13/12/2025 09:15;0.46
13/12/2025 09:30;0.46
13/12/2025 09:45;0.46
13/12/2025 10:00;0.46
13/12/2025 10:15;0.46
13/12/2025 10:30;0.46
13/12/2025 10:45;0.46
13/12/2025 11:00;0.46
13/12/2025 11:15;0.46
13/12/2025 11:30;0.46
13/12/2025 11:45;0.46
13/12/2025 12:00;0.46
13/12/2025 12:15;0.46
13/12/2025 12:30;0.46
13/12/2025 12:45;0.46
13/12/2025 13:00;0.47
13/12/2025 13:15;0.47
13/12/2025 13:30;0.47
13/12/2025 13:45;0.47
13/12/2025 14:00;0.47
13/12/2025 14:15;0.47
13/12/2025 14:30;0.47
13/12/2025 14:45;0.47
13/12/2025 15:00;0.47
13/12/2025 15:15;0.47
13/12/2025 15:30;0.47
13/12/2025 15:45;0.47
13/12/2025 16:00;0.47
13/12/2025 16:15;0.47
13/12/2025 16:30;0.47
13/12/2025 16:45;0.47
13/12/2025 17:00;0.47
13/12/2025 17:15;0.47
13/12/2025 17:30;0.47
13/12/2025 17:45;0.47
13/12/2025 18:00;0.47
13/12/2025 18:15;0.47
13/12/2025 18:30;0.47
13/12/2025 18:45;0.47
13/12/2025 19:00;0.47
13/12/2025 19:15;0.47
13/12/2025 19:30;0.47
13/12/2025 19:45;0.47
13/12/2025 20:00;0.47
13/12/2025 20:15;0.47
13/12/2025 20:30;0.47
13/12/2025 20:45;0.47
13/12/2025 21:00;0.47
13/12/2025 21:15;0.47
13/12/2025 21:30;0.47
13/12/2025 21:45;0.47
13/12/2025 22:00;0.46
13/12/2025 22:15;0.45
13/12/2025 22:30;0.45
13/12/2025 22:45;0.45
13/12/2025 23:00;0.46
13/12/2025 23:15;0.46
13/12/2025 23:30;0.46
13/12/2025 23:45;0.46
14/12/2025 00:00;0.46
14/12/2025 00:15;0.46
14/12/2025 00:30;0.46
14/12/2025 00:45;0.46
14/12/2025 01:00;0.46
14/12/2025 01:15;0.46
14/12/2025 01:30;0.46
14/12/2025 01:45;0.46
14/12/2025 02:00;0.46
14/12/2025 02:15;0.46
14/12/2025 02:30;0.46
14/12/2025 02:45;0.45
14/12/2025 03:00;0.45
14/12/2025 03:15;0.45
14/12/2025 03:30;0.45
14/12/2025 03:45;0.45
14/12/2025 04:00;0.46
14/12/2025 04:15;0.46
14/12/2025 04:30;0.46
14/12/2025 04:45;0.46
14/12/2025 05:00;0.46
14/12/2025 05:15;0.46
14/12/2025 05:30;0.46
14/12/2025 05:45;0.46
14/12/2025 06:00;0.46
14/12/2025 06:15;0.46
14/12/2025 06:30;0.46
14/12/2025 06:45;0.46
14/12/2025 07:00;0.46
14/12/2025 07:15;0.46
14/12/2025 07:30;0.46
14/12/2025 07:45;0.46
14/12/2025 08:00;0.46
14/12/2025 08:15;0.46
14/12/2025 08:30;0.46
14/12/2025 08:45;0.46
14/12/2025 09:00;0.46
14/12/2025 09:15;0.46
14/12/2025 09:30;0.46
14/12/2025 09:45;0.46
14/12/2025 10:00;0.46
14/12/2025 10:15;0.46
14/12/2025 10:30;0.46
14/12/2025 10:45;0.46
14/12/2025 11:00;0.46
14/12/2025 11:15;0.45
14/12/2025 11:30;0.45
14/12/2025 11:45;0.45
14/12/2025 12:00;0.45
14/12/2025 12:15;0.45
14/12/2025 12:30;0.45
14/12/2025 12:45;0.46
14/12/2025 13:00;0.46
14/12/2025 13:15;0.47
14/12/2025 13:30;0.47
14/12/2025 13:45;0.47
14/12/2025 14:00;0.47
14/12/2025 14:15;0.47
14/12/2025 14:30;0.47
14/12/2025 14:45;0.47
14/12/2025 15:00;0.47
14/12/2025 15:15;0.45
14/12/2025 15:30;0.45
14/12/2025 15:45;0.45
14/12/2025 16:00;0.45
14/12/2025 16:15;0.45
14/12/2025 16:30;0.45
14/12/2025 16:45;0.47
14/12/2025 17:00;0.47
14/12/2025 17:15;0.47
14/12/2025 17:30;0.47
14/12/2025 17:45;0.47
14/12/2025 18:00;0.47
14/12/2025 18:15;0.47
14/12/2025 18:30;0.47
14/12/2025 18:45;0.46
14/12/2025 19:00;0.45
14/12/2025 19:15;0.45
14/12/2025 19:30;0.45
14/12/2025 19:45;0.45
14/12/2025 20:00;0.45
14/12/2025 20:15;0.45
14/12/2025 20:30;0.46
14/12/2025 20:45;0.46
14/12/2025 21:00;0.46
14/12/2025 21:15;0.46
14/12/2025 21:30;0.46
14/12/2025 21:45;0.46
14/12/2025 22:00;0.46
14/12/2025 22:15;0.46
14/12/2025 22:30;0.46
14/12/2025 22:45;0.46
14/12/2025 23:00;0.46
14/12/2025 23:15;0.45
14/12/2025 23:30;0.45
14/12/2025 23:45;0.45
15/12/2025 00:00;0.45
15/12/2025 00:15;0.45
15/12/2025 00:30;0.45
15/12/2025 00:45;0.46
15/12/2025 01:00;0.46
15/12/2025 01:15;0.46
15/12/2025 01:30;0.46
15/12/2025 01:45;0.46
15/12/2025 02:00;0.46
15/12/2025 02:15;0.46
15/12/2025 02:30;0.46
15/12/2025 02:45;0.46
15/12/2025 03:00;0.46
15/12/2025 03:15;0.46
15/12/2025 03:30;0.46
15/12/2025 03:45;0.45
15/12/2025 04:00;0.45
15/12/2025 04:15;0.45
15/12/2025 04:30;0.45
15/12/2025 04:45;0.45
15/12/2025 05:00;0.46
15/12/2025 05:15;0.46
15/12/2025 05:30;0.46
15/12/2025 05:45;0.46
15/12/2025 06:00;0.46
15/12/2025 06:15;0.46
15/12/2025 06:30;0.46
15/12/2025 06:45;0.46
15/12/2025 07:00;0.46
15/12/2025 07:15;0.46
15/12/2025 07:30;0.45
15/12/2025 07:45;0.45
15/12/2025 08:00;0.45
15/12/2025 08:15;0.45
15/12/2025 08:30;0.45
15/12/2025 08:45;0.45
15/12/2025 09:00;0.46
15/12/2025 09:15;0.46
15/12/2025 09:30;0.46
15/12/2025 09:45;0.46
15/12/2025 10:00;0.46
15/12/2025 10:15;0.46
15/12/2025 10:30;0.46
15/12/2025 10:45;0.46
15/12/2025 11:00;0.46
15/12/2025 11:15;0.46
15/12/2025 11:30;0.46
15/12/2025 11:45;0.46
15/12/2025 12:00;0.46
15/12/2025 12:15;0.45
15/12/2025 12:30;0.45
15/12/2025 12:45;0.45
15/12/2025 13:00;0.45
15/12/2025 13:15;0.45
15/12/2025 13:30;0.45
15/12/2025 13:45;0.47
15/12/2025 14:00;0.47
15/12/2025 14:15;0.47
15/12/2025 14:30;0.47
15/12/2025 14:45;0.47
15/12/2025 15:00;0.47
15/12/2025 15:15;0.47
15/12/2025 15:30;0.47
15/12/2025 15:45;0.46
15/12/2025 16:00;0.45
15/12/2025 16:15;0.45
15/12/2025 16:30;0.45
15/12/2025 16:45;0.47
15/12/2025 17:00;0.47
15/12/2025 17:15;0.47
15/12/2025 17:30;0.47
15/12/2025 17:45;0.47
15/12/2025 18:00;0.47
15/12/2025 18:15;0.47
15/12/2025 18:30;0.47
15/12/2025 18:45;0.47
15/12/2025 19:00;0.47
15/12/2025 19:15;0.47
15/12/2025 19:30;0.47
15/12/2025 19:45;0.47
15/12/2025 20:00;0.47
15/12/2025 20:15;0.47
15/12/2025 20:30;0.47
15/12/2025 20:45;0.47
15/12/2025 21:00;0.47
15/12/2025 21:15;0.47
15/12/2025 21:30;0.47
15/12/2025 21:45;0.47
15/12/2025 22:00;0.47
15/12/2025 22:15;0.47
15/12/2025 22:30;0.47
15/12/2025 22:45;0.47
15/12/2025 23:00;0.47
15/12/2025 23:15;0.47
15/12/2025 23:30;0.47
15/12/2025 23:45;0.47
16/12/2025 00:00;0.47
16/12/2025 00:15;0.47
16/12/2025 00:30;0.47
16/12/2025 00:45;0.47
16/12/2025 01:00;0.47
16/12/2025 01:15;0.47
16/12/2025 01:30;0.47
16/12/2025 01:45;0.47
16/12/2025 02:00;0.47
16/12/2025 02:15;0.47
16/12/2025 02:30;0.46
16/12/2025 02:45;0.45
16/12/2025 03:00;0.45
16/12/2025 03:15;0.45
16/12/2025 03:30;0.45
16/12/2025 03:45;0.45
16/12/2025 04:00;0.47
16/12/2025 04:15;0.47
16/12/2025 04:30;0.47
16/12/2025 04:45;0.47
16/12/2025 05:00;0.47
16/12/2025 05:15;0.47
16/12/2025 05:30;0.47
16/12/2025 05:45;0.46
16/12/2025 06:00;0.47
16/12/2025 06:15;0.47
16/12/2025 06:30;0.47
16/12/2025 06:45;0.47
16/12/2025 07:00;0.47
16/12/2025 07:15;0.47
16/12/2025 07:30;0.47
16/12/2025 07:45;0.47
16/12/2025 08:00;0.46
16/12/2025 08:15;0.47
16/12/2025 08:30;0.47
16/12/2025 08:45;0.46
16/12/2025 09:00;0.46
16/12/2025 09:15;0.46
16/12/2025 09:30;0.46
16/12/2025 09:45;0.46
16/12/2025 10:00;0.46
16/12/2025 10:15;0.46
16/12/2025 10:30;0.46
16/12/2025 10:45;0.47
16/12/2025 11:00;0.46
16/12/2025 11:15;0.46
16/12/2025 11:30;0.47
16/12/2025 11:45;0.46
16/12/2025 12:00;0.47
16/12/2025 12:15;0.47
16/12/2025 12:30;0.47
16/12/2025 12:45;0.47
16/12/2025 13:00;0.47
16/12/2025 13:15;0.47
16/12/2025 13:30;0.47
16/12/2025 13:45;0.47
16/12/2025 14:00;0.47
16/12/2025 14:15;0.47
16/12/2025 14:30;0.47
16/12/2025 14:45;0.47
16/12/2025 15:00;0.47
16/12/2025 15:15;0.47
16/12/2025 15:30;0.47
16/12/2025 15:45;0.47
16/12/2025 16:00;0.47
16/12/2025 16:15;0.47
16/12/2025 16:30;0.47
16/12/2025 16:45;0.46
16/12/2025 17:00;0.45
16/12/2025 17:15;0.45
16/12/2025 17:30;0.45
16/12/2025 17:45;0.45
16/12/2025 18:00;0.45
16/12/2025 18:15;0.45
16/12/2025 18:30;0.47
16/12/2025 18:45;0.47
16/12/2025 19:00;0.47
16/12/2025 19:15;0.47
16/12/2025 19:30;0.47
16/12/2025 19:45;0.47
16/12/2025 20:00;0.47
16/12/2025 20:15;0.47
16/12/2025 20:30;0.47
16/12/2025 20:45;0.47
16/12/2025 21:00;0.46
16/12/2025 21:15;0.47
16/12/2025 21:30;0.46
16/12/2025 21:45;0.45
16/12/2025 22:00;0.45
16/12/2025 22:15;0.45
16/12/2025 22:30;0.45
16/12/2025 22:45;0.45
16/12/2025 23:00;0.46
16/12/2025 23:15;0.46
16/12/2025 23:30;0.46
16/12/2025 23:45;0.46
17/12/2025 00:00;0.46
17/12/2025 00:15;0.46
17/12/2025 00:30;0.46
17/12/2025 00:45;0.46
17/12/2025 01:00;0.46
17/12/2025 01:15;0.45
17/12/2025 01:30;0.45
17/12/2025 01:45;0.45
17/12/2025 02:00;0.45
17/12/2025 02:15;0.45
17/12/2025 02:30;0.45
17/12/2025 02:45;0.46
17/12/2025 03:00;0.46
17/12/2025 03:15;0.46
17/12/2025 03:30;0.46
17/12/2025 03:45;0.46
17/12/2025 04:00;0.46
17/12/2025 04:15;0.46
17/12/2025 04:30;0.46
17/12/2025 04:45;0.46
17/12/2025 05:00;0.46
17/12/2025 05:15;0.46
17/12/2025 05:30;0.46
17/12/2025 05:45;0.46
17/12/2025 06:00;0.45
17/12/2025 06:15;0.45
17/12/2025 06:30;0.44
17/12/2025 06:45;0.42
17/12/2025 07:00;0.42
17/12/2025 07:15;0.45
17/12/2025 07:30;0.45
17/12/2025 07:45;0.46
17/12/2025 08:00;0.46
17/12/2025 08:15;0.46
17/12/2025 08:30;0.46
17/12/2025 08:45;0.46
17/12/2025 09:00;0.46
17/12/2025 09:15;0.46
17/12/2025 09:30;0.46
17/12/2025 09:45;0.45
17/12/2025 10:00;0.45
17/12/2025 10:15;0.45
17/12/2025 10:30;0.45
17/12/2025 10:45;0.45
17/12/2025 11:00;0.45
17/12/2025 11:15;0.45
17/12/2025 11:30;0.46
17/12/2025 11:45;0.46
17/12/2025 12:00;0.46
17/12/2025 12:15;0.46
17/12/2025 12:30;0.45
17/12/2025 12:45;0.39
17/12/2025 13:00;0.33
17/12/2025 13:15;0.29
17/12/2025 13:30;0.28
17/12/2025 13:45;0.28
17/12/2025 14:00;0.31
17/12/2025 14:15;0.39
17/12/2025 14:30;0.43
17/12/2025 14:45;0.45
17/12/2025 15:00;0.46
17/12/2025 15:15;0.47
17/12/2025 15:30;0.47
17/12/2025 15:45;0.47
17/12/2025 16:00;0.47
17/12/2025 16:15;0.47
17/12/2025 16:30;0.47
17/12/2025 16:45;0.47
17/12/2025 17:00;0.47
17/12/2025 17:15;0.47
17/12/2025 17:30;0.47
17/12/2025 17:45;0.45
17/12/2025 18:00;0.45
17/12/2025 18:15;0.45
17/12/2025 18:30;0.45
17/12/2025 18:45;0.45
17/12/2025 19:00;0.47
17/12/2025 19:15;0.47
17/12/2025 19:30;0.47
17/12/2025 19:45;0.47
17/12/2025 20:00;0.47
17/12/2025 20:15;0.47
17/12/2025 20:30;0.47
17/12/2025 20:45;0.47
17/12/2025 21:00;0.47
17/12/2025 21:15;0.46
17/12/2025 21:30;0.45
17/12/2025 21:45;0.45
17/12/2025 22:00;0.45
17/12/2025 22:15;0.45
17/12/2025 22:30;0.45
17/12/2025 22:45;0.45
17/12/2025 23:00;0.47
17/12/2025 23:15;0.47
17/12/2025 23:30;0.47
17/12/2025 23:45;0.46
18/12/2025 00:00;0.47
18/12/2025 00:15;0.46
18/12/2025 00:30;0.47
18/12/2025 00:45;0.46
18/12/2025 01:00;0.46
18/12/2025 01:15;0.46
18/12/2025 01:30;0.47
18/12/2025 01:45;0.46
18/12/2025 02:00;0.46
18/12/2025 02:15;0.46
18/12/2025 02:30;0.45
18/12/2025 02:45;0.45
18/12/2025 03:00;0.45
18/12/2025 03:15;0.45
18/12/2025 03:30;0.45
18/12/2025 03:45;0.45
18/12/2025 04:00;0.46
18/12/2025 04:15;0.46
18/12/2025 04:30;0.46
18/12/2025 04:45;0.46
18/12/2025 05:00;0.46
18/12/2025 05:15;0.46
18/12/2025 05:30;0.46
18/12/2025 05:45;0.46
18/12/2025 06:00;0.46
18/12/2025 06:15;0.46
18/12/2025 06:30;0.46
18/12/2025 06:45;0.46
18/12/2025 07:00;0.46
18/12/2025 07:15;0.46
18/12/2025 07:30;0.46
18/12/2025 07:45;0.46
18/12/2025 08:00;0.46
18/12/2025 08:15;0.46
18/12/2025 08:30;0.46
18/12/2025 08:45;0.46
18/12/2025 09:00;0.46
18/12/2025 09:15;0.46
18/12/2025 09:30;0.46
18/12/2025 09:45;0.46
18/12/2025 10:00;0.46
18/12/2025 10:15;0.46
18/12/2025 10:30;0.46
18/12/2025 10:45;0.46
18/12/2025 11:00;0.46
18/12/2025 11:15;0.46
18/12/2025 11:30;0.46
18/12/2025 11:45;0.46
18/12/2025 12:00;0.46
18/12/2025 12:15;0.47
18/12/2025 12:30;0.47
18/12/2025 12:45;0.47
18/12/2025 13:00;0.47
18/12/2025 13:15;0.47
18/12/2025 13:30;0.47
18/12/2025 13:45;0.47
18/12/2025 14:00;0.47
18/12/2025 14:15;0.47
18/12/2025 14:30;0.47
18/12/2025 14:45;0.47
18/12/2025 15:00;0.47
18/12/2025 15:15;0.47
18/12/2025 15:30;0.47
18/12/2025 15:45;0.45
18/12/2025 16:00;0.45
18/12/2025 16:15;0.45
18/12/2025 16:30;0.46
18/12/2025 16:45;0.47
18/12/2025 17:00;0.47
18/12/2025 17:15;0.47
18/12/2025 17:30;0.47
18/12/2025 17:45;0.47
18/12/2025 18:00;0.47
18/12/2025 18:15;0.47
18/12/2025 18:30;0.47
18/12/2025 18:45;0.47
18/12/2025 19:00;0.47
18/12/2025 19:15;0.47
18/12/2025 19:30;0.47
18/12/2025 19:45;0.47
18/12/2025 20:00;0.47
18/12/2025 20:15;0.47
18/12/2025 20:30;0.47
18/12/2025 20:45;0.47
18/12/2025 21:00;0.47
18/12/2025 21:15;0.47
18/12/2025 21:30;0.47
18/12/2025 21:45;0.47
18/12/2025 22:00;0.47
18/12/2025 22:15;0.47
18/12/2025 22:30;0.47
18/12/2025 22:45;0.47
18/12/2025 23:00;0.47
18/12/2025 23:15;0.47
18/12/2025 23:30;0.46
18/12/2025 23:45;0.45
19/12/2025 00:00;0.45
19/12/2025 00:15;0.45
19/12/2025 00:30;0.45
19/12/2025 00:45;0.45
19/12/2025 01:00;0.47
19/12/2025 01:15;0.47
19/12/2025 01:30;0.47
19/12/2025 01:45;0.47
19/12/2025 02:00;0.47
19/12/2025 02:15;0.47
19/12/2025 02:30;0.47
19/12/2025 02:45;0.47
19/12/2025 03:00;0.47
19/12/2025 03:15;0.47
19/12/2025 03:30;0.47
19/12/2025 03:45;0.45
19/12/2025 04:00;0.45
19/12/2025 04:15;0.45
19/12/2025 04:30;0.45
19/12/2025 04:45;0.45
19/12/2025 05:00;0.46
19/12/2025 05:15;0.47
19/12/2025 05:30;0.47
19/12/2025 05:45;0.47
19/12/2025 06:00;0.47
19/12/2025 06:15;0.47
19/12/2025 06:30;0.47
19/12/2025 06:45;0.47
19/12/2025 07:00;0.47
19/12/2025 07:15;0.46
19/12/2025 07:30;0.45
19/12/2025 07:45;0.45
19/12/2025 08:00;0.45
19/12/2025 08:15;0.45
19/12/2025 08:30;0.45
19/12/2025 08:45;0.45
19/12/2025 09:00;0.46
19/12/2025 09:15;0.47
19/12/2025 09:30;0.46
19/12/2025 09:45;0.46
19/12/2025 10:00;0.46
19/12/2025 10:15;0.46
19/12/2025 10:30;0.47
19/12/2025 10:45;0.46
19/12/2025 11:00;0.46
19/12/2025 11:15;0.46
19/12/2025 11:30;0.47
19/12/2025 11:45;0.46
19/12/2025 12:00;0.46
19/12/2025 12:15;0.45
19/12/2025 12:30;0.45
19/12/2025 12:45;0.45
19/12/2025 13:00;0.45
19/12/2025 13:15;0.45
19/12/2025 13:30;0.47
19/12/2025 13:45;0.47
19/12/2025 14:00;0.47
19/12/2025 14:15;0.47
19/12/2025 14:30;0.47
19/12/2025 14:45;0.47
19/12/2025 15:00;0.47
19/12/2025 15:15;0.47
19/12/2025 15:30;0.46
19/12/2025 15:45;0.45
19/12/2025 16:00;0.45
19/12/2025 16:15;0.45
19/12/2025 16:30;0.45
19/12/2025 16:45;0.45
19/12/2025 17:00;0.45
19/12/2025 17:15;0.47
19/12/2025 17:30;0.47
19/12/2025 17:45;0.47
19/12/2025 18:00;0.47
19/12/2025 18:15;0.47
19/12/2025 18:30;0.47
19/12/2025 18:45;0.47
19/12/2025 19:00;0.47
19/12/2025 19:15;0.47
19/12/2025 19:30;0.47
19/12/2025 19:45;0.47
19/12/2025 20:00;0.47
19/12/2025 20:15;0.47
19/12/2025 20:30;0.47
19/12/2025 20:45;0.45
19/12/2025 21:00;0.45
19/12/2025 21:15;0.45
19/12/2025 21:30;0.45
19/12/2025 21:45;0.45
19/12/2025 22:00;0.46
19/12/2025 22:15;0.47
19/12/2025 22:30;0.47
19/12/2025 22:45;0.47
19/12/2025 23:00;0.47
19/12/2025 23:15;0.47
19/12/2025 23:30;0.46
19/12/2025 23:45;0.46
20/12/2025 00:00;0.47
20/12/2025 00:15;0.46
20/12/2025 00:30;0.46
20/12/2025 00:45;0.45
20/12/2025 01:00;0.45
20/12/2025 01:15;0.45
20/12/2025 01:30;0.45
20/12/2025 01:45;0.45
20/12/2025 02:00;0.46
20/12/2025 02:15;0.46
20/12/2025 02:30;0.46
20/12/2025 02:45;0.46
20/12/2025 03:00;0.46
20/12/2025 03:15;0.46
20/12/2025 03:30;0.46
20/12/2025 03:45;0.46
20/12/2025 04:00;0.46
20/12/2025 04:15;0.46
20/12/2025 04:30;0.45
20/12/2025 04:45;0.45
20/12/2025 05:00;0.45
20/12/2025 05:15;0.45
20/12/2025 05:30;0.45
20/12/2025 05:45;0.45
20/12/2025 06:00;0.46
20/12/2025 06:15;0.46
20/12/2025 06:30;0.46
20/12/2025 06:45;0.46
20/12/2025 07:00;0.46
20/12/2025 07:15;0.46
20/12/2025 07:30;0.46
20/12/2025 07:45;0.46
20/12/2025 08:00;0.46
20/12/2025 08:15;0.46
20/12/2025 08:30;0.46
20/12/2025 08:45;0.46
20/12/2025 09:00;0.46
20/12/2025 09:15;0.46
20/12/2025 09:30;0.46
20/12/2025 09:45;0.46
20/12/2025 10:00;0.46
20/12/2025 10:15;0.46
20/12/2025 10:30;0.46
20/12/2025 10:45;0.46
20/12/2025 11:00;0.46
20/12/2025 11:15;0.46
20/12/2025 11:30;0.46
20/12/2025 11:45;0.46
20/12/2025 12:00;0.46
20/12/2025 12:15;0.46
20/12/2025 12:30;0.46
20/12/2025 12:45;0.46
20/12/2025 13:00;0.47
20/12/2025 13:15;0.47
20/12/2025 13:30;0.47
20/12/2025 13:45;0.47
20/12/2025 14:00;0.47
20/12/2025 14:15;0.47
20/12/2025 14:30;0.47
20/12/2025 14:45;0.47
20/12/2025 15:00;0.47
20/12/2025 15:15;0.47
20/12/2025 15:30;0.47
20/12/2025 15:45;0.47
20/12/2025 16:00;0.47
20/12/2025 16:15;0.47
20/12/2025 16:30;0.47
20/12/2025 16:45;0.47
20/12/2025 17:00;0.47
20/12/2025 17:15;0.47
20/12/2025 17:30;0.47
20/12/2025 17:45;0.47
20/12/2025 18:00;0.47
20/12/2025 18:15;0.48
20/12/2025 18:30;0.47
20/12/2025 18:45;0.47
20/12/2025 19:00;0.47
20/12/2025 19:15;0.47
20/12/2025 19:30;0.47
20/12/2025 19:45;0.47
20/12/2025 20:00;0.47
20/12/2025 20:15;0.48
20/12/2025 20:30;0.47
20/12/2025 20:45;0.48
20/12/2025 21:00;0.47
20/12/2025 21:15;0.47
20/12/2025 21:30;0.47
20/12/2025 21:45;0.47
20/12/2025 22:00;0.47
20/12/2025 22:15;0.47
20/12/2025 22:30;0.47
20/12/2025 22:45;0.47
20/12/2025 23:00;0.47
20/12/2025 23:15;0.47
20/12/2025 23:30;0.47
20/12/2025 23:45;0.47
21/12/2025 00:00;0.47
21/12/2025 00:15;0.47
21/12/2025 00:30;0.47
21/12/2025 00:45;0.46
21/12/2025 01:00;0.47
21/12/2025 01:15;0.47
21/12/2025 01:30;0.46
21/12/2025 01:45;0.46
21/12/2025 02:00;0.46
21/12/2025 02:15;0.45
21/12/2025 02:30;0.45
21/12/2025 02:45;0.45
21/12/2025 03:00;0.45
21/12/2025 03:15;0.45
21/12/2025 03:30;0.45
21/12/2025 03:45;0.46
21/12/2025 04:00;0.46
21/12/2025 04:15;0.46
21/12/2025 04:30;0.46
21/12/2025 04:45;0.46
21/12/2025 05:00;0.46
21/12/2025 05:15;0.46
21/12/2025 05:30;0.46
21/12/2025 05:45;0.46
21/12/2025 06:00;0.46
21/12/2025 06:15;0.46
21/12/2025 06:30;0.46
21/12/2025 06:45;0.46
21/12/2025 07:00;0.46
21/12/2025 07:15;0.46
21/12/2025 07:30;0.46
21/12/2025 07:45;0.46
21/12/2025 08:00;0.46
21/12/2025 08:15;0.46
21/12/2025 08:30;0.45
21/12/2025 08:45;0.45
21/12/2025 09:00;0.45
21/12/2025 09:15;0.45
21/12/2025 09:30;0.45
21/12/2025 09:45;0.46
21/12/2025 10:00;0.46
21/12/2025 10:15;0.46
21/12/2025 10:30;0.46
21/12/2025 10:45;0.46
21/12/2025 11:00;0.46
21/12/2025 11:15;0.46
21/12/2025 11:30;0.46
21/12/2025 11:45;0.46
21/12/2025 12:00;0.46
21/12/2025 12:15;0.46
21/12/2025 12:30;0.46
21/12/2025 12:45;0.46
21/12/2025 13:00;0.45
21/12/2025 13:15;0.45
21/12/2025 13:30;0.45
21/12/2025 13:45;0.45
21/12/2025 14:00;0.45
21/12/2025 14:15;0.45
21/12/2025 14:30;0.46
21/12/2025 14:45;0.46
21/12/2025 15:00;0.46
21/12/2025 15:15;0.46
21/12/2025 15:30;0.46
21/12/2025 15:45;0.46
21/12/2025 16:00;0.46
21/12/2025 16:15;0.46
21/12/2025 16:30;0.46
21/12/2025 16:45;0.46
21/12/2025 17:00;0.46
21/12/2025 17:15;0.46
21/12/2025 17:30;0.46
21/12/2025 17:45;0.46
21/12/2025 18:00;0.45
21/12/2025 18:15;0.45
21/12/2025 18:30;0.45
21/12/2025 18:45;0.45
21/12/2025 19:00;0.45
21/12/2025 19:15;0.45
21/12/2025 19:30;0.46
21/12/2025 19:45;0.46
21/12/2025 20:00;0.46
21/12/2025 20:15;0.46
21/12/2025 20:30;0.46
21/12/2025 20:45;0.46
21/12/2025 21:00;0.46
21/12/2025 21:15;0.46
21/12/2025 21:30;0.46
21/12/2025 21:45;0.46
21/12/2025 22:00;0.46
21/12/2025 22:15;0.46
21/12/2025 22:30;0.45
21/12/2025 22:45;0.45
21/12/2025 23:00;0.45
21/12/2025 23:15;0.45
21/12/2025 23:30;0.45
21/12/2025 23:45;0.46
22/12/2025 00:00;0.46
22/12/2025 00:15;0.46
22/12/2025 00:30;0.46
22/12/2025 00:45;0.46
22/12/2025 01:00;0.46
22/12/2025 01:15;0.46
22/12/2025 01:30;0.46
22/12/2025 01:45;0.46
22/12/2025 02:00;0.46
22/12/2025 02:15;0.45
22/12/2025 02:30;0.45
22/12/2025 02:45;0.45
22/12/2025 03:00;0.45
22/12/2025 03:15;0.45
22/12/2025 03:30;0.45
22/12/2025 03:45;0.46
22/12/2025 04:00;0.46
22/12/2025 04:15;0.46
22/12/2025 04:30;0.46
22/12/2025 04:45;0.46
22/12/2025 05:00;0.46
22/12/2025 05:15;0.46
22/12/2025 05:30;0.46
22/12/2025 05:45;0.46
22/12/2025 06:00;0.46
22/12/2025 06:15;0.46
22/12/2025 06:30;0.46
22/12/2025 06:45;0.45
22/12/2025 07:00;0.45
22/12/2025 07:15;0.45
22/12/2025 07:30;0.45
22/12/2025 07:45;0.46
22/12/2025 08:00;0.46
22/12/2025 08:15;0.46
22/12/2025 08:30;0.46
22/12/2025 08:45;0.46
22/12/2025 09:00;0.46
22/12/2025 09:15;0.46
22/12/2025 09:30;0.46
22/12/2025 09:45;0.46
22/12/2025 10:00;0.46
22/12/2025 10:15;0.46
22/12/2025 10:30;0.46
22/12/2025 10:45;0.45
22/12/2025 11:00;0.45
22/12/2025 11:15;0.45
22/12/2025 11:30;0.45
22/12/2025 11:45;0.46
22/12/2025 12:00;0.46
22/12/2025 12:15;0.46
22/12/2025 12:30;0.46
22/12/2025 12:45;0.46
22/12/2025 13:00;0.46
22/12/2025 13:15;0.46
22/12/2025 13:30;0.47
22/12/2025 13:45;0.47
22/12/2025 14:00;0.47
22/12/2025 14:15;0.47
22/12/2025 14:30;0.47
22/12/2025 14:45;0.48
22/12/2025 15:00;0.49
22/12/2025 15:15;0.49
22/12/2025 15:30;0.49
22/12/2025 15:45;0.49
22/12/2025 16:00;0.49
22/12/2025 16:15;0.49
22/12/2025 16:30;0.49
22/12/2025 16:45;0.49
22/12/2025 17:00;0.49
22/12/2025 17:15;0.49
22/12/2025 17:30;0.49
22/12/2025 17:45;0.49
22/12/2025 18:00;0.49
22/12/2025 18:15;0.55
22/12/2025 18:30;7.47
22/12/2025 18:45;10.09
22/12/2025 19:00;10.29
22/12/2025 19:15;10.37
22/12/2025 19:30;10.49
22/12/2025 19:45;10.56
22/12/2025 20:00;10.6
22/12/2025 20:15;10.6
22/12/2025 20:30;10.6
22/12/2025 20:45;10.63
22/12/2025 21:00;10.48
22/12/2025 21:15;10.01
22/12/2025 21:30;9.95
22/12/2025 21:45;9.89
22/12/2025 22:00;10.06
22/12/2025 22:15;10.09
22/12/2025 22:30;10.1
22/12/2025 22:45;10.13
22/12/2025 23:00;10.1
22/12/2025 23:15;10.1
22/12/2025 23:30;10.14
22/12/2025 23:45;10.13
23/12/2025 00:00;10.12
23/12/2025 00:15;10.1
23/12/2025 00:30;10.1
23/12/2025 00:45;10.1
23/12/2025 01:00;10.1
23/12/2025 01:15;10.09
23/12/2025 01:30;10.1
23/12/2025 01:45;10.1
23/12/2025 02:00;10.09
23/12/2025 02:15;10.08
23/12/2025 02:30;10.09
23/12/2025 02:45;10.08
23/12/2025 03:00;10.08
23/12/2025 03:15;10.06
23/12/2025 03:30;10.07
23/12/2025 03:45;10.09
23/12/2025 04:00;10.1
23/12/2025 04:15;10.1
23/12/2025 04:30;10.1
23/12/2025 04:45;10.1
23/12/2025 05:00;10.1
23/12/2025 05:15;10.1
23/12/2025 05:30;10.09
23/12/2025 05:45;10.1
23/12/2025 06:00;10.1
23/12/2025 06:15;10.1
23/12/2025 06:30;10.1
23/12/2025 06:45;10.08
23/12/2025 07:00;10.08
23/12/2025 07:15;10.07
23/12/2025 07:30;10.08
23/12/2025 07:45;10.1
23/12/2025 08:00;10.12
23/12/2025 08:15;10.1
23/12/2025 08:30;10.1
23/12/2025 08:45;10.12
23/12/2025 09:00;10.12
23/12/2025 09:15;10.1
23/12/2025 09:30;10.12
23/12/2025 09:45;10.13
23/12/2025 10:00;10.12
23/12/2025 10:15;10.14
23/12/2025 10:30;10.13
23/12/2025 10:45;10.14
23/12/2025 11:00;10.14
23/12/2025 11:15;10.12
23/12/2025 11:30;10.12
23/12/2025 11:45;10.12
23/12/2025 12:00;10.12
23/12/2025 12:15;10.1
23/12/2025 12:30;10.08
23/12/2025 12:45;10.09
23/12/2025 13:00;10.1
23/12/2025 13:15;10.1
23/12/2025 13:30;10.07
23/12/2025 13:45;10.1
23/12/2025 14:00;10.12
23/12/2025 14:15;10.14
23/12/2025 14:30;10.14
23/12/2025 14:45;10.14
23/12/2025 15:00;10.13
23/12/2025 15:15;10.13
23/12/2025 15:30;10.12
23/12/2025 15:45;10.13
23/12/2025 16:00;10.1
23/12/2025 16:15;10.14
23/12/2025 16:30;10.14
23/12/2025 16:45;10.14
23/12/2025 17:00;10.14
23/12/2025 17:15;10.14
23/12/2025 17:30;10.14
23/12/2025 17:45;10.12
23/12/2025 18:00;10.12
23/12/2025 18:15;10.13
23/12/2025 18:30;10.1
23/12/2025 18:45;10.12
23/12/2025 19:00;10.1
23/12/2025 19:15;10.1
23/12/2025 19:30;10.1
23/12/2025 19:45;10.1
23/12/2025 20:00;10.1
23/12/2025 20:15;10.09
23/12/2025 20:30;10.09
23/12/2025 20:45;10.1
23/12/2025 21:00;10.14
23/12/2025 21:15;10.13
23/12/2025 21:30;10.12
23/12/2025 21:45;10.12
23/12/2025 22:00;10.14
23/12/2025 22:15;10.14
23/12/2025 22:30;8.96
23/12/2025 22:45;7.01
23/12/2025 23:00;6.66
23/12/2025 23:15;6.49
23/12/2025 23:30;6.3
23/12/2025 23:45;6.1
24/12/2025 00:00;6.05
24/12/2025 00:15;6.02
24/12/2025 00:30;6.01
24/12/2025 00:45;6.02
24/12/2025 01:00;6.03
24/12/2025 01:15;6.03
24/12/2025 01:30;6.03
24/12/2025 01:45;6.04
24/12/2025 02:00;6.02
24/12/2025 02:15;6.01
24/12/2025 02:30;6.03
24/12/2025 02:45;6.05
24/12/2025 03:00;6.03
24/12/2025 03:15;5.99
24/12/2025 03:30;5.98
24/12/2025 03:45;5.99
24/12/2025 04:00;6
24/12/2025 04:15;6
24/12/2025 04:30;5.99
24/12/2025 04:45;6.02
24/12/2025 05:00;6.03
24/12/2025 05:15;6.02
24/12/2025 05:30;6.02
24/12/2025 05:45;6.01
24/12/2025 06:00;6.02
24/12/2025 06:15;6.02
24/12/2025 06:30;6.02
24/12/2025 06:45;6
24/12/2025 07:00;6
24/12/2025 07:15;5.99
24/12/2025 07:30;5.97
24/12/2025 07:45;5.98
24/12/2025 08:00;5.96
24/12/2025 08:15;5.95
24/12/2025 08:30;5.93
24/12/2025 08:45;5.94
24/12/2025 09:00;5.96
24/12/2025 09:15;5.99
24/12/2025 09:30;5.99
24/12/2025 09:45;7.91
24/12/2025 10:00;9.85
24/12/2025 10:15;10.1
24/12/2025 10:30;10.25
24/12/2025 10:45;10.31
24/12/2025 11:00;10.35
24/12/2025 11:15;10.38
24/12/2025 11:30;10.38
24/12/2025 11:45;10.29
24/12/2025 12:00;10.03
24/12/2025 12:15;10
24/12/2025 12:30;9.96
24/12/2025 12:45;10.05
24/12/2025 13:00;10.12
24/12/2025 13:15;10.13
24/12/2025 13:30;10.14
24/12/2025 13:45;10.14
24/12/2025 14:00;10.14
24/12/2025 14:15;10.13
24/12/2025 14:30;10.14
24/12/2025 14:45;10.13
24/12/2025 15:00;10.1
24/12/2025 15:15;10.09
24/12/2025 15:30;10.1
24/12/2025 15:45;10.08
24/12/2025 16:00;10.08
24/12/2025 16:15;10.07
24/12/2025 16:30;10.08
24/12/2025 16:45;10.12
24/12/2025 17:00;10.14
24/12/2025 17:15;10.1
24/12/2025 17:30;10.12
24/12/2025 17:45;10.14
24/12/2025 18:00;10.13
24/12/2025 18:15;10.13
24/12/2025 18:30;10.14
24/12/2025 18:45;10.14
24/12/2025 19:00;10.14
24/12/2025 19:15;10.12
24/12/2025 19:30;10.12
24/12/2025 19:45;10.13
24/12/2025 20:00;10.1
24/12/2025 20:15;10.1
24/12/2025 20:30;10.09
24/12/2025 20:45;10.12
24/12/2025 21:00;10.16
24/12/2025 21:15;10.13
24/12/2025 21:30;10.13
24/12/2025 21:45;10.14
24/12/2025 22:00;10.14
24/12/2025 22:15;10.13
24/12/2025 22:30;10.14
24/12/2025 22:45;10.14
24/12/2025 23:00;10.14
24/12/2025 23:15;10.14
24/12/2025 23:30;10.13
24/12/2025 23:45;10.14
25/12/2025 00:00;10.13
25/12/2025 00:15;10.13
25/12/2025 00:30;10.14
25/12/2025 00:45;10.14
25/12/2025 01:00;10.14
25/12/2025 01:15;10.14
25/12/2025 01:30;10.14
25/12/2025 01:45;10.14
25/12/2025 02:00;10.14
25/12/2025 02:15;10.13
25/12/2025 02:30;10.12
25/12/2025 02:45;10.12
25/12/2025 03:00;10.1
25/12/2025 03:15;10.1
25/12/2025 03:30;10.1
25/12/2025 03:45;10.17
25/12/2025 04:00;10.16
25/12/2025 04:15;10.14
25/12/2025 04:30;10.14
25/12/2025 04:45;10.17
25/12/2025 05:00;10.14
25/12/2025 05:15;10.17
25/12/2025 05:30;10.13
25/12/2025 05:45;10.14
25/12/2025 06:00;10.16
25/12/2025 06:15;10.14
25/12/2025 06:30;10.14
25/12/2025 06:45;10.17
25/12/2025 07:00;10.17
25/12/2025 07:15;10.16
25/12/2025 07:30;10.17
25/12/2025 07:45;10.16
25/12/2025 08:00;10.18
25/12/2025 08:15;10.17
25/12/2025 08:30;10.18
25/12/2025 08:45;10.17
25/12/2025 09:00;10.16
25/12/2025 09:15;10.14
25/12/2025 09:30;10.18
25/12/2025 09:45;10.18
25/12/2025 10:00;10.17
25/12/2025 10:15;10.18
25/12/2025 10:30;10.16
25/12/2025 10:45;10.16
25/12/2025 11:00;10.16
25/12/2025 11:15;10.18
25/12/2025 11:30;10.18
25/12/2025 11:45;10.18
25/12/2025 12:00;10.17
25/12/2025 12:15;10.17
25/12/2025 12:30;10.14
25/12/2025 12:45;10.14
25/12/2025 13:00;10.16
25/12/2025 13:15;10.16
25/12/2025 13:30;10.14
25/12/2025 13:45;10.14
25/12/2025 14:00;10.16
25/12/2025 14:15;10.17
25/12/2025 14:30;10.16
25/12/2025 14:45;10.17
25/12/2025 15:00;10.17
25/12/2025 15:15;10.18
25/12/2025 15:30;10.14
25/12/2025 15:45;10.18
25/12/2025 16:00;10.18
25/12/2025 16:15;10.17
25/12/2025 16:30;10.17
25/12/2025 16:45;10.18
25/12/2025 17:00;10.17
25/12/2025 17:15;10.16
25/12/2025 17:30;10.18
25/12/2025 17:45;10.18
25/12/2025 18:00;10.16
25/12/2025 18:15;10.14
25/12/2025 18:30;10.14
25/12/2025 18:45;10.17
25/12/2025 19:00;10.16
25/12/2025 19:15;10.14
25/12/2025 19:30;10.13
25/12/2025 19:45;10.13
25/12/2025 20:00;10.12
25/12/2025 20:15;10.13
25/12/2025 20:30;10.13
25/12/2025 20:45;10.12
25/12/2025 21:00;10.14
25/12/2025 21:15;10.16
25/12/2025 21:30;10.16
25/12/2025 21:45;10.14
25/12/2025 22:00;10.14
25/12/2025 22:15;10.16
25/12/2025 22:30;10.17
25/12/2025 22:45;10.14
25/12/2025 23:00;10.13
25/12/2025 23:15;10.14
25/12/2025 23:30;10.18
25/12/2025 23:45;10.16
26/12/2025 00:00;10.14
26/12/2025 00:15;10.14
26/12/2025 00:30;10.14
26/12/2025 00:45;10.14
26/12/2025 01:00;10.13
26/12/2025 01:15;10.13
26/12/2025 01:30;10.12
26/12/2025 01:45;10.14
26/12/2025 02:00;10.16
26/12/2025 02:15;10.17
26/12/2025 02:30;10.14
26/12/2025 02:45;10.16
26/12/2025 03:00;10.16
26/12/2025 03:15;10.16
26/12/2025 03:30;10.14
26/12/2025 03:45;10.16
26/12/2025 04:00;10.14
26/12/2025 04:15;10.14
26/12/2025 04:30;10.14
26/12/2025 04:45;10.13
26/12/2025 05:00;10.12
26/12/2025 05:15;10.13
26/12/2025 05:30;10.1
26/12/2025 05:45;10.14
26/12/2025 06:00;10.14
26/12/2025 06:15;10.16
26/12/2025 06:30;10.17
26/12/2025 06:45;10.16
26/12/2025 07:00;10.16
26/12/2025 07:15;10.16
26/12/2025 07:30;10.18
26/12/2025 07:45;10.17
26/12/2025 08:00;10.13
26/12/2025 08:15;10.13
26/12/2025 08:30;10.12
26/12/2025 08:45;10.13
26/12/2025 09:00;10.12
26/12/2025 09:15;10.1
26/12/2025 09:30;10.13
26/12/2025 09:45;10.14
26/12/2025 10:00;10.16
26/12/2025 10:15;10.16
26/12/2025 10:30;10.14
26/12/2025 10:45;10.16
26/12/2025 11:00;10.14
26/12/2025 11:15;10.12
26/12/2025 11:30;10.09
26/12/2025 11:45;10.1
26/12/2025 12:00;10.08
26/12/2025 12:15;10.08
26/12/2025 12:30;10.1
26/12/2025 12:45;10.12
26/12/2025 13:00;10.14
26/12/2025 13:15;10.16
26/12/2025 13:30;10.14
26/12/2025 13:45;10.14
26/12/2025 14:00;10.14
26/12/2025 14:15;10.14
26/12/2025 14:30;10.14
26/12/2025 14:45;10.14
26/12/2025 15:00;10.16
26/12/2025 15:15;10.14
26/12/2025 15:30;10.16
26/12/2025 15:45;10.14
26/12/2025 16:00;10.14
26/12/2025 16:15;10.14
26/12/2025 16:30;10.14
26/12/2025 16:45;10.14
26/12/2025 17:00;10.14
26/12/2025 17:15;10.16
26/12/2025 17:30;10.18
26/12/2025 17:45;10.12
26/12/2025 18:00;10.12
26/12/2025 18:15;10.12
26/12/2025 18:30;10.12
26/12/2025 18:45;10.1
26/12/2025 19:00;10.12
26/12/2025 19:15;10.13
26/12/2025 19:30;10.12
26/12/2025 19:45;10.13
26/12/2025 20:00;10.17
26/12/2025 20:15;10.17
26/12/2025 20:30;10.14
26/12/2025 20:45;10.14
26/12/2025 21:00;10.16
26/12/2025 21:15;10.14
26/12/2025 21:30;10.14
26/12/2025 21:45;10.16
26/12/2025 22:00;10.13
26/12/2025 22:15;10.13
26/12/2025 22:30;10.14
26/12/2025 22:45;10.14
26/12/2025 23:00;10.14
26/12/2025 23:15;10.14
26/12/2025 23:30;10.14
26/12/2025 23:45;10.14
27/12/2025 00:00;10.17
27/12/2025 00:15;10.14
27/12/2025 00:30;10.12
27/12/2025 00:45;10.14
27/12/2025 01:00;10.14
27/12/2025 01:15;10.14
27/12/2025 01:30;10.14
27/12/2025 01:45;10.14
27/12/2025 02:00;10.14
27/12/2025 02:15;10.14
27/12/2025 02:30;10.14
27/12/2025 02:45;10.13
27/12/2025 03:00;10.12
27/12/2025 03:15;10.1
27/12/2025 03:30;10.13
27/12/2025 03:45;10.16
27/12/2025 04:00;10.16
27/12/2025 04:15;10.17
27/12/2025 04:30;10.14
27/12/2025 04:45;10.14
27/12/2025 05:00;10.14
27/12/2025 05:15;10.17
27/12/2025 05:30;10.14
27/12/2025 05:45;10.14
27/12/2025 06:00;10.14
27/12/2025 06:15;10.1
27/12/2025 06:30;10.13
27/12/2025 06:45;10.13
27/12/2025 07:00;10.1
27/12/2025 07:15;10.12
27/12/2025 07:30;10.13
27/12/2025 07:45;10.1
27/12/2025 08:00;10.1
27/12/2025 08:15;10.1
27/12/2025 08:30;10.12
27/12/2025 08:45;10.13
27/12/2025 09:00;10.13
27/12/2025 09:15;10.1
27/12/2025 09:30;10.12
27/12/2025 09:45;10.1
27/12/2025 10:00;10.12
27/12/2025 10:15;10.13
27/12/2025 10:30;10.13
27/12/2025 10:45;10.14
27/12/2025 11:00;10.14
27/12/2025 11:15;10.14
27/12/2025 11:30;10.13
27/12/2025 11:45;10.13
27/12/2025 12:00;10.1
27/12/2025 12:15;10.1
27/12/2025 12:30;10.13
27/12/2025 12:45;10.12
27/12/2025 13:00;10.13
27/12/2025 13:15;10.12
27/12/2025 13:30;10.12
27/12/2025 13:45;10.13
27/12/2025 14:00;10.13
27/12/2025 14:15;10.14
27/12/2025 14:30;10.14
27/12/2025 14:45;10.14
27/12/2025 15:00;10.14
27/12/2025 15:15;10.14
27/12/2025 15:30;10.16
27/12/2025 15:45;10.16
27/12/2025 16:00;10.14
27/12/2025 16:15;10.16
27/12/2025 16:30;10.16
27/12/2025 16:45;10.16
27/12/2025 17:00;10.16
27/12/2025 17:15;10.17
27/12/2025 17:30;10.17
27/12/2025 17:45;10.16
27/12/2025 18:00;10.16
27/12/2025 18:15;10.14
27/12/2025 18:30;10.13
27/12/2025 18:45;10.14
27/12/2025 19:00;10.17
27/12/2025 19:15;10.13
27/12/2025 19:30;10.14
27/12/2025 19:45;10.17
27/12/2025 20:00;10.17
27/12/2025 20:15;10.17
27/12/2025 20:30;10.18
27/12/2025 20:45;10.14
27/12/2025 21:00;10.14
27/12/2025 21:15;10.14
27/12/2025 21:30;10.16
27/12/2025 21:45;10.14
27/12/2025 22:00;10.12
27/12/2025 22:15;10.14
27/12/2025 22:30;10.12
27/12/2025 22:45;10.1
27/12/2025 23:00;10.13
27/12/2025 23:15;10.1
27/12/2025 23:30;10.13
27/12/2025 23:45;10.1
28/12/2025 00:00;10.1
28/12/2025 00:15;10.1
28/12/2025 00:30;10.1
28/12/2025 00:45;10.1
28/12/2025 01:00;10.12
28/12/2025 01:15;10.12
28/12/2025 01:30;10.14
28/12/2025 01:45;10.14
28/12/2025 02:00;10.14
28/12/2025 02:15;10.14
28/12/2025 02:30;10.1
28/12/2025 02:45;10.13
28/12/2025 03:00;10.14
28/12/2025 03:15;10.14
28/12/2025 03:30;10.12
28/12/2025 03:45;10.13
28/12/2025 04:00;10.13
28/12/2025 04:15;10.1
28/12/2025 04:30;10.1
28/12/2025 04:45;10.1
28/12/2025 05:00;10.1
28/12/2025 05:15;10.12
28/12/2025 05:30;10.14
28/12/2025 05:45;10.14
28/12/2025 06:00;10.14
28/12/2025 06:15;10.17
28/12/2025 06:30;10.14
28/12/2025 06:45;10.14
28/12/2025 07:00;10.13
28/12/2025 07:15;10.13
28/12/2025 07:30;10.14
28/12/2025 07:45;10.1
28/12/2025 08:00;10.1
28/12/2025 08:15;10.12
28/12/2025 08:30;10.1
28/12/2025 08:45;10.13
28/12/2025 09:00;10.1
28/12/2025 09:15;10.62
28/12/2025 09:30;15.46
28/12/2025 09:45;16.45
28/12/2025 10:00;16.78
28/12/2025 10:15;16.95
28/12/2025 10:30;17.02
28/12/2025 10:45;17.04
28/12/2025 11:00;17.06
28/12/2025 11:15;17.08
28/12/2025 11:30;17.12
28/12/2025 11:45;17.07
28/12/2025 12:00;17.02
28/12/2025 12:15;17.06
28/12/2025 12:30;17.03
28/12/2025 12:45;17.06
28/12/2025 13:00;17.06
28/12/2025 13:15;17.1
28/12/2025 13:30;17.12
28/12/2025 13:45;17.09
28/12/2025 14:00;17.08
28/12/2025 14:15;17.1
28/12/2025 14:30;17.09
28/12/2025 14:45;17.07
28/12/2025 15:00;17.07
28/12/2025 15:15;17.06
28/12/2025 15:30;17.04
28/12/2025 15:45;17.07
28/12/2025 16:00;17
28/12/2025 16:15;17.04
28/12/2025 16:30;17.04
28/12/2025 16:45;17.03
28/12/2025 17:00;17.04
28/12/2025 17:15;17.07
28/12/2025 17:30;17.03
28/12/2025 17:45;17.01
28/12/2025 18:00;17.03
28/12/2025 18:15;17.06
28/12/2025 18:30;17.04
28/12/2025 18:45;17.06
28/12/2025 19:00;16.98
28/12/2025 19:15;17
28/12/2025 19:30;17
28/12/2025 19:45;17.01
28/12/2025 20:00;17.02
28/12/2025 20:15;17.01
28/12/2025 20:30;17
28/12/2025 20:45;17.04
28/12/2025 21:00;17.04
28/12/2025 21:15;17.02
28/12/2025 21:30;17.07
28/12/2025 21:45;17.79
28/12/2025 22:00;18.29
28/12/2025 22:15;18.36
28/12/2025 22:30;18.44
28/12/2025 22:45;18.46
28/12/2025 23:00;18.57
28/12/2025 23:15;18.56
28/12/2025 23:30;18.54
28/12/2025 23:45;18.54
29/12/2025 00:00;18.57
29/12/2025 00:15;18.58
29/12/2025 00:30;18.56
29/12/2025 00:45;18.6
29/12/2025 01:00;18.58
29/12/2025 01:15;18.6
29/12/2025 01:30;18.57
29/12/2025 01:45;18.56
29/12/2025 02:00;18.56
29/12/2025 02:15;18.57
29/12/2025 02:30;18.54
29/12/2025 02:45;18.65
29/12/2025 03:00;18.64
29/12/2025 03:15;18.64
29/12/2025 03:30;18.62
29/12/2025 03:45;18.58
29/12/2025 04:00;18.6
29/12/2025 04:15;18.6
29/12/2025 04:30;18.59
29/12/2025 04:45;18.64
29/12/2025 05:00;18.68
29/12/2025 05:15;18.68
29/12/2025 05:30;18.67
29/12/2025 05:45;18.65
29/12/2025 06:00;18.68
29/12/2025 06:15;18.62
29/12/2025 06:30;18.62
29/12/2025 06:45;18.64
29/12/2025 07:00;18.61
29/12/2025 07:15;18.6
29/12/2025 07:30;18.65
29/12/2025 07:45;18.62
29/12/2025 08:00;18.66
29/12/2025 08:15;18.61
29/12/2025 08:30;18.64
29/12/2025 08:45;18.65
29/12/2025 09:00;18.66
29/12/2025 09:15;18.67
29/12/2025 09:30;18.68
29/12/2025 09:45;18.68
29/12/2025 10:00;18.62
29/12/2025 10:15;18.67
29/12/2025 10:30;18.62
29/12/2025 10:45;18.65
29/12/2025 11:00;18.66
29/12/2025 11:15;18.64
29/12/2025 11:30;18.66
29/12/2025 11:45;18.67
29/12/2025 12:00;18.65
29/12/2025 12:15;18.68
29/12/2025 12:30;18.62
29/12/2025 12:45;18.64
29/12/2025 13:00;18.64
29/12/2025 13:15;18.69
29/12/2025 13:30;18.62
29/12/2025 13:45;18.62
29/12/2025 14:00;18.65
29/12/2025 14:15;18.65
29/12/2025 14:30;18.62
29/12/2025 14:45;18.61
29/12/2025 15:00;18.59
29/12/2025 15:15;18.65
29/12/2025 15:30;18.6
29/12/2025 15:45;18.61
29/12/2025 16:00;18.6
29/12/2025 16:15;18.61
29/12/2025 16:30;18.6
29/12/2025 16:45;18.6
29/12/2025 17:00;18.61
29/12/2025 17:15;18.61
29/12/2025 17:30;18.6
29/12/2025 17:45;18.58
29/12/2025 18:00;18.6
29/12/2025 18:15;18.59
29/12/2025 18:30;18.6
29/12/2025 18:45;18.56
29/12/2025 19:00;18.61
29/12/2025 19:15;18.58
29/12/2025 19:30;18.58
29/12/2025 19:45;18.6
29/12/2025 20:00;18.61
29/12/2025 20:15;18.61
29/12/2025 20:30;18.57
29/12/2025 20:45;18.59
29/12/2025 21:00;18.54
29/12/2025 21:15;18.56
29/12/2025 21:30;18.6
29/12/2025 21:45;18.61
29/12/2025 22:00;18.58
29/12/2025 22:15;18.59
29/12/2025 22:30;18.58
29/12/2025 22:45;18.56
29/12/2025 23:00;18.58
29/12/2025 23:15;18.58
29/12/2025 23:30;18.57
29/12/2025 23:45;18.58
30/12/2025 00:00;18.54
30/12/2025 00:15;18.56
30/12/2025 00:30;18.56
30/12/2025 00:45;18.57
30/12/2025 01:00;18.57
30/12/2025 01:15;18.56
30/12/2025 01:30;18.56
30/12/2025 01:45;18.57
30/12/2025 02:00;18.6
30/12/2025 02:15;18.59
30/12/2025 02:30;18.6
30/12/2025 02:45;18.58
30/12/2025 03:00;18.56
30/12/2025 03:15;18.54
30/12/2025 03:30;18.54
30/12/2025 03:45;18.54
30/12/2025 04:00;18.52
30/12/2025 04:15;18.49
30/12/2025 04:30;18.53
30/12/2025 04:45;18.52
30/12/2025 05:00;18.57
30/12/2025 05:15;18.57
30/12/2025 05:30;18.54
30/12/2025 05:45;18.53
30/12/2025 06:00;18.51
30/12/2025 06:15;18.56
30/12/2025 06:30;18.57
30/12/2025 06:45;18.57
30/12/2025 07:00;18.61
30/12/2025 07:15;18.57
30/12/2025 07:30;18.53
30/12/2025 07:45;18.54
30/12/2025 08:00;18.54
30/12/2025 08:15;18.54
30/12/2025 08:30;18.52
30/12/2025 08:45;18.57
30/12/2025 09:00;18.57
30/12/2025 09:15;18.57
30/12/2025 09:30;18.57
30/12/2025 09:45;18.58
30/12/2025 10:00;18.56
30/12/2025 10:15;18.58
30/12/2025 10:30;18.58
30/12/2025 10:45;18.54
30/12/2025 11:00;18.56
30/12/2025 11:15;18.52
30/12/2025 11:30;18.54
30/12/2025 11:45;18.53
30/12/2025 12:00;18.52
30/12/2025 12:15;18.53
30/12/2025 12:30;18.51
30/12/2025 12:45;18.54
30/12/2025 13:00;18.54
30/12/2025 13:15;18.5
30/12/2025 13:30;18.53
30/12/2025 13:45;18.53
30/12/2025 14:00;18.54
30/12/2025 14:15;18.54
30/12/2025 14:30;18.56
30/12/2025 14:45;18.54
30/12/2025 15:00;18.54
30/12/2025 15:15;18.5
30/12/2025 15:30;18.49
30/12/2025 15:45;18.49
30/12/2025 16:00;18.49
30/12/2025 16:15;18.53
30/12/2025 16:30;18.5
30/12/2025 16:45;18.57
30/12/2025 17:00;18.54
30/12/2025 17:15;18.48
30/12/2025 17:30;18.46
30/12/2025 17:45;18.48
30/12/2025 18:00;18.49
30/12/2025 18:15;18.5
30/12/2025 18:30;18.48
30/12/2025 18:45;18.5
30/12/2025 19:00;18.46
30/12/2025 19:15;17.66
30/12/2025 19:30;17.12
30/12/2025 19:45;17.03
30/12/2025 20:00;16.96
30/12/2025 20:15;16.98
30/12/2025 20:30;16.95
30/12/2025 20:45;16.96
30/12/2025 21:00;16.95
30/12/2025 21:15;16.95
30/12/2025 21:30;16.95
30/12/2025 21:45;16.93
30/12/2025 22:00;16.92
30/12/2025 22:15;16.91
30/12/2025 22:30;16.92
30/12/2025 22:45;16.91
30/12/2025 23:00;16.92
30/12/2025 23:15;16.94
30/12/2025 23:30;16.93
30/12/2025 23:45;16.95
31/12/2025 00:00;16.94
31/12/2025 00:15;16.95
31/12/2025 00:30;16.92
31/12/2025 00:45;16.95
31/12/2025 01:00;16.95
31/12/2025 01:15;16.96
31/12/2025 01:30;16.96
31/12/2025 01:45;16.95
31/12/2025 02:00;16.96
31/12/2025 02:15;16.95
31/12/2025 02:30;16.95
31/12/2025 02:45;16.94
31/12/2025 03:00;16.94
31/12/2025 03:15;16.93
31/12/2025 03:30;16.94
31/12/2025 03:45;16.95
31/12/2025 04:00;16.95
31/12/2025 04:15;16.98
31/12/2025 04:30;16.95
31/12/2025 04:45;16.99
31/12/2025 05:00;16.95
31/12/2025 05:15;16.99
31/12/2025 05:30;16.95
31/12/2025 05:45;16.96
31/12/2025 06:00;16.93
31/12/2025 06:15;16.93
31/12/2025 06:30;16.94
31/12/2025 06:45;16.94
31/12/2025 07:00;16.93
31/12/2025 07:15;16.91
31/12/2025 07:30;16.9
31/12/2025 07:45;16.9
31/12/2025 08:00;16.95
31/12/2025 08:15;16.94
31/12/2025 08:30;16.96
31/12/2025 08:45;16.93
31/12/2025 09:00;16.94
31/12/2025 09:15;16.95
31/12/2025 09:30;16.98
31/12/2025 09:45;16.94
31/12/2025 10:00;16.93
31/12/2025 10:15;16.92
31/12/2025 10:30;16.92
31/12/2025 10:45;16.91
31/12/2025 11:00;16.89
31/12/2025 11:15;16.89
31/12/2025 11:30;16.89
31/12/2025 11:45;16.91
31/12/2025 12:00;16.92
31/12/2025 12:15;16.95
31/12/2025 12:30;16.95
31/12/2025 12:45;16.93
31/12/2025 13:00;16.94
31/12/2025 13:15;16.91
31/12/2025 13:30;16.92
31/12/2025 13:45;16.94
31/12/2025 14:00;16.92
31/12/2025 14:15;16.9
31/12/2025 14:30;16.92
31/12/2025 14:45;16.92
31/12/2025 15:00;16.9
31/12/2025 15:15;16.93
31/12/2025 15:30;16.91
31/12/2025 15:45;16.87
31/12/2025 16:00;16.87
31/12/2025 16:15;16.89
31/12/2025 16:30;16.9
31/12/2025 16:45;16.9
31/12/2025 17:00;16.9
31/12/2025 17:15;16.9
31/12/2025 17:30;16.87
31/12/2025 17:45;16.91
31/12/2025 18:00;16.89
31/12/2025 18:15;16.87
31/12/2025 18:30;16.89
31/12/2025 18:45;16.87
31/12/2025 19:00;16.89
31/12/2025 19:15;16.92
31/12/2025 19:30;16.92
31/12/2025 19:45;16.87
31/12/2025 20:00;16.9
31/12/2025 20:15;16.89
31/12/2025 20:30;16.91
31/12/2025 20:45;16.91
31/12/2025 21:00;16.89
31/12/2025 21:15;16.9
31/12/2025 21:30;16.9
31/12/2025 21:45;16.89
31/12/2025 22:00;16.87
31/12/2025 22:15;16.93
31/12/2025 22:30;16.91
31/12/2025 22:45;16.91
31/12/2025 23:00;16.87
31/12/2025 23:15;16.89
31/12/2025 23:30;16.89
31/12/2025 23:45;16.86
01/01/2026 00:00;16.87
01/01/2026 00:15;16.86
01/01/2026 00:30;16.89
01/01/2026 00:45;16.87
01/01/2026 01:00;16.87
01/01/2026 01:15;16.87
01/01/2026 01:30;16.87
01/01/2026 01:45;16.83
01/01/2026 02:00;16.83
01/01/2026 02:15;16.84
01/01/2026 02:30;16.84
01/01/2026 02:45;16.87
01/01/2026 03:00;16.87
01/01/2026 03:15;16.89
01/01/2026 03:30;16.86
01/01/2026 03:45;16.9
01/01/2026 04:00;16.87
01/01/2026 04:15;16.87
01/01/2026 04:30;16.87
01/01/2026 04:45;16.87
01/01/2026 05:00;16.82
01/01/2026 05:15;16.79
01/01/2026 05:30;16.83
01/01/2026 05:45;16.79
01/01/2026 06:00;16.81
01/01/2026 06:15;16.79
01/01/2026 06:30;16.83
01/01/2026 06:45;16.86
01/01/2026 07:00;16.85
01/01/2026 07:15;16.82
01/01/2026 07:30;16.86
01/01/2026 07:45;16.85
01/01/2026 08:00;16.86
01/01/2026 08:15;16.87
01/01/2026 08:30;16.83
01/01/2026 08:45;16.83
01/01/2026 09:00;16.86
01/01/2026 09:15;16.84
01/01/2026 09:30;16.87
01/01/2026 09:45;16.87
01/01/2026 10:00;16.89
01/01/2026 10:15;16.86
01/01/2026 10:30;16.83
01/01/2026 10:45;16.83
01/01/2026 11:00;16.83
01/01/2026 11:15;16.85
01/01/2026 11:30;16.84
01/01/2026 11:45;16.83
01/01/2026 12:00;16.82
01/01/2026 12:15;16.79
01/01/2026 12:30;16.82
01/01/2026 12:45;16.79
01/01/2026 13:00;16.78
01/01/2026 13:15;16.78
01/01/2026 13:30;16.78
01/01/2026 13:45;16.77
01/01/2026 14:00;16.81
01/01/2026 14:15;16.81
01/01/2026 14:30;16.84
01/01/2026 14:45;16.81
01/01/2026 15:00;16.79
01/01/2026 15:15;16.79
01/01/2026 15:30;16.79
01/01/2026 15:45;16.79
01/01/2026 16:00;16.78
01/01/2026 16:15;16.77
01/01/2026 16:30;16.77
01/01/2026 16:45;16.76
01/01/2026 17:00;16.78
01/01/2026 17:15;16.78
01/01/2026 17:30;16.79
01/01/2026 17:45;16.79
01/01/2026 18:00;16.79
01/01/2026 18:15;16.83
01/01/2026 18:30;16.79
01/01/2026 18:45;16.79
01/01/2026 19:00;16.81
01/01/2026 19:15;16.79
01/01/2026 19:30;16.79
01/01/2026 19:45;16.81
01/01/2026 20:00;16.79
01/01/2026 20:15;16.75
01/01/2026 20:30;16.78
01/01/2026 20:45;16.76
01/01/2026 21:00;16.76
01/01/2026 21:15;16.78
01/01/2026 21:30;16.79
01/01/2026 21:45;16.79
01/01/2026 22:00;16.79
01/01/2026 22:15;16.79
01/01/2026 22:30;16.81
01/01/2026 22:45;16.81
01/01/2026 23:00;16.79
01/01/2026 23:15;16.79
01/01/2026 23:30;16.77
01/01/2026 23:45;16.81
02/01/2026 00:00;16.81
02/01/2026 00:15;16.79
02/01/2026 00:30;16.78
02/01/2026 00:45;16.79
02/01/2026 01:00;16.81
02/01/2026 01:15;16.79
02/01/2026 01:30;16.79
02/01/2026 01:45;16.78
02/01/2026 02:00;16.79
02/01/2026 02:15;16.78
02/01/2026 02:30;16.79
02/01/2026 02:45;16.77
02/01/2026 03:00;16.74
02/01/2026 03:15;16.79
02/01/2026 03:30;16.78
02/01/2026 03:45;16.78
02/01/2026 04:00;16.78
02/01/2026 04:15;16.78
02/01/2026 04:30;16.79
02/01/2026 04:45;16.78
02/01/2026 05:00;16.81
02/01/2026 05:15;16.77
02/01/2026 05:30;16.79
02/01/2026 05:45;16.76
02/01/2026 06:00;16.76
02/01/2026 06:15;16.73
02/01/2026 06:30;16.73
02/01/2026 06:45;16.76
02/01/2026 07:00;16.74
02/01/2026 07:15;16.76
02/01/2026 07:30;16.77
02/01/2026 07:45;16.78
02/01/2026 08:00;16.77
02/01/2026 08:15;16.32
02/01/2026 08:30;16.12
02/01/2026 08:45;16.07
02/01/2026 09:00;16.03
02/01/2026 09:15;16.04
02/01/2026 09:30;16.01
02/01/2026 09:45;16.02
02/01/2026 10:00;16.03
02/01/2026 10:15;15.58
02/01/2026 10:30;14.3
02/01/2026 10:45;14.13
02/01/2026 11:00;13.98
02/01/2026 11:15;13.88
02/01/2026 11:30;13.88
02/01/2026 11:45;13.82
02/01/2026 12:00;13.85
02/01/2026 12:15;13.86
02/01/2026 12:30;14.1
02/01/2026 12:45;14.14
02/01/2026 13:00;14.1
02/01/2026 13:15;14.09
02/01/2026 13:30;14.06
02/01/2026 13:45;14.06
02/01/2026 14:00;14.09
02/01/2026 14:15;14.08
02/01/2026 14:30;14.11
02/01/2026 14:45;14.09
02/01/2026 15:00;14.08
02/01/2026 15:15;14.05
02/01/2026 15:30;14.05
02/01/2026 15:45;14.1
02/01/2026 16:00;14.06
02/01/2026 16:15;14.08
02/01/2026 16:30;14.13
02/01/2026 16:45;14.08
02/01/2026 17:00;14.09
02/01/2026 17:15;14.07
02/01/2026 17:30;14.08
02/01/2026 17:45;14.08
02/01/2026 18:00;14.1
02/01/2026 18:15;14.09
02/01/2026 18:30;14.09
02/01/2026 18:45;14.11
02/01/2026 19:00;14.11
02/01/2026 19:15;14.08
02/01/2026 19:30;14.12
02/01/2026 19:45;14.1
02/01/2026 20:00;14.06
02/01/2026 20:15;14.09
02/01/2026 20:30;14.09
02/01/2026 20:45;14.04
02/01/2026 21:00;14.07
02/01/2026 21:15;14.1
02/01/2026 21:30;14.08
02/01/2026 21:45;14.09
02/01/2026 22:00;14.07
02/01/2026 22:15;14.05
02/01/2026 22:30;14.07
02/01/2026 22:45;14.07
02/01/2026 23:00;14.05
02/01/2026 23:15;14.08
02/01/2026 23:30;14.06
02/01/2026 23:45;14.06
03/01/2026 00:00;14.06
03/01/2026 00:15;14.04
03/01/2026 00:30;14.02
03/01/2026 00:45;14.03
03/01/2026 01:00;13.98
03/01/2026 01:15;14.04
03/01/2026 01:30;14.04
03/01/2026 01:45;14.03
03/01/2026 02:00;14.08
03/01/2026 02:15;14.06
03/01/2026 02:30;14.07
03/01/2026 02:45;14.08
03/01/2026 03:00;14.07
03/01/2026 03:15;14.09
03/01/2026 03:30;14.07
03/01/2026 03:45;14.1
03/01/2026 04:00;14.03
03/01/2026 04:15;14.04
03/01/2026 04:30;14.04
03/01/2026 04:45;14.04
03/01/2026 05:00;14.03
03/01/2026 05:15;14.02
03/01/2026 05:30;13.99
03/01/2026 05:45;14.02
03/01/2026 06:00;14.03
03/01/2026 06:15;14.06
03/01/2026 06:30;14.08
03/01/2026 06:45;14.05
03/01/2026 07:00;14.07
03/01/2026 07:15;14.05
03/01/2026 07:30;14.07
03/01/2026 07:45;14.06
03/01/2026 08:00;14.04
03/01/2026 08:15;14.05
03/01/2026 08:30;14.04
03/01/2026 08:45;14.06
03/01/2026 09:00;14.07
03/01/2026 09:15;14.09
03/01/2026 09:30;14.08
03/01/2026 09:45;14.03
03/01/2026 10:00;14.07
03/01/2026 10:15;14.05
03/01/2026 10:30;14.03
03/01/2026 10:45;14.04
03/01/2026 11:00;14.05
03/01/2026 11:15;14.07
03/01/2026 11:30;14.05
03/01/2026 11:45;14.05
03/01/2026 12:00;14.04
03/01/2026 12:15;14.06
03/01/2026 12:30;14.07
03/01/2026 12:45;14.05
03/01/2026 13:00;14.03
03/01/2026 13:15;14.05
03/01/2026 13:30;14.04
03/01/2026 13:45;14.05
03/01/2026 14:00;14.06
03/01/2026 14:15;14.05
03/01/2026 14:30;14.01
03/01/2026 14:45;14.04
03/01/2026 15:00;14.06
03/01/2026 15:15;14.05
03/01/2026 15:30;14.04
03/01/2026 15:45;14.05
03/01/2026 16:00;14
03/01/2026 16:15;13.99
03/01/2026 16:30;14.01
03/01/2026 16:45;13.97
03/01/2026 17:00;13.97
03/01/2026 17:15;13.99
03/01/2026 17:30;13.97
03/01/2026 17:45;14.01
03/01/2026 18:00;14.02
03/01/2026 18:15;14.01
03/01/2026 18:30;14.03
03/01/2026 18:45;14.03
03/01/2026 19:00;14.03
03/01/2026 19:15;9.95
03/01/2026 19:30;3.04
03/01/2026 19:45;2.93
03/01/2026 20:00;1.32
03/01/2026 20:15;0.64
03/01/2026 20:30;0.51
03/01/2026 20:45;0.48
03/01/2026 21:00;0.46
03/01/2026 21:15;0.46
03/01/2026 21:30;0.46
03/01/2026 21:45;0.46
03/01/2026 22:00;0.46
03/01/2026 22:15;0.45
03/01/2026 22:30;0.45
03/01/2026 22:45;0.45
03/01/2026 23:00;0.45
03/01/2026 23:15;0.46
03/01/2026 23:30;0.46
03/01/2026 23:45;0.46
04/01/2026 00:00;0.46
04/01/2026 00:15;0.46
04/01/2026 00:30;0.46
04/01/2026 00:45;0.46
04/01/2026 01:00;0.46
04/01/2026 01:15;0.46
04/01/2026 01:30;0.46
04/01/2026 01:45;0.46
04/01/2026 02:00;0.46
04/01/2026 02:15;0.46
04/01/2026 02:30;0.46
04/01/2026 02:45;0.46
04/01/2026 03:00;0.46
04/01/2026 03:15;0.46
04/01/2026 03:30;0.46
04/01/2026 03:45;0.45
04/01/2026 04:00;0.45
04/01/2026 04:15;0.46
04/01/2026 04:30;0.46
04/01/2026 04:45;0.49
04/01/2026 05:00;0.49
04/01/2026 05:15;0.47
04/01/2026 05:30;0.46
04/01/2026 05:45;0.46
04/01/2026 06:00;0.46
04/01/2026 06:15;0.46
04/01/2026 06:30;0.46
04/01/2026 06:45;0.45
04/01/2026 07:00;0.45
04/01/2026 07:15;0.45
04/01/2026 07:30;0.45
04/01/2026 07:45;0.45
04/01/2026 08:00;0.46
04/01/2026 08:15;0.48
04/01/2026 08:30;0.49
04/01/2026 08:45;0.49
04/01/2026 09:00;0.47
04/01/2026 09:15;0.46
04/01/2026 09:30;0.46
04/01/2026 09:45;0.46
04/01/2026 10:00;0.46
04/01/2026 10:15;0.46
04/01/2026 10:30;0.46
04/01/2026 10:45;0.46
04/01/2026 11:00;0.45
04/01/2026 11:15;0.45
04/01/2026 11:30;0.45
04/01/2026 11:45;0.45
04/01/2026 12:00;0.46
04/01/2026 12:15;0.46
04/01/2026 12:30;0.49
04/01/2026 12:45;0.47
04/01/2026 13:00;0.46
04/01/2026 13:15;0.47
04/01/2026 13:30;0.47
04/01/2026 13:45;0.47
04/01/2026 14:00;0.47
04/01/2026 14:15;0.47
04/01/2026 14:30;0.47
04/01/2026 14:45;0.47
04/01/2026 15:00;0.47
04/01/2026 15:15;0.45
04/01/2026 15:30;0.45
04/01/2026 15:45;0.46
04/01/2026 16:00;0.47
04/01/2026 16:15;0.48
04/01/2026 16:30;0.49
04/01/2026 16:45;0.49
04/01/2026 17:00;0.49
04/01/2026 17:15;0.49
04/01/2026 17:30;0.49
04/01/2026 17:45;0.49
04/01/2026 18:00;0.49
04/01/2026 18:15;0.49
04/01/2026 18:30;0.49
04/01/2026 18:45;0.49
04/01/2026 19:00;0.49
04/01/2026 19:15;0.49
04/01/2026 19:30;0.49
04/01/2026 19:45;0.49
04/01/2026 20:00;0.49
04/01/2026 20:15;0.49
04/01/2026 20:30;0.49
04/01/2026 20:45;0.49
04/01/2026 21:00;0.49
04/01/2026 21:15;0.49
04/01/2026 21:30;0.49
04/01/2026 21:45;0.49
04/01/2026 22:00;0.49
04/01/2026 22:15;0.49
04/01/2026 22:30;0.49
04/01/2026 22:45;0.47
04/01/2026 23:00;0.46
04/01/2026 23:15;0.46
04/01/2026 23:30;0.46
04/01/2026 23:45;0.46
05/01/2026 00:00;0.46
05/01/2026 00:15;0.46
05/01/2026 00:30;0.46
05/01/2026 00:45;0.45
05/01/2026 01:00;0.45
05/01/2026 01:15;0.45
05/01/2026 01:30;0.45
05/01/2026 01:45;0.46
05/01/2026 02:00;0.47
05/01/2026 02:15;0.49
05/01/2026 02:30;0.49
05/01/2026 02:45;0.49
05/01/2026 03:00;0.49
05/01/2026 03:15;0.49
05/01/2026 03:30;0.48
05/01/2026 03:45;0.46
05/01/2026 04:00;0.47
05/01/2026 04:15;0.46
05/01/2026 04:30;0.46
05/01/2026 04:45;0.46
05/01/2026 05:00;0.46
05/01/2026 05:15;0.45
05/01/2026 05:30;0.45
05/01/2026 05:45;0.46
05/01/2026 06:00;0.46
05/01/2026 06:15;0.46
05/01/2026 06:30;0.49
05/01/2026 06:45;0.49
05/01/2026 07:00;0.49
05/01/2026 07:15;0.49
05/01/2026 07:30;0.49
05/01/2026 07:45;0.49
05/01/2026 08:00;0.49
05/01/2026 08:15;0.49
05/01/2026 08:30;0.49
05/01/2026 08:45;0.49
05/01/2026 09:00;0.49
05/01/2026 09:15;0.49
05/01/2026 09:30;0.49
05/01/2026 09:45;0.49
05/01/2026 10:00;0.49
05/01/2026 10:15;0.49
05/01/2026 10:30;0.49
05/01/2026 10:45;0.49
05/01/2026 11:00;0.49
05/01/2026 11:15;0.49
05/01/2026 11:30;0.49
05/01/2026 11:45;0.49
05/01/2026 12:00;0.49
05/01/2026 12:15;0.49
05/01/2026 12:30;0.49
05/01/2026 12:45;0.49
05/01/2026 13:00;0.49
05/01/2026 13:15;0.49
05/01/2026 13:30;0.49
05/01/2026 13:45;0.49
05/01/2026 14:00;0.49
05/01/2026 14:15;0.49
05/01/2026 14:30;0.49
05/01/2026 14:45;0.49
05/01/2026 15:00;0.49
05/01/2026 15:15;0.49
05/01/2026 15:30;0.49
05/01/2026 15:45;0.49
05/01/2026 16:00;0.49
05/01/2026 16:15;0.49
05/01/2026 16:30;0.49
05/01/2026 16:45;0.48
05/01/2026 17:00;0.47
05/01/2026 17:15;0.47
05/01/2026 17:30;0.47
05/01/2026 17:45;0.47
05/01/2026 18:00;0.46
05/01/2026 18:15;0.46
05/01/2026 18:30;0.46
05/01/2026 18:45;0.45
05/01/2026 19:00;0.45
05/01/2026 19:15;0.45
05/01/2026 19:30;0.45
05/01/2026 19:45;0.46
05/01/2026 20:00;0.47
05/01/2026 20:15;0.49
05/01/2026 20:30;0.49
05/01/2026 20:45;0.49
05/01/2026 21:00;0.49
05/01/2026 21:15;0.49
05/01/2026 21:30;0.49
05/01/2026 21:45;0.49
05/01/2026 22:00;0.49
05/01/2026 22:15;0.46
05/01/2026 22:30;0.46
05/01/2026 22:45;0.46
05/01/2026 23:00;0.46
05/01/2026 23:15;0.46
05/01/2026 23:30;0.46
05/01/2026 23:45;0.46
06/01/2026 00:00;0.46
06/01/2026 00:15;0.46
06/01/2026 00:30;0.48
06/01/2026 00:45;0.49
06/01/2026 01:00;0.49
06/01/2026 01:15;0.49
06/01/2026 01:30;0.49
06/01/2026 01:45;0.47
06/01/2026 02:00;0.48
06/01/2026 02:15;0.47
06/01/2026 02:30;0.46
06/01/2026 02:45;0.46
06/01/2026 03:00;0.48
06/01/2026 03:15;0.46
06/01/2026 03:30;0.46
06/01/2026 03:45;0.46
06/01/2026 04:00;0.45
06/01/2026 04:15;0.45
06/01/2026 04:30;0.46
06/01/2026 04:45;0.46
06/01/2026 05:00;0.49
06/01/2026 05:15;0.49
06/01/2026 05:30;0.49
06/01/2026 05:45;0.49
06/01/2026 06:00;0.49
06/01/2026 06:15;0.49
06/01/2026 06:30;0.47
06/01/2026 06:45;0.46
06/01/2026 07:00;0.46
06/01/2026 07:15;0.45
06/01/2026 07:30;0.45
06/01/2026 07:45;0.46
06/01/2026 08:00;0.46
06/01/2026 08:15;0.46
06/01/2026 08:30;0.47
06/01/2026 08:45;0.49
06/01/2026 09:00;0.49
06/01/2026 09:15;0.49
06/01/2026 09:30;0.49
06/01/2026 09:45;0.48
06/01/2026 10:00;0.46
06/01/2026 10:15;0.46
06/01/2026 10:30;0.46
06/01/2026 10:45;0.46
06/01/2026 11:00;0.46
06/01/2026 11:15;0.46
06/01/2026 11:30;0.45
06/01/2026 11:45;0.45
06/01/2026 12:00;0.45
06/01/2026 12:15;0.45
06/01/2026 12:30;0.46
06/01/2026 12:45;0.48
06/01/2026 13:00;0.49
06/01/2026 13:15;0.49
06/01/2026 13:30;0.46
06/01/2026 13:45;0.46
06/01/2026 14:00;0.46
06/01/2026 14:15;0.46
06/01/2026 14:30;0.46
06/01/2026 14:45;0.46
06/01/2026 15:00;0.46
06/01/2026 15:15;0.46
06/01/2026 15:30;0.46
06/01/2026 15:45;0.45
06/01/2026 16:00;0.45
06/01/2026 16:15;0.46
06/01/2026 16:30;0.46
06/01/2026 16:45;0.47
06/01/2026 17:00;0.49
06/01/2026 17:15;0.49
06/01/2026 17:30;0.49
06/01/2026 17:45;0.47
06/01/2026 18:00;0.47
06/01/2026 18:15;0.46
06/01/2026 18:30;0.46
06/01/2026 18:45;0.46
06/01/2026 19:00;0.46
06/01/2026 19:15;0.45
06/01/2026 19:30;0.45
06/01/2026 19:45;0.45
06/01/2026 20:00;0.46
06/01/2026 20:15;0.47
06/01/2026 20:30;0.49
06/01/2026 20:45;0.49
06/01/2026 21:00;0.49
06/01/2026 21:15;0.49
06/01/2026 21:30;0.49
06/01/2026 21:45;0.49
06/01/2026 22:00;0.49
06/01/2026 22:15;0.49
06/01/2026 22:30;0.49
06/01/2026 22:45;0.49
06/01/2026 23:00;0.49
06/01/2026 23:15;0.49
06/01/2026 23:30;0.49
06/01/2026 23:45;0.49
07/01/2026 00:00;0.49
07/01/2026 00:15;0.49
07/01/2026 00:30;0.49
07/01/2026 00:45;0.49
07/01/2026 01:00;0.46
07/01/2026 01:15;0.46
07/01/2026 01:30;0.46
07/01/2026 01:45;0.46
07/01/2026 02:00;0.46
07/01/2026 02:15;0.46
07/01/2026 02:30;0.46
07/01/2026 02:45;0.46
07/01/2026 03:00;0.46
07/01/2026 03:15;0.46
07/01/2026 03:30;0.46
07/01/2026 03:45;0.46
07/01/2026 04:00;0.46
07/01/2026 04:15;0.48
07/01/2026 04:30;0.49
07/01/2026 04:45;0.49
07/01/2026 05:00;0.49
07/01/2026 05:15;0.49
07/01/2026 05:30;0.49
07/01/2026 05:45;0.49
07/01/2026 06:00;0.47
07/01/2026 06:15;0.46
07/01/2026 06:30;0.46
07/01/2026 06:45;0.46
07/01/2026 07:00;0.46
07/01/2026 07:15;0.46
07/01/2026 07:30;0.46
07/01/2026 07:45;0.46
07/01/2026 08:00;0.47
07/01/2026 08:15;0.49
07/01/2026 08:30;0.49
07/01/2026 08:45;0.49
07/01/2026 09:00;0.49
07/01/2026 09:15;0.49
07/01/2026 09:30;0.49
07/01/2026 09:45;0.49
07/01/2026 10:00;0.49
07/01/2026 10:15;0.49
07/01/2026 10:30;0.49
07/01/2026 10:45;0.49
07/01/2026 11:00;0.49
07/01/2026 11:15;0.49
07/01/2026 11:30;0.49
07/01/2026 11:45;0.49
07/01/2026 12:00;0.49
07/01/2026 12:15;0.49
07/01/2026 12:30;0.49
07/01/2026 12:45;0.49
07/01/2026 13:00;0.49
07/01/2026 13:15;0.49
07/01/2026 13:30;0.49
07/01/2026 13:45;0.49
07/01/2026 14:00;0.49
07/01/2026 14:15;0.49
07/01/2026 14:30;0.49
07/01/2026 14:45;0.49
07/01/2026 15:00;0.49
07/01/2026 15:15;0.49
07/01/2026 15:30;0.49
07/01/2026 15:45;0.49
07/01/2026 16:00;0.49
07/01/2026 16:15;0.49
07/01/2026 16:30;0.49
07/01/2026 16:45;0.49
07/01/2026 17:00;0.49
07/01/2026 17:15;0.49
07/01/2026 17:30;0.49
07/01/2026 17:45;0.49
07/01/2026 18:00;0.49
07/01/2026 18:15;0.49
07/01/2026 18:30;0.49
07/01/2026 18:45;0.49
07/01/2026 19:00;0.49
07/01/2026 19:15;0.49
07/01/2026 19:30;0.49
07/01/2026 19:45;0.49
07/01/2026 20:00;0.49
07/01/2026 20:15;0.49
07/01/2026 20:30;0.49
07/01/2026 20:45;0.49
07/01/2026 21:00;0.49
07/01/2026 21:15;0.47
07/01/2026 21:30;0.46
07/01/2026 21:45;0.46
07/01/2026 22:00;0.46
07/01/2026 22:15;0.46
07/01/2026 22:30;0.48
07/01/2026 22:45;0.49
07/01/2026 23:00;0.49
07/01/2026 23:15;0.49
07/01/2026 23:30;0.49
07/01/2026 23:45;0.48
08/01/2026 00:00;0.46
08/01/2026 00:15;0.46
08/01/2026 00:30;0.46
08/01/2026 00:45;0.46
08/01/2026 01:00;0.46
08/01/2026 01:15;0.46
08/01/2026 01:30;0.46
08/01/2026 01:45;0.46
08/01/2026 02:00;0.46
08/01/2026 02:15;0.48
08/01/2026 02:30;0.49
08/01/2026 02:45;0.49
08/01/2026 03:00;0.49
08/01/2026 03:15;0.49
08/01/2026 03:30;0.49
08/01/2026 03:45;0.49
08/01/2026 04:00;0.47
08/01/2026 04:15;0.46
08/01/2026 04:30;0.46
08/01/2026 04:45;0.46
08/01/2026 05:00;0.46
08/01/2026 05:15;0.46
08/01/2026 05:30;0.46
08/01/2026 05:45;0.47
08/01/2026 06:00;0.49
08/01/2026 06:15;0.49
08/01/2026 06:30;0.49
08/01/2026 06:45;0.49
08/01/2026 07:00;0.49
08/01/2026 07:15;0.49
08/01/2026 07:30;0.49
08/01/2026 07:45;0.49
08/01/2026 08:00;0.49
08/01/2026 08:15;0.46
08/01/2026 08:30;0.46
08/01/2026 08:45;0.46
08/01/2026 09:00;0.45
08/01/2026 09:15;0.45
08/01/2026 09:30;0.45
08/01/2026 09:45;0.46
08/01/2026 10:00;0.47
08/01/2026 10:15;0.49
08/01/2026 10:30;0.49
08/01/2026 10:45;0.49
08/01/2026 11:00;0.47
08/01/2026 11:15;0.46
08/01/2026 11:30;0.46
08/01/2026 11:45;0.46
08/01/2026 12:00;0.46
08/01/2026 12:15;0.46
08/01/2026 12:30;0.46
08/01/2026 12:45;0.47
08/01/2026 13:00;0.46
08/01/2026 13:15;0.45
08/01/2026 13:30;0.45
08/01/2026 13:45;0.47
08/01/2026 14:00;0.48
08/01/2026 14:15;0.49
08/01/2026 14:30;0.49
08/01/2026 14:45;0.49
08/01/2026 15:00;0.49
08/01/2026 15:15;0.49
08/01/2026 15:30;0.49
08/01/2026 15:45;0.48
08/01/2026 16:00;0.47
08/01/2026 16:15;0.47
08/01/2026 16:30;0.45
08/01/2026 16:45;0.45
08/01/2026 17:00;0.45
08/01/2026 17:15;0.45
08/01/2026 17:30;0.47
08/01/2026 17:45;0.48
08/01/2026 18:00;0.49
08/01/2026 18:15;0.49
08/01/2026 18:30;0.49
08/01/2026 18:45;0.49
08/01/2026 19:00;0.49
08/01/2026 19:15;0.49
08/01/2026 19:30;0.48
08/01/2026 19:45;0.49
08/01/2026 20:00;0.48
08/01/2026 20:15;0.47
08/01/2026 20:30;0.47
08/01/2026 20:45;0.46
08/01/2026 21:00;0.45
08/01/2026 21:15;0.46
08/01/2026 21:30;0.47
08/01/2026 21:45;0.49
08/01/2026 22:00;0.49
08/01/2026 22:15;0.49
08/01/2026 22:30;0.49
08/01/2026 22:45;0.49
08/01/2026 23:00;0.48
08/01/2026 23:15;0.49
08/01/2026 23:30;0.49
08/01/2026 23:45;0.49
09/01/2026 00:00;0.48
09/01/2026 00:15;0.46
09/01/2026 00:30;0.46
09/01/2026 00:45;0.46
09/01/2026 01:00;0.46
09/01/2026 01:15;0.46
09/01/2026 01:30;0.46
09/01/2026 01:45;0.48
09/01/2026 02:00;0.49
09/01/2026 02:15;0.49
09/01/2026 02:30;0.49
09/01/2026 02:45;0.49
09/01/2026 03:00;0.49
09/01/2026 03:15;0.49
09/01/2026 03:30;0.47
09/01/2026 03:45;0.46
09/01/2026 04:00;0.46
09/01/2026 04:15;0.46
09/01/2026 04:30;0.46
09/01/2026 04:45;0.46
09/01/2026 05:00;0.46
09/01/2026 05:15;0.46
09/01/2026 05:30;0.48
09/01/2026 05:45;0.49
09/01/2026 06:00;0.49
09/01/2026 06:15;0.49
09/01/2026 06:30;0.49
09/01/2026 06:45;0.49
09/01/2026 07:00;0.49
09/01/2026 07:15;0.49
09/01/2026 07:30;0.49
09/01/2026 07:45;0.49
09/01/2026 08:00;0.46
09/01/2026 08:15;0.46
09/01/2026 08:30;0.46
09/01/2026 08:45;0.46
09/01/2026 09:00;0.45
09/01/2026 09:15;0.45
09/01/2026 09:30;0.46
09/01/2026 09:45;0.47
09/01/2026 10:00;0.49
09/01/2026 10:15;0.49
09/01/2026 10:30;0.49
09/01/2026 10:45;0.49
09/01/2026 11:00;0.49
09/01/2026 11:15;0.49
09/01/2026 11:30;0.49
09/01/2026 11:45;0.49
09/01/2026 12:00;0.49
09/01/2026 12:15;0.49
09/01/2026 12:30;0.49
09/01/2026 12:45;0.49
09/01/2026 13:00;0.49
09/01/2026 13:15;0.49
09/01/2026 13:30;0.49
09/01/2026 13:45;0.49
09/01/2026 14:00;0.49
09/01/2026 14:15;0.49
09/01/2026 14:30;0.49
09/01/2026 14:45;0.49
09/01/2026 15:00;0.49
09/01/2026 15:15;0.49
09/01/2026 15:30;0.49
09/01/2026 15:45;0.49
09/01/2026 16:00;0.49
09/01/2026 16:15;0.49
09/01/2026 16:30;0.49
09/01/2026 16:45;0.49
09/01/2026 17:00;0.49
09/01/2026 17:15;0.49
09/01/2026 17:30;0.49
09/01/2026 17:45;0.49
09/01/2026 18:00;0.49
09/01/2026 18:15;0.47
09/01/2026 18:30;0.46
09/01/2026 18:45;0.46
09/01/2026 19:00;0.46
09/01/2026 19:15;0.46
09/01/2026 19:30;0.46
09/01/2026 19:45;0.46
09/01/2026 20:00;0.46
09/01/2026 20:15;0.47
09/01/2026 20:30;0.49
09/01/2026 20:45;0.49
09/01/2026 21:00;0.49
09/01/2026 21:15;0.49
09/01/2026 21:30;0.49
09/01/2026 21:45;0.49
09/01/2026 22:00;0.49
09/01/2026 22:15;0.49
09/01/2026 22:30;0.49
09/01/2026 22:45;0.49
09/01/2026 23:00;0.49
09/01/2026 23:15;0.49
09/01/2026 23:30;0.49
09/01/2026 23:45;0.49
10/01/2026 00:00;0.49
10/01/2026 00:15;0.49
10/01/2026 00:30;0.49
10/01/2026 00:45;0.49
10/01/2026 01:00;0.49
10/01/2026 01:15;0.49
10/01/2026 01:30;0.47
10/01/2026 01:45;0.46
10/01/2026 02:00;0.46
10/01/2026 02:15;0.46
10/01/2026 02:30;0.46
10/01/2026 02:45;0.47
10/01/2026 03:00;0.49
10/01/2026 03:15;0.49
10/01/2026 03:30;0.49
10/01/2026 03:45;0.49
10/01/2026 04:00;0.49
10/01/2026 04:15;0.49
10/01/2026 04:30;0.49
10/01/2026 04:45;0.49
10/01/2026 05:00;0.49
10/01/2026 05:15;0.49
10/01/2026 05:30;0.49
10/01/2026 05:45;0.49
10/01/2026 06:00;0.49
10/01/2026 06:15;0.49
10/01/2026 06:30;0.49
10/01/2026 06:45;0.49
10/01/2026 07:00;0.49
10/01/2026 07:15;0.47
10/01/2026 07:30;0.46
10/01/2026 07:45;0.46
10/01/2026 08:00;0.46
10/01/2026 08:15;0.46
10/01/2026 08:30;0.46
10/01/2026 08:45;0.46
10/01/2026 09:00;0.49
10/01/2026 09:15;0.49
10/01/2026 09:30;0.49
10/01/2026 09:45;0.49
10/01/2026 10:00;0.49
10/01/2026 10:15;0.49
10/01/2026 10:30;0.49
10/01/2026 10:45;0.49
10/01/2026 11:00;0.49
10/01/2026 11:15;0.49
10/01/2026 11:30;0.46
10/01/2026 11:45;0.46
10/01/2026 12:00;0.46
10/01/2026 12:15;0.46
10/01/2026 12:30;0.46
10/01/2026 12:45;0.46
10/01/2026 13:00;0.48
10/01/2026 13:15;0.49
10/01/2026 13:30;0.49
10/01/2026 13:45;0.49
10/01/2026 14:00;0.49
10/01/2026 14:15;0.49
10/01/2026 14:30;0.49
10/01/2026 14:45;0.47
10/01/2026 15:00;0.46
10/01/2026 15:15;0.46
10/01/2026 15:30;0.46
10/01/2026 15:45;0.46
10/01/2026 16:00;0.46
10/01/2026 16:15;0.46
10/01/2026 16:30;0.47
10/01/2026 16:45;0.49
10/01/2026 17:00;0.49
10/01/2026 17:15;0.49
10/01/2026 17:30;0.49
10/01/2026 17:45;0.49
10/01/2026 18:00;0.49
10/01/2026 18:15;0.49
10/01/2026 18:30;0.49
10/01/2026 18:45;0.49
10/01/2026 19:00;0.47
10/01/2026 19:15;0.46
10/01/2026 19:30;0.46
10/01/2026 19:45;0.46
10/01/2026 20:00;0.46
10/01/2026 20:15;0.46
10/01/2026 20:30;0.49
10/01/2026 20:45;0.49
10/01/2026 21:00;0.49
10/01/2026 21:15;0.49
10/01/2026 21:30;0.49
10/01/2026 21:45;0.49
10/01/2026 22:00;0.49
10/01/2026 22:15;0.49
10/01/2026 22:30;0.49
10/01/2026 22:45;0.49
10/01/2026 23:00;0.49
10/01/2026 23:15;0.46
10/01/2026 23:30;0.46
10/01/2026 23:45;0.46
11/01/2026 00:00;0.46
11/01/2026 00:15;0.47
11/01/2026 00:30;0.49
11/01/2026 00:45;0.49
11/01/2026 01:00;0.49
11/01/2026 01:15;0.49
11/01/2026 01:30;0.49
11/01/2026 01:45;0.49
11/01/2026 02:00;0.49
11/01/2026 02:15;0.49
11/01/2026 02:30;0.46
11/01/2026 02:45;0.46
11/01/2026 03:00;0.46
11/01/2026 03:15;0.46
11/01/2026 03:30;0.46
11/01/2026 03:45;0.46
11/01/2026 04:00;0.46
11/01/2026 04:15;0.49
11/01/2026 04:30;0.49
11/01/2026 04:45;0.49
11/01/2026 05:00;0.49
11/01/2026 05:15;0.49
11/01/2026 05:30;0.49
11/01/2026 05:45;0.49
11/01/2026 06:00;0.49
11/01/2026 06:15;0.49
11/01/2026 06:30;0.46
11/01/2026 06:45;0.46
11/01/2026 07:00;0.45
11/01/2026 07:15;0.45
11/01/2026 07:30;0.45
11/01/2026 07:45;0.45
11/01/2026 08:00;0.45
11/01/2026 08:15;0.45
11/01/2026 08:30;0.46
11/01/2026 08:45;0.46
11/01/2026 09:00;0.46
11/01/2026 09:15;0.46
11/01/2026 09:30;0.46
11/01/2026 09:45;0.46
11/01/2026 10:00;0.46
11/01/2026 10:15;0.46
11/01/2026 10:30;0.46
11/01/2026 10:45;0.46
11/01/2026 11:00;0.46
11/01/2026 11:15;0.46
11/01/2026 11:30;0.45
11/01/2026 11:45;0.45
11/01/2026 12:00;0.45
11/01/2026 12:15;0.45
11/01/2026 12:30;0.45
11/01/2026 12:45;0.46
11/01/2026 13:00;0.46
11/01/2026 13:15;0.46
11/01/2026 13:30;0.47
11/01/2026 13:45;0.47
11/01/2026 14:00;0.47
11/01/2026 14:15;0.47
11/01/2026 14:30;0.47
11/01/2026 14:45;0.47
11/01/2026 15:00;0.47
11/01/2026 15:15;0.47
11/01/2026 15:30;0.47
11/01/2026 15:45;0.47
11/01/2026 16:00;0.47
11/01/2026 16:15;0.47
11/01/2026 16:30;0.47
11/01/2026 16:45;0.47
11/01/2026 17:00;0.47
11/01/2026 17:15;0.47
11/01/2026 17:30;0.47
11/01/2026 17:45;0.47
11/01/2026 18:00;0.47
11/01/2026 18:15;0.49
11/01/2026 18:30;0.48
11/01/2026 18:45;0.48
11/01/2026 19:00;0.48
11/01/2026 19:15;0.48
11/01/2026 19:30;0.47
11/01/2026 19:45;0.48
11/01/2026 20:00;0.47
11/01/2026 20:15;0.47
11/01/2026 20:30;0.47
11/01/2026 20:45;0.47
11/01/2026 21:00;0.47
11/01/2026 21:15;0.47
11/01/2026 21:30;0.47
11/01/2026 21:45;0.47
11/01/2026 22:00;0.47
11/01/2026 22:15;0.46
11/01/2026 22:30;0.46
11/01/2026 22:45;0.46
11/01/2026 23:00;0.46
11/01/2026 23:15;0.48
11/01/2026 23:30;0.49
11/01/2026 23:45;0.47
12/01/2026 00:00;0.48
12/01/2026 00:15;0.48
12/01/2026 00:30;0.46
12/01/2026 00:45;0.46
12/01/2026 01:00;0.46
12/01/2026 01:15;0.46
12/01/2026 01:30;0.46
12/01/2026 01:45;0.46
12/01/2026 02:00;0.45
12/01/2026 02:15;0.45
12/01/2026 02:30;0.45
12/01/2026 02:45;0.45
12/01/2026 03:00;0.45
12/01/2026 03:15;0.46
12/01/2026 03:30;0.46
12/01/2026 03:45;0.47
12/01/2026 04:00;0.49
12/01/2026 04:15;0.48
12/01/2026 04:30;0.46
12/01/2026 04:45;0.46
12/01/2026 05:00;0.46
12/01/2026 05:15;0.46
12/01/2026 05:30;0.46
12/01/2026 05:45;0.46
12/01/2026 06:00;0.46
12/01/2026 06:15;0.45
12/01/2026 06:30;0.45
12/01/2026 06:45;0.45
12/01/2026 07:00;0.45
12/01/2026 07:15;0.45
12/01/2026 07:30;0.46
12/01/2026 07:45;0.48
12/01/2026 08:00;0.49
12/01/2026 08:15;0.49
12/01/2026 08:30;0.49
12/01/2026 08:45;0.49
12/01/2026 09:00;0.49
12/01/2026 09:15;0.49
12/01/2026 09:30;0.49
12/01/2026 09:45;0.49
12/01/2026 10:00;0.49
12/01/2026 10:15;0.49
12/01/2026 10:30;0.49
12/01/2026 10:45;0.47
12/01/2026 11:00;0.49
12/01/2026 11:15;0.47
12/01/2026 11:30;0.46
12/01/2026 11:45;0.46
12/01/2026 12:00;0.46
12/01/2026 12:15;0.46
12/01/2026 12:30;0.46
12/01/2026 12:45;0.46
12/01/2026 13:00;0.46
12/01/2026 13:15;0.46
12/01/2026 13:30;0.46
12/01/2026 13:45;0.45
12/01/2026 14:00;0.45
12/01/2026 14:15;0.45
12/01/2026 14:30;0.45
12/01/2026 14:45;0.45
12/01/2026 15:00;0.45
12/01/2026 15:15;0.46
12/01/2026 15:30;0.46
12/01/2026 15:45;0.47
12/01/2026 16:00;0.47
12/01/2026 16:15;0.47
12/01/2026 16:30;0.46
12/01/2026 16:45;0.47
12/01/2026 17:00;0.47
12/01/2026 17:15;0.47
12/01/2026 17:30;0.47
12/01/2026 17:45;0.47
12/01/2026 18:00;0.46
12/01/2026 18:15;0.45
12/01/2026 18:30;0.45
12/01/2026 18:45;0.45
12/01/2026 19:00;0.45
12/01/2026 19:15;0.47
12/01/2026 19:30;0.47
12/01/2026 19:45;0.49
12/01/2026 20:00;0.46
12/01/2026 20:15;0.46
12/01/2026 20:30;0.46
12/01/2026 20:45;0.46
12/01/2026 21:00;0.46
12/01/2026 21:15;0.46
12/01/2026 21:30;0.46
12/01/2026 21:45;0.46
12/01/2026 22:00;0.46
12/01/2026 22:15;0.45
12/01/2026 22:30;0.45
12/01/2026 22:45;0.45
12/01/2026 23:00;0.46
12/01/2026 23:15;0.46
12/01/2026 23:30;0.48
12/01/2026 23:45;0.49
13/01/2026 00:00;0.48
13/01/2026 00:15;0.46
13/01/2026 00:30;0.46
13/01/2026 00:45;0.46
13/01/2026 01:00;0.46
13/01/2026 01:15;0.46
13/01/2026 01:30;0.46
13/01/2026 01:45;0.45
13/01/2026 02:00;0.45
13/01/2026 02:15;0.45
13/01/2026 02:30;0.45
13/01/2026 02:45;0.45
13/01/2026 03:00;0.46
13/01/2026 03:15;0.48
13/01/2026 03:30;0.49
13/01/2026 03:45;0.49
13/01/2026 04:00;0.49
13/01/2026 04:15;0.46
13/01/2026 04:30;0.46
13/01/2026 04:45;0.46
13/01/2026 05:00;0.46
13/01/2026 05:15;0.46
13/01/2026 05:30;0.46
13/01/2026 05:45;0.46
13/01/2026 06:00;0.45
13/01/2026 06:15;0.45
13/01/2026 06:30;0.45
13/01/2026 06:45;0.45
13/01/2026 07:00;0.46
13/01/2026 07:15;0.46
13/01/2026 07:30;0.49
13/01/2026 07:45;0.49
13/01/2026 08:00;0.49
13/01/2026 08:15;0.46
13/01/2026 08:30;0.46
13/01/2026 08:45;0.46
13/01/2026 09:00;0.46
13/01/2026 09:15;0.46
13/01/2026 09:30;0.46
13/01/2026 09:45;0.46
13/01/2026 10:00;0.46
13/01/2026 10:15;0.45
13/01/2026 10:30;0.45
13/01/2026 10:45;0.45
13/01/2026 11:00;0.45
13/01/2026 11:15;0.45
13/01/2026 11:30;0.46
13/01/2026 11:45;0.46
13/01/2026 12:00;0.48
13/01/2026 12:15;0.49
13/01/2026 12:30;0.48
13/01/2026 12:45;0.46
13/01/2026 13:00;0.47
13/01/2026 13:15;0.47
13/01/2026 13:30;0.47
13/01/2026 13:45;0.47
13/01/2026 14:00;0.45
13/01/2026 14:15;0.45
13/01/2026 14:30;0.45
13/01/2026 14:45;0.45
13/01/2026 15:00;0.46
13/01/2026 15:15;0.47
13/01/2026 15:30;0.47
13/01/2026 15:45;0.49
13/01/2026 16:00;0.49
13/01/2026 16:15;0.49
13/01/2026 16:30;0.48
13/01/2026 16:45;0.48
13/01/2026 17:00;0.49
13/01/2026 17:15;0.49
13/01/2026 17:30;0.49
13/01/2026 17:45;0.49
13/01/2026 18:00;0.49
13/01/2026 18:15;0.49
13/01/2026 18:30;0.49
13/01/2026 18:45;0.49
13/01/2026 19:00;0.49
13/01/2026 19:15;0.49
13/01/2026 19:30;0.49
13/01/2026 19:45;0.47
13/01/2026 20:00;0.47
13/01/2026 20:15;0.49
13/01/2026 20:30;0.48
13/01/2026 20:45;0.47
13/01/2026 21:00;0.47
13/01/2026 21:15;0.48
13/01/2026 21:30;0.49
13/01/2026 21:45;0.49
13/01/2026 22:00;0.47
13/01/2026 22:15;0.47
13/01/2026 22:30;0.46
13/01/2026 22:45;0.46
13/01/2026 23:00;0.46
13/01/2026 23:15;0.46
13/01/2026 23:30;0.46
13/01/2026 23:45;0.46
14/01/2026 00:00;0.46
14/01/2026 00:15;0.46
14/01/2026 00:30;0.45
14/01/2026 00:45;0.45
14/01/2026 01:00;0.45
14/01/2026 01:15;0.45
14/01/2026 01:30;0.46
14/01/2026 01:45;0.46
14/01/2026 02:00;0.48
14/01/2026 02:15;0.49
14/01/2026 02:30;0.49
14/01/2026 02:45;0.47
14/01/2026 03:00;0.46
14/01/2026 03:15;0.47
14/01/2026 03:30;0.46
14/01/2026 03:45;0.46
14/01/2026 04:00;0.46
14/01/2026 04:15;0.45
14/01/2026 04:30;0.45
14/01/2026 04:45;0.45
14/01/2026 05:00;0.45
14/01/2026 05:15;0.46
14/01/2026 05:30;0.46
14/01/2026 05:45;0.48
14/01/2026 06:00;0.49
14/01/2026 06:15;0.49
14/01/2026 06:30;0.48
14/01/2026 06:45;0.46
14/01/2026 07:00;0.46
14/01/2026 07:15;0.46
14/01/2026 07:30;0.46
14/01/2026 07:45;0.47
14/01/2026 08:00;0.46
14/01/2026 08:15;0.46
14/01/2026 08:30;0.46
14/01/2026 08:45;0.48
14/01/2026 09:00;0.49
14/01/2026 09:15;0.49
14/01/2026 09:30;0.49
14/01/2026 09:45;0.49
14/01/2026 10:00;0.49
14/01/2026 10:15;0.49
14/01/2026 10:30;0.49
14/01/2026 10:45;0.49
14/01/2026 11:00;0.49
14/01/2026 11:15;0.49
14/01/2026 11:30;0.49
14/01/2026 11:45;0.49
14/01/2026 12:00;0.49
14/01/2026 12:15;0.49
14/01/2026 12:30;0.49
14/01/2026 12:45;0.49
14/01/2026 13:00;0.49
14/01/2026 13:15;0.49
14/01/2026 13:30;0.49
14/01/2026 13:45;0.49
14/01/2026 14:00;0.49
14/01/2026 14:15;0.48
14/01/2026 14:30;0.47
14/01/2026 14:45;0.47
14/01/2026 15:00;0.47
14/01/2026 15:15;0.47
14/01/2026 15:30;0.47
14/01/2026 15:45;0.47
14/01/2026 16:00;0.47
14/01/2026 16:15;0.47
14/01/2026 16:30;0.46
14/01/2026 16:45;0.45
14/01/2026 17:00;0.45
14/01/2026 17:15;0.45
14/01/2026 17:30;0.47
14/01/2026 17:45;0.48
14/01/2026 18:00;0.49
14/01/2026 18:15;0.49
14/01/2026 18:30;0.49
14/01/2026 18:45;0.49
14/01/2026 19:00;0.49
14/01/2026 19:15;0.47
14/01/2026 19:30;0.47
14/01/2026 19:45;0.47
14/01/2026 20:00;0.45
14/01/2026 20:15;0.45
14/01/2026 20:30;0.45
14/01/2026 20:45;0.45
14/01/2026 21:00;0.46
14/01/2026 21:15;0.47
14/01/2026 21:30;0.49
14/01/2026 21:45;0.49
14/01/2026 22:00;0.49
14/01/2026 22:15;0.49
14/01/2026 22:30;0.48
14/01/2026 22:45;0.47
14/01/2026 23:00;0.47
14/01/2026 23:15;0.47
14/01/2026 23:30;0.47
14/01/2026 23:45;0.47
15/01/2026 00:00;0.46
15/01/2026 00:15;0.45
15/01/2026 00:30;0.45
15/01/2026 00:45;0.45
15/01/2026 01:00;0.46
15/01/2026 01:15;0.47
15/01/2026 01:30;0.49
15/01/2026 01:45;0.49
15/01/2026 02:00;0.49
15/01/2026 02:15;0.49
15/01/2026 02:30;0.46
15/01/2026 02:45;0.47
15/01/2026 03:00;0.49
15/01/2026 03:15;0.49
15/01/2026 03:30;0.47
15/01/2026 03:45;0.46
15/01/2026 04:00;0.46
15/01/2026 04:15;0.46
15/01/2026 04:30;0.46
15/01/2026 04:45;0.45
15/01/2026 05:00;0.46
15/01/2026 05:15;0.47
15/01/2026 05:30;0.49
15/01/2026 05:45;0.49
15/01/2026 06:00;0.49
15/01/2026 06:15;0.49
15/01/2026 06:30;0.49
15/01/2026 06:45;0.49
15/01/2026 07:00;0.49
15/01/2026 07:15;0.47
15/01/2026 07:30;0.46
15/01/2026 07:45;0.46
15/01/2026 08:00;0.46
15/01/2026 08:15;0.46
15/01/2026 08:30;0.46
15/01/2026 08:45;0.46
15/01/2026 09:00;0.46
15/01/2026 09:15;0.47
15/01/2026 09:30;0.49
15/01/2026 09:45;0.49
15/01/2026 10:00;0.47
15/01/2026 10:15;0.46
15/01/2026 10:30;0.46
15/01/2026 10:45;0.46
15/01/2026 11:00;0.46
15/01/2026 11:15;0.46
15/01/2026 11:30;0.46
15/01/2026 11:45;0.46
15/01/2026 12:00;0.46
15/01/2026 12:15;0.46
15/01/2026 12:30;0.46
15/01/2026 12:45;0.46
15/01/2026 13:00;0.45
15/01/2026 13:15;0.45
15/01/2026 13:30;0.45
15/01/2026 13:45;0.47
15/01/2026 14:00;0.48
15/01/2026 14:15;0.49
15/01/2026 14:30;0.49
15/01/2026 14:45;0.49
15/01/2026 15:00;0.49
15/01/2026 15:15;0.49
15/01/2026 15:30;0.49
15/01/2026 15:45;0.49
15/01/2026 16:00;0.49
15/01/2026 16:15;0.47
15/01/2026 16:30;0.47
15/01/2026 16:45;0.47
15/01/2026 17:00;0.46
15/01/2026 17:15;0.45
15/01/2026 17:30;0.45
15/01/2026 17:45;0.46
15/01/2026 18:00;0.47
15/01/2026 18:15;0.48
15/01/2026 18:30;0.49
15/01/2026 18:45;0.49
15/01/2026 19:00;0.49
15/01/2026 19:15;0.49
15/01/2026 19:30;0.49
15/01/2026 19:45;0.49
15/01/2026 20:00;0.48
15/01/2026 20:15;0.47
15/01/2026 20:30;0.47
15/01/2026 20:45;0.47
15/01/2026 21:00;0.47
15/01/2026 21:15;0.47
15/01/2026 21:30;0.48
15/01/2026 21:45;0.49
15/01/2026 22:00;0.49
15/01/2026 22:15;0.49
15/01/2026 22:30;0.49
15/01/2026 22:45;0.49
15/01/2026 23:00;0.49
15/01/2026 23:15;0.49
15/01/2026 23:30;0.49
15/01/2026 23:45;0.49
16/01/2026 00:00;0.49
16/01/2026 00:15;0.49
16/01/2026 00:30;0.49
16/01/2026 00:45;0.49
16/01/2026 01:00;0.49
16/01/2026 01:15;0.49
16/01/2026 01:30;0.49
16/01/2026 01:45;0.49
16/01/2026 02:00;0.49
16/01/2026 02:15;0.48
16/01/2026 02:30;0.46
16/01/2026 02:45;0.46
16/01/2026 03:00;0.46
16/01/2026 03:15;0.46
16/01/2026 03:30;0.46
16/01/2026 03:45;0.46
16/01/2026 04:00;0.49
16/01/2026 04:15;0.49
16/01/2026 04:30;0.49
16/01/2026 04:45;0.49
16/01/2026 05:00;0.49
16/01/2026 05:15;0.49
16/01/2026 05:30;0.49
16/01/2026 05:45;0.49
16/01/2026 06:00;0.49
16/01/2026 06:15;0.49
16/01/2026 06:30;0.49
16/01/2026 06:45;0.49
16/01/2026 07:00;0.49
16/01/2026 07:15;0.49
16/01/2026 07:30;0.49
16/01/2026 07:45;0.49
16/01/2026 08:00;0.49
16/01/2026 08:15;0.49
16/01/2026 08:30;0.49
16/01/2026 08:45;0.49
16/01/2026 09:00;0.49
16/01/2026 09:15;0.49
16/01/2026 09:30;0.49
16/01/2026 09:45;0.49
16/01/2026 10:00;0.49
16/01/2026 10:15;0.49
16/01/2026 10:30;0.49
16/01/2026 10:45;0.49
16/01/2026 11:00;0.49
16/01/2026 11:15;0.49
16/01/2026 11:30;0.49
16/01/2026 11:45;0.49
16/01/2026 12:00;0.49
16/01/2026 12:15;0.49
16/01/2026 12:30;0.49
16/01/2026 12:45;0.49
16/01/2026 13:00;0.49
16/01/2026 13:15;0.49
16/01/2026 13:30;0.49
16/01/2026 13:45;0.49
16/01/2026 14:00;0.49
16/01/2026 14:15;0.49
16/01/2026 14:30;0.49
16/01/2026 14:45;0.49
16/01/2026 15:00;0.48
16/01/2026 15:15;0.46
16/01/2026 15:30;0.46
16/01/2026 15:45;0.46
16/01/2026 16:00;0.46
16/01/2026 16:15;0.46
16/01/2026 16:30;0.46
16/01/2026 16:45;0.46
16/01/2026 17:00;0.48
16/01/2026 17:15;0.49
16/01/2026 17:30;0.49
16/01/2026 17:45;0.49
16/01/2026 18:00;0.49
16/01/2026 18:15;0.49
16/01/2026 18:30;0.49
16/01/2026 18:45;0.49
16/01/2026 19:00;0.49
16/01/2026 19:15;0.49
16/01/2026 19:30;0.47
16/01/2026 19:45;0.46
16/01/2026 20:00;0.46
16/01/2026 20:15;0.46
16/01/2026 20:30;0.46
16/01/2026 20:45;0.47
16/01/2026 21:00;0.49
16/01/2026 21:15;0.49
16/01/2026 21:30;0.49
16/01/2026 21:45;0.49
16/01/2026 22:00;0.49
16/01/2026 22:15;0.49
16/01/2026 22:30;0.49
16/01/2026 22:45;0.49
16/01/2026 23:00;0.49
16/01/2026 23:15;0.49
16/01/2026 23:30;0.48
16/01/2026 23:45;0.46
17/01/2026 00:00;0.46
17/01/2026 00:15;0.46
17/01/2026 00:30;0.46
17/01/2026 00:45;0.48
17/01/2026 01:00;0.49
17/01/2026 01:15;0.49
17/01/2026 01:30;0.49
17/01/2026 01:45;0.49
17/01/2026 02:00;0.49
17/01/2026 02:15;0.49
17/01/2026 02:30;0.49
17/01/2026 02:45;0.47
17/01/2026 03:00;0.46
17/01/2026 03:15;0.46
17/01/2026 03:30;0.46
17/01/2026 03:45;0.46
17/01/2026 04:00;0.46
17/01/2026 04:15;0.46
17/01/2026 04:30;0.48
17/01/2026 04:45;0.49
17/01/2026 05:00;0.49
17/01/2026 05:15;0.49
17/01/2026 05:30;0.49
17/01/2026 05:45;0.49
17/01/2026 06:00;0.49
17/01/2026 06:15;0.49
17/01/2026 06:30;0.49
17/01/2026 06:45;0.49
17/01/2026 07:00;0.49
17/01/2026 07:15;0.49
17/01/2026 07:30;0.49
17/01/2026 07:45;0.49
17/01/2026 08:00;0.47
17/01/2026 08:15;0.46
17/01/2026 08:30;0.46
17/01/2026 08:45;0.46
17/01/2026 09:00;0.46
17/01/2026 09:15;0.47
17/01/2026 09:30;0.49
17/01/2026 09:45;0.49
17/01/2026 10:00;0.49
17/01/2026 10:15;0.49
17/01/2026 10:30;0.49
17/01/2026 10:45;0.49
17/01/2026 11:00;0.49
17/01/2026 11:15;0.49
17/01/2026 11:30;0.49
17/01/2026 11:45;0.48
17/01/2026 12:00;0.46
17/01/2026 12:15;0.46
17/01/2026 12:30;0.46
17/01/2026 12:45;0.46
17/01/2026 13:00;0.46
17/01/2026 13:15;0.46
17/01/2026 13:30;0.47
17/01/2026 13:45;0.49
17/01/2026 14:00;0.49
17/01/2026 14:15;0.49
17/01/2026 14:30;0.49
17/01/2026 14:45;0.49
17/01/2026 15:00;0.49
17/01/2026 15:15;0.49
17/01/2026 15:30;0.47
17/01/2026 15:45;0.46
17/01/2026 16:00;0.46
17/01/2026 16:15;0.46
17/01/2026 16:30;0.46
17/01/2026 16:45;0.46
17/01/2026 17:00;0.46
17/01/2026 17:15;0.48
17/01/2026 17:30;0.49
17/01/2026 17:45;0.49
17/01/2026 18:00;0.49
17/01/2026 18:15;0.49
17/01/2026 18:30;0.49
17/01/2026 18:45;0.49
17/01/2026 19:00;0.49
17/01/2026 19:15;0.49
17/01/2026 19:30;0.49
17/01/2026 19:45;0.49
17/01/2026 20:00;0.49
17/01/2026 20:15;0.49
17/01/2026 20:30;0.49
17/01/2026 20:45;0.49
17/01/2026 21:00;0.49
17/01/2026 21:15;0.49
17/01/2026 21:30;0.49
17/01/2026 21:45;0.49
17/01/2026 22:00;0.49
17/01/2026 22:15;0.49
17/01/2026 22:30;0.49
17/01/2026 22:45;0.49
17/01/2026 23:00;0.49
17/01/2026 23:15;0.49
17/01/2026 23:30;0.49
17/01/2026 23:45;0.49
18/01/2026 00:00;0.49
18/01/2026 00:15;0.49
18/01/2026 00:30;0.49
18/01/2026 00:45;0.49
18/01/2026 01:00;0.49
18/01/2026 01:15;0.49
18/01/2026 01:30;0.49
18/01/2026 01:45;0.49
18/01/2026 02:00;0.49
18/01/2026 02:15;0.49
18/01/2026 02:30;0.47
18/01/2026 02:45;0.46
18/01/2026 03:00;0.46
18/01/2026 03:15;0.46
18/01/2026 03:30;0.46
18/01/2026 03:45;0.47
18/01/2026 04:00;0.49
18/01/2026 04:15;0.49
18/01/2026 04:30;0.49
18/01/2026 04:45;0.49
18/01/2026 05:00;0.49
18/01/2026 05:15;0.49
18/01/2026 05:30;0.49
18/01/2026 05:45;0.49
18/01/2026 06:00;0.49
18/01/2026 06:15;0.49
18/01/2026 06:30;0.49
18/01/2026 06:45;0.48
18/01/2026 07:00;0.46
18/01/2026 07:15;0.46
18/01/2026 07:30;0.46
18/01/2026 07:45;0.46
18/01/2026 08:00;0.48
18/01/2026 08:15;0.49
18/01/2026 08:30;0.49
18/01/2026 08:45;0.49
18/01/2026 09:00;0.49
18/01/2026 09:15;0.49
18/01/2026 09:30;0.49
18/01/2026 09:45;0.49
18/01/2026 10:00;0.49
18/01/2026 10:15;0.49
18/01/2026 10:30;0.49
18/01/2026 10:45;0.49
18/01/2026 11:00;0.49
18/01/2026 11:15;0.49
18/01/2026 11:30;0.49
18/01/2026 11:45;0.49
18/01/2026 12:00;0.49
18/01/2026 12:15;0.49
18/01/2026 12:30;0.49
18/01/2026 12:45;0.49
18/01/2026 13:00;0.49
18/01/2026 13:15;0.49
18/01/2026 13:30;0.49
18/01/2026 13:45;0.49
18/01/2026 14:00;0.49
18/01/2026 14:15;0.49
18/01/2026 14:30;0.49
18/01/2026 14:45;0.49
18/01/2026 15:00;0.49
18/01/2026 15:15;0.49
18/01/2026 15:30;0.48
18/01/2026 15:45;0.47
18/01/2026 16:00;0.47
18/01/2026 16:15;0.47
18/01/2026 16:30;0.47
18/01/2026 16:45;0.47
18/01/2026 17:00;0.47
18/01/2026 17:15;0.49
18/01/2026 17:30;0.49
18/01/2026 17:45;0.49
18/01/2026 18:00;0.49
18/01/2026 18:15;0.49
18/01/2026 18:30;0.49
18/01/2026 18:45;0.49
18/01/2026 19:00;0.49
18/01/2026 19:15;0.49
18/01/2026 19:30;0.49
18/01/2026 19:45;0.49
18/01/2026 20:00;0.47
18/01/2026 20:15;0.47
18/01/2026 20:30;0.47
18/01/2026 20:45;0.47
18/01/2026 21:00;0.48
18/01/2026 21:15;0.49
18/01/2026 21:30;0.49
18/01/2026 21:45;0.49
18/01/2026 22:00;0.49
18/01/2026 22:15;0.49
18/01/2026 22:30;0.49
18/01/2026 22:45;0.49
18/01/2026 23:00;0.49
18/01/2026 23:15;0.49
18/01/2026 23:30;0.49
18/01/2026 23:45;0.49
19/01/2026 00:00;0.49
19/01/2026 00:15;0.46
19/01/2026 00:30;0.46
19/01/2026 00:45;0.46
19/01/2026 01:00;0.47
19/01/2026 01:15;0.49
19/01/2026 01:30;0.49
19/01/2026 01:45;0.51
19/01/2026 02:00;0.5
19/01/2026 02:15;0.49
19/01/2026 02:30;0.49
19/01/2026 02:45;0.49
19/01/2026 03:00;0.49
19/01/2026 03:15;0.49
19/01/2026 03:30;0.47
19/01/2026 03:45;0.46
19/01/2026 04:00;0.46
19/01/2026 04:15;0.46
19/01/2026 04:30;0.46
19/01/2026 04:45;0.46
19/01/2026 05:00;0.49
19/01/2026 05:15;0.49
19/01/2026 05:30;0.51
19/01/2026 05:45;0.51
19/01/2026 06:00;0.49
19/01/2026 06:15;0.49
19/01/2026 06:30;0.49
19/01/2026 06:45;0.49
19/01/2026 07:00;0.49
19/01/2026 07:15;0.49
19/01/2026 07:30;0.49
19/01/2026 07:45;0.49
19/01/2026 08:00;0.46
19/01/2026 08:15;0.46
19/01/2026 08:30;0.46
19/01/2026 08:45;0.46
19/01/2026 09:00;0.46
19/01/2026 09:15;0.49
19/01/2026 09:30;0.49
19/01/2026 09:45;0.49
19/01/2026 10:00;0.49
19/01/2026 10:15;0.49
19/01/2026 10:30;0.49
19/01/2026 10:45;0.49
19/01/2026 11:00;0.49
19/01/2026 11:15;0.49
19/01/2026 11:30;0.49
19/01/2026 11:45;0.49
19/01/2026 12:00;0.45
19/01/2026 12:15;0.38
19/01/2026 12:30;0.32
19/01/2026 12:45;0.29
19/01/2026 13:00;0.27
19/01/2026 13:15;0.27
19/01/2026 13:30;0.28
19/01/2026 13:45;0.39
19/01/2026 14:00;0.48
19/01/2026 14:15;0.49
19/01/2026 14:30;0.49
19/01/2026 14:45;0.49
19/01/2026 15:00;0.49
19/01/2026 15:15;0.49
19/01/2026 15:30;0.49
19/01/2026 15:45;0.49
19/01/2026 16:00;0.48
19/01/2026 16:15;0.47
19/01/2026 16:30;0.47
19/01/2026 16:45;0.47
19/01/2026 17:00;0.47
19/01/2026 17:15;0.47
19/01/2026 17:30;0.48
19/01/2026 17:45;0.49
19/01/2026 18:00;0.5
19/01/2026 18:15;0.51
19/01/2026 18:30;0.51
19/01/2026 18:45;0.51
19/01/2026 19:00;0.51
19/01/2026 19:15;0.51
19/01/2026 19:30;0.51
19/01/2026 19:45;0.51
19/01/2026 20:00;0.5
19/01/2026 20:15;0.49
19/01/2026 20:30;0.49
19/01/2026 20:45;0.48
19/01/2026 21:00;0.48
19/01/2026 21:15;0.49
19/01/2026 21:30;0.49
19/01/2026 21:45;0.51
19/01/2026 22:00;0.51
19/01/2026 22:15;0.51
19/01/2026 22:30;0.51
19/01/2026 22:45;0.51
19/01/2026 23:00;0.51
19/01/2026 23:15;0.51
19/01/2026 23:30;0.51
19/01/2026 23:45;0.51
20/01/2026 00:00;0.51
20/01/2026 00:15;0.51
20/01/2026 00:30;0.51
20/01/2026 00:45;0.51
20/01/2026 01:00;0.5
20/01/2026 01:15;0.5
20/01/2026 01:30;0.51
20/01/2026 01:45;0.5
20/01/2026 02:00;0.49
20/01/2026 02:15;0.49
20/01/2026 02:30;0.49
20/01/2026 02:45;0.49
20/01/2026 03:00;0.5
20/01/2026 03:15;0.51
20/01/2026 03:30;0.51
20/01/2026 03:45;0.51
20/01/2026 04:00;0.51
20/01/2026 04:15;0.51
20/01/2026 04:30;0.51
20/01/2026 04:45;0.51
20/01/2026 05:00;0.51
20/01/2026 05:15;0.51
20/01/2026 05:30;0.51
20/01/2026 05:45;0.51
20/01/2026 06:00;0.51
20/01/2026 06:15;0.51
20/01/2026 06:30;0.51
20/01/2026 06:45;0.5
20/01/2026 07:00;0.49
20/01/2026 07:15;0.49
20/01/2026 07:30;0.49
20/01/2026 07:45;0.49
20/01/2026 08:00;0.47
20/01/2026 08:15;0.47
20/01/2026 08:30;0.49
20/01/2026 08:45;0.5
20/01/2026 09:00;0.51
20/01/2026 09:15;0.51
20/01/2026 09:30;0.51
20/01/2026 09:45;0.51
20/01/2026 10:00;0.51
20/01/2026 10:15;0.51
20/01/2026 10:30;0.51
20/01/2026 10:45;0.51
20/01/2026 11:00;0.51
20/01/2026 11:15;0.51
20/01/2026 11:30;0.51
20/01/2026 11:45;0.51
20/01/2026 12:00;0.51
20/01/2026 12:15;0.51
20/01/2026 12:30;0.51
20/01/2026 12:45;0.51
20/01/2026 13:00;0.51
20/01/2026 13:15;0.51
20/01/2026 13:30;0.51
20/01/2026 13:45;0.51
20/01/2026 14:00;0.51
20/01/2026 14:15;0.51
20/01/2026 14:30;0.51
20/01/2026 14:45;0.51
20/01/2026 15:00;0.51
20/01/2026 15:15;0.51
20/01/2026 15:30;0.51
20/01/2026 15:45;0.51
20/01/2026 16:00;0.51
20/01/2026 16:15;0.51
20/01/2026 16:30;0.51
20/01/2026 16:45;0.51
20/01/2026 17:00;0.51
20/01/2026 17:15;0.51
20/01/2026 17:30;0.51
20/01/2026 17:45;0.51
20/01/2026 18:00;0.51
20/01/2026 18:15;0.51
20/01/2026 18:30;0.51
20/01/2026 18:45;0.51
20/01/2026 19:00;0.51
20/01/2026 19:15;0.51
20/01/2026 19:30;0.51
20/01/2026 19:45;0.51
20/01/2026 20:00;0.51
20/01/2026 20:15;0.51
20/01/2026 20:30;0.51
20/01/2026 20:45;0.51
20/01/2026 21:00;0.51
20/01/2026 21:15;0.51
20/01/2026 21:30;0.51
20/01/2026 21:45;0.51
20/01/2026 22:00;0.51
20/01/2026 22:15;0.51
20/01/2026 22:30;0.51
20/01/2026 22:45;0.51
20/01/2026 23:00;0.51
20/01/2026 23:15;0.5
20/01/2026 23:30;0.49
20/01/2026 23:45;0.49
21/01/2026 00:00;0.47
21/01/2026 00:15;0.46
21/01/2026 00:30;0.48
21/01/2026 00:45;0.49
21/01/2026 01:00;0.51
21/01/2026 01:15;0.51
21/01/2026 01:30;0.51
21/01/2026 01:45;0.51
21/01/2026 02:00;0.51
21/01/2026 02:15;0.51
21/01/2026 02:30;0.51
21/01/2026 02:45;0.51
21/01/2026 03:00;0.51
21/01/2026 03:15;0.5
21/01/2026 03:30;0.49
21/01/2026 03:45;0.49
21/01/2026 04:00;0.49
21/01/2026 04:15;0.49
21/01/2026 04:30;0.49
21/01/2026 04:45;0.49
21/01/2026 05:00;0.5
21/01/2026 05:15;0.51
21/01/2026 05:30;0.51
21/01/2026 05:45;0.51
21/01/2026 06:00;0.51
21/01/2026 06:15;0.51
21/01/2026 06:30;0.51
21/01/2026 06:45;0.51
21/01/2026 07:00;0.49
21/01/2026 07:15;0.49
21/01/2026 07:30;0.49
21/01/2026 07:45;0.49
21/01/2026 08:00;0.49
21/01/2026 08:15;0.49
21/01/2026 08:30;0.49
21/01/2026 08:45;0.49
21/01/2026 09:00;0.51
21/01/2026 09:15;0.51
21/01/2026 09:30;0.51
21/01/2026 09:45;0.51
21/01/2026 10:00;0.51
21/01/2026 10:15;0.49
21/01/2026 10:30;0.49
21/01/2026 10:45;0.49
21/01/2026 11:00;0.49
21/01/2026 11:15;0.49
21/01/2026 11:30;0.49
21/01/2026 11:45;0.49
21/01/2026 12:00;0.48
21/01/2026 12:15;0.46
21/01/2026 12:30;0.46
21/01/2026 12:45;0.46
21/01/2026 13:00;0.49
21/01/2026 13:15;0.49
21/01/2026 13:30;0.51
21/01/2026 13:45;0.51
21/01/2026 14:00;0.51
21/01/2026 14:15;0.51
21/01/2026 14:30;0.51
21/01/2026 14:45;0.51
21/01/2026 15:00;0.49
21/01/2026 15:15;0.49
21/01/2026 15:30;0.49
21/01/2026 15:45;0.48
21/01/2026 16:00;0.47
21/01/2026 16:15;0.46
21/01/2026 16:30;0.46
21/01/2026 16:45;0.47
21/01/2026 17:00;0.49
21/01/2026 17:15;0.51
21/01/2026 17:30;0.51
21/01/2026 17:45;0.51
21/01/2026 18:00;0.51
21/01/2026 18:15;0.51
21/01/2026 18:30;0.51
21/01/2026 18:45;0.49
21/01/2026 19:00;0.49
21/01/2026 19:15;0.49
21/01/2026 19:30;0.5
21/01/2026 19:45;0.49
21/01/2026 20:00;0.49
21/01/2026 20:15;0.49
21/01/2026 20:30;0.49
21/01/2026 20:45;0.47
21/01/2026 21:00;0.46
21/01/2026 21:15;0.47
21/01/2026 21:30;0.49
21/01/2026 21:45;0.51
21/01/2026 22:00;0.51
21/01/2026 22:15;0.51
21/01/2026 22:30;0.51
21/01/2026 22:45;0.51
21/01/2026 23:00;0.51
21/01/2026 23:15;0.51
21/01/2026 23:30;0.5
21/01/2026 23:45;0.49
22/01/2026 00:00;0.49
22/01/2026 00:15;0.49
22/01/2026 00:30;0.47
22/01/2026 00:45;0.48
22/01/2026 01:00;0.48
22/01/2026 01:15;0.49
22/01/2026 01:30;0.5
22/01/2026 01:45;0.51
22/01/2026 02:00;0.51
22/01/2026 02:15;0.51
22/01/2026 02:30;0.51
22/01/2026 02:45;0.51
22/01/2026 03:00;0.51
22/01/2026 03:15;0.51
22/01/2026 03:30;0.51
22/01/2026 03:45;0.51
22/01/2026 04:00;0.5
22/01/2026 04:15;0.49
22/01/2026 04:30;0.49
22/01/2026 04:45;0.49
22/01/2026 05:00;0.47
22/01/2026 05:15;0.48
22/01/2026 05:30;0.49
22/01/2026 05:45;0.51
22/01/2026 06:00;0.51
22/01/2026 06:15;0.51
22/01/2026 06:30;0.51
22/01/2026 06:45;0.51
22/01/2026 07:00;0.51
22/01/2026 07:15;0.51
22/01/2026 07:30;0.51
22/01/2026 07:45;0.51
22/01/2026 08:00;0.51
22/01/2026 08:15;0.49
22/01/2026 08:30;0.49
22/01/2026 08:45;0.49
22/01/2026 09:00;0.48
22/01/2026 09:15;0.47
22/01/2026 09:30;0.49
22/01/2026 09:45;0.5
22/01/2026 10:00;0.51
22/01/2026 10:15;0.51
22/01/2026 10:30;0.51
22/01/2026 10:45;0.51
22/01/2026 11:00;0.51
22/01/2026 11:15;0.51
22/01/2026 11:30;0.51
22/01/2026 11:45;0.51
22/01/2026 12:00;0.51
22/01/2026 12:15;0.51
22/01/2026 12:30;0.51
22/01/2026 12:45;0.51
22/01/2026 13:00;0.51
22/01/2026 13:15;0.51
22/01/2026 13:30;0.51
22/01/2026 13:45;0.51
22/01/2026 14:00;0.51
22/01/2026 14:15;0.51
22/01/2026 14:30;0.51
22/01/2026 14:45;0.51
22/01/2026 15:00;0.51
22/01/2026 15:15;0.51
22/01/2026 15:30;0.51
22/01/2026 15:45;0.51
22/01/2026 16:00;0.51
22/01/2026 16:15;0.51
22/01/2026 16:30;0.51
22/01/2026 16:45;0.51
22/01/2026 17:00;0.51
22/01/2026 17:15;0.51
22/01/2026 17:30;0.5
22/01/2026 17:45;0.49
22/01/2026 18:00;0.49
22/01/2026 18:15;0.49
22/01/2026 18:30;0.49
22/01/2026 18:45;0.5
22/01/2026 19:00;0.51
22/01/2026 19:15;0.51
22/01/2026 19:30;0.51
22/01/2026 19:45;0.51
22/01/2026 20:00;0.51
22/01/2026 20:15;0.51
22/01/2026 20:30;0.51
22/01/2026 20:45;0.51
22/01/2026 21:00;0.51
22/01/2026 21:15;0.51
22/01/2026 21:30;0.51
22/01/2026 21:45;0.51
22/01/2026 22:00;0.51
22/01/2026 22:15;0.51
22/01/2026 22:30;0.51
22/01/2026 22:45;0.51
22/01/2026 23:00;0.51
22/01/2026 23:15;0.51
22/01/2026 23:30;0.51
22/01/2026 23:45;0.51
23/01/2026 00:00;0.51
23/01/2026 00:15;0.51
23/01/2026 00:30;0.51
23/01/2026 00:45;0.51
23/01/2026 01:00;0.51
23/01/2026 01:15;0.51
23/01/2026 01:30;0.51
23/01/2026 01:45;0.51
23/01/2026 02:00;0.51
23/01/2026 02:15;0.5
23/01/2026 02:30;0.49
23/01/2026 02:45;0.49
23/01/2026 03:00;0.49
23/01/2026 03:15;0.49
23/01/2026 03:30;0.48
23/01/2026 03:45;0.49
23/01/2026 04:00;0.5
23/01/2026 04:15;0.51
23/01/2026 04:30;0.51
23/01/2026 04:45;0.51
23/01/2026 05:00;0.51
23/01/2026 05:15;0.51
23/01/2026 05:30;0.51
23/01/2026 05:45;0.51
23/01/2026 06:00;0.51
23/01/2026 06:15;0.51
23/01/2026 06:30;0.51
23/01/2026 06:45;0.5
23/01/2026 07:00;0.49
23/01/2026 07:15;0.49
23/01/2026 07:30;0.49
23/01/2026 07:45;0.49
23/01/2026 08:00;0.49
23/01/2026 08:15;0.5
23/01/2026 08:30;0.51
23/01/2026 08:45;0.51
23/01/2026 09:00;0.51
23/01/2026 09:15;0.51
23/01/2026 09:30;0.51
23/01/2026 09:45;0.51
23/01/2026 10:00;0.51
23/01/2026 10:15;0.49
23/01/2026 10:30;0.49
23/01/2026 10:45;0.49
23/01/2026 11:00;0.46
23/01/2026 11:15;0.48
23/01/2026 11:30;0.48
23/01/2026 11:45;0.47
23/01/2026 12:00;0.49
23/01/2026 12:15;0.5
23/01/2026 12:30;0.51
23/01/2026 12:45;0.51
23/01/2026 13:00;0.51
23/01/2026 13:15;0.51
23/01/2026 13:30;0.51
23/01/2026 13:45;0.51
23/01/2026 14:00;0.51
23/01/2026 14:15;0.51
23/01/2026 14:30;0.5
23/01/2026 14:45;0.49
23/01/2026 15:00;0.49
23/01/2026 15:15;0.49
23/01/2026 15:30;0.49
23/01/2026 15:45;0.49
23/01/2026 16:00;0.49
23/01/2026 16:15;0.49
23/01/2026 16:30;0.51
23/01/2026 16:45;0.51
23/01/2026 17:00;0.51
23/01/2026 17:15;0.51
23/01/2026 17:30;0.51
23/01/2026 17:45;0.51
23/01/2026 18:00;0.51
23/01/2026 18:15;0.51
23/01/2026 18:30;0.51
23/01/2026 18:45;0.5
23/01/2026 19:00;0.49
23/01/2026 19:15;0.49
23/01/2026 19:30;0.49
23/01/2026 19:45;0.49
23/01/2026 20:00;0.49
23/01/2026 20:15;0.49
23/01/2026 20:30;0.49
23/01/2026 20:45;0.51
23/01/2026 21:00;0.51
23/01/2026 21:15;0.51
23/01/2026 21:30;0.51
23/01/2026 21:45;0.51
23/01/2026 22:00;0.51
23/01/2026 22:15;0.51
23/01/2026 22:30;0.51
23/01/2026 22:45;0.51
23/01/2026 23:00;0.51
23/01/2026 23:15;0.51
23/01/2026 23:30;0.51
23/01/2026 23:45;0.5
24/01/2026 00:00;0.49
24/01/2026 00:15;0.49
24/01/2026 00:30;0.49
24/01/2026 00:45;0.49
24/01/2026 01:00;0.49
24/01/2026 01:15;0.51
24/01/2026 01:30;0.51
24/01/2026 01:45;0.51
24/01/2026 02:00;0.51
24/01/2026 02:15;0.51
24/01/2026 02:30;0.51
24/01/2026 02:45;0.51
24/01/2026 03:00;0.51
24/01/2026 03:15;0.49
24/01/2026 03:30;0.49
24/01/2026 03:45;0.49
24/01/2026 04:00;0.49
24/01/2026 04:15;0.49
24/01/2026 04:30;0.49
24/01/2026 04:45;0.49
24/01/2026 05:00;0.51
24/01/2026 05:15;0.51
24/01/2026 05:30;0.51
24/01/2026 05:45;0.51
24/01/2026 06:00;0.51
24/01/2026 06:15;0.51
24/01/2026 06:30;0.51
24/01/2026 06:45;0.51
24/01/2026 07:00;0.51
24/01/2026 07:15;0.51
24/01/2026 07:30;0.51
24/01/2026 07:45;0.49
24/01/2026 08:00;0.49
24/01/2026 08:15;0.49
24/01/2026 08:30;0.49
24/01/2026 08:45;0.49
24/01/2026 09:00;0.51
24/01/2026 09:15;0.51
24/01/2026 09:30;0.51
24/01/2026 09:45;0.51
24/01/2026 10:00;0.51
24/01/2026 10:15;0.51
24/01/2026 10:30;0.51
24/01/2026 10:45;0.51
24/01/2026 11:00;0.51
24/01/2026 11:15;0.51
24/01/2026 11:30;0.51
24/01/2026 11:45;0.51
24/01/2026 12:00;0.51
24/01/2026 12:15;0.51
24/01/2026 12:30;0.51
24/01/2026 12:45;0.51
24/01/2026 13:00;0.51
24/01/2026 13:15;0.51
24/01/2026 13:30;0.51
24/01/2026 13:45;0.51
24/01/2026 14:00;0.51
24/01/2026 14:15;0.51
24/01/2026 14:30;0.51
24/01/2026 14:45;0.51
24/01/2026 15:00;0.51
24/01/2026 15:15;0.51
24/01/2026 15:30;0.51
24/01/2026 15:45;0.51
24/01/2026 16:00;0.51
24/01/2026 16:15;0.51
24/01/2026 16:30;0.51
24/01/2026 16:45;0.51
24/01/2026 17:00;0.49
24/01/2026 17:15;0.49
24/01/2026 17:30;0.49
24/01/2026 17:45;0.5
24/01/2026 18:00;0.51
24/01/2026 18:15;0.51
24/01/2026 18:30;0.51
24/01/2026 18:45;0.51
24/01/2026 19:00;0.51
24/01/2026 19:15;0.51
24/01/2026 19:30;0.51
24/01/2026 19:45;0.51
24/01/2026 20:00;0.51
24/01/2026 20:15;0.51
24/01/2026 20:30;0.51
24/01/2026 20:45;0.51
24/01/2026 21:00;0.51
24/01/2026 21:15;0.51
24/01/2026 21:30;0.51
24/01/2026 21:45;0.51
24/01/2026 22:00;0.51
24/01/2026 22:15;0.51
24/01/2026 22:30;0.51
24/01/2026 22:45;0.51
24/01/2026 23:00;0.51
24/01/2026 23:15;0.51
24/01/2026 23:30;0.51
24/01/2026 23:45;0.51
25/01/2026 00:00;0.51
25/01/2026 00:15;0.51
25/01/2026 00:30;0.51
25/01/2026 00:45;0.51
25/01/2026 01:00;0.51
25/01/2026 01:15;0.51
25/01/2026 01:30;0.51
25/01/2026 01:45;0.51
25/01/2026 02:00;0.51
25/01/2026 02:15;0.51
25/01/2026 02:30;0.49
25/01/2026 02:45;0.49
25/01/2026 03:00;0.49
25/01/2026 03:15;0.49
25/01/2026 03:30;0.49
25/01/2026 03:45;0.49
25/01/2026 04:00;0.51
25/01/2026 04:15;0.51
25/01/2026 04:30;0.51
25/01/2026 04:45;0.51
25/01/2026 05:00;0.51
25/01/2026 05:15;0.51
25/01/2026 05:30;0.52
25/01/2026 05:45;0.52
25/01/2026 06:00;0.52
25/01/2026 06:15;0.52
25/01/2026 06:30;0.52
25/01/2026 06:45;0.52
25/01/2026 07:00;0.52
25/01/2026 07:15;0.52
25/01/2026 07:30;0.52
25/01/2026 07:45;0.52
25/01/2026 08:00;0.52
25/01/2026 08:15;0.52
25/01/2026 08:30;0.51
25/01/2026 08:45;0.51
25/01/2026 09:00;0.51
25/01/2026 09:15;0.51
25/01/2026 09:30;0.51
25/01/2026 09:45;0.51
25/01/2026 10:00;0.51
25/01/2026 10:15;0.51
25/01/2026 10:30;0.51
25/01/2026 10:45;0.51
25/01/2026 11:00;0.51
25/01/2026 11:15;0.51
25/01/2026 11:30;0.51
25/01/2026 11:45;0.51
25/01/2026 12:00;0.51
25/01/2026 12:15;0.51
25/01/2026 12:30;0.49
25/01/2026 12:45;0.49
25/01/2026 13:00;0.49
25/01/2026 13:15;0.49
25/01/2026 13:30;0.49
25/01/2026 13:45;0.49
25/01/2026 14:00;0.51
25/01/2026 14:15;0.51
25/01/2026 14:30;0.51
25/01/2026 14:45;0.51
25/01/2026 15:00;0.51
25/01/2026 15:15;0.51
25/01/2026 15:30;0.51
25/01/2026 15:45;0.51
25/01/2026 16:00;0.51
25/01/2026 16:15;0.51
25/01/2026 16:30;0.51
25/01/2026 16:45;0.51
25/01/2026 17:00;0.49
25/01/2026 17:15;0.49
25/01/2026 17:30;0.49
25/01/2026 17:45;0.49
25/01/2026 18:00;0.49
25/01/2026 18:15;0.5
25/01/2026 18:30;0.51
25/01/2026 18:45;0.52
25/01/2026 19:00;0.52
25/01/2026 19:15;0.52
25/01/2026 19:30;0.51
25/01/2026 19:45;0.51
25/01/2026 20:00;0.51
25/01/2026 20:15;0.51
25/01/2026 20:30;0.51
25/01/2026 20:45;0.49
25/01/2026 21:00;0.49
25/01/2026 21:15;0.49
25/01/2026 21:30;0.49
25/01/2026 21:45;0.49
25/01/2026 22:00;0.5
25/01/2026 22:15;0.51
25/01/2026 22:30;0.52
25/01/2026 22:45;0.52
25/01/2026 23:00;0.52
25/01/2026 23:15;0.52
25/01/2026 23:30;0.51
25/01/2026 23:45;0.51
26/01/2026 00:00;0.51
26/01/2026 00:15;0.51
26/01/2026 00:30;0.51
26/01/2026 00:45;0.51
26/01/2026 01:00;0.51
26/01/2026 01:15;0.49
26/01/2026 01:30;0.49
26/01/2026 01:45;0.49
26/01/2026 02:00;0.49
26/01/2026 02:15;0.51
26/01/2026 02:30;0.52
26/01/2026 02:45;0.52
26/01/2026 03:00;0.52
26/01/2026 03:15;0.52
26/01/2026 03:30;0.52
26/01/2026 03:45;0.52
26/01/2026 04:00;0.51
26/01/2026 04:15;0.52
26/01/2026 04:30;0.52
26/01/2026 04:45;0.52
26/01/2026 05:00;0.52
26/01/2026 05:15;0.51
26/01/2026 05:30;0.51
26/01/2026 05:45;0.49
26/01/2026 06:00;0.49
26/01/2026 06:15;0.49
26/01/2026 06:30;0.51
26/01/2026 06:45;0.51
26/01/2026 07:00;0.52
26/01/2026 07:15;0.52
26/01/2026 07:30;0.52
26/01/2026 07:45;0.52
26/01/2026 08:00;0.52
26/01/2026 08:15;0.52
26/01/2026 08:30;0.52
26/01/2026 08:45;0.51
26/01/2026 09:00;0.5
26/01/2026 09:15;0.49
26/01/2026 09:30;0.49
26/01/2026 09:45;0.49
26/01/2026 10:00;0.49
26/01/2026 10:15;0.49
26/01/2026 10:30;0.51
26/01/2026 10:45;0.51
26/01/2026 11:00;0.52
26/01/2026 11:15;0.51
26/01/2026 11:30;0.51
26/01/2026 11:45;0.51
26/01/2026 12:00;0.51
26/01/2026 12:15;0.51
26/01/2026 12:30;0.51
26/01/2026 12:45;0.51
26/01/2026 13:00;0.51
26/01/2026 13:15;0.51
26/01/2026 13:30;0.51
26/01/2026 13:45;0.51
26/01/2026 14:00;0.51
26/01/2026 14:15;0.5
26/01/2026 14:30;0.49
26/01/2026 14:45;0.49
26/01/2026 15:00;0.49
26/01/2026 15:15;0.49
26/01/2026 15:30;0.5
26/01/2026 15:45;0.51
26/01/2026 16:00;0.52
26/01/2026 16:15;0.52
26/01/2026 16:30;0.51
26/01/2026 16:45;0.51
26/01/2026 17:00;0.51
26/01/2026 17:15;0.51
26/01/2026 17:30;0.51
26/01/2026 17:45;0.52
26/01/2026 18:00;0.52
26/01/2026 18:15;0.52
26/01/2026 18:30;0.52
26/01/2026 18:45;0.52
26/01/2026 19:00;0.52
26/01/2026 19:15;0.52
26/01/2026 19:30;0.52
26/01/2026 19:45;0.52
26/01/2026 20:00;0.52
26/01/2026 20:15;0.52
26/01/2026 20:30;0.52
26/01/2026 20:45;0.52
26/01/2026 21:00;0.52
26/01/2026 21:15;0.52
26/01/2026 21:30;0.52
26/01/2026 21:45;0.52
26/01/2026 22:00;0.52
26/01/2026 22:15;0.52
26/01/2026 22:30;0.52
26/01/2026 22:45;0.52
26/01/2026 23:00;0.52
26/01/2026 23:15;0.52
26/01/2026 23:30;0.52
26/01/2026 23:45;0.52
27/01/2026 00:00;0.52
27/01/2026 00:15;0.52
27/01/2026 00:30;0.52
27/01/2026 00:45;0.52
27/01/2026 01:00;0.52
27/01/2026 01:15;0.51
27/01/2026 01:30;0.51
27/01/2026 01:45;0.51
27/01/2026 02:00;0.51
27/01/2026 02:15;0.51
27/01/2026 02:30;0.51
27/01/2026 02:45;0.51
27/01/2026 03:00;0.51
27/01/2026 03:15;0.52
27/01/2026 03:30;0.52
27/01/2026 03:45;0.52
27/01/2026 04:00;0.52
27/01/2026 04:15;0.52
27/01/2026 04:30;0.52
27/01/2026 04:45;0.52
27/01/2026 05:00;0.52
27/01/2026 05:15;0.52
27/01/2026 05:30;0.52
27/01/2026 05:45;0.52
27/01/2026 06:00;0.52
27/01/2026 06:15;0.51
27/01/2026 06:30;0.51
27/01/2026 06:45;0.51
27/01/2026 07:00;0.51
27/01/2026 07:15;0.51
27/01/2026 07:30;0.51
27/01/2026 07:45;0.52
27/01/2026 08:00;0.52
27/01/2026 08:15;0.52
27/01/2026 08:30;0.52
27/01/2026 08:45;0.52
27/01/2026 09:00;0.52
27/01/2026 09:15;0.52
27/01/2026 09:30;0.52
27/01/2026 09:45;0.52
27/01/2026 10:00;0.52
27/01/2026 10:15;0.52
27/01/2026 10:30;0.52
27/01/2026 10:45;0.52
27/01/2026 11:00;0.52
27/01/2026 11:15;0.52
27/01/2026 11:30;0.52
27/01/2026 11:45;0.52
27/01/2026 12:00;0.52
27/01/2026 12:15;0.52
27/01/2026 12:30;0.52
27/01/2026 12:45;0.52
27/01/2026 13:00;0.52
27/01/2026 13:15;0.52
27/01/2026 13:30;0.52
27/01/2026 13:45;0.52
27/01/2026 14:00;0.52
27/01/2026 14:15;0.52
27/01/2026 14:30;0.52
27/01/2026 14:45;0.52
27/01/2026 15:00;0.52
27/01/2026 15:15;0.52
27/01/2026 15:30;0.52
27/01/2026 15:45;0.51
27/01/2026 16:00;0.51
27/01/2026 16:15;0.51
27/01/2026 16:30;0.51
27/01/2026 16:45;0.51
27/01/2026 17:00;0.51
27/01/2026 17:15;0.52
27/01/2026 17:30;0.52
27/01/2026 17:45;0.52
27/01/2026 18:00;0.52
27/01/2026 18:15;0.52
27/01/2026 18:30;0.52
27/01/2026 18:45;0.52
27/01/2026 19:00;0.52
27/01/2026 19:15;0.52
27/01/2026 19:30;0.52
27/01/2026 19:45;0.52
27/01/2026 20:00;0.52
27/01/2026 20:15;0.52
27/01/2026 20:30;0.52
27/01/2026 20:45;0.52
27/01/2026 21:00;0.52
27/01/2026 21:15;0.51
27/01/2026 21:30;0.51
27/01/2026 21:45;0.51
27/01/2026 22:00;0.52
27/01/2026 22:15;0.54
27/01/2026 22:30;0.55
27/01/2026 22:45;0.55
27/01/2026 23:00;0.55
27/01/2026 23:15;0.55
27/01/2026 23:30;0.55
27/01/2026 23:45;0.55
28/01/2026 00:00;0.55
28/01/2026 00:15;0.55
28/01/2026 00:30;0.55
28/01/2026 00:45;0.54
28/01/2026 01:00;0.52
28/01/2026 01:15;0.52
28/01/2026 01:30;0.52
28/01/2026 01:45;0.52
28/01/2026 02:00;0.52
28/01/2026 02:15;0.52
28/01/2026 02:30;0.55
28/01/2026 02:45;0.55
28/01/2026 03:00;0.55
28/01/2026 03:15;0.55
28/01/2026 03:30;0.55
28/01/2026 03:45;0.55
28/01/2026 04:00;0.55
28/01/2026 04:15;0.55
28/01/2026 04:30;0.52
28/01/2026 04:45;0.52
28/01/2026 05:00;0.52
28/01/2026 05:15;0.52
28/01/2026 05:30;0.52
28/01/2026 05:45;0.52
28/01/2026 06:00;0.52
28/01/2026 06:15;0.54
28/01/2026 06:30;0.55
28/01/2026 06:45;0.55
28/01/2026 07:00;0.55
28/01/2026 07:15;0.55
28/01/2026 07:30;0.55
28/01/2026 07:45;0.55
28/01/2026 08:00;0.55
28/01/2026 08:15;0.55
28/01/2026 08:30;0.55
28/01/2026 08:45;0.52
28/01/2026 09:00;0.52
28/01/2026 09:15;0.52
28/01/2026 09:30;0.51
28/01/2026 09:45;0.51
28/01/2026 10:00;0.52
28/01/2026 10:15;0.52
28/01/2026 10:30;0.55
28/01/2026 10:45;0.55
28/01/2026 11:00;0.55
28/01/2026 11:15;0.55
28/01/2026 11:30;0.55
28/01/2026 11:45;0.55
28/01/2026 12:00;0.55
28/01/2026 12:15;0.55
28/01/2026 12:30;0.55
28/01/2026 12:45;0.55
28/01/2026 13:00;0.52
28/01/2026 13:15;0.52
28/01/2026 13:30;0.52
28/01/2026 13:45;0.52
28/01/2026 14:00;0.52
28/01/2026 14:15;0.52
28/01/2026 14:30;0.55
28/01/2026 14:45;0.55
28/01/2026 15:00;0.55
28/01/2026 15:15;0.55
28/01/2026 15:30;0.55
28/01/2026 15:45;0.55
28/01/2026 16:00;0.55
28/01/2026 16:15;0.54
28/01/2026 16:30;0.52
28/01/2026 16:45;0.52
28/01/2026 17:00;0.52
28/01/2026 17:15;0.52
28/01/2026 17:30;0.52
28/01/2026 17:45;0.52
28/01/2026 18:00;0.54
28/01/2026 18:15;0.55
28/01/2026 18:30;0.55
28/01/2026 18:45;0.55
28/01/2026 19:00;0.55
28/01/2026 19:15;0.55
28/01/2026 19:30;0.55
28/01/2026 19:45;0.55
28/01/2026 20:00;0.55
28/01/2026 20:15;0.55
28/01/2026 20:30;0.55
28/01/2026 20:45;0.55
28/01/2026 21:00;0.55
28/01/2026 21:15;0.55
28/01/2026 21:30;0.55
28/01/2026 21:45;0.55
28/01/2026 22:00;0.55
28/01/2026 22:15;0.55
28/01/2026 22:30;0.55
28/01/2026 22:45;0.55
28/01/2026 23:00;0.55
28/01/2026 23:15;0.55
28/01/2026 23:30;0.55
28/01/2026 23:45;0.55
29/01/2026 00:00;0.55
29/01/2026 00:15;0.55
29/01/2026 00:30;0.55
29/01/2026 00:45;0.55
29/01/2026 01:00;0.55
29/01/2026 01:15;0.55
29/01/2026 01:30;0.55
29/01/2026 01:45;0.55
29/01/2026 02:00;0.55
29/01/2026 02:15;0.55
29/01/2026 02:30;0.55
29/01/2026 02:45;0.52
29/01/2026 03:00;0.52
29/01/2026 03:15;0.52
29/01/2026 03:30;0.52
29/01/2026 03:45;0.52
29/01/2026 04:00;0.55
29/01/2026 04:15;0.55
29/01/2026 04:30;0.55
29/01/2026 04:45;0.55
29/01/2026 05:00;0.55
29/01/2026 05:15;0.55
29/01/2026 05:30;0.55
29/01/2026 05:45;0.55
29/01/2026 06:00;0.55
29/01/2026 06:15;0.54
29/01/2026 06:30;0.52
29/01/2026 06:45;0.52
29/01/2026 07:00;0.52
29/01/2026 07:15;0.52
29/01/2026 07:30;0.52
29/01/2026 07:45;0.54
29/01/2026 08:00;0.55
29/01/2026 08:15;0.55
29/01/2026 08:30;0.55
29/01/2026 08:45;0.55
29/01/2026 09:00;0.55
29/01/2026 09:15;0.55
29/01/2026 09:30;0.55
29/01/2026 09:45;0.55
29/01/2026 10:00;0.55
29/01/2026 10:15;0.55
29/01/2026 10:30;0.55
29/01/2026 10:45;0.55
29/01/2026 11:00;0.55
29/01/2026 11:15;0.55
29/01/2026 11:30;0.55
29/01/2026 11:45;0.55
29/01/2026 12:00;0.55
29/01/2026 12:15;0.55
29/01/2026 12:30;0.55
29/01/2026 12:45;0.55
29/01/2026 13:00;0.55
29/01/2026 13:15;0.55
29/01/2026 13:30;0.55
29/01/2026 13:45;0.55
29/01/2026 14:00;0.55
29/01/2026 14:15;0.55
29/01/2026 14:30;0.55
29/01/2026 14:45;0.55
29/01/2026 15:00;0.55
29/01/2026 15:15;0.55
29/01/2026 15:30;0.55
29/01/2026 15:45;0.55
29/01/2026 16:00;0.55
29/01/2026 16:15;0.56
29/01/2026 16:30;0.56
29/01/2026 16:45;0.55
29/01/2026 17:00;0.55
29/01/2026 17:15;0.55
29/01/2026 17:30;0.55
29/01/2026 17:45;0.55
29/01/2026 18:00;0.55
29/01/2026 18:15;0.55
29/01/2026 18:30;0.55
29/01/2026 18:45;0.55
29/01/2026 19:00;0.55
29/01/2026 19:15;0.55
29/01/2026 19:30;0.52
29/01/2026 19:45;0.52
29/01/2026 20:00;0.52
29/01/2026 20:15;0.52
29/01/2026 20:30;0.52
29/01/2026 20:45;0.55
29/01/2026 21:00;0.55
29/01/2026 21:15;0.56
29/01/2026 21:30;0.56
29/01/2026 21:45;0.55
29/01/2026 22:00;0.56
29/01/2026 22:15;0.56
29/01/2026 22:30;0.56
29/01/2026 22:45;0.55
29/01/2026 23:00;0.55
29/01/2026 23:15;0.52
29/01/2026 23:30;0.52
29/01/2026 23:45;0.52
30/01/2026 00:00;0.52
30/01/2026 00:15;0.52
30/01/2026 00:30;0.54
30/01/2026 00:45;0.55
30/01/2026 01:00;0.57
30/01/2026 01:15;0.57
30/01/2026 01:30;0.57
30/01/2026 01:45;0.55
30/01/2026 02:00;0.55
30/01/2026 02:15;0.55
30/01/2026 02:30;0.55
30/01/2026 02:45;0.55
30/01/2026 03:00;0.55
30/01/2026 03:15;0.55
30/01/2026 03:30;0.54
30/01/2026 03:45;0.52
30/01/2026 04:00;0.52
30/01/2026 04:15;0.52
30/01/2026 04:30;0.52
30/01/2026 04:45;0.54
30/01/2026 05:00;0.55
30/01/2026 05:15;0.55
30/01/2026 05:30;0.55
30/01/2026 05:45;0.55
30/01/2026 06:00;0.55
30/01/2026 06:15;0.55
30/01/2026 06:30;0.55
30/01/2026 06:45;0.55
30/01/2026 07:00;0.55
30/01/2026 07:15;0.55
30/01/2026 07:30;0.55
30/01/2026 07:45;0.55
30/01/2026 08:00;0.52
30/01/2026 08:15;0.52
30/01/2026 08:30;0.52
30/01/2026 08:45;0.52
30/01/2026 09:00;0.54
30/01/2026 09:15;0.55
30/01/2026 09:30;0.55
30/01/2026 09:45;0.55
30/01/2026 10:00;0.55
30/01/2026 10:15;0.55
30/01/2026 10:30;0.55
30/01/2026 10:45;0.55
30/01/2026 11:00;0.55
30/01/2026 11:15;0.54
30/01/2026 11:30;0.52
30/01/2026 11:45;0.52
30/01/2026 12:00;0.52
30/01/2026 12:15;1.64
30/01/2026 12:30;6.83
30/01/2026 12:45;7.68
30/01/2026 13:00;7.81
30/01/2026 13:15;7.97
30/01/2026 13:30;8.04
30/01/2026 13:45;8.09
30/01/2026 14:00;8.14
30/01/2026 14:15;8.14
30/01/2026 14:30;8.14
30/01/2026 14:45;8.17
30/01/2026 15:00;8.2
30/01/2026 15:15;8.2
30/01/2026 15:30;8.18
30/01/2026 15:45;8.2
30/01/2026 16:00;8.18
30/01/2026 16:15;8.18
30/01/2026 16:30;8.22
30/01/2026 16:45;8.22
30/01/2026 17:00;8.24
30/01/2026 17:15;8.24
30/01/2026 17:30;8.22
30/01/2026 17:45;8.22
30/01/2026 18:00;8.21
30/01/2026 18:15;8.22
30/01/2026 18:30;8.22
30/01/2026 18:45;8.21
30/01/2026 19:00;8.22
30/01/2026 19:15;8.22
30/01/2026 19:30;8.2
30/01/2026 19:45;8.2
30/01/2026 20:00;8.2
30/01/2026 20:15;8.22
30/01/2026 20:30;8.22
30/01/2026 20:45;8.22
30/01/2026 21:00;8.22
30/01/2026 21:15;8.22
30/01/2026 21:30;8.22
30/01/2026 21:45;8.22
30/01/2026 22:00;8.25
30/01/2026 22:15;8.22
30/01/2026 22:30;8.2
30/01/2026 22:45;8.18
30/01/2026 23:00;8.22
30/01/2026 23:15;8.24
30/01/2026 23:30;8.22
30/01/2026 23:45;8.24
31/01/2026 00:00;8.24
31/01/2026 00:15;8.24
31/01/2026 00:30;8.26
31/01/2026 00:45;8.27
31/01/2026 01:00;8.26
31/01/2026 01:15;8.25
31/01/2026 01:30;8.25
31/01/2026 01:45;8.25
31/01/2026 02:00;8.26
31/01/2026 02:15;8.22
31/01/2026 02:30;8.2
31/01/2026 02:45;8.22
31/01/2026 03:00;8.24
31/01/2026 03:15;8.25
31/01/2026 03:30;8.3
31/01/2026 03:45;8.3
31/01/2026 04:00;8.29
31/01/2026 04:15;8.3
31/01/2026 04:30;8.3
31/01/2026 04:45;8.32
31/01/2026 05:00;8.31
31/01/2026 05:15;8.32
31/01/2026 05:30;8.31
31/01/2026 05:45;8.32
31/01/2026 06:00;8.29
31/01/2026 06:15;8.32
31/01/2026 06:30;8.31
31/01/2026 06:45;8.32
31/01/2026 07:00;8.31
31/01/2026 07:15;8.32
31/01/2026 07:30;8.31
31/01/2026 07:45;8.31
31/01/2026 08:00;8.31
31/01/2026 08:15;8.31
31/01/2026 08:30;8.33
31/01/2026 08:45;8.33
31/01/2026 09:00;8.35
31/01/2026 09:15;8.34
31/01/2026 09:30;8.34
31/01/2026 09:45;8.35
31/01/2026 10:00;8.35
31/01/2026 10:15;8.35
31/01/2026 10:30;8.34
31/01/2026 10:45;8.35
31/01/2026 11:00;8.34
31/01/2026 11:15;8.35
31/01/2026 11:30;8.35
31/01/2026 11:45;8.35
31/01/2026 12:00;8.35
31/01/2026 12:15;8.35
31/01/2026 12:30;8.37
31/01/2026 12:45;8.37
31/01/2026 13:00;8.37
31/01/2026 13:15;8.38
31/01/2026 13:30;8.38
31/01/2026 13:45;8.38
31/01/2026 14:00;8.37
31/01/2026 14:15;8.35
31/01/2026 14:30;8.35
31/01/2026 14:45;8.39
31/01/2026 15:00;8.38
31/01/2026 15:15;8.38
31/01/2026 15:30;8.37
31/01/2026 15:45;8.39
31/01/2026 16:00;8.39
31/01/2026 16:15;8.39
31/01/2026 16:30;8.39
31/01/2026 16:45;8.39
31/01/2026 17:00;8.39
31/01/2026 17:15;8.41
31/01/2026 17:30;8.39
31/01/2026 17:45;8.39
31/01/2026 18:00;8.39
31/01/2026 18:15;8.39
31/01/2026 18:30;8.39
31/01/2026 18:45;8.39
31/01/2026 19:00;8.39
31/01/2026 19:15;8.39
31/01/2026 19:30;8.39
31/01/2026 19:45;8.39
31/01/2026 20:00;8.41
31/01/2026 20:15;8.41
31/01/2026 20:30;8.34
31/01/2026 20:45;8.33
31/01/2026 21:00;8.32
31/01/2026 21:15;8.37
31/01/2026 21:30;8.39
31/01/2026 21:45;8.39
31/01/2026 22:00;8.41
31/01/2026 22:15;8.41
31/01/2026 22:30;8.42
31/01/2026 22:45;8.39
31/01/2026 23:00;8.39
31/01/2026 23:15;8.38
31/01/2026 23:30;8.38
31/01/2026 23:45;8.38
01/02/2026 00:00;8.39
01/02/2026 00:15;8.39
01/02/2026 00:30;8.43
01/02/2026 00:45;8.42
01/02/2026 01:00;8.43
01/02/2026 01:15;8.43
01/02/2026 01:30;8.43
01/02/2026 01:45;8.43
01/02/2026 02:00;8.43
01/02/2026 02:15;8.43
01/02/2026 02:30;8.43
01/02/2026 02:45;8.43
01/02/2026 03:00;8.42
01/02/2026 03:15;8.41
01/02/2026 03:30;8.41
01/02/2026 03:45;8.39
01/02/2026 04:00;8.41
01/02/2026 04:15;8.42
01/02/2026 04:30;8.42
01/02/2026 04:45;8.43
01/02/2026 05:00;8.45
01/02/2026 05:15;8.46
01/02/2026 05:30;8.46
01/02/2026 05:45;8.45
01/02/2026 06:00;8.46
01/02/2026 06:15;8.46
01/02/2026 06:30;8.45
01/02/2026 06:45;8.46
01/02/2026 07:00;8.46
01/02/2026 07:15;8.47
01/02/2026 07:30;8.45
01/02/2026 07:45;8.43
01/02/2026 08:00;8.43
01/02/2026 08:15;8.41
01/02/2026 08:30;8.39
01/02/2026 08:45;8.41
01/02/2026 09:00;8.42
01/02/2026 09:15;8.41
01/02/2026 09:30;8.41
01/02/2026 09:45;8.43
01/02/2026 10:00;8.41
01/02/2026 10:15;8.41
01/02/2026 10:30;8.39
01/02/2026 10:45;8.39
01/02/2026 11:00;8.35
01/02/2026 11:15;8.35
01/02/2026 11:30;8.35
01/02/2026 11:45;8.37
01/02/2026 12:00;8.37
01/02/2026 12:15;8.35
01/02/2026 12:30;8.38
01/02/2026 12:45;8.41
01/02/2026 13:00;8.41
01/02/2026 13:15;8.42
01/02/2026 13:30;8.42
01/02/2026 13:45;8.41
01/02/2026 14:00;8.42
01/02/2026 14:15;8.45
01/02/2026 14:30;8.46
01/02/2026 14:45;8.46
01/02/2026 15:00;8.47
01/02/2026 15:15;8.46
01/02/2026 15:30;8.45
01/02/2026 15:45;8.45
01/02/2026 16:00;8.45
01/02/2026 16:15;8.43
01/02/2026 16:30;8.45
01/02/2026 16:45;8.47
01/02/2026 17:00;8.49
01/02/2026 17:15;8.49
01/02/2026 17:30;8.49
01/02/2026 17:45;8.47
01/02/2026 18:00;8.49
01/02/2026 18:15;8.5
01/02/2026 18:30;8.5
01/02/2026 18:45;8.5
01/02/2026 19:00;8.49
01/02/2026 19:15;8.5
01/02/2026 19:30;8.47
01/02/2026 19:45;8.47
01/02/2026 20:00;8.46
01/02/2026 20:15;8.43
01/02/2026 20:30;8.43
01/02/2026 20:45;8.46
01/02/2026 21:00;8.47
01/02/2026 21:15;8.47
01/02/2026 21:30;8.47
01/02/2026 21:45;8.47
01/02/2026 22:00;8.5
01/02/2026 22:15;9.2
01/02/2026 22:30;12.51
01/02/2026 22:45;13.06
01/02/2026 23:00;13.25
01/02/2026 23:15;13.36
01/02/2026 23:30;13.04
01/02/2026 23:45;12.88
02/02/2026 00:00;12.87
02/02/2026 00:15;12.9
02/02/2026 00:30;13.16
02/02/2026 00:45;13.2
02/02/2026 01:00;13.22
02/02/2026 01:15;13.22
02/02/2026 01:30;13.21
02/02/2026 01:45;13.24
02/02/2026 02:00;13.22
02/02/2026 02:15;13.26
02/02/2026 02:30;13.24
02/02/2026 02:45;13.28
02/02/2026 03:00;13.21
02/02/2026 03:15;13.21
02/02/2026 03:30;13.24
02/02/2026 03:45;13.24
02/02/2026 04:00;13.19
02/02/2026 04:15;13.21
02/02/2026 04:30;13.23
02/02/2026 04:45;13.27
02/02/2026 05:00;13.26
02/02/2026 05:15;13.28
02/02/2026 05:30;13.24
02/02/2026 05:45;13.25
02/02/2026 06:00;13.25
02/02/2026 06:15;13.24
02/02/2026 06:30;13.23
02/02/2026 06:45;13.25
02/02/2026 07:00;13.25
02/02/2026 07:15;13.23
02/02/2026 07:30;13.24
02/02/2026 07:45;13.23
02/02/2026 08:00;13.21
02/02/2026 08:15;13.21
02/02/2026 08:30;13.25
02/02/2026 08:45;13.29
02/02/2026 09:00;13.26
02/02/2026 09:15;13.27
02/02/2026 09:30;13.28
02/02/2026 09:45;13.28
02/02/2026 10:00;13.28
02/02/2026 10:15;13.31
02/02/2026 10:30;13.3
02/02/2026 10:45;13.29
02/02/2026 11:00;13.29
02/02/2026 11:15;13.3
02/02/2026 11:30;13.33
02/02/2026 11:45;13.28
02/02/2026 12:00;13.27
02/02/2026 12:15;13.28
02/02/2026 12:30;13.33
02/02/2026 12:45;13.32
02/02/2026 13:00;13.32
02/02/2026 13:15;13.3
02/02/2026 13:30;13.34
02/02/2026 13:45;13.28
02/02/2026 14:00;13.31
02/02/2026 14:15;13.33
02/02/2026 14:30;13.34
02/02/2026 14:45;13.3
02/02/2026 15:00;13.32
02/02/2026 15:15;13.29
02/02/2026 15:30;13.31
02/02/2026 15:45;13.35
02/02/2026 16:00;13.34
02/02/2026 16:15;13.32
02/02/2026 16:30;13.33
02/02/2026 16:45;13.32
02/02/2026 17:00;13.36
02/02/2026 17:15;13.34
02/02/2026 17:30;13.36
02/02/2026 17:45;13.35
02/02/2026 18:00;13.35
02/02/2026 18:15;13.32
02/02/2026 18:30;13.36
02/02/2026 18:45;13.37
02/02/2026 19:00;13.35
02/02/2026 19:15;13.34
02/02/2026 19:30;13.36
02/02/2026 19:45;13.37
02/02/2026 20:00;13.37
02/02/2026 20:15;13.36
02/02/2026 20:30;13.37
02/02/2026 20:45;13.38
02/02/2026 21:00;13.36
02/02/2026 21:15;13.4
02/02/2026 21:30;13.4
02/02/2026 21:45;13.36
02/02/2026 22:00;13.4
02/02/2026 22:15;13.38
02/02/2026 22:30;13.4
02/02/2026 22:45;13.39
02/02/2026 23:00;13.4
02/02/2026 23:15;13.38
02/02/2026 23:30;13.39
02/02/2026 23:45;13.42
03/02/2026 00:00;13.4
03/02/2026 00:15;13.41
03/02/2026 00:30;13.37
03/02/2026 00:45;13.41
03/02/2026 01:00;13.44
03/02/2026 01:15;13.46
03/02/2026 01:30;13.46
03/02/2026 01:45;13.44
03/02/2026 02:00;13.46
03/02/2026 02:15;13.46
03/02/2026 02:30;13.48
03/02/2026 02:45;13.47
03/02/2026 03:00;13.47
03/02/2026 03:15;13.48
03/02/2026 03:30;13.33
03/02/2026 03:45;13.39
03/02/2026 04:00;13.38
03/02/2026 04:15;13.39
03/02/2026 04:30;13.4
03/02/2026 04:45;13.39
03/02/2026 05:00;13.42
03/02/2026 05:15;13.47
03/02/2026 05:30;13.44
03/02/2026 05:45;13.4
03/02/2026 06:00;13.26
03/02/2026 06:15;13.29
03/02/2026 06:30;13.14
03/02/2026 06:45;13.09
03/02/2026 07:00;13.04
03/02/2026 07:15;13.07
03/02/2026 07:30;13.17
03/02/2026 07:45;13.19
03/02/2026 08:00;13.08
03/02/2026 08:15;13.18
03/02/2026 08:30;13.22
03/02/2026 08:45;13.2
03/02/2026 09:00;13.14
03/02/2026 09:15;13.08
03/02/2026 09:30;13.09
03/02/2026 09:45;13.18
03/02/2026 10:00;13.07
03/02/2026 10:15;13.13
03/02/2026 10:30;13.12
03/02/2026 10:45;13.11
03/02/2026 11:00;13.13
03/02/2026 11:15;13.11
03/02/2026 11:30;13.13
03/02/2026 11:45;13.07
03/02/2026 12:00;13.08
03/02/2026 12:15;13.04
03/02/2026 12:30;13.11
03/02/2026 12:45;13.13
03/02/2026 13:00;13.09
03/02/2026 13:15;13.11
03/02/2026 13:30;13.11
03/02/2026 13:45;13.12
03/02/2026 14:00;13.1
03/02/2026 14:15;13.16
03/02/2026 14:30;13.15
03/02/2026 14:45;13.16
03/02/2026 15:00;13.13
03/02/2026 15:15;13.09
03/02/2026 15:30;13.12
03/02/2026 15:45;13.1
03/02/2026 16:00;13.12
03/02/2026 16:15;13.09
03/02/2026 16:30;13.14
03/02/2026 16:45;13.16
03/02/2026 17:00;13.13
03/02/2026 17:15;13.14
03/02/2026 17:30;13.17
03/02/2026 17:45;13.14
03/02/2026 18:00;13.17
03/02/2026 18:15;13.17
03/02/2026 18:30;13.16
03/02/2026 18:45;13.14
03/02/2026 19:00;13.17
03/02/2026 19:15;13.14
03/02/2026 19:30;13.15
03/02/2026 19:45;13.16
03/02/2026 20:00;13.13
03/02/2026 20:15;13.14
03/02/2026 20:30;13.2
03/02/2026 20:45;13.17
03/02/2026 21:00;13.19
03/02/2026 21:15;13.23
03/02/2026 21:30;13.21
03/02/2026 21:45;14.63
03/02/2026 22:00;16.32
03/02/2026 22:15;16.42
03/02/2026 22:30;16.45
03/02/2026 22:45;16.5
03/02/2026 23:00;16.54
03/02/2026 23:15;16.54
03/02/2026 23:30;16.54
03/02/2026 23:45;16.54
04/02/2026 00:00;16.62
04/02/2026 00:15;16.62
04/02/2026 00:30;16.57
04/02/2026 00:45;16.6
04/02/2026 01:00;16.57
04/02/2026 01:15;16.61
04/02/2026 01:30;16.59
04/02/2026 01:45;16.58
04/02/2026 02:00;16.61
04/02/2026 02:15;16.59
04/02/2026 02:30;16.59
04/02/2026 02:45;16.58
04/02/2026 03:00;16.57
04/02/2026 03:15;16.59
04/02/2026 03:30;16.56
04/02/2026 03:45;16.59
04/02/2026 04:00;16.6
04/02/2026 04:15;16.62
04/02/2026 04:30;16.59
04/02/2026 04:45;16.64
04/02/2026 05:00;16.62
04/02/2026 05:15;16.62
04/02/2026 05:30;16.6
04/02/2026 05:45;16.61
04/02/2026 06:00;16.61
04/02/2026 06:15;16.6
04/02/2026 06:30;16.6
04/02/2026 06:45;16.62
04/02/2026 07:00;16.6
04/02/2026 07:15;16.57
04/02/2026 07:30;16.25
04/02/2026 07:45;16.18
04/02/2026 08:00;16.14
04/02/2026 08:15;16.14
04/02/2026 08:30;16.18
04/02/2026 08:45;16.24
04/02/2026 09:00;16.2
04/02/2026 09:15;16.14
04/02/2026 09:30;16.19
04/02/2026 09:45;16.21
04/02/2026 10:00;16.19
04/02/2026 10:15;16.16
04/02/2026 10:30;16.2
04/02/2026 10:45;16.21
04/02/2026 11:00;16.2
04/02/2026 11:15;16.21
04/02/2026 11:30;16.2
04/02/2026 11:45;16.2
04/02/2026 12:00;16.2
04/02/2026 12:15;16.24
04/02/2026 12:30;16.2
04/02/2026 12:45;16.21
04/02/2026 13:00;16.2
04/02/2026 13:15;16.25
04/02/2026 13:30;16.26
04/02/2026 13:45;16.26
04/02/2026 14:00;16.24
04/02/2026 14:15;16.18
04/02/2026 14:30;16.24
04/02/2026 14:45;16.26
04/02/2026 15:00;16.23
04/02/2026 15:15;16.25
04/02/2026 15:30;16.27
04/02/2026 15:45;16.25
04/02/2026 16:00;16.21
04/02/2026 16:15;16.24
04/02/2026 16:30;16.25
04/02/2026 16:45;16.24
04/02/2026 17:00;16.29
04/02/2026 17:15;16.27
04/02/2026 17:30;16.23
04/02/2026 17:45;16.24
04/02/2026 18:00;16.24
04/02/2026 18:15;16.29
04/02/2026 18:30;16.21
04/02/2026 18:45;16.26
04/02/2026 19:00;16.26
04/02/2026 19:15;16.25
04/02/2026 19:30;16.27
04/02/2026 19:45;16.28
04/02/2026 20:00;16.26
04/02/2026 20:15;16.27
04/02/2026 20:30;16.29
04/02/2026 20:45;16.27
04/02/2026 21:00;16.29
04/02/2026 21:15;16.07
04/02/2026 21:30;15.22
04/02/2026 21:45;15.08
04/02/2026 22:00;15.04
04/02/2026 22:15;15.02
04/02/2026 22:30;14.96
04/02/2026 22:45;14.98
04/02/2026 23:00;15.01
04/02/2026 23:15;14.95
04/02/2026 23:30;14.95
04/02/2026 23:45;14.96
05/02/2026 00:00;14.94
05/02/2026 00:15;14.93
05/02/2026 00:30;14.98
05/02/2026 00:45;14.97
05/02/2026 01:00;14.98
05/02/2026 01:15;14.99
05/02/2026 01:30;14.97
05/02/2026 01:45;14.99
05/02/2026 02:00;14.93
05/02/2026 02:15;14.95
05/02/2026 02:30;14.92
05/02/2026 02:45;14.94
05/02/2026 03:00;14.91
05/02/2026 03:15;14.96
05/02/2026 03:30;14.95
05/02/2026 03:45;14.99
05/02/2026 04:00;14.97
05/02/2026 04:15;15.02
05/02/2026 04:30;14.98
05/02/2026 04:45;14.95
05/02/2026 05:00;14.96
05/02/2026 05:15;14.96
05/02/2026 05:30;14.96
05/02/2026 05:45;14.98
05/02/2026 06:00;14.98
05/02/2026 06:15;15.02
05/02/2026 06:30;15.01
05/02/2026 06:45;14.97
05/02/2026 07:00;14.98
05/02/2026 07:15;14.99
05/02/2026 07:30;15.04
05/02/2026 07:45;15
05/02/2026 08:00;15.02
05/02/2026 08:15;14.98
05/02/2026 08:30;15.03
05/02/2026 08:45;15.08
05/02/2026 09:00;15.09
05/02/2026 09:15;15.03
05/02/2026 09:30;15.05
05/02/2026 09:45;15.08
05/02/2026 10:00;15.08
05/02/2026 10:15;15.09
05/02/2026 10:30;15.1
05/02/2026 10:45;15.06
05/02/2026 11:00;15.06
05/02/2026 11:15;15.05
05/02/2026 11:30;15.09
05/02/2026 11:45;15.11
05/02/2026 12:00;15.06
05/02/2026 12:15;15.15
05/02/2026 12:30;14.98
05/02/2026 12:45;15.17
05/02/2026 13:00;15.09
05/02/2026 13:15;15.04
05/02/2026 13:30;15.1
05/02/2026 13:45;15.12
05/02/2026 14:00;15.08
05/02/2026 14:15;15.09
05/02/2026 14:30;15.15
05/02/2026 14:45;15.13
05/02/2026 15:00;15.13
05/02/2026 15:15;15.12
05/02/2026 15:30;15.09
05/02/2026 15:45;15.1
05/02/2026 16:00;15.17
05/02/2026 16:15;15.08
05/02/2026 16:30;15.12
05/02/2026 16:45;15.1
05/02/2026 17:00;15.1
05/02/2026 17:15;15.13
05/02/2026 17:30;15.16
05/02/2026 17:45;15.18
05/02/2026 18:00;15.19
05/02/2026 18:15;15.16
05/02/2026 18:30;15.17
05/02/2026 18:45;15.22
05/02/2026 19:00;15.23
05/02/2026 19:15;15.23
05/02/2026 19:30;15.17
05/02/2026 19:45;15.12
05/02/2026 20:00;15.17
05/02/2026 20:15;15.19
05/02/2026 20:30;15.23
05/02/2026 20:45;15.19
05/02/2026 21:00;15.15
05/02/2026 21:15;14.35
05/02/2026 21:30;14.14
05/02/2026 21:45;14.06
05/02/2026 22:00;14.01
05/02/2026 22:15;13.98
05/02/2026 22:30;14.02
05/02/2026 22:45;14.03
05/02/2026 23:00;14.01
05/02/2026 23:15;14.02
05/02/2026 23:30;14.02
05/02/2026 23:45;14
06/02/2026 00:00;14
06/02/2026 00:15;14
06/02/2026 00:30;13.96
06/02/2026 00:45;13.98
06/02/2026 01:00;13.99
06/02/2026 01:15;14.03
06/02/2026 01:30;14.09
06/02/2026 01:45;14.06
06/02/2026 02:00;14.06
06/02/2026 02:15;14.09
06/02/2026 02:30;14.09
06/02/2026 02:45;14.03
06/02/2026 03:00;14.02
06/02/2026 03:15;14.04
06/02/2026 03:30;14.07
06/02/2026 03:45;14.05
06/02/2026 04:00;14.09
06/02/2026 04:15;14.09
06/02/2026 04:30;14.1
06/02/2026 04:45;14.08
06/02/2026 05:00;14.04
06/02/2026 05:15;14.1
06/02/2026 05:30;14.11
06/02/2026 05:45;14.11
06/02/2026 06:00;14.11
06/02/2026 06:15;14.12
06/02/2026 06:30;14.14
06/02/2026 06:45;14.15
06/02/2026 07:00;14.13
06/02/2026 07:15;14.1
06/02/2026 07:30;14.08
06/02/2026 07:45;14.09
06/02/2026 08:00;14.11
06/02/2026 08:15;14.08
06/02/2026 08:30;14.11
06/02/2026 08:45;14.12
06/02/2026 09:00;14.15
06/02/2026 09:15;14.13
06/02/2026 09:30;14.15
06/02/2026 09:45;14.19
06/02/2026 10:00;14.17
06/02/2026 10:15;14.16
06/02/2026 10:30;14.19
06/02/2026 10:45;14.15
06/02/2026 11:00;14.12
06/02/2026 11:15;14.2
06/02/2026 11:30;14.18
06/02/2026 11:45;14.15
06/02/2026 12:00;14.12
06/02/2026 12:15;14.14
06/02/2026 12:30;14.16
06/02/2026 12:45;14.19
06/02/2026 13:00;14.17
06/02/2026 13:15;14.19
06/02/2026 13:30;14.23
06/02/2026 13:45;14.24
06/02/2026 14:00;14.22
06/02/2026 14:15;14.27
06/02/2026 14:30;14.22
06/02/2026 14:45;14.24
06/02/2026 15:00;14.21
06/02/2026 15:15;14.27
06/02/2026 15:30;14.24
06/02/2026 15:45;14.27
06/02/2026 16:00;14.29
06/02/2026 16:15;14.32
06/02/2026 16:30;14.25
06/02/2026 16:45;14.25
06/02/2026 17:00;14.3
06/02/2026 17:15;14.27
06/02/2026 17:30;14.28
06/02/2026 17:45;14.26
06/02/2026 18:00;14.28
06/02/2026 18:15;14.26
06/02/2026 18:30;14.29
06/02/2026 18:45;14.29
06/02/2026 19:00;14.3
06/02/2026 19:15;14.12
06/02/2026 19:30;5.47
06/02/2026 19:45;3.05
06/02/2026 20:00;2.18
06/02/2026 20:15;0.89
06/02/2026 20:30;0.57
06/02/2026 20:45;0.49
06/02/2026 21:00;0.47
06/02/2026 21:15;0.47
06/02/2026 21:30;0.47
06/02/2026 21:45;0.47
06/02/2026 22:00;0.47
06/02/2026 22:15;0.47
06/02/2026 22:30;0.45
06/02/2026 22:45;0.45
06/02/2026 23:00;0.45
06/02/2026 23:15;0.46
06/02/2026 23:30;0.47
06/02/2026 23:45;0.47
07/02/2026 00:00;0.47
07/02/2026 00:15;0.47
07/02/2026 00:30;0.47
07/02/2026 00:45;0.47
07/02/2026 01:00;0.47
07/02/2026 01:15;0.47
07/02/2026 01:30;0.46
07/02/2026 01:45;0.46
07/02/2026 02:00;0.46
07/02/2026 02:15;0.45
07/02/2026 02:30;0.45
07/02/2026 02:45;0.45
07/02/2026 03:00;0.45
07/02/2026 03:15;0.45
07/02/2026 03:30;0.46
07/02/2026 03:45;0.46
07/02/2026 04:00;0.46
07/02/2026 04:15;0.46
07/02/2026 04:30;0.46
07/02/2026 04:45;0.46
07/02/2026 05:00;0.46
07/02/2026 05:15;0.46
07/02/2026 05:30;0.46
07/02/2026 05:45;0.46
07/02/2026 06:00;0.46
07/02/2026 06:15;0.46
07/02/2026 06:30;0.46
07/02/2026 06:45;0.46
07/02/2026 07:00;0.46
07/02/2026 07:15;0.46
07/02/2026 07:30;0.45
07/02/2026 07:45;0.45
07/02/2026 08:00;0.46
07/02/2026 08:15;0.46
07/02/2026 08:30;0.46
07/02/2026 08:45;0.46
07/02/2026 09:00;0.46
07/02/2026 09:15;0.46
07/02/2026 09:30;0.46
07/02/2026 09:45;0.46
07/02/2026 10:00;0.46
07/02/2026 10:15;0.46
07/02/2026 10:30;0.46
07/02/2026 10:45;0.46
07/02/2026 11:00;0.46
07/02/2026 11:15;0.46
07/02/2026 11:30;0.46
07/02/2026 11:45;0.46
07/02/2026 12:00;0.47
07/02/2026 12:15;0.47
07/02/2026 12:30;0.47
07/02/2026 12:45;0.47
07/02/2026 13:00;0.47
07/02/2026 13:15;0.47
07/02/2026 13:30;0.47
07/02/2026 13:45;0.47
07/02/2026 14:00;0.47
07/02/2026 14:15;0.47
07/02/2026 14:30;0.46
07/02/2026 14:45;0.45
07/02/2026 15:00;0.45
07/02/2026 15:15;0.45
07/02/2026 15:30;0.45
07/02/2026 15:45;0.47
07/02/2026 16:00;0.47
07/02/2026 16:15;0.47
07/02/2026 16:30;0.47
07/02/2026 16:45;0.47
07/02/2026 17:00;0.47
07/02/2026 17:15;0.47
07/02/2026 17:30;0.47
07/02/2026 17:45;0.46
07/02/2026 18:00;0.45
07/02/2026 18:15;0.45
07/02/2026 18:30;0.45
07/02/2026 18:45;0.45
07/02/2026 19:00;0.45
07/02/2026 19:15;0.46
07/02/2026 19:30;0.47
07/02/2026 19:45;0.47
07/02/2026 20:00;0.47
07/02/2026 20:15;0.47
07/02/2026 20:30;0.47
07/02/2026 20:45;0.47
07/02/2026 21:00;0.47
07/02/2026 21:15;0.47
07/02/2026 21:30;0.47
07/02/2026 21:45;0.47
07/02/2026 22:00;0.46
07/02/2026 22:15;0.45
07/02/2026 22:30;0.45
07/02/2026 22:45;0.45
07/02/2026 23:00;0.45
07/02/2026 23:15;0.47
07/02/2026 23:30;0.47
07/02/2026 23:45;0.47
08/02/2026 00:00;0.47
08/02/2026 00:15;0.47
08/02/2026 00:30;0.47
08/02/2026 00:45;0.47
08/02/2026 01:00;0.47
08/02/2026 01:15;0.47
08/02/2026 01:30;0.47
08/02/2026 01:45;0.47
08/02/2026 02:00;0.46
08/02/2026 02:15;0.45
08/02/2026 02:30;0.45
08/02/2026 02:45;0.45
08/02/2026 03:00;0.45
08/02/2026 03:15;0.46
08/02/2026 03:30;0.46
08/02/2026 03:45;0.47
08/02/2026 04:00;0.49
08/02/2026 04:15;0.47
08/02/2026 04:30;0.46
08/02/2026 04:45;0.46
08/02/2026 05:00;0.46
08/02/2026 05:15;0.46
08/02/2026 05:30;0.46
08/02/2026 05:45;0.45
08/02/2026 06:00;0.45
08/02/2026 06:15;0.45
08/02/2026 06:30;0.45
08/02/2026 06:45;0.45
08/02/2026 07:00;0.46
08/02/2026 07:15;0.46
08/02/2026 07:30;0.46
08/02/2026 07:45;0.49
08/02/2026 08:00;0.48
08/02/2026 08:15;0.46
08/02/2026 08:30;0.46
08/02/2026 08:45;0.46
08/02/2026 09:00;0.46
08/02/2026 09:15;0.46
08/02/2026 09:30;0.46
08/02/2026 09:45;0.46
08/02/2026 10:00;0.45
08/02/2026 10:15;0.45
08/02/2026 10:30;0.45
08/02/2026 10:45;0.45
08/02/2026 11:00;0.45
08/02/2026 11:15;0.46
08/02/2026 11:30;0.46
08/02/2026 11:45;0.46
08/02/2026 12:00;0.46
08/02/2026 12:15;0.46
08/02/2026 12:30;0.46
08/02/2026 12:45;0.46
08/02/2026 13:00;0.46
08/02/2026 13:15;0.46
08/02/2026 13:30;0.46
08/02/2026 13:45;0.46
08/02/2026 14:00;0.46
08/02/2026 14:15;0.46
08/02/2026 14:30;0.46
08/02/2026 14:45;0.46
08/02/2026 15:00;0.46
08/02/2026 15:15;0.46
08/02/2026 15:30;0.47
08/02/2026 15:45;0.47
08/02/2026 16:00;0.47
08/02/2026 16:15;0.48
08/02/2026 16:30;0.47
08/02/2026 16:45;0.47
08/02/2026 17:00;0.48
08/02/2026 17:15;0.49
08/02/2026 17:30;0.49
08/02/2026 17:45;0.49
08/02/2026 18:00;0.49
08/02/2026 18:15;0.49
08/02/2026 18:30;0.49
08/02/2026 18:45;0.49
08/02/2026 19:00;0.49
08/02/2026 19:15;0.49
08/02/2026 19:30;0.49
08/02/2026 19:45;0.49
08/02/2026 20:00;0.49
08/02/2026 20:15;0.49
08/02/2026 20:30;0.49
08/02/2026 20:45;0.49
08/02/2026 21:00;0.49
08/02/2026 21:15;0.49
08/02/2026 21:30;0.49
08/02/2026 21:45;0.49
08/02/2026 22:00;0.49
08/02/2026 22:15;0.49
08/02/2026 22:30;0.49
08/02/2026 22:45;0.49
08/02/2026 23:00;0.49
08/02/2026 23:15;0.49
08/02/2026 23:30;0.49
08/02/2026 23:45;0.49
09/02/2026 00:00;0.49
09/02/2026 00:15;0.49
09/02/2026 00:30;0.49
09/02/2026 00:45;0.48
09/02/2026 01:00;0.46
09/02/2026 01:15;0.46
09/02/2026 01:30;0.46
09/02/2026 01:45;0.46
09/02/2026 02:00;0.46
09/02/2026 02:15;0.45
09/02/2026 02:30;0.45
09/02/2026 02:45;0.45
09/02/2026 03:00;0.45
09/02/2026 03:15;0.45
09/02/2026 03:30;0.45
09/02/2026 03:45;0.46
09/02/2026 04:00;0.46
09/02/2026 04:15;0.47
09/02/2026 04:30;0.48
09/02/2026 04:45;0.46
09/02/2026 05:00;0.46
09/02/2026 05:15;0.46
09/02/2026 05:30;0.46
09/02/2026 05:45;0.46
09/02/2026 06:00;0.46
09/02/2026 06:15;0.46
09/02/2026 06:30;0.49
09/02/2026 06:45;0.49
09/02/2026 07:00;0.49
09/02/2026 07:15;0.48
09/02/2026 07:30;0.46
09/02/2026 07:45;0.46
09/02/2026 08:00;0.46
09/02/2026 08:15;0.46
09/02/2026 08:30;0.48
09/02/2026 08:45;0.49
09/02/2026 09:00;0.49
09/02/2026 09:15;0.49
09/02/2026 09:30;0.49
09/02/2026 09:45;0.49
09/02/2026 10:00;0.49
09/02/2026 10:15;0.49
09/02/2026 10:30;0.49
09/02/2026 10:45;0.49
09/02/2026 11:00;0.47
09/02/2026 11:15;0.46
09/02/2026 11:30;0.46
09/02/2026 11:45;0.46
09/02/2026 12:00;0.46
09/02/2026 12:15;0.46
09/02/2026 12:30;0.46
09/02/2026 12:45;0.45
09/02/2026 13:00;0.45
09/02/2026 13:15;0.45
09/02/2026 13:30;0.47
09/02/2026 13:45;0.47
09/02/2026 14:00;0.47
09/02/2026 14:15;0.47
09/02/2026 14:30;0.47
09/02/2026 14:45;0.47
09/02/2026 15:00;0.47
09/02/2026 15:15;0.47
09/02/2026 15:30;0.47
09/02/2026 15:45;0.47
09/02/2026 16:00;0.47
09/02/2026 16:15;0.46
09/02/2026 16:30;0.45
09/02/2026 16:45;0.45
09/02/2026 17:00;0.45
09/02/2026 17:15;0.45
09/02/2026 17:30;0.47
09/02/2026 17:45;0.47
09/02/2026 18:00;0.48
09/02/2026 18:15;0.47
09/02/2026 18:30;0.47
09/02/2026 18:45;0.47
09/02/2026 19:00;0.47
09/02/2026 19:15;0.47
09/02/2026 19:30;0.47
09/02/2026 19:45;0.47
09/02/2026 20:00;0.47
09/02/2026 20:15;0.47
09/02/2026 20:30;0.46
09/02/2026 20:45;0.45
09/02/2026 21:00;0.45
09/02/2026 21:15;0.47
09/02/2026 21:30;0.47
09/02/2026 21:45;0.48
09/02/2026 22:00;0.49
09/02/2026 22:15;0.47
09/02/2026 22:30;0.48
09/02/2026 22:45;0.49
09/02/2026 23:00;0.48
09/02/2026 23:15;0.47
09/02/2026 23:30;0.47
09/02/2026 23:45;0.47
10/02/2026 00:00;0.47
10/02/2026 00:15;0.47
10/02/2026 00:30;0.47
10/02/2026 00:45;0.47
10/02/2026 01:00;0.47
10/02/2026 01:15;0.49
10/02/2026 01:30;0.49
10/02/2026 01:45;0.49
10/02/2026 02:00;0.49
10/02/2026 02:15;0.47
10/02/2026 02:30;0.46
10/02/2026 02:45;0.47
10/02/2026 03:00;0.46
10/02/2026 03:15;0.46
10/02/2026 03:30;0.46
10/02/2026 03:45;0.46
10/02/2026 04:00;0.45
10/02/2026 04:15;0.45
10/02/2026 04:30;0.45
10/02/2026 04:45;0.46
10/02/2026 05:00;0.47
10/02/2026 05:15;0.49
10/02/2026 05:30;0.49
10/02/2026 05:45;0.49
10/02/2026 06:00;0.49
10/02/2026 06:15;0.49
10/02/2026 06:30;0.49
10/02/2026 06:45;0.49
10/02/2026 07:00;0.49
10/02/2026 07:15;0.49
10/02/2026 07:30;0.47
10/02/2026 07:45;0.46
10/02/2026 08:00;0.46
10/02/2026 08:15;0.46
10/02/2026 08:30;0.45
10/02/2026 08:45;0.45
10/02/2026 09:00;0.46
10/02/2026 09:15;0.46
10/02/2026 09:30;0.49
10/02/2026 09:45;0.49
10/02/2026 10:00;0.48
10/02/2026 10:15;0.46
10/02/2026 10:30;0.46
10/02/2026 10:45;0.45
10/02/2026 11:00;0.45
10/02/2026 11:15;0.45
10/02/2026 11:30;0.45
10/02/2026 11:45;0.46
10/02/2026 12:00;0.47
10/02/2026 12:15;0.48
10/02/2026 12:30;0.49
10/02/2026 12:45;0.48
10/02/2026 13:00;0.47
10/02/2026 13:15;0.47
10/02/2026 13:30;0.47
10/02/2026 13:45;0.47
10/02/2026 14:00;0.47
10/02/2026 14:15;0.47
10/02/2026 14:30;0.47
10/02/2026 14:45;0.48
10/02/2026 15:00;0.48
10/02/2026 15:15;0.47
10/02/2026 15:30;0.47
10/02/2026 15:45;0.46
10/02/2026 16:00;0.45
10/02/2026 16:15;0.45
10/02/2026 16:30;0.47
10/02/2026 16:45;0.48
10/02/2026 17:00;0.49
10/02/2026 17:15;0.49
10/02/2026 17:30;0.49
10/02/2026 17:45;0.49
10/02/2026 18:00;0.49
10/02/2026 18:15;0.49
10/02/2026 18:30;0.49
10/02/2026 18:45;0.49
10/02/2026 19:00;0.49
10/02/2026 19:15;0.49
10/02/2026 19:30;0.49
10/02/2026 19:45;0.49
10/02/2026 20:00;0.49
10/02/2026 20:15;0.49
10/02/2026 20:30;0.49
10/02/2026 20:45;0.49
10/02/2026 21:00;0.49
10/02/2026 21:15;0.49
10/02/2026 21:30;0.49
10/02/2026 21:45;0.49
10/02/2026 22:00;0.49
10/02/2026 22:15;0.49
10/02/2026 22:30;0.49
10/02/2026 22:45;0.49
10/02/2026 23:00;0.49
10/02/2026 23:15;0.48
10/02/2026 23:30;0.47
10/02/2026 23:45;0.47
11/02/2026 00:00;0.47
11/02/2026 00:15;0.47
11/02/2026 00:30;0.45
11/02/2026 00:45;0.45
11/02/2026 01:00;0.45
11/02/2026 01:15;0.45
11/02/2026 01:30;0.45
11/02/2026 01:45;0.45
11/02/2026 02:00;0.43
11/02/2026 02:15;0.43
11/02/2026 02:30;0.41
11/02/2026 02:45;0.39
11/02/2026 03:00;0.39
11/02/2026 03:15;0.39
11/02/2026 03:30;0.39
11/02/2026 03:45;0.42
11/02/2026 04:00;0.45
11/02/2026 04:15;0.45
11/02/2026 04:30;0.45
11/02/2026 04:45;0.45
11/02/2026 05:00;0.45
11/02/2026 05:15;0.45
11/02/2026 05:30;0.45
11/02/2026 05:45;0.45
11/02/2026 06:00;0.45
11/02/2026 06:15;0.45
11/02/2026 06:30;0.45
11/02/2026 06:45;0.45
11/02/2026 07:00;0.45
11/02/2026 07:15;0.45
11/02/2026 07:30;0.45
11/02/2026 07:45;0.45
11/02/2026 08:00;0.45
11/02/2026 08:15;0.45
11/02/2026 08:30;0.45
11/02/2026 08:45;0.45
11/02/2026 09:00;0.45
11/02/2026 09:15;0.45
11/02/2026 09:30;0.45
11/02/2026 09:45;0.45
11/02/2026 10:00;0.45
11/02/2026 10:15;0.45
11/02/2026 10:30;0.45
11/02/2026 10:45;0.45
11/02/2026 11:00;0.45
11/02/2026 11:15;0.45
11/02/2026 11:30;0.45
11/02/2026 11:45;0.43
11/02/2026 12:00;0.43
11/02/2026 12:15;0.44
11/02/2026 12:30;0.44
11/02/2026 12:45;0.42
11/02/2026 13:00;0.42
11/02/2026 13:15;0.42
11/02/2026 13:30;0.43
11/02/2026 13:45;0.43
11/02/2026 14:00;0.43
11/02/2026 14:15;0.43
11/02/2026 14:30;0.43
11/02/2026 14:45;0.43
11/02/2026 15:00;0.43
11/02/2026 15:15;0.43
11/02/2026 15:30;0.43
11/02/2026 15:45;0.43
11/02/2026 16:00;0.43
11/02/2026 16:15;0.43
11/02/2026 16:30;0.43
11/02/2026 16:45;0.43
11/02/2026 17:00;0.43
11/02/2026 17:15;0.43
11/02/2026 17:30;0.43
11/02/2026 17:45;0.43
11/02/2026 18:00;0.43
11/02/2026 18:15;0.41
11/02/2026 18:30;0.39
11/02/2026 18:45;0.39
11/02/2026 19:00;0.38
11/02/2026 19:15;0.37
11/02/2026 19:30;0.37
11/02/2026 19:45;0.37
11/02/2026 20:00;0.38
11/02/2026 20:15;0.4
11/02/2026 20:30;0.43
11/02/2026 20:45;0.43
11/02/2026 21:00;0.42
11/02/2026 21:15;0.4
11/02/2026 21:30;0.39
11/02/2026 21:45;0.39
11/02/2026 22:00;0.39
11/02/2026 22:15;0.39
11/02/2026 22:30;0.39
11/02/2026 22:45;0.39
11/02/2026 23:00;0.37
11/02/2026 23:15;0.37
11/02/2026 23:30;0.37
11/02/2026 23:45;0.37
12/02/2026 00:00;0.37
12/02/2026 00:15;0.38
12/02/2026 00:30;0.39
12/02/2026 00:45;0.42
12/02/2026 01:00;0.42
12/02/2026 01:15;0.41
12/02/2026 01:30;0.39
12/02/2026 01:45;0.39
12/02/2026 02:00;0.39
12/02/2026 02:15;0.39
12/02/2026 02:30;0.39
12/02/2026 02:45;0.39
12/02/2026 03:00;0.39
12/02/2026 03:15;0.39
12/02/2026 03:30;0.37
12/02/2026 03:45;0.37
12/02/2026 04:00;0.37
12/02/2026 04:15;0.37
12/02/2026 04:30;0.38
12/02/2026 04:45;0.4
12/02/2026 05:00;0.42
12/02/2026 05:15;0.42
12/02/2026 05:30;0.42
12/02/2026 05:45;0.42
12/02/2026 06:00;0.39
12/02/2026 06:15;0.39
12/02/2026 06:30;0.39
12/02/2026 06:45;0.39
12/02/2026 07:00;0.37
12/02/2026 07:15;0.37
12/02/2026 07:30;0.37
12/02/2026 07:45;0.37
12/02/2026 08:00;0.37
12/02/2026 08:15;0.37
12/02/2026 08:30;0.39
12/02/2026 08:45;0.39
12/02/2026 09:00;0.4
12/02/2026 09:15;0.4
12/02/2026 09:30;0.39
12/02/2026 09:45;0.39
12/02/2026 10:00;0.39
12/02/2026 10:15;0.39
12/02/2026 10:30;0.39
12/02/2026 10:45;0.39
12/02/2026 11:00;0.39
12/02/2026 11:15;0.37
12/02/2026 11:30;0.37
12/02/2026 11:45;0.37
12/02/2026 12:00;0.37
12/02/2026 12:15;0.37
12/02/2026 12:30;0.38
12/02/2026 12:45;0.39
12/02/2026 13:00;0.39
12/02/2026 13:15;0.39
12/02/2026 13:30;0.39
12/02/2026 13:45;0.39
12/02/2026 14:00;0.39
12/02/2026 14:15;0.39
12/02/2026 14:30;0.39
12/02/2026 14:45;0.39
12/02/2026 15:00;0.39
12/02/2026 15:15;0.39
12/02/2026 15:30;0.38
12/02/2026 15:45;0.37
12/02/2026 16:00;0.37
12/02/2026 16:15;0.37
12/02/2026 16:30;0.37
12/02/2026 16:45;0.4
12/02/2026 17:00;0.4
12/02/2026 17:15;0.4
12/02/2026 17:30;0.4
12/02/2026 17:45;0.4
12/02/2026 18:00;0.4
12/02/2026 18:15;0.4
12/02/2026 18:30;0.4
12/02/2026 18:45;0.38
12/02/2026 19:00;0.37
12/02/2026 19:15;0.37
12/02/2026 19:30;0.37
12/02/2026 19:45;0.37
12/02/2026 20:00;0.37
12/02/2026 20:15;0.37
12/02/2026 20:30;0.39
12/02/2026 20:45;0.39
12/02/2026 21:00;0.42
12/02/2026 21:15;0.39
12/02/2026 21:30;0.4
12/02/2026 21:45;0.39
12/02/2026 22:00;0.39
12/02/2026 22:15;0.39
12/02/2026 22:30;0.39
12/02/2026 22:45;0.39
12/02/2026 23:00;0.39
12/02/2026 23:15;0.39
12/02/2026 23:30;0.39
12/02/2026 23:45;0.39
13/02/2026 00:00;0.39
13/02/2026 00:15;0.39
13/02/2026 00:30;0.39
13/02/2026 00:45;0.39
13/02/2026 01:00;0.39
13/02/2026 01:15;0.39
13/02/2026 01:30;0.39
13/02/2026 01:45;0.39
13/02/2026 02:00;0.39
13/02/2026 02:15;0.39
13/02/2026 02:30;0.39
13/02/2026 02:45;0.37
13/02/2026 03:00;0.37
13/02/2026 03:15;0.37
13/02/2026 03:30;0.37
13/02/2026 03:45;0.37
13/02/2026 04:00;0.37
13/02/2026 04:15;0.39
13/02/2026 04:30;0.39
13/02/2026 04:45;0.39
13/02/2026 05:00;0.39
13/02/2026 05:15;0.39
13/02/2026 05:30;0.39
13/02/2026 05:45;0.39
13/02/2026 06:00;0.39
13/02/2026 06:15;0.39
13/02/2026 06:30;0.39
13/02/2026 06:45;0.39
13/02/2026 07:00;0.39
13/02/2026 07:15;0.42
13/02/2026 07:30;0.42
13/02/2026 07:45;0.42
13/02/2026 08:00;0.41
13/02/2026 08:15;0.39
13/02/2026 08:30;0.39
13/02/2026 08:45;0.39
13/02/2026 09:00;0.39
13/02/2026 09:15;0.39
13/02/2026 09:30;0.39
13/02/2026 09:45;0.39
13/02/2026 10:00;0.39
13/02/2026 10:15;0.39
13/02/2026 10:30;0.39
13/02/2026 10:45;0.39
13/02/2026 11:00;0.39
13/02/2026 11:15;0.39
13/02/2026 11:30;0.39
13/02/2026 11:45;0.39
13/02/2026 12:00;0.39
13/02/2026 12:15;0.39
13/02/2026 12:30;0.39
13/02/2026 12:45;0.39
13/02/2026 13:00;0.39
13/02/2026 13:15;0.39
13/02/2026 13:30;0.39
13/02/2026 13:45;0.39
13/02/2026 14:00;0.39
13/02/2026 14:15;0.39
13/02/2026 14:30;0.39
13/02/2026 14:45;0.39
13/02/2026 15:00;0.39
13/02/2026 15:15;0.39
13/02/2026 15:30;0.39
13/02/2026 15:45;0.39
13/02/2026 16:00;0.39
13/02/2026 16:15;0.39
13/02/2026 16:30;0.39
13/02/2026 16:45;0.39
13/02/2026 17:00;0.39
13/02/2026 17:15;0.39
13/02/2026 17:30;0.39
13/02/2026 17:45;0.39
13/02/2026 18:00;0.39
13/02/2026 18:15;0.39
13/02/2026 18:30;0.39
13/02/2026 18:45;0.39
13/02/2026 19:00;0.39
13/02/2026 19:15;0.39
13/02/2026 19:30;0.39
13/02/2026 19:45;0.39
13/02/2026 20:00;0.39
13/02/2026 20:15;0.39
13/02/2026 20:30;0.39
13/02/2026 20:45;0.39
13/02/2026 21:00;0.39
13/02/2026 21:15;0.39
13/02/2026 21:30;0.39
13/02/2026 21:45;0.38
13/02/2026 22:00;0.37
13/02/2026 22:15;0.37
13/02/2026 22:30;0.36
13/02/2026 22:45;0.35
13/02/2026 23:00;0.35
13/02/2026 23:15;0.36
13/02/2026 23:30;0.38
13/02/2026 23:45;0.39
14/02/2026 00:00;0.39
14/02/2026 00:15;0.39
14/02/2026 00:30;0.39
14/02/2026 00:45;0.39
14/02/2026 01:00;0.39
14/02/2026 01:15;0.39
14/02/2026 01:30;0.39
14/02/2026 01:45;0.39
14/02/2026 02:00;0.39
14/02/2026 02:15;0.38
14/02/2026 02:30;0.37
14/02/2026 02:45;0.35
14/02/2026 03:00;0.35
14/02/2026 03:15;0.35
14/02/2026 03:30;0.36
14/02/2026 03:45;0.38
14/02/2026 04:00;0.39
14/02/2026 04:15;0.39
14/02/2026 04:30;0.39
14/02/2026 04:45;0.39
14/02/2026 05:00;0.39
14/02/2026 05:15;0.39
14/02/2026 05:30;0.39
14/02/2026 05:45;0.38
14/02/2026 06:00;0.37
14/02/2026 06:15;0.37
14/02/2026 06:30;0.37
14/02/2026 06:45;0.37
14/02/2026 07:00;0.36
14/02/2026 07:15;0.37
14/02/2026 07:30;0.39
14/02/2026 07:45;0.39
14/02/2026 08:00;0.39
14/02/2026 08:15;0.39
14/02/2026 08:30;0.39
14/02/2026 08:45;0.39
14/02/2026 09:00;0.39
14/02/2026 09:15;0.39
14/02/2026 09:30;0.39
14/02/2026 09:45;0.39
14/02/2026 10:00;0.39
14/02/2026 10:15;0.37
14/02/2026 10:30;0.37
14/02/2026 10:45;0.37
14/02/2026 11:00;0.37
14/02/2026 11:15;0.38
14/02/2026 11:30;0.4
14/02/2026 11:45;0.42
14/02/2026 12:00;0.42
14/02/2026 12:15;0.42
14/02/2026 12:30;0.42
14/02/2026 12:45;0.39
14/02/2026 13:00;0.39
14/02/2026 13:15;0.39
14/02/2026 13:30;0.39
14/02/2026 13:45;0.39
14/02/2026 14:00;0.39
14/02/2026 14:15;0.38
14/02/2026 14:30;0.37
14/02/2026 14:45;0.37
14/02/2026 15:00;0.37
14/02/2026 15:15;0.38
14/02/2026 15:30;0.39
14/02/2026 15:45;0.41
14/02/2026 16:00;0.43
14/02/2026 16:15;0.42
14/02/2026 16:30;0.4
14/02/2026 16:45;0.39
14/02/2026 17:00;0.39
14/02/2026 17:15;0.39
14/02/2026 17:30;0.37
14/02/2026 17:45;0.37
14/02/2026 18:00;0.37
14/02/2026 18:15;0.37
14/02/2026 18:30;0.37
14/02/2026 18:45;0.37
14/02/2026 19:00;0.38
14/02/2026 19:15;0.39
14/02/2026 19:30;0.39
14/02/2026 19:45;0.39
14/02/2026 20:00;0.4
14/02/2026 20:15;0.39
14/02/2026 20:30;0.39
14/02/2026 20:45;0.39
14/02/2026 21:00;0.39
14/02/2026 21:15;0.39
14/02/2026 21:30;0.39
14/02/2026 21:45;0.38
14/02/2026 22:00;0.37
14/02/2026 22:15;0.35
14/02/2026 22:30;0.35
14/02/2026 22:45;0.36
14/02/2026 23:00;0.38
14/02/2026 23:15;0.41
14/02/2026 23:30;0.42
14/02/2026 23:45;0.4
15/02/2026 00:00;0.39
15/02/2026 00:15;0.39
15/02/2026 00:30;0.39
15/02/2026 00:45;0.39
15/02/2026 01:00;0.39
15/02/2026 01:15;0.39
15/02/2026 01:30;0.39
15/02/2026 01:45;0.39
15/02/2026 02:00;0.38
15/02/2026 02:15;0.37
15/02/2026 02:30;0.37
15/02/2026 02:45;0.37
15/02/2026 03:00;0.37
15/02/2026 03:15;0.39
15/02/2026 03:30;0.39
15/02/2026 03:45;0.41
15/02/2026 04:00;0.42
15/02/2026 04:15;0.41
15/02/2026 04:30;0.39
15/02/2026 04:45;0.39
15/02/2026 05:00;0.39
15/02/2026 05:15;0.39
15/02/2026 05:30;0.37
15/02/2026 05:45;0.37
15/02/2026 06:00;0.37
15/02/2026 06:15;0.37
15/02/2026 06:30;0.37
15/02/2026 06:45;0.37
15/02/2026 07:00;0.39
15/02/2026 07:15;0.39
15/02/2026 07:30;0.42
15/02/2026 07:45;0.39
15/02/2026 08:00;0.39
15/02/2026 08:15;0.42
15/02/2026 08:30;0.42
15/02/2026 08:45;0.42
15/02/2026 09:00;0.42
15/02/2026 09:15;0.42
15/02/2026 09:30;0.42
15/02/2026 09:45;0.42
15/02/2026 10:00;0.42
15/02/2026 10:15;0.42
15/02/2026 10:30;0.42
15/02/2026 10:45;0.42
15/02/2026 11:00;0.42
15/02/2026 11:15;0.42
15/02/2026 11:30;0.42
15/02/2026 11:45;0.42
15/02/2026 12:00;0.42
15/02/2026 12:15;0.42
15/02/2026 12:30;0.42
15/02/2026 12:45;0.42
15/02/2026 13:00;0.42
15/02/2026 13:15;0.42
15/02/2026 13:30;0.42
15/02/2026 13:45;0.42
15/02/2026 14:00;0.42
15/02/2026 14:15;0.42
15/02/2026 14:30;0.43
15/02/2026 14:45;0.43
15/02/2026 15:00;0.43
15/02/2026 15:15;0.43
15/02/2026 15:30;0.43
15/02/2026 15:45;0.43
15/02/2026 16:00;0.43
15/02/2026 16:15;0.43
15/02/2026 16:30;0.43
15/02/2026 16:45;0.43
15/02/2026 17:00;0.43
15/02/2026 17:15;0.43
15/02/2026 17:30;0.43
15/02/2026 17:45;0.43
15/02/2026 18:00;0.43
15/02/2026 18:15;0.43
15/02/2026 18:30;0.43
15/02/2026 18:45;0.43
15/02/2026 19:00;0.43
15/02/2026 19:15;0.43
15/02/2026 19:30;0.43
15/02/2026 19:45;0.43
15/02/2026 20:00;0.43
15/02/2026 20:15;0.42
15/02/2026 20:30;0.39
15/02/2026 20:45;0.39
15/02/2026 21:00;0.39
15/02/2026 21:15;0.39
15/02/2026 21:30;0.39
15/02/2026 21:45;0.39
15/02/2026 22:00;0.39
15/02/2026 22:15;0.39
15/02/2026 22:30;0.38
15/02/2026 22:45;0.37
15/02/2026 23:00;0.37
15/02/2026 23:15;0.37
15/02/2026 23:30;0.37
15/02/2026 23:45;0.39
16/02/2026 00:00;0.39
16/02/2026 00:15;0.39
16/02/2026 00:30;0.39
16/02/2026 00:45;0.39
16/02/2026 01:00;0.39
16/02/2026 01:15;0.39
16/02/2026 01:30;0.39
16/02/2026 01:45;0.39
16/02/2026 02:00;0.39
16/02/2026 02:15;0.37
16/02/2026 02:30;0.37
16/02/2026 02:45;0.37
16/02/2026 03:00;0.37
16/02/2026 03:15;0.37
16/02/2026 03:30;0.37
16/02/2026 03:45;0.38
16/02/2026 04:00;0.39
16/02/2026 04:15;0.39
16/02/2026 04:30;0.39
16/02/2026 04:45;0.39
16/02/2026 05:00;0.39
16/02/2026 05:15;0.39
16/02/2026 05:30;0.39
16/02/2026 05:45;0.39
16/02/2026 06:00;0.39
16/02/2026 06:15;0.39
16/02/2026 06:30;0.37
16/02/2026 06:45;0.37
16/02/2026 07:00;0.37
16/02/2026 07:15;0.37
16/02/2026 07:30;0.37
16/02/2026 07:45;0.37
16/02/2026 08:00;0.39
16/02/2026 08:15;0.39
16/02/2026 08:30;0.39
16/02/2026 08:45;0.39
16/02/2026 09:00;0.39
16/02/2026 09:15;0.39
16/02/2026 09:30;0.39
16/02/2026 09:45;0.39
16/02/2026 10:00;0.39
16/02/2026 10:15;0.39
16/02/2026 10:30;0.39
16/02/2026 10:45;0.38
16/02/2026 11:00;0.37
16/02/2026 11:15;0.37
16/02/2026 11:30;0.37
16/02/2026 11:45;0.37
16/02/2026 12:00;0.38
16/02/2026 12:15;0.39
16/02/2026 12:30;0.39
16/02/2026 12:45;0.39
16/02/2026 13:00;0.39
16/02/2026 13:15;0.39
16/02/2026 13:30;0.39
16/02/2026 13:45;0.39
16/02/2026 14:00;0.39
16/02/2026 14:15;0.37
16/02/2026 14:30;0.37
16/02/2026 14:45;0.37
16/02/2026 15:00;0.37
16/02/2026 15:15;0.37
16/02/2026 15:30;0.37
16/02/2026 15:45;0.38
16/02/2026 16:00;0.39
16/02/2026 16:15;0.39
16/02/2026 16:30;0.39
16/02/2026 16:45;0.39
16/02/2026 17:00;0.39
16/02/2026 17:15;0.39
16/02/2026 17:30;0.39
16/02/2026 17:45;0.39
16/02/2026 18:00;0.39
16/02/2026 18:15;0.39
16/02/2026 18:30;0.37
16/02/2026 18:45;0.37
16/02/2026 19:00;0.37
16/02/2026 19:15;0.37
16/02/2026 19:30;0.37
16/02/2026 19:45;0.38
16/02/2026 20:00;0.39
16/02/2026 20:15;0.39
16/02/2026 20:30;0.39
16/02/2026 20:45;0.39
16/02/2026 21:00;0.39
16/02/2026 21:15;0.39
16/02/2026 21:30;0.39
16/02/2026 21:45;0.39
16/02/2026 22:00;0.39
16/02/2026 22:15;0.39
16/02/2026 22:30;0.38
16/02/2026 22:45;0.37
16/02/2026 23:00;0.37
16/02/2026 23:15;0.37
16/02/2026 23:30;0.37
16/02/2026 23:45;0.39
17/02/2026 00:00;0.39
17/02/2026 00:15;0.39
17/02/2026 00:30;0.39
17/02/2026 00:45;0.39
17/02/2026 01:00;0.39
17/02/2026 01:15;0.39
17/02/2026 01:30;0.39
17/02/2026 01:45;0.38
17/02/2026 02:00;0.37
17/02/2026 02:15;0.37
17/02/2026 02:30;0.37
17/02/2026 02:45;0.37
17/02/2026 03:00;0.37
17/02/2026 03:15;0.37
17/02/2026 03:30;0.39
17/02/2026 03:45;0.39
17/02/2026 04:00;0.39
17/02/2026 04:15;0.39
17/02/2026 04:30;0.39
17/02/2026 04:45;0.39
17/02/2026 05:00;0.39
17/02/2026 05:15;0.39
17/02/2026 05:30;0.39
17/02/2026 05:45;0.39
17/02/2026 06:00;0.39
17/02/2026 06:15;0.37
17/02/2026 06:30;0.37
17/02/2026 06:45;0.37
17/02/2026 07:00;0.37
17/02/2026 07:15;0.37
17/02/2026 07:30;0.37
17/02/2026 07:45;0.39
17/02/2026 08:00;0.39
17/02/2026 08:15;0.39
17/02/2026 08:30;0.39
17/02/2026 08:45;0.39
17/02/2026 09:00;0.39
17/02/2026 09:15;0.39
17/02/2026 09:30;0.39
17/02/2026 09:45;0.39
17/02/2026 10:00;0.39
17/02/2026 10:15;0.38
17/02/2026 10:30;0.37
17/02/2026 10:45;0.37
17/02/2026 11:00;0.37
17/02/2026 11:15;0.37
17/02/2026 11:30;0.37
17/02/2026 11:45;0.39
17/02/2026 12:00;0.39
17/02/2026 12:15;0.39
17/02/2026 12:30;0.39
17/02/2026 12:45;0.39
17/02/2026 13:00;0.39
17/02/2026 13:15;0.39
17/02/2026 13:30;0.4
17/02/2026 13:45;0.4
17/02/2026 14:00;0.39
17/02/2026 14:15;0.4
17/02/2026 14:30;0.41
17/02/2026 14:45;0.41
17/02/2026 15:00;0.41
17/02/2026 15:15;0.4
17/02/2026 15:30;0.4
17/02/2026 15:45;0.39
17/02/2026 16:00;0.4
17/02/2026 16:15;0.41
17/02/2026 16:30;0.41
17/02/2026 16:45;0.41
17/02/2026 17:00;0.41
17/02/2026 17:15;0.4
17/02/2026 17:30;0.4
17/02/2026 17:45;0.42
17/02/2026 18:00;0.42
17/02/2026 18:15;0.41
17/02/2026 18:30;0.43
17/02/2026 18:45;0.41
17/02/2026 19:00;0.41
17/02/2026 19:15;0.42
17/02/2026 19:30;0.43
17/02/2026 19:45;0.43
17/02/2026 20:00;0.43
17/02/2026 20:15;0.43
17/02/2026 20:30;0.4
17/02/2026 20:45;0.4
17/02/2026 21:00;0.43
17/02/2026 21:15;0.41
17/02/2026 21:30;0.4
17/02/2026 21:45;0.43
17/02/2026 22:00;0.43
17/02/2026 22:15;0.42
17/02/2026 22:30;0.41
17/02/2026 22:45;0.41
17/02/2026 23:00;0.39
17/02/2026 23:15;0.39
17/02/2026 23:30;0.39
17/02/2026 23:45;0.39
18/02/2026 00:00;0.39
18/02/2026 00:15;0.39
18/02/2026 00:30;0.39
18/02/2026 00:45;0.38
18/02/2026 01:00;0.37
18/02/2026 01:15;0.37
18/02/2026 01:30;0.37
18/02/2026 01:45;0.37
18/02/2026 02:00;0.37
18/02/2026 02:15;0.39
18/02/2026 02:30;0.39
18/02/2026 02:45;0.39
18/02/2026 03:00;0.39
18/02/2026 03:15;0.39
18/02/2026 03:30;0.39
18/02/2026 03:45;0.39
18/02/2026 04:00;0.39
18/02/2026 04:15;0.39
18/02/2026 04:30;0.39
18/02/2026 04:45;0.39
18/02/2026 05:00;0.39
18/02/2026 05:15;0.37
18/02/2026 05:30;0.37
18/02/2026 05:45;0.37
18/02/2026 06:00;0.37
18/02/2026 06:15;0.38
18/02/2026 06:30;0.39
18/02/2026 06:45;0.42
18/02/2026 07:00;0.41
18/02/2026 07:15;0.4
18/02/2026 07:30;0.42
18/02/2026 07:45;0.42
18/02/2026 08:00;0.42
18/02/2026 08:15;0.42
18/02/2026 08:30;0.42
18/02/2026 08:45;0.42
18/02/2026 09:00;0.42
18/02/2026 09:15;0.41
18/02/2026 09:30;0.41
18/02/2026 09:45;0.39
18/02/2026 10:00;0.39
18/02/2026 10:15;0.39
18/02/2026 10:30;0.39
18/02/2026 10:45;0.39
18/02/2026 11:00;0.39
18/02/2026 11:15;0.39
18/02/2026 11:30;0.39
18/02/2026 11:45;0.37
18/02/2026 12:00;0.35
18/02/2026 12:15;0.31
18/02/2026 12:30;0.28
18/02/2026 12:45;0.26
18/02/2026 13:00;0.24
18/02/2026 13:15;0.25
18/02/2026 13:30;0.26
18/02/2026 13:45;0.26
18/02/2026 14:00;0.4
18/02/2026 14:15;0.46
18/02/2026 14:30;0.47
18/02/2026 14:45;0.47
18/02/2026 15:00;0.47
18/02/2026 15:15;0.47
18/02/2026 15:30;0.47
18/02/2026 15:45;0.47
18/02/2026 16:00;0.47
18/02/2026 16:15;0.47
18/02/2026 16:30;0.47
18/02/2026 16:45;0.47
18/02/2026 17:00;0.47
18/02/2026 17:15;0.47
18/02/2026 17:30;0.47
18/02/2026 17:45;0.47
18/02/2026 18:00;0.47
18/02/2026 18:15;0.48
18/02/2026 18:30;0.49
18/02/2026 18:45;0.49
18/02/2026 19:00;0.48
18/02/2026 19:15;0.47
18/02/2026 19:30;0.47
18/02/2026 19:45;0.47
18/02/2026 20:00;0.47
18/02/2026 20:15;0.47
18/02/2026 20:30;0.47
18/02/2026 20:45;0.47
18/02/2026 21:00;0.49
18/02/2026 21:15;0.49
18/02/2026 21:30;0.49
18/02/2026 21:45;0.49
18/02/2026 22:00;0.49
18/02/2026 22:15;0.49
18/02/2026 22:30;0.49
18/02/2026 22:45;0.49
18/02/2026 23:00;0.49
18/02/2026 23:15;0.47
18/02/2026 23:30;0.47
18/02/2026 23:45;0.47
19/02/2026 00:00;0.47
19/02/2026 00:15;0.47
19/02/2026 00:30;0.47
19/02/2026 00:45;0.48
19/02/2026 01:00;0.49
19/02/2026 01:15;0.49
19/02/2026 01:30;0.49
19/02/2026 01:45;0.49
19/02/2026 02:00;0.49
19/02/2026 02:15;0.49
19/02/2026 02:30;0.49
19/02/2026 02:45;0.49
19/02/2026 03:00;0.49
19/02/2026 03:15;0.48
19/02/2026 03:30;0.46
19/02/2026 03:45;0.46
19/02/2026 04:00;0.46
19/02/2026 04:15;0.46
19/02/2026 04:30;0.46
19/02/2026 04:45;0.49
19/02/2026 05:00;0.49
19/02/2026 05:15;0.49
19/02/2026 05:30;0.49
19/02/2026 05:45;0.49
19/02/2026 06:00;0.49
19/02/2026 06:15;0.49
19/02/2026 06:30;0.48
19/02/2026 06:45;0.46
19/02/2026 07:00;0.46
19/02/2026 07:15;0.46
19/02/2026 07:30;0.46
19/02/2026 07:45;0.46
19/02/2026 08:00;0.46
19/02/2026 08:15;0.46
19/02/2026 08:30;0.46
19/02/2026 08:45;0.48
19/02/2026 09:00;0.49
19/02/2026 09:15;0.49
19/02/2026 09:30;0.49
19/02/2026 09:45;0.49
19/02/2026 10:00;0.49
19/02/2026 10:15;0.49
19/02/2026 10:30;0.49
19/02/2026 10:45;0.49
19/02/2026 11:00;0.48
19/02/2026 11:15;0.46
19/02/2026 11:30;0.46
19/02/2026 11:45;0.46
19/02/2026 12:00;0.46
19/02/2026 12:15;0.46
19/02/2026 12:30;0.46
19/02/2026 12:45;0.46
19/02/2026 13:00;0.46
19/02/2026 13:15;0.49
19/02/2026 13:30;0.49
19/02/2026 13:45;0.49
19/02/2026 14:00;0.49
19/02/2026 14:15;0.49
19/02/2026 14:30;0.49
19/02/2026 14:45;0.49
19/02/2026 15:00;0.49
19/02/2026 15:15;0.49
19/02/2026 15:30;0.49
19/02/2026 15:45;0.49
19/02/2026 16:00;0.49
19/02/2026 16:15;0.49
19/02/2026 16:30;0.49
19/02/2026 16:45;0.49
19/02/2026 17:00;0.49
19/02/2026 17:15;0.49
19/02/2026 17:30;0.49
19/02/2026 17:45;0.49
19/02/2026 18:00;0.49
19/02/2026 18:15;0.49
19/02/2026 18:30;0.49
19/02/2026 18:45;0.49
19/02/2026 19:00;0.49
19/02/2026 19:15;0.49
19/02/2026 19:30;0.49
19/02/2026 19:45;0.49
19/02/2026 20:00;0.49
19/02/2026 20:15;0.49
19/02/2026 20:30;0.49
19/02/2026 20:45;0.49
19/02/2026 21:00;0.49
19/02/2026 21:15;0.49
19/02/2026 21:30;0.49
19/02/2026 21:45;0.49
19/02/2026 22:00;0.49
19/02/2026 22:15;0.49
19/02/2026 22:30;0.49
19/02/2026 22:45;0.49
19/02/2026 23:00;0.49
19/02/2026 23:15;0.49
19/02/2026 23:30;0.49
19/02/2026 23:45;0.49
20/02/2026 00:00;0.49
20/02/2026 00:15;0.49
20/02/2026 00:30;0.49
20/02/2026 00:45;0.49
20/02/2026 01:00;0.49
20/02/2026 01:15;0.49
20/02/2026 01:30;0.49
20/02/2026 01:45;0.48
20/02/2026 02:00;0.46
20/02/2026 02:15;0.46
20/02/2026 02:30;0.46
20/02/2026 02:45;0.46
20/02/2026 03:00;0.46
20/02/2026 03:15;0.46
20/02/2026 03:30;0.48
20/02/2026 03:45;0.49
20/02/2026 04:00;0.49
20/02/2026 04:15;0.49
20/02/2026 04:30;0.49
20/02/2026 04:45;0.49
20/02/2026 05:00;0.49
20/02/2026 05:15;0.49
20/02/2026 05:30;0.49
20/02/2026 05:45;0.49
20/02/2026 06:00;0.49
20/02/2026 06:15;0.48
20/02/2026 06:30;0.46
20/02/2026 06:45;0.46
20/02/2026 07:00;0.46
20/02/2026 07:15;0.46
20/02/2026 07:30;0.46
20/02/2026 07:45;0.49
20/02/2026 08:00;0.49
20/02/2026 08:15;0.49
20/02/2026 08:30;0.49
20/02/2026 08:45;0.49
20/02/2026 09:00;0.49
20/02/2026 09:15;0.49
20/02/2026 09:30;0.49
20/02/2026 09:45;0.49
20/02/2026 10:00;0.49
20/02/2026 10:15;0.49
20/02/2026 10:30;0.49
20/02/2026 10:45;0.49
20/02/2026 11:00;0.49
20/02/2026 11:15;0.49
20/02/2026 11:30;0.49
20/02/2026 11:45;0.49
20/02/2026 12:00;0.49
20/02/2026 12:15;0.49
20/02/2026 12:30;0.49
20/02/2026 12:45;0.49
20/02/2026 13:00;0.47
20/02/2026 13:15;0.47
20/02/2026 13:30;0.46
20/02/2026 13:45;0.45
20/02/2026 14:00;0.45
20/02/2026 14:15;0.46
20/02/2026 14:30;0.47
20/02/2026 14:45;0.49
20/02/2026 15:00;0.49
20/02/2026 15:15;0.49
20/02/2026 15:30;0.49
20/02/2026 15:45;0.49
20/02/2026 16:00;0.49
20/02/2026 16:15;0.49
20/02/2026 16:30;0.49
20/02/2026 16:45;0.49
20/02/2026 17:00;0.49
20/02/2026 17:15;0.48
20/02/2026 17:30;0.47
20/02/2026 17:45;0.47
20/02/2026 18:00;0.47
20/02/2026 18:15;0.47
20/02/2026 18:30;0.47
20/02/2026 18:45;0.49
20/02/2026 19:00;0.49
20/02/2026 19:15;0.49
20/02/2026 19:30;0.49
20/02/2026 19:45;0.49
20/02/2026 20:00;0.49
20/02/2026 20:15;0.49
20/02/2026 20:30;0.48
20/02/2026 20:45;0.47
20/02/2026 21:00;0.47
20/02/2026 21:15;0.47
20/02/2026 21:30;0.47
20/02/2026 21:45;0.47
20/02/2026 22:00;0.47
20/02/2026 22:15;0.48
20/02/2026 22:30;0.49
20/02/2026 22:45;0.49
20/02/2026 23:00;0.49
20/02/2026 23:15;0.49
20/02/2026 23:30;0.49
20/02/2026 23:45;0.49
21/02/2026 00:00;0.49
21/02/2026 00:15;0.49
21/02/2026 00:30;0.49
21/02/2026 00:45;0.48
21/02/2026 01:00;0.47
21/02/2026 01:15;0.47
21/02/2026 01:30;0.47
21/02/2026 01:45;0.46
21/02/2026 02:00;0.46
21/02/2026 02:15;0.46
21/02/2026 02:30;0.49
21/02/2026 02:45;0.49
21/02/2026 03:00;0.49
21/02/2026 03:15;0.49
21/02/2026 03:30;0.49
21/02/2026 03:45;0.49
21/02/2026 04:00;0.49
21/02/2026 04:15;0.49
21/02/2026 04:30;0.49
21/02/2026 04:45;0.49
21/02/2026 05:00;0.48
21/02/2026 05:15;0.46
21/02/2026 05:30;0.46
21/02/2026 05:45;0.46
21/02/2026 06:00;0.46
21/02/2026 06:15;0.46
21/02/2026 06:30;0.46
21/02/2026 06:45;0.48
21/02/2026 07:00;0.49
21/02/2026 07:15;0.49
21/02/2026 07:30;0.49
21/02/2026 07:45;0.49
21/02/2026 08:00;0.49
21/02/2026 08:15;0.49
21/02/2026 08:30;0.49
21/02/2026 08:45;0.46
21/02/2026 09:00;0.46
21/02/2026 09:15;0.45
21/02/2026 09:30;0.45
21/02/2026 09:45;0.45
21/02/2026 10:00;0.45
21/02/2026 10:15;0.45
21/02/2026 10:30;0.46
21/02/2026 10:45;0.49
21/02/2026 11:00;0.49
21/02/2026 11:15;0.49
21/02/2026 11:30;0.48
21/02/2026 11:45;0.46
21/02/2026 12:00;0.46
21/02/2026 12:15;0.47
21/02/2026 12:30;0.47
21/02/2026 12:45;0.47
21/02/2026 13:00;0.47
21/02/2026 13:15;0.48
21/02/2026 13:30;0.49
21/02/2026 13:45;0.48
21/02/2026 14:00;0.47
21/02/2026 14:15;0.47
21/02/2026 14:30;0.45
21/02/2026 14:45;0.47
21/02/2026 15:00;0.49
21/02/2026 15:15;0.49
21/02/2026 15:30;0.49
21/02/2026 15:45;0.49
21/02/2026 16:00;0.49
21/02/2026 16:15;0.49
21/02/2026 16:30;0.49
21/02/2026 16:45;0.49
21/02/2026 17:00;0.49
21/02/2026 17:15;0.49
21/02/2026 17:30;0.49
21/02/2026 17:45;0.49
21/02/2026 18:00;0.49
21/02/2026 18:15;0.49
21/02/2026 18:30;0.49
21/02/2026 18:45;0.49
21/02/2026 19:00;0.49
21/02/2026 19:15;0.49
21/02/2026 19:30;0.49
21/02/2026 19:45;0.49
21/02/2026 20:00;0.49
21/02/2026 20:15;0.49
21/02/2026 20:30;0.49
21/02/2026 20:45;0.49
21/02/2026 21:00;0.49
21/02/2026 21:15;0.49
21/02/2026 21:30;0.49
21/02/2026 21:45;0.49
21/02/2026 22:00;0.49
21/02/2026 22:15;0.49
21/02/2026 22:30;0.49
21/02/2026 22:45;0.49
21/02/2026 23:00;0.49
21/02/2026 23:15;0.49
21/02/2026 23:30;0.49
21/02/2026 23:45;0.49
22/02/2026 00:00;0.49
22/02/2026 00:15;0.49
22/02/2026 00:30;0.49
22/02/2026 00:45;0.49
22/02/2026 01:00;0.49
22/02/2026 01:15;0.49
22/02/2026 01:30;0.49
22/02/2026 01:45;0.49
22/02/2026 02:00;0.49
22/02/2026 02:15;0.49
22/02/2026 02:30;0.47
22/02/2026 02:45;0.46
22/02/2026 03:00;0.46
22/02/2026 03:15;0.46
22/02/2026 03:30;0.46
22/02/2026 03:45;0.46
22/02/2026 04:00;0.48
22/02/2026 04:15;0.49
22/02/2026 04:30;0.49
22/02/2026 04:45;0.49
22/02/2026 05:00;0.49
22/02/2026 05:15;0.49
22/02/2026 05:30;0.49
22/02/2026 05:45;0.49
22/02/2026 06:00;0.46
22/02/2026 06:15;0.46
22/02/2026 06:30;0.46
22/02/2026 06:45;0.47
22/02/2026 07:00;0.49
22/02/2026 07:15;0.49
22/02/2026 07:30;0.49
22/02/2026 07:45;0.49
22/02/2026 08:00;0.49
22/02/2026 08:15;0.49
22/02/2026 08:30;0.49
22/02/2026 08:45;0.49
22/02/2026 09:00;0.49
22/02/2026 09:15;0.49
22/02/2026 09:30;0.49
22/02/2026 09:45;0.49
22/02/2026 10:00;0.49
22/02/2026 10:15;0.49
22/02/2026 10:30;0.49
22/02/2026 10:45;0.49
22/02/2026 11:00;0.49
22/02/2026 11:15;0.49
22/02/2026 11:30;0.49
22/02/2026 11:45;0.49
22/02/2026 12:00;0.49
22/02/2026 12:15;0.49
22/02/2026 12:30;0.49
22/02/2026 12:45;0.49
22/02/2026 13:00;0.49
22/02/2026 13:15;0.49
22/02/2026 13:30;0.49
22/02/2026 13:45;0.49
22/02/2026 14:00;0.49
22/02/2026 14:15;0.49
22/02/2026 14:30;0.49
22/02/2026 14:45;0.47
22/02/2026 15:00;0.47
22/02/2026 15:15;0.45
22/02/2026 15:30;0.45
22/02/2026 15:45;0.45
22/02/2026 16:00;0.46
22/02/2026 16:15;0.48
22/02/2026 16:30;0.49
22/02/2026 16:45;0.49
22/02/2026 17:00;0.49
22/02/2026 17:15;0.49
22/02/2026 17:30;0.49
22/02/2026 17:45;0.49
22/02/2026 18:00;0.49
22/02/2026 18:15;0.49
22/02/2026 18:30;0.49
22/02/2026 18:45;0.49
22/02/2026 19:00;0.47
22/02/2026 19:15;0.47
22/02/2026 19:30;0.47
22/02/2026 19:45;0.47
22/02/2026 20:00;0.47
22/02/2026 20:15;0.48
22/02/2026 20:30;0.49
22/02/2026 20:45;0.49
22/02/2026 21:00;0.49
22/02/2026 21:15;0.49
22/02/2026 21:30;0.49
22/02/2026 21:45;0.49
22/02/2026 22:00;0.49
22/02/2026 22:15;0.48
22/02/2026 22:30;0.47
22/02/2026 22:45;0.47
22/02/2026 23:00;0.47
22/02/2026 23:15;0.47
22/02/2026 23:30;0.47
22/02/2026 23:45;0.47
23/02/2026 00:00;0.48
23/02/2026 00:15;0.49
23/02/2026 00:30;0.49
23/02/2026 00:45;0.49
23/02/2026 01:00;0.49
23/02/2026 01:15;0.49
23/02/2026 01:30;0.49
23/02/2026 01:45;0.49
23/02/2026 02:00;0.49
23/02/2026 02:15;0.49
23/02/2026 02:30;0.47
23/02/2026 02:45;0.46
23/02/2026 03:00;0.46
23/02/2026 03:15;0.45
23/02/2026 03:30;0.45
23/02/2026 03:45;0.46
23/02/2026 04:00;0.46
23/02/2026 04:15;0.49
23/02/2026 04:30;0.49
23/02/2026 04:45;0.49
23/02/2026 05:00;0.49
23/02/2026 05:15;0.49
23/02/2026 05:30;0.49
23/02/2026 05:45;0.49
23/02/2026 06:00;0.49
23/02/2026 06:15;0.49
23/02/2026 06:30;0.49
23/02/2026 06:45;0.49
23/02/2026 07:00;0.46
23/02/2026 07:15;0.46
23/02/2026 07:30;0.46
23/02/2026 07:45;0.46
23/02/2026 08:00;0.46
23/02/2026 08:15;0.46
23/02/2026 08:30;0.46
23/02/2026 08:45;0.49
23/02/2026 09:00;0.49
23/02/2026 09:15;0.49
23/02/2026 09:30;0.49
23/02/2026 09:45;0.49
23/02/2026 10:00;0.49
23/02/2026 10:15;0.49
23/02/2026 10:30;0.49
23/02/2026 10:45;0.46
23/02/2026 11:00;0.46
23/02/2026 11:15;0.46
23/02/2026 11:30;0.46
23/02/2026 11:45;0.46
23/02/2026 12:00;0.46
23/02/2026 12:15;0.47
23/02/2026 12:30;0.48
23/02/2026 12:45;0.49
23/02/2026 13:00;0.49
23/02/2026 13:15;0.49
23/02/2026 13:30;0.49
23/02/2026 13:45;0.49
23/02/2026 14:00;0.49
23/02/2026 14:15;0.49
23/02/2026 14:30;0.49
23/02/2026 14:45;0.49
23/02/2026 15:00;0.49
23/02/2026 15:15;0.47
23/02/2026 15:30;0.47
23/02/2026 15:45;0.47
23/02/2026 16:00;0.47
23/02/2026 16:15;0.47
23/02/2026 16:30;0.47
23/02/2026 16:45;0.48
23/02/2026 17:00;0.49
23/02/2026 17:15;0.49
23/02/2026 17:30;0.49
23/02/2026 17:45;0.49
23/02/2026 18:00;0.49
23/02/2026 18:15;0.49
23/02/2026 18:30;0.49
23/02/2026 18:45;0.49
23/02/2026 19:00;0.49
23/02/2026 19:15;0.48
23/02/2026 19:30;0.47
23/02/2026 19:45;0.47
23/02/2026 20:00;0.47
23/02/2026 20:15;0.47
23/02/2026 20:30;0.49
23/02/2026 20:45;0.49
23/02/2026 21:00;0.49
23/02/2026 21:15;0.48
23/02/2026 21:30;0.42
23/02/2026 21:45;0.35
23/02/2026 22:00;0.31
23/02/2026 22:15;0.29
23/02/2026 22:30;0.29
23/02/2026 22:45;0.36
23/02/2026 23:00;0.47
23/02/2026 23:15;0.49
23/02/2026 23:30;0.49
23/02/2026 23:45;0.49
24/02/2026 00:00;0.49
24/02/2026 00:15;0.49
24/02/2026 00:30;0.49
24/02/2026 00:45;0.49
24/02/2026 01:00;0.49
24/02/2026 01:15;0.49
24/02/2026 01:30;0.49
24/02/2026 01:45;0.48
24/02/2026 02:00;0.47
24/02/2026 02:15;0.47
24/02/2026 02:30;0.47
24/02/2026 02:45;0.47
24/02/2026 03:00;0.47
24/02/2026 03:15;0.49
24/02/2026 03:30;0.49
24/02/2026 03:45;0.49
24/02/2026 04:00;0.49
24/02/2026 04:15;0.49
24/02/2026 04:30;0.49
24/02/2026 04:45;0.49
24/02/2026 05:00;0.49
24/02/2026 05:15;0.49
24/02/2026 05:30;0.49
24/02/2026 05:45;0.49
24/02/2026 06:00;0.48
24/02/2026 06:15;0.46
24/02/2026 06:30;0.46
24/02/2026 06:45;0.46
24/02/2026 07:00;0.46
24/02/2026 07:15;0.47
24/02/2026 07:30;0.49
24/02/2026 07:45;0.49
24/02/2026 08:00;0.49
24/02/2026 08:15;0.49
24/02/2026 08:30;0.49
24/02/2026 08:45;0.49
24/02/2026 09:00;0.49
24/02/2026 09:15;0.49
24/02/2026 09:30;0.49
24/02/2026 09:45;0.49
24/02/2026 10:00;0.49
24/02/2026 10:15;0.49
24/02/2026 10:30;0.49
24/02/2026 10:45;0.51
24/02/2026 11:00;0.51
24/02/2026 11:15;0.49
24/02/2026 11:30;0.49
24/02/2026 11:45;0.75
24/02/2026 12:00;0.9
24/02/2026 12:15;0.7
24/02/2026 12:30;0.64
24/02/2026 12:45;0.62
24/02/2026 13:00;0.62
24/02/2026 13:15;0.61
24/02/2026 13:30;0.58
24/02/2026 13:45;0.58
24/02/2026 14:00;0.6
24/02/2026 14:15;0.6
24/02/2026 14:30;0.6
24/02/2026 14:45;0.6
24/02/2026 15:00;0.6
24/02/2026 15:15;0.6
24/02/2026 15:30;0.6
24/02/2026 15:45;0.6
24/02/2026 16:00;0.6
24/02/2026 16:15;0.6
24/02/2026 16:30;0.6
24/02/2026 16:45;0.6
24/02/2026 17:00;0.6
24/02/2026 17:15;0.6
24/02/2026 17:30;0.6
24/02/2026 17:45;0.6
24/02/2026 18:00;0.6
24/02/2026 18:15;0.6
24/02/2026 18:30;0.6
24/02/2026 18:45;0.6
24/02/2026 19:00;0.58
24/02/2026 19:15;0.58
24/02/2026 19:30;0.58
24/02/2026 19:45;0.58
24/02/2026 20:00;0.58
24/02/2026 20:15;0.58
24/02/2026 20:30;0.6
24/02/2026 20:45;0.6
24/02/2026 21:00;0.6
24/02/2026 21:15;0.6
24/02/2026 21:30;0.6
24/02/2026 21:45;0.6
24/02/2026 22:00;0.6
24/02/2026 22:15;0.6
24/02/2026 22:30;0.6
24/02/2026 22:45;0.6
24/02/2026 23:00;0.6
24/02/2026 23:15;0.58
24/02/2026 23:30;0.58
24/02/2026 23:45;0.58
25/02/2026 00:00;0.58
25/02/2026 00:15;0.58
25/02/2026 00:30;0.58
25/02/2026 00:45;0.6
25/02/2026 01:00;0.6
25/02/2026 01:15;0.6
25/02/2026 01:30;0.6
25/02/2026 01:45;0.6
25/02/2026 02:00;0.6
25/02/2026 02:15;0.6
25/02/2026 02:30;0.58
25/02/2026 02:45;0.57
25/02/2026 03:00;0.57
25/02/2026 03:15;0.57
25/02/2026 03:30;0.57
25/02/2026 03:45;0.57
25/02/2026 04:00;0.57
25/02/2026 04:15;0.58
25/02/2026 04:30;0.6
25/02/2026 04:45;0.6
25/02/2026 05:00;0.6
25/02/2026 05:15;0.6
25/02/2026 05:30;0.6
25/02/2026 05:45;0.6
25/02/2026 06:00;0.6
25/02/2026 06:15;0.6
25/02/2026 06:30;0.6
25/02/2026 06:45;0.6
25/02/2026 07:00;0.58
25/02/2026 07:15;0.57
25/02/2026 07:30;0.57
25/02/2026 07:45;0.57
25/02/2026 08:00;0.56
25/02/2026 08:15;0.56
25/02/2026 08:30;0.57
25/02/2026 08:45;0.6
25/02/2026 09:00;0.6
25/02/2026 09:15;0.6
25/02/2026 09:30;0.6
25/02/2026 09:45;0.6
25/02/2026 10:00;0.6
25/02/2026 10:15;0.6
25/02/2026 10:30;0.58
25/02/2026 10:45;0.6
25/02/2026 11:00;0.6
25/02/2026 11:15;0.58
25/02/2026 11:30;0.57
25/02/2026 11:45;0.57
25/02/2026 12:00;0.57
25/02/2026 12:15;0.57
25/02/2026 12:30;0.58
25/02/2026 12:45;0.58
25/02/2026 13:00;0.6
25/02/2026 13:15;0.6
25/02/2026 13:30;0.6
25/02/2026 13:45;0.6
25/02/2026 14:00;0.6
25/02/2026 14:15;0.6
25/02/2026 14:30;0.6
25/02/2026 14:45;0.6
25/02/2026 15:00;0.6
25/02/2026 15:15;0.6
25/02/2026 15:30;0.6
25/02/2026 15:45;0.6
25/02/2026 16:00;0.6
25/02/2026 16:15;0.6
25/02/2026 16:30;0.6
25/02/2026 16:45;0.6
25/02/2026 17:00;0.6
25/02/2026 17:15;0.6
25/02/2026 17:30;0.6
25/02/2026 17:45;0.6
25/02/2026 18:00;0.6
25/02/2026 18:15;0.6
25/02/2026 18:30;0.6
25/02/2026 18:45;0.6
25/02/2026 19:00;0.6
25/02/2026 19:15;0.6
25/02/2026 19:30;0.6
25/02/2026 19:45;0.6
25/02/2026 20:00;0.58
25/02/2026 20:15;0.58
25/02/2026 20:30;0.58
25/02/2026 20:45;0.58
25/02/2026 21:00;0.58
25/02/2026 21:15;0.58
25/02/2026 21:30;0.58
25/02/2026 21:45;0.58
25/02/2026 22:00;0.6
25/02/2026 22:15;0.6
25/02/2026 22:30;0.6
25/02/2026 22:45;0.6
25/02/2026 23:00;0.6
25/02/2026 23:15;0.6
25/02/2026 23:30;0.6
25/02/2026 23:45;0.6
26/02/2026 00:00;0.6
26/02/2026 00:15;0.6
26/02/2026 00:30;0.6
26/02/2026 00:45;0.6
26/02/2026 01:00;0.6
26/02/2026 01:15;0.58
26/02/2026 01:30;0.57
26/02/2026 01:45;0.57
26/02/2026 02:00;0.57
26/02/2026 02:15;0.57
26/02/2026 02:30;0.58
26/02/2026 02:45;0.6
26/02/2026 03:00;0.6
26/02/2026 03:15;0.6
26/02/2026 03:30;0.6
26/02/2026 03:45;0.6
26/02/2026 04:00;0.6
26/02/2026 04:15;0.6
26/02/2026 04:30;0.6
26/02/2026 04:45;0.6
26/02/2026 05:00;0.58
26/02/2026 05:15;0.57
26/02/2026 05:30;0.57
26/02/2026 05:45;0.57
26/02/2026 06:00;0.57
26/02/2026 06:15;0.57
26/02/2026 06:30;0.58
26/02/2026 06:45;0.6
26/02/2026 07:00;0.6
26/02/2026 07:15;0.6
26/02/2026 07:30;0.6
26/02/2026 07:45;0.6
26/02/2026 08:00;0.6
26/02/2026 08:15;0.6
26/02/2026 08:30;0.57
26/02/2026 08:45;0.57
26/02/2026 09:00;0.57
26/02/2026 09:15;0.56
26/02/2026 09:30;0.55
26/02/2026 09:45;0.55
26/02/2026 10:00;0.56
26/02/2026 10:15;0.57
26/02/2026 10:30;0.58
26/02/2026 10:45;0.6
26/02/2026 11:00;0.6
26/02/2026 11:15;0.6
26/02/2026 11:30;0.6
26/02/2026 11:45;0.6
26/02/2026 12:00;0.6
26/02/2026 12:15;0.6
26/02/2026 12:30;0.6
26/02/2026 12:45;0.58
26/02/2026 13:00;0.58
26/02/2026 13:15;0.58
26/02/2026 13:30;0.58
26/02/2026 13:45;0.55
26/02/2026 14:00;0.57
26/02/2026 14:15;0.58
26/02/2026 14:30;0.6
26/02/2026 14:45;0.6
26/02/2026 15:00;0.6
26/02/2026 15:15;0.6
26/02/2026 15:30;0.6
26/02/2026 15:45;0.6
26/02/2026 16:00;0.6
26/02/2026 16:15;0.6
26/02/2026 16:30;0.6
26/02/2026 16:45;0.6
26/02/2026 17:00;0.58
26/02/2026 17:15;0.58
26/02/2026 17:30;0.58
26/02/2026 17:45;0.58
26/02/2026 18:00;0.58
26/02/2026 18:15;0.58
26/02/2026 18:30;0.6
26/02/2026 18:45;0.6
26/02/2026 19:00;0.6
26/02/2026 19:15;0.6
26/02/2026 19:30;0.6
26/02/2026 19:45;0.6
26/02/2026 20:00;0.6
26/02/2026 20:15;0.6
26/02/2026 20:30;0.6
26/02/2026 20:45;0.6
26/02/2026 21:00;0.6
26/02/2026 21:15;0.6
26/02/2026 21:30;0.6
26/02/2026 21:45;0.6
26/02/2026 22:00;0.6
26/02/2026 22:15;0.6
26/02/2026 22:30;0.6
26/02/2026 22:45;0.6
26/02/2026 23:00;0.6
26/02/2026 23:15;0.6
26/02/2026 23:30;0.6
26/02/2026 23:45;0.6
27/02/2026 00:00;0.6
27/02/2026 00:15;0.6
27/02/2026 00:30;0.6
27/02/2026 00:45;0.6
27/02/2026 01:00;0.6
27/02/2026 01:15;0.6
27/02/2026 01:30;0.6
27/02/2026 01:45;0.6
27/02/2026 02:00;0.6
27/02/2026 02:15;0.58
27/02/2026 02:30;0.57
27/02/2026 02:45;0.57
27/02/2026 03:00;0.57
27/02/2026 03:15;0.57
27/02/2026 03:30;0.57
27/02/2026 03:45;0.58
27/02/2026 04:00;0.6
27/02/2026 04:15;0.6
27/02/2026 04:30;0.6
27/02/2026 04:45;0.6
27/02/2026 05:00;0.6
27/02/2026 05:15;0.6
27/02/2026 05:30;0.6
27/02/2026 05:45;0.6
27/02/2026 06:00;0.6
27/02/2026 06:15;0.6
27/02/2026 06:30;0.6
27/02/2026 06:45;0.6
27/02/2026 07:00;0.6
27/02/2026 07:15;0.6
27/02/2026 07:30;0.6
27/02/2026 07:45;0.6
27/02/2026 08:00;0.6
27/02/2026 08:15;0.6
27/02/2026 08:30;0.6
27/02/2026 08:45;0.6
27/02/2026 09:00;0.6
27/02/2026 09:15;0.6
27/02/2026 09:30;0.6
27/02/2026 09:45;0.6
27/02/2026 10:00;0.6
27/02/2026 10:15;0.6
27/02/2026 10:30;0.6
27/02/2026 10:45;0.6
27/02/2026 11:00;0.6
27/02/2026 11:15;0.6
27/02/2026 11:30;0.6
27/02/2026 11:45;0.6
27/02/2026 12:00;0.6
27/02/2026 12:15;0.6
27/02/2026 12:30;0.6
27/02/2026 12:45;0.6
27/02/2026 13:00;0.6
27/02/2026 13:15;0.6
27/02/2026 13:30;0.6
27/02/2026 13:45;0.6
27/02/2026 14:00;0.6
27/02/2026 14:15;0.6
27/02/2026 14:30;0.6
27/02/2026 14:45;0.6
27/02/2026 15:00;0.6
27/02/2026 15:15;0.6
27/02/2026 15:30;0.6
27/02/2026 15:45;0.6
27/02/2026 16:00;0.6
27/02/2026 16:15;0.6
27/02/2026 16:30;0.6
27/02/2026 16:45;0.58
27/02/2026 17:00;0.58
27/02/2026 17:15;0.58
27/02/2026 17:30;0.58
27/02/2026 17:45;0.58
27/02/2026 18:00;0.58
27/02/2026 18:15;0.58
27/02/2026 18:30;14.52
27/02/2026 18:45;19.96
27/02/2026 19:00;19.84
27/02/2026 19:15;20.29
27/02/2026 19:30;20.46
27/02/2026 19:45;20.28
27/02/2026 20:00;20.25
27/02/2026 20:15;20.26
27/02/2026 20:30;20.25
27/02/2026 20:45;20.29
27/02/2026 21:00;20.24
27/02/2026 21:15;20.25
27/02/2026 21:30;20.21
27/02/2026 21:45;20.27
27/02/2026 22:00;20.24
27/02/2026 22:15;20.2
27/02/2026 22:30;20.25
27/02/2026 22:45;20.23
27/02/2026 23:00;20.24
27/02/2026 23:15;20.27
27/02/2026 23:30;20.27
27/02/2026 23:45;20.31
28/02/2026 00:00;20.21
28/02/2026 00:15;20.26
28/02/2026 00:30;20.29
28/02/2026 00:45;20.27
28/02/2026 01:00;20.27
28/02/2026 01:15;20.25
28/02/2026 01:30;20.24
28/02/2026 01:45;20.25
28/02/2026 02:00;20.21
28/02/2026 02:15;20.2
28/02/2026 02:30;20.16
28/02/2026 02:45;20.2
28/02/2026 03:00;20.21
28/02/2026 03:15;20.21
28/02/2026 03:30;20.25
28/02/2026 03:45;20.29
28/02/2026 04:00;20.25
28/02/2026 04:15;20.27
28/02/2026 04:30;20.28
28/02/2026 04:45;20.25
28/02/2026 05:00;20.23
28/02/2026 05:15;20.21
28/02/2026 05:30;20.21
28/02/2026 05:45;20.23
28/02/2026 06:00;20.21
28/02/2026 06:15;20.19
28/02/2026 06:30;20.21
28/02/2026 06:45;20.2
28/02/2026 07:00;20.2
28/02/2026 07:15;20.21
28/02/2026 07:30;20.21
28/02/2026 07:45;20.2
28/02/2026 08:00;20.29
28/02/2026 08:15;20.21
28/02/2026 08:30;20.21
28/02/2026 08:45;20.2
28/02/2026 09:00;20.21
28/02/2026 09:15;20.21
28/02/2026 09:30;20.23
28/02/2026 09:45;20.24
28/02/2026 10:00;20.2
28/02/2026 10:15;20.21
28/02/2026 10:30;20.2
28/02/2026 10:45;20.24
28/02/2026 11:00;20.18
28/02/2026 11:15;20.23
28/02/2026 11:30;20.23
28/02/2026 11:45;20.2
28/02/2026 12:00;20.21
28/02/2026 12:15;20.24
28/02/2026 12:30;20.25
28/02/2026 12:45;20.24
28/02/2026 13:00;20.26
28/02/2026 13:15;20.2
28/02/2026 13:30;20.26
28/02/2026 13:45;20.25
28/02/2026 14:00;20.23
28/02/2026 14:15;20.2
28/02/2026 14:30;20.25
28/02/2026 14:45;20.26
28/02/2026 15:00;20.23
28/02/2026 15:15;20.29
28/02/2026 15:30;20.24
28/02/2026 15:45;20.25
28/02/2026 16:00;20.21
28/02/2026 16:15;20.21
28/02/2026 16:30;20.26
28/02/2026 16:45;20.28
28/02/2026 17:00;20.29
28/02/2026 17:15;20.28
28/02/2026 17:30;20.25
28/02/2026 17:45;20.25
28/02/2026 18:00;20.29
28/02/2026 18:15;20.2
28/02/2026 18:30;20.18
28/02/2026 18:45;20.25
28/02/2026 19:00;20.25
28/02/2026 19:15;20.24
28/02/2026 19:30;20.26
28/02/2026 19:45;20.27
28/02/2026 20:00;20.27
28/02/2026 20:15;20.25
28/02/2026 20:30;20.27
28/02/2026 20:45;20.2
28/02/2026 21:00;20.2
28/02/2026 21:15;20.23
28/02/2026 21:30;20.26
28/02/2026 21:45;20.24
28/02/2026 22:00;20.17
28/02/2026 22:15;20.23
28/02/2026 22:30;20.25
28/02/2026 22:45;20.23
28/02/2026 23:00;20.24
28/02/2026 23:15;20.28
28/02/2026 23:30;20.25
28/02/2026 23:45;20.26
01/03/2026 00:00;20.25
01/03/2026 00:15;20.27
01/03/2026 00:30;20.28
01/03/2026 00:45;20.27
01/03/2026 01:00;20.23
01/03/2026 01:15;20.21
01/03/2026 01:30;20.24
01/03/2026 01:45;20.29
01/03/2026 02:00;20.2
01/03/2026 02:15;20.24
01/03/2026 02:30;20.19
01/03/2026 02:45;20.2
01/03/2026 03:00;20.15
01/03/2026 03:15;20.21
01/03/2026 03:30;20.19
01/03/2026 03:45;20.23
01/03/2026 04:00;20.23
01/03/2026 04:15;20.26
01/03/2026 04:30;20.2
01/03/2026 04:45;20.25
01/03/2026 05:00;20.25
01/03/2026 05:15;20.24
01/03/2026 05:30;20.25
01/03/2026 05:45;20.23
01/03/2026 06:00;20.21
01/03/2026 06:15;20.2
01/03/2026 06:30;20.25
01/03/2026 06:45;20.21
01/03/2026 07:00;20.25
01/03/2026 07:15;20.19
01/03/2026 07:30;20.18
01/03/2026 07:45;20.17
01/03/2026 08:00;20.23
01/03/2026 08:15;20.2
01/03/2026 08:30;20.27
01/03/2026 08:45;20.23
01/03/2026 09:00;20.27
01/03/2026 09:15;20.26
01/03/2026 09:30;20.2
01/03/2026 09:45;20.2
01/03/2026 10:00;20.24
01/03/2026 10:15;20.23
01/03/2026 10:30;20.2
01/03/2026 10:45;20.28
01/03/2026 11:00;20.28
01/03/2026 11:15;20.29
01/03/2026 11:30;20.28
01/03/2026 11:45;20.27
01/03/2026 12:00;20.25
01/03/2026 12:15;20.25
01/03/2026 12:30;20.24
01/03/2026 12:45;20.21
01/03/2026 13:00;20.21
01/03/2026 13:15;20.17
01/03/2026 13:30;20.21
01/03/2026 13:45;20.19
01/03/2026 14:00;20.23
01/03/2026 14:15;20.19
01/03/2026 14:30;20.28
01/03/2026 14:45;20.23
01/03/2026 15:00;20.26
01/03/2026 15:15;20.26
01/03/2026 15:30;20.26
01/03/2026 15:45;20.27
01/03/2026 16:00;20.27
01/03/2026 16:15;20.24
01/03/2026 16:30;20.25
01/03/2026 16:45;20.26
01/03/2026 17:00;20.26
01/03/2026 17:15;20.2
01/03/2026 17:30;20.27
01/03/2026 17:45;20.23
01/03/2026 18:00;20.23
01/03/2026 18:15;20.23
01/03/2026 18:30;20.29
01/03/2026 18:45;20.27
01/03/2026 19:00;20.27
01/03/2026 19:15;20.2
01/03/2026 19:30;20.21
01/03/2026 19:45;20.21
01/03/2026 20:00;20.23
01/03/2026 20:15;20.25
01/03/2026 20:30;20.29
01/03/2026 20:45;20.32
01/03/2026 21:00;20.21
01/03/2026 21:15;20.27
01/03/2026 21:30;20.27
01/03/2026 21:45;20.25
01/03/2026 22:00;20.37
01/03/2026 22:15;25.48
01/03/2026 22:30;26.63
01/03/2026 22:45;26.96
01/03/2026 23:00;27.05
01/03/2026 23:15;27.08
01/03/2026 23:30;27.06
01/03/2026 23:45;27.1
02/03/2026 00:00;27.02
02/03/2026 00:15;27.16
02/03/2026 00:30;27.13
02/03/2026 00:45;27.06
02/03/2026 01:00;27.13
02/03/2026 01:15;27.09
02/03/2026 01:30;27.1
02/03/2026 01:45;27.11
02/03/2026 02:00;27.13
02/03/2026 02:15;27.12
02/03/2026 02:30;27.06
02/03/2026 02:45;27.1
02/03/2026 03:00;27.05
02/03/2026 03:15;27.08
02/03/2026 03:30;27.13
02/03/2026 03:45;27.09
02/03/2026 04:00;27.09
02/03/2026 04:15;27.11
02/03/2026 04:30;27.09
02/03/2026 04:45;27.13
02/03/2026 05:00;27.1
02/03/2026 05:15;27.15
02/03/2026 05:30;27.12
02/03/2026 05:45;27.15
02/03/2026 06:00;27.13
02/03/2026 06:15;27.13
02/03/2026 06:30;27.12
02/03/2026 06:45;27.08
02/03/2026 07:00;27.08
02/03/2026 07:15;27.11
02/03/2026 07:30;27.03
02/03/2026 07:45;27.1
02/03/2026 08:00;27.13
02/03/2026 08:15;27.15
02/03/2026 08:30;27.16
02/03/2026 08:45;27.13
02/03/2026 09:00;27.12
02/03/2026 09:15;27.09
02/03/2026 09:30;27.06
02/03/2026 09:45;27.18
02/03/2026 10:00;27.1
02/03/2026 10:15;27.1
02/03/2026 10:30;27.17
02/03/2026 10:45;27.18
02/03/2026 11:00;27.09
02/03/2026 11:15;27.08
02/03/2026 11:30;27.13
02/03/2026 11:45;27.06
02/03/2026 12:00;27.1
02/03/2026 12:15;27.1
02/03/2026 12:30;27.05
02/03/2026 12:45;27.12
02/03/2026 13:00;27.06
02/03/2026 13:15;27.12
02/03/2026 13:30;27.09
02/03/2026 13:45;27.18
02/03/2026 14:00;27.06
02/03/2026 14:15;27.03
02/03/2026 14:30;27.07
02/03/2026 14:45;27.08
02/03/2026 15:00;27.04
02/03/2026 15:15;27.03
02/03/2026 15:30;27.08
02/03/2026 15:45;27.03
02/03/2026 16:00;27.02
02/03/2026 16:15;27.1
02/03/2026 16:30;27.13
02/03/2026 16:45;27.12
02/03/2026 17:00;27.09
02/03/2026 17:15;27.12
02/03/2026 17:30;27.13
02/03/2026 17:45;27.11
02/03/2026 18:00;27.07
02/03/2026 18:15;27.06
02/03/2026 18:30;26.99
02/03/2026 18:45;27.06
02/03/2026 19:00;27.01
02/03/2026 19:15;27.03
02/03/2026 19:30;27.08
02/03/2026 19:45;27.04
02/03/2026 20:00;27.05
02/03/2026 20:15;27.12
02/03/2026 20:30;27.03
02/03/2026 20:45;27.14
02/03/2026 21:00;27.13
02/03/2026 21:15;27.04
02/03/2026 21:30;27.07
02/03/2026 21:45;27.08
02/03/2026 22:00;27.13
02/03/2026 22:15;27.76
02/03/2026 22:30;27.78
02/03/2026 22:45;27.76
02/03/2026 23:00;27.71
02/03/2026 23:15;27.83
02/03/2026 23:30;27.85
02/03/2026 23:45;28.12
03/03/2026 00:00;28.25
03/03/2026 00:15;28.27
03/03/2026 00:30;28.26
03/03/2026 00:45;28.23
03/03/2026 01:00;28.26
03/03/2026 01:15;28.22
03/03/2026 01:30;28.24
03/03/2026 01:45;28.28
03/03/2026 02:00;28.21
03/03/2026 02:15;28.2
03/03/2026 02:30;28.23
03/03/2026 02:45;28.22
03/03/2026 03:00;28.2
03/03/2026 03:15;28.2
03/03/2026 03:30;28.17
03/03/2026 03:45;28.12
03/03/2026 04:00;28.18
03/03/2026 04:15;28.3
03/03/2026 04:30;28.28
03/03/2026 04:45;28.28
03/03/2026 05:00;28.25
03/03/2026 05:15;28.27
03/03/2026 05:30;28.21
03/03/2026 05:45;28.22
03/03/2026 06:00;28.24
03/03/2026 06:15;28.29
03/03/2026 06:30;28.39
03/03/2026 06:45;28.29
03/03/2026 07:00;28.26
03/03/2026 07:15;28.23
03/03/2026 07:30;28.27
03/03/2026 07:45;28.24
03/03/2026 08:00;28.27
03/03/2026 08:15;28.31
03/03/2026 08:30;28.33
03/03/2026 08:45;28.25
03/03/2026 09:00;28.39
03/03/2026 09:15;28.32
03/03/2026 09:30;28.28
03/03/2026 09:45;28.17
03/03/2026 10:00;28.1
03/03/2026 10:15;28.07
03/03/2026 10:30;28.06
03/03/2026 10:45;28.12
03/03/2026 11:00;28.14
03/03/2026 11:15;28.03
03/03/2026 11:30;28.02
03/03/2026 11:45;28.05
03/03/2026 12:00;28.04
03/03/2026 12:15;28.15
03/03/2026 12:30;28.08
03/03/2026 12:45;28.08
03/03/2026 13:00;28.06
03/03/2026 13:15;28.04
03/03/2026 13:30;28.2
03/03/2026 13:45;28.3
03/03/2026 14:00;28.24
03/03/2026 14:15;28.19
03/03/2026 14:30;28.22
03/03/2026 14:45;28.27
03/03/2026 15:00;28.31
03/03/2026 15:15;28.27
03/03/2026 15:30;28.2
03/03/2026 15:45;28.31
03/03/2026 16:00;28.36
03/03/2026 16:15;28.26
03/03/2026 16:30;28.22
03/03/2026 16:45;28.16
03/03/2026 17:00;28.24
03/03/2026 17:15;28.21
03/03/2026 17:30;28.16
03/03/2026 17:45;28.19
03/03/2026 18:00;28.22
03/03/2026 18:15;28.24
03/03/2026 18:30;28.22
03/03/2026 18:45;28.23
03/03/2026 19:00;28.32
03/03/2026 19:15;28.19
03/03/2026 19:30;28.21
03/03/2026 19:45;28.25
03/03/2026 20:00;28.27
03/03/2026 20:15;28.24
03/03/2026 20:30;28.2
03/03/2026 20:45;28.25
03/03/2026 21:00;28.24
03/03/2026 21:15;28.27
03/03/2026 21:30;28.18
03/03/2026 21:45;28.19
03/03/2026 22:00;28.19
03/03/2026 22:15;28.19
03/03/2026 22:30;28.21
03/03/2026 22:45;28.21
03/03/2026 23:00;28.3
03/03/2026 23:15;28.21
03/03/2026 23:30;28.18
03/03/2026 23:45;28.26
04/03/2026 00:00;28.21
04/03/2026 00:15;28.19
04/03/2026 00:30;28.3
04/03/2026 00:45;28.28
04/03/2026 01:00;28.25
04/03/2026 01:15;28.29
04/03/2026 01:30;28.24
04/03/2026 01:45;28.21
04/03/2026 02:00;28.17
04/03/2026 02:15;28.18
04/03/2026 02:30;28.19
04/03/2026 02:45;28.22
04/03/2026 03:00;28.19
04/03/2026 03:15;28.29
04/03/2026 03:30;28.24
04/03/2026 03:45;28.29
04/03/2026 04:00;28.31
04/03/2026 04:15;28.19
04/03/2026 04:30;28.25
04/03/2026 04:45;28.23
04/03/2026 05:00;28.25
04/03/2026 05:15;28.2
04/03/2026 05:30;28.23
04/03/2026 05:45;28.21
04/03/2026 06:00;28.16
04/03/2026 06:15;28.26
04/03/2026 06:30;28.24
04/03/2026 06:45;28.13
04/03/2026 07:00;28.22
04/03/2026 07:15;28.24
04/03/2026 07:30;28.24
04/03/2026 07:45;28.26
04/03/2026 08:00;28.25
04/03/2026 08:15;28.23
04/03/2026 08:30;28.25
04/03/2026 08:45;28.25
04/03/2026 09:00;28.22
04/03/2026 09:15;28.31
04/03/2026 09:30;28.24
04/03/2026 09:45;28.24
04/03/2026 10:00;28.14
04/03/2026 10:15;28.22
04/03/2026 10:30;28.25
04/03/2026 10:45;28.2
04/03/2026 11:00;28.19
04/03/2026 11:15;28.18
04/03/2026 11:30;28.24
04/03/2026 11:45;28.29
04/03/2026 12:00;28.25
04/03/2026 12:15;28.23
04/03/2026 12:30;28.23
04/03/2026 12:45;28.31
04/03/2026 13:00;28.23
04/03/2026 13:15;28.21
04/03/2026 13:30;28.18
04/03/2026 13:45;28.23
04/03/2026 14:00;28.17
04/03/2026 14:15;28.16
04/03/2026 14:30;28.18
04/03/2026 14:45;28.19
04/03/2026 15:00;28.19
04/03/2026 15:15;28.15
04/03/2026 15:30;28.21
04/03/2026 15:45;28.25
04/03/2026 16:00;28.21
04/03/2026 16:15;28.21
04/03/2026 16:30;28.2
04/03/2026 16:45;28.19
04/03/2026 17:00;28.26
04/03/2026 17:15;28.2
04/03/2026 17:30;28.19
04/03/2026 17:45;28.16
04/03/2026 18:00;28.14
04/03/2026 18:15;28.19
04/03/2026 18:30;28.11
04/03/2026 18:45;28.11
04/03/2026 19:00;28.13
04/03/2026 19:15;28.19
04/03/2026 19:30;28.19
04/03/2026 19:45;28.12
04/03/2026 20:00;28.18
04/03/2026 20:15;28.24
04/03/2026 20:30;28.2
04/03/2026 20:45;28.21
04/03/2026 21:00;28.16
04/03/2026 21:15;28.2
04/03/2026 21:30;28.21
04/03/2026 21:45;28.14
04/03/2026 22:00;28.24
04/03/2026 22:15;28.13
04/03/2026 22:30;28.14
04/03/2026 22:45;28.2
04/03/2026 23:00;28.22
04/03/2026 23:15;28.07
04/03/2026 23:30;28.11
04/03/2026 23:45;28.21
05/03/2026 00:00;28.2
05/03/2026 00:15;28.23
05/03/2026 00:30;28.19
05/03/2026 00:45;28.18
05/03/2026 01:00;28.2
05/03/2026 01:15;28.19
05/03/2026 01:30;28.21
05/03/2026 01:45;28.18
05/03/2026 02:00;28.24
05/03/2026 02:15;28.13
05/03/2026 02:30;28.16
05/03/2026 02:45;28.08
05/03/2026 03:00;28.16
05/03/2026 03:15;28.21
05/03/2026 03:30;28.18
05/03/2026 03:45;28.22
05/03/2026 04:00;28.11
05/03/2026 04:15;28.2
05/03/2026 04:30;28.27
05/03/2026 04:45;28.23
05/03/2026 05:00;28.29
05/03/2026 05:15;28.17
05/03/2026 05:30;28.19
05/03/2026 05:45;28.16
05/03/2026 06:00;28.1
05/03/2026 06:15;28.17
05/03/2026 06:30;28.18
05/03/2026 06:45;28.1
05/03/2026 07:00;28.2
05/03/2026 07:15;28.23
05/03/2026 07:30;28.23
05/03/2026 07:45;28.29
05/03/2026 08:00;28.22
05/03/2026 08:15;28.17
05/03/2026 08:30;28.22
05/03/2026 08:45;28.18
05/03/2026 09:00;28.22
05/03/2026 09:15;28.32
05/03/2026 09:30;28.18
05/03/2026 09:45;28.18
05/03/2026 10:00;28.26
05/03/2026 10:15;28.16
05/03/2026 10:30;28.15
05/03/2026 10:45;28.19
05/03/2026 11:00;28.22
05/03/2026 11:15;28.19
05/03/2026 11:30;28.1
05/03/2026 11:45;28.23
05/03/2026 12:00;28.22
05/03/2026 12:15;28.19
05/03/2026 12:30;28.19
05/03/2026 12:45;28.18
05/03/2026 13:00;28.23
05/03/2026 13:15;28.15
05/03/2026 13:30;28.15
05/03/2026 13:45;28.13
05/03/2026 14:00;28.16
05/03/2026 14:15;28.17
05/03/2026 14:30;28.16
05/03/2026 14:45;28.12
05/03/2026 15:00;28.18
05/03/2026 15:15;28.13
05/03/2026 15:30;28.18
05/03/2026 15:45;28.22
05/03/2026 16:00;28.14
05/03/2026 16:15;28.12
05/03/2026 16:30;28.19
05/03/2026 16:45;28.2
05/03/2026 17:00;28.15
05/03/2026 17:15;28.2
05/03/2026 17:30;28.17
05/03/2026 17:45;28.19
05/03/2026 18:00;28.16
05/03/2026 18:15;28.22
05/03/2026 18:30;28.17
05/03/2026 18:45;28.23
05/03/2026 19:00;28.12
05/03/2026 19:15;28.19
05/03/2026 19:30;28.18
05/03/2026 19:45;28.18
05/03/2026 20:00;28.26
05/03/2026 20:15;28.2
05/03/2026 20:30;28.13
05/03/2026 20:45;28.14
05/03/2026 21:00;28.22
05/03/2026 21:15;28.25
05/03/2026 21:30;28.17
05/03/2026 21:45;28.18
05/03/2026 22:00;28.18
05/03/2026 22:15;28.15
05/03/2026 22:30;27.98
05/03/2026 22:45;26.32
05/03/2026 23:00;26.23
05/03/2026 23:15;26.19
05/03/2026 23:30;26.12
05/03/2026 23:45;26.11
06/03/2026 00:00;26.08
06/03/2026 00:15;26.09
06/03/2026 00:30;26.04
06/03/2026 00:45;26.08
06/03/2026 01:00;26.09
06/03/2026 01:15;26.08
06/03/2026 01:30;26.06
06/03/2026 01:45;26.06
06/03/2026 02:00;26.08
06/03/2026 02:15;26.09
06/03/2026 02:30;26.06
06/03/2026 02:45;26.05
06/03/2026 03:00;26.05
06/03/2026 03:15;26.15
06/03/2026 03:30;26.15
06/03/2026 03:45;26.09
06/03/2026 04:00;26.09
06/03/2026 04:15;26.04
06/03/2026 04:30;26.07
06/03/2026 04:45;26.12
06/03/2026 05:00;26.13
06/03/2026 05:15;26.15
06/03/2026 05:30;26.06
06/03/2026 05:45;26.13
06/03/2026 06:00;26.1
06/03/2026 06:15;26.02
06/03/2026 06:30;26.11
06/03/2026 06:45;26.07
06/03/2026 07:00;26.1
06/03/2026 07:15;25.95
06/03/2026 07:30;25.73
06/03/2026 07:45;25.69
06/03/2026 08:00;25.62
06/03/2026 08:15;25.58
06/03/2026 08:30;25.6
06/03/2026 08:45;25.57
06/03/2026 09:00;25.57
06/03/2026 09:15;25.64
06/03/2026 09:30;25.61
06/03/2026 09:45;25.58
06/03/2026 10:00;25.67
06/03/2026 10:15;25.69
06/03/2026 10:30;25.64
06/03/2026 10:45;25.62
06/03/2026 11:00;25.59
06/03/2026 11:15;25.58
06/03/2026 11:30;25.53
06/03/2026 11:45;25.59
06/03/2026 12:00;25.64
06/03/2026 12:15;25.66
06/03/2026 12:30;25.54
06/03/2026 12:45;25.54
06/03/2026 13:00;25.57
06/03/2026 13:15;25.59
06/03/2026 13:30;25.64
06/03/2026 13:45;25.6
06/03/2026 14:00;25.62
06/03/2026 14:15;25.59
06/03/2026 14:30;25.64
06/03/2026 14:45;25.59
06/03/2026 15:00;25.59
06/03/2026 15:15;25.59
06/03/2026 15:30;25.59
06/03/2026 15:45;25.61
06/03/2026 16:00;25.65
06/03/2026 16:15;25.62
06/03/2026 16:30;25.63
06/03/2026 16:45;25.65
06/03/2026 17:00;25.65
06/03/2026 17:15;25.72
06/03/2026 17:30;25.69
06/03/2026 17:45;25.57
06/03/2026 18:00;25.64
06/03/2026 18:15;25.62
06/03/2026 18:30;25.58
06/03/2026 18:45;25.49
06/03/2026 19:00;25.56
06/03/2026 19:15;25.56
06/03/2026 19:30;25.55
06/03/2026 19:45;25.6
06/03/2026 20:00;25.62
06/03/2026 20:15;25.64
06/03/2026 20:30;25.61
06/03/2026 20:45;25.57
06/03/2026 21:00;25.62
06/03/2026 21:15;25.64
06/03/2026 21:30;25.6
06/03/2026 21:45;25.65
06/03/2026 22:00;25.63
06/03/2026 22:15;25.59
06/03/2026 22:30;25.65
06/03/2026 22:45;25.55
06/03/2026 23:00;25.53
06/03/2026 23:15;25.58
06/03/2026 23:30;25.65
06/03/2026 23:45;25.58
07/03/2026 00:00;25.64
07/03/2026 00:15;25.6
07/03/2026 00:30;25.6
07/03/2026 00:45;25.61
07/03/2026 01:00;25.7
07/03/2026 01:15;25.59
07/03/2026 01:30;25.6
07/03/2026 01:45;25.54
07/03/2026 02:00;25.6
07/03/2026 02:15;25.57
07/03/2026 02:30;25.63
07/03/2026 02:45;25.56
07/03/2026 03:00;25.62
07/03/2026 03:15;25.65
07/03/2026 03:30;25.64
07/03/2026 03:45;25.68
07/03/2026 04:00;25.62
07/03/2026 04:15;25.59
07/03/2026 04:30;25.57
07/03/2026 04:45;25.61
07/03/2026 05:00;25.64
07/03/2026 05:15;25.62
07/03/2026 05:30;25.61
07/03/2026 05:45;25.61
07/03/2026 06:00;25.57
07/03/2026 06:15;25.6
07/03/2026 06:30;25.6
07/03/2026 06:45;25.57
07/03/2026 07:00;25.58
07/03/2026 07:15;25.48
07/03/2026 07:30;25.12
07/03/2026 07:45;14.52
07/03/2026 08:00;4.3
07/03/2026 08:15;3.19
07/03/2026 08:30;2.66
07/03/2026 08:45;1.31
07/03/2026 09:00;0.76
07/03/2026 09:15;0.7
07/03/2026 09:30;0.68
07/03/2026 09:45;0.68
07/03/2026 10:00;0.68
07/03/2026 10:15;0.67
07/03/2026 10:30;0.66
07/03/2026 10:45;0.66
07/03/2026 11:00;0.66
07/03/2026 11:15;0.66
07/03/2026 11:30;0.66
07/03/2026 11:45;0.68
07/03/2026 12:00;0.68
07/03/2026 12:15;0.68
07/03/2026 12:30;0.68
07/03/2026 12:45;0.68
07/03/2026 13:00;0.68
07/03/2026 13:15;0.68
07/03/2026 13:30;0.68
07/03/2026 13:45;0.68
07/03/2026 14:00;0.66
07/03/2026 14:15;0.66
07/03/2026 14:30;0.66
07/03/2026 14:45;0.65
07/03/2026 15:00;0.64
07/03/2026 15:15;0.64
07/03/2026 15:30;0.64
07/03/2026 15:45;0.64
07/03/2026 16:00;0.64
07/03/2026 16:15;0.64
07/03/2026 16:30;0.64
07/03/2026 16:45;0.64
07/03/2026 17:00;0.64
07/03/2026 17:15;0.64
07/03/2026 17:30;0.64
07/03/2026 17:45;0.64
07/03/2026 18:00;0.64
07/03/2026 18:15;0.64
07/03/2026 18:30;0.64
07/03/2026 18:45;0.64
07/03/2026 19:00;0.64
07/03/2026 19:15;0.64
07/03/2026 19:30;0.64
07/03/2026 19:45;0.64
07/03/2026 20:00;0.64
07/03/2026 20:15;0.64
07/03/2026 20:30;0.64
07/03/2026 20:45;0.64
07/03/2026 21:00;0.64
07/03/2026 21:15;0.64
07/03/2026 21:30;0.64
07/03/2026 21:45;0.64
07/03/2026 22:00;0.66
07/03/2026 22:15;0.66
07/03/2026 22:30;0.66
07/03/2026 22:45;0.66
07/03/2026 23:00;0.66
07/03/2026 23:15;0.66
07/03/2026 23:30;0.66
07/03/2026 23:45;0.66
08/03/2026 00:00;0.66
08/03/2026 00:15;0.66
08/03/2026 00:30;0.66
08/03/2026 00:45;0.66
08/03/2026 01:00;0.66
08/03/2026 01:15;0.66
08/03/2026 01:30;0.66
08/03/2026 01:45;0.66
08/03/2026 02:00;0.66
08/03/2026 02:15;0.66
08/03/2026 02:30;0.66
08/03/2026 02:45;0.66
08/03/2026 03:00;0.66
08/03/2026 03:15;0.66
08/03/2026 03:30;0.66
08/03/2026 03:45;0.66
08/03/2026 04:00;0.68
08/03/2026 04:15;0.68
08/03/2026 04:30;0.68
08/03/2026 04:45;0.68
08/03/2026 05:00;0.68
08/03/2026 05:15;0.68
08/03/2026 05:30;0.68
08/03/2026 05:45;0.68
08/03/2026 06:00;0.66
08/03/2026 06:15;0.66
08/03/2026 06:30;0.66
08/03/2026 06:45;0.66
08/03/2026 07:00;0.66
08/03/2026 07:15;0.66
08/03/2026 07:30;0.66
08/03/2026 07:45;0.68
08/03/2026 08:00;0.68
08/03/2026 08:15;0.68
08/03/2026 08:30;0.68
08/03/2026 08:45;0.68
08/03/2026 09:00;0.68
08/03/2026 09:15;0.68
08/03/2026 09:30;0.68
08/03/2026 09:45;0.68
08/03/2026 10:00;0.68
08/03/2026 10:15;0.68
08/03/2026 10:30;0.68
08/03/2026 10:45;0.68
08/03/2026 11:00;0.68
08/03/2026 11:15;0.68
08/03/2026 11:30;0.68
08/03/2026 11:45;0.68
08/03/2026 12:00;0.68
08/03/2026 12:15;0.66
08/03/2026 12:30;0.66
08/03/2026 12:45;0.65
08/03/2026 13:00;0.64
08/03/2026 13:15;0.64
08/03/2026 13:30;0.64
08/03/2026 13:45;0.64
08/03/2026 14:00;0.64
08/03/2026 14:15;0.64
08/03/2026 14:30;0.64
08/03/2026 14:45;0.64
08/03/2026 15:00;0.62
08/03/2026 15:15;0.62
08/03/2026 15:30;0.62
08/03/2026 15:45;0.62
08/03/2026 16:00;0.63
08/03/2026 16:15;0.64
08/03/2026 16:30;0.64
08/03/2026 16:45;0.64
08/03/2026 17:00;0.62
08/03/2026 17:15;0.62
08/03/2026 17:30;0.62
08/03/2026 17:45;0.62
08/03/2026 18:00;0.62
08/03/2026 18:15;0.6
08/03/2026 18:30;0.6
08/03/2026 18:45;0.6
08/03/2026 19:00;0.6
08/03/2026 19:15;0.6
08/03/2026 19:30;0.6
08/03/2026 19:45;0.62
08/03/2026 20:00;0.63
08/03/2026 20:15;0.64
08/03/2026 20:30;0.64
08/03/2026 20:45;0.64
08/03/2026 21:00;0.64
08/03/2026 21:15;0.64
08/03/2026 21:30;0.64
08/03/2026 21:45;0.65
08/03/2026 22:00;0.66
08/03/2026 22:15;0.65
08/03/2026 22:30;0.64
08/03/2026 22:45;0.64
08/03/2026 23:00;0.64
08/03/2026 23:15;0.64
08/03/2026 23:30;0.64
08/03/2026 23:45;0.66
09/03/2026 00:00;0.66
09/03/2026 00:15;0.68
09/03/2026 00:30;0.68
09/03/2026 00:45;0.68
09/03/2026 01:00;0.68
09/03/2026 01:15;0.68
09/03/2026 01:30;0.68
09/03/2026 01:45;0.68
09/03/2026 02:00;0.68
09/03/2026 02:15;0.68
09/03/2026 02:30;0.66
09/03/2026 02:45;0.66
09/03/2026 03:00;0.66
09/03/2026 03:15;0.66
09/03/2026 03:30;0.66
09/03/2026 03:45;0.66
09/03/2026 04:00;0.68
09/03/2026 04:15;0.68
09/03/2026 04:30;0.68
09/03/2026 04:45;0.68
09/03/2026 05:00;0.68
09/03/2026 05:15;0.68
09/03/2026 05:30;0.68
09/03/2026 05:45;0.68
09/03/2026 06:00;0.68
09/03/2026 06:15;0.66
09/03/2026 06:30;0.66
09/03/2026 06:45;0.66
09/03/2026 07:00;0.66
09/03/2026 07:15;0.66
09/03/2026 07:30;0.66
09/03/2026 07:45;0.68
09/03/2026 08:00;0.68
09/03/2026 08:15;0.68
09/03/2026 08:30;0.68
09/03/2026 08:45;0.68
09/03/2026 09:00;0.68
09/03/2026 09:15;0.68
09/03/2026 09:30;0.68
09/03/2026 09:45;0.68
09/03/2026 10:00;0.68
09/03/2026 10:15;0.66
09/03/2026 10:30;0.66
09/03/2026 10:45;0.66
09/03/2026 11:00;0.66
09/03/2026 11:15;0.65
09/03/2026 11:30;0.64
09/03/2026 11:45;0.64
09/03/2026 12:00;0.64
09/03/2026 12:15;0.66
09/03/2026 12:30;0.66
09/03/2026 12:45;0.64
09/03/2026 13:00;0.64
09/03/2026 13:15;0.64
09/03/2026 13:30;0.64
09/03/2026 13:45;0.64
09/03/2026 14:00;0.64
09/03/2026 14:15;0.64
09/03/2026 14:30;0.64
09/03/2026 14:45;0.63
09/03/2026 15:00;0.62
09/03/2026 15:15;0.62
09/03/2026 15:30;0.62
09/03/2026 15:45;0.62
09/03/2026 16:00;0.62
09/03/2026 16:15;0.62
09/03/2026 16:30;0.62
09/03/2026 16:45;0.64
09/03/2026 17:00;0.64
09/03/2026 17:15;0.64
09/03/2026 17:30;0.64
09/03/2026 17:45;0.64
09/03/2026 18:00;0.64
09/03/2026 18:15;0.64
09/03/2026 18:30;0.64
09/03/2026 18:45;0.64
09/03/2026 19:00;0.64
09/03/2026 19:15;0.64
09/03/2026 19:30;0.64
09/03/2026 19:45;0.64
09/03/2026 20:00;0.64
09/03/2026 20:15;0.62
09/03/2026 20:30;0.62
09/03/2026 20:45;0.62
09/03/2026 21:00;0.63
09/03/2026 21:15;0.64
09/03/2026 21:30;0.64
09/03/2026 21:45;0.66
09/03/2026 22:00;0.66
09/03/2026 22:15;0.66
09/03/2026 22:30;0.66
09/03/2026 22:45;0.66
09/03/2026 23:00;0.66
09/03/2026 23:15;0.66
09/03/2026 23:30;0.66
09/03/2026 23:45;0.66
10/03/2026 00:00;0.66
10/03/2026 00:15;0.66
10/03/2026 00:30;0.66
10/03/2026 00:45;0.68
10/03/2026 01:00;0.68
10/03/2026 01:15;0.68
10/03/2026 01:30;0.68
10/03/2026 01:45;0.66
10/03/2026 02:00;0.66
10/03/2026 02:15;0.66
10/03/2026 02:30;0.66
10/03/2026 02:45;0.66
10/03/2026 03:00;0.67
10/03/2026 03:15;0.68
10/03/2026 03:30;0.68
10/03/2026 03:45;0.68
10/03/2026 04:00;0.68
10/03/2026 04:15;0.68
10/03/2026 04:30;0.68
10/03/2026 04:45;0.68
10/03/2026 05:00;0.68
10/03/2026 05:15;0.67
10/03/2026 05:30;0.66
10/03/2026 05:45;0.66
10/03/2026 06:00;0.66
10/03/2026 06:15;0.66
10/03/2026 06:30;0.66
10/03/2026 06:45;0.66
10/03/2026 07:00;0.67
10/03/2026 07:15;0.68
10/03/2026 07:30;0.68
10/03/2026 07:45;0.68
10/03/2026 08:00;0.68
10/03/2026 08:15;0.68
10/03/2026 08:30;0.68
10/03/2026 08:45;0.68
10/03/2026 09:00;0.68
10/03/2026 09:15;0.68
10/03/2026 09:30;0.68
10/03/2026 09:45;0.68
10/03/2026 10:00;0.68
10/03/2026 10:15;0.68
10/03/2026 10:30;0.68
10/03/2026 10:45;0.68
10/03/2026 11:00;0.68
10/03/2026 11:15;0.68
10/03/2026 11:30;0.66
10/03/2026 11:45;0.66
10/03/2026 12:00;0.66
10/03/2026 12:15;0.66
10/03/2026 12:30;0.66
10/03/2026 12:45;0.64
10/03/2026 13:00;0.64
10/03/2026 13:15;0.64
10/03/2026 13:30;0.63
10/03/2026 13:45;0.62
10/03/2026 14:00;0.62
10/03/2026 14:15;0.61
10/03/2026 14:30;0.6
10/03/2026 14:45;0.6
10/03/2026 15:00;0.6
10/03/2026 15:15;0.6
10/03/2026 15:30;0.6
10/03/2026 15:45;0.58
10/03/2026 16:00;0.58
10/03/2026 16:15;0.58
10/03/2026 16:30;0.58
10/03/2026 16:45;0.58
10/03/2026 17:00;0.58
10/03/2026 17:15;0.58
10/03/2026 17:30;0.58
10/03/2026 17:45;0.58
10/03/2026 18:00;0.58
10/03/2026 18:15;0.58
10/03/2026 18:30;0.56
10/03/2026 18:45;0.56
10/03/2026 19:00;0.56
10/03/2026 19:15;0.56
10/03/2026 19:30;0.56
10/03/2026 19:45;0.56
10/03/2026 20:00;0.56
10/03/2026 20:15;0.56
10/03/2026 20:30;0.56
10/03/2026 20:45;0.56
10/03/2026 21:00;0.55
10/03/2026 21:15;0.56
10/03/2026 21:30;0.58
10/03/2026 21:45;0.6
10/03/2026 22:00;0.6
10/03/2026 22:15;0.6
10/03/2026 22:30;0.6
10/03/2026 22:45;0.6
10/03/2026 23:00;0.6
10/03/2026 23:15;0.61
10/03/2026 23:30;0.62
10/03/2026 23:45;0.62
11/03/2026 00:00;0.62
11/03/2026 00:15;0.6
11/03/2026 00:30;0.6
11/03/2026 00:45;0.6
11/03/2026 01:00;0.6
11/03/2026 01:15;0.6
11/03/2026 01:30;0.62
11/03/2026 01:45;0.64
11/03/2026 02:00;0.64
11/03/2026 02:15;0.64
11/03/2026 02:30;0.64
11/03/2026 02:45;0.64
11/03/2026 03:00;0.64
11/03/2026 03:15;0.64
11/03/2026 03:30;0.64
11/03/2026 03:45;0.62
11/03/2026 04:00;0.62
11/03/2026 04:15;0.62
11/03/2026 04:30;0.62
11/03/2026 04:45;0.62
11/03/2026 05:00;0.62
11/03/2026 05:15;0.64
11/03/2026 05:30;0.64
11/03/2026 05:45;0.66
11/03/2026 06:00;0.66
11/03/2026 06:15;0.66
11/03/2026 06:30;0.65
11/03/2026 06:45;0.64
11/03/2026 07:00;0.64
11/03/2026 07:15;0.65
11/03/2026 07:30;0.64
11/03/2026 07:45;0.64
11/03/2026 08:00;0.64
11/03/2026 08:15;0.62
11/03/2026 08:30;0.62
11/03/2026 08:45;0.62
11/03/2026 09:00;0.62
11/03/2026 09:15;0.62
11/03/2026 09:30;0.64
11/03/2026 09:45;0.64
11/03/2026 10:00;0.65
11/03/2026 10:15;0.66
11/03/2026 10:30;0.66
11/03/2026 10:45;0.65
11/03/2026 11:00;0.66
11/03/2026 11:15;0.64
11/03/2026 11:30;0.64
11/03/2026 11:45;0.64
11/03/2026 12:00;0.64
11/03/2026 12:15;0.63
11/03/2026 12:30;0.62
11/03/2026 12:45;0.62
11/03/2026 13:00;0.62
11/03/2026 13:15;0.62
11/03/2026 13:30;0.62
11/03/2026 13:45;0.62
11/03/2026 14:00;0.64
11/03/2026 14:15;0.64
11/03/2026 14:30;0.64
11/03/2026 14:45;0.64
11/03/2026 15:00;0.64
11/03/2026 15:15;0.64
11/03/2026 15:30;0.64
11/03/2026 15:45;0.64
11/03/2026 16:00;0.63
11/03/2026 16:15;0.62
11/03/2026 16:30;0.62
11/03/2026 16:45;0.63
11/03/2026 17:00;0.62
11/03/2026 17:15;0.62
11/03/2026 17:30;0.6
11/03/2026 17:45;0.6
11/03/2026 18:00;0.6
11/03/2026 18:15;0.6
11/03/2026 18:30;0.61
11/03/2026 18:45;0.62
11/03/2026 19:00;0.62
11/03/2026 19:15;0.62
11/03/2026 19:30;0.62
11/03/2026 19:45;0.62
11/03/2026 20:00;0.62
11/03/2026 20:15;0.62
11/03/2026 20:30;0.62
11/03/2026 20:45;0.62
11/03/2026 21:00;0.61
11/03/2026 21:15;0.6
11/03/2026 21:30;0.6
11/03/2026 21:45;0.6
11/03/2026 22:00;0.6
11/03/2026 22:15;0.6
11/03/2026 22:30;0.62
11/03/2026 22:45;0.63
11/03/2026 23:00;0.64
11/03/2026 23:15;0.64
11/03/2026 23:30;0.64
11/03/2026 23:45;0.64
12/03/2026 00:00;0.64
12/03/2026 00:15;0.64
12/03/2026 00:30;0.64
12/03/2026 00:45;0.64
12/03/2026 01:00;0.62
12/03/2026 01:15;0.62
12/03/2026 01:30;0.64
12/03/2026 01:45;0.62
12/03/2026 02:00;0.62
12/03/2026 02:15;0.62
12/03/2026 02:30;0.62
12/03/2026 02:45;0.62
12/03/2026 03:00;0.62
12/03/2026 03:15;0.62
12/03/2026 03:30;0.62
12/03/2026 03:45;0.63
12/03/2026 04:00;0.64
12/03/2026 04:15;0.64
12/03/2026 04:30;0.64
12/03/2026 04:45;0.64
12/03/2026 05:00;0.64
12/03/2026 05:15;0.64
12/03/2026 05:30;0.64
12/03/2026 05:45;0.64
12/03/2026 06:00;0.62
12/03/2026 06:15;0.62
12/03/2026 06:30;0.62
12/03/2026 06:45;0.64
12/03/2026 07:00;0.64
12/03/2026 07:15;0.64
12/03/2026 07:30;0.64
12/03/2026 07:45;0.64
12/03/2026 08:00;0.64
12/03/2026 08:15;0.64
12/03/2026 08:30;0.64
12/03/2026 08:45;0.64
12/03/2026 09:00;0.64
12/03/2026 09:15;0.64
12/03/2026 09:30;0.64
12/03/2026 09:45;0.65
12/03/2026 10:00;0.65
12/03/2026 10:15;0.66
12/03/2026 10:30;0.65
12/03/2026 10:45;0.64
12/03/2026 11:00;0.64
12/03/2026 11:15;0.64
12/03/2026 11:30;0.64
12/03/2026 11:45;0.64
12/03/2026 12:00;0.64
12/03/2026 12:15;0.64
12/03/2026 12:30;0.64
12/03/2026 12:45;0.63
12/03/2026 13:00;0.62
12/03/2026 13:15;0.62
12/03/2026 13:30;0.62
12/03/2026 13:45;0.61
12/03/2026 14:00;0.6
12/03/2026 14:15;0.6
12/03/2026 14:30;0.6
12/03/2026 14:45;0.6
12/03/2026 15:00;0.6
12/03/2026 15:15;0.6
12/03/2026 15:30;0.58
12/03/2026 15:45;0.58
12/03/2026 16:00;0.58
12/03/2026 16:15;0.58
12/03/2026 16:30;0.58
12/03/2026 16:45;0.58
12/03/2026 17:00;0.58
12/03/2026 17:15;0.58
12/03/2026 17:30;0.58
12/03/2026 17:45;0.58
12/03/2026 18:00;0.58
12/03/2026 18:15;0.58
12/03/2026 18:30;0.57
12/03/2026 18:45;0.56
12/03/2026 19:00;0.56
12/03/2026 19:15;0.56
12/03/2026 19:30;0.56
12/03/2026 19:45;0.58
12/03/2026 20:00;0.58
12/03/2026 20:15;0.58
12/03/2026 20:30;0.58
12/03/2026 20:45;0.58
12/03/2026 21:00;0.58
12/03/2026 21:15;0.58
12/03/2026 21:30;0.6
12/03/2026 21:45;0.6
12/03/2026 22:00;0.6
12/03/2026 22:15;0.58
12/03/2026 22:30;0.58
12/03/2026 22:45;0.58
12/03/2026 23:00;0.58
12/03/2026 23:15;0.58
12/03/2026 23:30;0.6
12/03/2026 23:45;0.62
13/03/2026 00:00;0.62
13/03/2026 00:15;0.62
13/03/2026 00:30;0.62
13/03/2026 00:45;0.62
13/03/2026 01:00;0.62
13/03/2026 01:15;0.62
13/03/2026 01:30;0.62
13/03/2026 01:45;0.62
13/03/2026 02:00;0.63
13/03/2026 02:15;0.63
13/03/2026 02:30;0.62
13/03/2026 02:45;0.62
13/03/2026 03:00;0.62
13/03/2026 03:15;0.62
13/03/2026 03:30;0.62
13/03/2026 03:45;0.63
13/03/2026 04:00;0.64
13/03/2026 04:15;0.64
13/03/2026 04:30;0.64
13/03/2026 04:45;0.65
13/03/2026 05:00;0.65
13/03/2026 05:15;0.64
13/03/2026 05:30;0.64
13/03/2026 05:45;0.64
13/03/2026 06:00;0.64
13/03/2026 06:15;0.62
13/03/2026 06:30;0.62
13/03/2026 06:45;0.62
13/03/2026 07:00;0.62
13/03/2026 07:15;0.62
13/03/2026 07:30;0.62
13/03/2026 07:45;0.64
13/03/2026 08:00;0.64
13/03/2026 08:15;0.64
13/03/2026 08:30;0.64
13/03/2026 08:45;0.64
13/03/2026 09:00;0.64
13/03/2026 09:15;0.64
13/03/2026 09:30;0.64
13/03/2026 09:45;0.64
13/03/2026 10:00;0.63
13/03/2026 10:15;0.62
13/03/2026 10:30;0.6
13/03/2026 10:45;0.58
13/03/2026 11:00;0.58
13/03/2026 11:15;0.57
13/03/2026 11:30;0.57
13/03/2026 11:45;0.57
13/03/2026 12:00;0.58
13/03/2026 12:15;0.6
13/03/2026 12:30;0.6
13/03/2026 12:45;0.6
13/03/2026 13:00;0.58
13/03/2026 13:15;0.58
13/03/2026 13:30;0.58
13/03/2026 13:45;0.58
13/03/2026 14:00;1.13
13/03/2026 14:15;1.42
13/03/2026 14:30;1.16
