sep=;
FECHA_GRUPO;VALOR (msnm)
13/03/2025 00:15;119.87
13/03/2025 00:30;119.87
13/03/2025 00:45;119.88
13/03/2025 01:00;119.89
13/03/2025 01:15;119.9
13/03/2025 01:30;119.9
13/03/2025 01:45;119.91
13/03/2025 02:00;119.93
13/03/2025 02:15;119.93
13/03/2025 02:30;119.93
13/03/2025 02:45;119.95
13/03/2025 03:00;119.95
13/03/2025 03:15;119.95
13/03/2025 03:30;119.95
13/03/2025 03:45;119.96
13/03/2025 04:00;119.96
13/03/2025 04:15;119.96
13/03/2025 04:30;119.97
13/03/2025 04:45;119.98
13/03/2025 05:00;119.98
13/03/2025 05:15;119.98
13/03/2025 05:30;120
13/03/2025 05:45;120
13/03/2025 06:00;120.02
13/03/2025 06:15;120.02
13/03/2025 06:30;120.02
13/03/2025 06:45;120.02
13/03/2025 07:00;120.04
13/03/2025 07:15;120.04
13/03/2025 07:30;120.04
13/03/2025 07:45;120.04
13/03/2025 08:00;120.04
13/03/2025 08:15;120.05
13/03/2025 08:30;120.05
13/03/2025 08:45;120.06
13/03/2025 09:00;120.06
13/03/2025 09:15;120.07
13/03/2025 09:30;120.09
13/03/2025 09:45;120.09
13/03/2025 10:00;120.09
13/03/2025 10:15;120.11
13/03/2025 10:30;120.11
13/03/2025 10:45;120.11
13/03/2025 11:00;120.11
13/03/2025 11:15;120.12
13/03/2025 11:30;120.12
13/03/2025 11:45;120.12
13/03/2025 12:00;120.13
13/03/2025 12:15;120.14
13/03/2025 12:30;120.14
13/03/2025 12:45;120.15
13/03/2025 13:00;120.15
13/03/2025 13:15;120.15
13/03/2025 13:30;120.16
13/03/2025 13:45;120.16
13/03/2025 14:00;120.18
13/03/2025 14:15;120.18
13/03/2025 14:30;120.18
13/03/2025 14:45;120.18
13/03/2025 15:00;120.2
13/03/2025 15:15;120.2
13/03/2025 15:30;120.21
13/03/2025 15:45;120.21
13/03/2025 16:00;120.22
13/03/2025 16:15;120.22
13/03/2025 16:30;120.22
13/03/2025 16:45;120.23
13/03/2025 17:00;120.24
13/03/2025 17:15;120.24
13/03/2025 17:30;120.25
13/03/2025 17:45;120.25
13/03/2025 18:00;120.27
13/03/2025 18:15;120.27
13/03/2025 18:30;120.27
13/03/2025 18:45;120.27
13/03/2025 19:00;120.27
13/03/2025 19:15;120.27
13/03/2025 19:30;120.27
13/03/2025 19:45;120.29
13/03/2025 20:00;120.29
13/03/2025 20:15;120.29
13/03/2025 20:30;120.29
13/03/2025 20:45;120.29
13/03/2025 21:00;120.3
13/03/2025 21:15;120.3
13/03/2025 21:30;120.31
13/03/2025 21:45;120.3
13/03/2025 22:00;120.3
13/03/2025 22:15;120.31
13/03/2025 22:30;120.3
13/03/2025 22:45;120.31
13/03/2025 23:00;120.31
13/03/2025 23:15;120.32
13/03/2025 23:30;120.34
13/03/2025 23:45;120.34
14/03/2025 00:00;120.34
14/03/2025 00:15;120.34
14/03/2025 00:30;120.36
14/03/2025 00:45;120.36
14/03/2025 01:00;120.36
14/03/2025 01:15;120.36
14/03/2025 01:30;120.36
14/03/2025 01:45;120.37
14/03/2025 02:00;120.37
14/03/2025 02:15;120.38
14/03/2025 02:30;120.39
14/03/2025 02:45;120.4
14/03/2025 03:00;120.4
14/03/2025 03:15;120.41
14/03/2025 03:30;120.41
14/03/2025 03:45;120.41
14/03/2025 04:00;120.43
14/03/2025 04:15;120.43
14/03/2025 04:30;120.43
14/03/2025 04:45;120.45
14/03/2025 05:00;120.45
14/03/2025 05:15;120.45
14/03/2025 05:30;120.46
14/03/2025 05:45;120.46
14/03/2025 06:00;120.47
14/03/2025 06:15;120.47
14/03/2025 06:30;120.46
14/03/2025 06:45;120.47
14/03/2025 07:00;120.48
14/03/2025 07:15;120.48
14/03/2025 07:30;120.48
14/03/2025 07:45;120.49
14/03/2025 08:00;120.49
14/03/2025 08:15;120.49
14/03/2025 08:30;120.48
14/03/2025 08:45;120.49
14/03/2025 09:00;120.49
14/03/2025 09:15;120.5
14/03/2025 09:30;120.5
14/03/2025 09:45;120.5
14/03/2025 10:00;120.5
14/03/2025 10:15;120.5
14/03/2025 10:30;120.52
14/03/2025 10:45;120.5
14/03/2025 11:00;120.52
14/03/2025 11:15;120.52
14/03/2025 11:30;120.52
14/03/2025 11:45;120.52
14/03/2025 12:00;120.52
14/03/2025 12:15;120.52
14/03/2025 12:30;120.52
14/03/2025 12:45;120.52
14/03/2025 13:00;120.52
14/03/2025 13:15;120.54
14/03/2025 13:30;120.54
14/03/2025 13:45;120.54
14/03/2025 14:00;120.54
14/03/2025 14:15;120.54
14/03/2025 14:30;120.54
14/03/2025 14:45;120.55
14/03/2025 15:00;120.55
14/03/2025 15:15;120.55
14/03/2025 15:30;120.56
14/03/2025 15:45;120.56
14/03/2025 16:00;120.56
14/03/2025 16:15;120.56
14/03/2025 16:30;120.57
14/03/2025 16:45;120.57
14/03/2025 17:00;120.58
14/03/2025 17:15;120.58
14/03/2025 17:30;120.59
14/03/2025 17:45;120.59
14/03/2025 18:00;120.59
14/03/2025 18:15;120.59
14/03/2025 18:30;120.61
14/03/2025 18:45;120.59
14/03/2025 19:00;120.61
14/03/2025 19:15;120.59
14/03/2025 19:30;120.61
14/03/2025 19:45;120.61
14/03/2025 20:00;120.61
14/03/2025 20:15;120.61
14/03/2025 20:30;120.61
14/03/2025 20:45;120.61
14/03/2025 21:00;120.61
14/03/2025 21:15;120.62
14/03/2025 21:30;120.61
14/03/2025 21:45;120.62
14/03/2025 22:00;120.61
14/03/2025 22:15;120.61
14/03/2025 22:30;120.61
14/03/2025 22:45;120.61
14/03/2025 23:00;120.61
14/03/2025 23:15;120.61
14/03/2025 23:30;120.61
14/03/2025 23:45;120.61
15/03/2025 00:00;120.61
15/03/2025 00:15;120.61
15/03/2025 00:30;120.62
15/03/2025 00:45;120.62
15/03/2025 01:00;120.62
15/03/2025 01:15;120.62
15/03/2025 01:30;120.62
15/03/2025 01:45;120.62
15/03/2025 02:00;120.62
15/03/2025 02:15;120.62
15/03/2025 02:30;120.62
15/03/2025 02:45;120.62
15/03/2025 03:00;120.61
15/03/2025 03:15;120.62
15/03/2025 03:30;120.62
15/03/2025 03:45;120.62
15/03/2025 04:00;120.62
15/03/2025 04:15;120.62
15/03/2025 04:30;120.62
15/03/2025 04:45;120.63
15/03/2025 05:00;120.62
15/03/2025 05:15;120.63
15/03/2025 05:30;120.64
15/03/2025 05:45;120.65
15/03/2025 06:00;120.66
15/03/2025 06:15;120.65
15/03/2025 06:30;120.66
15/03/2025 06:45;120.66
15/03/2025 07:00;120.68
15/03/2025 07:15;120.66
15/03/2025 07:30;120.66
15/03/2025 07:45;120.66
15/03/2025 08:00;120.68
15/03/2025 08:15;120.68
15/03/2025 08:30;120.68
15/03/2025 08:45;120.7
15/03/2025 09:00;120.7
15/03/2025 09:15;120.7
15/03/2025 09:30;120.71
15/03/2025 09:45;120.71
15/03/2025 10:00;120.72
15/03/2025 10:15;120.71
15/03/2025 10:30;120.72
15/03/2025 10:45;120.73
15/03/2025 11:00;120.73
15/03/2025 11:15;120.74
15/03/2025 11:30;120.74
15/03/2025 11:45;120.75
15/03/2025 12:00;120.74
15/03/2025 12:15;120.75
15/03/2025 12:30;120.75
15/03/2025 12:45;120.77
15/03/2025 13:00;120.75
15/03/2025 13:15;120.77
15/03/2025 13:30;120.77
15/03/2025 13:45;120.77
15/03/2025 14:00;120.77
15/03/2025 14:15;120.79
15/03/2025 14:30;120.79
15/03/2025 14:45;120.79
15/03/2025 15:00;120.79
15/03/2025 15:15;120.79
15/03/2025 15:30;120.79
15/03/2025 15:45;120.8
15/03/2025 16:00;120.8
15/03/2025 16:15;120.81
15/03/2025 16:30;120.82
15/03/2025 16:45;120.82
15/03/2025 17:00;120.82
15/03/2025 17:15;120.83
15/03/2025 17:30;120.83
15/03/2025 17:45;120.83
15/03/2025 18:00;120.83
15/03/2025 18:15;120.83
15/03/2025 18:30;120.82
15/03/2025 18:45;120.83
15/03/2025 19:00;120.82
15/03/2025 19:15;120.82
15/03/2025 19:30;120.82
15/03/2025 19:45;120.82
15/03/2025 20:00;120.82
15/03/2025 20:15;120.83
15/03/2025 20:30;120.83
15/03/2025 20:45;120.83
15/03/2025 21:00;120.83
15/03/2025 21:15;120.83
15/03/2025 21:30;120.83
15/03/2025 21:45;120.83
15/03/2025 22:00;120.83
15/03/2025 22:15;120.82
15/03/2025 22:30;120.82
15/03/2025 22:45;120.82
15/03/2025 23:00;120.82
15/03/2025 23:15;120.81
15/03/2025 23:30;120.81
15/03/2025 23:45;120.81
16/03/2025 00:00;120.81
16/03/2025 00:15;120.81
16/03/2025 00:30;120.8
16/03/2025 00:45;120.8
16/03/2025 01:00;120.8
16/03/2025 01:15;120.8
16/03/2025 01:30;120.79
16/03/2025 01:45;120.8
16/03/2025 02:00;120.8
16/03/2025 02:15;120.79
16/03/2025 02:30;120.79
16/03/2025 02:45;120.79
16/03/2025 03:00;120.79
16/03/2025 03:15;120.79
16/03/2025 03:30;120.79
16/03/2025 03:45;120.79
16/03/2025 04:00;120.79
16/03/2025 04:15;120.77
16/03/2025 04:30;120.77
16/03/2025 04:45;120.77
16/03/2025 05:00;120.77
16/03/2025 05:15;120.77
16/03/2025 05:30;120.77
16/03/2025 05:45;120.77
16/03/2025 06:00;120.77
16/03/2025 06:15;120.77
16/03/2025 06:30;120.75
16/03/2025 06:45;120.75
16/03/2025 07:00;120.75
16/03/2025 07:15;120.75
16/03/2025 07:30;120.74
16/03/2025 07:45;120.74
16/03/2025 08:00;120.74
16/03/2025 08:15;120.74
16/03/2025 08:30;120.74
16/03/2025 08:45;120.74
16/03/2025 09:00;120.75
16/03/2025 09:15;120.77
16/03/2025 09:30;120.77
16/03/2025 09:45;120.77
16/03/2025 10:00;120.77
16/03/2025 10:15;120.77
16/03/2025 10:30;120.77
16/03/2025 10:45;120.77
16/03/2025 11:00;120.77
16/03/2025 11:15;120.77
16/03/2025 11:30;120.77
16/03/2025 11:45;120.77
16/03/2025 12:00;120.79
16/03/2025 12:15;120.79
16/03/2025 12:30;120.79
16/03/2025 12:45;120.79
16/03/2025 13:00;120.79
16/03/2025 13:15;120.79
16/03/2025 13:30;120.79
16/03/2025 13:45;120.8
16/03/2025 14:00;120.8
16/03/2025 14:15;120.81
16/03/2025 14:30;120.81
16/03/2025 14:45;120.83
16/03/2025 15:00;120.82
16/03/2025 15:15;120.84
16/03/2025 15:30;120.83
16/03/2025 15:45;120.84
16/03/2025 16:00;120.83
16/03/2025 16:15;120.84
16/03/2025 16:30;120.84
16/03/2025 16:45;120.86
16/03/2025 17:00;120.86
16/03/2025 17:15;120.84
16/03/2025 17:30;120.83
16/03/2025 17:45;120.84
16/03/2025 18:00;120.83
16/03/2025 18:15;120.83
16/03/2025 18:30;120.83
16/03/2025 18:45;120.84
16/03/2025 19:00;120.84
16/03/2025 19:15;120.83
16/03/2025 19:30;120.84
16/03/2025 19:45;120.84
16/03/2025 20:00;120.84
16/03/2025 20:15;120.83
16/03/2025 20:30;120.83
16/03/2025 20:45;120.83
16/03/2025 21:00;120.83
16/03/2025 21:15;120.82
16/03/2025 21:30;120.82
16/03/2025 21:45;120.82
16/03/2025 22:00;120.81
16/03/2025 22:15;120.81
16/03/2025 22:30;120.81
16/03/2025 22:45;120.81
16/03/2025 23:00;120.8
16/03/2025 23:15;120.8
16/03/2025 23:30;120.8
16/03/2025 23:45;120.8
17/03/2025 00:00;120.79
17/03/2025 00:15;120.79
17/03/2025 00:30;120.79
17/03/2025 00:45;120.79
17/03/2025 01:00;120.79
17/03/2025 01:15;120.79
17/03/2025 01:30;120.79
17/03/2025 01:45;120.79
17/03/2025 02:00;120.79
17/03/2025 02:15;120.79
17/03/2025 02:30;120.8
17/03/2025 02:45;120.79
17/03/2025 03:00;120.79
17/03/2025 03:15;120.79
17/03/2025 03:30;120.79
17/03/2025 03:45;120.79
17/03/2025 04:00;120.79
17/03/2025 04:15;120.79
17/03/2025 04:30;120.79
17/03/2025 04:45;120.79
17/03/2025 05:00;120.79
17/03/2025 05:15;120.79
17/03/2025 05:30;120.8
17/03/2025 05:45;120.8
17/03/2025 06:00;120.8
17/03/2025 06:15;120.79
17/03/2025 06:30;120.79
17/03/2025 06:45;120.79
17/03/2025 07:00;120.79
17/03/2025 07:15;120.79
17/03/2025 07:30;120.79
17/03/2025 07:45;120.79
17/03/2025 08:00;120.79
17/03/2025 08:15;120.79
17/03/2025 08:30;120.79
17/03/2025 08:45;120.79
17/03/2025 09:00;120.77
17/03/2025 09:15;120.77
17/03/2025 09:30;120.77
17/03/2025 09:45;120.77
17/03/2025 10:00;120.77
17/03/2025 10:15;120.79
17/03/2025 10:30;120.79
17/03/2025 10:45;120.77
17/03/2025 11:00;120.77
17/03/2025 11:15;120.77
17/03/2025 11:30;120.77
17/03/2025 11:45;120.75
17/03/2025 12:00;120.77
17/03/2025 12:15;120.77
17/03/2025 12:30;120.75
17/03/2025 12:45;120.75
17/03/2025 13:00;120.75
17/03/2025 13:15;120.75
17/03/2025 13:30;120.75
17/03/2025 13:45;120.75
17/03/2025 14:00;120.75
17/03/2025 14:15;120.74
17/03/2025 14:30;120.74
17/03/2025 14:45;120.74
17/03/2025 15:00;120.74
17/03/2025 15:15;120.74
17/03/2025 15:30;120.73
17/03/2025 15:45;120.75
17/03/2025 16:00;120.74
17/03/2025 16:15;120.74
17/03/2025 16:30;120.73
17/03/2025 16:45;120.73
17/03/2025 17:00;120.72
17/03/2025 17:15;120.72
17/03/2025 17:30;120.72
17/03/2025 17:45;120.71
17/03/2025 18:00;120.71
17/03/2025 18:15;120.71
17/03/2025 18:30;120.71
17/03/2025 18:45;120.7
17/03/2025 19:00;120.71
17/03/2025 19:15;120.7
17/03/2025 19:30;120.7
17/03/2025 19:45;120.7
17/03/2025 20:00;120.7
17/03/2025 20:15;120.7
17/03/2025 20:30;120.7
17/03/2025 20:45;120.7
17/03/2025 21:00;120.7
17/03/2025 21:15;120.68
17/03/2025 21:30;120.68
17/03/2025 21:45;120.68
17/03/2025 22:00;120.68
17/03/2025 22:15;120.68
17/03/2025 22:30;120.68
17/03/2025 22:45;120.68
17/03/2025 23:00;120.68
17/03/2025 23:15;120.66
17/03/2025 23:30;120.66
17/03/2025 23:45;120.66
18/03/2025 00:00;120.66
18/03/2025 00:15;120.66
18/03/2025 00:30;120.65
18/03/2025 00:45;120.65
18/03/2025 01:00;120.64
18/03/2025 01:15;120.64
18/03/2025 01:30;120.63
18/03/2025 01:45;120.63
18/03/2025 02:00;120.63
18/03/2025 02:15;120.63
18/03/2025 02:30;120.63
18/03/2025 02:45;120.63
18/03/2025 03:00;120.63
18/03/2025 03:15;120.62
18/03/2025 03:30;120.62
18/03/2025 03:45;120.61
18/03/2025 04:00;120.61
18/03/2025 04:15;120.61
18/03/2025 04:30;120.61
18/03/2025 04:45;120.61
18/03/2025 05:00;120.61
18/03/2025 05:15;120.59
18/03/2025 05:30;120.59
18/03/2025 05:45;120.59
18/03/2025 06:00;120.59
18/03/2025 06:15;120.59
18/03/2025 06:30;120.58
18/03/2025 06:45;120.58
18/03/2025 07:00;120.58
18/03/2025 07:15;120.57
18/03/2025 07:30;120.57
18/03/2025 07:45;120.57
18/03/2025 08:00;120.56
18/03/2025 08:15;120.56
18/03/2025 08:30;120.56
18/03/2025 08:45;120.56
18/03/2025 09:00;120.56
18/03/2025 09:15;120.55
18/03/2025 09:30;120.55
18/03/2025 09:45;120.54
18/03/2025 10:00;120.54
18/03/2025 10:15;120.54
18/03/2025 10:30;120.54
18/03/2025 10:45;120.54
18/03/2025 11:00;120.54
18/03/2025 11:15;120.54
18/03/2025 11:30;120.54
18/03/2025 11:45;120.54
18/03/2025 12:00;120.54
18/03/2025 12:15;120.54
18/03/2025 12:30;120.52
18/03/2025 12:45;120.52
18/03/2025 13:00;120.52
18/03/2025 13:15;120.52
18/03/2025 13:30;120.52
18/03/2025 13:45;120.52
18/03/2025 14:00;120.52
18/03/2025 14:15;120.5
18/03/2025 14:30;120.5
18/03/2025 14:45;120.5
18/03/2025 15:00;120.5
18/03/2025 15:15;120.49
18/03/2025 15:30;120.49
18/03/2025 15:45;120.48
18/03/2025 16:00;120.48
18/03/2025 16:15;120.48
18/03/2025 16:30;120.47
18/03/2025 16:45;120.47
18/03/2025 17:00;120.46
18/03/2025 17:15;120.47
18/03/2025 17:30;120.46
18/03/2025 17:45;120.46
18/03/2025 18:00;120.46
18/03/2025 18:15;120.46
18/03/2025 18:30;120.46
18/03/2025 18:45;120.46
18/03/2025 19:00;120.45
18/03/2025 19:15;120.45
18/03/2025 19:30;120.45
18/03/2025 19:45;120.45
18/03/2025 20:00;120.45
18/03/2025 20:15;120.45
18/03/2025 20:30;120.45
18/03/2025 20:45;120.43
18/03/2025 21:00;120.43
18/03/2025 21:15;120.43
18/03/2025 21:30;120.43
18/03/2025 21:45;120.43
18/03/2025 22:00;120.43
18/03/2025 22:15;120.41
18/03/2025 22:30;120.43
18/03/2025 22:45;120.41
18/03/2025 23:00;120.41
18/03/2025 23:15;120.41
18/03/2025 23:30;120.41
18/03/2025 23:45;120.41
19/03/2025 00:00;120.4
19/03/2025 00:15;120.4
19/03/2025 00:30;120.39
19/03/2025 00:45;120.39
19/03/2025 01:00;120.38
19/03/2025 01:15;120.4
19/03/2025 01:30;120.38
19/03/2025 01:45;120.39
19/03/2025 02:00;120.38
19/03/2025 02:15;120.38
19/03/2025 02:30;120.37
19/03/2025 02:45;120.37
19/03/2025 03:00;120.37
19/03/2025 03:15;120.37
19/03/2025 03:30;120.36
19/03/2025 03:45;120.36
19/03/2025 04:00;120.36
19/03/2025 04:15;120.36
19/03/2025 04:30;120.36
19/03/2025 04:45;120.34
19/03/2025 05:00;120.36
19/03/2025 05:15;120.34
19/03/2025 05:30;120.34
19/03/2025 05:45;120.34
19/03/2025 06:00;120.34
19/03/2025 06:15;120.34
19/03/2025 06:30;120.34
19/03/2025 06:45;120.34
19/03/2025 07:00;120.32
19/03/2025 07:15;120.32
19/03/2025 07:30;120.32
19/03/2025 07:45;120.32
19/03/2025 08:00;120.31
19/03/2025 08:15;120.32
19/03/2025 08:30;120.31
19/03/2025 08:45;120.31
19/03/2025 09:00;120.31
19/03/2025 09:15;120.31
19/03/2025 09:30;120.3
19/03/2025 09:45;120.3
19/03/2025 10:00;120.29
19/03/2025 10:15;120.29
19/03/2025 10:30;120.29
19/03/2025 10:45;120.29
19/03/2025 11:00;120.29
19/03/2025 11:15;120.29
19/03/2025 11:30;120.29
19/03/2025 11:45;120.27
19/03/2025 12:00;120.29
19/03/2025 12:15;120.27
19/03/2025 12:30;120.27
19/03/2025 12:45;120.27
19/03/2025 13:00;120.27
19/03/2025 13:15;120.27
19/03/2025 13:30;120.27
19/03/2025 13:45;120.27
19/03/2025 14:00;120.25
19/03/2025 14:15;120.27
19/03/2025 14:30;120.25
19/03/2025 14:45;120.25
19/03/2025 15:00;120.24
19/03/2025 15:15;120.25
19/03/2025 15:30;120.24
19/03/2025 15:45;120.24
19/03/2025 16:00;120.23
19/03/2025 16:15;120.23
19/03/2025 16:30;120.22
19/03/2025 16:45;120.22
19/03/2025 17:00;120.22
19/03/2025 17:15;120.21
19/03/2025 17:30;120.22
19/03/2025 17:45;120.21
19/03/2025 18:00;120.21
19/03/2025 18:15;120.21
19/03/2025 18:30;120.21
19/03/2025 18:45;120.2
19/03/2025 19:00;120.2
19/03/2025 19:15;120.2
19/03/2025 19:30;120.2
19/03/2025 19:45;120.18
19/03/2025 20:00;120.2
19/03/2025 20:15;120.18
19/03/2025 20:30;120.18
19/03/2025 20:45;120.18
19/03/2025 21:00;120.18
19/03/2025 21:15;120.18
19/03/2025 21:30;120.18
19/03/2025 21:45;120.16
19/03/2025 22:00;120.16
19/03/2025 22:15;120.16
19/03/2025 22:30;120.16
19/03/2025 22:45;120.16
19/03/2025 23:00;120.15
19/03/2025 23:15;120.18
19/03/2025 23:30;120.16
19/03/2025 23:45;120.16
20/03/2025 00:00;120.15
20/03/2025 00:15;120.15
20/03/2025 00:30;120.13
20/03/2025 00:45;120.14
20/03/2025 01:00;120.14
20/03/2025 01:15;120.13
20/03/2025 01:30;120.14
20/03/2025 01:45;120.13
20/03/2025 02:00;120.13
20/03/2025 02:15;120.13
20/03/2025 02:30;120.13
20/03/2025 02:45;120.12
20/03/2025 03:00;120.12
20/03/2025 03:15;120.12
20/03/2025 03:30;120.11
20/03/2025 03:45;120.12
20/03/2025 04:00;120.12
20/03/2025 04:15;120.12
20/03/2025 04:30;120.11
20/03/2025 04:45;120.12
20/03/2025 05:00;120.11
20/03/2025 05:15;120.11
20/03/2025 05:30;120.11
20/03/2025 05:45;120.11
20/03/2025 06:00;120.09
20/03/2025 06:15;120.11
20/03/2025 06:30;120.09
20/03/2025 06:45;120.11
20/03/2025 07:00;120.11
20/03/2025 07:15;120.09
20/03/2025 07:30;120.09
20/03/2025 07:45;120.09
20/03/2025 08:00;120.09
20/03/2025 08:15;120.07
20/03/2025 08:30;120.07
20/03/2025 08:45;120.07
20/03/2025 09:00;120.07
20/03/2025 09:15;120.07
20/03/2025 09:30;120.07
20/03/2025 09:45;120.06
20/03/2025 10:00;120.06
20/03/2025 10:15;120.05
20/03/2025 10:30;120.05
20/03/2025 10:45;120.05
20/03/2025 11:00;120.04
20/03/2025 11:15;120.04
20/03/2025 11:30;120.04
20/03/2025 11:45;120.04
20/03/2025 12:00;120.04
20/03/2025 12:15;120.04
20/03/2025 12:30;120.02
20/03/2025 12:45;120.04
20/03/2025 13:00;120.02
20/03/2025 13:15;120.02
20/03/2025 13:30;120.02
20/03/2025 13:45;120.02
20/03/2025 14:00;120.02
20/03/2025 14:15;120
20/03/2025 14:30;120.02
20/03/2025 14:45;119.99
20/03/2025 15:00;119.99
20/03/2025 15:15;119.98
20/03/2025 15:30;119.98
20/03/2025 15:45;119.98
20/03/2025 16:00;119.98
20/03/2025 16:15;119.97
20/03/2025 16:30;119.97
20/03/2025 16:45;119.97
20/03/2025 17:00;119.96
20/03/2025 17:15;119.96
20/03/2025 17:30;119.96
20/03/2025 17:45;119.96
20/03/2025 18:00;119.95
20/03/2025 18:15;119.95
20/03/2025 18:30;119.95
20/03/2025 18:45;119.95
20/03/2025 19:00;119.95
20/03/2025 19:15;119.95
20/03/2025 19:30;119.93
20/03/2025 19:45;119.93
20/03/2025 20:00;119.93
20/03/2025 20:15;119.93
20/03/2025 20:30;119.93
20/03/2025 20:45;119.93
20/03/2025 21:00;119.91
20/03/2025 21:15;119.93
20/03/2025 21:30;119.93
20/03/2025 21:45;119.91
20/03/2025 22:00;119.91
20/03/2025 22:15;119.91
20/03/2025 22:30;119.91
20/03/2025 22:45;119.91
20/03/2025 23:00;119.9
20/03/2025 23:15;119.89
20/03/2025 23:30;119.89
20/03/2025 23:45;119.89
21/03/2025 00:00;119.88
21/03/2025 00:15;119.88
21/03/2025 00:30;119.89
21/03/2025 00:45;119.87
21/03/2025 01:00;119.87
21/03/2025 01:15;119.87
21/03/2025 01:30;119.87
21/03/2025 01:45;119.87
21/03/2025 02:00;119.87
21/03/2025 02:15;119.87
21/03/2025 02:30;119.86
21/03/2025 02:45;119.87
21/03/2025 03:00;119.86
21/03/2025 03:15;119.86
21/03/2025 03:30;119.86
21/03/2025 03:45;119.86
21/03/2025 04:00;119.86
21/03/2025 04:15;119.86
21/03/2025 04:30;119.86
21/03/2025 04:45;119.86
21/03/2025 05:00;119.86
21/03/2025 05:15;119.86
21/03/2025 05:30;119.86
21/03/2025 05:45;119.86
21/03/2025 06:00;119.86
21/03/2025 06:15;119.86
21/03/2025 06:30;119.86
21/03/2025 06:45;119.86
21/03/2025 07:00;119.86
21/03/2025 07:15;119.84
21/03/2025 07:30;119.86
21/03/2025 07:45;119.84
21/03/2025 08:00;119.84
21/03/2025 08:15;119.84
21/03/2025 08:30;119.84
21/03/2025 08:45;119.84
21/03/2025 09:00;119.84
21/03/2025 09:15;119.81
21/03/2025 09:30;119.82
21/03/2025 09:45;119.81
21/03/2025 10:00;119.81
21/03/2025 10:15;119.84
21/03/2025 10:30;119.82
21/03/2025 10:45;119.84
21/03/2025 11:00;119.81
21/03/2025 11:15;119.82
21/03/2025 11:30;119.81
21/03/2025 11:45;119.82
21/03/2025 12:00;119.81
21/03/2025 12:15;119.81
21/03/2025 12:30;119.8
21/03/2025 12:45;119.81
21/03/2025 13:00;119.8
21/03/2025 13:15;119.8
21/03/2025 13:30;119.79
21/03/2025 13:45;119.79
21/03/2025 14:00;119.79
21/03/2025 14:15;119.79
21/03/2025 14:30;119.79
21/03/2025 14:45;119.79
21/03/2025 15:00;119.79
21/03/2025 15:15;119.79
21/03/2025 15:30;119.79
21/03/2025 15:45;119.79
21/03/2025 16:00;119.79
21/03/2025 16:15;119.79
21/03/2025 16:30;119.79
21/03/2025 16:45;119.79
21/03/2025 17:00;119.77
21/03/2025 17:15;119.77
21/03/2025 17:30;119.77
21/03/2025 17:45;119.77
21/03/2025 18:00;119.75
21/03/2025 18:15;119.77
21/03/2025 18:30;119.77
21/03/2025 18:45;119.75
21/03/2025 19:00;119.74
21/03/2025 19:15;119.75
21/03/2025 19:30;119.74
21/03/2025 19:45;119.73
21/03/2025 20:00;119.74
21/03/2025 20:15;119.73
21/03/2025 20:30;119.73
21/03/2025 20:45;119.72
21/03/2025 21:00;119.73
21/03/2025 21:15;119.72
21/03/2025 21:30;119.72
21/03/2025 21:45;119.71
21/03/2025 22:00;119.71
21/03/2025 22:15;119.71
21/03/2025 22:30;119.71
21/03/2025 22:45;119.72
21/03/2025 23:00;119.72
21/03/2025 23:15;119.71
21/03/2025 23:30;119.71
21/03/2025 23:45;119.71
22/03/2025 00:00;119.71
22/03/2025 00:15;119.7
22/03/2025 00:30;119.7
22/03/2025 00:45;119.7
22/03/2025 01:00;119.7
22/03/2025 01:15;119.7
22/03/2025 01:30;119.7
22/03/2025 01:45;119.7
22/03/2025 02:00;119.68
22/03/2025 02:15;119.68
22/03/2025 02:30;119.68
22/03/2025 02:45;119.68
22/03/2025 03:00;119.68
22/03/2025 03:15;119.68
22/03/2025 03:30;119.68
22/03/2025 03:45;119.68
22/03/2025 04:00;119.68
22/03/2025 04:15;119.66
22/03/2025 04:30;119.66
22/03/2025 04:45;119.66
22/03/2025 05:00;119.68
22/03/2025 05:15;119.68
22/03/2025 05:30;119.66
22/03/2025 05:45;119.65
22/03/2025 06:00;119.65
22/03/2025 06:15;119.65
22/03/2025 06:30;119.64
22/03/2025 06:45;119.64
22/03/2025 07:00;119.64
22/03/2025 07:15;119.63
22/03/2025 07:30;119.63
22/03/2025 07:45;119.64
22/03/2025 08:00;119.63
22/03/2025 08:15;119.63
22/03/2025 08:30;119.63
22/03/2025 08:45;119.64
22/03/2025 09:00;119.64
22/03/2025 09:15;119.63
22/03/2025 09:30;119.63
22/03/2025 09:45;119.63
22/03/2025 10:00;119.61
22/03/2025 10:15;119.61
22/03/2025 10:30;119.61
22/03/2025 10:45;119.62
22/03/2025 11:00;119.61
22/03/2025 11:15;119.61
22/03/2025 11:30;119.61
22/03/2025 11:45;119.61
22/03/2025 12:00;119.61
22/03/2025 12:15;119.61
22/03/2025 12:30;119.61
22/03/2025 12:45;119.59
22/03/2025 13:00;119.61
22/03/2025 13:15;119.59
22/03/2025 13:30;119.59
22/03/2025 13:45;119.59
22/03/2025 14:00;119.59
22/03/2025 14:15;119.59
22/03/2025 14:30;119.57
22/03/2025 14:45;119.57
22/03/2025 15:00;119.57
22/03/2025 15:15;119.57
22/03/2025 15:30;119.56
22/03/2025 15:45;119.56
22/03/2025 16:00;119.56
22/03/2025 16:15;119.56
22/03/2025 16:30;119.55
22/03/2025 16:45;119.55
22/03/2025 17:00;119.54
22/03/2025 17:15;119.54
22/03/2025 17:30;119.54
22/03/2025 17:45;119.54
22/03/2025 18:00;119.54
22/03/2025 18:15;119.54
22/03/2025 18:30;119.54
22/03/2025 18:45;119.54
22/03/2025 19:00;119.52
22/03/2025 19:15;119.52
22/03/2025 19:30;119.52
22/03/2025 19:45;119.52
22/03/2025 20:00;119.52
22/03/2025 20:15;119.52
22/03/2025 20:30;119.52
22/03/2025 20:45;119.5
22/03/2025 21:00;119.52
22/03/2025 21:15;119.5
22/03/2025 21:30;119.5
22/03/2025 21:45;119.5
22/03/2025 22:00;119.52
22/03/2025 22:15;119.48
22/03/2025 22:30;119.49
22/03/2025 22:45;119.49
22/03/2025 23:00;119.48
22/03/2025 23:15;119.48
22/03/2025 23:30;119.48
22/03/2025 23:45;119.49
23/03/2025 00:00;119.48
23/03/2025 00:15;119.49
23/03/2025 00:30;119.48
23/03/2025 00:45;119.49
23/03/2025 01:00;119.48
23/03/2025 01:15;119.49
23/03/2025 01:30;119.47
23/03/2025 01:45;119.49
23/03/2025 02:00;119.48
23/03/2025 02:15;119.47
23/03/2025 02:30;119.46
23/03/2025 02:45;119.46
23/03/2025 03:00;119.46
23/03/2025 03:15;119.46
23/03/2025 03:30;119.47
23/03/2025 03:45;119.46
23/03/2025 04:00;119.47
23/03/2025 04:15;119.46
23/03/2025 04:30;119.45
23/03/2025 04:45;119.45
23/03/2025 05:00;119.45
23/03/2025 05:15;119.45
23/03/2025 05:30;119.45
23/03/2025 05:45;119.45
23/03/2025 06:00;119.45
23/03/2025 06:15;119.46
23/03/2025 06:30;119.46
23/03/2025 06:45;119.46
23/03/2025 07:00;119.45
23/03/2025 07:15;119.45
23/03/2025 07:30;119.45
23/03/2025 07:45;119.45
23/03/2025 08:00;119.45
23/03/2025 08:15;119.45
23/03/2025 08:30;119.45
23/03/2025 08:45;119.45
23/03/2025 09:00;119.45
23/03/2025 09:15;119.45
23/03/2025 09:30;119.45
23/03/2025 09:45;119.45
23/03/2025 10:00;119.45
23/03/2025 10:15;119.45
23/03/2025 10:30;119.43
23/03/2025 10:45;119.43
23/03/2025 11:00;119.45
23/03/2025 11:15;119.43
23/03/2025 11:30;119.43
23/03/2025 11:45;119.43
23/03/2025 12:00;119.43
23/03/2025 12:15;119.43
23/03/2025 12:30;119.43
23/03/2025 12:45;119.43
23/03/2025 13:00;119.43
23/03/2025 13:15;119.43
23/03/2025 13:30;119.43
23/03/2025 13:45;119.43
23/03/2025 14:00;119.43
23/03/2025 14:15;119.41
23/03/2025 14:30;119.41
23/03/2025 14:45;119.43
23/03/2025 15:00;119.43
23/03/2025 15:15;119.41
23/03/2025 15:30;119.41
23/03/2025 15:45;119.41
23/03/2025 16:00;119.41
23/03/2025 16:15;119.41
23/03/2025 16:30;119.41
23/03/2025 16:45;119.4
23/03/2025 17:00;119.4
23/03/2025 17:15;119.41
23/03/2025 17:30;119.4
23/03/2025 17:45;119.41
23/03/2025 18:00;119.41
23/03/2025 18:15;119.41
23/03/2025 18:30;119.41
23/03/2025 18:45;119.4
23/03/2025 19:00;119.4
23/03/2025 19:15;119.39
23/03/2025 19:30;119.4
23/03/2025 19:45;119.39
23/03/2025 20:00;119.4
23/03/2025 20:15;119.39
23/03/2025 20:30;119.4
23/03/2025 20:45;119.39
23/03/2025 21:00;119.39
23/03/2025 21:15;119.39
23/03/2025 21:30;119.4
23/03/2025 21:45;119.4
23/03/2025 22:00;119.4
23/03/2025 22:15;119.4
23/03/2025 22:30;119.4
23/03/2025 22:45;119.4
23/03/2025 23:00;119.4
23/03/2025 23:15;119.41
23/03/2025 23:30;119.4
23/03/2025 23:45;119.41
24/03/2025 00:00;119.4
24/03/2025 00:15;119.4
24/03/2025 00:30;119.4
24/03/2025 00:45;119.41
24/03/2025 01:00;119.4
24/03/2025 01:15;119.4
24/03/2025 01:30;119.4
24/03/2025 01:45;119.4
24/03/2025 02:00;119.4
24/03/2025 02:15;119.4
24/03/2025 02:30;119.41
24/03/2025 02:45;119.4
24/03/2025 03:00;119.4
24/03/2025 03:15;119.4
24/03/2025 03:30;119.4
24/03/2025 03:45;119.4
24/03/2025 04:00;119.4
24/03/2025 04:15;119.4
24/03/2025 04:30;119.4
24/03/2025 04:45;119.4
24/03/2025 05:00;119.4
24/03/2025 05:15;119.4
24/03/2025 05:30;119.4
24/03/2025 05:45;119.4
24/03/2025 06:00;119.4
24/03/2025 06:15;119.4
24/03/2025 06:30;119.39
24/03/2025 06:45;119.4
24/03/2025 07:00;119.4
24/03/2025 07:15;119.4
24/03/2025 07:30;119.39
24/03/2025 07:45;119.39
24/03/2025 08:00;119.39
24/03/2025 08:15;119.4
24/03/2025 08:30;119.4
24/03/2025 08:45;119.4
24/03/2025 09:00;119.41
24/03/2025 09:15;119.41
24/03/2025 09:30;119.4
24/03/2025 09:45;119.39
24/03/2025 10:00;119.4
24/03/2025 10:15;119.39
24/03/2025 10:30;119.4
24/03/2025 10:45;119.41
24/03/2025 11:00;119.4
24/03/2025 11:15;119.4
24/03/2025 11:30;119.4
24/03/2025 11:45;119.41
24/03/2025 12:00;119.4
24/03/2025 12:15;119.41
24/03/2025 12:30;119.41
24/03/2025 12:45;119.41
24/03/2025 13:00;119.4
24/03/2025 13:15;119.41
24/03/2025 13:30;119.43
24/03/2025 13:45;119.41
24/03/2025 14:00;119.41
24/03/2025 14:15;119.41
24/03/2025 14:30;119.41
24/03/2025 14:45;119.41
24/03/2025 15:00;119.41
24/03/2025 15:15;119.43
24/03/2025 15:30;119.41
24/03/2025 15:45;119.43
24/03/2025 16:00;119.41
24/03/2025 16:15;119.43
24/03/2025 16:30;119.41
24/03/2025 16:45;119.41
24/03/2025 17:00;119.41
24/03/2025 17:15;119.41
24/03/2025 17:30;119.41
24/03/2025 17:45;119.41
24/03/2025 18:00;119.41
24/03/2025 18:15;119.43
24/03/2025 18:30;119.43
24/03/2025 18:45;119.41
24/03/2025 19:00;119.43
24/03/2025 19:15;119.43
24/03/2025 19:30;119.41
24/03/2025 19:45;119.41
24/03/2025 20:00;119.43
24/03/2025 20:15;119.43
24/03/2025 20:30;119.43
24/03/2025 20:45;119.43
24/03/2025 21:00;119.41
24/03/2025 21:15;119.41
24/03/2025 21:30;119.41
24/03/2025 21:45;119.41
24/03/2025 22:00;119.41
24/03/2025 22:15;119.43
24/03/2025 22:30;119.41
24/03/2025 22:45;119.43
24/03/2025 23:00;119.43
24/03/2025 23:15;119.43
24/03/2025 23:30;119.43
24/03/2025 23:45;119.43
25/03/2025 00:00;119.43
25/03/2025 00:15;119.43
25/03/2025 00:30;119.43
25/03/2025 00:45;119.43
25/03/2025 01:00;119.43
25/03/2025 01:15;119.43
25/03/2025 01:30;119.43
25/03/2025 01:45;119.43
25/03/2025 02:00;119.43
25/03/2025 02:15;119.43
25/03/2025 02:30;119.43
25/03/2025 02:45;119.43
25/03/2025 03:00;119.43
25/03/2025 03:15;119.43
25/03/2025 03:30;119.43
25/03/2025 03:45;119.43
25/03/2025 04:00;119.43
25/03/2025 04:15;119.43
25/03/2025 04:30;119.43
25/03/2025 04:45;119.45
25/03/2025 05:00;119.43
25/03/2025 05:15;119.43
25/03/2025 05:30;119.43
25/03/2025 05:45;119.45
25/03/2025 06:00;119.45
25/03/2025 06:15;119.46
25/03/2025 06:30;119.46
25/03/2025 06:45;119.46
25/03/2025 07:00;119.46
25/03/2025 07:15;119.46
25/03/2025 07:30;119.45
25/03/2025 07:45;119.46
25/03/2025 08:00;119.46
25/03/2025 08:15;119.46
25/03/2025 08:30;119.46
25/03/2025 08:45;119.47
25/03/2025 09:00;119.47
25/03/2025 09:15;119.47
25/03/2025 09:30;119.47
25/03/2025 09:45;119.48
25/03/2025 10:00;119.49
25/03/2025 10:15;119.48
25/03/2025 10:30;119.48
25/03/2025 10:45;119.49
25/03/2025 11:00;119.48
25/03/2025 11:15;119.48
25/03/2025 11:30;119.49
25/03/2025 11:45;119.49
25/03/2025 12:00;119.49
25/03/2025 12:15;119.5
25/03/2025 12:30;119.5
25/03/2025 12:45;119.5
25/03/2025 13:00;119.5
25/03/2025 13:15;119.5
25/03/2025 13:30;119.5
25/03/2025 13:45;119.5
25/03/2025 14:00;119.5
25/03/2025 14:15;119.49
25/03/2025 14:30;119.5
25/03/2025 14:45;119.5
25/03/2025 15:00;119.52
25/03/2025 15:15;119.5
25/03/2025 15:30;119.5
25/03/2025 15:45;119.5
25/03/2025 16:00;119.5
25/03/2025 16:15;119.52
25/03/2025 16:30;119.5
25/03/2025 16:45;119.5
25/03/2025 17:00;119.5
25/03/2025 17:15;119.5
25/03/2025 17:30;119.52
25/03/2025 17:45;119.5
25/03/2025 18:00;119.52
25/03/2025 18:15;119.52
25/03/2025 18:30;119.52
25/03/2025 18:45;119.52
25/03/2025 19:00;119.52
25/03/2025 19:15;119.52
25/03/2025 19:30;119.52
25/03/2025 19:45;119.52
25/03/2025 20:00;119.52
25/03/2025 20:15;119.52
25/03/2025 20:30;119.52
25/03/2025 20:45;119.52
25/03/2025 21:00;119.52
25/03/2025 21:15;119.52
25/03/2025 21:30;119.52
25/03/2025 21:45;119.52
25/03/2025 22:00;119.52
25/03/2025 22:15;119.52
25/03/2025 22:30;119.52
25/03/2025 22:45;119.52
25/03/2025 23:00;119.52
25/03/2025 23:15;119.52
25/03/2025 23:30;119.52
25/03/2025 23:45;119.52
26/03/2025 00:00;119.52
26/03/2025 00:15;119.52
26/03/2025 00:30;119.52
26/03/2025 00:45;119.52
26/03/2025 01:00;119.52
26/03/2025 01:15;119.52
26/03/2025 01:30;119.52
26/03/2025 01:45;119.52
26/03/2025 02:00;119.52
26/03/2025 02:15;119.52
26/03/2025 02:30;119.52
26/03/2025 02:45;119.52
26/03/2025 03:00;119.52
26/03/2025 03:15;119.52
26/03/2025 03:30;119.52
26/03/2025 03:45;119.52
26/03/2025 04:00;119.52
26/03/2025 04:15;119.54
26/03/2025 04:30;119.54
26/03/2025 04:45;119.52
26/03/2025 05:00;119.54
26/03/2025 05:15;119.52
26/03/2025 05:30;119.52
26/03/2025 05:45;119.54
26/03/2025 06:00;119.52
26/03/2025 06:15;119.52
26/03/2025 06:30;119.52
26/03/2025 06:45;119.54
26/03/2025 07:00;119.52
26/03/2025 07:15;119.52
26/03/2025 07:30;119.52
26/03/2025 07:45;119.54
26/03/2025 08:00;119.54
26/03/2025 08:15;119.54
26/03/2025 08:30;119.54
26/03/2025 08:45;119.54
26/03/2025 09:00;119.54
26/03/2025 09:15;119.54
26/03/2025 09:30;119.54
26/03/2025 09:45;119.54
26/03/2025 10:00;119.54
26/03/2025 10:15;119.54
26/03/2025 10:30;119.54
26/03/2025 10:45;119.54
26/03/2025 11:00;119.54
26/03/2025 11:15;119.54
26/03/2025 11:30;119.54
26/03/2025 11:45;119.54
26/03/2025 12:00;119.54
26/03/2025 12:15;119.54
26/03/2025 12:30;119.54
26/03/2025 12:45;119.54
26/03/2025 13:00;119.54
26/03/2025 13:15;119.54
26/03/2025 13:30;119.54
26/03/2025 13:45;119.54
26/03/2025 14:00;119.54
26/03/2025 14:15;119.54
26/03/2025 14:30;119.54
26/03/2025 14:45;119.54
26/03/2025 15:00;119.54
26/03/2025 15:15;119.54
26/03/2025 15:30;119.54
26/03/2025 15:45;119.54
26/03/2025 16:00;119.54
26/03/2025 16:15;119.54
26/03/2025 16:30;119.54
26/03/2025 16:45;119.54
26/03/2025 17:00;119.54
26/03/2025 17:15;119.55
26/03/2025 17:30;119.55
26/03/2025 17:45;119.54
26/03/2025 18:00;119.54
26/03/2025 18:15;119.55
26/03/2025 18:30;119.55
26/03/2025 18:45;119.54
26/03/2025 19:00;119.54
26/03/2025 19:15;119.54
26/03/2025 19:30;119.54
26/03/2025 19:45;119.54
26/03/2025 20:00;119.54
26/03/2025 20:15;119.55
26/03/2025 20:30;119.55
26/03/2025 20:45;119.54
26/03/2025 21:00;119.54
26/03/2025 21:15;119.54
26/03/2025 21:30;119.54
26/03/2025 21:45;119.55
26/03/2025 22:00;119.55
26/03/2025 22:15;119.54
26/03/2025 22:30;119.54
26/03/2025 22:45;119.55
26/03/2025 23:00;119.55
26/03/2025 23:15;119.55
26/03/2025 23:30;119.55
26/03/2025 23:45;119.55
27/03/2025 00:00;119.55
27/03/2025 00:15;119.56
27/03/2025 00:30;119.55
27/03/2025 00:45;119.56
27/03/2025 01:00;119.55
27/03/2025 01:15;119.56
27/03/2025 01:30;119.56
27/03/2025 01:45;119.56
27/03/2025 02:00;119.56
27/03/2025 02:15;119.57
27/03/2025 02:30;119.56
27/03/2025 02:45;119.57
27/03/2025 03:00;119.57
27/03/2025 03:15;119.57
27/03/2025 03:30;119.59
27/03/2025 03:45;119.57
27/03/2025 04:00;119.59
27/03/2025 04:15;119.59
27/03/2025 04:30;119.59
27/03/2025 04:45;119.59
27/03/2025 05:00;119.59
27/03/2025 05:15;119.59
27/03/2025 05:30;119.59
27/03/2025 05:45;119.59
27/03/2025 06:00;119.59
27/03/2025 06:15;119.61
27/03/2025 06:30;119.61
27/03/2025 06:45;119.61
27/03/2025 07:00;119.61
27/03/2025 07:15;119.61
27/03/2025 07:30;119.61
27/03/2025 07:45;119.61
27/03/2025 08:00;119.61
27/03/2025 08:15;119.61
27/03/2025 08:30;119.61
27/03/2025 08:45;119.62
27/03/2025 09:00;119.62
27/03/2025 09:15;119.62
27/03/2025 09:30;119.62
27/03/2025 09:45;119.62
27/03/2025 10:00;119.62
27/03/2025 10:15;119.63
27/03/2025 10:30;119.63
27/03/2025 10:45;119.63
27/03/2025 11:00;119.63
27/03/2025 11:15;119.63
27/03/2025 11:30;119.64
27/03/2025 11:45;119.64
27/03/2025 12:00;119.64
27/03/2025 12:15;119.65
27/03/2025 12:30;119.65
27/03/2025 12:45;119.65
27/03/2025 13:00;119.65
27/03/2025 13:15;119.66
27/03/2025 13:30;119.66
27/03/2025 13:45;119.66
27/03/2025 14:00;119.66
27/03/2025 14:15;119.66
27/03/2025 14:30;119.68
27/03/2025 14:45;119.68
27/03/2025 15:00;119.68
27/03/2025 15:15;119.68
27/03/2025 15:30;119.68
27/03/2025 15:45;119.7
27/03/2025 16:00;119.7
27/03/2025 16:15;119.7
27/03/2025 16:30;119.7
27/03/2025 16:45;119.7
27/03/2025 17:00;119.7
27/03/2025 17:15;119.71
27/03/2025 17:30;119.71
27/03/2025 17:45;119.71
27/03/2025 18:00;119.71
27/03/2025 18:15;119.72
27/03/2025 18:30;119.72
27/03/2025 18:45;119.73
27/03/2025 19:00;119.73
27/03/2025 19:15;119.73
27/03/2025 19:30;119.73
27/03/2025 19:45;119.74
27/03/2025 20:00;119.74
27/03/2025 20:15;119.74
27/03/2025 20:30;119.74
27/03/2025 20:45;119.75
27/03/2025 21:00;119.75
27/03/2025 21:15;119.75
27/03/2025 21:30;119.77
27/03/2025 21:45;119.77
27/03/2025 22:00;119.77
27/03/2025 22:15;119.77
27/03/2025 22:30;119.77
27/03/2025 22:45;119.77
27/03/2025 23:00;119.77
27/03/2025 23:15;119.79
27/03/2025 23:30;119.79
27/03/2025 23:45;119.79
28/03/2025 00:00;119.79
28/03/2025 00:15;119.79
28/03/2025 00:30;119.79
28/03/2025 00:45;119.79
28/03/2025 01:00;119.8
28/03/2025 01:15;119.8
28/03/2025 01:30;119.8
28/03/2025 01:45;119.8
28/03/2025 02:00;119.81
28/03/2025 02:15;119.81
28/03/2025 02:30;119.81
28/03/2025 02:45;119.82
28/03/2025 03:00;119.82
28/03/2025 03:15;119.82
28/03/2025 03:30;119.84
28/03/2025 03:45;119.84
28/03/2025 04:00;119.84
28/03/2025 04:15;119.84
28/03/2025 04:30;119.84
28/03/2025 04:45;119.86
28/03/2025 05:00;119.86
28/03/2025 05:15;119.86
28/03/2025 05:30;119.86
28/03/2025 05:45;119.86
28/03/2025 06:00;119.86
28/03/2025 06:15;119.87
28/03/2025 06:30;119.87
28/03/2025 06:45;119.87
28/03/2025 07:00;119.88
28/03/2025 07:15;119.88
28/03/2025 07:30;119.89
28/03/2025 07:45;119.89
28/03/2025 08:00;119.9
28/03/2025 08:15;119.9
28/03/2025 08:30;119.9
28/03/2025 08:45;119.91
28/03/2025 09:00;119.91
28/03/2025 09:15;119.91
28/03/2025 09:30;119.93
28/03/2025 09:45;119.93
28/03/2025 10:00;119.93
28/03/2025 10:15;119.93
28/03/2025 10:30;119.93
28/03/2025 10:45;119.95
28/03/2025 11:00;119.95
28/03/2025 11:15;119.95
28/03/2025 11:30;119.95
28/03/2025 11:45;119.95
28/03/2025 12:00;119.96
28/03/2025 12:15;119.96
28/03/2025 12:30;119.96
28/03/2025 12:45;119.97
28/03/2025 13:00;119.97
28/03/2025 13:15;119.97
28/03/2025 13:30;119.98
28/03/2025 13:45;119.98
28/03/2025 14:00;119.99
28/03/2025 14:15;119.99
28/03/2025 14:30;120
28/03/2025 14:45;119.99
28/03/2025 15:00;119.99
28/03/2025 15:15;120
28/03/2025 15:30;120.02
28/03/2025 15:45;120.02
28/03/2025 16:00;120.04
28/03/2025 16:15;120.04
28/03/2025 16:30;120.04
28/03/2025 16:45;120.04
28/03/2025 17:00;120.04
28/03/2025 17:15;120.04
28/03/2025 17:30;120.04
28/03/2025 17:45;120.04
28/03/2025 18:00;120.04
28/03/2025 18:15;120.04
28/03/2025 18:30;120.04
28/03/2025 18:45;120.04
28/03/2025 19:00;120.04
28/03/2025 19:15;120.05
28/03/2025 19:30;120.04
28/03/2025 19:45;120.04
28/03/2025 20:00;120.05
28/03/2025 20:15;120.05
28/03/2025 20:30;120.06
28/03/2025 20:45;120.06
28/03/2025 21:00;120.06
28/03/2025 21:15;120.07
28/03/2025 21:30;120.07
28/03/2025 21:45;120.07
28/03/2025 22:00;120.07
28/03/2025 22:15;120.09
28/03/2025 22:30;120.07
28/03/2025 22:45;120.07
28/03/2025 23:00;120.07
28/03/2025 23:15;120.09
28/03/2025 23:30;120.09
28/03/2025 23:45;120.09
29/03/2025 00:00;120.09
29/03/2025 00:15;120.11
29/03/2025 00:30;120.09
29/03/2025 00:45;120.09
29/03/2025 01:00;120.09
29/03/2025 01:15;120.09
29/03/2025 01:30;120.11
29/03/2025 01:45;120.11
29/03/2025 02:00;120.11
29/03/2025 02:15;120.11
29/03/2025 02:30;120.11
29/03/2025 02:45;120.11
29/03/2025 03:00;120.11
29/03/2025 03:15;120.12
29/03/2025 03:30;120.12
29/03/2025 03:45;120.12
29/03/2025 04:00;120.12
29/03/2025 04:15;120.14
29/03/2025 04:30;120.15
29/03/2025 04:45;120.14
29/03/2025 05:00;120.12
29/03/2025 05:15;120.13
29/03/2025 05:30;120.14
29/03/2025 05:45;120.14
29/03/2025 06:00;120.14
29/03/2025 06:15;120.14
29/03/2025 06:30;120.14
29/03/2025 06:45;120.15
29/03/2025 07:00;120.16
29/03/2025 07:15;120.18
29/03/2025 07:30;120.2
29/03/2025 07:45;120.18
29/03/2025 08:00;120.2
29/03/2025 08:15;120.2
29/03/2025 08:30;120.2
29/03/2025 08:45;120.2
29/03/2025 09:00;120.22
29/03/2025 09:15;120.21
29/03/2025 09:30;120.23
29/03/2025 09:45;120.23
29/03/2025 10:00;120.25
29/03/2025 10:15;120.25
29/03/2025 10:30;120.27
29/03/2025 10:45;120.27
29/03/2025 11:00;120.27
29/03/2025 11:15;120.29
29/03/2025 11:30;120.29
29/03/2025 11:45;120.3
29/03/2025 12:00;120.31
29/03/2025 12:15;120.31
29/03/2025 12:30;120.31
29/03/2025 12:45;120.34
29/03/2025 13:00;120.34
29/03/2025 13:15;120.34
29/03/2025 13:30;120.36
29/03/2025 13:45;120.36
29/03/2025 14:00;120.36
29/03/2025 14:15;120.37
29/03/2025 14:30;120.36
29/03/2025 14:45;120.36
29/03/2025 15:00;120.37
29/03/2025 15:15;120.36
29/03/2025 15:30;120.38
29/03/2025 15:45;120.38
29/03/2025 16:00;120.39
29/03/2025 16:15;120.39
29/03/2025 16:30;120.4
29/03/2025 16:45;120.41
29/03/2025 17:00;120.41
29/03/2025 17:15;120.43
29/03/2025 17:30;120.43
29/03/2025 17:45;120.45
29/03/2025 18:00;120.45
29/03/2025 18:15;120.45
29/03/2025 18:30;120.46
29/03/2025 18:45;120.46
29/03/2025 19:00;120.46
29/03/2025 19:15;120.45
29/03/2025 19:30;120.45
29/03/2025 19:45;120.45
29/03/2025 20:00;120.45
29/03/2025 20:15;120.45
29/03/2025 20:30;120.47
29/03/2025 20:45;120.45
29/03/2025 21:00;120.46
29/03/2025 21:15;120.45
29/03/2025 21:30;120.45
29/03/2025 21:45;120.46
29/03/2025 22:00;120.46
29/03/2025 22:15;120.45
29/03/2025 22:30;120.45
29/03/2025 22:45;120.46
29/03/2025 23:00;120.45
29/03/2025 23:15;120.45
29/03/2025 23:30;120.45
29/03/2025 23:45;120.45
30/03/2025 00:00;120.45
30/03/2025 00:15;120.45
30/03/2025 00:30;120.45
30/03/2025 00:45;120.43
30/03/2025 01:00;120.43
30/03/2025 01:15;120.43
30/03/2025 01:30;120.43
30/03/2025 01:45;120.43
30/03/2025 02:00;120.43
30/03/2025 02:15;120.43
30/03/2025 02:30;120.43
30/03/2025 02:45;120.43
30/03/2025 03:00;120.43
30/03/2025 03:15;120.43
30/03/2025 03:30;120.43
30/03/2025 03:45;120.43
30/03/2025 04:00;120.43
30/03/2025 04:15;120.43
30/03/2025 04:30;120.43
30/03/2025 04:45;120.41
30/03/2025 05:00;120.41
30/03/2025 05:15;120.41
30/03/2025 05:30;120.41
30/03/2025 05:45;120.41
30/03/2025 06:00;120.41
30/03/2025 06:15;120.4
30/03/2025 06:30;120.4
30/03/2025 06:45;120.4
30/03/2025 07:00;120.4
30/03/2025 07:15;120.43
30/03/2025 07:30;120.45
30/03/2025 07:45;120.43
30/03/2025 08:00;120.43
30/03/2025 08:15;120.45
30/03/2025 08:30;120.43
30/03/2025 08:45;120.43
30/03/2025 09:00;120.45
30/03/2025 09:15;120.45
30/03/2025 09:30;120.45
30/03/2025 09:45;120.45
30/03/2025 10:00;120.46
30/03/2025 10:15;120.46
30/03/2025 10:30;120.48
30/03/2025 10:45;120.48
30/03/2025 11:00;120.48
30/03/2025 11:15;120.49
30/03/2025 11:30;120.49
30/03/2025 11:45;120.5
30/03/2025 12:00;120.52
30/03/2025 12:15;120.52
30/03/2025 12:30;120.52
30/03/2025 12:45;120.52
30/03/2025 13:00;120.52
30/03/2025 13:15;120.54
30/03/2025 13:30;120.54
30/03/2025 13:45;120.54
30/03/2025 14:00;120.54
30/03/2025 14:15;120.55
30/03/2025 14:30;120.55
30/03/2025 14:45;120.55
30/03/2025 15:00;120.56
30/03/2025 15:15;120.57
30/03/2025 15:30;120.57
30/03/2025 15:45;120.57
30/03/2025 16:00;120.58
30/03/2025 16:15;120.59
30/03/2025 16:30;120.59
30/03/2025 16:45;120.59
30/03/2025 17:00;120.61
30/03/2025 17:15;120.61
30/03/2025 17:30;120.61
30/03/2025 17:45;120.61
30/03/2025 18:00;120.62
30/03/2025 18:15;120.62
30/03/2025 18:30;120.63
30/03/2025 18:45;120.63
30/03/2025 19:00;120.63
30/03/2025 19:15;120.63
30/03/2025 19:30;120.61
30/03/2025 19:45;120.61
30/03/2025 20:00;120.61
30/03/2025 20:15;120.61
30/03/2025 20:30;120.61
30/03/2025 20:45;120.62
30/03/2025 21:00;120.62
30/03/2025 21:15;120.61
30/03/2025 21:30;120.61
30/03/2025 21:45;120.61
30/03/2025 22:00;120.61
30/03/2025 22:15;120.61
30/03/2025 22:30;120.61
30/03/2025 22:45;120.59
30/03/2025 23:00;120.59
30/03/2025 23:15;120.59
30/03/2025 23:30;120.59
30/03/2025 23:45;120.58
31/03/2025 00:00;120.58
31/03/2025 00:15;120.58
31/03/2025 00:30;120.57
31/03/2025 00:45;120.57
31/03/2025 01:00;120.56
31/03/2025 01:15;120.56
31/03/2025 01:30;120.56
31/03/2025 01:45;120.56
31/03/2025 02:00;120.55
31/03/2025 02:15;120.55
31/03/2025 02:30;120.55
31/03/2025 02:45;120.54
31/03/2025 03:00;120.54
31/03/2025 03:15;120.54
31/03/2025 03:30;120.54
31/03/2025 03:45;120.54
31/03/2025 04:00;120.52
31/03/2025 04:15;120.52
31/03/2025 04:30;120.52
31/03/2025 04:45;120.52
31/03/2025 05:00;120.5
31/03/2025 05:15;120.5
31/03/2025 05:30;120.5
31/03/2025 05:45;120.5
31/03/2025 06:00;120.49
31/03/2025 06:15;120.49
31/03/2025 06:30;120.48
31/03/2025 06:45;120.48
31/03/2025 07:00;120.47
31/03/2025 07:15;120.47
31/03/2025 07:30;120.47
31/03/2025 07:45;120.47
31/03/2025 08:00;120.47
31/03/2025 08:15;120.47
31/03/2025 08:30;120.47
31/03/2025 08:45;120.46
31/03/2025 09:00;120.46
31/03/2025 09:15;120.48
31/03/2025 09:30;120.47
31/03/2025 09:45;120.47
31/03/2025 10:00;120.47
31/03/2025 10:15;120.47
31/03/2025 10:30;120.46
31/03/2025 10:45;120.46
31/03/2025 11:00;120.47
31/03/2025 11:15;120.46
31/03/2025 11:30;120.47
31/03/2025 11:45;120.46
31/03/2025 12:00;120.48
31/03/2025 12:15;120.46
31/03/2025 12:30;120.47
31/03/2025 12:45;120.47
31/03/2025 13:00;120.48
31/03/2025 13:15;120.48
31/03/2025 13:30;120.49
31/03/2025 13:45;120.49
31/03/2025 14:00;120.48
31/03/2025 14:15;120.48
31/03/2025 14:30;120.48
31/03/2025 14:45;120.49
31/03/2025 15:00;120.48
31/03/2025 15:15;120.49
31/03/2025 15:30;120.48
31/03/2025 15:45;120.49
31/03/2025 16:00;120.49
31/03/2025 16:15;120.5
31/03/2025 16:30;120.5
31/03/2025 16:45;120.5
31/03/2025 17:00;120.5
31/03/2025 17:15;120.5
31/03/2025 17:30;120.49
31/03/2025 17:45;120.5
31/03/2025 18:00;120.49
31/03/2025 18:15;120.5
31/03/2025 18:30;120.5
31/03/2025 18:45;120.5
31/03/2025 19:00;120.5
31/03/2025 19:15;120.5
31/03/2025 19:30;120.52
31/03/2025 19:45;120.5
31/03/2025 20:00;120.52
31/03/2025 20:15;120.5
31/03/2025 20:30;120.5
31/03/2025 20:45;120.49
31/03/2025 21:00;120.5
31/03/2025 21:15;120.49
31/03/2025 21:30;120.5
31/03/2025 21:45;120.49
31/03/2025 22:00;120.49
31/03/2025 22:15;120.49
31/03/2025 22:30;120.49
31/03/2025 22:45;120.5
31/03/2025 23:00;120.49
31/03/2025 23:15;120.5
31/03/2025 23:30;120.49
31/03/2025 23:45;120.5
01/04/2025 00:00;120.5
01/04/2025 00:15;120.5
01/04/2025 00:30;120.5
01/04/2025 00:45;120.5
01/04/2025 01:00;120.5
01/04/2025 01:15;120.5
01/04/2025 01:30;120.5
01/04/2025 01:45;120.5
01/04/2025 02:00;120.49
01/04/2025 02:15;120.49
01/04/2025 02:30;120.49
01/04/2025 02:45;120.49
01/04/2025 03:00;120.5
01/04/2025 03:15;120.5
01/04/2025 03:30;120.5
01/04/2025 03:45;120.5
01/04/2025 04:00;120.5
01/04/2025 04:15;120.5
01/04/2025 04:30;120.5
01/04/2025 04:45;120.5
01/04/2025 05:00;120.5
01/04/2025 05:15;120.5
01/04/2025 05:30;120.49
01/04/2025 05:45;120.5
01/04/2025 06:00;120.5
01/04/2025 06:15;120.5
01/04/2025 06:30;120.49
01/04/2025 06:45;120.49
01/04/2025 07:00;120.49
01/04/2025 07:15;120.48
01/04/2025 07:30;120.49
01/04/2025 07:45;120.48
01/04/2025 08:00;120.49
01/04/2025 08:15;120.48
01/04/2025 08:30;120.49
01/04/2025 08:45;120.49
01/04/2025 09:00;120.5
01/04/2025 09:15;120.5
01/04/2025 09:30;120.52
01/04/2025 09:45;120.5
01/04/2025 10:00;120.5
01/04/2025 10:15;120.52
01/04/2025 10:30;120.52
01/04/2025 10:45;120.52
01/04/2025 11:00;120.52
01/04/2025 11:15;120.5
01/04/2025 11:30;120.5
01/04/2025 11:45;120.5
01/04/2025 12:00;120.52
01/04/2025 12:15;120.52
01/04/2025 12:30;120.52
01/04/2025 12:45;120.52
01/04/2025 13:00;120.52
01/04/2025 13:15;120.52
01/04/2025 13:30;120.52
01/04/2025 13:45;120.52
01/04/2025 14:00;120.52
01/04/2025 14:15;120.52
01/04/2025 14:30;120.52
01/04/2025 14:45;120.52
01/04/2025 15:00;120.52
01/04/2025 15:15;120.52
01/04/2025 15:30;120.52
01/04/2025 15:45;120.52
01/04/2025 16:00;120.52
01/04/2025 16:15;120.52
01/04/2025 16:30;120.5
01/04/2025 16:45;120.52
01/04/2025 17:00;120.52
01/04/2025 17:15;120.5
01/04/2025 17:30;120.5
01/04/2025 17:45;120.49
01/04/2025 18:00;120.49
01/04/2025 18:15;120.5
01/04/2025 18:30;120.52
01/04/2025 18:45;120.5
01/04/2025 19:00;120.5
01/04/2025 19:15;120.49
01/04/2025 19:30;120.5
01/04/2025 19:45;120.49
01/04/2025 20:00;120.5
01/04/2025 20:15;120.48
01/04/2025 20:30;120.49
01/04/2025 20:45;120.48
01/04/2025 21:00;120.48
01/04/2025 21:15;120.47
01/04/2025 21:30;120.48
01/04/2025 21:45;120.49
01/04/2025 22:00;120.49
01/04/2025 22:15;120.5
01/04/2025 22:30;120.49
01/04/2025 22:45;120.49
01/04/2025 23:00;120.49
01/04/2025 23:15;120.5
01/04/2025 23:30;120.49
01/04/2025 23:45;120.5
02/04/2025 00:00;120.5
02/04/2025 00:15;120.5
02/04/2025 00:30;120.49
02/04/2025 00:45;120.49
02/04/2025 01:00;120.49
02/04/2025 01:15;120.48
02/04/2025 01:30;120.48
02/04/2025 01:45;120.49
02/04/2025 02:00;120.48
02/04/2025 02:15;120.48
02/04/2025 02:30;120.48
02/04/2025 02:45;120.48
02/04/2025 03:00;120.48
02/04/2025 03:15;120.48
02/04/2025 03:30;120.48
02/04/2025 03:45;120.48
02/04/2025 04:00;120.47
02/04/2025 04:15;120.47
02/04/2025 04:30;120.47
02/04/2025 04:45;120.47
02/04/2025 05:00;120.46
02/04/2025 05:15;120.46
02/04/2025 05:30;120.46
02/04/2025 05:45;120.46
02/04/2025 06:00;120.45
02/04/2025 06:15;120.46
02/04/2025 06:30;120.45
02/04/2025 06:45;120.45
02/04/2025 07:00;120.45
02/04/2025 07:15;120.45
02/04/2025 07:30;120.45
02/04/2025 07:45;120.45
02/04/2025 08:00;120.45
02/04/2025 08:15;120.43
02/04/2025 08:30;120.43
02/04/2025 08:45;120.43
02/04/2025 09:00;120.43
02/04/2025 09:15;120.43
02/04/2025 09:30;120.43
02/04/2025 09:45;120.43
02/04/2025 10:00;120.43
02/04/2025 10:15;120.43
02/04/2025 10:30;120.43
02/04/2025 10:45;120.43
02/04/2025 11:00;120.43
02/04/2025 11:15;120.43
02/04/2025 11:30;120.45
02/04/2025 11:45;120.43
02/04/2025 12:00;120.43
02/04/2025 12:15;120.43
02/04/2025 12:30;120.43
02/04/2025 12:45;120.43
02/04/2025 13:00;120.43
02/04/2025 13:15;120.43
02/04/2025 13:30;120.43
02/04/2025 13:45;120.43
02/04/2025 14:00;120.43
02/04/2025 14:15;120.43
02/04/2025 14:30;120.43
02/04/2025 14:45;120.43
02/04/2025 15:00;120.43
02/04/2025 15:15;120.45
02/04/2025 15:30;120.45
02/04/2025 15:45;120.45
02/04/2025 16:00;120.45
02/04/2025 16:15;120.45
02/04/2025 16:30;120.45
02/04/2025 16:45;120.45
02/04/2025 17:00;120.45
02/04/2025 17:15;120.45
02/04/2025 17:30;120.45
02/04/2025 17:45;120.45
02/04/2025 18:00;120.45
02/04/2025 18:15;120.45
02/04/2025 18:30;120.45
02/04/2025 18:45;120.43
02/04/2025 19:00;120.45
02/04/2025 19:15;120.45
02/04/2025 19:30;120.45
02/04/2025 19:45;120.43
02/04/2025 20:00;120.45
02/04/2025 20:15;120.43
02/04/2025 20:30;120.43
02/04/2025 20:45;120.43
02/04/2025 21:00;120.45
02/04/2025 21:15;120.43
02/04/2025 21:30;120.45
02/04/2025 21:45;120.45
02/04/2025 22:00;120.45
02/04/2025 22:15;120.45
02/04/2025 22:30;120.43
02/04/2025 22:45;120.43
02/04/2025 23:00;120.43
02/04/2025 23:15;120.43
02/04/2025 23:30;120.43
02/04/2025 23:45;120.43
03/04/2025 00:00;120.43
03/04/2025 00:15;120.43
03/04/2025 00:30;120.41
03/04/2025 00:45;120.43
03/04/2025 01:00;120.41
03/04/2025 01:15;120.41
03/04/2025 01:30;120.4
03/04/2025 01:45;120.41
03/04/2025 02:00;120.4
03/04/2025 02:15;120.4
03/04/2025 02:30;120.4
03/04/2025 02:45;120.4
03/04/2025 03:00;120.4
03/04/2025 03:15;120.39
03/04/2025 03:30;120.4
03/04/2025 03:45;120.38
03/04/2025 04:00;120.4
03/04/2025 04:15;120.39
03/04/2025 04:30;120.39
03/04/2025 04:45;120.38
03/04/2025 05:00;120.39
03/04/2025 05:15;120.37
03/04/2025 05:30;120.37
03/04/2025 05:45;120.37
03/04/2025 06:00;120.37
03/04/2025 06:15;120.37
03/04/2025 06:30;120.36
03/04/2025 06:45;120.38
03/04/2025 07:00;120.37
03/04/2025 07:15;120.37
03/04/2025 07:30;120.36
03/04/2025 07:45;120.37
03/04/2025 08:00;120.34
03/04/2025 08:15;120.38
03/04/2025 08:30;120.36
03/04/2025 08:45;120.38
03/04/2025 09:00;120.37
03/04/2025 09:15;120.38
03/04/2025 09:30;120.36
03/04/2025 09:45;120.38
03/04/2025 10:00;120.38
03/04/2025 10:15;120.37
03/04/2025 10:30;120.38
03/04/2025 10:45;120.37
03/04/2025 11:00;120.38
03/04/2025 11:15;120.36
03/04/2025 11:30;120.38
03/04/2025 11:45;120.37
03/04/2025 12:00;120.38
03/04/2025 12:15;120.38
03/04/2025 12:30;120.39
03/04/2025 12:45;120.39
03/04/2025 13:00;120.39
03/04/2025 13:15;120.39
03/04/2025 13:30;120.39
03/04/2025 13:45;120.4
03/04/2025 14:00;120.39
03/04/2025 14:15;120.4
03/04/2025 14:30;120.4
03/04/2025 14:45;120.41
03/04/2025 15:00;120.4
03/04/2025 15:15;120.41
03/04/2025 15:30;120.4
03/04/2025 15:45;120.41
03/04/2025 16:00;120.4
03/04/2025 16:15;120.41
03/04/2025 16:30;120.4
03/04/2025 16:45;120.41
03/04/2025 17:00;120.4
03/04/2025 17:15;120.41
03/04/2025 17:30;120.4
03/04/2025 17:45;120.41
03/04/2025 18:00;120.41
03/04/2025 18:15;120.39
03/04/2025 18:30;120.38
03/04/2025 18:45;120.39
03/04/2025 19:00;120.39
03/04/2025 19:15;120.39
03/04/2025 19:30;120.39
03/04/2025 19:45;120.41
03/04/2025 20:00;120.39
03/04/2025 20:15;120.39
03/04/2025 20:30;120.38
03/04/2025 20:45;120.39
03/04/2025 21:00;120.38
03/04/2025 21:15;120.38
03/04/2025 21:30;120.37
03/04/2025 21:45;120.37
03/04/2025 22:00;120.37
03/04/2025 22:15;120.36
03/04/2025 22:30;120.36
03/04/2025 22:45;120.36
03/04/2025 23:00;120.37
03/04/2025 23:15;120.37
03/04/2025 23:30;120.37
03/04/2025 23:45;120.37
04/04/2025 00:00;120.36
04/04/2025 00:15;120.36
04/04/2025 00:30;120.36
04/04/2025 00:45;120.36
04/04/2025 01:00;120.36
04/04/2025 01:15;120.36
04/04/2025 01:30;120.34
04/04/2025 01:45;120.34
04/04/2025 02:00;120.34
04/04/2025 02:15;120.34
04/04/2025 02:30;120.34
04/04/2025 02:45;120.34
04/04/2025 03:00;120.34
04/04/2025 03:15;120.34
04/04/2025 03:30;120.34
04/04/2025 03:45;120.34
04/04/2025 04:00;120.32
04/04/2025 04:15;120.32
04/04/2025 04:30;120.32
04/04/2025 04:45;120.32
04/04/2025 05:00;120.31
04/04/2025 05:15;120.31
04/04/2025 05:30;120.31
04/04/2025 05:45;120.3
04/04/2025 06:00;120.3
04/04/2025 06:15;120.3
04/04/2025 06:30;120.3
04/04/2025 06:45;120.29
04/04/2025 07:00;120.29
04/04/2025 07:15;120.29
04/04/2025 07:30;120.29
04/04/2025 07:45;120.29
04/04/2025 08:00;120.29
04/04/2025 08:15;120.29
04/04/2025 08:30;120.27
04/04/2025 08:45;120.27
04/04/2025 09:00;120.27
04/04/2025 09:15;120.27
04/04/2025 09:30;120.29
04/04/2025 09:45;120.29
04/04/2025 10:00;120.27
04/04/2025 10:15;120.27
04/04/2025 10:30;120.25
04/04/2025 10:45;120.24
04/04/2025 11:00;120.25
04/04/2025 11:15;120.24
04/04/2025 11:30;120.23
04/04/2025 11:45;120.25
04/04/2025 12:00;120.24
04/04/2025 12:15;120.27
04/04/2025 12:30;120.29
04/04/2025 12:45;120.27
04/04/2025 13:00;120.27
04/04/2025 13:15;120.27
04/04/2025 13:30;120.27
04/04/2025 13:45;120.27
04/04/2025 14:00;120.27
04/04/2025 14:15;120.27
04/04/2025 14:30;120.27
04/04/2025 14:45;120.27
04/04/2025 15:00;120.27
04/04/2025 15:15;120.27
04/04/2025 15:30;120.29
04/04/2025 15:45;120.29
04/04/2025 16:00;120.27
04/04/2025 16:15;120.27
04/04/2025 16:30;120.29
04/04/2025 16:45;120.27
04/04/2025 17:00;120.29
04/04/2025 17:15;120.29
04/04/2025 17:30;120.29
04/04/2025 17:45;120.3
04/04/2025 18:00;120.31
04/04/2025 18:15;120.31
04/04/2025 18:30;120.3
04/04/2025 18:45;120.3
04/04/2025 19:00;120.29
04/04/2025 19:15;120.3
04/04/2025 19:30;120.29
04/04/2025 19:45;120.29
04/04/2025 20:00;120.29
04/04/2025 20:15;120.29
04/04/2025 20:30;120.29
04/04/2025 20:45;120.29
04/04/2025 21:00;120.29
04/04/2025 21:15;120.29
04/04/2025 21:30;120.29
04/04/2025 21:45;120.29
04/04/2025 22:00;120.27
04/04/2025 22:15;120.27
04/04/2025 22:30;120.27
04/04/2025 22:45;120.27
04/04/2025 23:00;120.27
04/04/2025 23:15;120.27
04/04/2025 23:30;120.27
04/04/2025 23:45;120.27
05/04/2025 00:00;120.27
05/04/2025 00:15;120.27
05/04/2025 00:30;120.25
05/04/2025 00:45;120.25
05/04/2025 01:00;120.24
05/04/2025 01:15;120.24
05/04/2025 01:30;120.24
05/04/2025 01:45;120.24
05/04/2025 02:00;120.24
05/04/2025 02:15;120.24
05/04/2025 02:30;120.23
05/04/2025 02:45;120.23
05/04/2025 03:00;120.23
05/04/2025 03:15;120.23
05/04/2025 03:30;120.22
05/04/2025 03:45;120.22
05/04/2025 04:00;120.22
05/04/2025 04:15;120.22
05/04/2025 04:30;120.22
05/04/2025 04:45;120.21
05/04/2025 05:00;120.21
05/04/2025 05:15;120.21
05/04/2025 05:30;120.2
05/04/2025 05:45;120.2
05/04/2025 06:00;120.2
05/04/2025 06:15;120.2
05/04/2025 06:30;120.2
05/04/2025 06:45;120.2
05/04/2025 07:00;120.2
05/04/2025 07:15;120.2
05/04/2025 07:30;120.2
05/04/2025 07:45;120.2
05/04/2025 08:00;120.2
05/04/2025 08:15;120.2
05/04/2025 08:30;120.2
05/04/2025 08:45;120.2
05/04/2025 09:00;120.2
05/04/2025 09:15;120.2
05/04/2025 09:30;120.2
05/04/2025 09:45;120.2
05/04/2025 10:00;120.21
05/04/2025 10:15;120.2
05/04/2025 10:30;120.21
05/04/2025 10:45;120.21
05/04/2025 11:00;120.22
05/04/2025 11:15;120.21
05/04/2025 11:30;120.22
05/04/2025 11:45;120.22
05/04/2025 12:00;120.23
05/04/2025 12:15;120.23
05/04/2025 12:30;120.24
05/04/2025 12:45;120.24
05/04/2025 13:00;120.25
05/04/2025 13:15;120.25
05/04/2025 13:30;120.25
05/04/2025 13:45;120.25
05/04/2025 14:00;120.25
05/04/2025 14:15;120.27
05/04/2025 14:30;120.27
05/04/2025 14:45;120.27
05/04/2025 15:00;120.27
05/04/2025 15:15;120.29
05/04/2025 15:30;120.29
05/04/2025 15:45;120.29
05/04/2025 16:00;120.29
05/04/2025 16:15;120.29
05/04/2025 16:30;120.29
05/04/2025 16:45;120.3
05/04/2025 17:00;120.3
05/04/2025 17:15;120.31
05/04/2025 17:30;120.31
05/04/2025 17:45;120.32
05/04/2025 18:00;120.32
05/04/2025 18:15;120.32
05/04/2025 18:30;120.34
05/04/2025 18:45;120.34
05/04/2025 19:00;120.34
05/04/2025 19:15;120.32
05/04/2025 19:30;120.32
05/04/2025 19:45;120.31
05/04/2025 20:00;120.32
05/04/2025 20:15;120.34
05/04/2025 20:30;120.34
05/04/2025 20:45;120.32
05/04/2025 21:00;120.34
05/04/2025 21:15;120.34
05/04/2025 21:30;120.34
05/04/2025 21:45;120.34
05/04/2025 22:00;120.34
05/04/2025 22:15;120.34
05/04/2025 22:30;120.34
05/04/2025 22:45;120.34
05/04/2025 23:00;120.34
05/04/2025 23:15;120.34
05/04/2025 23:30;120.34
05/04/2025 23:45;120.34
06/04/2025 00:00;120.34
06/04/2025 00:15;120.34
06/04/2025 00:30;120.34
06/04/2025 00:45;120.34
06/04/2025 01:00;120.34
06/04/2025 01:15;120.34
06/04/2025 01:30;120.34
06/04/2025 01:45;120.34
06/04/2025 02:00;120.34
06/04/2025 02:15;120.36
06/04/2025 02:30;120.36
06/04/2025 02:45;120.36
06/04/2025 03:00;120.36
06/04/2025 03:15;120.36
06/04/2025 03:30;120.36
06/04/2025 03:45;120.36
06/04/2025 04:00;120.34
06/04/2025 04:15;120.36
06/04/2025 04:30;120.34
06/04/2025 04:45;120.36
06/04/2025 05:00;120.34
06/04/2025 05:15;120.36
06/04/2025 05:30;120.34
06/04/2025 05:45;120.36
06/04/2025 06:00;120.36
06/04/2025 06:15;120.36
06/04/2025 06:30;120.34
06/04/2025 06:45;120.34
06/04/2025 07:00;120.34
06/04/2025 07:15;120.34
06/04/2025 07:30;120.34
06/04/2025 07:45;120.34
06/04/2025 08:00;120.34
06/04/2025 08:15;120.34
06/04/2025 08:30;120.34
06/04/2025 08:45;120.34
06/04/2025 09:00;120.36
06/04/2025 09:15;120.34
06/04/2025 09:30;120.34
06/04/2025 09:45;120.34
06/04/2025 10:00;120.34
06/04/2025 10:15;120.34
06/04/2025 10:30;120.34
06/04/2025 10:45;120.34
06/04/2025 11:00;120.34
06/04/2025 11:15;120.34
06/04/2025 11:30;120.34
06/04/2025 11:45;120.34
06/04/2025 12:00;120.32
06/04/2025 12:15;120.34
06/04/2025 12:30;120.34
06/04/2025 12:45;120.36
06/04/2025 13:00;120.34
06/04/2025 13:15;120.36
06/04/2025 13:30;120.36
06/04/2025 13:45;120.36
06/04/2025 14:00;120.36
06/04/2025 14:15;120.36
06/04/2025 14:30;120.36
06/04/2025 14:45;120.36
06/04/2025 15:00;120.36
06/04/2025 15:15;120.36
06/04/2025 15:30;120.36
06/04/2025 15:45;120.36
06/04/2025 16:00;120.36
06/04/2025 16:15;120.36
06/04/2025 16:30;120.37
06/04/2025 16:45;120.37
06/04/2025 17:00;120.38
06/04/2025 17:15;120.38
06/04/2025 17:30;120.38
06/04/2025 17:45;120.38
06/04/2025 18:00;120.38
06/04/2025 18:15;120.38
06/04/2025 18:30;120.36
06/04/2025 18:45;120.37
06/04/2025 19:00;120.37
06/04/2025 19:15;120.37
06/04/2025 19:30;120.36
06/04/2025 19:45;120.38
06/04/2025 20:00;120.36
06/04/2025 20:15;120.36
06/04/2025 20:30;120.36
06/04/2025 20:45;120.36
06/04/2025 21:00;120.36
06/04/2025 21:15;120.36
06/04/2025 21:30;120.36
06/04/2025 21:45;120.36
06/04/2025 22:00;120.36
06/04/2025 22:15;120.36
06/04/2025 22:30;120.36
06/04/2025 22:45;120.36
06/04/2025 23:00;120.36
06/04/2025 23:15;120.34
06/04/2025 23:30;120.34
06/04/2025 23:45;120.34
07/04/2025 00:00;120.34
07/04/2025 00:15;120.34
07/04/2025 00:30;120.34
07/04/2025 00:45;120.34
07/04/2025 01:00;120.34
07/04/2025 01:15;120.34
07/04/2025 01:30;120.34
07/04/2025 01:45;120.34
07/04/2025 02:00;120.34
07/04/2025 02:15;120.32
07/04/2025 02:30;120.34
07/04/2025 02:45;120.32
07/04/2025 03:00;120.32
07/04/2025 03:15;120.31
07/04/2025 03:30;120.31
07/04/2025 03:45;120.31
07/04/2025 04:00;120.31
07/04/2025 04:15;120.31
07/04/2025 04:30;120.31
07/04/2025 04:45;120.31
07/04/2025 05:00;120.3
07/04/2025 05:15;120.3
07/04/2025 05:30;120.3
07/04/2025 05:45;120.3
07/04/2025 06:00;120.3
07/04/2025 06:15;120.3
07/04/2025 06:30;120.29
07/04/2025 06:45;120.29
07/04/2025 07:00;120.29
07/04/2025 07:15;120.29
07/04/2025 07:30;120.29
07/04/2025 07:45;120.29
07/04/2025 08:00;120.29
07/04/2025 08:15;120.29
07/04/2025 08:30;120.29
07/04/2025 08:45;120.27
07/04/2025 09:00;120.27
07/04/2025 09:15;120.27
07/04/2025 09:30;120.29
07/04/2025 09:45;120.29
07/04/2025 10:00;120.27
07/04/2025 10:15;120.27
07/04/2025 10:30;120.27
07/04/2025 10:45;120.27
07/04/2025 11:00;120.27
07/04/2025 11:15;120.27
07/04/2025 11:30;120.27
07/04/2025 11:45;120.27
07/04/2025 12:00;120.27
07/04/2025 12:15;120.27
07/04/2025 12:30;120.27
07/04/2025 12:45;120.27
07/04/2025 13:00;120.27
07/04/2025 13:15;120.27
07/04/2025 13:30;120.27
07/04/2025 13:45;120.27
07/04/2025 14:00;120.27
07/04/2025 14:15;120.27
07/04/2025 14:30;120.29
07/04/2025 14:45;120.29
07/04/2025 15:00;120.29
07/04/2025 15:15;120.29
07/04/2025 15:30;120.29
07/04/2025 15:45;120.29
07/04/2025 16:00;120.29
07/04/2025 16:15;120.29
07/04/2025 16:30;120.29
07/04/2025 16:45;120.29
07/04/2025 17:00;120.29
07/04/2025 17:15;120.3
07/04/2025 17:30;120.3
07/04/2025 17:45;120.31
07/04/2025 18:00;120.3
07/04/2025 18:15;120.29
07/04/2025 18:30;120.29
07/04/2025 18:45;120.29
07/04/2025 19:00;120.29
07/04/2025 19:15;120.29
07/04/2025 19:30;120.3
07/04/2025 19:45;120.29
07/04/2025 20:00;120.29
07/04/2025 20:15;120.29
07/04/2025 20:30;120.29
07/04/2025 20:45;120.29
07/04/2025 21:00;120.29
07/04/2025 21:15;120.29
07/04/2025 21:30;120.27
07/04/2025 21:45;120.27
07/04/2025 22:00;120.27
07/04/2025 22:15;120.27
07/04/2025 22:30;120.27
07/04/2025 22:45;120.27
07/04/2025 23:00;120.27
07/04/2025 23:15;120.27
07/04/2025 23:30;120.27
07/04/2025 23:45;120.25
08/04/2025 00:00;120.27
08/04/2025 00:15;120.27
08/04/2025 00:30;120.27
08/04/2025 00:45;120.27
08/04/2025 01:00;120.27
08/04/2025 01:15;120.25
08/04/2025 01:30;120.25
08/04/2025 01:45;120.25
08/04/2025 02:00;120.24
08/04/2025 02:15;120.25
08/04/2025 02:30;120.24
08/04/2025 02:45;120.24
08/04/2025 03:00;120.24
08/04/2025 03:15;120.24
08/04/2025 03:30;120.23
08/04/2025 03:45;120.23
08/04/2025 04:00;120.23
08/04/2025 04:15;120.23
08/04/2025 04:30;120.23
08/04/2025 04:45;120.23
08/04/2025 05:00;120.23
08/04/2025 05:15;120.22
08/04/2025 05:30;120.22
08/04/2025 05:45;120.22
08/04/2025 06:00;120.22
08/04/2025 06:15;120.23
08/04/2025 06:30;120.23
08/04/2025 06:45;120.22
08/04/2025 07:00;120.22
08/04/2025 07:15;120.21
08/04/2025 07:30;120.21
08/04/2025 07:45;120.21
08/04/2025 08:00;120.21
08/04/2025 08:15;120.21
08/04/2025 08:30;120.2
08/04/2025 08:45;120.2
08/04/2025 09:00;120.21
08/04/2025 09:15;120.21
08/04/2025 09:30;120.21
08/04/2025 09:45;120.21
08/04/2025 10:00;120.21
08/04/2025 10:15;120.21
08/04/2025 10:30;120.2
08/04/2025 10:45;120.21
08/04/2025 11:00;120.2
08/04/2025 11:15;120.2
08/04/2025 11:30;120.2
08/04/2025 11:45;120.2
08/04/2025 12:00;120.2
08/04/2025 12:15;120.21
08/04/2025 12:30;120.21
08/04/2025 12:45;120.21
08/04/2025 13:00;120.2
08/04/2025 13:15;120.21
08/04/2025 13:30;120.21
08/04/2025 13:45;120.22
08/04/2025 14:00;120.22
08/04/2025 14:15;120.22
08/04/2025 14:30;120.22
08/04/2025 14:45;120.22
08/04/2025 15:00;120.22
08/04/2025 15:15;120.23
08/04/2025 15:30;120.23
08/04/2025 15:45;120.23
08/04/2025 16:00;120.23
08/04/2025 16:15;120.23
08/04/2025 16:30;120.23
08/04/2025 16:45;120.23
08/04/2025 17:00;120.24
08/04/2025 17:15;120.24
08/04/2025 17:30;120.24
08/04/2025 17:45;120.24
08/04/2025 18:00;120.24
08/04/2025 18:15;120.23
08/04/2025 18:30;120.23
08/04/2025 18:45;120.22
08/04/2025 19:00;120.22
08/04/2025 19:15;120.22
08/04/2025 19:30;120.22
08/04/2025 19:45;120.22
08/04/2025 20:00;120.22
08/04/2025 20:15;120.22
08/04/2025 20:30;120.21
08/04/2025 20:45;120.21
08/04/2025 21:00;120.21
08/04/2025 21:15;120.2
08/04/2025 21:30;120.2
08/04/2025 21:45;120.2
08/04/2025 22:00;120.21
08/04/2025 22:15;120.2
08/04/2025 22:30;120.2
08/04/2025 22:45;120.2
08/04/2025 23:00;120.2
08/04/2025 23:15;120.18
08/04/2025 23:30;120.18
08/04/2025 23:45;120.18
09/04/2025 00:00;120.18
09/04/2025 00:15;120.18
09/04/2025 00:30;120.16
09/04/2025 00:45;120.16
09/04/2025 01:00;120.18
09/04/2025 01:15;120.16
09/04/2025 01:30;120.16
09/04/2025 01:45;120.16
09/04/2025 02:00;120.16
09/04/2025 02:15;120.16
09/04/2025 02:30;120.15
09/04/2025 02:45;120.15
09/04/2025 03:00;120.14
09/04/2025 03:15;120.15
09/04/2025 03:30;120.13
09/04/2025 03:45;120.14
09/04/2025 04:00;120.13
09/04/2025 04:15;120.14
09/04/2025 04:30;120.13
09/04/2025 04:45;120.14
09/04/2025 05:00;120.13
09/04/2025 05:15;120.13
09/04/2025 05:30;120.13
09/04/2025 05:45;120.12
09/04/2025 06:00;120.12
09/04/2025 06:15;120.11
09/04/2025 06:30;120.11
09/04/2025 06:45;120.11
09/04/2025 07:00;120.11
09/04/2025 07:15;120.11
09/04/2025 07:30;120.11
09/04/2025 07:45;120.09
09/04/2025 08:00;120.11
09/04/2025 08:15;120.09
09/04/2025 08:30;120.09
09/04/2025 08:45;120.09
09/04/2025 09:00;120.09
09/04/2025 09:15;120.09
09/04/2025 09:30;120.09
09/04/2025 09:45;120.09
09/04/2025 10:00;120.07
09/04/2025 10:15;120.07
09/04/2025 10:30;120.07
09/04/2025 10:45;120.09
09/04/2025 11:00;120.09
09/04/2025 11:15;120.09
09/04/2025 11:30;120.07
09/04/2025 11:45;120.09
09/04/2025 12:00;120.07
09/04/2025 12:15;120.07
09/04/2025 12:30;120.07
09/04/2025 12:45;120.09
09/04/2025 13:00;120.07
09/04/2025 13:15;120.07
09/04/2025 13:30;120.07
09/04/2025 13:45;120.07
09/04/2025 14:00;120.07
09/04/2025 14:15;120.07
09/04/2025 14:30;120.07
09/04/2025 14:45;120.07
09/04/2025 15:00;120.07
09/04/2025 15:15;120.07
09/04/2025 15:30;120.07
09/04/2025 15:45;120.07
09/04/2025 16:00;120.07
09/04/2025 16:15;120.07
09/04/2025 16:30;120.07
09/04/2025 16:45;120.07
09/04/2025 17:00;120.07
09/04/2025 17:15;120.07
09/04/2025 17:30;120.06
09/04/2025 17:45;120.07
09/04/2025 18:00;120.07
09/04/2025 18:15;120.06
09/04/2025 18:30;120.05
09/04/2025 18:45;120.06
09/04/2025 19:00;120.05
09/04/2025 19:15;120.05
09/04/2025 19:30;120.04
09/04/2025 19:45;120.05
09/04/2025 20:00;120.05
09/04/2025 20:15;120.04
09/04/2025 20:30;120.04
09/04/2025 20:45;120.04
09/04/2025 21:00;120.04
09/04/2025 21:15;120.02
09/04/2025 21:30;120.02
09/04/2025 21:45;120.02
09/04/2025 22:00;120.02
09/04/2025 22:15;120.02
09/04/2025 22:30;120.02
09/04/2025 22:45;120.02
09/04/2025 23:00;120.02
09/04/2025 23:15;120
09/04/2025 23:30;120
09/04/2025 23:45;120
10/04/2025 00:00;120
10/04/2025 00:15;119.99
10/04/2025 00:30;119.98
10/04/2025 00:45;119.98
10/04/2025 01:00;119.98
10/04/2025 01:15;119.98
10/04/2025 01:30;119.98
10/04/2025 01:45;119.98
10/04/2025 02:00;119.97
10/04/2025 02:15;119.97
10/04/2025 02:30;119.96
10/04/2025 02:45;119.96
10/04/2025 03:00;119.96
10/04/2025 03:15;119.96
10/04/2025 03:30;119.95
10/04/2025 03:45;119.96
10/04/2025 04:00;119.95
10/04/2025 04:15;119.95
10/04/2025 04:30;119.95
10/04/2025 04:45;119.95
10/04/2025 05:00;119.93
10/04/2025 05:15;119.93
10/04/2025 05:30;119.93
10/04/2025 05:45;119.93
10/04/2025 06:00;119.93
10/04/2025 06:15;119.93
10/04/2025 06:30;119.93
10/04/2025 06:45;119.91
10/04/2025 07:00;119.91
10/04/2025 07:15;119.9
10/04/2025 07:30;119.9
10/04/2025 07:45;119.89
10/04/2025 08:00;119.89
10/04/2025 08:15;119.89
10/04/2025 08:30;119.89
10/04/2025 08:45;119.88
10/04/2025 09:00;119.88
10/04/2025 09:15;119.88
10/04/2025 09:30;119.88
10/04/2025 09:45;119.88
10/04/2025 10:00;119.87
10/04/2025 10:15;119.86
10/04/2025 10:30;119.86
10/04/2025 10:45;119.86
10/04/2025 11:00;119.86
10/04/2025 11:15;119.84
10/04/2025 11:30;119.87
10/04/2025 11:45;119.86
10/04/2025 12:00;119.86
10/04/2025 12:15;119.86
10/04/2025 12:30;119.86
10/04/2025 12:45;119.84
10/04/2025 13:00;119.84
10/04/2025 13:15;119.86
10/04/2025 13:30;119.84
10/04/2025 13:45;119.84
10/04/2025 14:00;119.84
10/04/2025 14:15;119.84
10/04/2025 14:30;119.84
10/04/2025 14:45;119.84
10/04/2025 15:00;119.84
10/04/2025 15:15;119.84
10/04/2025 15:30;119.84
10/04/2025 15:45;119.84
10/04/2025 16:00;119.84
10/04/2025 16:15;119.84
10/04/2025 16:30;119.84
10/04/2025 16:45;119.84
10/04/2025 17:00;119.84
10/04/2025 17:15;119.84
10/04/2025 17:30;119.84
10/04/2025 17:45;119.86
10/04/2025 18:00;119.86
10/04/2025 18:15;119.84
10/04/2025 18:30;119.81
10/04/2025 18:45;119.82
10/04/2025 19:00;119.81
10/04/2025 19:15;119.81
10/04/2025 19:30;119.81
10/04/2025 19:45;119.82
10/04/2025 20:00;119.81
10/04/2025 20:15;119.8
10/04/2025 20:30;119.8
10/04/2025 20:45;119.8
10/04/2025 21:00;119.81
10/04/2025 21:15;119.8
10/04/2025 21:30;119.8
10/04/2025 21:45;119.79
10/04/2025 22:00;119.79
10/04/2025 22:15;119.79
10/04/2025 22:30;119.79
10/04/2025 22:45;119.77
10/04/2025 23:00;119.77
10/04/2025 23:15;119.77
10/04/2025 23:30;119.77
10/04/2025 23:45;119.77
11/04/2025 00:00;119.77
11/04/2025 00:15;119.75
11/04/2025 00:30;119.74
11/04/2025 00:45;119.74
11/04/2025 01:00;119.74
11/04/2025 01:15;119.74
11/04/2025 01:30;119.74
11/04/2025 01:45;119.73
11/04/2025 02:00;119.73
11/04/2025 02:15;119.72
11/04/2025 02:30;119.72
11/04/2025 02:45;119.72
11/04/2025 03:00;119.71
11/04/2025 03:15;119.71
11/04/2025 03:30;119.7
11/04/2025 03:45;119.7
11/04/2025 04:00;119.7
11/04/2025 04:15;119.7
11/04/2025 04:30;119.68
11/04/2025 04:45;119.68
11/04/2025 05:00;119.68
11/04/2025 05:15;119.68
11/04/2025 05:30;119.68
11/04/2025 05:45;119.66
11/04/2025 06:00;119.66
11/04/2025 06:15;119.66
11/04/2025 06:30;119.65
11/04/2025 06:45;119.65
11/04/2025 07:00;119.65
11/04/2025 07:15;119.65
11/04/2025 07:30;119.64
11/04/2025 07:45;119.64
11/04/2025 08:00;119.64
11/04/2025 08:15;119.63
11/04/2025 08:30;119.63
11/04/2025 08:45;119.63
11/04/2025 09:00;119.62
11/04/2025 09:15;119.62
11/04/2025 09:30;119.62
11/04/2025 09:45;119.61
11/04/2025 10:00;119.61
11/04/2025 10:15;119.61
11/04/2025 10:30;119.61
11/04/2025 10:45;119.59
11/04/2025 11:00;119.59
11/04/2025 11:15;119.61
11/04/2025 11:30;119.61
11/04/2025 11:45;119.61
11/04/2025 12:00;119.59
11/04/2025 12:15;119.59
11/04/2025 12:30;119.59
11/04/2025 12:45;119.59
11/04/2025 13:00;119.59
11/04/2025 13:15;119.59
11/04/2025 13:30;119.59
11/04/2025 13:45;119.59
11/04/2025 14:00;119.59
11/04/2025 14:15;119.59
11/04/2025 14:30;119.59
11/04/2025 14:45;119.59
11/04/2025 15:00;119.59
11/04/2025 15:15;119.59
11/04/2025 15:30;119.57
11/04/2025 15:45;119.57
11/04/2025 16:00;119.56
11/04/2025 16:15;119.56
11/04/2025 16:30;119.57
11/04/2025 16:45;119.57
11/04/2025 17:00;119.59
11/04/2025 17:15;119.59
11/04/2025 17:30;119.59
11/04/2025 17:45;119.59
11/04/2025 18:00;119.57
11/04/2025 18:15;119.57
11/04/2025 18:30;119.57
11/04/2025 18:45;119.57
11/04/2025 19:00;119.56
11/04/2025 19:15;119.56
11/04/2025 19:30;119.56
11/04/2025 19:45;119.56
11/04/2025 20:00;119.56
11/04/2025 20:15;119.55
11/04/2025 20:30;119.55
11/04/2025 20:45;119.55
11/04/2025 21:00;119.55
11/04/2025 21:15;119.52
11/04/2025 21:30;119.54
11/04/2025 21:45;119.54
11/04/2025 22:00;119.52
11/04/2025 22:15;119.52
11/04/2025 22:30;119.54
11/04/2025 22:45;119.52
11/04/2025 23:00;119.52
11/04/2025 23:15;119.54
11/04/2025 23:30;119.54
11/04/2025 23:45;119.54
12/04/2025 00:00;119.52
12/04/2025 00:15;119.52
12/04/2025 00:30;119.52
12/04/2025 00:45;119.5
12/04/2025 01:00;119.5
12/04/2025 01:15;119.49
12/04/2025 01:30;119.49
12/04/2025 01:45;119.49
12/04/2025 02:00;119.49
12/04/2025 02:15;119.48
12/04/2025 02:30;119.48
12/04/2025 02:45;119.47
12/04/2025 03:00;119.47
12/04/2025 03:15;119.47
12/04/2025 03:30;119.46
12/04/2025 03:45;119.46
12/04/2025 04:00;119.46
12/04/2025 04:15;119.46
12/04/2025 04:30;119.45
12/04/2025 04:45;119.45
12/04/2025 05:00;119.45
12/04/2025 05:15;119.45
12/04/2025 05:30;119.45
12/04/2025 05:45;119.43
12/04/2025 06:00;119.43
12/04/2025 06:15;119.43
12/04/2025 06:30;119.43
12/04/2025 06:45;119.43
12/04/2025 07:00;119.41
12/04/2025 07:15;119.41
12/04/2025 07:30;119.4
12/04/2025 07:45;119.4
12/04/2025 08:00;119.4
12/04/2025 08:15;119.39
12/04/2025 08:30;119.4
12/04/2025 08:45;119.39
12/04/2025 09:00;119.39
12/04/2025 09:15;119.38
12/04/2025 09:30;119.38
12/04/2025 09:45;119.37
12/04/2025 10:00;119.37
12/04/2025 10:15;119.37
12/04/2025 10:30;119.37
12/04/2025 10:45;119.38
12/04/2025 11:00;119.37
12/04/2025 11:15;119.37
12/04/2025 11:30;119.36
12/04/2025 11:45;119.36
12/04/2025 12:00;119.36
12/04/2025 12:15;119.36
12/04/2025 12:30;119.37
12/04/2025 12:45;119.36
12/04/2025 13:00;119.36
12/04/2025 13:15;119.36
12/04/2025 13:30;119.36
12/04/2025 13:45;119.34
12/04/2025 14:00;119.36
12/04/2025 14:15;119.36
12/04/2025 14:30;119.36
12/04/2025 14:45;119.36
12/04/2025 15:00;119.36
12/04/2025 15:15;119.36
12/04/2025 15:30;119.34
12/04/2025 15:45;119.34
12/04/2025 16:00;119.34
12/04/2025 16:15;119.36
12/04/2025 16:30;119.36
12/04/2025 16:45;119.36
12/04/2025 17:00;119.34
12/04/2025 17:15;119.34
12/04/2025 17:30;119.34
12/04/2025 17:45;119.34
12/04/2025 18:00;119.34
12/04/2025 18:15;119.34
12/04/2025 18:30;119.34
12/04/2025 18:45;119.34
12/04/2025 19:00;119.34
12/04/2025 19:15;119.32
12/04/2025 19:30;119.34
12/04/2025 19:45;119.34
12/04/2025 20:00;119.32
12/04/2025 20:15;119.31
12/04/2025 20:30;119.31
12/04/2025 20:45;119.34
12/04/2025 21:00;119.32
12/04/2025 21:15;119.31
12/04/2025 21:30;119.34
12/04/2025 21:45;119.34
12/04/2025 22:00;119.31
12/04/2025 22:15;119.32
12/04/2025 22:30;119.31
12/04/2025 22:45;119.29
12/04/2025 23:00;119.27
12/04/2025 23:15;119.29
12/04/2025 23:30;119.29
12/04/2025 23:45;119.27
13/04/2025 00:00;119.29
13/04/2025 00:15;119.27
13/04/2025 00:30;119.27
13/04/2025 00:45;119.27
13/04/2025 01:00;119.27
13/04/2025 01:15;119.27
13/04/2025 01:30;119.25
13/04/2025 01:45;119.25
13/04/2025 02:00;119.25
13/04/2025 02:15;119.23
13/04/2025 02:30;119.23
13/04/2025 02:45;119.24
13/04/2025 03:00;119.23
13/04/2025 03:15;119.22
13/04/2025 03:30;119.22
13/04/2025 03:45;119.22
13/04/2025 04:00;119.22
13/04/2025 04:15;119.2
13/04/2025 04:30;119.2
13/04/2025 04:45;119.2
13/04/2025 05:00;119.2
13/04/2025 05:15;119.2
13/04/2025 05:30;119.2
13/04/2025 05:45;119.2
13/04/2025 06:00;119.18
13/04/2025 06:15;119.2
13/04/2025 06:30;119.18
13/04/2025 06:45;119.18
13/04/2025 07:00;119.18
13/04/2025 07:15;119.18
13/04/2025 07:30;119.18
13/04/2025 07:45;119.16
13/04/2025 08:00;119.18
13/04/2025 08:15;119.16
13/04/2025 08:30;119.16
13/04/2025 08:45;119.15
13/04/2025 09:00;119.15
13/04/2025 09:15;119.14
13/04/2025 09:30;119.15
13/04/2025 09:45;119.14
13/04/2025 10:00;119.13
13/04/2025 10:15;119.13
13/04/2025 10:30;119.14
13/04/2025 10:45;119.14
13/04/2025 11:00;119.12
13/04/2025 11:15;119.15
13/04/2025 11:30;119.14
13/04/2025 11:45;119.14
13/04/2025 12:00;119.13
13/04/2025 12:15;119.14
13/04/2025 12:30;119.12
13/04/2025 12:45;119.12
13/04/2025 13:00;119.12
13/04/2025 13:15;119.12
13/04/2025 13:30;119.13
13/04/2025 13:45;119.12
13/04/2025 14:00;119.13
13/04/2025 14:15;119.12
13/04/2025 14:30;119.13
13/04/2025 14:45;119.12
13/04/2025 15:00;119.12
13/04/2025 15:15;119.12
13/04/2025 15:30;119.13
13/04/2025 15:45;119.12
13/04/2025 16:00;119.12
13/04/2025 16:15;119.13
13/04/2025 16:30;119.13
13/04/2025 16:45;119.13
13/04/2025 17:00;119.13
13/04/2025 17:15;119.13
13/04/2025 17:30;119.12
13/04/2025 17:45;119.12
13/04/2025 18:00;119.12
13/04/2025 18:15;119.12
13/04/2025 18:30;119.12
13/04/2025 18:45;119.13
13/04/2025 19:00;119.12
13/04/2025 19:15;119.11
13/04/2025 19:30;119.12
13/04/2025 19:45;119.11
13/04/2025 20:00;119.11
13/04/2025 20:15;119.11
13/04/2025 20:30;119.11
13/04/2025 20:45;119.11
13/04/2025 21:00;119.11
13/04/2025 21:15;119.12
13/04/2025 21:30;119.12
13/04/2025 21:45;119.11
13/04/2025 22:00;119.11
13/04/2025 22:15;119.09
13/04/2025 22:30;119.07
13/04/2025 22:45;119.09
13/04/2025 23:00;119.07
13/04/2025 23:15;119.06
13/04/2025 23:30;119.07
13/04/2025 23:45;119.09
14/04/2025 00:00;119.06
14/04/2025 00:15;119.07
14/04/2025 00:30;119.06
14/04/2025 00:45;119.07
14/04/2025 01:00;119.06
14/04/2025 01:15;119.06
14/04/2025 01:30;119.06
14/04/2025 01:45;119.05
14/04/2025 02:00;119.06
14/04/2025 02:15;119.06
14/04/2025 02:30;119.06
14/04/2025 02:45;119.06
14/04/2025 03:00;119.06
14/04/2025 03:15;119.05
14/04/2025 03:30;119.05
14/04/2025 03:45;119.05
14/04/2025 04:00;119.05
14/04/2025 04:15;119.04
14/04/2025 04:30;119.04
14/04/2025 04:45;119.04
14/04/2025 05:00;119.04
14/04/2025 05:15;119.04
14/04/2025 05:30;119.04
14/04/2025 05:45;119.04
14/04/2025 06:00;119.04
14/04/2025 06:15;119.04
14/04/2025 06:30;119.04
14/04/2025 06:45;119.02
14/04/2025 07:00;119.04
14/04/2025 07:15;119.02
14/04/2025 07:30;119.02
14/04/2025 07:45;119.02
14/04/2025 08:00;119.02
14/04/2025 08:15;119.02
14/04/2025 08:30;119.02
14/04/2025 08:45;119.02
14/04/2025 09:00;119.02
14/04/2025 09:15;119
14/04/2025 09:30;119
14/04/2025 09:45;118.99
14/04/2025 10:00;118.99
14/04/2025 10:15;118.99
14/04/2025 10:30;119
14/04/2025 10:45;118.99
14/04/2025 11:00;118.98
14/04/2025 11:15;118.99
14/04/2025 11:30;118.99
14/04/2025 11:45;118.98
14/04/2025 12:00;118.98
14/04/2025 12:15;118.98
14/04/2025 12:30;118.98
14/04/2025 12:45;118.97
14/04/2025 13:00;118.98
14/04/2025 13:15;118.99
14/04/2025 13:30;118.98
14/04/2025 13:45;118.98
14/04/2025 14:00;118.98
14/04/2025 14:15;118.98
14/04/2025 14:30;118.98
14/04/2025 14:45;118.98
14/04/2025 15:00;118.98
14/04/2025 15:15;118.99
14/04/2025 15:30;118.99
14/04/2025 15:45;118.99
14/04/2025 16:00;119
14/04/2025 16:15;119
14/04/2025 16:30;119.02
14/04/2025 16:45;119.02
14/04/2025 17:00;119
14/04/2025 17:15;119.02
14/04/2025 17:30;119.02
14/04/2025 17:45;119.02
14/04/2025 18:00;118.99
14/04/2025 18:15;119.02
14/04/2025 18:30;119.04
14/04/2025 18:45;119.02
14/04/2025 19:00;119.02
14/04/2025 19:15;119.02
14/04/2025 19:30;119.02
14/04/2025 19:45;119
14/04/2025 20:00;119.02
14/04/2025 20:15;119
14/04/2025 20:30;119
14/04/2025 20:45;119
14/04/2025 21:00;118.99
14/04/2025 21:15;118.99
14/04/2025 21:30;118.99
14/04/2025 21:45;119
14/04/2025 22:00;118.98
14/04/2025 22:15;118.99
14/04/2025 22:30;118.98
14/04/2025 22:45;118.99
14/04/2025 23:00;118.98
14/04/2025 23:15;118.98
14/04/2025 23:30;118.97
14/04/2025 23:45;118.97
15/04/2025 00:00;118.97
15/04/2025 00:15;118.97
15/04/2025 00:30;118.97
15/04/2025 00:45;118.96
15/04/2025 01:00;118.97
15/04/2025 01:15;118.95
15/04/2025 01:30;118.96
15/04/2025 01:45;118.95
15/04/2025 02:00;118.95
15/04/2025 02:15;118.96
15/04/2025 02:30;118.96
15/04/2025 02:45;118.95
15/04/2025 03:00;118.95
15/04/2025 03:15;118.96
15/04/2025 03:30;118.95
15/04/2025 03:45;118.96
15/04/2025 04:00;118.95
15/04/2025 04:15;118.96
15/04/2025 04:30;118.95
15/04/2025 04:45;118.95
15/04/2025 05:00;118.95
15/04/2025 05:15;118.95
15/04/2025 05:30;118.95
15/04/2025 05:45;118.96
15/04/2025 06:00;118.95
15/04/2025 06:15;118.95
15/04/2025 06:30;118.95
15/04/2025 06:45;118.93
15/04/2025 07:00;118.95
15/04/2025 07:15;118.95
15/04/2025 07:30;118.95
15/04/2025 07:45;118.95
15/04/2025 08:00;118.93
15/04/2025 08:15;118.93
15/04/2025 08:30;118.93
15/04/2025 08:45;118.93
15/04/2025 09:00;118.93
15/04/2025 09:15;118.93
15/04/2025 09:30;118.93
15/04/2025 09:45;118.93
15/04/2025 10:00;118.93
15/04/2025 10:15;118.93
15/04/2025 10:30;118.91
15/04/2025 10:45;118.91
15/04/2025 11:00;118.9
15/04/2025 11:15;118.93
15/04/2025 11:30;118.93
15/04/2025 11:45;118.91
15/04/2025 12:00;118.93
15/04/2025 12:15;118.93
15/04/2025 12:30;118.93
15/04/2025 12:45;118.91
15/04/2025 13:00;118.93
15/04/2025 13:15;118.93
15/04/2025 13:30;118.93
15/04/2025 13:45;118.91
15/04/2025 14:00;118.91
15/04/2025 14:15;118.91
15/04/2025 14:30;118.93
15/04/2025 14:45;118.91
15/04/2025 15:00;118.91
15/04/2025 15:15;118.93
15/04/2025 15:30;118.93
15/04/2025 15:45;118.93
15/04/2025 16:00;118.93
15/04/2025 16:15;118.97
15/04/2025 16:30;118.95
15/04/2025 16:45;118.95
15/04/2025 17:00;118.95
15/04/2025 17:15;118.95
15/04/2025 17:30;118.95
15/04/2025 17:45;118.95
15/04/2025 18:00;118.95
15/04/2025 18:15;118.96
15/04/2025 18:30;118.96
15/04/2025 18:45;118.96
15/04/2025 19:00;118.96
15/04/2025 19:15;118.95
15/04/2025 19:30;118.96
15/04/2025 19:45;118.95
15/04/2025 20:00;118.93
15/04/2025 20:15;118.93
15/04/2025 20:30;118.95
15/04/2025 20:45;118.93
15/04/2025 21:00;118.93
15/04/2025 21:15;118.95
15/04/2025 21:30;118.95
15/04/2025 21:45;118.95
15/04/2025 22:00;118.95
15/04/2025 22:15;118.95
15/04/2025 22:30;118.95
15/04/2025 22:45;118.95
15/04/2025 23:00;118.93
15/04/2025 23:15;118.93
15/04/2025 23:30;118.93
15/04/2025 23:45;118.93
16/04/2025 00:00;118.95
16/04/2025 00:15;118.93
16/04/2025 00:30;118.93
16/04/2025 00:45;118.93
16/04/2025 01:00;118.93
16/04/2025 01:15;118.93
16/04/2025 01:30;118.93
16/04/2025 01:45;118.93
16/04/2025 02:00;118.93
16/04/2025 02:15;118.93
16/04/2025 02:30;118.93
16/04/2025 02:45;118.93
16/04/2025 03:00;118.93
16/04/2025 03:15;118.93
16/04/2025 03:30;118.93
16/04/2025 03:45;118.93
16/04/2025 04:00;118.93
16/04/2025 04:15;118.93
16/04/2025 04:30;118.93
16/04/2025 04:45;118.93
16/04/2025 05:00;118.93
16/04/2025 05:15;118.93
16/04/2025 05:30;118.93
16/04/2025 05:45;118.93
16/04/2025 06:00;118.95
16/04/2025 06:15;118.93
16/04/2025 06:30;118.95
16/04/2025 06:45;118.95
16/04/2025 07:00;118.95
16/04/2025 07:15;118.95
16/04/2025 07:30;118.95
16/04/2025 07:45;118.95
16/04/2025 08:00;118.95
16/04/2025 08:15;118.96
16/04/2025 08:30;118.95
16/04/2025 08:45;118.96
16/04/2025 09:00;118.97
16/04/2025 09:15;118.96
16/04/2025 09:30;118.97
16/04/2025 09:45;118.97
16/04/2025 10:00;118.98
16/04/2025 10:15;118.97
16/04/2025 10:30;118.99
16/04/2025 10:45;118.98
16/04/2025 11:00;118.99
16/04/2025 11:15;118.99
16/04/2025 11:30;118.99
16/04/2025 11:45;118.99
16/04/2025 12:00;118.99
16/04/2025 12:15;119
16/04/2025 12:30;119
16/04/2025 12:45;119
16/04/2025 13:00;119
16/04/2025 13:15;119.02
16/04/2025 13:30;119
16/04/2025 13:45;119.02
16/04/2025 14:00;119.02
16/04/2025 14:15;119.02
16/04/2025 14:30;119.02
16/04/2025 14:45;119.02
16/04/2025 15:00;119.02
16/04/2025 15:15;119.02
16/04/2025 15:30;119.02
16/04/2025 15:45;119.02
16/04/2025 16:00;119.02
16/04/2025 16:15;119.02
16/04/2025 16:30;119.04
16/04/2025 16:45;119.04
16/04/2025 17:00;119.05
16/04/2025 17:15;119.04
16/04/2025 17:30;119.04
16/04/2025 17:45;119.02
16/04/2025 18:00;119.02
16/04/2025 18:15;119.02
16/04/2025 18:30;119.02
16/04/2025 18:45;119.02
16/04/2025 19:00;119.02
16/04/2025 19:15;119.02
16/04/2025 19:30;119.04
16/04/2025 19:45;119.04
16/04/2025 20:00;119.02
16/04/2025 20:15;119.02
16/04/2025 20:30;119.02
16/04/2025 20:45;119.02
16/04/2025 21:00;119.02
16/04/2025 21:15;119.02
16/04/2025 21:30;119.02
16/04/2025 21:45;119.02
16/04/2025 22:00;119
16/04/2025 22:15;119.02
16/04/2025 22:30;119
16/04/2025 22:45;119
16/04/2025 23:00;119
16/04/2025 23:15;119
16/04/2025 23:30;118.99
16/04/2025 23:45;119
17/04/2025 00:00;119
17/04/2025 00:15;119
17/04/2025 00:30;118.99
17/04/2025 00:45;119
17/04/2025 01:00;118.99
17/04/2025 01:15;118.98
17/04/2025 01:30;118.98
17/04/2025 01:45;118.98
17/04/2025 02:00;118.98
17/04/2025 02:15;118.98
17/04/2025 02:30;118.97
17/04/2025 02:45;118.98
17/04/2025 03:00;118.98
17/04/2025 03:15;118.97
17/04/2025 03:30;118.97
17/04/2025 03:45;118.96
17/04/2025 04:00;118.96
17/04/2025 04:15;118.96
17/04/2025 04:30;118.96
17/04/2025 04:45;118.95
17/04/2025 05:00;118.95
17/04/2025 05:15;118.95
17/04/2025 05:30;118.93
17/04/2025 05:45;118.93
17/04/2025 06:00;118.93
17/04/2025 06:15;118.93
17/04/2025 06:30;118.93
17/04/2025 06:45;118.93
17/04/2025 07:00;118.93
17/04/2025 07:15;118.93
17/04/2025 07:30;118.93
17/04/2025 07:45;118.91
17/04/2025 08:00;118.91
17/04/2025 08:15;118.91
17/04/2025 08:30;118.89
17/04/2025 08:45;118.91
17/04/2025 09:00;118.89
17/04/2025 09:15;118.89
17/04/2025 09:30;118.9
17/04/2025 09:45;118.9
17/04/2025 10:00;118.89
17/04/2025 10:15;118.9
17/04/2025 10:30;118.91
17/04/2025 10:45;118.91
17/04/2025 11:00;118.91
17/04/2025 11:15;118.9
17/04/2025 11:30;118.91
17/04/2025 11:45;118.89
17/04/2025 12:00;118.91
17/04/2025 12:15;118.91
17/04/2025 12:30;118.91
17/04/2025 12:45;118.91
17/04/2025 13:00;118.91
17/04/2025 13:15;118.91
17/04/2025 13:30;118.91
17/04/2025 13:45;118.93
17/04/2025 14:00;118.91
17/04/2025 14:15;118.91
17/04/2025 14:30;118.91
17/04/2025 14:45;118.93
17/04/2025 15:00;118.93
17/04/2025 15:15;118.91
17/04/2025 15:30;118.93
17/04/2025 15:45;118.93
17/04/2025 16:00;118.93
17/04/2025 16:15;118.93
17/04/2025 16:30;118.93
17/04/2025 16:45;118.91
17/04/2025 17:00;118.93
17/04/2025 17:15;118.93
17/04/2025 17:30;118.93
17/04/2025 17:45;118.91
17/04/2025 18:00;118.93
17/04/2025 18:15;118.91
17/04/2025 18:30;118.9
17/04/2025 18:45;118.89
17/04/2025 19:00;118.9
17/04/2025 19:15;118.9
17/04/2025 19:30;118.93
17/04/2025 19:45;118.91
17/04/2025 20:00;118.91
17/04/2025 20:15;118.89
17/04/2025 20:30;118.89
17/04/2025 20:45;118.88
17/04/2025 21:00;118.88
17/04/2025 21:15;118.89
17/04/2025 21:30;118.88
17/04/2025 21:45;118.89
17/04/2025 22:00;118.88
17/04/2025 22:15;118.89
17/04/2025 22:30;118.87
17/04/2025 22:45;118.88
17/04/2025 23:00;118.86
17/04/2025 23:15;118.86
17/04/2025 23:30;118.86
17/04/2025 23:45;118.88
18/04/2025 00:00;118.87
18/04/2025 00:15;118.87
18/04/2025 00:30;118.87
18/04/2025 00:45;118.87
18/04/2025 01:00;118.87
18/04/2025 01:15;118.87
18/04/2025 01:30;118.87
18/04/2025 01:45;118.86
18/04/2025 02:00;118.86
18/04/2025 02:15;118.86
18/04/2025 02:30;118.86
18/04/2025 02:45;118.84
18/04/2025 03:00;118.86
18/04/2025 03:15;118.86
18/04/2025 03:30;118.84
18/04/2025 03:45;118.84
18/04/2025 04:00;118.84
18/04/2025 04:15;118.84
18/04/2025 04:30;118.84
18/04/2025 04:45;118.84
18/04/2025 05:00;118.82
18/04/2025 05:15;118.82
18/04/2025 05:30;118.82
18/04/2025 05:45;118.82
18/04/2025 06:00;118.82
18/04/2025 06:15;118.81
18/04/2025 06:30;118.8
18/04/2025 06:45;118.8
18/04/2025 07:00;118.81
18/04/2025 07:15;118.8
18/04/2025 07:30;118.79
18/04/2025 07:45;118.8
18/04/2025 08:00;118.79
18/04/2025 08:15;118.81
18/04/2025 08:30;118.79
18/04/2025 08:45;118.79
18/04/2025 09:00;118.8
18/04/2025 09:15;118.8
18/04/2025 09:30;118.79
18/04/2025 09:45;118.79
18/04/2025 10:00;118.79
18/04/2025 10:15;118.77
18/04/2025 10:30;118.79
18/04/2025 10:45;118.77
18/04/2025 11:00;118.79
18/04/2025 11:15;118.77
18/04/2025 11:30;118.79
18/04/2025 11:45;118.77
18/04/2025 12:00;118.79
18/04/2025 12:15;118.79
18/04/2025 12:30;118.79
18/04/2025 12:45;118.8
18/04/2025 13:00;118.79
18/04/2025 13:15;118.8
18/04/2025 13:30;118.79
18/04/2025 13:45;118.8
18/04/2025 14:00;118.79
18/04/2025 14:15;118.8
18/04/2025 14:30;118.79
18/04/2025 14:45;118.79
18/04/2025 15:00;118.79
18/04/2025 15:15;118.79
18/04/2025 15:30;118.79
18/04/2025 15:45;118.79
18/04/2025 16:00;118.79
18/04/2025 16:15;118.79
18/04/2025 16:30;118.8
18/04/2025 16:45;118.79
18/04/2025 17:00;118.8
18/04/2025 17:15;118.79
18/04/2025 17:30;118.79
18/04/2025 17:45;118.79
18/04/2025 18:00;118.8
18/04/2025 18:15;118.79
18/04/2025 18:30;118.77
18/04/2025 18:45;118.79
18/04/2025 19:00;118.77
18/04/2025 19:15;118.77
18/04/2025 19:30;118.77
18/04/2025 19:45;118.77
18/04/2025 20:00;118.77
18/04/2025 20:15;118.77
18/04/2025 20:30;118.79
18/04/2025 20:45;118.79
18/04/2025 21:00;118.77
18/04/2025 21:15;118.77
18/04/2025 21:30;118.79
18/04/2025 21:45;118.77
18/04/2025 22:00;118.79
18/04/2025 22:15;118.79
18/04/2025 22:30;118.79
18/04/2025 22:45;118.77
18/04/2025 23:00;118.77
18/04/2025 23:15;118.77
18/04/2025 23:30;118.77
18/04/2025 23:45;118.77
19/04/2025 00:00;118.77
19/04/2025 00:15;118.77
19/04/2025 00:30;118.75
19/04/2025 00:45;118.77
19/04/2025 01:00;118.77
19/04/2025 01:15;118.77
19/04/2025 01:30;118.77
19/04/2025 01:45;118.79
19/04/2025 02:00;118.77
19/04/2025 02:15;118.77
19/04/2025 02:30;118.77
19/04/2025 02:45;118.77
19/04/2025 03:00;118.77
19/04/2025 03:15;118.77
19/04/2025 03:30;118.77
19/04/2025 03:45;118.74
19/04/2025 04:00;118.75
19/04/2025 04:15;118.75
19/04/2025 04:30;118.75
19/04/2025 04:45;118.74
19/04/2025 05:00;118.75
19/04/2025 05:15;118.74
19/04/2025 05:30;118.74
19/04/2025 05:45;118.74
19/04/2025 06:00;118.73
19/04/2025 06:15;118.75
19/04/2025 06:30;118.73
19/04/2025 06:45;118.74
19/04/2025 07:00;118.73
19/04/2025 07:15;118.72
19/04/2025 07:30;118.71
19/04/2025 07:45;118.71
19/04/2025 08:00;118.71
19/04/2025 08:15;118.71
19/04/2025 08:30;118.71
19/04/2025 08:45;118.7
19/04/2025 09:00;118.7
19/04/2025 09:15;118.7
19/04/2025 09:30;118.7
19/04/2025 09:45;118.7
19/04/2025 10:00;118.7
19/04/2025 10:15;118.71
19/04/2025 10:30;118.71
19/04/2025 10:45;118.7
19/04/2025 11:00;118.7
19/04/2025 11:15;118.7
19/04/2025 11:30;118.7
19/04/2025 11:45;118.7
19/04/2025 12:00;118.7
19/04/2025 12:15;118.71
19/04/2025 12:30;118.75
19/04/2025 12:45;118.72
19/04/2025 13:00;118.74
19/04/2025 13:15;118.72
19/04/2025 13:30;118.73
19/04/2025 13:45;118.72
19/04/2025 14:00;118.73
19/04/2025 14:15;118.71
19/04/2025 14:30;118.71
19/04/2025 14:45;118.7
19/04/2025 15:00;118.7
19/04/2025 15:15;118.7
19/04/2025 15:30;118.7
19/04/2025 15:45;118.71
19/04/2025 16:00;118.71
19/04/2025 16:15;118.72
19/04/2025 16:30;118.71
19/04/2025 16:45;118.73
19/04/2025 17:00;118.74
19/04/2025 17:15;118.74
19/04/2025 17:30;118.74
19/04/2025 17:45;118.74
19/04/2025 18:00;118.75
19/04/2025 18:15;118.74
19/04/2025 18:30;118.77
19/04/2025 18:45;118.75
19/04/2025 19:00;118.77
19/04/2025 19:15;118.74
19/04/2025 19:30;118.75
19/04/2025 19:45;118.75
19/04/2025 20:00;118.75
19/04/2025 20:15;118.75
19/04/2025 20:30;118.74
19/04/2025 20:45;118.75
19/04/2025 21:00;118.75
19/04/2025 21:15;118.77
19/04/2025 21:30;118.77
19/04/2025 21:45;118.77
19/04/2025 22:00;118.77
19/04/2025 22:15;118.77
19/04/2025 22:30;118.77
19/04/2025 22:45;118.77
19/04/2025 23:00;118.77
19/04/2025 23:15;118.77
19/04/2025 23:30;118.77
19/04/2025 23:45;118.77
20/04/2025 00:00;118.77
20/04/2025 00:15;118.77
20/04/2025 00:30;118.77
20/04/2025 00:45;118.77
20/04/2025 01:00;118.77
20/04/2025 01:15;118.77
20/04/2025 01:30;118.77
20/04/2025 01:45;118.77
20/04/2025 02:00;118.77
20/04/2025 02:15;118.77
20/04/2025 02:30;118.77
20/04/2025 02:45;118.77
20/04/2025 03:00;118.77
20/04/2025 03:15;118.77
20/04/2025 03:30;118.77
20/04/2025 03:45;118.77
20/04/2025 04:00;118.77
20/04/2025 04:15;118.77
20/04/2025 04:30;118.77
20/04/2025 04:45;118.77
20/04/2025 05:00;118.77
20/04/2025 05:15;118.77
20/04/2025 05:30;118.77
20/04/2025 05:45;118.77
20/04/2025 06:00;118.77
20/04/2025 06:15;118.77
20/04/2025 06:30;118.77
20/04/2025 06:45;118.77
20/04/2025 07:00;118.77
20/04/2025 07:15;118.77
20/04/2025 07:30;118.77
20/04/2025 07:45;118.77
20/04/2025 08:00;118.77
20/04/2025 08:15;118.77
20/04/2025 08:30;118.77
20/04/2025 08:45;118.77
20/04/2025 09:00;118.77
20/04/2025 09:15;118.77
20/04/2025 09:30;118.77
20/04/2025 09:45;118.77
20/04/2025 10:00;118.79
20/04/2025 10:15;118.77
20/04/2025 10:30;118.77
20/04/2025 10:45;118.77
20/04/2025 11:00;118.77
20/04/2025 11:15;118.8
20/04/2025 11:30;118.8
20/04/2025 11:45;118.81
20/04/2025 12:00;118.8
20/04/2025 12:15;118.81
20/04/2025 12:30;118.8
20/04/2025 12:45;118.81
20/04/2025 13:00;118.82
20/04/2025 13:15;118.81
20/04/2025 13:30;118.82
20/04/2025 13:45;118.82
20/04/2025 14:00;118.84
20/04/2025 14:15;118.84
20/04/2025 14:30;118.86
20/04/2025 14:45;118.86
20/04/2025 15:00;118.86
20/04/2025 15:15;118.86
20/04/2025 15:30;118.87
20/04/2025 15:45;118.88
20/04/2025 16:00;118.88
20/04/2025 16:15;118.89
20/04/2025 16:30;118.89
20/04/2025 16:45;118.9
20/04/2025 17:00;118.9
20/04/2025 17:15;118.91
20/04/2025 17:30;118.91
20/04/2025 17:45;118.91
20/04/2025 18:00;118.93
20/04/2025 18:15;118.9
20/04/2025 18:30;118.89
20/04/2025 18:45;118.9
20/04/2025 19:00;118.89
20/04/2025 19:15;118.9
20/04/2025 19:30;118.91
20/04/2025 19:45;118.9
20/04/2025 20:00;118.9
20/04/2025 20:15;118.9
20/04/2025 20:30;118.9
20/04/2025 20:45;118.9
20/04/2025 21:00;118.9
20/04/2025 21:15;118.89
20/04/2025 21:30;118.89
20/04/2025 21:45;118.91
20/04/2025 22:00;118.91
20/04/2025 22:15;118.91
20/04/2025 22:30;118.91
20/04/2025 22:45;118.91
20/04/2025 23:00;118.91
20/04/2025 23:15;118.9
20/04/2025 23:30;118.93
20/04/2025 23:45;118.9
21/04/2025 00:00;118.91
21/04/2025 00:15;118.91
21/04/2025 00:30;118.91
21/04/2025 00:45;118.91
21/04/2025 01:00;118.93
21/04/2025 01:15;118.93
21/04/2025 01:30;118.93
21/04/2025 01:45;118.93
21/04/2025 02:00;118.93
21/04/2025 02:15;118.95
21/04/2025 02:30;118.95
21/04/2025 02:45;118.95
21/04/2025 03:00;118.95
21/04/2025 03:15;118.96
21/04/2025 03:30;118.96
21/04/2025 03:45;118.97
21/04/2025 04:00;118.97
21/04/2025 04:15;118.97
21/04/2025 04:30;118.97
21/04/2025 04:45;118.97
21/04/2025 05:00;118.98
21/04/2025 05:15;118.98
21/04/2025 05:30;118.99
21/04/2025 05:45;118.99
21/04/2025 06:00;119
21/04/2025 06:15;118.99
21/04/2025 06:30;119.02
21/04/2025 06:45;119.02
21/04/2025 07:00;119.02
21/04/2025 07:15;118.99
21/04/2025 07:30;118.99
21/04/2025 07:45;119
21/04/2025 08:00;119
21/04/2025 08:15;119
21/04/2025 08:30;119
21/04/2025 08:45;119.02
21/04/2025 09:00;119.02
21/04/2025 09:15;119.02
21/04/2025 09:30;119.02
21/04/2025 09:45;119.02
21/04/2025 10:00;119.02
21/04/2025 10:15;119.04
21/04/2025 10:30;119.02
21/04/2025 10:45;119.04
21/04/2025 11:00;119.04
21/04/2025 11:15;119.05
21/04/2025 11:30;119.05
21/04/2025 11:45;119.05
21/04/2025 12:00;119.05
21/04/2025 12:15;119.05
21/04/2025 12:30;119.06
21/04/2025 12:45;119.06
21/04/2025 13:00;119.07
21/04/2025 13:15;119.07
21/04/2025 13:30;119.09
21/04/2025 13:45;119.09
21/04/2025 14:00;119.11
21/04/2025 14:15;119.11
21/04/2025 14:30;119.11
21/04/2025 14:45;119.11
21/04/2025 15:00;119.12
21/04/2025 15:15;119.12
21/04/2025 15:30;119.12
21/04/2025 15:45;119.14
21/04/2025 16:00;119.14
21/04/2025 16:15;119.15
21/04/2025 16:30;119.15
21/04/2025 16:45;119.16
21/04/2025 17:00;119.16
21/04/2025 17:15;119.18
21/04/2025 17:30;119.18
21/04/2025 17:45;119.18
21/04/2025 18:00;119.2
21/04/2025 18:15;119.2
21/04/2025 18:30;119.2
21/04/2025 18:45;119.2
21/04/2025 19:00;119.2
21/04/2025 19:15;119.18
21/04/2025 19:30;119.18
21/04/2025 19:45;119.2
21/04/2025 20:00;119.2
21/04/2025 20:15;119.2
21/04/2025 20:30;119.21
21/04/2025 20:45;119.2
21/04/2025 21:00;119.2
21/04/2025 21:15;119.21
21/04/2025 21:30;119.21
21/04/2025 21:45;119.22
21/04/2025 22:00;119.22
21/04/2025 22:15;119.22
21/04/2025 22:30;119.21
21/04/2025 22:45;119.21
21/04/2025 23:00;119.22
21/04/2025 23:15;119.21
21/04/2025 23:30;119.22
21/04/2025 23:45;119.22
22/04/2025 00:00;119.23
22/04/2025 00:15;119.22
22/04/2025 00:30;119.23
22/04/2025 00:45;119.21
22/04/2025 01:00;119.22
22/04/2025 01:15;119.23
22/04/2025 01:30;119.23
22/04/2025 01:45;119.24
22/04/2025 02:00;119.25
22/04/2025 02:15;119.25
22/04/2025 02:30;119.25
22/04/2025 02:45;119.27
22/04/2025 03:00;119.27
22/04/2025 03:15;119.27
22/04/2025 03:30;119.27
22/04/2025 03:45;119.29
22/04/2025 04:00;119.27
22/04/2025 04:15;119.29
22/04/2025 04:30;119.29
22/04/2025 04:45;119.29
22/04/2025 05:00;119.29
22/04/2025 05:15;119.3
22/04/2025 05:30;119.29
22/04/2025 05:45;119.3
22/04/2025 06:00;119.31
22/04/2025 06:15;119.31
22/04/2025 06:30;119.32
22/04/2025 06:45;119.32
22/04/2025 07:00;119.34
22/04/2025 07:15;119.32
22/04/2025 07:30;119.34
22/04/2025 07:45;119.32
22/04/2025 08:00;119.34
22/04/2025 08:15;119.32
22/04/2025 08:30;119.34
22/04/2025 08:45;119.34
22/04/2025 09:00;119.36
22/04/2025 09:15;119.36
22/04/2025 09:30;119.36
22/04/2025 09:45;119.36
22/04/2025 10:00;119.36
22/04/2025 10:15;119.37
22/04/2025 10:30;119.37
22/04/2025 10:45;119.38
22/04/2025 11:00;119.38
22/04/2025 11:15;119.39
22/04/2025 11:30;119.37
22/04/2025 11:45;119.39
22/04/2025 12:00;119.38
22/04/2025 12:15;119.39
22/04/2025 12:30;119.39
22/04/2025 12:45;119.4
22/04/2025 13:00;119.4
22/04/2025 13:15;119.4
22/04/2025 13:30;119.41
22/04/2025 13:45;119.4
22/04/2025 14:00;119.41
22/04/2025 14:15;119.43
22/04/2025 14:30;119.43
22/04/2025 14:45;119.43
22/04/2025 15:00;119.43
22/04/2025 15:15;119.43
22/04/2025 15:30;119.43
22/04/2025 15:45;119.43
22/04/2025 16:00;119.43
22/04/2025 16:15;119.43
22/04/2025 16:30;119.43
22/04/2025 16:45;119.43
22/04/2025 17:00;119.43
22/04/2025 17:15;119.45
22/04/2025 17:30;119.45
22/04/2025 17:45;119.45
22/04/2025 18:00;119.43
22/04/2025 18:15;119.45
22/04/2025 18:30;119.45
22/04/2025 18:45;119.45
22/04/2025 19:00;119.45
22/04/2025 19:15;119.46
22/04/2025 19:30;119.46
22/04/2025 19:45;119.46
22/04/2025 20:00;119.46
22/04/2025 20:15;119.45
22/04/2025 20:30;119.47
22/04/2025 20:45;119.46
22/04/2025 21:00;119.46
22/04/2025 21:15;119.46
22/04/2025 21:30;119.48
22/04/2025 21:45;119.47
22/04/2025 22:00;119.47
22/04/2025 22:15;119.47
22/04/2025 22:30;119.47
22/04/2025 22:45;119.46
22/04/2025 23:00;119.46
22/04/2025 23:15;119.47
22/04/2025 23:30;119.48
22/04/2025 23:45;119.48
23/04/2025 00:00;119.47
23/04/2025 00:15;119.49
23/04/2025 00:30;119.48
23/04/2025 00:45;119.49
23/04/2025 01:00;119.47
23/04/2025 01:15;119.48
23/04/2025 01:30;119.46
23/04/2025 01:45;119.47
23/04/2025 02:00;119.46
23/04/2025 02:15;119.47
23/04/2025 02:30;119.47
23/04/2025 02:45;119.47
23/04/2025 03:00;119.47
23/04/2025 03:15;119.47
23/04/2025 03:30;119.48
23/04/2025 03:45;119.48
23/04/2025 04:00;119.48
23/04/2025 04:15;119.47
23/04/2025 04:30;119.47
23/04/2025 04:45;119.46
23/04/2025 05:00;119.47
23/04/2025 05:15;119.46
23/04/2025 05:30;119.48
23/04/2025 05:45;119.48
23/04/2025 06:00;119.48
23/04/2025 06:15;119.48
23/04/2025 06:30;119.47
23/04/2025 06:45;119.48
23/04/2025 07:00;119.47
23/04/2025 07:15;119.47
23/04/2025 07:30;119.46
23/04/2025 07:45;119.47
23/04/2025 08:00;119.46
23/04/2025 08:15;119.47
23/04/2025 08:30;119.46
23/04/2025 08:45;119.48
23/04/2025 09:00;119.48
23/04/2025 09:15;119.48
23/04/2025 09:30;119.48
23/04/2025 09:45;119.48
23/04/2025 10:00;119.48
23/04/2025 10:15;119.48
23/04/2025 10:30;119.48
23/04/2025 10:45;119.48
23/04/2025 11:00;119.49
23/04/2025 11:15;119.52
23/04/2025 11:30;119.52
23/04/2025 11:45;119.52
23/04/2025 12:00;119.54
23/04/2025 12:15;119.52
23/04/2025 12:30;119.52
23/04/2025 12:45;119.52
23/04/2025 13:00;119.54
23/04/2025 13:15;119.54
23/04/2025 13:30;119.55
23/04/2025 13:45;119.55
23/04/2025 14:00;119.56
23/04/2025 14:15;119.56
23/04/2025 14:30;119.59
23/04/2025 14:45;119.59
23/04/2025 15:00;119.59
23/04/2025 15:15;119.59
23/04/2025 15:30;119.59
23/04/2025 15:45;119.61
23/04/2025 16:00;119.61
23/04/2025 16:15;119.62
23/04/2025 16:30;119.62
23/04/2025 16:45;119.63
23/04/2025 17:00;119.64
23/04/2025 17:15;119.65
23/04/2025 17:30;119.65
23/04/2025 17:45;119.66
23/04/2025 18:00;119.66
23/04/2025 18:15;119.66
23/04/2025 18:30;119.66
23/04/2025 18:45;119.68
23/04/2025 19:00;119.68
23/04/2025 19:15;119.68
23/04/2025 19:30;119.68
23/04/2025 19:45;119.68
23/04/2025 20:00;119.66
23/04/2025 20:15;119.68
23/04/2025 20:30;119.68
23/04/2025 20:45;119.68
23/04/2025 21:00;119.68
23/04/2025 21:15;119.7
23/04/2025 21:30;119.68
23/04/2025 21:45;119.68
23/04/2025 22:00;119.68
23/04/2025 22:15;119.68
23/04/2025 22:30;119.68
23/04/2025 22:45;119.68
23/04/2025 23:00;119.68
23/04/2025 23:15;119.68
23/04/2025 23:30;119.68
23/04/2025 23:45;119.68
24/04/2025 00:00;119.68
24/04/2025 00:15;119.68
24/04/2025 00:30;119.7
24/04/2025 00:45;119.68
24/04/2025 01:00;119.7
24/04/2025 01:15;119.7
24/04/2025 01:30;119.7
24/04/2025 01:45;119.7
24/04/2025 02:00;119.7
24/04/2025 02:15;119.7
24/04/2025 02:30;119.7
24/04/2025 02:45;119.7
24/04/2025 03:00;119.7
24/04/2025 03:15;119.7
24/04/2025 03:30;119.7
24/04/2025 03:45;119.71
24/04/2025 04:00;119.7
24/04/2025 04:15;119.71
24/04/2025 04:30;119.7
24/04/2025 04:45;119.71
24/04/2025 05:00;119.71
24/04/2025 05:15;119.72
24/04/2025 05:30;119.72
24/04/2025 05:45;119.73
24/04/2025 06:00;119.73
24/04/2025 06:15;119.72
24/04/2025 06:30;119.72
24/04/2025 06:45;119.72
24/04/2025 07:00;119.73
24/04/2025 07:15;119.72
24/04/2025 07:30;119.73
24/04/2025 07:45;119.73
24/04/2025 08:00;119.73
24/04/2025 08:15;119.73
24/04/2025 08:30;119.72
24/04/2025 08:45;119.72
24/04/2025 09:00;119.73
24/04/2025 09:15;119.74
24/04/2025 09:30;119.74
24/04/2025 09:45;119.74
24/04/2025 10:00;119.75
24/04/2025 10:15;119.74
24/04/2025 10:30;119.74
24/04/2025 10:45;119.74
24/04/2025 11:00;119.74
24/04/2025 11:15;119.77
24/04/2025 11:30;119.79
24/04/2025 11:45;119.77
24/04/2025 12:00;119.79
24/04/2025 12:15;119.79
24/04/2025 12:30;119.79
24/04/2025 12:45;119.77
24/04/2025 13:00;119.8
24/04/2025 13:15;119.79
24/04/2025 13:30;119.8
24/04/2025 13:45;119.8
24/04/2025 14:00;119.81
24/04/2025 14:15;119.81
24/04/2025 14:30;119.82
24/04/2025 14:45;119.84
24/04/2025 15:00;119.84
24/04/2025 15:15;119.86
24/04/2025 15:30;119.86
24/04/2025 15:45;119.86
24/04/2025 16:00;119.86
24/04/2025 16:15;119.87
24/04/2025 16:30;119.87
24/04/2025 16:45;119.88
24/04/2025 17:00;119.89
24/04/2025 17:15;119.89
24/04/2025 17:30;119.9
24/04/2025 17:45;119.9
24/04/2025 18:00;119.9
24/04/2025 18:15;119.91
24/04/2025 18:30;119.9
24/04/2025 18:45;119.9
24/04/2025 19:00;119.91
24/04/2025 19:15;119.91
24/04/2025 19:30;119.9
24/04/2025 19:45;119.91
24/04/2025 20:00;119.91
24/04/2025 20:15;119.91
24/04/2025 20:30;119.91
24/04/2025 20:45;119.91
24/04/2025 21:00;119.91
24/04/2025 21:15;119.91
24/04/2025 21:30;119.91
24/04/2025 21:45;119.91
24/04/2025 22:00;119.91
24/04/2025 22:15;119.91
24/04/2025 22:30;119.9
24/04/2025 22:45;119.9
24/04/2025 23:00;119.9
24/04/2025 23:15;119.9
24/04/2025 23:30;119.9
24/04/2025 23:45;119.9
25/04/2025 00:00;119.9
25/04/2025 00:15;119.89
25/04/2025 00:30;119.89
25/04/2025 00:45;119.89
25/04/2025 01:00;119.89
25/04/2025 01:15;119.89
25/04/2025 01:30;119.89
25/04/2025 01:45;119.89
25/04/2025 02:00;119.89
25/04/2025 02:15;119.89
25/04/2025 02:30;119.89
25/04/2025 02:45;119.88
25/04/2025 03:00;119.88
25/04/2025 03:15;119.88
25/04/2025 03:30;119.88
25/04/2025 03:45;119.88
25/04/2025 04:00;119.88
25/04/2025 04:15;119.87
25/04/2025 04:30;119.87
25/04/2025 04:45;119.87
25/04/2025 05:00;119.87
25/04/2025 05:15;119.87
25/04/2025 05:30;119.87
25/04/2025 05:45;119.87
25/04/2025 06:00;119.87
25/04/2025 06:15;119.87
25/04/2025 06:30;119.87
25/04/2025 06:45;119.87
25/04/2025 07:00;119.87
25/04/2025 07:15;119.87
25/04/2025 07:30;119.87
25/04/2025 07:45;119.87
25/04/2025 08:00;119.86
25/04/2025 08:15;119.86
25/04/2025 08:30;119.86
25/04/2025 08:45;119.86
25/04/2025 09:00;119.86
25/04/2025 09:15;119.86
25/04/2025 09:30;119.86
25/04/2025 09:45;119.86
25/04/2025 10:00;119.86
25/04/2025 10:15;119.88
25/04/2025 10:30;119.89
25/04/2025 10:45;119.88
25/04/2025 11:00;119.89
25/04/2025 11:15;119.89
25/04/2025 11:30;119.88
25/04/2025 11:45;119.88
25/04/2025 12:00;119.89
25/04/2025 12:15;119.89
25/04/2025 12:30;119.9
25/04/2025 12:45;119.89
25/04/2025 13:00;119.9
25/04/2025 13:15;119.9
25/04/2025 13:30;119.91
25/04/2025 13:45;119.93
25/04/2025 14:00;119.93
25/04/2025 14:15;119.93
25/04/2025 14:30;119.93
25/04/2025 14:45;119.93
25/04/2025 15:00;119.95
25/04/2025 15:15;119.95
25/04/2025 15:30;119.95
25/04/2025 15:45;119.96
25/04/2025 16:00;119.96
25/04/2025 16:15;119.97
25/04/2025 16:30;119.97
25/04/2025 16:45;119.97
25/04/2025 17:00;119.98
25/04/2025 17:15;119.95
25/04/2025 17:30;119.95
25/04/2025 17:45;119.96
25/04/2025 18:00;119.96
25/04/2025 18:15;119.96
25/04/2025 18:30;119.97
25/04/2025 18:45;119.97
25/04/2025 19:00;119.97
25/04/2025 19:15;119.97
25/04/2025 19:30;119.97
25/04/2025 19:45;119.97
25/04/2025 20:00;119.96
25/04/2025 20:15;119.95
25/04/2025 20:30;119.93
25/04/2025 20:45;119.93
25/04/2025 21:00;119.95
25/04/2025 21:15;119.95
25/04/2025 21:30;119.95
25/04/2025 21:45;119.96
25/04/2025 22:00;119.97
25/04/2025 22:15;119.98
25/04/2025 22:30;119.98
25/04/2025 22:45;119.98
25/04/2025 23:00;119.98
25/04/2025 23:15;119.98
25/04/2025 23:30;119.97
25/04/2025 23:45;119.96
26/04/2025 00:00;119.96
26/04/2025 00:15;119.95
26/04/2025 00:30;119.95
26/04/2025 00:45;119.95
26/04/2025 01:00;119.97
26/04/2025 01:15;119.97
26/04/2025 01:30;119.96
26/04/2025 01:45;119.96
26/04/2025 02:00;119.97
26/04/2025 02:15;119.97
26/04/2025 02:30;119.98
26/04/2025 02:45;119.98
26/04/2025 03:00;119.99
26/04/2025 03:15;119.98
26/04/2025 03:30;119.98
26/04/2025 03:45;119.98
26/04/2025 04:00;119.98
26/04/2025 04:15;119.99
26/04/2025 04:30;119.99
26/04/2025 04:45;119.99
26/04/2025 05:00;120
26/04/2025 05:15;120
26/04/2025 05:30;119.99
26/04/2025 05:45;120
26/04/2025 06:00;120
26/04/2025 06:15;120
26/04/2025 06:30;120
26/04/2025 06:45;120.02
26/04/2025 07:00;120.02
26/04/2025 07:15;120.02
26/04/2025 07:30;120.02
26/04/2025 07:45;120.02
26/04/2025 08:00;120.02
26/04/2025 08:15;120.02
26/04/2025 08:30;120.04
26/04/2025 08:45;120.04
26/04/2025 09:00;120.04
26/04/2025 09:15;120.04
26/04/2025 09:30;120.04
26/04/2025 09:45;120.04
26/04/2025 10:00;120.04
26/04/2025 10:15;120.05
26/04/2025 10:30;120.05
26/04/2025 10:45;120.05
26/04/2025 11:00;120.06
26/04/2025 11:15;120.06
26/04/2025 11:30;120.09
26/04/2025 11:45;120.09
26/04/2025 12:00;120.09
26/04/2025 12:15;120.09
26/04/2025 12:30;120.11
26/04/2025 12:45;120.09
26/04/2025 13:00;120.11
26/04/2025 13:15;120.11
26/04/2025 13:30;120.11
26/04/2025 13:45;120.12
26/04/2025 14:00;120.12
26/04/2025 14:15;120.13
26/04/2025 14:30;120.13
26/04/2025 14:45;120.14
26/04/2025 15:00;120.14
26/04/2025 15:15;120.14
26/04/2025 15:30;120.14
26/04/2025 15:45;120.15
26/04/2025 16:00;120.15
26/04/2025 16:15;120.16
26/04/2025 16:30;120.18
26/04/2025 16:45;120.18
26/04/2025 17:00;120.18
26/04/2025 17:15;120.2
26/04/2025 17:30;120.2
26/04/2025 17:45;120.21
26/04/2025 18:00;120.2
26/04/2025 18:15;120.2
26/04/2025 18:30;120.21
26/04/2025 18:45;120.22
26/04/2025 19:00;120.21
26/04/2025 19:15;120.22
26/04/2025 19:30;120.22
26/04/2025 19:45;120.24
26/04/2025 20:00;120.24
26/04/2025 20:15;120.25
26/04/2025 20:30;120.23
26/04/2025 20:45;120.23
26/04/2025 21:00;120.23
26/04/2025 21:15;120.24
26/04/2025 21:30;120.24
26/04/2025 21:45;120.23
26/04/2025 22:00;120.23
26/04/2025 22:15;120.23
26/04/2025 22:30;120.23
26/04/2025 22:45;120.23
26/04/2025 23:00;120.24
26/04/2025 23:15;120.23
26/04/2025 23:30;120.24
26/04/2025 23:45;120.23
27/04/2025 00:00;120.24
27/04/2025 00:15;120.23
27/04/2025 00:30;120.23
27/04/2025 00:45;120.23
27/04/2025 01:00;120.23
27/04/2025 01:15;120.23
27/04/2025 01:30;120.22
27/04/2025 01:45;120.23
27/04/2025 02:00;120.23
27/04/2025 02:15;120.23
27/04/2025 02:30;120.23
27/04/2025 02:45;120.23
27/04/2025 03:00;120.23
27/04/2025 03:15;120.23
27/04/2025 03:30;120.23
27/04/2025 03:45;120.23
27/04/2025 04:00;120.23
27/04/2025 04:15;120.23
27/04/2025 04:30;120.23
27/04/2025 04:45;120.23
27/04/2025 05:00;120.23
27/04/2025 05:15;120.23
27/04/2025 05:30;120.23
27/04/2025 05:45;120.23
27/04/2025 06:00;120.23
27/04/2025 06:15;120.24
27/04/2025 06:30;120.24
27/04/2025 06:45;120.24
27/04/2025 07:00;120.24
27/04/2025 07:15;120.24
27/04/2025 07:30;120.24
27/04/2025 07:45;120.24
27/04/2025 08:00;120.24
27/04/2025 08:15;120.24
27/04/2025 08:30;120.23
27/04/2025 08:45;120.24
27/04/2025 09:00;120.25
27/04/2025 09:15;120.27
27/04/2025 09:30;120.27
27/04/2025 09:45;120.27
27/04/2025 10:00;120.27
27/04/2025 10:15;120.27
27/04/2025 10:30;120.27
27/04/2025 10:45;120.27
27/04/2025 11:00;120.27
27/04/2025 11:15;120.29
27/04/2025 11:30;120.29
27/04/2025 11:45;120.29
27/04/2025 12:00;120.29
27/04/2025 12:15;120.29
27/04/2025 12:30;120.29
27/04/2025 12:45;120.29
27/04/2025 13:00;120.3
27/04/2025 13:15;120.3
27/04/2025 13:30;120.31
27/04/2025 13:45;120.31
27/04/2025 14:00;120.32
27/04/2025 14:15;120.32
27/04/2025 14:30;120.34
27/04/2025 14:45;120.34
27/04/2025 15:00;120.34
27/04/2025 15:15;120.34
27/04/2025 15:30;120.36
27/04/2025 15:45;120.36
27/04/2025 16:00;120.36
27/04/2025 16:15;120.36
27/04/2025 16:30;120.36
27/04/2025 16:45;120.37
27/04/2025 17:00;120.37
27/04/2025 17:15;120.37
27/04/2025 17:30;120.37
27/04/2025 17:45;120.38
27/04/2025 18:00;120.38
27/04/2025 18:15;120.39
27/04/2025 18:30;120.37
27/04/2025 18:45;120.38
27/04/2025 19:00;120.38
27/04/2025 19:15;120.38
27/04/2025 19:30;120.38
27/04/2025 19:45;120.38
27/04/2025 20:00;120.38
27/04/2025 20:15;120.38
27/04/2025 20:30;120.38
27/04/2025 20:45;120.38
27/04/2025 21:00;120.38
27/04/2025 21:15;120.38
27/04/2025 21:30;120.38
27/04/2025 21:45;120.37
27/04/2025 22:00;120.37
27/04/2025 22:15;120.36
27/04/2025 22:30;120.36
27/04/2025 22:45;120.36
27/04/2025 23:00;120.36
27/04/2025 23:15;120.36
27/04/2025 23:30;120.34
27/04/2025 23:45;120.36
28/04/2025 00:00;120.34
28/04/2025 00:15;120.34
28/04/2025 00:30;120.34
28/04/2025 00:45;120.34
28/04/2025 01:00;120.34
28/04/2025 01:15;120.34
28/04/2025 01:30;120.32
28/04/2025 01:45;120.32
28/04/2025 02:00;120.32
28/04/2025 02:15;120.32
28/04/2025 02:30;120.32
28/04/2025 02:45;120.32
28/04/2025 03:00;120.31
28/04/2025 03:15;120.31
28/04/2025 03:30;120.3
28/04/2025 03:45;120.3
28/04/2025 04:00;120.31
28/04/2025 04:15;120.31
28/04/2025 04:30;120.3
28/04/2025 04:45;120.3
28/04/2025 05:00;120.3
28/04/2025 05:15;120.3
28/04/2025 05:30;120.29
28/04/2025 05:45;120.3
28/04/2025 06:00;120.29
28/04/2025 06:15;120.29
28/04/2025 06:30;120.29
28/04/2025 06:45;120.29
28/04/2025 07:00;120.29
28/04/2025 07:15;120.29
28/04/2025 07:30;120.27
28/04/2025 07:45;120.29
28/04/2025 08:00;120.29
28/04/2025 08:15;120.29
28/04/2025 08:30;120.27
28/04/2025 08:45;120.29
28/04/2025 09:00;120.29
28/04/2025 09:15;120.29
28/04/2025 09:30;120.3
28/04/2025 09:45;120.29
28/04/2025 10:00;120.29
28/04/2025 10:15;120.29
28/04/2025 10:30;120.29
28/04/2025 10:45;120.29
28/04/2025 11:00;120.29
28/04/2025 11:15;120.29
28/04/2025 11:30;120.29
28/04/2025 11:45;120.29
28/04/2025 12:00;120.29
28/04/2025 12:15;120.29
28/04/2025 12:30;120.29
28/04/2025 12:45;120.3
28/04/2025 13:00;120.31
28/04/2025 13:15;120.31
28/04/2025 13:30;120.31
28/04/2025 13:45;120.31
28/04/2025 14:00;120.32
28/04/2025 14:15;120.32
28/04/2025 14:30;120.32
28/04/2025 14:45;120.34
28/04/2025 15:00;120.34
28/04/2025 15:15;120.34
28/04/2025 15:30;120.34
28/04/2025 15:45;120.34
28/04/2025 16:00;120.34
28/04/2025 16:15;120.32
28/04/2025 16:30;120.31
28/04/2025 16:45;120.31
28/04/2025 17:00;120.31
28/04/2025 17:15;120.3
28/04/2025 17:30;120.31
28/04/2025 17:45;120.3
28/04/2025 18:00;120.32
28/04/2025 18:15;120.31
28/04/2025 18:30;120.34
28/04/2025 18:45;120.34
28/04/2025 19:00;120.34
28/04/2025 19:15;120.34
28/04/2025 19:30;120.34
28/04/2025 19:45;120.34
28/04/2025 20:00;120.34
28/04/2025 20:15;120.34
28/04/2025 20:30;120.32
28/04/2025 20:45;120.32
28/04/2025 21:00;120.32
28/04/2025 21:15;120.34
28/04/2025 21:30;120.32
28/04/2025 21:45;120.32
28/04/2025 22:00;120.32
28/04/2025 22:15;120.32
28/04/2025 22:30;120.32
28/04/2025 22:45;120.32
28/04/2025 23:00;120.32
28/04/2025 23:15;120.32
28/04/2025 23:30;120.34
28/04/2025 23:45;120.34
29/04/2025 00:00;120.34
29/04/2025 00:15;120.36
29/04/2025 00:30;120.36
29/04/2025 00:45;120.36
29/04/2025 01:00;120.37
29/04/2025 01:15;120.36
29/04/2025 01:30;120.36
29/04/2025 01:45;120.36
29/04/2025 02:00;120.34
29/04/2025 02:15;120.34
29/04/2025 02:30;120.34
29/04/2025 02:45;120.32
29/04/2025 03:00;120.32
29/04/2025 03:15;120.34
29/04/2025 03:30;120.32
29/04/2025 03:45;120.32
29/04/2025 04:00;120.32
29/04/2025 04:15;120.32
29/04/2025 04:30;120.32
29/04/2025 04:45;120.32
29/04/2025 05:00;120.32
29/04/2025 05:15;120.32
29/04/2025 05:30;120.32
29/04/2025 05:45;120.32
29/04/2025 06:00;120.32
29/04/2025 06:15;120.32
29/04/2025 06:30;120.32
29/04/2025 06:45;120.32
29/04/2025 07:00;120.31
29/04/2025 07:15;120.31
29/04/2025 07:30;120.31
29/04/2025 07:45;120.31
29/04/2025 08:00;120.3
29/04/2025 08:15;120.3
29/04/2025 08:30;120.3
29/04/2025 08:45;120.3
29/04/2025 09:00;120.3
29/04/2025 09:15;120.31
29/04/2025 09:30;120.32
29/04/2025 09:45;120.32
29/04/2025 10:00;120.32
29/04/2025 10:15;120.32
29/04/2025 10:30;120.32
29/04/2025 10:45;120.32
29/04/2025 11:00;120.32
29/04/2025 11:15;120.32
29/04/2025 11:30;120.32
29/04/2025 11:45;120.32
29/04/2025 12:00;120.32
29/04/2025 12:15;120.34
29/04/2025 12:30;120.34
29/04/2025 12:45;120.34
29/04/2025 13:00;120.34
29/04/2025 13:15;120.32
29/04/2025 13:30;120.34
29/04/2025 13:45;120.34
29/04/2025 14:00;120.34
29/04/2025 14:15;120.34
29/04/2025 14:30;120.34
29/04/2025 14:45;120.34
29/04/2025 15:00;120.36
29/04/2025 15:15;120.36
29/04/2025 15:30;120.36
29/04/2025 15:45;120.36
29/04/2025 16:00;120.34
29/04/2025 16:15;120.34
29/04/2025 16:30;120.34
29/04/2025 16:45;120.34
29/04/2025 17:00;120.34
29/04/2025 17:15;120.36
29/04/2025 17:30;120.36
29/04/2025 17:45;120.36
29/04/2025 18:00;120.36
29/04/2025 18:15;120.36
29/04/2025 18:30;120.36
29/04/2025 18:45;120.36
29/04/2025 19:00;120.36
29/04/2025 19:15;120.36
29/04/2025 19:30;120.37
29/04/2025 19:45;120.39
29/04/2025 20:00;120.4
29/04/2025 20:15;120.4
29/04/2025 20:30;120.39
29/04/2025 20:45;120.39
29/04/2025 21:00;120.39
29/04/2025 21:15;120.38
29/04/2025 21:30;120.38
29/04/2025 21:45;120.38
29/04/2025 22:00;120.38
29/04/2025 22:15;120.37
29/04/2025 22:30;120.37
29/04/2025 22:45;120.37
29/04/2025 23:00;120.39
29/04/2025 23:15;120.4
29/04/2025 23:30;120.4
29/04/2025 23:45;120.4
30/04/2025 00:00;120.4
30/04/2025 00:15;120.39
30/04/2025 00:30;120.39
30/04/2025 00:45;120.4
30/04/2025 01:00;120.4
30/04/2025 01:15;120.4
30/04/2025 01:30;120.4
30/04/2025 01:45;120.4
30/04/2025 02:00;120.39
30/04/2025 02:15;120.38
30/04/2025 02:30;120.38
30/04/2025 02:45;120.38
30/04/2025 03:00;120.38
30/04/2025 03:15;120.38
30/04/2025 03:30;120.38
30/04/2025 03:45;120.38
30/04/2025 04:00;120.38
30/04/2025 04:15;120.38
30/04/2025 04:30;120.38
30/04/2025 04:45;120.38
30/04/2025 05:00;120.38
30/04/2025 05:15;120.38
30/04/2025 05:30;120.37
30/04/2025 05:45;120.37
30/04/2025 06:00;120.37
30/04/2025 06:15;120.37
30/04/2025 06:30;120.38
30/04/2025 06:45;120.37
30/04/2025 07:00;120.36
30/04/2025 07:15;120.36
30/04/2025 07:30;120.37
30/04/2025 07:45;120.37
30/04/2025 08:00;120.38
30/04/2025 08:15;120.37
30/04/2025 08:30;120.36
30/04/2025 08:45;120.36
30/04/2025 09:00;120.38
30/04/2025 09:15;120.37
30/04/2025 09:30;120.36
30/04/2025 09:45;120.36
30/04/2025 10:00;120.36
30/04/2025 10:15;120.36
30/04/2025 10:30;120.37
30/04/2025 10:45;120.37
30/04/2025 11:00;120.37
30/04/2025 11:15;120.37
30/04/2025 11:30;120.37
30/04/2025 11:45;120.37
30/04/2025 12:00;120.39
30/04/2025 12:15;120.39
30/04/2025 12:30;120.38
30/04/2025 12:45;120.39
30/04/2025 13:00;120.39
30/04/2025 13:15;120.39
30/04/2025 13:30;120.38
30/04/2025 13:45;120.4
30/04/2025 14:00;120.39
30/04/2025 14:15;120.39
30/04/2025 14:30;120.38
30/04/2025 14:45;120.39
30/04/2025 15:00;120.39
30/04/2025 15:15;120.4
30/04/2025 15:30;120.4
30/04/2025 15:45;120.41
30/04/2025 16:00;120.41
30/04/2025 16:15;120.41
30/04/2025 16:30;120.41
30/04/2025 16:45;120.43
30/04/2025 17:00;120.41
30/04/2025 17:15;120.43
30/04/2025 17:30;120.43
30/04/2025 17:45;120.43
30/04/2025 18:00;120.43
30/04/2025 18:15;120.41
30/04/2025 18:30;120.41
30/04/2025 18:45;120.41
30/04/2025 19:00;120.43
30/04/2025 19:15;120.41
30/04/2025 19:30;120.43
30/04/2025 19:45;120.43
30/04/2025 20:00;120.43
30/04/2025 20:15;120.43
30/04/2025 20:30;120.43
30/04/2025 20:45;120.43
30/04/2025 21:00;120.43
30/04/2025 21:15;120.43
30/04/2025 21:30;120.43
30/04/2025 21:45;120.45
30/04/2025 22:00;120.43
30/04/2025 22:15;120.45
30/04/2025 22:30;120.45
30/04/2025 22:45;120.43
30/04/2025 23:00;120.43
30/04/2025 23:15;120.43
30/04/2025 23:30;120.43
30/04/2025 23:45;120.43
01/05/2025 00:00;120.41
01/05/2025 00:15;120.43
01/05/2025 00:30;120.41
01/05/2025 00:45;120.41
01/05/2025 01:00;120.41
01/05/2025 01:15;120.43
01/05/2025 01:30;120.41
01/05/2025 01:45;120.41
01/05/2025 02:00;120.4
01/05/2025 02:15;120.4
01/05/2025 02:30;120.4
01/05/2025 02:45;120.4
01/05/2025 03:00;120.39
01/05/2025 03:15;120.39
01/05/2025 03:30;120.39
01/05/2025 03:45;120.39
01/05/2025 04:00;120.38
01/05/2025 04:15;120.38
01/05/2025 04:30;120.37
01/05/2025 04:45;120.37
01/05/2025 05:00;120.37
01/05/2025 05:15;120.36
01/05/2025 05:30;120.36
01/05/2025 05:45;120.36
01/05/2025 06:00;120.36
01/05/2025 06:15;120.36
01/05/2025 06:30;120.36
01/05/2025 06:45;120.36
01/05/2025 07:00;120.36
01/05/2025 07:15;120.34
01/05/2025 07:30;120.34
01/05/2025 07:45;120.34
01/05/2025 08:00;120.34
01/05/2025 08:15;120.34
01/05/2025 08:30;120.32
01/05/2025 08:45;120.32
01/05/2025 09:00;120.32
01/05/2025 09:15;120.32
01/05/2025 09:30;120.31
01/05/2025 09:45;120.31
01/05/2025 10:00;120.31
01/05/2025 10:15;120.3
01/05/2025 10:30;120.3
01/05/2025 10:45;120.3
01/05/2025 11:00;120.29
01/05/2025 11:15;120.3
01/05/2025 11:30;120.31
01/05/2025 11:45;120.31
01/05/2025 12:00;120.31
01/05/2025 12:15;120.31
01/05/2025 12:30;120.31
01/05/2025 12:45;120.31
01/05/2025 13:00;120.31
01/05/2025 13:15;120.31
01/05/2025 13:30;120.31
01/05/2025 13:45;120.3
01/05/2025 14:00;120.31
01/05/2025 14:15;120.31
01/05/2025 14:30;120.32
01/05/2025 14:45;120.32
01/05/2025 15:00;120.32
01/05/2025 15:15;120.32
01/05/2025 15:30;120.32
01/05/2025 15:45;120.34
01/05/2025 16:00;120.32
01/05/2025 16:15;120.34
01/05/2025 16:30;120.34
01/05/2025 16:45;120.34
01/05/2025 17:00;120.34
01/05/2025 17:15;120.34
01/05/2025 17:30;120.34
01/05/2025 17:45;120.34
01/05/2025 18:00;120.34
01/05/2025 18:15;120.34
01/05/2025 18:30;120.34
01/05/2025 18:45;120.34
01/05/2025 19:00;120.31
01/05/2025 19:15;120.32
01/05/2025 19:30;120.32
01/05/2025 19:45;120.32
01/05/2025 20:00;120.3
01/05/2025 20:15;120.32
01/05/2025 20:30;120.31
01/05/2025 20:45;120.31
01/05/2025 21:00;120.3
01/05/2025 21:15;120.3
01/05/2025 21:30;120.29
01/05/2025 21:45;120.29
01/05/2025 22:00;120.3
01/05/2025 22:15;120.29
01/05/2025 22:30;120.29
01/05/2025 22:45;120.29
01/05/2025 23:00;120.29
01/05/2025 23:15;120.27
01/05/2025 23:30;120.27
01/05/2025 23:45;120.27
02/05/2025 00:00;120.27
02/05/2025 00:15;120.27
02/05/2025 00:30;120.27
02/05/2025 00:45;120.27
02/05/2025 01:00;120.25
02/05/2025 01:15;120.25
02/05/2025 01:30;120.25
02/05/2025 01:45;120.25
02/05/2025 02:00;120.24
02/05/2025 02:15;120.23
02/05/2025 02:30;120.23
02/05/2025 02:45;120.23
02/05/2025 03:00;120.22
02/05/2025 03:15;120.22
02/05/2025 03:30;120.22
02/05/2025 03:45;120.22
02/05/2025 04:00;120.21
02/05/2025 04:15;120.2
02/05/2025 04:30;120.2
02/05/2025 04:45;120.2
02/05/2025 05:00;120.2
02/05/2025 05:15;120.2
02/05/2025 05:30;120.2
02/05/2025 05:45;120.18
02/05/2025 06:00;120.18
02/05/2025 06:15;120.18
02/05/2025 06:30;120.18
02/05/2025 06:45;120.18
02/05/2025 07:00;120.18
02/05/2025 07:15;120.18
02/05/2025 07:30;120.16
02/05/2025 07:45;120.15
02/05/2025 08:00;120.15
02/05/2025 08:15;120.14
02/05/2025 08:30;120.14
02/05/2025 08:45;120.14
02/05/2025 09:00;120.14
02/05/2025 09:15;120.14
02/05/2025 09:30;120.12
02/05/2025 09:45;120.11
02/05/2025 10:00;120.11
02/05/2025 10:15;120.12
02/05/2025 10:30;120.12
02/05/2025 10:45;120.09
02/05/2025 11:00;120.11
02/05/2025 11:15;120.11
02/05/2025 11:30;120.11
02/05/2025 11:45;120.11
02/05/2025 12:00;120.11
02/05/2025 12:15;120.09
02/05/2025 12:30;120.12
02/05/2025 12:45;120.13
02/05/2025 13:00;120.11
02/05/2025 13:15;120.12
02/05/2025 13:30;120.12
02/05/2025 13:45;120.11
02/05/2025 14:00;120.11
02/05/2025 14:15;120.13
02/05/2025 14:30;120.12
02/05/2025 14:45;120.13
02/05/2025 15:00;120.12
02/05/2025 15:15;120.13
02/05/2025 15:30;120.13
02/05/2025 15:45;120.14
02/05/2025 16:00;120.14
02/05/2025 16:15;120.14
02/05/2025 16:30;120.14
02/05/2025 16:45;120.15
02/05/2025 17:00;120.15
02/05/2025 17:15;120.15
02/05/2025 17:30;120.16
02/05/2025 17:45;120.16
02/05/2025 18:00;120.18
02/05/2025 18:15;120.16
02/05/2025 18:30;120.18
02/05/2025 18:45;120.18
02/05/2025 19:00;120.16
02/05/2025 19:15;120.14
02/05/2025 19:30;120.14
02/05/2025 19:45;120.14
02/05/2025 20:00;120.14
02/05/2025 20:15;120.15
02/05/2025 20:30;120.15
02/05/2025 20:45;120.14
02/05/2025 21:00;120.14
02/05/2025 21:15;120.14
02/05/2025 21:30;120.13
02/05/2025 21:45;120.13
02/05/2025 22:00;120.13
02/05/2025 22:15;120.13
02/05/2025 22:30;120.12
02/05/2025 22:45;120.12
02/05/2025 23:00;120.12
02/05/2025 23:15;120.12
02/05/2025 23:30;120.11
02/05/2025 23:45;120.11
03/05/2025 00:00;120.09
03/05/2025 00:15;120.09
03/05/2025 00:30;120.09
03/05/2025 00:45;120.09
03/05/2025 01:00;120.09
03/05/2025 01:15;120.07
03/05/2025 01:30;120.07
03/05/2025 01:45;120.07
03/05/2025 02:00;120.07
03/05/2025 02:15;120.07
03/05/2025 02:30;120.06
03/05/2025 02:45;120.06
03/05/2025 03:00;120.05
03/05/2025 03:15;120.05
03/05/2025 03:30;120.05
03/05/2025 03:45;120.05
03/05/2025 04:00;120.04
03/05/2025 04:15;120.04
03/05/2025 04:30;120.04
03/05/2025 04:45;120.04
03/05/2025 05:00;120.02
03/05/2025 05:15;120.02
03/05/2025 05:30;120.02
03/05/2025 05:45;120.02
03/05/2025 06:00;120
03/05/2025 06:15;120
03/05/2025 06:30;120
03/05/2025 06:45;119.99
03/05/2025 07:00;119.99
03/05/2025 07:15;119.98
03/05/2025 07:30;119.98
03/05/2025 07:45;119.98
03/05/2025 08:00;119.98
03/05/2025 08:15;119.98
03/05/2025 08:30;119.99
03/05/2025 08:45;119.97
03/05/2025 09:00;119.98
03/05/2025 09:15;119.99
03/05/2025 09:30;120
03/05/2025 09:45;119.98
03/05/2025 10:00;120
03/05/2025 10:15;119.99
03/05/2025 10:30;119.99
03/05/2025 10:45;119.98
03/05/2025 11:00;120
03/05/2025 11:15;119.99
03/05/2025 11:30;120
03/05/2025 11:45;120
03/05/2025 12:00;120.02
03/05/2025 12:15;120.02
03/05/2025 12:30;120.02
03/05/2025 12:45;120.02
03/05/2025 13:00;120.02
03/05/2025 13:15;120.04
03/05/2025 13:30;120.04
03/05/2025 13:45;120.04
03/05/2025 14:00;120.02
03/05/2025 14:15;120.02
03/05/2025 14:30;120.02
03/05/2025 14:45;120.02
03/05/2025 15:00;120.04
03/05/2025 15:15;120.06
03/05/2025 15:30;120.07
03/05/2025 15:45;120.09
03/05/2025 16:00;120.09
03/05/2025 16:15;120.07
03/05/2025 16:30;120.05
03/05/2025 16:45;120.05
03/05/2025 17:00;120.05
03/05/2025 17:15;120.05
03/05/2025 17:30;120.06
03/05/2025 17:45;120.05
03/05/2025 18:00;120.09
03/05/2025 18:15;120.09
03/05/2025 18:30;120.09
03/05/2025 18:45;120.09
03/05/2025 19:00;120.09
03/05/2025 19:15;120.09
03/05/2025 19:30;120.09
03/05/2025 19:45;120.11
03/05/2025 20:00;120.11
03/05/2025 20:15;120.11
03/05/2025 20:30;120.09
03/05/2025 20:45;120.11
03/05/2025 21:00;120.11
03/05/2025 21:15;120.11
03/05/2025 21:30;120.09
03/05/2025 21:45;120.11
03/05/2025 22:00;120.07
03/05/2025 22:15;120.07
03/05/2025 22:30;120.07
03/05/2025 22:45;120.07
03/05/2025 23:00;120.07
03/05/2025 23:15;120.07
03/05/2025 23:30;120.07
03/05/2025 23:45;120.06
04/05/2025 00:00;120.07
04/05/2025 00:15;120.07
04/05/2025 00:30;120.09
04/05/2025 00:45;120.07
04/05/2025 01:00;120.07
04/05/2025 01:15;120.05
04/05/2025 01:30;120.05
04/05/2025 01:45;120.05
04/05/2025 02:00;120.05
04/05/2025 02:15;120.04
04/05/2025 02:30;120.04
04/05/2025 02:45;120.04
04/05/2025 03:00;120.02
04/05/2025 03:15;120.04
04/05/2025 03:30;120.02
04/05/2025 03:45;120.04
04/05/2025 04:00;120.04
04/05/2025 04:15;120.04
04/05/2025 04:30;120.04
04/05/2025 04:45;120.04
04/05/2025 05:00;120.04
04/05/2025 05:15;120.05
04/05/2025 05:30;120.04
04/05/2025 05:45;120.04
04/05/2025 06:00;120.04
04/05/2025 06:15;120.04
04/05/2025 06:30;120.04
04/05/2025 06:45;120.04
04/05/2025 07:00;120.04
04/05/2025 07:15;120.04
04/05/2025 07:30;120.05
04/05/2025 07:45;120.04
04/05/2025 08:00;120.05
04/05/2025 08:15;120.04
04/05/2025 08:30;120.06
04/05/2025 08:45;120.05
04/05/2025 09:00;120.06
04/05/2025 09:15;120.06
04/05/2025 09:30;120.07
04/05/2025 09:45;120.07
04/05/2025 10:00;120.07
04/05/2025 10:15;120.09
04/05/2025 10:30;120.09
04/05/2025 10:45;120.09
04/05/2025 11:00;120.09
04/05/2025 11:15;120.09
04/05/2025 11:30;120.09
04/05/2025 11:45;120.11
04/05/2025 12:00;120.11
04/05/2025 12:15;120.11
04/05/2025 12:30;120.11
04/05/2025 12:45;120.11
04/05/2025 13:00;120.12
04/05/2025 13:15;120.12
04/05/2025 13:30;120.12
04/05/2025 13:45;120.13
04/05/2025 14:00;120.13
04/05/2025 14:15;120.13
04/05/2025 14:30;120.14
04/05/2025 14:45;120.14
04/05/2025 15:00;120.14
04/05/2025 15:15;120.14
04/05/2025 15:30;120.15
04/05/2025 15:45;120.15
04/05/2025 16:00;120.15
04/05/2025 16:15;120.16
04/05/2025 16:30;120.16
04/05/2025 16:45;120.18
04/05/2025 17:00;120.18
04/05/2025 17:15;120.18
04/05/2025 17:30;120.18
04/05/2025 17:45;120.2
04/05/2025 18:00;120.2
04/05/2025 18:15;120.2
04/05/2025 18:30;120.2
04/05/2025 18:45;120.21
04/05/2025 19:00;120.21
04/05/2025 19:15;120.22
04/05/2025 19:30;120.22
04/05/2025 19:45;120.23
04/05/2025 20:00;120.23
04/05/2025 20:15;120.22
04/05/2025 20:30;120.2
04/05/2025 20:45;120.21
04/05/2025 21:00;120.21
04/05/2025 21:15;120.2
04/05/2025 21:30;120.2
04/05/2025 21:45;120.2
04/05/2025 22:00;120.2
04/05/2025 22:15;120.2
04/05/2025 22:30;120.2
04/05/2025 22:45;120.2
04/05/2025 23:00;120.21
04/05/2025 23:15;120.2
04/05/2025 23:30;120.21
04/05/2025 23:45;120.2
05/05/2025 00:00;120.21
05/05/2025 00:15;120.2
05/05/2025 00:30;120.21
05/05/2025 00:45;120.22
05/05/2025 01:00;120.22
05/05/2025 01:15;120.21
05/05/2025 01:30;120.22
05/05/2025 01:45;120.21
05/05/2025 02:00;120.21
05/05/2025 02:15;120.22
05/05/2025 02:30;120.22
05/05/2025 02:45;120.22
05/05/2025 03:00;120.22
05/05/2025 03:15;120.23
05/05/2025 03:30;120.23
05/05/2025 03:45;120.24
05/05/2025 04:00;120.24
05/05/2025 04:15;120.25
05/05/2025 04:30;120.25
05/05/2025 04:45;120.27
05/05/2025 05:00;120.27
05/05/2025 05:15;120.27
05/05/2025 05:30;120.27
05/05/2025 05:45;120.27
05/05/2025 06:00;120.29
05/05/2025 06:15;120.27
05/05/2025 06:30;120.27
05/05/2025 06:45;120.27
05/05/2025 07:00;120.27
05/05/2025 07:15;120.27
05/05/2025 07:30;120.27
05/05/2025 07:45;120.27
05/05/2025 08:00;120.27
05/05/2025 08:15;120.27
05/05/2025 08:30;120.29
05/05/2025 08:45;120.27
05/05/2025 09:00;120.29
05/05/2025 09:15;120.29
05/05/2025 09:30;120.29
05/05/2025 09:45;120.29
05/05/2025 10:00;120.3
05/05/2025 10:15;120.29
05/05/2025 10:30;120.29
05/05/2025 10:45;120.31
05/05/2025 11:00;120.3
05/05/2025 11:15;120.31
05/05/2025 11:30;120.3
05/05/2025 11:45;120.32
05/05/2025 12:00;120.3
05/05/2025 12:15;120.31
05/05/2025 12:30;120.3
05/05/2025 12:45;120.31
05/05/2025 13:00;120.32
05/05/2025 13:15;120.32
05/05/2025 13:30;120.34
05/05/2025 13:45;120.34
05/05/2025 14:00;120.34
05/05/2025 14:15;120.34
05/05/2025 14:30;120.34
05/05/2025 14:45;120.34
05/05/2025 15:00;120.34
05/05/2025 15:15;120.34
05/05/2025 15:30;120.36
05/05/2025 15:45;120.36
05/05/2025 16:00;120.36
05/05/2025 16:15;120.37
05/05/2025 16:30;120.38
05/05/2025 16:45;120.39
05/05/2025 17:00;120.4
05/05/2025 17:15;120.43
05/05/2025 17:30;120.43
05/05/2025 17:45;120.45
05/05/2025 18:00;120.45
05/05/2025 18:15;120.45
05/05/2025 18:30;120.45
05/05/2025 18:45;120.45
05/05/2025 19:00;120.45
05/05/2025 19:15;120.45
05/05/2025 19:30;120.45
05/05/2025 19:45;120.45
05/05/2025 20:00;120.45
05/05/2025 20:15;120.45
05/05/2025 20:30;120.45
05/05/2025 20:45;120.46
05/05/2025 21:00;120.46
05/05/2025 21:15;120.46
05/05/2025 21:30;120.47
05/05/2025 21:45;120.47
05/05/2025 22:00;120.47
05/05/2025 22:15;120.48
05/05/2025 22:30;120.48
05/05/2025 22:45;120.48
05/05/2025 23:00;120.49
05/05/2025 23:15;120.49
05/05/2025 23:30;120.5
05/05/2025 23:45;120.5
06/05/2025 00:00;120.5
06/05/2025 00:15;120.5
06/05/2025 00:30;120.5
06/05/2025 00:45;120.52
06/05/2025 01:00;120.52
06/05/2025 01:15;120.52
06/05/2025 01:30;120.52
06/05/2025 01:45;120.52
06/05/2025 02:00;120.54
06/05/2025 02:15;120.54
06/05/2025 02:30;120.54
06/05/2025 02:45;120.54
06/05/2025 03:00;120.54
06/05/2025 03:15;120.54
06/05/2025 03:30;120.55
06/05/2025 03:45;120.55
06/05/2025 04:00;120.56
06/05/2025 04:15;120.56
06/05/2025 04:30;120.57
06/05/2025 04:45;120.57
06/05/2025 05:00;120.57
06/05/2025 05:15;120.57
06/05/2025 05:30;120.58
06/05/2025 05:45;120.59
06/05/2025 06:00;120.59
06/05/2025 06:15;120.58
06/05/2025 06:30;120.59
06/05/2025 06:45;120.59
06/05/2025 07:00;120.59
06/05/2025 07:15;120.59
06/05/2025 07:30;120.57
06/05/2025 07:45;120.58
06/05/2025 08:00;120.57
06/05/2025 08:15;120.57
06/05/2025 08:30;120.57
06/05/2025 08:45;120.58
06/05/2025 09:00;120.57
06/05/2025 09:15;120.57
06/05/2025 09:30;120.57
06/05/2025 09:45;120.57
06/05/2025 10:00;120.57
06/05/2025 10:15;120.58
06/05/2025 10:30;120.61
06/05/2025 10:45;120.58
06/05/2025 11:00;120.59
06/05/2025 11:15;120.59
06/05/2025 11:30;120.61
06/05/2025 11:45;120.58
06/05/2025 12:00;120.59
06/05/2025 12:15;120.59
06/05/2025 12:30;120.59
06/05/2025 12:45;120.59
06/05/2025 13:00;120.59
06/05/2025 13:15;120.59
06/05/2025 13:30;120.61
06/05/2025 13:45;120.61
06/05/2025 14:00;120.61
06/05/2025 14:15;120.61
06/05/2025 14:30;120.61
06/05/2025 14:45;120.61
06/05/2025 15:00;120.62
06/05/2025 15:15;120.63
06/05/2025 15:30;120.63
06/05/2025 15:45;120.63
06/05/2025 16:00;120.64
06/05/2025 16:15;120.65
06/05/2025 16:30;120.65
06/05/2025 16:45;120.65
06/05/2025 17:00;120.66
06/05/2025 17:15;120.65
06/05/2025 17:30;120.66
06/05/2025 17:45;120.66
06/05/2025 18:00;120.66
06/05/2025 18:15;120.68
06/05/2025 18:30;120.68
06/05/2025 18:45;120.68
06/05/2025 19:00;120.7
06/05/2025 19:15;120.7
06/05/2025 19:30;120.7
06/05/2025 19:45;120.7
06/05/2025 20:00;120.7
06/05/2025 20:15;120.7
06/05/2025 20:30;120.7
06/05/2025 20:45;120.68
06/05/2025 21:00;120.7
06/05/2025 21:15;120.68
06/05/2025 21:30;120.7
06/05/2025 21:45;120.71
06/05/2025 22:00;120.71
06/05/2025 22:15;120.7
06/05/2025 22:30;120.71
06/05/2025 22:45;120.71
06/05/2025 23:00;120.71
06/05/2025 23:15;120.72
06/05/2025 23:30;120.72
06/05/2025 23:45;120.72
07/05/2025 00:00;120.72
07/05/2025 00:15;120.73
07/05/2025 00:30;120.73
07/05/2025 00:45;120.74
07/05/2025 01:00;120.74
07/05/2025 01:15;120.74
07/05/2025 01:30;120.74
07/05/2025 01:45;120.75
07/05/2025 02:00;120.75
07/05/2025 02:15;120.75
07/05/2025 02:30;120.75
07/05/2025 02:45;120.77
07/05/2025 03:00;120.77
07/05/2025 03:15;120.77
07/05/2025 03:30;120.79
07/05/2025 03:45;120.79
07/05/2025 04:00;120.79
07/05/2025 04:15;120.79
07/05/2025 04:30;120.79
07/05/2025 04:45;120.79
07/05/2025 05:00;120.8
07/05/2025 05:15;120.8
07/05/2025 05:30;120.81
07/05/2025 05:45;120.81
07/05/2025 06:00;120.81
07/05/2025 06:15;120.82
07/05/2025 06:30;120.82
07/05/2025 06:45;120.82
07/05/2025 07:00;120.82
07/05/2025 07:15;120.77
07/05/2025 07:30;120.75
07/05/2025 07:45;120.77
07/05/2025 08:00;120.75
07/05/2025 08:15;120.77
07/05/2025 08:30;120.77
07/05/2025 08:45;120.77
07/05/2025 09:00;120.73
07/05/2025 09:15;120.74
07/05/2025 09:30;120.72
07/05/2025 09:45;120.73
07/05/2025 10:00;120.71
07/05/2025 10:15;120.71
07/05/2025 10:30;120.68
07/05/2025 10:45;120.68
07/05/2025 11:00;120.66
07/05/2025 11:15;120.66
07/05/2025 11:30;120.64
07/05/2025 11:45;120.64
07/05/2025 12:00;120.62
07/05/2025 12:15;120.61
07/05/2025 12:30;120.61
07/05/2025 12:45;120.58
07/05/2025 13:00;120.57
07/05/2025 13:15;120.55
07/05/2025 13:30;120.56
07/05/2025 13:45;120.54
07/05/2025 14:00;120.54
07/05/2025 14:15;120.54
07/05/2025 14:30;120.52
07/05/2025 14:45;120.52
07/05/2025 15:00;120.5
07/05/2025 15:15;120.49
07/05/2025 15:30;120.48
07/05/2025 15:45;120.46
07/05/2025 16:00;120.45
07/05/2025 16:15;120.45
07/05/2025 16:30;120.45
07/05/2025 16:45;120.43
07/05/2025 17:00;120.43
07/05/2025 17:15;120.45
07/05/2025 17:30;120.43
07/05/2025 17:45;120.43
07/05/2025 18:00;120.41
07/05/2025 18:15;120.41
07/05/2025 18:30;120.39
07/05/2025 18:45;120.39
07/05/2025 19:00;120.4
07/05/2025 19:15;120.38
07/05/2025 19:30;120.38
07/05/2025 19:45;120.37
07/05/2025 20:00;120.37
07/05/2025 20:15;120.36
07/05/2025 20:30;120.36
07/05/2025 20:45;120.36
07/05/2025 21:00;120.36
07/05/2025 21:15;120.34
07/05/2025 21:30;120.34
07/05/2025 21:45;120.34
07/05/2025 22:00;120.34
07/05/2025 22:15;120.34
07/05/2025 22:30;120.34
07/05/2025 22:45;120.34
07/05/2025 23:00;120.34
07/05/2025 23:15;120.34
07/05/2025 23:30;120.32
07/05/2025 23:45;120.32
08/05/2025 00:00;120.31
08/05/2025 00:15;120.31
08/05/2025 00:30;120.3
08/05/2025 00:45;120.3
08/05/2025 01:00;120.3
08/05/2025 01:15;120.29
08/05/2025 01:30;120.29
08/05/2025 01:45;120.29
08/05/2025 02:00;120.29
08/05/2025 02:15;120.29
08/05/2025 02:30;120.29
08/05/2025 02:45;120.27
08/05/2025 03:00;120.27
08/05/2025 03:15;120.27
08/05/2025 03:30;120.27
08/05/2025 03:45;120.27
08/05/2025 04:00;120.27
08/05/2025 04:15;120.25
08/05/2025 04:30;120.25
08/05/2025 04:45;120.25
08/05/2025 05:00;120.24
08/05/2025 05:15;120.24
08/05/2025 05:30;120.23
08/05/2025 05:45;120.23
08/05/2025 06:00;120.23
08/05/2025 06:15;120.23
08/05/2025 06:30;120.22
08/05/2025 06:45;120.22
08/05/2025 07:00;120.22
08/05/2025 07:15;120.22
08/05/2025 07:30;120.21
08/05/2025 07:45;120.21
08/05/2025 08:00;120.2
08/05/2025 08:15;120.2
08/05/2025 08:30;120.2
08/05/2025 08:45;120.2
08/05/2025 09:00;120.2
08/05/2025 09:15;120.2
08/05/2025 09:30;120.2
08/05/2025 09:45;120.2
08/05/2025 10:00;120.18
08/05/2025 10:15;120.2
08/05/2025 10:30;120.22
08/05/2025 10:45;120.21
08/05/2025 11:00;120.21
08/05/2025 11:15;120.2
08/05/2025 11:30;120.21
08/05/2025 11:45;120.2
08/05/2025 12:00;120.21
08/05/2025 12:15;120.21
08/05/2025 12:30;120.21
08/05/2025 12:45;120.21
08/05/2025 13:00;120.21
08/05/2025 13:15;120.21
08/05/2025 13:30;120.22
08/05/2025 13:45;120.22
08/05/2025 14:00;120.22
08/05/2025 14:15;120.23
08/05/2025 14:30;120.23
08/05/2025 14:45;120.23
08/05/2025 15:00;120.23
08/05/2025 15:15;120.24
08/05/2025 15:30;120.24
08/05/2025 15:45;120.25
08/05/2025 16:00;120.27
08/05/2025 16:15;120.27
08/05/2025 16:30;120.27
08/05/2025 16:45;120.27
08/05/2025 17:00;120.29
08/05/2025 17:15;120.27
08/05/2025 17:30;120.27
08/05/2025 17:45;120.29
08/05/2025 18:00;120.29
08/05/2025 18:15;120.29
08/05/2025 18:30;120.29
08/05/2025 18:45;120.29
08/05/2025 19:00;120.27
08/05/2025 19:15;120.29
08/05/2025 19:30;120.29
08/05/2025 19:45;120.29
08/05/2025 20:00;120.27
08/05/2025 20:15;120.27
08/05/2025 20:30;120.27
08/05/2025 20:45;120.27
08/05/2025 21:00;120.27
08/05/2025 21:15;120.27
08/05/2025 21:30;120.27
08/05/2025 21:45;120.27
08/05/2025 22:00;120.27
08/05/2025 22:15;120.27
08/05/2025 22:30;120.27
08/05/2025 22:45;120.25
08/05/2025 23:00;120.25
08/05/2025 23:15;120.24
08/05/2025 23:30;120.23
08/05/2025 23:45;120.24
09/05/2025 00:00;120.23
09/05/2025 00:15;120.23
09/05/2025 00:30;120.23
09/05/2025 00:45;120.23
09/05/2025 01:00;120.22
09/05/2025 01:15;120.22
09/05/2025 01:30;120.21
09/05/2025 01:45;120.21
09/05/2025 02:00;120.2
09/05/2025 02:15;120.2
09/05/2025 02:30;120.2
09/05/2025 02:45;120.2
09/05/2025 03:00;120.2
09/05/2025 03:15;120.2
09/05/2025 03:30;120.2
09/05/2025 03:45;120.18
09/05/2025 04:00;120.18
09/05/2025 04:15;120.18
09/05/2025 04:30;120.18
09/05/2025 04:45;120.18
09/05/2025 05:00;120.18
09/05/2025 05:15;120.16
09/05/2025 05:30;120.16
09/05/2025 05:45;120.16
09/05/2025 06:00;120.16
09/05/2025 06:15;120.15
09/05/2025 06:30;120.15
09/05/2025 06:45;120.14
09/05/2025 07:00;120.14
09/05/2025 07:15;120.14
09/05/2025 07:30;120.13
09/05/2025 07:45;120.13
09/05/2025 08:00;120.13
09/05/2025 08:15;120.12
09/05/2025 08:30;120.12
09/05/2025 08:45;120.12
09/05/2025 09:00;120.11
09/05/2025 09:15;120.11
09/05/2025 09:30;120.11
09/05/2025 09:45;120.11
09/05/2025 10:00;120.11
09/05/2025 10:15;120.11
09/05/2025 10:30;120.11
09/05/2025 10:45;120.12
09/05/2025 11:00;120.12
09/05/2025 11:15;120.12
09/05/2025 11:30;120.11
09/05/2025 11:45;120.11
09/05/2025 12:00;120.11
09/05/2025 12:15;120.11
09/05/2025 12:30;120.11
09/05/2025 12:45;120.11
09/05/2025 13:00;120.12
09/05/2025 13:15;120.12
09/05/2025 13:30;120.12
09/05/2025 13:45;120.12
09/05/2025 14:00;120.12
09/05/2025 14:15;120.13
09/05/2025 14:30;120.13
09/05/2025 14:45;120.13
09/05/2025 15:00;120.13
09/05/2025 15:15;120.14
09/05/2025 15:30;120.14
09/05/2025 15:45;120.15
09/05/2025 16:00;120.15
09/05/2025 16:15;120.16
09/05/2025 16:30;120.18
09/05/2025 16:45;120.18
09/05/2025 17:00;120.18
09/05/2025 17:15;120.18
09/05/2025 17:30;120.18
09/05/2025 17:45;120.18
09/05/2025 18:00;120.18
09/05/2025 18:15;120.18
09/05/2025 18:30;120.18
09/05/2025 18:45;120.18
09/05/2025 19:00;120.18
09/05/2025 19:15;120.14
09/05/2025 19:30;120.16
09/05/2025 19:45;120.16
09/05/2025 20:00;120.16
09/05/2025 20:15;120.18
09/05/2025 20:30;120.18
09/05/2025 20:45;120.18
09/05/2025 21:00;120.18
09/05/2025 21:15;120.18
09/05/2025 21:30;120.16
09/05/2025 21:45;120.18
09/05/2025 22:00;120.18
09/05/2025 22:15;120.18
09/05/2025 22:30;120.16
09/05/2025 22:45;120.18
09/05/2025 23:00;120.16
09/05/2025 23:15;120.16
09/05/2025 23:30;120.16
09/05/2025 23:45;120.15
10/05/2025 00:00;120.16
10/05/2025 00:15;120.15
10/05/2025 00:30;120.15
10/05/2025 00:45;120.14
10/05/2025 01:00;120.15
10/05/2025 01:15;120.14
10/05/2025 01:30;120.15
10/05/2025 01:45;120.14
10/05/2025 02:00;120.15
10/05/2025 02:15;120.15
10/05/2025 02:30;120.14
10/05/2025 02:45;120.15
10/05/2025 03:00;120.15
10/05/2025 03:15;120.15
10/05/2025 03:30;120.14
10/05/2025 03:45;120.14
10/05/2025 04:00;120.14
10/05/2025 04:15;120.14
10/05/2025 04:30;120.13
10/05/2025 04:45;120.14
10/05/2025 05:00;120.12
10/05/2025 05:15;120.13
10/05/2025 05:30;120.13
10/05/2025 05:45;120.12
10/05/2025 06:00;120.12
10/05/2025 06:15;120.12
10/05/2025 06:30;120.12
10/05/2025 06:45;120.11
10/05/2025 07:00;120.11
10/05/2025 07:15;120.11
10/05/2025 07:30;120.11
10/05/2025 07:45;120.11
10/05/2025 08:00;120.11
10/05/2025 08:15;120.11
10/05/2025 08:30;120.11
10/05/2025 08:45;120.11
10/05/2025 09:00;120.11
10/05/2025 09:15;120.11
10/05/2025 09:30;120.11
10/05/2025 09:45;120.11
10/05/2025 10:00;120.11
10/05/2025 10:15;120.09
10/05/2025 10:30;120.11
10/05/2025 10:45;120.12
10/05/2025 11:00;120.11
10/05/2025 11:15;120.11
10/05/2025 11:30;120.11
10/05/2025 11:45;120.11
10/05/2025 12:00;120.11
10/05/2025 12:15;120.11
10/05/2025 12:30;120.11
10/05/2025 12:45;120.12
10/05/2025 13:00;120.11
10/05/2025 13:15;120.11
10/05/2025 13:30;120.12
10/05/2025 13:45;120.12
10/05/2025 14:00;120.12
10/05/2025 14:15;120.12
10/05/2025 14:30;120.13
10/05/2025 14:45;120.13
10/05/2025 15:00;120.14
10/05/2025 15:15;120.14
10/05/2025 15:30;120.15
10/05/2025 15:45;120.15
10/05/2025 16:00;120.15
10/05/2025 16:15;120.15
10/05/2025 16:30;120.16
10/05/2025 16:45;120.16
10/05/2025 17:00;120.16
10/05/2025 17:15;120.16
10/05/2025 17:30;120.16
10/05/2025 17:45;120.18
10/05/2025 18:00;120.18
10/05/2025 18:15;120.18
10/05/2025 18:30;120.18
10/05/2025 18:45;120.2
10/05/2025 19:00;120.2
10/05/2025 19:15;120.21
10/05/2025 19:30;120.21
10/05/2025 19:45;120.2
10/05/2025 20:00;120.18
10/05/2025 20:15;120.18
10/05/2025 20:30;120.2
10/05/2025 20:45;120.18
10/05/2025 21:00;120.2
10/05/2025 21:15;120.18
10/05/2025 21:30;120.2
10/05/2025 21:45;120.2
10/05/2025 22:00;120.18
10/05/2025 22:15;120.18
10/05/2025 22:30;120.2
10/05/2025 22:45;120.18
10/05/2025 23:00;120.15
10/05/2025 23:15;120.16
10/05/2025 23:30;120.15
10/05/2025 23:45;120.16
11/05/2025 00:00;120.15
11/05/2025 00:15;120.18
11/05/2025 00:30;120.14
11/05/2025 00:45;120.15
11/05/2025 01:00;120.14
11/05/2025 01:15;120.14
11/05/2025 01:30;120.12
11/05/2025 01:45;120.13
11/05/2025 02:00;120.11
11/05/2025 02:15;120.11
11/05/2025 02:30;120.11
11/05/2025 02:45;120.11
11/05/2025 03:00;120.11
11/05/2025 03:15;120.11
11/05/2025 03:30;120.11
11/05/2025 03:45;120.11
11/05/2025 04:00;120.09
11/05/2025 04:15;120.09
11/05/2025 04:30;120.09
11/05/2025 04:45;120.07
11/05/2025 05:00;120.09
11/05/2025 05:15;120.06
11/05/2025 05:30;120.07
11/05/2025 05:45;120.06
11/05/2025 06:00;120.06
11/05/2025 06:15;120.05
11/05/2025 06:30;120.05
11/05/2025 06:45;120.04
11/05/2025 07:00;120.04
11/05/2025 07:15;120.04
11/05/2025 07:30;120.04
11/05/2025 07:45;120.04
11/05/2025 08:00;120.02
11/05/2025 08:15;120.06
11/05/2025 08:30;120.07
11/05/2025 08:45;120.06
11/05/2025 09:00;120.06
11/05/2025 09:15;120.06
11/05/2025 09:30;120.05
11/05/2025 09:45;120.05
11/05/2025 10:00;120.07
11/05/2025 10:15;120.05
11/05/2025 10:30;120.06
11/05/2025 10:45;120.05
11/05/2025 11:00;120.06
11/05/2025 11:15;120.06
11/05/2025 11:30;120.07
11/05/2025 11:45;120.07
11/05/2025 12:00;120.07
11/05/2025 12:15;120.09
11/05/2025 12:30;120.09
11/05/2025 12:45;120.09
11/05/2025 13:00;120.09
11/05/2025 13:15;120.11
11/05/2025 13:30;120.11
11/05/2025 13:45;120.11
11/05/2025 14:00;120.11
11/05/2025 14:15;120.12
11/05/2025 14:30;120.12
11/05/2025 14:45;120.11
11/05/2025 15:00;120.11
11/05/2025 15:15;120.11
11/05/2025 15:30;120.11
11/05/2025 15:45;120.11
11/05/2025 16:00;120.12
11/05/2025 16:15;120.12
11/05/2025 16:30;120.13
11/05/2025 16:45;120.13
11/05/2025 17:00;120.14
11/05/2025 17:15;120.14
11/05/2025 17:30;120.14
11/05/2025 17:45;120.15
11/05/2025 18:00;120.15
11/05/2025 18:15;120.15
11/05/2025 18:30;120.16
11/05/2025 18:45;120.16
11/05/2025 19:00;120.18
11/05/2025 19:15;120.18
11/05/2025 19:30;120.18
11/05/2025 19:45;120.18
11/05/2025 20:00;120.18
11/05/2025 20:15;120.15
11/05/2025 20:30;120.16
11/05/2025 20:45;120.16
11/05/2025 21:00;120.15
11/05/2025 21:15;120.14
11/05/2025 21:30;120.15
11/05/2025 21:45;120.15
11/05/2025 22:00;120.15
11/05/2025 22:15;120.15
11/05/2025 22:30;120.15
11/05/2025 22:45;120.15
11/05/2025 23:00;120.15
11/05/2025 23:15;120.16
11/05/2025 23:30;120.15
11/05/2025 23:45;120.16
12/05/2025 00:00;120.15
12/05/2025 00:15;120.15
12/05/2025 00:30;120.14
12/05/2025 00:45;120.15
12/05/2025 01:00;120.13
12/05/2025 01:15;120.13
12/05/2025 01:30;120.13
12/05/2025 01:45;120.13
12/05/2025 02:00;120.12
12/05/2025 02:15;120.12
12/05/2025 02:30;120.12
12/05/2025 02:45;120.11
12/05/2025 03:00;120.11
12/05/2025 03:15;120.12
12/05/2025 03:30;120.12
12/05/2025 03:45;120.12
12/05/2025 04:00;120.11
12/05/2025 04:15;120.12
12/05/2025 04:30;120.11
12/05/2025 04:45;120.12
12/05/2025 05:00;120.12
12/05/2025 05:15;120.11
12/05/2025 05:30;120.11
12/05/2025 05:45;120.11
12/05/2025 06:00;120.09
12/05/2025 06:15;120.09
12/05/2025 06:30;120.11
12/05/2025 06:45;120.09
12/05/2025 07:00;120.09
12/05/2025 07:15;120.09
12/05/2025 07:30;120.11
12/05/2025 07:45;120.09
12/05/2025 08:00;120.09
12/05/2025 08:15;120.09
12/05/2025 08:30;120.09
12/05/2025 08:45;120.11
12/05/2025 09:00;120.11
12/05/2025 09:15;120.11
12/05/2025 09:30;120.12
12/05/2025 09:45;120.12
12/05/2025 10:00;120.11
12/05/2025 10:15;120.12
12/05/2025 10:30;120.12
12/05/2025 10:45;120.12
12/05/2025 11:00;120.13
12/05/2025 11:15;120.13
12/05/2025 11:30;120.13
12/05/2025 11:45;120.14
12/05/2025 12:00;120.15
12/05/2025 12:15;120.15
12/05/2025 12:30;120.16
12/05/2025 12:45;120.18
12/05/2025 13:00;120.18
12/05/2025 13:15;120.18
12/05/2025 13:30;120.2
12/05/2025 13:45;120.2
12/05/2025 14:00;120.2
12/05/2025 14:15;120.2
12/05/2025 14:30;120.21
12/05/2025 14:45;120.21
12/05/2025 15:00;120.21
12/05/2025 15:15;120.22
12/05/2025 15:30;120.22
12/05/2025 15:45;120.23
12/05/2025 16:00;120.23
12/05/2025 16:15;120.24
12/05/2025 16:30;120.24
12/05/2025 16:45;120.25
12/05/2025 17:00;120.27
12/05/2025 17:15;120.27
12/05/2025 17:30;120.27
12/05/2025 17:45;120.29
12/05/2025 18:00;120.29
12/05/2025 18:15;120.29
12/05/2025 18:30;120.29
12/05/2025 18:45;120.3
12/05/2025 19:00;120.31
12/05/2025 19:15;120.31
12/05/2025 19:30;120.32
12/05/2025 19:45;120.32
12/05/2025 20:00;120.34
12/05/2025 20:15;120.32
12/05/2025 20:30;120.31
12/05/2025 20:45;120.31
12/05/2025 21:00;120.31
12/05/2025 21:15;120.32
12/05/2025 21:30;120.32
12/05/2025 21:45;120.34
12/05/2025 22:00;120.32
12/05/2025 22:15;120.32
12/05/2025 22:30;120.32
12/05/2025 22:45;120.34
12/05/2025 23:00;120.34
12/05/2025 23:15;120.34
12/05/2025 23:30;120.34
12/05/2025 23:45;120.34
13/05/2025 00:00;120.34
13/05/2025 00:15;120.34
13/05/2025 00:30;120.34
13/05/2025 00:45;120.34
13/05/2025 01:00;120.34
13/05/2025 01:15;120.32
13/05/2025 01:30;120.32
13/05/2025 01:45;120.32
13/05/2025 02:00;120.32
13/05/2025 02:15;120.32
13/05/2025 02:30;120.32
13/05/2025 02:45;120.32
13/05/2025 03:00;120.32
13/05/2025 03:15;120.32
13/05/2025 03:30;120.32
13/05/2025 03:45;120.32
13/05/2025 04:00;120.32
13/05/2025 04:15;120.32
13/05/2025 04:30;120.32
13/05/2025 04:45;120.32
13/05/2025 05:00;120.34
13/05/2025 05:15;120.34
13/05/2025 05:30;120.34
13/05/2025 05:45;120.34
13/05/2025 06:00;120.34
13/05/2025 06:15;120.34
13/05/2025 06:30;120.34
13/05/2025 06:45;120.34
13/05/2025 07:00;120.36
13/05/2025 07:15;120.36
13/05/2025 07:30;120.36
13/05/2025 07:45;120.36
13/05/2025 08:00;120.36
13/05/2025 08:15;120.36
13/05/2025 08:30;120.34
13/05/2025 08:45;120.36
13/05/2025 09:00;120.36
13/05/2025 09:15;120.36
13/05/2025 09:30;120.36
13/05/2025 09:45;120.36
13/05/2025 10:00;120.36
13/05/2025 10:15;120.36
13/05/2025 10:30;120.36
13/05/2025 10:45;120.36
13/05/2025 11:00;120.38
13/05/2025 11:15;120.39
13/05/2025 11:30;120.43
13/05/2025 11:45;120.41
13/05/2025 12:00;120.43
13/05/2025 12:15;120.43
13/05/2025 12:30;120.43
13/05/2025 12:45;120.43
13/05/2025 13:00;120.45
13/05/2025 13:15;120.45
13/05/2025 13:30;120.45
13/05/2025 13:45;120.45
13/05/2025 14:00;120.46
13/05/2025 14:15;120.47
13/05/2025 14:30;120.48
13/05/2025 14:45;120.49
13/05/2025 15:00;120.49
13/05/2025 15:15;120.52
13/05/2025 15:30;120.52
13/05/2025 15:45;120.54
13/05/2025 16:00;120.54
13/05/2025 16:15;120.55
13/05/2025 16:30;120.55
13/05/2025 16:45;120.57
13/05/2025 17:00;120.57
13/05/2025 17:15;120.58
13/05/2025 17:30;120.57
13/05/2025 17:45;120.58
13/05/2025 18:00;120.59
13/05/2025 18:15;120.58
13/05/2025 18:30;120.57
13/05/2025 18:45;120.61
13/05/2025 19:00;120.61
13/05/2025 19:15;120.61
13/05/2025 19:30;120.61
13/05/2025 19:45;120.62
13/05/2025 20:00;120.61
13/05/2025 20:15;120.62
13/05/2025 20:30;120.62
13/05/2025 20:45;120.63
13/05/2025 21:00;120.63
13/05/2025 21:15;120.64
13/05/2025 21:30;120.64
13/05/2025 21:45;120.63
13/05/2025 22:00;120.64
13/05/2025 22:15;120.63
13/05/2025 22:30;120.63
13/05/2025 22:45;120.64
13/05/2025 23:00;120.65
13/05/2025 23:15;120.64
13/05/2025 23:30;120.65
13/05/2025 23:45;120.65
14/05/2025 00:00;120.65
14/05/2025 00:15;120.65
14/05/2025 00:30;120.66
14/05/2025 00:45;120.66
14/05/2025 01:00;120.68
14/05/2025 01:15;120.68
14/05/2025 01:30;120.66
14/05/2025 01:45;120.66
14/05/2025 02:00;120.68
14/05/2025 02:15;120.68
14/05/2025 02:30;120.68
14/05/2025 02:45;120.68
14/05/2025 03:00;120.7
14/05/2025 03:15;120.68
14/05/2025 03:30;120.7
14/05/2025 03:45;120.7
14/05/2025 04:00;120.7
14/05/2025 04:15;120.7
14/05/2025 04:30;120.7
14/05/2025 04:45;120.7
14/05/2025 05:00;120.71
14/05/2025 05:15;120.71
14/05/2025 05:30;120.71
14/05/2025 05:45;120.72
14/05/2025 06:00;120.72
14/05/2025 06:15;120.72
14/05/2025 06:30;120.72
14/05/2025 06:45;120.72
14/05/2025 07:00;120.72
14/05/2025 07:15;120.72
14/05/2025 07:30;120.72
14/05/2025 07:45;120.73
14/05/2025 08:00;120.73
14/05/2025 08:15;120.74
14/05/2025 08:30;120.73
14/05/2025 08:45;120.73
14/05/2025 09:00;120.73
14/05/2025 09:15;120.73
14/05/2025 09:30;120.73
14/05/2025 09:45;120.73
14/05/2025 10:00;120.73
14/05/2025 10:15;120.73
14/05/2025 10:30;120.74
14/05/2025 10:45;120.73
14/05/2025 11:00;120.73
14/05/2025 11:15;120.74
14/05/2025 11:30;120.74
14/05/2025 11:45;120.74
14/05/2025 12:00;120.74
14/05/2025 12:15;120.74
14/05/2025 12:30;120.73
14/05/2025 12:45;120.73
14/05/2025 13:00;120.73
14/05/2025 13:15;120.73
14/05/2025 13:30;120.74
14/05/2025 13:45;120.73
14/05/2025 14:00;120.73
14/05/2025 14:15;120.73
14/05/2025 14:30;120.74
14/05/2025 14:45;120.73
14/05/2025 15:00;120.73
14/05/2025 15:15;120.73
14/05/2025 15:30;120.73
14/05/2025 15:45;120.74
14/05/2025 16:00;120.74
14/05/2025 16:15;120.74
14/05/2025 16:30;120.75
14/05/2025 16:45;120.75
14/05/2025 17:00;120.75
14/05/2025 17:15;120.74
14/05/2025 17:30;120.74
14/05/2025 17:45;120.74
14/05/2025 18:00;120.74
14/05/2025 18:15;120.74
14/05/2025 18:30;120.74
14/05/2025 18:45;120.73
14/05/2025 19:00;120.73
14/05/2025 19:15;120.73
14/05/2025 19:30;120.73
14/05/2025 19:45;120.72
14/05/2025 20:00;120.72
14/05/2025 20:15;120.72
14/05/2025 20:30;120.71
14/05/2025 20:45;120.7
14/05/2025 21:00;120.7
14/05/2025 21:15;120.7
14/05/2025 21:30;120.7
14/05/2025 21:45;120.7
14/05/2025 22:00;120.7
14/05/2025 22:15;120.7
14/05/2025 22:30;120.7
14/05/2025 22:45;120.7
14/05/2025 23:00;120.68
14/05/2025 23:15;120.68
14/05/2025 23:30;120.7
14/05/2025 23:45;120.7
15/05/2025 00:00;120.68
15/05/2025 00:15;120.68
15/05/2025 00:30;120.68
15/05/2025 00:45;120.68
15/05/2025 01:00;120.68
15/05/2025 01:15;120.68
15/05/2025 01:30;120.68
15/05/2025 01:45;120.68
15/05/2025 02:00;120.66
15/05/2025 02:15;120.66
15/05/2025 02:30;120.65
15/05/2025 02:45;120.65
15/05/2025 03:00;120.65
15/05/2025 03:15;120.65
15/05/2025 03:30;120.64
15/05/2025 03:45;120.64
15/05/2025 04:00;120.64
15/05/2025 04:15;120.64
15/05/2025 04:30;120.63
15/05/2025 04:45;120.63
15/05/2025 05:00;120.62
15/05/2025 05:15;120.62
15/05/2025 05:30;120.62
15/05/2025 05:45;120.62
15/05/2025 06:00;120.62
15/05/2025 06:15;120.61
15/05/2025 06:30;120.61
15/05/2025 06:45;120.61
15/05/2025 07:00;120.61
15/05/2025 07:15;120.61
15/05/2025 07:30;120.61
15/05/2025 07:45;120.59
15/05/2025 08:00;120.59
15/05/2025 08:15;120.59
15/05/2025 08:30;120.59
15/05/2025 08:45;120.58
15/05/2025 09:00;120.58
15/05/2025 09:15;120.57
15/05/2025 09:30;120.58
15/05/2025 09:45;120.57
15/05/2025 10:00;120.57
15/05/2025 10:15;120.57
15/05/2025 10:30;120.57
15/05/2025 10:45;120.56
15/05/2025 11:00;120.56
15/05/2025 11:15;120.56
15/05/2025 11:30;120.57
15/05/2025 11:45;120.56
15/05/2025 12:00;120.56
15/05/2025 12:15;120.56
15/05/2025 12:30;120.56
15/05/2025 12:45;120.55
15/05/2025 13:00;120.55
15/05/2025 13:15;120.55
15/05/2025 13:30;120.55
15/05/2025 13:45;120.55
15/05/2025 14:00;120.54
15/05/2025 14:15;120.56
15/05/2025 14:30;120.55
15/05/2025 14:45;120.55
15/05/2025 15:00;120.55
15/05/2025 15:15;120.56
15/05/2025 15:30;120.56
15/05/2025 15:45;120.55
15/05/2025 16:00;120.56
15/05/2025 16:15;120.56
15/05/2025 16:30;120.54
15/05/2025 16:45;120.54
15/05/2025 17:00;120.54
15/05/2025 17:15;120.54
15/05/2025 17:30;120.54
15/05/2025 17:45;120.55
15/05/2025 18:00;120.54
15/05/2025 18:15;120.54
15/05/2025 18:30;120.54
15/05/2025 18:45;120.54
15/05/2025 19:00;120.54
15/05/2025 19:15;120.54
15/05/2025 19:30;120.54
15/05/2025 19:45;120.52
15/05/2025 20:00;120.54
15/05/2025 20:15;120.52
15/05/2025 20:30;120.52
15/05/2025 20:45;120.52
15/05/2025 21:00;120.52
15/05/2025 21:15;120.5
15/05/2025 21:30;120.5
15/05/2025 21:45;120.5
15/05/2025 22:00;120.49
15/05/2025 22:15;120.5
15/05/2025 22:30;120.48
15/05/2025 22:45;120.49
15/05/2025 23:00;120.49
15/05/2025 23:15;120.49
15/05/2025 23:30;120.48
15/05/2025 23:45;120.48
16/05/2025 00:00;120.49
16/05/2025 00:15;120.49
16/05/2025 00:30;120.49
16/05/2025 00:45;120.48
16/05/2025 01:00;120.48
16/05/2025 01:15;120.48
16/05/2025 01:30;120.47
16/05/2025 01:45;120.47
16/05/2025 02:00;120.48
16/05/2025 02:15;120.47
16/05/2025 02:30;120.47
16/05/2025 02:45;120.46
16/05/2025 03:00;120.47
16/05/2025 03:15;120.46
16/05/2025 03:30;120.47
16/05/2025 03:45;120.47
16/05/2025 04:00;120.46
16/05/2025 04:15;120.46
16/05/2025 04:30;120.46
16/05/2025 04:45;120.46
16/05/2025 05:00;120.46
16/05/2025 05:15;120.45
16/05/2025 05:30;120.45
16/05/2025 05:45;120.45
16/05/2025 06:00;120.46
16/05/2025 06:15;120.45
16/05/2025 06:30;120.45
16/05/2025 06:45;120.45
16/05/2025 07:00;120.45
16/05/2025 07:15;120.45
16/05/2025 07:30;120.45
16/05/2025 07:45;120.45
16/05/2025 08:00;120.45
16/05/2025 08:15;120.45
16/05/2025 08:30;120.45
16/05/2025 08:45;120.45
16/05/2025 09:00;120.45
16/05/2025 09:15;120.45
16/05/2025 09:30;120.45
16/05/2025 09:45;120.45
16/05/2025 10:00;120.45
16/05/2025 10:15;120.45
16/05/2025 10:30;120.43
16/05/2025 10:45;120.43
16/05/2025 11:00;120.43
16/05/2025 11:15;120.43
16/05/2025 11:30;120.43
16/05/2025 11:45;120.43
16/05/2025 12:00;120.43
16/05/2025 12:15;120.43
16/05/2025 12:30;120.43
16/05/2025 12:45;120.43
16/05/2025 13:00;120.43
16/05/2025 13:15;120.43
16/05/2025 13:30;120.43
16/05/2025 13:45;120.41
16/05/2025 14:00;120.41
16/05/2025 14:15;120.41
16/05/2025 14:30;120.41
16/05/2025 14:45;120.41
16/05/2025 15:00;120.41
16/05/2025 15:15;120.41
16/05/2025 15:30;120.41
16/05/2025 15:45;120.41
16/05/2025 16:00;120.4
16/05/2025 16:15;120.4
16/05/2025 16:30;120.39
16/05/2025 16:45;120.4
16/05/2025 17:00;120.39
16/05/2025 17:15;120.39
16/05/2025 17:30;120.38
16/05/2025 17:45;120.39
16/05/2025 18:00;120.38
16/05/2025 18:15;120.38
16/05/2025 18:30;120.37
16/05/2025 18:45;120.37
16/05/2025 19:00;120.37
16/05/2025 19:15;120.36
16/05/2025 19:30;120.36
16/05/2025 19:45;120.36
16/05/2025 20:00;120.36
16/05/2025 20:15;120.37
16/05/2025 20:30;120.36
16/05/2025 20:45;120.37
16/05/2025 21:00;120.36
16/05/2025 21:15;120.36
16/05/2025 21:30;120.34
16/05/2025 21:45;120.34
16/05/2025 22:00;120.34
16/05/2025 22:15;120.34
16/05/2025 22:30;120.34
16/05/2025 22:45;120.32
16/05/2025 23:00;120.34
16/05/2025 23:15;120.32
16/05/2025 23:30;120.34
16/05/2025 23:45;120.32
17/05/2025 00:00;120.34
17/05/2025 00:15;120.32
17/05/2025 00:30;120.32
17/05/2025 00:45;120.31
17/05/2025 01:00;120.31
17/05/2025 01:15;120.32
17/05/2025 01:30;120.31
17/05/2025 01:45;120.31
17/05/2025 02:00;120.31
17/05/2025 02:15;120.31
17/05/2025 02:30;120.3
17/05/2025 02:45;120.3
17/05/2025 03:00;120.3
17/05/2025 03:15;120.3
17/05/2025 03:30;120.29
17/05/2025 03:45;120.3
17/05/2025 04:00;120.29
17/05/2025 04:15;120.29
17/05/2025 04:30;120.29
17/05/2025 04:45;120.29
17/05/2025 05:00;120.29
17/05/2025 05:15;120.29
17/05/2025 05:30;120.29
17/05/2025 05:45;120.29
17/05/2025 06:00;120.29
17/05/2025 06:15;120.29
17/05/2025 06:30;120.29
17/05/2025 06:45;120.29
17/05/2025 07:00;120.29
17/05/2025 07:15;120.29
17/05/2025 07:30;120.29
17/05/2025 07:45;120.29
17/05/2025 08:00;120.29
17/05/2025 08:15;120.29
17/05/2025 08:30;120.27
17/05/2025 08:45;120.27
17/05/2025 09:00;120.27
17/05/2025 09:15;120.27
17/05/2025 09:30;120.29
17/05/2025 09:45;120.27
17/05/2025 10:00;120.27
17/05/2025 10:15;120.27
17/05/2025 10:30;120.27
17/05/2025 10:45;120.27
17/05/2025 11:00;120.27
17/05/2025 11:15;120.27
17/05/2025 11:30;120.27
17/05/2025 11:45;120.27
17/05/2025 12:00;120.27
17/05/2025 12:15;120.27
17/05/2025 12:30;120.27
17/05/2025 12:45;120.27
17/05/2025 13:00;120.27
17/05/2025 13:15;120.27
17/05/2025 13:30;120.27
17/05/2025 13:45;120.27
17/05/2025 14:00;120.27
17/05/2025 14:15;120.27
17/05/2025 14:30;120.27
17/05/2025 14:45;120.27
17/05/2025 15:00;120.27
17/05/2025 15:15;120.27
17/05/2025 15:30;120.27
17/05/2025 15:45;120.25
17/05/2025 16:00;120.25
17/05/2025 16:15;120.25
17/05/2025 16:30;120.27
17/05/2025 16:45;120.25
17/05/2025 17:00;120.25
17/05/2025 17:15;120.27
17/05/2025 17:30;120.25
17/05/2025 17:45;120.25
17/05/2025 18:00;120.25
17/05/2025 18:15;120.25
17/05/2025 18:30;120.24
17/05/2025 18:45;120.24
17/05/2025 19:00;120.24
17/05/2025 19:15;120.24
17/05/2025 19:30;120.25
17/05/2025 19:45;120.23
17/05/2025 20:00;120.23
17/05/2025 20:15;120.23
17/05/2025 20:30;120.22
17/05/2025 20:45;120.21
17/05/2025 21:00;120.23
17/05/2025 21:15;120.23
17/05/2025 21:30;120.22
17/05/2025 21:45;120.22
17/05/2025 22:00;120.22
17/05/2025 22:15;120.22
17/05/2025 22:30;120.22
17/05/2025 22:45;120.22
17/05/2025 23:00;120.22
17/05/2025 23:15;120.21
17/05/2025 23:30;120.22
17/05/2025 23:45;120.21
18/05/2025 00:00;120.21
18/05/2025 00:15;120.22
18/05/2025 00:30;120.21
18/05/2025 00:45;120.22
18/05/2025 01:00;120.22
18/05/2025 01:15;120.22
18/05/2025 01:30;120.21
18/05/2025 01:45;120.22
18/05/2025 02:00;120.21
18/05/2025 02:15;120.22
18/05/2025 02:30;120.21
18/05/2025 02:45;120.22
18/05/2025 03:00;120.22
18/05/2025 03:15;120.22
18/05/2025 03:30;120.22
18/05/2025 03:45;120.22
18/05/2025 04:00;120.22
18/05/2025 04:15;120.22
18/05/2025 04:30;120.22
18/05/2025 04:45;120.22
18/05/2025 05:00;120.22
18/05/2025 05:15;120.22
18/05/2025 05:30;120.22
18/05/2025 05:45;120.22
18/05/2025 06:00;120.23
18/05/2025 06:15;120.23
18/05/2025 06:30;120.23
18/05/2025 06:45;120.23
18/05/2025 07:00;120.23
18/05/2025 07:15;120.23
18/05/2025 07:30;120.23
18/05/2025 07:45;120.23
18/05/2025 08:00;120.23
18/05/2025 08:15;120.23
18/05/2025 08:30;120.23
18/05/2025 08:45;120.24
18/05/2025 09:00;120.23
18/05/2025 09:15;120.24
18/05/2025 09:30;120.23
18/05/2025 09:45;120.23
18/05/2025 10:00;120.23
18/05/2025 10:15;120.24
18/05/2025 10:30;120.24
18/05/2025 10:45;120.24
18/05/2025 11:00;120.24
18/05/2025 11:15;120.24
18/05/2025 11:30;120.24
18/05/2025 11:45;120.24
18/05/2025 12:00;120.25
18/05/2025 12:15;120.24
18/05/2025 12:30;120.25
18/05/2025 12:45;120.24
18/05/2025 13:00;120.24
18/05/2025 13:15;120.24
18/05/2025 13:30;120.25
18/05/2025 13:45;120.25
18/05/2025 14:00;120.25
18/05/2025 14:15;120.24
18/05/2025 14:30;120.25
18/05/2025 14:45;120.25
18/05/2025 15:00;120.25
18/05/2025 15:15;120.25
18/05/2025 15:30;120.25
18/05/2025 15:45;120.25
18/05/2025 16:00;120.25
18/05/2025 16:15;120.25
18/05/2025 16:30;120.25
18/05/2025 16:45;120.25
18/05/2025 17:00;120.25
18/05/2025 17:15;120.27
18/05/2025 17:30;120.25
18/05/2025 17:45;120.25
18/05/2025 18:00;120.25
18/05/2025 18:15;120.25
18/05/2025 18:30;120.25
18/05/2025 18:45;120.25
18/05/2025 19:00;120.25
18/05/2025 19:15;120.25
18/05/2025 19:30;120.25
18/05/2025 19:45;120.25
18/05/2025 20:00;120.27
18/05/2025 20:15;120.25
18/05/2025 20:30;120.25
18/05/2025 20:45;120.25
18/05/2025 21:00;120.25
18/05/2025 21:15;120.25
18/05/2025 21:30;120.25
18/05/2025 21:45;120.25
18/05/2025 22:00;120.25
18/05/2025 22:15;120.25
18/05/2025 22:30;120.25
18/05/2025 22:45;120.27
18/05/2025 23:00;120.27
18/05/2025 23:15;120.27
18/05/2025 23:30;120.25
18/05/2025 23:45;120.27
19/05/2025 00:00;120.27
19/05/2025 00:15;120.27
19/05/2025 00:30;120.27
19/05/2025 00:45;120.27
19/05/2025 01:00;120.25
19/05/2025 01:15;120.25
19/05/2025 01:30;120.27
19/05/2025 01:45;120.27
19/05/2025 02:00;120.27
19/05/2025 02:15;120.27
19/05/2025 02:30;120.27
19/05/2025 02:45;120.27
19/05/2025 03:00;120.27
19/05/2025 03:15;120.29
19/05/2025 03:30;120.29
19/05/2025 03:45;120.29
19/05/2025 04:00;120.29
19/05/2025 04:15;120.29
19/05/2025 04:30;120.29
19/05/2025 04:45;120.29
19/05/2025 05:00;120.29
19/05/2025 05:15;120.29
19/05/2025 05:30;120.29
19/05/2025 05:45;120.29
19/05/2025 06:00;120.29
19/05/2025 06:15;120.29
19/05/2025 06:30;120.29
19/05/2025 06:45;120.29
19/05/2025 07:00;120.29
19/05/2025 07:15;120.27
19/05/2025 07:30;120.27
19/05/2025 07:45;120.27
19/05/2025 08:00;120.27
19/05/2025 08:15;120.27
19/05/2025 08:30;120.29
19/05/2025 08:45;120.29
19/05/2025 09:00;120.29
19/05/2025 09:15;120.29
19/05/2025 09:30;120.29
19/05/2025 09:45;120.27
19/05/2025 10:00;120.27
19/05/2025 10:15;120.29
19/05/2025 10:30;120.29
19/05/2025 10:45;120.29
19/05/2025 11:00;120.29
19/05/2025 11:15;120.29
19/05/2025 11:30;120.29
19/05/2025 11:45;120.29
19/05/2025 12:00;120.29
19/05/2025 12:15;120.29
19/05/2025 12:30;120.29
19/05/2025 12:45;120.29
19/05/2025 13:00;120.29
19/05/2025 13:15;120.29
19/05/2025 13:30;120.29
19/05/2025 13:45;120.29
19/05/2025 14:00;120.3
19/05/2025 14:15;120.3
19/05/2025 14:30;120.3
19/05/2025 14:45;120.3
19/05/2025 15:00;120.3
19/05/2025 15:15;120.3
19/05/2025 15:30;120.3
19/05/2025 15:45;120.31
19/05/2025 16:00;120.3
19/05/2025 16:15;120.31
19/05/2025 16:30;120.31
19/05/2025 16:45;120.31
19/05/2025 17:00;120.31
19/05/2025 17:15;120.31
19/05/2025 17:30;120.31
19/05/2025 17:45;120.34
19/05/2025 18:00;120.34
19/05/2025 18:15;120.34
19/05/2025 18:30;120.34
19/05/2025 18:45;120.36
19/05/2025 19:00;120.36
19/05/2025 19:15;120.34
19/05/2025 19:30;120.34
19/05/2025 19:45;120.34
19/05/2025 20:00;120.34
19/05/2025 20:15;120.32
19/05/2025 20:30;120.32
19/05/2025 20:45;120.32
19/05/2025 21:00;120.31
19/05/2025 21:15;120.32
19/05/2025 21:30;120.32
19/05/2025 21:45;120.34
19/05/2025 22:00;120.36
19/05/2025 22:15;120.36
19/05/2025 22:30;120.36
19/05/2025 22:45;120.36
19/05/2025 23:00;120.36
19/05/2025 23:15;120.36
19/05/2025 23:30;120.37
19/05/2025 23:45;120.36
20/05/2025 00:00;120.37
20/05/2025 00:15;120.36
20/05/2025 00:30;120.37
20/05/2025 00:45;120.36
20/05/2025 01:00;120.37
20/05/2025 01:15;120.37
20/05/2025 01:30;120.37
20/05/2025 01:45;120.37
20/05/2025 02:00;120.37
20/05/2025 02:15;120.36
20/05/2025 02:30;120.37
20/05/2025 02:45;120.38
20/05/2025 03:00;120.37
20/05/2025 03:15;120.38
20/05/2025 03:30;120.38
20/05/2025 03:45;120.39
20/05/2025 04:00;120.38
20/05/2025 04:15;120.39
20/05/2025 04:30;120.39
20/05/2025 04:45;120.39
20/05/2025 05:00;120.39
20/05/2025 05:15;120.39
20/05/2025 05:30;120.39
20/05/2025 05:45;120.39
20/05/2025 06:00;120.39
20/05/2025 06:15;120.39
20/05/2025 06:30;120.39
20/05/2025 06:45;120.39
20/05/2025 07:00;120.38
20/05/2025 07:15;120.39
20/05/2025 07:30;120.38
20/05/2025 07:45;120.38
20/05/2025 08:00;120.38
20/05/2025 08:15;120.4
20/05/2025 08:30;120.39
20/05/2025 08:45;120.39
20/05/2025 09:00;120.39
20/05/2025 09:15;120.41
20/05/2025 09:30;120.39
20/05/2025 09:45;120.4
20/05/2025 10:00;120.4
20/05/2025 10:15;120.4
20/05/2025 10:30;120.39
20/05/2025 10:45;120.4
20/05/2025 11:00;120.4
20/05/2025 11:15;120.4
20/05/2025 11:30;120.41
20/05/2025 11:45;120.4
20/05/2025 12:00;120.41
20/05/2025 12:15;120.41
20/05/2025 12:30;120.43
20/05/2025 12:45;120.41
20/05/2025 13:00;120.43
20/05/2025 13:15;120.41
20/05/2025 13:30;120.41
20/05/2025 13:45;120.43
20/05/2025 14:00;120.43
20/05/2025 14:15;120.43
20/05/2025 14:30;120.43
20/05/2025 14:45;120.43
20/05/2025 15:00;120.43
20/05/2025 15:15;120.43
20/05/2025 15:30;120.45
20/05/2025 15:45;120.45
20/05/2025 16:00;120.45
20/05/2025 16:15;120.45
20/05/2025 16:30;120.45
20/05/2025 16:45;120.45
20/05/2025 17:00;120.45
20/05/2025 17:15;120.45
20/05/2025 17:30;120.45
20/05/2025 17:45;120.45
20/05/2025 18:00;120.45
20/05/2025 18:15;120.45
20/05/2025 18:30;120.45
20/05/2025 18:45;120.45
20/05/2025 19:00;120.45
20/05/2025 19:15;120.45
20/05/2025 19:30;120.45
20/05/2025 19:45;120.45
20/05/2025 20:00;120.45
20/05/2025 20:15;120.45
20/05/2025 20:30;120.45
20/05/2025 20:45;120.45
20/05/2025 21:00;120.43
20/05/2025 21:15;120.45
20/05/2025 21:30;120.43
20/05/2025 21:45;120.45
20/05/2025 22:00;120.45
20/05/2025 22:15;120.45
20/05/2025 22:30;120.45
20/05/2025 22:45;120.45
20/05/2025 23:00;120.43
20/05/2025 23:15;120.43
20/05/2025 23:30;120.45
20/05/2025 23:45;120.43
21/05/2025 00:00;120.45
21/05/2025 00:15;120.45
21/05/2025 00:30;120.45
21/05/2025 00:45;120.45
21/05/2025 01:00;120.45
21/05/2025 01:15;120.45
21/05/2025 01:30;120.45
21/05/2025 01:45;120.45
21/05/2025 02:00;120.45
21/05/2025 02:15;120.45
21/05/2025 02:30;120.45
21/05/2025 02:45;120.45
21/05/2025 03:00;120.45
21/05/2025 03:15;120.45
21/05/2025 03:30;120.45
21/05/2025 03:45;120.45
21/05/2025 04:00;120.45
21/05/2025 04:15;120.45
21/05/2025 04:30;120.45
21/05/2025 04:45;120.45
21/05/2025 05:00;120.45
21/05/2025 05:15;120.45
21/05/2025 05:30;120.45
21/05/2025 05:45;120.45
21/05/2025 06:00;120.45
21/05/2025 06:15;120.45
21/05/2025 06:30;120.46
21/05/2025 06:45;120.45
21/05/2025 07:00;120.45
21/05/2025 07:15;120.45
21/05/2025 07:30;120.45
21/05/2025 07:45;120.45
21/05/2025 08:00;120.45
21/05/2025 08:15;120.46
21/05/2025 08:30;120.46
21/05/2025 08:45;120.46
21/05/2025 09:00;120.46
21/05/2025 09:15;120.45
21/05/2025 09:30;120.46
21/05/2025 09:45;120.46
21/05/2025 10:00;120.46
21/05/2025 10:15;120.46
21/05/2025 10:30;120.46
21/05/2025 10:45;120.46
21/05/2025 11:00;120.46
21/05/2025 11:15;120.46
21/05/2025 11:30;120.46
21/05/2025 11:45;120.46
21/05/2025 12:00;120.46
21/05/2025 12:15;120.46
21/05/2025 12:30;120.46
21/05/2025 12:45;120.46
21/05/2025 13:00;120.46
21/05/2025 13:15;120.46
21/05/2025 13:30;120.46
21/05/2025 13:45;120.46
21/05/2025 14:00;120.45
21/05/2025 14:15;120.45
21/05/2025 14:30;120.45
21/05/2025 14:45;120.45
21/05/2025 15:00;120.45
21/05/2025 15:15;120.46
21/05/2025 15:30;120.46
21/05/2025 15:45;120.47
21/05/2025 16:00;120.48
21/05/2025 16:15;120.48
21/05/2025 16:30;120.48
21/05/2025 16:45;120.48
21/05/2025 17:00;120.47
21/05/2025 17:15;120.47
21/05/2025 17:30;120.47
21/05/2025 17:45;120.47
21/05/2025 18:00;120.47
21/05/2025 18:15;120.47
21/05/2025 18:30;120.47
21/05/2025 18:45;120.47
21/05/2025 19:00;120.46
21/05/2025 19:15;120.46
21/05/2025 19:30;120.47
21/05/2025 19:45;120.46
21/05/2025 20:00;120.46
21/05/2025 20:15;120.47
21/05/2025 20:30;120.47
21/05/2025 20:45;120.47
21/05/2025 21:00;120.47
21/05/2025 21:15;120.47
21/05/2025 21:30;120.47
21/05/2025 21:45;120.47
21/05/2025 22:00;120.47
21/05/2025 22:15;120.47
21/05/2025 22:30;120.47
21/05/2025 22:45;120.47
21/05/2025 23:00;120.47
21/05/2025 23:15;120.47
21/05/2025 23:30;120.47
21/05/2025 23:45;120.47
22/05/2025 00:00;120.47
22/05/2025 00:15;120.47
22/05/2025 00:30;120.47
22/05/2025 00:45;120.47
22/05/2025 01:00;120.48
22/05/2025 01:15;120.48
22/05/2025 01:30;120.48
22/05/2025 01:45;120.48
22/05/2025 02:00;120.49
22/05/2025 02:15;120.48
22/05/2025 02:30;120.49
22/05/2025 02:45;120.49
22/05/2025 03:00;120.49
22/05/2025 03:15;120.49
22/05/2025 03:30;120.49
22/05/2025 03:45;120.49
22/05/2025 04:00;120.49
22/05/2025 04:15;120.49
22/05/2025 04:30;120.49
22/05/2025 04:45;120.49
22/05/2025 05:00;120.48
22/05/2025 05:15;120.49
22/05/2025 05:30;120.48
22/05/2025 05:45;120.48
22/05/2025 06:00;120.49
22/05/2025 06:15;120.49
22/05/2025 06:30;120.49
22/05/2025 06:45;120.5
22/05/2025 07:00;120.5
22/05/2025 07:15;120.5
22/05/2025 07:30;120.5
22/05/2025 07:45;120.49
22/05/2025 08:00;120.5
22/05/2025 08:15;120.49
22/05/2025 08:30;120.5
22/05/2025 08:45;120.49
22/05/2025 09:00;120.5
22/05/2025 09:15;120.5
22/05/2025 09:30;120.49
22/05/2025 09:45;120.49
22/05/2025 10:00;120.49
22/05/2025 10:15;120.5
22/05/2025 10:30;120.52
22/05/2025 10:45;120.52
22/05/2025 11:00;120.52
22/05/2025 11:15;120.52
22/05/2025 11:30;120.54
22/05/2025 11:45;120.52
22/05/2025 12:00;120.54
22/05/2025 12:15;120.54
22/05/2025 12:30;120.54
22/05/2025 12:45;120.54
22/05/2025 13:00;120.54
22/05/2025 13:15;120.54
22/05/2025 13:30;120.54
22/05/2025 13:45;120.55
22/05/2025 14:00;120.55
22/05/2025 14:15;120.55
22/05/2025 14:30;120.56
22/05/2025 14:45;120.56
22/05/2025 15:00;120.56
22/05/2025 15:15;120.57
22/05/2025 15:30;120.57
22/05/2025 15:45;120.58
22/05/2025 16:00;120.59
22/05/2025 16:15;120.61
22/05/2025 16:30;120.61
22/05/2025 16:45;120.61
22/05/2025 17:00;120.61
22/05/2025 17:15;120.61
22/05/2025 17:30;120.59
22/05/2025 17:45;120.59
22/05/2025 18:00;120.61
22/05/2025 18:15;120.59
22/05/2025 18:30;120.59
22/05/2025 18:45;120.61
22/05/2025 19:00;120.61
22/05/2025 19:15;120.59
22/05/2025 19:30;120.59
22/05/2025 19:45;120.59
22/05/2025 20:00;120.59
22/05/2025 20:15;120.59
22/05/2025 20:30;120.61
22/05/2025 20:45;120.59
22/05/2025 21:00;120.58
22/05/2025 21:15;120.59
22/05/2025 21:30;120.59
22/05/2025 21:45;120.58
22/05/2025 22:00;120.58
22/05/2025 22:15;120.58
22/05/2025 22:30;120.57
22/05/2025 22:45;120.56
22/05/2025 23:00;120.56
22/05/2025 23:15;120.56
22/05/2025 23:30;120.55
22/05/2025 23:45;120.55
23/05/2025 00:00;120.55
23/05/2025 00:15;120.55
23/05/2025 00:30;120.55
23/05/2025 00:45;120.56
23/05/2025 01:00;120.55
23/05/2025 01:15;120.55
23/05/2025 01:30;120.55
23/05/2025 01:45;120.55
23/05/2025 02:00;120.56
23/05/2025 02:15;120.56
23/05/2025 02:30;120.55
23/05/2025 02:45;120.54
23/05/2025 03:00;120.55
23/05/2025 03:15;120.54
23/05/2025 03:30;120.55
23/05/2025 03:45;120.54
23/05/2025 04:00;120.54
23/05/2025 04:15;120.54
23/05/2025 04:30;120.54
23/05/2025 04:45;120.54
23/05/2025 05:00;120.54
23/05/2025 05:15;120.54
23/05/2025 05:30;120.54
23/05/2025 05:45;120.55
23/05/2025 06:00;120.55
23/05/2025 06:15;120.55
23/05/2025 06:30;120.55
23/05/2025 06:45;120.55
23/05/2025 07:00;120.55
23/05/2025 07:15;120.56
23/05/2025 07:30;120.55
23/05/2025 07:45;120.55
23/05/2025 08:00;120.54
23/05/2025 08:15;120.54
23/05/2025 08:30;120.54
23/05/2025 08:45;120.54
23/05/2025 09:00;120.54
23/05/2025 09:15;120.54
23/05/2025 09:30;120.54
23/05/2025 09:45;120.54
23/05/2025 10:00;120.55
23/05/2025 10:15;120.54
23/05/2025 10:30;120.55
23/05/2025 10:45;120.54
23/05/2025 11:00;120.56
23/05/2025 11:15;120.55
23/05/2025 11:30;120.56
23/05/2025 11:45;120.55
23/05/2025 12:00;120.56
23/05/2025 12:15;120.55
23/05/2025 12:30;120.56
23/05/2025 12:45;120.56
23/05/2025 13:00;120.56
23/05/2025 13:15;120.56
23/05/2025 13:30;120.56
23/05/2025 13:45;120.56
23/05/2025 14:00;120.56
23/05/2025 14:15;120.57
23/05/2025 14:30;120.56
23/05/2025 14:45;120.56
23/05/2025 15:00;120.55
23/05/2025 15:15;120.55
23/05/2025 15:30;120.54
23/05/2025 15:45;120.55
23/05/2025 16:00;120.55
23/05/2025 16:15;120.55
23/05/2025 16:30;120.56
23/05/2025 16:45;120.56
23/05/2025 17:00;120.57
23/05/2025 17:15;120.56
23/05/2025 17:30;120.57
23/05/2025 17:45;120.57
23/05/2025 18:00;120.57
23/05/2025 18:15;120.57
23/05/2025 18:30;120.58
23/05/2025 18:45;120.59
23/05/2025 19:00;120.61
23/05/2025 19:15;120.61
23/05/2025 19:30;120.61
23/05/2025 19:45;120.62
23/05/2025 20:00;120.61
23/05/2025 20:15;120.61
23/05/2025 20:30;120.61
23/05/2025 20:45;120.61
23/05/2025 21:00;120.59
23/05/2025 21:15;120.61
23/05/2025 21:30;120.59
23/05/2025 21:45;120.61
23/05/2025 22:00;120.59
23/05/2025 22:15;120.59
23/05/2025 22:30;120.59
23/05/2025 22:45;120.59
23/05/2025 23:00;120.58
23/05/2025 23:15;120.58
23/05/2025 23:30;120.59
23/05/2025 23:45;120.58
24/05/2025 00:00;120.59
24/05/2025 00:15;120.58
24/05/2025 00:30;120.58
24/05/2025 00:45;120.58
24/05/2025 01:00;120.58
24/05/2025 01:15;120.58
24/05/2025 01:30;120.58
24/05/2025 01:45;120.57
24/05/2025 02:00;120.57
24/05/2025 02:15;120.57
24/05/2025 02:30;120.57
24/05/2025 02:45;120.57
24/05/2025 03:00;120.57
24/05/2025 03:15;120.57
24/05/2025 03:30;120.57
24/05/2025 03:45;120.57
24/05/2025 04:00;120.56
24/05/2025 04:15;120.57
24/05/2025 04:30;120.56
24/05/2025 04:45;120.56
24/05/2025 05:00;120.56
24/05/2025 05:15;120.56
24/05/2025 05:30;120.56
24/05/2025 05:45;120.56
24/05/2025 06:00;120.56
24/05/2025 06:15;120.56
24/05/2025 06:30;120.56
24/05/2025 06:45;120.56
24/05/2025 07:00;120.56
24/05/2025 07:15;120.55
24/05/2025 07:30;120.55
24/05/2025 07:45;120.55
24/05/2025 08:00;120.55
24/05/2025 08:15;120.55
24/05/2025 08:30;120.55
24/05/2025 08:45;120.55
24/05/2025 09:00;120.55
24/05/2025 09:15;120.54
24/05/2025 09:30;120.54
24/05/2025 09:45;120.54
24/05/2025 10:00;120.54
24/05/2025 10:15;120.55
24/05/2025 10:30;120.55
24/05/2025 10:45;120.55
24/05/2025 11:00;120.55
24/05/2025 11:15;120.56
24/05/2025 11:30;120.55
24/05/2025 11:45;120.55
24/05/2025 12:00;120.56
24/05/2025 12:15;120.56
24/05/2025 12:30;120.56
24/05/2025 12:45;120.56
24/05/2025 13:00;120.56
24/05/2025 13:15;120.56
24/05/2025 13:30;120.56
24/05/2025 13:45;120.56
24/05/2025 14:00;120.57
24/05/2025 14:15;120.57
24/05/2025 14:30;120.57
24/05/2025 14:45;120.57
24/05/2025 15:00;120.58
24/05/2025 15:15;120.58
24/05/2025 15:30;120.58
24/05/2025 15:45;120.58
24/05/2025 16:00;120.59
24/05/2025 16:15;120.61
24/05/2025 16:30;120.61
24/05/2025 16:45;120.61
24/05/2025 17:00;120.61
24/05/2025 17:15;120.61
24/05/2025 17:30;120.59
24/05/2025 17:45;120.61
24/05/2025 18:00;120.61
24/05/2025 18:15;120.59
24/05/2025 18:30;120.58
24/05/2025 18:45;120.58
24/05/2025 19:00;120.58
24/05/2025 19:15;120.58
24/05/2025 19:30;120.58
24/05/2025 19:45;120.59
24/05/2025 20:00;120.58
24/05/2025 20:15;120.57
24/05/2025 20:30;120.56
24/05/2025 20:45;120.57
24/05/2025 21:00;120.57
24/05/2025 21:15;120.56
24/05/2025 21:30;120.55
24/05/2025 21:45;120.55
24/05/2025 22:00;120.54
24/05/2025 22:15;120.54
24/05/2025 22:30;120.54
24/05/2025 22:45;120.54
24/05/2025 23:00;120.52
24/05/2025 23:15;120.52
24/05/2025 23:30;120.52
24/05/2025 23:45;120.52
25/05/2025 00:00;120.52
25/05/2025 00:15;120.5
25/05/2025 00:30;120.5
25/05/2025 00:45;120.49
25/05/2025 01:00;120.49
25/05/2025 01:15;120.49
25/05/2025 01:30;120.49
25/05/2025 01:45;120.48
25/05/2025 02:00;120.48
25/05/2025 02:15;120.49
25/05/2025 02:30;120.48
25/05/2025 02:45;120.48
25/05/2025 03:00;120.47
25/05/2025 03:15;120.47
25/05/2025 03:30;120.46
25/05/2025 03:45;120.47
25/05/2025 04:00;120.46
25/05/2025 04:15;120.46
25/05/2025 04:30;120.46
25/05/2025 04:45;120.46
25/05/2025 05:00;120.46
25/05/2025 05:15;120.46
25/05/2025 05:30;120.46
25/05/2025 05:45;120.46
25/05/2025 06:00;120.46
25/05/2025 06:15;120.45
25/05/2025 06:30;120.46
25/05/2025 06:45;120.45
25/05/2025 07:00;120.46
25/05/2025 07:15;120.45
25/05/2025 07:30;120.45
25/05/2025 07:45;120.45
25/05/2025 08:00;120.46
25/05/2025 08:15;120.45
25/05/2025 08:30;120.45
25/05/2025 08:45;120.45
25/05/2025 09:00;120.45
25/05/2025 09:15;120.45
25/05/2025 09:30;120.45
25/05/2025 09:45;120.45
25/05/2025 10:00;120.45
25/05/2025 10:15;120.46
25/05/2025 10:30;120.46
25/05/2025 10:45;120.46
25/05/2025 11:00;120.47
25/05/2025 11:15;120.46
25/05/2025 11:30;120.46
25/05/2025 11:45;120.46
25/05/2025 12:00;120.47
25/05/2025 12:15;120.47
25/05/2025 12:30;120.47
25/05/2025 12:45;120.47
25/05/2025 13:00;120.47
25/05/2025 13:15;120.47
25/05/2025 13:30;120.48
25/05/2025 13:45;120.48
25/05/2025 14:00;120.48
25/05/2025 14:15;120.48
25/05/2025 14:30;120.48
25/05/2025 14:45;120.49
25/05/2025 15:00;120.49
25/05/2025 15:15;120.49
25/05/2025 15:30;120.48
25/05/2025 15:45;120.49
25/05/2025 16:00;120.49
25/05/2025 16:15;120.5
25/05/2025 16:30;120.49
25/05/2025 16:45;120.5
25/05/2025 17:00;120.49
25/05/2025 17:15;120.5
25/05/2025 17:30;120.49
25/05/2025 17:45;120.5
25/05/2025 18:00;120.5
25/05/2025 18:15;120.5
25/05/2025 18:30;120.5
25/05/2025 18:45;120.49
25/05/2025 19:00;120.49
25/05/2025 19:15;120.49
25/05/2025 19:30;120.48
25/05/2025 19:45;120.48
25/05/2025 20:00;120.48
25/05/2025 20:15;120.48
25/05/2025 20:30;120.46
25/05/2025 20:45;120.47
25/05/2025 21:00;120.46
25/05/2025 21:15;120.45
25/05/2025 21:30;120.45
25/05/2025 21:45;120.45
25/05/2025 22:00;120.45
25/05/2025 22:15;120.45
25/05/2025 22:30;120.45
25/05/2025 22:45;120.43
25/05/2025 23:00;120.43
25/05/2025 23:15;120.43
25/05/2025 23:30;120.43
25/05/2025 23:45;120.41
26/05/2025 00:00;120.43
26/05/2025 00:15;120.41
26/05/2025 00:30;120.43
26/05/2025 00:45;120.4
26/05/2025 01:00;120.41
26/05/2025 01:15;120.39
26/05/2025 01:30;120.4
26/05/2025 01:45;120.39
26/05/2025 02:00;120.39
26/05/2025 02:15;120.39
26/05/2025 02:30;120.39
26/05/2025 02:45;120.38
26/05/2025 03:00;120.38
26/05/2025 03:15;120.39
26/05/2025 03:30;120.38
26/05/2025 03:45;120.38
26/05/2025 04:00;120.38
26/05/2025 04:15;120.38
26/05/2025 04:30;120.37
26/05/2025 04:45;120.37
26/05/2025 05:00;120.37
26/05/2025 05:15;120.37
26/05/2025 05:30;120.37
26/05/2025 05:45;120.38
26/05/2025 06:00;120.37
26/05/2025 06:15;120.37
26/05/2025 06:30;120.37
26/05/2025 06:45;120.37
26/05/2025 07:00;120.37
26/05/2025 07:15;120.37
26/05/2025 07:30;120.36
26/05/2025 07:45;120.36
26/05/2025 08:00;120.36
26/05/2025 08:15;120.36
26/05/2025 08:30;120.36
26/05/2025 08:45;120.36
26/05/2025 09:00;120.36
26/05/2025 09:15;120.37
26/05/2025 09:30;120.36
26/05/2025 09:45;120.36
26/05/2025 10:00;120.36
26/05/2025 10:15;120.37
26/05/2025 10:30;120.37
26/05/2025 10:45;120.37
26/05/2025 11:00;120.38
26/05/2025 11:15;120.37
26/05/2025 11:30;120.37
26/05/2025 11:45;120.37
26/05/2025 12:00;120.38
26/05/2025 12:15;120.37
26/05/2025 12:30;120.38
26/05/2025 12:45;120.38
26/05/2025 13:00;120.38
26/05/2025 13:15;120.38
26/05/2025 13:30;120.38
26/05/2025 13:45;120.38
26/05/2025 14:00;120.38
26/05/2025 14:15;120.39
26/05/2025 14:30;120.39
26/05/2025 14:45;120.4
26/05/2025 15:00;120.4
26/05/2025 15:15;120.4
26/05/2025 15:30;120.4
26/05/2025 15:45;120.41
26/05/2025 16:00;120.41
26/05/2025 16:15;120.41
26/05/2025 16:30;120.41
26/05/2025 16:45;120.41
26/05/2025 17:00;120.41
26/05/2025 17:15;120.43
26/05/2025 17:30;120.43
26/05/2025 17:45;120.43
26/05/2025 18:00;120.43
26/05/2025 18:15;120.43
26/05/2025 18:30;120.43
26/05/2025 18:45;120.43
26/05/2025 19:00;120.43
26/05/2025 19:15;120.43
26/05/2025 19:30;120.43
26/05/2025 19:45;120.43
26/05/2025 20:00;120.43
26/05/2025 20:15;120.43
26/05/2025 20:30;120.43
26/05/2025 20:45;120.43
26/05/2025 21:00;120.43
26/05/2025 21:15;120.43
26/05/2025 21:30;120.41
26/05/2025 21:45;120.43
26/05/2025 22:00;120.43
26/05/2025 22:15;120.41
26/05/2025 22:30;120.41
26/05/2025 22:45;120.41
26/05/2025 23:00;120.41
26/05/2025 23:15;120.41
26/05/2025 23:30;120.41
26/05/2025 23:45;120.41
27/05/2025 00:00;120.41
27/05/2025 00:15;120.4
27/05/2025 00:30;120.4
27/05/2025 00:45;120.4
27/05/2025 01:00;120.4
27/05/2025 01:15;120.39
27/05/2025 01:30;120.39
27/05/2025 01:45;120.39
27/05/2025 02:00;120.39
27/05/2025 02:15;120.39
27/05/2025 02:30;120.39
27/05/2025 02:45;120.4
27/05/2025 03:00;120.38
27/05/2025 03:15;120.39
27/05/2025 03:30;120.38
27/05/2025 03:45;120.38
27/05/2025 04:00;120.38
27/05/2025 04:15;120.38
27/05/2025 04:30;120.37
27/05/2025 04:45;120.37
27/05/2025 05:00;120.37
27/05/2025 05:15;120.37
27/05/2025 05:30;120.37
27/05/2025 05:45;120.36
27/05/2025 06:00;120.36
27/05/2025 06:15;120.36
27/05/2025 06:30;120.36
27/05/2025 06:45;120.36
27/05/2025 07:00;120.36
27/05/2025 07:15;120.36
27/05/2025 07:30;120.36
27/05/2025 07:45;120.36
27/05/2025 08:00;120.34
27/05/2025 08:15;120.34
27/05/2025 08:30;120.34
27/05/2025 08:45;120.34
27/05/2025 09:00;120.34
27/05/2025 09:15;120.34
27/05/2025 09:30;120.34
27/05/2025 09:45;120.34
27/05/2025 10:00;120.34
27/05/2025 10:15;120.34
27/05/2025 10:30;120.34
27/05/2025 10:45;120.34
27/05/2025 11:00;120.34
27/05/2025 11:15;120.34
27/05/2025 11:30;120.36
27/05/2025 11:45;120.34
27/05/2025 12:00;120.34
27/05/2025 12:15;120.34
27/05/2025 12:30;120.34
27/05/2025 12:45;120.34
27/05/2025 13:00;120.34
27/05/2025 13:15;120.34
27/05/2025 13:30;120.34
27/05/2025 13:45;120.34
27/05/2025 14:00;120.34
27/05/2025 14:15;120.34
27/05/2025 14:30;120.36
27/05/2025 14:45;120.36
27/05/2025 15:00;120.36
27/05/2025 15:15;120.36
27/05/2025 15:30;120.36
27/05/2025 15:45;120.36
27/05/2025 16:00;120.36
27/05/2025 16:15;120.36
27/05/2025 16:30;120.36
27/05/2025 16:45;120.37
27/05/2025 17:00;120.37
27/05/2025 17:15;120.37
27/05/2025 17:30;120.36
27/05/2025 17:45;120.36
27/05/2025 18:00;120.36
27/05/2025 18:15;120.36
27/05/2025 18:30;120.36
27/05/2025 18:45;120.36
27/05/2025 19:00;120.34
27/05/2025 19:15;120.36
27/05/2025 19:30;120.34
27/05/2025 19:45;120.36
27/05/2025 20:00;120.34
27/05/2025 20:15;120.34
27/05/2025 20:30;120.34
27/05/2025 20:45;120.34
27/05/2025 21:00;120.32
27/05/2025 21:15;120.32
27/05/2025 21:30;120.32
27/05/2025 21:45;120.32
27/05/2025 22:00;120.32
27/05/2025 22:15;120.32
27/05/2025 22:30;120.31
27/05/2025 22:45;120.3
27/05/2025 23:00;120.3
27/05/2025 23:15;120.29
27/05/2025 23:30;120.29
27/05/2025 23:45;120.29
28/05/2025 00:00;120.29
28/05/2025 00:15;120.29
28/05/2025 00:30;120.29
28/05/2025 00:45;120.29
28/05/2025 01:00;120.29
28/05/2025 01:15;120.29
28/05/2025 01:30;120.27
28/05/2025 01:45;120.27
28/05/2025 02:00;120.27
28/05/2025 02:15;120.27
28/05/2025 02:30;120.27
28/05/2025 02:45;120.27
28/05/2025 03:00;120.25
28/05/2025 03:15;120.25
28/05/2025 03:30;120.25
28/05/2025 03:45;120.24
28/05/2025 04:00;120.24
28/05/2025 04:15;120.23
28/05/2025 04:30;120.23
28/05/2025 04:45;120.23
28/05/2025 05:00;120.22
28/05/2025 05:15;120.22
28/05/2025 05:30;120.21
28/05/2025 05:45;120.21
28/05/2025 06:00;120.21
28/05/2025 06:15;120.2
28/05/2025 06:30;120.2
28/05/2025 06:45;120.2
28/05/2025 07:00;120.2
28/05/2025 07:15;120.2
28/05/2025 07:30;120.2
28/05/2025 07:45;120.18
28/05/2025 08:00;120.18
28/05/2025 08:15;120.18
28/05/2025 08:30;120.18
28/05/2025 08:45;120.16
28/05/2025 09:00;120.16
28/05/2025 09:15;120.16
28/05/2025 09:30;120.16
28/05/2025 09:45;120.15
28/05/2025 10:00;120.15
28/05/2025 10:15;120.15
28/05/2025 10:30;120.15
28/05/2025 10:45;120.14
28/05/2025 11:00;120.14
28/05/2025 11:15;120.14
28/05/2025 11:30;120.13
28/05/2025 11:45;120.14
28/05/2025 12:00;120.14
28/05/2025 12:15;120.14
28/05/2025 12:30;120.14
28/05/2025 12:45;120.14
28/05/2025 13:00;120.14
28/05/2025 13:15;120.13
28/05/2025 13:30;120.14
28/05/2025 13:45;120.13
28/05/2025 14:00;120.14
28/05/2025 14:15;120.13
28/05/2025 14:30;120.14
28/05/2025 14:45;120.14
28/05/2025 15:00;120.15
28/05/2025 15:15;120.14
28/05/2025 15:30;120.14
28/05/2025 15:45;120.15
28/05/2025 16:00;120.14
28/05/2025 16:15;120.15
28/05/2025 16:30;120.14
28/05/2025 16:45;120.14
28/05/2025 17:00;120.14
28/05/2025 17:15;120.14
28/05/2025 17:30;120.14
28/05/2025 17:45;120.15
28/05/2025 18:00;120.15
28/05/2025 18:15;120.13
28/05/2025 18:30;120.13
28/05/2025 18:45;120.13
28/05/2025 19:00;120.12
28/05/2025 19:15;120.12
28/05/2025 19:30;120.12
28/05/2025 19:45;120.12
28/05/2025 20:00;120.11
28/05/2025 20:15;120.11
28/05/2025 20:30;120.11
28/05/2025 20:45;120.11
28/05/2025 21:00;120.11
28/05/2025 21:15;120.09
28/05/2025 21:30;120.09
28/05/2025 21:45;120.09
28/05/2025 22:00;120.09
28/05/2025 22:15;120.07
28/05/2025 22:30;120.07
28/05/2025 22:45;120.07
28/05/2025 23:00;120.07
28/05/2025 23:15;120.06
28/05/2025 23:30;120.06
28/05/2025 23:45;120.05
29/05/2025 00:00;120.05
29/05/2025 00:15;120.04
29/05/2025 00:30;120.04
29/05/2025 00:45;120.04
29/05/2025 01:00;120.04
29/05/2025 01:15;120.04
29/05/2025 01:30;120.02
29/05/2025 01:45;120.04
29/05/2025 02:00;120.04
29/05/2025 02:15;120.02
29/05/2025 02:30;120.02
29/05/2025 02:45;120.02
29/05/2025 03:00;120.02
29/05/2025 03:15;120
29/05/2025 03:30;120
29/05/2025 03:45;119.99
29/05/2025 04:00;119.99
29/05/2025 04:15;119.98
29/05/2025 04:30;119.98
29/05/2025 04:45;119.98
29/05/2025 05:00;119.97
29/05/2025 05:15;119.97
29/05/2025 05:30;119.96
29/05/2025 05:45;119.96
29/05/2025 06:00;119.96
29/05/2025 06:15;119.96
29/05/2025 06:30;119.95
29/05/2025 06:45;119.95
29/05/2025 07:00;119.95
29/05/2025 07:15;119.95
29/05/2025 07:30;119.95
29/05/2025 07:45;119.95
29/05/2025 08:00;119.93
29/05/2025 08:15;119.93
29/05/2025 08:30;119.93
29/05/2025 08:45;119.93
29/05/2025 09:00;119.93
29/05/2025 09:15;119.93
29/05/2025 09:30;119.93
29/05/2025 09:45;119.93
29/05/2025 10:00;119.93
29/05/2025 10:15;119.95
29/05/2025 10:30;119.95
29/05/2025 10:45;119.93
29/05/2025 11:00;119.93
29/05/2025 11:15;119.93
29/05/2025 11:30;119.93
29/05/2025 11:45;119.93
29/05/2025 12:00;119.95
29/05/2025 12:15;119.93
29/05/2025 12:30;119.95
29/05/2025 12:45;119.95
29/05/2025 13:00;119.95
29/05/2025 13:15;119.95
29/05/2025 13:30;119.95
29/05/2025 13:45;119.95
29/05/2025 14:00;119.95
29/05/2025 14:15;119.95
29/05/2025 14:30;119.95
29/05/2025 14:45;119.95
29/05/2025 15:00;119.95
29/05/2025 15:15;119.95
29/05/2025 15:30;119.95
29/05/2025 15:45;119.95
29/05/2025 16:00;119.96
29/05/2025 16:15;119.96
29/05/2025 16:30;119.96
29/05/2025 16:45;119.96
29/05/2025 17:00;119.96
29/05/2025 17:15;119.96
29/05/2025 17:30;119.96
29/05/2025 17:45;119.96
29/05/2025 18:00;119.96
29/05/2025 18:15;119.95
29/05/2025 18:30;119.95
29/05/2025 18:45;119.93
29/05/2025 19:00;119.95
29/05/2025 19:15;119.93
29/05/2025 19:30;119.93
29/05/2025 19:45;119.93
29/05/2025 20:00;119.93
29/05/2025 20:15;119.93
29/05/2025 20:30;119.93
29/05/2025 20:45;119.93
29/05/2025 21:00;119.91
29/05/2025 21:15;119.93
29/05/2025 21:30;119.91
29/05/2025 21:45;119.91
29/05/2025 22:00;119.89
29/05/2025 22:15;119.9
29/05/2025 22:30;119.89
29/05/2025 22:45;119.89
29/05/2025 23:00;119.88
29/05/2025 23:15;119.88
29/05/2025 23:30;119.88
29/05/2025 23:45;119.87
30/05/2025 00:00;119.87
30/05/2025 00:15;119.87
30/05/2025 00:30;119.88
30/05/2025 00:45;119.87
30/05/2025 01:00;119.87
30/05/2025 01:15;119.87
30/05/2025 01:30;119.87
30/05/2025 01:45;119.86
30/05/2025 02:00;119.87
30/05/2025 02:15;119.86
30/05/2025 02:30;119.86
30/05/2025 02:45;119.86
30/05/2025 03:00;119.87
30/05/2025 03:15;119.86
30/05/2025 03:30;119.87
30/05/2025 03:45;119.87
30/05/2025 04:00;119.87
30/05/2025 04:15;119.87
30/05/2025 04:30;119.86
30/05/2025 04:45;119.86
30/05/2025 05:00;119.86
30/05/2025 05:15;119.84
30/05/2025 05:30;119.84
30/05/2025 05:45;119.86
30/05/2025 06:00;119.84
30/05/2025 06:15;119.86
30/05/2025 06:30;119.84
30/05/2025 06:45;119.86
30/05/2025 07:00;119.84
30/05/2025 07:15;119.84
30/05/2025 07:30;119.84
30/05/2025 07:45;119.84
30/05/2025 08:00;119.84
30/05/2025 08:15;119.84
30/05/2025 08:30;119.84
30/05/2025 08:45;119.84
30/05/2025 09:00;119.84
30/05/2025 09:15;119.84
30/05/2025 09:30;119.84
30/05/2025 09:45;119.84
30/05/2025 10:00;119.84
30/05/2025 10:15;119.84
30/05/2025 10:30;119.84
30/05/2025 10:45;119.84
30/05/2025 11:00;119.84
30/05/2025 11:15;119.84
30/05/2025 11:30;119.84
30/05/2025 11:45;119.84
30/05/2025 12:00;119.84
30/05/2025 12:15;119.84
30/05/2025 12:30;119.84
30/05/2025 12:45;119.84
30/05/2025 13:00;119.84
30/05/2025 13:15;119.84
30/05/2025 13:30;119.86
30/05/2025 13:45;119.86
30/05/2025 14:00;119.86
30/05/2025 14:15;119.86
30/05/2025 14:30;119.86
30/05/2025 14:45;119.86
30/05/2025 15:00;119.86
30/05/2025 15:15;119.86
30/05/2025 15:30;119.86
30/05/2025 15:45;119.86
30/05/2025 16:00;119.86
30/05/2025 16:15;119.86
30/05/2025 16:30;119.86
30/05/2025 16:45;119.86
30/05/2025 17:00;119.86
30/05/2025 17:15;119.86
30/05/2025 17:30;119.86
30/05/2025 17:45;119.87
30/05/2025 18:00;119.87
30/05/2025 18:15;119.86
30/05/2025 18:30;119.86
30/05/2025 18:45;119.86
30/05/2025 19:00;119.86
30/05/2025 19:15;119.84
30/05/2025 19:30;119.84
30/05/2025 19:45;119.86
30/05/2025 20:00;119.84
30/05/2025 20:15;119.86
30/05/2025 20:30;119.86
30/05/2025 20:45;119.86
30/05/2025 21:00;119.86
30/05/2025 21:15;119.86
30/05/2025 21:30;119.86
30/05/2025 21:45;119.87
30/05/2025 22:00;119.86
30/05/2025 22:15;119.86
30/05/2025 22:30;119.86
30/05/2025 22:45;119.84
30/05/2025 23:00;119.84
30/05/2025 23:15;119.84
30/05/2025 23:30;119.82
30/05/2025 23:45;119.82
31/05/2025 00:00;119.81
31/05/2025 00:15;119.81
31/05/2025 00:30;119.81
31/05/2025 00:45;119.8
31/05/2025 01:00;119.79
31/05/2025 01:15;119.79
31/05/2025 01:30;119.8
31/05/2025 01:45;119.8
31/05/2025 02:00;119.8
31/05/2025 02:15;119.81
31/05/2025 02:30;119.8
31/05/2025 02:45;119.79
31/05/2025 03:00;119.79
31/05/2025 03:15;119.79
31/05/2025 03:30;119.79
31/05/2025 03:45;119.79
31/05/2025 04:00;119.79
31/05/2025 04:15;119.79
31/05/2025 04:30;119.79
31/05/2025 04:45;119.77
31/05/2025 05:00;119.77
31/05/2025 05:15;119.77
31/05/2025 05:30;119.77
31/05/2025 05:45;119.77
31/05/2025 06:00;119.77
31/05/2025 06:15;119.77
31/05/2025 06:30;119.77
31/05/2025 06:45;119.77
31/05/2025 07:00;119.77
31/05/2025 07:15;119.77
31/05/2025 07:30;119.77
31/05/2025 07:45;119.77
31/05/2025 08:00;119.79
31/05/2025 08:15;119.77
31/05/2025 08:30;119.77
31/05/2025 08:45;119.77
31/05/2025 09:00;119.77
31/05/2025 09:15;119.77
31/05/2025 09:30;119.77
31/05/2025 09:45;119.77
31/05/2025 10:00;119.77
31/05/2025 10:15;119.77
31/05/2025 10:30;119.79
31/05/2025 10:45;119.79
31/05/2025 11:00;119.79
31/05/2025 11:15;119.79
31/05/2025 11:30;119.79
31/05/2025 11:45;119.79
31/05/2025 12:00;119.79
31/05/2025 12:15;119.79
31/05/2025 12:30;119.79
31/05/2025 12:45;119.79
31/05/2025 13:00;119.79
31/05/2025 13:15;119.79
31/05/2025 13:30;119.79
31/05/2025 13:45;119.79
31/05/2025 14:00;119.79
31/05/2025 14:15;119.79
31/05/2025 14:30;119.79
31/05/2025 14:45;119.8
31/05/2025 15:00;119.8
31/05/2025 15:15;119.81
31/05/2025 15:30;119.81
31/05/2025 15:45;119.81
31/05/2025 16:00;119.81
31/05/2025 16:15;119.81
31/05/2025 16:30;119.81
31/05/2025 16:45;119.81
31/05/2025 17:00;119.81
31/05/2025 17:15;119.81
31/05/2025 17:30;119.81
31/05/2025 17:45;119.81
31/05/2025 18:00;119.81
31/05/2025 18:15;119.81
31/05/2025 18:30;119.81
31/05/2025 18:45;119.82
31/05/2025 19:00;119.82
31/05/2025 19:15;119.81
31/05/2025 19:30;119.8
31/05/2025 19:45;119.8
31/05/2025 20:00;119.8
31/05/2025 20:15;119.79
31/05/2025 20:30;119.8
31/05/2025 20:45;119.79
31/05/2025 21:00;119.79
31/05/2025 21:15;119.79
31/05/2025 21:30;119.79
31/05/2025 21:45;119.77
31/05/2025 22:00;119.79
31/05/2025 22:15;119.79
31/05/2025 22:30;119.79
31/05/2025 22:45;119.79
31/05/2025 23:00;119.8
31/05/2025 23:15;119.8
31/05/2025 23:30;119.79
31/05/2025 23:45;119.79
01/06/2025 00:00;119.77
01/06/2025 00:15;119.77
01/06/2025 00:30;119.77
01/06/2025 00:45;119.77
01/06/2025 01:00;119.75
01/06/2025 01:15;119.74
01/06/2025 01:30;119.74
01/06/2025 01:45;119.72
01/06/2025 02:00;119.72
01/06/2025 02:15;119.74
01/06/2025 02:30;119.74
01/06/2025 02:45;119.74
01/06/2025 03:00;119.74
01/06/2025 03:15;119.74
01/06/2025 03:30;119.73
01/06/2025 03:45;119.75
01/06/2025 04:00;119.75
01/06/2025 04:15;119.74
01/06/2025 04:30;119.73
01/06/2025 04:45;119.72
01/06/2025 05:00;119.71
01/06/2025 05:15;119.7
01/06/2025 05:30;119.7
01/06/2025 05:45;119.68
01/06/2025 06:00;119.68
01/06/2025 06:15;119.68
01/06/2025 06:30;119.7
01/06/2025 06:45;119.7
01/06/2025 07:00;119.7
01/06/2025 07:15;119.7
01/06/2025 07:30;119.7
01/06/2025 07:45;119.7
01/06/2025 08:00;119.7
01/06/2025 08:15;119.7
01/06/2025 08:30;119.7
01/06/2025 08:45;119.7
01/06/2025 09:00;119.68
01/06/2025 09:15;119.68
01/06/2025 09:30;119.7
01/06/2025 09:45;119.7
01/06/2025 10:00;119.68
01/06/2025 10:15;119.7
01/06/2025 10:30;119.68
01/06/2025 10:45;119.68
01/06/2025 11:00;119.68
01/06/2025 11:15;119.7
01/06/2025 11:30;119.7
01/06/2025 11:45;119.7
01/06/2025 12:00;119.71
01/06/2025 12:15;119.72
01/06/2025 12:30;119.72
01/06/2025 12:45;119.72
01/06/2025 13:00;119.72
01/06/2025 13:15;119.72
01/06/2025 13:30;119.72
01/06/2025 13:45;119.71
01/06/2025 14:00;119.71
01/06/2025 14:15;119.71
01/06/2025 14:30;119.72
01/06/2025 14:45;119.71
01/06/2025 15:00;119.71
01/06/2025 15:15;119.71
01/06/2025 15:30;119.71
01/06/2025 15:45;119.71
01/06/2025 16:00;119.71
01/06/2025 16:15;119.71
01/06/2025 16:30;119.71
01/06/2025 16:45;119.72
01/06/2025 17:00;119.74
01/06/2025 17:15;119.77
01/06/2025 17:30;119.77
01/06/2025 17:45;119.79
01/06/2025 18:00;119.79
01/06/2025 18:15;119.79
01/06/2025 18:30;119.72
01/06/2025 18:45;119.75
01/06/2025 19:00;119.74
01/06/2025 19:15;119.73
01/06/2025 19:30;119.73
01/06/2025 19:45;119.77
01/06/2025 20:00;119.73
01/06/2025 20:15;119.73
01/06/2025 20:30;119.73
01/06/2025 20:45;119.73
01/06/2025 21:00;119.74
01/06/2025 21:15;119.73
01/06/2025 21:30;119.73
01/06/2025 21:45;119.72
01/06/2025 22:00;119.73
01/06/2025 22:15;119.71
01/06/2025 22:30;119.72
01/06/2025 22:45;119.72
01/06/2025 23:00;119.72
01/06/2025 23:15;119.71
01/06/2025 23:30;119.72
01/06/2025 23:45;119.72
02/06/2025 00:00;119.71
02/06/2025 00:15;119.7
02/06/2025 00:30;119.7
02/06/2025 00:45;119.68
02/06/2025 01:00;119.68
02/06/2025 01:15;119.7
02/06/2025 01:30;119.7
02/06/2025 01:45;119.72
02/06/2025 02:00;119.7
02/06/2025 02:15;119.71
02/06/2025 02:30;119.7
02/06/2025 02:45;119.71
02/06/2025 03:00;119.68
02/06/2025 03:15;119.72
02/06/2025 03:30;119.71
02/06/2025 03:45;119.7
02/06/2025 04:00;119.72
02/06/2025 04:15;119.7
02/06/2025 04:30;119.71
02/06/2025 04:45;119.7
02/06/2025 05:00;119.7
02/06/2025 05:15;119.7
02/06/2025 05:30;119.7
02/06/2025 05:45;119.68
02/06/2025 06:00;119.7
02/06/2025 06:15;119.66
02/06/2025 06:30;119.68
02/06/2025 06:45;119.68
02/06/2025 07:00;119.68
02/06/2025 07:15;119.7
02/06/2025 07:30;119.7
02/06/2025 07:45;119.7
02/06/2025 08:00;119.66
02/06/2025 08:15;119.68
02/06/2025 08:30;119.65
02/06/2025 08:45;119.68
02/06/2025 09:00;119.66
02/06/2025 09:15;119.68
02/06/2025 09:30;119.65
02/06/2025 09:45;119.65
02/06/2025 10:00;119.64
02/06/2025 10:15;119.63
02/06/2025 10:30;119.65
02/06/2025 10:45;119.64
02/06/2025 11:00;119.65
02/06/2025 11:15;119.64
02/06/2025 11:30;119.64
02/06/2025 11:45;119.61
02/06/2025 12:00;119.63
02/06/2025 12:15;119.62
02/06/2025 12:30;119.62
02/06/2025 12:45;119.62
02/06/2025 13:00;119.63
02/06/2025 13:15;119.62
02/06/2025 13:30;119.62
02/06/2025 13:45;119.63
02/06/2025 14:00;119.62
02/06/2025 14:15;119.63
02/06/2025 14:30;119.62
02/06/2025 14:45;119.64
02/06/2025 15:00;119.62
02/06/2025 15:15;119.64
02/06/2025 15:30;119.62
02/06/2025 15:45;119.63
02/06/2025 16:00;119.63
02/06/2025 16:15;119.64
02/06/2025 16:30;119.64
02/06/2025 16:45;119.64
02/06/2025 17:00;119.63
02/06/2025 17:15;119.63
02/06/2025 17:30;119.62
02/06/2025 17:45;119.62
02/06/2025 18:00;119.63
02/06/2025 18:15;119.63
02/06/2025 18:30;119.64
02/06/2025 18:45;119.64
02/06/2025 19:00;119.65
02/06/2025 19:15;119.64
02/06/2025 19:30;119.65
02/06/2025 19:45;119.64
02/06/2025 20:00;119.65
02/06/2025 20:15;119.65
02/06/2025 20:30;119.64
02/06/2025 20:45;119.63
02/06/2025 21:00;119.64
02/06/2025 21:15;119.64
02/06/2025 21:30;119.63
02/06/2025 21:45;119.64
02/06/2025 22:00;119.63
02/06/2025 22:15;119.63
02/06/2025 22:30;119.62
02/06/2025 22:45;119.63
02/06/2025 23:00;119.62
02/06/2025 23:15;119.61
02/06/2025 23:30;119.62
02/06/2025 23:45;119.63
03/06/2025 00:00;119.62
03/06/2025 00:15;119.62
03/06/2025 00:30;119.63
03/06/2025 00:45;119.63
03/06/2025 01:00;119.61
03/06/2025 01:15;119.62
03/06/2025 01:30;119.61
03/06/2025 01:45;119.61
03/06/2025 02:00;119.61
03/06/2025 02:15;119.61
03/06/2025 02:30;119.59
03/06/2025 02:45;119.59
03/06/2025 03:00;119.59
03/06/2025 03:15;119.59
03/06/2025 03:30;119.59
03/06/2025 03:45;119.59
03/06/2025 04:00;119.59
03/06/2025 04:15;119.59
03/06/2025 04:30;119.59
03/06/2025 04:45;119.59
03/06/2025 05:00;119.59
03/06/2025 05:15;119.59
03/06/2025 05:30;119.59
03/06/2025 05:45;119.59
03/06/2025 06:00;119.57
03/06/2025 06:15;119.59
03/06/2025 06:30;119.57
03/06/2025 06:45;119.57
03/06/2025 07:00;119.56
03/06/2025 07:15;119.56
03/06/2025 07:30;119.55
03/06/2025 07:45;119.54
03/06/2025 08:00;119.55
03/06/2025 08:15;119.54
03/06/2025 08:30;119.54
03/06/2025 08:45;119.54
03/06/2025 09:00;119.54
03/06/2025 09:15;119.54
03/06/2025 09:30;119.56
03/06/2025 09:45;119.56
03/06/2025 10:00;119.55
03/06/2025 10:15;119.56
03/06/2025 10:30;119.55
03/06/2025 10:45;119.55
03/06/2025 11:00;119.54
03/06/2025 11:15;119.56
03/06/2025 11:30;119.55
03/06/2025 11:45;119.55
03/06/2025 12:00;119.55
03/06/2025 12:15;119.55
03/06/2025 12:30;119.54
03/06/2025 12:45;119.55
03/06/2025 13:00;119.55
03/06/2025 13:15;119.55
03/06/2025 13:30;119.55
03/06/2025 13:45;119.55
03/06/2025 14:00;119.56
03/06/2025 14:15;119.56
03/06/2025 14:30;119.57
03/06/2025 14:45;119.57
03/06/2025 15:00;119.59
03/06/2025 15:15;119.59
03/06/2025 15:30;119.59
03/06/2025 15:45;119.59
03/06/2025 16:00;119.59
03/06/2025 16:15;119.59
03/06/2025 16:30;119.59
03/06/2025 16:45;119.59
03/06/2025 17:00;119.59
03/06/2025 17:15;119.59
03/06/2025 17:30;119.59
03/06/2025 17:45;119.59
03/06/2025 18:00;119.59
03/06/2025 18:15;119.59
03/06/2025 18:30;119.59
03/06/2025 18:45;119.61
03/06/2025 19:00;119.61
03/06/2025 19:15;119.59
03/06/2025 19:30;119.61
03/06/2025 19:45;119.59
03/06/2025 20:00;119.61
03/06/2025 20:15;119.59
03/06/2025 20:30;119.59
03/06/2025 20:45;119.59
03/06/2025 21:00;119.59
03/06/2025 21:15;119.59
03/06/2025 21:30;119.61
03/06/2025 21:45;119.63
03/06/2025 22:00;119.63
03/06/2025 22:15;119.61
03/06/2025 22:30;119.59
03/06/2025 22:45;119.61
03/06/2025 23:00;119.59
03/06/2025 23:15;119.59
03/06/2025 23:30;119.59
03/06/2025 23:45;119.57
04/06/2025 00:00;119.57
04/06/2025 00:15;119.57
04/06/2025 00:30;119.56
04/06/2025 00:45;119.56
04/06/2025 01:00;119.56
04/06/2025 01:15;119.55
04/06/2025 01:30;119.54
04/06/2025 01:45;119.54
04/06/2025 02:00;119.55
04/06/2025 02:15;119.54
04/06/2025 02:30;119.54
04/06/2025 02:45;119.54
04/06/2025 03:00;119.56
04/06/2025 03:15;119.57
04/06/2025 03:30;119.59
04/06/2025 03:45;119.57
04/06/2025 04:00;119.56
04/06/2025 04:15;119.55
04/06/2025 04:30;119.54
04/06/2025 04:45;119.54
04/06/2025 05:00;119.54
04/06/2025 05:15;119.54
04/06/2025 05:30;119.54
04/06/2025 05:45;119.54
04/06/2025 06:00;119.52
04/06/2025 06:15;119.54
04/06/2025 06:30;119.52
04/06/2025 06:45;119.54
04/06/2025 07:00;119.52
04/06/2025 07:15;119.52
04/06/2025 07:30;119.52
04/06/2025 07:45;119.52
04/06/2025 08:00;119.54
04/06/2025 08:15;119.54
04/06/2025 08:30;119.54
04/06/2025 08:45;119.54
04/06/2025 09:00;119.54
04/06/2025 09:15;119.54
04/06/2025 09:30;119.54
04/06/2025 09:45;119.54
04/06/2025 10:00;119.52
04/06/2025 10:15;119.52
04/06/2025 10:30;119.52
04/06/2025 10:45;119.52
04/06/2025 11:00;119.52
04/06/2025 11:15;119.52
04/06/2025 11:30;119.52
04/06/2025 11:45;119.54
04/06/2025 12:00;119.54
04/06/2025 12:15;119.54
04/06/2025 12:30;119.54
04/06/2025 12:45;119.55
04/06/2025 13:00;119.55
04/06/2025 13:15;119.55
04/06/2025 13:30;119.55
04/06/2025 13:45;119.56
04/06/2025 14:00;119.56
04/06/2025 14:15;119.56
04/06/2025 14:30;119.56
04/06/2025 14:45;119.56
04/06/2025 15:00;119.56
04/06/2025 15:15;119.56
04/06/2025 15:30;119.56
04/06/2025 15:45;119.56
04/06/2025 16:00;119.56
04/06/2025 16:15;119.57
04/06/2025 16:30;119.57
04/06/2025 16:45;119.57
04/06/2025 17:00;119.57
04/06/2025 17:15;119.59
04/06/2025 17:30;119.59
04/06/2025 17:45;119.59
04/06/2025 18:00;119.59
04/06/2025 18:15;119.59
04/06/2025 18:30;119.59
04/06/2025 18:45;119.59
04/06/2025 19:00;119.59
04/06/2025 19:15;119.61
04/06/2025 19:30;119.61
04/06/2025 19:45;119.61
04/06/2025 20:00;119.61
04/06/2025 20:15;119.59
04/06/2025 20:30;119.59
04/06/2025 20:45;119.59
04/06/2025 21:00;119.59
04/06/2025 21:15;119.59
04/06/2025 21:30;119.59
04/06/2025 21:45;119.57
04/06/2025 22:00;119.59
04/06/2025 22:15;119.57
04/06/2025 22:30;119.59
04/06/2025 22:45;119.59
04/06/2025 23:00;119.59
04/06/2025 23:15;119.59
04/06/2025 23:30;119.59
04/06/2025 23:45;119.59
05/06/2025 00:00;119.59
05/06/2025 00:15;119.59
05/06/2025 00:30;119.57
05/06/2025 00:45;119.57
05/06/2025 01:00;119.57
05/06/2025 01:15;119.57
05/06/2025 01:30;119.56
05/06/2025 01:45;119.57
05/06/2025 02:00;119.56
05/06/2025 02:15;119.56
05/06/2025 02:30;119.59
05/06/2025 02:45;119.59
05/06/2025 03:00;119.57
05/06/2025 03:15;119.57
05/06/2025 03:30;119.57
05/06/2025 03:45;119.57
05/06/2025 04:00;119.59
05/06/2025 04:15;119.59
05/06/2025 04:30;119.59
05/06/2025 04:45;119.59
05/06/2025 05:00;119.61
05/06/2025 05:15;119.59
05/06/2025 05:30;119.59
05/06/2025 05:45;119.59
05/06/2025 06:00;119.59
05/06/2025 06:15;119.59
05/06/2025 06:30;119.59
05/06/2025 06:45;119.59
05/06/2025 07:00;119.57
05/06/2025 07:15;119.59
05/06/2025 07:30;119.59
05/06/2025 07:45;119.57
05/06/2025 08:00;119.59
05/06/2025 08:15;119.59
05/06/2025 08:30;119.59
05/06/2025 08:45;119.59
05/06/2025 09:00;119.59
05/06/2025 09:15;119.59
05/06/2025 09:30;119.61
05/06/2025 09:45;119.59
05/06/2025 10:00;119.61
05/06/2025 10:15;119.59
05/06/2025 10:30;119.59
05/06/2025 10:45;119.59
05/06/2025 11:00;119.59
05/06/2025 11:15;119.59
05/06/2025 11:30;119.59
05/06/2025 11:45;119.59
05/06/2025 12:00;119.59
05/06/2025 12:15;119.61
05/06/2025 12:30;119.59
05/06/2025 12:45;119.61
05/06/2025 13:00;119.59
05/06/2025 13:15;119.61
05/06/2025 13:30;119.61
05/06/2025 13:45;119.61
05/06/2025 14:00;119.61
05/06/2025 14:15;119.62
05/06/2025 14:30;119.62
05/06/2025 14:45;119.63
05/06/2025 15:00;119.63
05/06/2025 15:15;119.63
05/06/2025 15:30;119.64
05/06/2025 15:45;119.63
05/06/2025 16:00;119.63
05/06/2025 16:15;119.63
05/06/2025 16:30;119.63
05/06/2025 16:45;119.63
05/06/2025 17:00;119.64
05/06/2025 17:15;119.64
05/06/2025 17:30;119.64
05/06/2025 17:45;119.64
05/06/2025 18:00;119.65
05/06/2025 18:15;119.65
05/06/2025 18:30;119.65
05/06/2025 18:45;119.66
05/06/2025 19:00;119.66
05/06/2025 19:15;119.66
05/06/2025 19:30;119.68
05/06/2025 19:45;119.68
05/06/2025 20:00;119.68
05/06/2025 20:15;119.66
05/06/2025 20:30;119.65
05/06/2025 20:45;119.65
05/06/2025 21:00;119.64
05/06/2025 21:15;119.64
05/06/2025 21:30;119.64
05/06/2025 21:45;119.64
05/06/2025 22:00;119.64
05/06/2025 22:15;119.64
05/06/2025 22:30;119.65
05/06/2025 22:45;119.65
05/06/2025 23:00;119.65
05/06/2025 23:15;119.64
05/06/2025 23:30;119.65
05/06/2025 23:45;119.64
06/06/2025 00:00;119.64
06/06/2025 00:15;119.64
06/06/2025 00:30;119.63
06/06/2025 00:45;119.63
06/06/2025 01:00;119.63
06/06/2025 01:15;119.64
06/06/2025 01:30;119.64
06/06/2025 01:45;119.64
06/06/2025 02:00;119.63
06/06/2025 02:15;119.63
06/06/2025 02:30;119.64
06/06/2025 02:45;119.64
06/06/2025 03:00;119.64
06/06/2025 03:15;119.64
06/06/2025 03:30;119.65
06/06/2025 03:45;119.65
06/06/2025 04:00;119.66
06/06/2025 04:15;119.66
06/06/2025 04:30;119.68
06/06/2025 04:45;119.66
06/06/2025 05:00;119.66
06/06/2025 05:15;119.66
06/06/2025 05:30;119.68
06/06/2025 05:45;119.68
06/06/2025 06:00;119.68
06/06/2025 06:15;119.68
06/06/2025 06:30;119.66
06/06/2025 06:45;119.68
06/06/2025 07:00;119.66
06/06/2025 07:15;119.68
06/06/2025 07:30;119.66
06/06/2025 07:45;119.68
06/06/2025 08:00;119.66
06/06/2025 08:15;119.7
06/06/2025 08:30;119.7
06/06/2025 08:45;119.7
06/06/2025 09:00;119.7
06/06/2025 09:15;119.7
06/06/2025 09:30;119.7
06/06/2025 09:45;119.68
06/06/2025 10:00;119.7
06/06/2025 10:15;119.7
06/06/2025 10:30;119.7
06/06/2025 10:45;119.7
06/06/2025 11:00;119.7
06/06/2025 11:15;119.7
06/06/2025 11:30;119.71
06/06/2025 11:45;119.71
06/06/2025 12:00;119.7
06/06/2025 12:15;119.71
06/06/2025 12:30;119.7
06/06/2025 12:45;119.71
06/06/2025 13:00;119.71
06/06/2025 13:15;119.72
06/06/2025 13:30;119.72
06/06/2025 13:45;119.73
06/06/2025 14:00;119.73
06/06/2025 14:15;119.74
06/06/2025 14:30;119.74
06/06/2025 14:45;119.74
06/06/2025 15:00;119.74
06/06/2025 15:15;119.74
06/06/2025 15:30;119.74
06/06/2025 15:45;119.74
06/06/2025 16:00;119.74
06/06/2025 16:15;119.74
06/06/2025 16:30;119.74
06/06/2025 16:45;119.74
06/06/2025 17:00;119.75
06/06/2025 17:15;119.75
06/06/2025 17:30;119.75
06/06/2025 17:45;119.75
06/06/2025 18:00;119.77
06/06/2025 18:15;119.77
06/06/2025 18:30;119.77
06/06/2025 18:45;119.77
06/06/2025 19:00;119.77
06/06/2025 19:15;119.79
06/06/2025 19:30;119.79
06/06/2025 19:45;119.79
06/06/2025 20:00;119.79
06/06/2025 20:15;119.79
06/06/2025 20:30;119.79
06/06/2025 20:45;119.79
06/06/2025 21:00;119.79
06/06/2025 21:15;119.79
06/06/2025 21:30;119.77
06/06/2025 21:45;119.79
06/06/2025 22:00;119.77
06/06/2025 22:15;119.77
06/06/2025 22:30;119.79
06/06/2025 22:45;119.79
06/06/2025 23:00;119.77
06/06/2025 23:15;119.79
06/06/2025 23:30;119.77
06/06/2025 23:45;119.79
07/06/2025 00:00;119.77
07/06/2025 00:15;119.79
07/06/2025 00:30;119.77
07/06/2025 00:45;119.77
07/06/2025 01:00;119.77
07/06/2025 01:15;119.77
07/06/2025 01:30;119.77
07/06/2025 01:45;119.77
07/06/2025 02:00;119.77
07/06/2025 02:15;119.77
07/06/2025 02:30;119.75
07/06/2025 02:45;119.75
07/06/2025 03:00;119.75
07/06/2025 03:15;119.74
07/06/2025 03:30;119.75
07/06/2025 03:45;119.75
07/06/2025 04:00;119.75
07/06/2025 04:15;119.77
07/06/2025 04:30;119.77
07/06/2025 04:45;119.77
07/06/2025 05:00;119.77
07/06/2025 05:15;119.77
07/06/2025 05:30;119.77
07/06/2025 05:45;119.77
07/06/2025 06:00;119.77
07/06/2025 06:15;119.77
07/06/2025 06:30;119.77
07/06/2025 06:45;119.77
07/06/2025 07:00;119.75
07/06/2025 07:15;119.75
07/06/2025 07:30;119.75
07/06/2025 07:45;119.75
07/06/2025 08:00;119.75
07/06/2025 08:15;119.77
07/06/2025 08:30;119.77
07/06/2025 08:45;119.77
07/06/2025 09:00;119.77
07/06/2025 09:15;119.77
07/06/2025 09:30;119.77
07/06/2025 09:45;119.79
07/06/2025 10:00;119.79
07/06/2025 10:15;119.79
07/06/2025 10:30;119.79
07/06/2025 10:45;119.79
07/06/2025 11:00;119.79
07/06/2025 11:15;119.79
07/06/2025 11:30;119.79
07/06/2025 11:45;119.79
07/06/2025 12:00;119.79
07/06/2025 12:15;119.79
07/06/2025 12:30;119.79
07/06/2025 12:45;119.79
07/06/2025 13:00;119.79
07/06/2025 13:15;119.79
07/06/2025 13:30;119.8
07/06/2025 13:45;119.8
07/06/2025 14:00;119.8
07/06/2025 14:15;119.81
07/06/2025 14:30;119.81
07/06/2025 14:45;119.82
07/06/2025 15:00;119.82
07/06/2025 15:15;119.82
07/06/2025 15:30;119.82
07/06/2025 15:45;119.82
07/06/2025 16:00;119.82
07/06/2025 16:15;119.82
07/06/2025 16:30;119.82
07/06/2025 16:45;119.82
07/06/2025 17:00;119.82
07/06/2025 17:15;119.82
07/06/2025 17:30;119.82
07/06/2025 17:45;119.84
07/06/2025 18:00;119.84
07/06/2025 18:15;119.84
07/06/2025 18:30;119.84
07/06/2025 18:45;119.84
07/06/2025 19:00;119.84
07/06/2025 19:15;119.86
07/06/2025 19:30;119.86
07/06/2025 19:45;119.86
07/06/2025 20:00;119.86
07/06/2025 20:15;119.86
07/06/2025 20:30;119.86
07/06/2025 20:45;119.84
07/06/2025 21:00;119.86
07/06/2025 21:15;119.84
07/06/2025 21:30;119.86
07/06/2025 21:45;119.84
07/06/2025 22:00;119.86
07/06/2025 22:15;119.84
07/06/2025 22:30;119.84
07/06/2025 22:45;119.84
07/06/2025 23:00;119.84
07/06/2025 23:15;119.84
07/06/2025 23:30;119.84
07/06/2025 23:45;119.84
08/06/2025 00:00;119.84
08/06/2025 00:15;119.86
08/06/2025 00:30;119.84
08/06/2025 00:45;119.84
08/06/2025 01:00;119.84
08/06/2025 01:15;119.84
08/06/2025 01:30;119.84
08/06/2025 01:45;119.84
08/06/2025 02:00;119.84
08/06/2025 02:15;119.84
08/06/2025 02:30;119.84
08/06/2025 02:45;119.84
08/06/2025 03:00;119.84
08/06/2025 03:15;119.84
08/06/2025 03:30;119.86
08/06/2025 03:45;119.86
08/06/2025 04:00;119.84
08/06/2025 04:15;119.84
08/06/2025 04:30;119.84
08/06/2025 04:45;119.84
08/06/2025 05:00;119.84
08/06/2025 05:15;119.84
08/06/2025 05:30;119.84
08/06/2025 05:45;119.84
08/06/2025 06:00;119.84
08/06/2025 06:15;119.86
08/06/2025 06:30;119.86
08/06/2025 06:45;119.86
08/06/2025 07:00;119.86
08/06/2025 07:15;119.86
08/06/2025 07:30;119.86
08/06/2025 07:45;119.86
08/06/2025 08:00;119.86
08/06/2025 08:15;119.86
08/06/2025 08:30;119.86
08/06/2025 08:45;119.86
08/06/2025 09:00;119.86
08/06/2025 09:15;119.86
08/06/2025 09:30;119.87
08/06/2025 09:45;119.87
08/06/2025 10:00;119.87
08/06/2025 10:15;119.87
08/06/2025 10:30;119.87
08/06/2025 10:45;119.87
08/06/2025 11:00;119.88
08/06/2025 11:15;119.88
08/06/2025 11:30;119.88
08/06/2025 11:45;119.88
08/06/2025 12:00;119.88
08/06/2025 12:15;119.89
08/06/2025 12:30;119.89
08/06/2025 12:45;119.89
08/06/2025 13:00;119.89
08/06/2025 13:15;119.89
08/06/2025 13:30;119.89
08/06/2025 13:45;119.89
08/06/2025 14:00;119.89
08/06/2025 14:15;119.89
08/06/2025 14:30;119.9
08/06/2025 14:45;119.9
08/06/2025 15:00;119.9
08/06/2025 15:15;119.9
08/06/2025 15:30;119.9
08/06/2025 15:45;119.9
08/06/2025 16:00;119.91
08/06/2025 16:15;119.91
08/06/2025 16:30;119.91
08/06/2025 16:45;119.91
08/06/2025 17:00;119.91
08/06/2025 17:15;119.91
08/06/2025 17:30;119.93
08/06/2025 17:45;119.93
08/06/2025 18:00;119.93
08/06/2025 18:15;119.93
08/06/2025 18:30;119.93
08/06/2025 18:45;119.93
08/06/2025 19:00;119.93
08/06/2025 19:15;119.93
08/06/2025 19:30;119.93
08/06/2025 19:45;119.93
08/06/2025 20:00;119.93
08/06/2025 20:15;119.93
08/06/2025 20:30;119.93
08/06/2025 20:45;119.93
08/06/2025 21:00;119.93
08/06/2025 21:15;119.93
08/06/2025 21:30;119.93
08/06/2025 21:45;119.93
08/06/2025 22:00;119.93
08/06/2025 22:15;119.93
08/06/2025 22:30;119.93
08/06/2025 22:45;119.95
08/06/2025 23:00;119.95
08/06/2025 23:15;119.95
08/06/2025 23:30;119.95
08/06/2025 23:45;119.96
09/06/2025 00:00;119.95
09/06/2025 00:15;119.95
09/06/2025 00:30;119.95
09/06/2025 00:45;119.95
09/06/2025 01:00;119.95
09/06/2025 01:15;119.95
09/06/2025 01:30;119.96
09/06/2025 01:45;119.95
09/06/2025 02:00;119.96
09/06/2025 02:15;119.95
09/06/2025 02:30;119.96
09/06/2025 02:45;119.96
09/06/2025 03:00;119.96
09/06/2025 03:15;119.95
09/06/2025 03:30;119.96
09/06/2025 03:45;119.96
09/06/2025 04:00;119.97
09/06/2025 04:15;119.97
09/06/2025 04:30;119.98
09/06/2025 04:45;119.98
09/06/2025 05:00;119.98
09/06/2025 05:15;119.98
09/06/2025 05:30;119.99
09/06/2025 05:45;119.99
09/06/2025 06:00;119.99
09/06/2025 06:15;119.99
09/06/2025 06:30;119.96
09/06/2025 06:45;119.97
09/06/2025 07:00;119.97
09/06/2025 07:15;119.97
09/06/2025 07:30;119.96
09/06/2025 07:45;119.98
09/06/2025 08:00;119.97
09/06/2025 08:15;119.98
09/06/2025 08:30;119.98
09/06/2025 08:45;119.98
09/06/2025 09:00;119.98
09/06/2025 09:15;119.99
09/06/2025 09:30;119.99
09/06/2025 09:45;119.98
09/06/2025 10:00;120
09/06/2025 10:15;119.99
09/06/2025 10:30;120
09/06/2025 10:45;119.99
09/06/2025 11:00;120
09/06/2025 11:15;119.99
09/06/2025 11:30;119.99
09/06/2025 11:45;119.99
09/06/2025 12:00;119.98
09/06/2025 12:15;119.98
09/06/2025 12:30;119.98
09/06/2025 12:45;119.99
09/06/2025 13:00;119.99
09/06/2025 13:15;120
09/06/2025 13:30;120
09/06/2025 13:45;120.02
09/06/2025 14:00;120.02
09/06/2025 14:15;120.02
09/06/2025 14:30;120.02
09/06/2025 14:45;120.02
09/06/2025 15:00;120.02
09/06/2025 15:15;120.02
09/06/2025 15:30;120.02
09/06/2025 15:45;120.02
09/06/2025 16:00;120.02
09/06/2025 16:15;120.02
09/06/2025 16:30;120.02
09/06/2025 16:45;120.02
09/06/2025 17:00;120.02
09/06/2025 17:15;120.02
09/06/2025 17:30;120.02
09/06/2025 17:45;120.02
09/06/2025 18:00;120.02
09/06/2025 18:15;120.02
09/06/2025 18:30;120.04
09/06/2025 18:45;120.04
09/06/2025 19:00;120.04
09/06/2025 19:15;120.04
09/06/2025 19:30;120.04
09/06/2025 19:45;120.04
09/06/2025 20:00;120.04
09/06/2025 20:15;120.02
09/06/2025 20:30;120.02
09/06/2025 20:45;120.02
09/06/2025 21:00;120
09/06/2025 21:15;120
09/06/2025 21:30;120.02
09/06/2025 21:45;120.02
09/06/2025 22:00;120
09/06/2025 22:15;120
09/06/2025 22:30;120
09/06/2025 22:45;120
09/06/2025 23:00;120
09/06/2025 23:15;120
09/06/2025 23:30;119.99
09/06/2025 23:45;119.99
10/06/2025 00:00;119.99
10/06/2025 00:15;120
10/06/2025 00:30;120.02
10/06/2025 00:45;120.02
10/06/2025 01:00;120.04
10/06/2025 01:15;120.04
10/06/2025 01:30;120.04
10/06/2025 01:45;120.02
10/06/2025 02:00;120.02
10/06/2025 02:15;120
10/06/2025 02:30;120.02
10/06/2025 02:45;120
10/06/2025 03:00;120
10/06/2025 03:15;120
10/06/2025 03:30;120
10/06/2025 03:45;120
10/06/2025 04:00;120
10/06/2025 04:15;120
10/06/2025 04:30;119.99
10/06/2025 04:45;119.99
10/06/2025 05:00;119.99
10/06/2025 05:15;119.99
10/06/2025 05:30;120
10/06/2025 05:45;120
10/06/2025 06:00;120.02
10/06/2025 06:15;120.04
10/06/2025 06:30;120.02
10/06/2025 06:45;120.02
10/06/2025 07:00;120.02
10/06/2025 07:15;120.02
10/06/2025 07:30;119.99
10/06/2025 07:45;120
10/06/2025 08:00;119.99
10/06/2025 08:15;119.99
10/06/2025 08:30;119.98
10/06/2025 08:45;119.98
10/06/2025 09:00;119.99
10/06/2025 09:15;120
10/06/2025 09:30;120.02
10/06/2025 09:45;119.99
10/06/2025 10:00;120.02
10/06/2025 10:15;120
10/06/2025 10:30;120
10/06/2025 10:45;120
10/06/2025 11:00;120.02
10/06/2025 11:15;120
10/06/2025 11:30;120.02
10/06/2025 11:45;120.02
10/06/2025 12:00;120
10/06/2025 12:15;120
10/06/2025 12:30;120.02
10/06/2025 12:45;120.02
10/06/2025 13:00;120.02
10/06/2025 13:15;120.02
10/06/2025 13:30;120.02
10/06/2025 13:45;120.02
10/06/2025 14:00;120.02
10/06/2025 14:15;120.04
10/06/2025 14:30;120.04
10/06/2025 14:45;120.04
10/06/2025 15:00;120.04
10/06/2025 15:15;120.04
10/06/2025 15:30;120.04
10/06/2025 15:45;120.04
10/06/2025 16:00;120.04
10/06/2025 16:15;120.04
10/06/2025 16:30;120.04
10/06/2025 16:45;120.04
10/06/2025 17:00;120.04
10/06/2025 17:15;120.04
10/06/2025 17:30;120.04
10/06/2025 17:45;120.04
10/06/2025 18:00;120.04
10/06/2025 18:15;120.04
10/06/2025 18:30;120.05
10/06/2025 18:45;120.05
10/06/2025 19:00;120.05
10/06/2025 19:15;120.05
10/06/2025 19:30;120.06
10/06/2025 19:45;120.06
10/06/2025 20:00;120.05
10/06/2025 20:15;120.04
10/06/2025 20:30;120.04
10/06/2025 20:45;120.04
10/06/2025 21:00;120.04
10/06/2025 21:15;120.02
10/06/2025 21:30;120.02
10/06/2025 21:45;120.04
10/06/2025 22:00;120.02
10/06/2025 22:15;120.02
10/06/2025 22:30;120.02
10/06/2025 22:45;120.02
10/06/2025 23:00;120.02
10/06/2025 23:15;120.02
10/06/2025 23:30;120.02
10/06/2025 23:45;120.02
11/06/2025 00:00;120.02
11/06/2025 00:15;120.02
11/06/2025 00:30;120.04
11/06/2025 00:45;120.02
11/06/2025 01:00;120.02
11/06/2025 01:15;120
11/06/2025 01:30;120.02
11/06/2025 01:45;120
11/06/2025 02:00;120
11/06/2025 02:15;119.99
11/06/2025 02:30;120
11/06/2025 02:45;119.99
11/06/2025 03:00;120
11/06/2025 03:15;120
11/06/2025 03:30;120.02
11/06/2025 03:45;120.02
11/06/2025 04:00;120
11/06/2025 04:15;120.02
11/06/2025 04:30;120.02
11/06/2025 04:45;120.04
11/06/2025 05:00;120.02
11/06/2025 05:15;120.04
11/06/2025 05:30;120.04
11/06/2025 05:45;120.04
11/06/2025 06:00;120.04
11/06/2025 06:15;120.02
11/06/2025 06:30;119.99
11/06/2025 06:45;120
11/06/2025 07:00;119.99
11/06/2025 07:15;120
11/06/2025 07:30;120
11/06/2025 07:45;120.02
11/06/2025 08:00;120
11/06/2025 08:15;120
11/06/2025 08:30;119.98
11/06/2025 08:45;119.99
11/06/2025 09:00;119.99
11/06/2025 09:15;120.02
11/06/2025 09:30;120.02
11/06/2025 09:45;120
11/06/2025 10:00;120.02
11/06/2025 10:15;120
11/06/2025 10:30;120.02
11/06/2025 10:45;119.99
11/06/2025 11:00;120.02
11/06/2025 11:15;119.99
11/06/2025 11:30;120.02
11/06/2025 11:45;119.99
11/06/2025 12:00;119.99
11/06/2025 12:15;119.98
11/06/2025 12:30;119.99
11/06/2025 12:45;120
11/06/2025 13:00;119.99
11/06/2025 13:15;120.02
11/06/2025 13:30;120.02
11/06/2025 13:45;120.02
11/06/2025 14:00;120.02
11/06/2025 14:15;120.02
11/06/2025 14:30;120.02
11/06/2025 14:45;120.02
11/06/2025 15:00;120.02
11/06/2025 15:15;120.04
11/06/2025 15:30;120.02
11/06/2025 15:45;120.02
11/06/2025 16:00;120.02
11/06/2025 16:15;120.02
11/06/2025 16:30;120.02
11/06/2025 16:45;120.02
11/06/2025 17:00;120.02
11/06/2025 17:15;120.02
11/06/2025 17:30;120
11/06/2025 17:45;120.02
11/06/2025 18:00;120.02
11/06/2025 18:15;120.02
11/06/2025 18:30;120.04
11/06/2025 18:45;120.04
11/06/2025 19:00;120.02
11/06/2025 19:15;120.02
11/06/2025 19:30;120.04
11/06/2025 19:45;120.04
11/06/2025 20:00;120.04
11/06/2025 20:15;120.02
11/06/2025 20:30;120.02
11/06/2025 20:45;120.02
11/06/2025 21:00;120.02
11/06/2025 21:15;120.02
11/06/2025 21:30;120.02
11/06/2025 21:45;120.02
11/06/2025 22:00;120
11/06/2025 22:15;120.02
11/06/2025 22:30;120
11/06/2025 22:45;120
11/06/2025 23:00;119.99
11/06/2025 23:15;119.99
11/06/2025 23:30;119.98
11/06/2025 23:45;119.99
12/06/2025 00:00;119.99
12/06/2025 00:15;120
12/06/2025 00:30;120
12/06/2025 00:45;119.99
12/06/2025 01:00;119.99
12/06/2025 01:15;120
12/06/2025 01:30;120.02
12/06/2025 01:45;119.99
12/06/2025 02:00;119.99
12/06/2025 02:15;119.98
12/06/2025 02:30;119.99
12/06/2025 02:45;119.98
12/06/2025 03:00;119.99
12/06/2025 03:15;119.99
12/06/2025 03:30;120
12/06/2025 03:45;120
12/06/2025 04:00;120
12/06/2025 04:15;119.99
12/06/2025 04:30;119.98
12/06/2025 04:45;119.98
12/06/2025 05:00;119.98
12/06/2025 05:15;119.99
12/06/2025 05:30;119.99
12/06/2025 05:45;119.99
12/06/2025 06:00;119.99
12/06/2025 06:15;120
12/06/2025 06:30;119.99
12/06/2025 06:45;119.99
12/06/2025 07:00;120
12/06/2025 07:15;120
12/06/2025 07:30;119.99
12/06/2025 07:45;119.99
12/06/2025 08:00;119.99
12/06/2025 08:15;119.98
12/06/2025 08:30;119.98
12/06/2025 08:45;120
12/06/2025 09:00;120
12/06/2025 09:15;120
12/06/2025 09:30;120
12/06/2025 09:45;119.99
12/06/2025 10:00;119.99
12/06/2025 10:15;119.99
12/06/2025 10:30;119.99
12/06/2025 10:45;120
12/06/2025 11:00;120
12/06/2025 11:15;120
12/06/2025 11:30;120.02
12/06/2025 11:45;120
12/06/2025 12:00;120.02
12/06/2025 12:15;120.02
12/06/2025 12:30;120.02
12/06/2025 12:45;120.02
12/06/2025 13:00;120.02
12/06/2025 13:15;120.02
12/06/2025 13:30;120
12/06/2025 13:45;120.02
12/06/2025 14:00;120.02
12/06/2025 14:15;120.02
12/06/2025 14:30;120.02
12/06/2025 14:45;120.02
12/06/2025 15:00;120.02
12/06/2025 15:15;120.02
12/06/2025 15:30;120.02
12/06/2025 15:45;120.02
12/06/2025 16:00;120.02
12/06/2025 16:15;120.02
12/06/2025 16:30;120.02
12/06/2025 16:45;120.02
12/06/2025 17:00;120.02
12/06/2025 17:15;120.02
12/06/2025 17:30;120.02
12/06/2025 17:45;120.02
12/06/2025 18:00;120.02
12/06/2025 18:15;120.02
12/06/2025 18:30;120.02
12/06/2025 18:45;120.02
12/06/2025 19:00;120.02
12/06/2025 19:15;120.02
12/06/2025 19:30;120.02
12/06/2025 19:45;120.04
12/06/2025 20:00;120.04
12/06/2025 20:15;120.02
12/06/2025 20:30;120.02
12/06/2025 20:45;120
12/06/2025 21:00;120
12/06/2025 21:15;120
12/06/2025 21:30;120
12/06/2025 21:45;120
12/06/2025 22:00;119.99
12/06/2025 22:15;120
12/06/2025 22:30;119.99
12/06/2025 22:45;119.99
12/06/2025 23:00;119.98
12/06/2025 23:15;119.98
12/06/2025 23:30;119.97
12/06/2025 23:45;119.97
13/06/2025 00:00;119.97
13/06/2025 00:15;119.97
13/06/2025 00:30;119.97
13/06/2025 00:45;119.96
13/06/2025 01:00;119.96
13/06/2025 01:15;119.96
13/06/2025 01:30;119.96
13/06/2025 01:45;119.95
13/06/2025 02:00;119.95
13/06/2025 02:15;119.95
13/06/2025 02:30;119.95
13/06/2025 02:45;119.95
13/06/2025 03:00;119.95
13/06/2025 03:15;119.95
13/06/2025 03:30;119.95
13/06/2025 03:45;119.95
13/06/2025 04:00;119.95
13/06/2025 04:15;119.95
13/06/2025 04:30;119.96
13/06/2025 04:45;119.95
13/06/2025 05:00;119.95
13/06/2025 05:15;119.95
13/06/2025 05:30;119.95
13/06/2025 05:45;119.95
13/06/2025 06:00;119.95
13/06/2025 06:15;119.95
13/06/2025 06:30;119.95
13/06/2025 06:45;119.95
13/06/2025 07:00;119.95
13/06/2025 07:15;119.95
13/06/2025 07:30;119.95
13/06/2025 07:45;119.95
13/06/2025 08:00;119.95
13/06/2025 08:15;119.96
13/06/2025 08:30;119.96
13/06/2025 08:45;119.96
13/06/2025 09:00;119.96
13/06/2025 09:15;119.97
13/06/2025 09:30;119.97
13/06/2025 09:45;119.97
13/06/2025 10:00;119.97
13/06/2025 10:15;119.98
13/06/2025 10:30;119.98
13/06/2025 10:45;119.97
13/06/2025 11:00;119.97
13/06/2025 11:15;119.97
13/06/2025 11:30;119.97
13/06/2025 11:45;119.97
13/06/2025 12:00;119.97
13/06/2025 12:15;119.97
13/06/2025 12:30;119.97
13/06/2025 12:45;119.97
13/06/2025 13:00;119.97
13/06/2025 13:15;119.97
13/06/2025 13:30;119.97
13/06/2025 13:45;119.97
13/06/2025 14:00;119.97
13/06/2025 14:15;119.97
13/06/2025 14:30;119.98
13/06/2025 14:45;119.98
13/06/2025 15:00;119.98
13/06/2025 15:15;119.97
13/06/2025 15:30;119.97
13/06/2025 15:45;119.97
13/06/2025 16:00;119.97
13/06/2025 16:15;119.97
13/06/2025 16:30;119.97
13/06/2025 16:45;119.97
13/06/2025 17:00;119.97
13/06/2025 17:15;119.97
13/06/2025 17:30;119.97
13/06/2025 17:45;119.98
13/06/2025 18:00;119.98
13/06/2025 18:15;119.97
13/06/2025 18:30;119.98
13/06/2025 18:45;119.98
13/06/2025 19:00;119.99
13/06/2025 19:15;119.99
13/06/2025 19:30;119.99
13/06/2025 19:45;120
13/06/2025 20:00;120
13/06/2025 20:15;120
13/06/2025 20:30;120
13/06/2025 20:45;120.02
13/06/2025 21:00;120.02
13/06/2025 21:15;120
13/06/2025 21:30;119.98
13/06/2025 21:45;119.99
13/06/2025 22:00;119.98
13/06/2025 22:15;119.99
13/06/2025 22:30;119.98
13/06/2025 22:45;119.98
13/06/2025 23:00;119.98
13/06/2025 23:15;119.98
13/06/2025 23:30;119.97
13/06/2025 23:45;119.98
14/06/2025 00:00;119.97
14/06/2025 00:15;119.98
14/06/2025 00:30;119.98
14/06/2025 00:45;119.96
14/06/2025 01:00;119.98
14/06/2025 01:15;119.97
14/06/2025 01:30;119.96
14/06/2025 01:45;119.96
14/06/2025 02:00;119.96
14/06/2025 02:15;119.95
14/06/2025 02:30;119.95
14/06/2025 02:45;119.95
14/06/2025 03:00;119.95
14/06/2025 03:15;119.93
14/06/2025 03:30;119.95
14/06/2025 03:45;119.93
14/06/2025 04:00;119.93
14/06/2025 04:15;119.93
14/06/2025 04:30;119.93
14/06/2025 04:45;119.93
14/06/2025 05:00;119.93
14/06/2025 05:15;119.93
14/06/2025 05:30;119.93
14/06/2025 05:45;119.95
14/06/2025 06:00;119.93
14/06/2025 06:15;119.93
14/06/2025 06:30;119.93
14/06/2025 06:45;119.93
14/06/2025 07:00;119.93
14/06/2025 07:15;119.93
14/06/2025 07:30;119.93
14/06/2025 07:45;119.93
14/06/2025 08:00;119.93
14/06/2025 08:15;119.93
14/06/2025 08:30;119.93
14/06/2025 08:45;119.93
14/06/2025 09:00;119.95
14/06/2025 09:15;119.93
14/06/2025 09:30;119.95
14/06/2025 09:45;119.95
14/06/2025 10:00;119.95
14/06/2025 10:15;119.93
14/06/2025 10:30;119.93
14/06/2025 10:45;119.93
14/06/2025 11:00;119.93
14/06/2025 11:15;119.93
14/06/2025 11:30;119.95
14/06/2025 11:45;119.95
14/06/2025 12:00;119.95
14/06/2025 12:15;119.95
14/06/2025 12:30;119.95
14/06/2025 12:45;119.96
14/06/2025 13:00;119.98
14/06/2025 13:15;120
14/06/2025 13:30;120
14/06/2025 13:45;120
14/06/2025 14:00;120
14/06/2025 14:15;120
14/06/2025 14:30;120.02
14/06/2025 14:45;120.02
14/06/2025 15:00;120.02
14/06/2025 15:15;120.02
14/06/2025 15:30;120.02
14/06/2025 15:45;120
14/06/2025 16:00;120
14/06/2025 16:15;120.02
14/06/2025 16:30;120.02
14/06/2025 16:45;120.02
14/06/2025 17:00;120.02
14/06/2025 17:15;120.02
14/06/2025 17:30;120.02
14/06/2025 17:45;120.02
14/06/2025 18:00;120.04
14/06/2025 18:15;120.04
14/06/2025 18:30;120.04
14/06/2025 18:45;120.05
14/06/2025 19:00;120.06
14/06/2025 19:15;120.06
14/06/2025 19:30;120.05
14/06/2025 19:45;120.06
14/06/2025 20:00;120.06
14/06/2025 20:15;120.05
14/06/2025 20:30;120.04
14/06/2025 20:45;120.04
14/06/2025 21:00;120.04
14/06/2025 21:15;120.04
14/06/2025 21:30;120.04
14/06/2025 21:45;120.04
14/06/2025 22:00;120.04
14/06/2025 22:15;120.04
14/06/2025 22:30;120.04
14/06/2025 22:45;120.04
14/06/2025 23:00;120.04
14/06/2025 23:15;120.05
14/06/2025 23:30;120.05
14/06/2025 23:45;120.04
15/06/2025 00:00;120.04
15/06/2025 00:15;120.05
15/06/2025 00:30;120.05
15/06/2025 00:45;120.04
15/06/2025 01:00;120.04
15/06/2025 01:15;120.02
15/06/2025 01:30;120.02
15/06/2025 01:45;120.02
15/06/2025 02:00;120.02
15/06/2025 02:15;120
15/06/2025 02:30;120.02
15/06/2025 02:45;120.02
15/06/2025 03:00;120.02
15/06/2025 03:15;120.02
15/06/2025 03:30;120.02
15/06/2025 03:45;120.02
15/06/2025 04:00;120.02
15/06/2025 04:15;120.02
15/06/2025 04:30;120.02
15/06/2025 04:45;120.02
15/06/2025 05:00;120.02
15/06/2025 05:15;120.02
15/06/2025 05:30;120.02
15/06/2025 05:45;120.02
15/06/2025 06:00;120.02
15/06/2025 06:15;120.02
15/06/2025 06:30;120.04
15/06/2025 06:45;120.02
15/06/2025 07:00;120.02
15/06/2025 07:15;120.02
15/06/2025 07:30;120.02
15/06/2025 07:45;120.02
15/06/2025 08:00;120.04
15/06/2025 08:15;120.04
15/06/2025 08:30;120.04
15/06/2025 08:45;120.04
15/06/2025 09:00;120.04
15/06/2025 09:15;120.04
15/06/2025 09:30;120.04
15/06/2025 09:45;120.05
15/06/2025 10:00;120.04
15/06/2025 10:15;120.04
15/06/2025 10:30;120.04
15/06/2025 10:45;120.05
15/06/2025 11:00;120.04
15/06/2025 11:15;120.04
15/06/2025 11:30;120.04
15/06/2025 11:45;120.04
15/06/2025 12:00;120.04
15/06/2025 12:15;120.04
15/06/2025 12:30;120.05
15/06/2025 12:45;120.05
15/06/2025 13:00;120.04
15/06/2025 13:15;120.04
15/06/2025 13:30;120.04
15/06/2025 13:45;120.05
15/06/2025 14:00;120.05
15/06/2025 14:15;120.05
15/06/2025 14:30;120.06
15/06/2025 14:45;120.06
15/06/2025 15:00;120.05
15/06/2025 15:15;120.04
15/06/2025 15:30;120.04
15/06/2025 15:45;120.04
15/06/2025 16:00;120.04
15/06/2025 16:15;120.04
15/06/2025 16:30;120.04
15/06/2025 16:45;120.04
15/06/2025 17:00;120.02
15/06/2025 17:15;120.02
15/06/2025 17:30;120.02
15/06/2025 17:45;120.02
15/06/2025 18:00;120.04
15/06/2025 18:15;120.04
15/06/2025 18:30;120.02
15/06/2025 18:45;120.02
15/06/2025 19:00;120.02
15/06/2025 19:15;120.02
15/06/2025 19:30;120.02
15/06/2025 19:45;120.02
15/06/2025 20:00;120.02
15/06/2025 20:15;120.02
15/06/2025 20:30;120.02
15/06/2025 20:45;120.02
15/06/2025 21:00;120
15/06/2025 21:15;120
15/06/2025 21:30;120
15/06/2025 21:45;120
15/06/2025 22:00;120
15/06/2025 22:15;120
15/06/2025 22:30;119.99
15/06/2025 22:45;119.99
15/06/2025 23:00;120
15/06/2025 23:15;120
15/06/2025 23:30;120
15/06/2025 23:45;120
16/06/2025 00:00;120
16/06/2025 00:15;120.02
16/06/2025 00:30;120.02
16/06/2025 00:45;120
16/06/2025 01:00;120
16/06/2025 01:15;120.02
16/06/2025 01:30;120
16/06/2025 01:45;120
16/06/2025 02:00;120.02
16/06/2025 02:15;120
16/06/2025 02:30;120
16/06/2025 02:45;120
16/06/2025 03:00;120.02
16/06/2025 03:15;120.02
16/06/2025 03:30;120.02
16/06/2025 03:45;120.02
16/06/2025 04:00;120.02
16/06/2025 04:15;120.02
16/06/2025 04:30;120.02
16/06/2025 04:45;120.02
16/06/2025 05:00;120.02
16/06/2025 05:15;120.02
16/06/2025 05:30;120.02
16/06/2025 05:45;120.02
16/06/2025 06:00;120.02
16/06/2025 06:15;120.02
16/06/2025 06:30;120
16/06/2025 06:45;120.02
16/06/2025 07:00;120.02
16/06/2025 07:15;120.02
16/06/2025 07:30;120
16/06/2025 07:45;120.02
16/06/2025 08:00;120
16/06/2025 08:15;120
16/06/2025 08:30;120
16/06/2025 08:45;120
16/06/2025 09:00;120.02
16/06/2025 09:15;120.02
16/06/2025 09:30;120.02
16/06/2025 09:45;120.02
16/06/2025 10:00;120.02
16/06/2025 10:15;120.02
16/06/2025 10:30;120
16/06/2025 10:45;119.98
16/06/2025 11:00;119.99
16/06/2025 11:15;119.98
16/06/2025 11:30;119.98
16/06/2025 11:45;119.98
16/06/2025 12:00;119.98
16/06/2025 12:15;119.97
16/06/2025 12:30;119.98
16/06/2025 12:45;119.97
16/06/2025 13:00;119.98
16/06/2025 13:15;119.98
16/06/2025 13:30;119.98
16/06/2025 13:45;119.97
16/06/2025 14:00;119.97
16/06/2025 14:15;119.98
16/06/2025 14:30;119.97
16/06/2025 14:45;119.98
16/06/2025 15:00;119.98
16/06/2025 15:15;119.98
16/06/2025 15:30;119.96
16/06/2025 15:45;119.96
16/06/2025 16:00;119.95
16/06/2025 16:15;119.95
16/06/2025 16:30;119.93
16/06/2025 16:45;119.93
16/06/2025 17:00;119.93
16/06/2025 17:15;119.93
16/06/2025 17:30;119.93
16/06/2025 17:45;119.93
16/06/2025 18:00;119.93
16/06/2025 18:15;119.93
16/06/2025 18:30;119.93
16/06/2025 18:45;119.93
16/06/2025 19:00;119.93
16/06/2025 19:15;119.93
16/06/2025 19:30;119.93
16/06/2025 19:45;119.91
16/06/2025 20:00;119.9
16/06/2025 20:15;119.9
16/06/2025 20:30;119.9
16/06/2025 20:45;119.9
16/06/2025 21:00;119.89
16/06/2025 21:15;119.89
16/06/2025 21:30;119.88
16/06/2025 21:45;119.88
16/06/2025 22:00;119.86
16/06/2025 22:15;119.87
16/06/2025 22:30;119.87
16/06/2025 22:45;119.87
16/06/2025 23:00;119.87
16/06/2025 23:15;119.88
16/06/2025 23:30;119.88
16/06/2025 23:45;119.87
17/06/2025 00:00;119.87
17/06/2025 00:15;119.89
17/06/2025 00:30;119.89
17/06/2025 00:45;119.88
17/06/2025 01:00;119.88
17/06/2025 01:15;119.88
17/06/2025 01:30;119.88
17/06/2025 01:45;119.87
17/06/2025 02:00;119.87
17/06/2025 02:15;119.87
17/06/2025 02:30;119.88
17/06/2025 02:45;119.88
17/06/2025 03:00;119.88
17/06/2025 03:15;119.88
17/06/2025 03:30;119.88
17/06/2025 03:45;119.88
17/06/2025 04:00;119.89
17/06/2025 04:15;119.89
17/06/2025 04:30;119.89
17/06/2025 04:45;119.9
17/06/2025 05:00;119.9
17/06/2025 05:15;119.9
17/06/2025 05:30;119.9
17/06/2025 05:45;119.9
17/06/2025 06:00;119.9
17/06/2025 06:15;119.91
17/06/2025 06:30;119.89
17/06/2025 06:45;119.89
17/06/2025 07:00;119.89
17/06/2025 07:15;119.89
17/06/2025 07:30;119.88
17/06/2025 07:45;119.89
17/06/2025 08:00;119.88
17/06/2025 08:15;119.88
17/06/2025 08:30;119.89
17/06/2025 08:45;119.89
17/06/2025 09:00;119.89
17/06/2025 09:15;119.9
17/06/2025 09:30;119.91
17/06/2025 09:45;119.9
17/06/2025 10:00;119.91
17/06/2025 10:15;119.9
17/06/2025 10:30;119.9
17/06/2025 10:45;119.9
17/06/2025 11:00;119.91
17/06/2025 11:15;119.89
17/06/2025 11:30;119.89
17/06/2025 11:45;119.89
17/06/2025 12:00;119.89
17/06/2025 12:15;119.89
17/06/2025 12:30;119.89
17/06/2025 12:45;119.89
17/06/2025 13:00;119.89
17/06/2025 13:15;119.89
17/06/2025 13:30;119.89
17/06/2025 13:45;119.9
17/06/2025 14:00;119.89
17/06/2025 14:15;119.9
17/06/2025 14:30;119.9
17/06/2025 14:45;119.9
17/06/2025 15:00;119.9
17/06/2025 15:15;119.9
17/06/2025 15:30;119.9
17/06/2025 15:45;119.89
17/06/2025 16:00;119.89
17/06/2025 16:15;119.88
17/06/2025 16:30;119.88
17/06/2025 16:45;119.87
17/06/2025 17:00;119.87
17/06/2025 17:15;119.86
17/06/2025 17:30;119.86
17/06/2025 17:45;119.86
17/06/2025 18:00;119.86
17/06/2025 18:15;119.86
17/06/2025 18:30;119.87
17/06/2025 18:45;119.87
17/06/2025 19:00;119.86
17/06/2025 19:15;119.86
17/06/2025 19:30;119.86
17/06/2025 19:45;119.86
17/06/2025 20:00;119.86
17/06/2025 20:15;119.86
17/06/2025 20:30;119.84
17/06/2025 20:45;119.84
17/06/2025 21:00;119.82
17/06/2025 21:15;119.81
17/06/2025 21:30;119.81
17/06/2025 21:45;119.8
17/06/2025 22:00;119.8
17/06/2025 22:15;119.8
17/06/2025 22:30;119.8
17/06/2025 22:45;119.79
17/06/2025 23:00;119.79
17/06/2025 23:15;119.79
17/06/2025 23:30;119.79
17/06/2025 23:45;119.79
18/06/2025 00:00;119.79
18/06/2025 00:15;119.8
18/06/2025 00:30;119.79
18/06/2025 00:45;119.79
18/06/2025 01:00;119.79
18/06/2025 01:15;119.79
18/06/2025 01:30;119.79
18/06/2025 01:45;119.79
18/06/2025 02:00;119.79
18/06/2025 02:15;119.79
18/06/2025 02:30;119.79
18/06/2025 02:45;119.77
18/06/2025 03:00;119.77
18/06/2025 03:15;119.79
18/06/2025 03:30;119.79
18/06/2025 03:45;119.79
18/06/2025 04:00;119.79
18/06/2025 04:15;119.79
18/06/2025 04:30;119.79
18/06/2025 04:45;119.79
18/06/2025 05:00;119.79
18/06/2025 05:15;119.79
18/06/2025 05:30;119.79
18/06/2025 05:45;119.79
18/06/2025 06:00;119.79
18/06/2025 06:15;119.79
18/06/2025 06:30;119.79
18/06/2025 06:45;119.77
18/06/2025 07:00;119.79
18/06/2025 07:15;119.79
18/06/2025 07:30;119.79
18/06/2025 07:45;119.79
18/06/2025 08:00;119.79
18/06/2025 08:15;119.79
18/06/2025 08:30;119.77
18/06/2025 08:45;119.79
18/06/2025 09:00;119.79
18/06/2025 09:15;119.79
18/06/2025 09:30;119.79
18/06/2025 09:45;119.79
18/06/2025 10:00;119.79
18/06/2025 10:15;119.79
18/06/2025 10:30;119.79
18/06/2025 10:45;119.79
18/06/2025 11:00;119.79
18/06/2025 11:15;119.79
18/06/2025 11:30;119.79
18/06/2025 11:45;119.79
18/06/2025 12:00;119.77
18/06/2025 12:15;119.77
18/06/2025 12:30;119.77
18/06/2025 12:45;119.77
18/06/2025 13:00;119.77
18/06/2025 13:15;119.77
18/06/2025 13:30;119.77
18/06/2025 13:45;119.77
18/06/2025 14:00;119.77
18/06/2025 14:15;119.77
18/06/2025 14:30;119.74
18/06/2025 14:45;119.75
18/06/2025 15:00;119.74
18/06/2025 15:15;119.74
18/06/2025 15:30;119.73
18/06/2025 15:45;119.74
18/06/2025 16:00;119.73
18/06/2025 16:15;119.72
18/06/2025 16:30;119.72
18/06/2025 16:45;119.73
18/06/2025 17:00;119.72
18/06/2025 17:15;119.71
18/06/2025 17:30;119.7
18/06/2025 17:45;119.7
18/06/2025 18:00;119.7
18/06/2025 18:15;119.7
18/06/2025 18:30;119.71
18/06/2025 18:45;119.71
18/06/2025 19:00;119.7
18/06/2025 19:15;119.7
18/06/2025 19:30;119.7
18/06/2025 19:45;119.68
18/06/2025 20:00;119.68
18/06/2025 20:15;119.66
18/06/2025 20:30;119.66
18/06/2025 20:45;119.65
18/06/2025 21:00;119.65
18/06/2025 21:15;119.65
18/06/2025 21:30;119.65
18/06/2025 21:45;119.65
18/06/2025 22:00;119.64
18/06/2025 22:15;119.64
18/06/2025 22:30;119.65
18/06/2025 22:45;119.65
18/06/2025 23:00;119.65
18/06/2025 23:15;119.64
18/06/2025 23:30;119.64
18/06/2025 23:45;119.64
19/06/2025 00:00;119.64
19/06/2025 00:15;119.64
19/06/2025 00:30;119.64
19/06/2025 00:45;119.63
19/06/2025 01:00;119.62
19/06/2025 01:15;119.62
19/06/2025 01:30;119.62
19/06/2025 01:45;119.62
19/06/2025 02:00;119.61
19/06/2025 02:15;119.61
19/06/2025 02:30;119.61
19/06/2025 02:45;119.61
19/06/2025 03:00;119.62
19/06/2025 03:15;119.62
19/06/2025 03:30;119.62
19/06/2025 03:45;119.61
19/06/2025 04:00;119.62
19/06/2025 04:15;119.61
19/06/2025 04:30;119.61
19/06/2025 04:45;119.62
19/06/2025 05:00;119.61
19/06/2025 05:15;119.61
19/06/2025 05:30;119.61
19/06/2025 05:45;119.61
19/06/2025 06:00;119.61
19/06/2025 06:15;119.61
19/06/2025 06:30;119.61
19/06/2025 06:45;119.61
19/06/2025 07:00;119.61
19/06/2025 07:15;119.61
19/06/2025 07:30;119.61
19/06/2025 07:45;119.61
19/06/2025 08:00;119.61
19/06/2025 08:15;119.61
19/06/2025 08:30;119.61
19/06/2025 08:45;119.61
19/06/2025 09:00;119.61
19/06/2025 09:15;119.61
19/06/2025 09:30;119.61
19/06/2025 09:45;119.61
19/06/2025 10:00;119.61
19/06/2025 10:15;119.59
19/06/2025 10:30;119.59
19/06/2025 10:45;119.59
19/06/2025 11:00;119.59
19/06/2025 11:15;119.59
19/06/2025 11:30;119.59
19/06/2025 11:45;119.59
19/06/2025 12:00;119.59
19/06/2025 12:15;119.59
19/06/2025 12:30;119.59
19/06/2025 12:45;119.59
19/06/2025 13:00;119.59
19/06/2025 13:15;119.57
19/06/2025 13:30;119.57
19/06/2025 13:45;119.56
19/06/2025 14:00;119.56
19/06/2025 14:15;119.56
19/06/2025 14:30;119.56
19/06/2025 14:45;119.56
19/06/2025 15:00;119.56
19/06/2025 15:15;119.55
19/06/2025 15:30;119.55
19/06/2025 15:45;119.55
19/06/2025 16:00;119.54
19/06/2025 16:15;119.54
19/06/2025 16:30;119.54
19/06/2025 16:45;119.54
19/06/2025 17:00;119.54
19/06/2025 17:15;119.54
19/06/2025 17:30;119.54
19/06/2025 17:45;119.54
19/06/2025 18:00;119.54
19/06/2025 18:15;119.54
19/06/2025 18:30;119.52
19/06/2025 18:45;119.52
19/06/2025 19:00;119.52
19/06/2025 19:15;119.52
19/06/2025 19:30;119.52
19/06/2025 19:45;119.52
19/06/2025 20:00;119.52
19/06/2025 20:15;119.52
19/06/2025 20:30;119.52
19/06/2025 20:45;119.52
19/06/2025 21:00;119.52
19/06/2025 21:15;119.5
19/06/2025 21:30;119.5
19/06/2025 21:45;119.52
19/06/2025 22:00;119.5
19/06/2025 22:15;119.5
19/06/2025 22:30;119.5
19/06/2025 22:45;119.5
19/06/2025 23:00;119.5
19/06/2025 23:15;119.5
19/06/2025 23:30;119.5
19/06/2025 23:45;119.49
20/06/2025 00:00;119.48
20/06/2025 00:15;119.49
20/06/2025 00:30;119.49
20/06/2025 00:45;119.48
20/06/2025 01:00;119.5
20/06/2025 01:15;119.49
20/06/2025 01:30;119.48
20/06/2025 01:45;119.47
20/06/2025 02:00;119.48
20/06/2025 02:15;119.48
20/06/2025 02:30;119.49
20/06/2025 02:45;119.49
20/06/2025 03:00;119.48
20/06/2025 03:15;119.48
20/06/2025 03:30;119.49
20/06/2025 03:45;119.49
20/06/2025 04:00;119.49
20/06/2025 04:15;119.49
20/06/2025 04:30;119.49
20/06/2025 04:45;119.49
20/06/2025 05:00;119.49
20/06/2025 05:15;119.49
20/06/2025 05:30;119.49
20/06/2025 05:45;119.49
20/06/2025 06:00;119.49
20/06/2025 06:15;119.5
20/06/2025 06:30;119.5
20/06/2025 06:45;119.5
20/06/2025 07:00;119.52
20/06/2025 07:15;119.49
20/06/2025 07:30;119.49
20/06/2025 07:45;119.49
20/06/2025 08:00;119.49
20/06/2025 08:15;119.49
20/06/2025 08:30;119.5
20/06/2025 08:45;119.5
20/06/2025 09:00;119.49
20/06/2025 09:15;119.5
20/06/2025 09:30;119.5
20/06/2025 09:45;119.5
20/06/2025 10:00;119.5
20/06/2025 10:15;119.52
20/06/2025 10:30;119.49
20/06/2025 10:45;119.49
20/06/2025 11:00;119.5
20/06/2025 11:15;119.49
20/06/2025 11:30;119.5
20/06/2025 11:45;119.49
20/06/2025 12:00;119.49
20/06/2025 12:15;119.47
20/06/2025 12:30;119.49
20/06/2025 12:45;119.48
20/06/2025 13:00;119.48
20/06/2025 13:15;119.47
20/06/2025 13:30;119.48
20/06/2025 13:45;119.47
20/06/2025 14:00;119.47
20/06/2025 14:15;119.48
20/06/2025 14:30;119.48
20/06/2025 14:45;119.48
20/06/2025 15:00;119.47
20/06/2025 15:15;119.47
20/06/2025 15:30;119.46
20/06/2025 15:45;119.46
20/06/2025 16:00;119.46
20/06/2025 16:15;119.46
20/06/2025 16:30;119.45
20/06/2025 16:45;119.45
20/06/2025 17:00;119.45
20/06/2025 17:15;119.45
20/06/2025 17:30;119.45
20/06/2025 17:45;119.43
20/06/2025 18:00;119.43
20/06/2025 18:15;119.43
20/06/2025 18:30;119.43
20/06/2025 18:45;119.43
20/06/2025 19:00;119.43
20/06/2025 19:15;119.43
20/06/2025 19:30;119.43
20/06/2025 19:45;119.41
20/06/2025 20:00;119.41
20/06/2025 20:15;119.4
20/06/2025 20:30;119.38
20/06/2025 20:45;119.38
20/06/2025 21:00;119.38
20/06/2025 21:15;119.38
20/06/2025 21:30;119.37
20/06/2025 21:45;119.37
20/06/2025 22:00;119.36
20/06/2025 22:15;119.36
20/06/2025 22:30;119.36
20/06/2025 22:45;119.36
20/06/2025 23:00;119.36
20/06/2025 23:15;119.34
20/06/2025 23:30;119.34
20/06/2025 23:45;119.34
21/06/2025 00:00;119.34
21/06/2025 00:15;119.34
21/06/2025 00:30;119.34
21/06/2025 00:45;119.34
21/06/2025 01:00;119.34
21/06/2025 01:15;119.34
21/06/2025 01:30;119.34
21/06/2025 01:45;119.34
21/06/2025 02:00;119.34
21/06/2025 02:15;119.34
21/06/2025 02:30;119.32
21/06/2025 02:45;119.32
21/06/2025 03:00;119.32
21/06/2025 03:15;119.34
21/06/2025 03:30;119.34
21/06/2025 03:45;119.32
21/06/2025 04:00;119.32
21/06/2025 04:15;119.32
21/06/2025 04:30;119.31
21/06/2025 04:45;119.31
21/06/2025 05:00;119.31
21/06/2025 05:15;119.31
21/06/2025 05:30;119.31
21/06/2025 05:45;119.34
21/06/2025 06:00;119.34
21/06/2025 06:15;119.34
21/06/2025 06:30;119.34
21/06/2025 06:45;119.34
21/06/2025 07:00;119.34
21/06/2025 07:15;119.34
21/06/2025 07:30;119.34
21/06/2025 07:45;119.34
21/06/2025 08:00;119.34
21/06/2025 08:15;119.34
21/06/2025 08:30;119.34
21/06/2025 08:45;119.34
21/06/2025 09:00;119.34
21/06/2025 09:15;119.34
21/06/2025 09:30;119.34
21/06/2025 09:45;119.34
21/06/2025 10:00;119.34
21/06/2025 10:15;119.34
21/06/2025 10:30;119.32
21/06/2025 10:45;119.31
21/06/2025 11:00;119.32
21/06/2025 11:15;119.32
21/06/2025 11:30;119.32
21/06/2025 11:45;119.34
21/06/2025 12:00;119.34
21/06/2025 12:15;119.34
21/06/2025 12:30;119.34
21/06/2025 12:45;119.32
21/06/2025 13:00;119.32
21/06/2025 13:15;119.31
21/06/2025 13:30;119.31
21/06/2025 13:45;119.3
21/06/2025 14:00;119.3
21/06/2025 14:15;119.3
21/06/2025 14:30;119.3
21/06/2025 14:45;119.3
21/06/2025 15:00;119.3
21/06/2025 15:15;119.29
21/06/2025 15:30;119.29
21/06/2025 15:45;119.29
21/06/2025 16:00;119.29
21/06/2025 16:15;119.29
21/06/2025 16:30;119.29
21/06/2025 16:45;119.29
21/06/2025 17:00;119.29
21/06/2025 17:15;119.29
21/06/2025 17:30;119.29
21/06/2025 17:45;119.27
21/06/2025 18:00;119.27
21/06/2025 18:15;119.27
21/06/2025 18:30;119.29
21/06/2025 18:45;119.29
21/06/2025 19:00;119.27
21/06/2025 19:15;119.27
21/06/2025 19:30;119.29
21/06/2025 19:45;119.27
21/06/2025 20:00;119.27
21/06/2025 20:15;119.27
21/06/2025 20:30;119.27
21/06/2025 20:45;119.27
21/06/2025 21:00;119.25
21/06/2025 21:15;119.24
21/06/2025 21:30;119.24
21/06/2025 21:45;119.24
21/06/2025 22:00;119.22
21/06/2025 22:15;119.22
21/06/2025 22:30;119.22
21/06/2025 22:45;119.22
21/06/2025 23:00;119.21
21/06/2025 23:15;119.22
21/06/2025 23:30;119.21
21/06/2025 23:45;119.21
22/06/2025 00:00;119.21
22/06/2025 00:15;119.22
22/06/2025 00:30;119.22
22/06/2025 00:45;119.21
22/06/2025 01:00;119.2
22/06/2025 01:15;119.21
22/06/2025 01:30;119.21
22/06/2025 01:45;119.21
22/06/2025 02:00;119.21
22/06/2025 02:15;119.21
22/06/2025 02:30;119.2
22/06/2025 02:45;119.2
22/06/2025 03:00;119.21
22/06/2025 03:15;119.2
22/06/2025 03:30;119.2
22/06/2025 03:45;119.2
22/06/2025 04:00;119.2
22/06/2025 04:15;119.18
22/06/2025 04:30;119.2
22/06/2025 04:45;119.2
22/06/2025 05:00;119.2
22/06/2025 05:15;119.2
22/06/2025 05:30;119.2
22/06/2025 05:45;119.2
22/06/2025 06:00;119.2
22/06/2025 06:15;119.2
22/06/2025 06:30;119.2
22/06/2025 06:45;119.2
22/06/2025 07:00;119.2
22/06/2025 07:15;119.2
22/06/2025 07:30;119.2
22/06/2025 07:45;119.2
22/06/2025 08:00;119.2
22/06/2025 08:15;119.21
22/06/2025 08:30;119.2
22/06/2025 08:45;119.2
22/06/2025 09:00;119.2
22/06/2025 09:15;119.2
22/06/2025 09:30;119.2
22/06/2025 09:45;119.2
22/06/2025 10:00;119.2
22/06/2025 10:15;119.2
22/06/2025 10:30;119.2
22/06/2025 10:45;119.2
22/06/2025 11:00;119.21
22/06/2025 11:15;119.21
22/06/2025 11:30;119.21
22/06/2025 11:45;119.21
22/06/2025 12:00;119.21
22/06/2025 12:15;119.21
22/06/2025 12:30;119.21
22/06/2025 12:45;119.21
22/06/2025 13:00;119.22
22/06/2025 13:15;119.22
22/06/2025 13:30;119.22
22/06/2025 13:45;119.22
22/06/2025 14:00;119.21
22/06/2025 14:15;119.21
22/06/2025 14:30;119.21
22/06/2025 14:45;119.21
22/06/2025 15:00;119.21
22/06/2025 15:15;119.22
22/06/2025 15:30;119.22
22/06/2025 15:45;119.22
22/06/2025 16:00;119.22
22/06/2025 16:15;119.22
22/06/2025 16:30;119.22
22/06/2025 16:45;119.23
22/06/2025 17:00;119.23
22/06/2025 17:15;119.23
22/06/2025 17:30;119.23
22/06/2025 17:45;119.23
22/06/2025 18:00;119.23
22/06/2025 18:15;119.23
22/06/2025 18:30;119.22
22/06/2025 18:45;119.22
22/06/2025 19:00;119.23
22/06/2025 19:15;119.27
22/06/2025 19:30;119.23
22/06/2025 19:45;119.25
22/06/2025 20:00;119.23
22/06/2025 20:15;119.23
22/06/2025 20:30;119.23
22/06/2025 20:45;119.23
22/06/2025 21:00;119.21
22/06/2025 21:15;119.2
22/06/2025 21:30;119.2
22/06/2025 21:45;119.18
22/06/2025 22:00;119.2
22/06/2025 22:15;119.18
22/06/2025 22:30;119.18
22/06/2025 22:45;119.18
22/06/2025 23:00;119.2
22/06/2025 23:15;119.22
22/06/2025 23:30;119.21
22/06/2025 23:45;119.22
23/06/2025 00:00;119.2
23/06/2025 00:15;119.2
23/06/2025 00:30;119.2
23/06/2025 00:45;119.2
23/06/2025 01:00;119.2
23/06/2025 01:15;119.2
23/06/2025 01:30;119.2
23/06/2025 01:45;119.2
23/06/2025 02:00;119.2
23/06/2025 02:15;119.2
23/06/2025 02:30;119.2
23/06/2025 02:45;119.18
23/06/2025 03:00;119.16
23/06/2025 03:15;119.16
23/06/2025 03:30;119.16
23/06/2025 03:45;119.16
23/06/2025 04:00;119.18
23/06/2025 04:15;119.18
23/06/2025 04:30;119.18
23/06/2025 04:45;119.18
23/06/2025 05:00;119.2
23/06/2025 05:15;119.2
23/06/2025 05:30;119.2
23/06/2025 05:45;119.2
23/06/2025 06:00;119.18
23/06/2025 06:15;119.18
23/06/2025 06:30;119.18
23/06/2025 06:45;119.15
23/06/2025 07:00;119.16
23/06/2025 07:15;119.16
23/06/2025 07:30;119.16
23/06/2025 07:45;119.16
23/06/2025 08:00;119.16
23/06/2025 08:15;119.15
23/06/2025 08:30;119.14
23/06/2025 08:45;119.14
23/06/2025 09:00;119.14
23/06/2025 09:15;119.14
23/06/2025 09:30;119.16
23/06/2025 09:45;119.16
23/06/2025 10:00;119.16
23/06/2025 10:15;119.16
23/06/2025 10:30;119.18
23/06/2025 10:45;119.18
23/06/2025 11:00;119.16
23/06/2025 11:15;119.16
23/06/2025 11:30;119.16
23/06/2025 11:45;119.16
23/06/2025 12:00;119.15
23/06/2025 12:15;119.15
23/06/2025 12:30;119.15
23/06/2025 12:45;119.15
23/06/2025 13:00;119.15
23/06/2025 13:15;119.16
23/06/2025 13:30;119.16
23/06/2025 13:45;119.16
23/06/2025 14:00;119.16
23/06/2025 14:15;119.16
23/06/2025 14:30;119.16
23/06/2025 14:45;119.16
23/06/2025 15:00;119.18
23/06/2025 15:15;119.18
23/06/2025 15:30;119.18
23/06/2025 15:45;119.18
23/06/2025 16:00;119.18
23/06/2025 16:15;119.18
23/06/2025 16:30;119.18
23/06/2025 16:45;119.18
23/06/2025 17:00;119.18
23/06/2025 17:15;119.18
23/06/2025 17:30;119.18
23/06/2025 17:45;119.18
23/06/2025 18:00;119.18
23/06/2025 18:15;119.18
23/06/2025 18:30;119.18
23/06/2025 18:45;119.18
23/06/2025 19:00;119.18
23/06/2025 19:15;119.18
23/06/2025 19:30;119.18
23/06/2025 19:45;119.18
23/06/2025 20:00;119.18
23/06/2025 20:15;119.15
23/06/2025 20:30;119.16
23/06/2025 20:45;119.16
23/06/2025 21:00;119.16
23/06/2025 21:15;119.15
23/06/2025 21:30;119.15
23/06/2025 21:45;119.14
23/06/2025 22:00;119.13
23/06/2025 22:15;119.13
23/06/2025 22:30;119.13
23/06/2025 22:45;119.13
23/06/2025 23:00;119.12
23/06/2025 23:15;119.13
23/06/2025 23:30;119.12
23/06/2025 23:45;119.12
24/06/2025 00:00;119.12
24/06/2025 00:15;119.11
24/06/2025 00:30;119.11
24/06/2025 00:45;119.11
24/06/2025 01:00;119.11
24/06/2025 01:15;119.09
24/06/2025 01:30;119.09
24/06/2025 01:45;119.09
24/06/2025 02:00;119.09
24/06/2025 02:15;119.07
24/06/2025 02:30;119.07
24/06/2025 02:45;119.07
24/06/2025 03:00;119.07
24/06/2025 03:15;119.07
24/06/2025 03:30;119.07
24/06/2025 03:45;119.06
24/06/2025 04:00;119.06
24/06/2025 04:15;119.06
24/06/2025 04:30;119.05
24/06/2025 04:45;119.06
24/06/2025 05:00;119.07
24/06/2025 05:15;119.05
24/06/2025 05:30;119.05
24/06/2025 05:45;119.05
24/06/2025 06:00;119.04
24/06/2025 06:15;119.04
24/06/2025 06:30;119.04
24/06/2025 06:45;119.04
24/06/2025 07:00;119.04
24/06/2025 07:15;119.04
24/06/2025 07:30;119.02
24/06/2025 07:45;119.02
24/06/2025 08:00;119.02
24/06/2025 08:15;119.04
24/06/2025 08:30;119.04
24/06/2025 08:45;119.02
24/06/2025 09:00;119.04
24/06/2025 09:15;119.02
24/06/2025 09:30;119.02
24/06/2025 09:45;119.02
24/06/2025 10:00;119.04
24/06/2025 10:15;119.02
24/06/2025 10:30;119.02
24/06/2025 10:45;119.02
24/06/2025 11:00;119.04
24/06/2025 11:15;119.02
24/06/2025 11:30;119.02
24/06/2025 11:45;119.02
24/06/2025 12:00;119.02
24/06/2025 12:15;119.02
24/06/2025 12:30;119.02
24/06/2025 12:45;119.02
24/06/2025 13:00;119.02
24/06/2025 13:15;119.02
24/06/2025 13:30;119.02
24/06/2025 13:45;119.02
24/06/2025 14:00;119.02
24/06/2025 14:15;119.02
24/06/2025 14:30;119.04
24/06/2025 14:45;119.04
24/06/2025 15:00;119.04
24/06/2025 15:15;119.02
24/06/2025 15:30;119.02
24/06/2025 15:45;119.02
24/06/2025 16:00;119.04
24/06/2025 16:15;119.04
24/06/2025 16:30;119.04
24/06/2025 16:45;119.04
24/06/2025 17:00;119.04
24/06/2025 17:15;119.02
24/06/2025 17:30;119.02
24/06/2025 17:45;119.02
24/06/2025 18:00;119.02
24/06/2025 18:15;119.02
24/06/2025 18:30;119.02
24/06/2025 18:45;119.02
24/06/2025 19:00;119.02
24/06/2025 19:15;119.02
24/06/2025 19:30;119.02
24/06/2025 19:45;119.02
24/06/2025 20:00;119.02
24/06/2025 20:15;118.99
24/06/2025 20:30;119
24/06/2025 20:45;118.99
24/06/2025 21:00;118.99
24/06/2025 21:15;118.98
24/06/2025 21:30;118.99
24/06/2025 21:45;118.99
24/06/2025 22:00;118.98
24/06/2025 22:15;118.98
24/06/2025 22:30;118.98
24/06/2025 22:45;118.98
24/06/2025 23:00;118.97
24/06/2025 23:15;118.97
24/06/2025 23:30;118.97
24/06/2025 23:45;118.98
25/06/2025 00:00;118.97
25/06/2025 00:15;118.96
25/06/2025 00:30;118.95
25/06/2025 00:45;118.95
25/06/2025 01:00;118.95
25/06/2025 01:15;118.95
25/06/2025 01:30;118.95
25/06/2025 01:45;118.93
25/06/2025 02:00;118.93
25/06/2025 02:15;118.93
25/06/2025 02:30;118.91
25/06/2025 02:45;118.91
25/06/2025 03:00;118.91
25/06/2025 03:15;118.91
25/06/2025 03:30;118.91
25/06/2025 03:45;118.91
25/06/2025 04:00;118.91
25/06/2025 04:15;118.9
25/06/2025 04:30;118.9
25/06/2025 04:45;118.9
25/06/2025 05:00;118.89
25/06/2025 05:15;118.89
25/06/2025 05:30;118.9
25/06/2025 05:45;118.88
25/06/2025 06:00;118.88
25/06/2025 06:15;118.88
25/06/2025 06:30;118.87
25/06/2025 06:45;118.86
25/06/2025 07:00;118.87
25/06/2025 07:15;118.86
25/06/2025 07:30;118.86
25/06/2025 07:45;118.87
25/06/2025 08:00;118.86
25/06/2025 08:15;118.84
25/06/2025 08:30;118.86
25/06/2025 08:45;118.86
25/06/2025 09:00;118.86
25/06/2025 09:15;118.84
25/06/2025 09:30;118.86
25/06/2025 09:45;118.86
25/06/2025 10:00;118.84
25/06/2025 10:15;118.84
25/06/2025 10:30;118.84
25/06/2025 10:45;118.84
25/06/2025 11:00;118.86
25/06/2025 11:15;118.86
25/06/2025 11:30;118.84
25/06/2025 11:45;118.84
25/06/2025 12:00;118.84
25/06/2025 12:15;118.84
25/06/2025 12:30;118.82
25/06/2025 12:45;118.84
25/06/2025 13:00;118.84
25/06/2025 13:15;118.84
25/06/2025 13:30;118.82
25/06/2025 13:45;118.82
25/06/2025 14:00;118.82
25/06/2025 14:15;118.82
25/06/2025 14:30;118.82
25/06/2025 14:45;118.82
25/06/2025 15:00;118.82
25/06/2025 15:15;118.82
25/06/2025 15:30;118.82
25/06/2025 15:45;118.82
25/06/2025 16:00;118.82
25/06/2025 16:15;118.81
25/06/2025 16:30;118.81
25/06/2025 16:45;118.82
25/06/2025 17:00;118.84
25/06/2025 17:15;118.84
25/06/2025 17:30;118.82
25/06/2025 17:45;118.84
25/06/2025 18:00;118.82
25/06/2025 18:15;118.82
25/06/2025 18:30;118.82
25/06/2025 18:45;118.84
25/06/2025 19:00;118.84
25/06/2025 19:15;118.84
25/06/2025 19:30;118.84
25/06/2025 19:45;118.84
25/06/2025 20:00;118.84
25/06/2025 20:15;118.84
25/06/2025 20:30;118.84
25/06/2025 20:45;118.8
25/06/2025 21:00;118.82
25/06/2025 21:15;118.81
25/06/2025 21:30;118.81
25/06/2025 21:45;118.81
25/06/2025 22:00;118.82
25/06/2025 22:15;118.81
25/06/2025 22:30;118.8
25/06/2025 22:45;118.8
25/06/2025 23:00;118.8
25/06/2025 23:15;118.8
25/06/2025 23:30;118.79
25/06/2025 23:45;118.79
26/06/2025 00:00;118.79
26/06/2025 00:15;118.79
26/06/2025 00:30;118.77
26/06/2025 00:45;118.79
26/06/2025 01:00;118.77
26/06/2025 01:15;118.77
26/06/2025 01:30;118.77
26/06/2025 01:45;118.77
26/06/2025 02:00;118.77
26/06/2025 02:15;118.77
26/06/2025 02:30;118.74
26/06/2025 02:45;118.74
26/06/2025 03:00;118.74
26/06/2025 03:15;118.73
26/06/2025 03:30;118.74
26/06/2025 03:45;118.75
26/06/2025 04:00;118.74
26/06/2025 04:15;118.73
26/06/2025 04:30;118.73
26/06/2025 04:45;118.73
26/06/2025 05:00;118.72
26/06/2025 05:15;118.72
26/06/2025 05:30;118.71
26/06/2025 05:45;118.71
26/06/2025 06:00;118.7
26/06/2025 06:15;118.71
26/06/2025 06:30;118.7
26/06/2025 06:45;118.7
26/06/2025 07:00;118.7
26/06/2025 07:15;118.68
26/06/2025 07:30;118.68
26/06/2025 07:45;118.68
26/06/2025 08:00;118.68
26/06/2025 08:15;118.68
26/06/2025 08:30;118.68
26/06/2025 08:45;118.68
26/06/2025 09:00;118.68
26/06/2025 09:15;118.68
26/06/2025 09:30;118.7
26/06/2025 09:45;118.68
26/06/2025 10:00;118.7
26/06/2025 10:15;118.68
26/06/2025 10:30;118.68
26/06/2025 10:45;118.68
26/06/2025 11:00;118.68
26/06/2025 11:15;118.68
26/06/2025 11:30;118.68
26/06/2025 11:45;118.68
26/06/2025 12:00;118.68
26/06/2025 12:15;118.68
26/06/2025 12:30;118.68
26/06/2025 12:45;118.68
26/06/2025 13:00;118.68
26/06/2025 13:15;118.68
26/06/2025 13:30;118.68
26/06/2025 13:45;118.68
26/06/2025 14:00;118.7
26/06/2025 14:15;118.68
26/06/2025 14:30;118.7
26/06/2025 14:45;118.7
26/06/2025 15:00;118.7
26/06/2025 15:15;118.7
26/06/2025 15:30;118.7
26/06/2025 15:45;118.7
26/06/2025 16:00;118.7
26/06/2025 16:15;118.7
26/06/2025 16:30;118.68
26/06/2025 16:45;118.68
26/06/2025 17:00;118.68
26/06/2025 17:15;118.68
26/06/2025 17:30;118.68
26/06/2025 17:45;118.68
26/06/2025 18:00;118.68
26/06/2025 18:15;118.7
26/06/2025 18:30;118.7
26/06/2025 18:45;118.7
26/06/2025 19:00;118.7
26/06/2025 19:15;118.7
26/06/2025 19:30;118.7
26/06/2025 19:45;118.7
26/06/2025 20:00;118.68
26/06/2025 20:15;118.68
26/06/2025 20:30;118.68
26/06/2025 20:45;118.66
26/06/2025 21:00;118.65
26/06/2025 21:15;118.66
26/06/2025 21:30;118.65
26/06/2025 21:45;118.65
26/06/2025 22:00;118.64
26/06/2025 22:15;118.64
26/06/2025 22:30;118.63
26/06/2025 22:45;118.63
26/06/2025 23:00;118.63
26/06/2025 23:15;118.62
26/06/2025 23:30;118.62
26/06/2025 23:45;118.62
27/06/2025 00:00;118.62
27/06/2025 00:15;118.61
27/06/2025 00:30;118.61
27/06/2025 00:45;118.61
27/06/2025 01:00;118.59
27/06/2025 01:15;118.61
27/06/2025 01:30;118.59
27/06/2025 01:45;118.59
27/06/2025 02:00;118.57
27/06/2025 02:15;118.57
27/06/2025 02:30;118.56
27/06/2025 02:45;118.56
27/06/2025 03:00;118.56
27/06/2025 03:15;118.56
27/06/2025 03:30;118.56
27/06/2025 03:45;118.55
27/06/2025 04:00;118.55
27/06/2025 04:15;118.54
27/06/2025 04:30;118.54
27/06/2025 04:45;118.54
27/06/2025 05:00;118.54
27/06/2025 05:15;118.54
27/06/2025 05:30;118.54
27/06/2025 05:45;118.54
27/06/2025 06:00;118.52
27/06/2025 06:15;118.52
27/06/2025 06:30;118.52
27/06/2025 06:45;118.5
27/06/2025 07:00;118.5
27/06/2025 07:15;118.49
27/06/2025 07:30;118.49
27/06/2025 07:45;118.49
27/06/2025 08:00;118.49
27/06/2025 08:15;118.5
27/06/2025 08:30;118.52
27/06/2025 08:45;118.49
27/06/2025 09:00;118.5
27/06/2025 09:15;118.5
27/06/2025 09:30;118.5
27/06/2025 09:45;118.49
27/06/2025 10:00;118.5
27/06/2025 10:15;118.49
27/06/2025 10:30;118.5
27/06/2025 10:45;118.5
27/06/2025 11:00;118.49
27/06/2025 11:15;118.49
27/06/2025 11:30;118.49
27/06/2025 11:45;118.5
27/06/2025 12:00;118.49
27/06/2025 12:15;118.49
27/06/2025 12:30;118.49
27/06/2025 12:45;118.49
27/06/2025 13:00;118.49
27/06/2025 13:15;118.49
27/06/2025 13:30;118.49
27/06/2025 13:45;118.5
27/06/2025 14:00;118.5
27/06/2025 14:15;118.52
27/06/2025 14:30;118.52
27/06/2025 14:45;118.52
27/06/2025 15:00;118.52
27/06/2025 15:15;118.52
27/06/2025 15:30;118.52
27/06/2025 15:45;118.5
27/06/2025 16:00;118.5
27/06/2025 16:15;118.5
27/06/2025 16:30;118.5
27/06/2025 16:45;118.5
27/06/2025 17:00;118.5
27/06/2025 17:15;118.52
27/06/2025 17:30;118.52
27/06/2025 17:45;118.52
27/06/2025 18:00;118.52
27/06/2025 18:15;118.52
27/06/2025 18:30;118.52
27/06/2025 18:45;118.52
27/06/2025 19:00;118.52
27/06/2025 19:15;118.52
27/06/2025 19:30;118.52
27/06/2025 19:45;118.52
27/06/2025 20:00;118.52
27/06/2025 20:15;118.5
27/06/2025 20:30;118.5
27/06/2025 20:45;118.5
27/06/2025 21:00;118.49
27/06/2025 21:15;118.47
27/06/2025 21:30;118.47
27/06/2025 21:45;118.47
27/06/2025 22:00;118.46
27/06/2025 22:15;118.47
27/06/2025 22:30;118.46
27/06/2025 22:45;118.46
27/06/2025 23:00;118.45
27/06/2025 23:15;118.46
27/06/2025 23:30;118.46
27/06/2025 23:45;118.46
28/06/2025 00:00;118.46
28/06/2025 00:15;118.45
28/06/2025 00:30;118.45
28/06/2025 00:45;118.43
28/06/2025 01:00;118.45
28/06/2025 01:15;118.43
28/06/2025 01:30;118.43
28/06/2025 01:45;118.43
28/06/2025 02:00;118.41
28/06/2025 02:15;118.4
28/06/2025 02:30;118.39
28/06/2025 02:45;118.4
28/06/2025 03:00;118.39
28/06/2025 03:15;118.39
28/06/2025 03:30;118.39
28/06/2025 03:45;118.39
28/06/2025 04:00;118.38
28/06/2025 04:15;118.38
28/06/2025 04:30;118.39
28/06/2025 04:45;118.38
28/06/2025 05:00;118.37
28/06/2025 05:15;118.37
28/06/2025 05:30;118.37
28/06/2025 05:45;118.36
28/06/2025 06:00;118.36
28/06/2025 06:15;118.36
28/06/2025 06:30;118.36
28/06/2025 06:45;118.36
28/06/2025 07:00;118.36
28/06/2025 07:15;118.36
28/06/2025 07:30;118.34
28/06/2025 07:45;118.34
28/06/2025 08:00;118.34
28/06/2025 08:15;118.34
28/06/2025 08:30;118.34
28/06/2025 08:45;118.36
28/06/2025 09:00;118.34
28/06/2025 09:15;118.36
28/06/2025 09:30;118.36
28/06/2025 09:45;118.36
28/06/2025 10:00;118.36
28/06/2025 10:15;118.36
28/06/2025 10:30;118.36
28/06/2025 10:45;118.36
28/06/2025 11:00;118.36
28/06/2025 11:15;118.34
28/06/2025 11:30;118.34
28/06/2025 11:45;118.34
28/06/2025 12:00;118.34
28/06/2025 12:15;118.36
28/06/2025 12:30;118.34
28/06/2025 12:45;118.36
28/06/2025 13:00;118.36
28/06/2025 13:15;118.36
28/06/2025 13:30;118.36
28/06/2025 13:45;118.36
28/06/2025 14:00;118.36
28/06/2025 14:15;118.36
28/06/2025 14:30;118.36
28/06/2025 14:45;118.37
28/06/2025 15:00;118.37
28/06/2025 15:15;118.37
28/06/2025 15:30;118.37
28/06/2025 15:45;118.36
28/06/2025 16:00;118.36
28/06/2025 16:15;118.36
28/06/2025 16:30;118.36
28/06/2025 16:45;118.36
28/06/2025 17:00;118.36
28/06/2025 17:15;118.36
28/06/2025 17:30;118.36
28/06/2025 17:45;118.36
28/06/2025 18:00;118.36
28/06/2025 18:15;118.36
28/06/2025 18:30;118.36
28/06/2025 18:45;118.37
28/06/2025 19:00;118.37
28/06/2025 19:15;118.37
28/06/2025 19:30;118.37
28/06/2025 19:45;118.37
28/06/2025 20:00;118.36
28/06/2025 20:15;118.34
28/06/2025 20:30;118.34
28/06/2025 20:45;118.34
28/06/2025 21:00;118.32
28/06/2025 21:15;118.32
28/06/2025 21:30;118.32
28/06/2025 21:45;118.32
28/06/2025 22:00;118.3
28/06/2025 22:15;118.3
28/06/2025 22:30;118.3
28/06/2025 22:45;118.3
28/06/2025 23:00;118.29
28/06/2025 23:15;118.29
28/06/2025 23:30;118.29
28/06/2025 23:45;118.27
29/06/2025 00:00;118.29
29/06/2025 00:15;118.29
29/06/2025 00:30;118.29
29/06/2025 00:45;118.27
29/06/2025 01:00;118.29
29/06/2025 01:15;118.27
29/06/2025 01:30;118.25
29/06/2025 01:45;118.25
29/06/2025 02:00;118.25
29/06/2025 02:15;118.23
29/06/2025 02:30;118.23
29/06/2025 02:45;118.23
29/06/2025 03:00;118.22
29/06/2025 03:15;118.23
29/06/2025 03:30;118.23
29/06/2025 03:45;118.25
29/06/2025 04:00;118.23
29/06/2025 04:15;118.23
29/06/2025 04:30;118.23
29/06/2025 04:45;118.23
29/06/2025 05:00;118.23
29/06/2025 05:15;118.23
29/06/2025 05:30;118.22
29/06/2025 05:45;118.22
29/06/2025 06:00;118.22
29/06/2025 06:15;118.22
29/06/2025 06:30;118.22
29/06/2025 06:45;118.22
29/06/2025 07:00;118.21
29/06/2025 07:15;118.21
29/06/2025 07:30;118.2
29/06/2025 07:45;118.2
29/06/2025 08:00;118.2
29/06/2025 08:15;118.21
29/06/2025 08:30;118.22
29/06/2025 08:45;118.22
29/06/2025 09:00;118.22
29/06/2025 09:15;118.22
29/06/2025 09:30;118.22
29/06/2025 09:45;118.23
29/06/2025 10:00;118.22
29/06/2025 10:15;118.22
29/06/2025 10:30;118.22
29/06/2025 10:45;118.22
29/06/2025 11:00;118.22
29/06/2025 11:15;118.22
29/06/2025 11:30;118.22
29/06/2025 11:45;118.22
29/06/2025 12:00;118.22
29/06/2025 12:15;118.22
29/06/2025 12:30;118.22
29/06/2025 12:45;118.22
29/06/2025 13:00;118.23
29/06/2025 13:15;118.23
29/06/2025 13:30;118.23
29/06/2025 13:45;118.23
29/06/2025 14:00;118.23
29/06/2025 14:15;118.25
29/06/2025 14:30;118.25
29/06/2025 14:45;118.25
29/06/2025 15:00;118.25
29/06/2025 15:15;118.25
29/06/2025 15:30;118.25
29/06/2025 15:45;118.25
29/06/2025 16:00;118.25
29/06/2025 16:15;118.25
29/06/2025 16:30;118.25
29/06/2025 16:45;118.23
29/06/2025 17:00;118.23
29/06/2025 17:15;118.23
29/06/2025 17:30;118.25
29/06/2025 17:45;118.25
29/06/2025 18:00;118.25
29/06/2025 18:15;118.25
29/06/2025 18:30;118.25
29/06/2025 18:45;118.25
29/06/2025 19:00;118.25
29/06/2025 19:15;118.25
29/06/2025 19:30;118.25
29/06/2025 19:45;118.25
29/06/2025 20:00;118.25
29/06/2025 20:15;118.25
29/06/2025 20:30;118.25
29/06/2025 20:45;118.25
29/06/2025 21:00;118.22
29/06/2025 21:15;118.2
29/06/2025 21:30;118.2
29/06/2025 21:45;118.2
29/06/2025 22:00;118.2
29/06/2025 22:15;118.2
29/06/2025 22:30;118.2
29/06/2025 22:45;118.2
29/06/2025 23:00;118.18
29/06/2025 23:15;118.18
29/06/2025 23:30;118.18
29/06/2025 23:45;118.18
30/06/2025 00:00;118.18
30/06/2025 00:15;118.18
30/06/2025 00:30;118.2
30/06/2025 00:45;118.2
30/06/2025 01:00;118.2
30/06/2025 01:15;118.2
30/06/2025 01:30;118.18
30/06/2025 01:45;118.18
30/06/2025 02:00;118.18
30/06/2025 02:15;118.18
30/06/2025 02:30;118.18
30/06/2025 02:45;118.16
30/06/2025 03:00;118.16
30/06/2025 03:15;118.15
30/06/2025 03:30;118.16
30/06/2025 03:45;118.15
30/06/2025 04:00;118.18
30/06/2025 04:15;118.18
30/06/2025 04:30;118.18
30/06/2025 04:45;118.18
30/06/2025 05:00;118.18
30/06/2025 05:15;118.18
30/06/2025 05:30;118.18
30/06/2025 05:45;118.18
30/06/2025 06:00;118.2
30/06/2025 06:15;118.18
30/06/2025 06:30;118.18
30/06/2025 06:45;118.2
30/06/2025 07:00;118.18
30/06/2025 07:15;118.18
30/06/2025 07:30;118.18
30/06/2025 07:45;118.18
30/06/2025 08:00;118.15
30/06/2025 08:15;118.15
30/06/2025 08:30;118.15
30/06/2025 08:45;118.15
30/06/2025 09:00;118.15
30/06/2025 09:15;118.16
30/06/2025 09:30;118.16
30/06/2025 09:45;118.16
30/06/2025 10:00;118.16
30/06/2025 10:15;118.15
30/06/2025 10:30;118.16
30/06/2025 10:45;118.15
30/06/2025 11:00;118.16
30/06/2025 11:15;118.14
30/06/2025 11:30;118.15
30/06/2025 11:45;118.16
30/06/2025 12:00;118.14
30/06/2025 12:15;118.15
30/06/2025 12:30;118.14
30/06/2025 12:45;118.15
30/06/2025 13:00;118.13
30/06/2025 13:15;118.14
30/06/2025 13:30;118.13
30/06/2025 13:45;118.14
30/06/2025 14:00;118.13
30/06/2025 14:15;118.13
30/06/2025 14:30;118.14
30/06/2025 14:45;118.14
30/06/2025 15:00;118.15
30/06/2025 15:15;118.15
30/06/2025 15:30;118.15
30/06/2025 15:45;118.15
30/06/2025 16:00;118.15
30/06/2025 16:15;118.15
30/06/2025 16:30;118.15
30/06/2025 16:45;118.15
30/06/2025 17:00;118.15
30/06/2025 17:15;118.15
30/06/2025 17:30;118.15
30/06/2025 17:45;118.16
30/06/2025 18:00;118.15
30/06/2025 18:15;118.15
30/06/2025 18:30;118.15
30/06/2025 18:45;118.15
30/06/2025 19:00;118.15
30/06/2025 19:15;118.15
30/06/2025 19:30;118.14
30/06/2025 19:45;118.11
30/06/2025 20:00;118.13
30/06/2025 20:15;118.12
30/06/2025 20:30;118.11
30/06/2025 20:45;118.11
30/06/2025 21:00;118.11
30/06/2025 21:15;118.11
30/06/2025 21:30;118.09
30/06/2025 21:45;118.11
30/06/2025 22:00;118.09
30/06/2025 22:15;118.09
30/06/2025 22:30;118.07
30/06/2025 22:45;118.07
30/06/2025 23:00;118.06
30/06/2025 23:15;118.07
30/06/2025 23:30;118.06
30/06/2025 23:45;118.05
01/07/2025 00:00;118.05
01/07/2025 00:15;118.04
01/07/2025 00:30;118.04
01/07/2025 00:45;118.02
01/07/2025 01:00;118.02
01/07/2025 01:15;118
01/07/2025 01:30;118
01/07/2025 01:45;117.98
01/07/2025 02:00;117.97
01/07/2025 02:15;117.97
01/07/2025 02:30;118.02
01/07/2025 02:45;118
01/07/2025 03:00;118
01/07/2025 03:15;118
01/07/2025 03:30;118
01/07/2025 03:45;118
01/07/2025 04:00;117.98
01/07/2025 04:15;118
01/07/2025 04:30;117.98
01/07/2025 04:45;118
01/07/2025 05:00;117.98
01/07/2025 05:15;117.98
01/07/2025 05:30;117.98
01/07/2025 05:45;118
01/07/2025 06:00;117.98
01/07/2025 06:15;117.97
01/07/2025 06:30;117.97
01/07/2025 06:45;117.96
01/07/2025 07:00;117.97
01/07/2025 07:15;117.96
01/07/2025 07:30;117.97
01/07/2025 07:45;117.96
01/07/2025 08:00;117.97
01/07/2025 08:15;117.97
01/07/2025 08:30;117.98
01/07/2025 08:45;118
01/07/2025 09:00;118
01/07/2025 09:15;118
01/07/2025 09:30;117.98
01/07/2025 09:45;117.98
01/07/2025 10:00;117.97
01/07/2025 10:15;117.97
01/07/2025 10:30;117.97
01/07/2025 10:45;117.97
01/07/2025 11:00;117.97
01/07/2025 11:15;117.97
01/07/2025 11:30;117.97
01/07/2025 11:45;117.97
01/07/2025 12:00;117.97
01/07/2025 12:15;117.97
01/07/2025 12:30;117.97
01/07/2025 12:45;117.97
01/07/2025 13:00;117.97
01/07/2025 13:15;117.97
01/07/2025 13:30;117.97
01/07/2025 13:45;117.98
01/07/2025 14:00;117.98
01/07/2025 14:15;118
01/07/2025 14:30;118
01/07/2025 14:45;118
01/07/2025 15:00;118
01/07/2025 15:15;117.98
01/07/2025 15:30;117.98
01/07/2025 15:45;117.97
01/07/2025 16:00;117.97
01/07/2025 16:15;117.97
01/07/2025 16:30;117.97
01/07/2025 16:45;117.97
01/07/2025 17:00;117.97
01/07/2025 17:15;117.97
01/07/2025 17:30;117.97
01/07/2025 17:45;117.97
01/07/2025 18:00;117.97
01/07/2025 18:15;117.97
01/07/2025 18:30;117.97
01/07/2025 18:45;117.97
01/07/2025 19:00;117.97
01/07/2025 19:15;117.98
01/07/2025 19:30;117.97
01/07/2025 19:45;117.97
01/07/2025 20:00;117.97
01/07/2025 20:15;117.96
01/07/2025 20:30;117.93
01/07/2025 20:45;117.91
01/07/2025 21:00;117.91
01/07/2025 21:15;117.9
01/07/2025 21:30;117.88
01/07/2025 21:45;117.88
01/07/2025 22:00;117.9
01/07/2025 22:15;117.9
01/07/2025 22:30;117.91
01/07/2025 22:45;117.91
01/07/2025 23:00;117.9
01/07/2025 23:15;117.89
01/07/2025 23:30;117.88
01/07/2025 23:45;117.87
02/07/2025 00:00;117.86
02/07/2025 00:15;117.86
02/07/2025 00:30;117.86
02/07/2025 00:45;117.86
02/07/2025 01:00;117.84
02/07/2025 01:15;117.86
02/07/2025 01:30;117.86
02/07/2025 01:45;117.86
02/07/2025 02:00;117.86
02/07/2025 02:15;117.86
02/07/2025 02:30;117.84
02/07/2025 02:45;117.84
02/07/2025 03:00;117.84
02/07/2025 03:15;117.82
02/07/2025 03:30;117.82
02/07/2025 03:45;117.82
02/07/2025 04:00;117.82
02/07/2025 04:15;117.84
02/07/2025 04:30;117.84
02/07/2025 04:45;117.84
02/07/2025 05:00;117.84
02/07/2025 05:15;117.84
02/07/2025 05:30;117.84
02/07/2025 05:45;117.84
02/07/2025 06:00;117.84
02/07/2025 06:15;117.84
02/07/2025 06:30;117.81
02/07/2025 06:45;117.81
02/07/2025 07:00;117.81
02/07/2025 07:15;117.81
02/07/2025 07:30;117.82
02/07/2025 07:45;117.82
02/07/2025 08:00;117.82
02/07/2025 08:15;117.8
02/07/2025 08:30;117.79
02/07/2025 08:45;117.77
02/07/2025 09:00;117.79
02/07/2025 09:15;117.79
02/07/2025 09:30;117.81
02/07/2025 09:45;117.8
02/07/2025 10:00;117.8
02/07/2025 10:15;117.8
02/07/2025 10:30;117.8
02/07/2025 10:45;117.8
02/07/2025 11:00;117.8
02/07/2025 11:15;117.8
02/07/2025 11:30;117.79
02/07/2025 11:45;117.79
02/07/2025 12:00;117.79
02/07/2025 12:15;117.79
02/07/2025 12:30;117.79
02/07/2025 12:45;117.79
02/07/2025 13:00;117.79
02/07/2025 13:15;117.79
02/07/2025 13:30;117.79
02/07/2025 13:45;117.79
02/07/2025 14:00;117.8
02/07/2025 14:15;117.8
02/07/2025 14:30;117.8
02/07/2025 14:45;117.79
02/07/2025 15:00;117.79
02/07/2025 15:15;117.8
02/07/2025 15:30;117.81
02/07/2025 15:45;117.82
02/07/2025 16:00;117.82
02/07/2025 16:15;117.82
02/07/2025 16:30;117.81
02/07/2025 16:45;117.81
02/07/2025 17:00;117.81
02/07/2025 17:15;117.81
02/07/2025 17:30;117.81
02/07/2025 17:45;117.8
02/07/2025 18:00;117.8
02/07/2025 18:15;117.8
02/07/2025 18:30;117.8
02/07/2025 18:45;117.8
02/07/2025 19:00;117.8
02/07/2025 19:15;117.8
02/07/2025 19:30;117.79
02/07/2025 19:45;117.79
02/07/2025 20:00;117.8
02/07/2025 20:15;117.81
02/07/2025 20:30;117.8
02/07/2025 20:45;117.8
02/07/2025 21:00;117.81
02/07/2025 21:15;117.84
02/07/2025 21:30;117.81
02/07/2025 21:45;117.82
02/07/2025 22:00;117.82
02/07/2025 22:15;117.81
02/07/2025 22:30;117.79
02/07/2025 22:45;117.82
02/07/2025 23:00;117.82
02/07/2025 23:15;117.82
02/07/2025 23:30;117.82
02/07/2025 23:45;117.84
03/07/2025 00:00;117.82
03/07/2025 00:15;117.82
03/07/2025 00:30;117.82
03/07/2025 00:45;117.82
03/07/2025 01:00;117.82
03/07/2025 01:15;117.82
03/07/2025 01:30;117.81
03/07/2025 01:45;117.81
03/07/2025 02:00;117.82
03/07/2025 02:15;117.82
03/07/2025 02:30;117.84
03/07/2025 02:45;117.84
03/07/2025 03:00;117.84
03/07/2025 03:15;117.84
03/07/2025 03:30;117.84
03/07/2025 03:45;117.84
03/07/2025 04:00;117.84
03/07/2025 04:15;117.84
03/07/2025 04:30;117.82
03/07/2025 04:45;117.82
03/07/2025 05:00;117.82
03/07/2025 05:15;117.84
03/07/2025 05:30;117.84
03/07/2025 05:45;117.84
03/07/2025 06:00;117.84
03/07/2025 06:15;117.82
03/07/2025 06:30;117.79
03/07/2025 06:45;117.8
03/07/2025 07:00;117.8
03/07/2025 07:15;117.8
03/07/2025 07:30;117.79
03/07/2025 07:45;117.8
03/07/2025 08:00;117.79
03/07/2025 08:15;117.79
03/07/2025 08:30;117.79
03/07/2025 08:45;117.81
03/07/2025 09:00;117.8
03/07/2025 09:15;117.8
03/07/2025 09:30;117.81
03/07/2025 09:45;117.79
03/07/2025 10:00;117.79
03/07/2025 10:15;117.79
03/07/2025 10:30;117.79
03/07/2025 10:45;117.79
03/07/2025 11:00;117.79
03/07/2025 11:15;117.79
03/07/2025 11:30;117.79
03/07/2025 11:45;117.79
03/07/2025 12:00;117.79
03/07/2025 12:15;117.79
03/07/2025 12:30;117.77
03/07/2025 12:45;117.77
03/07/2025 13:00;117.77
03/07/2025 13:15;117.79
03/07/2025 13:30;117.79
03/07/2025 13:45;117.79
03/07/2025 14:00;117.79
03/07/2025 14:15;117.79
03/07/2025 14:30;117.79
03/07/2025 14:45;117.79
03/07/2025 15:00;117.8
03/07/2025 15:15;117.8
03/07/2025 15:30;117.8
03/07/2025 15:45;117.8
03/07/2025 16:00;117.8
03/07/2025 16:15;117.79
03/07/2025 16:30;117.79
03/07/2025 16:45;117.79
03/07/2025 17:00;117.79
03/07/2025 17:15;117.79
03/07/2025 17:30;117.79
03/07/2025 17:45;117.79
03/07/2025 18:00;117.79
03/07/2025 18:15;117.79
03/07/2025 18:30;117.79
03/07/2025 18:45;117.79
03/07/2025 19:00;117.8
03/07/2025 19:15;117.8
03/07/2025 19:30;117.8
03/07/2025 19:45;117.8
03/07/2025 20:00;117.8
03/07/2025 20:15;117.79
03/07/2025 20:30;117.77
03/07/2025 20:45;117.77
03/07/2025 21:00;117.75
03/07/2025 21:15;117.77
03/07/2025 21:30;117.77
03/07/2025 21:45;117.77
03/07/2025 22:00;117.79
03/07/2025 22:15;117.79
03/07/2025 22:30;117.79
03/07/2025 22:45;117.79
03/07/2025 23:00;117.8
03/07/2025 23:15;117.79
03/07/2025 23:30;117.79
03/07/2025 23:45;117.77
04/07/2025 00:00;117.77
04/07/2025 00:15;117.77
04/07/2025 00:30;117.79
04/07/2025 00:45;117.79
04/07/2025 01:00;117.81
04/07/2025 01:15;117.8
04/07/2025 01:30;117.79
04/07/2025 01:45;117.79
04/07/2025 02:00;117.79
04/07/2025 02:15;117.77
04/07/2025 02:30;117.75
04/07/2025 02:45;117.75
04/07/2025 03:00;117.72
04/07/2025 03:15;117.72
04/07/2025 03:30;117.72
04/07/2025 03:45;117.75
04/07/2025 04:00;117.73
04/07/2025 04:15;117.72
04/07/2025 04:30;117.72
04/07/2025 04:45;117.73
04/07/2025 05:00;117.71
04/07/2025 05:15;117.71
04/07/2025 05:30;117.71
04/07/2025 05:45;117.7
04/07/2025 06:00;117.7
04/07/2025 06:15;117.68
04/07/2025 06:30;117.68
04/07/2025 06:45;117.68
04/07/2025 07:00;117.68
04/07/2025 07:15;117.68
04/07/2025 07:30;117.65
04/07/2025 07:45;117.64
04/07/2025 08:00;117.62
04/07/2025 08:15;117.64
04/07/2025 08:30;117.65
04/07/2025 08:45;117.64
04/07/2025 09:00;117.64
04/07/2025 09:15;117.63
04/07/2025 09:30;117.64
04/07/2025 09:45;117.64
04/07/2025 10:00;117.64
04/07/2025 10:15;117.65
04/07/2025 10:30;117.64
04/07/2025 10:45;117.64
04/07/2025 11:00;117.64
04/07/2025 11:15;117.63
04/07/2025 11:30;117.63
04/07/2025 11:45;117.63
04/07/2025 12:00;117.63
04/07/2025 12:15;117.63
04/07/2025 12:30;117.63
04/07/2025 12:45;117.63
04/07/2025 13:00;117.63
04/07/2025 13:15;117.64
04/07/2025 13:30;117.64
04/07/2025 13:45;117.63
04/07/2025 14:00;117.63
04/07/2025 14:15;117.63
04/07/2025 14:30;117.65
04/07/2025 14:45;117.66
04/07/2025 15:00;117.66
04/07/2025 15:15;117.66
04/07/2025 15:30;117.65
04/07/2025 15:45;117.65
04/07/2025 16:00;117.65
04/07/2025 16:15;117.65
04/07/2025 16:30;117.65
04/07/2025 16:45;117.65
04/07/2025 17:00;117.64
04/07/2025 17:15;117.64
04/07/2025 17:30;117.64
04/07/2025 17:45;117.64
04/07/2025 18:00;117.65
04/07/2025 18:15;117.65
04/07/2025 18:30;117.65
04/07/2025 18:45;117.65
04/07/2025 19:00;117.65
04/07/2025 19:15;117.65
04/07/2025 19:30;117.65
04/07/2025 19:45;117.65
04/07/2025 20:00;117.65
04/07/2025 20:15;117.63
04/07/2025 20:30;117.63
04/07/2025 20:45;117.63
04/07/2025 21:00;117.63
04/07/2025 21:15;117.61
04/07/2025 21:30;117.61
04/07/2025 21:45;117.59
04/07/2025 22:00;117.59
04/07/2025 22:15;117.59
04/07/2025 22:30;117.59
04/07/2025 22:45;117.59
04/07/2025 23:00;117.57
04/07/2025 23:15;117.57
04/07/2025 23:30;117.56
04/07/2025 23:45;117.56
05/07/2025 00:00;117.56
05/07/2025 00:15;117.57
05/07/2025 00:30;117.56
05/07/2025 00:45;117.55
05/07/2025 01:00;117.55
05/07/2025 01:15;117.54
05/07/2025 01:30;117.52
05/07/2025 01:45;117.52
05/07/2025 02:00;117.5
05/07/2025 02:15;117.5
05/07/2025 02:30;117.48
05/07/2025 02:45;117.47
05/07/2025 03:00;117.47
05/07/2025 03:15;117.48
05/07/2025 03:30;117.47
05/07/2025 03:45;117.47
05/07/2025 04:00;117.46
05/07/2025 04:15;117.46
05/07/2025 04:30;117.45
05/07/2025 04:45;117.45
05/07/2025 05:00;117.45
05/07/2025 05:15;117.43
05/07/2025 05:30;117.43
05/07/2025 05:45;117.43
05/07/2025 06:00;117.45
05/07/2025 06:15;117.43
05/07/2025 06:30;117.43
05/07/2025 06:45;117.4
05/07/2025 07:00;117.39
05/07/2025 07:15;117.37
05/07/2025 07:30;117.37
05/07/2025 07:45;117.36
05/07/2025 08:00;117.37
05/07/2025 08:15;117.38
05/07/2025 08:30;117.38
05/07/2025 08:45;117.38
05/07/2025 09:00;117.38
05/07/2025 09:15;117.38
05/07/2025 09:30;117.37
05/07/2025 09:45;117.36
05/07/2025 10:00;117.36
05/07/2025 10:15;117.37
05/07/2025 10:30;117.36
05/07/2025 10:45;117.36
05/07/2025 11:00;117.36
05/07/2025 11:15;117.36
05/07/2025 11:30;117.36
05/07/2025 11:45;117.36
05/07/2025 12:00;117.37
05/07/2025 12:15;117.37
05/07/2025 12:30;117.37
05/07/2025 12:45;117.36
05/07/2025 13:00;117.36
05/07/2025 13:15;117.36
05/07/2025 13:30;117.36
05/07/2025 13:45;117.36
05/07/2025 14:00;117.36
05/07/2025 14:15;117.38
05/07/2025 14:30;117.39
05/07/2025 14:45;117.39
05/07/2025 15:00;117.39
05/07/2025 15:15;117.39
05/07/2025 15:30;117.38
05/07/2025 15:45;117.37
05/07/2025 16:00;117.37
05/07/2025 16:15;117.37
05/07/2025 16:30;117.37
05/07/2025 16:45;117.37
05/07/2025 17:00;117.37
05/07/2025 17:15;117.37
05/07/2025 17:30;117.38
05/07/2025 17:45;117.39
05/07/2025 18:00;117.39
05/07/2025 18:15;117.39
05/07/2025 18:30;117.39
05/07/2025 18:45;117.39
05/07/2025 19:00;117.39
05/07/2025 19:15;117.39
05/07/2025 19:30;117.39
05/07/2025 19:45;117.39
05/07/2025 20:00;117.39
05/07/2025 20:15;117.38
05/07/2025 20:30;117.37
05/07/2025 20:45;117.37
05/07/2025 21:00;117.37
05/07/2025 21:15;117.34
05/07/2025 21:30;117.34
05/07/2025 21:45;117.34
05/07/2025 22:00;117.34
05/07/2025 22:15;117.34
05/07/2025 22:30;117.34
05/07/2025 22:45;117.34
05/07/2025 23:00;117.32
05/07/2025 23:15;117.32
05/07/2025 23:30;117.32
05/07/2025 23:45;117.31
06/07/2025 00:00;117.31
06/07/2025 00:15;117.32
06/07/2025 00:30;117.3
06/07/2025 00:45;117.29
06/07/2025 01:00;117.29
06/07/2025 01:15;117.29
06/07/2025 01:30;117.27
06/07/2025 01:45;117.29
06/07/2025 02:00;117.29
06/07/2025 02:15;117.27
06/07/2025 02:30;117.27
06/07/2025 02:45;117.25
06/07/2025 03:00;117.25
06/07/2025 03:15;117.25
06/07/2025 03:30;117.25
06/07/2025 03:45;117.25
06/07/2025 04:00;117.25
06/07/2025 04:15;117.25
06/07/2025 04:30;117.25
06/07/2025 04:45;117.25
06/07/2025 05:00;117.25
06/07/2025 05:15;117.25
06/07/2025 05:30;117.22
06/07/2025 05:45;117.22
06/07/2025 06:00;117.21
06/07/2025 06:15;117.21
06/07/2025 06:30;117.21
06/07/2025 06:45;117.21
06/07/2025 07:00;117.2
06/07/2025 07:15;117.2
06/07/2025 07:30;117.2
06/07/2025 07:45;117.18
06/07/2025 08:00;117.18
06/07/2025 08:15;117.2
06/07/2025 08:30;117.2
06/07/2025 08:45;117.2
06/07/2025 09:00;117.2
06/07/2025 09:15;117.2
06/07/2025 09:30;117.2
06/07/2025 09:45;117.18
06/07/2025 10:00;117.2
06/07/2025 10:15;117.2
06/07/2025 10:30;117.2
06/07/2025 10:45;117.2
06/07/2025 11:00;117.18
06/07/2025 11:15;117.18
06/07/2025 11:30;117.18
06/07/2025 11:45;117.2
06/07/2025 12:00;117.18
06/07/2025 12:15;117.18
06/07/2025 12:30;117.18
06/07/2025 12:45;117.18
06/07/2025 13:00;117.18
06/07/2025 13:15;117.18
06/07/2025 13:30;117.18
06/07/2025 13:45;117.18
06/07/2025 14:00;117.2
06/07/2025 14:15;117.2
06/07/2025 14:30;117.2
06/07/2025 14:45;117.2
06/07/2025 15:00;117.2
06/07/2025 15:15;117.2
06/07/2025 15:30;117.2
06/07/2025 15:45;117.2
06/07/2025 16:00;117.2
06/07/2025 16:15;117.2
06/07/2025 16:30;117.2
06/07/2025 16:45;117.2
06/07/2025 17:00;117.2
06/07/2025 17:15;117.2
06/07/2025 17:30;117.2
06/07/2025 17:45;117.2
06/07/2025 18:00;117.2
06/07/2025 18:15;117.2
06/07/2025 18:30;117.21
06/07/2025 18:45;117.21
06/07/2025 19:00;117.21
06/07/2025 19:15;117.21
06/07/2025 19:30;117.21
06/07/2025 19:45;117.21
06/07/2025 20:00;117.21
06/07/2025 20:15;117.2
06/07/2025 20:30;117.2
06/07/2025 20:45;117.2
06/07/2025 21:00;117.2
06/07/2025 21:15;117.2
06/07/2025 21:30;117.2
06/07/2025 21:45;117.18
06/07/2025 22:00;117.18
06/07/2025 22:15;117.18
06/07/2025 22:30;117.18
06/07/2025 22:45;117.18
06/07/2025 23:00;117.18
06/07/2025 23:15;117.18
06/07/2025 23:30;117.16
06/07/2025 23:45;117.15
07/07/2025 00:00;117.14
07/07/2025 00:15;117.15
07/07/2025 00:30;117.16
07/07/2025 00:45;117.15
07/07/2025 01:00;117.14
07/07/2025 01:15;117.14
07/07/2025 01:30;117.14
07/07/2025 01:45;117.13
07/07/2025 02:00;117.13
07/07/2025 02:15;117.13
07/07/2025 02:30;117.13
07/07/2025 02:45;117.12
07/07/2025 03:00;117.11
07/07/2025 03:15;117.12
07/07/2025 03:30;117.11
07/07/2025 03:45;117.11
07/07/2025 04:00;117.11
07/07/2025 04:15;117.11
07/07/2025 04:30;117.11
07/07/2025 04:45;117.11
07/07/2025 05:00;117.11
07/07/2025 05:15;117.11
07/07/2025 05:30;117.11
07/07/2025 05:45;117.09
07/07/2025 06:00;117.09
07/07/2025 06:15;117.09
07/07/2025 06:30;117.09
07/07/2025 06:45;117.09
07/07/2025 07:00;117.09
07/07/2025 07:15;117.07
07/07/2025 07:30;117.06
07/07/2025 07:45;117.06
07/07/2025 08:00;117.05
07/07/2025 08:15;117.06
07/07/2025 08:30;117.05
07/07/2025 08:45;117.07
07/07/2025 09:00;117.05
07/07/2025 09:15;117.06
07/07/2025 09:30;117.07
07/07/2025 09:45;117.06
07/07/2025 10:00;117.06
07/07/2025 10:15;117.06
07/07/2025 10:30;117.07
07/07/2025 10:45;117.05
07/07/2025 11:00;117.06
07/07/2025 11:15;117.06
07/07/2025 11:30;117.06
07/07/2025 11:45;117.06
07/07/2025 12:00;117.05
07/07/2025 12:15;117.06
07/07/2025 12:30;117.05
07/07/2025 12:45;117.05
07/07/2025 13:00;117.06
07/07/2025 13:15;117.06
07/07/2025 13:30;117.06
07/07/2025 13:45;117.06
07/07/2025 14:00;117.07
07/07/2025 14:15;117.06
07/07/2025 14:30;117.07
07/07/2025 14:45;117.07
07/07/2025 15:00;117.09
07/07/2025 15:15;117.07
07/07/2025 15:30;117.07
07/07/2025 15:45;117.09
07/07/2025 16:00;117.09
07/07/2025 16:15;117.09
07/07/2025 16:30;117.09
07/07/2025 16:45;117.09
07/07/2025 17:00;117.07
07/07/2025 17:15;117.09
07/07/2025 17:30;117.07
07/07/2025 17:45;117.09
07/07/2025 18:00;117.09
07/07/2025 18:15;117.09
07/07/2025 18:30;117.09
07/07/2025 18:45;117.07
07/07/2025 19:00;117.09
07/07/2025 19:15;117.09
07/07/2025 19:30;117.09
07/07/2025 19:45;117.09
07/07/2025 20:00;117.09
07/07/2025 20:15;117.09
07/07/2025 20:30;117.07
07/07/2025 20:45;117.06
07/07/2025 21:00;117.06
07/07/2025 21:15;117.06
07/07/2025 21:30;117.04
07/07/2025 21:45;117.05
07/07/2025 22:00;117.05
07/07/2025 22:15;117.04
07/07/2025 22:30;117.04
07/07/2025 22:45;117.05
07/07/2025 23:00;117.04
07/07/2025 23:15;117.04
07/07/2025 23:30;117.04
07/07/2025 23:45;117.04
08/07/2025 00:00;117.02
08/07/2025 00:15;117.02
08/07/2025 00:30;117.04
08/07/2025 00:45;117.04
08/07/2025 01:00;117.04
08/07/2025 01:15;117.02
08/07/2025 01:30;117.02
08/07/2025 01:45;117.02
08/07/2025 02:00;117.02
08/07/2025 02:15;117.02
08/07/2025 02:30;117.02
08/07/2025 02:45;117
08/07/2025 03:00;117
08/07/2025 03:15;117
08/07/2025 03:30;117
08/07/2025 03:45;117.02
08/07/2025 04:00;117.02
08/07/2025 04:15;117.02
08/07/2025 04:30;117.02
08/07/2025 04:45;117.02
08/07/2025 05:00;117.02
08/07/2025 05:15;117
08/07/2025 05:30;117
08/07/2025 05:45;117
08/07/2025 06:00;117
08/07/2025 06:15;117
08/07/2025 06:30;117
08/07/2025 06:45;117
08/07/2025 07:00;116.98
08/07/2025 07:15;117
08/07/2025 07:30;116.96
08/07/2025 07:45;116.98
08/07/2025 08:00;116.96
08/07/2025 08:15;116.96
08/07/2025 08:30;116.96
08/07/2025 08:45;116.95
08/07/2025 09:00;116.96
08/07/2025 09:15;116.95
08/07/2025 09:30;116.95
08/07/2025 09:45;116.93
08/07/2025 10:00;116.95
08/07/2025 10:15;116.97
08/07/2025 10:30;116.96
08/07/2025 10:45;116.95
08/07/2025 11:00;116.95
08/07/2025 11:15;116.95
08/07/2025 11:30;116.93
08/07/2025 11:45;116.93
08/07/2025 12:00;116.95
08/07/2025 12:15;116.95
08/07/2025 12:30;116.95
08/07/2025 12:45;116.95
08/07/2025 13:00;116.95
08/07/2025 13:15;116.93
08/07/2025 13:30;116.95
08/07/2025 13:45;116.95
08/07/2025 14:00;116.95
08/07/2025 14:15;116.95
08/07/2025 14:30;116.95
08/07/2025 14:45;116.95
08/07/2025 15:00;116.95
08/07/2025 15:15;116.95
08/07/2025 15:30;116.95
08/07/2025 15:45;116.95
08/07/2025 16:00;116.95
08/07/2025 16:15;116.95
08/07/2025 16:30;116.96
08/07/2025 16:45;116.96
08/07/2025 17:00;116.96
08/07/2025 17:15;116.95
08/07/2025 17:30;116.95
08/07/2025 17:45;116.95
08/07/2025 18:00;116.95
08/07/2025 18:15;116.95
08/07/2025 18:30;116.95
08/07/2025 18:45;116.96
08/07/2025 19:00;116.96
08/07/2025 19:15;116.96
08/07/2025 19:30;116.96
08/07/2025 19:45;116.96
08/07/2025 20:00;116.96
08/07/2025 20:15;116.95
08/07/2025 20:30;116.93
08/07/2025 20:45;116.93
08/07/2025 21:00;116.91
08/07/2025 21:15;116.91
08/07/2025 21:30;116.91
08/07/2025 21:45;116.93
08/07/2025 22:00;116.91
08/07/2025 22:15;116.91
08/07/2025 22:30;116.9
08/07/2025 22:45;116.89
08/07/2025 23:00;116.88
08/07/2025 23:15;116.88
08/07/2025 23:30;116.88
08/07/2025 23:45;116.86
09/07/2025 00:00;116.86
09/07/2025 00:15;116.88
09/07/2025 00:30;116.89
09/07/2025 00:45;116.88
09/07/2025 01:00;116.88
09/07/2025 01:15;116.88
09/07/2025 01:30;116.87
09/07/2025 01:45;116.86
09/07/2025 02:00;116.87
09/07/2025 02:15;116.86
09/07/2025 02:30;116.86
09/07/2025 02:45;116.86
09/07/2025 03:00;116.84
09/07/2025 03:15;116.86
09/07/2025 03:30;116.86
09/07/2025 03:45;116.87
09/07/2025 04:00;116.87
09/07/2025 04:15;116.87
09/07/2025 04:30;116.86
09/07/2025 04:45;116.86
09/07/2025 05:00;116.86
09/07/2025 05:15;116.86
09/07/2025 05:30;116.86
09/07/2025 05:45;116.84
09/07/2025 06:00;116.86
09/07/2025 06:15;116.86
09/07/2025 06:30;116.86
09/07/2025 06:45;116.86
09/07/2025 07:00;116.86
09/07/2025 07:15;116.84
09/07/2025 07:30;116.82
09/07/2025 07:45;116.82
09/07/2025 08:00;116.81
09/07/2025 08:15;116.84
09/07/2025 08:30;116.81
09/07/2025 08:45;116.81
09/07/2025 09:00;116.8
09/07/2025 09:15;116.84
09/07/2025 09:30;116.84
09/07/2025 09:45;116.84
09/07/2025 10:00;116.84
09/07/2025 10:15;116.84
09/07/2025 10:30;116.84
09/07/2025 10:45;116.81
09/07/2025 11:00;116.84
09/07/2025 11:15;116.82
09/07/2025 11:30;116.82
09/07/2025 11:45;116.81
09/07/2025 12:00;116.81
09/07/2025 12:15;116.82
09/07/2025 12:30;116.82
09/07/2025 12:45;116.84
09/07/2025 13:00;116.82
09/07/2025 13:15;116.82
09/07/2025 13:30;116.81
09/07/2025 13:45;116.81
09/07/2025 14:00;116.81
09/07/2025 14:15;116.81
09/07/2025 14:30;116.82
09/07/2025 14:45;116.81
09/07/2025 15:00;116.82
09/07/2025 15:15;116.82
09/07/2025 15:30;116.84
09/07/2025 15:45;116.84
09/07/2025 16:00;116.84
09/07/2025 16:15;116.84
09/07/2025 16:30;116.84
09/07/2025 16:45;116.84
09/07/2025 17:00;116.81
09/07/2025 17:15;116.82
09/07/2025 17:30;116.82
09/07/2025 17:45;116.82
09/07/2025 18:00;116.82
09/07/2025 18:15;116.84
09/07/2025 18:30;116.84
09/07/2025 18:45;116.84
09/07/2025 19:00;116.84
09/07/2025 19:15;116.84
09/07/2025 19:30;116.84
09/07/2025 19:45;116.84
09/07/2025 20:00;116.84
09/07/2025 20:15;116.8
09/07/2025 20:30;116.81
09/07/2025 20:45;116.81
09/07/2025 21:00;116.79
09/07/2025 21:15;116.79
09/07/2025 21:30;116.79
09/07/2025 21:45;116.8
09/07/2025 22:00;116.77
09/07/2025 22:15;116.79
09/07/2025 22:30;116.77
09/07/2025 22:45;116.77
09/07/2025 23:00;116.77
09/07/2025 23:15;116.75
09/07/2025 23:30;116.75
09/07/2025 23:45;116.73
10/07/2025 00:00;116.75
10/07/2025 00:15;116.77
10/07/2025 00:30;116.77
10/07/2025 00:45;116.77
10/07/2025 01:00;116.77
10/07/2025 01:15;116.75
10/07/2025 01:30;116.75
10/07/2025 01:45;116.73
10/07/2025 02:00;116.75
10/07/2025 02:15;116.75
10/07/2025 02:30;116.75
10/07/2025 02:45;116.72
10/07/2025 03:00;116.73
10/07/2025 03:15;116.75
10/07/2025 03:30;116.72
10/07/2025 03:45;116.75
10/07/2025 04:00;116.77
10/07/2025 04:15;116.75
10/07/2025 04:30;116.75
10/07/2025 04:45;116.73
10/07/2025 05:00;116.75
10/07/2025 05:15;116.73
10/07/2025 05:30;116.77
10/07/2025 05:45;116.75
10/07/2025 06:00;116.75
10/07/2025 06:15;116.75
10/07/2025 06:30;116.75
10/07/2025 06:45;116.75
10/07/2025 07:00;116.75
10/07/2025 07:15;116.75
10/07/2025 07:30;116.73
10/07/2025 07:45;116.73
10/07/2025 08:00;116.71
10/07/2025 08:15;116.72
10/07/2025 08:30;116.72
10/07/2025 08:45;116.7
10/07/2025 09:00;116.71
10/07/2025 09:15;116.71
10/07/2025 09:30;116.73
10/07/2025 09:45;116.72
10/07/2025 10:00;116.73
10/07/2025 10:15;116.73
10/07/2025 10:30;116.73
10/07/2025 10:45;116.72
10/07/2025 11:00;116.72
10/07/2025 11:15;116.72
10/07/2025 11:30;116.72
10/07/2025 11:45;116.72
10/07/2025 12:00;116.72
10/07/2025 12:15;116.72
10/07/2025 12:30;116.71
10/07/2025 12:45;116.73
10/07/2025 13:00;116.73
10/07/2025 13:15;116.72
10/07/2025 13:30;116.72
10/07/2025 13:45;116.72
10/07/2025 14:00;116.72
10/07/2025 14:15;116.72
10/07/2025 14:30;116.73
10/07/2025 14:45;116.73
10/07/2025 15:00;116.73
10/07/2025 15:15;116.73
10/07/2025 15:30;116.75
10/07/2025 15:45;116.75
10/07/2025 16:00;116.75
10/07/2025 16:15;116.75
10/07/2025 16:30;116.73
10/07/2025 16:45;116.73
10/07/2025 17:00;116.73
10/07/2025 17:15;116.73
10/07/2025 17:30;116.73
10/07/2025 17:45;116.73
10/07/2025 18:00;116.73
10/07/2025 18:15;116.72
10/07/2025 18:30;116.73
10/07/2025 18:45;116.73
10/07/2025 19:00;116.73
10/07/2025 19:15;116.73
10/07/2025 19:30;116.73
10/07/2025 19:45;116.73
10/07/2025 20:00;116.73
10/07/2025 20:15;116.73
10/07/2025 20:30;116.7
10/07/2025 20:45;116.71
10/07/2025 21:00;116.7
10/07/2025 21:15;116.7
10/07/2025 21:30;116.7
10/07/2025 21:45;116.7
10/07/2025 22:00;116.7
10/07/2025 22:15;116.68
10/07/2025 22:30;116.68
10/07/2025 22:45;116.68
10/07/2025 23:00;116.68
10/07/2025 23:15;116.68
10/07/2025 23:30;116.68
10/07/2025 23:45;116.66
11/07/2025 00:00;116.65
11/07/2025 00:15;116.66
11/07/2025 00:30;116.65
11/07/2025 00:45;116.65
11/07/2025 01:00;116.64
11/07/2025 01:15;116.66
11/07/2025 01:30;116.66
11/07/2025 01:45;116.65
11/07/2025 02:00;116.66
11/07/2025 02:15;116.64
11/07/2025 02:30;116.65
11/07/2025 02:45;116.62
11/07/2025 03:00;116.64
11/07/2025 03:15;116.64
11/07/2025 03:30;116.64
11/07/2025 03:45;116.64
11/07/2025 04:00;116.64
11/07/2025 04:15;116.65
11/07/2025 04:30;116.63
11/07/2025 04:45;116.65
11/07/2025 05:00;116.64
11/07/2025 05:15;116.64
11/07/2025 05:30;116.62
11/07/2025 05:45;116.62
11/07/2025 06:00;116.63
11/07/2025 06:15;116.61
11/07/2025 06:30;116.62
11/07/2025 06:45;116.62
11/07/2025 07:00;116.62
11/07/2025 07:15;116.61
11/07/2025 07:30;116.61
11/07/2025 07:45;116.61
11/07/2025 08:00;116.61
11/07/2025 08:15;116.61
11/07/2025 08:30;116.59
11/07/2025 08:45;116.59
11/07/2025 09:00;116.59
11/07/2025 09:15;116.61
11/07/2025 09:30;116.61
11/07/2025 09:45;116.61
11/07/2025 10:00;116.61
11/07/2025 10:15;116.61
11/07/2025 10:30;116.61
11/07/2025 10:45;116.59
11/07/2025 11:00;116.61
11/07/2025 11:15;116.59
11/07/2025 11:30;116.59
11/07/2025 11:45;116.59
11/07/2025 12:00;116.59
11/07/2025 12:15;116.59
11/07/2025 12:30;116.59
11/07/2025 12:45;116.61
11/07/2025 13:00;116.59
11/07/2025 13:15;116.61
11/07/2025 13:30;116.59
11/07/2025 13:45;116.59
11/07/2025 14:00;116.59
11/07/2025 14:15;116.59
11/07/2025 14:30;116.59
11/07/2025 14:45;116.59
11/07/2025 15:00;116.59
11/07/2025 15:15;116.59
11/07/2025 15:30;116.61
11/07/2025 15:45;116.61
11/07/2025 16:00;116.61
11/07/2025 16:15;116.61
11/07/2025 16:30;116.61
11/07/2025 16:45;116.61
11/07/2025 17:00;116.59
11/07/2025 17:15;116.61
11/07/2025 17:30;116.61
11/07/2025 17:45;116.61
11/07/2025 18:00;116.61
11/07/2025 18:15;116.61
11/07/2025 18:30;116.61
11/07/2025 18:45;116.61
11/07/2025 19:00;116.61
11/07/2025 19:15;116.61
11/07/2025 19:30;116.61
11/07/2025 19:45;116.59
11/07/2025 20:00;116.61
11/07/2025 20:15;116.57
11/07/2025 20:30;116.59
11/07/2025 20:45;116.59
11/07/2025 21:00;116.57
11/07/2025 21:15;116.56
11/07/2025 21:30;116.56
11/07/2025 21:45;116.57
11/07/2025 22:00;116.54
11/07/2025 22:15;116.57
11/07/2025 22:30;116.55
11/07/2025 22:45;116.54
11/07/2025 23:00;116.55
11/07/2025 23:15;116.54
11/07/2025 23:30;116.54
11/07/2025 23:45;116.52
12/07/2025 00:00;116.52
12/07/2025 00:15;116.52
12/07/2025 00:30;116.5
12/07/2025 00:45;116.5
12/07/2025 01:00;116.5
12/07/2025 01:15;116.5
12/07/2025 01:30;116.48
12/07/2025 01:45;116.48
12/07/2025 02:00;116.47
12/07/2025 02:15;116.46
12/07/2025 02:30;116.45
12/07/2025 02:45;116.45
12/07/2025 03:00;116.45
12/07/2025 03:15;116.45
12/07/2025 03:30;116.45
12/07/2025 03:45;116.43
12/07/2025 04:00;116.45
12/07/2025 04:15;116.43
12/07/2025 04:30;116.45
12/07/2025 04:45;116.43
12/07/2025 05:00;116.45
12/07/2025 05:15;116.43
12/07/2025 05:30;116.43
12/07/2025 05:45;116.43
12/07/2025 06:00;116.43
12/07/2025 06:15;116.43
12/07/2025 06:30;116.43
12/07/2025 06:45;116.45
12/07/2025 07:00;116.43
12/07/2025 07:15;116.43
12/07/2025 07:30;116.45
12/07/2025 07:45;116.43
12/07/2025 08:00;116.45
12/07/2025 08:15;116.45
12/07/2025 08:30;116.45
12/07/2025 08:45;116.43
12/07/2025 09:00;116.43
12/07/2025 09:15;116.43
12/07/2025 09:30;116.43
12/07/2025 09:45;116.43
12/07/2025 10:00;116.45
12/07/2025 10:15;116.43
12/07/2025 10:30;116.43
12/07/2025 10:45;116.45
12/07/2025 11:00;116.45
12/07/2025 11:15;116.46
12/07/2025 11:30;116.45
12/07/2025 11:45;116.45
12/07/2025 12:00;116.45
12/07/2025 12:15;116.45
12/07/2025 12:30;116.46
12/07/2025 12:45;116.46
12/07/2025 13:00;116.45
12/07/2025 13:15;116.45
12/07/2025 13:30;116.46
12/07/2025 13:45;116.5
12/07/2025 14:00;116.48
12/07/2025 14:15;116.48
12/07/2025 14:30;116.47
12/07/2025 14:45;116.46
12/07/2025 15:00;116.45
12/07/2025 15:15;116.43
12/07/2025 15:30;116.45
12/07/2025 15:45;116.54
12/07/2025 16:00;116.5
12/07/2025 16:15;116.5
12/07/2025 16:30;116.5
12/07/2025 16:45;116.48
12/07/2025 17:00;116.48
12/07/2025 17:15;116.47
12/07/2025 17:30;116.48
12/07/2025 17:45;116.47
12/07/2025 18:00;116.48
12/07/2025 18:15;116.47
12/07/2025 18:30;116.47
12/07/2025 18:45;116.47
12/07/2025 19:00;116.48
12/07/2025 19:15;116.48
12/07/2025 19:30;116.48
12/07/2025 19:45;116.48
12/07/2025 20:00;116.5
12/07/2025 20:15;116.48
12/07/2025 20:30;116.47
12/07/2025 20:45;116.48
12/07/2025 21:00;116.47
12/07/2025 21:15;116.45
12/07/2025 21:30;116.43
12/07/2025 21:45;116.45
12/07/2025 22:00;116.46
12/07/2025 22:15;116.45
12/07/2025 22:30;116.46
12/07/2025 22:45;116.45
12/07/2025 23:00;116.45
12/07/2025 23:15;116.43
12/07/2025 23:30;116.43
12/07/2025 23:45;116.43
13/07/2025 00:00;116.43
13/07/2025 00:15;116.41
13/07/2025 00:30;116.41
13/07/2025 00:45;116.39
13/07/2025 01:00;116.39
13/07/2025 01:15;116.41
13/07/2025 01:30;116.41
13/07/2025 01:45;116.41
13/07/2025 02:00;116.41
13/07/2025 02:15;116.41
13/07/2025 02:30;116.39
13/07/2025 02:45;116.38
13/07/2025 03:00;116.38
13/07/2025 03:15;116.38
13/07/2025 03:30;116.37
13/07/2025 03:45;116.37
13/07/2025 04:00;116.37
13/07/2025 04:15;116.39
13/07/2025 04:30;116.38
13/07/2025 04:45;116.39
13/07/2025 05:00;116.39
13/07/2025 05:15;116.39
13/07/2025 05:30;116.38
13/07/2025 05:45;116.38
13/07/2025 06:00;116.41
13/07/2025 06:15;116.39
13/07/2025 06:30;116.41
13/07/2025 06:45;116.39
13/07/2025 07:00;116.39
13/07/2025 07:15;116.41
13/07/2025 07:30;116.41
13/07/2025 07:45;116.41
13/07/2025 08:00;116.41
13/07/2025 08:15;116.41
13/07/2025 08:30;116.41
13/07/2025 08:45;116.41
13/07/2025 09:00;116.41
13/07/2025 09:15;116.41
13/07/2025 09:30;116.43
13/07/2025 09:45;116.43
13/07/2025 10:00;116.43
13/07/2025 10:15;116.43
13/07/2025 10:30;116.43
13/07/2025 10:45;116.43
13/07/2025 11:00;116.45
13/07/2025 11:15;116.45
13/07/2025 11:30;116.45
13/07/2025 11:45;116.45
13/07/2025 12:00;116.45
13/07/2025 12:15;116.45
13/07/2025 12:30;116.45
13/07/2025 12:45;116.45
13/07/2025 13:00;116.45
13/07/2025 13:15;116.45
13/07/2025 13:30;116.45
13/07/2025 13:45;116.45
13/07/2025 14:00;116.45
13/07/2025 14:15;116.45
13/07/2025 14:30;116.45
13/07/2025 14:45;116.45
13/07/2025 15:00;116.46
13/07/2025 15:15;116.46
13/07/2025 15:30;116.46
13/07/2025 15:45;116.46
13/07/2025 16:00;116.46
13/07/2025 16:15;116.46
13/07/2025 16:30;116.46
13/07/2025 16:45;116.47
13/07/2025 17:00;116.47
13/07/2025 17:15;116.47
13/07/2025 17:30;116.47
13/07/2025 17:45;116.47
13/07/2025 18:00;116.47
13/07/2025 18:15;116.47
13/07/2025 18:30;116.47
13/07/2025 18:45;116.47
13/07/2025 19:00;116.48
13/07/2025 19:15;116.48
13/07/2025 19:30;116.48
13/07/2025 19:45;116.48
13/07/2025 20:00;116.5
13/07/2025 20:15;116.47
13/07/2025 20:30;116.48
13/07/2025 20:45;116.48
13/07/2025 21:00;116.48
13/07/2025 21:15;116.47
13/07/2025 21:30;116.45
13/07/2025 21:45;116.45
13/07/2025 22:00;116.45
13/07/2025 22:15;116.45
13/07/2025 22:30;116.45
13/07/2025 22:45;116.45
13/07/2025 23:00;116.45
13/07/2025 23:15;116.43
13/07/2025 23:30;116.43
13/07/2025 23:45;116.41
14/07/2025 00:00;116.43
14/07/2025 00:15;116.43
14/07/2025 00:30;116.43
14/07/2025 00:45;116.41
14/07/2025 01:00;116.41
14/07/2025 01:15;116.43
14/07/2025 01:30;116.43
14/07/2025 01:45;116.41
14/07/2025 02:00;116.43
14/07/2025 02:15;116.41
14/07/2025 02:30;116.41
14/07/2025 02:45;116.41
14/07/2025 03:00;116.41
14/07/2025 03:15;116.41
14/07/2025 03:30;116.41
14/07/2025 03:45;116.41
14/07/2025 04:00;116.41
14/07/2025 04:15;116.41
14/07/2025 04:30;116.41
14/07/2025 04:45;116.43
14/07/2025 05:00;116.43
14/07/2025 05:15;116.41
14/07/2025 05:30;116.41
14/07/2025 05:45;116.41
14/07/2025 06:00;116.41
14/07/2025 06:15;116.41
14/07/2025 06:30;116.41
14/07/2025 06:45;116.41
14/07/2025 07:00;116.41
14/07/2025 07:15;116.41
14/07/2025 07:30;116.41
14/07/2025 07:45;116.41
14/07/2025 08:00;116.41
14/07/2025 08:15;116.41
14/07/2025 08:30;116.39
14/07/2025 08:45;116.39
14/07/2025 09:00;116.39
14/07/2025 09:15;116.43
14/07/2025 09:30;116.41
14/07/2025 09:45;116.41
14/07/2025 10:00;116.41
14/07/2025 10:15;116.41
14/07/2025 10:30;116.41
14/07/2025 10:45;116.41
14/07/2025 11:00;116.43
14/07/2025 11:15;116.41
14/07/2025 11:30;116.41
14/07/2025 11:45;116.41
14/07/2025 12:00;116.41
14/07/2025 12:15;116.41
14/07/2025 12:30;116.41
14/07/2025 12:45;116.43
14/07/2025 13:00;116.41
14/07/2025 13:15;116.41
14/07/2025 13:30;116.43
14/07/2025 13:45;116.43
14/07/2025 14:00;116.43
14/07/2025 14:15;116.43
14/07/2025 14:30;116.43
14/07/2025 14:45;116.43
14/07/2025 15:00;116.43
14/07/2025 15:15;116.45
14/07/2025 15:30;116.45
14/07/2025 15:45;116.45
14/07/2025 16:00;116.45
14/07/2025 16:15;116.45
14/07/2025 16:30;116.45
14/07/2025 16:45;116.45
14/07/2025 17:00;116.45
14/07/2025 17:15;116.45
14/07/2025 17:30;116.45
14/07/2025 17:45;116.45
14/07/2025 18:00;116.45
14/07/2025 18:15;116.45
14/07/2025 18:30;116.45
14/07/2025 18:45;116.45
14/07/2025 19:00;116.45
14/07/2025 19:15;116.45
14/07/2025 19:30;116.46
14/07/2025 19:45;116.46
14/07/2025 20:00;116.46
14/07/2025 20:15;116.45
14/07/2025 20:30;116.43
14/07/2025 20:45;116.43
14/07/2025 21:00;116.43
14/07/2025 21:15;116.43
14/07/2025 21:30;116.43
14/07/2025 21:45;116.43
14/07/2025 22:00;116.43
14/07/2025 22:15;116.43
14/07/2025 22:30;116.43
14/07/2025 22:45;116.43
14/07/2025 23:00;116.43
14/07/2025 23:15;116.43
14/07/2025 23:30;116.43
14/07/2025 23:45;116.41
15/07/2025 00:00;116.41
15/07/2025 00:15;116.43
15/07/2025 00:30;116.43
15/07/2025 00:45;116.41
15/07/2025 01:00;116.43
15/07/2025 01:15;116.43
15/07/2025 01:30;116.43
15/07/2025 01:45;116.41
15/07/2025 02:00;116.43
15/07/2025 02:15;116.43
15/07/2025 02:30;116.43
15/07/2025 02:45;116.43
15/07/2025 03:00;116.43
15/07/2025 03:15;116.43
15/07/2025 03:30;116.43
15/07/2025 03:45;116.45
15/07/2025 04:00;116.45
15/07/2025 04:15;116.45
15/07/2025 04:30;116.45
15/07/2025 04:45;116.45
15/07/2025 05:00;116.45
15/07/2025 05:15;116.46
15/07/2025 05:30;116.46
15/07/2025 05:45;116.46
15/07/2025 06:00;116.46
15/07/2025 06:15;116.46
15/07/2025 06:30;116.46
15/07/2025 06:45;116.46
15/07/2025 07:00;116.46
15/07/2025 07:15;116.46
15/07/2025 07:30;116.46
15/07/2025 07:45;116.47
15/07/2025 08:00;116.47
15/07/2025 08:15;116.47
15/07/2025 08:30;116.48
15/07/2025 08:45;116.48
15/07/2025 09:00;116.48
15/07/2025 09:15;116.48
15/07/2025 09:30;116.48
15/07/2025 09:45;116.5
15/07/2025 10:00;116.5
15/07/2025 10:15;116.5
15/07/2025 10:30;116.5
15/07/2025 10:45;116.5
15/07/2025 11:00;116.5
15/07/2025 11:15;116.5
15/07/2025 11:30;116.5
15/07/2025 11:45;116.5
15/07/2025 12:00;116.5
15/07/2025 12:15;116.52
15/07/2025 12:30;116.52
15/07/2025 12:45;116.52
15/07/2025 13:00;116.52
15/07/2025 13:15;116.52
15/07/2025 13:30;116.52
15/07/2025 13:45;116.52
15/07/2025 14:00;116.52
15/07/2025 14:15;116.52
15/07/2025 14:30;116.54
15/07/2025 14:45;116.54
15/07/2025 15:00;116.54
15/07/2025 15:15;116.54
15/07/2025 15:30;116.54
15/07/2025 15:45;116.54
15/07/2025 16:00;116.54
15/07/2025 16:15;116.54
15/07/2025 16:30;116.54
15/07/2025 16:45;116.54
15/07/2025 17:00;116.54
15/07/2025 17:15;116.54
15/07/2025 17:30;116.54
15/07/2025 17:45;116.54
15/07/2025 18:00;116.54
15/07/2025 18:15;116.54
15/07/2025 18:30;116.55
15/07/2025 18:45;116.55
15/07/2025 19:00;116.55
15/07/2025 19:15;116.55
15/07/2025 19:30;116.56
15/07/2025 19:45;116.56
15/07/2025 20:00;116.56
15/07/2025 20:15;116.56
15/07/2025 20:30;116.56
15/07/2025 20:45;116.56
15/07/2025 21:00;116.56
15/07/2025 21:15;116.54
15/07/2025 21:30;116.54
15/07/2025 21:45;116.54
15/07/2025 22:00;116.54
15/07/2025 22:15;116.54
15/07/2025 22:30;116.54
15/07/2025 22:45;116.54
15/07/2025 23:00;116.52
15/07/2025 23:15;116.54
15/07/2025 23:30;116.52
15/07/2025 23:45;116.54
16/07/2025 00:00;116.52
16/07/2025 00:15;116.54
16/07/2025 00:30;116.54
16/07/2025 00:45;116.52
16/07/2025 01:00;116.52
16/07/2025 01:15;116.54
16/07/2025 01:30;116.54
16/07/2025 01:45;116.52
16/07/2025 02:00;116.54
16/07/2025 02:15;116.52
16/07/2025 02:30;116.52
16/07/2025 02:45;116.52
16/07/2025 03:00;116.52
16/07/2025 03:15;116.52
16/07/2025 03:30;116.52
16/07/2025 03:45;116.52
16/07/2025 04:00;116.52
16/07/2025 04:15;116.52
16/07/2025 04:30;116.52
16/07/2025 04:45;116.54
16/07/2025 05:00;116.54
16/07/2025 05:15;116.54
16/07/2025 05:30;116.55
16/07/2025 05:45;116.54
16/07/2025 06:00;116.55
16/07/2025 06:15;116.55
16/07/2025 06:30;116.55
16/07/2025 06:45;116.55
16/07/2025 07:00;116.55
16/07/2025 07:15;116.55
16/07/2025 07:30;116.54
16/07/2025 07:45;116.55
16/07/2025 08:00;116.55
16/07/2025 08:15;116.55
16/07/2025 08:30;116.55
16/07/2025 08:45;116.55
16/07/2025 09:00;116.55
16/07/2025 09:15;116.55
16/07/2025 09:30;116.56
16/07/2025 09:45;116.56
16/07/2025 10:00;116.56
16/07/2025 10:15;116.56
16/07/2025 10:30;116.57
16/07/2025 10:45;116.57
16/07/2025 11:00;116.57
16/07/2025 11:15;116.59
16/07/2025 11:30;116.59
16/07/2025 11:45;116.59
16/07/2025 12:00;116.59
16/07/2025 12:15;116.59
16/07/2025 12:30;116.59
16/07/2025 12:45;116.59
16/07/2025 13:00;116.59
16/07/2025 13:15;116.59
16/07/2025 13:30;116.59
16/07/2025 13:45;116.59
16/07/2025 14:00;116.59
16/07/2025 14:15;116.59
16/07/2025 14:30;116.59
16/07/2025 14:45;116.61
16/07/2025 15:00;116.61
16/07/2025 15:15;116.61
16/07/2025 15:30;116.61
16/07/2025 15:45;116.61
16/07/2025 16:00;116.61
16/07/2025 16:15;116.61
16/07/2025 16:30;116.61
16/07/2025 16:45;116.61
16/07/2025 17:00;116.61
16/07/2025 17:15;116.61
16/07/2025 17:30;116.61
16/07/2025 17:45;116.61
16/07/2025 18:00;116.61
16/07/2025 18:15;116.61
16/07/2025 18:30;116.61
16/07/2025 18:45;116.61
16/07/2025 19:00;116.62
16/07/2025 19:15;116.62
16/07/2025 19:30;116.62
16/07/2025 19:45;116.62
16/07/2025 20:00;116.61
16/07/2025 20:15;116.61
16/07/2025 20:30;116.59
16/07/2025 20:45;116.59
16/07/2025 21:00;116.59
16/07/2025 21:15;116.59
16/07/2025 21:30;116.59
16/07/2025 21:45;116.57
16/07/2025 22:00;116.57
16/07/2025 22:15;116.56
16/07/2025 22:30;116.57
16/07/2025 22:45;116.57
16/07/2025 23:00;116.57
16/07/2025 23:15;116.56
16/07/2025 23:30;116.56
16/07/2025 23:45;116.56
17/07/2025 00:00;116.54
17/07/2025 00:15;116.56
17/07/2025 00:30;116.56
17/07/2025 00:45;116.56
17/07/2025 01:00;116.55
17/07/2025 01:15;116.56
17/07/2025 01:30;116.56
17/07/2025 01:45;116.55
17/07/2025 02:00;116.56
17/07/2025 02:15;116.55
17/07/2025 02:30;116.56
17/07/2025 02:45;116.54
17/07/2025 03:00;116.55
17/07/2025 03:15;116.54
17/07/2025 03:30;116.55
17/07/2025 03:45;116.56
17/07/2025 04:00;116.56
17/07/2025 04:15;116.57
17/07/2025 04:30;116.56
17/07/2025 04:45;116.57
17/07/2025 05:00;116.57
17/07/2025 05:15;116.56
17/07/2025 05:30;116.57
17/07/2025 05:45;116.56
17/07/2025 06:00;116.55
17/07/2025 06:15;116.54
17/07/2025 06:30;116.54
17/07/2025 06:45;116.54
17/07/2025 07:00;116.54
17/07/2025 07:15;116.54
17/07/2025 07:30;116.54
17/07/2025 07:45;116.54
17/07/2025 08:00;116.52
17/07/2025 08:15;116.52
17/07/2025 08:30;116.54
17/07/2025 08:45;116.52
17/07/2025 09:00;116.52
17/07/2025 09:15;116.54
17/07/2025 09:30;116.54
17/07/2025 09:45;116.52
17/07/2025 10:00;116.54
17/07/2025 10:15;116.54
17/07/2025 10:30;116.52
17/07/2025 10:45;116.52
17/07/2025 11:00;116.52
17/07/2025 11:15;116.52
17/07/2025 11:30;116.52
17/07/2025 11:45;116.52
17/07/2025 12:00;116.52
17/07/2025 12:15;116.52
17/07/2025 12:30;116.52
17/07/2025 12:45;116.52
17/07/2025 13:00;116.54
17/07/2025 13:15;116.54
17/07/2025 13:30;116.54
17/07/2025 13:45;116.54
17/07/2025 14:00;116.54
17/07/2025 14:15;116.54
17/07/2025 14:30;116.54
17/07/2025 14:45;116.54
17/07/2025 15:00;116.54
17/07/2025 15:15;116.55
17/07/2025 15:30;116.55
17/07/2025 15:45;116.56
17/07/2025 16:00;116.55
17/07/2025 16:15;116.55
17/07/2025 16:30;116.55
17/07/2025 16:45;116.55
17/07/2025 17:00;116.54
17/07/2025 17:15;116.54
17/07/2025 17:30;116.54
17/07/2025 17:45;116.54
17/07/2025 18:00;116.54
17/07/2025 18:15;116.54
17/07/2025 18:30;116.54
17/07/2025 18:45;116.54
17/07/2025 19:00;116.55
17/07/2025 19:15;116.55
17/07/2025 19:30;116.55
17/07/2025 19:45;116.55
17/07/2025 20:00;116.55
17/07/2025 20:15;116.55
17/07/2025 20:30;116.55
17/07/2025 20:45;116.54
17/07/2025 21:00;116.54
17/07/2025 21:15;116.52
17/07/2025 21:30;116.52
17/07/2025 21:45;116.5
17/07/2025 22:00;116.52
17/07/2025 22:15;116.52
17/07/2025 22:30;116.52
17/07/2025 22:45;116.5
17/07/2025 23:00;116.5
17/07/2025 23:15;116.5
17/07/2025 23:30;116.5
17/07/2025 23:45;116.5
18/07/2025 00:00;116.5
18/07/2025 00:15;116.5
18/07/2025 00:30;116.48
18/07/2025 00:45;116.47
18/07/2025 01:00;116.47
18/07/2025 01:15;116.48
18/07/2025 01:30;116.47
18/07/2025 01:45;116.47
18/07/2025 02:00;116.47
18/07/2025 02:15;116.46
18/07/2025 02:30;116.46
18/07/2025 02:45;116.45
18/07/2025 03:00;116.46
18/07/2025 03:15;116.45
18/07/2025 03:30;116.45
18/07/2025 03:45;116.45
18/07/2025 04:00;116.45
18/07/2025 04:15;116.45
18/07/2025 04:30;116.45
18/07/2025 04:45;116.45
18/07/2025 05:00;116.45
18/07/2025 05:15;116.46
18/07/2025 05:30;116.46
18/07/2025 05:45;116.45
18/07/2025 06:00;116.45
18/07/2025 06:15;116.43
18/07/2025 06:30;116.43
18/07/2025 06:45;116.41
18/07/2025 07:00;116.41
18/07/2025 07:15;116.41
18/07/2025 07:30;116.41
18/07/2025 07:45;116.41
18/07/2025 08:00;116.41
18/07/2025 08:15;116.41
18/07/2025 08:30;116.39
18/07/2025 08:45;116.39
18/07/2025 09:00;116.39
18/07/2025 09:15;116.39
18/07/2025 09:30;116.41
18/07/2025 09:45;116.39
18/07/2025 10:00;116.39
18/07/2025 10:15;116.38
18/07/2025 10:30;116.39
18/07/2025 10:45;116.38
18/07/2025 11:00;116.39
18/07/2025 11:15;116.39
18/07/2025 11:30;116.39
18/07/2025 11:45;116.39
18/07/2025 12:00;116.38
18/07/2025 12:15;116.39
18/07/2025 12:30;116.37
18/07/2025 12:45;116.38
18/07/2025 13:00;116.38
18/07/2025 13:15;116.38
18/07/2025 13:30;116.38
18/07/2025 13:45;116.39
18/07/2025 14:00;116.39
18/07/2025 14:15;116.39
18/07/2025 14:30;116.41
18/07/2025 14:45;116.41
18/07/2025 15:00;116.41
18/07/2025 15:15;116.41
18/07/2025 15:30;116.41
18/07/2025 15:45;116.41
18/07/2025 16:00;116.41
18/07/2025 16:15;116.41
18/07/2025 16:30;116.41
18/07/2025 16:45;116.41
18/07/2025 17:00;116.39
18/07/2025 17:15;116.41
18/07/2025 17:30;116.41
18/07/2025 17:45;116.41
18/07/2025 18:00;116.41
18/07/2025 18:15;116.39
18/07/2025 18:30;116.41
18/07/2025 18:45;116.39
18/07/2025 19:00;116.41
18/07/2025 19:15;116.41
18/07/2025 19:30;116.41
18/07/2025 19:45;116.41
18/07/2025 20:00;116.41
18/07/2025 20:15;116.41
18/07/2025 20:30;116.37
18/07/2025 20:45;116.38
18/07/2025 21:00;116.36
18/07/2025 21:15;116.37
18/07/2025 21:30;116.36
18/07/2025 21:45;116.37
18/07/2025 22:00;116.37
18/07/2025 22:15;116.36
18/07/2025 22:30;116.36
18/07/2025 22:45;116.36
18/07/2025 23:00;116.36
18/07/2025 23:15;116.34
18/07/2025 23:30;116.36
18/07/2025 23:45;116.34
19/07/2025 00:00;116.34
19/07/2025 00:15;116.34
19/07/2025 00:30;116.34
19/07/2025 00:45;116.34
19/07/2025 01:00;116.34
19/07/2025 01:15;116.34
19/07/2025 01:30;116.32
19/07/2025 01:45;116.34
19/07/2025 02:00;116.32
19/07/2025 02:15;116.32
19/07/2025 02:30;116.31
19/07/2025 02:45;116.31
19/07/2025 03:00;116.31
19/07/2025 03:15;116.29
19/07/2025 03:30;116.31
19/07/2025 03:45;116.3
19/07/2025 04:00;116.3
19/07/2025 04:15;116.3
19/07/2025 04:30;116.31
19/07/2025 04:45;116.31
19/07/2025 05:00;116.3
19/07/2025 05:15;116.3
19/07/2025 05:30;116.3
19/07/2025 05:45;116.29
19/07/2025 06:00;116.29
19/07/2025 06:15;116.29
19/07/2025 06:30;116.29
19/07/2025 06:45;116.29
19/07/2025 07:00;116.29
19/07/2025 07:15;116.27
19/07/2025 07:30;116.27
19/07/2025 07:45;116.27
19/07/2025 08:00;116.27
19/07/2025 08:15;116.27
19/07/2025 08:30;116.29
19/07/2025 08:45;116.29
19/07/2025 09:00;116.27
19/07/2025 09:15;116.29
19/07/2025 09:30;116.27
19/07/2025 09:45;116.29
19/07/2025 10:00;116.29
19/07/2025 10:15;116.29
19/07/2025 10:30;116.29
19/07/2025 10:45;116.29
19/07/2025 11:00;116.29
19/07/2025 11:15;116.29
19/07/2025 11:30;116.29
19/07/2025 11:45;116.27
19/07/2025 12:00;116.29
19/07/2025 12:15;116.29
19/07/2025 12:30;116.29
19/07/2025 12:45;116.29
19/07/2025 13:00;116.29
19/07/2025 13:15;116.29
19/07/2025 13:30;116.29
19/07/2025 13:45;116.29
19/07/2025 14:00;116.29
19/07/2025 14:15;116.29
19/07/2025 14:30;116.29
19/07/2025 14:45;116.29
19/07/2025 15:00;116.29
19/07/2025 15:15;116.3
19/07/2025 15:30;116.3
19/07/2025 15:45;116.3
19/07/2025 16:00;116.3
19/07/2025 16:15;116.3
19/07/2025 16:30;116.29
19/07/2025 16:45;116.29
19/07/2025 17:00;116.29
19/07/2025 17:15;116.29
19/07/2025 17:30;116.29
19/07/2025 17:45;116.29
19/07/2025 18:00;116.29
19/07/2025 18:15;116.29
19/07/2025 18:30;116.29
19/07/2025 18:45;116.29
19/07/2025 19:00;116.29
19/07/2025 19:15;116.29
19/07/2025 19:30;116.29
19/07/2025 19:45;116.29
19/07/2025 20:00;116.3
19/07/2025 20:15;116.3
19/07/2025 20:30;116.27
19/07/2025 20:45;116.27
19/07/2025 21:00;116.27
19/07/2025 21:15;116.27
19/07/2025 21:30;116.25
19/07/2025 21:45;116.25
19/07/2025 22:00;116.27
19/07/2025 22:15;116.23
19/07/2025 22:30;116.25
19/07/2025 22:45;116.23
19/07/2025 23:00;116.25
19/07/2025 23:15;116.23
19/07/2025 23:30;116.23
19/07/2025 23:45;116.23
20/07/2025 00:00;116.21
20/07/2025 00:15;116.21
20/07/2025 00:30;116.2
20/07/2025 00:45;116.2
20/07/2025 01:00;116.18
20/07/2025 01:15;116.2
20/07/2025 01:30;116.16
20/07/2025 01:45;116.16
20/07/2025 02:00;116.18
20/07/2025 02:15;116.18
20/07/2025 02:30;116.18
20/07/2025 02:45;116.16
20/07/2025 03:00;116.18
20/07/2025 03:15;116.16
20/07/2025 03:30;116.16
20/07/2025 03:45;116.14
20/07/2025 04:00;116.16
20/07/2025 04:15;116.14
20/07/2025 04:30;116.16
20/07/2025 04:45;116.16
20/07/2025 05:00;116.14
20/07/2025 05:15;116.16
20/07/2025 05:30;116.16
20/07/2025 05:45;116.18
20/07/2025 06:00;116.16
20/07/2025 06:15;116.16
20/07/2025 06:30;116.16
20/07/2025 06:45;116.14
20/07/2025 07:00;116.16
20/07/2025 07:15;116.16
20/07/2025 07:30;116.16
20/07/2025 07:45;116.14
20/07/2025 08:00;116.16
20/07/2025 08:15;116.16
20/07/2025 08:30;116.16
20/07/2025 08:45;116.18
20/07/2025 09:00;116.18
20/07/2025 09:15;116.18
20/07/2025 09:30;116.16
20/07/2025 09:45;116.16
20/07/2025 10:00;116.16
20/07/2025 10:15;116.16
20/07/2025 10:30;116.16
20/07/2025 10:45;116.16
20/07/2025 11:00;116.16
20/07/2025 11:15;116.16
20/07/2025 11:30;116.18
20/07/2025 11:45;116.18
20/07/2025 12:00;116.18
20/07/2025 12:15;116.18
20/07/2025 12:30;116.18
20/07/2025 12:45;116.18
20/07/2025 13:00;116.16
20/07/2025 13:15;116.16
20/07/2025 13:30;116.16
20/07/2025 13:45;116.18
20/07/2025 14:00;116.18
20/07/2025 14:15;116.18
20/07/2025 14:30;116.18
20/07/2025 14:45;116.18
20/07/2025 15:00;116.18
20/07/2025 15:15;116.18
20/07/2025 15:30;116.18
20/07/2025 15:45;116.18
20/07/2025 16:00;116.18
20/07/2025 16:15;116.18
20/07/2025 16:30;116.18
20/07/2025 16:45;116.18
20/07/2025 17:00;116.18
20/07/2025 17:15;116.18
20/07/2025 17:30;116.18
20/07/2025 17:45;116.18
20/07/2025 18:00;116.18
20/07/2025 18:15;116.18
20/07/2025 18:30;116.18
20/07/2025 18:45;116.18
20/07/2025 19:00;116.18
20/07/2025 19:15;116.18
20/07/2025 19:30;116.18
20/07/2025 19:45;116.18
20/07/2025 20:00;116.18
20/07/2025 20:15;116.18
20/07/2025 20:30;116.18
20/07/2025 20:45;116.18
20/07/2025 21:00;116.18
20/07/2025 21:15;116.16
20/07/2025 21:30;116.16
20/07/2025 21:45;116.14
20/07/2025 22:00;116.14
20/07/2025 22:15;116.14
20/07/2025 22:30;116.13
20/07/2025 22:45;116.13
20/07/2025 23:00;116.16
20/07/2025 23:15;116.13
20/07/2025 23:30;116.11
20/07/2025 23:45;116.11
21/07/2025 00:00;116.11
21/07/2025 00:15;116.11
21/07/2025 00:30;116.11
21/07/2025 00:45;116.11
21/07/2025 01:00;116.09
21/07/2025 01:15;116.11
21/07/2025 01:30;116.11
21/07/2025 01:45;116.11
21/07/2025 02:00;116.11
21/07/2025 02:15;116.09
21/07/2025 02:30;116.11
21/07/2025 02:45;116.09
21/07/2025 03:00;116.09
21/07/2025 03:15;116.09
21/07/2025 03:30;116.09
21/07/2025 03:45;116.09
21/07/2025 04:00;116.09
21/07/2025 04:15;116.11
21/07/2025 04:30;116.09
21/07/2025 04:45;116.11
21/07/2025 05:00;116.11
21/07/2025 05:15;116.11
21/07/2025 05:30;116.11
21/07/2025 05:45;116.09
21/07/2025 06:00;116.09
21/07/2025 06:15;116.05
21/07/2025 06:30;116.06
21/07/2025 06:45;116.05
21/07/2025 07:00;116.06
21/07/2025 07:15;116.06
21/07/2025 07:30;116.05
21/07/2025 07:45;116.07
21/07/2025 08:00;116.04
21/07/2025 08:15;116.05
21/07/2025 08:30;116.04
21/07/2025 08:45;116.04
21/07/2025 09:00;116.04
21/07/2025 09:15;116.02
21/07/2025 09:30;116.05
21/07/2025 09:45;116.02
21/07/2025 10:00;116.02
21/07/2025 10:15;116.02
21/07/2025 10:30;116.02
21/07/2025 10:45;116
21/07/2025 11:00;116.02
21/07/2025 11:15;116.02
21/07/2025 11:30;116
21/07/2025 11:45;116
21/07/2025 12:00;115.98
21/07/2025 12:15;116
21/07/2025 12:30;116
21/07/2025 12:45;116
21/07/2025 13:00;116
21/07/2025 13:15;116
21/07/2025 13:30;116
21/07/2025 13:45;116
21/07/2025 14:00;116
21/07/2025 14:15;116
21/07/2025 14:30;116
21/07/2025 14:45;116
21/07/2025 15:00;116
21/07/2025 15:15;116
21/07/2025 15:30;116
21/07/2025 15:45;116
21/07/2025 16:00;116
21/07/2025 16:15;116
21/07/2025 16:30;116
21/07/2025 16:45;116
21/07/2025 17:00;116
21/07/2025 17:15;116
21/07/2025 17:30;116
21/07/2025 17:45;116
21/07/2025 18:00;116
21/07/2025 18:15;116
21/07/2025 18:30;116
21/07/2025 18:45;116
21/07/2025 19:00;116.02
21/07/2025 19:15;116.02
21/07/2025 19:30;116.02
21/07/2025 19:45;116.02
21/07/2025 20:00;116.02
21/07/2025 20:15;116
21/07/2025 20:30;115.97
21/07/2025 20:45;115.96
21/07/2025 21:00;115.96
21/07/2025 21:15;115.96
21/07/2025 21:30;115.95
21/07/2025 21:45;115.95
21/07/2025 22:00;115.95
21/07/2025 22:15;115.95
21/07/2025 22:30;115.93
21/07/2025 22:45;115.93
21/07/2025 23:00;115.93
21/07/2025 23:15;115.93
21/07/2025 23:30;115.93
21/07/2025 23:45;115.91
22/07/2025 00:00;115.89
22/07/2025 00:15;115.88
22/07/2025 00:30;115.87
22/07/2025 00:45;115.87
22/07/2025 01:00;115.86
22/07/2025 01:15;115.88
22/07/2025 01:30;115.88
22/07/2025 01:45;115.87
22/07/2025 02:00;115.87
22/07/2025 02:15;115.86
22/07/2025 02:30;115.86
22/07/2025 02:45;115.84
22/07/2025 03:00;115.84
22/07/2025 03:15;115.84
22/07/2025 03:30;115.84
22/07/2025 03:45;115.86
22/07/2025 04:00;115.84
22/07/2025 04:15;115.86
22/07/2025 04:30;115.86
22/07/2025 04:45;115.86
22/07/2025 05:00;115.86
22/07/2025 05:15;115.86
22/07/2025 05:30;115.86
22/07/2025 05:45;115.86
22/07/2025 06:00;115.86
22/07/2025 06:15;115.8
22/07/2025 06:30;115.8
22/07/2025 06:45;115.8
22/07/2025 07:00;115.8
22/07/2025 07:15;115.8
22/07/2025 07:30;115.8
22/07/2025 07:45;115.81
22/07/2025 08:00;115.79
22/07/2025 08:15;115.79
22/07/2025 08:30;115.77
22/07/2025 08:45;115.79
22/07/2025 09:00;115.79
22/07/2025 09:15;115.79
22/07/2025 09:30;115.81
22/07/2025 09:45;115.79
22/07/2025 10:00;115.79
22/07/2025 10:15;115.79
22/07/2025 10:30;115.79
22/07/2025 10:45;115.77
22/07/2025 11:00;115.77
22/07/2025 11:15;115.79
22/07/2025 11:30;115.77
22/07/2025 11:45;115.77
22/07/2025 12:00;115.77
22/07/2025 12:15;115.77
22/07/2025 12:30;115.77
22/07/2025 12:45;115.77
22/07/2025 13:00;115.77
22/07/2025 13:15;115.77
22/07/2025 13:30;115.77
22/07/2025 13:45;115.77
22/07/2025 14:00;115.77
22/07/2025 14:15;115.77
22/07/2025 14:30;115.77
22/07/2025 14:45;115.77
22/07/2025 15:00;115.77
22/07/2025 15:15;115.79
22/07/2025 15:30;115.79
22/07/2025 15:45;115.79
22/07/2025 16:00;115.79
22/07/2025 16:15;115.79
22/07/2025 16:30;115.79
22/07/2025 16:45;115.79
22/07/2025 17:00;115.79
22/07/2025 17:15;115.77
22/07/2025 17:30;115.77
22/07/2025 17:45;115.77
22/07/2025 18:00;115.77
22/07/2025 18:15;115.77
22/07/2025 18:30;115.77
22/07/2025 18:45;115.77
22/07/2025 19:00;115.79
22/07/2025 19:15;115.79
22/07/2025 19:30;115.79
22/07/2025 19:45;115.77
22/07/2025 20:00;115.77
22/07/2025 20:15;115.75
22/07/2025 20:30;115.75
22/07/2025 20:45;115.75
22/07/2025 21:00;115.75
22/07/2025 21:15;115.73
22/07/2025 21:30;115.73
22/07/2025 21:45;115.73
22/07/2025 22:00;115.72
22/07/2025 22:15;115.71
22/07/2025 22:30;115.71
22/07/2025 22:45;115.7
22/07/2025 23:00;115.7
22/07/2025 23:15;115.7
22/07/2025 23:30;115.68
22/07/2025 23:45;115.66
23/07/2025 00:00;115.68
23/07/2025 00:15;115.71
23/07/2025 00:30;115.7
23/07/2025 00:45;115.7
23/07/2025 01:00;115.68
23/07/2025 01:15;115.7
23/07/2025 01:30;115.68
23/07/2025 01:45;115.66
23/07/2025 02:00;115.68
23/07/2025 02:15;115.66
23/07/2025 02:30;115.66
23/07/2025 02:45;115.66
23/07/2025 03:00;115.66
23/07/2025 03:15;115.66
23/07/2025 03:30;115.66
23/07/2025 03:45;115.68
23/07/2025 04:00;115.68
23/07/2025 04:15;115.68
23/07/2025 04:30;115.66
23/07/2025 04:45;115.68
23/07/2025 05:00;115.66
23/07/2025 05:15;115.68
23/07/2025 05:30;115.68
23/07/2025 05:45;115.68
23/07/2025 06:00;115.68
23/07/2025 06:15;115.68
23/07/2025 06:30;115.64
23/07/2025 06:45;115.66
23/07/2025 07:00;115.66
23/07/2025 07:15;115.66
23/07/2025 07:30;115.64
23/07/2025 07:45;115.64
23/07/2025 08:00;115.63
23/07/2025 08:15;115.62
23/07/2025 08:30;115.61
23/07/2025 08:45;115.61
23/07/2025 09:00;115.61
23/07/2025 09:15;115.62
23/07/2025 09:30;115.64
23/07/2025 09:45;115.63
23/07/2025 10:00;115.63
23/07/2025 10:15;115.62
23/07/2025 10:30;115.63
23/07/2025 10:45;115.62
23/07/2025 11:00;115.62
23/07/2025 11:15;115.62
23/07/2025 11:30;115.61
23/07/2025 11:45;115.61
23/07/2025 12:00;115.61
23/07/2025 12:15;115.61
23/07/2025 12:30;115.61
23/07/2025 12:45;115.61
23/07/2025 13:00;115.61
23/07/2025 13:15;115.61
23/07/2025 13:30;115.61
23/07/2025 13:45;115.61
23/07/2025 14:00;115.61
23/07/2025 14:15;115.61
23/07/2025 14:30;115.61
23/07/2025 14:45;115.61
23/07/2025 15:00;115.61
23/07/2025 15:15;115.62
23/07/2025 15:30;115.62
23/07/2025 15:45;115.63
23/07/2025 16:00;115.63
23/07/2025 16:15;115.63
23/07/2025 16:30;115.63
23/07/2025 16:45;115.62
23/07/2025 17:00;115.62
23/07/2025 17:15;115.62
23/07/2025 17:30;115.62
23/07/2025 17:45;115.62
23/07/2025 18:00;115.62
23/07/2025 18:15;115.62
23/07/2025 18:30;115.62
23/07/2025 18:45;115.62
23/07/2025 19:00;115.62
23/07/2025 19:15;115.63
23/07/2025 19:30;115.63
23/07/2025 19:45;115.63
23/07/2025 20:00;115.63
23/07/2025 20:15;115.62
23/07/2025 20:30;115.61
23/07/2025 20:45;115.61
23/07/2025 21:00;115.59
23/07/2025 21:15;115.61
23/07/2025 21:30;115.59
23/07/2025 21:45;115.59
23/07/2025 22:00;115.59
23/07/2025 22:15;115.59
23/07/2025 22:30;115.57
23/07/2025 22:45;115.56
23/07/2025 23:00;115.57
23/07/2025 23:15;115.55
23/07/2025 23:30;115.54
23/07/2025 23:45;115.54
24/07/2025 00:00;115.54
24/07/2025 00:15;115.55
24/07/2025 00:30;115.54
24/07/2025 00:45;115.55
24/07/2025 01:00;115.54
24/07/2025 01:15;115.55
24/07/2025 01:30;115.54
24/07/2025 01:45;115.54
24/07/2025 02:00;115.55
24/07/2025 02:15;115.54
24/07/2025 02:30;115.54
24/07/2025 02:45;115.54
24/07/2025 03:00;115.54
24/07/2025 03:15;115.52
24/07/2025 03:30;115.54
24/07/2025 03:45;115.54
24/07/2025 04:00;115.54
24/07/2025 04:15;115.54
24/07/2025 04:30;115.54
24/07/2025 04:45;115.54
24/07/2025 05:00;115.54
24/07/2025 05:15;115.52
24/07/2025 05:30;115.54
24/07/2025 05:45;115.52
24/07/2025 06:00;115.52
24/07/2025 06:15;115.52
24/07/2025 06:30;115.52
24/07/2025 06:45;115.52
24/07/2025 07:00;115.52
24/07/2025 07:15;115.5
24/07/2025 07:30;115.5
24/07/2025 07:45;115.5
24/07/2025 08:00;115.5
24/07/2025 08:15;115.48
24/07/2025 08:30;115.48
24/07/2025 08:45;115.47
24/07/2025 09:00;115.47
24/07/2025 09:15;115.5
24/07/2025 09:30;115.5
24/07/2025 09:45;115.5
24/07/2025 10:00;115.5
24/07/2025 10:15;115.5
24/07/2025 10:30;115.48
24/07/2025 10:45;115.48
24/07/2025 11:00;115.5
24/07/2025 11:15;115.48
24/07/2025 11:30;115.48
24/07/2025 11:45;115.47
24/07/2025 12:00;115.47
24/07/2025 12:15;115.48
24/07/2025 12:30;115.47
24/07/2025 12:45;115.48
24/07/2025 13:00;115.48
24/07/2025 13:15;115.48
24/07/2025 13:30;115.47
24/07/2025 13:45;115.47
24/07/2025 14:00;115.48
24/07/2025 14:15;115.47
24/07/2025 14:30;115.48
24/07/2025 14:45;115.47
24/07/2025 15:00;115.48
24/07/2025 15:15;115.48
24/07/2025 15:30;115.48
24/07/2025 15:45;115.5
24/07/2025 16:00;115.5
24/07/2025 16:15;115.5
24/07/2025 16:30;115.5
24/07/2025 16:45;115.5
24/07/2025 17:00;115.48
24/07/2025 17:15;115.48
24/07/2025 17:30;115.48
24/07/2025 17:45;115.48
24/07/2025 18:00;115.48
24/07/2025 18:15;115.48
24/07/2025 18:30;115.48
24/07/2025 18:45;115.48
24/07/2025 19:00;115.48
24/07/2025 19:15;115.48
24/07/2025 19:30;115.5
24/07/2025 19:45;115.48
24/07/2025 20:00;115.48
24/07/2025 20:15;115.48
24/07/2025 20:30;115.46
24/07/2025 20:45;115.45
24/07/2025 21:00;115.45
24/07/2025 21:15;115.46
24/07/2025 21:30;115.45
24/07/2025 21:45;115.46
24/07/2025 22:00;115.45
24/07/2025 22:15;115.45
24/07/2025 22:30;115.45
24/07/2025 22:45;115.43
24/07/2025 23:00;115.43
24/07/2025 23:15;115.41
24/07/2025 23:30;115.41
24/07/2025 23:45;115.39
25/07/2025 00:00;115.4
25/07/2025 00:15;115.43
25/07/2025 00:30;115.41
25/07/2025 00:45;115.41
25/07/2025 01:00;115.41
25/07/2025 01:15;115.41
25/07/2025 01:30;115.4
25/07/2025 01:45;115.39
25/07/2025 02:00;115.43
25/07/2025 02:15;115.4
25/07/2025 02:30;115.4
25/07/2025 02:45;115.38
25/07/2025 03:00;115.39
25/07/2025 03:15;115.39
25/07/2025 03:30;115.38
25/07/2025 03:45;115.4
25/07/2025 04:00;115.4
25/07/2025 04:15;115.4
25/07/2025 04:30;115.39
25/07/2025 04:45;115.4
25/07/2025 05:00;115.4
25/07/2025 05:15;115.39
25/07/2025 05:30;115.4
25/07/2025 05:45;115.39
25/07/2025 06:00;115.4
25/07/2025 06:15;115.39
25/07/2025 06:30;115.39
25/07/2025 06:45;115.38
25/07/2025 07:00;115.39
25/07/2025 07:15;115.37
25/07/2025 07:30;115.37
25/07/2025 07:45;115.37
25/07/2025 08:00;115.39
25/07/2025 08:15;115.37
25/07/2025 08:30;115.37
25/07/2025 08:45;115.37
25/07/2025 09:00;115.36
25/07/2025 09:15;115.38
25/07/2025 09:30;115.37
25/07/2025 09:45;115.38
25/07/2025 10:00;115.37
25/07/2025 10:15;115.37
25/07/2025 10:30;115.37
25/07/2025 10:45;115.37
25/07/2025 11:00;115.38
25/07/2025 11:15;115.36
25/07/2025 11:30;115.38
25/07/2025 11:45;115.37
25/07/2025 12:00;115.37
25/07/2025 12:15;115.37
25/07/2025 12:30;115.36
25/07/2025 12:45;115.37
25/07/2025 13:00;115.37
25/07/2025 13:15;115.37
25/07/2025 13:30;115.36
25/07/2025 13:45;115.37
25/07/2025 14:00;115.37
25/07/2025 14:15;115.37
25/07/2025 14:30;115.38
25/07/2025 14:45;115.37
25/07/2025 15:00;115.38
25/07/2025 15:15;115.38
25/07/2025 15:30;115.38
25/07/2025 15:45;115.38
25/07/2025 16:00;115.38
25/07/2025 16:15;115.38
25/07/2025 16:30;115.38
25/07/2025 16:45;115.38
25/07/2025 17:00;115.37
25/07/2025 17:15;115.38
25/07/2025 17:30;115.38
25/07/2025 17:45;115.38
25/07/2025 18:00;115.38
25/07/2025 18:15;115.38
25/07/2025 18:30;115.38
25/07/2025 18:45;115.38
25/07/2025 19:00;115.39
25/07/2025 19:15;115.39
25/07/2025 19:30;115.39
25/07/2025 19:45;115.39
25/07/2025 20:00;115.38
25/07/2025 20:15;115.36
25/07/2025 20:30;115.37
25/07/2025 20:45;115.36
25/07/2025 21:00;115.36
25/07/2025 21:15;115.36
25/07/2025 21:30;115.36
25/07/2025 21:45;115.36
25/07/2025 22:00;115.34
25/07/2025 22:15;115.34
25/07/2025 22:30;115.33
25/07/2025 22:45;115.34
25/07/2025 23:00;115.32
25/07/2025 23:15;115.31
25/07/2025 23:30;115.31
25/07/2025 23:45;115.3
26/07/2025 00:00;115.31
26/07/2025 00:15;115.3
26/07/2025 00:30;115.3
26/07/2025 00:45;115.29
26/07/2025 01:00;115.29
26/07/2025 01:15;115.29
26/07/2025 01:30;115.27
26/07/2025 01:45;115.28
26/07/2025 02:00;115.28
26/07/2025 02:15;115.26
26/07/2025 02:30;115.25
26/07/2025 02:45;115.25
26/07/2025 03:00;115.24
26/07/2025 03:15;115.24
26/07/2025 03:30;115.27
26/07/2025 03:45;115.26
26/07/2025 04:00;115.26
26/07/2025 04:15;115.25
26/07/2025 04:30;115.25
26/07/2025 04:45;115.25
26/07/2025 05:00;115.24
26/07/2025 05:15;115.25
26/07/2025 05:30;115.25
26/07/2025 05:45;115.25
26/07/2025 06:00;115.24
26/07/2025 06:15;115.25
26/07/2025 06:30;115.25
26/07/2025 06:45;115.24
26/07/2025 07:00;115.25
26/07/2025 07:15;115.26
26/07/2025 07:30;115.25
26/07/2025 07:45;115.25
26/07/2025 08:00;115.26
26/07/2025 08:15;115.26
26/07/2025 08:30;115.25
26/07/2025 08:45;115.25
26/07/2025 09:00;115.25
26/07/2025 09:15;115.25
26/07/2025 09:30;115.25
26/07/2025 09:45;115.26
26/07/2025 10:00;115.27
26/07/2025 10:15;115.27
26/07/2025 10:30;115.27
26/07/2025 10:45;115.27
26/07/2025 11:00;115.27
26/07/2025 11:15;115.27
26/07/2025 11:30;115.27
26/07/2025 11:45;115.27
26/07/2025 12:00;115.27
26/07/2025 12:15;115.27
26/07/2025 12:30;115.27
26/07/2025 12:45;115.27
26/07/2025 13:00;115.27
26/07/2025 13:15;115.27
26/07/2025 13:30;115.27
26/07/2025 13:45;115.27
26/07/2025 14:00;115.27
26/07/2025 14:15;115.27
26/07/2025 14:30;115.27
26/07/2025 14:45;115.27
26/07/2025 15:00;115.27
26/07/2025 15:15;115.27
26/07/2025 15:30;115.27
26/07/2025 15:45;115.28
26/07/2025 16:00;115.28
26/07/2025 16:15;115.28
26/07/2025 16:30;115.28
26/07/2025 16:45;115.28
26/07/2025 17:00;115.28
26/07/2025 17:15;115.28
26/07/2025 17:30;115.28
26/07/2025 17:45;115.28
26/07/2025 18:00;115.28
26/07/2025 18:15;115.28
26/07/2025 18:30;115.28
26/07/2025 18:45;115.28
26/07/2025 19:00;115.28
26/07/2025 19:15;115.28
26/07/2025 19:30;115.28
26/07/2025 19:45;115.28
26/07/2025 20:00;115.28
26/07/2025 20:15;115.28
26/07/2025 20:30;115.26
26/07/2025 20:45;115.24
26/07/2025 21:00;115.24
26/07/2025 21:15;115.24
26/07/2025 21:30;115.24
26/07/2025 21:45;115.24
26/07/2025 22:00;115.24
26/07/2025 22:15;115.23
26/07/2025 22:30;115.22
26/07/2025 22:45;115.22
26/07/2025 23:00;115.22
26/07/2025 23:15;115.21
26/07/2025 23:30;115.21
26/07/2025 23:45;115.2
27/07/2025 00:00;115.19
27/07/2025 00:15;115.17
27/07/2025 00:30;115.18
27/07/2025 00:45;115.17
27/07/2025 01:00;115.16
27/07/2025 01:15;115.15
27/07/2025 01:30;115.15
27/07/2025 01:45;115.14
27/07/2025 02:00;115.13
27/07/2025 02:15;115.13
27/07/2025 02:30;115.11
27/07/2025 02:45;115.11
27/07/2025 03:00;115.09
27/07/2025 03:15;115.09
27/07/2025 03:30;115.11
27/07/2025 03:45;115.1
27/07/2025 04:00;115.1
27/07/2025 04:15;115.09
27/07/2025 04:30;115.09
27/07/2025 04:45;115.08
27/07/2025 05:00;115.08
27/07/2025 05:15;115.09
27/07/2025 05:30;115.08
27/07/2025 05:45;115.08
27/07/2025 06:00;115.07
27/07/2025 06:15;115.08
27/07/2025 06:30;115.08
27/07/2025 06:45;115.07
27/07/2025 07:00;115.08
27/07/2025 07:15;115.08
27/07/2025 07:30;115.08
27/07/2025 07:45;115.07
27/07/2025 08:00;115.08
27/07/2025 08:15;115.07
27/07/2025 08:30;115.07
27/07/2025 08:45;115.07
27/07/2025 09:00;115.07
27/07/2025 09:15;115.07
27/07/2025 09:30;115.07
27/07/2025 09:45;115.08
27/07/2025 10:00;115.09
27/07/2025 10:15;115.09
27/07/2025 10:30;115.09
27/07/2025 10:45;115.09
27/07/2025 11:00;115.09
27/07/2025 11:15;115.09
27/07/2025 11:30;115.09
27/07/2025 11:45;115.09
27/07/2025 12:00;115.09
27/07/2025 12:15;115.09
27/07/2025 12:30;115.09
27/07/2025 12:45;115.09
27/07/2025 13:00;115.1
27/07/2025 13:15;115.1
27/07/2025 13:30;115.1
27/07/2025 13:45;115.1
27/07/2025 14:00;115.09
27/07/2025 14:15;115.09
27/07/2025 14:30;115.09
27/07/2025 14:45;115.09
27/07/2025 15:00;115.09
27/07/2025 15:15;115.1
27/07/2025 15:30;115.1
27/07/2025 15:45;115.1
27/07/2025 16:00;115.1
27/07/2025 16:15;115.1
27/07/2025 16:30;115.11
27/07/2025 16:45;115.11
27/07/2025 17:00;115.1
27/07/2025 17:15;115.1
27/07/2025 17:30;115.1
27/07/2025 17:45;115.1
27/07/2025 18:00;115.1
27/07/2025 18:15;115.11
27/07/2025 18:30;115.11
27/07/2025 18:45;115.11
27/07/2025 19:00;115.11
27/07/2025 19:15;115.11
27/07/2025 19:30;115.11
27/07/2025 19:45;115.11
27/07/2025 20:00;115.11
27/07/2025 20:15;115.11
27/07/2025 20:30;115.12
27/07/2025 20:45;115.11
27/07/2025 21:00;115.09
27/07/2025 21:15;115.1
27/07/2025 21:30;115.09
27/07/2025 21:45;115.07
27/07/2025 22:00;115.07
27/07/2025 22:15;115.09
27/07/2025 22:30;115.07
27/07/2025 22:45;115.07
27/07/2025 23:00;115.07
27/07/2025 23:15;115.06
27/07/2025 23:30;115.05
27/07/2025 23:45;115.04
28/07/2025 00:00;115.04
28/07/2025 00:15;115.04
28/07/2025 00:30;115.02
28/07/2025 00:45;115.01
28/07/2025 01:00;115.01
28/07/2025 01:15;115
28/07/2025 01:30;114.99
28/07/2025 01:45;114.99
28/07/2025 02:00;115
28/07/2025 02:15;114.98
28/07/2025 02:30;114.98
28/07/2025 02:45;114.97
28/07/2025 03:00;114.96
28/07/2025 03:15;114.95
28/07/2025 03:30;114.94
28/07/2025 03:45;114.94
28/07/2025 04:00;114.93
28/07/2025 04:15;114.93
28/07/2025 04:30;114.92
28/07/2025 04:45;114.92
28/07/2025 05:00;114.91
28/07/2025 05:15;114.9
28/07/2025 05:30;114.91
28/07/2025 05:45;114.9
28/07/2025 06:00;114.9
28/07/2025 06:15;114.89
28/07/2025 06:30;114.89
28/07/2025 06:45;114.89
28/07/2025 07:00;114.87
28/07/2025 07:15;114.88
28/07/2025 07:30;114.89
28/07/2025 07:45;114.89
28/07/2025 08:00;114.88
28/07/2025 08:15;114.89
28/07/2025 08:30;114.89
28/07/2025 08:45;114.88
28/07/2025 09:00;114.88
28/07/2025 09:15;114.89
28/07/2025 09:30;114.88
28/07/2025 09:45;114.88
28/07/2025 10:00;114.89
28/07/2025 10:15;114.89
28/07/2025 10:30;114.89
28/07/2025 10:45;114.89
28/07/2025 11:00;114.9
28/07/2025 11:15;114.9
28/07/2025 11:30;114.89
28/07/2025 11:45;114.9
28/07/2025 12:00;114.9
28/07/2025 12:15;114.9
28/07/2025 12:30;114.89
28/07/2025 12:45;114.9
28/07/2025 13:00;114.9
28/07/2025 13:15;114.9
28/07/2025 13:30;114.9
28/07/2025 13:45;114.9
28/07/2025 14:00;114.9
28/07/2025 14:15;114.9
28/07/2025 14:30;114.91
28/07/2025 14:45;114.91
28/07/2025 15:00;114.91
28/07/2025 15:15;114.91
28/07/2025 15:30;114.91
28/07/2025 15:45;114.91
28/07/2025 16:00;114.91
28/07/2025 16:15;114.91
28/07/2025 16:30;114.92
28/07/2025 16:45;114.92
28/07/2025 17:00;114.92
28/07/2025 17:15;114.93
28/07/2025 17:30;114.93
28/07/2025 17:45;114.93
28/07/2025 18:00;114.92
28/07/2025 18:15;114.92
28/07/2025 18:30;114.92
28/07/2025 18:45;114.92
28/07/2025 19:00;114.92
28/07/2025 19:15;114.92
28/07/2025 19:30;114.92
28/07/2025 19:45;114.92
28/07/2025 20:00;114.92
28/07/2025 20:15;114.92
28/07/2025 20:30;114.92
28/07/2025 20:45;114.92
28/07/2025 21:00;114.92
28/07/2025 21:15;114.92
28/07/2025 21:30;114.92
28/07/2025 21:45;114.92
28/07/2025 22:00;114.92
28/07/2025 22:15;114.92
28/07/2025 22:30;114.92
28/07/2025 22:45;114.92
28/07/2025 23:00;114.92
28/07/2025 23:15;114.92
28/07/2025 23:30;114.92
28/07/2025 23:45;114.93
29/07/2025 00:00;114.93
29/07/2025 00:15;114.92
29/07/2025 00:30;114.92
29/07/2025 00:45;114.92
29/07/2025 01:00;114.92
29/07/2025 01:15;114.92
29/07/2025 01:30;114.91
29/07/2025 01:45;114.92
29/07/2025 02:00;114.91
29/07/2025 02:15;114.91
29/07/2025 02:30;114.91
29/07/2025 02:45;114.91
29/07/2025 03:00;114.91
29/07/2025 03:15;114.91
29/07/2025 03:30;114.91
29/07/2025 03:45;114.91
29/07/2025 04:00;114.91
29/07/2025 04:15;114.9
29/07/2025 04:30;114.9
29/07/2025 04:45;114.9
29/07/2025 05:00;114.89
29/07/2025 05:15;114.88
29/07/2025 05:30;114.88
29/07/2025 05:45;114.88
29/07/2025 06:00;114.87
29/07/2025 06:15;114.87
29/07/2025 06:30;114.86
29/07/2025 06:45;114.87
29/07/2025 07:00;114.86
29/07/2025 07:15;114.86
29/07/2025 07:30;114.85
29/07/2025 07:45;114.84
29/07/2025 08:00;114.84
29/07/2025 08:15;114.85
29/07/2025 08:30;114.86
29/07/2025 08:45;114.86
29/07/2025 09:00;114.86
29/07/2025 09:15;114.85
29/07/2025 09:30;114.85
29/07/2025 09:45;114.85
29/07/2025 10:00;114.85
29/07/2025 10:15;114.85
29/07/2025 10:30;114.85
29/07/2025 10:45;114.85
29/07/2025 11:00;114.85
29/07/2025 11:15;114.85
29/07/2025 11:30;114.85
29/07/2025 11:45;114.85
29/07/2025 12:00;114.85
29/07/2025 12:15;114.86
29/07/2025 12:30;114.86
29/07/2025 12:45;114.86
29/07/2025 13:00;114.86
29/07/2025 13:15;114.86
29/07/2025 13:30;114.86
29/07/2025 13:45;114.86
29/07/2025 14:00;114.86
29/07/2025 14:15;114.86
29/07/2025 14:30;114.87
29/07/2025 14:45;114.87
29/07/2025 15:00;114.87
29/07/2025 15:15;114.88
29/07/2025 15:30;114.87
29/07/2025 15:45;114.88
29/07/2025 16:00;114.87
29/07/2025 16:15;114.87
29/07/2025 16:30;114.87
29/07/2025 16:45;114.87
29/07/2025 17:00;114.87
29/07/2025 17:15;114.87
29/07/2025 17:30;114.87
29/07/2025 17:45;114.88
29/07/2025 18:00;114.88
29/07/2025 18:15;114.88
29/07/2025 18:30;114.88
29/07/2025 18:45;114.88
29/07/2025 19:00;114.88
29/07/2025 19:15;114.88
29/07/2025 19:30;114.88
29/07/2025 19:45;114.89
29/07/2025 20:00;114.89
29/07/2025 20:15;114.86
29/07/2025 20:30;114.86
29/07/2025 20:45;114.86
29/07/2025 21:00;114.85
29/07/2025 21:15;114.84
29/07/2025 21:30;114.83
29/07/2025 21:45;114.84
29/07/2025 22:00;114.82
29/07/2025 22:15;114.82
29/07/2025 22:30;114.81
29/07/2025 22:45;114.81
29/07/2025 23:00;114.8
29/07/2025 23:15;114.79
29/07/2025 23:30;114.8
29/07/2025 23:45;114.78
30/07/2025 00:00;114.78
30/07/2025 00:15;114.79
30/07/2025 00:30;114.78
30/07/2025 00:45;114.76
30/07/2025 01:00;114.76
30/07/2025 01:15;114.75
30/07/2025 01:30;114.75
30/07/2025 01:45;114.74
30/07/2025 02:00;114.74
30/07/2025 02:15;114.76
30/07/2025 02:30;114.74
30/07/2025 02:45;114.73
30/07/2025 03:00;114.73
30/07/2025 03:15;114.73
30/07/2025 03:30;114.72
30/07/2025 03:45;114.72
30/07/2025 04:00;114.73
30/07/2025 04:15;114.72
30/07/2025 04:30;114.71
30/07/2025 04:45;114.7
30/07/2025 05:00;114.7
30/07/2025 05:15;114.71
30/07/2025 05:30;114.7
30/07/2025 05:45;114.71
30/07/2025 06:00;114.7
30/07/2025 06:15;114.7
30/07/2025 06:30;114.69
30/07/2025 06:45;114.7
30/07/2025 07:00;114.69
30/07/2025 07:15;114.68
30/07/2025 07:30;114.68
30/07/2025 07:45;114.68
30/07/2025 08:00;114.68
30/07/2025 08:15;114.68
30/07/2025 08:30;114.68
30/07/2025 08:45;114.69
30/07/2025 09:00;114.68
30/07/2025 09:15;114.68
30/07/2025 09:30;114.68
30/07/2025 09:45;114.68
30/07/2025 10:00;114.67
30/07/2025 10:15;114.69
30/07/2025 10:30;114.68
30/07/2025 10:45;114.68
30/07/2025 11:00;114.68
30/07/2025 11:15;114.68
30/07/2025 11:30;114.68
30/07/2025 11:45;114.67
30/07/2025 12:00;114.68
30/07/2025 12:15;114.68
30/07/2025 12:30;114.68
30/07/2025 12:45;114.68
30/07/2025 13:00;114.68
30/07/2025 13:15;114.68
30/07/2025 13:30;114.68
30/07/2025 13:45;114.68
30/07/2025 14:00;114.68
30/07/2025 14:15;114.69
30/07/2025 14:30;114.68
30/07/2025 14:45;114.69
30/07/2025 15:00;114.69
30/07/2025 15:15;114.69
30/07/2025 15:30;114.69
30/07/2025 15:45;114.69
30/07/2025 16:00;114.69
30/07/2025 16:15;114.69
30/07/2025 16:30;114.7
30/07/2025 16:45;114.7
30/07/2025 17:00;114.7
30/07/2025 17:15;114.7
30/07/2025 17:30;114.7
30/07/2025 17:45;114.7
30/07/2025 18:00;114.7
30/07/2025 18:15;114.7
30/07/2025 18:30;114.7
30/07/2025 18:45;114.7
30/07/2025 19:00;114.7
30/07/2025 19:15;114.7
30/07/2025 19:30;114.7
30/07/2025 19:45;114.7
30/07/2025 20:00;114.7
30/07/2025 20:15;114.7
30/07/2025 20:30;114.68
30/07/2025 20:45;114.68
30/07/2025 21:00;114.67
30/07/2025 21:15;114.66
30/07/2025 21:30;114.66
30/07/2025 21:45;114.65
30/07/2025 22:00;114.66
30/07/2025 22:15;114.64
30/07/2025 22:30;114.65
30/07/2025 22:45;114.65
30/07/2025 23:00;114.64
30/07/2025 23:15;114.63
30/07/2025 23:30;114.61
30/07/2025 23:45;114.62
31/07/2025 00:00;114.6
31/07/2025 00:15;114.63
31/07/2025 00:30;114.63
31/07/2025 00:45;114.62
31/07/2025 01:00;114.61
31/07/2025 01:15;114.61
31/07/2025 01:30;114.62
31/07/2025 01:45;114.6
31/07/2025 02:00;114.62
31/07/2025 02:15;114.61
31/07/2025 02:30;114.62
31/07/2025 02:45;114.61
31/07/2025 03:00;114.6
31/07/2025 03:15;114.61
31/07/2025 03:30;114.6
31/07/2025 03:45;114.61
31/07/2025 04:00;114.61
31/07/2025 04:15;114.62
31/07/2025 04:30;114.61
31/07/2025 04:45;114.61
31/07/2025 05:00;114.62
31/07/2025 05:15;114.6
31/07/2025 05:30;114.61
31/07/2025 05:45;114.61
31/07/2025 06:00;114.61
31/07/2025 06:15;114.61
31/07/2025 06:30;114.62
31/07/2025 06:45;114.62
31/07/2025 07:00;114.62
31/07/2025 07:15;114.61
31/07/2025 07:30;114.6
31/07/2025 07:45;114.61
31/07/2025 08:00;114.6
31/07/2025 08:15;114.6
31/07/2025 08:30;114.6
31/07/2025 08:45;114.61
31/07/2025 09:00;114.6
31/07/2025 09:15;114.59
31/07/2025 09:30;114.6
31/07/2025 09:45;114.6
31/07/2025 10:00;114.6
31/07/2025 10:15;114.59
31/07/2025 10:30;114.59
31/07/2025 10:45;114.57
31/07/2025 11:00;114.56
31/07/2025 11:15;114.55
31/07/2025 11:30;114.57
31/07/2025 11:45;114.54
31/07/2025 12:00;114.54
31/07/2025 12:15;114.53
31/07/2025 12:30;114.54
31/07/2025 12:45;114.52
31/07/2025 13:00;114.51
31/07/2025 13:15;114.53
31/07/2025 13:30;114.5
31/07/2025 13:45;114.5
31/07/2025 14:00;114.47
31/07/2025 14:15;114.52
31/07/2025 14:30;114.52
31/07/2025 14:45;114.49
31/07/2025 15:00;114.52
31/07/2025 15:15;114.5
31/07/2025 15:30;114.5
31/07/2025 15:45;114.47
31/07/2025 16:00;114.51
31/07/2025 16:15;114.49
31/07/2025 16:30;114.49
31/07/2025 16:45;114.49
31/07/2025 17:00;114.48
31/07/2025 17:15;114.49
31/07/2025 17:30;114.47
31/07/2025 17:45;114.5
31/07/2025 18:00;114.49
31/07/2025 18:15;114.5
31/07/2025 18:30;114.49
31/07/2025 18:45;114.49
31/07/2025 19:00;114.5
31/07/2025 19:15;114.48
31/07/2025 19:30;114.49
31/07/2025 19:45;114.5
31/07/2025 20:00;114.49
31/07/2025 20:15;114.46
31/07/2025 20:30;114.47
31/07/2025 20:45;114.48
31/07/2025 21:00;114.47
31/07/2025 21:15;114.45
31/07/2025 21:30;114.45
31/07/2025 21:45;114.45
31/07/2025 22:00;114.43
31/07/2025 22:15;114.42
31/07/2025 22:30;114.42
31/07/2025 22:45;114.42
31/07/2025 23:00;114.4
31/07/2025 23:15;114.39
31/07/2025 23:30;114.39
31/07/2025 23:45;114.39
01/08/2025 00:00;114.38
01/08/2025 00:15;114.39
01/08/2025 00:30;114.38
01/08/2025 00:45;114.37
01/08/2025 01:00;114.36
01/08/2025 01:15;114.38
01/08/2025 01:30;114.37
01/08/2025 01:45;114.36
01/08/2025 02:00;114.37
01/08/2025 02:15;114.36
01/08/2025 02:30;114.35
01/08/2025 02:45;114.34
01/08/2025 03:00;114.35
01/08/2025 03:15;114.34
01/08/2025 03:30;114.34
01/08/2025 03:45;114.33
01/08/2025 04:00;114.33
01/08/2025 04:15;114.33
01/08/2025 04:30;114.32
01/08/2025 04:45;114.33
01/08/2025 05:00;114.32
01/08/2025 05:15;114.32
01/08/2025 05:30;114.31
01/08/2025 05:45;114.32
01/08/2025 06:00;114.31
01/08/2025 06:15;114.31
01/08/2025 06:30;114.31
01/08/2025 06:45;114.31
01/08/2025 07:00;114.3
01/08/2025 07:15;114.3
01/08/2025 07:30;114.3
01/08/2025 07:45;114.3
01/08/2025 08:00;114.3
01/08/2025 08:15;114.31
01/08/2025 08:30;114.3
01/08/2025 08:45;114.3
01/08/2025 09:00;114.3
01/08/2025 09:15;114.3
01/08/2025 09:30;114.3
01/08/2025 09:45;114.29
01/08/2025 10:00;114.3
01/08/2025 10:15;114.3
01/08/2025 10:30;114.3
01/08/2025 10:45;114.3
01/08/2025 11:00;114.3
01/08/2025 11:15;114.3
01/08/2025 11:30;114.3
01/08/2025 11:45;114.31
01/08/2025 12:00;114.3
01/08/2025 12:15;114.31
01/08/2025 12:30;114.3
01/08/2025 12:45;114.3
01/08/2025 13:00;114.31
01/08/2025 13:15;114.3
01/08/2025 13:30;114.3
01/08/2025 13:45;114.3
01/08/2025 14:00;114.31
01/08/2025 14:15;114.31
01/08/2025 14:30;114.31
01/08/2025 14:45;114.31
01/08/2025 15:00;114.31
01/08/2025 15:15;114.31
01/08/2025 15:30;114.31
01/08/2025 15:45;114.32
01/08/2025 16:00;114.32
01/08/2025 16:15;114.32
01/08/2025 16:30;114.31
01/08/2025 16:45;114.31
01/08/2025 17:00;114.31
01/08/2025 17:15;114.31
01/08/2025 17:30;114.32
01/08/2025 17:45;114.32
01/08/2025 18:00;114.32
01/08/2025 18:15;114.32
01/08/2025 18:30;114.32
01/08/2025 18:45;114.32
01/08/2025 19:00;114.32
01/08/2025 19:15;114.32
01/08/2025 19:30;114.32
01/08/2025 19:45;114.32
01/08/2025 20:00;114.32
01/08/2025 20:15;114.29
01/08/2025 20:30;114.27
01/08/2025 20:45;114.29
01/08/2025 21:00;114.27
01/08/2025 21:15;114.26
01/08/2025 21:30;114.26
01/08/2025 21:45;114.27
01/08/2025 22:00;114.24
01/08/2025 22:15;114.24
01/08/2025 22:30;114.24
01/08/2025 22:45;114.24
01/08/2025 23:00;114.24
01/08/2025 23:15;114.21
01/08/2025 23:30;114.22
01/08/2025 23:45;114.2
02/08/2025 00:00;114.18
02/08/2025 00:15;114.18
02/08/2025 00:30;114.17
02/08/2025 00:45;114.18
02/08/2025 01:00;114.16
02/08/2025 01:15;114.16
02/08/2025 01:30;114.15
02/08/2025 01:45;114.15
02/08/2025 02:00;114.15
02/08/2025 02:15;114.12
02/08/2025 02:30;114.14
02/08/2025 02:45;114.12
02/08/2025 03:00;114.12
02/08/2025 03:15;114.12
02/08/2025 03:30;114.14
02/08/2025 03:45;114.13
02/08/2025 04:00;114.12
02/08/2025 04:15;114.13
02/08/2025 04:30;114.12
02/08/2025 04:45;114.11
02/08/2025 05:00;114.12
02/08/2025 05:15;114.12
02/08/2025 05:30;114.12
02/08/2025 05:45;114.11
02/08/2025 06:00;114.11
02/08/2025 06:15;114.11
02/08/2025 06:30;114.11
02/08/2025 06:45;114.11
02/08/2025 07:00;114.12
02/08/2025 07:15;114.12
02/08/2025 07:30;114.11
02/08/2025 07:45;114.11
02/08/2025 08:00;114.11
02/08/2025 08:15;114.11
02/08/2025 08:30;114.11
02/08/2025 08:45;114.11
02/08/2025 09:00;114.12
02/08/2025 09:15;114.12
02/08/2025 09:30;114.12
02/08/2025 09:45;114.12
02/08/2025 10:00;114.13
02/08/2025 10:15;114.13
02/08/2025 10:30;114.13
02/08/2025 10:45;114.13
02/08/2025 11:00;114.13
02/08/2025 11:15;114.13
02/08/2025 11:30;114.12
02/08/2025 11:45;114.13
02/08/2025 12:00;114.13
02/08/2025 12:15;114.13
02/08/2025 12:30;114.13
02/08/2025 12:45;114.13
02/08/2025 13:00;114.13
02/08/2025 13:15;114.13
02/08/2025 13:30;114.13
02/08/2025 13:45;114.13
02/08/2025 14:00;114.13
02/08/2025 14:15;114.13
02/08/2025 14:30;114.13
02/08/2025 14:45;114.13
02/08/2025 15:00;114.13
02/08/2025 15:15;114.13
02/08/2025 15:30;114.13
02/08/2025 15:45;114.13
02/08/2025 16:00;114.13
02/08/2025 16:15;114.13
02/08/2025 16:30;114.13
02/08/2025 16:45;114.14
02/08/2025 17:00;114.14
02/08/2025 17:15;114.14
02/08/2025 17:30;114.14
02/08/2025 17:45;114.14
02/08/2025 18:00;114.14
02/08/2025 18:15;114.14
02/08/2025 18:30;114.14
02/08/2025 18:45;114.14
02/08/2025 19:00;114.14
02/08/2025 19:15;114.14
02/08/2025 19:30;114.14
02/08/2025 19:45;114.14
02/08/2025 20:00;114.14
02/08/2025 20:15;114.12
02/08/2025 20:30;114.09
02/08/2025 20:45;114.1
02/08/2025 21:00;114.09
02/08/2025 21:15;114.09
02/08/2025 21:30;114.08
02/08/2025 21:45;114.09
02/08/2025 22:00;114.08
02/08/2025 22:15;114.07
02/08/2025 22:30;114.07
02/08/2025 22:45;114.06
02/08/2025 23:00;114.07
02/08/2025 23:15;114.05
02/08/2025 23:30;114.04
02/08/2025 23:45;114.04
03/08/2025 00:00;114.02
03/08/2025 00:15;114.02
03/08/2025 00:30;114.02
03/08/2025 00:45;114.02
03/08/2025 01:00;114.01
03/08/2025 01:15;114
03/08/2025 01:30;114
03/08/2025 01:45;114
03/08/2025 02:00;114.01
03/08/2025 02:15;113.99
03/08/2025 02:30;113.99
03/08/2025 02:45;113.98
03/08/2025 03:00;113.97
03/08/2025 03:15;113.96
03/08/2025 03:30;113.95
03/08/2025 03:45;113.96
03/08/2025 04:00;113.96
03/08/2025 04:15;113.96
03/08/2025 04:30;113.98
03/08/2025 04:45;113.96
03/08/2025 05:00;113.96
03/08/2025 05:15;113.95
03/08/2025 05:30;113.96
03/08/2025 05:45;113.95
03/08/2025 06:00;113.95
03/08/2025 06:15;113.96
03/08/2025 06:30;113.95
03/08/2025 06:45;113.96
03/08/2025 07:00;113.95
03/08/2025 07:15;113.95
03/08/2025 07:30;113.95
03/08/2025 07:45;113.95
03/08/2025 08:00;113.96
03/08/2025 08:15;113.96
03/08/2025 08:30;113.96
03/08/2025 08:45;113.95
03/08/2025 09:00;113.96
03/08/2025 09:15;113.95
03/08/2025 09:30;113.95
03/08/2025 09:45;113.96
03/08/2025 10:00;113.96
03/08/2025 10:15;113.96
03/08/2025 10:30;113.97
03/08/2025 10:45;113.97
03/08/2025 11:00;113.97
03/08/2025 11:15;113.97
03/08/2025 11:30;113.97
03/08/2025 11:45;113.96
03/08/2025 12:00;113.96
03/08/2025 12:15;113.96
03/08/2025 12:30;113.96
03/08/2025 12:45;113.96
03/08/2025 13:00;113.96
03/08/2025 13:15;113.96
03/08/2025 13:30;113.96
03/08/2025 13:45;113.96
03/08/2025 14:00;113.96
03/08/2025 14:15;113.96
03/08/2025 14:30;113.96
03/08/2025 14:45;113.97
03/08/2025 15:00;113.97
03/08/2025 15:15;113.97
03/08/2025 15:30;113.97
03/08/2025 15:45;113.97
03/08/2025 16:00;113.98
03/08/2025 16:15;113.98
03/08/2025 16:30;113.98
03/08/2025 16:45;113.98
03/08/2025 17:00;113.98
03/08/2025 17:15;113.98
03/08/2025 17:30;113.98
03/08/2025 17:45;113.98
03/08/2025 18:00;113.98
03/08/2025 18:15;113.98
03/08/2025 18:30;113.98
03/08/2025 18:45;113.98
03/08/2025 19:00;113.98
03/08/2025 19:15;113.98
03/08/2025 19:30;113.98
03/08/2025 19:45;113.98
03/08/2025 20:00;113.98
03/08/2025 20:15;113.97
03/08/2025 20:30;113.92
03/08/2025 20:45;113.93
03/08/2025 21:00;113.93
03/08/2025 21:15;113.93
03/08/2025 21:30;113.92
03/08/2025 21:45;113.92
03/08/2025 22:00;113.93
03/08/2025 22:15;113.9
03/08/2025 22:30;113.91
03/08/2025 22:45;113.89
03/08/2025 23:00;113.91
03/08/2025 23:15;113.89
03/08/2025 23:30;113.88
03/08/2025 23:45;113.87
04/08/2025 00:00;113.85
04/08/2025 00:15;113.85
04/08/2025 00:30;113.82
04/08/2025 00:45;113.84
04/08/2025 01:00;113.82
04/08/2025 01:15;113.84
04/08/2025 01:30;113.84
04/08/2025 01:45;113.83
04/08/2025 02:00;113.84
04/08/2025 02:15;113.82
04/08/2025 02:30;113.83
04/08/2025 02:45;113.82
04/08/2025 03:00;113.83
04/08/2025 03:15;113.82
04/08/2025 03:30;113.81
04/08/2025 03:45;113.82
04/08/2025 04:00;113.81
04/08/2025 04:15;113.81
04/08/2025 04:30;113.82
04/08/2025 04:45;113.83
04/08/2025 05:00;113.83
04/08/2025 05:15;113.83
04/08/2025 05:30;113.82
04/08/2025 05:45;113.82
04/08/2025 06:00;113.82
04/08/2025 06:15;113.81
04/08/2025 06:30;113.82
04/08/2025 06:45;113.82
04/08/2025 07:00;113.82
04/08/2025 07:15;113.82
04/08/2025 07:30;113.83
04/08/2025 07:45;113.83
04/08/2025 08:00;113.83
04/08/2025 08:15;113.84
04/08/2025 08:30;113.83
04/08/2025 08:45;113.84
04/08/2025 09:00;113.83
04/08/2025 09:15;113.83
04/08/2025 09:30;113.84
04/08/2025 09:45;113.83
04/08/2025 10:00;113.83
04/08/2025 10:15;113.83
04/08/2025 10:30;113.84
04/08/2025 10:45;113.84
04/08/2025 11:00;113.84
04/08/2025 11:15;113.84
04/08/2025 11:30;113.84
04/08/2025 11:45;113.84
04/08/2025 12:00;113.84
04/08/2025 12:15;113.84
04/08/2025 12:30;113.85
04/08/2025 12:45;113.85
04/08/2025 13:00;113.85
04/08/2025 13:15;113.85
04/08/2025 13:30;113.85
04/08/2025 13:45;113.85
04/08/2025 14:00;113.85
04/08/2025 14:15;113.85
04/08/2025 14:30;113.85
04/08/2025 14:45;113.86
04/08/2025 15:00;113.86
04/08/2025 15:15;113.86
04/08/2025 15:30;113.86
04/08/2025 15:45;113.86
04/08/2025 16:00;113.86
04/08/2025 16:15;113.86
04/08/2025 16:30;113.86
04/08/2025 16:45;113.86
04/08/2025 17:00;113.86
04/08/2025 17:15;113.86
04/08/2025 17:30;113.86
04/08/2025 17:45;113.86
04/08/2025 18:00;113.86
04/08/2025 18:15;113.87
04/08/2025 18:30;113.87
04/08/2025 18:45;113.87
04/08/2025 19:00;113.87
04/08/2025 19:15;113.84
04/08/2025 19:30;113.82
04/08/2025 19:45;113.82
04/08/2025 20:00;113.82
04/08/2025 20:15;113.81
04/08/2025 20:30;113.81
04/08/2025 20:45;113.81
04/08/2025 21:00;113.8
04/08/2025 21:15;113.79
04/08/2025 21:30;113.79
04/08/2025 21:45;113.77
04/08/2025 22:00;113.79
04/08/2025 22:15;113.77
04/08/2025 22:30;113.76
04/08/2025 22:45;113.74
04/08/2025 23:00;113.73
04/08/2025 23:15;113.72
04/08/2025 23:30;113.72
04/08/2025 23:45;113.72
05/08/2025 00:00;113.7
05/08/2025 00:15;113.7
05/08/2025 00:30;113.7
05/08/2025 00:45;113.69
05/08/2025 01:00;113.68
05/08/2025 01:15;113.67
05/08/2025 01:30;113.66
05/08/2025 01:45;113.65
05/08/2025 02:00;113.64
05/08/2025 02:15;113.63
05/08/2025 02:30;113.63
05/08/2025 02:45;113.62
05/08/2025 03:00;113.62
05/08/2025 03:15;113.62
05/08/2025 03:30;113.61
05/08/2025 03:45;113.61
05/08/2025 04:00;113.61
05/08/2025 04:15;113.63
05/08/2025 04:30;113.62
05/08/2025 04:45;113.61
05/08/2025 05:00;113.61
05/08/2025 05:15;113.61
05/08/2025 05:30;113.6
05/08/2025 05:45;113.59
05/08/2025 06:00;113.61
05/08/2025 06:15;113.6
05/08/2025 06:30;113.61
05/08/2025 06:45;113.6
05/08/2025 07:00;113.61
05/08/2025 07:15;113.61
05/08/2025 07:30;113.61
05/08/2025 07:45;113.62
05/08/2025 08:00;113.62
05/08/2025 08:15;113.62
05/08/2025 08:30;113.61
05/08/2025 08:45;113.62
05/08/2025 09:00;113.62
05/08/2025 09:15;113.62
05/08/2025 09:30;113.62
05/08/2025 09:45;113.62
05/08/2025 10:00;113.62
05/08/2025 10:15;113.62
05/08/2025 10:30;113.63
05/08/2025 10:45;113.63
05/08/2025 11:00;113.63
05/08/2025 11:15;113.63
05/08/2025 11:30;113.63
05/08/2025 11:45;113.63
05/08/2025 12:00;113.63
05/08/2025 12:15;113.63
05/08/2025 12:30;113.63
05/08/2025 12:45;113.63
05/08/2025 13:00;113.63
05/08/2025 13:15;113.63
05/08/2025 13:30;113.64
05/08/2025 13:45;113.64
05/08/2025 14:00;113.64
05/08/2025 14:15;113.64
05/08/2025 14:30;113.64
05/08/2025 14:45;113.64
05/08/2025 15:00;113.64
05/08/2025 15:15;113.64
05/08/2025 15:30;113.64
05/08/2025 15:45;113.64
05/08/2025 16:00;113.64
05/08/2025 16:15;113.64
05/08/2025 16:30;113.65
05/08/2025 16:45;113.65
05/08/2025 17:00;113.65
05/08/2025 17:15;113.65
05/08/2025 17:30;113.65
05/08/2025 17:45;113.65
05/08/2025 18:00;113.65
05/08/2025 18:15;113.65
05/08/2025 18:30;113.65
05/08/2025 18:45;113.65
05/08/2025 19:00;113.65
05/08/2025 19:15;113.65
05/08/2025 19:30;113.65
05/08/2025 19:45;113.65
05/08/2025 20:00;113.65
05/08/2025 20:15;113.65
05/08/2025 20:30;113.65
05/08/2025 20:45;113.66
05/08/2025 21:00;113.66
05/08/2025 21:15;113.61
05/08/2025 21:30;113.61
05/08/2025 21:45;113.62
05/08/2025 22:00;113.61
05/08/2025 22:15;113.6
05/08/2025 22:30;113.61
05/08/2025 22:45;113.62
05/08/2025 23:00;113.58
05/08/2025 23:15;113.6
05/08/2025 23:30;113.62
05/08/2025 23:45;113.61
06/08/2025 00:00;113.61
06/08/2025 00:15;113.6
06/08/2025 00:30;113.62
06/08/2025 00:45;113.58
06/08/2025 01:00;113.59
06/08/2025 01:15;113.58
06/08/2025 01:30;113.59
06/08/2025 01:45;113.59
06/08/2025 02:00;113.58
06/08/2025 02:15;113.6
06/08/2025 02:30;113.59
06/08/2025 02:45;113.6
06/08/2025 03:00;113.59
06/08/2025 03:15;113.6
06/08/2025 03:30;113.6
06/08/2025 03:45;113.59
06/08/2025 04:00;113.6
06/08/2025 04:15;113.59
06/08/2025 04:30;113.6
06/08/2025 04:45;113.59
06/08/2025 05:00;113.6
06/08/2025 05:15;113.6
06/08/2025 05:30;113.6
06/08/2025 05:45;113.6
06/08/2025 06:00;113.57
06/08/2025 06:15;113.58
06/08/2025 06:30;113.57
06/08/2025 06:45;113.57
06/08/2025 07:00;113.57
06/08/2025 07:15;113.57
06/08/2025 07:30;113.57
06/08/2025 07:45;113.55
06/08/2025 08:00;113.55
06/08/2025 08:15;113.55
06/08/2025 08:30;113.55
06/08/2025 08:45;113.55
06/08/2025 09:00;113.54
06/08/2025 09:15;113.54
06/08/2025 09:30;113.54
06/08/2025 09:45;113.54
06/08/2025 10:00;113.54
06/08/2025 10:15;113.54
06/08/2025 10:30;113.54
06/08/2025 10:45;113.54
06/08/2025 11:00;113.54
06/08/2025 11:15;113.54
06/08/2025 11:30;113.54
06/08/2025 11:45;113.54
06/08/2025 12:00;113.54
06/08/2025 12:15;113.54
06/08/2025 12:30;113.52
06/08/2025 12:45;113.54
06/08/2025 13:00;113.54
06/08/2025 13:15;113.54
06/08/2025 13:30;113.54
06/08/2025 13:45;113.54
06/08/2025 14:00;113.54
06/08/2025 14:15;113.54
06/08/2025 14:30;113.54
06/08/2025 14:45;113.54
06/08/2025 15:00;113.54
06/08/2025 15:15;113.54
06/08/2025 15:30;113.54
06/08/2025 15:45;113.54
06/08/2025 16:00;113.54
06/08/2025 16:15;113.54
06/08/2025 16:30;113.54
06/08/2025 16:45;113.54
06/08/2025 17:00;113.54
06/08/2025 17:15;113.54
06/08/2025 17:30;113.54
06/08/2025 17:45;113.54
06/08/2025 18:00;113.54
06/08/2025 18:15;113.54
06/08/2025 18:30;113.54
06/08/2025 18:45;113.54
06/08/2025 19:00;113.54
06/08/2025 19:15;113.51
06/08/2025 19:30;113.49
06/08/2025 19:45;113.5
06/08/2025 20:00;113.49
06/08/2025 20:15;113.49
06/08/2025 20:30;113.48
06/08/2025 20:45;113.49
06/08/2025 21:00;113.47
06/08/2025 21:15;113.47
06/08/2025 21:30;113.46
06/08/2025 21:45;113.45
06/08/2025 22:00;113.46
06/08/2025 22:15;113.44
06/08/2025 22:30;113.43
06/08/2025 22:45;113.42
06/08/2025 23:00;113.41
06/08/2025 23:15;113.4
06/08/2025 23:30;113.39
06/08/2025 23:45;113.4
07/08/2025 00:00;113.38
07/08/2025 00:15;113.43
07/08/2025 00:30;113.41
07/08/2025 00:45;113.41
07/08/2025 01:00;113.4
07/08/2025 01:15;113.41
07/08/2025 01:30;113.4
07/08/2025 01:45;113.38
07/08/2025 02:00;113.4
07/08/2025 02:15;113.38
07/08/2025 02:30;113.39
07/08/2025 02:45;113.38
07/08/2025 03:00;113.38
07/08/2025 03:15;113.39
07/08/2025 03:30;113.38
07/08/2025 03:45;113.4
07/08/2025 04:00;113.39
07/08/2025 04:15;113.41
07/08/2025 04:30;113.39
07/08/2025 04:45;113.4
07/08/2025 05:00;113.4
07/08/2025 05:15;113.37
07/08/2025 05:30;113.36
07/08/2025 05:45;113.37
07/08/2025 06:00;113.37
07/08/2025 06:15;113.36
07/08/2025 06:30;113.35
07/08/2025 06:45;113.37
07/08/2025 07:00;113.35
07/08/2025 07:15;113.35
07/08/2025 07:30;113.34
07/08/2025 07:45;113.34
07/08/2025 08:00;113.33
07/08/2025 08:15;113.32
07/08/2025 08:30;113.32
07/08/2025 08:45;113.32
07/08/2025 09:00;113.31
07/08/2025 09:15;113.31
07/08/2025 09:30;113.33
07/08/2025 09:45;113.32
07/08/2025 10:00;113.31
07/08/2025 10:15;113.31
07/08/2025 10:30;113.31
07/08/2025 10:45;113.31
07/08/2025 11:00;113.3
07/08/2025 11:15;113.31
07/08/2025 11:30;113.3
07/08/2025 11:45;113.31
07/08/2025 12:00;113.3
07/08/2025 12:15;113.3
07/08/2025 12:30;113.31
07/08/2025 12:45;113.31
07/08/2025 13:00;113.31
07/08/2025 13:15;113.31
07/08/2025 13:30;113.32
07/08/2025 13:45;113.31
07/08/2025 14:00;113.31
07/08/2025 14:15;113.31
07/08/2025 14:30;113.31
07/08/2025 14:45;113.31
07/08/2025 15:00;113.31
07/08/2025 15:15;113.31
07/08/2025 15:30;113.31
07/08/2025 15:45;113.32
07/08/2025 16:00;113.32
07/08/2025 16:15;113.32
07/08/2025 16:30;113.32
07/08/2025 16:45;113.31
07/08/2025 17:00;113.32
07/08/2025 17:15;113.32
07/08/2025 17:30;113.32
07/08/2025 17:45;113.32
07/08/2025 18:00;113.32
07/08/2025 18:15;113.32
07/08/2025 18:30;113.32
07/08/2025 18:45;113.32
07/08/2025 19:00;113.32
07/08/2025 19:15;113.32
07/08/2025 19:30;113.3
07/08/2025 19:45;113.29
07/08/2025 20:00;113.29
07/08/2025 20:15;113.29
07/08/2025 20:30;113.29
07/08/2025 20:45;113.27
07/08/2025 21:00;113.29
07/08/2025 21:15;113.27
07/08/2025 21:30;113.25
07/08/2025 21:45;113.25
07/08/2025 22:00;113.25
07/08/2025 22:15;113.25
07/08/2025 22:30;113.23
07/08/2025 22:45;113.23
07/08/2025 23:00;113.22
07/08/2025 23:15;113.21
07/08/2025 23:30;113.2
07/08/2025 23:45;113.18
08/08/2025 00:00;113.19
08/08/2025 00:15;113.2
08/08/2025 00:30;113.2
08/08/2025 00:45;113.19
08/08/2025 01:00;113.19
08/08/2025 01:15;113.18
08/08/2025 01:30;113.18
08/08/2025 01:45;113.16
08/08/2025 02:00;113.17
08/08/2025 02:15;113.17
08/08/2025 02:30;113.17
08/08/2025 02:45;113.17
08/08/2025 03:00;113.16
08/08/2025 03:15;113.17
08/08/2025 03:30;113.17
08/08/2025 03:45;113.17
08/08/2025 04:00;113.18
08/08/2025 04:15;113.18
08/08/2025 04:30;113.18
08/08/2025 04:45;113.18
08/08/2025 05:00;113.18
08/08/2025 05:15;113.16
08/08/2025 05:30;113.15
08/08/2025 05:45;113.15
08/08/2025 06:00;113.15
08/08/2025 06:15;113.15
08/08/2025 06:30;113.15
08/08/2025 06:45;113.16
08/08/2025 07:00;113.15
08/08/2025 07:15;113.12
08/08/2025 07:30;113.12
08/08/2025 07:45;113.11
08/08/2025 08:00;113.12
08/08/2025 08:15;113.1
08/08/2025 08:30;113.1
08/08/2025 08:45;113.1
08/08/2025 09:00;113.08
08/08/2025 09:15;113.11
08/08/2025 09:30;113.11
08/08/2025 09:45;113.11
08/08/2025 10:00;113.11
08/08/2025 10:15;113.11
08/08/2025 10:30;113.1
08/08/2025 10:45;113.08
08/08/2025 11:00;113.1
08/08/2025 11:15;113.09
08/08/2025 11:30;113.09
08/08/2025 11:45;113.09
08/08/2025 12:00;113.08
08/08/2025 12:15;113.09
08/08/2025 12:30;113.09
08/08/2025 12:45;113.1
08/08/2025 13:00;113.1
08/08/2025 13:15;113.11
08/08/2025 13:30;113.1
08/08/2025 13:45;113.09
08/08/2025 14:00;113.1
08/08/2025 14:15;113.09
08/08/2025 14:30;113.1
08/08/2025 14:45;113.09
08/08/2025 15:00;113.09
08/08/2025 15:15;113.09
08/08/2025 15:30;113.09
08/08/2025 15:45;113.1
08/08/2025 16:00;113.1
08/08/2025 16:15;113.1
08/08/2025 16:30;113.1
08/08/2025 16:45;113.1
08/08/2025 17:00;113.1
08/08/2025 17:15;113.09
08/08/2025 17:30;113.09
08/08/2025 17:45;113.09
08/08/2025 18:00;113.09
08/08/2025 18:15;113.09
08/08/2025 18:30;113.09
08/08/2025 18:45;113.09
08/08/2025 19:00;113.1
08/08/2025 19:15;113.1
08/08/2025 19:30;113.1
08/08/2025 19:45;113.1
08/08/2025 20:00;113.1
08/08/2025 20:15;113.09
08/08/2025 20:30;113.07
08/08/2025 20:45;113.08
08/08/2025 21:00;113.07
08/08/2025 21:15;113.07
08/08/2025 21:30;113.06
08/08/2025 21:45;113.06
08/08/2025 22:00;113.05
08/08/2025 22:15;113.05
08/08/2025 22:30;113.05
08/08/2025 22:45;113.04
08/08/2025 23:00;113.04
08/08/2025 23:15;113.02
08/08/2025 23:30;113.02
08/08/2025 23:45;113.02
09/08/2025 00:00;113
09/08/2025 00:15;113
09/08/2025 00:30;112.99
09/08/2025 00:45;112.99
09/08/2025 01:00;112.98
09/08/2025 01:15;112.98
09/08/2025 01:30;112.97
09/08/2025 01:45;112.96
09/08/2025 02:00;112.97
09/08/2025 02:15;112.95
09/08/2025 02:30;112.95
09/08/2025 02:45;112.94
09/08/2025 03:00;112.93
09/08/2025 03:15;112.95
09/08/2025 03:30;112.96
09/08/2025 03:45;112.95
09/08/2025 04:00;112.95
09/08/2025 04:15;112.95
09/08/2025 04:30;112.95
09/08/2025 04:45;112.94
09/08/2025 05:00;112.94
09/08/2025 05:15;112.95
09/08/2025 05:30;112.94
09/08/2025 05:45;112.94
09/08/2025 06:00;112.93
09/08/2025 06:15;112.94
09/08/2025 06:30;112.94
09/08/2025 06:45;112.95
09/08/2025 07:00;112.95
09/08/2025 07:15;112.95
09/08/2025 07:30;112.95
09/08/2025 07:45;112.95
09/08/2025 08:00;112.95
09/08/2025 08:15;112.95
09/08/2025 08:30;112.95
09/08/2025 08:45;112.95
09/08/2025 09:00;112.95
09/08/2025 09:15;112.95
09/08/2025 09:30;112.95
09/08/2025 09:45;112.95
09/08/2025 10:00;112.96
09/08/2025 10:15;112.96
09/08/2025 10:30;112.96
09/08/2025 10:45;112.96
09/08/2025 11:00;112.96
09/08/2025 11:15;112.96
09/08/2025 11:30;112.96
09/08/2025 11:45;112.96
09/08/2025 12:00;112.96
09/08/2025 12:15;112.97
09/08/2025 12:30;112.96
09/08/2025 12:45;112.96
09/08/2025 13:00;112.97
09/08/2025 13:15;112.97
09/08/2025 13:30;112.97
09/08/2025 13:45;112.97
09/08/2025 14:00;112.97
09/08/2025 14:15;112.97
09/08/2025 14:30;112.97
09/08/2025 14:45;112.97
09/08/2025 15:00;112.97
09/08/2025 15:15;112.97
09/08/2025 15:30;112.97
09/08/2025 15:45;112.97
09/08/2025 16:00;112.97
09/08/2025 16:15;112.97
09/08/2025 16:30;112.97
09/08/2025 16:45;112.97
09/08/2025 17:00;112.97
09/08/2025 17:15;112.97
09/08/2025 17:30;112.97
09/08/2025 17:45;112.97
09/08/2025 18:00;112.97
09/08/2025 18:15;112.97
09/08/2025 18:30;112.97
09/08/2025 18:45;112.97
09/08/2025 19:00;112.97
09/08/2025 19:15;112.94
09/08/2025 19:30;112.94
09/08/2025 19:45;112.94
09/08/2025 20:00;112.94
09/08/2025 20:15;112.92
09/08/2025 20:30;112.93
09/08/2025 20:45;112.93
09/08/2025 21:00;112.91
09/08/2025 21:15;112.91
09/08/2025 21:30;112.9
09/08/2025 21:45;112.91
09/08/2025 22:00;112.9
09/08/2025 22:15;112.89
09/08/2025 22:30;112.88
09/08/2025 22:45;112.87
09/08/2025 23:00;112.87
09/08/2025 23:15;112.84
09/08/2025 23:30;112.87
09/08/2025 23:45;112.86
10/08/2025 00:00;112.85
10/08/2025 00:15;112.84
10/08/2025 00:30;112.82
10/08/2025 00:45;112.83
10/08/2025 01:00;112.81
10/08/2025 01:15;112.82
10/08/2025 01:30;112.8
10/08/2025 01:45;112.8
10/08/2025 02:00;112.8
10/08/2025 02:15;112.81
10/08/2025 02:30;112.82
10/08/2025 02:45;112.8
10/08/2025 03:00;112.81
10/08/2025 03:15;112.8
10/08/2025 03:30;112.81
10/08/2025 03:45;112.79
10/08/2025 04:00;112.8
10/08/2025 04:15;112.8
10/08/2025 04:30;112.79
10/08/2025 04:45;112.8
10/08/2025 05:00;112.79
10/08/2025 05:15;112.79
10/08/2025 05:30;112.79
10/08/2025 05:45;112.79
10/08/2025 06:00;112.79
10/08/2025 06:15;112.79
10/08/2025 06:30;112.79
10/08/2025 06:45;112.79
10/08/2025 07:00;112.79
10/08/2025 07:15;112.79
10/08/2025 07:30;112.79
10/08/2025 07:45;112.79
10/08/2025 08:00;112.79
10/08/2025 08:15;112.77
10/08/2025 08:30;112.77
10/08/2025 08:45;112.79
10/08/2025 09:00;112.77
10/08/2025 09:15;112.79
10/08/2025 09:30;112.79
10/08/2025 09:45;112.79
10/08/2025 10:00;112.77
10/08/2025 10:15;112.77
10/08/2025 10:30;112.79
10/08/2025 10:45;112.77
10/08/2025 11:00;112.77
10/08/2025 11:15;112.79
10/08/2025 11:30;112.79
10/08/2025 11:45;112.79
10/08/2025 12:00;112.77
10/08/2025 12:15;112.79
10/08/2025 12:30;112.79
10/08/2025 12:45;112.79
10/08/2025 13:00;112.79
10/08/2025 13:15;112.79
10/08/2025 13:30;112.79
10/08/2025 13:45;112.79
10/08/2025 14:00;112.79
10/08/2025 14:15;112.79
10/08/2025 14:30;112.79
10/08/2025 14:45;112.79
10/08/2025 15:00;112.79
10/08/2025 15:15;112.79
10/08/2025 15:30;112.79
10/08/2025 15:45;112.79
10/08/2025 16:00;112.79
10/08/2025 16:15;112.79
10/08/2025 16:30;112.79
10/08/2025 16:45;112.79
10/08/2025 17:00;112.79
10/08/2025 17:15;112.79
10/08/2025 17:30;112.79
10/08/2025 17:45;112.79
10/08/2025 18:00;112.79
10/08/2025 18:15;112.79
10/08/2025 18:30;112.79
10/08/2025 18:45;112.79
10/08/2025 19:00;112.79
10/08/2025 19:15;112.79
10/08/2025 19:30;112.79
10/08/2025 19:45;112.79
10/08/2025 20:00;112.79
10/08/2025 20:15;112.76
10/08/2025 20:30;112.75
10/08/2025 20:45;112.75
10/08/2025 21:00;112.74
10/08/2025 21:15;112.74
10/08/2025 21:30;112.73
10/08/2025 21:45;112.74
10/08/2025 22:00;112.72
10/08/2025 22:15;112.72
10/08/2025 22:30;112.72
10/08/2025 22:45;112.7
10/08/2025 23:00;112.71
10/08/2025 23:15;112.7
10/08/2025 23:30;112.7
10/08/2025 23:45;112.68
11/08/2025 00:00;112.67
11/08/2025 00:15;112.68
11/08/2025 00:30;112.67
11/08/2025 00:45;112.66
11/08/2025 01:00;112.66
11/08/2025 01:15;112.66
11/08/2025 01:30;112.67
11/08/2025 01:45;112.67
11/08/2025 02:00;112.66
11/08/2025 02:15;112.66
11/08/2025 02:30;112.66
11/08/2025 02:45;112.66
11/08/2025 03:00;112.65
11/08/2025 03:15;112.66
11/08/2025 03:30;112.66
11/08/2025 03:45;112.66
11/08/2025 04:00;112.66
11/08/2025 04:15;112.66
11/08/2025 04:30;112.66
11/08/2025 04:45;112.66
11/08/2025 05:00;112.66
11/08/2025 05:15;112.65
11/08/2025 05:30;112.65
11/08/2025 05:45;112.65
11/08/2025 06:00;112.65
11/08/2025 06:15;112.63
11/08/2025 06:30;112.63
11/08/2025 06:45;112.64
11/08/2025 07:00;112.62
11/08/2025 07:15;112.62
11/08/2025 07:30;112.62
11/08/2025 07:45;112.63
11/08/2025 08:00;112.62
11/08/2025 08:15;112.62
11/08/2025 08:30;112.61
11/08/2025 08:45;112.61
11/08/2025 09:00;112.61
11/08/2025 09:15;112.61
11/08/2025 09:30;112.62
11/08/2025 09:45;112.61
11/08/2025 10:00;112.62
11/08/2025 10:15;112.6
11/08/2025 10:30;112.61
11/08/2025 10:45;112.6
11/08/2025 11:00;112.6
11/08/2025 11:15;112.61
11/08/2025 11:30;112.61
11/08/2025 11:45;112.62
11/08/2025 12:00;112.61
11/08/2025 12:15;112.61
11/08/2025 12:30;112.61
11/08/2025 12:45;112.62
11/08/2025 13:00;112.62
11/08/2025 13:15;112.62
11/08/2025 13:30;112.62
11/08/2025 13:45;112.61
11/08/2025 14:00;112.61
11/08/2025 14:15;112.62
11/08/2025 14:30;112.62
11/08/2025 14:45;112.62
11/08/2025 15:00;112.61
11/08/2025 15:15;112.62
11/08/2025 15:30;112.62
11/08/2025 15:45;112.62
11/08/2025 16:00;112.63
11/08/2025 16:15;112.62
11/08/2025 16:30;112.63
11/08/2025 16:45;112.62
11/08/2025 17:00;112.62
11/08/2025 17:15;112.62
11/08/2025 17:30;112.62
11/08/2025 17:45;112.63
11/08/2025 18:00;112.63
11/08/2025 18:15;112.63
11/08/2025 18:30;112.63
11/08/2025 18:45;112.63
11/08/2025 19:00;112.63
11/08/2025 19:15;112.63
11/08/2025 19:30;112.6
11/08/2025 19:45;112.59
11/08/2025 20:00;112.6
11/08/2025 20:15;112.59
11/08/2025 20:30;112.57
11/08/2025 20:45;112.57
11/08/2025 21:00;112.58
11/08/2025 21:15;112.56
11/08/2025 21:30;112.55
11/08/2025 21:45;112.56
11/08/2025 22:00;112.55
11/08/2025 22:15;112.54
11/08/2025 22:30;112.54
11/08/2025 22:45;112.52
11/08/2025 23:00;112.51
11/08/2025 23:15;112.5
11/08/2025 23:30;112.52
11/08/2025 23:45;112.5
12/08/2025 00:00;112.49
12/08/2025 00:15;112.48
12/08/2025 00:30;112.47
12/08/2025 00:45;112.47
12/08/2025 01:00;112.46
12/08/2025 01:15;112.46
12/08/2025 01:30;112.45
12/08/2025 01:45;112.45
12/08/2025 02:00;112.45
12/08/2025 02:15;112.43
12/08/2025 02:30;112.43
12/08/2025 02:45;112.45
12/08/2025 03:00;112.45
12/08/2025 03:15;112.45
12/08/2025 03:30;112.43
12/08/2025 03:45;112.43
12/08/2025 04:00;112.42
12/08/2025 04:15;112.45
12/08/2025 04:30;112.43
12/08/2025 04:45;112.42
12/08/2025 05:00;112.43
12/08/2025 05:15;112.43
12/08/2025 05:30;112.42
12/08/2025 05:45;112.42
12/08/2025 06:00;112.42
12/08/2025 06:15;112.43
12/08/2025 06:30;112.42
12/08/2025 06:45;112.43
12/08/2025 07:00;112.42
12/08/2025 07:15;112.43
12/08/2025 07:30;112.43
12/08/2025 07:45;112.43
12/08/2025 08:00;112.45
12/08/2025 08:15;112.43
12/08/2025 08:30;112.45
12/08/2025 08:45;112.45
12/08/2025 09:00;112.45
12/08/2025 09:15;112.45
12/08/2025 09:30;112.45
12/08/2025 09:45;112.45
12/08/2025 10:00;112.45
12/08/2025 10:15;112.45
12/08/2025 10:30;112.45
12/08/2025 10:45;112.45
12/08/2025 11:00;112.45
12/08/2025 11:15;112.45
12/08/2025 11:30;112.46
12/08/2025 11:45;112.45
12/08/2025 12:00;112.46
12/08/2025 12:15;112.46
12/08/2025 12:30;112.46
12/08/2025 12:45;112.46
12/08/2025 13:00;112.46
12/08/2025 13:15;112.46
12/08/2025 13:30;112.46
12/08/2025 13:45;112.46
12/08/2025 14:00;112.46
12/08/2025 14:15;112.46
12/08/2025 14:30;112.46
12/08/2025 14:45;112.46
12/08/2025 15:00;112.46
12/08/2025 15:15;112.46
12/08/2025 15:30;112.46
12/08/2025 15:45;112.46
12/08/2025 16:00;112.46
12/08/2025 16:15;112.46
12/08/2025 16:30;112.46
12/08/2025 16:45;112.46
12/08/2025 17:00;112.46
12/08/2025 17:15;112.46
12/08/2025 17:30;112.46
12/08/2025 17:45;112.46
12/08/2025 18:00;112.46
12/08/2025 18:15;112.46
12/08/2025 18:30;112.46
12/08/2025 18:45;112.46
12/08/2025 19:00;112.46
12/08/2025 19:15;112.46
12/08/2025 19:30;112.45
12/08/2025 19:45;112.45
12/08/2025 20:00;112.45
12/08/2025 20:15;112.43
12/08/2025 20:30;112.41
12/08/2025 20:45;112.42
12/08/2025 21:00;112.43
12/08/2025 21:15;112.41
12/08/2025 21:30;112.4
12/08/2025 21:45;112.4
12/08/2025 22:00;112.4
12/08/2025 22:15;112.39
12/08/2025 22:30;112.39
12/08/2025 22:45;112.38
12/08/2025 23:00;112.37
12/08/2025 23:15;112.37
12/08/2025 23:30;112.35
12/08/2025 23:45;112.34
13/08/2025 00:00;112.33
13/08/2025 00:15;112.34
13/08/2025 00:30;112.32
13/08/2025 00:45;112.32
13/08/2025 01:00;112.31
13/08/2025 01:15;112.31
13/08/2025 01:30;112.31
13/08/2025 01:45;112.29
13/08/2025 02:00;112.29
13/08/2025 02:15;112.29
13/08/2025 02:30;112.3
13/08/2025 02:45;112.29
13/08/2025 03:00;112.29
13/08/2025 03:15;112.27
13/08/2025 03:30;112.27
13/08/2025 03:45;112.27
13/08/2025 04:00;112.27
13/08/2025 04:15;112.29
13/08/2025 04:30;112.27
13/08/2025 04:45;112.29
13/08/2025 05:00;112.29
13/08/2025 05:15;112.26
13/08/2025 05:30;112.26
13/08/2025 05:45;112.27
13/08/2025 06:00;112.27
13/08/2025 06:15;112.27
13/08/2025 06:30;112.27
13/08/2025 06:45;112.26
13/08/2025 07:00;112.26
13/08/2025 07:15;112.27
13/08/2025 07:30;112.27
13/08/2025 07:45;112.27
13/08/2025 08:00;112.27
13/08/2025 08:15;112.27
13/08/2025 08:30;112.27
13/08/2025 08:45;112.27
13/08/2025 09:00;112.27
13/08/2025 09:15;112.27
13/08/2025 09:30;112.27
13/08/2025 09:45;112.27
13/08/2025 10:00;112.27
13/08/2025 10:15;112.27
13/08/2025 10:30;112.27
13/08/2025 10:45;112.29
13/08/2025 11:00;112.29
13/08/2025 11:15;112.29
13/08/2025 11:30;112.29
13/08/2025 11:45;112.29
13/08/2025 12:00;112.29
13/08/2025 12:15;112.29
13/08/2025 12:30;112.29
13/08/2025 12:45;112.29
13/08/2025 13:00;112.29
13/08/2025 13:15;112.29
13/08/2025 13:30;112.29
13/08/2025 13:45;112.29
13/08/2025 14:00;112.29
13/08/2025 14:15;112.29
13/08/2025 14:30;112.29
13/08/2025 14:45;112.29
13/08/2025 15:00;112.29
13/08/2025 15:15;112.29
13/08/2025 15:30;112.29
13/08/2025 15:45;112.29
13/08/2025 16:00;112.29
13/08/2025 16:15;112.29
13/08/2025 16:30;112.29
13/08/2025 16:45;112.29
13/08/2025 17:00;112.29
13/08/2025 17:15;112.29
13/08/2025 17:30;112.29
13/08/2025 17:45;112.29
13/08/2025 18:00;112.29
13/08/2025 18:15;112.3
13/08/2025 18:30;112.3
13/08/2025 18:45;112.3
13/08/2025 19:00;112.3
13/08/2025 19:15;112.3
13/08/2025 19:30;112.29
13/08/2025 19:45;112.29
13/08/2025 20:00;112.29
13/08/2025 20:15;112.29
13/08/2025 20:30;112.25
13/08/2025 20:45;112.25
13/08/2025 21:00;112.27
13/08/2025 21:15;112.25
13/08/2025 21:30;112.24
13/08/2025 21:45;112.24
13/08/2025 22:00;112.25
13/08/2025 22:15;112.23
13/08/2025 22:30;112.22
13/08/2025 22:45;112.21
13/08/2025 23:00;112.21
13/08/2025 23:15;112.2
13/08/2025 23:30;112.2
13/08/2025 23:45;112.18
14/08/2025 00:00;112.17
14/08/2025 00:15;112.18
14/08/2025 00:30;112.16
14/08/2025 00:45;112.17
14/08/2025 01:00;112.16
14/08/2025 01:15;112.16
14/08/2025 01:30;112.16
14/08/2025 01:45;112.15
14/08/2025 02:00;112.14
14/08/2025 02:15;112.16
14/08/2025 02:30;112.16
14/08/2025 02:45;112.14
14/08/2025 03:00;112.15
14/08/2025 03:15;112.15
14/08/2025 03:30;112.14
14/08/2025 03:45;112.14
14/08/2025 04:00;112.15
14/08/2025 04:15;112.15
14/08/2025 04:30;112.15
14/08/2025 04:45;112.15
14/08/2025 05:00;112.15
14/08/2025 05:15;112.15
14/08/2025 05:30;112.15
14/08/2025 05:45;112.15
14/08/2025 06:00;112.15
14/08/2025 06:15;112.15
14/08/2025 06:30;112.12
14/08/2025 06:45;112.12
14/08/2025 07:00;112.12
14/08/2025 07:15;112.11
14/08/2025 07:30;112.12
14/08/2025 07:45;112.11
14/08/2025 08:00;112.12
14/08/2025 08:15;112.1
14/08/2025 08:30;112.11
14/08/2025 08:45;112.1
14/08/2025 09:00;112.1
14/08/2025 09:15;112.12
14/08/2025 09:30;112.12
14/08/2025 09:45;112.11
14/08/2025 10:00;112.11
14/08/2025 10:15;112.1
14/08/2025 10:30;112.1
14/08/2025 10:45;112.09
14/08/2025 11:00;112.1
14/08/2025 11:15;112.09
14/08/2025 11:30;112.1
14/08/2025 11:45;112.1
14/08/2025 12:00;112.09
14/08/2025 12:15;112.1
14/08/2025 12:30;112.11
14/08/2025 12:45;112.11
14/08/2025 13:00;112.11
14/08/2025 13:15;112.11
14/08/2025 13:30;112.12
14/08/2025 13:45;112.1
14/08/2025 14:00;112.11
14/08/2025 14:15;112.1
14/08/2025 14:30;112.1
14/08/2025 14:45;112.11
14/08/2025 15:00;112.11
14/08/2025 15:15;112.11
14/08/2025 15:30;112.11
14/08/2025 15:45;112.12
14/08/2025 16:00;112.12
14/08/2025 16:15;112.12
14/08/2025 16:30;112.12
14/08/2025 16:45;112.12
14/08/2025 17:00;112.12
14/08/2025 17:15;112.12
14/08/2025 17:30;112.12
14/08/2025 17:45;112.12
14/08/2025 18:00;112.12
14/08/2025 18:15;112.12
14/08/2025 18:30;112.12
14/08/2025 18:45;112.12
14/08/2025 19:00;112.12
14/08/2025 19:15;112.11
14/08/2025 19:30;112.1
14/08/2025 19:45;112.11
14/08/2025 20:00;112.1
14/08/2025 20:15;112.08
14/08/2025 20:30;112.06
14/08/2025 20:45;112.07
14/08/2025 21:00;112.06
14/08/2025 21:15;112.05
14/08/2025 21:30;112.05
14/08/2025 21:45;112.08
14/08/2025 22:00;112.06
14/08/2025 22:15;112.05
14/08/2025 22:30;112.05
14/08/2025 22:45;112.04
14/08/2025 23:00;112.04
14/08/2025 23:15;112.02
14/08/2025 23:30;112.04
14/08/2025 23:45;112.04
15/08/2025 00:00;112.01
15/08/2025 00:15;112.02
15/08/2025 00:30;112
15/08/2025 00:45;112.01
15/08/2025 01:00;112
15/08/2025 01:15;112.01
15/08/2025 01:30;112.01
15/08/2025 01:45;112.01
15/08/2025 02:00;112.02
15/08/2025 02:15;112
15/08/2025 02:30;112.02
15/08/2025 02:45;112.01
15/08/2025 03:00;112.01
15/08/2025 03:15;112.02
15/08/2025 03:30;112
15/08/2025 03:45;112.01
15/08/2025 04:00;112
15/08/2025 04:15;112.01
15/08/2025 04:30;112
15/08/2025 04:45;112.01
15/08/2025 05:00;112.01
15/08/2025 05:15;112.01
15/08/2025 05:30;112.02
15/08/2025 05:45;112.02
15/08/2025 06:00;112.02
15/08/2025 06:15;112.01
15/08/2025 06:30;112.02
15/08/2025 06:45;112.02
15/08/2025 07:00;112.01
15/08/2025 07:15;112.02
15/08/2025 07:30;112.02
15/08/2025 07:45;112.02
15/08/2025 08:00;112.02
15/08/2025 08:15;112.02
15/08/2025 08:30;112.02
15/08/2025 08:45;112.02
15/08/2025 09:00;112.02
15/08/2025 09:15;112.02
15/08/2025 09:30;112.04
15/08/2025 09:45;112.04
15/08/2025 10:00;112.04
15/08/2025 10:15;112.04
15/08/2025 10:30;112.04
15/08/2025 10:45;112.04
15/08/2025 11:00;112.04
15/08/2025 11:15;112.04
15/08/2025 11:30;112.04
15/08/2025 11:45;112.04
15/08/2025 12:00;112.04
15/08/2025 12:15;112.04
15/08/2025 12:30;112.04
15/08/2025 12:45;112.04
15/08/2025 13:00;112.04
15/08/2025 13:15;112.04
15/08/2025 13:30;112.04
15/08/2025 13:45;112.04
15/08/2025 14:00;112.04
15/08/2025 14:15;112.04
15/08/2025 14:30;112.04
15/08/2025 14:45;112.04
15/08/2025 15:00;112.05
15/08/2025 15:15;112.05
15/08/2025 15:30;112.05
15/08/2025 15:45;112.05
15/08/2025 16:00;112.05
15/08/2025 16:15;112.05
15/08/2025 16:30;112.05
15/08/2025 16:45;112.05
15/08/2025 17:00;112.05
15/08/2025 17:15;112.05
15/08/2025 17:30;112.05
15/08/2025 17:45;112.05
15/08/2025 18:00;112.05
15/08/2025 18:15;112.05
15/08/2025 18:30;112.05
15/08/2025 18:45;112.05
15/08/2025 19:00;112.06
15/08/2025 19:15;112.06
15/08/2025 19:30;112.06
15/08/2025 19:45;112.06
15/08/2025 20:00;112.06
15/08/2025 20:15;112.04
15/08/2025 20:30;112.02
15/08/2025 20:45;112.04
15/08/2025 21:00;112.02
15/08/2025 21:15;112.01
15/08/2025 21:30;112
15/08/2025 21:45;112.01
15/08/2025 22:00;111.99
15/08/2025 22:15;111.99
15/08/2025 22:30;111.98
15/08/2025 22:45;111.97
15/08/2025 23:00;111.98
15/08/2025 23:15;111.96
15/08/2025 23:30;111.95
15/08/2025 23:45;111.95
16/08/2025 00:00;111.95
16/08/2025 00:15;111.92
16/08/2025 00:30;111.92
16/08/2025 00:45;111.92
16/08/2025 01:00;111.9
16/08/2025 01:15;111.93
16/08/2025 01:30;111.92
16/08/2025 01:45;111.93
16/08/2025 02:00;111.92
16/08/2025 02:15;111.92
16/08/2025 02:30;111.92
16/08/2025 02:45;111.9
16/08/2025 03:00;111.92
16/08/2025 03:15;111.91
16/08/2025 03:30;111.91
16/08/2025 03:45;111.91
16/08/2025 04:00;111.9
16/08/2025 04:15;111.91
16/08/2025 04:30;111.91
16/08/2025 04:45;111.92
16/08/2025 05:00;111.92
16/08/2025 05:15;111.92
16/08/2025 05:30;111.93
16/08/2025 05:45;111.92
16/08/2025 06:00;111.92
16/08/2025 06:15;111.91
16/08/2025 06:30;111.91
16/08/2025 06:45;111.91
16/08/2025 07:00;111.9
16/08/2025 07:15;111.9
16/08/2025 07:30;111.9
16/08/2025 07:45;111.91
16/08/2025 08:00;111.9
16/08/2025 08:15;111.9
16/08/2025 08:30;111.91
16/08/2025 08:45;111.9
16/08/2025 09:00;111.91
16/08/2025 09:15;111.91
16/08/2025 09:30;111.92
16/08/2025 09:45;111.91
16/08/2025 10:00;111.91
16/08/2025 10:15;111.91
16/08/2025 10:30;111.9
16/08/2025 10:45;111.9
16/08/2025 11:00;111.9
16/08/2025 11:15;111.91
16/08/2025 11:30;111.91
16/08/2025 11:45;111.91
16/08/2025 12:00;111.91
16/08/2025 12:15;111.91
16/08/2025 12:30;111.92
16/08/2025 12:45;111.92
16/08/2025 13:00;111.92
16/08/2025 13:15;111.92
16/08/2025 13:30;111.92
16/08/2025 13:45;111.92
16/08/2025 14:00;111.92
16/08/2025 14:15;111.92
16/08/2025 14:30;111.92
16/08/2025 14:45;111.92
16/08/2025 15:00;111.92
16/08/2025 15:15;111.92
16/08/2025 15:30;111.92
16/08/2025 15:45;111.93
16/08/2025 16:00;111.93
16/08/2025 16:15;111.93
16/08/2025 16:30;111.93
16/08/2025 16:45;111.93
16/08/2025 17:00;111.93
16/08/2025 17:15;111.93
16/08/2025 17:30;111.93
16/08/2025 17:45;111.93
16/08/2025 18:00;111.93
16/08/2025 18:15;111.93
16/08/2025 18:30;111.93
16/08/2025 18:45;111.93
16/08/2025 19:00;111.93
16/08/2025 19:15;111.95
16/08/2025 19:30;111.95
16/08/2025 19:45;111.95
16/08/2025 20:00;111.95
16/08/2025 20:15;111.93
16/08/2025 20:30;111.89
16/08/2025 20:45;111.9
16/08/2025 21:00;111.9
16/08/2025 21:15;111.9
16/08/2025 21:30;111.89
16/08/2025 21:45;111.88
16/08/2025 22:00;111.9
16/08/2025 22:15;111.86
16/08/2025 22:30;111.88
16/08/2025 22:45;111.86
16/08/2025 23:00;111.87
16/08/2025 23:15;111.86
16/08/2025 23:30;111.84
16/08/2025 23:45;111.84
17/08/2025 00:00;111.82
17/08/2025 00:15;111.83
17/08/2025 00:30;111.8
17/08/2025 00:45;111.81
17/08/2025 01:00;111.8
17/08/2025 01:15;111.82
17/08/2025 01:30;111.81
17/08/2025 01:45;111.79
17/08/2025 02:00;111.8
17/08/2025 02:15;111.79
17/08/2025 02:30;111.79
17/08/2025 02:45;111.79
17/08/2025 03:00;111.79
17/08/2025 03:15;111.79
17/08/2025 03:30;111.77
17/08/2025 03:45;111.77
17/08/2025 04:00;111.76
17/08/2025 04:15;111.77
17/08/2025 04:30;111.79
17/08/2025 04:45;111.79
17/08/2025 05:00;111.79
17/08/2025 05:15;111.79
17/08/2025 05:30;111.79
17/08/2025 05:45;111.79
17/08/2025 06:00;111.79
17/08/2025 06:15;111.79
17/08/2025 06:30;111.77
17/08/2025 06:45;111.79
17/08/2025 07:00;111.77
17/08/2025 07:15;111.77
17/08/2025 07:30;111.77
17/08/2025 07:45;111.79
17/08/2025 08:00;111.79
17/08/2025 08:15;111.79
17/08/2025 08:30;111.8
17/08/2025 08:45;111.79
17/08/2025 09:00;111.79
17/08/2025 09:15;111.79
17/08/2025 09:30;111.79
17/08/2025 09:45;111.79
17/08/2025 10:00;111.79
17/08/2025 10:15;111.79
17/08/2025 10:30;111.79
17/08/2025 10:45;111.79
17/08/2025 11:00;111.79
17/08/2025 11:15;111.8
17/08/2025 11:30;111.8
17/08/2025 11:45;111.8
17/08/2025 12:00;111.81
17/08/2025 12:15;111.81
17/08/2025 12:30;111.81
17/08/2025 12:45;111.8
17/08/2025 13:00;111.81
17/08/2025 13:15;111.81
17/08/2025 13:30;111.8
17/08/2025 13:45;111.81
17/08/2025 14:00;111.81
17/08/2025 14:15;111.81
17/08/2025 14:30;111.81
17/08/2025 14:45;111.81
17/08/2025 15:00;111.81
17/08/2025 15:15;111.81
17/08/2025 15:30;111.82
17/08/2025 15:45;111.82
17/08/2025 16:00;111.82
17/08/2025 16:15;111.82
17/08/2025 16:30;111.82
17/08/2025 16:45;111.82
17/08/2025 17:00;111.82
17/08/2025 17:15;111.82
17/08/2025 17:30;111.82
17/08/2025 17:45;111.82
17/08/2025 18:00;111.83
17/08/2025 18:15;111.83
17/08/2025 18:30;111.83
17/08/2025 18:45;111.83
17/08/2025 19:00;111.83
17/08/2025 19:15;111.83
17/08/2025 19:30;111.83
17/08/2025 19:45;111.83
17/08/2025 20:00;111.83
17/08/2025 20:15;111.82
17/08/2025 20:30;111.82
17/08/2025 20:45;111.82
17/08/2025 21:00;111.81
17/08/2025 21:15;111.79
17/08/2025 21:30;111.79
17/08/2025 21:45;111.79
17/08/2025 22:00;111.79
17/08/2025 22:15;111.77
17/08/2025 22:30;111.77
17/08/2025 22:45;111.77
17/08/2025 23:00;111.76
17/08/2025 23:15;111.74
17/08/2025 23:30;111.73
17/08/2025 23:45;111.73
18/08/2025 00:00;111.71
18/08/2025 00:15;111.73
18/08/2025 00:30;111.75
18/08/2025 00:45;111.74
18/08/2025 01:00;111.73
18/08/2025 01:15;111.71
18/08/2025 01:30;111.72
18/08/2025 01:45;111.71
18/08/2025 02:00;111.7
18/08/2025 02:15;111.73
18/08/2025 02:30;111.72
18/08/2025 02:45;111.73
18/08/2025 03:00;111.71
18/08/2025 03:15;111.71
18/08/2025 03:30;111.72
18/08/2025 03:45;111.72
18/08/2025 04:00;111.73
18/08/2025 04:15;111.73
18/08/2025 04:30;111.74
18/08/2025 04:45;111.73
18/08/2025 05:00;111.73
18/08/2025 05:15;111.74
18/08/2025 05:30;111.73
18/08/2025 05:45;111.74
18/08/2025 06:00;111.73
18/08/2025 06:15;111.73
18/08/2025 06:30;111.73
18/08/2025 06:45;111.73
18/08/2025 07:00;111.74
18/08/2025 07:15;111.73
18/08/2025 07:30;111.7
18/08/2025 07:45;111.7
18/08/2025 08:00;111.71
18/08/2025 08:15;111.72
18/08/2025 08:30;111.71
18/08/2025 08:45;111.71
18/08/2025 09:00;111.72
18/08/2025 09:15;111.73
18/08/2025 09:30;111.72
18/08/2025 09:45;111.72
18/08/2025 10:00;111.72
18/08/2025 10:15;111.72
18/08/2025 10:30;111.72
18/08/2025 10:45;111.7
18/08/2025 11:00;111.71
18/08/2025 11:15;111.71
18/08/2025 11:30;111.71
18/08/2025 11:45;111.71
18/08/2025 12:00;111.71
18/08/2025 12:15;111.71
18/08/2025 12:30;111.72
18/08/2025 12:45;111.73
18/08/2025 13:00;111.73
18/08/2025 13:15;111.73
18/08/2025 13:30;111.74
18/08/2025 13:45;111.73
18/08/2025 14:00;111.74
18/08/2025 14:15;111.73
18/08/2025 14:30;111.73
18/08/2025 14:45;111.73
18/08/2025 15:00;111.73
18/08/2025 15:15;111.73
18/08/2025 15:30;111.72
18/08/2025 15:45;111.73
18/08/2025 16:00;111.73
18/08/2025 16:15;111.74
18/08/2025 16:30;111.74
18/08/2025 16:45;111.75
18/08/2025 17:00;111.75
18/08/2025 17:15;111.75
18/08/2025 17:30;111.75
18/08/2025 17:45;111.75
18/08/2025 18:00;111.75
18/08/2025 18:15;111.76
18/08/2025 18:30;111.75
18/08/2025 18:45;111.72
18/08/2025 19:00;111.73
18/08/2025 19:15;111.74
18/08/2025 19:30;111.76
18/08/2025 19:45;111.75
18/08/2025 20:00;111.77
18/08/2025 20:15;111.76
18/08/2025 20:30;111.72
18/08/2025 20:45;111.75
18/08/2025 21:00;111.72
18/08/2025 21:15;111.73
18/08/2025 21:30;111.71
18/08/2025 21:45;111.72
18/08/2025 22:00;111.72
18/08/2025 22:15;111.7
18/08/2025 22:30;111.7
18/08/2025 22:45;111.68
18/08/2025 23:00;111.68
18/08/2025 23:15;111.7
18/08/2025 23:30;111.7
18/08/2025 23:45;111.7
19/08/2025 00:00;111.7
19/08/2025 00:15;111.73
19/08/2025 00:30;111.7
19/08/2025 00:45;111.68
19/08/2025 01:00;111.67
19/08/2025 01:15;111.65
19/08/2025 01:30;111.66
19/08/2025 01:45;111.66
19/08/2025 02:00;111.67
19/08/2025 02:15;111.65
19/08/2025 02:30;111.68
19/08/2025 02:45;111.67
19/08/2025 03:00;111.7
19/08/2025 03:15;111.72
19/08/2025 03:30;111.7
19/08/2025 03:45;111.68
19/08/2025 04:00;111.7
19/08/2025 04:15;111.72
19/08/2025 04:30;111.7
19/08/2025 04:45;111.71
19/08/2025 05:00;111.7
19/08/2025 05:15;111.71
19/08/2025 05:30;111.7
19/08/2025 05:45;111.71
19/08/2025 06:00;111.7
19/08/2025 06:15;111.7
19/08/2025 06:30;111.7
19/08/2025 06:45;111.7
19/08/2025 07:00;111.7
19/08/2025 07:15;111.7
19/08/2025 07:30;111.68
19/08/2025 07:45;111.67
19/08/2025 08:00;111.67
19/08/2025 08:15;111.68
19/08/2025 08:30;111.66
19/08/2025 08:45;111.67
19/08/2025 09:00;111.67
19/08/2025 09:15;111.7
19/08/2025 09:30;111.68
19/08/2025 09:45;111.67
19/08/2025 10:00;111.7
19/08/2025 10:15;111.67
19/08/2025 10:30;111.67
19/08/2025 10:45;111.66
19/08/2025 11:00;111.67
19/08/2025 11:15;111.66
19/08/2025 11:30;111.65
19/08/2025 11:45;111.67
19/08/2025 12:00;111.65
19/08/2025 12:15;111.66
19/08/2025 12:30;111.67
19/08/2025 12:45;111.68
19/08/2025 13:00;111.67
19/08/2025 13:15;111.68
19/08/2025 13:30;111.7
19/08/2025 13:45;111.68
19/08/2025 14:00;111.68
19/08/2025 14:15;111.68
19/08/2025 14:30;111.68
19/08/2025 14:45;111.68
19/08/2025 15:00;111.67
19/08/2025 15:15;111.7
19/08/2025 15:30;111.68
19/08/2025 15:45;111.68
19/08/2025 16:00;111.7
19/08/2025 16:15;111.7
19/08/2025 16:30;111.7
19/08/2025 16:45;111.7
19/08/2025 17:00;111.7
19/08/2025 17:15;111.7
19/08/2025 17:30;111.7
19/08/2025 17:45;111.7
19/08/2025 18:00;111.7
19/08/2025 18:15;111.7
19/08/2025 18:30;111.7
19/08/2025 18:45;111.7
19/08/2025 19:00;111.7
19/08/2025 19:15;111.7
19/08/2025 19:30;111.7
19/08/2025 19:45;111.7
19/08/2025 20:00;111.7
19/08/2025 20:15;111.66
19/08/2025 20:30;111.68
19/08/2025 20:45;111.67
19/08/2025 21:00;111.65
19/08/2025 21:15;111.64
19/08/2025 21:30;111.64
19/08/2025 21:45;111.65
19/08/2025 22:00;111.63
19/08/2025 22:15;111.63
19/08/2025 22:30;111.62
19/08/2025 22:45;111.61
19/08/2025 23:00;111.61
19/08/2025 23:15;111.61
19/08/2025 23:30;111.61
19/08/2025 23:45;111.6
20/08/2025 00:00;111.59
20/08/2025 00:15;111.6
20/08/2025 00:30;111.59
20/08/2025 00:45;111.58
20/08/2025 01:00;111.58
20/08/2025 01:15;111.57
20/08/2025 01:30;111.57
20/08/2025 01:45;111.56
20/08/2025 02:00;111.57
20/08/2025 02:15;111.58
20/08/2025 02:30;111.58
20/08/2025 02:45;111.58
20/08/2025 03:00;111.58
20/08/2025 03:15;111.58
20/08/2025 03:30;111.58
20/08/2025 03:45;111.57
20/08/2025 04:00;111.58
20/08/2025 04:15;111.58
20/08/2025 04:30;111.58
20/08/2025 04:45;111.58
20/08/2025 05:00;111.58
20/08/2025 05:15;111.57
20/08/2025 05:30;111.56
20/08/2025 05:45;111.57
20/08/2025 06:00;111.56
20/08/2025 06:15;111.57
20/08/2025 06:30;111.57
20/08/2025 06:45;111.57
20/08/2025 07:00;111.57
20/08/2025 07:15;111.56
20/08/2025 07:30;111.56
20/08/2025 07:45;111.56
20/08/2025 08:00;111.56
20/08/2025 08:15;111.57
20/08/2025 08:30;111.57
20/08/2025 08:45;111.56
20/08/2025 09:00;111.56
20/08/2025 09:15;111.56
20/08/2025 09:30;111.56
20/08/2025 09:45;111.56
20/08/2025 10:00;111.57
20/08/2025 10:15;111.57
20/08/2025 10:30;111.57
20/08/2025 10:45;111.57
20/08/2025 11:00;111.57
20/08/2025 11:15;111.57
20/08/2025 11:30;111.57
20/08/2025 11:45;111.57
20/08/2025 12:00;111.58
20/08/2025 12:15;111.58
20/08/2025 12:30;111.58
20/08/2025 12:45;111.58
20/08/2025 13:00;111.57
20/08/2025 13:15;111.57
20/08/2025 13:30;111.58
20/08/2025 13:45;111.58
20/08/2025 14:00;111.58
20/08/2025 14:15;111.58
20/08/2025 14:30;111.59
20/08/2025 14:45;111.59
20/08/2025 15:00;111.59
20/08/2025 15:15;111.59
20/08/2025 15:30;111.59
20/08/2025 15:45;111.59
20/08/2025 16:00;111.59
20/08/2025 16:15;111.59
20/08/2025 16:30;111.59
20/08/2025 16:45;111.59
20/08/2025 17:00;111.59
20/08/2025 17:15;111.6
20/08/2025 17:30;111.6
20/08/2025 17:45;111.6
20/08/2025 18:00;111.6
20/08/2025 18:15;111.6
20/08/2025 18:30;111.6
20/08/2025 18:45;111.6
20/08/2025 19:00;111.61
20/08/2025 19:15;111.59
20/08/2025 19:30;111.59
20/08/2025 19:45;111.6
20/08/2025 20:00;111.59
20/08/2025 20:15;111.58
20/08/2025 20:30;111.55
20/08/2025 20:45;111.56
20/08/2025 21:00;111.55
20/08/2025 21:15;111.55
20/08/2025 21:30;111.54
20/08/2025 21:45;111.55
20/08/2025 22:00;111.55
20/08/2025 22:15;111.54
20/08/2025 22:30;111.54
20/08/2025 22:45;111.52
20/08/2025 23:00;111.51
20/08/2025 23:15;111.51
20/08/2025 23:30;111.49
20/08/2025 23:45;111.49
21/08/2025 00:00;111.47
21/08/2025 00:15;111.5
21/08/2025 00:30;111.47
21/08/2025 00:45;111.47
21/08/2025 01:00;111.48
21/08/2025 01:15;111.46
21/08/2025 01:30;111.48
21/08/2025 01:45;111.46
21/08/2025 02:00;111.49
21/08/2025 02:15;111.47
21/08/2025 02:30;111.48
21/08/2025 02:45;111.47
21/08/2025 03:00;111.46
21/08/2025 03:15;111.47
21/08/2025 03:30;111.46
21/08/2025 03:45;111.47
21/08/2025 04:00;111.47
21/08/2025 04:15;111.47
21/08/2025 04:30;111.48
21/08/2025 04:45;111.46
21/08/2025 05:00;111.48
21/08/2025 05:15;111.46
21/08/2025 05:30;111.45
21/08/2025 05:45;111.46
21/08/2025 06:00;111.45
21/08/2025 06:15;111.45
21/08/2025 06:30;111.43
21/08/2025 06:45;111.45
21/08/2025 07:00;111.45
21/08/2025 07:15;111.43
21/08/2025 07:30;111.43
21/08/2025 07:45;111.42
21/08/2025 08:00;111.43
21/08/2025 08:15;111.42
21/08/2025 08:30;111.41
21/08/2025 08:45;111.41
21/08/2025 09:00;111.4
21/08/2025 09:15;111.42
21/08/2025 09:30;111.41
21/08/2025 09:45;111.42
21/08/2025 10:00;111.42
21/08/2025 10:15;111.41
21/08/2025 10:30;111.42
21/08/2025 10:45;111.4
21/08/2025 11:00;111.42
21/08/2025 11:15;111.41
21/08/2025 11:30;111.42
21/08/2025 11:45;111.41
21/08/2025 12:00;111.41
21/08/2025 12:15;111.41
21/08/2025 12:30;111.41
21/08/2025 12:45;111.42
21/08/2025 13:00;111.41
21/08/2025 13:15;111.42
21/08/2025 13:30;111.42
21/08/2025 13:45;111.42
21/08/2025 14:00;111.43
21/08/2025 14:15;111.42
21/08/2025 14:30;111.42
21/08/2025 14:45;111.42
21/08/2025 15:00;111.42
21/08/2025 15:15;111.43
21/08/2025 15:30;111.42
21/08/2025 15:45;111.42
21/08/2025 16:00;111.43
21/08/2025 16:15;111.43
21/08/2025 16:30;111.43
21/08/2025 16:45;111.43
21/08/2025 17:00;111.45
21/08/2025 17:15;111.43
21/08/2025 17:30;111.45
21/08/2025 17:45;111.45
21/08/2025 18:00;111.45
21/08/2025 18:15;111.45
21/08/2025 18:30;111.43
21/08/2025 18:45;111.45
21/08/2025 19:00;111.45
21/08/2025 19:15;111.43
21/08/2025 19:30;111.43
21/08/2025 19:45;111.43
21/08/2025 20:00;111.43
21/08/2025 20:15;111.4
21/08/2025 20:30;111.4
21/08/2025 20:45;111.39
21/08/2025 21:00;111.38
21/08/2025 21:15;111.37
21/08/2025 21:30;111.37
21/08/2025 21:45;111.37
21/08/2025 22:00;111.35
21/08/2025 22:15;111.35
21/08/2025 22:30;111.35
21/08/2025 22:45;111.34
21/08/2025 23:00;111.33
21/08/2025 23:15;111.32
21/08/2025 23:30;111.32
21/08/2025 23:45;111.31
22/08/2025 00:00;111.3
22/08/2025 00:15;111.31
22/08/2025 00:30;111.29
22/08/2025 00:45;111.29
22/08/2025 01:00;111.27
22/08/2025 01:15;111.29
22/08/2025 01:30;111.29
22/08/2025 01:45;111.29
22/08/2025 02:00;111.29
22/08/2025 02:15;111.29
22/08/2025 02:30;111.29
22/08/2025 02:45;111.29
22/08/2025 03:00;111.27
22/08/2025 03:15;111.29
22/08/2025 03:30;111.29
22/08/2025 03:45;111.29
22/08/2025 04:00;111.29
22/08/2025 04:15;111.27
22/08/2025 04:30;111.27
22/08/2025 04:45;111.29
22/08/2025 05:00;111.29
22/08/2025 05:15;111.25
22/08/2025 05:30;111.25
22/08/2025 05:45;111.26
22/08/2025 06:00;111.25
22/08/2025 06:15;111.24
22/08/2025 06:30;111.24
22/08/2025 06:45;111.24
22/08/2025 07:00;111.23
22/08/2025 07:15;111.23
22/08/2025 07:30;111.23
22/08/2025 07:45;111.22
22/08/2025 08:00;111.22
22/08/2025 08:15;111.22
22/08/2025 08:30;111.22
22/08/2025 08:45;111.21
22/08/2025 09:00;111.21
22/08/2025 09:15;111.22
22/08/2025 09:30;111.21
22/08/2025 09:45;111.21
22/08/2025 10:00;111.21
22/08/2025 10:15;111.21
22/08/2025 10:30;111.21
22/08/2025 10:45;111.21
22/08/2025 11:00;111.22
22/08/2025 11:15;111.21
22/08/2025 11:30;111.21
22/08/2025 11:45;111.22
22/08/2025 12:00;111.21
22/08/2025 12:15;111.22
22/08/2025 12:30;111.22
22/08/2025 12:45;111.23
22/08/2025 13:00;111.22
22/08/2025 13:15;111.23
22/08/2025 13:30;111.23
22/08/2025 13:45;111.23
22/08/2025 14:00;111.23
22/08/2025 14:15;111.23
22/08/2025 14:30;111.23
22/08/2025 14:45;111.23
22/08/2025 15:00;111.23
22/08/2025 15:15;111.23
22/08/2025 15:30;111.23
22/08/2025 15:45;111.23
22/08/2025 16:00;111.23
22/08/2025 16:15;111.23
22/08/2025 16:30;111.23
22/08/2025 16:45;111.23
22/08/2025 17:00;111.24
22/08/2025 17:15;111.24
22/08/2025 17:30;111.24
22/08/2025 17:45;111.24
22/08/2025 18:00;111.24
22/08/2025 18:15;111.24
22/08/2025 18:30;111.24
22/08/2025 18:45;111.24
22/08/2025 19:00;111.24
22/08/2025 19:15;111.23
22/08/2025 19:30;111.24
22/08/2025 19:45;111.24
22/08/2025 20:00;111.23
22/08/2025 20:15;111.2
22/08/2025 20:30;111.2
22/08/2025 20:45;111.2
22/08/2025 21:00;111.2
22/08/2025 21:15;111.18
22/08/2025 21:30;111.18
22/08/2025 21:45;111.2
22/08/2025 22:00;111.16
22/08/2025 22:15;111.16
22/08/2025 22:30;111.16
22/08/2025 22:45;111.14
22/08/2025 23:00;111.14
22/08/2025 23:15;111.13
22/08/2025 23:30;111.12
22/08/2025 23:45;111.11
23/08/2025 00:00;111.1
23/08/2025 00:15;111.13
23/08/2025 00:30;111.1
23/08/2025 00:45;111.11
23/08/2025 01:00;111.1
23/08/2025 01:15;111.09
23/08/2025 01:30;111.09
23/08/2025 01:45;111.07
23/08/2025 02:00;111.09
23/08/2025 02:15;111.08
23/08/2025 02:30;111.08
23/08/2025 02:45;111.08
23/08/2025 03:00;111.06
23/08/2025 03:15;111.07
23/08/2025 03:30;111.07
23/08/2025 03:45;111.08
23/08/2025 04:00;111.07
23/08/2025 04:15;111.07
23/08/2025 04:30;111.08
23/08/2025 04:45;111.07
23/08/2025 05:00;111.08
23/08/2025 05:15;111.07
23/08/2025 05:30;111.06
23/08/2025 05:45;111.07
23/08/2025 06:00;111.06
23/08/2025 06:15;111.07
23/08/2025 06:30;111.06
23/08/2025 06:45;111.06
23/08/2025 07:00;111.06
23/08/2025 07:15;111.06
23/08/2025 07:30;111.07
23/08/2025 07:45;111.06
23/08/2025 08:00;111.07
23/08/2025 08:15;111.06
23/08/2025 08:30;111.06
23/08/2025 08:45;111.06
23/08/2025 09:00;111.06
23/08/2025 09:15;111.06
23/08/2025 09:30;111.05
23/08/2025 09:45;111.06
23/08/2025 10:00;111.06
23/08/2025 10:15;111.05
23/08/2025 10:30;111.06
23/08/2025 10:45;111.06
23/08/2025 11:00;111.06
23/08/2025 11:15;111.05
23/08/2025 11:30;111.05
23/08/2025 11:45;111.05
23/08/2025 12:00;111.05
23/08/2025 12:15;111.05
23/08/2025 12:30;111.05
23/08/2025 12:45;111.05
23/08/2025 13:00;111.04
23/08/2025 13:15;111.04
23/08/2025 13:30;111.04
23/08/2025 13:45;111.04
23/08/2025 14:00;111.04
23/08/2025 14:15;111.05
23/08/2025 14:30;111.05
23/08/2025 14:45;111.05
23/08/2025 15:00;111.04
23/08/2025 15:15;111.05
23/08/2025 15:30;111.05
23/08/2025 15:45;111.04
23/08/2025 16:00;111.05
23/08/2025 16:15;111.05
23/08/2025 16:30;111.05
23/08/2025 16:45;111.05
23/08/2025 17:00;111.04
23/08/2025 17:15;111.05
23/08/2025 17:30;111.05
23/08/2025 17:45;111.05
23/08/2025 18:00;111.05
23/08/2025 18:15;111.04
23/08/2025 18:30;111.05
23/08/2025 18:45;111.04
23/08/2025 19:00;111.04
23/08/2025 19:15;111.04
23/08/2025 19:30;111.04
23/08/2025 19:45;111.04
23/08/2025 20:00;111.04
23/08/2025 20:15;111.04
23/08/2025 20:30;111.04
23/08/2025 20:45;111.04
23/08/2025 21:00;111.04
23/08/2025 21:15;111.02
23/08/2025 21:30;111.02
23/08/2025 21:45;111.01
23/08/2025 22:00;111.01
23/08/2025 22:15;111.01
23/08/2025 22:30;111.01
23/08/2025 22:45;111.01
23/08/2025 23:00;111
23/08/2025 23:15;111
23/08/2025 23:30;111
23/08/2025 23:45;111
24/08/2025 00:00;111
24/08/2025 00:15;110.99
24/08/2025 00:30;110.99
24/08/2025 00:45;110.98
24/08/2025 01:00;110.99
24/08/2025 01:15;110.98
24/08/2025 01:30;110.98
24/08/2025 01:45;110.98
24/08/2025 02:00;110.98
24/08/2025 02:15;110.98
24/08/2025 02:30;110.97
24/08/2025 02:45;110.98
24/08/2025 03:00;110.97
24/08/2025 03:15;110.97
24/08/2025 03:30;110.97
24/08/2025 03:45;110.97
24/08/2025 04:00;110.97
24/08/2025 04:15;110.97
24/08/2025 04:30;110.96
24/08/2025 04:45;110.95
24/08/2025 05:00;110.96
24/08/2025 05:15;110.96
24/08/2025 05:30;110.95
24/08/2025 05:45;110.96
24/08/2025 06:00;110.96
24/08/2025 06:15;110.95
24/08/2025 06:30;110.95
24/08/2025 06:45;110.95
24/08/2025 07:00;110.96
24/08/2025 07:15;110.95
24/08/2025 07:30;110.95
24/08/2025 07:45;110.95
24/08/2025 08:00;110.95
24/08/2025 08:15;110.95
24/08/2025 08:30;110.95
24/08/2025 08:45;110.95
24/08/2025 09:00;110.95
24/08/2025 09:15;110.95
24/08/2025 09:30;110.95
24/08/2025 09:45;110.95
24/08/2025 10:00;110.95
24/08/2025 10:15;110.95
24/08/2025 10:30;110.95
24/08/2025 10:45;110.95
24/08/2025 11:00;110.95
24/08/2025 11:15;110.95
24/08/2025 11:30;110.95
24/08/2025 11:45;110.95
24/08/2025 12:00;110.95
24/08/2025 12:15;110.95
24/08/2025 12:30;110.95
24/08/2025 12:45;110.95
24/08/2025 13:00;110.95
24/08/2025 13:15;110.95
24/08/2025 13:30;110.95
24/08/2025 13:45;110.95
24/08/2025 14:00;110.95
24/08/2025 14:15;110.95
24/08/2025 14:30;110.96
24/08/2025 14:45;110.96
24/08/2025 15:00;110.96
24/08/2025 15:15;110.96
24/08/2025 15:30;110.96
24/08/2025 15:45;110.96
24/08/2025 16:00;110.96
24/08/2025 16:15;110.96
24/08/2025 16:30;110.96
24/08/2025 16:45;110.96
24/08/2025 17:00;110.96
24/08/2025 17:15;110.96
24/08/2025 17:30;110.96
24/08/2025 17:45;110.96
24/08/2025 18:00;110.96
24/08/2025 18:15;110.96
24/08/2025 18:30;110.96
24/08/2025 18:45;110.97
24/08/2025 19:00;110.97
24/08/2025 19:15;110.97
24/08/2025 19:30;110.97
24/08/2025 19:45;110.97
24/08/2025 20:00;110.97
24/08/2025 20:15;110.96
24/08/2025 20:30;110.96
24/08/2025 20:45;110.97
24/08/2025 21:00;110.96
24/08/2025 21:15;110.96
24/08/2025 21:30;110.95
24/08/2025 21:45;110.96
24/08/2025 22:00;110.95
24/08/2025 22:15;110.95
24/08/2025 22:30;110.95
24/08/2025 22:45;110.95
24/08/2025 23:00;110.95
24/08/2025 23:15;110.95
24/08/2025 23:30;110.96
24/08/2025 23:45;110.95
25/08/2025 00:00;110.95
25/08/2025 00:15;110.96
25/08/2025 00:30;110.95
25/08/2025 00:45;110.95
25/08/2025 01:00;110.95
25/08/2025 01:15;110.95
25/08/2025 01:30;110.95
25/08/2025 01:45;110.95
25/08/2025 02:00;110.95
25/08/2025 02:15;110.95
25/08/2025 02:30;110.95
25/08/2025 02:45;110.95
25/08/2025 03:00;110.95
25/08/2025 03:15;110.95
25/08/2025 03:30;110.95
25/08/2025 03:45;110.96
25/08/2025 04:00;110.96
25/08/2025 04:15;110.96
25/08/2025 04:30;110.96
25/08/2025 04:45;110.95
25/08/2025 05:00;110.96
25/08/2025 05:15;110.96
25/08/2025 05:30;110.96
25/08/2025 05:45;110.96
25/08/2025 06:00;110.96
25/08/2025 06:15;110.97
25/08/2025 06:30;110.96
25/08/2025 06:45;110.97
25/08/2025 07:00;110.97
25/08/2025 07:15;110.96
25/08/2025 07:30;110.96
25/08/2025 07:45;110.95
25/08/2025 08:00;110.96
25/08/2025 08:15;110.95
25/08/2025 08:30;110.95
25/08/2025 08:45;110.95
25/08/2025 09:00;110.95
25/08/2025 09:15;110.96
25/08/2025 09:30;110.98
25/08/2025 09:45;110.96
25/08/2025 10:00;110.95
25/08/2025 10:15;110.96
25/08/2025 10:30;110.96
25/08/2025 10:45;110.95
25/08/2025 11:00;110.95
25/08/2025 11:15;110.96
25/08/2025 11:30;110.95
25/08/2025 11:45;110.95
25/08/2025 12:00;110.95
25/08/2025 12:15;110.96
25/08/2025 12:30;110.96
25/08/2025 12:45;110.96
25/08/2025 13:00;110.97
25/08/2025 13:15;110.96
25/08/2025 13:30;110.97
25/08/2025 13:45;110.96
25/08/2025 14:00;110.97
25/08/2025 14:15;110.97
25/08/2025 14:30;110.97
25/08/2025 14:45;110.97
25/08/2025 15:00;110.96
25/08/2025 15:15;110.97
25/08/2025 15:30;110.96
25/08/2025 15:45;110.97
25/08/2025 16:00;110.97
25/08/2025 16:15;110.97
25/08/2025 16:30;110.97
25/08/2025 16:45;110.97
25/08/2025 17:00;110.97
25/08/2025 17:15;110.98
25/08/2025 17:30;110.98
25/08/2025 17:45;110.98
25/08/2025 18:00;110.98
25/08/2025 18:15;110.98
25/08/2025 18:30;110.98
25/08/2025 18:45;110.98
25/08/2025 19:00;110.98
25/08/2025 19:15;110.97
25/08/2025 19:30;110.97
25/08/2025 19:45;110.98
25/08/2025 20:00;110.97
25/08/2025 20:15;110.96
25/08/2025 20:30;110.96
25/08/2025 20:45;110.96
25/08/2025 21:00;110.95
25/08/2025 21:15;110.95
25/08/2025 21:30;110.95
25/08/2025 21:45;110.95
25/08/2025 22:00;110.95
25/08/2025 22:15;110.95
25/08/2025 22:30;110.95
25/08/2025 22:45;110.93
25/08/2025 23:00;110.93
25/08/2025 23:15;110.93
25/08/2025 23:30;110.93
25/08/2025 23:45;110.95
26/08/2025 00:00;110.92
26/08/2025 00:15;110.93
26/08/2025 00:30;110.92
26/08/2025 00:45;110.92
26/08/2025 01:00;110.92
26/08/2025 01:15;110.92
26/08/2025 01:30;110.93
26/08/2025 01:45;110.92
26/08/2025 02:00;110.92
26/08/2025 02:15;110.92
26/08/2025 02:30;110.92
26/08/2025 02:45;110.93
26/08/2025 03:00;110.93
26/08/2025 03:15;110.93
26/08/2025 03:30;110.93
26/08/2025 03:45;110.93
26/08/2025 04:00;110.93
26/08/2025 04:15;110.93
26/08/2025 04:30;110.93
26/08/2025 04:45;110.93
26/08/2025 05:00;110.93
26/08/2025 05:15;110.93
26/08/2025 05:30;110.93
26/08/2025 05:45;110.95
26/08/2025 06:00;110.95
26/08/2025 06:15;110.95
26/08/2025 06:30;110.95
26/08/2025 06:45;110.95
26/08/2025 07:00;110.95
26/08/2025 07:15;110.95
26/08/2025 07:30;110.95
26/08/2025 07:45;110.95
26/08/2025 08:00;110.95
26/08/2025 08:15;110.95
26/08/2025 08:30;110.95
26/08/2025 08:45;110.95
26/08/2025 09:00;110.95
26/08/2025 09:15;110.95
26/08/2025 09:30;110.96
26/08/2025 09:45;110.96
26/08/2025 10:00;110.96
26/08/2025 10:15;110.96
26/08/2025 10:30;110.97
26/08/2025 10:45;110.97
26/08/2025 11:00;110.97
26/08/2025 11:15;110.97
26/08/2025 11:30;110.97
26/08/2025 11:45;110.97
26/08/2025 12:00;110.97
26/08/2025 12:15;110.97
26/08/2025 12:30;110.97
26/08/2025 12:45;110.98
26/08/2025 13:00;110.98
26/08/2025 13:15;110.98
26/08/2025 13:30;110.98
26/08/2025 13:45;110.98
26/08/2025 14:00;110.99
26/08/2025 14:15;110.99
26/08/2025 14:30;110.99
26/08/2025 14:45;110.99
26/08/2025 15:00;110.99
26/08/2025 15:15;110.99
26/08/2025 15:30;110.99
26/08/2025 15:45;110.99
26/08/2025 16:00;110.99
26/08/2025 16:15;110.99
26/08/2025 16:30;110.99
26/08/2025 16:45;110.99
26/08/2025 17:00;110.99
26/08/2025 17:15;110.99
26/08/2025 17:30;110.99
26/08/2025 17:45;111
26/08/2025 18:00;111
26/08/2025 18:15;111
26/08/2025 18:30;110.98
26/08/2025 18:45;110.98
26/08/2025 19:00;111
26/08/2025 19:15;110.99
26/08/2025 19:30;110.99
26/08/2025 19:45;110.99
26/08/2025 20:00;110.99
26/08/2025 20:15;110.98
26/08/2025 20:30;110.97
26/08/2025 20:45;110.97
26/08/2025 21:00;110.99
26/08/2025 21:15;110.98
26/08/2025 21:30;110.97
26/08/2025 21:45;110.95
26/08/2025 22:00;110.95
26/08/2025 22:15;110.96
26/08/2025 22:30;110.95
26/08/2025 22:45;110.93
26/08/2025 23:00;110.92
26/08/2025 23:15;110.95
26/08/2025 23:30;110.96
26/08/2025 23:45;110.93
27/08/2025 00:00;110.95
27/08/2025 00:15;110.95
27/08/2025 00:30;110.95
27/08/2025 00:45;110.95
27/08/2025 01:00;110.92
27/08/2025 01:15;110.95
27/08/2025 01:30;110.93
27/08/2025 01:45;110.95
27/08/2025 02:00;110.92
27/08/2025 02:15;110.92
27/08/2025 02:30;110.95
27/08/2025 02:45;110.93
27/08/2025 03:00;110.92
27/08/2025 03:15;110.93
27/08/2025 03:30;110.95
27/08/2025 03:45;110.95
27/08/2025 04:00;110.95
27/08/2025 04:15;110.95
27/08/2025 04:30;110.95
27/08/2025 04:45;110.95
27/08/2025 05:00;110.95
27/08/2025 05:15;110.95
27/08/2025 05:30;110.95
27/08/2025 05:45;110.93
27/08/2025 06:00;110.95
27/08/2025 06:15;110.95
27/08/2025 06:30;110.95
27/08/2025 06:45;110.95
27/08/2025 07:00;110.95
27/08/2025 07:15;110.95
27/08/2025 07:30;110.95
27/08/2025 07:45;110.95
27/08/2025 08:00;110.95
27/08/2025 08:15;110.95
27/08/2025 08:30;110.95
27/08/2025 08:45;110.95
27/08/2025 09:00;110.93
27/08/2025 09:15;110.95
27/08/2025 09:30;110.95
27/08/2025 09:45;110.95
27/08/2025 10:00;110.95
27/08/2025 10:15;110.95
27/08/2025 10:30;110.95
27/08/2025 10:45;110.93
27/08/2025 11:00;110.95
27/08/2025 11:15;110.95
27/08/2025 11:30;110.95
27/08/2025 11:45;110.95
27/08/2025 12:00;110.95
27/08/2025 12:15;110.95
27/08/2025 12:30;110.95
27/08/2025 12:45;110.95
27/08/2025 13:00;110.95
27/08/2025 13:15;110.95
27/08/2025 13:30;110.96
27/08/2025 13:45;110.95
27/08/2025 14:00;110.95
27/08/2025 14:15;110.96
27/08/2025 14:30;110.95
27/08/2025 14:45;110.95
27/08/2025 15:00;110.95
27/08/2025 15:15;110.96
27/08/2025 15:30;110.95
27/08/2025 15:45;110.95
27/08/2025 16:00;110.96
27/08/2025 16:15;110.96
27/08/2025 16:30;110.96
27/08/2025 16:45;110.96
27/08/2025 17:00;110.96
27/08/2025 17:15;110.97
27/08/2025 17:30;110.97
27/08/2025 17:45;110.97
27/08/2025 18:00;110.97
27/08/2025 18:15;110.97
27/08/2025 18:30;110.97
27/08/2025 18:45;110.96
27/08/2025 19:00;110.98
27/08/2025 19:15;110.98
27/08/2025 19:30;110.98
27/08/2025 19:45;110.98
27/08/2025 20:00;110.98
27/08/2025 20:15;110.97
27/08/2025 20:30;110.95
27/08/2025 20:45;110.96
27/08/2025 21:00;110.96
27/08/2025 21:15;110.97
27/08/2025 21:30;110.96
27/08/2025 21:45;110.96
27/08/2025 22:00;110.93
27/08/2025 22:15;110.95
27/08/2025 22:30;110.95
27/08/2025 22:45;110.95
27/08/2025 23:00;110.95
27/08/2025 23:15;110.96
27/08/2025 23:30;110.96
27/08/2025 23:45;110.95
28/08/2025 00:00;110.95
28/08/2025 00:15;110.95
28/08/2025 00:30;110.95
28/08/2025 00:45;110.93
28/08/2025 01:00;110.95
28/08/2025 01:15;110.95
28/08/2025 01:30;110.95
28/08/2025 01:45;110.95
28/08/2025 02:00;110.95
28/08/2025 02:15;110.93
28/08/2025 02:30;110.95
28/08/2025 02:45;110.95
28/08/2025 03:00;110.95
28/08/2025 03:15;110.95
28/08/2025 03:30;110.97
28/08/2025 03:45;110.96
28/08/2025 04:00;110.96
28/08/2025 04:15;110.96
28/08/2025 04:30;110.96
28/08/2025 04:45;110.96
28/08/2025 05:00;110.95
28/08/2025 05:15;110.96
28/08/2025 05:30;110.96
28/08/2025 05:45;110.95
28/08/2025 06:00;110.95
28/08/2025 06:15;110.95
28/08/2025 06:30;110.95
28/08/2025 06:45;110.95
28/08/2025 07:00;110.96
28/08/2025 07:15;110.95
28/08/2025 07:30;110.95
28/08/2025 07:45;110.95
28/08/2025 08:00;110.95
28/08/2025 08:15;110.95
28/08/2025 08:30;110.93
28/08/2025 08:45;110.95
28/08/2025 09:00;110.93
28/08/2025 09:15;110.95
28/08/2025 09:30;110.95
28/08/2025 09:45;110.95
28/08/2025 10:00;110.95
28/08/2025 10:15;110.95
28/08/2025 10:30;110.95
28/08/2025 10:45;110.95
28/08/2025 11:00;110.93
28/08/2025 11:15;110.95
28/08/2025 11:30;110.95
28/08/2025 11:45;110.95
28/08/2025 12:00;110.93
28/08/2025 12:15;110.93
28/08/2025 12:30;110.95
28/08/2025 12:45;110.95
28/08/2025 13:00;110.96
28/08/2025 13:15;110.96
28/08/2025 13:30;110.96
28/08/2025 13:45;110.96
28/08/2025 14:00;110.96
28/08/2025 14:15;110.97
28/08/2025 14:30;110.96
28/08/2025 14:45;110.97
28/08/2025 15:00;110.96
28/08/2025 15:15;110.96
28/08/2025 15:30;110.96
28/08/2025 15:45;110.96
28/08/2025 16:00;110.97
28/08/2025 16:15;110.96
28/08/2025 16:30;110.97
28/08/2025 16:45;110.97
28/08/2025 17:00;110.97
28/08/2025 17:15;110.97
28/08/2025 17:30;110.97
28/08/2025 17:45;110.97
28/08/2025 18:00;110.97
28/08/2025 18:15;110.97
28/08/2025 18:30;110.97
28/08/2025 18:45;110.96
28/08/2025 19:00;110.97
28/08/2025 19:15;110.97
28/08/2025 19:30;110.97
28/08/2025 19:45;110.97
28/08/2025 20:00;110.97
28/08/2025 20:15;110.95
28/08/2025 20:30;110.95
28/08/2025 20:45;110.95
28/08/2025 21:00;110.95
28/08/2025 21:15;110.95
28/08/2025 21:30;110.95
28/08/2025 21:45;110.95
28/08/2025 22:00;110.93
28/08/2025 22:15;110.95
28/08/2025 22:30;110.92
28/08/2025 22:45;110.91
28/08/2025 23:00;110.93
28/08/2025 23:15;110.92
28/08/2025 23:30;110.92
28/08/2025 23:45;110.91
29/08/2025 00:00;110.91
29/08/2025 00:15;110.91
29/08/2025 00:30;110.9
29/08/2025 00:45;110.91
29/08/2025 01:00;110.9
29/08/2025 01:15;110.9
29/08/2025 01:30;110.89
29/08/2025 01:45;110.89
29/08/2025 02:00;110.89
29/08/2025 02:15;110.89
29/08/2025 02:30;110.9
29/08/2025 02:45;110.89
29/08/2025 03:00;110.88
29/08/2025 03:15;110.9
29/08/2025 03:30;110.89
29/08/2025 03:45;110.89
29/08/2025 04:00;110.89
29/08/2025 04:15;110.89
29/08/2025 04:30;110.9
29/08/2025 04:45;110.88
29/08/2025 05:00;110.89
29/08/2025 05:15;110.89
29/08/2025 05:30;110.89
29/08/2025 05:45;110.9
29/08/2025 06:00;110.89
29/08/2025 06:15;110.89
29/08/2025 06:30;110.9
29/08/2025 06:45;110.9
29/08/2025 07:00;110.9
29/08/2025 07:15;110.9
29/08/2025 07:30;110.91
29/08/2025 07:45;110.9
29/08/2025 08:00;110.9
29/08/2025 08:15;110.91
29/08/2025 08:30;110.91
29/08/2025 08:45;110.9
29/08/2025 09:00;110.91
29/08/2025 09:15;110.91
29/08/2025 09:30;110.91
29/08/2025 09:45;110.91
29/08/2025 10:00;110.92
29/08/2025 10:15;110.92
29/08/2025 10:30;110.92
29/08/2025 10:45;110.93
29/08/2025 11:00;110.93
29/08/2025 11:15;110.93
29/08/2025 11:30;110.93
29/08/2025 11:45;110.93
29/08/2025 12:00;110.93
29/08/2025 12:15;110.95
29/08/2025 12:30;110.95
29/08/2025 12:45;110.95
29/08/2025 13:00;110.95
29/08/2025 13:15;110.95
29/08/2025 13:30;110.95
29/08/2025 13:45;110.95
29/08/2025 14:00;110.95
29/08/2025 14:15;110.95
29/08/2025 14:30;110.95
29/08/2025 14:45;110.95
29/08/2025 15:00;110.95
29/08/2025 15:15;110.95
29/08/2025 15:30;110.95
29/08/2025 15:45;110.96
29/08/2025 16:00;110.96
29/08/2025 16:15;110.96
29/08/2025 16:30;110.96
29/08/2025 16:45;110.96
29/08/2025 17:00;110.96
29/08/2025 17:15;110.96
29/08/2025 17:30;110.97
29/08/2025 17:45;110.97
29/08/2025 18:00;110.97
29/08/2025 18:15;110.97
29/08/2025 18:30;110.97
29/08/2025 18:45;110.97
29/08/2025 19:00;110.97
29/08/2025 19:15;110.97
29/08/2025 19:30;110.98
29/08/2025 19:45;110.98
29/08/2025 20:00;110.98
29/08/2025 20:15;110.96
29/08/2025 20:30;110.96
29/08/2025 20:45;110.96
29/08/2025 21:00;110.96
29/08/2025 21:15;110.95
29/08/2025 21:30;110.95
29/08/2025 21:45;110.95
29/08/2025 22:00;110.93
29/08/2025 22:15;110.93
29/08/2025 22:30;110.93
29/08/2025 22:45;110.93
29/08/2025 23:00;110.92
29/08/2025 23:15;110.92
29/08/2025 23:30;110.91
29/08/2025 23:45;110.91
30/08/2025 00:00;110.9
30/08/2025 00:15;110.9
30/08/2025 00:30;110.88
30/08/2025 00:45;110.88
30/08/2025 01:00;110.87
30/08/2025 01:15;110.88
30/08/2025 01:30;110.9
30/08/2025 01:45;110.89
30/08/2025 02:00;110.89
30/08/2025 02:15;110.88
30/08/2025 02:30;110.89
30/08/2025 02:45;110.88
30/08/2025 03:00;110.88
30/08/2025 03:15;110.89
30/08/2025 03:30;110.89
30/08/2025 03:45;110.89
30/08/2025 04:00;110.88
30/08/2025 04:15;110.89
30/08/2025 04:30;110.89
30/08/2025 04:45;110.89
30/08/2025 05:00;110.9
30/08/2025 05:15;110.9
30/08/2025 05:30;110.91
30/08/2025 05:45;110.9
30/08/2025 06:00;110.9
30/08/2025 06:15;110.91
30/08/2025 06:30;110.91
30/08/2025 06:45;110.9
30/08/2025 07:00;110.9
30/08/2025 07:15;110.91
30/08/2025 07:30;110.9
30/08/2025 07:45;110.91
30/08/2025 08:00;110.91
30/08/2025 08:15;110.91
30/08/2025 08:30;110.91
30/08/2025 08:45;110.92
30/08/2025 09:00;110.92
30/08/2025 09:15;110.92
30/08/2025 09:30;110.92
30/08/2025 09:45;110.92
30/08/2025 10:00;110.92
30/08/2025 10:15;110.92
30/08/2025 10:30;110.93
30/08/2025 10:45;110.93
30/08/2025 11:00;110.93
30/08/2025 11:15;110.93
30/08/2025 11:30;110.93
30/08/2025 11:45;110.93
30/08/2025 12:00;110.93
30/08/2025 12:15;110.95
30/08/2025 12:30;110.93
30/08/2025 12:45;110.95
30/08/2025 13:00;110.95
30/08/2025 13:15;110.95
30/08/2025 13:30;110.95
30/08/2025 13:45;110.95
30/08/2025 14:00;110.95
30/08/2025 14:15;110.95
30/08/2025 14:30;110.95
30/08/2025 14:45;110.95
30/08/2025 15:00;110.95
30/08/2025 15:15;110.95
30/08/2025 15:30;110.95
30/08/2025 15:45;110.95
30/08/2025 16:00;110.95
30/08/2025 16:15;110.95
30/08/2025 16:30;110.95
30/08/2025 16:45;110.95
30/08/2025 17:00;110.95
30/08/2025 17:15;110.96
30/08/2025 17:30;110.96
30/08/2025 17:45;110.96
30/08/2025 18:00;110.96
30/08/2025 18:15;110.96
30/08/2025 18:30;110.96
30/08/2025 18:45;110.96
30/08/2025 19:00;110.96
30/08/2025 19:15;110.96
30/08/2025 19:30;110.96
30/08/2025 19:45;110.96
30/08/2025 20:00;110.96
30/08/2025 20:15;110.95
30/08/2025 20:30;110.91
30/08/2025 20:45;110.92
30/08/2025 21:00;110.91
30/08/2025 21:15;110.91
30/08/2025 21:30;110.9
30/08/2025 21:45;110.92
30/08/2025 22:00;110.91
30/08/2025 22:15;110.89
30/08/2025 22:30;110.89
30/08/2025 22:45;110.87
30/08/2025 23:00;110.87
30/08/2025 23:15;110.86
30/08/2025 23:30;110.85
30/08/2025 23:45;110.83
31/08/2025 00:00;110.82
31/08/2025 00:15;110.81
31/08/2025 00:30;110.79
31/08/2025 00:45;110.79
31/08/2025 01:00;110.79
31/08/2025 01:15;110.77
31/08/2025 01:30;110.77
31/08/2025 01:45;110.77
31/08/2025 02:00;110.76
31/08/2025 02:15;110.74
31/08/2025 02:30;110.73
31/08/2025 02:45;110.73
31/08/2025 03:00;110.71
31/08/2025 03:15;110.72
31/08/2025 03:30;110.71
31/08/2025 03:45;110.7
31/08/2025 04:00;110.7
31/08/2025 04:15;110.7
31/08/2025 04:30;110.7
31/08/2025 04:45;110.67
31/08/2025 05:00;110.68
31/08/2025 05:15;110.67
31/08/2025 05:30;110.67
31/08/2025 05:45;110.66
31/08/2025 06:00;110.65
31/08/2025 06:15;110.66
31/08/2025 06:30;110.65
31/08/2025 06:45;110.66
31/08/2025 07:00;110.65
31/08/2025 07:15;110.66
31/08/2025 07:30;110.67
31/08/2025 07:45;110.66
31/08/2025 08:00;110.66
31/08/2025 08:15;110.66
31/08/2025 08:30;110.67
31/08/2025 08:45;110.66
31/08/2025 09:00;110.66
31/08/2025 09:15;110.66
31/08/2025 09:30;110.66
31/08/2025 09:45;110.66
31/08/2025 10:00;110.67
31/08/2025 10:15;110.66
31/08/2025 10:30;110.67
31/08/2025 10:45;110.67
31/08/2025 11:00;110.68
31/08/2025 11:15;110.68
31/08/2025 11:30;110.68
31/08/2025 11:45;110.7
31/08/2025 12:00;110.68
31/08/2025 12:15;110.7
31/08/2025 12:30;110.7
31/08/2025 12:45;110.68
31/08/2025 13:00;110.68
31/08/2025 13:15;110.68
31/08/2025 13:30;110.7
31/08/2025 13:45;110.7
31/08/2025 14:00;110.7
31/08/2025 14:15;110.7
31/08/2025 14:30;110.7
31/08/2025 14:45;110.7
31/08/2025 15:00;110.7
31/08/2025 15:15;110.7
31/08/2025 15:30;110.7
31/08/2025 15:45;110.7
31/08/2025 16:00;110.7
31/08/2025 16:15;110.7
31/08/2025 16:30;110.7
31/08/2025 16:45;110.7
31/08/2025 17:00;110.7
31/08/2025 17:15;110.71
31/08/2025 17:30;110.71
31/08/2025 17:45;110.72
31/08/2025 18:00;110.71
31/08/2025 18:15;110.72
31/08/2025 18:30;110.72
31/08/2025 18:45;110.72
31/08/2025 19:00;110.72
31/08/2025 19:15;110.72
31/08/2025 19:30;110.72
31/08/2025 19:45;110.72
31/08/2025 20:00;110.72
31/08/2025 20:15;110.71
31/08/2025 20:30;110.71
31/08/2025 20:45;110.71
31/08/2025 21:00;110.72
31/08/2025 21:15;110.71
31/08/2025 21:30;110.72
31/08/2025 21:45;110.72
31/08/2025 22:00;110.71
31/08/2025 22:15;110.72
31/08/2025 22:30;110.72
31/08/2025 22:45;110.74
31/08/2025 23:00;110.71
31/08/2025 23:15;110.72
31/08/2025 23:30;110.71
31/08/2025 23:45;110.71
01/09/2025 00:00;110.71
01/09/2025 00:15;110.71
01/09/2025 00:30;110.71
01/09/2025 00:45;110.72
01/09/2025 01:00;110.73
01/09/2025 01:15;110.72
01/09/2025 01:30;110.72
01/09/2025 01:45;110.72
01/09/2025 02:00;110.73
01/09/2025 02:15;110.73
01/09/2025 02:30;110.73
01/09/2025 02:45;110.72
01/09/2025 03:00;110.72
01/09/2025 03:15;110.72
01/09/2025 03:30;110.72
01/09/2025 03:45;110.72
01/09/2025 04:00;110.73
01/09/2025 04:15;110.73
01/09/2025 04:30;110.73
01/09/2025 04:45;110.73
01/09/2025 05:00;110.74
01/09/2025 05:15;110.74
01/09/2025 05:30;110.74
01/09/2025 05:45;110.74
01/09/2025 06:00;110.74
01/09/2025 06:15;110.72
01/09/2025 06:30;110.72
01/09/2025 06:45;110.72
01/09/2025 07:00;110.72
01/09/2025 07:15;110.72
01/09/2025 07:30;110.72
01/09/2025 07:45;110.73
01/09/2025 08:00;110.72
01/09/2025 08:15;110.73
01/09/2025 08:30;110.73
01/09/2025 08:45;110.72
01/09/2025 09:00;110.73
01/09/2025 09:15;110.73
01/09/2025 09:30;110.73
01/09/2025 09:45;110.72
01/09/2025 10:00;110.72
01/09/2025 10:15;110.72
01/09/2025 10:30;110.72
01/09/2025 10:45;110.72
01/09/2025 11:00;110.72
01/09/2025 11:15;110.72
01/09/2025 11:30;110.73
01/09/2025 11:45;110.74
01/09/2025 12:00;110.73
01/09/2025 12:15;110.73
01/09/2025 12:30;110.74
01/09/2025 12:45;110.74
01/09/2025 13:00;110.74
01/09/2025 13:15;110.74
01/09/2025 13:30;110.74
01/09/2025 13:45;110.75
01/09/2025 14:00;110.74
01/09/2025 14:15;110.75
01/09/2025 14:30;110.74
01/09/2025 14:45;110.74
01/09/2025 15:00;110.75
01/09/2025 15:15;110.75
01/09/2025 15:30;110.74
01/09/2025 15:45;110.75
01/09/2025 16:00;110.75
01/09/2025 16:15;110.76
01/09/2025 16:30;110.76
01/09/2025 16:45;110.76
01/09/2025 17:00;110.76
01/09/2025 17:15;110.77
01/09/2025 17:30;110.76
01/09/2025 17:45;110.77
01/09/2025 18:00;110.77
01/09/2025 18:15;110.76
01/09/2025 18:30;110.77
01/09/2025 18:45;110.77
01/09/2025 19:00;110.77
01/09/2025 19:15;110.75
01/09/2025 19:30;110.76
01/09/2025 19:45;110.76
01/09/2025 20:00;110.75
01/09/2025 20:15;110.72
01/09/2025 20:30;110.71
01/09/2025 20:45;110.72
01/09/2025 21:00;110.71
01/09/2025 21:15;110.71
01/09/2025 21:30;110.7
01/09/2025 21:45;110.7
01/09/2025 22:00;110.7
01/09/2025 22:15;110.68
01/09/2025 22:30;110.68
01/09/2025 22:45;110.68
01/09/2025 23:00;110.68
01/09/2025 23:15;110.67
01/09/2025 23:30;110.65
01/09/2025 23:45;110.64
02/09/2025 00:00;110.63
02/09/2025 00:15;110.66
02/09/2025 00:30;110.65
02/09/2025 00:45;110.65
02/09/2025 01:00;110.66
02/09/2025 01:15;110.65
02/09/2025 01:30;110.65
02/09/2025 01:45;110.64
02/09/2025 02:00;110.65
02/09/2025 02:15;110.65
02/09/2025 02:30;110.65
02/09/2025 02:45;110.66
02/09/2025 03:00;110.65
02/09/2025 03:15;110.64
02/09/2025 03:30;110.65
02/09/2025 03:45;110.65
02/09/2025 04:00;110.66
02/09/2025 04:15;110.66
02/09/2025 04:30;110.67
02/09/2025 04:45;110.67
02/09/2025 05:00;110.67
02/09/2025 05:15;110.67
02/09/2025 05:30;110.67
02/09/2025 05:45;110.67
02/09/2025 06:00;110.67
02/09/2025 06:15;110.66
02/09/2025 06:30;110.65
02/09/2025 06:45;110.65
02/09/2025 07:00;110.66
02/09/2025 07:15;110.66
02/09/2025 07:30;110.66
02/09/2025 07:45;110.67
02/09/2025 08:00;110.66
02/09/2025 08:15;110.66
02/09/2025 08:30;110.66
02/09/2025 08:45;110.66
02/09/2025 09:00;110.65
02/09/2025 09:15;110.66
02/09/2025 09:30;110.67
02/09/2025 09:45;110.65
02/09/2025 10:00;110.66
02/09/2025 10:15;110.66
02/09/2025 10:30;110.66
02/09/2025 10:45;110.65
02/09/2025 11:00;110.65
02/09/2025 11:15;110.66
02/09/2025 11:30;110.66
02/09/2025 11:45;110.67
02/09/2025 12:00;110.66
02/09/2025 12:15;110.66
02/09/2025 12:30;110.67
02/09/2025 12:45;110.67
02/09/2025 13:00;110.67
02/09/2025 13:15;110.67
02/09/2025 13:30;110.68
02/09/2025 13:45;110.68
02/09/2025 14:00;110.68
02/09/2025 14:15;110.68
02/09/2025 14:30;110.68
02/09/2025 14:45;110.7
02/09/2025 15:00;110.7
02/09/2025 15:15;110.7
02/09/2025 15:30;110.7
02/09/2025 15:45;110.7
02/09/2025 16:00;110.7
02/09/2025 16:15;110.7
02/09/2025 16:30;110.7
02/09/2025 16:45;110.7
02/09/2025 17:00;110.7
02/09/2025 17:15;110.7
02/09/2025 17:30;110.7
02/09/2025 17:45;110.7
02/09/2025 18:00;110.7
02/09/2025 18:15;110.7
02/09/2025 18:30;110.7
02/09/2025 18:45;110.7
02/09/2025 19:00;110.7
02/09/2025 19:15;110.7
02/09/2025 19:30;110.7
02/09/2025 19:45;110.7
02/09/2025 20:00;110.68
02/09/2025 20:15;110.64
02/09/2025 20:30;110.65
02/09/2025 20:45;110.65
02/09/2025 21:00;110.64
02/09/2025 21:15;110.64
02/09/2025 21:30;110.64
02/09/2025 21:45;110.66
02/09/2025 22:00;110.63
02/09/2025 22:15;110.63
02/09/2025 22:30;110.62
02/09/2025 22:45;110.61
02/09/2025 23:00;110.61
02/09/2025 23:15;110.59
02/09/2025 23:30;110.59
02/09/2025 23:45;110.57
03/09/2025 00:00;110.57
03/09/2025 00:15;110.58
03/09/2025 00:30;110.59
03/09/2025 00:45;110.58
03/09/2025 01:00;110.59
03/09/2025 01:15;110.58
03/09/2025 01:30;110.59
03/09/2025 01:45;110.58
03/09/2025 02:00;110.58
03/09/2025 02:15;110.59
03/09/2025 02:30;110.58
03/09/2025 02:45;110.59
03/09/2025 03:00;110.57
03/09/2025 03:15;110.57
03/09/2025 03:30;110.58
03/09/2025 03:45;110.58
03/09/2025 04:00;110.59
03/09/2025 04:15;110.59
03/09/2025 04:30;110.6
03/09/2025 04:45;110.6
03/09/2025 05:00;110.59
03/09/2025 05:15;110.6
03/09/2025 05:30;110.6
03/09/2025 05:45;110.59
03/09/2025 06:00;110.59
03/09/2025 06:15;110.56
03/09/2025 06:30;110.56
03/09/2025 06:45;110.56
03/09/2025 07:00;110.56
03/09/2025 07:15;110.56
03/09/2025 07:30;110.55
03/09/2025 07:45;110.56
03/09/2025 08:00;110.55
03/09/2025 08:15;110.55
03/09/2025 08:30;110.54
03/09/2025 08:45;110.54
03/09/2025 09:00;110.54
03/09/2025 09:15;110.55
03/09/2025 09:30;110.55
03/09/2025 09:45;110.54
03/09/2025 10:00;110.54
03/09/2025 10:15;110.54
03/09/2025 10:30;110.52
03/09/2025 10:45;110.52
03/09/2025 11:00;110.52
03/09/2025 11:15;110.54
03/09/2025 11:30;110.54
03/09/2025 11:45;110.54
03/09/2025 12:00;110.54
03/09/2025 12:15;110.54
03/09/2025 12:30;110.54
03/09/2025 12:45;110.54
03/09/2025 13:00;110.54
03/09/2025 13:15;110.55
03/09/2025 13:30;110.55
03/09/2025 13:45;110.54
03/09/2025 14:00;110.54
03/09/2025 14:15;110.55
03/09/2025 14:30;110.55
03/09/2025 14:45;110.55
03/09/2025 15:00;110.55
03/09/2025 15:15;110.55
03/09/2025 15:30;110.56
03/09/2025 15:45;110.56
03/09/2025 16:00;110.56
03/09/2025 16:15;110.56
03/09/2025 16:30;110.56
03/09/2025 16:45;110.57
03/09/2025 17:00;110.57
03/09/2025 17:15;110.57
03/09/2025 17:30;110.57
03/09/2025 17:45;110.57
03/09/2025 18:00;110.57
03/09/2025 18:15;110.57
03/09/2025 18:30;110.57
03/09/2025 18:45;110.57
03/09/2025 19:00;110.57
03/09/2025 19:15;110.55
03/09/2025 19:30;110.56
03/09/2025 19:45;110.56
03/09/2025 20:00;110.56
03/09/2025 20:15;110.54
03/09/2025 20:30;110.54
03/09/2025 20:45;110.54
03/09/2025 21:00;110.54
03/09/2025 21:15;110.54
03/09/2025 21:30;110.52
03/09/2025 21:45;110.54
03/09/2025 22:00;110.52
03/09/2025 22:15;110.51
03/09/2025 22:30;110.51
03/09/2025 22:45;110.5
03/09/2025 23:00;110.49
03/09/2025 23:15;110.48
03/09/2025 23:30;110.48
03/09/2025 23:45;110.48
04/09/2025 00:00;110.47
04/09/2025 00:15;110.46
04/09/2025 00:30;110.47
04/09/2025 00:45;110.49
04/09/2025 01:00;110.48
04/09/2025 01:15;110.48
04/09/2025 01:30;110.47
04/09/2025 01:45;110.48
04/09/2025 02:00;110.47
04/09/2025 02:15;110.46
04/09/2025 02:30;110.48
04/09/2025 02:45;110.46
04/09/2025 03:00;110.47
04/09/2025 03:15;110.47
04/09/2025 03:30;110.47
04/09/2025 03:45;110.47
04/09/2025 04:00;110.47
04/09/2025 04:15;110.48
04/09/2025 04:30;110.48
04/09/2025 04:45;110.48
04/09/2025 05:00;110.49
04/09/2025 05:15;110.48
04/09/2025 05:30;110.49
04/09/2025 05:45;110.49
04/09/2025 06:00;110.47
04/09/2025 06:15;110.48
04/09/2025 06:30;110.47
04/09/2025 06:45;110.47
04/09/2025 07:00;110.46
04/09/2025 07:15;110.47
04/09/2025 07:30;110.47
04/09/2025 07:45;110.47
04/09/2025 08:00;110.47
04/09/2025 08:15;110.47
04/09/2025 08:30;110.47
04/09/2025 08:45;110.47
04/09/2025 09:00;110.47
04/09/2025 09:15;110.46
04/09/2025 09:30;110.48
04/09/2025 09:45;110.47
04/09/2025 10:00;110.47
04/09/2025 10:15;110.47
04/09/2025 10:30;110.47
04/09/2025 10:45;110.47
04/09/2025 11:00;110.46
04/09/2025 11:15;110.48
04/09/2025 11:30;110.47
04/09/2025 11:45;110.47
04/09/2025 12:00;110.47
04/09/2025 12:15;110.48
04/09/2025 12:30;110.47
04/09/2025 12:45;110.48
04/09/2025 13:00;110.48
04/09/2025 13:15;110.48
04/09/2025 13:30;110.48
04/09/2025 13:45;110.49
04/09/2025 14:00;110.48
04/09/2025 14:15;110.48
04/09/2025 14:30;110.49
04/09/2025 14:45;110.49
04/09/2025 15:00;110.49
04/09/2025 15:15;110.49
04/09/2025 15:30;110.49
04/09/2025 15:45;110.5
04/09/2025 16:00;110.49
04/09/2025 16:15;110.5
04/09/2025 16:30;110.5
04/09/2025 16:45;110.5
04/09/2025 17:00;110.5
04/09/2025 17:15;110.5
04/09/2025 17:30;110.5
04/09/2025 17:45;110.5
04/09/2025 18:00;110.5
04/09/2025 18:15;110.51
04/09/2025 18:30;110.5
04/09/2025 18:45;110.51
04/09/2025 19:00;110.51
04/09/2025 19:15;110.49
04/09/2025 19:30;110.47
04/09/2025 19:45;110.48
04/09/2025 20:00;110.48
04/09/2025 20:15;110.47
04/09/2025 20:30;110.47
04/09/2025 20:45;110.47
04/09/2025 21:00;110.47
04/09/2025 21:15;110.46
04/09/2025 21:30;110.46
04/09/2025 21:45;110.45
04/09/2025 22:00;110.45
04/09/2025 22:15;110.45
04/09/2025 22:30;110.43
04/09/2025 22:45;110.42
04/09/2025 23:00;110.41
04/09/2025 23:15;110.4
04/09/2025 23:30;110.39
04/09/2025 23:45;110.39
05/09/2025 00:00;110.39
05/09/2025 00:15;110.41
05/09/2025 00:30;110.41
05/09/2025 00:45;110.41
05/09/2025 01:00;110.41
05/09/2025 01:15;110.4
05/09/2025 01:30;110.41
05/09/2025 01:45;110.4
05/09/2025 02:00;110.4
05/09/2025 02:15;110.41
05/09/2025 02:30;110.39
05/09/2025 02:45;110.4
05/09/2025 03:00;110.39
05/09/2025 03:15;110.39
05/09/2025 03:30;110.4
05/09/2025 03:45;110.4
05/09/2025 04:00;110.41
05/09/2025 04:15;110.41
05/09/2025 04:30;110.42
05/09/2025 04:45;110.41
05/09/2025 05:00;110.41
05/09/2025 05:15;110.41
05/09/2025 05:30;110.41
05/09/2025 05:45;110.41
05/09/2025 06:00;110.41
05/09/2025 06:15;110.41
05/09/2025 06:30;110.39
05/09/2025 06:45;110.4
05/09/2025 07:00;110.4
05/09/2025 07:15;110.39
05/09/2025 07:30;110.38
05/09/2025 07:45;110.38
05/09/2025 08:00;110.39
05/09/2025 08:15;110.38
05/09/2025 08:30;110.38
05/09/2025 08:45;110.37
05/09/2025 09:00;110.37
05/09/2025 09:15;110.38
05/09/2025 09:30;110.39
05/09/2025 09:45;110.37
05/09/2025 10:00;110.37
05/09/2025 10:15;110.37
05/09/2025 10:30;110.37
05/09/2025 10:45;110.36
05/09/2025 11:00;110.36
05/09/2025 11:15;110.37
05/09/2025 11:30;110.36
05/09/2025 11:45;110.36
05/09/2025 12:00;110.36
05/09/2025 12:15;110.36
05/09/2025 12:30;110.37
05/09/2025 12:45;110.37
05/09/2025 13:00;110.38
05/09/2025 13:15;110.38
05/09/2025 13:30;110.39
05/09/2025 13:45;110.39
05/09/2025 14:00;110.38
05/09/2025 14:15;110.38
05/09/2025 14:30;110.38
05/09/2025 14:45;110.38
05/09/2025 15:00;110.37
05/09/2025 15:15;110.37
05/09/2025 15:30;110.38
05/09/2025 15:45;110.38
05/09/2025 16:00;110.38
05/09/2025 16:15;110.38
05/09/2025 16:30;110.38
05/09/2025 16:45;110.38
05/09/2025 17:00;110.38
05/09/2025 17:15;110.39
05/09/2025 17:30;110.38
05/09/2025 17:45;110.39
05/09/2025 18:00;110.39
05/09/2025 18:15;110.39
05/09/2025 18:30;110.39
05/09/2025 18:45;110.39
05/09/2025 19:00;110.39
05/09/2025 19:15;110.38
05/09/2025 19:30;110.37
05/09/2025 19:45;110.38
05/09/2025 20:00;110.38
05/09/2025 20:15;110.36
05/09/2025 20:30;110.36
05/09/2025 20:45;110.37
05/09/2025 21:00;110.36
05/09/2025 21:15;110.36
05/09/2025 21:30;110.36
05/09/2025 21:45;110.34
05/09/2025 22:00;110.34
05/09/2025 22:15;110.34
05/09/2025 22:30;110.33
05/09/2025 22:45;110.32
05/09/2025 23:00;110.31
05/09/2025 23:15;110.31
05/09/2025 23:30;110.3
05/09/2025 23:45;110.29
06/09/2025 00:00;110.3
06/09/2025 00:15;110.29
06/09/2025 00:30;110.29
06/09/2025 00:45;110.29
06/09/2025 01:00;110.29
06/09/2025 01:15;110.29
06/09/2025 01:30;110.27
06/09/2025 01:45;110.27
06/09/2025 02:00;110.26
06/09/2025 02:15;110.26
06/09/2025 02:30;110.26
06/09/2025 02:45;110.25
06/09/2025 03:00;110.25
06/09/2025 03:15;110.27
06/09/2025 03:30;110.26
06/09/2025 03:45;110.26
06/09/2025 04:00;110.26
06/09/2025 04:15;110.26
06/09/2025 04:30;110.26
06/09/2025 04:45;110.26
06/09/2025 05:00;110.27
06/09/2025 05:15;110.26
06/09/2025 05:30;110.27
06/09/2025 05:45;110.27
06/09/2025 06:00;110.26
06/09/2025 06:15;110.26
06/09/2025 06:30;110.27
06/09/2025 06:45;110.27
06/09/2025 07:00;110.27
06/09/2025 07:15;110.27
06/09/2025 07:30;110.29
06/09/2025 07:45;110.29
06/09/2025 08:00;110.29
06/09/2025 08:15;110.29
06/09/2025 08:30;110.29
06/09/2025 08:45;110.29
06/09/2025 09:00;110.29
06/09/2025 09:15;110.29
06/09/2025 09:30;110.29
06/09/2025 09:45;110.29
06/09/2025 10:00;110.29
06/09/2025 10:15;110.29
06/09/2025 10:30;110.29
06/09/2025 10:45;110.29
06/09/2025 11:00;110.29
06/09/2025 11:15;110.3
06/09/2025 11:30;110.3
06/09/2025 11:45;110.3
06/09/2025 12:00;110.3
06/09/2025 12:15;110.3
06/09/2025 12:30;110.3
06/09/2025 12:45;110.3
06/09/2025 13:00;110.3
06/09/2025 13:15;110.3
06/09/2025 13:30;110.3
06/09/2025 13:45;110.3
06/09/2025 14:00;110.3
06/09/2025 14:15;110.3
06/09/2025 14:30;110.3
06/09/2025 14:45;110.3
06/09/2025 15:00;110.3
06/09/2025 15:15;110.3
06/09/2025 15:30;110.3
06/09/2025 15:45;110.3
06/09/2025 16:00;110.3
06/09/2025 16:15;110.3
06/09/2025 16:30;110.3
06/09/2025 16:45;110.3
06/09/2025 17:00;110.3
06/09/2025 17:15;110.31
06/09/2025 17:30;110.31
06/09/2025 17:45;110.31
06/09/2025 18:00;110.31
06/09/2025 18:15;110.31
06/09/2025 18:30;110.32
06/09/2025 18:45;110.32
06/09/2025 19:00;110.32
06/09/2025 19:15;110.32
06/09/2025 19:30;110.32
06/09/2025 19:45;110.32
06/09/2025 20:00;110.31
06/09/2025 20:15;110.29
06/09/2025 20:30;110.3
06/09/2025 20:45;110.29
06/09/2025 21:00;110.29
06/09/2025 21:15;110.29
06/09/2025 21:30;110.29
06/09/2025 21:45;110.29
06/09/2025 22:00;110.27
06/09/2025 22:15;110.29
06/09/2025 22:30;110.27
06/09/2025 22:45;110.26
06/09/2025 23:00;110.26
06/09/2025 23:15;110.25
06/09/2025 23:30;110.25
06/09/2025 23:45;110.23
07/09/2025 00:00;110.23
07/09/2025 00:15;110.24
07/09/2025 00:30;110.23
07/09/2025 00:45;110.23
07/09/2025 01:00;110.23
07/09/2025 01:15;110.22
07/09/2025 01:30;110.22
07/09/2025 01:45;110.23
07/09/2025 02:00;110.23
07/09/2025 02:15;110.23
07/09/2025 02:30;110.22
07/09/2025 02:45;110.23
07/09/2025 03:00;110.22
07/09/2025 03:15;110.21
07/09/2025 03:30;110.22
07/09/2025 03:45;110.22
07/09/2025 04:00;110.22
07/09/2025 04:15;110.23
07/09/2025 04:30;110.23
07/09/2025 04:45;110.23
07/09/2025 05:00;110.23
07/09/2025 05:15;110.23
07/09/2025 05:30;110.24
07/09/2025 05:45;110.24
07/09/2025 06:00;110.24
07/09/2025 06:15;110.24
07/09/2025 06:30;110.24
07/09/2025 06:45;110.24
07/09/2025 07:00;110.24
07/09/2025 07:15;110.24
07/09/2025 07:30;110.24
07/09/2025 07:45;110.25
07/09/2025 08:00;110.24
07/09/2025 08:15;110.25
07/09/2025 08:30;110.25
07/09/2025 08:45;110.26
07/09/2025 09:00;110.26
07/09/2025 09:15;110.26
07/09/2025 09:30;110.26
07/09/2025 09:45;110.26
07/09/2025 10:00;110.26
07/09/2025 10:15;110.27
07/09/2025 10:30;110.27
07/09/2025 10:45;110.26
07/09/2025 11:00;110.27
07/09/2025 11:15;110.27
07/09/2025 11:30;110.27
07/09/2025 11:45;110.27
07/09/2025 12:00;110.27
07/09/2025 12:15;110.27
07/09/2025 12:30;110.27
07/09/2025 12:45;110.29
07/09/2025 13:00;110.29
07/09/2025 13:15;110.29
07/09/2025 13:30;110.27
07/09/2025 13:45;110.29
07/09/2025 14:00;110.29
07/09/2025 14:15;110.29
07/09/2025 14:30;110.29
07/09/2025 14:45;110.29
07/09/2025 15:00;110.29
07/09/2025 15:15;110.29
07/09/2025 15:30;110.29
07/09/2025 15:45;110.29
07/09/2025 16:00;110.29
07/09/2025 16:15;110.29
07/09/2025 16:30;110.29
07/09/2025 16:45;110.29
07/09/2025 17:00;110.29
07/09/2025 17:15;110.29
07/09/2025 17:30;110.29
07/09/2025 17:45;110.29
07/09/2025 18:00;110.29
07/09/2025 18:15;110.29
07/09/2025 18:30;110.29
07/09/2025 18:45;110.3
07/09/2025 19:00;110.29
07/09/2025 19:15;110.29
07/09/2025 19:30;110.27
07/09/2025 19:45;110.29
07/09/2025 20:00;110.29
07/09/2025 20:15;110.27
07/09/2025 20:30;110.26
07/09/2025 20:45;110.26
07/09/2025 21:00;110.26
07/09/2025 21:15;110.25
07/09/2025 21:30;110.25
07/09/2025 21:45;110.25
07/09/2025 22:00;110.25
07/09/2025 22:15;110.24
07/09/2025 22:30;110.24
07/09/2025 22:45;110.24
07/09/2025 23:00;110.22
07/09/2025 23:15;110.21
07/09/2025 23:30;110.2
07/09/2025 23:45;110.2
08/09/2025 00:00;110.2
08/09/2025 00:15;110.22
08/09/2025 00:30;110.22
08/09/2025 00:45;110.21
08/09/2025 01:00;110.21
08/09/2025 01:15;110.21
08/09/2025 01:30;110.21
08/09/2025 01:45;110.2
08/09/2025 02:00;110.21
08/09/2025 02:15;110.2
08/09/2025 02:30;110.2
08/09/2025 02:45;110.2
08/09/2025 03:00;110.2
08/09/2025 03:15;110.2
08/09/2025 03:30;110.21
08/09/2025 03:45;110.21
08/09/2025 04:00;110.21
08/09/2025 04:15;110.22
08/09/2025 04:30;110.22
08/09/2025 04:45;110.22
08/09/2025 05:00;110.22
08/09/2025 05:15;110.22
08/09/2025 05:30;110.22
08/09/2025 05:45;110.22
08/09/2025 06:00;110.22
08/09/2025 06:15;110.22
08/09/2025 06:30;110.22
08/09/2025 06:45;110.22
08/09/2025 07:00;110.23
08/09/2025 07:15;110.23
08/09/2025 07:30;110.23
08/09/2025 07:45;110.24
08/09/2025 08:00;110.24
08/09/2025 08:15;110.24
08/09/2025 08:30;110.24
08/09/2025 08:45;110.24
08/09/2025 09:00;110.24
08/09/2025 09:15;110.24
08/09/2025 09:30;110.24
08/09/2025 09:45;110.24
08/09/2025 10:00;110.24
08/09/2025 10:15;110.24
08/09/2025 10:30;110.25
08/09/2025 10:45;110.25
08/09/2025 11:00;110.25
08/09/2025 11:15;110.26
08/09/2025 11:30;110.26
08/09/2025 11:45;110.26
08/09/2025 12:00;110.26
08/09/2025 12:15;110.26
08/09/2025 12:30;110.25
08/09/2025 12:45;110.26
08/09/2025 13:00;110.26
08/09/2025 13:15;110.26
08/09/2025 13:30;110.26
08/09/2025 13:45;110.26
08/09/2025 14:00;110.26
08/09/2025 14:15;110.26
08/09/2025 14:30;110.26
08/09/2025 14:45;110.26
08/09/2025 15:00;110.27
08/09/2025 15:15;110.27
08/09/2025 15:30;110.27
08/09/2025 15:45;110.27
08/09/2025 16:00;110.27
08/09/2025 16:15;110.27
08/09/2025 16:30;110.27
08/09/2025 16:45;110.27
08/09/2025 17:00;110.27
08/09/2025 17:15;110.27
08/09/2025 17:30;110.27
08/09/2025 17:45;110.27
08/09/2025 18:00;110.27
08/09/2025 18:15;110.29
08/09/2025 18:30;110.29
08/09/2025 18:45;110.29
08/09/2025 19:00;110.29
08/09/2025 19:15;110.29
08/09/2025 19:30;110.26
08/09/2025 19:45;110.26
08/09/2025 20:00;110.26
08/09/2025 20:15;110.26
08/09/2025 20:30;110.24
08/09/2025 20:45;110.24
08/09/2025 21:00;110.24
08/09/2025 21:15;110.24
08/09/2025 21:30;110.26
08/09/2025 21:45;110.26
08/09/2025 22:00;110.26
08/09/2025 22:15;110.24
08/09/2025 22:30;110.25
08/09/2025 22:45;110.22
08/09/2025 23:00;110.21
08/09/2025 23:15;110.21
08/09/2025 23:30;110.2
08/09/2025 23:45;110.2
09/09/2025 00:00;110.2
09/09/2025 00:15;110.21
09/09/2025 00:30;110.22
09/09/2025 00:45;110.23
09/09/2025 01:00;110.22
09/09/2025 01:15;110.22
09/09/2025 01:30;110.21
09/09/2025 01:45;110.22
09/09/2025 02:00;110.2
09/09/2025 02:15;110.2
09/09/2025 02:30;110.2
09/09/2025 02:45;110.2
09/09/2025 03:00;110.2
09/09/2025 03:15;110.2
09/09/2025 03:30;110.2
09/09/2025 03:45;110.2
09/09/2025 04:00;110.21
09/09/2025 04:15;110.22
09/09/2025 04:30;110.22
09/09/2025 04:45;110.23
09/09/2025 05:00;110.22
09/09/2025 05:15;110.22
09/09/2025 05:30;110.22
09/09/2025 05:45;110.22
09/09/2025 06:00;110.22
09/09/2025 06:15;110.22
09/09/2025 06:30;110.22
09/09/2025 06:45;110.22
09/09/2025 07:00;110.22
09/09/2025 07:15;110.21
09/09/2025 07:30;110.2
09/09/2025 07:45;110.2
09/09/2025 08:00;110.2
09/09/2025 08:15;110.2
09/09/2025 08:30;110.2
09/09/2025 08:45;110.2
09/09/2025 09:00;110.2
09/09/2025 09:15;110.2
09/09/2025 09:30;110.21
09/09/2025 09:45;110.21
09/09/2025 10:00;110.21
09/09/2025 10:15;110.2
09/09/2025 10:30;110.2
09/09/2025 10:45;110.2
09/09/2025 11:00;110.2
09/09/2025 11:15;110.2
09/09/2025 11:30;110.2
09/09/2025 11:45;110.2
09/09/2025 12:00;110.2
09/09/2025 12:15;110.2
09/09/2025 12:30;110.2
09/09/2025 12:45;110.2
09/09/2025 13:00;110.21
09/09/2025 13:15;110.21
09/09/2025 13:30;110.21
09/09/2025 13:45;110.21
09/09/2025 14:00;110.21
09/09/2025 14:15;110.2
09/09/2025 14:30;110.21
09/09/2025 14:45;110.2
09/09/2025 15:00;110.2
09/09/2025 15:15;110.2
09/09/2025 15:30;110.2
09/09/2025 15:45;110.21
09/09/2025 16:00;110.21
09/09/2025 16:15;110.21
09/09/2025 16:30;110.21
09/09/2025 16:45;110.22
09/09/2025 17:00;110.22
09/09/2025 17:15;110.22
09/09/2025 17:30;110.22
09/09/2025 17:45;110.22
09/09/2025 18:00;110.22
09/09/2025 18:15;110.22
09/09/2025 18:30;110.21
09/09/2025 18:45;110.22
09/09/2025 19:00;110.22
09/09/2025 19:15;110.22
09/09/2025 19:30;110.22
09/09/2025 19:45;110.23
09/09/2025 20:00;110.23
09/09/2025 20:15;110.22
09/09/2025 20:30;110.2
09/09/2025 20:45;110.22
09/09/2025 21:00;110.21
09/09/2025 21:15;110.22
09/09/2025 21:30;110.21
09/09/2025 21:45;110.21
09/09/2025 22:00;110.21
09/09/2025 22:15;110.2
09/09/2025 22:30;110.21
09/09/2025 22:45;110.2
09/09/2025 23:00;110.2
09/09/2025 23:15;110.22
09/09/2025 23:30;110.22
09/09/2025 23:45;110.2
10/09/2025 00:00;110.21
10/09/2025 00:15;110.21
10/09/2025 00:30;110.21
10/09/2025 00:45;110.2
10/09/2025 01:00;110.2
10/09/2025 01:15;110.21
10/09/2025 01:30;110.2
10/09/2025 01:45;110.21
10/09/2025 02:00;110.2
10/09/2025 02:15;110.2
10/09/2025 02:30;110.21
10/09/2025 02:45;110.21
10/09/2025 03:00;110.22
10/09/2025 03:15;110.21
10/09/2025 03:30;110.22
10/09/2025 03:45;110.22
10/09/2025 04:00;110.22
10/09/2025 04:15;110.21
10/09/2025 04:30;110.22
10/09/2025 04:45;110.22
10/09/2025 05:00;110.22
10/09/2025 05:15;110.22
10/09/2025 05:30;110.22
10/09/2025 05:45;110.22
10/09/2025 06:00;110.22
10/09/2025 06:15;110.22
10/09/2025 06:30;110.22
10/09/2025 06:45;110.22
10/09/2025 07:00;110.22
10/09/2025 07:15;110.22
10/09/2025 07:30;110.22
10/09/2025 07:45;110.21
10/09/2025 08:00;110.22
10/09/2025 08:15;110.22
10/09/2025 08:30;110.2
10/09/2025 08:45;110.21
10/09/2025 09:00;110.22
10/09/2025 09:15;110.23
10/09/2025 09:30;110.22
10/09/2025 09:45;110.22
10/09/2025 10:00;110.23
10/09/2025 10:15;110.22
10/09/2025 10:30;110.22
10/09/2025 10:45;110.22
10/09/2025 11:00;110.22
10/09/2025 11:15;110.22
10/09/2025 11:30;110.22
10/09/2025 11:45;110.22
10/09/2025 12:00;110.22
10/09/2025 12:15;110.22
10/09/2025 12:30;110.23
10/09/2025 12:45;110.22
10/09/2025 13:00;110.23
10/09/2025 13:15;110.23
10/09/2025 13:30;110.24
10/09/2025 13:45;110.24
10/09/2025 14:00;110.24
10/09/2025 14:15;110.24
10/09/2025 14:30;110.24
10/09/2025 14:45;110.24
10/09/2025 15:00;110.24
10/09/2025 15:15;110.24
10/09/2025 15:30;110.25
10/09/2025 15:45;110.24
10/09/2025 16:00;110.25
10/09/2025 16:15;110.25
10/09/2025 16:30;110.25
10/09/2025 16:45;110.25
10/09/2025 17:00;110.25
10/09/2025 17:15;110.25
10/09/2025 17:30;110.25
10/09/2025 17:45;110.25
10/09/2025 18:00;110.24
10/09/2025 18:15;110.25
10/09/2025 18:30;110.24
10/09/2025 18:45;110.25
10/09/2025 19:00;110.25
10/09/2025 19:15;110.26
10/09/2025 19:30;110.26
10/09/2025 19:45;110.26
10/09/2025 20:00;110.25
10/09/2025 20:15;110.22
10/09/2025 20:30;110.23
10/09/2025 20:45;110.22
10/09/2025 21:00;110.22
10/09/2025 21:15;110.21
10/09/2025 21:30;110.21
10/09/2025 21:45;110.22
10/09/2025 22:00;110.2
10/09/2025 22:15;110.21
10/09/2025 22:30;110.2
10/09/2025 22:45;110.2
10/09/2025 23:00;110.2
10/09/2025 23:15;110.22
10/09/2025 23:30;110.21
10/09/2025 23:45;110.2
11/09/2025 00:00;110.2
11/09/2025 00:15;110.2
11/09/2025 00:30;110.2
11/09/2025 00:45;110.18
11/09/2025 01:00;110.2
11/09/2025 01:15;110.2
11/09/2025 01:30;110.2
11/09/2025 01:45;110.2
11/09/2025 02:00;110.2
11/09/2025 02:15;110.2
11/09/2025 02:30;110.2
11/09/2025 02:45;110.2
11/09/2025 03:00;110.2
11/09/2025 03:15;110.21
11/09/2025 03:30;110.22
11/09/2025 03:45;110.21
11/09/2025 04:00;110.21
11/09/2025 04:15;110.21
11/09/2025 04:30;110.21
11/09/2025 04:45;110.21
11/09/2025 05:00;110.21
11/09/2025 05:15;110.21
11/09/2025 05:30;110.21
11/09/2025 05:45;110.21
11/09/2025 06:00;110.21
11/09/2025 06:15;110.2
11/09/2025 06:30;110.2
11/09/2025 06:45;110.2
11/09/2025 07:00;110.2
11/09/2025 07:15;110.18
11/09/2025 07:30;110.18
11/09/2025 07:45;110.2
11/09/2025 08:00;110.18
11/09/2025 08:15;110.2
11/09/2025 08:30;110.21
11/09/2025 08:45;110.2
11/09/2025 09:00;110.2
11/09/2025 09:15;110.2
11/09/2025 09:30;110.2
11/09/2025 09:45;110.18
11/09/2025 10:00;110.18
11/09/2025 10:15;110.2
11/09/2025 10:30;110.18
11/09/2025 10:45;110.18
11/09/2025 11:00;110.18
11/09/2025 11:15;110.18
11/09/2025 11:30;110.2
11/09/2025 11:45;110.2
11/09/2025 12:00;110.2
11/09/2025 12:15;110.2
11/09/2025 12:30;110.21
11/09/2025 12:45;110.21
11/09/2025 13:00;110.2
11/09/2025 13:15;110.2
11/09/2025 13:30;110.21
11/09/2025 13:45;110.2
11/09/2025 14:00;110.2
11/09/2025 14:15;110.2
11/09/2025 14:30;110.2
11/09/2025 14:45;110.2
11/09/2025 15:00;110.2
11/09/2025 15:15;110.21
11/09/2025 15:30;110.21
11/09/2025 15:45;110.21
11/09/2025 16:00;110.21
11/09/2025 16:15;110.21
11/09/2025 16:30;110.21
11/09/2025 16:45;110.21
11/09/2025 17:00;110.21
11/09/2025 17:15;110.21
11/09/2025 17:30;110.21
11/09/2025 17:45;110.21
11/09/2025 18:00;110.21
11/09/2025 18:15;110.21
11/09/2025 18:30;110.21
11/09/2025 18:45;110.21
11/09/2025 19:00;110.21
11/09/2025 19:15;110.21
11/09/2025 19:30;110.21
11/09/2025 19:45;110.21
11/09/2025 20:00;110.21
11/09/2025 20:15;110.18
11/09/2025 20:30;110.2
11/09/2025 20:45;110.2
11/09/2025 21:00;110.18
11/09/2025 21:15;110.17
11/09/2025 21:30;110.17
11/09/2025 21:45;110.18
11/09/2025 22:00;110.17
11/09/2025 22:15;110.17
11/09/2025 22:30;110.17
11/09/2025 22:45;110.15
11/09/2025 23:00;110.15
11/09/2025 23:15;110.15
11/09/2025 23:30;110.13
11/09/2025 23:45;110.12
12/09/2025 00:00;110.12
12/09/2025 00:15;110.13
12/09/2025 00:30;110.13
12/09/2025 00:45;110.13
12/09/2025 01:00;110.14
12/09/2025 01:15;110.12
12/09/2025 01:30;110.13
12/09/2025 01:45;110.12
12/09/2025 02:00;110.13
12/09/2025 02:15;110.13
12/09/2025 02:30;110.12
12/09/2025 02:45;110.13
12/09/2025 03:00;110.12
12/09/2025 03:15;110.12
12/09/2025 03:30;110.12
12/09/2025 03:45;110.12
12/09/2025 04:00;110.13
12/09/2025 04:15;110.13
12/09/2025 04:30;110.14
12/09/2025 04:45;110.14
12/09/2025 05:00;110.14
12/09/2025 05:15;110.14
12/09/2025 05:30;110.14
12/09/2025 05:45;110.14
12/09/2025 06:00;110.14
12/09/2025 06:15;110.13
12/09/2025 06:30;110.11
12/09/2025 06:45;110.11
12/09/2025 07:00;110.11
12/09/2025 07:15;110.11
12/09/2025 07:30;110.11
12/09/2025 07:45;110.11
12/09/2025 08:00;110.11
12/09/2025 08:15;110.09
12/09/2025 08:30;110.09
12/09/2025 08:45;110.09
12/09/2025 09:00;110.08
12/09/2025 09:15;110.11
12/09/2025 09:30;110.11
12/09/2025 09:45;110.09
12/09/2025 10:00;110.08
12/09/2025 10:15;110.08
12/09/2025 10:30;110.08
12/09/2025 10:45;110.06
12/09/2025 11:00;110.07
12/09/2025 11:15;110.08
12/09/2025 11:30;110.07
12/09/2025 11:45;110.09
12/09/2025 12:00;110.08
12/09/2025 12:15;110.08
12/09/2025 12:30;110.09
12/09/2025 12:45;110.09
12/09/2025 13:00;110.09
12/09/2025 13:15;110.09
12/09/2025 13:30;110.11
12/09/2025 13:45;110.11
12/09/2025 14:00;110.09
12/09/2025 14:15;110.09
12/09/2025 14:30;110.09
12/09/2025 14:45;110.09
12/09/2025 15:00;110.09
12/09/2025 15:15;110.11
12/09/2025 15:30;110.09
12/09/2025 15:45;110.11
12/09/2025 16:00;110.11
12/09/2025 16:15;110.11
12/09/2025 16:30;110.11
12/09/2025 16:45;110.11
12/09/2025 17:00;110.11
12/09/2025 17:15;110.11
12/09/2025 17:30;110.11
12/09/2025 17:45;110.11
12/09/2025 18:00;110.11
12/09/2025 18:15;110.11
12/09/2025 18:30;110.11
12/09/2025 18:45;110.11
12/09/2025 19:00;110.11
12/09/2025 19:15;110.11
12/09/2025 19:30;110.11
12/09/2025 19:45;110.11
12/09/2025 20:00;110.11
12/09/2025 20:15;110.09
12/09/2025 20:30;110.07
12/09/2025 20:45;110.07
12/09/2025 21:00;110.07
12/09/2025 21:15;110.07
12/09/2025 21:30;110.06
12/09/2025 21:45;110.06
12/09/2025 22:00;110.06
12/09/2025 22:15;110.05
12/09/2025 22:30;110.05
12/09/2025 22:45;110.04
12/09/2025 23:00;110.04
12/09/2025 23:15;110.04
12/09/2025 23:30;110.04
12/09/2025 23:45;110.02
13/09/2025 00:00;110
13/09/2025 00:15;110
13/09/2025 00:30;109.99
13/09/2025 00:45;109.98
13/09/2025 01:00;109.98
13/09/2025 01:15;109.98
13/09/2025 01:30;109.97
13/09/2025 01:45;109.97
13/09/2025 02:00;109.96
13/09/2025 02:15;109.95
13/09/2025 02:30;109.95
13/09/2025 02:45;109.95
13/09/2025 03:00;109.95
13/09/2025 03:15;109.96
13/09/2025 03:30;109.95
13/09/2025 03:45;109.95
13/09/2025 04:00;109.95
13/09/2025 04:15;109.95
13/09/2025 04:30;109.95
13/09/2025 04:45;109.93
13/09/2025 05:00;109.93
13/09/2025 05:15;109.93
13/09/2025 05:30;109.93
13/09/2025 05:45;109.95
13/09/2025 06:00;109.93
13/09/2025 06:15;109.93
13/09/2025 06:30;109.95
13/09/2025 06:45;109.95
13/09/2025 07:00;109.95
13/09/2025 07:15;109.95
13/09/2025 07:30;109.96
13/09/2025 07:45;109.95
13/09/2025 08:00;109.95
13/09/2025 08:15;109.95
13/09/2025 08:30;109.95
13/09/2025 08:45;109.95
13/09/2025 09:00;109.95
13/09/2025 09:15;109.96
13/09/2025 09:30;109.95
13/09/2025 09:45;109.96
13/09/2025 10:00;109.96
13/09/2025 10:15;109.96
13/09/2025 10:30;109.96
13/09/2025 10:45;109.97
13/09/2025 11:00;109.97
13/09/2025 11:15;109.97
13/09/2025 11:30;109.97
13/09/2025 11:45;109.97
13/09/2025 12:00;109.97
13/09/2025 12:15;109.97
13/09/2025 12:30;109.97
13/09/2025 12:45;109.97
13/09/2025 13:00;109.97
13/09/2025 13:15;109.97
13/09/2025 13:30;109.98
13/09/2025 13:45;109.98
13/09/2025 14:00;109.98
13/09/2025 14:15;109.98
13/09/2025 14:30;109.98
13/09/2025 14:45;109.98
13/09/2025 15:00;109.98
13/09/2025 15:15;109.98
13/09/2025 15:30;109.98
13/09/2025 15:45;109.98
13/09/2025 16:00;109.98
13/09/2025 16:15;109.98
13/09/2025 16:30;109.98
13/09/2025 16:45;109.98
13/09/2025 17:00;109.98
13/09/2025 17:15;109.99
13/09/2025 17:30;109.99
13/09/2025 17:45;109.99
13/09/2025 18:00;109.99
13/09/2025 18:15;109.99
13/09/2025 18:30;109.99
13/09/2025 18:45;109.99
13/09/2025 19:00;109.99
13/09/2025 19:15;109.99
13/09/2025 19:30;109.99
13/09/2025 19:45;109.99
13/09/2025 20:00;109.99
13/09/2025 20:15;109.96
13/09/2025 20:30;109.97
13/09/2025 20:45;109.97
13/09/2025 21:00;109.97
13/09/2025 21:15;109.96
13/09/2025 21:30;109.96
13/09/2025 21:45;109.97
13/09/2025 22:00;109.95
13/09/2025 22:15;109.95
13/09/2025 22:30;109.95
13/09/2025 22:45;109.95
13/09/2025 23:00;109.93
13/09/2025 23:15;109.92
13/09/2025 23:30;109.93
13/09/2025 23:45;109.91
14/09/2025 00:00;109.89
14/09/2025 00:15;109.9
14/09/2025 00:30;109.9
14/09/2025 00:45;109.9
14/09/2025 01:00;109.9
14/09/2025 01:15;109.89
14/09/2025 01:30;109.89
14/09/2025 01:45;109.88
14/09/2025 02:00;109.9
14/09/2025 02:15;109.88
14/09/2025 02:30;109.88
14/09/2025 02:45;109.89
14/09/2025 03:00;109.88
14/09/2025 03:15;109.87
14/09/2025 03:30;109.86
14/09/2025 03:45;109.87
14/09/2025 04:00;109.87
14/09/2025 04:15;109.87
14/09/2025 04:30;109.87
14/09/2025 04:45;109.86
14/09/2025 05:00;109.86
14/09/2025 05:15;109.86
14/09/2025 05:30;109.86
14/09/2025 05:45;109.86
14/09/2025 06:00;109.86
14/09/2025 06:15;109.86
14/09/2025 06:30;109.87
14/09/2025 06:45;109.86
14/09/2025 07:00;109.86
14/09/2025 07:15;109.86
14/09/2025 07:30;109.86
14/09/2025 07:45;109.86
14/09/2025 08:00;109.86
14/09/2025 08:15;109.86
14/09/2025 08:30;109.86
14/09/2025 08:45;109.86
14/09/2025 09:00;109.86
14/09/2025 09:15;109.86
14/09/2025 09:30;109.86
14/09/2025 09:45;109.87
14/09/2025 10:00;109.87
14/09/2025 10:15;109.87
14/09/2025 10:30;109.87
14/09/2025 10:45;109.88
14/09/2025 11:00;109.87
14/09/2025 11:15;109.87
14/09/2025 11:30;109.87
14/09/2025 11:45;109.88
14/09/2025 12:00;109.87
14/09/2025 12:15;109.87
14/09/2025 12:30;109.88
14/09/2025 12:45;109.88
14/09/2025 13:00;109.88
14/09/2025 13:15;109.88
14/09/2025 13:30;109.88
14/09/2025 13:45;109.88
14/09/2025 14:00;109.89
14/09/2025 14:15;109.89
14/09/2025 14:30;109.89
14/09/2025 14:45;109.89
14/09/2025 15:00;109.89
14/09/2025 15:15;109.89
14/09/2025 15:30;109.89
14/09/2025 15:45;109.89
14/09/2025 16:00;109.89
14/09/2025 16:15;109.89
14/09/2025 16:30;109.9
14/09/2025 16:45;109.9
14/09/2025 17:00;109.9
14/09/2025 17:15;109.9
14/09/2025 17:30;109.9
14/09/2025 17:45;109.9
14/09/2025 18:00;109.9
14/09/2025 18:15;109.9
14/09/2025 18:30;109.9
14/09/2025 18:45;109.9
14/09/2025 19:00;109.89
14/09/2025 19:15;109.87
14/09/2025 19:30;109.88
14/09/2025 19:45;109.87
14/09/2025 20:00;109.87
14/09/2025 20:15;109.87
14/09/2025 20:30;109.87
14/09/2025 20:45;109.87
14/09/2025 21:00;109.86
14/09/2025 21:15;109.86
14/09/2025 21:30;109.86
14/09/2025 21:45;109.84
14/09/2025 22:00;109.84
14/09/2025 22:15;109.83
14/09/2025 22:30;109.82
14/09/2025 22:45;109.8
14/09/2025 23:00;109.8
14/09/2025 23:15;109.79
14/09/2025 23:30;109.79
14/09/2025 23:45;109.79
15/09/2025 00:00;109.79
15/09/2025 00:15;109.8
15/09/2025 00:30;109.81
15/09/2025 00:45;109.8
15/09/2025 01:00;109.8
15/09/2025 01:15;109.79
15/09/2025 01:30;109.79
15/09/2025 01:45;109.79
15/09/2025 02:00;109.79
15/09/2025 02:15;109.79
15/09/2025 02:30;109.79
15/09/2025 02:45;109.79
15/09/2025 03:00;109.79
15/09/2025 03:15;109.79
15/09/2025 03:30;109.79
15/09/2025 03:45;109.8
15/09/2025 04:00;109.8
15/09/2025 04:15;109.81
15/09/2025 04:30;109.81
15/09/2025 04:45;109.81
15/09/2025 05:00;109.8
15/09/2025 05:15;109.8
15/09/2025 05:30;109.8
15/09/2025 05:45;109.8
15/09/2025 06:00;109.8
15/09/2025 06:15;109.77
15/09/2025 06:30;109.77
15/09/2025 06:45;109.77
15/09/2025 07:00;109.77
15/09/2025 07:15;109.77
15/09/2025 07:30;109.76
15/09/2025 07:45;109.79
15/09/2025 08:00;109.77
15/09/2025 08:15;109.76
15/09/2025 08:30;109.76
15/09/2025 08:45;109.74
15/09/2025 09:00;109.75
15/09/2025 09:15;109.76
15/09/2025 09:30;109.76
15/09/2025 09:45;109.75
15/09/2025 10:00;109.74
15/09/2025 10:15;109.74
15/09/2025 10:30;109.74
15/09/2025 10:45;109.74
15/09/2025 11:00;109.74
15/09/2025 11:15;109.75
15/09/2025 11:30;109.74
15/09/2025 11:45;109.75
15/09/2025 12:00;109.74
15/09/2025 12:15;109.75
15/09/2025 12:30;109.75
15/09/2025 12:45;109.75
15/09/2025 13:00;109.76
15/09/2025 13:15;109.76
15/09/2025 13:30;109.76
15/09/2025 13:45;109.76
15/09/2025 14:00;109.76
15/09/2025 14:15;109.76
15/09/2025 14:30;109.76
15/09/2025 14:45;109.76
15/09/2025 15:00;109.76
15/09/2025 15:15;109.76
15/09/2025 15:30;109.77
15/09/2025 15:45;109.77
15/09/2025 16:00;109.77
15/09/2025 16:15;109.77
15/09/2025 16:30;109.77
15/09/2025 16:45;109.77
15/09/2025 17:00;109.79
15/09/2025 17:15;109.79
15/09/2025 17:30;109.79
15/09/2025 17:45;109.79
15/09/2025 18:00;109.79
15/09/2025 18:15;109.79
15/09/2025 18:30;109.79
15/09/2025 18:45;109.79
15/09/2025 19:00;109.79
15/09/2025 19:15;109.77
15/09/2025 19:30;109.77
15/09/2025 19:45;109.77
15/09/2025 20:00;109.77
15/09/2025 20:15;109.76
15/09/2025 20:30;109.74
15/09/2025 20:45;109.75
15/09/2025 21:00;109.74
15/09/2025 21:15;109.75
15/09/2025 21:30;109.74
15/09/2025 21:45;109.74
15/09/2025 22:00;109.74
15/09/2025 22:15;109.73
15/09/2025 22:30;109.76
15/09/2025 22:45;109.75
15/09/2025 23:00;109.75
15/09/2025 23:15;109.74
15/09/2025 23:30;109.74
15/09/2025 23:45;109.74
16/09/2025 00:00;109.72
16/09/2025 00:15;109.74
16/09/2025 00:30;109.74
16/09/2025 00:45;109.74
16/09/2025 01:00;109.75
16/09/2025 01:15;109.74
16/09/2025 01:30;109.74
16/09/2025 01:45;109.75
16/09/2025 02:00;109.76
16/09/2025 02:15;109.76
16/09/2025 02:30;109.76
16/09/2025 02:45;109.76
16/09/2025 03:00;109.76
16/09/2025 03:15;109.75
16/09/2025 03:30;109.76
16/09/2025 03:45;109.76
16/09/2025 04:00;109.76
16/09/2025 04:15;109.76
16/09/2025 04:30;109.76
16/09/2025 04:45;109.76
16/09/2025 05:00;109.77
16/09/2025 05:15;109.77
16/09/2025 05:30;109.77
16/09/2025 05:45;109.77
16/09/2025 06:00;109.79
16/09/2025 06:15;109.79
16/09/2025 06:30;109.76
16/09/2025 06:45;109.76
16/09/2025 07:00;109.76
16/09/2025 07:15;109.75
16/09/2025 07:30;109.74
16/09/2025 07:45;109.74
16/09/2025 08:00;109.74
16/09/2025 08:15;109.74
16/09/2025 08:30;109.73
16/09/2025 08:45;109.74
16/09/2025 09:00;109.73
16/09/2025 09:15;109.75
16/09/2025 09:30;109.76
16/09/2025 09:45;109.74
16/09/2025 10:00;109.74
16/09/2025 10:15;109.73
16/09/2025 10:30;109.74
16/09/2025 10:45;109.71
16/09/2025 11:00;109.72
16/09/2025 11:15;109.72
16/09/2025 11:30;109.72
16/09/2025 11:45;109.73
16/09/2025 12:00;109.73
16/09/2025 12:15;109.73
16/09/2025 12:30;109.73
16/09/2025 12:45;109.74
16/09/2025 13:00;109.75
16/09/2025 13:15;109.74
16/09/2025 13:30;109.75
16/09/2025 13:45;109.75
16/09/2025 14:00;109.74
16/09/2025 14:15;109.74
16/09/2025 14:30;109.74
16/09/2025 14:45;109.74
16/09/2025 15:00;109.74
16/09/2025 15:15;109.74
16/09/2025 15:30;109.74
16/09/2025 15:45;109.75
16/09/2025 16:00;109.75
16/09/2025 16:15;109.75
16/09/2025 16:30;109.75
16/09/2025 16:45;109.76
16/09/2025 17:00;109.76
16/09/2025 17:15;109.76
16/09/2025 17:30;109.76
16/09/2025 17:45;109.75
16/09/2025 18:00;109.75
16/09/2025 18:15;109.75
16/09/2025 18:30;109.75
16/09/2025 18:45;109.75
16/09/2025 19:00;109.76
16/09/2025 19:15;109.73
16/09/2025 19:30;109.73
16/09/2025 19:45;109.73
16/09/2025 20:00;109.73
16/09/2025 20:15;109.73
16/09/2025 20:30;109.72
16/09/2025 20:45;109.73
16/09/2025 21:00;109.71
16/09/2025 21:15;109.71
16/09/2025 21:30;109.71
16/09/2025 21:45;109.7
16/09/2025 22:00;109.7
16/09/2025 22:15;109.7
16/09/2025 22:30;109.68
16/09/2025 22:45;109.68
16/09/2025 23:00;109.7
16/09/2025 23:15;109.7
16/09/2025 23:30;109.68
16/09/2025 23:45;109.68
17/09/2025 00:00;109.68
17/09/2025 00:15;109.68
17/09/2025 00:30;109.67
17/09/2025 00:45;109.7
17/09/2025 01:00;109.68
17/09/2025 01:15;109.68
17/09/2025 01:30;109.68
17/09/2025 01:45;109.68
17/09/2025 02:00;109.68
17/09/2025 02:15;109.7
17/09/2025 02:30;109.7
17/09/2025 02:45;109.7
17/09/2025 03:00;109.7
17/09/2025 03:15;109.7
17/09/2025 03:30;109.7
17/09/2025 03:45;109.7
17/09/2025 04:00;109.7
17/09/2025 04:15;109.7
17/09/2025 04:30;109.7
17/09/2025 04:45;109.7
17/09/2025 05:00;109.7
17/09/2025 05:15;109.7
17/09/2025 05:30;109.7
17/09/2025 05:45;109.7
17/09/2025 06:00;109.7
17/09/2025 06:15;109.68
17/09/2025 06:30;109.68
17/09/2025 06:45;109.68
17/09/2025 07:00;109.67
17/09/2025 07:15;109.67
17/09/2025 07:30;109.67
17/09/2025 07:45;109.67
17/09/2025 08:00;109.66
17/09/2025 08:15;109.67
17/09/2025 08:30;109.66
17/09/2025 08:45;109.66
17/09/2025 09:00;109.66
17/09/2025 09:15;109.66
17/09/2025 09:30;109.65
17/09/2025 09:45;109.63
17/09/2025 10:00;109.63
17/09/2025 10:15;109.64
17/09/2025 10:30;109.64
17/09/2025 10:45;109.64
17/09/2025 11:00;109.64
17/09/2025 11:15;109.63
17/09/2025 11:30;109.64
17/09/2025 11:45;109.64
17/09/2025 12:00;109.64
17/09/2025 12:15;109.65
17/09/2025 12:30;109.65
17/09/2025 12:45;109.65
17/09/2025 13:00;109.64
17/09/2025 13:15;109.64
17/09/2025 13:30;109.64
17/09/2025 13:45;109.64
17/09/2025 14:00;109.65
17/09/2025 14:15;109.65
17/09/2025 14:30;109.65
17/09/2025 14:45;109.66
17/09/2025 15:00;109.66
17/09/2025 15:15;109.66
17/09/2025 15:30;109.66
17/09/2025 15:45;109.66
17/09/2025 16:00;109.66
17/09/2025 16:15;109.66
17/09/2025 16:30;109.66
17/09/2025 16:45;109.66
17/09/2025 17:00;109.66
17/09/2025 17:15;109.66
17/09/2025 17:30;109.66
17/09/2025 17:45;109.66
17/09/2025 18:00;109.66
17/09/2025 18:15;109.67
17/09/2025 18:30;109.67
17/09/2025 18:45;109.67
17/09/2025 19:00;109.66
17/09/2025 19:15;109.62
17/09/2025 19:30;109.61
17/09/2025 19:45;109.62
17/09/2025 20:00;109.61
17/09/2025 20:15;109.61
17/09/2025 20:30;109.61
17/09/2025 20:45;109.61
17/09/2025 21:00;109.59
17/09/2025 21:15;109.57
17/09/2025 21:30;109.58
17/09/2025 21:45;109.56
17/09/2025 22:00;109.56
17/09/2025 22:15;109.55
17/09/2025 22:30;109.54
17/09/2025 22:45;109.51
17/09/2025 23:00;109.49
17/09/2025 23:15;109.49
17/09/2025 23:30;109.47
17/09/2025 23:45;109.51
18/09/2025 00:00;109.52
18/09/2025 00:15;109.51
18/09/2025 00:30;109.5
18/09/2025 00:45;109.5
18/09/2025 01:00;109.5
18/09/2025 01:15;109.48
18/09/2025 01:30;109.48
18/09/2025 01:45;109.49
18/09/2025 02:00;109.48
18/09/2025 02:15;109.48
18/09/2025 02:30;109.47
18/09/2025 02:45;109.47
18/09/2025 03:00;109.48
18/09/2025 03:15;109.5
18/09/2025 03:30;109.51
18/09/2025 03:45;109.5
18/09/2025 04:00;109.52
18/09/2025 04:15;109.52
18/09/2025 04:30;109.52
18/09/2025 04:45;109.5
18/09/2025 05:00;109.51
18/09/2025 05:15;109.5
18/09/2025 05:30;109.5
18/09/2025 05:45;109.5
18/09/2025 06:00;109.5
18/09/2025 06:15;109.51
18/09/2025 06:30;109.51
18/09/2025 06:45;109.52
18/09/2025 07:00;109.52
18/09/2025 07:15;109.51
18/09/2025 07:30;109.51
18/09/2025 07:45;109.51
18/09/2025 08:00;109.51
18/09/2025 08:15;109.5
18/09/2025 08:30;109.5
18/09/2025 08:45;109.5
18/09/2025 09:00;109.5
18/09/2025 09:15;109.49
18/09/2025 09:30;109.49
18/09/2025 09:45;109.49
18/09/2025 10:00;109.5
18/09/2025 10:15;109.51
18/09/2025 10:30;109.51
18/09/2025 10:45;109.5
18/09/2025 11:00;109.5
18/09/2025 11:15;109.5
18/09/2025 11:30;109.5
18/09/2025 11:45;109.49
18/09/2025 12:00;109.5
18/09/2025 12:15;109.5
18/09/2025 12:30;109.5
18/09/2025 12:45;109.5
18/09/2025 13:00;109.49
18/09/2025 13:15;109.5
18/09/2025 13:30;109.5
18/09/2025 13:45;109.51
18/09/2025 14:00;109.51
18/09/2025 14:15;109.51
18/09/2025 14:30;109.51
18/09/2025 14:45;109.51
18/09/2025 15:00;109.51
18/09/2025 15:15;109.5
18/09/2025 15:30;109.5
18/09/2025 15:45;109.5
18/09/2025 16:00;109.5
18/09/2025 16:15;109.51
18/09/2025 16:30;109.51
18/09/2025 16:45;109.51
18/09/2025 17:00;109.51
18/09/2025 17:15;109.51
18/09/2025 17:30;109.51
18/09/2025 17:45;109.51
18/09/2025 18:00;109.52
18/09/2025 18:15;109.52
18/09/2025 18:30;109.52
18/09/2025 18:45;109.52
18/09/2025 19:00;109.52
18/09/2025 19:15;109.5
18/09/2025 19:30;109.47
18/09/2025 19:45;109.48
18/09/2025 20:00;109.47
18/09/2025 20:15;109.48
18/09/2025 20:30;109.47
18/09/2025 20:45;109.47
18/09/2025 21:00;109.48
18/09/2025 21:15;109.46
18/09/2025 21:30;109.47
18/09/2025 21:45;109.46
18/09/2025 22:00;109.45
18/09/2025 22:15;109.46
18/09/2025 22:30;109.46
18/09/2025 22:45;109.45
18/09/2025 23:00;109.43
18/09/2025 23:15;109.42
18/09/2025 23:30;109.45
18/09/2025 23:45;109.42
19/09/2025 00:00;109.43
19/09/2025 00:15;109.45
19/09/2025 00:30;109.43
19/09/2025 00:45;109.45
19/09/2025 01:00;109.43
19/09/2025 01:15;109.45
19/09/2025 01:30;109.43
19/09/2025 01:45;109.43
19/09/2025 02:00;109.45
19/09/2025 02:15;109.43
19/09/2025 02:30;109.43
19/09/2025 02:45;109.43
19/09/2025 03:00;109.43
19/09/2025 03:15;109.43
19/09/2025 03:30;109.45
19/09/2025 03:45;109.45
19/09/2025 04:00;109.45
19/09/2025 04:15;109.45
19/09/2025 04:30;109.45
19/09/2025 04:45;109.45
19/09/2025 05:00;109.45
19/09/2025 05:15;109.45
19/09/2025 05:30;109.45
19/09/2025 05:45;109.45
19/09/2025 06:00;109.45
19/09/2025 06:15;109.45
19/09/2025 06:30;109.43
19/09/2025 06:45;109.43
19/09/2025 07:00;109.42
19/09/2025 07:15;109.43
19/09/2025 07:30;109.42
19/09/2025 07:45;109.43
19/09/2025 08:00;109.42
19/09/2025 08:15;109.42
19/09/2025 08:30;109.41
19/09/2025 08:45;109.41
19/09/2025 09:00;109.4
19/09/2025 09:15;109.41
19/09/2025 09:30;109.41
19/09/2025 09:45;109.4
19/09/2025 10:00;109.39
19/09/2025 10:15;109.4
19/09/2025 10:30;109.39
19/09/2025 10:45;109.39
19/09/2025 11:00;109.39
19/09/2025 11:15;109.4
19/09/2025 11:30;109.39
19/09/2025 11:45;109.39
19/09/2025 12:00;109.39
19/09/2025 12:15;109.39
19/09/2025 12:30;109.39
19/09/2025 12:45;109.4
19/09/2025 13:00;109.39
19/09/2025 13:15;109.39
19/09/2025 13:30;109.4
19/09/2025 13:45;109.4
19/09/2025 14:00;109.4
19/09/2025 14:15;109.39
19/09/2025 14:30;109.4
19/09/2025 14:45;109.4
19/09/2025 15:00;109.4
19/09/2025 15:15;109.4
19/09/2025 15:30;109.4
19/09/2025 15:45;109.4
19/09/2025 16:00;109.4
19/09/2025 16:15;109.4
19/09/2025 16:30;109.4
19/09/2025 16:45;109.4
19/09/2025 17:00;109.4
19/09/2025 17:15;109.41
19/09/2025 17:30;109.41
19/09/2025 17:45;109.41
19/09/2025 18:00;109.41
19/09/2025 18:15;109.41
19/09/2025 18:30;109.41
19/09/2025 18:45;109.41
19/09/2025 19:00;109.41
19/09/2025 19:15;109.4
19/09/2025 19:30;109.39
19/09/2025 19:45;109.4
19/09/2025 20:00;109.41
19/09/2025 20:15;109.39
19/09/2025 20:30;109.39
19/09/2025 20:45;109.38
19/09/2025 21:00;109.39
19/09/2025 21:15;109.38
19/09/2025 21:30;109.38
19/09/2025 21:45;109.38
19/09/2025 22:00;109.37
19/09/2025 22:15;109.37
19/09/2025 22:30;109.39
19/09/2025 22:45;109.38
19/09/2025 23:00;109.37
19/09/2025 23:15;109.37
19/09/2025 23:30;109.38
19/09/2025 23:45;109.36
20/09/2025 00:00;109.36
20/09/2025 00:15;109.37
20/09/2025 00:30;109.36
20/09/2025 00:45;109.36
20/09/2025 01:00;109.37
20/09/2025 01:15;109.37
20/09/2025 01:30;109.36
20/09/2025 01:45;109.37
20/09/2025 02:00;109.38
20/09/2025 02:15;109.38
20/09/2025 02:30;109.38
20/09/2025 02:45;109.39
20/09/2025 03:00;109.38
20/09/2025 03:15;109.38
20/09/2025 03:30;109.38
20/09/2025 03:45;109.38
20/09/2025 04:00;109.38
20/09/2025 04:15;109.38
20/09/2025 04:30;109.38
20/09/2025 04:45;109.39
20/09/2025 05:00;109.39
20/09/2025 05:15;109.39
20/09/2025 05:30;109.39
20/09/2025 05:45;109.39
20/09/2025 06:00;109.4
20/09/2025 06:15;109.38
20/09/2025 06:30;109.38
20/09/2025 06:45;109.38
20/09/2025 07:00;109.38
20/09/2025 07:15;109.38
20/09/2025 07:30;109.37
20/09/2025 07:45;109.38
20/09/2025 08:00;109.38
20/09/2025 08:15;109.37
20/09/2025 08:30;109.37
20/09/2025 08:45;109.37
20/09/2025 09:00;109.36
20/09/2025 09:15;109.37
20/09/2025 09:30;109.38
20/09/2025 09:45;109.38
20/09/2025 10:00;109.37
20/09/2025 10:15;109.36
20/09/2025 10:30;109.37
20/09/2025 10:45;109.36
20/09/2025 11:00;109.37
20/09/2025 11:15;109.36
20/09/2025 11:30;109.37
20/09/2025 11:45;109.37
20/09/2025 12:00;109.38
20/09/2025 12:15;109.37
20/09/2025 12:30;109.38
20/09/2025 12:45;109.38
20/09/2025 13:00;109.38
20/09/2025 13:15;109.38
20/09/2025 13:30;109.38
20/09/2025 13:45;109.38
20/09/2025 14:00;109.38
20/09/2025 14:15;109.38
20/09/2025 14:30;109.38
20/09/2025 14:45;109.38
20/09/2025 15:00;109.38
20/09/2025 15:15;109.38
20/09/2025 15:30;109.38
20/09/2025 15:45;109.38
20/09/2025 16:00;109.38
20/09/2025 16:15;109.38
20/09/2025 16:30;109.38
20/09/2025 16:45;109.38
20/09/2025 17:00;109.39
20/09/2025 17:15;109.39
20/09/2025 17:30;109.39
20/09/2025 17:45;109.39
20/09/2025 18:00;109.39
20/09/2025 18:15;109.39
20/09/2025 18:30;109.39
20/09/2025 18:45;109.39
20/09/2025 19:00;109.39
20/09/2025 19:15;109.39
20/09/2025 19:30;109.39
20/09/2025 19:45;109.4
20/09/2025 20:00;109.4
20/09/2025 20:15;109.37
20/09/2025 20:30;109.37
20/09/2025 20:45;109.37
20/09/2025 21:00;109.37
20/09/2025 21:15;109.37
20/09/2025 21:30;109.37
20/09/2025 21:45;109.38
20/09/2025 22:00;109.37
20/09/2025 22:15;109.36
20/09/2025 22:30;109.36
20/09/2025 22:45;109.34
20/09/2025 23:00;109.34
20/09/2025 23:15;109.36
20/09/2025 23:30;109.33
20/09/2025 23:45;109.31
21/09/2025 00:00;109.3
21/09/2025 00:15;109.31
21/09/2025 00:30;109.3
21/09/2025 00:45;109.29
21/09/2025 01:00;109.31
21/09/2025 01:15;109.32
21/09/2025 01:30;109.3
21/09/2025 01:45;109.3
21/09/2025 02:00;109.29
21/09/2025 02:15;109.29
21/09/2025 02:30;109.29
21/09/2025 02:45;109.27
21/09/2025 03:00;109.29
21/09/2025 03:15;109.27
21/09/2025 03:30;109.26
21/09/2025 03:45;109.26
21/09/2025 04:00;109.26
21/09/2025 04:15;109.29
21/09/2025 04:30;109.29
21/09/2025 04:45;109.29
21/09/2025 05:00;109.29
21/09/2025 05:15;109.29
21/09/2025 05:30;109.29
21/09/2025 05:45;109.29
21/09/2025 06:00;109.29
21/09/2025 06:15;109.29
21/09/2025 06:30;109.29
21/09/2025 06:45;109.29
21/09/2025 07:00;109.29
21/09/2025 07:15;109.29
21/09/2025 07:30;109.29
21/09/2025 07:45;109.29
21/09/2025 08:00;109.3
21/09/2025 08:15;109.3
21/09/2025 08:30;109.31
21/09/2025 08:45;109.3
21/09/2025 09:00;109.3
21/09/2025 09:15;109.3
21/09/2025 09:30;109.29
21/09/2025 09:45;109.3
21/09/2025 10:00;109.3
21/09/2025 10:15;109.3
21/09/2025 10:30;109.31
21/09/2025 10:45;109.3
21/09/2025 11:00;109.31
21/09/2025 11:15;109.31
21/09/2025 11:30;109.32
21/09/2025 11:45;109.32
21/09/2025 12:00;109.32
21/09/2025 12:15;109.32
21/09/2025 12:30;109.31
21/09/2025 12:45;109.31
21/09/2025 13:00;109.31
21/09/2025 13:15;109.31
21/09/2025 13:30;109.32
21/09/2025 13:45;109.32
21/09/2025 14:00;109.32
21/09/2025 14:15;109.32
21/09/2025 14:30;109.32
21/09/2025 14:45;109.32
21/09/2025 15:00;109.32
21/09/2025 15:15;109.33
21/09/2025 15:30;109.33
21/09/2025 15:45;109.33
21/09/2025 16:00;109.33
21/09/2025 16:15;109.33
21/09/2025 16:30;109.33
21/09/2025 16:45;109.33
21/09/2025 17:00;109.34
21/09/2025 17:15;109.33
21/09/2025 17:30;109.34
21/09/2025 17:45;109.34
21/09/2025 18:00;109.34
21/09/2025 18:15;109.34
21/09/2025 18:30;109.34
21/09/2025 18:45;109.36
21/09/2025 19:00;109.34
21/09/2025 19:15;109.36
21/09/2025 19:30;109.34
21/09/2025 19:45;109.36
21/09/2025 20:00;109.36
21/09/2025 20:15;109.34
21/09/2025 20:30;109.33
21/09/2025 20:45;109.34
21/09/2025 21:00;109.34
21/09/2025 21:15;109.32
21/09/2025 21:30;109.32
21/09/2025 21:45;109.34
21/09/2025 22:00;109.33
21/09/2025 22:15;109.31
21/09/2025 22:30;109.32
21/09/2025 22:45;109.33
21/09/2025 23:00;109.32
21/09/2025 23:15;109.32
21/09/2025 23:30;109.33
21/09/2025 23:45;109.31
22/09/2025 00:00;109.32
22/09/2025 00:15;109.32
22/09/2025 00:30;109.32
22/09/2025 00:45;109.31
22/09/2025 01:00;109.31
22/09/2025 01:15;109.32
22/09/2025 01:30;109.31
22/09/2025 01:45;109.31
22/09/2025 02:00;109.31
22/09/2025 02:15;109.32
22/09/2025 02:30;109.32
22/09/2025 02:45;109.33
22/09/2025 03:00;109.33
22/09/2025 03:15;109.32
22/09/2025 03:30;109.32
22/09/2025 03:45;109.32
22/09/2025 04:00;109.32
22/09/2025 04:15;109.32
22/09/2025 04:30;109.33
22/09/2025 04:45;109.33
22/09/2025 05:00;109.33
22/09/2025 05:15;109.32
22/09/2025 05:30;109.33
22/09/2025 05:45;109.33
22/09/2025 06:00;109.32
22/09/2025 06:15;109.31
22/09/2025 06:30;109.3
22/09/2025 06:45;109.29
22/09/2025 07:00;109.3
22/09/2025 07:15;109.3
22/09/2025 07:30;109.3
22/09/2025 07:45;109.29
22/09/2025 08:00;109.3
22/09/2025 08:15;109.31
22/09/2025 08:30;109.3
22/09/2025 08:45;109.29
22/09/2025 09:00;109.29
22/09/2025 09:15;109.29
22/09/2025 09:30;109.29
22/09/2025 09:45;109.27
22/09/2025 10:00;109.27
22/09/2025 10:15;109.27
22/09/2025 10:30;109.29
22/09/2025 10:45;109.29
22/09/2025 11:00;109.29
22/09/2025 11:15;109.29
22/09/2025 11:30;109.29
22/09/2025 11:45;109.29
22/09/2025 12:00;109.29
22/09/2025 12:15;109.29
22/09/2025 12:30;109.29
22/09/2025 12:45;109.29
22/09/2025 13:00;109.29
22/09/2025 13:15;109.29
22/09/2025 13:30;109.29
22/09/2025 13:45;109.29
22/09/2025 14:00;109.29
22/09/2025 14:15;109.29
22/09/2025 14:30;109.29
22/09/2025 14:45;109.3
22/09/2025 15:00;109.29
22/09/2025 15:15;109.3
22/09/2025 15:30;109.3
22/09/2025 15:45;109.3
22/09/2025 16:00;109.3
22/09/2025 16:15;109.3
22/09/2025 16:30;109.3
22/09/2025 16:45;109.3
22/09/2025 17:00;109.3
22/09/2025 17:15;109.3
22/09/2025 17:30;109.31
22/09/2025 17:45;109.31
22/09/2025 18:00;109.31
22/09/2025 18:15;109.31
22/09/2025 18:30;109.31
22/09/2025 18:45;109.31
22/09/2025 19:00;109.31
22/09/2025 19:15;109.31
22/09/2025 19:30;109.29
22/09/2025 19:45;109.3
22/09/2025 20:00;109.3
22/09/2025 20:15;109.3
22/09/2025 20:30;109.29
22/09/2025 20:45;109.29
22/09/2025 21:00;109.31
22/09/2025 21:15;109.29
22/09/2025 21:30;109.29
22/09/2025 21:45;109.29
22/09/2025 22:00;109.29
22/09/2025 22:15;109.29
22/09/2025 22:30;109.29
22/09/2025 22:45;109.29
22/09/2025 23:00;109.29
22/09/2025 23:15;109.29
22/09/2025 23:30;109.29
22/09/2025 23:45;109.27
23/09/2025 00:00;109.27
23/09/2025 00:15;109.29
23/09/2025 00:30;109.29
23/09/2025 00:45;109.29
23/09/2025 01:00;109.29
23/09/2025 01:15;109.29
23/09/2025 01:30;109.29
23/09/2025 01:45;109.29
23/09/2025 02:00;109.29
23/09/2025 02:15;109.3
23/09/2025 02:30;109.29
23/09/2025 02:45;109.29
23/09/2025 03:00;109.29
23/09/2025 03:15;109.29
23/09/2025 03:30;109.29
23/09/2025 03:45;109.29
23/09/2025 04:00;109.29
23/09/2025 04:15;109.29
23/09/2025 04:30;109.29
23/09/2025 04:45;109.29
23/09/2025 05:00;109.29
23/09/2025 05:15;109.27
23/09/2025 05:30;109.27
23/09/2025 05:45;109.27
23/09/2025 06:00;109.27
23/09/2025 06:15;109.27
23/09/2025 06:30;109.27
23/09/2025 06:45;109.26
23/09/2025 07:00;109.26
23/09/2025 07:15;109.26
23/09/2025 07:30;109.25
23/09/2025 07:45;109.25
23/09/2025 08:00;109.25
23/09/2025 08:15;109.25
23/09/2025 08:30;109.25
23/09/2025 08:45;109.24
23/09/2025 09:00;109.24
23/09/2025 09:15;109.25
23/09/2025 09:30;109.25
23/09/2025 09:45;109.25
23/09/2025 10:00;109.24
23/09/2025 10:15;109.24
23/09/2025 10:30;109.24
23/09/2025 10:45;109.24
23/09/2025 11:00;109.24
23/09/2025 11:15;109.25
23/09/2025 11:30;109.25
23/09/2025 11:45;109.25
23/09/2025 12:00;109.25
23/09/2025 12:15;109.24
23/09/2025 12:30;109.25
23/09/2025 12:45;109.25
23/09/2025 13:00;109.25
23/09/2025 13:15;109.25
23/09/2025 13:30;109.25
23/09/2025 13:45;109.25
23/09/2025 14:00;109.26
23/09/2025 14:15;109.25
23/09/2025 14:30;109.26
23/09/2025 14:45;109.26
23/09/2025 15:00;109.26
23/09/2025 15:15;109.26
23/09/2025 15:30;109.27
23/09/2025 15:45;109.27
23/09/2025 16:00;109.27
23/09/2025 16:15;109.27
23/09/2025 16:30;109.29
23/09/2025 16:45;109.29
23/09/2025 17:00;109.29
23/09/2025 17:15;109.29
23/09/2025 17:30;109.29
23/09/2025 17:45;109.29
23/09/2025 18:00;109.29
23/09/2025 18:15;109.29
23/09/2025 18:30;109.29
23/09/2025 18:45;109.3
23/09/2025 19:00;109.3
23/09/2025 19:15;109.29
23/09/2025 19:30;109.29
23/09/2025 19:45;109.29
23/09/2025 20:00;109.29
23/09/2025 20:15;109.29
23/09/2025 20:30;109.27
23/09/2025 20:45;109.27
23/09/2025 21:00;109.26
23/09/2025 21:15;109.27
23/09/2025 21:30;109.26
23/09/2025 21:45;109.26
23/09/2025 22:00;109.26
23/09/2025 22:15;109.26
23/09/2025 22:30;109.26
23/09/2025 22:45;109.25
23/09/2025 23:00;109.25
23/09/2025 23:15;109.26
23/09/2025 23:30;109.25
23/09/2025 23:45;109.25
24/09/2025 00:00;109.26
24/09/2025 00:15;109.25
24/09/2025 00:30;109.25
24/09/2025 00:45;109.25
24/09/2025 01:00;109.25
24/09/2025 01:15;109.25
24/09/2025 01:30;109.25
24/09/2025 01:45;109.26
24/09/2025 02:00;109.27
24/09/2025 02:15;109.26
24/09/2025 02:30;109.26
24/09/2025 02:45;109.25
24/09/2025 03:00;109.25
24/09/2025 03:15;109.25
24/09/2025 03:30;109.26
24/09/2025 03:45;109.26
24/09/2025 04:00;109.26
24/09/2025 04:15;109.26
24/09/2025 04:30;109.26
24/09/2025 04:45;109.27
24/09/2025 05:00;109.25
24/09/2025 05:15;109.25
24/09/2025 05:30;109.25
24/09/2025 05:45;109.25
24/09/2025 06:00;109.25
24/09/2025 06:15;109.24
24/09/2025 06:30;109.24
24/09/2025 06:45;109.25
24/09/2025 07:00;109.24
24/09/2025 07:15;109.25
24/09/2025 07:30;109.23
24/09/2025 07:45;109.24
24/09/2025 08:00;109.24
24/09/2025 08:15;109.23
24/09/2025 08:30;109.23
24/09/2025 08:45;109.22
24/09/2025 09:00;109.22
24/09/2025 09:15;109.21
24/09/2025 09:30;109.21
24/09/2025 09:45;109.21
24/09/2025 10:00;109.22
24/09/2025 10:15;109.21
24/09/2025 10:30;109.21
24/09/2025 10:45;109.22
24/09/2025 11:00;109.22
24/09/2025 11:15;109.22
24/09/2025 11:30;109.22
24/09/2025 11:45;109.22
24/09/2025 12:00;109.22
24/09/2025 12:15;109.21
24/09/2025 12:30;109.21
24/09/2025 12:45;109.21
24/09/2025 13:00;109.21
24/09/2025 13:15;109.22
24/09/2025 13:30;109.22
24/09/2025 13:45;109.22
24/09/2025 14:00;109.22
24/09/2025 14:15;109.23
24/09/2025 14:30;109.23
24/09/2025 14:45;109.23
24/09/2025 15:00;109.23
24/09/2025 15:15;109.24
24/09/2025 15:30;109.23
24/09/2025 15:45;109.23
24/09/2025 16:00;109.23
24/09/2025 16:15;109.23
24/09/2025 16:30;109.23
24/09/2025 16:45;109.24
24/09/2025 17:00;109.24
24/09/2025 17:15;109.24
24/09/2025 17:30;109.25
24/09/2025 17:45;109.25
24/09/2025 18:00;109.25
24/09/2025 18:15;109.25
24/09/2025 18:30;109.26
24/09/2025 18:45;109.26
24/09/2025 19:00;109.26
24/09/2025 19:15;109.24
24/09/2025 19:30;109.24
24/09/2025 19:45;109.24
24/09/2025 20:00;109.24
24/09/2025 20:15;109.24
24/09/2025 20:30;109.24
24/09/2025 20:45;109.24
24/09/2025 21:00;109.24
24/09/2025 21:15;109.24
24/09/2025 21:30;109.24
24/09/2025 21:45;109.23
24/09/2025 22:00;109.23
24/09/2025 22:15;109.23
24/09/2025 22:30;109.22
24/09/2025 22:45;109.21
24/09/2025 23:00;109.21
24/09/2025 23:15;109.21
24/09/2025 23:30;109.21
24/09/2025 23:45;109.21
25/09/2025 00:00;109.21
25/09/2025 00:15;109.21
25/09/2025 00:30;109.21
25/09/2025 00:45;109.21
25/09/2025 01:00;109.2
25/09/2025 01:15;109.22
25/09/2025 01:30;109.22
25/09/2025 01:45;109.21
25/09/2025 02:00;109.2
25/09/2025 02:15;109.21
25/09/2025 02:30;109.2
25/09/2025 02:45;109.2
25/09/2025 03:00;109.21
25/09/2025 03:15;109.21
25/09/2025 03:30;109.21
25/09/2025 03:45;109.21
25/09/2025 04:00;109.21
25/09/2025 04:15;109.21
25/09/2025 04:30;109.21
25/09/2025 04:45;109.22
25/09/2025 05:00;109.22
25/09/2025 05:15;109.22
25/09/2025 05:30;109.21
25/09/2025 05:45;109.2
25/09/2025 06:00;109.2
25/09/2025 06:15;109.2
25/09/2025 06:30;109.2
25/09/2025 06:45;109.2
25/09/2025 07:00;109.2
25/09/2025 07:15;109.2
25/09/2025 07:30;109.2
25/09/2025 07:45;109.2
25/09/2025 08:00;109.2
25/09/2025 08:15;109.2
25/09/2025 08:30;109.2
25/09/2025 08:45;109.2
25/09/2025 09:00;109.18
25/09/2025 09:15;109.18
25/09/2025 09:30;109.2
25/09/2025 09:45;109.2
25/09/2025 10:00;109.2
25/09/2025 10:15;109.2
25/09/2025 10:30;109.2
25/09/2025 10:45;109.2
25/09/2025 11:00;109.2
25/09/2025 11:15;109.2
25/09/2025 11:30;109.2
25/09/2025 11:45;109.2
25/09/2025 12:00;109.2
25/09/2025 12:15;109.2
25/09/2025 12:30;109.2
25/09/2025 12:45;109.2
25/09/2025 13:00;109.21
25/09/2025 13:15;109.21
25/09/2025 13:30;109.21
25/09/2025 13:45;109.22
25/09/2025 14:00;109.22
25/09/2025 14:15;109.22
25/09/2025 14:30;109.21
25/09/2025 14:45;109.21
25/09/2025 15:00;109.21
25/09/2025 15:15;109.22
25/09/2025 15:30;109.22
25/09/2025 15:45;109.22
25/09/2025 16:00;109.22
25/09/2025 16:15;109.22
25/09/2025 16:30;109.23
25/09/2025 16:45;109.23
25/09/2025 17:00;109.23
25/09/2025 17:15;109.23
25/09/2025 17:30;109.23
25/09/2025 17:45;109.23
25/09/2025 18:00;109.23
25/09/2025 18:15;109.21
25/09/2025 18:30;109.22
25/09/2025 18:45;109.22
25/09/2025 19:00;109.22
25/09/2025 19:15;109.22
25/09/2025 19:30;109.22
25/09/2025 19:45;109.22
25/09/2025 20:00;109.22
25/09/2025 20:15;109.21
25/09/2025 20:30;109.21
25/09/2025 20:45;109.21
25/09/2025 21:00;109.21
25/09/2025 21:15;109.21
25/09/2025 21:30;109.2
25/09/2025 21:45;109.2
25/09/2025 22:00;109.2
25/09/2025 22:15;109.2
25/09/2025 22:30;109.2
25/09/2025 22:45;109.2
25/09/2025 23:00;109.2
25/09/2025 23:15;109.2
25/09/2025 23:30;109.2
25/09/2025 23:45;109.18
26/09/2025 00:00;109.18
26/09/2025 00:15;109.18
26/09/2025 00:30;109.18
26/09/2025 00:45;109.18
26/09/2025 01:00;109.17
26/09/2025 01:15;109.17
26/09/2025 01:30;109.16
26/09/2025 01:45;109.16
26/09/2025 02:00;109.16
26/09/2025 02:15;109.15
26/09/2025 02:30;109.15
26/09/2025 02:45;109.15
26/09/2025 03:00;109.15
26/09/2025 03:15;109.14
26/09/2025 03:30;109.14
26/09/2025 03:45;109.14
26/09/2025 04:00;109.14
26/09/2025 04:15;109.13
26/09/2025 04:30;109.13
26/09/2025 04:45;109.13
26/09/2025 05:00;109.12
26/09/2025 05:15;109.12
26/09/2025 05:30;109.12
26/09/2025 05:45;109.12
26/09/2025 06:00;109.11
26/09/2025 06:15;109.11
26/09/2025 06:30;109.11
26/09/2025 06:45;109.11
26/09/2025 07:00;109.11
26/09/2025 07:15;109.11
26/09/2025 07:30;109.11
26/09/2025 07:45;109.11
26/09/2025 08:00;109.09
26/09/2025 08:15;109.09
26/09/2025 08:30;109.09
26/09/2025 08:45;109.09
26/09/2025 09:00;109.08
26/09/2025 09:15;109.08
26/09/2025 09:30;109.09
26/09/2025 09:45;109.11
26/09/2025 10:00;109.09
26/09/2025 10:15;109.09
26/09/2025 10:30;109.09
26/09/2025 10:45;109.09
26/09/2025 11:00;109.09
26/09/2025 11:15;109.08
26/09/2025 11:30;109.09
26/09/2025 11:45;109.09
26/09/2025 12:00;109.09
26/09/2025 12:15;109.09
26/09/2025 12:30;109.09
26/09/2025 12:45;109.09
26/09/2025 13:00;109.11
26/09/2025 13:15;109.11
26/09/2025 13:30;109.11
26/09/2025 13:45;109.11
26/09/2025 14:00;109.11
26/09/2025 14:15;109.11
26/09/2025 14:30;109.11
26/09/2025 14:45;109.11
26/09/2025 15:00;109.11
26/09/2025 15:15;109.11
26/09/2025 15:30;109.11
26/09/2025 15:45;109.11
26/09/2025 16:00;109.11
26/09/2025 16:15;109.11
26/09/2025 16:30;109.12
26/09/2025 16:45;109.12
26/09/2025 17:00;109.12
26/09/2025 17:15;109.12
26/09/2025 17:30;109.12
26/09/2025 17:45;109.12
26/09/2025 18:00;109.12
26/09/2025 18:15;109.12
26/09/2025 18:30;109.12
26/09/2025 18:45;109.12
26/09/2025 19:00;109.12
26/09/2025 19:15;109.11
26/09/2025 19:30;109.11
26/09/2025 19:45;109.11
26/09/2025 20:00;109.12
26/09/2025 20:15;109.11
26/09/2025 20:30;109.12
26/09/2025 20:45;109.12
26/09/2025 21:00;109.11
26/09/2025 21:15;109.11
26/09/2025 21:30;109.11
26/09/2025 21:45;109.11
26/09/2025 22:00;109.11
26/09/2025 22:15;109.11
26/09/2025 22:30;109.11
26/09/2025 22:45;109.09
26/09/2025 23:00;109.09
26/09/2025 23:15;109.09
26/09/2025 23:30;109.08
26/09/2025 23:45;109.08
27/09/2025 00:00;109.09
27/09/2025 00:15;109.08
27/09/2025 00:30;109.08
27/09/2025 00:45;109.08
27/09/2025 01:00;109.07
27/09/2025 01:15;109.07
27/09/2025 01:30;109.07
27/09/2025 01:45;109.06
27/09/2025 02:00;109.07
27/09/2025 02:15;109.06
27/09/2025 02:30;109.06
27/09/2025 02:45;109.05
27/09/2025 03:00;109.05
27/09/2025 03:15;109.05
27/09/2025 03:30;109.05
27/09/2025 03:45;109.05
27/09/2025 04:00;109.04
27/09/2025 04:15;109.04
27/09/2025 04:30;109.04
27/09/2025 04:45;109.04
27/09/2025 05:00;109.04
27/09/2025 05:15;109.02
27/09/2025 05:30;109.02
27/09/2025 05:45;109.02
27/09/2025 06:00;109.02
27/09/2025 06:15;109.01
27/09/2025 06:30;109.01
27/09/2025 06:45;109.01
27/09/2025 07:00;109.01
27/09/2025 07:15;109
27/09/2025 07:30;109
27/09/2025 07:45;109
27/09/2025 08:00;109
27/09/2025 08:15;108.99
27/09/2025 08:30;108.99
27/09/2025 08:45;108.99
27/09/2025 09:00;108.99
27/09/2025 09:15;108.98
27/09/2025 09:30;109
27/09/2025 09:45;108.99
27/09/2025 10:00;108.99
27/09/2025 10:15;109
27/09/2025 10:30;108.99
27/09/2025 10:45;108.99
27/09/2025 11:00;108.99
27/09/2025 11:15;108.99
27/09/2025 11:30;109
27/09/2025 11:45;108.99
27/09/2025 12:00;109
27/09/2025 12:15;108.99
27/09/2025 12:30;109
27/09/2025 12:45;109
27/09/2025 13:00;109
27/09/2025 13:15;109.01
27/09/2025 13:30;109.01
27/09/2025 13:45;109.01
27/09/2025 14:00;109.01
27/09/2025 14:15;109.01
27/09/2025 14:30;109.01
27/09/2025 14:45;109.01
27/09/2025 15:00;109.01
27/09/2025 15:15;109.01
27/09/2025 15:30;109.01
27/09/2025 15:45;109.02
27/09/2025 16:00;109.02
27/09/2025 16:15;109.02
27/09/2025 16:30;109.02
27/09/2025 16:45;109.02
27/09/2025 17:00;109.02
27/09/2025 17:15;109.02
27/09/2025 17:30;109.02
27/09/2025 17:45;109.02
27/09/2025 18:00;109.02
27/09/2025 18:15;109.02
27/09/2025 18:30;109.04
27/09/2025 18:45;109.04
27/09/2025 19:00;109.04
27/09/2025 19:15;109.02
27/09/2025 19:30;109.02
27/09/2025 19:45;109.01
27/09/2025 20:00;109.02
27/09/2025 20:15;109.02
27/09/2025 20:30;109.02
27/09/2025 20:45;109.02
27/09/2025 21:00;109.01
27/09/2025 21:15;109.02
27/09/2025 21:30;109.02
27/09/2025 21:45;109.01
27/09/2025 22:00;109.01
27/09/2025 22:15;109.01
27/09/2025 22:30;109.01
27/09/2025 22:45;109
27/09/2025 23:00;109
27/09/2025 23:15;108.99
27/09/2025 23:30;108.99
27/09/2025 23:45;108.99
28/09/2025 00:00;108.99
28/09/2025 00:15;108.99
28/09/2025 00:30;109
28/09/2025 00:45;109
28/09/2025 01:00;109
28/09/2025 01:15;108.99
28/09/2025 01:30;108.98
28/09/2025 01:45;108.98
28/09/2025 02:00;108.97
28/09/2025 02:15;108.99
28/09/2025 02:30;108.98
28/09/2025 02:45;108.98
28/09/2025 03:00;108.99
28/09/2025 03:15;108.98
28/09/2025 03:30;108.99
28/09/2025 03:45;108.98
28/09/2025 04:00;108.99
28/09/2025 04:15;108.99
28/09/2025 04:30;108.98
28/09/2025 04:45;108.99
28/09/2025 05:00;108.98
28/09/2025 05:15;108.98
28/09/2025 05:30;108.98
28/09/2025 05:45;108.99
28/09/2025 06:00;109
28/09/2025 06:15;109
28/09/2025 06:30;109.01
28/09/2025 06:45;109
28/09/2025 07:00;109
28/09/2025 07:15;109
28/09/2025 07:30;109.01
28/09/2025 07:45;109.01
28/09/2025 08:00;109.01
28/09/2025 08:15;109
28/09/2025 08:30;109.01
28/09/2025 08:45;109
28/09/2025 09:00;109.01
28/09/2025 09:15;109.02
28/09/2025 09:30;109.02
28/09/2025 09:45;109.02
28/09/2025 10:00;109.02
28/09/2025 10:15;109.02
28/09/2025 10:30;109.01
28/09/2025 10:45;109.02
28/09/2025 11:00;109.02
28/09/2025 11:15;109.04
28/09/2025 11:30;109.04
28/09/2025 11:45;109.04
28/09/2025 12:00;109.04
28/09/2025 12:15;109.04
28/09/2025 12:30;109.04
28/09/2025 12:45;109.04
28/09/2025 13:00;109.04
28/09/2025 13:15;109.04
28/09/2025 13:30;109.04
28/09/2025 13:45;109.04
28/09/2025 14:00;109.04
28/09/2025 14:15;109.04
28/09/2025 14:30;109.04
28/09/2025 14:45;109.04
28/09/2025 15:00;109.04
28/09/2025 15:15;109.04
28/09/2025 15:30;109.05
28/09/2025 15:45;109.04
28/09/2025 16:00;109.04
28/09/2025 16:15;109.05
28/09/2025 16:30;109.05
28/09/2025 16:45;109.05
28/09/2025 17:00;109.05
28/09/2025 17:15;109.05
28/09/2025 17:30;109.05
28/09/2025 17:45;109.05
28/09/2025 18:00;109.06
28/09/2025 18:15;109.04
28/09/2025 18:30;109.05
28/09/2025 18:45;109.05
28/09/2025 19:00;109.05
28/09/2025 19:15;109.04
28/09/2025 19:30;109.04
28/09/2025 19:45;109.04
28/09/2025 20:00;109.04
28/09/2025 20:15;109.04
28/09/2025 20:30;109.04
28/09/2025 20:45;109.02
28/09/2025 21:00;109.04
28/09/2025 21:15;109.01
28/09/2025 21:30;109.02
28/09/2025 21:45;108.99
28/09/2025 22:00;108.99
28/09/2025 22:15;108.99
28/09/2025 22:30;108.99
28/09/2025 22:45;108.97
28/09/2025 23:00;108.97
28/09/2025 23:15;108.98
28/09/2025 23:30;108.99
28/09/2025 23:45;108.98
29/09/2025 00:00;108.98
29/09/2025 00:15;109
29/09/2025 00:30;109
29/09/2025 00:45;109
29/09/2025 01:00;108.98
29/09/2025 01:15;108.99
29/09/2025 01:30;108.98
29/09/2025 01:45;108.98
29/09/2025 02:00;108.98
29/09/2025 02:15;108.98
29/09/2025 02:30;108.98
29/09/2025 02:45;108.99
29/09/2025 03:00;108.99
29/09/2025 03:15;109
29/09/2025 03:30;109.01
29/09/2025 03:45;109.02
29/09/2025 04:00;109.01
29/09/2025 04:15;109.01
29/09/2025 04:30;109.01
29/09/2025 04:45;109.01
29/09/2025 05:00;109
29/09/2025 05:15;109
29/09/2025 05:30;109.01
29/09/2025 05:45;109.01
29/09/2025 06:00;109.01
29/09/2025 06:15;109.02
29/09/2025 06:30;109.02
29/09/2025 06:45;109.04
29/09/2025 07:00;109.04
29/09/2025 07:15;109
29/09/2025 07:30;108.99
29/09/2025 07:45;109
29/09/2025 08:00;108.99
29/09/2025 08:15;108.98
29/09/2025 08:30;108.98
29/09/2025 08:45;108.99
29/09/2025 09:00;108.98
29/09/2025 09:15;108.97
29/09/2025 09:30;108.98
29/09/2025 09:45;108.96
29/09/2025 10:00;108.97
29/09/2025 10:15;109
29/09/2025 10:30;108.98
29/09/2025 10:45;108.97
29/09/2025 11:00;108.96
29/09/2025 11:15;108.96
29/09/2025 11:30;108.96
29/09/2025 11:45;108.95
29/09/2025 12:00;108.96
29/09/2025 12:15;108.97
29/09/2025 12:30;108.97
29/09/2025 12:45;108.97
29/09/2025 13:00;108.97
29/09/2025 13:15;108.97
29/09/2025 13:30;108.98
29/09/2025 13:45;108.99
29/09/2025 14:00;109
29/09/2025 14:15;108.99
29/09/2025 14:30;108.99
29/09/2025 14:45;108.99
29/09/2025 15:00;108.98
29/09/2025 15:15;108.98
29/09/2025 15:30;108.99
29/09/2025 15:45;108.99
29/09/2025 16:00;108.99
29/09/2025 16:15;108.99
29/09/2025 16:30;109
29/09/2025 16:45;109
29/09/2025 17:00;109
29/09/2025 17:15;109.01
29/09/2025 17:30;109.01
29/09/2025 17:45;109.01
29/09/2025 18:00;109.01
29/09/2025 18:15;109.01
29/09/2025 18:30;109
29/09/2025 18:45;109.01
29/09/2025 19:00;109.01
29/09/2025 19:15;109.02
29/09/2025 19:30;109.02
29/09/2025 19:45;108.99
29/09/2025 20:00;108.99
29/09/2025 20:15;109
29/09/2025 20:30;108.99
29/09/2025 20:45;108.99
29/09/2025 21:00;108.99
29/09/2025 21:15;108.99
29/09/2025 21:30;108.98
29/09/2025 21:45;108.98
29/09/2025 22:00;108.98
29/09/2025 22:15;108.96
29/09/2025 22:30;108.96
29/09/2025 22:45;108.96
29/09/2025 23:00;108.95
29/09/2025 23:15;108.93
29/09/2025 23:30;108.93
29/09/2025 23:45;108.95
30/09/2025 00:00;108.95
30/09/2025 00:15;108.95
30/09/2025 00:30;108.96
30/09/2025 00:45;108.96
30/09/2025 01:00;108.96
30/09/2025 01:15;108.95
30/09/2025 01:30;108.96
30/09/2025 01:45;108.95
30/09/2025 02:00;108.95
30/09/2025 02:15;108.96
30/09/2025 02:30;108.95
30/09/2025 02:45;108.95
30/09/2025 03:00;108.95
30/09/2025 03:15;108.97
30/09/2025 03:30;108.97
30/09/2025 03:45;108.98
30/09/2025 04:00;108.99
30/09/2025 04:15;108.99
30/09/2025 04:30;108.99
30/09/2025 04:45;108.99
30/09/2025 05:00;108.99
30/09/2025 05:15;108.99
30/09/2025 05:30;108.99
30/09/2025 05:45;108.99
30/09/2025 06:00;108.99
30/09/2025 06:15;109
30/09/2025 06:30;109
30/09/2025 06:45;109.01
30/09/2025 07:00;109.01
30/09/2025 07:15;109.02
30/09/2025 07:30;109.01
30/09/2025 07:45;109
30/09/2025 08:00;109.01
30/09/2025 08:15;109
30/09/2025 08:30;109.01
30/09/2025 08:45;109
30/09/2025 09:00;109.01
30/09/2025 09:15;109.02
30/09/2025 09:30;109.02
30/09/2025 09:45;109.02
30/09/2025 10:00;109.04
30/09/2025 10:15;109.04
30/09/2025 10:30;109.04
30/09/2025 10:45;109.04
30/09/2025 11:00;109.02
30/09/2025 11:15;109.04
30/09/2025 11:30;109.02
30/09/2025 11:45;109.02
30/09/2025 12:00;109.02
30/09/2025 12:15;109.04
30/09/2025 12:30;109.04
30/09/2025 12:45;109.04
30/09/2025 13:00;109.05
30/09/2025 13:15;109.06
30/09/2025 13:30;109.06
30/09/2025 13:45;109.06
30/09/2025 14:00;109.06
30/09/2025 14:15;109.06
30/09/2025 14:30;109.06
30/09/2025 14:45;109.06
30/09/2025 15:00;109.06
30/09/2025 15:15;109.06
30/09/2025 15:30;109.07
30/09/2025 15:45;109.07
30/09/2025 16:00;109.07
30/09/2025 16:15;109.08
30/09/2025 16:30;109.08
30/09/2025 16:45;109.08
30/09/2025 17:00;109.09
30/09/2025 17:15;109.09
30/09/2025 17:30;109.09
30/09/2025 17:45;109.09
30/09/2025 18:00;109.09
30/09/2025 18:15;109.09
30/09/2025 18:30;109.09
30/09/2025 18:45;109.09
30/09/2025 19:00;109.09
30/09/2025 19:15;109.07
30/09/2025 19:30;109.07
30/09/2025 19:45;109.07
30/09/2025 20:00;109.07
30/09/2025 20:15;109.07
30/09/2025 20:30;109.06
30/09/2025 20:45;109.07
30/09/2025 21:00;109.06
30/09/2025 21:15;109.05
30/09/2025 21:30;109.05
30/09/2025 21:45;109.04
30/09/2025 22:00;109.04
30/09/2025 22:15;109.04
30/09/2025 22:30;109.02
30/09/2025 22:45;109.01
30/09/2025 23:00;109
30/09/2025 23:15;109
30/09/2025 23:30;109.04
30/09/2025 23:45;109.02
01/10/2025 00:00;109.02
01/10/2025 00:15;109.04
01/10/2025 00:30;109.02
01/10/2025 00:45;109.02
01/10/2025 01:00;109
01/10/2025 01:15;109.02
01/10/2025 01:30;109.01
01/10/2025 01:45;109.01
01/10/2025 02:00;109.02
01/10/2025 02:15;109.01
01/10/2025 02:30;109.02
01/10/2025 02:45;109.02
01/10/2025 03:00;109.04
01/10/2025 03:15;109.04
01/10/2025 03:30;109.05
01/10/2025 03:45;109.05
01/10/2025 04:00;109.05
01/10/2025 04:15;109.04
01/10/2025 04:30;109.04
01/10/2025 04:45;109.04
01/10/2025 05:00;109.04
01/10/2025 05:15;109.05
01/10/2025 05:30;109.05
01/10/2025 05:45;109.05
01/10/2025 06:00;109.05
01/10/2025 06:15;109.05
01/10/2025 06:30;109.07
01/10/2025 06:45;109.07
01/10/2025 07:00;109.07
01/10/2025 07:15;109.04
01/10/2025 07:30;109.04
01/10/2025 07:45;109.04
01/10/2025 08:00;109.04
01/10/2025 08:15;109.02
01/10/2025 08:30;109.02
01/10/2025 08:45;109.04
01/10/2025 09:00;109.04
01/10/2025 09:15;109.04
01/10/2025 09:30;109.04
01/10/2025 09:45;109.04
01/10/2025 10:00;109.02
01/10/2025 10:15;109.04
01/10/2025 10:30;109.04
01/10/2025 10:45;109.01
01/10/2025 11:00;109.01
01/10/2025 11:15;109.01
01/10/2025 11:30;109.01
01/10/2025 11:45;109.01
01/10/2025 12:00;109.01
01/10/2025 12:15;109.04
01/10/2025 12:30;109.04
01/10/2025 12:45;109.04
01/10/2025 13:00;109.04
01/10/2025 13:15;109.04
01/10/2025 13:30;109.04
01/10/2025 13:45;109.04
01/10/2025 14:00;109.04
01/10/2025 14:15;109.04
01/10/2025 14:30;109.04
01/10/2025 14:45;109.04
01/10/2025 15:00;109.04
01/10/2025 15:15;109.04
01/10/2025 15:30;109.05
01/10/2025 15:45;109.05
01/10/2025 16:00;109.05
01/10/2025 16:15;109.06
01/10/2025 16:30;109.06
01/10/2025 16:45;109.06
01/10/2025 17:00;109.06
01/10/2025 17:15;109.06
01/10/2025 17:30;109.06
01/10/2025 17:45;109.06
01/10/2025 18:00;109.06
01/10/2025 18:15;109.06
01/10/2025 18:30;109.07
01/10/2025 18:45;109.07
01/10/2025 19:00;109.07
01/10/2025 19:15;109.05
01/10/2025 19:30;109.04
01/10/2025 19:45;109.04
01/10/2025 20:00;109.04
01/10/2025 20:15;109.04
01/10/2025 20:30;109.04
01/10/2025 20:45;109.04
01/10/2025 21:00;109.04
01/10/2025 21:15;109.01
01/10/2025 21:30;109.02
01/10/2025 21:45;109.01
01/10/2025 22:00;109.01
01/10/2025 22:15;109
01/10/2025 22:30;109.01
01/10/2025 22:45;109
01/10/2025 23:00;108.98
01/10/2025 23:15;108.99
01/10/2025 23:30;109
01/10/2025 23:45;108.99
02/10/2025 00:00;108.99
02/10/2025 00:15;109
02/10/2025 00:30;109
02/10/2025 00:45;108.99
02/10/2025 01:00;109
02/10/2025 01:15;109
02/10/2025 01:30;108.99
02/10/2025 01:45;109
02/10/2025 02:00;109.01
02/10/2025 02:15;109.01
02/10/2025 02:30;109
02/10/2025 02:45;109.01
02/10/2025 03:00;109.02
02/10/2025 03:15;109.02
02/10/2025 03:30;109.02
02/10/2025 03:45;109.02
02/10/2025 04:00;109.02
02/10/2025 04:15;109.02
02/10/2025 04:30;109.02
02/10/2025 04:45;109.02
02/10/2025 05:00;109.02
02/10/2025 05:15;109.04
02/10/2025 05:30;109.04
02/10/2025 05:45;109.04
02/10/2025 06:00;109.04
02/10/2025 06:15;109.02
02/10/2025 06:30;109.02
02/10/2025 06:45;109.04
02/10/2025 07:00;109.04
02/10/2025 07:15;109.02
02/10/2025 07:30;109.02
02/10/2025 07:45;109.02
02/10/2025 08:00;109.02
02/10/2025 08:15;109.02
02/10/2025 08:30;109.02
02/10/2025 08:45;109.02
02/10/2025 09:00;109.02
02/10/2025 09:15;109.04
02/10/2025 09:30;109.04
02/10/2025 09:45;109.02
02/10/2025 10:00;109.02
02/10/2025 10:15;109.02
02/10/2025 10:30;109.02
02/10/2025 10:45;109.02
02/10/2025 11:00;109.02
02/10/2025 11:15;109.04
02/10/2025 11:30;109.04
02/10/2025 11:45;109.04
02/10/2025 12:00;109.04
02/10/2025 12:15;109.04
02/10/2025 12:30;109.04
02/10/2025 12:45;109.04
02/10/2025 13:00;109.04
02/10/2025 13:15;109.04
02/10/2025 13:30;109.04
02/10/2025 13:45;109.04
02/10/2025 14:00;109.04
02/10/2025 14:15;109.04
02/10/2025 14:30;109.05
02/10/2025 14:45;109.05
02/10/2025 15:00;109.05
02/10/2025 15:15;109.05
02/10/2025 15:30;109.05
02/10/2025 15:45;109.05
02/10/2025 16:00;109.06
02/10/2025 16:15;109.06
02/10/2025 16:30;109.06
02/10/2025 16:45;109.06
02/10/2025 17:00;109.06
02/10/2025 17:15;109.06
02/10/2025 17:30;109.06
02/10/2025 17:45;109.07
02/10/2025 18:00;109.07
02/10/2025 18:15;109.07
02/10/2025 18:30;109.07
02/10/2025 18:45;109.08
02/10/2025 19:00;109.08
02/10/2025 19:15;109.05
02/10/2025 19:30;109.05
02/10/2025 19:45;109.05
02/10/2025 20:00;109.04
02/10/2025 20:15;109.04
02/10/2025 20:30;109.04
02/10/2025 20:45;109.04
02/10/2025 21:00;109.04
02/10/2025 21:15;109.02
02/10/2025 21:30;109.02
02/10/2025 21:45;109.01
02/10/2025 22:00;109.01
02/10/2025 22:15;109.01
02/10/2025 22:30;109
02/10/2025 22:45;108.98
02/10/2025 23:00;108.98
02/10/2025 23:15;108.97
02/10/2025 23:30;108.99
02/10/2025 23:45;109
03/10/2025 00:00;108.99
03/10/2025 00:15;109
03/10/2025 00:30;108.98
03/10/2025 00:45;108.99
03/10/2025 01:00;108.98
03/10/2025 01:15;108.98
03/10/2025 01:30;108.99
03/10/2025 01:45;108.98
03/10/2025 02:00;108.99
03/10/2025 02:15;108.98
03/10/2025 02:30;108.98
03/10/2025 02:45;108.98
03/10/2025 03:00;108.99
03/10/2025 03:15;109.01
03/10/2025 03:30;109.01
03/10/2025 03:45;109.01
03/10/2025 04:00;109.01
03/10/2025 04:15;109.01
03/10/2025 04:30;109
03/10/2025 04:45;109
03/10/2025 05:00;109
03/10/2025 05:15;109.01
03/10/2025 05:30;109.01
03/10/2025 05:45;109.01
03/10/2025 06:00;109.01
03/10/2025 06:15;109.02
03/10/2025 06:30;109.01
03/10/2025 06:45;109.01
03/10/2025 07:00;109.01
03/10/2025 07:15;109
03/10/2025 07:30;108.99
03/10/2025 07:45;108.99
03/10/2025 08:00;108.98
03/10/2025 08:15;108.98
03/10/2025 08:30;108.98
03/10/2025 08:45;108.97
03/10/2025 09:00;108.97
03/10/2025 09:15;109
03/10/2025 09:30;109
03/10/2025 09:45;108.99
03/10/2025 10:00;108.99
03/10/2025 10:15;108.98
03/10/2025 10:30;108.99
03/10/2025 10:45;108.97
03/10/2025 11:00;108.97
03/10/2025 11:15;108.98
03/10/2025 11:30;108.97
03/10/2025 11:45;108.98
03/10/2025 12:00;108.97
03/10/2025 12:15;108.98
03/10/2025 12:30;108.98
03/10/2025 12:45;109
03/10/2025 13:00;109.01
03/10/2025 13:15;109.01
03/10/2025 13:30;109.01
03/10/2025 13:45;109
03/10/2025 14:00;109
03/10/2025 14:15;108.99
03/10/2025 14:30;109
03/10/2025 14:45;109
03/10/2025 15:00;109
03/10/2025 15:15;109
03/10/2025 15:30;109
03/10/2025 15:45;109.01
03/10/2025 16:00;109.01
03/10/2025 16:15;109.02
03/10/2025 16:30;109.02
03/10/2025 16:45;109.02
03/10/2025 17:00;109.02
03/10/2025 17:15;109.02
03/10/2025 17:30;109.02
03/10/2025 17:45;109.02
03/10/2025 18:00;109.02
03/10/2025 18:15;109.02
03/10/2025 18:30;109.02
03/10/2025 18:45;109.04
03/10/2025 19:00;109.04
03/10/2025 19:15;109.04
03/10/2025 19:30;109.04
03/10/2025 19:45;109.04
03/10/2025 20:00;109.04
03/10/2025 20:15;109.04
03/10/2025 20:30;109
03/10/2025 20:45;109.01
03/10/2025 21:00;109.01
03/10/2025 21:15;109.01
03/10/2025 21:30;109
03/10/2025 21:45;109
03/10/2025 22:00;109
03/10/2025 22:15;108.99
03/10/2025 22:30;108.99
03/10/2025 22:45;108.98
03/10/2025 23:00;108.99
03/10/2025 23:15;108.99
03/10/2025 23:30;108.99
03/10/2025 23:45;108.99
04/10/2025 00:00;108.97
04/10/2025 00:15;108.98
04/10/2025 00:30;108.97
04/10/2025 00:45;108.97
04/10/2025 01:00;108.95
04/10/2025 01:15;108.95
04/10/2025 01:30;108.96
04/10/2025 01:45;108.95
04/10/2025 02:00;108.95
04/10/2025 02:15;108.93
04/10/2025 02:30;108.95
04/10/2025 02:45;108.93
04/10/2025 03:00;108.95
04/10/2025 03:15;108.95
04/10/2025 03:30;108.95
04/10/2025 03:45;108.95
04/10/2025 04:00;108.95
04/10/2025 04:15;108.95
04/10/2025 04:30;108.93
04/10/2025 04:45;108.93
04/10/2025 05:00;108.93
04/10/2025 05:15;108.93
04/10/2025 05:30;108.93
04/10/2025 05:45;108.93
04/10/2025 06:00;108.93
04/10/2025 06:15;108.95
04/10/2025 06:30;108.95
04/10/2025 06:45;108.95
04/10/2025 07:00;108.95
04/10/2025 07:15;108.95
04/10/2025 07:30;108.95
04/10/2025 07:45;108.95
04/10/2025 08:00;108.95
04/10/2025 08:15;108.96
04/10/2025 08:30;108.95
04/10/2025 08:45;108.96
04/10/2025 09:00;108.95
04/10/2025 09:15;108.95
04/10/2025 09:30;108.96
04/10/2025 09:45;108.96
04/10/2025 10:00;108.96
04/10/2025 10:15;108.97
04/10/2025 10:30;108.97
04/10/2025 10:45;108.97
04/10/2025 11:00;108.97
04/10/2025 11:15;108.97
04/10/2025 11:30;108.97
04/10/2025 11:45;108.98
04/10/2025 12:00;108.98
04/10/2025 12:15;108.98
04/10/2025 12:30;108.98
04/10/2025 12:45;108.98
04/10/2025 13:00;108.98
04/10/2025 13:15;108.98
04/10/2025 13:30;108.99
04/10/2025 13:45;108.99
04/10/2025 14:00;108.99
04/10/2025 14:15;108.99
04/10/2025 14:30;108.99
04/10/2025 14:45;108.99
04/10/2025 15:00;109
04/10/2025 15:15;109
04/10/2025 15:30;109
04/10/2025 15:45;109
04/10/2025 16:00;109.01
04/10/2025 16:15;109.01
04/10/2025 16:30;109.01
04/10/2025 16:45;109.01
04/10/2025 17:00;109.01
04/10/2025 17:15;109.02
04/10/2025 17:30;109.02
04/10/2025 17:45;109.02
04/10/2025 18:00;109.02
04/10/2025 18:15;109.02
04/10/2025 18:30;109.02
04/10/2025 18:45;109.02
04/10/2025 19:00;109.02
04/10/2025 19:15;109.02
04/10/2025 19:30;109.02
04/10/2025 19:45;109.02
04/10/2025 20:00;109.04
04/10/2025 20:15;109.04
04/10/2025 20:30;109.04
04/10/2025 20:45;109.04
04/10/2025 21:00;109.04
04/10/2025 21:15;109.04
04/10/2025 21:30;109.04
04/10/2025 21:45;109.04
04/10/2025 22:00;109.04
04/10/2025 22:15;109.04
04/10/2025 22:30;109.04
04/10/2025 22:45;109.05
04/10/2025 23:00;109.05
04/10/2025 23:15;109.05
04/10/2025 23:30;109.06
04/10/2025 23:45;109.06
05/10/2025 00:00;109.06
05/10/2025 00:15;109.07
05/10/2025 00:30;109.07
05/10/2025 00:45;109.06
05/10/2025 01:00;109.06
05/10/2025 01:15;109.06
05/10/2025 01:30;109.07
05/10/2025 01:45;109.07
05/10/2025 02:00;109.07
05/10/2025 02:15;109.07
05/10/2025 02:30;109.07
05/10/2025 02:45;109.08
05/10/2025 03:00;109.08
05/10/2025 03:15;109.08
05/10/2025 03:30;109.09
05/10/2025 03:45;109.09
05/10/2025 04:00;109.09
05/10/2025 04:15;109.09
05/10/2025 04:30;109.09
05/10/2025 04:45;109.09
05/10/2025 05:00;109.09
05/10/2025 05:15;109.09
05/10/2025 05:30;109.09
05/10/2025 05:45;109.11
05/10/2025 06:00;109.11
05/10/2025 06:15;109.11
05/10/2025 06:30;109.11
05/10/2025 06:45;109.11
05/10/2025 07:00;109.11
05/10/2025 07:15;109.11
05/10/2025 07:30;109.11
05/10/2025 07:45;109.11
05/10/2025 08:00;109.11
05/10/2025 08:15;109.11
05/10/2025 08:30;109.11
05/10/2025 08:45;109.11
05/10/2025 09:00;109.11
05/10/2025 09:15;109.11
05/10/2025 09:30;109.12
05/10/2025 09:45;109.12
05/10/2025 10:00;109.12
05/10/2025 10:15;109.13
05/10/2025 10:30;109.13
05/10/2025 10:45;109.12
05/10/2025 11:00;109.12
05/10/2025 11:15;109.13
05/10/2025 11:30;109.12
05/10/2025 11:45;109.13
05/10/2025 12:00;109.13
05/10/2025 12:15;109.13
05/10/2025 12:30;109.13
05/10/2025 12:45;109.13
05/10/2025 13:00;109.14
05/10/2025 13:15;109.13
05/10/2025 13:30;109.14
05/10/2025 13:45;109.13
05/10/2025 14:00;109.14
05/10/2025 14:15;109.14
05/10/2025 14:30;109.14
05/10/2025 14:45;109.14
05/10/2025 15:00;109.14
05/10/2025 15:15;109.14
05/10/2025 15:30;109.15
05/10/2025 15:45;109.15
05/10/2025 16:00;109.15
05/10/2025 16:15;109.15
05/10/2025 16:30;109.15
05/10/2025 16:45;109.15
05/10/2025 17:00;109.15
05/10/2025 17:15;109.16
05/10/2025 17:30;109.16
05/10/2025 17:45;109.16
05/10/2025 18:00;109.16
05/10/2025 18:15;109.16
05/10/2025 18:30;109.16
05/10/2025 18:45;109.16
05/10/2025 19:00;109.16
05/10/2025 19:15;109.15
05/10/2025 19:30;109.15
05/10/2025 19:45;109.15
05/10/2025 20:00;109.15
05/10/2025 20:15;109.14
05/10/2025 20:30;109.14
05/10/2025 20:45;109.15
05/10/2025 21:00;109.14
05/10/2025 21:15;109.13
05/10/2025 21:30;109.13
05/10/2025 21:45;109.13
05/10/2025 22:00;109.13
05/10/2025 22:15;109.12
05/10/2025 22:30;109.12
05/10/2025 22:45;109.11
05/10/2025 23:00;109.11
05/10/2025 23:15;109.11
05/10/2025 23:30;109.13
05/10/2025 23:45;109.12
06/10/2025 00:00;109.12
06/10/2025 00:15;109.12
06/10/2025 00:30;109.12
06/10/2025 00:45;109.11
06/10/2025 01:00;109.11
06/10/2025 01:15;109.11
06/10/2025 01:30;109.11
06/10/2025 01:45;109.11
06/10/2025 02:00;109.11
06/10/2025 02:15;109.11
06/10/2025 02:30;109.11
06/10/2025 02:45;109.12
06/10/2025 03:00;109.12
06/10/2025 03:15;109.13
06/10/2025 03:30;109.13
06/10/2025 03:45;109.13
06/10/2025 04:00;109.13
06/10/2025 04:15;109.13
06/10/2025 04:30;109.13
06/10/2025 04:45;109.13
06/10/2025 05:00;109.13
06/10/2025 05:15;109.13
06/10/2025 05:30;109.13
06/10/2025 05:45;109.13
06/10/2025 06:00;109.12
06/10/2025 06:15;109.12
06/10/2025 06:30;109.13
06/10/2025 06:45;109.13
06/10/2025 07:00;109.13
06/10/2025 07:15;109.13
06/10/2025 07:30;109.13
06/10/2025 07:45;109.12
06/10/2025 08:00;109.12
06/10/2025 08:15;109.12
06/10/2025 08:30;109.11
06/10/2025 08:45;109.11
06/10/2025 09:00;109.11
06/10/2025 09:15;109.11
06/10/2025 09:30;109.11
06/10/2025 09:45;109.11
06/10/2025 10:00;109.11
06/10/2025 10:15;109.11
06/10/2025 10:30;109.11
06/10/2025 10:45;109.11
06/10/2025 11:00;109.09
06/10/2025 11:15;109.09
06/10/2025 11:30;109.09
06/10/2025 11:45;109.09
06/10/2025 12:00;109.08
06/10/2025 12:15;109.08
06/10/2025 12:30;109.11
06/10/2025 12:45;109.09
06/10/2025 13:00;109.09
06/10/2025 13:15;109.09
06/10/2025 13:30;109.09
06/10/2025 13:45;109.09
06/10/2025 14:00;109.08
06/10/2025 14:15;109.11
06/10/2025 14:30;109.09
06/10/2025 14:45;109.09
06/10/2025 15:00;109.09
06/10/2025 15:15;109.09
06/10/2025 15:30;109.09
06/10/2025 15:45;109.11
06/10/2025 16:00;109.11
06/10/2025 16:15;109.11
06/10/2025 16:30;109.11
06/10/2025 16:45;109.11
06/10/2025 17:00;109.11
06/10/2025 17:15;109.11
06/10/2025 17:30;109.11
06/10/2025 17:45;109.11
06/10/2025 18:00;109.11
06/10/2025 18:15;109.11
06/10/2025 18:30;109.11
06/10/2025 18:45;109.12
06/10/2025 19:00;109.12
06/10/2025 19:15;109.11
06/10/2025 19:30;109.11
06/10/2025 19:45;109.11
06/10/2025 20:00;109.11
06/10/2025 20:15;109.09
06/10/2025 20:30;109.09
06/10/2025 20:45;109.09
06/10/2025 21:00;109.09
06/10/2025 21:15;109.07
06/10/2025 21:30;109.08
06/10/2025 21:45;109.08
06/10/2025 22:00;109.07
06/10/2025 22:15;109.06
06/10/2025 22:30;109.06
06/10/2025 22:45;109.05
06/10/2025 23:00;109.04
06/10/2025 23:15;109.04
06/10/2025 23:30;109.04
06/10/2025 23:45;109.04
07/10/2025 00:00;109.04
07/10/2025 00:15;109.04
07/10/2025 00:30;109.04
07/10/2025 00:45;109.04
07/10/2025 01:00;109.04
07/10/2025 01:15;109.04
07/10/2025 01:30;109.04
07/10/2025 01:45;109.04
07/10/2025 02:00;109.04
07/10/2025 02:15;109.04
07/10/2025 02:30;109.02
07/10/2025 02:45;109.04
07/10/2025 03:00;109.04
07/10/2025 03:15;109.04
07/10/2025 03:30;109.04
07/10/2025 03:45;109.04
07/10/2025 04:00;109.05
07/10/2025 04:15;109.04
07/10/2025 04:30;109.04
07/10/2025 04:45;109.05
07/10/2025 05:00;109.05
07/10/2025 05:15;109.04
07/10/2025 05:30;109.04
07/10/2025 05:45;109.05
07/10/2025 06:00;109.05
07/10/2025 06:15;109.06
07/10/2025 06:30;109.06
07/10/2025 06:45;109.06
07/10/2025 07:00;109.06
07/10/2025 07:15;109.05
07/10/2025 07:30;109.04
07/10/2025 07:45;109.05
07/10/2025 08:00;109.05
07/10/2025 08:15;109.05
07/10/2025 08:30;109.04
07/10/2025 08:45;109.05
07/10/2025 09:00;109.05
07/10/2025 09:15;109.04
07/10/2025 09:30;109.05
07/10/2025 09:45;109.04
07/10/2025 10:00;109.04
07/10/2025 10:15;109.04
07/10/2025 10:30;109.05
07/10/2025 10:45;109.05
07/10/2025 11:00;109.04
07/10/2025 11:15;109.04
07/10/2025 11:30;109.04
07/10/2025 11:45;109.05
07/10/2025 12:00;109.04
07/10/2025 12:15;109.05
07/10/2025 12:30;109.05
07/10/2025 12:45;109.05
07/10/2025 13:00;109.05
07/10/2025 13:15;109.05
07/10/2025 13:30;109.05
07/10/2025 13:45;109.05
07/10/2025 14:00;109.06
07/10/2025 14:15;109.06
07/10/2025 14:30;109.06
07/10/2025 14:45;109.06
07/10/2025 15:00;109.06
07/10/2025 15:15;109.06
07/10/2025 15:30;109.06
07/10/2025 15:45;109.06
07/10/2025 16:00;109.06
07/10/2025 16:15;109.07
07/10/2025 16:30;109.07
07/10/2025 16:45;109.07
07/10/2025 17:00;109.07
07/10/2025 17:15;109.07
07/10/2025 17:30;109.08
07/10/2025 17:45;109.08
07/10/2025 18:00;109.08
07/10/2025 18:15;109.08
07/10/2025 18:30;109.06
07/10/2025 18:45;109.06
07/10/2025 19:00;109.07
07/10/2025 19:15;109.06
07/10/2025 19:30;109.04
07/10/2025 19:45;109.05
07/10/2025 20:00;109.05
07/10/2025 20:15;109.05
07/10/2025 20:30;109.04
07/10/2025 20:45;109.04
07/10/2025 21:00;109.04
07/10/2025 21:15;109.02
07/10/2025 21:30;109.04
07/10/2025 21:45;109.01
07/10/2025 22:00;109
07/10/2025 22:15;109
07/10/2025 22:30;108.99
07/10/2025 22:45;108.98
07/10/2025 23:00;108.97
07/10/2025 23:15;108.97
07/10/2025 23:30;108.97
07/10/2025 23:45;108.96
08/10/2025 00:00;108.96
08/10/2025 00:15;108.99
08/10/2025 00:30;108.99
08/10/2025 00:45;108.98
08/10/2025 01:00;108.97
08/10/2025 01:15;108.96
08/10/2025 01:30;108.96
08/10/2025 01:45;108.95
08/10/2025 02:00;108.95
08/10/2025 02:15;108.97
08/10/2025 02:30;108.96
08/10/2025 02:45;108.97
08/10/2025 03:00;108.96
08/10/2025 03:15;108.96
08/10/2025 03:30;108.97
08/10/2025 03:45;108.98
08/10/2025 04:00;108.98
08/10/2025 04:15;108.98
08/10/2025 04:30;108.98
08/10/2025 04:45;108.98
08/10/2025 05:00;108.98
08/10/2025 05:15;108.97
08/10/2025 05:30;108.97
08/10/2025 05:45;108.98
08/10/2025 06:00;108.98
08/10/2025 06:15;108.95
08/10/2025 06:30;108.96
08/10/2025 06:45;108.96
08/10/2025 07:00;108.95
08/10/2025 07:15;108.95
08/10/2025 07:30;108.95
08/10/2025 07:45;108.96
08/10/2025 08:00;108.95
08/10/2025 08:15;108.95
08/10/2025 08:30;108.95
08/10/2025 08:45;108.93
08/10/2025 09:00;108.95
08/10/2025 09:15;108.92
08/10/2025 09:30;108.91
08/10/2025 09:45;108.9
08/10/2025 10:00;108.89
08/10/2025 10:15;108.9
08/10/2025 10:30;108.89
08/10/2025 10:45;108.89
08/10/2025 11:00;108.91
08/10/2025 11:15;108.92
08/10/2025 11:30;108.91
08/10/2025 11:45;108.91
08/10/2025 12:00;108.9
08/10/2025 12:15;108.91
08/10/2025 12:30;108.9
08/10/2025 12:45;108.89
08/10/2025 13:00;108.9
08/10/2025 13:15;108.89
08/10/2025 13:30;108.9
08/10/2025 13:45;108.9
08/10/2025 14:00;108.9
08/10/2025 14:15;108.91
08/10/2025 14:30;108.92
08/10/2025 14:45;108.93
08/10/2025 15:00;108.93
08/10/2025 15:15;108.92
08/10/2025 15:30;108.92
08/10/2025 15:45;108.92
08/10/2025 16:00;108.92
08/10/2025 16:15;108.91
08/10/2025 16:30;108.92
08/10/2025 16:45;108.92
08/10/2025 17:00;108.92
08/10/2025 17:15;108.92
08/10/2025 17:30;108.92
08/10/2025 17:45;108.93
08/10/2025 18:00;108.93
08/10/2025 18:15;108.95
08/10/2025 18:30;108.95
08/10/2025 18:45;108.93
08/10/2025 19:00;108.92
08/10/2025 19:15;108.93
08/10/2025 19:30;108.9
08/10/2025 19:45;108.91
08/10/2025 20:00;108.91
08/10/2025 20:15;108.9
08/10/2025 20:30;108.91
08/10/2025 20:45;108.91
08/10/2025 21:00;108.92
08/10/2025 21:15;108.91
08/10/2025 21:30;108.9
08/10/2025 21:45;108.89
08/10/2025 22:00;108.88
08/10/2025 22:15;108.91
08/10/2025 22:30;108.91
08/10/2025 22:45;108.89
08/10/2025 23:00;108.89
08/10/2025 23:15;108.89
08/10/2025 23:30;108.89
08/10/2025 23:45;108.88
09/10/2025 00:00;108.89
09/10/2025 00:15;108.91
09/10/2025 00:30;108.9
09/10/2025 00:45;108.91
09/10/2025 01:00;108.9
09/10/2025 01:15;108.89
09/10/2025 01:30;108.89
09/10/2025 01:45;108.9
09/10/2025 02:00;108.91
09/10/2025 02:15;108.91
09/10/2025 02:30;108.92
09/10/2025 02:45;108.91
09/10/2025 03:00;108.91
09/10/2025 03:15;108.91
09/10/2025 03:30;108.91
09/10/2025 03:45;108.92
09/10/2025 04:00;108.92
09/10/2025 04:15;108.92
09/10/2025 04:30;108.92
09/10/2025 04:45;108.92
09/10/2025 05:00;108.92
09/10/2025 05:15;108.92
09/10/2025 05:30;108.93
09/10/2025 05:45;108.93
09/10/2025 06:00;108.93
09/10/2025 06:15;108.93
09/10/2025 06:30;108.93
09/10/2025 06:45;108.93
09/10/2025 07:00;108.93
09/10/2025 07:15;108.89
09/10/2025 07:30;108.9
09/10/2025 07:45;108.9
09/10/2025 08:00;108.9
09/10/2025 08:15;108.89
09/10/2025 08:30;108.89
09/10/2025 08:45;108.9
09/10/2025 09:00;108.89
09/10/2025 09:15;108.88
09/10/2025 09:30;108.89
09/10/2025 09:45;108.89
09/10/2025 10:00;108.9
09/10/2025 10:15;108.9
09/10/2025 10:30;108.89
09/10/2025 10:45;108.87
09/10/2025 11:00;108.86
09/10/2025 11:15;108.87
09/10/2025 11:30;108.86
09/10/2025 11:45;108.87
09/10/2025 12:00;108.87
09/10/2025 12:15;108.88
09/10/2025 12:30;108.88
09/10/2025 12:45;108.88
09/10/2025 13:00;108.88
09/10/2025 13:15;108.89
09/10/2025 13:30;108.89
09/10/2025 13:45;108.9
09/10/2025 14:00;108.9
09/10/2025 14:15;108.89
09/10/2025 14:30;108.89
09/10/2025 14:45;108.89
09/10/2025 15:00;108.88
09/10/2025 15:15;108.89
09/10/2025 15:30;108.89
09/10/2025 15:45;108.9
09/10/2025 16:00;108.9
09/10/2025 16:15;108.9
09/10/2025 16:30;108.9
09/10/2025 16:45;108.9
09/10/2025 17:00;108.91
09/10/2025 17:15;108.91
09/10/2025 17:30;108.91
09/10/2025 17:45;108.91
09/10/2025 18:00;108.91
09/10/2025 18:15;108.9
09/10/2025 18:30;108.9
09/10/2025 18:45;108.91
09/10/2025 19:00;108.91
09/10/2025 19:15;108.91
09/10/2025 19:30;108.88
09/10/2025 19:45;108.89
09/10/2025 20:00;108.88
09/10/2025 20:15;108.88
09/10/2025 20:30;108.87
09/10/2025 20:45;108.88
09/10/2025 21:00;108.89
09/10/2025 21:15;108.87
09/10/2025 21:30;108.87
09/10/2025 21:45;108.86
09/10/2025 22:00;108.86
09/10/2025 22:15;108.86
09/10/2025 22:30;108.84
09/10/2025 22:45;108.83
09/10/2025 23:00;108.83
09/10/2025 23:15;108.83
09/10/2025 23:30;108.83
09/10/2025 23:45;108.82
10/10/2025 00:00;108.83
10/10/2025 00:15;108.84
10/10/2025 00:30;108.86
10/10/2025 00:45;108.83
10/10/2025 01:00;108.84
10/10/2025 01:15;108.83
10/10/2025 01:30;108.83
10/10/2025 01:45;108.82
10/10/2025 02:00;108.82
10/10/2025 02:15;108.83
10/10/2025 02:30;108.83
10/10/2025 02:45;108.84
10/10/2025 03:00;108.84
10/10/2025 03:15;108.84
10/10/2025 03:30;108.84
10/10/2025 03:45;108.86
10/10/2025 04:00;108.86
10/10/2025 04:15;108.86
10/10/2025 04:30;108.86
10/10/2025 04:45;108.86
10/10/2025 05:00;108.84
10/10/2025 05:15;108.84
10/10/2025 05:30;108.84
10/10/2025 05:45;108.84
10/10/2025 06:00;108.84
10/10/2025 06:15;108.86
10/10/2025 06:30;108.86
10/10/2025 06:45;108.86
10/10/2025 07:00;108.86
10/10/2025 07:15;108.84
10/10/2025 07:30;108.83
10/10/2025 07:45;108.84
10/10/2025 08:00;108.82
10/10/2025 08:15;108.82
10/10/2025 08:30;108.81
10/10/2025 08:45;108.81
10/10/2025 09:00;108.82
10/10/2025 09:15;108.8
10/10/2025 09:30;108.81
10/10/2025 09:45;108.81
10/10/2025 10:00;108.8
10/10/2025 10:15;108.82
10/10/2025 10:30;108.83
10/10/2025 10:45;108.8
10/10/2025 11:00;108.8
10/10/2025 11:15;108.79
10/10/2025 11:30;108.8
10/10/2025 11:45;108.79
10/10/2025 12:00;108.79
10/10/2025 12:15;108.8
10/10/2025 12:30;108.79
10/10/2025 12:45;108.8
10/10/2025 13:00;108.8
10/10/2025 13:15;108.81
10/10/2025 13:30;108.81
10/10/2025 13:45;108.82
10/10/2025 14:00;108.83
10/10/2025 14:15;108.82
10/10/2025 14:30;108.81
10/10/2025 14:45;108.82
10/10/2025 15:00;108.81
10/10/2025 15:15;108.81
10/10/2025 15:30;108.81
10/10/2025 15:45;108.82
10/10/2025 16:00;108.82
10/10/2025 16:15;108.82
10/10/2025 16:30;108.83
10/10/2025 16:45;108.83
10/10/2025 17:00;108.83
10/10/2025 17:15;108.83
10/10/2025 17:30;108.83
10/10/2025 17:45;108.83
10/10/2025 18:00;108.83
10/10/2025 18:15;108.79
10/10/2025 18:30;108.79
10/10/2025 18:45;108.79
10/10/2025 19:00;108.79
10/10/2025 19:15;108.79
10/10/2025 19:30;108.79
10/10/2025 19:45;108.8
10/10/2025 20:00;108.79
10/10/2025 20:15;108.79
10/10/2025 20:30;108.79
10/10/2025 20:45;108.77
10/10/2025 21:00;108.76
10/10/2025 21:15;108.75
10/10/2025 21:30;108.74
10/10/2025 21:45;108.72
10/10/2025 22:00;108.71
10/10/2025 22:15;108.7
10/10/2025 22:30;108.7
10/10/2025 22:45;108.7
10/10/2025 23:00;108.7
10/10/2025 23:15;108.7
10/10/2025 23:30;108.7
10/10/2025 23:45;108.7
11/10/2025 00:00;108.7
11/10/2025 00:15;108.68
11/10/2025 00:30;108.67
11/10/2025 00:45;108.66
11/10/2025 01:00;108.65
11/10/2025 01:15;108.64
11/10/2025 01:30;108.63
11/10/2025 01:45;108.62
11/10/2025 02:00;108.64
11/10/2025 02:15;108.63
11/10/2025 02:30;108.65
11/10/2025 02:45;108.64
11/10/2025 03:00;108.64
11/10/2025 03:15;108.64
11/10/2025 03:30;108.63
11/10/2025 03:45;108.63
11/10/2025 04:00;108.62
11/10/2025 04:15;108.62
11/10/2025 04:30;108.63
11/10/2025 04:45;108.61
11/10/2025 05:00;108.62
11/10/2025 05:15;108.62
11/10/2025 05:30;108.63
11/10/2025 05:45;108.64
11/10/2025 06:00;108.65
11/10/2025 06:15;108.65
11/10/2025 06:30;108.65
11/10/2025 06:45;108.65
11/10/2025 07:00;108.64
11/10/2025 07:15;108.63
11/10/2025 07:30;108.61
11/10/2025 07:45;108.62
11/10/2025 08:00;108.62
11/10/2025 08:15;108.62
11/10/2025 08:30;108.62
11/10/2025 08:45;108.62
11/10/2025 09:00;108.63
11/10/2025 09:15;108.63
11/10/2025 09:30;108.63
11/10/2025 09:45;108.63
11/10/2025 10:00;108.62
11/10/2025 10:15;108.62
11/10/2025 10:30;108.61
11/10/2025 10:45;108.62
11/10/2025 11:00;108.61
11/10/2025 11:15;108.61
11/10/2025 11:30;108.61
11/10/2025 11:45;108.61
11/10/2025 12:00;108.62
11/10/2025 12:15;108.62
11/10/2025 12:30;108.62
11/10/2025 12:45;108.63
11/10/2025 13:00;108.63
11/10/2025 13:15;108.63
11/10/2025 13:30;108.62
11/10/2025 13:45;108.62
11/10/2025 14:00;108.62
11/10/2025 14:15;108.63
11/10/2025 14:30;108.63
11/10/2025 14:45;108.63
11/10/2025 15:00;108.63
11/10/2025 15:15;108.63
11/10/2025 15:30;108.64
11/10/2025 15:45;108.64
11/10/2025 16:00;108.64
11/10/2025 16:15;108.64
11/10/2025 16:30;108.64
11/10/2025 16:45;108.65
11/10/2025 17:00;108.65
11/10/2025 17:15;108.65
11/10/2025 17:30;108.65
11/10/2025 17:45;108.65
11/10/2025 18:00;108.65
11/10/2025 18:15;108.65
11/10/2025 18:30;108.65
11/10/2025 18:45;108.65
11/10/2025 19:00;108.64
11/10/2025 19:15;108.61
11/10/2025 19:30;108.63
11/10/2025 19:45;108.62
11/10/2025 20:00;108.62
11/10/2025 20:15;108.62
11/10/2025 20:30;108.61
11/10/2025 20:45;108.62
11/10/2025 21:00;108.61
11/10/2025 21:15;108.59
11/10/2025 21:30;108.59
11/10/2025 21:45;108.58
11/10/2025 22:00;108.58
11/10/2025 22:15;108.57
11/10/2025 22:30;108.57
11/10/2025 22:45;108.54
11/10/2025 23:00;108.54
11/10/2025 23:15;108.54
11/10/2025 23:30;108.52
11/10/2025 23:45;108.54
12/10/2025 00:00;108.54
12/10/2025 00:15;108.54
12/10/2025 00:30;108.54
12/10/2025 00:45;108.52
12/10/2025 01:00;108.52
12/10/2025 01:15;108.52
12/10/2025 01:30;108.54
12/10/2025 01:45;108.52
12/10/2025 02:00;108.52
12/10/2025 02:15;108.51
12/10/2025 02:30;108.5
12/10/2025 02:45;108.51
12/10/2025 03:00;108.5
12/10/2025 03:15;108.51
12/10/2025 03:30;108.52
12/10/2025 03:45;108.54
12/10/2025 04:00;108.52
12/10/2025 04:15;108.52
12/10/2025 04:30;108.54
12/10/2025 04:45;108.52
12/10/2025 05:00;108.54
12/10/2025 05:15;108.54
12/10/2025 05:30;108.54
12/10/2025 05:45;108.54
12/10/2025 06:00;108.54
12/10/2025 06:15;108.54
12/10/2025 06:30;108.54
12/10/2025 06:45;108.54
12/10/2025 07:00;108.54
12/10/2025 07:15;108.52
12/10/2025 07:30;108.54
12/10/2025 07:45;108.52
12/10/2025 08:00;108.52
12/10/2025 08:15;108.52
12/10/2025 08:30;108.52
12/10/2025 08:45;108.52
12/10/2025 09:00;108.51
12/10/2025 09:15;108.51
12/10/2025 09:30;108.51
12/10/2025 09:45;108.51
12/10/2025 10:00;108.51
12/10/2025 10:15;108.52
12/10/2025 10:30;108.52
12/10/2025 10:45;108.51
12/10/2025 11:00;108.51
12/10/2025 11:15;108.51
12/10/2025 11:30;108.51
12/10/2025 11:45;108.51
12/10/2025 12:00;108.51
12/10/2025 12:15;108.52
12/10/2025 12:30;108.51
12/10/2025 12:45;108.51
12/10/2025 13:00;108.51
12/10/2025 13:15;108.52
12/10/2025 13:30;108.52
12/10/2025 13:45;108.52
12/10/2025 14:00;108.54
12/10/2025 14:15;108.54
12/10/2025 14:30;108.54
12/10/2025 14:45;108.54
12/10/2025 15:00;108.54
12/10/2025 15:15;108.54
12/10/2025 15:30;108.54
12/10/2025 15:45;108.54
12/10/2025 16:00;108.54
12/10/2025 16:15;108.54
12/10/2025 16:30;108.54
12/10/2025 16:45;108.54
12/10/2025 17:00;108.54
12/10/2025 17:15;108.54
12/10/2025 17:30;108.55
12/10/2025 17:45;108.55
12/10/2025 18:00;108.55
12/10/2025 18:15;108.55
12/10/2025 18:30;108.55
12/10/2025 18:45;108.55
12/10/2025 19:00;108.55
12/10/2025 19:15;108.54
12/10/2025 19:30;108.52
12/10/2025 19:45;108.52
12/10/2025 20:00;108.52
12/10/2025 20:15;108.52
12/10/2025 20:30;108.51
12/10/2025 20:45;108.51
12/10/2025 21:00;108.52
12/10/2025 21:15;108.5
12/10/2025 21:30;108.5
12/10/2025 21:45;108.49
12/10/2025 22:00;108.48
12/10/2025 22:15;108.48
12/10/2025 22:30;108.47
12/10/2025 22:45;108.46
12/10/2025 23:00;108.45
12/10/2025 23:15;108.43
12/10/2025 23:30;108.43
12/10/2025 23:45;108.42
13/10/2025 00:00;108.43
13/10/2025 00:15;108.45
13/10/2025 00:30;108.46
13/10/2025 00:45;108.45
13/10/2025 01:00;108.45
13/10/2025 01:15;108.43
13/10/2025 01:30;108.45
13/10/2025 01:45;108.43
13/10/2025 02:00;108.42
13/10/2025 02:15;108.43
13/10/2025 02:30;108.42
13/10/2025 02:45;108.42
13/10/2025 03:00;108.42
13/10/2025 03:15;108.42
13/10/2025 03:30;108.43
13/10/2025 03:45;108.45
13/10/2025 04:00;108.46
13/10/2025 04:15;108.46
13/10/2025 04:30;108.46
13/10/2025 04:45;108.46
13/10/2025 05:00;108.45
13/10/2025 05:15;108.45
13/10/2025 05:30;108.45
13/10/2025 05:45;108.45
13/10/2025 06:00;108.45
13/10/2025 06:15;108.45
13/10/2025 06:30;108.45
13/10/2025 06:45;108.46
13/10/2025 07:00;108.46
13/10/2025 07:15;108.45
13/10/2025 07:30;108.43
13/10/2025 07:45;108.45
13/10/2025 08:00;108.42
13/10/2025 08:15;108.42
13/10/2025 08:30;108.39
13/10/2025 08:45;108.39
13/10/2025 09:00;108.4
13/10/2025 09:15;108.38
13/10/2025 09:30;108.37
13/10/2025 09:45;108.38
13/10/2025 10:00;108.36
13/10/2025 10:15;108.4
13/10/2025 10:30;108.4
13/10/2025 10:45;108.39
13/10/2025 11:00;108.37
13/10/2025 11:15;108.36
13/10/2025 11:30;108.36
13/10/2025 11:45;108.34
13/10/2025 12:00;108.33
13/10/2025 12:15;108.36
13/10/2025 12:30;108.36
13/10/2025 12:45;108.36
13/10/2025 13:00;108.36
13/10/2025 13:15;108.36
13/10/2025 13:30;108.37
13/10/2025 13:45;108.39
13/10/2025 14:00;108.4
13/10/2025 14:15;108.4
13/10/2025 14:30;108.39
13/10/2025 14:45;108.38
13/10/2025 15:00;108.37
13/10/2025 15:15;108.37
13/10/2025 15:30;108.37
13/10/2025 15:45;108.37
13/10/2025 16:00;108.38
13/10/2025 16:15;108.39
13/10/2025 16:30;108.39
13/10/2025 16:45;108.39
13/10/2025 17:00;108.4
13/10/2025 17:15;108.4
13/10/2025 17:30;108.41
13/10/2025 17:45;108.41
13/10/2025 18:00;108.41
13/10/2025 18:15;108.39
13/10/2025 18:30;108.39
13/10/2025 18:45;108.38
13/10/2025 19:00;108.39
13/10/2025 19:15;108.36
13/10/2025 19:30;108.36
13/10/2025 19:45;108.36
13/10/2025 20:00;108.36
13/10/2025 20:15;108.36
13/10/2025 20:30;108.36
13/10/2025 20:45;108.36
13/10/2025 21:00;108.36
13/10/2025 21:15;108.33
13/10/2025 21:30;108.32
13/10/2025 21:45;108.3
13/10/2025 22:00;108.29
13/10/2025 22:15;108.29
13/10/2025 22:30;108.33
13/10/2025 22:45;108.3
13/10/2025 23:00;108.29
13/10/2025 23:15;108.29
13/10/2025 23:30;108.29
13/10/2025 23:45;108.29
14/10/2025 00:00;108.29
14/10/2025 00:15;108.31
14/10/2025 00:30;108.31
14/10/2025 00:45;108.29
14/10/2025 01:00;108.3
14/10/2025 01:15;108.29
14/10/2025 01:30;108.29
14/10/2025 01:45;108.29
14/10/2025 02:00;108.32
14/10/2025 02:15;108.32
14/10/2025 02:30;108.31
14/10/2025 02:45;108.32
14/10/2025 03:00;108.31
14/10/2025 03:15;108.31
14/10/2025 03:30;108.31
14/10/2025 03:45;108.32
14/10/2025 04:00;108.32
14/10/2025 04:15;108.32
14/10/2025 04:30;108.32
14/10/2025 04:45;108.31
14/10/2025 05:00;108.31
14/10/2025 05:15;108.32
14/10/2025 05:30;108.33
14/10/2025 05:45;108.34
14/10/2025 06:00;108.33
14/10/2025 06:15;108.34
14/10/2025 06:30;108.32
14/10/2025 06:45;108.32
14/10/2025 07:00;108.31
14/10/2025 07:15;108.32
14/10/2025 07:30;108.3
14/10/2025 07:45;108.29
14/10/2025 08:00;108.31
14/10/2025 08:15;108.29
14/10/2025 08:30;108.29
14/10/2025 08:45;108.3
14/10/2025 09:00;108.29
14/10/2025 09:15;108.3
14/10/2025 09:30;108.29
14/10/2025 09:45;108.29
14/10/2025 10:00;108.27
14/10/2025 10:15;108.29
14/10/2025 10:30;108.29
14/10/2025 10:45;108.27
14/10/2025 11:00;108.27
14/10/2025 11:15;108.27
14/10/2025 11:30;108.27
14/10/2025 11:45;108.27
14/10/2025 12:00;108.27
14/10/2025 12:15;108.29
14/10/2025 12:30;108.29
14/10/2025 12:45;108.29
14/10/2025 13:00;108.29
14/10/2025 13:15;108.29
14/10/2025 13:30;108.29
14/10/2025 13:45;108.29
14/10/2025 14:00;108.29
14/10/2025 14:15;108.3
14/10/2025 14:30;108.3
14/10/2025 14:45;108.3
14/10/2025 15:00;108.3
14/10/2025 15:15;108.3
14/10/2025 15:30;108.29
14/10/2025 15:45;108.31
14/10/2025 16:00;108.31
14/10/2025 16:15;108.31
14/10/2025 16:30;108.31
14/10/2025 16:45;108.31
14/10/2025 17:00;108.31
14/10/2025 17:15;108.31
14/10/2025 17:30;108.31
14/10/2025 17:45;108.31
14/10/2025 18:00;108.31
14/10/2025 18:15;108.32
14/10/2025 18:30;108.32
14/10/2025 18:45;108.32
14/10/2025 19:00;108.3
14/10/2025 19:15;108.27
14/10/2025 19:30;108.27
14/10/2025 19:45;108.27
14/10/2025 20:00;108.27
14/10/2025 20:15;108.25
14/10/2025 20:30;108.27
14/10/2025 20:45;108.27
14/10/2025 21:00;108.24
14/10/2025 21:15;108.22
14/10/2025 21:30;108.23
14/10/2025 21:45;108.21
14/10/2025 22:00;108.21
14/10/2025 22:15;108.2
14/10/2025 22:30;108.21
14/10/2025 22:45;108.2
14/10/2025 23:00;108.18
14/10/2025 23:15;108.18
14/10/2025 23:30;108.18
14/10/2025 23:45;108.18
15/10/2025 00:00;108.18
15/10/2025 00:15;108.18
15/10/2025 00:30;108.2
15/10/2025 00:45;108.17
15/10/2025 01:00;108.2
15/10/2025 01:15;108.18
15/10/2025 01:30;108.18
15/10/2025 01:45;108.18
15/10/2025 02:00;108.2
15/10/2025 02:15;108.21
15/10/2025 02:30;108.22
15/10/2025 02:45;108.2
15/10/2025 03:00;108.21
15/10/2025 03:15;108.2
15/10/2025 03:30;108.2
15/10/2025 03:45;108.2
15/10/2025 04:00;108.21
15/10/2025 04:15;108.2
15/10/2025 04:30;108.21
15/10/2025 04:45;108.21
15/10/2025 05:00;108.21
15/10/2025 05:15;108.22
15/10/2025 05:30;108.22
15/10/2025 05:45;108.23
15/10/2025 06:00;108.23
15/10/2025 06:15;108.23
15/10/2025 06:30;108.23
15/10/2025 06:45;108.22
15/10/2025 07:00;108.22
15/10/2025 07:15;108.22
15/10/2025 07:30;108.2
15/10/2025 07:45;108.2
15/10/2025 08:00;108.2
15/10/2025 08:15;108.21
15/10/2025 08:30;108.2
15/10/2025 08:45;108.2
15/10/2025 09:00;108.21
15/10/2025 09:15;108.21
15/10/2025 09:30;108.2
15/10/2025 09:45;108.2
15/10/2025 10:00;108.2
15/10/2025 10:15;108.21
15/10/2025 10:30;108.2
15/10/2025 10:45;108.2
15/10/2025 11:00;108.17
15/10/2025 11:15;108.18
15/10/2025 11:30;108.18
15/10/2025 11:45;108.18
15/10/2025 12:00;108.18
15/10/2025 12:15;108.2
15/10/2025 12:30;108.2
15/10/2025 12:45;108.21
15/10/2025 13:00;108.2
15/10/2025 13:15;108.21
15/10/2025 13:30;108.2
15/10/2025 13:45;108.21
15/10/2025 14:00;108.21
15/10/2025 14:15;108.21
15/10/2025 14:30;108.2
15/10/2025 14:45;108.2
15/10/2025 15:00;108.2
15/10/2025 15:15;108.21
15/10/2025 15:30;108.21
15/10/2025 15:45;108.22
15/10/2025 16:00;108.22
15/10/2025 16:15;108.23
15/10/2025 16:30;108.23
15/10/2025 16:45;108.23
15/10/2025 17:00;108.23
15/10/2025 17:15;108.23
15/10/2025 17:30;108.23
15/10/2025 17:45;108.23
15/10/2025 18:00;108.23
15/10/2025 18:15;108.22
15/10/2025 18:30;108.22
15/10/2025 18:45;108.21
15/10/2025 19:00;108.22
15/10/2025 19:15;108.2
15/10/2025 19:30;108.18
15/10/2025 19:45;108.18
15/10/2025 20:00;108.2
15/10/2025 20:15;108.17
15/10/2025 20:30;108.16
15/10/2025 20:45;108.16
15/10/2025 21:00;108.16
15/10/2025 21:15;108.13
15/10/2025 21:30;108.13
15/10/2025 21:45;108.11
15/10/2025 22:00;108.11
15/10/2025 22:15;108.14
15/10/2025 22:30;108.14
15/10/2025 22:45;108.11
15/10/2025 23:00;108.11
15/10/2025 23:15;108.11
15/10/2025 23:30;108.11
15/10/2025 23:45;108.09
16/10/2025 00:00;108.11
16/10/2025 00:15;108.12
16/10/2025 00:30;108.11
16/10/2025 00:45;108.11
16/10/2025 01:00;108.11
16/10/2025 01:15;108.11
16/10/2025 01:30;108.11
16/10/2025 01:45;108.12
16/10/2025 02:00;108.14
16/10/2025 02:15;108.14
16/10/2025 02:30;108.13
16/10/2025 02:45;108.13
16/10/2025 03:00;108.12
16/10/2025 03:15;108.12
16/10/2025 03:30;108.12
16/10/2025 03:45;108.13
16/10/2025 04:00;108.13
16/10/2025 04:15;108.13
16/10/2025 04:30;108.13
16/10/2025 04:45;108.13
16/10/2025 05:00;108.14
16/10/2025 05:15;108.14
16/10/2025 05:30;108.15
16/10/2025 05:45;108.15
16/10/2025 06:00;108.15
16/10/2025 06:15;108.15
16/10/2025 06:30;108.15
16/10/2025 06:45;108.15
16/10/2025 07:00;108.15
16/10/2025 07:15;108.14
16/10/2025 07:30;108.14
16/10/2025 07:45;108.15
16/10/2025 08:00;108.15
16/10/2025 08:15;108.15
16/10/2025 08:30;108.15
16/10/2025 08:45;108.15
16/10/2025 09:00;108.16
16/10/2025 09:15;108.15
16/10/2025 09:30;108.15
16/10/2025 09:45;108.15
16/10/2025 10:00;108.15
16/10/2025 10:15;108.15
16/10/2025 10:30;108.15
16/10/2025 10:45;108.15
16/10/2025 11:00;108.15
16/10/2025 11:15;108.15
16/10/2025 11:30;108.16
16/10/2025 11:45;108.15
16/10/2025 12:00;108.15
16/10/2025 12:15;108.16
16/10/2025 12:30;108.16
16/10/2025 12:45;108.16
16/10/2025 13:00;108.16
16/10/2025 13:15;108.16
16/10/2025 13:30;108.16
16/10/2025 13:45;108.16
16/10/2025 14:00;108.17
16/10/2025 14:15;108.17
16/10/2025 14:30;108.17
16/10/2025 14:45;108.18
16/10/2025 15:00;108.18
16/10/2025 15:15;108.17
16/10/2025 15:30;108.17
16/10/2025 15:45;108.18
16/10/2025 16:00;108.18
16/10/2025 16:15;108.18
16/10/2025 16:30;108.18
16/10/2025 16:45;108.18
16/10/2025 17:00;108.18
16/10/2025 17:15;108.18
16/10/2025 17:30;108.2
16/10/2025 17:45;108.2
16/10/2025 18:00;108.2
16/10/2025 18:15;108.2
16/10/2025 18:30;108.17
16/10/2025 18:45;108.17
16/10/2025 19:00;108.18
16/10/2025 19:15;108.18
16/10/2025 19:30;108.14
16/10/2025 19:45;108.14
16/10/2025 20:00;108.15
16/10/2025 20:15;108.13
16/10/2025 20:30;108.12
16/10/2025 20:45;108.12
16/10/2025 21:00;108.13
16/10/2025 21:15;108.12
16/10/2025 21:30;108.11
16/10/2025 21:45;108.11
16/10/2025 22:00;108.09
16/10/2025 22:15;108.09
16/10/2025 22:30;108.12
16/10/2025 22:45;108.11
16/10/2025 23:00;108.09
16/10/2025 23:15;108.08
16/10/2025 23:30;108.08
16/10/2025 23:45;108.08
17/10/2025 00:00;108.06
17/10/2025 00:15;108.09
17/10/2025 00:30;108.09
17/10/2025 00:45;108.09
17/10/2025 01:00;108.11
17/10/2025 01:15;108.11
17/10/2025 01:30;108.11
17/10/2025 01:45;108.09
17/10/2025 02:00;108.11
17/10/2025 02:15;108.11
17/10/2025 02:30;108.11
17/10/2025 02:45;108.11
17/10/2025 03:00;108.11
17/10/2025 03:15;108.11
17/10/2025 03:30;108.09
17/10/2025 03:45;108.11
17/10/2025 04:00;108.12
17/10/2025 04:15;108.12
17/10/2025 04:30;108.13
17/10/2025 04:45;108.12
17/10/2025 05:00;108.12
17/10/2025 05:15;108.12
17/10/2025 05:30;108.12
17/10/2025 05:45;108.13
17/10/2025 06:00;108.13
17/10/2025 06:15;108.13
17/10/2025 06:30;108.13
17/10/2025 06:45;108.13
17/10/2025 07:00;108.13
17/10/2025 07:15;108.14
17/10/2025 07:30;108.12
17/10/2025 07:45;108.11
17/10/2025 08:00;108.11
17/10/2025 08:15;108.11
17/10/2025 08:30;108.09
17/10/2025 08:45;108.08
17/10/2025 09:00;108.08
17/10/2025 09:15;108.09
17/10/2025 09:30;108.06
17/10/2025 09:45;108.06
17/10/2025 10:00;108.05
17/10/2025 10:15;108.09
17/10/2025 10:30;108.08
17/10/2025 10:45;108.07
17/10/2025 11:00;108.06
17/10/2025 11:15;108.04
17/10/2025 11:30;108.04
17/10/2025 11:45;108.04
17/10/2025 12:00;108.04
17/10/2025 12:15;108.05
17/10/2025 12:30;108.04
17/10/2025 12:45;108.06
17/10/2025 13:00;108.05
17/10/2025 13:15;108.05
17/10/2025 13:30;108.06
17/10/2025 13:45;108.07
17/10/2025 14:00;108.09
17/10/2025 14:15;108.08
17/10/2025 14:30;108.08
17/10/2025 14:45;108.06
17/10/2025 15:00;108.05
17/10/2025 15:15;108.05
17/10/2025 15:30;108.05
17/10/2025 15:45;108.06
17/10/2025 16:00;108.07
17/10/2025 16:15;108.08
17/10/2025 16:30;108.08
17/10/2025 16:45;108.08
17/10/2025 17:00;108.09
17/10/2025 17:15;108.08
17/10/2025 17:30;108.11
17/10/2025 17:45;108.09
17/10/2025 18:00;108.09
17/10/2025 18:15;108.07
17/10/2025 18:30;108.05
17/10/2025 18:45;108.05
17/10/2025 19:00;108.05
17/10/2025 19:15;108.04
17/10/2025 19:30;108.04
17/10/2025 19:45;108.04
17/10/2025 20:00;108.04
17/10/2025 20:15;108.02
17/10/2025 20:30;108.02
17/10/2025 20:45;108.02
17/10/2025 21:00;108.02
17/10/2025 21:15;108.02
17/10/2025 21:30;108.02
17/10/2025 21:45;107.98
17/10/2025 22:00;107.99
17/10/2025 22:15;107.98
17/10/2025 22:30;108
17/10/2025 22:45;107.97
17/10/2025 23:00;107.97
17/10/2025 23:15;107.98
17/10/2025 23:30;107.98
17/10/2025 23:45;107.98
18/10/2025 00:00;107.98
18/10/2025 00:15;107.98
18/10/2025 00:30;107.99
18/10/2025 00:45;107.99
18/10/2025 01:00;108.02
18/10/2025 01:15;108
18/10/2025 01:30;108
18/10/2025 01:45;108
18/10/2025 02:00;108
18/10/2025 02:15;107.99
18/10/2025 02:30;107.99
18/10/2025 02:45;108
18/10/2025 03:00;108
18/10/2025 03:15;108
18/10/2025 03:30;108
18/10/2025 03:45;108.02
18/10/2025 04:00;108.02
18/10/2025 04:15;108.02
18/10/2025 04:30;108.02
18/10/2025 04:45;108.02
18/10/2025 05:00;108.02
18/10/2025 05:15;108.02
18/10/2025 05:30;108.02
18/10/2025 05:45;108.02
18/10/2025 06:00;108.02
18/10/2025 06:15;108.02
18/10/2025 06:30;108.02
18/10/2025 06:45;108.04
18/10/2025 07:00;108.02
18/10/2025 07:15;108
18/10/2025 07:30;107.99
18/10/2025 07:45;108
18/10/2025 08:00;107.99
18/10/2025 08:15;108
18/10/2025 08:30;107.98
18/10/2025 08:45;107.97
18/10/2025 09:00;107.95
18/10/2025 09:15;107.96
18/10/2025 09:30;107.97
18/10/2025 09:45;107.95
18/10/2025 10:00;107.96
18/10/2025 10:15;107.97
18/10/2025 10:30;107.96
18/10/2025 10:45;107.96
18/10/2025 11:00;107.95
18/10/2025 11:15;107.95
18/10/2025 11:30;107.95
18/10/2025 11:45;107.95
18/10/2025 12:00;107.95
18/10/2025 12:15;107.95
18/10/2025 12:30;107.93
18/10/2025 12:45;107.93
18/10/2025 13:00;107.95
18/10/2025 13:15;107.95
18/10/2025 13:30;107.95
18/10/2025 13:45;107.97
18/10/2025 14:00;107.96
18/10/2025 14:15;107.96
18/10/2025 14:30;107.95
18/10/2025 14:45;107.96
18/10/2025 15:00;107.95
18/10/2025 15:15;107.95
18/10/2025 15:30;107.95
18/10/2025 15:45;107.96
18/10/2025 16:00;107.95
18/10/2025 16:15;107.96
18/10/2025 16:30;107.96
18/10/2025 16:45;107.97
18/10/2025 17:00;107.97
18/10/2025 17:15;107.98
18/10/2025 17:30;107.97
18/10/2025 17:45;107.97
18/10/2025 18:00;107.97
18/10/2025 18:15;107.97
18/10/2025 18:30;107.97
18/10/2025 18:45;107.97
18/10/2025 19:00;107.97
18/10/2025 19:15;107.98
18/10/2025 19:30;107.97
18/10/2025 19:45;107.98
18/10/2025 20:00;107.95
18/10/2025 20:15;107.95
18/10/2025 20:30;107.95
18/10/2025 20:45;107.95
18/10/2025 21:00;107.95
18/10/2025 21:15;107.95
18/10/2025 21:30;107.95
18/10/2025 21:45;107.93
18/10/2025 22:00;107.91
18/10/2025 22:15;107.92
18/10/2025 22:30;107.91
18/10/2025 22:45;107.91
18/10/2025 23:00;107.91
18/10/2025 23:15;107.93
18/10/2025 23:30;107.91
18/10/2025 23:45;107.9
19/10/2025 00:00;107.9
19/10/2025 00:15;107.9
19/10/2025 00:30;107.9
19/10/2025 00:45;107.89
19/10/2025 01:00;107.91
19/10/2025 01:15;107.91
19/10/2025 01:30;107.9
19/10/2025 01:45;107.91
19/10/2025 02:00;107.9
19/10/2025 02:15;107.91
19/10/2025 02:30;107.91
19/10/2025 02:45;107.92
19/10/2025 03:00;107.93
19/10/2025 03:15;107.92
19/10/2025 03:30;107.92
19/10/2025 03:45;107.92
19/10/2025 04:00;107.91
19/10/2025 04:15;107.92
19/10/2025 04:30;107.92
19/10/2025 04:45;107.93
19/10/2025 05:00;107.92
19/10/2025 05:15;107.93
19/10/2025 05:30;107.93
19/10/2025 05:45;107.93
19/10/2025 06:00;107.95
19/10/2025 06:15;107.92
19/10/2025 06:30;107.92
19/10/2025 06:45;107.91
19/10/2025 07:00;107.92
19/10/2025 07:15;107.92
19/10/2025 07:30;107.91
19/10/2025 07:45;107.91
19/10/2025 08:00;107.92
19/10/2025 08:15;107.91
19/10/2025 08:30;107.92
19/10/2025 08:45;107.9
19/10/2025 09:00;107.91
19/10/2025 09:15;107.92
19/10/2025 09:30;107.92
19/10/2025 09:45;107.91
19/10/2025 10:00;107.91
19/10/2025 10:15;107.9
19/10/2025 10:30;107.91
19/10/2025 10:45;107.9
19/10/2025 11:00;107.91
19/10/2025 11:15;107.91
19/10/2025 11:30;107.92
19/10/2025 11:45;107.91
19/10/2025 12:00;107.92
19/10/2025 12:15;107.92
19/10/2025 12:30;107.92
19/10/2025 12:45;107.92
19/10/2025 13:00;107.93
19/10/2025 13:15;107.93
19/10/2025 13:30;107.93
19/10/2025 13:45;107.92
19/10/2025 14:00;107.93
19/10/2025 14:15;107.92
19/10/2025 14:30;107.92
19/10/2025 14:45;107.93
19/10/2025 15:00;107.93
19/10/2025 15:15;107.93
19/10/2025 15:30;107.93
19/10/2025 15:45;107.95
19/10/2025 16:00;107.95
19/10/2025 16:15;107.93
19/10/2025 16:30;107.95
19/10/2025 16:45;107.95
19/10/2025 17:00;107.95
19/10/2025 17:15;107.95
19/10/2025 17:30;107.95
19/10/2025 17:45;107.95
19/10/2025 18:00;107.95
19/10/2025 18:15;107.95
19/10/2025 18:30;107.95
19/10/2025 18:45;107.95
19/10/2025 19:00;107.95
19/10/2025 19:15;107.93
19/10/2025 19:30;107.93
19/10/2025 19:45;107.95
19/10/2025 20:00;107.95
19/10/2025 20:15;107.92
19/10/2025 20:30;107.92
19/10/2025 20:45;107.92
19/10/2025 21:00;107.91
19/10/2025 21:15;107.91
19/10/2025 21:30;107.91
19/10/2025 21:45;107.9
19/10/2025 22:00;107.9
19/10/2025 22:15;107.89
19/10/2025 22:30;107.91
19/10/2025 22:45;107.89
19/10/2025 23:00;107.88
19/10/2025 23:15;107.88
19/10/2025 23:30;107.89
19/10/2025 23:45;107.89
20/10/2025 00:00;107.88
20/10/2025 00:15;107.88
20/10/2025 00:30;107.89
20/10/2025 00:45;107.87
20/10/2025 01:00;107.88
20/10/2025 01:15;107.88
20/10/2025 01:30;107.9
20/10/2025 01:45;107.88
20/10/2025 02:00;107.89
20/10/2025 02:15;107.89
20/10/2025 02:30;107.89
20/10/2025 02:45;107.89
20/10/2025 03:00;107.9
20/10/2025 03:15;107.9
20/10/2025 03:30;107.9
20/10/2025 03:45;107.89
20/10/2025 04:00;107.91
20/10/2025 04:15;107.89
20/10/2025 04:30;107.91
20/10/2025 04:45;107.9
20/10/2025 05:00;107.91
20/10/2025 05:15;107.91
20/10/2025 05:30;107.91
20/10/2025 05:45;107.91
20/10/2025 06:00;107.91
20/10/2025 06:15;107.91
20/10/2025 06:30;107.92
20/10/2025 06:45;107.92
20/10/2025 07:00;107.92
20/10/2025 07:15;107.92
20/10/2025 07:30;107.89
20/10/2025 07:45;107.89
20/10/2025 08:00;107.89
20/10/2025 08:15;107.89
20/10/2025 08:30;107.89
20/10/2025 08:45;107.88
20/10/2025 09:00;107.88
20/10/2025 09:15;107.89
20/10/2025 09:30;107.87
20/10/2025 09:45;107.87
20/10/2025 10:00;107.86
20/10/2025 10:15;107.88
20/10/2025 10:30;107.89
20/10/2025 10:45;107.88
20/10/2025 11:00;107.87
20/10/2025 11:15;107.86
20/10/2025 11:30;107.86
20/10/2025 11:45;107.86
20/10/2025 12:00;107.84
20/10/2025 12:15;107.87
20/10/2025 12:30;107.87
20/10/2025 12:45;107.87
20/10/2025 13:00;107.87
20/10/2025 13:15;107.87
20/10/2025 13:30;107.87
20/10/2025 13:45;107.87
20/10/2025 14:00;107.89
20/10/2025 14:15;107.89
20/10/2025 14:30;107.88
20/10/2025 14:45;107.89
20/10/2025 15:00;107.87
20/10/2025 15:15;107.88
20/10/2025 15:30;107.87
20/10/2025 15:45;107.88
20/10/2025 16:00;107.89
20/10/2025 16:15;107.89
20/10/2025 16:30;107.9
20/10/2025 16:45;107.89
20/10/2025 17:00;107.89
20/10/2025 17:15;107.9
20/10/2025 17:30;107.9
20/10/2025 17:45;107.91
20/10/2025 18:00;107.89
20/10/2025 18:15;107.89
20/10/2025 18:30;107.88
20/10/2025 18:45;107.88
20/10/2025 19:00;107.88
20/10/2025 19:15;107.86
20/10/2025 19:30;107.84
20/10/2025 19:45;107.86
20/10/2025 20:00;107.84
20/10/2025 20:15;107.84
20/10/2025 20:30;107.83
20/10/2025 20:45;107.83
20/10/2025 21:00;107.83
20/10/2025 21:15;107.83
20/10/2025 21:30;107.83
20/10/2025 21:45;107.8
20/10/2025 22:00;107.8
20/10/2025 22:15;107.8
20/10/2025 22:30;107.79
20/10/2025 22:45;107.77
20/10/2025 23:00;107.77
20/10/2025 23:15;107.79
20/10/2025 23:30;107.79
20/10/2025 23:45;107.79
21/10/2025 00:00;107.79
21/10/2025 00:15;107.79
21/10/2025 00:30;107.8
21/10/2025 00:45;107.79
21/10/2025 01:00;107.8
21/10/2025 01:15;107.79
21/10/2025 01:30;107.79
21/10/2025 01:45;107.79
21/10/2025 02:00;107.79
21/10/2025 02:15;107.79
21/10/2025 02:30;107.79
21/10/2025 02:45;107.79
21/10/2025 03:00;107.81
21/10/2025 03:15;107.8
21/10/2025 03:30;107.81
21/10/2025 03:45;107.81
21/10/2025 04:00;107.81
21/10/2025 04:15;107.81
21/10/2025 04:30;107.81
21/10/2025 04:45;107.81
21/10/2025 05:00;107.81
21/10/2025 05:15;107.8
21/10/2025 05:30;107.81
21/10/2025 05:45;107.81
21/10/2025 06:00;107.81
21/10/2025 06:15;107.81
21/10/2025 06:30;107.82
21/10/2025 06:45;107.82
21/10/2025 07:00;107.83
21/10/2025 07:15;107.82
21/10/2025 07:30;107.81
21/10/2025 07:45;107.81
21/10/2025 08:00;107.81
21/10/2025 08:15;107.81
21/10/2025 08:30;107.8
21/10/2025 08:45;107.8
21/10/2025 09:00;107.81
21/10/2025 09:15;107.8
21/10/2025 09:30;107.8
21/10/2025 09:45;107.8
21/10/2025 10:00;107.81
21/10/2025 10:15;107.82
21/10/2025 10:30;107.81
21/10/2025 10:45;107.81
21/10/2025 11:00;107.8
21/10/2025 11:15;107.8
21/10/2025 11:30;107.8
21/10/2025 11:45;107.79
21/10/2025 12:00;107.8
21/10/2025 12:15;107.81
21/10/2025 12:30;107.81
21/10/2025 12:45;107.81
21/10/2025 13:00;107.81
21/10/2025 13:15;107.81
21/10/2025 13:30;107.81
21/10/2025 13:45;107.82
21/10/2025 14:00;107.82
21/10/2025 14:15;107.83
21/10/2025 14:30;107.82
21/10/2025 14:45;107.82
21/10/2025 15:00;107.82
21/10/2025 15:15;107.82
21/10/2025 15:30;107.82
21/10/2025 15:45;107.83
21/10/2025 16:00;107.83
21/10/2025 16:15;107.83
21/10/2025 16:30;107.83
21/10/2025 16:45;107.84
21/10/2025 17:00;107.83
21/10/2025 17:15;107.84
21/10/2025 17:30;107.84
21/10/2025 17:45;107.84
21/10/2025 18:00;107.84
21/10/2025 18:15;107.84
21/10/2025 18:30;107.84
21/10/2025 18:45;107.84
21/10/2025 19:00;107.84
21/10/2025 19:15;107.81
21/10/2025 19:30;107.81
21/10/2025 19:45;107.81
21/10/2025 20:00;107.81
21/10/2025 20:15;107.81
21/10/2025 20:30;107.8
21/10/2025 20:45;107.8
21/10/2025 21:00;107.8
21/10/2025 21:15;107.79
21/10/2025 21:30;107.79
21/10/2025 21:45;107.77
21/10/2025 22:00;107.77
21/10/2025 22:15;107.77
21/10/2025 22:30;107.77
21/10/2025 22:45;107.75
21/10/2025 23:00;107.74
21/10/2025 23:15;107.77
21/10/2025 23:30;107.77
21/10/2025 23:45;107.77
22/10/2025 00:00;107.77
22/10/2025 00:15;107.75
22/10/2025 00:30;107.77
22/10/2025 00:45;107.75
22/10/2025 01:00;107.77
22/10/2025 01:15;107.75
22/10/2025 01:30;107.75
22/10/2025 01:45;107.75
22/10/2025 02:00;107.75
22/10/2025 02:15;107.77
22/10/2025 02:30;107.77
22/10/2025 02:45;107.77
22/10/2025 03:00;107.79
22/10/2025 03:15;107.77
22/10/2025 03:30;107.77
22/10/2025 03:45;107.77
22/10/2025 04:00;107.79
22/10/2025 04:15;107.77
22/10/2025 04:30;107.77
22/10/2025 04:45;107.77
22/10/2025 05:00;107.77
22/10/2025 05:15;107.77
22/10/2025 05:30;107.79
22/10/2025 05:45;107.79
22/10/2025 06:00;107.79
22/10/2025 06:15;107.77
22/10/2025 06:30;107.77
22/10/2025 06:45;107.77
22/10/2025 07:00;107.77
22/10/2025 07:15;107.77
22/10/2025 07:30;107.77
22/10/2025 07:45;107.77
22/10/2025 08:00;107.77
22/10/2025 08:15;107.77
22/10/2025 08:30;107.77
22/10/2025 08:45;107.75
22/10/2025 09:00;107.77
22/10/2025 09:15;107.75
22/10/2025 09:30;107.75
22/10/2025 09:45;107.74
22/10/2025 10:00;107.73
22/10/2025 10:15;107.75
22/10/2025 10:30;107.75
22/10/2025 10:45;107.75
22/10/2025 11:00;107.75
22/10/2025 11:15;107.75
22/10/2025 11:30;107.77
22/10/2025 11:45;107.75
22/10/2025 12:00;107.75
22/10/2025 12:15;107.77
22/10/2025 12:30;107.75
22/10/2025 12:45;107.77
22/10/2025 13:00;107.75
22/10/2025 13:15;107.77
22/10/2025 13:30;107.75
22/10/2025 13:45;107.77
22/10/2025 14:00;107.79
22/10/2025 14:15;107.77
22/10/2025 14:30;107.77
22/10/2025 14:45;107.77
22/10/2025 15:00;107.77
22/10/2025 15:15;107.77
22/10/2025 15:30;107.77
22/10/2025 15:45;107.79
22/10/2025 16:00;107.77
22/10/2025 16:15;107.77
22/10/2025 16:30;107.79
22/10/2025 16:45;107.77
22/10/2025 17:00;107.77
22/10/2025 17:15;107.79
22/10/2025 17:30;107.79
22/10/2025 17:45;107.79
22/10/2025 18:00;107.79
22/10/2025 18:15;107.79
22/10/2025 18:30;107.79
22/10/2025 18:45;107.79
22/10/2025 19:00;107.77
22/10/2025 19:15;107.75
22/10/2025 19:30;107.75
22/10/2025 19:45;107.75
22/10/2025 20:00;107.75
22/10/2025 20:15;107.75
22/10/2025 20:30;107.73
22/10/2025 20:45;107.75
22/10/2025 21:00;107.73
22/10/2025 21:15;107.73
22/10/2025 21:30;107.73
22/10/2025 21:45;107.72
22/10/2025 22:00;107.71
22/10/2025 22:15;107.7
22/10/2025 22:30;107.7
22/10/2025 22:45;107.67
22/10/2025 23:00;107.67
22/10/2025 23:15;107.7
22/10/2025 23:30;107.7
22/10/2025 23:45;107.7
23/10/2025 00:00;107.7
23/10/2025 00:15;107.7
23/10/2025 00:30;107.7
23/10/2025 00:45;107.68
23/10/2025 01:00;107.68
23/10/2025 01:15;107.68
23/10/2025 01:30;107.67
23/10/2025 01:45;107.68
23/10/2025 02:00;107.67
23/10/2025 02:15;107.67
23/10/2025 02:30;107.68
23/10/2025 02:45;107.7
23/10/2025 03:00;107.71
23/10/2025 03:15;107.71
23/10/2025 03:30;107.71
23/10/2025 03:45;107.71
23/10/2025 04:00;107.7
23/10/2025 04:15;107.7
23/10/2025 04:30;107.68
23/10/2025 04:45;107.7
23/10/2025 05:00;107.7
23/10/2025 05:15;107.7
23/10/2025 05:30;107.71
23/10/2025 05:45;107.71
23/10/2025 06:00;107.71
23/10/2025 06:15;107.72
23/10/2025 06:30;107.73
23/10/2025 06:45;107.73
23/10/2025 07:00;107.73
23/10/2025 07:15;107.72
23/10/2025 07:30;107.68
23/10/2025 07:45;107.7
23/10/2025 08:00;107.67
23/10/2025 08:15;107.67
23/10/2025 08:30;107.67
23/10/2025 08:45;107.67
23/10/2025 09:00;107.7
23/10/2025 09:15;107.68
23/10/2025 09:30;107.67
23/10/2025 09:45;107.7
23/10/2025 10:00;107.68
23/10/2025 10:15;107.71
23/10/2025 10:30;107.7
23/10/2025 10:45;107.7
23/10/2025 11:00;107.67
23/10/2025 11:15;107.66
23/10/2025 11:30;107.66
23/10/2025 11:45;107.65
23/10/2025 12:00;107.64
23/10/2025 12:15;107.66
23/10/2025 12:30;107.65
23/10/2025 12:45;107.67
23/10/2025 13:00;107.64
23/10/2025 13:15;107.66
23/10/2025 13:30;107.67
23/10/2025 13:45;107.68
23/10/2025 14:00;107.7
23/10/2025 14:15;107.68
23/10/2025 14:30;107.7
23/10/2025 14:45;107.68
23/10/2025 15:00;107.66
23/10/2025 15:15;107.67
23/10/2025 15:30;107.65
23/10/2025 15:45;107.67
23/10/2025 16:00;107.67
23/10/2025 16:15;107.68
23/10/2025 16:30;107.68
23/10/2025 16:45;107.68
23/10/2025 17:00;107.68
23/10/2025 17:15;107.7
23/10/2025 17:30;107.7
23/10/2025 17:45;107.68
23/10/2025 18:00;107.68
23/10/2025 18:15;107.68
23/10/2025 18:30;107.66
23/10/2025 18:45;107.64
23/10/2025 19:00;107.64
23/10/2025 19:15;107.64
23/10/2025 19:30;107.64
23/10/2025 19:45;107.63
23/10/2025 20:00;107.64
23/10/2025 20:15;107.65
23/10/2025 20:30;107.64
23/10/2025 20:45;107.63
23/10/2025 21:00;107.63
23/10/2025 21:15;107.61
23/10/2025 21:30;107.61
23/10/2025 21:45;107.59
23/10/2025 22:00;107.59
23/10/2025 22:15;107.56
23/10/2025 22:30;107.55
23/10/2025 22:45;107.56
23/10/2025 23:00;107.55
23/10/2025 23:15;107.59
23/10/2025 23:30;107.61
23/10/2025 23:45;107.59
24/10/2025 00:00;107.59
24/10/2025 00:15;107.57
24/10/2025 00:30;107.58
24/10/2025 00:45;107.56
24/10/2025 01:00;107.55
24/10/2025 01:15;107.56
24/10/2025 01:30;107.54
24/10/2025 01:45;107.56
24/10/2025 02:00;107.55
24/10/2025 02:15;107.56
24/10/2025 02:30;107.57
24/10/2025 02:45;107.58
24/10/2025 03:00;107.61
24/10/2025 03:15;107.61
24/10/2025 03:30;107.59
24/10/2025 03:45;107.58
24/10/2025 04:00;107.57
24/10/2025 04:15;107.57
24/10/2025 04:30;107.56
24/10/2025 04:45;107.57
24/10/2025 05:00;107.57
24/10/2025 05:15;107.57
24/10/2025 05:30;107.58
24/10/2025 05:45;107.59
24/10/2025 06:00;107.59
24/10/2025 06:15;107.61
24/10/2025 06:30;107.61
24/10/2025 06:45;107.61
24/10/2025 07:00;107.61
24/10/2025 07:15;107.57
24/10/2025 07:30;107.55
24/10/2025 07:45;107.55
24/10/2025 08:00;107.55
24/10/2025 08:15;107.54
24/10/2025 08:30;107.55
24/10/2025 08:45;107.55
24/10/2025 09:00;107.56
24/10/2025 09:15;107.54
24/10/2025 09:30;107.55
24/10/2025 09:45;107.54
24/10/2025 10:00;107.54
24/10/2025 10:15;107.57
24/10/2025 10:30;107.55
24/10/2025 10:45;107.54
24/10/2025 11:00;107.52
24/10/2025 11:15;107.52
24/10/2025 11:30;107.52
24/10/2025 11:45;107.52
24/10/2025 12:00;107.52
24/10/2025 12:15;107.54
24/10/2025 12:30;107.54
24/10/2025 12:45;107.54
24/10/2025 13:00;107.54
24/10/2025 13:15;107.54
24/10/2025 13:30;107.54
24/10/2025 13:45;107.55
24/10/2025 14:00;107.56
24/10/2025 14:15;107.54
24/10/2025 14:30;107.54
24/10/2025 14:45;107.54
24/10/2025 15:00;107.54
24/10/2025 15:15;107.54
24/10/2025 15:30;107.54
24/10/2025 15:45;107.56
24/10/2025 16:00;107.56
24/10/2025 16:15;107.55
24/10/2025 16:30;107.56
24/10/2025 16:45;107.55
24/10/2025 17:00;107.56
24/10/2025 17:15;107.55
24/10/2025 17:30;107.56
24/10/2025 17:45;107.56
24/10/2025 18:00;107.55
24/10/2025 18:15;107.55
24/10/2025 18:30;107.55
24/10/2025 18:45;107.54
24/10/2025 19:00;107.54
24/10/2025 19:15;107.54
24/10/2025 19:30;107.54
24/10/2025 19:45;107.52
24/10/2025 20:00;107.54
24/10/2025 20:15;107.54
24/10/2025 20:30;107.52
24/10/2025 20:45;107.52
24/10/2025 21:00;107.52
24/10/2025 21:15;107.5
24/10/2025 21:30;107.5
24/10/2025 21:45;107.48
24/10/2025 22:00;107.49
24/10/2025 22:15;107.46
24/10/2025 22:30;107.46
24/10/2025 22:45;107.45
24/10/2025 23:00;107.45
24/10/2025 23:15;107.45
24/10/2025 23:30;107.45
24/10/2025 23:45;107.43
25/10/2025 00:00;107.45
25/10/2025 00:15;107.42
25/10/2025 00:30;107.46
25/10/2025 00:45;107.45
25/10/2025 01:00;107.45
25/10/2025 01:15;107.43
25/10/2025 01:30;107.43
25/10/2025 01:45;107.43
25/10/2025 02:00;107.41
25/10/2025 02:15;107.41
25/10/2025 02:30;107.43
25/10/2025 02:45;107.41
25/10/2025 03:00;107.43
25/10/2025 03:15;107.42
25/10/2025 03:30;107.45
25/10/2025 03:45;107.42
25/10/2025 04:00;107.45
25/10/2025 04:15;107.46
25/10/2025 04:30;107.45
25/10/2025 04:45;107.45
25/10/2025 05:00;107.45
25/10/2025 05:15;107.45
25/10/2025 05:30;107.45
25/10/2025 05:45;107.42
25/10/2025 06:00;107.45
25/10/2025 06:15;107.45
25/10/2025 06:30;107.45
25/10/2025 06:45;107.45
25/10/2025 07:00;107.45
25/10/2025 07:15;107.45
25/10/2025 07:30;107.45
25/10/2025 07:45;107.45
25/10/2025 08:00;107.45
25/10/2025 08:15;107.45
25/10/2025 08:30;107.45
25/10/2025 08:45;107.43
25/10/2025 09:00;107.45
25/10/2025 09:15;107.43
25/10/2025 09:30;107.45
25/10/2025 09:45;107.45
25/10/2025 10:00;107.45
25/10/2025 10:15;107.43
25/10/2025 10:30;107.45
25/10/2025 10:45;107.45
25/10/2025 11:00;107.43
25/10/2025 11:15;107.43
25/10/2025 11:30;107.45
25/10/2025 11:45;107.43
25/10/2025 12:00;107.43
25/10/2025 12:15;107.43
25/10/2025 12:30;107.45
25/10/2025 12:45;107.43
25/10/2025 13:00;107.45
25/10/2025 13:15;107.45
25/10/2025 13:30;107.45
25/10/2025 13:45;107.45
25/10/2025 14:00;107.46
25/10/2025 14:15;107.46
25/10/2025 14:30;107.46
25/10/2025 14:45;107.45
25/10/2025 15:00;107.46
25/10/2025 15:15;107.46
25/10/2025 15:30;107.46
25/10/2025 15:45;107.46
25/10/2025 16:00;107.46
25/10/2025 16:15;107.47
25/10/2025 16:30;107.46
25/10/2025 16:45;107.47
25/10/2025 17:00;107.47
25/10/2025 17:15;107.47
25/10/2025 17:30;107.48
25/10/2025 17:45;107.48
25/10/2025 18:00;107.48
25/10/2025 18:15;107.45
25/10/2025 18:30;107.46
25/10/2025 18:45;107.46
25/10/2025 19:00;107.45
25/10/2025 19:15;107.45
25/10/2025 19:30;107.45
25/10/2025 19:45;107.45
25/10/2025 20:00;107.45
25/10/2025 20:15;107.43
25/10/2025 20:30;107.45
25/10/2025 20:45;107.43
25/10/2025 21:00;107.42
25/10/2025 21:15;107.41
25/10/2025 21:30;107.4
25/10/2025 21:45;107.39
25/10/2025 22:00;107.38
25/10/2025 22:15;107.37
25/10/2025 22:30;107.37
25/10/2025 22:45;107.36
25/10/2025 23:00;107.37
25/10/2025 23:15;107.36
25/10/2025 23:30;107.36
25/10/2025 23:45;107.36
26/10/2025 00:00;107.34
26/10/2025 00:15;107.36
26/10/2025 00:30;107.34
26/10/2025 00:45;107.33
26/10/2025 01:00;107.32
26/10/2025 01:15;107.32
26/10/2025 01:30;107.33
26/10/2025 01:45;107.32
26/10/2025 02:00;107.32
26/10/2025 02:15;107.32
26/10/2025 02:30;107.33
26/10/2025 02:45;107.33
26/10/2025 03:00;107.34
26/10/2025 03:15;107.33
26/10/2025 03:30;107.33
26/10/2025 03:45;107.33
26/10/2025 04:00;107.33
26/10/2025 04:15;107.36
26/10/2025 04:30;107.34
26/10/2025 04:45;107.36
26/10/2025 05:00;107.36
26/10/2025 05:15;107.34
26/10/2025 05:30;107.36
26/10/2025 05:45;107.34
26/10/2025 06:00;107.36
26/10/2025 06:15;107.36
26/10/2025 06:30;107.36
26/10/2025 06:45;107.36
26/10/2025 07:00;107.36
26/10/2025 07:15;107.36
26/10/2025 07:30;107.36
26/10/2025 07:45;107.36
26/10/2025 08:00;107.37
26/10/2025 08:15;107.37
26/10/2025 08:30;107.37
26/10/2025 08:45;107.37
26/10/2025 09:00;107.37
26/10/2025 09:15;107.37
26/10/2025 09:30;107.37
26/10/2025 09:45;107.38
26/10/2025 10:00;107.38
26/10/2025 10:15;107.39
26/10/2025 10:30;107.38
26/10/2025 10:45;107.38
26/10/2025 11:00;107.38
26/10/2025 11:15;107.39
26/10/2025 11:30;107.39
26/10/2025 11:45;107.4
26/10/2025 12:00;107.39
26/10/2025 12:15;107.4
26/10/2025 12:30;107.39
26/10/2025 12:45;107.4
26/10/2025 13:00;107.4
26/10/2025 13:15;107.4
26/10/2025 13:30;107.4
26/10/2025 13:45;107.41
26/10/2025 14:00;107.41
26/10/2025 14:15;107.42
26/10/2025 14:30;107.41
26/10/2025 14:45;107.42
26/10/2025 15:00;107.41
26/10/2025 15:15;107.42
26/10/2025 15:30;107.42
26/10/2025 15:45;107.42
26/10/2025 16:00;107.42
26/10/2025 16:15;107.42
26/10/2025 16:30;107.42
26/10/2025 16:45;107.43
26/10/2025 17:00;107.42
26/10/2025 17:15;107.43
26/10/2025 17:30;107.43
26/10/2025 17:45;107.43
26/10/2025 18:00;107.43
26/10/2025 18:15;107.42
26/10/2025 18:30;107.42
26/10/2025 18:45;107.42
26/10/2025 19:00;107.42
26/10/2025 19:15;107.42
26/10/2025 19:30;107.4
26/10/2025 19:45;107.4
26/10/2025 20:00;107.4
26/10/2025 20:15;107.39
26/10/2025 20:30;107.39
26/10/2025 20:45;107.38
26/10/2025 21:00;107.39
26/10/2025 21:15;107.38
26/10/2025 21:30;107.37
26/10/2025 21:45;107.36
26/10/2025 22:00;107.36
26/10/2025 22:15;107.34
26/10/2025 22:30;107.33
26/10/2025 22:45;107.32
26/10/2025 23:00;107.33
26/10/2025 23:15;107.3
26/10/2025 23:30;107.31
26/10/2025 23:45;107.3
27/10/2025 00:00;107.3
27/10/2025 00:15;107.31
27/10/2025 00:30;107.33
27/10/2025 00:45;107.32
27/10/2025 01:00;107.31
27/10/2025 01:15;107.3
27/10/2025 01:30;107.31
27/10/2025 01:45;107.29
27/10/2025 02:00;107.29
27/10/2025 02:15;107.29
27/10/2025 02:30;107.29
27/10/2025 02:45;107.29
27/10/2025 03:00;107.3
27/10/2025 03:15;107.3
27/10/2025 03:30;107.31
27/10/2025 03:45;107.31
27/10/2025 04:00;107.33
27/10/2025 04:15;107.33
27/10/2025 04:30;107.32
27/10/2025 04:45;107.31
27/10/2025 05:00;107.31
27/10/2025 05:15;107.3
27/10/2025 05:30;107.3
27/10/2025 05:45;107.3
27/10/2025 06:00;107.32
27/10/2025 06:15;107.32
27/10/2025 06:30;107.33
27/10/2025 06:45;107.32
27/10/2025 07:00;107.33
27/10/2025 07:15;107.32
27/10/2025 07:30;107.32
27/10/2025 07:45;107.33
27/10/2025 08:00;107.32
27/10/2025 08:15;107.31
27/10/2025 08:30;107.3
27/10/2025 08:45;107.3
27/10/2025 09:00;107.31
27/10/2025 09:15;107.3
27/10/2025 09:30;107.31
27/10/2025 09:45;107.31
27/10/2025 10:00;107.32
27/10/2025 10:15;107.31
27/10/2025 10:30;107.31
27/10/2025 10:45;107.32
27/10/2025 11:00;107.3
27/10/2025 11:15;107.31
27/10/2025 11:30;107.31
27/10/2025 11:45;107.31
27/10/2025 12:00;107.31
27/10/2025 12:15;107.3
27/10/2025 12:30;107.31
27/10/2025 12:45;107.32
27/10/2025 13:00;107.32
27/10/2025 13:15;107.33
27/10/2025 13:30;107.32
27/10/2025 13:45;107.33
27/10/2025 14:00;107.33
27/10/2025 14:15;107.33
27/10/2025 14:30;107.34
27/10/2025 14:45;107.33
27/10/2025 15:00;107.33
27/10/2025 15:15;107.33
27/10/2025 15:30;107.32
27/10/2025 15:45;107.33
27/10/2025 16:00;107.33
27/10/2025 16:15;107.34
27/10/2025 16:30;107.34
27/10/2025 16:45;107.34
27/10/2025 17:00;107.34
27/10/2025 17:15;107.34
27/10/2025 17:30;107.36
27/10/2025 17:45;107.36
27/10/2025 18:00;107.34
27/10/2025 18:15;107.36
27/10/2025 18:30;107.34
27/10/2025 18:45;107.36
27/10/2025 19:00;107.34
27/10/2025 19:15;107.31
27/10/2025 19:30;107.31
27/10/2025 19:45;107.32
27/10/2025 20:00;107.32
27/10/2025 20:15;107.31
27/10/2025 20:30;107.31
27/10/2025 20:45;107.32
27/10/2025 21:00;107.31
27/10/2025 21:15;107.29
27/10/2025 21:30;107.3
27/10/2025 21:45;107.29
27/10/2025 22:00;107.29
27/10/2025 22:15;107.27
27/10/2025 22:30;107.27
27/10/2025 22:45;107.24
27/10/2025 23:00;107.23
27/10/2025 23:15;107.25
27/10/2025 23:30;107.27
27/10/2025 23:45;107.24
28/10/2025 00:00;107.25
28/10/2025 00:15;107.27
28/10/2025 00:30;107.27
28/10/2025 00:45;107.25
28/10/2025 01:00;107.24
28/10/2025 01:15;107.25
28/10/2025 01:30;107.24
28/10/2025 01:45;107.24
28/10/2025 02:00;107.22
28/10/2025 02:15;107.23
28/10/2025 02:30;107.23
28/10/2025 02:45;107.24
28/10/2025 03:00;107.27
28/10/2025 03:15;107.27
28/10/2025 03:30;107.27
28/10/2025 03:45;107.27
28/10/2025 04:00;107.27
28/10/2025 04:15;107.27
28/10/2025 04:30;107.25
28/10/2025 04:45;107.27
28/10/2025 05:00;107.25
28/10/2025 05:15;107.25
28/10/2025 05:30;107.25
28/10/2025 05:45;107.27
28/10/2025 06:00;107.27
28/10/2025 06:15;107.27
28/10/2025 06:30;107.29
28/10/2025 06:45;107.29
28/10/2025 07:00;107.29
28/10/2025 07:15;107.27
28/10/2025 07:30;107.27
28/10/2025 07:45;107.27
28/10/2025 08:00;107.25
28/10/2025 08:15;107.25
28/10/2025 08:30;107.25
28/10/2025 08:45;107.25
28/10/2025 09:00;107.27
28/10/2025 09:15;107.27
28/10/2025 09:30;107.27
28/10/2025 09:45;107.27
28/10/2025 10:00;107.25
28/10/2025 10:15;107.27
28/10/2025 10:30;107.27
28/10/2025 10:45;107.25
28/10/2025 11:00;107.25
28/10/2025 11:15;107.24
28/10/2025 11:30;107.25
28/10/2025 11:45;107.25
28/10/2025 12:00;107.25
28/10/2025 12:15;107.27
28/10/2025 12:30;107.27
28/10/2025 12:45;107.27
28/10/2025 13:00;107.27
28/10/2025 13:15;107.27
28/10/2025 13:30;107.27
28/10/2025 13:45;107.27
28/10/2025 14:00;107.29
28/10/2025 14:15;107.27
28/10/2025 14:30;107.27
28/10/2025 14:45;107.27
28/10/2025 15:00;107.27
28/10/2025 15:15;107.29
28/10/2025 15:30;107.27
28/10/2025 15:45;107.29
28/10/2025 16:00;107.29
28/10/2025 16:15;107.29
28/10/2025 16:30;107.29
28/10/2025 16:45;107.29
28/10/2025 17:00;107.29
28/10/2025 17:15;107.29
28/10/2025 17:30;107.29
28/10/2025 17:45;107.29
28/10/2025 18:00;107.29
28/10/2025 18:15;107.29
28/10/2025 18:30;107.29
28/10/2025 18:45;107.29
28/10/2025 19:00;107.3
28/10/2025 19:15;107.27
28/10/2025 19:30;107.27
28/10/2025 19:45;107.27
28/10/2025 20:00;107.27
28/10/2025 20:15;107.27
28/10/2025 20:30;107.25
28/10/2025 20:45;107.27
28/10/2025 21:00;107.25
28/10/2025 21:15;107.23
28/10/2025 21:30;107.24
28/10/2025 21:45;107.23
28/10/2025 22:00;107.23
28/10/2025 22:15;107.21
28/10/2025 22:30;107.2
28/10/2025 22:45;107.2
28/10/2025 23:00;107.18
28/10/2025 23:15;107.2
28/10/2025 23:30;107.2
28/10/2025 23:45;107.18
29/10/2025 00:00;107.18
29/10/2025 00:15;107.2
29/10/2025 00:30;107.21
29/10/2025 00:45;107.18
29/10/2025 01:00;107.18
29/10/2025 01:15;107.2
29/10/2025 01:30;107.18
29/10/2025 01:45;107.17
29/10/2025 02:00;107.17
29/10/2025 02:15;107.18
29/10/2025 02:30;107.17
29/10/2025 02:45;107.18
29/10/2025 03:00;107.2
29/10/2025 03:15;107.2
29/10/2025 03:30;107.2
29/10/2025 03:45;107.2
29/10/2025 04:00;107.21
29/10/2025 04:15;107.21
29/10/2025 04:30;107.2
29/10/2025 04:45;107.2
29/10/2025 05:00;107.2
29/10/2025 05:15;107.2
29/10/2025 05:30;107.2
29/10/2025 05:45;107.2
29/10/2025 06:00;107.21
29/10/2025 06:15;107.21
29/10/2025 06:30;107.22
29/10/2025 06:45;107.22
29/10/2025 07:00;107.21
29/10/2025 07:15;107.21
29/10/2025 07:30;107.2
29/10/2025 07:45;107.21
29/10/2025 08:00;107.2
29/10/2025 08:15;107.2
29/10/2025 08:30;107.2
29/10/2025 08:45;107.2
29/10/2025 09:00;107.2
29/10/2025 09:15;107.2
29/10/2025 09:30;107.2
29/10/2025 09:45;107.21
29/10/2025 10:00;107.2
29/10/2025 10:15;107.22
29/10/2025 10:30;107.21
29/10/2025 10:45;107.2
29/10/2025 11:00;107.2
29/10/2025 11:15;107.2
29/10/2025 11:30;107.2
29/10/2025 11:45;107.2
29/10/2025 12:00;107.2
29/10/2025 12:15;107.21
29/10/2025 12:30;107.2
29/10/2025 12:45;107.21
29/10/2025 13:00;107.21
29/10/2025 13:15;107.22
29/10/2025 13:30;107.22
29/10/2025 13:45;107.22
29/10/2025 14:00;107.23
29/10/2025 14:15;107.23
29/10/2025 14:30;107.22
29/10/2025 14:45;107.22
29/10/2025 15:00;107.22
29/10/2025 15:15;107.22
29/10/2025 15:30;107.22
29/10/2025 15:45;107.23
29/10/2025 16:00;107.23
29/10/2025 16:15;107.23
29/10/2025 16:30;107.24
29/10/2025 16:45;107.24
29/10/2025 17:00;107.24
29/10/2025 17:15;107.23
29/10/2025 17:30;107.23
29/10/2025 17:45;107.23
29/10/2025 18:00;107.23
29/10/2025 18:15;107.21
29/10/2025 18:30;107.2
29/10/2025 18:45;107.21
29/10/2025 19:00;107.21
29/10/2025 19:15;107.2
29/10/2025 19:30;107.2
29/10/2025 19:45;107.2
29/10/2025 20:00;107.2
29/10/2025 20:15;107.18
29/10/2025 20:30;107.18
29/10/2025 20:45;107.16
29/10/2025 21:00;107.15
29/10/2025 21:15;107.15
29/10/2025 21:30;107.13
29/10/2025 21:45;107.13
29/10/2025 22:00;107.12
29/10/2025 22:15;107.11
29/10/2025 22:30;107.11
29/10/2025 22:45;107.11
29/10/2025 23:00;107.12
29/10/2025 23:15;107.13
29/10/2025 23:30;107.13
29/10/2025 23:45;107.12
30/10/2025 00:00;107.11
30/10/2025 00:15;107.11
30/10/2025 00:30;107.11
30/10/2025 00:45;107.11
30/10/2025 01:00;107.11
30/10/2025 01:15;107.11
30/10/2025 01:30;107.11
30/10/2025 01:45;107.11
30/10/2025 02:00;107.11
30/10/2025 02:15;107.12
30/10/2025 02:30;107.12
30/10/2025 02:45;107.14
30/10/2025 03:00;107.15
30/10/2025 03:15;107.14
30/10/2025 03:30;107.13
30/10/2025 03:45;107.12
30/10/2025 04:00;107.13
30/10/2025 04:15;107.12
30/10/2025 04:30;107.13
30/10/2025 04:45;107.14
30/10/2025 05:00;107.14
30/10/2025 05:15;107.14
30/10/2025 05:30;107.15
30/10/2025 05:45;107.15
30/10/2025 06:00;107.15
30/10/2025 06:15;107.15
30/10/2025 06:30;107.16
30/10/2025 06:45;107.16
30/10/2025 07:00;107.15
30/10/2025 07:15;107.14
30/10/2025 07:30;107.12
30/10/2025 07:45;107.13
30/10/2025 08:00;107.13
30/10/2025 08:15;107.14
30/10/2025 08:30;107.14
30/10/2025 08:45;107.14
30/10/2025 09:00;107.15
30/10/2025 09:15;107.14
30/10/2025 09:30;107.14
30/10/2025 09:45;107.14
30/10/2025 10:00;107.13
30/10/2025 10:15;107.15
30/10/2025 10:30;107.14
30/10/2025 10:45;107.13
30/10/2025 11:00;107.12
30/10/2025 11:15;107.12
30/10/2025 11:30;107.14
30/10/2025 11:45;107.13
30/10/2025 12:00;107.14
30/10/2025 12:15;107.15
30/10/2025 12:30;107.14
30/10/2025 12:45;107.15
30/10/2025 13:00;107.14
30/10/2025 13:15;107.14
30/10/2025 13:30;107.15
30/10/2025 13:45;107.15
30/10/2025 14:00;107.16
30/10/2025 14:15;107.16
30/10/2025 14:30;107.15
30/10/2025 14:45;107.16
30/10/2025 15:00;107.15
30/10/2025 15:15;107.16
30/10/2025 15:30;107.16
30/10/2025 15:45;107.16
30/10/2025 16:00;107.17
30/10/2025 16:15;107.17
30/10/2025 16:30;107.17
30/10/2025 16:45;107.17
30/10/2025 17:00;107.17
30/10/2025 17:15;107.15
30/10/2025 17:30;107.15
30/10/2025 17:45;107.16
30/10/2025 18:00;107.15
30/10/2025 18:15;107.14
30/10/2025 18:30;107.13
30/10/2025 18:45;107.14
30/10/2025 19:00;107.14
30/10/2025 19:15;107.12
30/10/2025 19:30;107.12
30/10/2025 19:45;107.12
30/10/2025 20:00;107.12
30/10/2025 20:15;107.11
30/10/2025 20:30;107.11
30/10/2025 20:45;107.09
30/10/2025 21:00;107.07
30/10/2025 21:15;107.07
30/10/2025 21:30;107.07
30/10/2025 21:45;107.05
30/10/2025 22:00;107.04
30/10/2025 22:15;107.06
30/10/2025 22:30;107.08
30/10/2025 22:45;107.06
30/10/2025 23:00;107.07
30/10/2025 23:15;107.06
30/10/2025 23:30;107.06
30/10/2025 23:45;107.05
31/10/2025 00:00;107.04
31/10/2025 00:15;107.06
31/10/2025 00:30;107.05
31/10/2025 00:45;107.05
31/10/2025 01:00;107.05
31/10/2025 01:15;107.05
31/10/2025 01:30;107.06
31/10/2025 01:45;107.06
31/10/2025 02:00;107.09
31/10/2025 02:15;107.09
31/10/2025 02:30;107.08
31/10/2025 02:45;107.08
31/10/2025 03:00;107.07
31/10/2025 03:15;107.07
31/10/2025 03:30;107.07
31/10/2025 03:45;107.06
31/10/2025 04:00;107.08
31/10/2025 04:15;107.07
31/10/2025 04:30;107.08
31/10/2025 04:45;107.08
31/10/2025 05:00;107.09
31/10/2025 05:15;107.09
31/10/2025 05:30;107.09
31/10/2025 05:45;107.11
31/10/2025 06:00;107.09
31/10/2025 06:15;107.09
31/10/2025 06:30;107.09
31/10/2025 06:45;107.06
31/10/2025 07:00;107.07
31/10/2025 07:15;107.07
31/10/2025 07:30;107.08
31/10/2025 07:45;107.08
31/10/2025 08:00;107.07
31/10/2025 08:15;107.08
31/10/2025 08:30;107.08
31/10/2025 08:45;107.07
31/10/2025 09:00;107.08
31/10/2025 09:15;107.08
31/10/2025 09:30;107.09
31/10/2025 09:45;107.07
31/10/2025 10:00;107.07
31/10/2025 10:15;107.06
31/10/2025 10:30;107.06
31/10/2025 10:45;107.06
31/10/2025 11:00;107.06
31/10/2025 11:15;107.08
31/10/2025 11:30;107.08
31/10/2025 11:45;107.08
31/10/2025 12:00;107.08
31/10/2025 12:15;107.08
31/10/2025 12:30;107.08
31/10/2025 12:45;107.08
31/10/2025 13:00;107.09
31/10/2025 13:15;107.09
31/10/2025 13:30;107.08
31/10/2025 13:45;107.08
31/10/2025 14:00;107.09
31/10/2025 14:15;107.09
31/10/2025 14:30;107.09
31/10/2025 14:45;107.11
31/10/2025 15:00;107.11
31/10/2025 15:15;107.11
31/10/2025 15:30;107.11
31/10/2025 15:45;107.11
31/10/2025 16:00;107.11
31/10/2025 16:15;107.11
31/10/2025 16:30;107.11
31/10/2025 16:45;107.11
31/10/2025 17:00;107.11
31/10/2025 17:15;107.11
31/10/2025 17:30;107.11
31/10/2025 17:45;107.11
31/10/2025 18:00;107.11
31/10/2025 18:15;107.08
31/10/2025 18:30;107.09
31/10/2025 18:45;107.09
31/10/2025 19:00;107.09
31/10/2025 19:15;107.09
31/10/2025 19:30;107.09
31/10/2025 19:45;107.09
31/10/2025 20:00;107.08
31/10/2025 20:15;107.06
31/10/2025 20:30;107.07
31/10/2025 20:45;107.05
31/10/2025 21:00;107.06
31/10/2025 21:15;107.04
31/10/2025 21:30;107.04
31/10/2025 21:45;107.02
31/10/2025 22:00;107
31/10/2025 22:15;107.02
31/10/2025 22:30;107.04
31/10/2025 22:45;107.02
31/10/2025 23:00;107.02
31/10/2025 23:15;107.02
31/10/2025 23:30;107.04
31/10/2025 23:45;107.02
01/11/2025 00:00;107.02
01/11/2025 00:15;107
01/11/2025 00:30;107.02
01/11/2025 00:45;107
01/11/2025 01:00;107
01/11/2025 01:15;107.02
01/11/2025 01:30;107.02
01/11/2025 01:45;107.02
01/11/2025 02:00;107.04
01/11/2025 02:15;107.04
01/11/2025 02:30;107.04
01/11/2025 02:45;107.04
01/11/2025 03:00;107.04
01/11/2025 03:15;107.04
01/11/2025 03:30;107.02
01/11/2025 03:45;107.02
01/11/2025 04:00;107.04
01/11/2025 04:15;107.02
01/11/2025 04:30;107.04
01/11/2025 04:45;107.04
01/11/2025 05:00;107.04
01/11/2025 05:15;107.04
01/11/2025 05:30;107.05
01/11/2025 05:45;107.05
01/11/2025 06:00;107.06
01/11/2025 06:15;107.05
01/11/2025 06:30;107.05
01/11/2025 06:45;107.05
01/11/2025 07:00;107.05
01/11/2025 07:15;107.04
01/11/2025 07:30;107.05
01/11/2025 07:45;107.05
01/11/2025 08:00;107.06
01/11/2025 08:15;107.06
01/11/2025 08:30;107.06
01/11/2025 08:45;107.06
01/11/2025 09:00;107.07
01/11/2025 09:15;107.07
01/11/2025 09:30;107.07
01/11/2025 09:45;107.06
01/11/2025 10:00;107.07
01/11/2025 10:15;107.06
01/11/2025 10:30;107.07
01/11/2025 10:45;107.07
01/11/2025 11:00;107.08
01/11/2025 11:15;107.08
01/11/2025 11:30;107.08
01/11/2025 11:45;107.08
01/11/2025 12:00;107.08
01/11/2025 12:15;107.09
01/11/2025 12:30;107.09
01/11/2025 12:45;107.09
01/11/2025 13:00;107.09
01/11/2025 13:15;107.09
01/11/2025 13:30;107.09
01/11/2025 13:45;107.09
01/11/2025 14:00;107.09
01/11/2025 14:15;107.09
01/11/2025 14:30;107.11
01/11/2025 14:45;107.11
01/11/2025 15:00;107.11
01/11/2025 15:15;107.11
01/11/2025 15:30;107.11
01/11/2025 15:45;107.11
01/11/2025 16:00;107.11
01/11/2025 16:15;107.11
01/11/2025 16:30;107.11
01/11/2025 16:45;107.11
01/11/2025 17:00;107.11
01/11/2025 17:15;107.11
01/11/2025 17:30;107.12
01/11/2025 17:45;107.12
01/11/2025 18:00;107.12
01/11/2025 18:15;107.11
01/11/2025 18:30;107.11
01/11/2025 18:45;107.11
01/11/2025 19:00;107.11
01/11/2025 19:15;107.08
01/11/2025 19:30;107.08
01/11/2025 19:45;107.08
01/11/2025 20:00;107.08
01/11/2025 20:15;107.07
01/11/2025 20:30;107.07
01/11/2025 20:45;107.07
01/11/2025 21:00;107.07
01/11/2025 21:15;107.05
01/11/2025 21:30;107.05
01/11/2025 21:45;107.04
01/11/2025 22:00;107.02
01/11/2025 22:15;107.02
01/11/2025 22:30;107.02
01/11/2025 22:45;107
01/11/2025 23:00;106.99
01/11/2025 23:15;107.02
01/11/2025 23:30;107.04
01/11/2025 23:45;107.02
02/11/2025 00:00;107.02
02/11/2025 00:15;107
02/11/2025 00:30;107.02
02/11/2025 00:45;107
02/11/2025 01:00;106.98
02/11/2025 01:15;107
02/11/2025 01:30;106.99
02/11/2025 01:45;106.99
02/11/2025 02:00;106.99
02/11/2025 02:15;107
02/11/2025 02:30;107.02
02/11/2025 02:45;107.02
02/11/2025 03:00;107.04
02/11/2025 03:15;107.04
02/11/2025 03:30;107.04
02/11/2025 03:45;107.04
02/11/2025 04:00;107.02
02/11/2025 04:15;107.02
02/11/2025 04:30;107.02
02/11/2025 04:45;107.02
02/11/2025 05:00;107.04
02/11/2025 05:15;107.04
02/11/2025 05:30;107.04
02/11/2025 05:45;107.04
02/11/2025 06:00;107.04
02/11/2025 06:15;107.05
02/11/2025 06:30;107.05
02/11/2025 06:45;107.05
02/11/2025 07:00;107.05
02/11/2025 07:15;107.04
02/11/2025 07:30;107.04
02/11/2025 07:45;107.04
02/11/2025 08:00;107.04
02/11/2025 08:15;107.04
02/11/2025 08:30;107.05
02/11/2025 08:45;107.06
02/11/2025 09:00;107.06
02/11/2025 09:15;107.06
02/11/2025 09:30;107.07
02/11/2025 09:45;107.07
02/11/2025 10:00;107.07
02/11/2025 10:15;107.07
02/11/2025 10:30;107.07
02/11/2025 10:45;107.07
02/11/2025 11:00;107.07
02/11/2025 11:15;107.07
02/11/2025 11:30;107.07
02/11/2025 11:45;107.08
02/11/2025 12:00;107.08
02/11/2025 12:15;107.09
02/11/2025 12:30;107.09
02/11/2025 12:45;107.09
02/11/2025 13:00;107.09
02/11/2025 13:15;107.09
02/11/2025 13:30;107.09
02/11/2025 13:45;107.09
02/11/2025 14:00;107.09
02/11/2025 14:15;107.09
02/11/2025 14:30;107.09
02/11/2025 14:45;107.11
02/11/2025 15:00;107.11
02/11/2025 15:15;107.11
02/11/2025 15:30;107.11
02/11/2025 15:45;107.11
02/11/2025 16:00;107.11
02/11/2025 16:15;107.11
02/11/2025 16:30;107.11
02/11/2025 16:45;107.11
02/11/2025 17:00;107.11
02/11/2025 17:15;107.11
02/11/2025 17:30;107.11
02/11/2025 17:45;107.11
02/11/2025 18:00;107.11
02/11/2025 18:15;107.11
02/11/2025 18:30;107.11
02/11/2025 18:45;107.11
02/11/2025 19:00;107.11
02/11/2025 19:15;107.09
02/11/2025 19:30;107.09
02/11/2025 19:45;107.08
02/11/2025 20:00;107.08
02/11/2025 20:15;107.08
02/11/2025 20:30;107.07
02/11/2025 20:45;107.07
02/11/2025 21:00;107.07
02/11/2025 21:15;107.05
02/11/2025 21:30;107.05
02/11/2025 21:45;107.04
02/11/2025 22:00;107.04
02/11/2025 22:15;107.02
02/11/2025 22:30;107.02
02/11/2025 22:45;107.02
02/11/2025 23:00;106.99
02/11/2025 23:15;107.02
02/11/2025 23:30;107.02
02/11/2025 23:45;107.02
03/11/2025 00:00;107.02
03/11/2025 00:15;107.02
03/11/2025 00:30;107.02
03/11/2025 00:45;107
03/11/2025 01:00;106.99
03/11/2025 01:15;107.02
03/11/2025 01:30;106.99
03/11/2025 01:45;107
03/11/2025 02:00;106.99
03/11/2025 02:15;107
03/11/2025 02:30;107.02
03/11/2025 02:45;107.02
03/11/2025 03:00;107.04
03/11/2025 03:15;107.04
03/11/2025 03:30;107.04
03/11/2025 03:45;107.04
03/11/2025 04:00;107.02
03/11/2025 04:15;107.02
03/11/2025 04:30;107.02
03/11/2025 04:45;107.02
03/11/2025 05:00;107.02
03/11/2025 05:15;107.02
03/11/2025 05:30;107.04
03/11/2025 05:45;107.04
03/11/2025 06:00;107.04
03/11/2025 06:15;107.05
03/11/2025 06:30;107.05
03/11/2025 06:45;107.05
03/11/2025 07:00;107.04
03/11/2025 07:15;107.04
03/11/2025 07:30;107.04
03/11/2025 07:45;107.04
03/11/2025 08:00;107.04
03/11/2025 08:15;107.04
03/11/2025 08:30;107.05
03/11/2025 08:45;107.06
03/11/2025 09:00;107.06
03/11/2025 09:15;107.06
03/11/2025 09:30;107.06
03/11/2025 09:45;107.06
03/11/2025 10:00;107.07
03/11/2025 10:15;107.06
03/11/2025 10:30;107.06
03/11/2025 10:45;107.06
03/11/2025 11:00;107.05
03/11/2025 11:15;107.06
03/11/2025 11:30;107.06
03/11/2025 11:45;107.06
03/11/2025 12:00;107.07
03/11/2025 12:15;107.08
03/11/2025 12:30;107.08
03/11/2025 12:45;107.08
03/11/2025 13:00;107.08
03/11/2025 13:15;107.08
03/11/2025 13:30;107.08
03/11/2025 13:45;107.08
03/11/2025 14:00;107.08
03/11/2025 14:15;107.08
03/11/2025 14:30;107.08
03/11/2025 14:45;107.08
03/11/2025 15:00;107.08
03/11/2025 15:15;107.09
03/11/2025 15:30;107.09
03/11/2025 15:45;107.11
03/11/2025 16:00;107.11
03/11/2025 16:15;107.11
03/11/2025 16:30;107.11
03/11/2025 16:45;107.11
03/11/2025 17:00;107.11
03/11/2025 17:15;107.11
03/11/2025 17:30;107.11
03/11/2025 17:45;107.11
03/11/2025 18:00;107.11
03/11/2025 18:15;107.08
03/11/2025 18:30;107.06
03/11/2025 18:45;107.08
03/11/2025 19:00;107.07
03/11/2025 19:15;107.08
03/11/2025 19:30;107.06
03/11/2025 19:45;107.06
03/11/2025 20:00;107.07
03/11/2025 20:15;107.04
03/11/2025 20:30;107.04
03/11/2025 20:45;107.04
03/11/2025 21:00;107.04
03/11/2025 21:15;107.04
03/11/2025 21:30;107.02
03/11/2025 21:45;107
03/11/2025 22:00;106.98
03/11/2025 22:15;106.97
03/11/2025 22:30;106.97
03/11/2025 22:45;106.97
03/11/2025 23:00;106.97
03/11/2025 23:15;106.97
03/11/2025 23:30;106.96
03/11/2025 23:45;106.97
04/11/2025 00:00;106.93
04/11/2025 00:15;106.95
04/11/2025 00:30;106.97
04/11/2025 00:45;106.95
04/11/2025 01:00;106.95
04/11/2025 01:15;106.93
04/11/2025 01:30;106.95
04/11/2025 01:45;106.95
04/11/2025 02:00;106.92
04/11/2025 02:15;106.96
04/11/2025 02:30;106.95
04/11/2025 02:45;106.95
04/11/2025 03:00;106.95
04/11/2025 03:15;106.95
04/11/2025 03:30;106.96
04/11/2025 03:45;106.95
04/11/2025 04:00;106.96
04/11/2025 04:15;106.98
04/11/2025 04:30;106.96
04/11/2025 04:45;106.97
04/11/2025 05:00;106.95
04/11/2025 05:15;106.96
04/11/2025 05:30;106.96
04/11/2025 05:45;106.96
04/11/2025 06:00;106.98
04/11/2025 06:15;106.97
04/11/2025 06:30;106.98
04/11/2025 06:45;106.98
04/11/2025 07:00;106.98
04/11/2025 07:15;106.97
04/11/2025 07:30;106.96
04/11/2025 07:45;106.97
04/11/2025 08:00;106.97
04/11/2025 08:15;106.96
04/11/2025 08:30;106.96
04/11/2025 08:45;106.96
04/11/2025 09:00;106.96
04/11/2025 09:15;106.96
04/11/2025 09:30;106.97
04/11/2025 09:45;106.97
04/11/2025 10:00;106.96
04/11/2025 10:15;106.97
04/11/2025 10:30;106.97
04/11/2025 10:45;106.96
04/11/2025 11:00;106.96
04/11/2025 11:15;106.95
04/11/2025 11:30;106.97
04/11/2025 11:45;106.96
04/11/2025 12:00;106.96
04/11/2025 12:15;106.97
04/11/2025 12:30;106.96
04/11/2025 12:45;106.98
04/11/2025 13:00;106.97
04/11/2025 13:15;106.98
04/11/2025 13:30;106.98
04/11/2025 13:45;106.98
04/11/2025 14:00;106.98
04/11/2025 14:15;106.98
04/11/2025 14:30;106.98
04/11/2025 14:45;106.98
04/11/2025 15:00;106.97
04/11/2025 15:15;106.99
04/11/2025 15:30;106.99
04/11/2025 15:45;106.99
04/11/2025 16:00;107
04/11/2025 16:15;107
04/11/2025 16:30;107
04/11/2025 16:45;107
04/11/2025 17:00;107
04/11/2025 17:15;107
04/11/2025 17:30;107
04/11/2025 17:45;106.99
04/11/2025 18:00;106.98
04/11/2025 18:15;106.98
04/11/2025 18:30;106.99
04/11/2025 18:45;106.99
04/11/2025 19:00;106.99
04/11/2025 19:15;106.98
04/11/2025 19:30;106.97
04/11/2025 19:45;106.97
04/11/2025 20:00;106.97
04/11/2025 20:15;106.96
04/11/2025 20:30;106.95
04/11/2025 20:45;106.93
04/11/2025 21:00;106.93
04/11/2025 21:15;106.9
04/11/2025 21:30;106.9
04/11/2025 21:45;106.89
04/11/2025 22:00;106.89
04/11/2025 22:15;106.9
04/11/2025 22:30;106.89
04/11/2025 22:45;106.88
04/11/2025 23:00;106.88
04/11/2025 23:15;106.87
04/11/2025 23:30;106.87
04/11/2025 23:45;106.86
05/11/2025 00:00;106.84
05/11/2025 00:15;106.86
05/11/2025 00:30;106.86
05/11/2025 00:45;106.84
05/11/2025 01:00;106.84
05/11/2025 01:15;106.86
05/11/2025 01:30;106.86
05/11/2025 01:45;106.86
05/11/2025 02:00;106.86
05/11/2025 02:15;106.86
05/11/2025 02:30;106.86
05/11/2025 02:45;106.86
05/11/2025 03:00;106.86
05/11/2025 03:15;106.86
05/11/2025 03:30;106.86
05/11/2025 03:45;106.86
05/11/2025 04:00;106.87
05/11/2025 04:15;106.87
05/11/2025 04:30;106.87
05/11/2025 04:45;106.88
05/11/2025 05:00;106.88
05/11/2025 05:15;106.88
05/11/2025 05:30;106.88
05/11/2025 05:45;106.88
05/11/2025 06:00;106.88
05/11/2025 06:15;106.88
05/11/2025 06:30;106.88
05/11/2025 06:45;106.88
05/11/2025 07:00;106.88
05/11/2025 07:15;106.89
05/11/2025 07:30;106.89
05/11/2025 07:45;106.9
05/11/2025 08:00;106.9
05/11/2025 08:15;106.9
05/11/2025 08:30;106.9
05/11/2025 08:45;106.9
05/11/2025 09:00;106.9
05/11/2025 09:15;106.9
05/11/2025 09:30;106.9
05/11/2025 09:45;106.91
05/11/2025 10:00;106.91
05/11/2025 10:15;106.91
05/11/2025 10:30;106.91
05/11/2025 10:45;106.92
05/11/2025 11:00;106.91
05/11/2025 11:15;106.91
05/11/2025 11:30;106.92
05/11/2025 11:45;106.92
05/11/2025 12:00;106.92
05/11/2025 12:15;106.92
05/11/2025 12:30;106.92
05/11/2025 12:45;106.92
05/11/2025 13:00;106.92
05/11/2025 13:15;106.92
05/11/2025 13:30;106.92
05/11/2025 13:45;106.93
05/11/2025 14:00;106.92
05/11/2025 14:15;106.93
05/11/2025 14:30;106.93
05/11/2025 14:45;106.95
05/11/2025 15:00;106.95
05/11/2025 15:15;106.93
05/11/2025 15:30;106.93
05/11/2025 15:45;106.95
05/11/2025 16:00;106.95
05/11/2025 16:15;106.95
05/11/2025 16:30;106.95
05/11/2025 16:45;106.95
05/11/2025 17:00;106.95
05/11/2025 17:15;106.95
05/11/2025 17:30;106.96
05/11/2025 17:45;106.96
05/11/2025 18:00;106.96
05/11/2025 18:15;106.95
05/11/2025 18:30;106.95
05/11/2025 18:45;106.95
05/11/2025 19:00;106.95
05/11/2025 19:15;106.92
05/11/2025 19:30;106.92
05/11/2025 19:45;106.93
05/11/2025 20:00;106.92
05/11/2025 20:15;106.92
05/11/2025 20:30;106.91
05/11/2025 20:45;106.91
05/11/2025 21:00;106.89
05/11/2025 21:15;106.88
05/11/2025 21:30;106.89
05/11/2025 21:45;106.87
05/11/2025 22:00;106.86
05/11/2025 22:15;106.88
05/11/2025 22:30;106.89
05/11/2025 22:45;106.89
05/11/2025 23:00;106.88
05/11/2025 23:15;106.9
05/11/2025 23:30;106.89
05/11/2025 23:45;106.88
06/11/2025 00:00;106.88
06/11/2025 00:15;106.87
06/11/2025 00:30;106.87
06/11/2025 00:45;106.86
06/11/2025 01:00;106.87
06/11/2025 01:15;106.87
06/11/2025 01:30;106.87
06/11/2025 01:45;106.89
06/11/2025 02:00;106.89
06/11/2025 02:15;106.9
06/11/2025 02:30;106.9
06/11/2025 02:45;106.9
06/11/2025 03:00;106.9
06/11/2025 03:15;106.89
06/11/2025 03:30;106.88
06/11/2025 03:45;106.89
06/11/2025 04:00;106.88
06/11/2025 04:15;106.89
06/11/2025 04:30;106.9
06/11/2025 04:45;106.96
06/11/2025 05:00;106.98
06/11/2025 05:15;106.93
06/11/2025 05:30;106.95
06/11/2025 05:45;106.95
06/11/2025 06:00;106.92
06/11/2025 06:15;106.91
06/11/2025 06:30;106.9
06/11/2025 06:45;106.95
06/11/2025 07:00;106.92
06/11/2025 07:15;106.91
06/11/2025 07:30;106.93
06/11/2025 07:45;106.93
06/11/2025 08:00;106.96
06/11/2025 08:15;106.97
06/11/2025 08:30;106.98
06/11/2025 08:45;106.98
06/11/2025 09:00;106.95
06/11/2025 09:15;106.95
06/11/2025 09:30;106.95
06/11/2025 09:45;106.95
06/11/2025 10:00;106.95
06/11/2025 10:15;106.95
06/11/2025 10:30;106.96
06/11/2025 10:45;106.96
06/11/2025 11:00;106.97
06/11/2025 11:15;106.98
06/11/2025 11:30;106.99
06/11/2025 11:45;107
06/11/2025 12:00;106.99
06/11/2025 12:15;106.99
06/11/2025 12:30;106.98
06/11/2025 12:45;106.97
06/11/2025 13:00;106.98
06/11/2025 13:15;106.98
06/11/2025 13:30;106.98
06/11/2025 13:45;106.99
06/11/2025 14:00;107
06/11/2025 14:15;107.02
06/11/2025 14:30;107.02
06/11/2025 14:45;107
06/11/2025 15:00;107.02
06/11/2025 15:15;107
06/11/2025 15:30;107.02
06/11/2025 15:45;107.02
06/11/2025 16:00;107.02
06/11/2025 16:15;107
06/11/2025 16:30;107
06/11/2025 16:45;107.02
06/11/2025 17:00;107.02
06/11/2025 17:15;107.02
06/11/2025 17:30;107.04
06/11/2025 17:45;107.02
06/11/2025 18:00;107.04
06/11/2025 18:15;107.02
06/11/2025 18:30;107.02
06/11/2025 18:45;107.04
06/11/2025 19:00;107.02
06/11/2025 19:15;107.04
06/11/2025 19:30;107.04
06/11/2025 19:45;107.04
06/11/2025 20:00;107.04
06/11/2025 20:15;107.04
06/11/2025 20:30;107.04
06/11/2025 20:45;107.04
06/11/2025 21:00;107.05
06/11/2025 21:15;107.05
06/11/2025 21:30;107.04
06/11/2025 21:45;107.05
06/11/2025 22:00;107.05
06/11/2025 22:15;107.05
06/11/2025 22:30;107.05
06/11/2025 22:45;107.05
06/11/2025 23:00;107.05
06/11/2025 23:15;107.05
06/11/2025 23:30;107.06
06/11/2025 23:45;107.06
07/11/2025 00:00;107.06
07/11/2025 00:15;107.07
07/11/2025 00:30;107.07
07/11/2025 00:45;107.07
07/11/2025 01:00;107.07
07/11/2025 01:15;107.07
07/11/2025 01:30;107.07
07/11/2025 01:45;107.07
07/11/2025 02:00;107.07
07/11/2025 02:15;107.07
07/11/2025 02:30;107.08
07/11/2025 02:45;107.08
07/11/2025 03:00;107.08
07/11/2025 03:15;107.09
07/11/2025 03:30;107.09
07/11/2025 03:45;107.09
07/11/2025 04:00;107.09
07/11/2025 04:15;107.09
07/11/2025 04:30;107.09
07/11/2025 04:45;107.09
07/11/2025 05:00;107.09
07/11/2025 05:15;107.11
07/11/2025 05:30;107.11
07/11/2025 05:45;107.11
07/11/2025 06:00;107.11
07/11/2025 06:15;107.11
07/11/2025 06:30;107.11
07/11/2025 06:45;107.11
07/11/2025 07:00;107.11
07/11/2025 07:15;107.11
07/11/2025 07:30;107.11
07/11/2025 07:45;107.11
07/11/2025 08:00;107.11
07/11/2025 08:15;107.11
07/11/2025 08:30;107.11
07/11/2025 08:45;107.12
07/11/2025 09:00;107.13
07/11/2025 09:15;107.12
07/11/2025 09:30;107.13
07/11/2025 09:45;107.13
07/11/2025 10:00;107.13
07/11/2025 10:15;107.13
07/11/2025 10:30;107.13
07/11/2025 10:45;107.13
07/11/2025 11:00;107.14
07/11/2025 11:15;107.14
07/11/2025 11:30;107.14
07/11/2025 11:45;107.14
07/11/2025 12:00;107.15
07/11/2025 12:15;107.15
07/11/2025 12:30;107.15
07/11/2025 12:45;107.16
07/11/2025 13:00;107.16
07/11/2025 13:15;107.16
07/11/2025 13:30;107.17
07/11/2025 13:45;107.16
07/11/2025 14:00;107.16
07/11/2025 14:15;107.16
07/11/2025 14:30;107.16
07/11/2025 14:45;107.16
07/11/2025 15:00;107.17
07/11/2025 15:15;107.17
07/11/2025 15:30;107.18
07/11/2025 15:45;107.18
07/11/2025 16:00;107.18
07/11/2025 16:15;107.18
07/11/2025 16:30;107.18
07/11/2025 16:45;107.18
07/11/2025 17:00;107.18
07/11/2025 17:15;107.18
07/11/2025 17:30;107.15
07/11/2025 17:45;107.14
07/11/2025 18:00;107.15
07/11/2025 18:15;107.14
07/11/2025 18:30;107.14
07/11/2025 18:45;107.14
07/11/2025 19:00;107.15
07/11/2025 19:15;107.15
07/11/2025 19:30;107.13
07/11/2025 19:45;107.14
07/11/2025 20:00;107.12
07/11/2025 20:15;107.12
07/11/2025 20:30;107.11
07/11/2025 20:45;107.11
07/11/2025 21:00;107.08
07/11/2025 21:15;107.08
07/11/2025 21:30;107.11
07/11/2025 21:45;107.11
07/11/2025 22:00;107.11
07/11/2025 22:15;107.11
07/11/2025 22:30;107.11
07/11/2025 22:45;107.11
07/11/2025 23:00;107.09
07/11/2025 23:15;107.11
07/11/2025 23:30;107.11
07/11/2025 23:45;107.08
08/11/2025 00:00;107.11
08/11/2025 00:15;107.09
08/11/2025 00:30;107.11
08/11/2025 00:45;107.11
08/11/2025 01:00;107.12
08/11/2025 01:15;107.14
08/11/2025 01:30;107.13
08/11/2025 01:45;107.13
08/11/2025 02:00;107.13
08/11/2025 02:15;107.12
08/11/2025 02:30;107.12
08/11/2025 02:45;107.11
08/11/2025 03:00;107.12
08/11/2025 03:15;107.12
08/11/2025 03:30;107.12
08/11/2025 03:45;107.13
08/11/2025 04:00;107.13
08/11/2025 04:15;107.14
08/11/2025 04:30;107.15
08/11/2025 04:45;107.16
08/11/2025 05:00;107.16
08/11/2025 05:15;107.15
08/11/2025 05:30;107.15
08/11/2025 05:45;107.15
08/11/2025 06:00;107.14
08/11/2025 06:15;107.14
08/11/2025 06:30;107.14
08/11/2025 06:45;107.15
08/11/2025 07:00;107.15
08/11/2025 07:15;107.16
08/11/2025 07:30;107.17
08/11/2025 07:45;107.17
08/11/2025 08:00;107.18
08/11/2025 08:15;107.18
08/11/2025 08:30;107.18
08/11/2025 08:45;107.18
08/11/2025 09:00;107.17
08/11/2025 09:15;107.17
08/11/2025 09:30;107.17
08/11/2025 09:45;107.18
08/11/2025 10:00;107.18
08/11/2025 10:15;107.18
08/11/2025 10:30;107.2
08/11/2025 10:45;107.2
08/11/2025 11:00;107.2
08/11/2025 11:15;107.2
08/11/2025 11:30;107.2
08/11/2025 11:45;107.2
08/11/2025 12:00;107.2
08/11/2025 12:15;107.2
08/11/2025 12:30;107.2
08/11/2025 12:45;107.2
08/11/2025 13:00;107.2
08/11/2025 13:15;107.21
08/11/2025 13:30;107.21
08/11/2025 13:45;107.22
08/11/2025 14:00;107.21
08/11/2025 14:15;107.22
08/11/2025 14:30;107.22
08/11/2025 14:45;107.22
08/11/2025 15:00;107.22
08/11/2025 15:15;107.22
08/11/2025 15:30;107.22
08/11/2025 15:45;107.22
08/11/2025 16:00;107.23
08/11/2025 16:15;107.23
08/11/2025 16:30;107.24
08/11/2025 16:45;107.24
08/11/2025 17:00;107.24
08/11/2025 17:15;107.24
08/11/2025 17:30;107.24
08/11/2025 17:45;107.24
08/11/2025 18:00;107.24
08/11/2025 18:15;107.21
08/11/2025 18:30;107.2
08/11/2025 18:45;107.21
08/11/2025 19:00;107.2
08/11/2025 19:15;107.2
08/11/2025 19:30;107.2
08/11/2025 19:45;107.2
08/11/2025 20:00;107.2
08/11/2025 20:15;107.2
08/11/2025 20:30;107.2
08/11/2025 20:45;107.18
08/11/2025 21:00;107.17
08/11/2025 21:15;107.17
08/11/2025 21:30;107.15
08/11/2025 21:45;107.14
08/11/2025 22:00;107.12
08/11/2025 22:15;107.12
08/11/2025 22:30;107.11
08/11/2025 22:45;107.11
08/11/2025 23:00;107.11
08/11/2025 23:15;107.15
08/11/2025 23:30;107.14
08/11/2025 23:45;107.13
09/11/2025 00:00;107.13
09/11/2025 00:15;107.13
09/11/2025 00:30;107.12
09/11/2025 00:45;107.11
09/11/2025 01:00;107.11
09/11/2025 01:15;107.11
09/11/2025 01:30;107.11
09/11/2025 01:45;107.11
09/11/2025 02:00;107.11
09/11/2025 02:15;107.12
09/11/2025 02:30;107.13
09/11/2025 02:45;107.14
09/11/2025 03:00;107.16
09/11/2025 03:15;107.15
09/11/2025 03:30;107.14
09/11/2025 03:45;107.13
09/11/2025 04:00;107.12
09/11/2025 04:15;107.13
09/11/2025 04:30;107.12
09/11/2025 04:45;107.13
09/11/2025 05:00;107.13
09/11/2025 05:15;107.14
09/11/2025 05:30;107.15
09/11/2025 05:45;107.15
09/11/2025 06:00;107.16
09/11/2025 06:15;107.16
09/11/2025 06:30;107.16
09/11/2025 06:45;107.17
09/11/2025 07:00;107.15
09/11/2025 07:15;107.15
09/11/2025 07:30;107.15
09/11/2025 07:45;107.15
09/11/2025 08:00;107.15
09/11/2025 08:15;107.16
09/11/2025 08:30;107.16
09/11/2025 08:45;107.18
09/11/2025 09:00;107.18
09/11/2025 09:15;107.18
09/11/2025 09:30;107.18
09/11/2025 09:45;107.2
09/11/2025 10:00;107.18
09/11/2025 10:15;107.2
09/11/2025 10:30;107.18
09/11/2025 10:45;107.18
09/11/2025 11:00;107.18
09/11/2025 11:15;107.2
09/11/2025 11:30;107.2
09/11/2025 11:45;107.2
09/11/2025 12:00;107.2
09/11/2025 12:15;107.21
09/11/2025 12:30;107.21
09/11/2025 12:45;107.21
09/11/2025 13:00;107.21
09/11/2025 13:15;107.21
09/11/2025 13:30;107.21
09/11/2025 13:45;107.21
09/11/2025 14:00;107.21
09/11/2025 14:15;107.21
09/11/2025 14:30;107.21
09/11/2025 14:45;107.22
09/11/2025 15:00;107.22
09/11/2025 15:15;107.23
09/11/2025 15:30;107.23
09/11/2025 15:45;107.23
09/11/2025 16:00;107.23
09/11/2025 16:15;107.23
09/11/2025 16:30;107.23
09/11/2025 16:45;107.23
09/11/2025 17:00;107.23
09/11/2025 17:15;107.23
09/11/2025 17:30;107.23
09/11/2025 17:45;107.24
09/11/2025 18:00;107.24
09/11/2025 18:15;107.24
09/11/2025 18:30;107.24
09/11/2025 18:45;107.25
09/11/2025 19:00;107.25
09/11/2025 19:15;107.22
09/11/2025 19:30;107.21
09/11/2025 19:45;107.22
09/11/2025 20:00;107.21
09/11/2025 20:15;107.21
09/11/2025 20:30;107.2
09/11/2025 20:45;107.21
09/11/2025 21:00;107.21
09/11/2025 21:15;107.2
09/11/2025 21:30;107.2
09/11/2025 21:45;107.2
09/11/2025 22:00;107.2
09/11/2025 22:15;107.18
09/11/2025 22:30;107.2
09/11/2025 22:45;107.2
09/11/2025 23:00;107.17
09/11/2025 23:15;107.17
09/11/2025 23:30;107.17
09/11/2025 23:45;107.18
10/11/2025 00:00;107.18
10/11/2025 00:15;107.17
10/11/2025 00:30;107.2
10/11/2025 00:45;107.18
10/11/2025 01:00;107.18
10/11/2025 01:15;107.18
10/11/2025 01:30;107.2
10/11/2025 01:45;107.2
10/11/2025 02:00;107.2
10/11/2025 02:15;107.21
10/11/2025 02:30;107.21
10/11/2025 02:45;107.2
10/11/2025 03:00;107.21
10/11/2025 03:15;107.2
10/11/2025 03:30;107.21
10/11/2025 03:45;107.2
10/11/2025 04:00;107.21
10/11/2025 04:15;107.21
10/11/2025 04:30;107.21
10/11/2025 04:45;107.21
10/11/2025 05:00;107.22
10/11/2025 05:15;107.22
10/11/2025 05:30;107.23
10/11/2025 05:45;107.22
10/11/2025 06:00;107.24
10/11/2025 06:15;107.22
10/11/2025 06:30;107.23
10/11/2025 06:45;107.23
10/11/2025 07:00;107.23
10/11/2025 07:15;107.23
10/11/2025 07:30;107.24
10/11/2025 07:45;107.24
10/11/2025 08:00;107.25
10/11/2025 08:15;107.24
10/11/2025 08:30;107.25
10/11/2025 08:45;107.24
10/11/2025 09:00;107.27
10/11/2025 09:15;107.25
10/11/2025 09:30;107.25
10/11/2025 09:45;107.27
10/11/2025 10:00;107.27
10/11/2025 10:15;107.25
10/11/2025 10:30;107.27
10/11/2025 10:45;107.27
10/11/2025 11:00;107.27
10/11/2025 11:15;107.27
10/11/2025 11:30;107.29
10/11/2025 11:45;107.27
10/11/2025 12:00;107.27
10/11/2025 12:15;107.29
10/11/2025 12:30;107.29
10/11/2025 12:45;107.29
10/11/2025 13:00;107.29
10/11/2025 13:15;107.29
10/11/2025 13:30;107.29
10/11/2025 13:45;107.29
10/11/2025 14:00;107.29
10/11/2025 14:15;107.29
10/11/2025 14:30;107.3
10/11/2025 14:45;107.3
10/11/2025 15:00;107.3
10/11/2025 15:15;107.3
10/11/2025 15:30;107.3
10/11/2025 15:45;107.3
10/11/2025 16:00;107.31
10/11/2025 16:15;107.31
10/11/2025 16:30;107.31
10/11/2025 16:45;107.31
10/11/2025 17:00;107.3
10/11/2025 17:15;107.27
10/11/2025 17:30;107.29
10/11/2025 17:45;107.29
10/11/2025 18:00;107.29
10/11/2025 18:15;107.27
10/11/2025 18:30;107.27
10/11/2025 18:45;107.29
10/11/2025 19:00;107.27
10/11/2025 19:15;107.25
10/11/2025 19:30;107.27
10/11/2025 19:45;107.24
10/11/2025 20:00;107.25
10/11/2025 20:15;107.23
10/11/2025 20:30;107.22
10/11/2025 20:45;107.2
10/11/2025 21:00;107.2
10/11/2025 21:15;107.22
10/11/2025 21:30;107.23
10/11/2025 21:45;107.22
10/11/2025 22:00;107.23
10/11/2025 22:15;107.23
10/11/2025 22:30;107.24
10/11/2025 22:45;107.21
10/11/2025 23:00;107.21
10/11/2025 23:15;107.23
10/11/2025 23:30;107.21
10/11/2025 23:45;107.22
11/11/2025 00:00;107.21
11/11/2025 00:15;107.22
11/11/2025 00:30;107.22
11/11/2025 00:45;107.23
11/11/2025 01:00;107.27
11/11/2025 01:15;107.27
11/11/2025 01:30;107.25
11/11/2025 01:45;107.25
11/11/2025 02:00;107.24
11/11/2025 02:15;107.25
11/11/2025 02:30;107.23
11/11/2025 02:45;107.24
11/11/2025 03:00;107.25
11/11/2025 03:15;107.24
11/11/2025 03:30;107.25
11/11/2025 03:45;107.25
11/11/2025 04:00;107.27
11/11/2025 04:15;107.27
11/11/2025 04:30;107.27
11/11/2025 04:45;107.29
11/11/2025 05:00;107.27
11/11/2025 05:15;107.27
11/11/2025 05:30;107.27
11/11/2025 05:45;107.27
11/11/2025 06:00;107.27
11/11/2025 06:15;107.27
11/11/2025 06:30;107.29
11/11/2025 06:45;107.29
11/11/2025 07:00;107.29
11/11/2025 07:15;107.29
11/11/2025 07:30;107.29
11/11/2025 07:45;107.29
11/11/2025 08:00;107.3
11/11/2025 08:15;107.29
11/11/2025 08:30;107.3
11/11/2025 08:45;107.29
11/11/2025 09:00;107.29
11/11/2025 09:15;107.29
11/11/2025 09:30;107.29
11/11/2025 09:45;107.3
11/11/2025 10:00;107.3
11/11/2025 10:15;107.31
11/11/2025 10:30;107.32
11/11/2025 10:45;107.32
11/11/2025 11:00;107.32
11/11/2025 11:15;107.32
11/11/2025 11:30;107.32
11/11/2025 11:45;107.32
11/11/2025 12:00;107.32
11/11/2025 12:15;107.32
11/11/2025 12:30;107.32
11/11/2025 12:45;107.33
11/11/2025 13:00;107.33
11/11/2025 13:15;107.34
11/11/2025 13:30;107.34
11/11/2025 13:45;107.34
11/11/2025 14:00;107.34
11/11/2025 14:15;107.36
11/11/2025 14:30;107.36
11/11/2025 14:45;107.36
11/11/2025 15:00;107.36
11/11/2025 15:15;107.36
11/11/2025 15:30;107.36
11/11/2025 15:45;107.36
11/11/2025 16:00;107.36
11/11/2025 16:15;107.36
11/11/2025 16:30;107.36
11/11/2025 16:45;107.37
11/11/2025 17:00;107.36
11/11/2025 17:15;107.33
11/11/2025 17:30;107.33
11/11/2025 17:45;107.34
11/11/2025 18:00;107.33
11/11/2025 18:15;107.33
11/11/2025 18:30;107.32
11/11/2025 18:45;107.33
11/11/2025 19:00;107.32
11/11/2025 19:15;107.31
11/11/2025 19:30;107.31
11/11/2025 19:45;107.3
11/11/2025 20:00;107.3
11/11/2025 20:15;107.29
11/11/2025 20:30;107.29
11/11/2025 20:45;107.27
11/11/2025 21:00;107.25
11/11/2025 21:15;107.29
11/11/2025 21:30;107.29
11/11/2025 21:45;107.29
11/11/2025 22:00;107.29
11/11/2025 22:15;107.29
11/11/2025 22:30;107.29
11/11/2025 22:45;107.27
11/11/2025 23:00;107.29
11/11/2025 23:15;107.29
11/11/2025 23:30;107.27
11/11/2025 23:45;107.29
12/11/2025 00:00;107.27
12/11/2025 00:15;107.29
12/11/2025 00:30;107.29
12/11/2025 00:45;107.3
12/11/2025 01:00;107.33
12/11/2025 01:15;107.32
12/11/2025 01:30;107.31
12/11/2025 01:45;107.32
12/11/2025 02:00;107.3
12/11/2025 02:15;107.31
12/11/2025 02:30;107.3
12/11/2025 02:45;107.31
12/11/2025 03:00;107.31
12/11/2025 03:15;107.31
12/11/2025 03:30;107.32
12/11/2025 03:45;107.32
12/11/2025 04:00;107.32
12/11/2025 04:15;107.33
12/11/2025 04:30;107.34
12/11/2025 04:45;107.36
12/11/2025 05:00;107.34
12/11/2025 05:15;107.34
12/11/2025 05:30;107.34
12/11/2025 05:45;107.33
12/11/2025 06:00;107.34
12/11/2025 06:15;107.36
12/11/2025 06:30;107.36
12/11/2025 06:45;107.36
12/11/2025 07:00;107.36
12/11/2025 07:15;107.36
12/11/2025 07:30;107.36
12/11/2025 07:45;107.37
12/11/2025 08:00;107.37
12/11/2025 08:15;107.37
12/11/2025 08:30;107.37
12/11/2025 08:45;107.37
12/11/2025 09:00;107.37
12/11/2025 09:15;107.37
12/11/2025 09:30;107.37
12/11/2025 09:45;107.38
12/11/2025 10:00;107.38
12/11/2025 10:15;107.39
12/11/2025 10:30;107.39
12/11/2025 10:45;107.39
12/11/2025 11:00;107.39
12/11/2025 11:15;107.39
12/11/2025 11:30;107.39
12/11/2025 11:45;107.4
12/11/2025 12:00;107.4
12/11/2025 12:15;107.4
12/11/2025 12:30;107.4
12/11/2025 12:45;107.4
12/11/2025 13:00;107.4
12/11/2025 13:15;107.41
12/11/2025 13:30;107.41
12/11/2025 13:45;107.42
12/11/2025 14:00;107.41
12/11/2025 14:15;107.41
12/11/2025 14:30;107.41
12/11/2025 14:45;107.42
12/11/2025 15:00;107.42
12/11/2025 15:15;107.42
12/11/2025 15:30;107.42
12/11/2025 15:45;107.43
12/11/2025 16:00;107.43
12/11/2025 16:15;107.43
12/11/2025 16:30;107.45
12/11/2025 16:45;107.45
12/11/2025 17:00;107.45
12/11/2025 17:15;107.45
12/11/2025 17:30;107.43
12/11/2025 17:45;107.42
12/11/2025 18:00;107.42
12/11/2025 18:15;107.41
12/11/2025 18:30;107.41
12/11/2025 18:45;107.41
12/11/2025 19:00;107.41
12/11/2025 19:15;107.4
12/11/2025 19:30;107.39
12/11/2025 19:45;107.39
12/11/2025 20:00;107.39
12/11/2025 20:15;107.38
12/11/2025 20:30;107.38
12/11/2025 20:45;107.36
12/11/2025 21:00;107.36
12/11/2025 21:15;107.36
12/11/2025 21:30;107.36
12/11/2025 21:45;107.34
12/11/2025 22:00;107.34
12/11/2025 22:15;107.36
12/11/2025 22:30;107.37
12/11/2025 22:45;107.36
12/11/2025 23:00;107.36
12/11/2025 23:15;107.36
12/11/2025 23:30;107.36
12/11/2025 23:45;107.36
13/11/2025 00:00;107.34
13/11/2025 00:15;107.36
13/11/2025 00:30;107.36
13/11/2025 00:45;107.36
13/11/2025 01:00;107.34
13/11/2025 01:15;107.36
13/11/2025 01:30;107.36
13/11/2025 01:45;107.37
13/11/2025 02:00;107.39
13/11/2025 02:15;107.39
13/11/2025 02:30;107.37
13/11/2025 02:45;107.38
13/11/2025 03:00;107.38
13/11/2025 03:15;107.38
13/11/2025 03:30;107.37
13/11/2025 03:45;107.38
13/11/2025 04:00;107.39
13/11/2025 04:15;107.39
13/11/2025 04:30;107.39
13/11/2025 04:45;107.39
13/11/2025 05:00;107.4
13/11/2025 05:15;107.41
13/11/2025 05:30;107.41
13/11/2025 05:45;107.41
13/11/2025 06:00;107.4
13/11/2025 06:15;107.41
13/11/2025 06:30;107.4
13/11/2025 06:45;107.4
13/11/2025 07:00;107.41
13/11/2025 07:15;107.41
13/11/2025 07:30;107.42
13/11/2025 07:45;107.42
13/11/2025 08:00;107.42
13/11/2025 08:15;107.43
13/11/2025 08:30;107.42
13/11/2025 08:45;107.43
13/11/2025 09:00;107.43
13/11/2025 09:15;107.43
13/11/2025 09:30;107.42
13/11/2025 09:45;107.43
13/11/2025 10:00;107.43
13/11/2025 10:15;107.45
13/11/2025 10:30;107.45
13/11/2025 10:45;107.45
13/11/2025 11:00;107.45
13/11/2025 11:15;107.45
13/11/2025 11:30;107.45
13/11/2025 11:45;107.45
13/11/2025 12:00;107.45
13/11/2025 12:15;107.45
13/11/2025 12:30;107.46
13/11/2025 12:45;107.46
13/11/2025 13:00;107.46
13/11/2025 13:15;107.46
13/11/2025 13:30;107.46
13/11/2025 13:45;107.47
13/11/2025 14:00;107.47
13/11/2025 14:15;107.48
13/11/2025 14:30;107.49
13/11/2025 14:45;107.49
13/11/2025 15:00;107.48
13/11/2025 15:15;107.49
13/11/2025 15:30;107.49
13/11/2025 15:45;107.49
13/11/2025 16:00;107.49
13/11/2025 16:15;107.49
13/11/2025 16:30;107.49
13/11/2025 16:45;107.49
13/11/2025 17:00;107.49
13/11/2025 17:15;107.47
13/11/2025 17:30;107.48
13/11/2025 17:45;107.48
13/11/2025 18:00;107.48
13/11/2025 18:15;107.47
13/11/2025 18:30;107.47
13/11/2025 18:45;107.48
13/11/2025 19:00;107.46
13/11/2025 19:15;107.46
13/11/2025 19:30;107.46
13/11/2025 19:45;107.45
13/11/2025 20:00;107.45
13/11/2025 20:15;107.42
13/11/2025 20:30;107.43
13/11/2025 20:45;107.42
13/11/2025 21:00;107.4
13/11/2025 21:15;107.41
13/11/2025 21:30;107.4
13/11/2025 21:45;107.39
13/11/2025 22:00;107.39
13/11/2025 22:15;107.42
13/11/2025 22:30;107.42
13/11/2025 22:45;107.4
13/11/2025 23:00;107.41
13/11/2025 23:15;107.41
13/11/2025 23:30;107.4
13/11/2025 23:45;107.4
14/11/2025 00:00;107.39
14/11/2025 00:15;107.41
14/11/2025 00:30;107.39
14/11/2025 00:45;107.4
14/11/2025 01:00;107.4
14/11/2025 01:15;107.4
14/11/2025 01:30;107.42
14/11/2025 01:45;107.42
14/11/2025 02:00;107.45
14/11/2025 02:15;107.45
14/11/2025 02:30;107.42
14/11/2025 02:45;107.42
14/11/2025 03:00;107.42
14/11/2025 03:15;107.43
14/11/2025 03:30;107.42
14/11/2025 03:45;107.43
14/11/2025 04:00;107.45
14/11/2025 04:15;107.43
14/11/2025 04:30;107.43
14/11/2025 04:45;107.45
14/11/2025 05:00;107.45
14/11/2025 05:15;107.45
14/11/2025 05:30;107.45
14/11/2025 05:45;107.46
14/11/2025 06:00;107.45
14/11/2025 06:15;107.45
14/11/2025 06:30;107.45
14/11/2025 06:45;107.46
14/11/2025 07:00;107.46
14/11/2025 07:15;107.46
14/11/2025 07:30;107.47
14/11/2025 07:45;107.47
14/11/2025 08:00;107.46
14/11/2025 08:15;107.47
14/11/2025 08:30;107.48
14/11/2025 08:45;107.49
14/11/2025 09:00;107.48
14/11/2025 09:15;107.49
14/11/2025 09:30;107.49
14/11/2025 09:45;107.48
14/11/2025 10:00;107.48
14/11/2025 10:15;107.48
14/11/2025 10:30;107.49
14/11/2025 10:45;107.49
14/11/2025 11:00;107.49
14/11/2025 11:15;107.5
14/11/2025 11:30;107.49
14/11/2025 11:45;107.5
14/11/2025 12:00;107.5
14/11/2025 12:15;107.52
14/11/2025 12:30;107.52
14/11/2025 12:45;107.52
14/11/2025 13:00;107.52
14/11/2025 13:15;107.52
14/11/2025 13:30;107.52
14/11/2025 13:45;107.52
14/11/2025 14:00;107.52
14/11/2025 14:15;107.52
14/11/2025 14:30;107.52
14/11/2025 14:45;107.52
14/11/2025 15:00;107.52
14/11/2025 15:15;107.52
14/11/2025 15:30;107.54
14/11/2025 15:45;107.54
14/11/2025 16:00;107.54
14/11/2025 16:15;107.54
14/11/2025 16:30;107.54
14/11/2025 16:45;107.54
14/11/2025 17:00;107.54
14/11/2025 17:15;107.52
14/11/2025 17:30;107.5
14/11/2025 17:45;107.5
14/11/2025 18:00;107.5
14/11/2025 18:15;107.5
14/11/2025 18:30;107.49
14/11/2025 18:45;107.5
14/11/2025 19:00;107.5
14/11/2025 19:15;107.48
14/11/2025 19:30;107.48
14/11/2025 19:45;107.48
14/11/2025 20:00;107.47
14/11/2025 20:15;107.46
14/11/2025 20:30;107.45
14/11/2025 20:45;107.45
14/11/2025 21:00;107.42
14/11/2025 21:15;107.42
14/11/2025 21:30;107.45
14/11/2025 21:45;107.43
14/11/2025 22:00;107.45
14/11/2025 22:15;107.45
14/11/2025 22:30;107.45
14/11/2025 22:45;107.45
14/11/2025 23:00;107.43
14/11/2025 23:15;107.43
14/11/2025 23:30;107.43
14/11/2025 23:45;107.42
15/11/2025 00:00;107.45
15/11/2025 00:15;107.42
15/11/2025 00:30;107.43
15/11/2025 00:45;107.43
15/11/2025 01:00;107.45
15/11/2025 01:15;107.46
15/11/2025 01:30;107.47
15/11/2025 01:45;107.47
15/11/2025 02:00;107.47
15/11/2025 02:15;107.45
15/11/2025 02:30;107.46
15/11/2025 02:45;107.45
15/11/2025 03:00;107.46
15/11/2025 03:15;107.46
15/11/2025 03:30;107.46
15/11/2025 03:45;107.46
15/11/2025 04:00;107.47
15/11/2025 04:15;107.47
15/11/2025 04:30;107.48
15/11/2025 04:45;107.49
15/11/2025 05:00;107.5
15/11/2025 05:15;107.49
15/11/2025 05:30;107.49
15/11/2025 05:45;107.48
15/11/2025 06:00;107.48
15/11/2025 06:15;107.48
15/11/2025 06:30;107.49
15/11/2025 06:45;107.48
15/11/2025 07:00;107.5
15/11/2025 07:15;107.49
15/11/2025 07:30;107.48
15/11/2025 07:45;107.49
15/11/2025 08:00;107.49
15/11/2025 08:15;107.49
15/11/2025 08:30;107.49
15/11/2025 08:45;107.49
15/11/2025 09:00;107.49
15/11/2025 09:15;107.47
15/11/2025 09:30;107.5
15/11/2025 09:45;107.49
15/11/2025 10:00;107.49
15/11/2025 10:15;107.49
15/11/2025 10:30;107.5
15/11/2025 10:45;107.5
15/11/2025 11:00;107.48
15/11/2025 11:15;107.49
15/11/2025 11:30;107.5
15/11/2025 11:45;107.49
15/11/2025 12:00;107.5
15/11/2025 12:15;107.5
15/11/2025 12:30;107.5
15/11/2025 12:45;107.5
15/11/2025 13:00;107.52
15/11/2025 13:15;107.52
15/11/2025 13:30;107.52
15/11/2025 13:45;107.52
15/11/2025 14:00;107.52
15/11/2025 14:15;107.52
15/11/2025 14:30;107.52
15/11/2025 14:45;107.52
15/11/2025 15:00;107.52
15/11/2025 15:15;107.52
15/11/2025 15:30;107.52
15/11/2025 15:45;107.52
15/11/2025 16:00;107.54
15/11/2025 16:15;107.54
15/11/2025 16:30;107.54
15/11/2025 16:45;107.54
15/11/2025 17:00;107.54
15/11/2025 17:15;107.5
15/11/2025 17:30;107.5
15/11/2025 17:45;107.52
15/11/2025 18:00;107.5
15/11/2025 18:15;107.49
15/11/2025 18:30;107.49
15/11/2025 18:45;107.52
15/11/2025 19:00;107.49
15/11/2025 19:15;107.48
15/11/2025 19:30;107.49
15/11/2025 19:45;107.49
15/11/2025 20:00;107.49
15/11/2025 20:15;107.46
15/11/2025 20:30;107.47
15/11/2025 20:45;107.45
15/11/2025 21:00;107.43
15/11/2025 21:15;107.43
15/11/2025 21:30;107.43
15/11/2025 21:45;107.43
15/11/2025 22:00;107.43
15/11/2025 22:15;107.45
15/11/2025 22:30;107.45
15/11/2025 22:45;107.42
15/11/2025 23:00;107.45
15/11/2025 23:15;107.45
15/11/2025 23:30;107.45
15/11/2025 23:45;107.43
16/11/2025 00:00;107.43
16/11/2025 00:15;107.43
16/11/2025 00:30;107.42
16/11/2025 00:45;107.42
16/11/2025 01:00;107.45
16/11/2025 01:15;107.45
16/11/2025 01:30;107.45
16/11/2025 01:45;107.45
16/11/2025 02:00;107.46
16/11/2025 02:15;107.45
16/11/2025 02:30;107.45
16/11/2025 02:45;107.47
16/11/2025 03:00;107.46
16/11/2025 03:15;107.46
16/11/2025 03:30;107.46
16/11/2025 03:45;107.46
16/11/2025 04:00;107.46
16/11/2025 04:15;107.45
16/11/2025 04:30;107.46
16/11/2025 04:45;107.47
16/11/2025 05:00;107.47
16/11/2025 05:15;107.48
16/11/2025 05:30;107.48
16/11/2025 05:45;107.48
16/11/2025 06:00;107.48
16/11/2025 06:15;107.47
16/11/2025 06:30;107.45
16/11/2025 06:45;107.45
16/11/2025 07:00;107.45
16/11/2025 07:15;107.45
16/11/2025 07:30;107.43
16/11/2025 07:45;107.43
16/11/2025 08:00;107.45
16/11/2025 08:15;107.43
16/11/2025 08:30;107.43
16/11/2025 08:45;107.43
16/11/2025 09:00;107.42
16/11/2025 09:15;107.43
16/11/2025 09:30;107.43
16/11/2025 09:45;107.42
16/11/2025 10:00;107.4
16/11/2025 10:15;107.4
16/11/2025 10:30;107.41
16/11/2025 10:45;107.4
16/11/2025 11:00;107.4
16/11/2025 11:15;107.42
16/11/2025 11:30;107.42
16/11/2025 11:45;107.42
16/11/2025 12:00;107.42
16/11/2025 12:15;107.42
16/11/2025 12:30;107.42
16/11/2025 12:45;107.43
16/11/2025 13:00;107.45
16/11/2025 13:15;107.45
16/11/2025 13:30;107.43
16/11/2025 13:45;107.43
16/11/2025 14:00;107.43
16/11/2025 14:15;107.43
16/11/2025 14:30;107.43
16/11/2025 14:45;107.45
16/11/2025 15:00;107.45
16/11/2025 15:15;107.45
16/11/2025 15:30;107.45
16/11/2025 15:45;107.45
16/11/2025 16:00;107.45
16/11/2025 16:15;107.45
16/11/2025 16:30;107.46
16/11/2025 16:45;107.46
16/11/2025 17:00;107.46
16/11/2025 17:15;107.45
16/11/2025 17:30;107.46
16/11/2025 17:45;107.46
16/11/2025 18:00;107.46
16/11/2025 18:15;107.47
16/11/2025 18:30;107.47
16/11/2025 18:45;107.47
16/11/2025 19:00;107.47
16/11/2025 19:15;107.43
16/11/2025 19:30;107.45
16/11/2025 19:45;107.45
16/11/2025 20:00;107.45
16/11/2025 20:15;107.43
16/11/2025 20:30;107.43
16/11/2025 20:45;107.43
16/11/2025 21:00;107.42
16/11/2025 21:15;107.41
16/11/2025 21:30;107.42
16/11/2025 21:45;107.41
16/11/2025 22:00;107.41
16/11/2025 22:15;107.39
16/11/2025 22:30;107.38
16/11/2025 22:45;107.38
16/11/2025 23:00;107.36
16/11/2025 23:15;107.36
16/11/2025 23:30;107.38
16/11/2025 23:45;107.38
17/11/2025 00:00;107.39
17/11/2025 00:15;107.38
17/11/2025 00:30;107.38
17/11/2025 00:45;107.38
17/11/2025 01:00;107.38
17/11/2025 01:15;107.38
17/11/2025 01:30;107.38
17/11/2025 01:45;107.37
17/11/2025 02:00;107.37
17/11/2025 02:15;107.37
17/11/2025 02:30;107.38
17/11/2025 02:45;107.38
17/11/2025 03:00;107.4
17/11/2025 03:15;107.41
17/11/2025 03:30;107.41
17/11/2025 03:45;107.41
17/11/2025 04:00;107.4
17/11/2025 04:15;107.4
17/11/2025 04:30;107.4
17/11/2025 04:45;107.4
17/11/2025 05:00;107.4
17/11/2025 05:15;107.4
17/11/2025 05:30;107.41
17/11/2025 05:45;107.41
17/11/2025 06:00;107.42
17/11/2025 06:15;107.41
17/11/2025 06:30;107.39
17/11/2025 06:45;107.39
17/11/2025 07:00;107.39
17/11/2025 07:15;107.38
17/11/2025 07:30;107.38
17/11/2025 07:45;107.37
17/11/2025 08:00;107.38
17/11/2025 08:15;107.36
17/11/2025 08:30;107.36
17/11/2025 08:45;107.36
17/11/2025 09:00;107.36
17/11/2025 09:15;107.36
17/11/2025 09:30;107.34
17/11/2025 09:45;107.33
17/11/2025 10:00;107.32
17/11/2025 10:15;107.34
17/11/2025 10:30;107.34
17/11/2025 10:45;107.33
17/11/2025 11:00;107.33
17/11/2025 11:15;107.34
17/11/2025 11:30;107.34
17/11/2025 11:45;107.33
17/11/2025 12:00;107.32
17/11/2025 12:15;107.34
17/11/2025 12:30;107.33
17/11/2025 12:45;107.34
17/11/2025 13:00;107.33
17/11/2025 13:15;107.34
17/11/2025 13:30;107.33
17/11/2025 13:45;107.34
17/11/2025 14:00;107.36
17/11/2025 14:15;107.36
17/11/2025 14:30;107.36
17/11/2025 14:45;107.36
17/11/2025 15:00;107.36
17/11/2025 15:15;107.36
17/11/2025 15:30;107.36
17/11/2025 15:45;107.36
17/11/2025 16:00;107.36
17/11/2025 16:15;107.33
17/11/2025 16:30;107.32
17/11/2025 16:45;107.33
17/11/2025 17:00;107.33
17/11/2025 17:15;107.33
17/11/2025 17:30;107.33
17/11/2025 17:45;107.33
17/11/2025 18:00;107.32
17/11/2025 18:15;107.3
17/11/2025 18:30;107.31
17/11/2025 18:45;107.3
17/11/2025 19:00;107.29
17/11/2025 19:15;107.29
17/11/2025 19:30;107.29
17/11/2025 19:45;107.27
17/11/2025 20:00;107.24
17/11/2025 20:15;107.24
17/11/2025 20:30;107.25
17/11/2025 20:45;107.24
17/11/2025 21:00;107.24
17/11/2025 21:15;107.24
17/11/2025 21:30;107.23
17/11/2025 21:45;107.22
17/11/2025 22:00;107.21
17/11/2025 22:15;107.22
17/11/2025 22:30;107.21
17/11/2025 22:45;107.2
17/11/2025 23:00;107.22
17/11/2025 23:15;107.21
17/11/2025 23:30;107.21
17/11/2025 23:45;107.2
18/11/2025 00:00;107.21
18/11/2025 00:15;107.22
18/11/2025 00:30;107.21
18/11/2025 00:45;107.21
18/11/2025 01:00;107.22
18/11/2025 01:15;107.21
18/11/2025 01:30;107.21
18/11/2025 01:45;107.21
18/11/2025 02:00;107.23
18/11/2025 02:15;107.22
18/11/2025 02:30;107.23
18/11/2025 02:45;107.24
18/11/2025 03:00;107.23
18/11/2025 03:15;107.23
18/11/2025 03:30;107.23
18/11/2025 03:45;107.23
18/11/2025 04:00;107.24
18/11/2025 04:15;107.23
18/11/2025 04:30;107.24
18/11/2025 04:45;107.24
18/11/2025 05:00;107.24
18/11/2025 05:15;107.25
18/11/2025 05:30;107.25
18/11/2025 05:45;107.27
18/11/2025 06:00;107.27
18/11/2025 06:15;107.24
18/11/2025 06:30;107.24
18/11/2025 06:45;107.24
18/11/2025 07:00;107.24
18/11/2025 07:15;107.23
18/11/2025 07:30;107.24
18/11/2025 07:45;107.24
18/11/2025 08:00;107.24
18/11/2025 08:15;107.24
18/11/2025 08:30;107.24
18/11/2025 08:45;107.23
18/11/2025 09:00;107.24
18/11/2025 09:15;107.25
18/11/2025 09:30;107.25
18/11/2025 09:45;107.24
18/11/2025 10:00;107.23
18/11/2025 10:15;107.23
18/11/2025 10:30;107.24
18/11/2025 10:45;107.23
18/11/2025 11:00;107.24
18/11/2025 11:15;107.25
18/11/2025 11:30;107.25
18/11/2025 11:45;107.25
18/11/2025 12:00;107.24
18/11/2025 12:15;107.25
18/11/2025 12:30;107.25
18/11/2025 12:45;107.27
18/11/2025 13:00;107.27
18/11/2025 13:15;107.27
18/11/2025 13:30;107.25
18/11/2025 13:45;107.25
18/11/2025 14:00;107.25
18/11/2025 14:15;107.27
18/11/2025 14:30;107.27
18/11/2025 14:45;107.27
18/11/2025 15:00;107.27
18/11/2025 15:15;107.27
18/11/2025 15:30;107.27
18/11/2025 15:45;107.27
18/11/2025 16:00;107.29
18/11/2025 16:15;107.29
18/11/2025 16:30;107.29
18/11/2025 16:45;107.29
18/11/2025 17:00;107.29
18/11/2025 17:15;107.25
18/11/2025 17:30;107.24
18/11/2025 17:45;107.25
18/11/2025 18:00;107.25
18/11/2025 18:15;107.23
18/11/2025 18:30;107.22
18/11/2025 18:45;107.22
18/11/2025 19:00;107.22
18/11/2025 19:15;107.2
18/11/2025 19:30;107.2
18/11/2025 19:45;107.2
18/11/2025 20:00;107.18
18/11/2025 20:15;107.16
18/11/2025 20:30;107.15
18/11/2025 20:45;107.13
18/11/2025 21:00;107.11
18/11/2025 21:15;107.11
18/11/2025 21:30;107.11
18/11/2025 21:45;107.08
18/11/2025 22:00;107.07
18/11/2025 22:15;107.06
18/11/2025 22:30;107.06
18/11/2025 22:45;107.04
18/11/2025 23:00;107.04
18/11/2025 23:15;107.04
18/11/2025 23:30;107.04
18/11/2025 23:45;107.02
19/11/2025 00:00;107
19/11/2025 00:15;106.98
19/11/2025 00:30;106.99
19/11/2025 00:45;106.97
19/11/2025 01:00;106.96
19/11/2025 01:15;106.97
19/11/2025 01:30;106.95
19/11/2025 01:45;106.95
19/11/2025 02:00;106.95
19/11/2025 02:15;106.95
19/11/2025 02:30;106.95
19/11/2025 02:45;106.95
19/11/2025 03:00;106.95
19/11/2025 03:15;106.95
19/11/2025 03:30;106.93
19/11/2025 03:45;106.92
19/11/2025 04:00;106.91
19/11/2025 04:15;106.92
19/11/2025 04:30;106.91
19/11/2025 04:45;106.91
19/11/2025 05:00;106.91
19/11/2025 05:15;106.91
19/11/2025 05:30;106.91
19/11/2025 05:45;106.91
19/11/2025 06:00;106.92
19/11/2025 06:15;106.92
19/11/2025 06:30;106.91
19/11/2025 06:45;106.91
19/11/2025 07:00;106.89
19/11/2025 07:15;106.88
19/11/2025 07:30;106.86
19/11/2025 07:45;106.86
19/11/2025 08:00;106.87
19/11/2025 08:15;106.88
19/11/2025 08:30;106.88
19/11/2025 08:45;106.88
19/11/2025 09:00;106.88
19/11/2025 09:15;106.87
19/11/2025 09:30;106.88
19/11/2025 09:45;106.89
19/11/2025 10:00;106.87
19/11/2025 10:15;106.88
19/11/2025 10:30;106.86
19/11/2025 10:45;106.86
19/11/2025 11:00;106.86
19/11/2025 11:15;106.86
19/11/2025 11:30;106.88
19/11/2025 11:45;106.89
19/11/2025 12:00;106.9
19/11/2025 12:15;106.9
19/11/2025 12:30;106.9
19/11/2025 12:45;106.9
19/11/2025 13:00;106.89
19/11/2025 13:15;106.9
19/11/2025 13:30;106.9
19/11/2025 13:45;106.89
19/11/2025 14:00;106.9
19/11/2025 14:15;106.9
19/11/2025 14:30;106.9
19/11/2025 14:45;106.9
19/11/2025 15:00;106.92
19/11/2025 15:15;106.93
19/11/2025 15:30;106.92
19/11/2025 15:45;106.93
19/11/2025 16:00;106.92
19/11/2025 16:15;106.92
19/11/2025 16:30;106.93
19/11/2025 16:45;106.92
19/11/2025 17:00;106.93
19/11/2025 17:15;106.9
19/11/2025 17:30;106.86
19/11/2025 17:45;106.87
19/11/2025 18:00;106.86
19/11/2025 18:15;106.87
19/11/2025 18:30;106.86
19/11/2025 18:45;106.86
19/11/2025 19:00;106.87
19/11/2025 19:15;106.84
19/11/2025 19:30;106.83
19/11/2025 19:45;106.83
19/11/2025 20:00;106.8
19/11/2025 20:15;106.81
19/11/2025 20:30;106.77
19/11/2025 20:45;106.77
19/11/2025 21:00;106.74
19/11/2025 21:15;106.72
19/11/2025 21:30;106.73
19/11/2025 21:45;106.72
19/11/2025 22:00;106.72
19/11/2025 22:15;106.74
19/11/2025 22:30;106.74
19/11/2025 22:45;106.73
19/11/2025 23:00;106.71
19/11/2025 23:15;106.71
19/11/2025 23:30;106.7
19/11/2025 23:45;106.68
20/11/2025 00:00;106.67
20/11/2025 00:15;106.67
20/11/2025 00:30;106.66
20/11/2025 00:45;106.67
20/11/2025 01:00;106.67
20/11/2025 01:15;106.7
20/11/2025 01:30;106.7
20/11/2025 01:45;106.7
20/11/2025 02:00;106.72
20/11/2025 02:15;106.71
20/11/2025 02:30;106.7
20/11/2025 02:45;106.68
20/11/2025 03:00;106.67
20/11/2025 03:15;106.67
20/11/2025 03:30;106.67
20/11/2025 03:45;106.68
20/11/2025 04:00;106.7
20/11/2025 04:15;106.7
20/11/2025 04:30;106.71
20/11/2025 04:45;106.71
20/11/2025 05:00;106.72
20/11/2025 05:15;106.72
20/11/2025 05:30;106.72
20/11/2025 05:45;106.71
20/11/2025 06:00;106.7
20/11/2025 06:15;106.7
20/11/2025 06:30;106.68
20/11/2025 06:45;106.68
20/11/2025 07:00;106.7
20/11/2025 07:15;106.7
20/11/2025 07:30;106.71
20/11/2025 07:45;106.71
20/11/2025 08:00;106.71
20/11/2025 08:15;106.72
20/11/2025 08:30;106.7
20/11/2025 08:45;106.7
20/11/2025 09:00;106.7
20/11/2025 09:15;106.71
20/11/2025 09:30;106.7
20/11/2025 09:45;106.7
20/11/2025 10:00;106.7
20/11/2025 10:15;106.7
20/11/2025 10:30;106.7
20/11/2025 10:45;106.71
20/11/2025 11:00;106.71
20/11/2025 11:15;106.72
20/11/2025 11:30;106.71
20/11/2025 11:45;106.72
20/11/2025 12:00;106.72
20/11/2025 12:15;106.71
20/11/2025 12:30;106.71
20/11/2025 12:45;106.7
20/11/2025 13:00;106.72
20/11/2025 13:15;106.72
20/11/2025 13:30;106.72
20/11/2025 13:45;106.73
20/11/2025 14:00;106.73
20/11/2025 14:15;106.74
20/11/2025 14:30;106.74
20/11/2025 14:45;106.74
20/11/2025 15:00;106.75
20/11/2025 15:15;106.75
20/11/2025 15:30;106.75
20/11/2025 15:45;106.75
20/11/2025 16:00;106.74
20/11/2025 16:15;106.75
20/11/2025 16:30;106.75
20/11/2025 16:45;106.77
20/11/2025 17:00;106.77
20/11/2025 17:15;106.71
20/11/2025 17:30;106.7
20/11/2025 17:45;106.7
20/11/2025 18:00;106.7
20/11/2025 18:15;106.7
20/11/2025 18:30;106.68
20/11/2025 18:45;106.68
20/11/2025 19:00;106.7
20/11/2025 19:15;106.65
20/11/2025 19:30;106.66
20/11/2025 19:45;106.65
20/11/2025 20:00;106.64
20/11/2025 20:15;106.63
20/11/2025 20:30;106.61
20/11/2025 20:45;106.58
20/11/2025 21:00;106.56
20/11/2025 21:15;106.54
20/11/2025 21:30;106.55
20/11/2025 21:45;106.54
20/11/2025 22:00;106.56
20/11/2025 22:15;106.59
20/11/2025 22:30;106.58
20/11/2025 22:45;106.57
20/11/2025 23:00;106.55
20/11/2025 23:15;106.55
20/11/2025 23:30;106.55
20/11/2025 23:45;106.52
21/11/2025 00:00;106.54
21/11/2025 00:15;106.52
21/11/2025 00:30;106.52
21/11/2025 00:45;106.54
21/11/2025 01:00;106.52
21/11/2025 01:15;106.55
21/11/2025 01:30;106.55
21/11/2025 01:45;106.58
21/11/2025 02:00;106.59
21/11/2025 02:15;106.58
21/11/2025 02:30;106.56
21/11/2025 02:45;106.55
21/11/2025 03:00;106.54
21/11/2025 03:15;106.55
21/11/2025 03:30;106.54
21/11/2025 03:45;106.57
21/11/2025 04:00;106.56
21/11/2025 04:15;106.56
21/11/2025 04:30;106.57
21/11/2025 04:45;106.58
21/11/2025 05:00;106.59
21/11/2025 05:15;106.59
21/11/2025 05:30;106.58
21/11/2025 05:45;106.59
21/11/2025 06:00;106.57
21/11/2025 06:15;106.56
21/11/2025 06:30;106.55
21/11/2025 06:45;106.56
21/11/2025 07:00;106.56
21/11/2025 07:15;106.56
21/11/2025 07:30;106.57
21/11/2025 07:45;106.58
21/11/2025 08:00;106.57
21/11/2025 08:15;106.57
21/11/2025 08:30;106.57
21/11/2025 08:45;106.57
21/11/2025 09:00;106.56
21/11/2025 09:15;106.56
21/11/2025 09:30;106.56
21/11/2025 09:45;106.55
21/11/2025 10:00;106.55
21/11/2025 10:15;106.55
21/11/2025 10:30;106.57
21/11/2025 10:45;106.57
21/11/2025 11:00;106.57
21/11/2025 11:15;106.59
21/11/2025 11:30;106.59
21/11/2025 11:45;106.59
21/11/2025 12:00;106.58
21/11/2025 12:15;106.58
21/11/2025 12:30;106.58
21/11/2025 12:45;106.58
21/11/2025 13:00;106.59
21/11/2025 13:15;106.58
21/11/2025 13:30;106.59
21/11/2025 13:45;106.59
21/11/2025 14:00;106.59
21/11/2025 14:15;106.59
21/11/2025 14:30;106.61
21/11/2025 14:45;106.61
21/11/2025 15:00;106.61
21/11/2025 15:15;106.61
21/11/2025 15:30;106.61
21/11/2025 15:45;106.61
21/11/2025 16:00;106.61
21/11/2025 16:15;106.57
21/11/2025 16:30;106.58
21/11/2025 16:45;106.58
21/11/2025 17:00;106.58
21/11/2025 17:15;106.57
21/11/2025 17:30;106.57
21/11/2025 17:45;106.57
21/11/2025 18:00;106.57
21/11/2025 18:15;106.55
21/11/2025 18:30;106.56
21/11/2025 18:45;106.54
21/11/2025 19:00;106.54
21/11/2025 19:15;106.52
21/11/2025 19:30;106.52
21/11/2025 19:45;106.5
21/11/2025 20:00;106.49
21/11/2025 20:15;106.49
21/11/2025 20:30;106.49
21/11/2025 20:45;106.48
21/11/2025 21:00;106.48
21/11/2025 21:15;106.47
21/11/2025 21:30;106.47
21/11/2025 21:45;106.45
21/11/2025 22:00;106.44
21/11/2025 22:15;106.44
21/11/2025 22:30;106.43
21/11/2025 22:45;106.42
21/11/2025 23:00;106.41
21/11/2025 23:15;106.4
21/11/2025 23:30;106.4
21/11/2025 23:45;106.39
22/11/2025 00:00;106.39
22/11/2025 00:15;106.4
22/11/2025 00:30;106.4
22/11/2025 00:45;106.39
22/11/2025 01:00;106.38
22/11/2025 01:15;106.37
22/11/2025 01:30;106.37
22/11/2025 01:45;106.36
22/11/2025 02:00;106.36
22/11/2025 02:15;106.36
22/11/2025 02:30;106.36
22/11/2025 02:45;106.37
22/11/2025 03:00;106.36
22/11/2025 03:15;106.37
22/11/2025 03:30;106.37
22/11/2025 03:45;106.38
22/11/2025 04:00;106.38
22/11/2025 04:15;106.38
22/11/2025 04:30;106.36
22/11/2025 04:45;106.37
22/11/2025 05:00;106.37
22/11/2025 05:15;106.37
22/11/2025 05:30;106.37
22/11/2025 05:45;106.37
22/11/2025 06:00;106.38
22/11/2025 06:15;106.38
22/11/2025 06:30;106.39
22/11/2025 06:45;106.39
22/11/2025 07:00;106.39
22/11/2025 07:15;106.39
22/11/2025 07:30;106.39
22/11/2025 07:45;106.39
22/11/2025 08:00;106.39
22/11/2025 08:15;106.39
22/11/2025 08:30;106.39
22/11/2025 08:45;106.4
22/11/2025 09:00;106.4
22/11/2025 09:15;106.41
22/11/2025 09:30;106.41
22/11/2025 09:45;106.41
22/11/2025 10:00;106.41
22/11/2025 10:15;106.41
22/11/2025 10:30;106.42
22/11/2025 10:45;106.42
22/11/2025 11:00;106.42
22/11/2025 11:15;106.42
22/11/2025 11:30;106.42
22/11/2025 11:45;106.43
22/11/2025 12:00;106.43
22/11/2025 12:15;106.43
22/11/2025 12:30;106.44
22/11/2025 12:45;106.43
22/11/2025 13:00;106.44
22/11/2025 13:15;106.44
22/11/2025 13:30;106.44
22/11/2025 13:45;106.44
22/11/2025 14:00;106.44
22/11/2025 14:15;106.44
22/11/2025 14:30;106.45
22/11/2025 14:45;106.45
22/11/2025 15:00;106.45
22/11/2025 15:15;106.45
22/11/2025 15:30;106.45
22/11/2025 15:45;106.45
22/11/2025 16:00;106.46
22/11/2025 16:15;106.46
22/11/2025 16:30;106.46
22/11/2025 16:45;106.46
22/11/2025 17:00;106.46
22/11/2025 17:15;106.45
22/11/2025 17:30;106.45
22/11/2025 17:45;106.45
22/11/2025 18:00;106.45
22/11/2025 18:15;106.44
22/11/2025 18:30;106.43
22/11/2025 18:45;106.44
22/11/2025 19:00;106.43
22/11/2025 19:15;106.42
22/11/2025 19:30;106.43
22/11/2025 19:45;106.42
22/11/2025 20:00;106.42
22/11/2025 20:15;106.4
22/11/2025 20:30;106.4
22/11/2025 20:45;106.39
22/11/2025 21:00;106.38
22/11/2025 21:15;106.37
22/11/2025 21:30;106.37
22/11/2025 21:45;106.36
22/11/2025 22:00;106.36
22/11/2025 22:15;106.35
22/11/2025 22:30;106.35
22/11/2025 22:45;106.34
22/11/2025 23:00;106.33
22/11/2025 23:15;106.34
22/11/2025 23:30;106.33
22/11/2025 23:45;106.32
23/11/2025 00:00;106.32
23/11/2025 00:15;106.31
23/11/2025 00:30;106.33
23/11/2025 00:45;106.32
23/11/2025 01:00;106.31
23/11/2025 01:15;106.32
23/11/2025 01:30;106.31
23/11/2025 01:45;106.32
23/11/2025 02:00;106.31
23/11/2025 02:15;106.31
23/11/2025 02:30;106.33
23/11/2025 02:45;106.32
23/11/2025 03:00;106.33
23/11/2025 03:15;106.33
23/11/2025 03:30;106.33
23/11/2025 03:45;106.33
23/11/2025 04:00;106.33
23/11/2025 04:15;106.34
23/11/2025 04:30;106.34
23/11/2025 04:45;106.33
23/11/2025 05:00;106.34
23/11/2025 05:15;106.33
23/11/2025 05:30;106.34
23/11/2025 05:45;106.34
23/11/2025 06:00;106.35
23/11/2025 06:15;106.35
23/11/2025 06:30;106.35
23/11/2025 06:45;106.35
23/11/2025 07:00;106.36
23/11/2025 07:15;106.35
23/11/2025 07:30;106.36
23/11/2025 07:45;106.35
23/11/2025 08:00;106.36
23/11/2025 08:15;106.37
23/11/2025 08:30;106.36
23/11/2025 08:45;106.37
23/11/2025 09:00;106.37
23/11/2025 09:15;106.38
23/11/2025 09:30;106.38
23/11/2025 09:45;106.38
23/11/2025 10:00;106.39
23/11/2025 10:15;106.38
23/11/2025 10:30;106.38
23/11/2025 10:45;106.39
23/11/2025 11:00;106.38
23/11/2025 11:15;106.39
23/11/2025 11:30;106.39
23/11/2025 11:45;106.39
23/11/2025 12:00;106.39
23/11/2025 12:15;106.39
23/11/2025 12:30;106.39
23/11/2025 12:45;106.4
23/11/2025 13:00;106.4
23/11/2025 13:15;106.41
23/11/2025 13:30;106.4
23/11/2025 13:45;106.41
23/11/2025 14:00;106.41
23/11/2025 14:15;106.41
23/11/2025 14:30;106.42
23/11/2025 14:45;106.41
23/11/2025 15:00;106.42
23/11/2025 15:15;106.42
23/11/2025 15:30;106.42
23/11/2025 15:45;106.42
23/11/2025 16:00;106.41
23/11/2025 16:15;106.42
23/11/2025 16:30;106.43
23/11/2025 16:45;106.42
23/11/2025 17:00;106.43
23/11/2025 17:15;106.41
23/11/2025 17:30;106.41
23/11/2025 17:45;106.42
23/11/2025 18:00;106.41
23/11/2025 18:15;106.4
23/11/2025 18:30;106.4
23/11/2025 18:45;106.4
23/11/2025 19:00;106.4
23/11/2025 19:15;106.38
23/11/2025 19:30;106.39
23/11/2025 19:45;106.38
23/11/2025 20:00;106.39
23/11/2025 20:15;106.37
23/11/2025 20:30;106.38
23/11/2025 20:45;106.37
23/11/2025 21:00;106.36
23/11/2025 21:15;106.34
23/11/2025 21:30;106.34
23/11/2025 21:45;106.33
23/11/2025 22:00;106.32
23/11/2025 22:15;106.31
23/11/2025 22:30;106.32
23/11/2025 22:45;106.31
23/11/2025 23:00;106.31
23/11/2025 23:15;106.3
23/11/2025 23:30;106.31
23/11/2025 23:45;106.3
24/11/2025 00:00;106.29
24/11/2025 00:15;106.3
24/11/2025 00:30;106.31
24/11/2025 00:45;106.29
24/11/2025 01:00;106.29
24/11/2025 01:15;106.28
24/11/2025 01:30;106.29
24/11/2025 01:45;106.29
24/11/2025 02:00;106.29
24/11/2025 02:15;106.3
24/11/2025 02:30;106.3
24/11/2025 02:45;106.29
24/11/2025 03:00;106.3
24/11/2025 03:15;106.3
24/11/2025 03:30;106.32
24/11/2025 03:45;106.31
24/11/2025 04:00;106.32
24/11/2025 04:15;106.33
24/11/2025 04:30;106.31
24/11/2025 04:45;106.32
24/11/2025 05:00;106.32
24/11/2025 05:15;106.32
24/11/2025 05:30;106.33
24/11/2025 05:45;106.33
24/11/2025 06:00;106.34
24/11/2025 06:15;106.34
24/11/2025 06:30;106.33
24/11/2025 06:45;106.34
24/11/2025 07:00;106.33
24/11/2025 07:15;106.32
24/11/2025 07:30;106.32
24/11/2025 07:45;106.31
24/11/2025 08:00;106.31
24/11/2025 08:15;106.3
24/11/2025 08:30;106.3
24/11/2025 08:45;106.31
24/11/2025 09:00;106.3
24/11/2025 09:15;106.3
24/11/2025 09:30;106.29
24/11/2025 09:45;106.29
24/11/2025 10:00;106.28
24/11/2025 10:15;106.29
24/11/2025 10:30;106.3
24/11/2025 10:45;106.27
24/11/2025 11:00;106.27
24/11/2025 11:15;106.28
24/11/2025 11:30;106.28
24/11/2025 11:45;106.29
24/11/2025 12:00;106.28
24/11/2025 12:15;106.3
24/11/2025 12:30;106.3
24/11/2025 12:45;106.3
24/11/2025 13:00;106.31
24/11/2025 13:15;106.3
24/11/2025 13:30;106.31
24/11/2025 13:45;106.33
24/11/2025 14:00;106.33
24/11/2025 14:15;106.33
24/11/2025 14:30;106.32
24/11/2025 14:45;106.32
24/11/2025 15:00;106.32
24/11/2025 15:15;106.32
24/11/2025 15:30;106.33
24/11/2025 15:45;106.33
24/11/2025 16:00;106.33
24/11/2025 16:15;106.32
24/11/2025 16:30;106.33
24/11/2025 16:45;106.32
24/11/2025 17:00;106.33
24/11/2025 17:15;106.32
24/11/2025 17:30;106.33
24/11/2025 17:45;106.32
24/11/2025 18:00;106.33
24/11/2025 18:15;106.3
24/11/2025 18:30;106.3
24/11/2025 18:45;106.3
24/11/2025 19:00;106.31
24/11/2025 19:15;106.3
24/11/2025 19:30;106.3
24/11/2025 19:45;106.29
24/11/2025 20:00;106.3
24/11/2025 20:15;106.27
24/11/2025 20:30;106.28
24/11/2025 20:45;106.26
24/11/2025 21:00;106.27
24/11/2025 21:15;106.26
24/11/2025 21:30;106.25
24/11/2025 21:45;106.23
24/11/2025 22:00;106.23
24/11/2025 22:15;106.21
24/11/2025 22:30;106.26
24/11/2025 22:45;106.25
24/11/2025 23:00;106.26
24/11/2025 23:15;106.25
24/11/2025 23:30;106.25
24/11/2025 23:45;106.25
25/11/2025 00:00;106.24
25/11/2025 00:15;106.23
25/11/2025 00:30;106.25
25/11/2025 00:45;106.24
25/11/2025 01:00;106.25
25/11/2025 01:15;106.24
25/11/2025 01:30;106.25
25/11/2025 01:45;106.26
25/11/2025 02:00;106.27
25/11/2025 02:15;106.29
25/11/2025 02:30;106.29
25/11/2025 02:45;106.27
25/11/2025 03:00;106.27
25/11/2025 03:15;106.26
25/11/2025 03:30;106.27
25/11/2025 03:45;106.28
25/11/2025 04:00;106.27
25/11/2025 04:15;106.29
25/11/2025 04:30;106.28
25/11/2025 04:45;106.29
25/11/2025 05:00;106.3
25/11/2025 05:15;106.31
25/11/2025 05:30;106.31
25/11/2025 05:45;106.32
25/11/2025 06:00;106.3
25/11/2025 06:15;106.31
25/11/2025 06:30;106.29
25/11/2025 06:45;106.31
25/11/2025 07:00;106.29
25/11/2025 07:15;106.27
25/11/2025 07:30;106.28
25/11/2025 07:45;106.28
25/11/2025 08:00;106.28
25/11/2025 08:15;106.29
25/11/2025 08:30;106.28
25/11/2025 08:45;106.3
25/11/2025 09:00;106.28
25/11/2025 09:15;106.29
25/11/2025 09:30;106.29
25/11/2025 09:45;106.27
25/11/2025 10:00;106.28
25/11/2025 10:15;106.28
25/11/2025 10:30;106.27
25/11/2025 10:45;106.27
25/11/2025 11:00;106.25
25/11/2025 11:15;106.28
25/11/2025 11:30;106.27
25/11/2025 11:45;106.29
25/11/2025 12:00;106.3
25/11/2025 12:15;106.3
25/11/2025 12:30;106.3
25/11/2025 12:45;106.31
25/11/2025 13:00;106.29
25/11/2025 13:15;106.3
25/11/2025 13:30;106.3
25/11/2025 13:45;106.31
25/11/2025 14:00;106.3
25/11/2025 14:15;106.3
25/11/2025 14:30;106.31
25/11/2025 14:45;106.32
25/11/2025 15:00;106.33
25/11/2025 15:15;106.33
25/11/2025 15:30;106.33
25/11/2025 15:45;106.33
25/11/2025 16:00;106.35
25/11/2025 16:15;106.33
25/11/2025 16:30;106.34
25/11/2025 16:45;106.34
25/11/2025 17:00;106.34
25/11/2025 17:15;106.34
25/11/2025 17:30;106.34
25/11/2025 17:45;106.35
25/11/2025 18:00;106.35
25/11/2025 18:15;106.32
25/11/2025 18:30;106.32
25/11/2025 18:45;106.31
25/11/2025 19:00;106.32
25/11/2025 19:15;106.3
25/11/2025 19:30;106.3
25/11/2025 19:45;106.31
25/11/2025 20:00;106.3
25/11/2025 20:15;106.28
25/11/2025 20:30;106.3
25/11/2025 20:45;106.28
25/11/2025 21:00;106.29
25/11/2025 21:15;106.27
25/11/2025 21:30;106.26
25/11/2025 21:45;106.24
25/11/2025 22:00;106.23
25/11/2025 22:15;106.24
25/11/2025 22:30;106.27
25/11/2025 22:45;106.26
25/11/2025 23:00;106.27
25/11/2025 23:15;106.25
25/11/2025 23:30;106.27
25/11/2025 23:45;106.26
26/11/2025 00:00;106.25
26/11/2025 00:15;106.25
26/11/2025 00:30;106.26
26/11/2025 00:45;106.24
26/11/2025 01:00;106.26
26/11/2025 01:15;106.24
26/11/2025 01:30;106.27
26/11/2025 01:45;106.27
26/11/2025 02:00;106.29
26/11/2025 02:15;106.3
26/11/2025 02:30;106.29
26/11/2025 02:45;106.29
26/11/2025 03:00;106.28
26/11/2025 03:15;106.28
26/11/2025 03:30;106.29
26/11/2025 03:45;106.28
26/11/2025 04:00;106.29
26/11/2025 04:15;106.29
26/11/2025 04:30;106.29
26/11/2025 04:45;106.3
26/11/2025 05:00;106.3
26/11/2025 05:15;106.31
26/11/2025 05:30;106.32
26/11/2025 05:45;106.32
26/11/2025 06:00;106.32
26/11/2025 06:15;106.32
26/11/2025 06:30;106.31
26/11/2025 06:45;106.28
26/11/2025 07:00;106.28
26/11/2025 07:15;106.29
26/11/2025 07:30;106.28
26/11/2025 07:45;106.28
26/11/2025 08:00;106.27
26/11/2025 08:15;106.28
26/11/2025 08:30;106.28
26/11/2025 08:45;106.27
26/11/2025 09:00;106.27
26/11/2025 09:15;106.27
26/11/2025 09:30;106.25
26/11/2025 09:45;106.25
26/11/2025 10:00;106.23
26/11/2025 10:15;106.26
26/11/2025 10:30;106.25
26/11/2025 10:45;106.25
26/11/2025 11:00;106.26
26/11/2025 11:15;106.26
26/11/2025 11:30;106.26
26/11/2025 11:45;106.26
26/11/2025 12:00;106.25
26/11/2025 12:15;106.27
26/11/2025 12:30;106.24
26/11/2025 12:45;106.26
26/11/2025 13:00;106.26
26/11/2025 13:15;106.26
26/11/2025 13:30;106.28
26/11/2025 13:45;106.28
26/11/2025 14:00;106.29
26/11/2025 14:15;106.3
26/11/2025 14:30;106.28
26/11/2025 14:45;106.3
26/11/2025 15:00;106.28
26/11/2025 15:15;106.29
26/11/2025 15:30;106.29
26/11/2025 15:45;106.29
26/11/2025 16:00;106.3
26/11/2025 16:15;106.3
26/11/2025 16:30;106.31
26/11/2025 16:45;106.32
26/11/2025 17:00;106.31
26/11/2025 17:15;106.33
26/11/2025 17:30;106.32
26/11/2025 17:45;106.33
26/11/2025 18:00;106.32
26/11/2025 18:15;106.28
26/11/2025 18:30;106.29
26/11/2025 18:45;106.29
26/11/2025 19:00;106.29
26/11/2025 19:15;106.29
26/11/2025 19:30;106.28
26/11/2025 19:45;106.3
26/11/2025 20:00;106.29
26/11/2025 20:15;106.27
26/11/2025 20:30;106.28
26/11/2025 20:45;106.26
26/11/2025 21:00;106.26
26/11/2025 21:15;106.24
26/11/2025 21:30;106.22
26/11/2025 21:45;106.22
26/11/2025 22:00;106.2
26/11/2025 22:15;106.2
26/11/2025 22:30;106.21
26/11/2025 22:45;106.21
26/11/2025 23:00;106.23
26/11/2025 23:15;106.24
26/11/2025 23:30;106.24
26/11/2025 23:45;106.23
27/11/2025 00:00;106.22
27/11/2025 00:15;106.22
27/11/2025 00:30;106.22
27/11/2025 00:45;106.2
27/11/2025 01:00;106.21
27/11/2025 01:15;106.21
27/11/2025 01:30;106.21
27/11/2025 01:45;106.22
27/11/2025 02:00;106.23
27/11/2025 02:15;106.25
27/11/2025 02:30;106.26
27/11/2025 02:45;106.27
27/11/2025 03:00;106.27
27/11/2025 03:15;106.26
27/11/2025 03:30;106.25
27/11/2025 03:45;106.25
27/11/2025 04:00;106.24
27/11/2025 04:15;106.25
27/11/2025 04:30;106.25
27/11/2025 04:45;106.27
27/11/2025 05:00;106.27
27/11/2025 05:15;106.28
27/11/2025 05:30;106.29
27/11/2025 05:45;106.3
27/11/2025 06:00;106.3
27/11/2025 06:15;106.28
27/11/2025 06:30;106.25
27/11/2025 06:45;106.25
27/11/2025 07:00;106.24
27/11/2025 07:15;106.25
27/11/2025 07:30;106.24
27/11/2025 07:45;106.25
27/11/2025 08:00;106.26
27/11/2025 08:15;106.23
27/11/2025 08:30;106.23
27/11/2025 08:45;106.24
27/11/2025 09:00;106.21
27/11/2025 09:15;106.22
27/11/2025 09:30;106.18
27/11/2025 09:45;106.17
27/11/2025 10:00;106.18
27/11/2025 10:15;106.19
27/11/2025 10:30;106.2
27/11/2025 10:45;106.2
27/11/2025 11:00;106.21
27/11/2025 11:15;106.22
27/11/2025 11:30;106.19
27/11/2025 11:45;106.19
27/11/2025 12:00;106.19
27/11/2025 12:15;106.2
27/11/2025 12:30;106.19
27/11/2025 12:45;106.19
27/11/2025 13:00;106.19
27/11/2025 13:15;106.21
27/11/2025 13:30;106.23
27/11/2025 13:45;106.25
27/11/2025 14:00;106.25
27/11/2025 14:15;106.26
27/11/2025 14:30;106.25
27/11/2025 14:45;106.24
27/11/2025 15:00;106.23
27/11/2025 15:15;106.23
27/11/2025 15:30;106.24
27/11/2025 15:45;106.25
27/11/2025 16:00;106.25
27/11/2025 16:15;106.26
27/11/2025 16:30;106.26
27/11/2025 16:45;106.28
27/11/2025 17:00;106.29
27/11/2025 17:15;106.28
27/11/2025 17:30;106.28
27/11/2025 17:45;106.28
27/11/2025 18:00;106.27
27/11/2025 18:15;106.24
27/11/2025 18:30;106.24
27/11/2025 18:45;106.24
27/11/2025 19:00;106.24
27/11/2025 19:15;106.23
27/11/2025 19:30;106.24
27/11/2025 19:45;106.24
27/11/2025 20:00;106.24
27/11/2025 20:15;106.23
27/11/2025 20:30;106.22
27/11/2025 20:45;106.2
27/11/2025 21:00;106.2
27/11/2025 21:15;106.18
27/11/2025 21:30;106.16
27/11/2025 21:45;106.15
27/11/2025 22:00;106.14
27/11/2025 22:15;106.15
27/11/2025 22:30;106.18
27/11/2025 22:45;106.17
27/11/2025 23:00;106.17
27/11/2025 23:15;106.19
27/11/2025 23:30;106.19
27/11/2025 23:45;106.18
28/11/2025 00:00;106.17
28/11/2025 00:15;106.16
28/11/2025 00:30;106.18
28/11/2025 00:45;106.15
28/11/2025 01:00;106.17
28/11/2025 01:15;106.18
28/11/2025 01:30;106.19
28/11/2025 01:45;106.22
28/11/2025 02:00;106.22
28/11/2025 02:15;106.23
28/11/2025 02:30;106.24
28/11/2025 02:45;106.24
28/11/2025 03:00;106.24
28/11/2025 03:15;106.23
28/11/2025 03:30;106.23
28/11/2025 03:45;106.24
28/11/2025 04:00;106.24
28/11/2025 04:15;106.25
28/11/2025 04:30;106.26
28/11/2025 04:45;106.28
28/11/2025 05:00;106.29
28/11/2025 05:15;106.3
28/11/2025 05:30;106.31
28/11/2025 05:45;106.31
28/11/2025 06:00;106.31
28/11/2025 06:15;106.31
28/11/2025 06:30;106.28
28/11/2025 06:45;106.28
28/11/2025 07:00;106.29
28/11/2025 07:15;106.29
28/11/2025 07:30;106.3
28/11/2025 07:45;106.3
28/11/2025 08:00;106.31
28/11/2025 08:15;106.33
28/11/2025 08:30;106.3
28/11/2025 08:45;106.32
28/11/2025 09:00;106.3
28/11/2025 09:15;106.3
28/11/2025 09:30;106.29
28/11/2025 09:45;106.28
28/11/2025 10:00;106.27
28/11/2025 10:15;106.28
28/11/2025 10:30;106.29
28/11/2025 10:45;106.31
28/11/2025 11:00;106.33
28/11/2025 11:15;106.34
28/11/2025 11:30;106.34
28/11/2025 11:45;106.34
28/11/2025 12:00;106.34
28/11/2025 12:15;106.34
28/11/2025 12:30;106.34
28/11/2025 12:45;106.35
28/11/2025 13:00;106.36
28/11/2025 13:15;106.36
28/11/2025 13:30;106.38
28/11/2025 13:45;106.39
28/11/2025 14:00;106.42
28/11/2025 14:15;106.43
28/11/2025 14:30;106.44
28/11/2025 14:45;106.45
28/11/2025 15:00;106.45
28/11/2025 15:15;106.45
28/11/2025 15:30;106.45
28/11/2025 15:45;106.46
28/11/2025 16:00;106.47
28/11/2025 16:15;106.48
28/11/2025 16:30;106.49
28/11/2025 16:45;106.5
28/11/2025 17:00;106.52
28/11/2025 17:15;106.54
28/11/2025 17:30;106.54
28/11/2025 17:45;106.54
28/11/2025 18:00;106.54
28/11/2025 18:15;106.52
28/11/2025 18:30;106.52
28/11/2025 18:45;106.52
28/11/2025 19:00;106.54
28/11/2025 19:15;106.54
28/11/2025 19:30;106.54
28/11/2025 19:45;106.56
28/11/2025 20:00;106.55
28/11/2025 20:15;106.54
28/11/2025 20:30;106.54
28/11/2025 20:45;106.54
28/11/2025 21:00;106.54
28/11/2025 21:15;106.52
28/11/2025 21:30;106.52
28/11/2025 21:45;106.52
28/11/2025 22:00;106.5
28/11/2025 22:15;106.54
28/11/2025 22:30;106.56
28/11/2025 22:45;106.54
28/11/2025 23:00;106.56
28/11/2025 23:15;106.56
28/11/2025 23:30;106.57
28/11/2025 23:45;106.55
29/11/2025 00:00;106.55
29/11/2025 00:15;106.55
29/11/2025 00:30;106.54
29/11/2025 00:45;106.54
29/11/2025 01:00;106.54
29/11/2025 01:15;106.55
29/11/2025 01:30;106.58
29/11/2025 01:45;106.58
29/11/2025 02:00;106.61
29/11/2025 02:15;106.59
29/11/2025 02:30;106.59
29/11/2025 02:45;106.59
29/11/2025 03:00;106.58
29/11/2025 03:15;106.59
29/11/2025 03:30;106.59
29/11/2025 03:45;106.58
29/11/2025 04:00;106.59
29/11/2025 04:15;106.59
29/11/2025 04:30;106.62
29/11/2025 04:45;106.62
29/11/2025 05:00;106.63
29/11/2025 05:15;106.64
29/11/2025 05:30;106.64
29/11/2025 05:45;106.64
29/11/2025 06:00;106.64
29/11/2025 06:15;106.63
29/11/2025 06:30;106.66
29/11/2025 06:45;106.65
29/11/2025 07:00;106.66
29/11/2025 07:15;106.67
29/11/2025 07:30;106.67
29/11/2025 07:45;106.7
29/11/2025 08:00;106.7
29/11/2025 08:15;106.7
29/11/2025 08:30;106.71
29/11/2025 08:45;106.7
29/11/2025 09:00;106.72
29/11/2025 09:15;106.71
29/11/2025 09:30;106.72
29/11/2025 09:45;106.72
29/11/2025 10:00;106.73
29/11/2025 10:15;106.74
29/11/2025 10:30;106.77
29/11/2025 10:45;106.77
29/11/2025 11:00;106.79
29/11/2025 11:15;106.79
29/11/2025 11:30;106.79
29/11/2025 11:45;106.79
29/11/2025 12:00;106.8
29/11/2025 12:15;106.8
29/11/2025 12:30;106.81
29/11/2025 12:45;106.82
29/11/2025 13:00;106.83
29/11/2025 13:15;106.83
29/11/2025 13:30;106.86
29/11/2025 13:45;106.86
29/11/2025 14:00;106.88
29/11/2025 14:15;106.88
29/11/2025 14:30;106.89
29/11/2025 14:45;106.89
29/11/2025 15:00;106.9
29/11/2025 15:15;106.9
29/11/2025 15:30;106.91
29/11/2025 15:45;106.92
29/11/2025 16:00;106.93
29/11/2025 16:15;106.92
29/11/2025 16:30;106.93
29/11/2025 16:45;106.95
29/11/2025 17:00;106.95
29/11/2025 17:15;106.95
29/11/2025 17:30;106.96
29/11/2025 17:45;106.96
29/11/2025 18:00;106.96
29/11/2025 18:15;106.95
29/11/2025 18:30;106.96
29/11/2025 18:45;106.95
29/11/2025 19:00;106.96
29/11/2025 19:15;106.95
29/11/2025 19:30;106.95
29/11/2025 19:45;106.96
29/11/2025 20:00;106.95
29/11/2025 20:15;106.95
29/11/2025 20:30;106.95
29/11/2025 20:45;106.95
29/11/2025 21:00;106.95
29/11/2025 21:15;106.93
29/11/2025 21:30;106.93
29/11/2025 21:45;106.92
29/11/2025 22:00;106.92
29/11/2025 22:15;106.91
29/11/2025 22:30;106.92
29/11/2025 22:45;106.93
29/11/2025 23:00;106.92
29/11/2025 23:15;106.92
29/11/2025 23:30;106.91
29/11/2025 23:45;106.91
30/11/2025 00:00;106.9
30/11/2025 00:15;106.91
30/11/2025 00:30;106.92
30/11/2025 00:45;106.91
30/11/2025 01:00;106.92
30/11/2025 01:15;106.92
30/11/2025 01:30;106.92
30/11/2025 01:45;106.93
30/11/2025 02:00;106.93
30/11/2025 02:15;106.95
30/11/2025 02:30;106.93
30/11/2025 02:45;106.93
30/11/2025 03:00;106.93
30/11/2025 03:15;106.95
30/11/2025 03:30;106.96
30/11/2025 03:45;106.96
30/11/2025 04:00;106.97
30/11/2025 04:15;106.98
30/11/2025 04:30;106.98
30/11/2025 04:45;106.99
30/11/2025 05:00;106.99
30/11/2025 05:15;107.02
30/11/2025 05:30;107
30/11/2025 05:45;107
30/11/2025 06:00;107.02
30/11/2025 06:15;107.02
30/11/2025 06:30;107.02
30/11/2025 06:45;107.02
30/11/2025 07:00;107.04
30/11/2025 07:15;107.04
30/11/2025 07:30;107.04
30/11/2025 07:45;107.05
30/11/2025 08:00;107.05
30/11/2025 08:15;107.06
30/11/2025 08:30;107.06
30/11/2025 08:45;107.05
30/11/2025 09:00;107.06
30/11/2025 09:15;107.06
30/11/2025 09:30;107.07
30/11/2025 09:45;107.07
30/11/2025 10:00;107.06
30/11/2025 10:15;107.06
30/11/2025 10:30;107.07
30/11/2025 10:45;107.08
30/11/2025 11:00;107.09
30/11/2025 11:15;107.11
30/11/2025 11:30;107.11
30/11/2025 11:45;107.11
30/11/2025 12:00;107.11
30/11/2025 12:15;107.11
30/11/2025 12:30;107.12
30/11/2025 12:45;107.11
30/11/2025 13:00;107.12
30/11/2025 13:15;107.13
30/11/2025 13:30;107.13
30/11/2025 13:45;107.13
30/11/2025 14:00;107.13
30/11/2025 14:15;107.14
30/11/2025 14:30;107.15
30/11/2025 14:45;107.15
30/11/2025 15:00;107.17
30/11/2025 15:15;107.16
30/11/2025 15:30;107.17
30/11/2025 15:45;107.17
30/11/2025 16:00;107.16
30/11/2025 16:15;107.17
30/11/2025 16:30;107.17
30/11/2025 16:45;107.17
30/11/2025 17:00;107.17
30/11/2025 17:15;107.17
30/11/2025 17:30;107.18
30/11/2025 17:45;107.17
30/11/2025 18:00;107.17
30/11/2025 18:15;107.16
30/11/2025 18:30;107.16
30/11/2025 18:45;107.16
30/11/2025 19:00;107.17
30/11/2025 19:15;107.17
30/11/2025 19:30;107.16
30/11/2025 19:45;107.16
30/11/2025 20:00;107.16
30/11/2025 20:15;107.14
30/11/2025 20:30;107.14
30/11/2025 20:45;107.14
30/11/2025 21:00;107.13
30/11/2025 21:15;107.12
30/11/2025 21:30;107.11
30/11/2025 21:45;107.11
30/11/2025 22:00;107.11
30/11/2025 22:15;107.09
30/11/2025 22:30;107.09
30/11/2025 22:45;107.08
30/11/2025 23:00;107.08
30/11/2025 23:15;107.09
30/11/2025 23:30;107.08
30/11/2025 23:45;107.06
01/12/2025 00:00;107.07
01/12/2025 00:15;107.09
01/12/2025 00:30;107.09
01/12/2025 00:45;107.07
01/12/2025 01:00;107.07
01/12/2025 01:15;107.08
01/12/2025 01:30;107.08
01/12/2025 01:45;107.08
01/12/2025 02:00;107.09
01/12/2025 02:15;107.11
01/12/2025 02:30;107.11
01/12/2025 02:45;107.11
01/12/2025 03:00;107.12
01/12/2025 03:15;107.12
01/12/2025 03:30;107.12
01/12/2025 03:45;107.14
01/12/2025 04:00;107.15
01/12/2025 04:15;107.14
01/12/2025 04:30;107.14
01/12/2025 04:45;107.15
01/12/2025 05:00;107.15
01/12/2025 05:15;107.15
01/12/2025 05:30;107.16
01/12/2025 05:45;107.17
01/12/2025 06:00;107.18
01/12/2025 06:15;107.18
01/12/2025 06:30;107.18
01/12/2025 06:45;107.16
01/12/2025 07:00;107.17
01/12/2025 07:15;107.17
01/12/2025 07:30;107.17
01/12/2025 07:45;107.16
01/12/2025 08:00;107.16
01/12/2025 08:15;107.17
01/12/2025 08:30;107.16
01/12/2025 08:45;107.15
01/12/2025 09:00;107.16
01/12/2025 09:15;107.17
01/12/2025 09:30;107.17
01/12/2025 09:45;107.17
01/12/2025 10:00;107.17
01/12/2025 10:15;107.15
01/12/2025 10:30;107.15
01/12/2025 10:45;107.16
01/12/2025 11:00;107.17
01/12/2025 11:15;107.17
01/12/2025 11:30;107.17
01/12/2025 11:45;107.18
01/12/2025 12:00;107.18
01/12/2025 12:15;107.18
01/12/2025 12:30;107.18
01/12/2025 12:45;107.2
01/12/2025 13:00;107.21
01/12/2025 13:15;107.2
01/12/2025 13:30;107.2
01/12/2025 13:45;107.2
01/12/2025 14:00;107.2
01/12/2025 14:15;107.21
01/12/2025 14:30;107.22
01/12/2025 14:45;107.23
01/12/2025 15:00;107.23
01/12/2025 15:15;107.24
01/12/2025 15:30;107.24
01/12/2025 15:45;107.24
01/12/2025 16:00;107.25
01/12/2025 16:15;107.25
01/12/2025 16:30;107.27
01/12/2025 16:45;107.27
01/12/2025 17:00;107.27
01/12/2025 17:15;107.23
01/12/2025 17:30;107.23
01/12/2025 17:45;107.24
01/12/2025 18:00;107.24
01/12/2025 18:15;107.23
01/12/2025 18:30;107.22
01/12/2025 18:45;107.23
01/12/2025 19:00;107.23
01/12/2025 19:15;107.2
01/12/2025 19:30;107.21
01/12/2025 19:45;107.2
01/12/2025 20:00;107.2
01/12/2025 20:15;107.18
01/12/2025 20:30;107.17
01/12/2025 20:45;107.15
01/12/2025 21:00;107.14
01/12/2025 21:15;107.13
01/12/2025 21:30;107.14
01/12/2025 21:45;107.13
01/12/2025 22:00;107.12
01/12/2025 22:15;107.13
01/12/2025 22:30;107.13
01/12/2025 22:45;107.11
01/12/2025 23:00;107.11
01/12/2025 23:15;107.11
01/12/2025 23:30;107.11
01/12/2025 23:45;107.08
02/12/2025 00:00;107.07
02/12/2025 00:15;107.11
02/12/2025 00:30;107.11
02/12/2025 00:45;107.09
02/12/2025 01:00;107.11
02/12/2025 01:15;107.11
02/12/2025 01:30;107.11
02/12/2025 01:45;107.11
02/12/2025 02:00;107.12
02/12/2025 02:15;107.13
02/12/2025 02:30;107.11
02/12/2025 02:45;107.12
02/12/2025 03:00;107.11
02/12/2025 03:15;107.12
02/12/2025 03:30;107.13
02/12/2025 03:45;107.14
02/12/2025 04:00;107.16
02/12/2025 04:15;107.16
02/12/2025 04:30;107.16
02/12/2025 04:45;107.16
02/12/2025 05:00;107.16
02/12/2025 05:15;107.17
02/12/2025 05:30;107.16
02/12/2025 05:45;107.17
02/12/2025 06:00;107.17
02/12/2025 06:15;107.18
02/12/2025 06:30;107.18
02/12/2025 06:45;107.18
02/12/2025 07:00;107.2
02/12/2025 07:15;107.2
02/12/2025 07:30;107.16
02/12/2025 07:45;107.18
02/12/2025 08:00;107.17
02/12/2025 08:15;107.17
02/12/2025 08:30;107.16
02/12/2025 08:45;107.16
02/12/2025 09:00;107.17
02/12/2025 09:15;107.15
02/12/2025 09:30;107.15
02/12/2025 09:45;107.16
02/12/2025 10:00;107.15
02/12/2025 10:15;107.17
02/12/2025 10:30;107.16
02/12/2025 10:45;107.15
02/12/2025 11:00;107.14
02/12/2025 11:15;107.15
02/12/2025 11:30;107.15
02/12/2025 11:45;107.15
02/12/2025 12:00;107.15
02/12/2025 12:15;107.16
02/12/2025 12:30;107.16
02/12/2025 12:45;107.16
02/12/2025 13:00;107.16
02/12/2025 13:15;107.17
02/12/2025 13:30;107.17
02/12/2025 13:45;107.2
02/12/2025 14:00;107.2
02/12/2025 14:15;107.2
02/12/2025 14:30;107.2
02/12/2025 14:45;107.2
02/12/2025 15:00;107.21
02/12/2025 15:15;107.22
02/12/2025 15:30;107.2
02/12/2025 15:45;107.22
02/12/2025 16:00;107.22
02/12/2025 16:15;107.22
02/12/2025 16:30;107.22
02/12/2025 16:45;107.22
02/12/2025 17:00;107.23
02/12/2025 17:15;107.21
02/12/2025 17:30;107.21
02/12/2025 17:45;107.21
02/12/2025 18:00;107.2
02/12/2025 18:15;107.2
02/12/2025 18:30;107.18
02/12/2025 18:45;107.2
02/12/2025 19:00;107.18
02/12/2025 19:15;107.17
02/12/2025 19:30;107.17
02/12/2025 19:45;107.16
02/12/2025 20:00;107.15
02/12/2025 20:15;107.14
02/12/2025 20:30;107.13
02/12/2025 20:45;107.11
02/12/2025 21:00;107.09
02/12/2025 21:15;107.08
02/12/2025 21:30;107.08
02/12/2025 21:45;107.07
02/12/2025 22:00;107.06
02/12/2025 22:15;107.06
02/12/2025 22:30;107.06
02/12/2025 22:45;107.05
02/12/2025 23:00;107.04
02/12/2025 23:15;107.05
02/12/2025 23:30;107.04
02/12/2025 23:45;107.02
03/12/2025 00:00;107.02
03/12/2025 00:15;107.04
03/12/2025 00:30;107.04
03/12/2025 00:45;107.02
03/12/2025 01:00;107.02
03/12/2025 01:15;107.02
03/12/2025 01:30;107.02
03/12/2025 01:45;107.02
03/12/2025 02:00;107.02
03/12/2025 02:15;107.04
03/12/2025 02:30;107.04
03/12/2025 02:45;107.04
03/12/2025 03:00;107.04
03/12/2025 03:15;107.04
03/12/2025 03:30;107.05
03/12/2025 03:45;107.06
03/12/2025 04:00;107.07
03/12/2025 04:15;107.07
03/12/2025 04:30;107.07
03/12/2025 04:45;107.08
03/12/2025 05:00;107.07
03/12/2025 05:15;107.07
03/12/2025 05:30;107.08
03/12/2025 05:45;107.09
03/12/2025 06:00;107.09
03/12/2025 06:15;107.09
03/12/2025 06:30;107.11
03/12/2025 06:45;107.11
03/12/2025 07:00;107.11
03/12/2025 07:15;107.08
03/12/2025 07:30;107.06
03/12/2025 07:45;107.07
03/12/2025 08:00;107.05
03/12/2025 08:15;107.06
03/12/2025 08:30;107.04
03/12/2025 08:45;107.05
03/12/2025 09:00;107.06
03/12/2025 09:15;107.04
03/12/2025 09:30;107.04
03/12/2025 09:45;107.04
03/12/2025 10:00;107.02
03/12/2025 10:15;107.05
03/12/2025 10:30;107.04
03/12/2025 10:45;107.02
03/12/2025 11:00;107
03/12/2025 11:15;106.99
03/12/2025 11:30;107.02
03/12/2025 11:45;107.02
03/12/2025 12:00;107.02
03/12/2025 12:15;107.04
03/12/2025 12:30;107.04
03/12/2025 12:45;107.04
03/12/2025 13:00;107.04
03/12/2025 13:15;107.04
03/12/2025 13:30;107.05
03/12/2025 13:45;107.06
03/12/2025 14:00;107.08
03/12/2025 14:15;107.07
03/12/2025 14:30;107.06
03/12/2025 14:45;107.06
03/12/2025 15:00;107.06
03/12/2025 15:15;107.07
03/12/2025 15:30;107.08
03/12/2025 15:45;107.08
03/12/2025 16:00;107.11
03/12/2025 16:15;107.11
03/12/2025 16:30;107.11
03/12/2025 16:45;107.11
03/12/2025 17:00;107.11
03/12/2025 17:15;107.08
03/12/2025 17:30;107.07
03/12/2025 17:45;107.08
03/12/2025 18:00;107.07
03/12/2025 18:15;107.07
03/12/2025 18:30;107.06
03/12/2025 18:45;107.07
03/12/2025 19:00;107.08
03/12/2025 19:15;107.06
03/12/2025 19:30;107.07
03/12/2025 19:45;107.05
03/12/2025 20:00;107.04
03/12/2025 20:15;107.04
03/12/2025 20:30;107.02
03/12/2025 20:45;107.02
03/12/2025 21:00;106.99
03/12/2025 21:15;106.98
03/12/2025 21:30;106.97
03/12/2025 21:45;106.96
03/12/2025 22:00;106.96
03/12/2025 22:15;106.96
03/12/2025 22:30;106.97
03/12/2025 22:45;106.97
03/12/2025 23:00;106.95
03/12/2025 23:15;106.95
03/12/2025 23:30;106.93
03/12/2025 23:45;106.92
04/12/2025 00:00;106.91
04/12/2025 00:15;106.92
04/12/2025 00:30;106.95
04/12/2025 00:45;106.92
04/12/2025 01:00;106.93
04/12/2025 01:15;106.93
04/12/2025 01:30;106.93
04/12/2025 01:45;106.95
04/12/2025 02:00;106.93
04/12/2025 02:15;106.96
04/12/2025 02:30;106.95
04/12/2025 02:45;106.95
04/12/2025 03:00;106.95
04/12/2025 03:15;106.95
04/12/2025 03:30;106.95
04/12/2025 03:45;106.96
04/12/2025 04:00;106.98
04/12/2025 04:15;106.99
04/12/2025 04:30;106.97
04/12/2025 04:45;106.98
04/12/2025 05:00;106.98
04/12/2025 05:15;106.98
04/12/2025 05:30;106.99
04/12/2025 05:45;106.98
04/12/2025 06:00;107
04/12/2025 06:15;106.99
04/12/2025 06:30;106.99
04/12/2025 06:45;107.02
04/12/2025 07:00;107
04/12/2025 07:15;107.02
04/12/2025 07:30;107.02
04/12/2025 07:45;107.04
04/12/2025 08:00;107.04
04/12/2025 08:15;107.02
04/12/2025 08:30;107.04
04/12/2025 08:45;107.04
04/12/2025 09:00;107.04
04/12/2025 09:15;107.04
04/12/2025 09:30;107.04
04/12/2025 09:45;107.05
04/12/2025 10:00;107.05
04/12/2025 10:15;107.06
04/12/2025 10:30;107.07
04/12/2025 10:45;107.07
04/12/2025 11:00;107.07
04/12/2025 11:15;107.08
04/12/2025 11:30;107.08
04/12/2025 11:45;107.07
04/12/2025 12:00;107.06
04/12/2025 12:15;107.08
04/12/2025 12:30;107.07
04/12/2025 12:45;107.08
04/12/2025 13:00;107.09
04/12/2025 13:15;107.11
04/12/2025 13:30;107.11
04/12/2025 13:45;107.11
04/12/2025 14:00;107.11
04/12/2025 14:15;107.12
04/12/2025 14:30;107.11
04/12/2025 14:45;107.11
04/12/2025 15:00;107.11
04/12/2025 15:15;107.12
04/12/2025 15:30;107.11
04/12/2025 15:45;107.11
04/12/2025 16:00;107.13
04/12/2025 16:15;107.13
04/12/2025 16:30;107.14
04/12/2025 16:45;107.15
04/12/2025 17:00;107.15
04/12/2025 17:15;107.11
04/12/2025 17:30;107.11
04/12/2025 17:45;107.11
04/12/2025 18:00;107.11
04/12/2025 18:15;107.09
04/12/2025 18:30;107.09
04/12/2025 18:45;107.09
04/12/2025 19:00;107.08
04/12/2025 19:15;107.07
04/12/2025 19:30;107.07
04/12/2025 19:45;107.06
04/12/2025 20:00;107.06
04/12/2025 20:15;107.04
04/12/2025 20:30;107.04
04/12/2025 20:45;107
04/12/2025 21:00;106.99
04/12/2025 21:15;106.98
04/12/2025 21:30;106.98
04/12/2025 21:45;106.97
04/12/2025 22:00;106.97
04/12/2025 22:15;106.98
04/12/2025 22:30;107
04/12/2025 22:45;106.98
04/12/2025 23:00;106.98
04/12/2025 23:15;106.98
04/12/2025 23:30;106.99
04/12/2025 23:45;106.97
05/12/2025 00:00;106.96
05/12/2025 00:15;106.96
05/12/2025 00:30;106.96
05/12/2025 00:45;106.95
05/12/2025 01:00;106.97
05/12/2025 01:15;106.98
05/12/2025 01:30;106.99
05/12/2025 01:45;107
05/12/2025 02:00;107.02
05/12/2025 02:15;107.02
05/12/2025 02:30;107.02
05/12/2025 02:45;107.02
05/12/2025 03:00;107.04
05/12/2025 03:15;107.02
05/12/2025 03:30;107.02
05/12/2025 03:45;107.02
05/12/2025 04:00;107.02
05/12/2025 04:15;107.02
05/12/2025 04:30;107.04
05/12/2025 04:45;107.05
05/12/2025 05:00;107.06
05/12/2025 05:15;107.04
05/12/2025 05:30;107.06
05/12/2025 05:45;107.05
05/12/2025 06:00;107.05
05/12/2025 06:15;107.02
05/12/2025 06:30;107
05/12/2025 06:45;107.02
05/12/2025 07:00;107
05/12/2025 07:15;106.99
05/12/2025 07:30;106.99
05/12/2025 07:45;107
05/12/2025 08:00;107.02
05/12/2025 08:15;106.99
05/12/2025 08:30;106.99
05/12/2025 08:45;106.97
05/12/2025 09:00;106.95
05/12/2025 09:15;106.95
05/12/2025 09:30;106.92
05/12/2025 09:45;106.91
05/12/2025 10:00;106.9
05/12/2025 10:15;106.92
05/12/2025 10:30;106.96
05/12/2025 10:45;106.93
05/12/2025 11:00;106.95
05/12/2025 11:15;106.95
05/12/2025 11:30;106.95
05/12/2025 11:45;106.95
05/12/2025 12:00;106.91
05/12/2025 12:15;106.93
05/12/2025 12:30;106.92
05/12/2025 12:45;106.91
05/12/2025 13:00;106.93
05/12/2025 13:15;106.93
05/12/2025 13:30;106.95
05/12/2025 13:45;106.95
05/12/2025 14:00;106.99
05/12/2025 14:15;106.99
05/12/2025 14:30;106.98
05/12/2025 14:45;106.98
05/12/2025 15:00;106.97
05/12/2025 15:15;106.96
05/12/2025 15:30;106.97
05/12/2025 15:45;106.96
05/12/2025 16:00;106.98
05/12/2025 16:15;106.97
05/12/2025 16:30;106.98
05/12/2025 16:45;106.99
05/12/2025 17:00;107
05/12/2025 17:15;106.98
05/12/2025 17:30;106.95
05/12/2025 17:45;106.96
05/12/2025 18:00;106.95
05/12/2025 18:15;106.95
05/12/2025 18:30;106.93
05/12/2025 18:45;106.92
05/12/2025 19:00;106.93
05/12/2025 19:15;106.91
05/12/2025 19:30;106.91
05/12/2025 19:45;106.91
05/12/2025 20:00;106.9
05/12/2025 20:15;106.9
05/12/2025 20:30;106.88
05/12/2025 20:45;106.86
05/12/2025 21:00;106.84
05/12/2025 21:15;106.82
05/12/2025 21:30;106.83
05/12/2025 21:45;106.81
05/12/2025 22:00;106.81
05/12/2025 22:15;106.83
05/12/2025 22:30;106.82
05/12/2025 22:45;106.8
05/12/2025 23:00;106.79
05/12/2025 23:15;106.8
05/12/2025 23:30;106.79
05/12/2025 23:45;106.77
06/12/2025 00:00;106.77
06/12/2025 00:15;106.79
06/12/2025 00:30;106.79
06/12/2025 00:45;106.77
06/12/2025 01:00;106.77
06/12/2025 01:15;106.79
06/12/2025 01:30;106.79
06/12/2025 01:45;106.79
06/12/2025 02:00;106.79
06/12/2025 02:15;106.79
06/12/2025 02:30;106.77
06/12/2025 02:45;106.79
06/12/2025 03:00;106.79
06/12/2025 03:15;106.8
06/12/2025 03:30;106.79
06/12/2025 03:45;106.81
06/12/2025 04:00;106.82
06/12/2025 04:15;106.83
06/12/2025 04:30;106.82
06/12/2025 04:45;106.82
06/12/2025 05:00;106.83
06/12/2025 05:15;106.82
06/12/2025 05:30;106.82
06/12/2025 05:45;106.83
06/12/2025 06:00;106.83
06/12/2025 06:15;106.83
06/12/2025 06:30;106.84
06/12/2025 06:45;106.86
06/12/2025 07:00;106.86
06/12/2025 07:15;106.86
06/12/2025 07:30;106.86
06/12/2025 07:45;106.87
06/12/2025 08:00;106.86
06/12/2025 08:15;106.86
06/12/2025 08:30;106.87
06/12/2025 08:45;106.87
06/12/2025 09:00;106.87
06/12/2025 09:15;106.88
06/12/2025 09:30;106.88
06/12/2025 09:45;106.89
06/12/2025 10:00;106.89
06/12/2025 10:15;106.9
06/12/2025 10:30;106.9
06/12/2025 10:45;106.91
06/12/2025 11:00;106.91
06/12/2025 11:15;106.91
06/12/2025 11:30;106.91
06/12/2025 11:45;106.91
06/12/2025 12:00;106.91
06/12/2025 12:15;106.92
06/12/2025 12:30;106.92
06/12/2025 12:45;106.92
06/12/2025 13:00;106.93
06/12/2025 13:15;106.93
06/12/2025 13:30;106.95
06/12/2025 13:45;106.95
06/12/2025 14:00;106.95
06/12/2025 14:15;106.95
06/12/2025 14:30;106.95
06/12/2025 14:45;106.95
06/12/2025 15:00;106.96
06/12/2025 15:15;106.96
06/12/2025 15:30;106.96
06/12/2025 15:45;106.96
06/12/2025 16:00;106.97
06/12/2025 16:15;106.97
06/12/2025 16:30;106.98
06/12/2025 16:45;106.98
06/12/2025 17:00;106.98
06/12/2025 17:15;106.98
06/12/2025 17:30;106.99
06/12/2025 17:45;106.98
06/12/2025 18:00;106.99
06/12/2025 18:15;106.96
06/12/2025 18:30;106.95
06/12/2025 18:45;106.96
06/12/2025 19:00;106.95
06/12/2025 19:15;106.95
06/12/2025 19:30;106.95
06/12/2025 19:45;106.95
06/12/2025 20:00;106.95
06/12/2025 20:15;106.92
06/12/2025 20:30;106.92
06/12/2025 20:45;106.92
06/12/2025 21:00;106.9
06/12/2025 21:15;106.89
06/12/2025 21:30;106.88
06/12/2025 21:45;106.86
06/12/2025 22:00;106.86
06/12/2025 22:15;106.86
06/12/2025 22:30;106.89
06/12/2025 22:45;106.88
06/12/2025 23:00;106.88
06/12/2025 23:15;106.89
06/12/2025 23:30;106.88
06/12/2025 23:45;106.88
07/12/2025 00:00;106.86
07/12/2025 00:15;106.87
07/12/2025 00:30;106.87
07/12/2025 00:45;106.86
07/12/2025 01:00;106.87
07/12/2025 01:15;106.86
07/12/2025 01:30;106.87
07/12/2025 01:45;106.89
07/12/2025 02:00;106.91
07/12/2025 02:15;106.93
07/12/2025 02:30;106.91
07/12/2025 02:45;106.91
07/12/2025 03:00;106.91
07/12/2025 03:15;106.89
07/12/2025 03:30;106.9
07/12/2025 03:45;106.89
07/12/2025 04:00;106.9
07/12/2025 04:15;106.91
07/12/2025 04:30;106.91
07/12/2025 04:45;106.92
07/12/2025 05:00;106.93
07/12/2025 05:15;106.95
07/12/2025 05:30;106.95
07/12/2025 05:45;106.95
07/12/2025 06:00;106.95
07/12/2025 06:15;106.95
07/12/2025 06:30;106.95
07/12/2025 06:45;106.93
07/12/2025 07:00;106.93
07/12/2025 07:15;106.95
07/12/2025 07:30;106.95
07/12/2025 07:45;106.96
07/12/2025 08:00;106.97
07/12/2025 08:15;106.97
07/12/2025 08:30;106.98
07/12/2025 08:45;106.98
07/12/2025 09:00;106.99
07/12/2025 09:15;106.99
07/12/2025 09:30;106.98
07/12/2025 09:45;106.98
07/12/2025 10:00;106.98
07/12/2025 10:15;106.98
07/12/2025 10:30;106.99
07/12/2025 10:45;106.99
07/12/2025 11:00;107
07/12/2025 11:15;107.02
07/12/2025 11:30;107.02
07/12/2025 11:45;107.02
07/12/2025 12:00;107.02
07/12/2025 12:15;107.02
07/12/2025 12:30;107.02
07/12/2025 12:45;107.02
07/12/2025 13:00;107.02
07/12/2025 13:15;107.02
07/12/2025 13:30;107.04
07/12/2025 13:45;107.04
07/12/2025 14:00;107.04
07/12/2025 14:15;107.04
07/12/2025 14:30;107.05
07/12/2025 14:45;107.06
07/12/2025 15:00;107.06
07/12/2025 15:15;107.06
07/12/2025 15:30;107.06
07/12/2025 15:45;107.06
07/12/2025 16:00;107.06
07/12/2025 16:15;107.06
07/12/2025 16:30;107.06
07/12/2025 16:45;107.06
07/12/2025 17:00;107.07
07/12/2025 17:15;107.08
07/12/2025 17:30;107.08
07/12/2025 17:45;107.09
07/12/2025 18:00;107.09
07/12/2025 18:15;107.11
07/12/2025 18:30;107.08
07/12/2025 18:45;107.09
07/12/2025 19:00;107.07
07/12/2025 19:15;107.04
07/12/2025 19:30;107.04
07/12/2025 19:45;107.04
07/12/2025 20:00;107.05
07/12/2025 20:15;107.04
07/12/2025 20:30;107.04
07/12/2025 20:45;107.04
07/12/2025 21:00;107.04
07/12/2025 21:15;107.02
07/12/2025 21:30;107.04
07/12/2025 21:45;107
07/12/2025 22:00;106.99
07/12/2025 22:15;106.96
07/12/2025 22:30;106.96
07/12/2025 22:45;106.93
07/12/2025 23:00;106.91
07/12/2025 23:15;106.95
07/12/2025 23:30;106.97
07/12/2025 23:45;106.97
08/12/2025 00:00;106.98
08/12/2025 00:15;106.97
08/12/2025 00:30;106.99
08/12/2025 00:45;106.96
08/12/2025 01:00;106.96
08/12/2025 01:15;106.96
08/12/2025 01:30;106.95
08/12/2025 01:45;106.95
08/12/2025 02:00;106.95
08/12/2025 02:15;106.95
08/12/2025 02:30;106.96
08/12/2025 02:45;106.96
08/12/2025 03:00;107.02
08/12/2025 03:15;107.02
08/12/2025 03:30;107.02
08/12/2025 03:45;107.02
08/12/2025 04:00;106.99
08/12/2025 04:15;107
08/12/2025 04:30;106.98
08/12/2025 04:45;106.98
08/12/2025 05:00;106.99
08/12/2025 05:15;106.99
08/12/2025 05:30;107
08/12/2025 05:45;107
08/12/2025 06:00;107.02
08/12/2025 06:15;107.04
08/12/2025 06:30;107.04
08/12/2025 06:45;107.06
08/12/2025 07:00;107.05
08/12/2025 07:15;107.04
08/12/2025 07:30;107.04
08/12/2025 07:45;107.04
08/12/2025 08:00;107.04
08/12/2025 08:15;107.04
08/12/2025 08:30;107.05
08/12/2025 08:45;107.06
08/12/2025 09:00;107.06
08/12/2025 09:15;107.08
08/12/2025 09:30;107.09
08/12/2025 09:45;107.09
08/12/2025 10:00;107.11
08/12/2025 10:15;107.09
08/12/2025 10:30;107.11
08/12/2025 10:45;107.08
08/12/2025 11:00;107.09
08/12/2025 11:15;107.09
08/12/2025 11:30;107.09
08/12/2025 11:45;107.11
08/12/2025 12:00;107.11
08/12/2025 12:15;107.13
08/12/2025 12:30;107.14
08/12/2025 12:45;107.14
08/12/2025 13:00;107.15
08/12/2025 13:15;107.14
08/12/2025 13:30;107.15
08/12/2025 13:45;107.15
08/12/2025 14:00;107.15
08/12/2025 14:15;107.15
08/12/2025 14:30;107.15
08/12/2025 14:45;107.16
08/12/2025 15:00;107.17
08/12/2025 15:15;107.18
08/12/2025 15:30;107.2
08/12/2025 15:45;107.2
08/12/2025 16:00;107.2
08/12/2025 16:15;107.2
08/12/2025 16:30;107.2
08/12/2025 16:45;107.2
08/12/2025 17:00;107.21
08/12/2025 17:15;107.21
08/12/2025 17:30;107.21
08/12/2025 17:45;107.22
08/12/2025 18:00;107.22
08/12/2025 18:15;107.2
08/12/2025 18:30;107.2
08/12/2025 18:45;107.2
08/12/2025 19:00;107.2
08/12/2025 19:15;107.2
08/12/2025 19:30;107.2
08/12/2025 19:45;107.2
08/12/2025 20:00;107.18
08/12/2025 20:15;107.17
08/12/2025 20:30;107.17
08/12/2025 20:45;107.16
08/12/2025 21:00;107.16
08/12/2025 21:15;107.14
08/12/2025 21:30;107.14
08/12/2025 21:45;107.11
08/12/2025 22:00;107.11
08/12/2025 22:15;107.12
08/12/2025 22:30;107.15
08/12/2025 22:45;107.14
08/12/2025 23:00;107.15
08/12/2025 23:15;107.14
08/12/2025 23:30;107.16
08/12/2025 23:45;107.14
09/12/2025 00:00;107.13
09/12/2025 00:15;107.15
09/12/2025 00:30;107.15
09/12/2025 00:45;107.14
09/12/2025 01:00;107.15
09/12/2025 01:15;107.15
09/12/2025 01:30;107.17
09/12/2025 01:45;107.17
09/12/2025 02:00;107.21
09/12/2025 02:15;107.22
09/12/2025 02:30;107.21
09/12/2025 02:45;107.21
09/12/2025 03:00;107.2
09/12/2025 03:15;107.2
09/12/2025 03:30;107.2
09/12/2025 03:45;107.2
09/12/2025 04:00;107.22
09/12/2025 04:15;107.21
09/12/2025 04:30;107.23
09/12/2025 04:45;107.23
09/12/2025 05:00;107.25
09/12/2025 05:15;107.27
09/12/2025 05:30;107.27
09/12/2025 05:45;107.27
09/12/2025 06:00;107.27
09/12/2025 06:15;107.27
09/12/2025 06:30;107.27
09/12/2025 06:45;107.27
09/12/2025 07:00;107.27
09/12/2025 07:15;107.27
09/12/2025 07:30;107.27
09/12/2025 07:45;107.29
09/12/2025 08:00;107.29
09/12/2025 08:15;107.29
09/12/2025 08:30;107.29
09/12/2025 08:45;107.3
09/12/2025 09:00;107.31
09/12/2025 09:15;107.29
09/12/2025 09:30;107.3
09/12/2025 09:45;107.29
09/12/2025 10:00;107.29
09/12/2025 10:15;107.31
09/12/2025 10:30;107.3
09/12/2025 10:45;107.31
09/12/2025 11:00;107.31
09/12/2025 11:15;107.32
09/12/2025 11:30;107.33
09/12/2025 11:45;107.32
09/12/2025 12:00;107.34
09/12/2025 12:15;107.34
09/12/2025 12:30;107.34
09/12/2025 12:45;107.34
09/12/2025 13:00;107.34
09/12/2025 13:15;107.36
09/12/2025 13:30;107.36
09/12/2025 13:45;107.36
09/12/2025 14:00;107.37
09/12/2025 14:15;107.37
09/12/2025 14:30;107.38
09/12/2025 14:45;107.38
09/12/2025 15:00;107.39
09/12/2025 15:15;107.39
09/12/2025 15:30;107.39
09/12/2025 15:45;107.41
09/12/2025 16:00;107.4
09/12/2025 16:15;107.41
09/12/2025 16:30;107.41
09/12/2025 16:45;107.41
09/12/2025 17:00;107.42
09/12/2025 17:15;107.42
09/12/2025 17:30;107.42
09/12/2025 17:45;107.42
09/12/2025 18:00;107.42
09/12/2025 18:15;107.41
09/12/2025 18:30;107.4
09/12/2025 18:45;107.41
09/12/2025 19:00;107.4
09/12/2025 19:15;107.41
09/12/2025 19:30;107.41
09/12/2025 19:45;107.4
09/12/2025 20:00;107.41
09/12/2025 20:15;107.39
09/12/2025 20:30;107.39
09/12/2025 20:45;107.37
09/12/2025 21:00;107.36
09/12/2025 21:15;107.36
09/12/2025 21:30;107.34
09/12/2025 21:45;107.34
09/12/2025 22:00;107.32
09/12/2025 22:15;107.32
09/12/2025 22:30;107.33
09/12/2025 22:45;107.3
09/12/2025 23:00;107.31
09/12/2025 23:15;107.32
09/12/2025 23:30;107.33
09/12/2025 23:45;107.32
10/12/2025 00:00;107.31
10/12/2025 00:15;107.31
10/12/2025 00:30;107.31
10/12/2025 00:45;107.3
10/12/2025 01:00;107.31
10/12/2025 01:15;107.3
10/12/2025 01:30;107.32
10/12/2025 01:45;107.31
10/12/2025 02:00;107.32
10/12/2025 02:15;107.33
10/12/2025 02:30;107.33
10/12/2025 02:45;107.34
10/12/2025 03:00;107.36
10/12/2025 03:15;107.36
10/12/2025 03:30;107.36
10/12/2025 03:45;107.34
10/12/2025 04:00;107.36
10/12/2025 04:15;107.36
10/12/2025 04:30;107.36
10/12/2025 04:45;107.36
10/12/2025 05:00;107.37
10/12/2025 05:15;107.38
10/12/2025 05:30;107.38
10/12/2025 05:45;107.39
10/12/2025 06:00;107.39
10/12/2025 06:15;107.36
10/12/2025 06:30;107.37
10/12/2025 06:45;107.36
10/12/2025 07:00;107.34
10/12/2025 07:15;107.34
10/12/2025 07:30;107.33
10/12/2025 07:45;107.34
10/12/2025 08:00;107.32
10/12/2025 08:15;107.31
10/12/2025 08:30;107.34
10/12/2025 08:45;107.3
10/12/2025 09:00;107.31
10/12/2025 09:15;107.29
10/12/2025 09:30;107.29
10/12/2025 09:45;107.27
10/12/2025 10:00;107.25
10/12/2025 10:15;107.29
10/12/2025 10:30;107.29
10/12/2025 10:45;107.27
10/12/2025 11:00;107.29
10/12/2025 11:15;107.29
10/12/2025 11:30;107.3
10/12/2025 11:45;107.27
10/12/2025 12:00;107.29
10/12/2025 12:15;107.31
10/12/2025 12:30;107.29
10/12/2025 12:45;107.29
10/12/2025 13:00;107.29
10/12/2025 13:15;107.29
10/12/2025 13:30;107.3
10/12/2025 13:45;107.31
10/12/2025 14:00;107.36
10/12/2025 14:15;107.34
10/12/2025 14:30;107.34
10/12/2025 14:45;107.34
10/12/2025 15:00;107.33
10/12/2025 15:15;107.34
10/12/2025 15:30;107.33
10/12/2025 15:45;107.34
10/12/2025 16:00;107.36
10/12/2025 16:15;107.32
10/12/2025 16:30;107.32
10/12/2025 16:45;107.32
10/12/2025 17:00;107.33
10/12/2025 17:15;107.32
10/12/2025 17:30;107.32
10/12/2025 17:45;107.33
10/12/2025 18:00;107.32
10/12/2025 18:15;107.29
10/12/2025 18:30;107.29
10/12/2025 18:45;107.29
10/12/2025 19:00;107.29
10/12/2025 19:15;107.27
10/12/2025 19:30;107.27
10/12/2025 19:45;107.24
10/12/2025 20:00;107.22
10/12/2025 20:15;107.22
10/12/2025 20:30;107.22
10/12/2025 20:45;107.21
10/12/2025 21:00;107.21
10/12/2025 21:15;107.2
10/12/2025 21:30;107.2
10/12/2025 21:45;107.18
10/12/2025 22:00;107.17
10/12/2025 22:15;107.16
10/12/2025 22:30;107.15
10/12/2025 22:45;107.14
10/12/2025 23:00;107.13
10/12/2025 23:15;107.14
10/12/2025 23:30;107.12
10/12/2025 23:45;107.11
11/12/2025 00:00;107.11
11/12/2025 00:15;107.11
11/12/2025 00:30;107.11
11/12/2025 00:45;107.11
11/12/2025 01:00;107.09
11/12/2025 01:15;107.09
11/12/2025 01:30;107.08
11/12/2025 01:45;107.09
11/12/2025 02:00;107.09
11/12/2025 02:15;107.08
11/12/2025 02:30;107.08
11/12/2025 02:45;107.09
11/12/2025 03:00;107.09
11/12/2025 03:15;107.07
11/12/2025 03:30;107.08
11/12/2025 03:45;107.08
11/12/2025 04:00;107.07
11/12/2025 04:15;107.07
11/12/2025 04:30;107.07
11/12/2025 04:45;107.08
11/12/2025 05:00;107.08
11/12/2025 05:15;107.07
11/12/2025 05:30;107.09
11/12/2025 05:45;107.07
11/12/2025 06:00;107.08
11/12/2025 06:15;107.06
11/12/2025 06:30;107.05
11/12/2025 06:45;107.06
11/12/2025 07:00;107.04
11/12/2025 07:15;107.02
11/12/2025 07:30;107.02
11/12/2025 07:45;107.02
11/12/2025 08:00;107.02
11/12/2025 08:15;107
11/12/2025 08:30;107.02
11/12/2025 08:45;107
11/12/2025 09:00;106.99
11/12/2025 09:15;106.99
11/12/2025 09:30;106.99
11/12/2025 09:45;106.97
11/12/2025 10:00;106.96
11/12/2025 10:15;106.98
11/12/2025 10:30;106.99
11/12/2025 10:45;106.96
11/12/2025 11:00;106.97
11/12/2025 11:15;106.97
11/12/2025 11:30;106.98
11/12/2025 11:45;106.97
11/12/2025 12:00;106.97
11/12/2025 12:15;106.99
11/12/2025 12:30;106.99
11/12/2025 12:45;106.99
11/12/2025 13:00;107
11/12/2025 13:15;106.99
11/12/2025 13:30;107
11/12/2025 13:45;107.02
11/12/2025 14:00;107.04
11/12/2025 14:15;107.04
11/12/2025 14:30;107.02
11/12/2025 14:45;107.02
11/12/2025 15:00;107.02
11/12/2025 15:15;107.02
11/12/2025 15:30;107.02
11/12/2025 15:45;107.04
11/12/2025 16:00;107.04
11/12/2025 16:15;107.04
11/12/2025 16:30;107.04
11/12/2025 16:45;107.04
11/12/2025 17:00;107.05
11/12/2025 17:15;107.02
11/12/2025 17:30;107
11/12/2025 17:45;107.02
11/12/2025 18:00;107.02
11/12/2025 18:15;107
11/12/2025 18:30;107
11/12/2025 18:45;106.99
11/12/2025 19:00;107
11/12/2025 19:15;106.98
11/12/2025 19:30;106.97
11/12/2025 19:45;106.97
11/12/2025 20:00;106.96
11/12/2025 20:15;106.95
11/12/2025 20:30;106.93
11/12/2025 20:45;106.91
11/12/2025 21:00;106.89
11/12/2025 21:15;106.87
11/12/2025 21:30;106.88
11/12/2025 21:45;106.87
11/12/2025 22:00;106.87
11/12/2025 22:15;106.87
11/12/2025 22:30;106.87
11/12/2025 22:45;106.86
11/12/2025 23:00;106.86
11/12/2025 23:15;106.86
11/12/2025 23:30;106.86
11/12/2025 23:45;106.84
12/12/2025 00:00;106.83
12/12/2025 00:15;106.84
12/12/2025 00:30;106.84
12/12/2025 00:45;106.83
12/12/2025 01:00;106.83
12/12/2025 01:15;106.86
12/12/2025 01:30;106.86
12/12/2025 01:45;106.86
12/12/2025 02:00;106.87
12/12/2025 02:15;106.87
12/12/2025 02:30;106.87
12/12/2025 02:45;106.87
12/12/2025 03:00;106.87
12/12/2025 03:15;106.88
12/12/2025 03:30;106.87
12/12/2025 03:45;106.87
12/12/2025 04:00;106.88
12/12/2025 04:15;106.88
12/12/2025 04:30;106.89
12/12/2025 04:45;106.9
12/12/2025 05:00;106.9
12/12/2025 05:15;106.91
12/12/2025 05:30;106.9
12/12/2025 05:45;106.91
12/12/2025 06:00;106.9
12/12/2025 06:15;106.89
12/12/2025 06:30;106.89
12/12/2025 06:45;106.89
12/12/2025 07:00;106.9
12/12/2025 07:15;106.9
12/12/2025 07:30;106.89
12/12/2025 07:45;106.88
12/12/2025 08:00;106.87
12/12/2025 08:15;106.86
12/12/2025 08:30;106.87
12/12/2025 08:45;106.86
12/12/2025 09:00;106.86
12/12/2025 09:15;106.84
12/12/2025 09:30;106.83
12/12/2025 09:45;106.81
12/12/2025 10:00;106.8
12/12/2025 10:15;106.8
12/12/2025 10:30;106.82
12/12/2025 10:45;106.79
12/12/2025 11:00;106.79
12/12/2025 11:15;106.79
12/12/2025 11:30;106.8
12/12/2025 11:45;106.8
12/12/2025 12:00;106.79
12/12/2025 12:15;106.8
12/12/2025 12:30;106.81
12/12/2025 12:45;106.79
12/12/2025 13:00;106.79
12/12/2025 13:15;106.79
12/12/2025 13:30;106.8
12/12/2025 13:45;106.79
12/12/2025 14:00;106.81
12/12/2025 14:15;106.81
12/12/2025 14:30;106.82
12/12/2025 14:45;106.82
12/12/2025 15:00;106.84
12/12/2025 15:15;106.84
12/12/2025 15:30;106.86
12/12/2025 15:45;106.84
12/12/2025 16:00;106.84
12/12/2025 16:15;106.83
12/12/2025 16:30;106.84
12/12/2025 16:45;106.83
12/12/2025 17:00;106.84
12/12/2025 17:15;106.81
12/12/2025 17:30;106.81
12/12/2025 17:45;106.81
12/12/2025 18:00;106.82
12/12/2025 18:15;106.81
12/12/2025 18:30;106.81
12/12/2025 18:45;106.8
12/12/2025 19:00;106.8
12/12/2025 19:15;106.77
12/12/2025 19:30;106.79
12/12/2025 19:45;106.75
12/12/2025 20:00;106.77
12/12/2025 20:15;106.74
12/12/2025 20:30;106.73
12/12/2025 20:45;106.71
12/12/2025 21:00;106.7
12/12/2025 21:15;106.68
12/12/2025 21:30;106.7
12/12/2025 21:45;106.68
12/12/2025 22:00;106.68
12/12/2025 22:15;106.66
12/12/2025 22:30;106.67
12/12/2025 22:45;106.64
12/12/2025 23:00;106.64
12/12/2025 23:15;106.66
12/12/2025 23:30;106.67
12/12/2025 23:45;106.65
13/12/2025 00:00;106.65
13/12/2025 00:15;106.64
13/12/2025 00:30;106.65
13/12/2025 00:45;106.63
13/12/2025 01:00;106.64
13/12/2025 01:15;106.66
13/12/2025 01:30;106.65
13/12/2025 01:45;106.65
13/12/2025 02:00;106.65
13/12/2025 02:15;106.65
13/12/2025 02:30;106.68
13/12/2025 02:45;106.67
13/12/2025 03:00;106.7
13/12/2025 03:15;106.7
13/12/2025 03:30;106.68
13/12/2025 03:45;106.7
13/12/2025 04:00;106.68
13/12/2025 04:15;106.68
13/12/2025 04:30;106.68
13/12/2025 04:45;106.7
13/12/2025 05:00;106.71
13/12/2025 05:15;106.7
13/12/2025 05:30;106.71
13/12/2025 05:45;106.71
13/12/2025 06:00;106.72
13/12/2025 06:15;106.73
13/12/2025 06:30;106.72
13/12/2025 06:45;106.73
13/12/2025 07:00;106.73
13/12/2025 07:15;106.72
13/12/2025 07:30;106.7
13/12/2025 07:45;106.71
13/12/2025 08:00;106.72
13/12/2025 08:15;106.72
13/12/2025 08:30;106.72
13/12/2025 08:45;106.73
13/12/2025 09:00;106.72
13/12/2025 09:15;106.73
13/12/2025 09:30;106.72
13/12/2025 09:45;106.73
13/12/2025 10:00;106.72
13/12/2025 10:15;106.72
13/12/2025 10:30;106.73
13/12/2025 10:45;106.72
13/12/2025 11:00;106.72
13/12/2025 11:15;106.72
13/12/2025 11:30;106.73
13/12/2025 11:45;106.74
13/12/2025 12:00;106.73
13/12/2025 12:15;106.74
13/12/2025 12:30;106.75
13/12/2025 12:45;106.74
13/12/2025 13:00;106.75
13/12/2025 13:15;106.75
13/12/2025 13:30;106.75
13/12/2025 13:45;106.77
13/12/2025 14:00;106.77
13/12/2025 14:15;106.77
13/12/2025 14:30;106.77
13/12/2025 14:45;106.77
13/12/2025 15:00;106.79
13/12/2025 15:15;106.79
13/12/2025 15:30;106.79
13/12/2025 15:45;106.79
13/12/2025 16:00;106.79
13/12/2025 16:15;106.79
13/12/2025 16:30;106.79
13/12/2025 16:45;106.79
13/12/2025 17:00;106.8
13/12/2025 17:15;106.8
13/12/2025 17:30;106.81
13/12/2025 17:45;106.81
13/12/2025 18:00;106.79
13/12/2025 18:15;106.77
13/12/2025 18:30;106.77
13/12/2025 18:45;106.77
13/12/2025 19:00;106.77
13/12/2025 19:15;106.77
13/12/2025 19:30;106.77
13/12/2025 19:45;106.77
13/12/2025 20:00;106.74
13/12/2025 20:15;106.73
13/12/2025 20:30;106.74
13/12/2025 20:45;106.72
13/12/2025 21:00;106.71
13/12/2025 21:15;106.7
13/12/2025 21:30;106.67
13/12/2025 21:45;106.65
13/12/2025 22:00;106.64
13/12/2025 22:15;106.65
13/12/2025 22:30;106.66
13/12/2025 22:45;106.65
13/12/2025 23:00;106.65
13/12/2025 23:15;106.64
13/12/2025 23:30;106.64
13/12/2025 23:45;106.62
14/12/2025 00:00;106.61
14/12/2025 00:15;106.62
14/12/2025 00:30;106.63
14/12/2025 00:45;106.62
14/12/2025 01:00;106.61
14/12/2025 01:15;106.61
14/12/2025 01:30;106.63
14/12/2025 01:45;106.62
14/12/2025 02:00;106.63
14/12/2025 02:15;106.64
14/12/2025 02:30;106.64
14/12/2025 02:45;106.62
14/12/2025 03:00;106.63
14/12/2025 03:15;106.62
14/12/2025 03:30;106.64
14/12/2025 03:45;106.64
14/12/2025 04:00;106.67
14/12/2025 04:15;106.66
14/12/2025 04:30;106.66
14/12/2025 04:45;106.66
14/12/2025 05:00;106.67
14/12/2025 05:15;106.67
14/12/2025 05:30;106.68
14/12/2025 05:45;106.67
14/12/2025 06:00;106.68
14/12/2025 06:15;106.67
14/12/2025 06:30;106.68
14/12/2025 06:45;106.68
14/12/2025 07:00;106.7
14/12/2025 07:15;106.7
14/12/2025 07:30;106.7
14/12/2025 07:45;106.7
14/12/2025 08:00;106.71
14/12/2025 08:15;106.7
14/12/2025 08:30;106.71
14/12/2025 08:45;106.7
14/12/2025 09:00;106.72
14/12/2025 09:15;106.71
14/12/2025 09:30;106.72
14/12/2025 09:45;106.72
14/12/2025 10:00;106.72
14/12/2025 10:15;106.72
14/12/2025 10:30;106.74
14/12/2025 10:45;106.73
14/12/2025 11:00;106.75
14/12/2025 11:15;106.74
14/12/2025 11:30;106.75
14/12/2025 11:45;106.75
14/12/2025 12:00;106.75
14/12/2025 12:15;106.75
14/12/2025 12:30;106.77
14/12/2025 12:45;106.75
14/12/2025 13:00;106.77
14/12/2025 13:15;106.77
14/12/2025 13:30;106.77
14/12/2025 13:45;106.77
14/12/2025 14:00;106.79
14/12/2025 14:15;106.79
14/12/2025 14:30;106.79
14/12/2025 14:45;106.79
14/12/2025 15:00;106.79
14/12/2025 15:15;106.79
14/12/2025 15:30;106.79
14/12/2025 15:45;106.79
14/12/2025 16:00;106.8
14/12/2025 16:15;106.8
14/12/2025 16:30;106.81
14/12/2025 16:45;106.81
14/12/2025 17:00;106.81
14/12/2025 17:15;106.82
14/12/2025 17:30;106.83
14/12/2025 17:45;106.82
14/12/2025 18:00;106.82
14/12/2025 18:15;106.79
14/12/2025 18:30;106.79
14/12/2025 18:45;106.79
14/12/2025 19:00;106.79
14/12/2025 19:15;106.77
14/12/2025 19:30;106.77
14/12/2025 19:45;106.79
14/12/2025 20:00;106.77
14/12/2025 20:15;106.75
14/12/2025 20:30;106.77
14/12/2025 20:45;106.75
14/12/2025 21:00;106.74
14/12/2025 21:15;106.72
14/12/2025 21:30;106.71
14/12/2025 21:45;106.7
14/12/2025 22:00;106.67
14/12/2025 22:15;106.68
14/12/2025 22:30;106.68
14/12/2025 22:45;106.67
14/12/2025 23:00;106.67
14/12/2025 23:15;106.7
14/12/2025 23:30;106.71
14/12/2025 23:45;106.7
15/12/2025 00:00;106.7
15/12/2025 00:15;106.7
15/12/2025 00:30;106.68
15/12/2025 00:45;106.67
15/12/2025 01:00;106.66
15/12/2025 01:15;106.68
15/12/2025 01:30;106.68
15/12/2025 01:45;106.68
15/12/2025 02:00;106.7
15/12/2025 02:15;106.7
15/12/2025 02:30;106.71
15/12/2025 02:45;106.72
15/12/2025 03:00;106.73
15/12/2025 03:15;106.74
15/12/2025 03:30;106.72
15/12/2025 03:45;106.72
15/12/2025 04:00;106.71
15/12/2025 04:15;106.71
15/12/2025 04:30;106.71
15/12/2025 04:45;106.74
15/12/2025 05:00;106.74
15/12/2025 05:15;106.77
15/12/2025 05:30;106.75
15/12/2025 05:45;106.77
15/12/2025 06:00;106.77
15/12/2025 06:15;106.79
15/12/2025 06:30;106.79
15/12/2025 06:45;106.79
15/12/2025 07:00;106.77
15/12/2025 07:15;106.73
15/12/2025 07:30;106.71
15/12/2025 07:45;106.73
15/12/2025 08:00;106.72
15/12/2025 08:15;106.74
15/12/2025 08:30;106.75
15/12/2025 08:45;106.75
15/12/2025 09:00;106.77
15/12/2025 09:15;106.74
15/12/2025 09:30;106.74
15/12/2025 09:45;106.73
15/12/2025 10:00;106.72
15/12/2025 10:15;106.74
15/12/2025 10:30;106.73
15/12/2025 10:45;106.7
15/12/2025 11:00;106.71
15/12/2025 11:15;106.71
15/12/2025 11:30;106.73
15/12/2025 11:45;106.73
15/12/2025 12:00;106.74
15/12/2025 12:15;106.77
15/12/2025 12:30;106.74
15/12/2025 12:45;106.74
15/12/2025 13:00;106.73
15/12/2025 13:15;106.74
15/12/2025 13:30;106.75
15/12/2025 13:45;106.75
15/12/2025 14:00;106.79
15/12/2025 14:15;106.77
15/12/2025 14:30;106.75
15/12/2025 14:45;106.77
15/12/2025 15:00;106.77
15/12/2025 15:15;106.77
15/12/2025 15:30;106.77
15/12/2025 15:45;106.77
15/12/2025 16:00;106.79
15/12/2025 16:15;106.77
15/12/2025 16:30;106.79
15/12/2025 16:45;106.79
15/12/2025 17:00;106.79
15/12/2025 17:15;106.79
15/12/2025 17:30;106.79
15/12/2025 17:45;106.79
15/12/2025 18:00;106.77
15/12/2025 18:15;106.74
15/12/2025 18:30;106.75
15/12/2025 18:45;106.73
15/12/2025 19:00;106.75
15/12/2025 19:15;106.72
15/12/2025 19:30;106.73
15/12/2025 19:45;106.72
15/12/2025 20:00;106.72
15/12/2025 20:15;106.71
15/12/2025 20:30;106.71
15/12/2025 20:45;106.68
15/12/2025 21:00;106.68
15/12/2025 21:15;106.66
15/12/2025 21:30;106.65
15/12/2025 21:45;106.62
15/12/2025 22:00;106.62
15/12/2025 22:15;106.61
15/12/2025 22:30;106.63
15/12/2025 22:45;106.62
15/12/2025 23:00;106.62
15/12/2025 23:15;106.61
15/12/2025 23:30;106.62
15/12/2025 23:45;106.63
16/12/2025 00:00;106.61
16/12/2025 00:15;106.61
16/12/2025 00:30;106.61
16/12/2025 00:45;106.61
16/12/2025 01:00;106.61
16/12/2025 01:15;106.58
16/12/2025 01:30;106.61
16/12/2025 01:45;106.61
16/12/2025 02:00;106.62
16/12/2025 02:15;106.63
16/12/2025 02:30;106.63
16/12/2025 02:45;106.64
16/12/2025 03:00;106.64
16/12/2025 03:15;106.64
16/12/2025 03:30;106.65
16/12/2025 03:45;106.64
16/12/2025 04:00;106.64
16/12/2025 04:15;106.64
16/12/2025 04:30;106.63
16/12/2025 04:45;106.65
16/12/2025 05:00;106.65
16/12/2025 05:15;106.67
16/12/2025 05:30;106.67
16/12/2025 05:45;106.67
16/12/2025 06:00;106.68
16/12/2025 06:15;106.68
16/12/2025 06:30;106.68
16/12/2025 06:45;106.68
16/12/2025 07:00;106.65
16/12/2025 07:15;106.63
16/12/2025 07:30;106.63
16/12/2025 07:45;106.63
16/12/2025 08:00;106.63
16/12/2025 08:15;106.63
16/12/2025 08:30;106.63
16/12/2025 08:45;106.64
16/12/2025 09:00;106.63
16/12/2025 09:15;106.62
16/12/2025 09:30;106.61
16/12/2025 09:45;106.61
16/12/2025 10:00;106.59
16/12/2025 10:15;106.59
16/12/2025 10:30;106.58
16/12/2025 10:45;106.56
16/12/2025 11:00;106.55
16/12/2025 11:15;106.57
16/12/2025 11:30;106.59
16/12/2025 11:45;106.59
16/12/2025 12:00;106.59
16/12/2025 12:15;106.61
16/12/2025 12:30;106.61
16/12/2025 12:45;106.59
16/12/2025 13:00;106.58
16/12/2025 13:15;106.59
16/12/2025 13:30;106.59
16/12/2025 13:45;106.61
16/12/2025 14:00;106.61
16/12/2025 14:15;106.61
16/12/2025 14:30;106.61
16/12/2025 14:45;106.62
16/12/2025 15:00;106.62
16/12/2025 15:15;106.64
16/12/2025 15:30;106.63
16/12/2025 15:45;106.64
16/12/2025 16:00;106.63
16/12/2025 16:15;106.63
16/12/2025 16:30;106.63
16/12/2025 16:45;106.63
16/12/2025 17:00;106.64
16/12/2025 17:15;106.61
16/12/2025 17:30;106.59
16/12/2025 17:45;106.61
16/12/2025 18:00;106.61
16/12/2025 18:15;106.61
16/12/2025 18:30;106.59
16/12/2025 18:45;106.61
16/12/2025 19:00;106.59
16/12/2025 19:15;106.56
16/12/2025 19:30;106.56
16/12/2025 19:45;106.55
16/12/2025 20:00;106.54
16/12/2025 20:15;106.54
16/12/2025 20:30;106.5
16/12/2025 20:45;106.49
16/12/2025 21:00;106.48
16/12/2025 21:15;106.47
16/12/2025 21:30;106.48
16/12/2025 21:45;106.47
16/12/2025 22:00;106.48
16/12/2025 22:15;106.47
16/12/2025 22:30;106.46
16/12/2025 22:45;106.45
16/12/2025 23:00;106.43
16/12/2025 23:15;106.46
16/12/2025 23:30;106.45
16/12/2025 23:45;106.44
17/12/2025 00:00;106.44
17/12/2025 00:15;106.43
17/12/2025 00:30;106.44
17/12/2025 00:45;106.43
17/12/2025 01:00;106.43
17/12/2025 01:15;106.46
17/12/2025 01:30;106.45
17/12/2025 01:45;106.46
17/12/2025 02:00;106.46
17/12/2025 02:15;106.45
17/12/2025 02:30;106.47
17/12/2025 02:45;106.46
17/12/2025 03:00;106.48
17/12/2025 03:15;106.48
17/12/2025 03:30;106.47
17/12/2025 03:45;106.47
17/12/2025 04:00;106.47
17/12/2025 04:15;106.48
17/12/2025 04:30;106.49
17/12/2025 04:45;106.48
17/12/2025 05:00;106.5
17/12/2025 05:15;106.49
17/12/2025 05:30;106.5
17/12/2025 05:45;106.5
17/12/2025 06:00;106.5
17/12/2025 06:15;106.52
17/12/2025 06:30;106.52
17/12/2025 06:45;106.52
17/12/2025 07:00;106.5
17/12/2025 07:15;106.45
17/12/2025 07:30;106.46
17/12/2025 07:45;106.46
17/12/2025 08:00;106.46
17/12/2025 08:15;106.46
17/12/2025 08:30;106.45
17/12/2025 08:45;106.46
17/12/2025 09:00;106.45
17/12/2025 09:15;106.43
17/12/2025 09:30;106.44
17/12/2025 09:45;106.41
17/12/2025 10:00;106.41
17/12/2025 10:15;106.42
17/12/2025 10:30;106.42
17/12/2025 10:45;106.39
17/12/2025 11:00;106.39
17/12/2025 11:15;106.39
17/12/2025 11:30;106.41
17/12/2025 11:45;106.4
17/12/2025 12:00;106.41
17/12/2025 12:15;106.43
17/12/2025 12:30;106.41
17/12/2025 12:45;106.41
17/12/2025 13:00;106.41
17/12/2025 13:15;106.41
17/12/2025 13:30;106.43
17/12/2025 13:45;106.43
17/12/2025 14:00;106.44
17/12/2025 14:15;106.44
17/12/2025 14:30;106.43
17/12/2025 14:45;106.44
17/12/2025 15:00;106.44
17/12/2025 15:15;106.45
17/12/2025 15:30;106.45
17/12/2025 15:45;106.45
17/12/2025 16:00;106.46
17/12/2025 16:15;106.45
17/12/2025 16:30;106.45
17/12/2025 16:45;106.46
17/12/2025 17:00;106.46
17/12/2025 17:15;106.45
17/12/2025 17:30;106.46
17/12/2025 17:45;106.46
17/12/2025 18:00;106.46
17/12/2025 18:15;106.45
17/12/2025 18:30;106.44
17/12/2025 18:45;106.44
17/12/2025 19:00;106.44
17/12/2025 19:15;106.43
17/12/2025 19:30;106.44
17/12/2025 19:45;106.43
17/12/2025 20:00;106.43
17/12/2025 20:15;106.42
17/12/2025 20:30;106.42
17/12/2025 20:45;106.41
17/12/2025 21:00;106.4
17/12/2025 21:15;106.4
17/12/2025 21:30;106.4
17/12/2025 21:45;106.38
17/12/2025 22:00;106.38
17/12/2025 22:15;106.37
17/12/2025 22:30;106.37
17/12/2025 22:45;106.37
17/12/2025 23:00;106.38
17/12/2025 23:15;106.38
17/12/2025 23:30;106.4
17/12/2025 23:45;106.38
18/12/2025 00:00;106.38
18/12/2025 00:15;106.37
18/12/2025 00:30;106.37
18/12/2025 00:45;106.37
18/12/2025 01:00;106.38
18/12/2025 01:15;106.36
18/12/2025 01:30;106.38
18/12/2025 01:45;106.37
18/12/2025 02:00;106.39
18/12/2025 02:15;106.39
18/12/2025 02:30;106.4
18/12/2025 02:45;106.41
18/12/2025 03:00;106.41
18/12/2025 03:15;106.41
18/12/2025 03:30;106.41
18/12/2025 03:45;106.4
18/12/2025 04:00;106.41
18/12/2025 04:15;106.4
18/12/2025 04:30;106.41
18/12/2025 04:45;106.42
18/12/2025 05:00;106.41
18/12/2025 05:15;106.42
18/12/2025 05:30;106.43
18/12/2025 05:45;106.43
18/12/2025 06:00;106.44
18/12/2025 06:15;106.44
18/12/2025 06:30;106.44
18/12/2025 06:45;106.44
18/12/2025 07:00;106.44
18/12/2025 07:15;106.43
18/12/2025 07:30;106.42
18/12/2025 07:45;106.43
18/12/2025 08:00;106.43
18/12/2025 08:15;106.44
18/12/2025 08:30;106.43
18/12/2025 08:45;106.44
18/12/2025 09:00;106.45
18/12/2025 09:15;106.44
18/12/2025 09:30;106.44
18/12/2025 09:45;106.44
18/12/2025 10:00;106.43
18/12/2025 10:15;106.44
18/12/2025 10:30;106.43
18/12/2025 10:45;106.43
18/12/2025 11:00;106.43
18/12/2025 11:15;106.43
18/12/2025 11:30;106.44
18/12/2025 11:45;106.45
18/12/2025 12:00;106.45
18/12/2025 12:15;106.47
18/12/2025 12:30;106.45
18/12/2025 12:45;106.46
18/12/2025 13:00;106.45
18/12/2025 13:15;106.45
18/12/2025 13:30;106.46
18/12/2025 13:45;106.46
18/12/2025 14:00;106.46
18/12/2025 14:15;106.47
18/12/2025 14:30;106.46
18/12/2025 14:45;106.48
18/12/2025 15:00;106.47
18/12/2025 15:15;106.49
18/12/2025 15:30;106.48
18/12/2025 15:45;106.48
18/12/2025 16:00;106.49
18/12/2025 16:15;106.49
18/12/2025 16:30;106.49
18/12/2025 16:45;106.49
18/12/2025 17:00;106.48
18/12/2025 17:15;106.47
18/12/2025 17:30;106.46
18/12/2025 17:45;106.47
18/12/2025 18:00;106.46
18/12/2025 18:15;106.46
18/12/2025 18:30;106.46
18/12/2025 18:45;106.47
18/12/2025 19:00;106.46
18/12/2025 19:15;106.45
18/12/2025 19:30;106.44
18/12/2025 19:45;106.44
18/12/2025 20:00;106.43
18/12/2025 20:15;106.43
18/12/2025 20:30;106.41
18/12/2025 20:45;106.4
18/12/2025 21:00;106.39
18/12/2025 21:15;106.39
18/12/2025 21:30;106.4
18/12/2025 21:45;106.39
18/12/2025 22:00;106.39
18/12/2025 22:15;106.38
18/12/2025 22:30;106.38
18/12/2025 22:45;106.37
18/12/2025 23:00;106.36
18/12/2025 23:15;106.36
18/12/2025 23:30;106.36
18/12/2025 23:45;106.35
19/12/2025 00:00;106.35
19/12/2025 00:15;106.35
19/12/2025 00:30;106.37
19/12/2025 00:45;106.36
19/12/2025 01:00;106.36
19/12/2025 01:15;106.37
19/12/2025 01:30;106.36
19/12/2025 01:45;106.35
19/12/2025 02:00;106.36
19/12/2025 02:15;106.35
19/12/2025 02:30;106.36
19/12/2025 02:45;106.36
19/12/2025 03:00;106.37
19/12/2025 03:15;106.38
19/12/2025 03:30;106.38
19/12/2025 03:45;106.38
19/12/2025 04:00;106.39
19/12/2025 04:15;106.4
19/12/2025 04:30;106.4
19/12/2025 04:45;106.39
19/12/2025 05:00;106.39
19/12/2025 05:15;106.39
19/12/2025 05:30;106.39
19/12/2025 05:45;106.39
19/12/2025 06:00;106.4
19/12/2025 06:15;106.4
19/12/2025 06:30;106.42
19/12/2025 06:45;106.42
19/12/2025 07:00;106.42
19/12/2025 07:15;106.42
19/12/2025 07:30;106.43
19/12/2025 07:45;106.42
19/12/2025 08:00;106.42
19/12/2025 08:15;106.39
19/12/2025 08:30;106.36
19/12/2025 08:45;106.37
19/12/2025 09:00;106.37
19/12/2025 09:15;106.38
19/12/2025 09:30;106.37
19/12/2025 09:45;106.37
19/12/2025 10:00;106.38
19/12/2025 10:15;106.35
19/12/2025 10:30;106.35
19/12/2025 10:45;106.34
19/12/2025 11:00;106.33
19/12/2025 11:15;106.35
19/12/2025 11:30;106.34
19/12/2025 11:45;106.32
19/12/2025 12:00;106.31
19/12/2025 12:15;106.3
19/12/2025 12:30;106.32
19/12/2025 12:45;106.32
19/12/2025 13:00;106.32
19/12/2025 13:15;106.35
19/12/2025 13:30;106.33
19/12/2025 13:45;106.33
19/12/2025 14:00;106.32
19/12/2025 14:15;106.33
19/12/2025 14:30;106.34
19/12/2025 14:45;106.34
19/12/2025 15:00;106.36
19/12/2025 15:15;106.36
19/12/2025 15:30;106.34
19/12/2025 15:45;106.35
19/12/2025 16:00;106.35
19/12/2025 16:15;106.36
19/12/2025 16:30;106.35
19/12/2025 16:45;106.35
19/12/2025 17:00;106.35
19/12/2025 17:15;106.32
19/12/2025 17:30;106.31
19/12/2025 17:45;106.31
19/12/2025 18:00;106.31
19/12/2025 18:15;106.32
19/12/2025 18:30;106.3
19/12/2025 18:45;106.3
19/12/2025 19:00;106.29
19/12/2025 19:15;106.27
19/12/2025 19:30;106.27
19/12/2025 19:45;106.25
19/12/2025 20:00;106.24
19/12/2025 20:15;106.23
19/12/2025 20:30;106.2
19/12/2025 20:45;106.19
19/12/2025 21:00;106.18
19/12/2025 21:15;106.17
19/12/2025 21:30;106.17
19/12/2025 21:45;106.16
19/12/2025 22:00;106.16
19/12/2025 22:15;106.14
19/12/2025 22:30;106.13
19/12/2025 22:45;106.12
19/12/2025 23:00;106.1
19/12/2025 23:15;106.14
19/12/2025 23:30;106.13
19/12/2025 23:45;106.12
20/12/2025 00:00;106.11
20/12/2025 00:15;106.1
20/12/2025 00:30;106.1
20/12/2025 00:45;106.09
20/12/2025 01:00;106.08
20/12/2025 01:15;106.1
20/12/2025 01:30;106.08
20/12/2025 01:45;106.08
20/12/2025 02:00;106.08
20/12/2025 02:15;106.08
20/12/2025 02:30;106.1
20/12/2025 02:45;106.11
20/12/2025 03:00;106.12
20/12/2025 03:15;106.11
20/12/2025 03:30;106.1
20/12/2025 03:45;106.09
20/12/2025 04:00;106.08
20/12/2025 04:15;106.07
20/12/2025 04:30;106.09
20/12/2025 04:45;106.09
20/12/2025 05:00;106.11
20/12/2025 05:15;106.1
20/12/2025 05:30;106.11
20/12/2025 05:45;106.11
20/12/2025 06:00;106.13
20/12/2025 06:15;106.13
20/12/2025 06:30;106.14
20/12/2025 06:45;106.12
20/12/2025 07:00;106.13
20/12/2025 07:15;106.11
20/12/2025 07:30;106.12
20/12/2025 07:45;106.11
20/12/2025 08:00;106.13
20/12/2025 08:15;106.13
20/12/2025 08:30;106.14
20/12/2025 08:45;106.15
20/12/2025 09:00;106.16
20/12/2025 09:15;106.15
20/12/2025 09:30;106.16
20/12/2025 09:45;106.16
20/12/2025 10:00;106.16
20/12/2025 10:15;106.15
20/12/2025 10:30;106.15
20/12/2025 10:45;106.15
20/12/2025 11:00;106.16
20/12/2025 11:15;106.16
20/12/2025 11:30;106.18
20/12/2025 11:45;106.18
20/12/2025 12:00;106.18
20/12/2025 12:15;106.19
20/12/2025 12:30;106.18
20/12/2025 12:45;106.19
20/12/2025 13:00;106.18
20/12/2025 13:15;106.18
20/12/2025 13:30;106.18
20/12/2025 13:45;106.18
20/12/2025 14:00;106.18
20/12/2025 14:15;106.19
20/12/2025 14:30;106.19
20/12/2025 14:45;106.21
20/12/2025 15:00;106.21
20/12/2025 15:15;106.22
20/12/2025 15:30;106.21
20/12/2025 15:45;106.21
20/12/2025 16:00;106.21
20/12/2025 16:15;106.21
20/12/2025 16:30;106.2
20/12/2025 16:45;106.21
20/12/2025 17:00;106.21
20/12/2025 17:15;106.19
20/12/2025 17:30;106.16
20/12/2025 17:45;106.18
20/12/2025 18:00;106.17
20/12/2025 18:15;106.18
20/12/2025 18:30;106.16
20/12/2025 18:45;106.17
20/12/2025 19:00;106.17
20/12/2025 19:15;106.14
20/12/2025 19:30;106.12
20/12/2025 19:45;106.13
20/12/2025 20:00;106.1
20/12/2025 20:15;106.11
20/12/2025 20:30;106.07
20/12/2025 20:45;106.06
20/12/2025 21:00;106.05
20/12/2025 21:15;106.08
20/12/2025 21:30;106.09
20/12/2025 21:45;106.09
20/12/2025 22:00;106.09
20/12/2025 22:15;106.1
20/12/2025 22:30;106.08
20/12/2025 22:45;106.07
20/12/2025 23:00;106.05
20/12/2025 23:15;106.07
20/12/2025 23:30;106.06
20/12/2025 23:45;106.06
21/12/2025 00:00;106.06
21/12/2025 00:15;106.07
21/12/2025 00:30;106.1
21/12/2025 00:45;106.12
21/12/2025 01:00;106.12
21/12/2025 01:15;106.12
21/12/2025 01:30;106.11
21/12/2025 01:45;106.1
21/12/2025 02:00;106.09
21/12/2025 02:15;106.08
21/12/2025 02:30;106.09
21/12/2025 02:45;106.09
21/12/2025 03:00;106.1
21/12/2025 03:15;106.1
21/12/2025 03:30;106.11
21/12/2025 03:45;106.12
21/12/2025 04:00;106.14
21/12/2025 04:15;106.14
21/12/2025 04:30;106.14
21/12/2025 04:45;106.13
21/12/2025 05:00;106.13
21/12/2025 05:15;106.11
21/12/2025 05:30;106.12
21/12/2025 05:45;106.12
21/12/2025 06:00;106.13
21/12/2025 06:15;106.13
21/12/2025 06:30;106.15
21/12/2025 06:45;106.15
21/12/2025 07:00;106.16
21/12/2025 07:15;106.16
21/12/2025 07:30;106.16
21/12/2025 07:45;106.16
21/12/2025 08:00;106.16
21/12/2025 08:15;106.15
21/12/2025 08:30;106.16
21/12/2025 08:45;106.14
21/12/2025 09:00;106.16
21/12/2025 09:15;106.17
21/12/2025 09:30;106.18
21/12/2025 09:45;106.18
21/12/2025 10:00;106.19
21/12/2025 10:15;106.19
21/12/2025 10:30;106.19
21/12/2025 10:45;106.19
21/12/2025 11:00;106.18
21/12/2025 11:15;106.18
21/12/2025 11:30;106.18
21/12/2025 11:45;106.18
21/12/2025 12:00;106.18
21/12/2025 12:15;106.19
21/12/2025 12:30;106.19
21/12/2025 12:45;106.21
21/12/2025 13:00;106.22
21/12/2025 13:15;106.22
21/12/2025 13:30;106.22
21/12/2025 13:45;106.22
21/12/2025 14:00;106.21
21/12/2025 14:15;106.21
21/12/2025 14:30;106.2
21/12/2025 14:45;106.22
21/12/2025 15:00;106.21
21/12/2025 15:15;106.22
21/12/2025 15:30;106.23
21/12/2025 15:45;106.24
21/12/2025 16:00;106.24
21/12/2025 16:15;106.25
21/12/2025 16:30;106.26
21/12/2025 16:45;106.27
21/12/2025 17:00;106.25
21/12/2025 17:15;106.25
21/12/2025 17:30;106.25
21/12/2025 17:45;106.25
21/12/2025 18:00;106.25
21/12/2025 18:15;106.25
21/12/2025 18:30;106.26
21/12/2025 18:45;106.27
21/12/2025 19:00;106.27
21/12/2025 19:15;106.28
21/12/2025 19:30;106.25
21/12/2025 19:45;106.23
21/12/2025 20:00;106.23
21/12/2025 20:15;106.22
21/12/2025 20:30;106.22
21/12/2025 20:45;106.2
21/12/2025 21:00;106.2
21/12/2025 21:15;106.21
21/12/2025 21:30;106.18
21/12/2025 21:45;106.18
21/12/2025 22:00;106.18
21/12/2025 22:15;106.17
21/12/2025 22:30;106.16
21/12/2025 22:45;106.13
21/12/2025 23:00;106.12
21/12/2025 23:15;106.09
21/12/2025 23:30;106.08
21/12/2025 23:45;106.07
22/12/2025 00:00;106.07
22/12/2025 00:15;106.11
22/12/2025 00:30;106.13
22/12/2025 00:45;106.11
22/12/2025 01:00;106.11
22/12/2025 01:15;106.09
22/12/2025 01:30;106.1
22/12/2025 01:45;106.08
22/12/2025 02:00;106.06
22/12/2025 02:15;106.07
22/12/2025 02:30;106.06
22/12/2025 02:45;106.05
22/12/2025 03:00;106.07
22/12/2025 03:15;106.07
22/12/2025 03:30;106.12
22/12/2025 03:45;106.13
22/12/2025 04:00;106.14
22/12/2025 04:15;106.14
22/12/2025 04:30;106.12
22/12/2025 04:45;106.11
22/12/2025 05:00;106.1
22/12/2025 05:15;106.09
22/12/2025 05:30;106.1
22/12/2025 05:45;106.09
22/12/2025 06:00;106.11
22/12/2025 06:15;106.11
22/12/2025 06:30;106.13
22/12/2025 06:45;106.15
22/12/2025 07:00;106.16
22/12/2025 07:15;106.14
22/12/2025 07:30;106.13
22/12/2025 07:45;106.1
22/12/2025 08:00;106.1
22/12/2025 08:15;106.08
22/12/2025 08:30;106.07
22/12/2025 08:45;106.07
22/12/2025 09:00;106.08
22/12/2025 09:15;106.09
22/12/2025 09:30;106.07
22/12/2025 09:45;106.07
22/12/2025 10:00;106.08
22/12/2025 10:15;106.1
22/12/2025 10:30;106.1
22/12/2025 10:45;106.07
22/12/2025 11:00;106.06
22/12/2025 11:15;106.05
22/12/2025 11:30;106.04
22/12/2025 11:45;106.05
22/12/2025 12:00;106.04
22/12/2025 12:15;106.08
22/12/2025 12:30;106.07
22/12/2025 12:45;106.07
22/12/2025 13:00;106.07
22/12/2025 13:15;106.07
22/12/2025 13:30;106.1
22/12/2025 13:45;106.1
22/12/2025 14:00;106.09
22/12/2025 14:15;106.09
22/12/2025 14:30;106.06
22/12/2025 14:45;106.07
22/12/2025 15:00;106.07
22/12/2025 15:15;106.07
22/12/2025 15:30;106.09
22/12/2025 15:45;106.09
22/12/2025 16:00;106.11
22/12/2025 16:15;106.1
22/12/2025 16:30;106.1
22/12/2025 16:45;106.12
22/12/2025 17:00;106.1
22/12/2025 17:15;106.11
22/12/2025 17:30;106.11
22/12/2025 17:45;106.1
22/12/2025 18:00;106.11
22/12/2025 18:15;106.1
22/12/2025 18:30;106.11
22/12/2025 18:45;106.13
22/12/2025 19:00;106.13
22/12/2025 19:15;106.11
22/12/2025 19:30;106.09
22/12/2025 19:45;106.1
22/12/2025 20:00;106.08
22/12/2025 20:15;106.06
22/12/2025 20:30;106.06
22/12/2025 20:45;106.06
22/12/2025 21:00;106.06
22/12/2025 21:15;106.04
22/12/2025 21:30;106.04
22/12/2025 21:45;106.04
22/12/2025 22:00;106.02
22/12/2025 22:15;106.01
22/12/2025 22:30;105.99
22/12/2025 22:45;105.97
22/12/2025 23:00;105.96
22/12/2025 23:15;105.94
22/12/2025 23:30;105.94
22/12/2025 23:45;105.96
23/12/2025 00:00;105.97
23/12/2025 00:15;105.97
23/12/2025 00:30;105.97
23/12/2025 00:45;105.97
23/12/2025 01:00;105.97
23/12/2025 01:15;105.95
23/12/2025 01:30;105.94
23/12/2025 01:45;105.94
23/12/2025 02:00;105.93
23/12/2025 02:15;105.93
23/12/2025 02:30;105.93
23/12/2025 02:45;105.93
23/12/2025 03:00;105.97
23/12/2025 03:15;105.97
23/12/2025 03:30;106
23/12/2025 03:45;105.99
23/12/2025 04:00;105.98
23/12/2025 04:15;105.98
23/12/2025 04:30;105.97
23/12/2025 04:45;105.96
23/12/2025 05:00;105.97
23/12/2025 05:15;105.96
23/12/2025 05:30;105.97
23/12/2025 05:45;105.97
23/12/2025 06:00;105.98
23/12/2025 06:15;106
23/12/2025 06:30;106.01
23/12/2025 06:45;106.01
23/12/2025 07:00;106.02
23/12/2025 07:15;105.98
23/12/2025 07:30;105.96
23/12/2025 07:45;105.94
23/12/2025 08:00;105.93
23/12/2025 08:15;105.93
23/12/2025 08:30;105.92
23/12/2025 08:45;105.94
23/12/2025 09:00;105.94
23/12/2025 09:15;105.93
23/12/2025 09:30;105.94
23/12/2025 09:45;105.93
23/12/2025 10:00;105.93
23/12/2025 10:15;105.94
23/12/2025 10:30;105.92
23/12/2025 10:45;105.91
23/12/2025 11:00;105.87
23/12/2025 11:15;105.88
23/12/2025 11:30;105.88
23/12/2025 11:45;105.89
23/12/2025 12:00;105.9
23/12/2025 12:15;105.93
23/12/2025 12:30;105.92
23/12/2025 12:45;105.93
23/12/2025 13:00;105.91
23/12/2025 13:15;105.92
23/12/2025 13:30;105.92
23/12/2025 13:45;105.93
23/12/2025 14:00;105.92
23/12/2025 14:15;105.92
23/12/2025 14:30;105.91
23/12/2025 14:45;105.92
23/12/2025 15:00;105.92
23/12/2025 15:15;105.93
23/12/2025 15:30;105.95
23/12/2025 15:45;105.95
23/12/2025 16:00;105.95
23/12/2025 16:15;105.95
23/12/2025 16:30;105.95
23/12/2025 16:45;105.94
23/12/2025 17:00;105.95
23/12/2025 17:15;105.95
23/12/2025 17:30;105.95
23/12/2025 17:45;105.9
23/12/2025 18:00;105.89
23/12/2025 18:15;105.9
23/12/2025 18:30;105.9
23/12/2025 18:45;105.9
23/12/2025 19:00;105.89
23/12/2025 19:15;105.89
23/12/2025 19:30;105.89
23/12/2025 19:45;105.86
23/12/2025 20:00;105.86
23/12/2025 20:15;105.84
23/12/2025 20:30;105.84
23/12/2025 20:45;105.83
23/12/2025 21:00;105.79
23/12/2025 21:15;105.8
23/12/2025 21:30;105.83
23/12/2025 21:45;105.81
23/12/2025 22:00;105.83
23/12/2025 22:15;105.82
23/12/2025 22:30;105.83
23/12/2025 22:45;105.82
23/12/2025 23:00;105.79
23/12/2025 23:15;105.8
23/12/2025 23:30;105.8
23/12/2025 23:45;105.79
24/12/2025 00:00;105.82
24/12/2025 00:15;105.79
24/12/2025 00:30;105.82
24/12/2025 00:45;105.84
24/12/2025 01:00;105.85
24/12/2025 01:15;105.86
24/12/2025 01:30;105.85
24/12/2025 01:45;105.85
24/12/2025 02:00;105.85
24/12/2025 02:15;105.82
24/12/2025 02:30;105.83
24/12/2025 02:45;105.83
24/12/2025 03:00;105.84
24/12/2025 03:15;105.85
24/12/2025 03:30;105.85
24/12/2025 03:45;105.86
24/12/2025 04:00;105.87
24/12/2025 04:15;105.87
24/12/2025 04:30;105.88
24/12/2025 04:45;105.87
24/12/2025 05:00;105.87
24/12/2025 05:15;105.86
24/12/2025 05:30;105.85
24/12/2025 05:45;105.86
24/12/2025 06:00;105.86
24/12/2025 06:15;105.88
24/12/2025 06:30;105.89
24/12/2025 06:45;105.89
24/12/2025 07:00;105.9
24/12/2025 07:15;105.9
24/12/2025 07:30;105.89
24/12/2025 07:45;105.89
24/12/2025 08:00;105.88
24/12/2025 08:15;105.88
24/12/2025 08:30;105.86
24/12/2025 08:45;105.86
24/12/2025 09:00;105.87
24/12/2025 09:15;105.87
24/12/2025 09:30;105.88
24/12/2025 09:45;105.89
24/12/2025 10:00;105.89
24/12/2025 10:15;105.9
24/12/2025 10:30;105.89
24/12/2025 10:45;105.9
24/12/2025 11:00;105.88
24/12/2025 11:15;105.88
24/12/2025 11:30;105.88
24/12/2025 11:45;105.88
24/12/2025 12:00;105.88
24/12/2025 12:15;105.89
24/12/2025 12:30;105.89
24/12/2025 12:45;105.91
24/12/2025 13:00;105.9
24/12/2025 13:15;105.91
24/12/2025 13:30;105.91
24/12/2025 13:45;105.91
24/12/2025 14:00;105.92
24/12/2025 14:15;105.91
24/12/2025 14:30;105.91
24/12/2025 14:45;105.91
24/12/2025 15:00;105.91
24/12/2025 15:15;105.92
24/12/2025 15:30;105.93
24/12/2025 15:45;105.93
24/12/2025 16:00;105.94
24/12/2025 16:15;105.94
24/12/2025 16:30;105.95
24/12/2025 16:45;105.94
24/12/2025 17:00;105.94
24/12/2025 17:15;105.92
24/12/2025 17:30;105.92
24/12/2025 17:45;105.92
24/12/2025 18:00;105.92
24/12/2025 18:15;105.9
24/12/2025 18:30;105.89
24/12/2025 18:45;105.9
24/12/2025 19:00;105.9
24/12/2025 19:15;105.89
24/12/2025 19:30;105.89
24/12/2025 19:45;105.89
24/12/2025 20:00;105.89
24/12/2025 20:15;105.87
24/12/2025 20:30;105.87
24/12/2025 20:45;105.85
24/12/2025 21:00;105.84
24/12/2025 21:15;105.86
24/12/2025 21:30;105.87
24/12/2025 21:45;105.85
24/12/2025 22:00;105.85
24/12/2025 22:15;105.85
24/12/2025 22:30;105.87
24/12/2025 22:45;105.86
24/12/2025 23:00;105.86
24/12/2025 23:15;105.88
24/12/2025 23:30;105.88
24/12/2025 23:45;105.86
25/12/2025 00:00;105.87
25/12/2025 00:15;105.86
25/12/2025 00:30;105.88
25/12/2025 00:45;105.88
25/12/2025 01:00;105.9
25/12/2025 01:15;105.9
25/12/2025 01:30;105.89
25/12/2025 01:45;105.9
25/12/2025 02:00;105.9
25/12/2025 02:15;105.9
25/12/2025 02:30;105.91
25/12/2025 02:45;105.91
25/12/2025 03:00;105.91
25/12/2025 03:15;105.91
25/12/2025 03:30;105.91
25/12/2025 03:45;105.93
25/12/2025 04:00;105.93
25/12/2025 04:15;105.93
25/12/2025 04:30;105.94
25/12/2025 04:45;105.94
25/12/2025 05:00;105.94
25/12/2025 05:15;105.94
25/12/2025 05:30;105.94
25/12/2025 05:45;105.95
25/12/2025 06:00;105.94
25/12/2025 06:15;105.95
25/12/2025 06:30;105.95
25/12/2025 06:45;105.96
25/12/2025 07:00;105.96
25/12/2025 07:15;105.97
25/12/2025 07:30;105.97
25/12/2025 07:45;105.98
25/12/2025 08:00;105.98
25/12/2025 08:15;105.98
25/12/2025 08:30;105.98
25/12/2025 08:45;105.98
25/12/2025 09:00;105.99
25/12/2025 09:15;105.99
25/12/2025 09:30;105.99
25/12/2025 09:45;106
25/12/2025 10:00;106
25/12/2025 10:15;106.01
25/12/2025 10:30;106.01
25/12/2025 10:45;106.02
25/12/2025 11:00;106.02
25/12/2025 11:15;106.02
25/12/2025 11:30;106.02
25/12/2025 11:45;106.02
25/12/2025 12:00;106.03
25/12/2025 12:15;106.03
25/12/2025 12:30;106.03
25/12/2025 12:45;106.04
25/12/2025 13:00;106.04
25/12/2025 13:15;106.05
25/12/2025 13:30;106.05
25/12/2025 13:45;106.05
25/12/2025 14:00;106.06
25/12/2025 14:15;106.06
25/12/2025 14:30;106.06
25/12/2025 14:45;106.06
25/12/2025 15:00;106.07
25/12/2025 15:15;106.07
25/12/2025 15:30;106.08
25/12/2025 15:45;106.08
25/12/2025 16:00;106.09
25/12/2025 16:15;106.09
25/12/2025 16:30;106.09
25/12/2025 16:45;106.1
25/12/2025 17:00;106.1
25/12/2025 17:15;106.09
25/12/2025 17:30;106.09
25/12/2025 17:45;106.09
25/12/2025 18:00;106.1
25/12/2025 18:15;106.09
25/12/2025 18:30;106.09
25/12/2025 18:45;106.1
25/12/2025 19:00;106.1
25/12/2025 19:15;106.06
25/12/2025 19:30;106.07
25/12/2025 19:45;106.06
25/12/2025 20:00;106.06
25/12/2025 20:15;106.04
25/12/2025 20:30;106.03
25/12/2025 20:45;106.03
25/12/2025 21:00;106.02
25/12/2025 21:15;106.01
25/12/2025 21:30;106.02
25/12/2025 21:45;106
25/12/2025 22:00;106
25/12/2025 22:15;105.98
25/12/2025 22:30;105.98
25/12/2025 22:45;105.96
25/12/2025 23:00;105.95
25/12/2025 23:15;105.95
25/12/2025 23:30;105.99
25/12/2025 23:45;105.98
26/12/2025 00:00;105.97
26/12/2025 00:15;105.98
26/12/2025 00:30;105.98
26/12/2025 00:45;105.98
26/12/2025 01:00;105.97
26/12/2025 01:15;105.97
26/12/2025 01:30;105.98
26/12/2025 01:45;105.97
26/12/2025 02:00;105.98
26/12/2025 02:15;105.99
26/12/2025 02:30;105.99
26/12/2025 02:45;106.02
26/12/2025 03:00;106.02
26/12/2025 03:15;106.03
26/12/2025 03:30;106.02
26/12/2025 03:45;106.02
26/12/2025 04:00;106.02
26/12/2025 04:15;106.02
26/12/2025 04:30;106.01
26/12/2025 04:45;106.03
26/12/2025 05:00;106.02
26/12/2025 05:15;106.04
26/12/2025 05:30;106.03
26/12/2025 05:45;106.05
26/12/2025 06:00;106.05
26/12/2025 06:15;106.06
26/12/2025 06:30;106.06
26/12/2025 06:45;106.07
26/12/2025 07:00;106.05
26/12/2025 07:15;106.05
26/12/2025 07:30;106.03
26/12/2025 07:45;106.05
26/12/2025 08:00;106.04
26/12/2025 08:15;106.06
26/12/2025 08:30;106.05
26/12/2025 08:45;106.06
26/12/2025 09:00;106.06
26/12/2025 09:15;106.07
26/12/2025 09:30;106.06
26/12/2025 09:45;106.07
26/12/2025 10:00;106.06
26/12/2025 10:15;106.07
26/12/2025 10:30;106.06
26/12/2025 10:45;106.05
26/12/2025 11:00;106.06
26/12/2025 11:15;106.06
26/12/2025 11:30;106.08
26/12/2025 11:45;106.08
26/12/2025 12:00;106.08
26/12/2025 12:15;106.1
26/12/2025 12:30;106.09
26/12/2025 12:45;106.1
26/12/2025 13:00;106.1
26/12/2025 13:15;106.09
26/12/2025 13:30;106.11
26/12/2025 13:45;106.1
26/12/2025 14:00;106.11
26/12/2025 14:15;106.11
26/12/2025 14:30;106.12
26/12/2025 14:45;106.12
26/12/2025 15:00;106.13
26/12/2025 15:15;106.13
26/12/2025 15:30;106.14
26/12/2025 15:45;106.13
26/12/2025 16:00;106.14
26/12/2025 16:15;106.14
26/12/2025 16:30;106.15
26/12/2025 16:45;106.14
26/12/2025 17:00;106.15
26/12/2025 17:15;106.13
26/12/2025 17:30;106.12
26/12/2025 17:45;106.12
26/12/2025 18:00;106.13
26/12/2025 18:15;106.12
26/12/2025 18:30;106.13
26/12/2025 18:45;106.12
26/12/2025 19:00;106.13
26/12/2025 19:15;106.11
26/12/2025 19:30;106.11
26/12/2025 19:45;106.11
26/12/2025 20:00;106.1
26/12/2025 20:15;106.09
26/12/2025 20:30;106.08
26/12/2025 20:45;106.06
26/12/2025 21:00;106.06
26/12/2025 21:15;106.06
26/12/2025 21:30;106.1
26/12/2025 21:45;106.1
26/12/2025 22:00;106.1
26/12/2025 22:15;106.1
26/12/2025 22:30;106.09
26/12/2025 22:45;106.09
26/12/2025 23:00;106.07
26/12/2025 23:15;106.08
26/12/2025 23:30;106.1
26/12/2025 23:45;106.07
27/12/2025 00:00;106.09
27/12/2025 00:15;106.09
27/12/2025 00:30;106.1
27/12/2025 00:45;106.13
27/12/2025 01:00;106.14
27/12/2025 01:15;106.15
27/12/2025 01:30;106.14
27/12/2025 01:45;106.13
27/12/2025 02:00;106.13
27/12/2025 02:15;106.12
27/12/2025 02:30;106.12
27/12/2025 02:45;106.14
27/12/2025 03:00;106.13
27/12/2025 03:15;106.15
27/12/2025 03:30;106.14
27/12/2025 03:45;106.16
27/12/2025 04:00;106.16
27/12/2025 04:15;106.17
27/12/2025 04:30;106.18
27/12/2025 04:45;106.18
27/12/2025 05:00;106.17
27/12/2025 05:15;106.17
27/12/2025 05:30;106.16
27/12/2025 05:45;106.17
27/12/2025 06:00;106.17
27/12/2025 06:15;106.19
27/12/2025 06:30;106.19
27/12/2025 06:45;106.2
27/12/2025 07:00;106.2
27/12/2025 07:15;106.22
27/12/2025 07:30;106.21
27/12/2025 07:45;106.22
27/12/2025 08:00;106.21
27/12/2025 08:15;106.21
27/12/2025 08:30;106.21
27/12/2025 08:45;106.21
27/12/2025 09:00;106.21
27/12/2025 09:15;106.22
27/12/2025 09:30;106.23
27/12/2025 09:45;106.25
27/12/2025 10:00;106.25
27/12/2025 10:15;106.26
27/12/2025 10:30;106.26
27/12/2025 10:45;106.26
27/12/2025 11:00;106.26
27/12/2025 11:15;106.26
27/12/2025 11:30;106.26
27/12/2025 11:45;106.26
27/12/2025 12:00;106.26
27/12/2025 12:15;106.28
27/12/2025 12:30;106.28
27/12/2025 12:45;106.29
27/12/2025 13:00;106.3
27/12/2025 13:15;106.3
27/12/2025 13:30;106.31
27/12/2025 13:45;106.3
27/12/2025 14:00;106.31
27/12/2025 14:15;106.31
27/12/2025 14:30;106.31
27/12/2025 14:45;106.31
27/12/2025 15:00;106.31
27/12/2025 15:15;106.32
27/12/2025 15:30;106.33
27/12/2025 15:45;106.33
27/12/2025 16:00;106.34
27/12/2025 16:15;106.34
27/12/2025 16:30;106.35
27/12/2025 16:45;106.35
27/12/2025 17:00;106.35
27/12/2025 17:15;106.34
27/12/2025 17:30;106.34
27/12/2025 17:45;106.34
27/12/2025 18:00;106.33
27/12/2025 18:15;106.3
27/12/2025 18:30;106.31
27/12/2025 18:45;106.31
27/12/2025 19:00;106.31
27/12/2025 19:15;106.3
27/12/2025 19:30;106.31
27/12/2025 19:45;106.3
27/12/2025 20:00;106.3
27/12/2025 20:15;106.26
27/12/2025 20:30;106.27
27/12/2025 20:45;106.24
27/12/2025 21:00;106.24
27/12/2025 21:15;106.22
27/12/2025 21:30;106.2
27/12/2025 21:45;106.19
27/12/2025 22:00;106.19
27/12/2025 22:15;106.2
27/12/2025 22:30;106.22
27/12/2025 22:45;106.21
27/12/2025 23:00;106.22
27/12/2025 23:15;106.23
27/12/2025 23:30;106.22
27/12/2025 23:45;106.21
28/12/2025 00:00;106.19
28/12/2025 00:15;106.2
28/12/2025 00:30;106.2
28/12/2025 00:45;106.19
28/12/2025 01:00;106.2
28/12/2025 01:15;106.21
28/12/2025 01:30;106.22
28/12/2025 01:45;106.24
28/12/2025 02:00;106.24
28/12/2025 02:15;106.26
28/12/2025 02:30;106.25
28/12/2025 02:45;106.26
28/12/2025 03:00;106.25
28/12/2025 03:15;106.24
28/12/2025 03:30;106.24
28/12/2025 03:45;106.25
28/12/2025 04:00;106.24
28/12/2025 04:15;106.26
28/12/2025 04:30;106.26
28/12/2025 04:45;106.28
28/12/2025 05:00;106.28
28/12/2025 05:15;106.29
28/12/2025 05:30;106.29
28/12/2025 05:45;106.29
28/12/2025 06:00;106.29
28/12/2025 06:15;106.29
28/12/2025 06:30;106.28
28/12/2025 06:45;106.29
28/12/2025 07:00;106.29
28/12/2025 07:15;106.3
28/12/2025 07:30;106.31
28/12/2025 07:45;106.31
28/12/2025 08:00;106.32
28/12/2025 08:15;106.32
28/12/2025 08:30;106.33
28/12/2025 08:45;106.33
28/12/2025 09:00;106.33
28/12/2025 09:15;106.33
28/12/2025 09:30;106.33
28/12/2025 09:45;106.33
28/12/2025 10:00;106.34
28/12/2025 10:15;106.33
28/12/2025 10:30;106.35
28/12/2025 10:45;106.35
28/12/2025 11:00;106.36
28/12/2025 11:15;106.37
28/12/2025 11:30;106.37
28/12/2025 11:45;106.38
28/12/2025 12:00;106.38
28/12/2025 12:15;106.37
28/12/2025 12:30;106.38
28/12/2025 12:45;106.38
28/12/2025 13:00;106.38
28/12/2025 13:15;106.38
28/12/2025 13:30;106.39
28/12/2025 13:45;106.39
28/12/2025 14:00;106.4
28/12/2025 14:15;106.41
28/12/2025 14:30;106.41
28/12/2025 14:45;106.41
28/12/2025 15:00;106.42
28/12/2025 15:15;106.42
28/12/2025 15:30;106.42
28/12/2025 15:45;106.42
28/12/2025 16:00;106.42
28/12/2025 16:15;106.42
28/12/2025 16:30;106.43
28/12/2025 16:45;106.43
28/12/2025 17:00;106.44
28/12/2025 17:15;106.43
28/12/2025 17:30;106.44
28/12/2025 17:45;106.44
28/12/2025 18:00;106.44
28/12/2025 18:15;106.41
28/12/2025 18:30;106.4
28/12/2025 18:45;106.4
28/12/2025 19:00;106.4
28/12/2025 19:15;106.39
28/12/2025 19:30;106.39
28/12/2025 19:45;106.39
28/12/2025 20:00;106.39
28/12/2025 20:15;106.37
28/12/2025 20:30;106.36
28/12/2025 20:45;106.35
28/12/2025 21:00;106.34
28/12/2025 21:15;106.34
28/12/2025 21:30;106.33
28/12/2025 21:45;106.32
28/12/2025 22:00;106.32
28/12/2025 22:15;106.31
28/12/2025 22:30;106.32
28/12/2025 22:45;106.31
28/12/2025 23:00;106.32
28/12/2025 23:15;106.34
28/12/2025 23:30;106.33
28/12/2025 23:45;106.32
29/12/2025 00:00;106.32
29/12/2025 00:15;106.32
29/12/2025 00:30;106.33
29/12/2025 00:45;106.32
29/12/2025 01:00;106.34
29/12/2025 01:15;106.34
29/12/2025 01:30;106.34
29/12/2025 01:45;106.35
29/12/2025 02:00;106.35
29/12/2025 02:15;106.36
29/12/2025 02:30;106.37
29/12/2025 02:45;106.36
29/12/2025 03:00;106.37
29/12/2025 03:15;106.37
29/12/2025 03:30;106.37
29/12/2025 03:45;106.38
29/12/2025 04:00;106.37
29/12/2025 04:15;106.39
29/12/2025 04:30;106.39
29/12/2025 04:45;106.39
29/12/2025 05:00;106.4
29/12/2025 05:15;106.4
29/12/2025 05:30;106.41
29/12/2025 05:45;106.41
29/12/2025 06:00;106.41
29/12/2025 06:15;106.4
29/12/2025 06:30;106.4
29/12/2025 06:45;106.4
29/12/2025 07:00;106.4
29/12/2025 07:15;106.4
29/12/2025 07:30;106.41
29/12/2025 07:45;106.41
29/12/2025 08:00;106.42
29/12/2025 08:15;106.41
29/12/2025 08:30;106.41
29/12/2025 08:45;106.41
29/12/2025 09:00;106.41
29/12/2025 09:15;106.41
29/12/2025 09:30;106.4
29/12/2025 09:45;106.4
29/12/2025 10:00;106.4
29/12/2025 10:15;106.4
29/12/2025 10:30;106.42
29/12/2025 10:45;106.42
29/12/2025 11:00;106.42
29/12/2025 11:15;106.43
29/12/2025 11:30;106.43
29/12/2025 11:45;106.43
29/12/2025 12:00;106.43
29/12/2025 12:15;106.43
29/12/2025 12:30;106.44
29/12/2025 12:45;106.43
29/12/2025 13:00;106.44
29/12/2025 13:15;106.44
29/12/2025 13:30;106.45
29/12/2025 13:45;106.46
29/12/2025 14:00;106.47
29/12/2025 14:15;106.48
29/12/2025 14:30;106.48
29/12/2025 14:45;106.47
29/12/2025 15:00;106.48
29/12/2025 15:15;106.47
29/12/2025 15:30;106.48
29/12/2025 15:45;106.48
29/12/2025 16:00;106.48
29/12/2025 16:15;106.49
29/12/2025 16:30;106.49
29/12/2025 16:45;106.5
29/12/2025 17:00;106.52
29/12/2025 17:15;106.5
29/12/2025 17:30;106.52
29/12/2025 17:45;106.5
29/12/2025 18:00;106.5
29/12/2025 18:15;106.5
29/12/2025 18:30;106.48
29/12/2025 18:45;106.49
29/12/2025 19:00;106.48
29/12/2025 19:15;106.48
29/12/2025 19:30;106.48
29/12/2025 19:45;106.48
29/12/2025 20:00;106.48
29/12/2025 20:15;106.47
29/12/2025 20:30;106.46
29/12/2025 20:45;106.46
29/12/2025 21:00;106.45
29/12/2025 21:15;106.45
29/12/2025 21:30;106.44
29/12/2025 21:45;106.43
29/12/2025 22:00;106.43
29/12/2025 22:15;106.42
29/12/2025 22:30;106.42
29/12/2025 22:45;106.43
29/12/2025 23:00;106.43
29/12/2025 23:15;106.45
29/12/2025 23:30;106.44
29/12/2025 23:45;106.44
30/12/2025 00:00;106.44
30/12/2025 00:15;106.43
30/12/2025 00:30;106.43
30/12/2025 00:45;106.44
30/12/2025 01:00;106.43
30/12/2025 01:15;106.45
30/12/2025 01:30;106.44
30/12/2025 01:45;106.45
30/12/2025 02:00;106.46
30/12/2025 02:15;106.47
30/12/2025 02:30;106.48
30/12/2025 02:45;106.48
30/12/2025 03:00;106.49
30/12/2025 03:15;106.49
30/12/2025 03:30;106.47
30/12/2025 03:45;106.48
30/12/2025 04:00;106.48
30/12/2025 04:15;106.48
30/12/2025 04:30;106.5
30/12/2025 04:45;106.49
30/12/2025 05:00;106.52
30/12/2025 05:15;106.52
30/12/2025 05:30;106.52
30/12/2025 05:45;106.54
30/12/2025 06:00;106.54
30/12/2025 06:15;106.54
30/12/2025 06:30;106.54
30/12/2025 06:45;106.52
30/12/2025 07:00;106.54
30/12/2025 07:15;106.49
30/12/2025 07:30;106.47
30/12/2025 07:45;106.47
30/12/2025 08:00;106.47
30/12/2025 08:15;106.48
30/12/2025 08:30;106.47
30/12/2025 08:45;106.47
30/12/2025 09:00;106.48
30/12/2025 09:15;106.45
30/12/2025 09:30;106.44
30/12/2025 09:45;106.43
30/12/2025 10:00;106.42
30/12/2025 10:15;106.45
30/12/2025 10:30;106.44
30/12/2025 10:45;106.41
30/12/2025 11:00;106.41
30/12/2025 11:15;106.4
30/12/2025 11:30;106.42
30/12/2025 11:45;106.42
30/12/2025 12:00;106.42
30/12/2025 12:15;106.44
30/12/2025 12:30;106.43
30/12/2025 12:45;106.43
30/12/2025 13:00;106.43
30/12/2025 13:15;106.43
30/12/2025 13:30;106.45
30/12/2025 13:45;106.45
30/12/2025 14:00;106.47
30/12/2025 14:15;106.47
30/12/2025 14:30;106.46
30/12/2025 14:45;106.47
30/12/2025 15:00;106.47
30/12/2025 15:15;106.47
30/12/2025 15:30;106.48
30/12/2025 15:45;106.48
30/12/2025 16:00;106.49
30/12/2025 16:15;106.48
30/12/2025 16:30;106.49
30/12/2025 16:45;106.5
30/12/2025 17:00;106.5
30/12/2025 17:15;106.5
30/12/2025 17:30;106.47
30/12/2025 17:45;106.48
30/12/2025 18:00;106.47
30/12/2025 18:15;106.47
30/12/2025 18:30;106.47
30/12/2025 18:45;106.47
30/12/2025 19:00;106.48
30/12/2025 19:15;106.47
30/12/2025 19:30;106.46
30/12/2025 19:45;106.47
30/12/2025 20:00;106.46
30/12/2025 20:15;106.45
30/12/2025 20:30;106.44
30/12/2025 20:45;106.43
30/12/2025 21:00;106.42
30/12/2025 21:15;106.41
30/12/2025 21:30;106.41
30/12/2025 21:45;106.4
30/12/2025 22:00;106.4
30/12/2025 22:15;106.41
30/12/2025 22:30;106.4
30/12/2025 22:45;106.4
30/12/2025 23:00;106.39
30/12/2025 23:15;106.4
30/12/2025 23:30;106.4
30/12/2025 23:45;106.39
31/12/2025 00:00;106.38
31/12/2025 00:15;106.39
31/12/2025 00:30;106.39
31/12/2025 00:45;106.39
31/12/2025 01:00;106.39
31/12/2025 01:15;106.4
31/12/2025 01:30;106.4
31/12/2025 01:45;106.4
31/12/2025 02:00;106.4
31/12/2025 02:15;106.41
31/12/2025 02:30;106.41
31/12/2025 02:45;106.42
31/12/2025 03:00;106.41
31/12/2025 03:15;106.42
31/12/2025 03:30;106.42
31/12/2025 03:45;106.43
31/12/2025 04:00;106.44
31/12/2025 04:15;106.44
31/12/2025 04:30;106.44
31/12/2025 04:45;106.45
31/12/2025 05:00;106.45
31/12/2025 05:15;106.45
31/12/2025 05:30;106.45
31/12/2025 05:45;106.46
31/12/2025 06:00;106.46
31/12/2025 06:15;106.46
31/12/2025 06:30;106.47
31/12/2025 06:45;106.47
31/12/2025 07:00;106.47
31/12/2025 07:15;106.45
31/12/2025 07:30;106.42
31/12/2025 07:45;106.44
31/12/2025 08:00;106.43
31/12/2025 08:15;106.43
31/12/2025 08:30;106.42
31/12/2025 08:45;106.42
31/12/2025 09:00;106.43
31/12/2025 09:15;106.41
31/12/2025 09:30;106.4
31/12/2025 09:45;106.4
31/12/2025 10:00;106.38
31/12/2025 10:15;106.41
31/12/2025 10:30;106.38
31/12/2025 10:45;106.36
31/12/2025 11:00;106.35
31/12/2025 11:15;106.36
31/12/2025 11:30;106.38
31/12/2025 11:45;106.37
31/12/2025 12:00;106.37
31/12/2025 12:15;106.4
31/12/2025 12:30;106.38
31/12/2025 12:45;106.39
31/12/2025 13:00;106.38
31/12/2025 13:15;106.38
31/12/2025 13:30;106.4
31/12/2025 13:45;106.39
31/12/2025 14:00;106.4
31/12/2025 14:15;106.4
31/12/2025 14:30;106.4
31/12/2025 14:45;106.41
31/12/2025 15:00;106.41
31/12/2025 15:15;106.42
31/12/2025 15:30;106.43
31/12/2025 15:45;106.42
31/12/2025 16:00;106.43
31/12/2025 16:15;106.39
31/12/2025 16:30;106.37
31/12/2025 16:45;106.38
31/12/2025 17:00;106.37
31/12/2025 17:15;106.38
31/12/2025 17:30;106.36
31/12/2025 17:45;106.37
31/12/2025 18:00;106.38
31/12/2025 18:15;106.35
31/12/2025 18:30;106.35
31/12/2025 18:45;106.35
31/12/2025 19:00;106.33
31/12/2025 19:15;106.33
31/12/2025 19:30;106.29
31/12/2025 19:45;106.28
31/12/2025 20:00;106.26
31/12/2025 20:15;106.23
31/12/2025 20:30;106.24
31/12/2025 20:45;106.23
31/12/2025 21:00;106.23
31/12/2025 21:15;106.23
31/12/2025 21:30;106.21
31/12/2025 21:45;106.22
31/12/2025 22:00;106.19
31/12/2025 22:15;106.2
31/12/2025 22:30;106.19
31/12/2025 22:45;106.15
31/12/2025 23:00;106.16
31/12/2025 23:15;106.14
31/12/2025 23:30;106.13
31/12/2025 23:45;106.13
01/01/2026 00:00;106.11
01/01/2026 00:15;106.16
01/01/2026 00:30;106.16
01/01/2026 00:45;106.15
01/01/2026 01:00;106.16
01/01/2026 01:15;106.15
01/01/2026 01:30;106.16
01/01/2026 01:45;106.15
01/01/2026 02:00;106.13
01/01/2026 02:15;106.15
01/01/2026 02:30;106.14
01/01/2026 02:45;106.14
01/01/2026 03:00;106.15
01/01/2026 03:15;106.14
01/01/2026 03:30;106.18
01/01/2026 03:45;106.19
01/01/2026 04:00;106.2
01/01/2026 04:15;106.21
01/01/2026 04:30;106.19
01/01/2026 04:45;106.19
01/01/2026 05:00;106.18
01/01/2026 05:15;106.17
01/01/2026 05:30;106.19
01/01/2026 05:45;106.18
01/01/2026 06:00;106.2
01/01/2026 06:15;106.2
01/01/2026 06:30;106.2
01/01/2026 06:45;106.22
01/01/2026 07:00;106.23
01/01/2026 07:15;106.23
01/01/2026 07:30;106.24
01/01/2026 07:45;106.23
01/01/2026 08:00;106.23
01/01/2026 08:15;106.22
01/01/2026 08:30;106.23
01/01/2026 08:45;106.23
01/01/2026 09:00;106.23
01/01/2026 09:15;106.24
01/01/2026 09:30;106.25
01/01/2026 09:45;106.25
01/01/2026 10:00;106.27
01/01/2026 10:15;106.27
01/01/2026 10:30;106.27
01/01/2026 10:45;106.27
01/01/2026 11:00;106.27
01/01/2026 11:15;106.27
01/01/2026 11:30;106.26
01/01/2026 11:45;106.26
01/01/2026 12:00;106.27
01/01/2026 12:15;106.27
01/01/2026 12:30;106.28
01/01/2026 12:45;106.29
01/01/2026 13:00;106.29
01/01/2026 13:15;106.3
01/01/2026 13:30;106.3
01/01/2026 13:45;106.31
01/01/2026 14:00;106.31
01/01/2026 14:15;106.3
01/01/2026 14:30;106.3
01/01/2026 14:45;106.3
01/01/2026 15:00;106.31
01/01/2026 15:15;106.31
01/01/2026 15:30;106.32
01/01/2026 15:45;106.33
01/01/2026 16:00;106.33
01/01/2026 16:15;106.34
01/01/2026 16:30;106.34
01/01/2026 16:45;106.34
01/01/2026 17:00;106.35
01/01/2026 17:15;106.35
01/01/2026 17:30;106.35
01/01/2026 17:45;106.35
01/01/2026 18:00;106.35
01/01/2026 18:15;106.34
01/01/2026 18:30;106.33
01/01/2026 18:45;106.34
01/01/2026 19:00;106.34
01/01/2026 19:15;106.34
01/01/2026 19:30;106.33
01/01/2026 19:45;106.33
01/01/2026 20:00;106.34
01/01/2026 20:15;106.32
01/01/2026 20:30;106.32
01/01/2026 20:45;106.32
01/01/2026 21:00;106.31
01/01/2026 21:15;106.3
01/01/2026 21:30;106.27
01/01/2026 21:45;106.26
01/01/2026 22:00;106.25
01/01/2026 22:15;106.24
01/01/2026 22:30;106.26
01/01/2026 22:45;106.25
01/01/2026 23:00;106.25
01/01/2026 23:15;106.28
01/01/2026 23:30;106.27
01/01/2026 23:45;106.27
02/01/2026 00:00;106.25
02/01/2026 00:15;106.25
02/01/2026 00:30;106.26
02/01/2026 00:45;106.23
02/01/2026 01:00;106.22
02/01/2026 01:15;106.24
02/01/2026 01:30;106.23
02/01/2026 01:45;106.26
02/01/2026 02:00;106.26
02/01/2026 02:15;106.27
02/01/2026 02:30;106.29
02/01/2026 02:45;106.29
02/01/2026 03:00;106.3
02/01/2026 03:15;106.29
02/01/2026 03:30;106.28
02/01/2026 03:45;106.28
02/01/2026 04:00;106.28
02/01/2026 04:15;106.27
02/01/2026 04:30;106.28
02/01/2026 04:45;106.29
02/01/2026 05:00;106.31
02/01/2026 05:15;106.31
02/01/2026 05:30;106.33
02/01/2026 05:45;106.33
02/01/2026 06:00;106.33
02/01/2026 06:15;106.33
02/01/2026 06:30;106.32
02/01/2026 06:45;106.32
02/01/2026 07:00;106.32
02/01/2026 07:15;106.31
02/01/2026 07:30;106.33
02/01/2026 07:45;106.32
02/01/2026 08:00;106.34
02/01/2026 08:15;106.33
02/01/2026 08:30;106.31
02/01/2026 08:45;106.32
02/01/2026 09:00;106.32
02/01/2026 09:15;106.32
02/01/2026 09:30;106.32
02/01/2026 09:45;106.3
02/01/2026 10:00;106.32
02/01/2026 10:15;106.32
02/01/2026 10:30;106.33
02/01/2026 10:45;106.33
02/01/2026 11:00;106.33
02/01/2026 11:15;106.33
02/01/2026 11:30;106.33
02/01/2026 11:45;106.31
02/01/2026 12:00;106.31
02/01/2026 12:15;106.31
02/01/2026 12:30;106.31
02/01/2026 12:45;106.32
02/01/2026 13:00;106.32
02/01/2026 13:15;106.33
02/01/2026 13:30;106.34
02/01/2026 13:45;106.35
02/01/2026 14:00;106.36
02/01/2026 14:15;106.36
02/01/2026 14:30;106.36
02/01/2026 14:45;106.36
02/01/2026 15:00;106.35
02/01/2026 15:15;106.35
02/01/2026 15:30;106.35
02/01/2026 15:45;106.36
02/01/2026 16:00;106.36
02/01/2026 16:15;106.37
02/01/2026 16:30;106.38
02/01/2026 16:45;106.39
02/01/2026 17:00;106.4
02/01/2026 17:15;106.4
02/01/2026 17:30;106.36
02/01/2026 17:45;106.36
02/01/2026 18:00;106.36
02/01/2026 18:15;106.35
02/01/2026 18:30;106.34
02/01/2026 18:45;106.34
02/01/2026 19:00;106.35
02/01/2026 19:15;106.35
02/01/2026 19:30;106.34
02/01/2026 19:45;106.35
02/01/2026 20:00;106.35
02/01/2026 20:15;106.34
02/01/2026 20:30;106.33
02/01/2026 20:45;106.3
02/01/2026 21:00;106.29
02/01/2026 21:15;106.26
02/01/2026 21:30;106.26
02/01/2026 21:45;106.26
02/01/2026 22:00;106.25
02/01/2026 22:15;106.26
02/01/2026 22:30;106.25
02/01/2026 22:45;106.29
02/01/2026 23:00;106.3
02/01/2026 23:15;106.27
02/01/2026 23:30;106.28
02/01/2026 23:45;106.26
03/01/2026 00:00;106.26
03/01/2026 00:15;106.24
03/01/2026 00:30;106.21
03/01/2026 00:45;106.25
03/01/2026 01:00;106.24
03/01/2026 01:15;106.25
03/01/2026 01:30;106.26
03/01/2026 01:45;106.26
03/01/2026 02:00;106.3
03/01/2026 02:15;106.29
03/01/2026 02:30;106.31
03/01/2026 02:45;106.31
03/01/2026 03:00;106.29
03/01/2026 03:15;106.28
03/01/2026 03:30;106.27
03/01/2026 03:45;106.26
03/01/2026 04:00;106.29
03/01/2026 04:15;106.27
03/01/2026 04:30;106.31
03/01/2026 04:45;106.3
03/01/2026 05:00;106.32
03/01/2026 05:15;106.33
03/01/2026 05:30;106.33
03/01/2026 05:45;106.33
03/01/2026 06:00;106.34
03/01/2026 06:15;106.31
03/01/2026 06:30;106.33
03/01/2026 06:45;106.3
03/01/2026 07:00;106.32
03/01/2026 07:15;106.31
03/01/2026 07:30;106.29
03/01/2026 07:45;106.31
03/01/2026 08:00;106.32
03/01/2026 08:15;106.33
03/01/2026 08:30;106.32
03/01/2026 08:45;106.31
03/01/2026 09:00;106.33
03/01/2026 09:15;106.3
03/01/2026 09:30;106.29
03/01/2026 09:45;106.29
03/01/2026 10:00;106.27
03/01/2026 10:15;106.28
03/01/2026 10:30;106.27
03/01/2026 10:45;106.3
03/01/2026 11:00;106.29
03/01/2026 11:15;106.29
03/01/2026 11:30;106.3
03/01/2026 11:45;106.3
03/01/2026 12:00;106.3
03/01/2026 12:15;106.29
03/01/2026 12:30;106.28
03/01/2026 12:45;106.3
03/01/2026 13:00;106.27
03/01/2026 13:15;106.29
03/01/2026 13:30;106.29
03/01/2026 13:45;106.3
03/01/2026 14:00;106.32
03/01/2026 14:15;106.33
03/01/2026 14:30;106.33
03/01/2026 14:45;106.34
03/01/2026 15:00;106.32
03/01/2026 15:15;106.34
03/01/2026 15:30;106.31
03/01/2026 15:45;106.32
03/01/2026 16:00;106.33
03/01/2026 16:15;106.32
03/01/2026 16:30;106.33
03/01/2026 16:45;106.35
03/01/2026 17:00;106.34
03/01/2026 17:15;106.37
03/01/2026 17:30;106.36
03/01/2026 17:45;106.38
03/01/2026 18:00;106.36
03/01/2026 18:15;106.34
03/01/2026 18:30;106.33
03/01/2026 18:45;106.32
03/01/2026 19:00;106.32
03/01/2026 19:15;106.32
03/01/2026 19:30;106.3
03/01/2026 19:45;106.31
03/01/2026 20:00;106.3
03/01/2026 20:15;106.32
03/01/2026 20:30;106.34
03/01/2026 20:45;106.32
03/01/2026 21:00;106.34
03/01/2026 21:15;106.33
03/01/2026 21:30;106.31
03/01/2026 21:45;106.3
03/01/2026 22:00;106.27
03/01/2026 22:15;106.3
03/01/2026 22:30;106.29
03/01/2026 22:45;106.28
03/01/2026 23:00;106.31
03/01/2026 23:15;106.3
03/01/2026 23:30;106.33
03/01/2026 23:45;106.33
04/01/2026 00:00;106.34
04/01/2026 00:15;106.36
04/01/2026 00:30;106.34
04/01/2026 00:45;106.33
04/01/2026 01:00;106.33
04/01/2026 01:15;106.31
04/01/2026 01:30;106.33
04/01/2026 01:45;106.32
04/01/2026 02:00;106.34
04/01/2026 02:15;106.34
04/01/2026 02:30;106.35
04/01/2026 02:45;106.36
04/01/2026 03:00;106.37
04/01/2026 03:15;106.37
04/01/2026 03:30;106.38
04/01/2026 03:45;106.36
04/01/2026 04:00;106.38
04/01/2026 04:15;106.36
04/01/2026 04:30;106.36
04/01/2026 04:45;106.36
04/01/2026 05:00;106.37
04/01/2026 05:15;106.37
04/01/2026 05:30;106.39
04/01/2026 05:45;106.39
04/01/2026 06:00;106.41
04/01/2026 06:15;106.4
04/01/2026 06:30;106.41
04/01/2026 06:45;106.4
04/01/2026 07:00;106.4
04/01/2026 07:15;106.4
04/01/2026 07:30;106.4
04/01/2026 07:45;106.4
04/01/2026 08:00;106.41
04/01/2026 08:15;106.4
04/01/2026 08:30;106.42
04/01/2026 08:45;106.42
04/01/2026 09:00;106.43
04/01/2026 09:15;106.44
04/01/2026 09:30;106.43
04/01/2026 09:45;106.44
04/01/2026 10:00;106.44
04/01/2026 10:15;106.44
04/01/2026 10:30;106.44
04/01/2026 10:45;106.44
04/01/2026 11:00;106.44
04/01/2026 11:15;106.44
04/01/2026 11:30;106.45
04/01/2026 11:45;106.46
04/01/2026 12:00;106.46
04/01/2026 12:15;106.47
04/01/2026 12:30;106.47
04/01/2026 12:45;106.47
04/01/2026 13:00;106.47
04/01/2026 13:15;106.47
04/01/2026 13:30;106.47
04/01/2026 13:45;106.48
04/01/2026 14:00;106.47
04/01/2026 14:15;106.48
04/01/2026 14:30;106.48
04/01/2026 14:45;106.49
04/01/2026 15:00;106.49
04/01/2026 15:15;106.5
04/01/2026 15:30;106.5
04/01/2026 15:45;106.5
04/01/2026 16:00;106.5
04/01/2026 16:15;106.52
04/01/2026 16:30;106.5
04/01/2026 16:45;106.52
04/01/2026 17:00;106.52
04/01/2026 17:15;106.52
04/01/2026 17:30;106.52
04/01/2026 17:45;106.52
04/01/2026 18:00;106.52
04/01/2026 18:15;106.54
04/01/2026 18:30;106.52
04/01/2026 18:45;106.52
04/01/2026 19:00;106.5
04/01/2026 19:15;106.5
04/01/2026 19:30;106.49
04/01/2026 19:45;106.47
04/01/2026 20:00;106.47
04/01/2026 20:15;106.47
04/01/2026 20:30;106.46
04/01/2026 20:45;106.46
04/01/2026 21:00;106.45
04/01/2026 21:15;106.46
04/01/2026 21:30;106.44
04/01/2026 21:45;106.42
04/01/2026 22:00;106.4
04/01/2026 22:15;106.38
04/01/2026 22:30;106.43
04/01/2026 22:45;106.42
04/01/2026 23:00;106.4
04/01/2026 23:15;106.41
04/01/2026 23:30;106.4
04/01/2026 23:45;106.41
05/01/2026 00:00;106.4
05/01/2026 00:15;106.39
05/01/2026 00:30;106.42
05/01/2026 00:45;106.4
05/01/2026 01:00;106.41
05/01/2026 01:15;106.4
05/01/2026 01:30;106.4
05/01/2026 01:45;106.43
05/01/2026 02:00;106.43
05/01/2026 02:15;106.45
05/01/2026 02:30;106.45
05/01/2026 02:45;106.43
05/01/2026 03:00;106.44
05/01/2026 03:15;106.43
05/01/2026 03:30;106.43
05/01/2026 03:45;106.44
05/01/2026 04:00;106.43
05/01/2026 04:15;106.44
05/01/2026 04:30;106.44
05/01/2026 04:45;106.44
05/01/2026 05:00;106.46
05/01/2026 05:15;106.45
05/01/2026 05:30;106.47
05/01/2026 05:45;106.47
05/01/2026 06:00;106.47
05/01/2026 06:15;106.46
05/01/2026 06:30;106.46
05/01/2026 06:45;106.46
05/01/2026 07:00;106.46
05/01/2026 07:15;106.46
05/01/2026 07:30;106.47
05/01/2026 07:45;106.47
05/01/2026 08:00;106.48
05/01/2026 08:15;106.49
05/01/2026 08:30;106.49
05/01/2026 08:45;106.5
05/01/2026 09:00;106.5
05/01/2026 09:15;106.5
05/01/2026 09:30;106.5
05/01/2026 09:45;106.49
05/01/2026 10:00;106.5
05/01/2026 10:15;106.49
05/01/2026 10:30;106.5
05/01/2026 10:45;106.52
05/01/2026 11:00;106.52
05/01/2026 11:15;106.52
05/01/2026 11:30;106.54
05/01/2026 11:45;106.54
05/01/2026 12:00;106.54
05/01/2026 12:15;106.54
05/01/2026 12:30;106.54
05/01/2026 12:45;106.54
05/01/2026 13:00;106.54
05/01/2026 13:15;106.54
05/01/2026 13:30;106.54
05/01/2026 13:45;106.54
05/01/2026 14:00;106.54
05/01/2026 14:15;106.55
05/01/2026 14:30;106.56
05/01/2026 14:45;106.56
05/01/2026 15:00;106.56
05/01/2026 15:15;106.56
05/01/2026 15:30;106.56
05/01/2026 15:45;106.56
05/01/2026 16:00;106.56
05/01/2026 16:15;106.56
05/01/2026 16:30;106.56
05/01/2026 16:45;106.57
05/01/2026 17:00;106.57
05/01/2026 17:15;106.57
05/01/2026 17:30;106.58
05/01/2026 17:45;106.59
05/01/2026 18:00;106.59
05/01/2026 18:15;106.56
05/01/2026 18:30;106.54
05/01/2026 18:45;106.54
05/01/2026 19:00;106.55
05/01/2026 19:15;106.54
05/01/2026 19:30;106.52
05/01/2026 19:45;106.54
05/01/2026 20:00;106.54
05/01/2026 20:15;106.52
05/01/2026 20:30;106.52
05/01/2026 20:45;106.52
05/01/2026 21:00;106.5
05/01/2026 21:15;106.48
05/01/2026 21:30;106.47
05/01/2026 21:45;106.44
05/01/2026 22:00;106.43
05/01/2026 22:15;106.44
05/01/2026 22:30;106.44
05/01/2026 22:45;106.43
05/01/2026 23:00;106.44
05/01/2026 23:15;106.46
05/01/2026 23:30;106.46
05/01/2026 23:45;106.45
06/01/2026 00:00;106.44
06/01/2026 00:15;106.45
06/01/2026 00:30;106.43
06/01/2026 00:45;106.42
06/01/2026 01:00;106.42
06/01/2026 01:15;106.42
06/01/2026 01:30;106.43
06/01/2026 01:45;106.43
06/01/2026 02:00;106.45
06/01/2026 02:15;106.46
06/01/2026 02:30;106.47
06/01/2026 02:45;106.47
06/01/2026 03:00;106.48
06/01/2026 03:15;106.47
06/01/2026 03:30;106.46
06/01/2026 03:45;106.45
06/01/2026 04:00;106.46
06/01/2026 04:15;106.45
06/01/2026 04:30;106.45
06/01/2026 04:45;106.46
06/01/2026 05:00;106.47
06/01/2026 05:15;106.48
06/01/2026 05:30;106.49
06/01/2026 05:45;106.49
06/01/2026 06:00;106.5
06/01/2026 06:15;106.5
06/01/2026 06:30;106.5
06/01/2026 06:45;106.49
06/01/2026 07:00;106.49
06/01/2026 07:15;106.48
06/01/2026 07:30;106.49
06/01/2026 07:45;106.49
06/01/2026 08:00;106.5
06/01/2026 08:15;106.52
06/01/2026 08:30;106.54
06/01/2026 08:45;106.52
06/01/2026 09:00;106.54
06/01/2026 09:15;106.54
06/01/2026 09:30;106.54
06/01/2026 09:45;106.54
06/01/2026 10:00;106.54
06/01/2026 10:15;106.52
06/01/2026 10:30;106.54
06/01/2026 10:45;106.54
06/01/2026 11:00;106.54
06/01/2026 11:15;106.54
06/01/2026 11:30;106.55
06/01/2026 11:45;106.56
06/01/2026 12:00;106.56
06/01/2026 12:15;106.57
06/01/2026 12:30;106.57
06/01/2026 12:45;106.56
06/01/2026 13:00;106.57
06/01/2026 13:15;106.56
06/01/2026 13:30;106.57
06/01/2026 13:45;106.57
06/01/2026 14:00;106.57
06/01/2026 14:15;106.58
06/01/2026 14:30;106.59
06/01/2026 14:45;106.59
06/01/2026 15:00;106.59
06/01/2026 15:15;106.61
06/01/2026 15:30;106.61
06/01/2026 15:45;106.61
06/01/2026 16:00;106.61
06/01/2026 16:15;106.61
06/01/2026 16:30;106.61
06/01/2026 16:45;106.61
06/01/2026 17:00;106.61
06/01/2026 17:15;106.61
06/01/2026 17:30;106.61
06/01/2026 17:45;106.62
06/01/2026 18:00;106.63
06/01/2026 18:15;106.61
06/01/2026 18:30;106.61
06/01/2026 18:45;106.61
06/01/2026 19:00;106.61
06/01/2026 19:15;106.58
06/01/2026 19:30;106.58
06/01/2026 19:45;106.57
06/01/2026 20:00;106.57
06/01/2026 20:15;106.55
06/01/2026 20:30;106.56
06/01/2026 20:45;106.55
06/01/2026 21:00;106.54
06/01/2026 21:15;106.54
06/01/2026 21:30;106.52
06/01/2026 21:45;106.5
06/01/2026 22:00;106.48
06/01/2026 22:15;106.48
06/01/2026 22:30;106.48
06/01/2026 22:45;106.47
06/01/2026 23:00;106.47
06/01/2026 23:15;106.45
06/01/2026 23:30;106.45
06/01/2026 23:45;106.45
07/01/2026 00:00;106.44
07/01/2026 00:15;106.47
07/01/2026 00:30;106.46
07/01/2026 00:45;106.45
07/01/2026 01:00;106.45
07/01/2026 01:15;106.44
07/01/2026 01:30;106.45
07/01/2026 01:45;106.44
07/01/2026 02:00;106.44
07/01/2026 02:15;106.46
07/01/2026 02:30;106.45
07/01/2026 02:45;106.45
07/01/2026 03:00;106.45
07/01/2026 03:15;106.45
07/01/2026 03:30;106.47
07/01/2026 03:45;106.47
07/01/2026 04:00;106.48
07/01/2026 04:15;106.49
07/01/2026 04:30;106.47
07/01/2026 04:45;106.47
07/01/2026 05:00;106.47
07/01/2026 05:15;106.47
07/01/2026 05:30;106.48
07/01/2026 05:45;106.47
07/01/2026 06:00;106.49
07/01/2026 06:15;106.49
07/01/2026 06:30;106.49
07/01/2026 06:45;106.5
07/01/2026 07:00;106.5
07/01/2026 07:15;106.5
07/01/2026 07:30;106.48
07/01/2026 07:45;106.48
07/01/2026 08:00;106.47
07/01/2026 08:15;106.46
07/01/2026 08:30;106.47
07/01/2026 08:45;106.46
07/01/2026 09:00;106.47
07/01/2026 09:15;106.47
07/01/2026 09:30;106.46
07/01/2026 09:45;106.46
07/01/2026 10:00;106.45
07/01/2026 10:15;106.48
07/01/2026 10:30;106.48
07/01/2026 10:45;106.46
07/01/2026 11:00;106.46
07/01/2026 11:15;106.44
07/01/2026 11:30;106.45
07/01/2026 11:45;106.44
07/01/2026 12:00;106.44
07/01/2026 12:15;106.47
07/01/2026 12:30;106.46
07/01/2026 12:45;106.47
07/01/2026 13:00;106.48
07/01/2026 13:15;106.48
07/01/2026 13:30;106.5
07/01/2026 13:45;106.49
07/01/2026 14:00;106.5
07/01/2026 14:15;106.5
07/01/2026 14:30;106.48
07/01/2026 14:45;106.48
07/01/2026 15:00;106.48
07/01/2026 15:15;106.49
07/01/2026 15:30;106.5
07/01/2026 15:45;106.5
07/01/2026 16:00;106.52
07/01/2026 16:15;106.52
07/01/2026 16:30;106.52
07/01/2026 16:45;106.52
07/01/2026 17:00;106.52
07/01/2026 17:15;106.52
07/01/2026 17:30;106.52
07/01/2026 17:45;106.52
07/01/2026 18:00;106.54
07/01/2026 18:15;106.52
07/01/2026 18:30;106.5
07/01/2026 18:45;106.49
07/01/2026 19:00;106.5
07/01/2026 19:15;106.5
07/01/2026 19:30;106.49
07/01/2026 19:45;106.48
07/01/2026 20:00;106.49
07/01/2026 20:15;106.47
07/01/2026 20:30;106.46
07/01/2026 20:45;106.45
07/01/2026 21:00;106.44
07/01/2026 21:15;106.45
07/01/2026 21:30;106.43
07/01/2026 21:45;106.41
07/01/2026 22:00;106.4
07/01/2026 22:15;106.39
07/01/2026 22:30;106.4
07/01/2026 22:45;106.38
07/01/2026 23:00;106.38
07/01/2026 23:15;106.4
07/01/2026 23:30;106.38
07/01/2026 23:45;106.37
08/01/2026 00:00;106.36
08/01/2026 00:15;106.38
08/01/2026 00:30;106.38
08/01/2026 00:45;106.37
08/01/2026 01:00;106.38
08/01/2026 01:15;106.38
08/01/2026 01:30;106.37
08/01/2026 01:45;106.38
08/01/2026 02:00;106.37
08/01/2026 02:15;106.39
08/01/2026 02:30;106.38
08/01/2026 02:45;106.39
08/01/2026 03:00;106.39
08/01/2026 03:15;106.39
08/01/2026 03:30;106.39
08/01/2026 03:45;106.4
08/01/2026 04:00;106.41
08/01/2026 04:15;106.42
08/01/2026 04:30;106.41
08/01/2026 04:45;106.42
08/01/2026 05:00;106.41
08/01/2026 05:15;106.41
08/01/2026 05:30;106.41
08/01/2026 05:45;106.41
08/01/2026 06:00;106.42
08/01/2026 06:15;106.43
08/01/2026 06:30;106.42
08/01/2026 06:45;106.44
08/01/2026 07:00;106.44
08/01/2026 07:15;106.42
08/01/2026 07:30;106.4
08/01/2026 07:45;106.39
08/01/2026 08:00;106.39
08/01/2026 08:15;106.38
08/01/2026 08:30;106.38
08/01/2026 08:45;106.38
08/01/2026 09:00;106.38
08/01/2026 09:15;106.37
08/01/2026 09:30;106.36
08/01/2026 09:45;106.35
08/01/2026 10:00;106.35
08/01/2026 10:15;106.34
08/01/2026 10:30;106.37
08/01/2026 10:45;106.35
08/01/2026 11:00;106.33
08/01/2026 11:15;106.32
08/01/2026 11:30;106.33
08/01/2026 11:45;106.33
08/01/2026 12:00;106.33
08/01/2026 12:15;106.33
08/01/2026 12:30;106.35
08/01/2026 12:45;106.33
08/01/2026 13:00;106.34
08/01/2026 13:15;106.34
08/01/2026 13:30;106.35
08/01/2026 13:45;106.36
08/01/2026 14:00;106.36
08/01/2026 14:15;106.36
08/01/2026 14:30;106.36
08/01/2026 14:45;106.35
08/01/2026 15:00;106.36
08/01/2026 15:15;106.35
08/01/2026 15:30;106.36
08/01/2026 15:45;106.36
08/01/2026 16:00;106.37
08/01/2026 16:15;106.37
08/01/2026 16:30;106.37
08/01/2026 16:45;106.37
08/01/2026 17:00;106.38
08/01/2026 17:15;106.38
08/01/2026 17:30;106.39
08/01/2026 17:45;106.38
08/01/2026 18:00;106.38
08/01/2026 18:15;106.35
08/01/2026 18:30;106.34
08/01/2026 18:45;106.35
08/01/2026 19:00;106.35
08/01/2026 19:15;106.34
08/01/2026 19:30;106.34
08/01/2026 19:45;106.36
08/01/2026 20:00;106.36
08/01/2026 20:15;106.33
08/01/2026 20:30;106.33
08/01/2026 20:45;106.33
08/01/2026 21:00;106.32
08/01/2026 21:15;106.3
08/01/2026 21:30;106.28
08/01/2026 21:45;106.29
08/01/2026 22:00;106.27
08/01/2026 22:15;106.26
08/01/2026 22:30;106.27
08/01/2026 22:45;106.27
08/01/2026 23:00;106.29
08/01/2026 23:15;106.28
08/01/2026 23:30;106.28
08/01/2026 23:45;106.29
09/01/2026 00:00;106.26
09/01/2026 00:15;106.26
09/01/2026 00:30;106.24
09/01/2026 00:45;106.23
09/01/2026 01:00;106.24
09/01/2026 01:15;106.21
09/01/2026 01:30;106.22
09/01/2026 01:45;106.26
09/01/2026 02:00;106.25
09/01/2026 02:15;106.26
09/01/2026 02:30;106.26
09/01/2026 02:45;106.27
09/01/2026 03:00;106.27
09/01/2026 03:15;106.24
09/01/2026 03:30;106.24
09/01/2026 03:45;106.25
09/01/2026 04:00;106.23
09/01/2026 04:15;106.25
09/01/2026 04:30;106.25
09/01/2026 04:45;106.27
09/01/2026 05:00;106.27
09/01/2026 05:15;106.28
09/01/2026 05:30;106.3
09/01/2026 05:45;106.3
09/01/2026 06:00;106.29
09/01/2026 06:15;106.29
09/01/2026 06:30;106.27
09/01/2026 06:45;106.27
09/01/2026 07:00;106.26
09/01/2026 07:15;106.27
09/01/2026 07:30;106.28
09/01/2026 07:45;106.28
09/01/2026 08:00;106.3
09/01/2026 08:15;106.3
09/01/2026 08:30;106.31
09/01/2026 08:45;106.32
09/01/2026 09:00;106.31
09/01/2026 09:15;106.31
09/01/2026 09:30;106.3
09/01/2026 09:45;106.3
09/01/2026 10:00;106.31
09/01/2026 10:15;106.3
09/01/2026 10:30;106.31
09/01/2026 10:45;106.32
09/01/2026 11:00;106.33
09/01/2026 11:15;106.35
09/01/2026 11:30;106.35
09/01/2026 11:45;106.36
09/01/2026 12:00;106.36
09/01/2026 12:15;106.35
09/01/2026 12:30;106.35
09/01/2026 12:45;106.34
09/01/2026 13:00;106.34
09/01/2026 13:15;106.34
09/01/2026 13:30;106.35
09/01/2026 13:45;106.36
09/01/2026 14:00;106.36
09/01/2026 14:15;106.38
09/01/2026 14:30;106.38
09/01/2026 14:45;106.39
09/01/2026 15:00;106.39
09/01/2026 15:15;106.39
09/01/2026 15:30;106.39
09/01/2026 15:45;106.39
09/01/2026 16:00;106.38
09/01/2026 16:15;106.4
09/01/2026 16:30;106.37
09/01/2026 16:45;106.37
09/01/2026 17:00;106.38
09/01/2026 17:15;106.38
09/01/2026 17:30;106.39
09/01/2026 17:45;106.39
09/01/2026 18:00;106.39
09/01/2026 18:15;106.37
09/01/2026 18:30;106.35
09/01/2026 18:45;106.36
09/01/2026 19:00;106.35
09/01/2026 19:15;106.34
09/01/2026 19:30;106.35
09/01/2026 19:45;106.36
09/01/2026 20:00;106.34
09/01/2026 20:15;106.3
09/01/2026 20:30;106.3
09/01/2026 20:45;106.3
09/01/2026 21:00;106.29
09/01/2026 21:15;106.27
09/01/2026 21:30;106.26
09/01/2026 21:45;106.25
09/01/2026 22:00;106.25
09/01/2026 22:15;106.23
09/01/2026 22:30;106.24
09/01/2026 22:45;106.23
09/01/2026 23:00;106.24
09/01/2026 23:15;106.23
09/01/2026 23:30;106.25
09/01/2026 23:45;106.24
10/01/2026 00:00;106.23
10/01/2026 00:15;106.22
10/01/2026 00:30;106.22
10/01/2026 00:45;106.22
10/01/2026 01:00;106.21
10/01/2026 01:15;106.22
10/01/2026 01:30;106.24
10/01/2026 01:45;106.23
10/01/2026 02:00;106.24
10/01/2026 02:15;106.24
10/01/2026 02:30;106.25
10/01/2026 02:45;106.26
10/01/2026 03:00;106.26
10/01/2026 03:15;106.27
10/01/2026 03:30;106.26
10/01/2026 03:45;106.25
10/01/2026 04:00;106.25
10/01/2026 04:15;106.25
10/01/2026 04:30;106.26
10/01/2026 04:45;106.27
10/01/2026 05:00;106.26
10/01/2026 05:15;106.27
10/01/2026 05:30;106.27
10/01/2026 05:45;106.27
10/01/2026 06:00;106.27
10/01/2026 06:15;106.28
10/01/2026 06:30;106.28
10/01/2026 06:45;106.29
10/01/2026 07:00;106.28
10/01/2026 07:15;106.28
10/01/2026 07:30;106.27
10/01/2026 07:45;106.29
10/01/2026 08:00;106.29
10/01/2026 08:15;106.31
10/01/2026 08:30;106.3
10/01/2026 08:45;106.31
10/01/2026 09:00;106.31
10/01/2026 09:15;106.31
10/01/2026 09:30;106.31
10/01/2026 09:45;106.32
10/01/2026 10:00;106.32
10/01/2026 10:15;106.32
10/01/2026 10:30;106.32
10/01/2026 10:45;106.32
10/01/2026 11:00;106.32
10/01/2026 11:15;106.33
10/01/2026 11:30;106.33
10/01/2026 11:45;106.34
10/01/2026 12:00;106.34
10/01/2026 12:15;106.35
10/01/2026 12:30;106.34
10/01/2026 12:45;106.35
10/01/2026 13:00;106.35
10/01/2026 13:15;106.35
10/01/2026 13:30;106.36
10/01/2026 13:45;106.36
10/01/2026 14:00;106.37
10/01/2026 14:15;106.37
10/01/2026 14:30;106.37
10/01/2026 14:45;106.37
10/01/2026 15:00;106.38
10/01/2026 15:15;106.39
10/01/2026 15:30;106.38
10/01/2026 15:45;106.38
10/01/2026 16:00;106.38
10/01/2026 16:15;106.38
10/01/2026 16:30;106.38
10/01/2026 16:45;106.38
10/01/2026 17:00;106.39
10/01/2026 17:15;106.39
10/01/2026 17:30;106.39
10/01/2026 17:45;106.39
10/01/2026 18:00;106.39
10/01/2026 18:15;106.35
10/01/2026 18:30;106.34
10/01/2026 18:45;106.35
10/01/2026 19:00;106.34
10/01/2026 19:15;106.33
10/01/2026 19:30;106.33
10/01/2026 19:45;106.34
10/01/2026 20:00;106.34
10/01/2026 20:15;106.31
10/01/2026 20:30;106.32
10/01/2026 20:45;106.3
10/01/2026 21:00;106.3
10/01/2026 21:15;106.27
10/01/2026 21:30;106.24
10/01/2026 21:45;106.21
10/01/2026 22:00;106.2
10/01/2026 22:15;106.21
10/01/2026 22:30;106.22
10/01/2026 22:45;106.21
10/01/2026 23:00;106.22
10/01/2026 23:15;106.24
10/01/2026 23:30;106.25
10/01/2026 23:45;106.22
11/01/2026 00:00;106.21
11/01/2026 00:15;106.21
11/01/2026 00:30;106.2
11/01/2026 00:45;106.19
11/01/2026 01:00;106.17
11/01/2026 01:15;106.19
11/01/2026 01:30;106.2
11/01/2026 01:45;106.2
11/01/2026 02:00;106.22
11/01/2026 02:15;106.22
11/01/2026 02:30;106.24
11/01/2026 02:45;106.24
11/01/2026 03:00;106.24
11/01/2026 03:15;106.23
11/01/2026 03:30;106.22
11/01/2026 03:45;106.21
11/01/2026 04:00;106.21
11/01/2026 04:15;106.2
11/01/2026 04:30;106.22
11/01/2026 04:45;106.22
11/01/2026 05:00;106.24
11/01/2026 05:15;106.25
11/01/2026 05:30;106.26
11/01/2026 05:45;106.26
11/01/2026 06:00;106.26
11/01/2026 06:15;106.25
11/01/2026 06:30;106.26
11/01/2026 06:45;106.24
11/01/2026 07:00;106.25
11/01/2026 07:15;106.24
11/01/2026 07:30;106.25
11/01/2026 07:45;106.26
11/01/2026 08:00;106.27
11/01/2026 08:15;106.27
11/01/2026 08:30;106.29
11/01/2026 08:45;106.28
11/01/2026 09:00;106.29
11/01/2026 09:15;106.28
11/01/2026 09:30;106.28
11/01/2026 09:45;106.28
11/01/2026 10:00;106.28
11/01/2026 10:15;106.28
11/01/2026 10:30;106.28
11/01/2026 10:45;106.29
11/01/2026 11:00;106.3
11/01/2026 11:15;106.3
11/01/2026 11:30;106.31
11/01/2026 11:45;106.32
11/01/2026 12:00;106.32
11/01/2026 12:15;106.32
11/01/2026 12:30;106.32
11/01/2026 12:45;106.32
11/01/2026 13:00;106.32
11/01/2026 13:15;106.32
11/01/2026 13:30;106.32
11/01/2026 13:45;106.33
11/01/2026 14:00;106.33
11/01/2026 14:15;106.34
11/01/2026 14:30;106.34
11/01/2026 14:45;106.35
11/01/2026 15:00;106.35
11/01/2026 15:15;106.35
11/01/2026 15:30;106.35
11/01/2026 15:45;106.35
11/01/2026 16:00;106.35
11/01/2026 16:15;106.36
11/01/2026 16:30;106.36
11/01/2026 16:45;106.37
11/01/2026 17:00;106.37
11/01/2026 17:15;106.36
11/01/2026 17:30;106.36
11/01/2026 17:45;106.37
11/01/2026 18:00;106.36
11/01/2026 18:15;106.34
11/01/2026 18:30;106.32
11/01/2026 18:45;106.33
11/01/2026 19:00;106.32
11/01/2026 19:15;106.31
11/01/2026 19:30;106.31
11/01/2026 19:45;106.31
11/01/2026 20:00;106.3
11/01/2026 20:15;106.28
11/01/2026 20:30;106.28
11/01/2026 20:45;106.27
11/01/2026 21:00;106.25
11/01/2026 21:15;106.24
11/01/2026 21:30;106.22
11/01/2026 21:45;106.22
11/01/2026 22:00;106.2
11/01/2026 22:15;106.21
11/01/2026 22:30;106.23
11/01/2026 22:45;106.23
11/01/2026 23:00;106.23
11/01/2026 23:15;106.22
11/01/2026 23:30;106.23
11/01/2026 23:45;106.23
12/01/2026 00:00;106.2
12/01/2026 00:15;106.21
12/01/2026 00:30;106.21
12/01/2026 00:45;106.2
12/01/2026 01:00;106.21
12/01/2026 01:15;106.2
12/01/2026 01:30;106.23
12/01/2026 01:45;106.25
12/01/2026 02:00;106.25
12/01/2026 02:15;106.27
12/01/2026 02:30;106.25
12/01/2026 02:45;106.26
12/01/2026 03:00;106.26
12/01/2026 03:15;106.25
12/01/2026 03:30;106.26
12/01/2026 03:45;106.25
12/01/2026 04:00;106.27
12/01/2026 04:15;106.27
12/01/2026 04:30;106.27
12/01/2026 04:45;106.29
12/01/2026 05:00;106.3
12/01/2026 05:15;106.31
12/01/2026 05:30;106.32
12/01/2026 05:45;106.31
12/01/2026 06:00;106.31
12/01/2026 06:15;106.31
12/01/2026 06:30;106.31
12/01/2026 06:45;106.32
12/01/2026 07:00;106.31
12/01/2026 07:15;106.3
12/01/2026 07:30;106.31
12/01/2026 07:45;106.3
12/01/2026 08:00;106.32
12/01/2026 08:15;106.31
12/01/2026 08:30;106.32
12/01/2026 08:45;106.33
12/01/2026 09:00;106.32
12/01/2026 09:15;106.3
12/01/2026 09:30;106.31
12/01/2026 09:45;106.29
12/01/2026 10:00;106.3
12/01/2026 10:15;106.29
12/01/2026 10:30;106.32
12/01/2026 10:45;106.31
12/01/2026 11:00;106.31
12/01/2026 11:15;106.32
12/01/2026 11:30;106.32
12/01/2026 11:45;106.33
12/01/2026 12:00;106.33
12/01/2026 12:15;106.33
12/01/2026 12:30;106.34
12/01/2026 12:45;106.33
12/01/2026 13:00;106.34
12/01/2026 13:15;106.35
12/01/2026 13:30;106.36
12/01/2026 13:45;106.37
12/01/2026 14:00;106.38
12/01/2026 14:15;106.39
12/01/2026 14:30;106.4
12/01/2026 14:45;106.39
12/01/2026 15:00;106.4
12/01/2026 15:15;106.4
12/01/2026 15:30;106.4
12/01/2026 15:45;106.41
12/01/2026 16:00;106.41
12/01/2026 16:15;106.42
12/01/2026 16:30;106.43
12/01/2026 16:45;106.44
12/01/2026 17:00;106.45
12/01/2026 17:15;106.45
12/01/2026 17:30;106.45
12/01/2026 17:45;106.45
12/01/2026 18:00;106.45
12/01/2026 18:15;106.44
12/01/2026 18:30;106.41
12/01/2026 18:45;106.42
12/01/2026 19:00;106.42
12/01/2026 19:15;106.42
12/01/2026 19:30;106.42
12/01/2026 19:45;106.43
12/01/2026 20:00;106.44
12/01/2026 20:15;106.44
12/01/2026 20:30;106.43
12/01/2026 20:45;106.45
12/01/2026 21:00;106.44
12/01/2026 21:15;106.46
12/01/2026 21:30;106.43
12/01/2026 21:45;106.43
12/01/2026 22:00;106.43
12/01/2026 22:15;106.44
12/01/2026 22:30;106.44
12/01/2026 22:45;106.46
12/01/2026 23:00;106.46
12/01/2026 23:15;106.5
12/01/2026 23:30;106.48
12/01/2026 23:45;106.5
13/01/2026 00:00;106.5
13/01/2026 00:15;106.52
13/01/2026 00:30;106.52
13/01/2026 00:45;106.52
13/01/2026 01:00;106.52
13/01/2026 01:15;106.54
13/01/2026 01:30;106.52
13/01/2026 01:45;106.55
13/01/2026 02:00;106.55
13/01/2026 02:15;106.57
13/01/2026 02:30;106.57
13/01/2026 02:45;106.58
13/01/2026 03:00;106.59
13/01/2026 03:15;106.61
13/01/2026 03:30;106.61
13/01/2026 03:45;106.61
13/01/2026 04:00;106.61
13/01/2026 04:15;106.62
13/01/2026 04:30;106.61
13/01/2026 04:45;106.63
13/01/2026 05:00;106.64
13/01/2026 05:15;106.65
13/01/2026 05:30;106.66
13/01/2026 05:45;106.67
13/01/2026 06:00;106.67
13/01/2026 06:15;106.68
13/01/2026 06:30;106.68
13/01/2026 06:45;106.7
13/01/2026 07:00;106.7
13/01/2026 07:15;106.7
13/01/2026 07:30;106.71
13/01/2026 07:45;106.72
13/01/2026 08:00;106.72
13/01/2026 08:15;106.73
13/01/2026 08:30;106.74
13/01/2026 08:45;106.75
13/01/2026 09:00;106.77
13/01/2026 09:15;106.77
13/01/2026 09:30;106.77
13/01/2026 09:45;106.79
13/01/2026 10:00;106.79
13/01/2026 10:15;106.79
13/01/2026 10:30;106.8
13/01/2026 10:45;106.81
13/01/2026 11:00;106.81
13/01/2026 11:15;106.82
13/01/2026 11:30;106.83
13/01/2026 11:45;106.83
13/01/2026 12:00;106.84
13/01/2026 12:15;106.86
13/01/2026 12:30;106.86
13/01/2026 12:45;106.87
13/01/2026 13:00;106.87
13/01/2026 13:15;106.88
13/01/2026 13:30;106.89
13/01/2026 13:45;106.89
13/01/2026 14:00;106.9
13/01/2026 14:15;106.92
13/01/2026 14:30;106.92
13/01/2026 14:45;106.93
13/01/2026 15:00;106.95
13/01/2026 15:15;106.95
13/01/2026 15:30;106.95
13/01/2026 15:45;106.96
13/01/2026 16:00;106.97
13/01/2026 16:15;106.98
13/01/2026 16:30;106.98
13/01/2026 16:45;106.99
13/01/2026 17:00;107
13/01/2026 17:15;107
13/01/2026 17:30;107.02
13/01/2026 17:45;107.02
13/01/2026 18:00;107.04
13/01/2026 18:15;107.04
13/01/2026 18:30;107.04
13/01/2026 18:45;107.05
13/01/2026 19:00;107.05
13/01/2026 19:15;107.02
13/01/2026 19:30;107.02
13/01/2026 19:45;107.04
13/01/2026 20:00;107.02
13/01/2026 20:15;107.04
13/01/2026 20:30;107.02
13/01/2026 20:45;107.04
13/01/2026 21:00;107.04
13/01/2026 21:15;107.02
13/01/2026 21:30;107.04
13/01/2026 21:45;107.02
13/01/2026 22:00;107.02
13/01/2026 22:15;107.04
13/01/2026 22:30;107.04
13/01/2026 22:45;107.04
13/01/2026 23:00;107.02
13/01/2026 23:15;107.02
13/01/2026 23:30;107.04
13/01/2026 23:45;107.04
14/01/2026 00:00;107.04
14/01/2026 00:15;107.05
14/01/2026 00:30;107.06
14/01/2026 00:45;107.06
14/01/2026 01:00;107.05
14/01/2026 01:15;107.07
14/01/2026 01:30;107.09
14/01/2026 01:45;107.09
14/01/2026 02:00;107.11
14/01/2026 02:15;107.11
14/01/2026 02:30;107.11
14/01/2026 02:45;107.11
14/01/2026 03:00;107.12
14/01/2026 03:15;107.13
14/01/2026 03:30;107.13
14/01/2026 03:45;107.14
14/01/2026 04:00;107.16
14/01/2026 04:15;107.15
14/01/2026 04:30;107.16
14/01/2026 04:45;107.17
14/01/2026 05:00;107.2
14/01/2026 05:15;107.2
14/01/2026 05:30;107.2
14/01/2026 05:45;107.21
14/01/2026 06:00;107.2
14/01/2026 06:15;107.21
14/01/2026 06:30;107.21
14/01/2026 06:45;107.22
14/01/2026 07:00;107.23
14/01/2026 07:15;107.23
14/01/2026 07:30;107.25
14/01/2026 07:45;107.25
14/01/2026 08:00;107.25
14/01/2026 08:15;107.27
14/01/2026 08:30;107.27
14/01/2026 08:45;107.29
14/01/2026 09:00;107.29
14/01/2026 09:15;107.29
14/01/2026 09:30;107.3
14/01/2026 09:45;107.3
14/01/2026 10:00;107.31
14/01/2026 10:15;107.31
14/01/2026 10:30;107.33
14/01/2026 10:45;107.33
14/01/2026 11:00;107.33
14/01/2026 11:15;107.34
14/01/2026 11:30;107.36
14/01/2026 11:45;107.36
14/01/2026 12:00;107.36
14/01/2026 12:15;107.36
14/01/2026 12:30;107.37
14/01/2026 12:45;107.37
14/01/2026 13:00;107.37
14/01/2026 13:15;107.39
14/01/2026 13:30;107.39
14/01/2026 13:45;107.4
14/01/2026 14:00;107.41
14/01/2026 14:15;107.41
14/01/2026 14:30;107.42
14/01/2026 14:45;107.43
14/01/2026 15:00;107.43
14/01/2026 15:15;107.43
14/01/2026 15:30;107.45
14/01/2026 15:45;107.45
14/01/2026 16:00;107.45
14/01/2026 16:15;107.46
14/01/2026 16:30;107.46
14/01/2026 16:45;107.47
14/01/2026 17:00;107.47
14/01/2026 17:15;107.49
14/01/2026 17:30;107.47
14/01/2026 17:45;107.48
14/01/2026 18:00;107.48
14/01/2026 18:15;107.49
14/01/2026 18:30;107.47
14/01/2026 18:45;107.47
14/01/2026 19:00;107.48
14/01/2026 19:15;107.48
14/01/2026 19:30;107.47
14/01/2026 19:45;107.48
14/01/2026 20:00;107.47
14/01/2026 20:15;107.48
14/01/2026 20:30;107.47
14/01/2026 20:45;107.47
14/01/2026 21:00;107.46
14/01/2026 21:15;107.46
14/01/2026 21:30;107.45
14/01/2026 21:45;107.47
14/01/2026 22:00;107.46
14/01/2026 22:15;107.46
14/01/2026 22:30;107.49
14/01/2026 22:45;107.48
14/01/2026 23:00;107.48
14/01/2026 23:15;107.49
14/01/2026 23:30;107.48
14/01/2026 23:45;107.5
15/01/2026 00:00;107.48
15/01/2026 00:15;107.5
15/01/2026 00:30;107.5
15/01/2026 00:45;107.5
15/01/2026 01:00;107.5
15/01/2026 01:15;107.52
15/01/2026 01:30;107.54
15/01/2026 01:45;107.54
15/01/2026 02:00;107.54
15/01/2026 02:15;107.56
15/01/2026 02:30;107.54
15/01/2026 02:45;107.55
15/01/2026 03:00;107.55
15/01/2026 03:15;107.56
15/01/2026 03:30;107.56
15/01/2026 03:45;107.56
15/01/2026 04:00;107.57
15/01/2026 04:15;107.58
15/01/2026 04:30;107.58
15/01/2026 04:45;107.61
15/01/2026 05:00;107.61
15/01/2026 05:15;107.61
15/01/2026 05:30;107.61
15/01/2026 05:45;107.61
15/01/2026 06:00;107.61
15/01/2026 06:15;107.61
15/01/2026 06:30;107.62
15/01/2026 06:45;107.62
15/01/2026 07:00;107.63
15/01/2026 07:15;107.64
15/01/2026 07:30;107.64
15/01/2026 07:45;107.65
15/01/2026 08:00;107.65
15/01/2026 08:15;107.66
15/01/2026 08:30;107.67
15/01/2026 08:45;107.67
15/01/2026 09:00;107.67
15/01/2026 09:15;107.68
15/01/2026 09:30;107.68
15/01/2026 09:45;107.68
15/01/2026 10:00;107.68
15/01/2026 10:15;107.7
15/01/2026 10:30;107.7
15/01/2026 10:45;107.71
15/01/2026 11:00;107.71
15/01/2026 11:15;107.72
15/01/2026 11:30;107.72
15/01/2026 11:45;107.72
15/01/2026 12:00;107.73
15/01/2026 12:15;107.73
15/01/2026 12:30;107.73
15/01/2026 12:45;107.74
15/01/2026 13:00;107.74
15/01/2026 13:15;107.75
15/01/2026 13:30;107.75
15/01/2026 13:45;107.77
15/01/2026 14:00;107.77
15/01/2026 14:15;107.77
15/01/2026 14:30;107.77
15/01/2026 14:45;107.77
15/01/2026 15:00;107.79
15/01/2026 15:15;107.79
15/01/2026 15:30;107.79
15/01/2026 15:45;107.79
15/01/2026 16:00;107.8
15/01/2026 16:15;107.8
15/01/2026 16:30;107.81
15/01/2026 16:45;107.81
15/01/2026 17:00;107.82
15/01/2026 17:15;107.82
15/01/2026 17:30;107.83
15/01/2026 17:45;107.83
15/01/2026 18:00;107.83
15/01/2026 18:15;107.84
15/01/2026 18:30;107.84
15/01/2026 18:45;107.86
15/01/2026 19:00;107.86
15/01/2026 19:15;107.86
15/01/2026 19:30;107.83
15/01/2026 19:45;107.82
15/01/2026 20:00;107.83
15/01/2026 20:15;107.83
15/01/2026 20:30;107.82
15/01/2026 20:45;107.82
15/01/2026 21:00;107.83
15/01/2026 21:15;107.82
15/01/2026 21:30;107.81
15/01/2026 21:45;107.81
15/01/2026 22:00;107.8
15/01/2026 22:15;107.82
15/01/2026 22:30;107.84
15/01/2026 22:45;107.82
15/01/2026 23:00;107.8
15/01/2026 23:15;107.79
15/01/2026 23:30;107.8
15/01/2026 23:45;107.8
16/01/2026 00:00;107.8
16/01/2026 00:15;107.82
16/01/2026 00:30;107.83
16/01/2026 00:45;107.83
16/01/2026 01:00;107.83
16/01/2026 01:15;107.83
16/01/2026 01:30;107.84
16/01/2026 01:45;107.86
16/01/2026 02:00;107.87
16/01/2026 02:15;107.87
16/01/2026 02:30;107.86
16/01/2026 02:45;107.86
16/01/2026 03:00;107.86
16/01/2026 03:15;107.86
16/01/2026 03:30;107.86
16/01/2026 03:45;107.88
16/01/2026 04:00;107.89
16/01/2026 04:15;107.89
16/01/2026 04:30;107.89
16/01/2026 04:45;107.89
16/01/2026 05:00;107.9
16/01/2026 05:15;107.91
16/01/2026 05:30;107.91
16/01/2026 05:45;107.92
16/01/2026 06:00;107.91
16/01/2026 06:15;107.91
16/01/2026 06:30;107.92
16/01/2026 06:45;107.92
16/01/2026 07:00;107.93
16/01/2026 07:15;107.95
16/01/2026 07:30;107.95
16/01/2026 07:45;107.95
16/01/2026 08:00;107.95
16/01/2026 08:15;107.95
16/01/2026 08:30;107.96
16/01/2026 08:45;107.96
16/01/2026 09:00;107.96
16/01/2026 09:15;107.97
16/01/2026 09:30;107.97
16/01/2026 09:45;107.97
16/01/2026 10:00;107.97
16/01/2026 10:15;107.98
16/01/2026 10:30;107.99
16/01/2026 10:45;107.99
16/01/2026 11:00;108
16/01/2026 11:15;108.02
16/01/2026 11:30;108
16/01/2026 11:45;108.02
16/01/2026 12:00;108.02
16/01/2026 12:15;108.02
16/01/2026 12:30;108.02
16/01/2026 12:45;108.02
16/01/2026 13:00;108.02
16/01/2026 13:15;108.02
16/01/2026 13:30;108.04
16/01/2026 13:45;108.04
16/01/2026 14:00;108.04
16/01/2026 14:15;108.05
16/01/2026 14:30;108.05
16/01/2026 14:45;108.06
16/01/2026 15:00;108.06
16/01/2026 15:15;108.06
16/01/2026 15:30;108.06
16/01/2026 15:45;108.07
16/01/2026 16:00;108.07
16/01/2026 16:15;108.07
16/01/2026 16:30;108.09
16/01/2026 16:45;108.09
16/01/2026 17:00;108.09
16/01/2026 17:15;108.11
16/01/2026 17:30;108.07
16/01/2026 17:45;108.05
16/01/2026 18:00;108.06
16/01/2026 18:15;108.06
16/01/2026 18:30;108.06
16/01/2026 18:45;108.05
16/01/2026 19:00;108.06
16/01/2026 19:15;108.06
16/01/2026 19:30;108.04
16/01/2026 19:45;108.04
16/01/2026 20:00;108.04
16/01/2026 20:15;108.05
16/01/2026 20:30;108.07
16/01/2026 20:45;108.06
16/01/2026 21:00;108.04
16/01/2026 21:15;108.04
16/01/2026 21:30;108.04
16/01/2026 21:45;108.04
16/01/2026 22:00;108.04
16/01/2026 22:15;108.05
16/01/2026 22:30;108.06
16/01/2026 22:45;108.06
16/01/2026 23:00;108.06
16/01/2026 23:15;108.06
16/01/2026 23:30;108.06
16/01/2026 23:45;108.07
17/01/2026 00:00;108.11
17/01/2026 00:15;108.11
17/01/2026 00:30;108.09
17/01/2026 00:45;108.09
17/01/2026 01:00;108.08
17/01/2026 01:15;108.09
17/01/2026 01:30;108.08
17/01/2026 01:45;108.11
17/01/2026 02:00;108.11
17/01/2026 02:15;108.11
17/01/2026 02:30;108.12
17/01/2026 02:45;108.12
17/01/2026 03:00;108.12
17/01/2026 03:15;108.13
17/01/2026 03:30;108.14
17/01/2026 03:45;108.15
17/01/2026 04:00;108.14
17/01/2026 04:15;108.14
17/01/2026 04:30;108.13
17/01/2026 04:45;108.14
17/01/2026 05:00;108.14
17/01/2026 05:15;108.15
17/01/2026 05:30;108.17
17/01/2026 05:45;108.17
17/01/2026 06:00;108.17
17/01/2026 06:15;108.18
17/01/2026 06:30;108.18
17/01/2026 06:45;108.2
17/01/2026 07:00;108.2
17/01/2026 07:15;108.2
17/01/2026 07:30;108.2
17/01/2026 07:45;108.2
17/01/2026 08:00;108.2
17/01/2026 08:15;108.2
17/01/2026 08:30;108.21
17/01/2026 08:45;108.21
17/01/2026 09:00;108.22
17/01/2026 09:15;108.23
17/01/2026 09:30;108.23
17/01/2026 09:45;108.24
17/01/2026 10:00;108.23
17/01/2026 10:15;108.24
17/01/2026 10:30;108.24
17/01/2026 10:45;108.25
17/01/2026 11:00;108.25
17/01/2026 11:15;108.27
17/01/2026 11:30;108.27
17/01/2026 11:45;108.27
17/01/2026 12:00;108.27
17/01/2026 12:15;108.29
17/01/2026 12:30;108.29
17/01/2026 12:45;108.29
17/01/2026 13:00;108.29
17/01/2026 13:15;108.29
17/01/2026 13:30;108.29
17/01/2026 13:45;108.29
17/01/2026 14:00;108.3
17/01/2026 14:15;108.3
17/01/2026 14:30;108.31
17/01/2026 14:45;108.31
17/01/2026 15:00;108.31
17/01/2026 15:15;108.32
17/01/2026 15:30;108.32
17/01/2026 15:45;108.33
17/01/2026 16:00;108.33
17/01/2026 16:15;108.33
17/01/2026 16:30;108.34
17/01/2026 16:45;108.34
17/01/2026 17:00;108.34
17/01/2026 17:15;108.34
17/01/2026 17:30;108.36
17/01/2026 17:45;108.36
17/01/2026 18:00;108.37
17/01/2026 18:15;108.37
17/01/2026 18:30;108.37
17/01/2026 18:45;108.37
17/01/2026 19:00;108.38
17/01/2026 19:15;108.36
17/01/2026 19:30;108.36
17/01/2026 19:45;108.36
17/01/2026 20:00;108.37
17/01/2026 20:15;108.36
17/01/2026 20:30;108.36
17/01/2026 20:45;108.36
17/01/2026 21:00;108.36
17/01/2026 21:15;108.36
17/01/2026 21:30;108.36
17/01/2026 21:45;108.36
17/01/2026 22:00;108.36
17/01/2026 22:15;108.36
17/01/2026 22:30;108.36
17/01/2026 22:45;108.36
17/01/2026 23:00;108.36
17/01/2026 23:15;108.36
17/01/2026 23:30;108.36
17/01/2026 23:45;108.36
18/01/2026 00:00;108.36
18/01/2026 00:15;108.36
18/01/2026 00:30;108.37
18/01/2026 00:45;108.38
18/01/2026 01:00;108.37
18/01/2026 01:15;108.37
18/01/2026 01:30;108.37
18/01/2026 01:45;108.38
18/01/2026 02:00;108.38
18/01/2026 02:15;108.4
18/01/2026 02:30;108.4
18/01/2026 02:45;108.41
18/01/2026 03:00;108.41
18/01/2026 03:15;108.41
18/01/2026 03:30;108.41
18/01/2026 03:45;108.41
18/01/2026 04:00;108.41
18/01/2026 04:15;108.42
18/01/2026 04:30;108.42
18/01/2026 04:45;108.43
18/01/2026 05:00;108.43
18/01/2026 05:15;108.45
18/01/2026 05:30;108.45
18/01/2026 05:45;108.45
18/01/2026 06:00;108.45
18/01/2026 06:15;108.45
18/01/2026 06:30;108.45
18/01/2026 06:45;108.46
18/01/2026 07:00;108.46
18/01/2026 07:15;108.46
18/01/2026 07:30;108.46
18/01/2026 07:45;108.47
18/01/2026 08:00;108.47
18/01/2026 08:15;108.48
18/01/2026 08:30;108.48
18/01/2026 08:45;108.48
18/01/2026 09:00;108.49
18/01/2026 09:15;108.49
18/01/2026 09:30;108.5
18/01/2026 09:45;108.5
18/01/2026 10:00;108.5
18/01/2026 10:15;108.51
18/01/2026 10:30;108.5
18/01/2026 10:45;108.51
18/01/2026 11:00;108.51
18/01/2026 11:15;108.52
18/01/2026 11:30;108.52
18/01/2026 11:45;108.52
18/01/2026 12:00;108.54
18/01/2026 12:15;108.54
18/01/2026 12:30;108.54
18/01/2026 12:45;108.54
18/01/2026 13:00;108.54
18/01/2026 13:15;108.54
18/01/2026 13:30;108.55
18/01/2026 13:45;108.55
18/01/2026 14:00;108.55
18/01/2026 14:15;108.56
18/01/2026 14:30;108.56
18/01/2026 14:45;108.56
18/01/2026 15:00;108.57
18/01/2026 15:15;108.57
18/01/2026 15:30;108.57
18/01/2026 15:45;108.57
18/01/2026 16:00;108.58
18/01/2026 16:15;108.58
18/01/2026 16:30;108.59
18/01/2026 16:45;108.59
18/01/2026 17:00;108.59
18/01/2026 17:15;108.59
18/01/2026 17:30;108.61
18/01/2026 17:45;108.61
18/01/2026 18:00;108.61
18/01/2026 18:15;108.61
18/01/2026 18:30;108.62
18/01/2026 18:45;108.62
18/01/2026 19:00;108.63
18/01/2026 19:15;108.63
18/01/2026 19:30;108.63
18/01/2026 19:45;108.63
18/01/2026 20:00;108.64
18/01/2026 20:15;108.64
18/01/2026 20:30;108.64
18/01/2026 20:45;108.65
18/01/2026 21:00;108.65
18/01/2026 21:15;108.66
18/01/2026 21:30;108.66
18/01/2026 21:45;108.67
18/01/2026 22:00;108.67
18/01/2026 22:15;108.67
18/01/2026 22:30;108.68
18/01/2026 22:45;108.68
18/01/2026 23:00;108.68
18/01/2026 23:15;108.68
18/01/2026 23:30;108.7
18/01/2026 23:45;108.7
19/01/2026 00:00;108.7
19/01/2026 00:15;108.7
19/01/2026 00:30;108.7
19/01/2026 00:45;108.71
19/01/2026 01:00;108.71
19/01/2026 01:15;108.71
19/01/2026 01:30;108.71
19/01/2026 01:45;108.72
19/01/2026 02:00;108.72
19/01/2026 02:15;108.72
19/01/2026 02:30;108.72
19/01/2026 02:45;108.73
19/01/2026 03:00;108.73
19/01/2026 03:15;108.74
19/01/2026 03:30;108.74
19/01/2026 03:45;108.74
19/01/2026 04:00;108.75
19/01/2026 04:15;108.75
19/01/2026 04:30;108.75
19/01/2026 04:45;108.76
19/01/2026 05:00;108.76
19/01/2026 05:15;108.76
19/01/2026 05:30;108.77
19/01/2026 05:45;108.77
19/01/2026 06:00;108.77
19/01/2026 06:15;108.77
19/01/2026 06:30;108.79
19/01/2026 06:45;108.79
19/01/2026 07:00;108.79
19/01/2026 07:15;108.79
19/01/2026 07:30;108.8
19/01/2026 07:45;108.8
19/01/2026 08:00;108.8
19/01/2026 08:15;108.8
19/01/2026 08:30;108.81
19/01/2026 08:45;108.81
19/01/2026 09:00;108.82
19/01/2026 09:15;108.82
19/01/2026 09:30;108.82
19/01/2026 09:45;108.83
19/01/2026 10:00;108.83
19/01/2026 10:15;108.84
19/01/2026 10:30;108.84
19/01/2026 10:45;108.84
19/01/2026 11:00;108.86
19/01/2026 11:15;108.86
19/01/2026 11:30;108.86
19/01/2026 11:45;108.86
19/01/2026 12:00;108.86
19/01/2026 12:15;108.86
19/01/2026 12:30;108.86
19/01/2026 12:45;108.87
19/01/2026 13:00;108.87
19/01/2026 13:15;108.88
19/01/2026 13:30;108.88
19/01/2026 13:45;108.89
19/01/2026 14:00;108.89
19/01/2026 14:15;108.89
19/01/2026 14:30;108.89
19/01/2026 14:45;108.9
19/01/2026 15:00;108.9
19/01/2026 15:15;108.9
19/01/2026 15:30;108.91
19/01/2026 15:45;108.91
19/01/2026 16:00;108.91
19/01/2026 16:15;108.91
19/01/2026 16:30;108.92
19/01/2026 16:45;108.92
19/01/2026 17:00;108.93
19/01/2026 17:15;108.93
19/01/2026 17:30;108.95
19/01/2026 17:45;108.95
19/01/2026 18:00;108.95
19/01/2026 18:15;108.95
19/01/2026 18:30;108.95
19/01/2026 18:45;108.96
19/01/2026 19:00;108.96
19/01/2026 19:15;108.96
19/01/2026 19:30;108.97
19/01/2026 19:45;108.97
19/01/2026 20:00;108.97
19/01/2026 20:15;108.98
19/01/2026 20:30;108.98
19/01/2026 20:45;108.99
19/01/2026 21:00;108.99
19/01/2026 21:15;109
19/01/2026 21:30;109
19/01/2026 21:45;109
19/01/2026 22:00;109
19/01/2026 22:15;109.01
19/01/2026 22:30;109.01
19/01/2026 22:45;109.02
19/01/2026 23:00;109.02
19/01/2026 23:15;109.04
19/01/2026 23:30;109.04
19/01/2026 23:45;109.04
20/01/2026 00:00;109.04
20/01/2026 00:15;109.04
20/01/2026 00:30;109.04
20/01/2026 00:45;109.05
20/01/2026 01:00;109.05
20/01/2026 01:15;109.05
20/01/2026 01:30;109.06
20/01/2026 01:45;109.06
20/01/2026 02:00;109.06
20/01/2026 02:15;109.07
20/01/2026 02:30;109.07
20/01/2026 02:45;109.08
20/01/2026 03:00;109.08
20/01/2026 03:15;109.09
20/01/2026 03:30;109.09
20/01/2026 03:45;109.09
20/01/2026 04:00;109.11
20/01/2026 04:15;109.11
20/01/2026 04:30;109.11
20/01/2026 04:45;109.11
20/01/2026 05:00;109.12
20/01/2026 05:15;109.13
20/01/2026 05:30;109.13
20/01/2026 05:45;109.13
20/01/2026 06:00;109.13
20/01/2026 06:15;109.13
20/01/2026 06:30;109.14
20/01/2026 06:45;109.15
20/01/2026 07:00;109.14
20/01/2026 07:15;109.16
20/01/2026 07:30;109.16
20/01/2026 07:45;109.17
20/01/2026 08:00;109.16
20/01/2026 08:15;109.17
20/01/2026 08:30;109.17
20/01/2026 08:45;109.18
20/01/2026 09:00;109.2
20/01/2026 09:15;109.2
20/01/2026 09:30;109.2
20/01/2026 09:45;109.21
20/01/2026 10:00;109.21
20/01/2026 10:15;109.21
20/01/2026 10:30;109.21
20/01/2026 10:45;109.22
20/01/2026 11:00;109.22
20/01/2026 11:15;109.22
20/01/2026 11:30;109.23
20/01/2026 11:45;109.23
20/01/2026 12:00;109.24
20/01/2026 12:15;109.24
20/01/2026 12:30;109.25
20/01/2026 12:45;109.25
20/01/2026 13:00;109.26
20/01/2026 13:15;109.26
20/01/2026 13:30;109.27
20/01/2026 13:45;109.27
20/01/2026 14:00;109.27
20/01/2026 14:15;109.29
20/01/2026 14:30;109.29
20/01/2026 14:45;109.29
20/01/2026 15:00;109.29
20/01/2026 15:15;109.29
20/01/2026 15:30;109.29
20/01/2026 15:45;109.3
20/01/2026 16:00;109.3
20/01/2026 16:15;109.31
20/01/2026 16:30;109.31
20/01/2026 16:45;109.32
20/01/2026 17:00;109.32
20/01/2026 17:15;109.32
20/01/2026 17:30;109.33
20/01/2026 17:45;109.33
20/01/2026 18:00;109.34
20/01/2026 18:15;109.34
20/01/2026 18:30;109.36
20/01/2026 18:45;109.36
20/01/2026 19:00;109.36
20/01/2026 19:15;109.36
20/01/2026 19:30;109.37
20/01/2026 19:45;109.37
20/01/2026 20:00;109.38
20/01/2026 20:15;109.38
20/01/2026 20:30;109.38
20/01/2026 20:45;109.38
20/01/2026 21:00;109.39
20/01/2026 21:15;109.39
20/01/2026 21:30;109.4
20/01/2026 21:45;109.4
20/01/2026 22:00;109.41
20/01/2026 22:15;109.41
20/01/2026 22:30;109.42
20/01/2026 22:45;109.42
20/01/2026 23:00;109.43
20/01/2026 23:15;109.43
20/01/2026 23:30;109.43
20/01/2026 23:45;109.45
21/01/2026 00:00;109.45
21/01/2026 00:15;109.45
21/01/2026 00:30;109.45
21/01/2026 00:45;109.45
21/01/2026 01:00;109.46
21/01/2026 01:15;109.46
21/01/2026 01:30;109.47
21/01/2026 01:45;109.47
21/01/2026 02:00;109.48
21/01/2026 02:15;109.48
21/01/2026 02:30;109.49
21/01/2026 02:45;109.49
21/01/2026 03:00;109.49
21/01/2026 03:15;109.49
21/01/2026 03:30;109.5
21/01/2026 03:45;109.5
21/01/2026 04:00;109.51
21/01/2026 04:15;109.51
21/01/2026 04:30;109.52
21/01/2026 04:45;109.52
21/01/2026 05:00;109.52
21/01/2026 05:15;109.54
21/01/2026 05:30;109.54
21/01/2026 05:45;109.54
21/01/2026 06:00;109.54
21/01/2026 06:15;109.55
21/01/2026 06:30;109.55
21/01/2026 06:45;109.56
21/01/2026 07:00;109.56
21/01/2026 07:15;109.57
21/01/2026 07:30;109.57
21/01/2026 07:45;109.57
21/01/2026 08:00;109.58
21/01/2026 08:15;109.58
21/01/2026 08:30;109.59
21/01/2026 08:45;109.59
21/01/2026 09:00;109.61
21/01/2026 09:15;109.61
21/01/2026 09:30;109.61
21/01/2026 09:45;109.61
21/01/2026 10:00;109.61
21/01/2026 10:15;109.61
21/01/2026 10:30;109.62
21/01/2026 10:45;109.62
21/01/2026 11:00;109.63
21/01/2026 11:15;109.63
21/01/2026 11:30;109.64
21/01/2026 11:45;109.64
21/01/2026 12:00;109.64
21/01/2026 12:15;109.65
21/01/2026 12:30;109.66
21/01/2026 12:45;109.66
21/01/2026 13:00;109.66
21/01/2026 13:15;109.67
21/01/2026 13:30;109.67
21/01/2026 13:45;109.67
21/01/2026 14:00;109.67
21/01/2026 14:15;109.7
21/01/2026 14:30;109.68
21/01/2026 14:45;109.7
21/01/2026 15:00;109.7
21/01/2026 15:15;109.7
21/01/2026 15:30;109.7
21/01/2026 15:45;109.7
21/01/2026 16:00;109.71
21/01/2026 16:15;109.71
21/01/2026 16:30;109.72
21/01/2026 16:45;109.72
21/01/2026 17:00;109.72
21/01/2026 17:15;109.73
21/01/2026 17:30;109.73
21/01/2026 17:45;109.74
21/01/2026 18:00;109.75
21/01/2026 18:15;109.75
21/01/2026 18:30;109.75
21/01/2026 18:45;109.75
21/01/2026 19:00;109.76
21/01/2026 19:15;109.76
21/01/2026 19:30;109.76
21/01/2026 19:45;109.77
21/01/2026 20:00;109.77
21/01/2026 20:15;109.79
21/01/2026 20:30;109.79
21/01/2026 20:45;109.79
21/01/2026 21:00;109.79
21/01/2026 21:15;109.8
21/01/2026 21:30;109.8
21/01/2026 21:45;109.8
21/01/2026 22:00;109.8
21/01/2026 22:15;109.81
21/01/2026 22:30;109.81
21/01/2026 22:45;109.82
21/01/2026 23:00;109.82
21/01/2026 23:15;109.82
21/01/2026 23:30;109.83
21/01/2026 23:45;109.84
22/01/2026 00:00;109.84
22/01/2026 00:15;109.84
22/01/2026 00:30;109.84
22/01/2026 00:45;109.87
22/01/2026 01:00;109.86
22/01/2026 01:15;109.86
22/01/2026 01:30;109.88
22/01/2026 01:45;109.88
22/01/2026 02:00;109.88
22/01/2026 02:15;109.88
22/01/2026 02:30;109.88
22/01/2026 02:45;109.88
22/01/2026 03:00;109.88
22/01/2026 03:15;109.9
22/01/2026 03:30;109.9
22/01/2026 03:45;109.9
22/01/2026 04:00;109.91
22/01/2026 04:15;109.91
22/01/2026 04:30;109.91
22/01/2026 04:45;109.92
22/01/2026 05:00;109.93
22/01/2026 05:15;109.93
22/01/2026 05:30;109.93
22/01/2026 05:45;109.95
22/01/2026 06:00;109.95
22/01/2026 06:15;109.95
22/01/2026 06:30;109.95
22/01/2026 06:45;109.95
22/01/2026 07:00;109.95
22/01/2026 07:15;109.96
22/01/2026 07:30;109.98
22/01/2026 07:45;109.98
22/01/2026 08:00;109.98
22/01/2026 08:15;109.98
22/01/2026 08:30;109.99
22/01/2026 08:45;110
22/01/2026 09:00;110
22/01/2026 09:15;110
22/01/2026 09:30;110
22/01/2026 09:45;110
22/01/2026 10:00;110.01
22/01/2026 10:15;110.01
22/01/2026 10:30;110.02
22/01/2026 10:45;110.02
22/01/2026 11:00;110.04
22/01/2026 11:15;110.04
22/01/2026 11:30;110.04
22/01/2026 11:45;110.05
22/01/2026 12:00;110.05
22/01/2026 12:15;110.05
22/01/2026 12:30;110.06
22/01/2026 12:45;110.06
22/01/2026 13:00;110.06
22/01/2026 13:15;110.07
22/01/2026 13:30;110.07
22/01/2026 13:45;110.07
22/01/2026 14:00;110.07
22/01/2026 14:15;110.08
22/01/2026 14:30;110.09
22/01/2026 14:45;110.08
22/01/2026 15:00;110.11
22/01/2026 15:15;110.09
22/01/2026 15:30;110.11
22/01/2026 15:45;110.11
22/01/2026 16:00;110.11
22/01/2026 16:15;110.11
22/01/2026 16:30;110.11
22/01/2026 16:45;110.12
22/01/2026 17:00;110.12
22/01/2026 17:15;110.12
22/01/2026 17:30;110.12
22/01/2026 17:45;110.12
22/01/2026 18:00;110.13
22/01/2026 18:15;110.13
22/01/2026 18:30;110.13
22/01/2026 18:45;110.14
22/01/2026 19:00;110.14
22/01/2026 19:15;110.14
22/01/2026 19:30;110.12
22/01/2026 19:45;110.12
22/01/2026 20:00;110.12
22/01/2026 20:15;110.12
22/01/2026 20:30;110.12
22/01/2026 20:45;110.12
22/01/2026 21:00;110.13
22/01/2026 21:15;110.12
22/01/2026 21:30;110.12
22/01/2026 21:45;110.12
22/01/2026 22:00;110.12
22/01/2026 22:15;110.13
22/01/2026 22:30;110.12
22/01/2026 22:45;110.13
22/01/2026 23:00;110.13
22/01/2026 23:15;110.13
22/01/2026 23:30;110.12
22/01/2026 23:45;110.12
23/01/2026 00:00;110.13
23/01/2026 00:15;110.13
23/01/2026 00:30;110.14
23/01/2026 00:45;110.14
23/01/2026 01:00;110.14
23/01/2026 01:15;110.15
23/01/2026 01:30;110.15
23/01/2026 01:45;110.16
23/01/2026 02:00;110.16
23/01/2026 02:15;110.17
23/01/2026 02:30;110.17
23/01/2026 02:45;110.17
23/01/2026 03:00;110.17
23/01/2026 03:15;110.17
23/01/2026 03:30;110.18
23/01/2026 03:45;110.18
23/01/2026 04:00;110.18
23/01/2026 04:15;110.2
23/01/2026 04:30;110.2
23/01/2026 04:45;110.2
23/01/2026 05:00;110.2
23/01/2026 05:15;110.2
23/01/2026 05:30;110.21
23/01/2026 05:45;110.21
23/01/2026 06:00;110.22
23/01/2026 06:15;110.22
23/01/2026 06:30;110.22
23/01/2026 06:45;110.22
23/01/2026 07:00;110.22
23/01/2026 07:15;110.23
23/01/2026 07:30;110.24
23/01/2026 07:45;110.24
23/01/2026 08:00;110.24
23/01/2026 08:15;110.25
23/01/2026 08:30;110.26
23/01/2026 08:45;110.27
23/01/2026 09:00;110.27
23/01/2026 09:15;110.27
23/01/2026 09:30;110.29
23/01/2026 09:45;110.29
23/01/2026 10:00;110.29
23/01/2026 10:15;110.29
23/01/2026 10:30;110.29
23/01/2026 10:45;110.29
23/01/2026 11:00;110.29
23/01/2026 11:15;110.3
23/01/2026 11:30;110.31
23/01/2026 11:45;110.31
23/01/2026 12:00;110.31
23/01/2026 12:15;110.32
23/01/2026 12:30;110.32
23/01/2026 12:45;110.33
23/01/2026 13:00;110.32
23/01/2026 13:15;110.33
23/01/2026 13:30;110.33
23/01/2026 13:45;110.34
23/01/2026 14:00;110.34
23/01/2026 14:15;110.34
23/01/2026 14:30;110.36
23/01/2026 14:45;110.36
23/01/2026 15:00;110.36
23/01/2026 15:15;110.36
23/01/2026 15:30;110.37
23/01/2026 15:45;110.37
23/01/2026 16:00;110.37
23/01/2026 16:15;110.37
23/01/2026 16:30;110.38
23/01/2026 16:45;110.38
23/01/2026 17:00;110.38
23/01/2026 17:15;110.38
23/01/2026 17:30;110.38
23/01/2026 17:45;110.39
23/01/2026 18:00;110.39
23/01/2026 18:15;110.38
23/01/2026 18:30;110.36
23/01/2026 18:45;110.38
23/01/2026 19:00;110.37
23/01/2026 19:15;110.36
23/01/2026 19:30;110.36
23/01/2026 19:45;110.36
23/01/2026 20:00;110.36
23/01/2026 20:15;110.34
23/01/2026 20:30;110.34
23/01/2026 20:45;110.36
23/01/2026 21:00;110.33
23/01/2026 21:15;110.34
23/01/2026 21:30;110.32
23/01/2026 21:45;110.31
23/01/2026 22:00;110.31
23/01/2026 22:15;110.3
23/01/2026 22:30;110.31
23/01/2026 22:45;110.33
23/01/2026 23:00;110.32
23/01/2026 23:15;110.32
23/01/2026 23:30;110.31
23/01/2026 23:45;110.33
24/01/2026 00:00;110.31
24/01/2026 00:15;110.31
24/01/2026 00:30;110.29
24/01/2026 00:45;110.27
24/01/2026 01:00;110.29
24/01/2026 01:15;110.27
24/01/2026 01:30;110.26
24/01/2026 01:45;110.26
24/01/2026 02:00;110.29
24/01/2026 02:15;110.29
24/01/2026 02:30;110.29
24/01/2026 02:45;110.29
24/01/2026 03:00;110.29
24/01/2026 03:15;110.29
24/01/2026 03:30;110.27
24/01/2026 03:45;110.25
24/01/2026 04:00;110.24
24/01/2026 04:15;110.25
24/01/2026 04:30;110.26
24/01/2026 04:45;110.26
24/01/2026 05:00;110.25
24/01/2026 05:15;110.26
24/01/2026 05:30;110.26
24/01/2026 05:45;110.26
24/01/2026 06:00;110.27
24/01/2026 06:15;110.29
24/01/2026 06:30;110.3
24/01/2026 06:45;110.3
24/01/2026 07:00;110.3
24/01/2026 07:15;110.3
24/01/2026 07:30;110.29
24/01/2026 07:45;110.29
24/01/2026 08:00;110.31
24/01/2026 08:15;110.31
24/01/2026 08:30;110.32
24/01/2026 08:45;110.33
24/01/2026 09:00;110.33
24/01/2026 09:15;110.33
24/01/2026 09:30;110.34
24/01/2026 09:45;110.34
24/01/2026 10:00;110.34
24/01/2026 10:15;110.34
24/01/2026 10:30;110.36
24/01/2026 10:45;110.34
24/01/2026 11:00;110.34
24/01/2026 11:15;110.36
24/01/2026 11:30;110.36
24/01/2026 11:45;110.37
24/01/2026 12:00;110.38
24/01/2026 12:15;110.39
24/01/2026 12:30;110.39
24/01/2026 12:45;110.4
24/01/2026 13:00;110.39
24/01/2026 13:15;110.4
24/01/2026 13:30;110.4
24/01/2026 13:45;110.4
24/01/2026 14:00;110.4
24/01/2026 14:15;110.39
24/01/2026 14:30;110.4
24/01/2026 14:45;110.41
24/01/2026 15:00;110.42
24/01/2026 15:15;110.43
24/01/2026 15:30;110.45
24/01/2026 15:45;110.45
24/01/2026 16:00;110.45
24/01/2026 16:15;110.45
24/01/2026 16:30;110.45
24/01/2026 16:45;110.45
24/01/2026 17:00;110.45
24/01/2026 17:15;110.45
24/01/2026 17:30;110.45
24/01/2026 17:45;110.45
24/01/2026 18:00;110.45
24/01/2026 18:15;110.46
24/01/2026 18:30;110.47
24/01/2026 18:45;110.47
24/01/2026 19:00;110.48
24/01/2026 19:15;110.48
24/01/2026 19:30;110.47
24/01/2026 19:45;110.47
24/01/2026 20:00;110.48
24/01/2026 20:15;110.49
24/01/2026 20:30;110.49
24/01/2026 20:45;110.49
24/01/2026 21:00;110.49
24/01/2026 21:15;110.49
24/01/2026 21:30;110.49
24/01/2026 21:45;110.51
24/01/2026 22:00;110.52
24/01/2026 22:15;110.52
24/01/2026 22:30;110.52
24/01/2026 22:45;110.52
24/01/2026 23:00;110.52
24/01/2026 23:15;110.52
24/01/2026 23:30;110.54
24/01/2026 23:45;110.54
25/01/2026 00:00;110.54
25/01/2026 00:15;110.54
25/01/2026 00:30;110.54
25/01/2026 00:45;110.54
25/01/2026 01:00;110.55
25/01/2026 01:15;110.56
25/01/2026 01:30;110.56
25/01/2026 01:45;110.56
25/01/2026 02:00;110.56
25/01/2026 02:15;110.57
25/01/2026 02:30;110.57
25/01/2026 02:45;110.57
25/01/2026 03:00;110.57
25/01/2026 03:15;110.57
25/01/2026 03:30;110.57
25/01/2026 03:45;110.58
25/01/2026 04:00;110.59
25/01/2026 04:15;110.59
25/01/2026 04:30;110.59
25/01/2026 04:45;110.6
25/01/2026 05:00;110.6
25/01/2026 05:15;110.6
25/01/2026 05:30;110.6
25/01/2026 05:45;110.61
25/01/2026 06:00;110.61
25/01/2026 06:15;110.61
25/01/2026 06:30;110.61
25/01/2026 06:45;110.61
25/01/2026 07:00;110.62
25/01/2026 07:15;110.62
25/01/2026 07:30;110.62
25/01/2026 07:45;110.63
25/01/2026 08:00;110.64
25/01/2026 08:15;110.64
25/01/2026 08:30;110.64
25/01/2026 08:45;110.64
25/01/2026 09:00;110.65
25/01/2026 09:15;110.65
25/01/2026 09:30;110.65
25/01/2026 09:45;110.66
25/01/2026 10:00;110.66
25/01/2026 10:15;110.66
25/01/2026 10:30;110.67
25/01/2026 10:45;110.68
25/01/2026 11:00;110.68
25/01/2026 11:15;110.68
25/01/2026 11:30;110.7
25/01/2026 11:45;110.7
25/01/2026 12:00;110.7
25/01/2026 12:15;110.7
25/01/2026 12:30;110.71
25/01/2026 12:45;110.71
25/01/2026 13:00;110.71
25/01/2026 13:15;110.72
25/01/2026 13:30;110.72
25/01/2026 13:45;110.73
25/01/2026 14:00;110.73
25/01/2026 14:15;110.74
25/01/2026 14:30;110.75
25/01/2026 14:45;110.74
25/01/2026 15:00;110.75
25/01/2026 15:15;110.74
25/01/2026 15:30;110.74
25/01/2026 15:45;110.74
25/01/2026 16:00;110.75
25/01/2026 16:15;110.75
25/01/2026 16:30;110.77
25/01/2026 16:45;110.77
25/01/2026 17:00;110.77
25/01/2026 17:15;110.79
25/01/2026 17:30;110.8
25/01/2026 17:45;110.79
25/01/2026 18:00;110.79
25/01/2026 18:15;110.8
25/01/2026 18:30;110.8
25/01/2026 18:45;110.79
25/01/2026 19:00;110.79
25/01/2026 19:15;110.76
25/01/2026 19:30;110.79
25/01/2026 19:45;110.77
25/01/2026 20:00;110.77
25/01/2026 20:15;110.79
25/01/2026 20:30;110.77
25/01/2026 20:45;110.79
25/01/2026 21:00;110.8
25/01/2026 21:15;110.79
25/01/2026 21:30;110.79
25/01/2026 21:45;110.77
25/01/2026 22:00;110.8
25/01/2026 22:15;110.76
25/01/2026 22:30;110.76
25/01/2026 22:45;110.76
25/01/2026 23:00;110.75
25/01/2026 23:15;110.79
25/01/2026 23:30;110.77
25/01/2026 23:45;110.79
26/01/2026 00:00;110.79
26/01/2026 00:15;110.79
26/01/2026 00:30;110.8
26/01/2026 00:45;110.79
26/01/2026 01:00;110.8
26/01/2026 01:15;110.8
26/01/2026 01:30;110.8
26/01/2026 01:45;110.8
26/01/2026 02:00;110.79
26/01/2026 02:15;110.81
26/01/2026 02:30;110.8
26/01/2026 02:45;110.82
26/01/2026 03:00;110.83
26/01/2026 03:15;110.83
26/01/2026 03:30;110.84
26/01/2026 03:45;110.84
26/01/2026 04:00;110.85
26/01/2026 04:15;110.84
26/01/2026 04:30;110.84
26/01/2026 04:45;110.85
26/01/2026 05:00;110.85
26/01/2026 05:15;110.85
26/01/2026 05:30;110.85
26/01/2026 05:45;110.86
26/01/2026 06:00;110.86
26/01/2026 06:15;110.86
26/01/2026 06:30;110.87
26/01/2026 06:45;110.87
26/01/2026 07:00;110.88
26/01/2026 07:15;110.88
26/01/2026 07:30;110.89
26/01/2026 07:45;110.89
26/01/2026 08:00;110.89
26/01/2026 08:15;110.9
26/01/2026 08:30;110.9
26/01/2026 08:45;110.9
26/01/2026 09:00;110.9
26/01/2026 09:15;110.9
26/01/2026 09:30;110.91
26/01/2026 09:45;110.91
26/01/2026 10:00;110.9
26/01/2026 10:15;110.9
26/01/2026 10:30;110.91
26/01/2026 10:45;110.91
26/01/2026 11:00;110.9
26/01/2026 11:15;110.9
26/01/2026 11:30;110.91
26/01/2026 11:45;110.9
26/01/2026 12:00;110.9
26/01/2026 12:15;110.9
26/01/2026 12:30;110.91
26/01/2026 12:45;110.93
26/01/2026 13:00;110.93
26/01/2026 13:15;110.92
26/01/2026 13:30;110.92
26/01/2026 13:45;110.93
26/01/2026 14:00;110.92
26/01/2026 14:15;110.92
26/01/2026 14:30;110.93
26/01/2026 14:45;110.93
26/01/2026 15:00;110.93
26/01/2026 15:15;110.92
26/01/2026 15:30;110.93
26/01/2026 15:45;110.93
26/01/2026 16:00;110.95
26/01/2026 16:15;110.95
26/01/2026 16:30;110.95
26/01/2026 16:45;110.96
26/01/2026 17:00;110.96
26/01/2026 17:15;110.96
26/01/2026 17:30;110.96
26/01/2026 17:45;110.97
26/01/2026 18:00;110.96
26/01/2026 18:15;110.95
26/01/2026 18:30;110.95
26/01/2026 18:45;110.95
26/01/2026 19:00;110.95
26/01/2026 19:15;110.95
26/01/2026 19:30;110.96
26/01/2026 19:45;110.97
26/01/2026 20:00;110.95
26/01/2026 20:15;110.95
26/01/2026 20:30;110.95
26/01/2026 20:45;110.95
26/01/2026 21:00;110.95
26/01/2026 21:15;110.95
26/01/2026 21:30;110.95
26/01/2026 21:45;110.93
26/01/2026 22:00;110.95
26/01/2026 22:15;110.93
26/01/2026 22:30;110.92
26/01/2026 22:45;110.93
26/01/2026 23:00;110.93
26/01/2026 23:15;110.93
26/01/2026 23:30;110.95
26/01/2026 23:45;110.95
27/01/2026 00:00;110.95
27/01/2026 00:15;110.95
27/01/2026 00:30;110.95
27/01/2026 00:45;110.95
27/01/2026 01:00;110.95
27/01/2026 01:15;110.95
27/01/2026 01:30;110.96
27/01/2026 01:45;110.96
27/01/2026 02:00;110.96
27/01/2026 02:15;110.97
27/01/2026 02:30;110.97
27/01/2026 02:45;110.97
27/01/2026 03:00;110.98
27/01/2026 03:15;110.98
27/01/2026 03:30;110.99
27/01/2026 03:45;110.99
27/01/2026 04:00;111
27/01/2026 04:15;111
27/01/2026 04:30;111
27/01/2026 04:45;111
27/01/2026 05:00;111
27/01/2026 05:15;111.01
27/01/2026 05:30;111.01
27/01/2026 05:45;111.01
27/01/2026 06:00;111.01
27/01/2026 06:15;111.02
27/01/2026 06:30;111.04
27/01/2026 06:45;111.04
27/01/2026 07:00;111.04
27/01/2026 07:15;111.04
27/01/2026 07:30;111.05
27/01/2026 07:45;111.05
27/01/2026 08:00;111.05
27/01/2026 08:15;111.05
27/01/2026 08:30;111.05
27/01/2026 08:45;111.07
27/01/2026 09:00;111.06
27/01/2026 09:15;111.07
27/01/2026 09:30;111.07
27/01/2026 09:45;111.07
27/01/2026 10:00;111.08
27/01/2026 10:15;111.08
27/01/2026 10:30;111.08
27/01/2026 10:45;111.09
27/01/2026 11:00;111.09
27/01/2026 11:15;111.1
27/01/2026 11:30;111.09
27/01/2026 11:45;111.1
27/01/2026 12:00;111.1
27/01/2026 12:15;111.1
27/01/2026 12:30;111.11
27/01/2026 12:45;111.11
27/01/2026 13:00;111.11
27/01/2026 13:15;111.12
27/01/2026 13:30;111.13
27/01/2026 13:45;111.12
27/01/2026 14:00;111.13
27/01/2026 14:15;111.13
27/01/2026 14:30;111.14
27/01/2026 14:45;111.14
27/01/2026 15:00;111.14
27/01/2026 15:15;111.15
27/01/2026 15:30;111.15
27/01/2026 15:45;111.16
27/01/2026 16:00;111.17
27/01/2026 16:15;111.17
27/01/2026 16:30;111.17
27/01/2026 16:45;111.18
27/01/2026 17:00;111.18
27/01/2026 17:15;111.18
27/01/2026 17:30;111.18
27/01/2026 17:45;111.2
27/01/2026 18:00;111.18
27/01/2026 18:15;111.17
27/01/2026 18:30;111.18
27/01/2026 18:45;111.18
27/01/2026 19:00;111.2
27/01/2026 19:15;111.2
27/01/2026 19:30;111.2
27/01/2026 19:45;111.2
27/01/2026 20:00;111.2
27/01/2026 20:15;111.2
27/01/2026 20:30;111.2
27/01/2026 20:45;111.2
27/01/2026 21:00;111.2
27/01/2026 21:15;111.18
27/01/2026 21:30;111.17
27/01/2026 21:45;111.15
27/01/2026 22:00;111.16
27/01/2026 22:15;111.16
27/01/2026 22:30;111.16
27/01/2026 22:45;111.16
27/01/2026 23:00;111.16
27/01/2026 23:15;111.2
27/01/2026 23:30;111.18
27/01/2026 23:45;111.18
28/01/2026 00:00;111.18
28/01/2026 00:15;111.2
28/01/2026 00:30;111.2
28/01/2026 00:45;111.18
28/01/2026 01:00;111.2
28/01/2026 01:15;111.2
28/01/2026 01:30;111.2
28/01/2026 01:45;111.2
28/01/2026 02:00;111.2
28/01/2026 02:15;111.2
28/01/2026 02:30;111.21
28/01/2026 02:45;111.21
28/01/2026 03:00;111.22
28/01/2026 03:15;111.22
28/01/2026 03:30;111.23
28/01/2026 03:45;111.23
28/01/2026 04:00;111.23
28/01/2026 04:15;111.23
28/01/2026 04:30;111.23
28/01/2026 04:45;111.23
28/01/2026 05:00;111.23
28/01/2026 05:15;111.24
28/01/2026 05:30;111.24
28/01/2026 05:45;111.25
28/01/2026 06:00;111.25
28/01/2026 06:15;111.26
28/01/2026 06:30;111.26
28/01/2026 06:45;111.26
28/01/2026 07:00;111.27
28/01/2026 07:15;111.27
28/01/2026 07:30;111.27
28/01/2026 07:45;111.29
28/01/2026 08:00;111.29
28/01/2026 08:15;111.29
28/01/2026 08:30;111.29
28/01/2026 08:45;111.29
28/01/2026 09:00;111.29
28/01/2026 09:15;111.27
28/01/2026 09:30;111.29
28/01/2026 09:45;111.3
28/01/2026 10:00;111.29
28/01/2026 10:15;111.29
28/01/2026 10:30;111.3
28/01/2026 10:45;111.31
28/01/2026 11:00;111.3
28/01/2026 11:15;111.31
28/01/2026 11:30;111.31
28/01/2026 11:45;111.3
28/01/2026 12:00;111.31
28/01/2026 12:15;111.29
28/01/2026 12:30;111.29
28/01/2026 12:45;111.29
28/01/2026 13:00;111.3
28/01/2026 13:15;111.3
28/01/2026 13:30;111.29
28/01/2026 13:45;111.31
28/01/2026 14:00;111.3
28/01/2026 14:15;111.3
28/01/2026 14:30;111.3
28/01/2026 14:45;111.3
28/01/2026 15:00;111.3
28/01/2026 15:15;111.29
28/01/2026 15:30;111.29
28/01/2026 15:45;111.29
28/01/2026 16:00;111.29
28/01/2026 16:15;111.29
28/01/2026 16:30;111.29
28/01/2026 16:45;111.29
28/01/2026 17:00;111.29
28/01/2026 17:15;111.29
28/01/2026 17:30;111.29
28/01/2026 17:45;111.29
28/01/2026 18:00;111.29
28/01/2026 18:15;111.29
28/01/2026 18:30;111.29
28/01/2026 18:45;111.29
28/01/2026 19:00;111.29
28/01/2026 19:15;111.3
28/01/2026 19:30;111.29
28/01/2026 19:45;111.29
28/01/2026 20:00;111.29
28/01/2026 20:15;111.29
28/01/2026 20:30;111.29
28/01/2026 20:45;111.29
28/01/2026 21:00;111.29
28/01/2026 21:15;111.3
28/01/2026 21:30;111.31
28/01/2026 21:45;111.3
28/01/2026 22:00;111.31
28/01/2026 22:15;111.32
28/01/2026 22:30;111.32
28/01/2026 22:45;111.32
28/01/2026 23:00;111.33
28/01/2026 23:15;111.33
28/01/2026 23:30;111.33
28/01/2026 23:45;111.33
29/01/2026 00:00;111.34
29/01/2026 00:15;111.34
29/01/2026 00:30;111.34
29/01/2026 00:45;111.35
29/01/2026 01:00;111.35
29/01/2026 01:15;111.36
29/01/2026 01:30;111.37
29/01/2026 01:45;111.38
29/01/2026 02:00;111.38
29/01/2026 02:15;111.38
29/01/2026 02:30;111.39
29/01/2026 02:45;111.39
29/01/2026 03:00;111.39
29/01/2026 03:15;111.4
29/01/2026 03:30;111.4
29/01/2026 03:45;111.41
29/01/2026 04:00;111.41
29/01/2026 04:15;111.42
29/01/2026 04:30;111.42
29/01/2026 04:45;111.43
29/01/2026 05:00;111.43
29/01/2026 05:15;111.45
29/01/2026 05:30;111.45
29/01/2026 05:45;111.45
29/01/2026 06:00;111.46
29/01/2026 06:15;111.46
29/01/2026 06:30;111.46
29/01/2026 06:45;111.47
29/01/2026 07:00;111.47
29/01/2026 07:15;111.48
29/01/2026 07:30;111.48
29/01/2026 07:45;111.49
29/01/2026 08:00;111.5
29/01/2026 08:15;111.5
29/01/2026 08:30;111.51
29/01/2026 08:45;111.51
29/01/2026 09:00;111.52
29/01/2026 09:15;111.52
29/01/2026 09:30;111.54
29/01/2026 09:45;111.54
29/01/2026 10:00;111.54
29/01/2026 10:15;111.54
29/01/2026 10:30;111.55
29/01/2026 10:45;111.55
29/01/2026 11:00;111.56
29/01/2026 11:15;111.56
29/01/2026 11:30;111.57
29/01/2026 11:45;111.58
29/01/2026 12:00;111.58
29/01/2026 12:15;111.59
29/01/2026 12:30;111.59
29/01/2026 12:45;111.6
29/01/2026 13:00;111.61
29/01/2026 13:15;111.61
29/01/2026 13:30;111.61
29/01/2026 13:45;111.63
29/01/2026 14:00;111.63
29/01/2026 14:15;111.64
29/01/2026 14:30;111.64
29/01/2026 14:45;111.64
29/01/2026 15:00;111.65
29/01/2026 15:15;111.66
29/01/2026 15:30;111.67
29/01/2026 15:45;111.68
29/01/2026 16:00;111.68
29/01/2026 16:15;111.7
29/01/2026 16:30;111.7
29/01/2026 16:45;111.7
29/01/2026 17:00;111.71
29/01/2026 17:15;111.71
29/01/2026 17:30;111.72
29/01/2026 17:45;111.73
29/01/2026 18:00;111.73
29/01/2026 18:15;111.72
29/01/2026 18:30;111.7
29/01/2026 18:45;111.72
29/01/2026 19:00;111.71
29/01/2026 19:15;111.72
29/01/2026 19:30;111.72
29/01/2026 19:45;111.73
29/01/2026 20:00;111.73
29/01/2026 20:15;111.71
29/01/2026 20:30;111.73
29/01/2026 20:45;111.72
29/01/2026 21:00;111.72
29/01/2026 21:15;111.73
29/01/2026 21:30;111.73
29/01/2026 21:45;111.74
29/01/2026 22:00;111.74
29/01/2026 22:15;111.74
29/01/2026 22:30;111.74
29/01/2026 22:45;111.75
29/01/2026 23:00;111.76
29/01/2026 23:15;111.75
29/01/2026 23:30;111.77
29/01/2026 23:45;111.79
30/01/2026 00:00;111.79
30/01/2026 00:15;111.79
30/01/2026 00:30;111.79
30/01/2026 00:45;111.8
30/01/2026 01:00;111.81
30/01/2026 01:15;111.82
30/01/2026 01:30;111.83
30/01/2026 01:45;111.83
30/01/2026 02:00;111.84
30/01/2026 02:15;111.85
30/01/2026 02:30;111.85
30/01/2026 02:45;111.86
30/01/2026 03:00;111.87
30/01/2026 03:15;111.88
30/01/2026 03:30;111.88
30/01/2026 03:45;111.89
30/01/2026 04:00;111.89
30/01/2026 04:15;111.9
30/01/2026 04:30;111.91
30/01/2026 04:45;111.92
30/01/2026 05:00;111.93
30/01/2026 05:15;111.93
30/01/2026 05:30;111.95
30/01/2026 05:45;111.95
30/01/2026 06:00;111.96
30/01/2026 06:15;111.96
30/01/2026 06:30;111.97
30/01/2026 06:45;111.98
30/01/2026 07:00;111.99
30/01/2026 07:15;112
30/01/2026 07:30;112
30/01/2026 07:45;112.01
30/01/2026 08:00;112.01
30/01/2026 08:15;112.02
30/01/2026 08:30;112.04
30/01/2026 08:45;112.04
30/01/2026 09:00;112.04
30/01/2026 09:15;112.05
30/01/2026 09:30;112.06
30/01/2026 09:45;112.06
30/01/2026 10:00;112.08
30/01/2026 10:15;112.09
30/01/2026 10:30;112.09
30/01/2026 10:45;112.1
30/01/2026 11:00;112.11
30/01/2026 11:15;112.11
30/01/2026 11:30;112.12
30/01/2026 11:45;112.13
30/01/2026 12:00;112.14
30/01/2026 12:15;112.14
30/01/2026 12:30;112.15
30/01/2026 12:45;112.15
30/01/2026 13:00;112.16
30/01/2026 13:15;112.16
30/01/2026 13:30;112.17
30/01/2026 13:45;112.17
30/01/2026 14:00;112.18
30/01/2026 14:15;112.18
30/01/2026 14:30;112.2
30/01/2026 14:45;112.2
30/01/2026 15:00;112.2
30/01/2026 15:15;112.2
30/01/2026 15:30;112.2
30/01/2026 15:45;112.21
30/01/2026 16:00;112.21
30/01/2026 16:15;112.21
30/01/2026 16:30;112.22
30/01/2026 16:45;112.23
30/01/2026 17:00;112.23
30/01/2026 17:15;112.24
30/01/2026 17:30;112.25
30/01/2026 17:45;112.25
30/01/2026 18:00;112.26
30/01/2026 18:15;112.24
30/01/2026 18:30;112.24
30/01/2026 18:45;112.24
30/01/2026 19:00;112.24
30/01/2026 19:15;112.24
30/01/2026 19:30;112.25
30/01/2026 19:45;112.26
30/01/2026 20:00;112.25
30/01/2026 20:15;112.26
30/01/2026 20:30;112.25
30/01/2026 20:45;112.25
30/01/2026 21:00;112.26
30/01/2026 21:15;112.26
30/01/2026 21:30;112.26
30/01/2026 21:45;112.25
30/01/2026 22:00;112.25
30/01/2026 22:15;112.27
30/01/2026 22:30;112.29
30/01/2026 22:45;112.29
30/01/2026 23:00;112.29
30/01/2026 23:15;112.29
30/01/2026 23:30;112.29
30/01/2026 23:45;112.29
31/01/2026 00:00;112.3
31/01/2026 00:15;112.31
31/01/2026 00:30;112.31
31/01/2026 00:45;112.32
31/01/2026 01:00;112.32
31/01/2026 01:15;112.33
31/01/2026 01:30;112.35
31/01/2026 01:45;112.36
31/01/2026 02:00;112.38
31/01/2026 02:15;112.39
31/01/2026 02:30;112.41
31/01/2026 02:45;112.43
31/01/2026 03:00;112.42
31/01/2026 03:15;112.45
31/01/2026 03:30;112.45
31/01/2026 03:45;112.46
31/01/2026 04:00;112.46
31/01/2026 04:15;112.46
31/01/2026 04:30;112.48
31/01/2026 04:45;112.47
31/01/2026 05:00;112.48
31/01/2026 05:15;112.49
31/01/2026 05:30;112.5
31/01/2026 05:45;112.51
31/01/2026 06:00;112.51
31/01/2026 06:15;112.54
31/01/2026 06:30;112.54
31/01/2026 06:45;112.54
31/01/2026 07:00;112.55
31/01/2026 07:15;112.56
31/01/2026 07:30;112.56
31/01/2026 07:45;112.56
31/01/2026 08:00;112.57
31/01/2026 08:15;112.58
31/01/2026 08:30;112.59
31/01/2026 08:45;112.6
31/01/2026 09:00;112.6
31/01/2026 09:15;112.61
31/01/2026 09:30;112.62
31/01/2026 09:45;112.62
31/01/2026 10:00;112.63
31/01/2026 10:15;112.63
31/01/2026 10:30;112.63
31/01/2026 10:45;112.64
31/01/2026 11:00;112.65
31/01/2026 11:15;112.65
31/01/2026 11:30;112.66
31/01/2026 11:45;112.67
31/01/2026 12:00;112.68
31/01/2026 12:15;112.69
31/01/2026 12:30;112.7
31/01/2026 12:45;112.69
31/01/2026 13:00;112.7
31/01/2026 13:15;112.7
31/01/2026 13:30;112.7
31/01/2026 13:45;112.71
31/01/2026 14:00;112.72
31/01/2026 14:15;112.72
31/01/2026 14:30;112.73
31/01/2026 14:45;112.74
31/01/2026 15:00;112.74
31/01/2026 15:15;112.75
31/01/2026 15:30;112.75
31/01/2026 15:45;112.75
31/01/2026 16:00;112.76
31/01/2026 16:15;112.77
31/01/2026 16:30;112.79
31/01/2026 16:45;112.79
31/01/2026 17:00;112.79
31/01/2026 17:15;112.79
31/01/2026 17:30;112.8
31/01/2026 17:45;112.81
31/01/2026 18:00;112.81
31/01/2026 18:15;112.79
31/01/2026 18:30;112.79
31/01/2026 18:45;112.79
31/01/2026 19:00;112.79
31/01/2026 19:15;112.77
31/01/2026 19:30;112.79
31/01/2026 19:45;112.79
31/01/2026 20:00;112.79
31/01/2026 20:15;112.79
31/01/2026 20:30;112.79
31/01/2026 20:45;112.79
31/01/2026 21:00;112.79
31/01/2026 21:15;112.79
31/01/2026 21:30;112.79
31/01/2026 21:45;112.77
31/01/2026 22:00;112.77
31/01/2026 22:15;112.76
31/01/2026 22:30;112.76
31/01/2026 22:45;112.75
31/01/2026 23:00;112.75
31/01/2026 23:15;112.75
31/01/2026 23:30;112.75
31/01/2026 23:45;112.75
01/02/2026 00:00;112.74
01/02/2026 00:15;112.76
01/02/2026 00:30;112.75
01/02/2026 00:45;112.76
01/02/2026 01:00;112.76
01/02/2026 01:15;112.77
01/02/2026 01:30;112.76
01/02/2026 01:45;112.76
01/02/2026 02:00;112.77
01/02/2026 02:15;112.77
01/02/2026 02:30;112.77
01/02/2026 02:45;112.77
01/02/2026 03:00;112.79
01/02/2026 03:15;112.79
01/02/2026 03:30;112.79
01/02/2026 03:45;112.79
01/02/2026 04:00;112.8
01/02/2026 04:15;112.81
01/02/2026 04:30;112.81
01/02/2026 04:45;112.83
01/02/2026 05:00;112.82
01/02/2026 05:15;112.83
01/02/2026 05:30;112.83
01/02/2026 05:45;112.84
01/02/2026 06:00;112.84
01/02/2026 06:15;112.84
01/02/2026 06:30;112.85
01/02/2026 06:45;112.85
01/02/2026 07:00;112.86
01/02/2026 07:15;112.86
01/02/2026 07:30;112.87
01/02/2026 07:45;112.88
01/02/2026 08:00;112.89
01/02/2026 08:15;112.9
01/02/2026 08:30;112.9
01/02/2026 08:45;112.9
01/02/2026 09:00;112.91
01/02/2026 09:15;112.91
01/02/2026 09:30;112.91
01/02/2026 09:45;112.92
01/02/2026 10:00;112.93
01/02/2026 10:15;112.93
01/02/2026 10:30;112.94
01/02/2026 10:45;112.94
01/02/2026 11:00;112.95
01/02/2026 11:15;112.95
01/02/2026 11:30;112.96
01/02/2026 11:45;112.96
01/02/2026 12:00;112.97
01/02/2026 12:15;112.98
01/02/2026 12:30;112.98
01/02/2026 12:45;112.98
01/02/2026 13:00;112.99
01/02/2026 13:15;112.99
01/02/2026 13:30;112.99
01/02/2026 13:45;113
01/02/2026 14:00;113.01
01/02/2026 14:15;113.01
01/02/2026 14:30;113.02
01/02/2026 14:45;113.04
01/02/2026 15:00;113.04
01/02/2026 15:15;113.04
01/02/2026 15:30;113.04
01/02/2026 15:45;113.05
01/02/2026 16:00;113.05
01/02/2026 16:15;113.05
01/02/2026 16:30;113.06
01/02/2026 16:45;113.06
01/02/2026 17:00;113.07
01/02/2026 17:15;113.06
01/02/2026 17:30;113.05
01/02/2026 17:45;113.05
01/02/2026 18:00;113.05
01/02/2026 18:15;113.05
01/02/2026 18:30;113.05
01/02/2026 18:45;113.06
01/02/2026 19:00;113.06
01/02/2026 19:15;113.05
01/02/2026 19:30;113.06
01/02/2026 19:45;113.05
01/02/2026 20:00;113.05
01/02/2026 20:15;113.05
01/02/2026 20:30;113.04
01/02/2026 20:45;113.04
01/02/2026 21:00;113.04
01/02/2026 21:15;113.02
01/02/2026 21:30;113.02
01/02/2026 21:45;113.02
01/02/2026 22:00;113.01
01/02/2026 22:15;113.01
01/02/2026 22:30;113.01
01/02/2026 22:45;113.01
01/02/2026 23:00;113.01
01/02/2026 23:15;113.01
01/02/2026 23:30;113
01/02/2026 23:45;113
02/02/2026 00:00;113
02/02/2026 00:15;113.01
02/02/2026 00:30;112.99
02/02/2026 00:45;112.99
02/02/2026 01:00;112.99
02/02/2026 01:15;113
02/02/2026 01:30;113.02
02/02/2026 01:45;113
02/02/2026 02:00;113.02
02/02/2026 02:15;113.01
02/02/2026 02:30;113.02
02/02/2026 02:45;113.02
02/02/2026 03:00;113.04
02/02/2026 03:15;113.04
02/02/2026 03:30;113.04
02/02/2026 03:45;113.05
02/02/2026 04:00;113.04
02/02/2026 04:15;113.05
02/02/2026 04:30;113.06
02/02/2026 04:45;113.06
02/02/2026 05:00;113.07
02/02/2026 05:15;113.08
02/02/2026 05:30;113.1
02/02/2026 05:45;113.08
02/02/2026 06:00;113.11
02/02/2026 06:15;113.1
02/02/2026 06:30;113.1
02/02/2026 06:45;113.1
02/02/2026 07:00;113.11
02/02/2026 07:15;113.1
02/02/2026 07:30;113.07
02/02/2026 07:45;113.11
02/02/2026 08:00;113.07
02/02/2026 08:15;113.1
02/02/2026 08:30;113.09
02/02/2026 08:45;113.12
02/02/2026 09:00;113.11
02/02/2026 09:15;113.09
02/02/2026 09:30;113.09
02/02/2026 09:45;113.07
02/02/2026 10:00;113.1
02/02/2026 10:15;113.07
02/02/2026 10:30;113.07
02/02/2026 10:45;113.07
02/02/2026 11:00;113.07
02/02/2026 11:15;113.08
02/02/2026 11:30;113.08
02/02/2026 11:45;113.09
02/02/2026 12:00;113.09
02/02/2026 12:15;113.1
02/02/2026 12:30;113.09
02/02/2026 12:45;113.09
02/02/2026 13:00;113.11
02/02/2026 13:15;113.1
02/02/2026 13:30;113.11
02/02/2026 13:45;113.11
02/02/2026 14:00;113.12
02/02/2026 14:15;113.11
02/02/2026 14:30;113.12
02/02/2026 14:45;113.15
02/02/2026 15:00;113.15
02/02/2026 15:15;113.16
02/02/2026 15:30;113.17
02/02/2026 15:45;113.18
02/02/2026 16:00;113.18
02/02/2026 16:15;113.2
02/02/2026 16:30;113.19
02/02/2026 16:45;113.19
02/02/2026 17:00;113.19
02/02/2026 17:15;113.16
02/02/2026 17:30;113.14
02/02/2026 17:45;113.16
02/02/2026 18:00;113.16
02/02/2026 18:15;113.15
02/02/2026 18:30;113.15
02/02/2026 18:45;113.16
02/02/2026 19:00;113.15
02/02/2026 19:15;113.14
02/02/2026 19:30;113.14
02/02/2026 19:45;113.14
02/02/2026 20:00;113.14
02/02/2026 20:15;113.12
02/02/2026 20:30;113.12
02/02/2026 20:45;113.11
02/02/2026 21:00;113.1
02/02/2026 21:15;113.11
02/02/2026 21:30;113.1
02/02/2026 21:45;113.11
02/02/2026 22:00;113.11
02/02/2026 22:15;113.12
02/02/2026 22:30;113.12
02/02/2026 22:45;113.11
02/02/2026 23:00;113.11
02/02/2026 23:15;113.12
02/02/2026 23:30;113.12
02/02/2026 23:45;113.11
03/02/2026 00:00;113.11
03/02/2026 00:15;113.14
03/02/2026 00:30;113.15
03/02/2026 00:45;113.14
03/02/2026 01:00;113.15
03/02/2026 01:15;113.16
03/02/2026 01:30;113.16
03/02/2026 01:45;113.15
03/02/2026 02:00;113.18
03/02/2026 02:15;113.18
03/02/2026 02:30;113.18
03/02/2026 02:45;113.19
03/02/2026 03:00;113.19
03/02/2026 03:15;113.2
03/02/2026 03:30;113.2
03/02/2026 03:45;113.22
03/02/2026 04:00;113.23
03/02/2026 04:15;113.24
03/02/2026 04:30;113.25
03/02/2026 04:45;113.25
03/02/2026 05:00;113.26
03/02/2026 05:15;113.26
03/02/2026 05:30;113.27
03/02/2026 05:45;113.29
03/02/2026 06:00;113.29
03/02/2026 06:15;113.29
03/02/2026 06:30;113.3
03/02/2026 06:45;113.31
03/02/2026 07:00;113.31
03/02/2026 07:15;113.29
03/02/2026 07:30;113.29
03/02/2026 07:45;113.3
03/02/2026 08:00;113.29
03/02/2026 08:15;113.3
03/02/2026 08:30;113.3
03/02/2026 08:45;113.32
03/02/2026 09:00;113.3
03/02/2026 09:15;113.31
03/02/2026 09:30;113.31
03/02/2026 09:45;113.31
03/02/2026 10:00;113.32
03/02/2026 10:15;113.3
03/02/2026 10:30;113.31
03/02/2026 10:45;113.29
03/02/2026 11:00;113.29
03/02/2026 11:15;113.31
03/02/2026 11:30;113.31
03/02/2026 11:45;113.33
03/02/2026 12:00;113.32
03/02/2026 12:15;113.34
03/02/2026 12:30;113.32
03/02/2026 12:45;113.33
03/02/2026 13:00;113.34
03/02/2026 13:15;113.34
03/02/2026 13:30;113.35
03/02/2026 13:45;113.34
03/02/2026 14:00;113.35
03/02/2026 14:15;113.35
03/02/2026 14:30;113.35
03/02/2026 14:45;113.36
03/02/2026 15:00;113.37
03/02/2026 15:15;113.38
03/02/2026 15:30;113.38
03/02/2026 15:45;113.39
03/02/2026 16:00;113.39
03/02/2026 16:15;113.39
03/02/2026 16:30;113.39
03/02/2026 16:45;113.39
03/02/2026 17:00;113.4
03/02/2026 17:15;113.37
03/02/2026 17:30;113.38
03/02/2026 17:45;113.38
03/02/2026 18:00;113.39
03/02/2026 18:15;113.4
03/02/2026 18:30;113.4
03/02/2026 18:45;113.4
03/02/2026 19:00;113.39
03/02/2026 19:15;113.4
03/02/2026 19:30;113.39
03/02/2026 19:45;113.4
03/02/2026 20:00;113.39
03/02/2026 20:15;113.38
03/02/2026 20:30;113.38
03/02/2026 20:45;113.36
03/02/2026 21:00;113.37
03/02/2026 21:15;113.36
03/02/2026 21:30;113.38
03/02/2026 21:45;113.37
03/02/2026 22:00;113.37
03/02/2026 22:15;113.37
03/02/2026 22:30;113.36
03/02/2026 22:45;113.36
03/02/2026 23:00;113.35
03/02/2026 23:15;113.37
03/02/2026 23:30;113.37
03/02/2026 23:45;113.36
04/02/2026 00:00;113.34
04/02/2026 00:15;113.38
04/02/2026 00:30;113.39
04/02/2026 00:45;113.38
04/02/2026 01:00;113.39
04/02/2026 01:15;113.4
04/02/2026 01:30;113.4
04/02/2026 01:45;113.37
04/02/2026 02:00;113.41
04/02/2026 02:15;113.4
04/02/2026 02:30;113.41
04/02/2026 02:45;113.42
04/02/2026 03:00;113.41
04/02/2026 03:15;113.44
04/02/2026 03:30;113.43
04/02/2026 03:45;113.46
04/02/2026 04:00;113.46
04/02/2026 04:15;113.48
04/02/2026 04:30;113.47
04/02/2026 04:45;113.48
04/02/2026 05:00;113.49
04/02/2026 05:15;113.48
04/02/2026 05:30;113.5
04/02/2026 05:45;113.5
04/02/2026 06:00;113.5
04/02/2026 06:15;113.51
04/02/2026 06:30;113.51
04/02/2026 06:45;113.51
04/02/2026 07:00;113.51
04/02/2026 07:15;113.52
04/02/2026 07:30;113.52
04/02/2026 07:45;113.54
04/02/2026 08:00;113.54
04/02/2026 08:15;113.54
04/02/2026 08:30;113.52
04/02/2026 08:45;113.54
04/02/2026 09:00;113.52
04/02/2026 09:15;113.54
04/02/2026 09:30;113.54
04/02/2026 09:45;113.54
04/02/2026 10:00;113.52
04/02/2026 10:15;113.52
04/02/2026 10:30;113.54
04/02/2026 10:45;113.54
04/02/2026 11:00;113.54
04/02/2026 11:15;113.54
04/02/2026 11:30;113.54
04/02/2026 11:45;113.54
04/02/2026 12:00;113.54
04/02/2026 12:15;113.54
04/02/2026 12:30;113.56
04/02/2026 12:45;113.55
04/02/2026 13:00;113.55
04/02/2026 13:15;113.56
04/02/2026 13:30;113.56
04/02/2026 13:45;113.56
04/02/2026 14:00;113.56
04/02/2026 14:15;113.57
04/02/2026 14:30;113.57
04/02/2026 14:45;113.57
04/02/2026 15:00;113.57
04/02/2026 15:15;113.58
04/02/2026 15:30;113.59
04/02/2026 15:45;113.59
04/02/2026 16:00;113.6
04/02/2026 16:15;113.61
04/02/2026 16:30;113.61
04/02/2026 16:45;113.61
04/02/2026 17:00;113.61
04/02/2026 17:15;113.6
04/02/2026 17:30;113.59
04/02/2026 17:45;113.59
04/02/2026 18:00;113.6
04/02/2026 18:15;113.61
04/02/2026 18:30;113.61
04/02/2026 18:45;113.6
04/02/2026 19:00;113.6
04/02/2026 19:15;113.61
04/02/2026 19:30;113.6
04/02/2026 19:45;113.61
04/02/2026 20:00;113.62
04/02/2026 20:15;113.62
04/02/2026 20:30;113.61
04/02/2026 20:45;113.6
04/02/2026 21:00;113.6
04/02/2026 21:15;113.59
04/02/2026 21:30;113.59
04/02/2026 21:45;113.6
04/02/2026 22:00;113.6
04/02/2026 22:15;113.6
04/02/2026 22:30;113.6
04/02/2026 22:45;113.6
04/02/2026 23:00;113.61
04/02/2026 23:15;113.61
04/02/2026 23:30;113.61
04/02/2026 23:45;113.62
05/02/2026 00:00;113.62
05/02/2026 00:15;113.62
05/02/2026 00:30;113.62
05/02/2026 00:45;113.62
05/02/2026 01:00;113.62
05/02/2026 01:15;113.64
05/02/2026 01:30;113.65
05/02/2026 01:45;113.65
05/02/2026 02:00;113.65
05/02/2026 02:15;113.66
05/02/2026 02:30;113.66
05/02/2026 02:45;113.66
05/02/2026 03:00;113.67
05/02/2026 03:15;113.68
05/02/2026 03:30;113.68
05/02/2026 03:45;113.69
05/02/2026 04:00;113.69
05/02/2026 04:15;113.7
05/02/2026 04:30;113.7
05/02/2026 04:45;113.72
05/02/2026 05:00;113.72
05/02/2026 05:15;113.73
05/02/2026 05:30;113.74
05/02/2026 05:45;113.74
05/02/2026 06:00;113.75
05/02/2026 06:15;113.74
05/02/2026 06:30;113.74
05/02/2026 06:45;113.75
05/02/2026 07:00;113.75
05/02/2026 07:15;113.74
05/02/2026 07:30;113.75
05/02/2026 07:45;113.76
05/02/2026 08:00;113.75
05/02/2026 08:15;113.76
05/02/2026 08:30;113.77
05/02/2026 08:45;113.77
05/02/2026 09:00;113.76
05/02/2026 09:15;113.76
05/02/2026 09:30;113.76
05/02/2026 09:45;113.76
05/02/2026 10:00;113.76
05/02/2026 10:15;113.76
05/02/2026 10:30;113.77
05/02/2026 10:45;113.75
05/02/2026 11:00;113.75
05/02/2026 11:15;113.76
05/02/2026 11:30;113.76
05/02/2026 11:45;113.76
05/02/2026 12:00;113.76
05/02/2026 12:15;113.8
05/02/2026 12:30;113.79
05/02/2026 12:45;113.79
05/02/2026 13:00;113.8
05/02/2026 13:15;113.81
05/02/2026 13:30;113.81
05/02/2026 13:45;113.81
05/02/2026 14:00;113.86
05/02/2026 14:15;113.82
05/02/2026 14:30;113.84
05/02/2026 14:45;113.84
05/02/2026 15:00;113.86
05/02/2026 15:15;113.86
05/02/2026 15:30;113.87
05/02/2026 15:45;113.89
05/02/2026 16:00;113.88
05/02/2026 16:15;113.9
05/02/2026 16:30;113.89
05/02/2026 16:45;113.91
05/02/2026 17:00;113.91
05/02/2026 17:15;113.89
05/02/2026 17:30;113.87
05/02/2026 17:45;113.88
05/02/2026 18:00;113.88
05/02/2026 18:15;113.88
05/02/2026 18:30;113.87
05/02/2026 18:45;113.88
05/02/2026 19:00;113.9
05/02/2026 19:15;113.88
05/02/2026 19:30;113.87
05/02/2026 19:45;113.85
05/02/2026 20:00;113.87
05/02/2026 20:15;113.85
05/02/2026 20:30;113.85
05/02/2026 20:45;113.87
05/02/2026 21:00;113.84
05/02/2026 21:15;113.84
05/02/2026 21:30;113.83
05/02/2026 21:45;113.85
05/02/2026 22:00;113.85
05/02/2026 22:15;113.87
05/02/2026 22:30;113.87
05/02/2026 22:45;113.87
05/02/2026 23:00;113.88
05/02/2026 23:15;113.88
05/02/2026 23:30;113.89
05/02/2026 23:45;113.89
06/02/2026 00:00;113.9
06/02/2026 00:15;113.91
06/02/2026 00:30;113.92
06/02/2026 00:45;113.92
06/02/2026 01:00;113.92
06/02/2026 01:15;113.93
06/02/2026 01:30;113.94
06/02/2026 01:45;113.94
06/02/2026 02:00;113.95
06/02/2026 02:15;113.96
06/02/2026 02:30;113.96
06/02/2026 02:45;113.97
06/02/2026 03:00;113.98
06/02/2026 03:15;113.99
06/02/2026 03:30;113.99
06/02/2026 03:45;114
06/02/2026 04:00;114.02
06/02/2026 04:15;114.02
06/02/2026 04:30;114.02
06/02/2026 04:45;114.04
06/02/2026 05:00;114.04
06/02/2026 05:15;114.04
06/02/2026 05:30;114.04
06/02/2026 05:45;114.05
06/02/2026 06:00;114.05
06/02/2026 06:15;114.04
06/02/2026 06:30;114.04
06/02/2026 06:45;114.04
06/02/2026 07:00;114.04
06/02/2026 07:15;114.04
06/02/2026 07:30;114.04
06/02/2026 07:45;114.06
06/02/2026 08:00;114.05
06/02/2026 08:15;114.05
06/02/2026 08:30;114.04
06/02/2026 08:45;114.04
06/02/2026 09:00;114.04
06/02/2026 09:15;114.04
06/02/2026 09:30;114.05
06/02/2026 09:45;114.04
06/02/2026 10:00;114.04
06/02/2026 10:15;114.04
06/02/2026 10:30;114.04
06/02/2026 10:45;114.02
06/02/2026 11:00;114.02
06/02/2026 11:15;114.04
06/02/2026 11:30;114.04
06/02/2026 11:45;114.04
06/02/2026 12:00;114.04
06/02/2026 12:15;114.04
06/02/2026 12:30;114.07
06/02/2026 12:45;114.06
06/02/2026 13:00;114.06
06/02/2026 13:15;114.06
06/02/2026 13:30;114.07
06/02/2026 13:45;114.07
06/02/2026 14:00;114.05
06/02/2026 14:15;114.08
06/02/2026 14:30;114.07
06/02/2026 14:45;114.08
06/02/2026 15:00;114.08
06/02/2026 15:15;114.09
06/02/2026 15:30;114.1
06/02/2026 15:45;114.1
06/02/2026 16:00;114.12
06/02/2026 16:15;114.11
06/02/2026 16:30;114.13
06/02/2026 16:45;114.11
06/02/2026 17:00;114.12
06/02/2026 17:15;114.13
06/02/2026 17:30;114.13
06/02/2026 17:45;114.13
06/02/2026 18:00;114.13
06/02/2026 18:15;114.14
06/02/2026 18:30;114.13
06/02/2026 18:45;114.15
06/02/2026 19:00;114.15
06/02/2026 19:15;114.16
06/02/2026 19:30;114.17
06/02/2026 19:45;114.16
06/02/2026 20:00;114.18
06/02/2026 20:15;114.17
06/02/2026 20:30;114.18
06/02/2026 20:45;114.18
06/02/2026 21:00;114.19
06/02/2026 21:15;114.2
06/02/2026 21:30;114.19
06/02/2026 21:45;114.21
06/02/2026 22:00;114.2
06/02/2026 22:15;114.2
06/02/2026 22:30;114.21
06/02/2026 22:45;114.22
06/02/2026 23:00;114.22
06/02/2026 23:15;114.23
06/02/2026 23:30;114.24
06/02/2026 23:45;114.23
07/02/2026 00:00;114.24
07/02/2026 00:15;114.24
07/02/2026 00:30;114.25
07/02/2026 00:45;114.26
07/02/2026 01:00;114.26
07/02/2026 01:15;114.27
07/02/2026 01:30;114.27
07/02/2026 01:45;114.29
07/02/2026 02:00;114.29
07/02/2026 02:15;114.29
07/02/2026 02:30;114.29
07/02/2026 02:45;114.3
07/02/2026 03:00;114.3
07/02/2026 03:15;114.31
07/02/2026 03:30;114.31
07/02/2026 03:45;114.32
07/02/2026 04:00;114.33
07/02/2026 04:15;114.33
07/02/2026 04:30;114.34
07/02/2026 04:45;114.35
07/02/2026 05:00;114.35
07/02/2026 05:15;114.36
07/02/2026 05:30;114.36
07/02/2026 05:45;114.37
07/02/2026 06:00;114.37
07/02/2026 06:15;114.38
07/02/2026 06:30;114.39
07/02/2026 06:45;114.4
07/02/2026 07:00;114.39
07/02/2026 07:15;114.41
07/02/2026 07:30;114.41
07/02/2026 07:45;114.42
07/02/2026 08:00;114.42
07/02/2026 08:15;114.43
07/02/2026 08:30;114.44
07/02/2026 08:45;114.44
07/02/2026 09:00;114.45
07/02/2026 09:15;114.46
07/02/2026 09:30;114.46
07/02/2026 09:45;114.47
07/02/2026 10:00;114.47
07/02/2026 10:15;114.48
07/02/2026 10:30;114.49
07/02/2026 10:45;114.49
07/02/2026 11:00;114.5
07/02/2026 11:15;114.51
07/02/2026 11:30;114.51
07/02/2026 11:45;114.52
07/02/2026 12:00;114.53
07/02/2026 12:15;114.53
07/02/2026 12:30;114.54
07/02/2026 12:45;114.55
07/02/2026 13:00;114.56
07/02/2026 13:15;114.56
07/02/2026 13:30;114.57
07/02/2026 13:45;114.58
07/02/2026 14:00;114.58
07/02/2026 14:15;114.59
07/02/2026 14:30;114.59
07/02/2026 14:45;114.6
07/02/2026 15:00;114.6
07/02/2026 15:15;114.6
07/02/2026 15:30;114.61
07/02/2026 15:45;114.61
07/02/2026 16:00;114.62
07/02/2026 16:15;114.62
07/02/2026 16:30;114.63
07/02/2026 16:45;114.64
07/02/2026 17:00;114.65
07/02/2026 17:15;114.65
07/02/2026 17:30;114.66
07/02/2026 17:45;114.67
07/02/2026 18:00;114.67
07/02/2026 18:15;114.67
07/02/2026 18:30;114.66
07/02/2026 18:45;114.67
07/02/2026 19:00;114.67
07/02/2026 19:15;114.68
07/02/2026 19:30;114.66
07/02/2026 19:45;114.67
07/02/2026 20:00;114.67
07/02/2026 20:15;114.67
07/02/2026 20:30;114.67
07/02/2026 20:45;114.68
07/02/2026 21:00;114.69
07/02/2026 21:15;114.67
07/02/2026 21:30;114.68
07/02/2026 21:45;114.68
07/02/2026 22:00;114.67
07/02/2026 22:15;114.67
07/02/2026 22:30;114.66
07/02/2026 22:45;114.67
07/02/2026 23:00;114.66
07/02/2026 23:15;114.66
07/02/2026 23:30;114.66
07/02/2026 23:45;114.67
08/02/2026 00:00;114.67
08/02/2026 00:15;114.66
08/02/2026 00:30;114.71
08/02/2026 00:45;114.71
08/02/2026 01:00;114.71
08/02/2026 01:15;114.72
08/02/2026 01:30;114.72
08/02/2026 01:45;114.72
08/02/2026 02:00;114.71
08/02/2026 02:15;114.74
08/02/2026 02:30;114.73
08/02/2026 02:45;114.75
08/02/2026 03:00;114.75
08/02/2026 03:15;114.76
08/02/2026 03:30;114.78
08/02/2026 03:45;114.77
08/02/2026 04:00;114.8
08/02/2026 04:15;114.81
08/02/2026 04:30;114.82
08/02/2026 04:45;114.82
08/02/2026 05:00;114.83
08/02/2026 05:15;114.84
08/02/2026 05:30;114.83
08/02/2026 05:45;114.85
08/02/2026 06:00;114.86
08/02/2026 06:15;114.87
08/02/2026 06:30;114.87
08/02/2026 06:45;114.89
08/02/2026 07:00;114.89
08/02/2026 07:15;114.9
08/02/2026 07:30;114.92
08/02/2026 07:45;114.92
08/02/2026 08:00;114.94
08/02/2026 08:15;114.94
08/02/2026 08:30;114.95
08/02/2026 08:45;114.96
08/02/2026 09:00;114.97
08/02/2026 09:15;114.98
08/02/2026 09:30;114.98
08/02/2026 09:45;115
08/02/2026 10:00;115
08/02/2026 10:15;115.02
08/02/2026 10:30;115.02
08/02/2026 10:45;115.04
08/02/2026 11:00;115.04
08/02/2026 11:15;115.05
08/02/2026 11:30;115.07
08/02/2026 11:45;115.07
08/02/2026 12:00;115.08
08/02/2026 12:15;115.09
08/02/2026 12:30;115.11
08/02/2026 12:45;115.12
08/02/2026 13:00;115.12
08/02/2026 13:15;115.13
08/02/2026 13:30;115.14
08/02/2026 13:45;115.16
08/02/2026 14:00;115.16
08/02/2026 14:15;115.17
08/02/2026 14:30;115.18
08/02/2026 14:45;115.19
08/02/2026 15:00;115.2
08/02/2026 15:15;115.2
08/02/2026 15:30;115.22
08/02/2026 15:45;115.22
08/02/2026 16:00;115.23
08/02/2026 16:15;115.24
08/02/2026 16:30;115.25
08/02/2026 16:45;115.26
08/02/2026 17:00;115.26
08/02/2026 17:15;115.28
08/02/2026 17:30;115.28
08/02/2026 17:45;115.3
08/02/2026 18:00;115.3
08/02/2026 18:15;115.3
08/02/2026 18:30;115.3
08/02/2026 18:45;115.32
08/02/2026 19:00;115.32
08/02/2026 19:15;115.31
08/02/2026 19:30;115.31
08/02/2026 19:45;115.32
08/02/2026 20:00;115.33
08/02/2026 20:15;115.32
08/02/2026 20:30;115.32
08/02/2026 20:45;115.33
08/02/2026 21:00;115.32
08/02/2026 21:15;115.32
08/02/2026 21:30;115.32
08/02/2026 21:45;115.33
08/02/2026 22:00;115.32
08/02/2026 22:15;115.32
08/02/2026 22:30;115.32
08/02/2026 22:45;115.31
08/02/2026 23:00;115.31
08/02/2026 23:15;115.33
08/02/2026 23:30;115.36
08/02/2026 23:45;115.34
09/02/2026 00:00;115.35
09/02/2026 00:15;115.36
09/02/2026 00:30;115.36
09/02/2026 00:45;115.36
09/02/2026 01:00;115.37
09/02/2026 01:15;115.38
09/02/2026 01:30;115.37
09/02/2026 01:45;115.38
09/02/2026 02:00;115.38
09/02/2026 02:15;115.4
09/02/2026 02:30;115.4
09/02/2026 02:45;115.41
09/02/2026 03:00;115.43
09/02/2026 03:15;115.43
09/02/2026 03:30;115.45
09/02/2026 03:45;115.45
09/02/2026 04:00;115.46
09/02/2026 04:15;115.45
09/02/2026 04:30;115.46
09/02/2026 04:45;115.48
09/02/2026 05:00;115.48
09/02/2026 05:15;115.5
09/02/2026 05:30;115.5
09/02/2026 05:45;115.5
09/02/2026 06:00;115.48
09/02/2026 06:15;115.48
09/02/2026 06:30;115.5
09/02/2026 06:45;115.5
09/02/2026 07:00;115.5
09/02/2026 07:15;115.5
09/02/2026 07:30;115.52
09/02/2026 07:45;115.5
09/02/2026 08:00;115.52
09/02/2026 08:15;115.52
09/02/2026 08:30;115.52
09/02/2026 08:45;115.52
09/02/2026 09:00;115.52
09/02/2026 09:15;115.54
09/02/2026 09:30;115.52
09/02/2026 09:45;115.52
09/02/2026 10:00;115.52
09/02/2026 10:15;115.54
09/02/2026 10:30;115.52
09/02/2026 10:45;115.52
09/02/2026 11:00;115.54
09/02/2026 11:15;115.54
09/02/2026 11:30;115.54
09/02/2026 11:45;115.56
09/02/2026 12:00;115.56
09/02/2026 12:15;115.56
09/02/2026 12:30;115.57
09/02/2026 12:45;115.59
09/02/2026 13:00;115.57
09/02/2026 13:15;115.59
09/02/2026 13:30;115.59
09/02/2026 13:45;115.59
09/02/2026 14:00;115.59
09/02/2026 14:15;115.59
09/02/2026 14:30;115.61
09/02/2026 14:45;115.61
09/02/2026 15:00;115.63
09/02/2026 15:15;115.63
09/02/2026 15:30;115.66
09/02/2026 15:45;115.66
09/02/2026 16:00;115.66
09/02/2026 16:15;115.68
09/02/2026 16:30;115.66
09/02/2026 16:45;115.68
09/02/2026 17:00;115.68
09/02/2026 17:15;115.66
09/02/2026 17:30;115.64
09/02/2026 17:45;115.66
09/02/2026 18:00;115.66
09/02/2026 18:15;115.66
09/02/2026 18:30;115.68
09/02/2026 18:45;115.68
09/02/2026 19:00;115.68
09/02/2026 19:15;115.68
09/02/2026 19:30;115.7
09/02/2026 19:45;115.7
09/02/2026 20:00;115.7
09/02/2026 20:15;115.68
09/02/2026 20:30;115.7
09/02/2026 20:45;115.68
09/02/2026 21:00;115.68
09/02/2026 21:15;115.68
09/02/2026 21:30;115.68
09/02/2026 21:45;115.68
09/02/2026 22:00;115.68
09/02/2026 22:15;115.7
09/02/2026 22:30;115.7
09/02/2026 22:45;115.7
09/02/2026 23:00;115.7
09/02/2026 23:15;115.7
09/02/2026 23:30;115.7
09/02/2026 23:45;115.7
10/02/2026 00:00;115.7
10/02/2026 00:15;115.72
10/02/2026 00:30;115.73
10/02/2026 00:45;115.73
10/02/2026 01:00;115.73
10/02/2026 01:15;115.73
10/02/2026 01:30;115.73
10/02/2026 01:45;115.75
10/02/2026 02:00;115.75
10/02/2026 02:15;115.75
10/02/2026 02:30;115.77
10/02/2026 02:45;115.77
10/02/2026 03:00;115.77
10/02/2026 03:15;115.77
10/02/2026 03:30;115.79
10/02/2026 03:45;115.79
10/02/2026 04:00;115.8
10/02/2026 04:15;115.8
10/02/2026 04:30;115.81
10/02/2026 04:45;115.82
10/02/2026 05:00;115.82
10/02/2026 05:15;115.82
10/02/2026 05:30;115.84
10/02/2026 05:45;115.84
10/02/2026 06:00;115.84
10/02/2026 06:15;115.84
10/02/2026 06:30;115.84
10/02/2026 06:45;115.84
10/02/2026 07:00;115.84
10/02/2026 07:15;115.82
10/02/2026 07:30;115.84
10/02/2026 07:45;115.86
10/02/2026 08:00;115.84
10/02/2026 08:15;115.86
10/02/2026 08:30;115.86
10/02/2026 08:45;115.86
10/02/2026 09:00;115.86
10/02/2026 09:15;115.86
10/02/2026 09:30;115.86
10/02/2026 09:45;115.86
10/02/2026 10:00;115.86
10/02/2026 10:15;115.86
10/02/2026 10:30;115.86
10/02/2026 10:45;115.84
10/02/2026 11:00;115.86
10/02/2026 11:15;115.86
10/02/2026 11:30;115.86
10/02/2026 11:45;115.87
10/02/2026 12:00;115.89
10/02/2026 12:15;115.89
10/02/2026 12:30;115.89
10/02/2026 12:45;115.91
10/02/2026 13:00;115.89
10/02/2026 13:15;115.91
10/02/2026 13:30;115.91
10/02/2026 13:45;115.91
10/02/2026 14:00;115.91
10/02/2026 14:15;115.91
10/02/2026 14:30;115.93
10/02/2026 14:45;115.93
10/02/2026 15:00;115.93
10/02/2026 15:15;115.93
10/02/2026 15:30;115.95
10/02/2026 15:45;115.95
10/02/2026 16:00;115.96
10/02/2026 16:15;115.96
10/02/2026 16:30;115.97
10/02/2026 16:45;115.98
10/02/2026 17:00;115.98
10/02/2026 17:15;115.97
10/02/2026 17:30;115.98
10/02/2026 17:45;116
10/02/2026 18:00;115.98
10/02/2026 18:15;115.96
10/02/2026 18:30;115.97
10/02/2026 18:45;115.98
10/02/2026 19:00;115.98
10/02/2026 19:15;115.98
10/02/2026 19:30;116
10/02/2026 19:45;116
10/02/2026 20:00;115.98
10/02/2026 20:15;115.98
10/02/2026 20:30;115.98
10/02/2026 20:45;115.97
10/02/2026 21:00;115.97
10/02/2026 21:15;115.97
10/02/2026 21:30;115.97
10/02/2026 21:45;115.95
10/02/2026 22:00;115.96
10/02/2026 22:15;115.95
10/02/2026 22:30;115.95
10/02/2026 22:45;115.95
10/02/2026 23:00;115.95
10/02/2026 23:15;115.95
10/02/2026 23:30;115.95
10/02/2026 23:45;115.97
11/02/2026 00:00;115.97
11/02/2026 00:15;115.98
11/02/2026 00:30;115.98
11/02/2026 00:45;115.98
11/02/2026 01:00;115.98
11/02/2026 01:15;115.98
11/02/2026 01:30;115.98
11/02/2026 01:45;115.98
11/02/2026 02:00;116
11/02/2026 02:15;116
11/02/2026 02:30;116
11/02/2026 02:45;116
11/02/2026 03:00;116.02
11/02/2026 03:15;116.04
11/02/2026 03:30;116.04
11/02/2026 03:45;116.04
11/02/2026 04:00;116.04
11/02/2026 04:15;116.05
11/02/2026 04:30;116.04
11/02/2026 04:45;116.05
11/02/2026 05:00;116.04
11/02/2026 05:15;116.05
11/02/2026 05:30;116.06
11/02/2026 05:45;116.05
11/02/2026 06:00;116.06
11/02/2026 06:15;116.07
11/02/2026 06:30;116.09
11/02/2026 06:45;116.09
11/02/2026 07:00;116.09
11/02/2026 07:15;116.07
11/02/2026 07:30;116.06
11/02/2026 07:45;116.06
11/02/2026 08:00;116.07
11/02/2026 08:15;116.09
11/02/2026 08:30;116.07
11/02/2026 08:45;116.07
11/02/2026 09:00;116.07
11/02/2026 09:15;116.07
11/02/2026 09:30;116.06
11/02/2026 09:45;116.07
11/02/2026 10:00;116.07
11/02/2026 10:15;116.06
11/02/2026 10:30;116.06
11/02/2026 10:45;116.05
11/02/2026 11:00;116.04
11/02/2026 11:15;116.07
11/02/2026 11:30;116.09
11/02/2026 11:45;116.07
11/02/2026 12:00;116.09
11/02/2026 12:15;116.09
11/02/2026 12:30;116.09
11/02/2026 12:45;116.07
11/02/2026 13:00;116.09
11/02/2026 13:15;116.09
11/02/2026 13:30;116.09
11/02/2026 13:45;116.09
11/02/2026 14:00;116.09
11/02/2026 14:15;116.11
11/02/2026 14:30;116.11
11/02/2026 14:45;116.11
11/02/2026 15:00;116.12
11/02/2026 15:15;116.12
11/02/2026 15:30;116.12
11/02/2026 15:45;116.14
11/02/2026 16:00;116.14
11/02/2026 16:15;116.13
11/02/2026 16:30;116.16
11/02/2026 16:45;116.14
11/02/2026 17:00;116.16
11/02/2026 17:15;116.13
11/02/2026 17:30;116.13
11/02/2026 17:45;116.14
11/02/2026 18:00;116.12
11/02/2026 18:15;116.13
11/02/2026 18:30;116.12
11/02/2026 18:45;116.14
11/02/2026 19:00;116.12
11/02/2026 19:15;116.13
11/02/2026 19:30;116.12
11/02/2026 19:45;116.13
11/02/2026 20:00;116.12
11/02/2026 20:15;116.12
11/02/2026 20:30;116.12
11/02/2026 20:45;116.12
11/02/2026 21:00;116.11
11/02/2026 21:15;116.11
11/02/2026 21:30;116.11
11/02/2026 21:45;116.11
11/02/2026 22:00;116.11
11/02/2026 22:15;116.11
11/02/2026 22:30;116.11
11/02/2026 22:45;116.11
11/02/2026 23:00;116.11
11/02/2026 23:15;116.11
11/02/2026 23:30;116.11
11/02/2026 23:45;116.11
12/02/2026 00:00;116.11
12/02/2026 00:15;116.16
12/02/2026 00:30;116.18
12/02/2026 00:45;116.18
12/02/2026 01:00;116.18
12/02/2026 01:15;116.18
12/02/2026 01:30;116.16
12/02/2026 01:45;116.16
12/02/2026 02:00;116.18
12/02/2026 02:15;116.16
12/02/2026 02:30;116.18
12/02/2026 02:45;116.18
12/02/2026 03:00;116.18
12/02/2026 03:15;116.18
12/02/2026 03:30;116.2
12/02/2026 03:45;116.21
12/02/2026 04:00;116.21
12/02/2026 04:15;116.23
12/02/2026 04:30;116.23
12/02/2026 04:45;116.25
12/02/2026 05:00;116.25
12/02/2026 05:15;116.25
12/02/2026 05:30;116.27
12/02/2026 05:45;116.27
12/02/2026 06:00;116.27
12/02/2026 06:15;116.23
12/02/2026 06:30;116.25
12/02/2026 06:45;116.23
12/02/2026 07:00;116.25
12/02/2026 07:15;116.25
12/02/2026 07:30;116.25
12/02/2026 07:45;116.27
12/02/2026 08:00;116.25
12/02/2026 08:15;116.27
12/02/2026 08:30;116.25
12/02/2026 08:45;116.27
12/02/2026 09:00;116.25
12/02/2026 09:15;116.27
12/02/2026 09:30;116.27
12/02/2026 09:45;116.25
12/02/2026 10:00;116.25
12/02/2026 10:15;116.27
12/02/2026 10:30;116.32
12/02/2026 10:45;116.3
12/02/2026 11:00;116.32
12/02/2026 11:15;116.31
12/02/2026 11:30;116.34
12/02/2026 11:45;116.32
12/02/2026 12:00;116.34
12/02/2026 12:15;116.36
12/02/2026 12:30;116.34
12/02/2026 12:45;116.36
12/02/2026 13:00;116.36
12/02/2026 13:15;116.38
12/02/2026 13:30;116.37
12/02/2026 13:45;116.39
12/02/2026 14:00;116.41
12/02/2026 14:15;116.41
12/02/2026 14:30;116.43
12/02/2026 14:45;116.43
12/02/2026 15:00;116.45
12/02/2026 15:15;116.45
12/02/2026 15:30;116.46
12/02/2026 15:45;116.47
12/02/2026 16:00;116.48
12/02/2026 16:15;116.5
12/02/2026 16:30;116.5
12/02/2026 16:45;116.52
12/02/2026 17:00;116.52
12/02/2026 17:15;116.54
12/02/2026 17:30;116.52
12/02/2026 17:45;116.54
12/02/2026 18:00;116.54
12/02/2026 18:15;116.54
12/02/2026 18:30;116.54
12/02/2026 18:45;116.55
12/02/2026 19:00;116.56
12/02/2026 19:15;116.55
12/02/2026 19:30;116.57
12/02/2026 19:45;116.57
12/02/2026 20:00;116.59
12/02/2026 20:15;116.59
12/02/2026 20:30;116.61
12/02/2026 20:45;116.59
12/02/2026 21:00;116.61
12/02/2026 21:15;116.61
12/02/2026 21:30;116.61
12/02/2026 21:45;116.61
12/02/2026 22:00;116.61
12/02/2026 22:15;116.63
12/02/2026 22:30;116.63
12/02/2026 22:45;116.64
12/02/2026 23:00;116.65
12/02/2026 23:15;116.66
12/02/2026 23:30;116.66
12/02/2026 23:45;116.66
13/02/2026 00:00;116.68
13/02/2026 00:15;116.68
13/02/2026 00:30;116.7
13/02/2026 00:45;116.7
13/02/2026 01:00;116.71
13/02/2026 01:15;116.71
13/02/2026 01:30;116.71
13/02/2026 01:45;116.72
13/02/2026 02:00;116.75
13/02/2026 02:15;116.75
13/02/2026 02:30;116.75
13/02/2026 02:45;116.77
13/02/2026 03:00;116.77
13/02/2026 03:15;116.79
13/02/2026 03:30;116.79
13/02/2026 03:45;116.8
13/02/2026 04:00;116.81
13/02/2026 04:15;116.82
13/02/2026 04:30;116.84
13/02/2026 04:45;116.84
13/02/2026 05:00;116.86
13/02/2026 05:15;116.86
13/02/2026 05:30;116.87
13/02/2026 05:45;116.87
13/02/2026 06:00;116.88
13/02/2026 06:15;116.89
13/02/2026 06:30;116.9
13/02/2026 06:45;116.93
13/02/2026 07:00;116.93
13/02/2026 07:15;116.9
13/02/2026 07:30;116.93
13/02/2026 07:45;116.93
13/02/2026 08:00;116.93
13/02/2026 08:15;116.95
13/02/2026 08:30;116.97
13/02/2026 08:45;116.97
13/02/2026 09:00;116.97
13/02/2026 09:15;116.98
13/02/2026 09:30;116.98
13/02/2026 09:45;117
13/02/2026 10:00;117
13/02/2026 10:15;117.02
13/02/2026 10:30;117.04
13/02/2026 10:45;117.02
13/02/2026 11:00;117.04
13/02/2026 11:15;117.04
13/02/2026 11:30;117.05
13/02/2026 11:45;117.04
13/02/2026 12:00;117.09
13/02/2026 12:15;117.06
13/02/2026 12:30;117.09
13/02/2026 12:45;117.09
13/02/2026 13:00;117.09
13/02/2026 13:15;117.11
13/02/2026 13:30;117.11
13/02/2026 13:45;117.12
13/02/2026 14:00;117.11
13/02/2026 14:15;117.13
13/02/2026 14:30;117.12
13/02/2026 14:45;117.14
13/02/2026 15:00;117.14
13/02/2026 15:15;117.14
13/02/2026 15:30;117.16
13/02/2026 15:45;117.15
13/02/2026 16:00;117.18
13/02/2026 16:15;117.16
13/02/2026 16:30;117.18
13/02/2026 16:45;117.18
13/02/2026 17:00;117.2
13/02/2026 17:15;117.2
13/02/2026 17:30;117.2
13/02/2026 17:45;117.2
13/02/2026 18:00;117.21
13/02/2026 18:15;117.2
13/02/2026 18:30;117.18
13/02/2026 18:45;117.2
13/02/2026 19:00;117.2
13/02/2026 19:15;117.21
13/02/2026 19:30;117.2
13/02/2026 19:45;117.22
13/02/2026 20:00;117.2
13/02/2026 20:15;117.2
13/02/2026 20:30;117.2
13/02/2026 20:45;117.2
13/02/2026 21:00;117.2
13/02/2026 21:15;117.21
13/02/2026 21:30;117.25
13/02/2026 21:45;117.25
13/02/2026 22:00;117.25
13/02/2026 22:15;117.25
13/02/2026 22:30;117.27
13/02/2026 22:45;117.27
13/02/2026 23:00;117.29
13/02/2026 23:15;117.29
13/02/2026 23:30;117.29
13/02/2026 23:45;117.29
14/02/2026 00:00;117.29
14/02/2026 00:15;117.29
14/02/2026 00:30;117.3
14/02/2026 00:45;117.31
14/02/2026 01:00;117.34
14/02/2026 01:15;117.34
14/02/2026 01:30;117.34
14/02/2026 01:45;117.34
14/02/2026 02:00;117.36
14/02/2026 02:15;117.34
14/02/2026 02:30;117.36
14/02/2026 02:45;117.36
14/02/2026 03:00;117.37
14/02/2026 03:15;117.38
14/02/2026 03:30;117.38
14/02/2026 03:45;117.39
14/02/2026 04:00;117.38
14/02/2026 04:15;117.4
14/02/2026 04:30;117.4
14/02/2026 04:45;117.41
14/02/2026 05:00;117.41
14/02/2026 05:15;117.43
14/02/2026 05:30;117.43
14/02/2026 05:45;117.45
14/02/2026 06:00;117.45
14/02/2026 06:15;117.45
14/02/2026 06:30;117.46
14/02/2026 06:45;117.46
14/02/2026 07:00;117.47
14/02/2026 07:15;117.48
14/02/2026 07:30;117.48
14/02/2026 07:45;117.5
14/02/2026 08:00;117.5
14/02/2026 08:15;117.5
14/02/2026 08:30;117.5
14/02/2026 08:45;117.52
14/02/2026 09:00;117.52
14/02/2026 09:15;117.52
14/02/2026 09:30;117.52
14/02/2026 09:45;117.54
14/02/2026 10:00;117.54
14/02/2026 10:15;117.54
14/02/2026 10:30;117.55
14/02/2026 10:45;117.55
14/02/2026 11:00;117.56
14/02/2026 11:15;117.57
14/02/2026 11:30;117.59
14/02/2026 11:45;117.59
14/02/2026 12:00;117.59
14/02/2026 12:15;117.61
14/02/2026 12:30;117.59
14/02/2026 12:45;117.61
14/02/2026 13:00;117.61
14/02/2026 13:15;117.62
14/02/2026 13:30;117.62
14/02/2026 13:45;117.63
14/02/2026 14:00;117.63
14/02/2026 14:15;117.65
14/02/2026 14:30;117.66
14/02/2026 14:45;117.65
14/02/2026 15:00;117.66
14/02/2026 15:15;117.68
14/02/2026 15:30;117.68
14/02/2026 15:45;117.68
14/02/2026 16:00;117.68
14/02/2026 16:15;117.7
14/02/2026 16:30;117.7
14/02/2026 16:45;117.7
14/02/2026 17:00;117.7
14/02/2026 17:15;117.71
14/02/2026 17:30;117.71
14/02/2026 17:45;117.73
14/02/2026 18:00;117.72
14/02/2026 18:15;117.73
14/02/2026 18:30;117.73
14/02/2026 18:45;117.75
14/02/2026 19:00;117.75
14/02/2026 19:15;117.73
14/02/2026 19:30;117.75
14/02/2026 19:45;117.75
14/02/2026 20:00;117.75
14/02/2026 20:15;117.75
14/02/2026 20:30;117.75
14/02/2026 20:45;117.77
14/02/2026 21:00;117.77
14/02/2026 21:15;117.79
14/02/2026 21:30;117.77
14/02/2026 21:45;117.79
14/02/2026 22:00;117.79
14/02/2026 22:15;117.81
14/02/2026 22:30;117.8
14/02/2026 22:45;117.84
14/02/2026 23:00;117.82
14/02/2026 23:15;117.81
14/02/2026 23:30;117.81
14/02/2026 23:45;117.82
15/02/2026 00:00;117.84
15/02/2026 00:15;117.84
15/02/2026 00:30;117.86
15/02/2026 00:45;117.84
15/02/2026 01:00;117.86
15/02/2026 01:15;117.86
15/02/2026 01:30;117.87
15/02/2026 01:45;117.87
15/02/2026 02:00;117.89
15/02/2026 02:15;117.88
15/02/2026 02:30;117.88
15/02/2026 02:45;117.9
15/02/2026 03:00;117.89
15/02/2026 03:15;117.9
15/02/2026 03:30;117.9
15/02/2026 03:45;117.91
15/02/2026 04:00;117.93
15/02/2026 04:15;117.91
15/02/2026 04:30;117.93
15/02/2026 04:45;117.93
15/02/2026 05:00;117.93
15/02/2026 05:15;117.93
15/02/2026 05:30;117.95
15/02/2026 05:45;117.95
15/02/2026 06:00;117.95
15/02/2026 06:15;117.96
15/02/2026 06:30;117.97
15/02/2026 06:45;117.97
15/02/2026 07:00;117.98
15/02/2026 07:15;117.98
15/02/2026 07:30;117.98
15/02/2026 07:45;118
15/02/2026 08:00;118
15/02/2026 08:15;118
15/02/2026 08:30;118
15/02/2026 08:45;118.02
15/02/2026 09:00;118.02
15/02/2026 09:15;118.04
15/02/2026 09:30;118.04
15/02/2026 09:45;118.04
15/02/2026 10:00;118.06
15/02/2026 10:15;118.06
15/02/2026 10:30;118.06
15/02/2026 10:45;118.06
15/02/2026 11:00;118.07
15/02/2026 11:15;118.09
15/02/2026 11:30;118.09
15/02/2026 11:45;118.11
15/02/2026 12:00;118.11
15/02/2026 12:15;118.11
15/02/2026 12:30;118.11
15/02/2026 12:45;118.12
15/02/2026 13:00;118.11
15/02/2026 13:15;118.13
15/02/2026 13:30;118.14
15/02/2026 13:45;118.15
15/02/2026 14:00;118.13
15/02/2026 14:15;118.15
15/02/2026 14:30;118.15
15/02/2026 14:45;118.16
15/02/2026 15:00;118.18
15/02/2026 15:15;118.16
15/02/2026 15:30;118.16
15/02/2026 15:45;118.16
15/02/2026 16:00;118.16
15/02/2026 16:15;118.16
15/02/2026 16:30;118.18
15/02/2026 16:45;118.18
15/02/2026 17:00;118.18
15/02/2026 17:15;118.18
15/02/2026 17:30;118.18
15/02/2026 17:45;118.18
15/02/2026 18:00;118.18
15/02/2026 18:15;118.18
15/02/2026 18:30;118.18
15/02/2026 18:45;118.2
15/02/2026 19:00;118.18
15/02/2026 19:15;118.16
15/02/2026 19:30;118.16
15/02/2026 19:45;118.15
15/02/2026 20:00;118.15
15/02/2026 20:15;118.15
15/02/2026 20:30;118.15
15/02/2026 20:45;118.14
15/02/2026 21:00;118.14
15/02/2026 21:15;118.14
15/02/2026 21:30;118.13
15/02/2026 21:45;118.13
15/02/2026 22:00;118.13
15/02/2026 22:15;118.15
15/02/2026 22:30;118.16
15/02/2026 22:45;118.14
15/02/2026 23:00;118.14
15/02/2026 23:15;118.13
15/02/2026 23:30;118.13
15/02/2026 23:45;118.12
16/02/2026 00:00;118.14
16/02/2026 00:15;118.13
16/02/2026 00:30;118.13
16/02/2026 00:45;118.13
16/02/2026 01:00;118.13
16/02/2026 01:15;118.14
16/02/2026 01:30;118.14
16/02/2026 01:45;118.15
16/02/2026 02:00;118.15
16/02/2026 02:15;118.16
16/02/2026 02:30;118.15
16/02/2026 02:45;118.16
16/02/2026 03:00;118.15
16/02/2026 03:15;118.15
16/02/2026 03:30;118.16
16/02/2026 03:45;118.16
16/02/2026 04:00;118.16
16/02/2026 04:15;118.16
16/02/2026 04:30;118.18
16/02/2026 04:45;118.18
16/02/2026 05:00;118.18
16/02/2026 05:15;118.18
16/02/2026 05:30;118.18
16/02/2026 05:45;118.18
16/02/2026 06:00;118.18
16/02/2026 06:15;118.18
16/02/2026 06:30;118.15
16/02/2026 06:45;118.16
16/02/2026 07:00;118.16
16/02/2026 07:15;118.15
16/02/2026 07:30;118.15
16/02/2026 07:45;118.18
16/02/2026 08:00;118.15
16/02/2026 08:15;118.13
16/02/2026 08:30;118.14
16/02/2026 08:45;118.13
16/02/2026 09:00;118.13
16/02/2026 09:15;118.12
16/02/2026 09:30;118.14
16/02/2026 09:45;118.12
16/02/2026 10:00;118.11
16/02/2026 10:15;118.14
16/02/2026 10:30;118.15
16/02/2026 10:45;118.13
16/02/2026 11:00;118.13
16/02/2026 11:15;118.14
16/02/2026 11:30;118.13
16/02/2026 11:45;118.13
16/02/2026 12:00;118.15
16/02/2026 12:15;118.14
16/02/2026 12:30;118.15
16/02/2026 12:45;118.14
16/02/2026 13:00;118.15
16/02/2026 13:15;118.14
16/02/2026 13:30;118.15
16/02/2026 13:45;118.15
16/02/2026 14:00;118.16
16/02/2026 14:15;118.16
16/02/2026 14:30;118.18
16/02/2026 14:45;118.18
16/02/2026 15:00;118.16
16/02/2026 15:15;118.18
16/02/2026 15:30;118.18
16/02/2026 15:45;118.18
16/02/2026 16:00;118.18
16/02/2026 16:15;118.18
16/02/2026 16:30;118.18
16/02/2026 16:45;118.18
16/02/2026 17:00;118.2
16/02/2026 17:15;118.18
16/02/2026 17:30;118.15
16/02/2026 17:45;118.14
16/02/2026 18:00;118.15
16/02/2026 18:15;118.14
16/02/2026 18:30;118.15
16/02/2026 18:45;118.16
16/02/2026 19:00;118.15
16/02/2026 19:15;118.13
16/02/2026 19:30;118.13
16/02/2026 19:45;118.13
16/02/2026 20:00;118.13
16/02/2026 20:15;118.14
16/02/2026 20:30;118.13
16/02/2026 20:45;118.11
16/02/2026 21:00;118.11
16/02/2026 21:15;118.11
16/02/2026 21:30;118.11
16/02/2026 21:45;118.11
16/02/2026 22:00;118.11
16/02/2026 22:15;118.11
16/02/2026 22:30;118.09
16/02/2026 22:45;118.07
16/02/2026 23:00;118.09
16/02/2026 23:15;118.07
16/02/2026 23:30;118.07
16/02/2026 23:45;118.07
17/02/2026 00:00;118.06
17/02/2026 00:15;118.06
17/02/2026 00:30;118.05
17/02/2026 00:45;118.06
17/02/2026 01:00;118.05
17/02/2026 01:15;118.05
17/02/2026 01:30;118.04
17/02/2026 01:45;118.04
17/02/2026 02:00;118.04
17/02/2026 02:15;118.02
17/02/2026 02:30;118.02
17/02/2026 02:45;118.02
17/02/2026 03:00;118.02
17/02/2026 03:15;118.02
17/02/2026 03:30;118
17/02/2026 03:45;118
17/02/2026 04:00;118
17/02/2026 04:15;118
17/02/2026 04:30;118
17/02/2026 04:45;117.98
17/02/2026 05:00;117.98
17/02/2026 05:15;117.97
17/02/2026 05:30;117.97
17/02/2026 05:45;117.96
17/02/2026 06:00;117.96
17/02/2026 06:15;117.96
17/02/2026 06:30;117.96
17/02/2026 06:45;117.95
17/02/2026 07:00;117.95
17/02/2026 07:15;117.95
17/02/2026 07:30;117.95
17/02/2026 07:45;117.93
17/02/2026 08:00;117.93
17/02/2026 08:15;117.93
17/02/2026 08:30;117.95
17/02/2026 08:45;117.95
17/02/2026 09:00;117.95
17/02/2026 09:15;117.95
17/02/2026 09:30;117.93
17/02/2026 09:45;117.93
17/02/2026 10:00;117.93
17/02/2026 10:15;117.93
17/02/2026 10:30;117.93
17/02/2026 10:45;117.93
17/02/2026 11:00;117.93
17/02/2026 11:15;117.93
17/02/2026 11:30;117.93
17/02/2026 11:45;117.93
17/02/2026 12:00;117.93
17/02/2026 12:15;117.93
17/02/2026 12:30;117.93
17/02/2026 12:45;117.93
17/02/2026 13:00;117.93
17/02/2026 13:15;117.93
17/02/2026 13:30;117.93
17/02/2026 13:45;117.93
17/02/2026 14:00;117.93
17/02/2026 14:15;117.93
17/02/2026 14:30;117.93
17/02/2026 14:45;117.93
17/02/2026 15:00;117.91
17/02/2026 15:15;117.91
17/02/2026 15:30;117.91
17/02/2026 15:45;117.93
17/02/2026 16:00;117.91
17/02/2026 16:15;117.91
17/02/2026 16:30;117.9
17/02/2026 16:45;117.91
17/02/2026 17:00;117.91
17/02/2026 17:15;117.91
17/02/2026 17:30;117.91
17/02/2026 17:45;117.91
17/02/2026 18:00;117.91
17/02/2026 18:15;117.91
17/02/2026 18:30;117.91
17/02/2026 18:45;117.91
17/02/2026 19:00;117.91
17/02/2026 19:15;117.91
17/02/2026 19:30;117.91
17/02/2026 19:45;117.91
17/02/2026 20:00;117.91
17/02/2026 20:15;117.91
17/02/2026 20:30;117.91
17/02/2026 20:45;117.91
17/02/2026 21:00;117.91
17/02/2026 21:15;117.91
17/02/2026 21:30;117.93
17/02/2026 21:45;117.93
17/02/2026 22:00;117.93
17/02/2026 22:15;117.93
17/02/2026 22:30;117.93
17/02/2026 22:45;117.93
17/02/2026 23:00;117.93
17/02/2026 23:15;117.93
17/02/2026 23:30;117.93
17/02/2026 23:45;117.93
18/02/2026 00:00;117.93
18/02/2026 00:15;117.93
18/02/2026 00:30;117.93
18/02/2026 00:45;117.93
18/02/2026 01:00;117.93
18/02/2026 01:15;117.95
18/02/2026 01:30;117.95
18/02/2026 01:45;117.95
18/02/2026 02:00;117.95
18/02/2026 02:15;117.95
18/02/2026 02:30;117.95
18/02/2026 02:45;117.95
18/02/2026 03:00;117.95
18/02/2026 03:15;117.95
18/02/2026 03:30;117.95
18/02/2026 03:45;117.95
18/02/2026 04:00;117.95
18/02/2026 04:15;117.95
18/02/2026 04:30;117.96
18/02/2026 04:45;117.96
18/02/2026 05:00;117.96
18/02/2026 05:15;117.96
18/02/2026 05:30;117.97
18/02/2026 05:45;117.97
18/02/2026 06:00;117.97
18/02/2026 06:15;117.97
18/02/2026 06:30;117.97
18/02/2026 06:45;117.97
18/02/2026 07:00;117.98
18/02/2026 07:15;117.98
18/02/2026 07:30;117.98
18/02/2026 07:45;117.98
18/02/2026 08:00;118
18/02/2026 08:15;118
18/02/2026 08:30;118
18/02/2026 08:45;118
18/02/2026 09:00;118
18/02/2026 09:15;118.02
18/02/2026 09:30;118.02
18/02/2026 09:45;118.02
18/02/2026 10:00;118.02
18/02/2026 10:15;118.02
18/02/2026 10:30;118.02
18/02/2026 10:45;118.02
18/02/2026 11:00;118.04
18/02/2026 11:15;118.04
18/02/2026 11:30;118.04
18/02/2026 11:45;118.04
18/02/2026 12:00;118.05
18/02/2026 12:15;118.05
18/02/2026 12:30;118.05
18/02/2026 12:45;118.06
18/02/2026 13:00;118.07
18/02/2026 13:15;118.07
18/02/2026 13:30;118.07
18/02/2026 13:45;118.09
18/02/2026 14:00;118.09
18/02/2026 14:15;118.09
18/02/2026 14:30;118.11
18/02/2026 14:45;118.09
18/02/2026 15:00;118.11
18/02/2026 15:15;118.11
18/02/2026 15:30;118.11
18/02/2026 15:45;118.11
18/02/2026 16:00;118.11
18/02/2026 16:15;118.12
18/02/2026 16:30;118.12
18/02/2026 16:45;118.13
18/02/2026 17:00;118.13
18/02/2026 17:15;118.14
18/02/2026 17:30;118.14
18/02/2026 17:45;118.15
18/02/2026 18:00;118.15
18/02/2026 18:15;118.16
18/02/2026 18:30;118.16
18/02/2026 18:45;118.18
18/02/2026 19:00;118.18
18/02/2026 19:15;118.18
18/02/2026 19:30;118.18
18/02/2026 19:45;118.18
18/02/2026 20:00;118.2
18/02/2026 20:15;118.2
18/02/2026 20:30;118.2
18/02/2026 20:45;118.2
18/02/2026 21:00;118.21
18/02/2026 21:15;118.21
18/02/2026 21:30;118.22
18/02/2026 21:45;118.22
18/02/2026 22:00;118.23
18/02/2026 22:15;118.25
18/02/2026 22:30;118.25
18/02/2026 22:45;118.25
18/02/2026 23:00;118.25
18/02/2026 23:15;118.27
18/02/2026 23:30;118.27
18/02/2026 23:45;118.27
19/02/2026 00:00;118.27
19/02/2026 00:15;118.27
19/02/2026 00:30;118.29
19/02/2026 00:45;118.29
19/02/2026 01:00;118.3
19/02/2026 01:15;118.3
19/02/2026 01:30;118.3
19/02/2026 01:45;118.29
19/02/2026 02:00;118.31
19/02/2026 02:15;118.31
19/02/2026 02:30;118.31
19/02/2026 02:45;118.31
19/02/2026 03:00;118.31
19/02/2026 03:15;118.32
19/02/2026 03:30;118.32
19/02/2026 03:45;118.34
19/02/2026 04:00;118.34
19/02/2026 04:15;118.34
19/02/2026 04:30;118.34
19/02/2026 04:45;118.36
19/02/2026 05:00;118.36
19/02/2026 05:15;118.36
19/02/2026 05:30;118.37
19/02/2026 05:45;118.37
19/02/2026 06:00;118.38
19/02/2026 06:15;118.37
19/02/2026 06:30;118.38
19/02/2026 06:45;118.38
19/02/2026 07:00;118.39
19/02/2026 07:15;118.4
19/02/2026 07:30;118.4
19/02/2026 07:45;118.41
19/02/2026 08:00;118.43
19/02/2026 08:15;118.43
19/02/2026 08:30;118.45
19/02/2026 08:45;118.46
19/02/2026 09:00;118.45
19/02/2026 09:15;118.47
19/02/2026 09:30;118.47
19/02/2026 09:45;118.48
19/02/2026 10:00;118.48
19/02/2026 10:15;118.5
19/02/2026 10:30;118.5
19/02/2026 10:45;118.52
19/02/2026 11:00;118.52
19/02/2026 11:15;118.52
19/02/2026 11:30;118.54
19/02/2026 11:45;118.55
19/02/2026 12:00;118.57
19/02/2026 12:15;118.59
19/02/2026 12:30;118.61
19/02/2026 12:45;118.61
19/02/2026 13:00;118.61
19/02/2026 13:15;118.62
19/02/2026 13:30;118.64
19/02/2026 13:45;118.64
19/02/2026 14:00;118.65
19/02/2026 14:15;118.65
19/02/2026 14:30;118.66
19/02/2026 14:45;118.68
19/02/2026 15:00;118.68
19/02/2026 15:15;118.68
19/02/2026 15:30;118.68
19/02/2026 15:45;118.7
19/02/2026 16:00;118.7
19/02/2026 16:15;118.71
19/02/2026 16:30;118.73
19/02/2026 16:45;118.73
19/02/2026 17:00;118.74
19/02/2026 17:15;118.74
19/02/2026 17:30;118.75
19/02/2026 17:45;118.75
19/02/2026 18:00;118.77
19/02/2026 18:15;118.79
19/02/2026 18:30;118.79
19/02/2026 18:45;118.79
19/02/2026 19:00;118.79
19/02/2026 19:15;118.79
19/02/2026 19:30;118.81
19/02/2026 19:45;118.82
19/02/2026 20:00;118.82
19/02/2026 20:15;118.84
19/02/2026 20:30;118.86
19/02/2026 20:45;118.86
19/02/2026 21:00;118.87
19/02/2026 21:15;118.88
19/02/2026 21:30;118.89
19/02/2026 21:45;118.9
19/02/2026 22:00;118.91
19/02/2026 22:15;118.91
19/02/2026 22:30;118.93
19/02/2026 22:45;118.93
19/02/2026 23:00;118.95
19/02/2026 23:15;118.95
19/02/2026 23:30;118.96
19/02/2026 23:45;118.97
20/02/2026 00:00;118.98
20/02/2026 00:15;118.99
20/02/2026 00:30;118.99
20/02/2026 00:45;119
20/02/2026 01:00;119.02
20/02/2026 01:15;119.02
20/02/2026 01:30;119.04
20/02/2026 01:45;119.04
20/02/2026 02:00;119.05
20/02/2026 02:15;119.06
20/02/2026 02:30;119.07
20/02/2026 02:45;119.07
20/02/2026 03:00;119.07
20/02/2026 03:15;119.09
20/02/2026 03:30;119.09
20/02/2026 03:45;119.09
20/02/2026 04:00;119.11
20/02/2026 04:15;119.11
20/02/2026 04:30;119.13
20/02/2026 04:45;119.13
20/02/2026 05:00;119.14
20/02/2026 05:15;119.14
20/02/2026 05:30;119.15
20/02/2026 05:45;119.16
20/02/2026 06:00;119.16
20/02/2026 06:15;119.18
20/02/2026 06:30;119.18
20/02/2026 06:45;119.18
20/02/2026 07:00;119.2
20/02/2026 07:15;119.2
20/02/2026 07:30;119.21
20/02/2026 07:45;119.21
20/02/2026 08:00;119.22
20/02/2026 08:15;119.23
20/02/2026 08:30;119.24
20/02/2026 08:45;119.25
20/02/2026 09:00;119.27
20/02/2026 09:15;119.27
20/02/2026 09:30;119.29
20/02/2026 09:45;119.29
20/02/2026 10:00;119.29
20/02/2026 10:15;119.3
20/02/2026 10:30;119.31
20/02/2026 10:45;119.32
20/02/2026 11:00;119.34
20/02/2026 11:15;119.34
20/02/2026 11:30;119.36
20/02/2026 11:45;119.36
20/02/2026 12:00;119.36
20/02/2026 12:15;119.37
20/02/2026 12:30;119.38
20/02/2026 12:45;119.39
20/02/2026 13:00;119.4
20/02/2026 13:15;119.4
20/02/2026 13:30;119.41
20/02/2026 13:45;119.43
20/02/2026 14:00;119.43
20/02/2026 14:15;119.43
20/02/2026 14:30;119.45
20/02/2026 14:45;119.45
20/02/2026 15:00;119.46
20/02/2026 15:15;119.46
20/02/2026 15:30;119.47
20/02/2026 15:45;119.48
20/02/2026 16:00;119.48
20/02/2026 16:15;119.5
20/02/2026 16:30;119.52
20/02/2026 16:45;119.52
20/02/2026 17:00;119.52
20/02/2026 17:15;119.52
20/02/2026 17:30;119.54
20/02/2026 17:45;119.54
20/02/2026 18:00;119.55
20/02/2026 18:15;119.56
20/02/2026 18:30;119.56
20/02/2026 18:45;119.57
20/02/2026 19:00;119.59
20/02/2026 19:15;119.59
20/02/2026 19:30;119.59
20/02/2026 19:45;119.61
20/02/2026 20:00;119.61
20/02/2026 20:15;119.62
20/02/2026 20:30;119.62
20/02/2026 20:45;119.63
20/02/2026 21:00;119.64
20/02/2026 21:15;119.65
20/02/2026 21:30;119.65
20/02/2026 21:45;119.66
20/02/2026 22:00;119.68
20/02/2026 22:15;119.68
20/02/2026 22:30;119.7
20/02/2026 22:45;119.7
20/02/2026 23:00;119.7
20/02/2026 23:15;119.71
20/02/2026 23:30;119.72
20/02/2026 23:45;119.73
21/02/2026 00:00;119.74
21/02/2026 00:15;119.75
21/02/2026 00:30;119.75
21/02/2026 00:45;119.77
21/02/2026 01:00;119.77
21/02/2026 01:15;119.79
21/02/2026 01:30;119.79
21/02/2026 01:45;119.79
21/02/2026 02:00;119.8
21/02/2026 02:15;119.81
21/02/2026 02:30;119.82
21/02/2026 02:45;119.82
21/02/2026 03:00;119.84
21/02/2026 03:15;119.84
21/02/2026 03:30;119.86
21/02/2026 03:45;119.86
21/02/2026 04:00;119.87
21/02/2026 04:15;119.87
21/02/2026 04:30;119.88
21/02/2026 04:45;119.89
21/02/2026 05:00;119.9
21/02/2026 05:15;119.9
21/02/2026 05:30;119.91
21/02/2026 05:45;119.93
21/02/2026 06:00;119.93
21/02/2026 06:15;119.95
21/02/2026 06:30;119.95
21/02/2026 06:45;119.95
21/02/2026 07:00;119.96
21/02/2026 07:15;119.96
21/02/2026 07:30;119.97
21/02/2026 07:45;119.98
21/02/2026 08:00;119.99
21/02/2026 08:15;120
21/02/2026 08:30;120
21/02/2026 08:45;120.02
21/02/2026 09:00;120.04
21/02/2026 09:15;120.04
21/02/2026 09:30;120.04
21/02/2026 09:45;120.05
21/02/2026 10:00;120.06
21/02/2026 10:15;120.07
21/02/2026 10:30;120.07
21/02/2026 10:45;120.09
21/02/2026 11:00;120.09
21/02/2026 11:15;120.09
21/02/2026 11:30;120.11
21/02/2026 11:45;120.11
21/02/2026 12:00;120.11
21/02/2026 12:15;120.12
21/02/2026 12:30;120.13
21/02/2026 12:45;120.14
21/02/2026 13:00;120.14
21/02/2026 13:15;120.15
21/02/2026 13:30;120.16
21/02/2026 13:45;120.18
21/02/2026 14:00;120.18
21/02/2026 14:15;120.18
21/02/2026 14:30;120.18
21/02/2026 14:45;120.2
21/02/2026 15:00;120.2
21/02/2026 15:15;120.2
21/02/2026 15:30;120.21
21/02/2026 15:45;120.21
21/02/2026 16:00;120.22
21/02/2026 16:15;120.23
21/02/2026 16:30;120.24
21/02/2026 16:45;120.24
21/02/2026 17:00;120.25
21/02/2026 17:15;120.25
21/02/2026 17:30;120.27
21/02/2026 17:45;120.27
21/02/2026 18:00;120.27
21/02/2026 18:15;120.29
21/02/2026 18:30;120.29
21/02/2026 18:45;120.29
21/02/2026 19:00;120.3
21/02/2026 19:15;120.3
21/02/2026 19:30;120.31
21/02/2026 19:45;120.31
21/02/2026 20:00;120.32
21/02/2026 20:15;120.32
21/02/2026 20:30;120.32
21/02/2026 20:45;120.34
21/02/2026 21:00;120.34
21/02/2026 21:15;120.34
21/02/2026 21:30;120.34
21/02/2026 21:45;120.34
21/02/2026 22:00;120.34
21/02/2026 22:15;120.36
21/02/2026 22:30;120.36
21/02/2026 22:45;120.36
21/02/2026 23:00;120.36
21/02/2026 23:15;120.36
21/02/2026 23:30;120.37
21/02/2026 23:45;120.38
22/02/2026 00:00;120.38
22/02/2026 00:15;120.39
22/02/2026 00:30;120.38
22/02/2026 00:45;120.39
22/02/2026 01:00;120.39
22/02/2026 01:15;120.39
22/02/2026 01:30;120.39
22/02/2026 01:45;120.4
22/02/2026 02:00;120.4
22/02/2026 02:15;120.4
22/02/2026 02:30;120.4
22/02/2026 02:45;120.4
22/02/2026 03:00;120.41
22/02/2026 03:15;120.41
22/02/2026 03:30;120.41
22/02/2026 03:45;120.41
22/02/2026 04:00;120.43
22/02/2026 04:15;120.41
22/02/2026 04:30;120.43
22/02/2026 04:45;120.43
22/02/2026 05:00;120.43
22/02/2026 05:15;120.43
22/02/2026 05:30;120.43
22/02/2026 05:45;120.43
22/02/2026 06:00;120.43
22/02/2026 06:15;120.43
22/02/2026 06:30;120.43
22/02/2026 06:45;120.43
22/02/2026 07:00;120.43
22/02/2026 07:15;120.45
22/02/2026 07:30;120.45
22/02/2026 07:45;120.45
22/02/2026 08:00;120.45
22/02/2026 08:15;120.45
22/02/2026 08:30;120.45
22/02/2026 08:45;120.45
22/02/2026 09:00;120.45
22/02/2026 09:15;120.45
22/02/2026 09:30;120.45
22/02/2026 09:45;120.45
22/02/2026 10:00;120.45
22/02/2026 10:15;120.45
22/02/2026 10:30;120.45
22/02/2026 10:45;120.45
22/02/2026 11:00;120.45
22/02/2026 11:15;120.49
22/02/2026 11:30;120.5
22/02/2026 11:45;120.5
22/02/2026 12:00;120.52
22/02/2026 12:15;120.52
22/02/2026 12:30;120.52
22/02/2026 12:45;120.52
22/02/2026 13:00;120.54
22/02/2026 13:15;120.54
22/02/2026 13:30;120.54
22/02/2026 13:45;120.54
22/02/2026 14:00;120.55
22/02/2026 14:15;120.55
22/02/2026 14:30;120.58
22/02/2026 14:45;120.58
22/02/2026 15:00;120.59
22/02/2026 15:15;120.61
22/02/2026 15:30;120.61
22/02/2026 15:45;120.61
22/02/2026 16:00;120.62
22/02/2026 16:15;120.63
22/02/2026 16:30;120.63
22/02/2026 16:45;120.64
22/02/2026 17:00;120.64
22/02/2026 17:15;120.62
22/02/2026 17:30;120.62
22/02/2026 17:45;120.63
22/02/2026 18:00;120.63
22/02/2026 18:15;120.63
22/02/2026 18:30;120.65
22/02/2026 18:45;120.65
22/02/2026 19:00;120.64
22/02/2026 19:15;120.65
22/02/2026 19:30;120.65
22/02/2026 19:45;120.65
22/02/2026 20:00;120.65
22/02/2026 20:15;120.65
22/02/2026 20:30;120.65
22/02/2026 20:45;120.64
22/02/2026 21:00;120.64
22/02/2026 21:15;120.64
22/02/2026 21:30;120.64
22/02/2026 21:45;120.64
22/02/2026 22:00;120.64
22/02/2026 22:15;120.64
22/02/2026 22:30;120.64
22/02/2026 22:45;120.64
22/02/2026 23:00;120.64
22/02/2026 23:15;120.64
22/02/2026 23:30;120.64
22/02/2026 23:45;120.64
23/02/2026 00:00;120.64
23/02/2026 00:15;120.64
23/02/2026 00:30;120.64
23/02/2026 00:45;120.64
23/02/2026 01:00;120.64
23/02/2026 01:15;120.64
23/02/2026 01:30;120.63
23/02/2026 01:45;120.63
23/02/2026 02:00;120.64
23/02/2026 02:15;120.64
23/02/2026 02:30;120.63
23/02/2026 02:45;120.63
23/02/2026 03:00;120.63
23/02/2026 03:15;120.63
23/02/2026 03:30;120.63
23/02/2026 03:45;120.63
23/02/2026 04:00;120.63
23/02/2026 04:15;120.63
23/02/2026 04:30;120.63
23/02/2026 04:45;120.63
23/02/2026 05:00;120.63
23/02/2026 05:15;120.63
23/02/2026 05:30;120.63
23/02/2026 05:45;120.63
23/02/2026 06:00;120.63
23/02/2026 06:15;120.63
23/02/2026 06:30;120.63
23/02/2026 06:45;120.63
23/02/2026 07:00;120.63
23/02/2026 07:15;120.63
23/02/2026 07:30;120.63
23/02/2026 07:45;120.63
23/02/2026 08:00;120.63
23/02/2026 08:15;120.63
23/02/2026 08:30;120.64
23/02/2026 08:45;120.64
23/02/2026 09:00;120.65
23/02/2026 09:15;120.64
23/02/2026 09:30;120.64
23/02/2026 09:45;120.64
23/02/2026 10:00;120.65
23/02/2026 10:15;120.64
23/02/2026 10:30;120.64
23/02/2026 10:45;120.65
23/02/2026 11:00;120.65
23/02/2026 11:15;120.65
23/02/2026 11:30;120.65
23/02/2026 11:45;120.65
23/02/2026 12:00;120.65
23/02/2026 12:15;120.66
23/02/2026 12:30;120.66
23/02/2026 12:45;120.66
23/02/2026 13:00;120.66
23/02/2026 13:15;120.66
23/02/2026 13:30;120.66
23/02/2026 13:45;120.66
23/02/2026 14:00;120.66
23/02/2026 14:15;120.68
23/02/2026 14:30;120.68
23/02/2026 14:45;120.68
23/02/2026 15:00;120.68
23/02/2026 15:15;120.68
23/02/2026 15:30;120.68
23/02/2026 15:45;120.68
23/02/2026 16:00;120.68
23/02/2026 16:15;120.68
23/02/2026 16:30;120.68
23/02/2026 16:45;120.68
23/02/2026 17:00;120.68
23/02/2026 17:15;120.68
23/02/2026 17:30;120.68
23/02/2026 17:45;120.68
23/02/2026 18:00;120.68
23/02/2026 18:15;120.68
23/02/2026 18:30;120.68
23/02/2026 18:45;120.68
23/02/2026 19:00;120.68
23/02/2026 19:15;120.68
23/02/2026 19:30;120.68
23/02/2026 19:45;120.68
23/02/2026 20:00;120.68
23/02/2026 20:15;120.68
23/02/2026 20:30;120.68
23/02/2026 20:45;120.68
23/02/2026 21:00;120.68
23/02/2026 21:15;120.68
23/02/2026 21:30;120.68
23/02/2026 21:45;120.68
23/02/2026 22:00;120.68
23/02/2026 22:15;120.68
23/02/2026 22:30;120.68
23/02/2026 22:45;120.68
23/02/2026 23:00;120.68
23/02/2026 23:15;120.68
23/02/2026 23:30;120.68
23/02/2026 23:45;120.68
24/02/2026 00:00;120.68
24/02/2026 00:15;120.68
24/02/2026 00:30;120.68
24/02/2026 00:45;120.68
24/02/2026 01:00;120.68
24/02/2026 01:15;120.68
24/02/2026 01:30;120.68
24/02/2026 01:45;120.68
24/02/2026 02:00;120.7
24/02/2026 02:15;120.68
24/02/2026 02:30;120.68
24/02/2026 02:45;120.68
24/02/2026 03:00;120.68
24/02/2026 03:15;120.68
24/02/2026 03:30;120.68
24/02/2026 03:45;120.68
24/02/2026 04:00;120.68
24/02/2026 04:15;120.68
24/02/2026 04:30;120.68
24/02/2026 04:45;120.68
24/02/2026 05:00;120.68
24/02/2026 05:15;120.68
24/02/2026 05:30;120.68
24/02/2026 05:45;120.68
24/02/2026 06:00;120.68
24/02/2026 06:15;120.68
24/02/2026 06:30;120.68
24/02/2026 06:45;120.68
24/02/2026 07:00;120.68
24/02/2026 07:15;120.68
24/02/2026 07:30;120.68
24/02/2026 07:45;120.68
24/02/2026 08:00;120.68
24/02/2026 08:15;120.68
24/02/2026 08:30;120.68
24/02/2026 08:45;120.68
24/02/2026 09:00;120.68
24/02/2026 09:15;120.68
24/02/2026 09:30;120.68
24/02/2026 09:45;120.68
24/02/2026 10:00;120.68
24/02/2026 10:15;120.68
24/02/2026 10:30;120.68
24/02/2026 10:45;120.68
24/02/2026 11:00;120.68
24/02/2026 11:15;120.68
24/02/2026 11:30;120.68
24/02/2026 11:45;120.68
24/02/2026 12:00;120.7
24/02/2026 12:15;120.68
24/02/2026 12:30;120.68
24/02/2026 12:45;120.68
24/02/2026 13:00;120.68
24/02/2026 13:15;120.68
24/02/2026 13:30;120.68
24/02/2026 13:45;120.68
24/02/2026 14:00;120.68
24/02/2026 14:15;120.68
24/02/2026 14:30;120.68
24/02/2026 14:45;120.68
24/02/2026 15:00;120.68
24/02/2026 15:15;120.68
24/02/2026 15:30;120.68
24/02/2026 15:45;120.68
24/02/2026 16:00;120.68
24/02/2026 16:15;120.68
24/02/2026 16:30;120.68
24/02/2026 16:45;120.68
24/02/2026 17:00;120.68
24/02/2026 17:15;120.68
24/02/2026 17:30;120.68
24/02/2026 17:45;120.7
24/02/2026 18:00;120.68
24/02/2026 18:15;120.68
24/02/2026 18:30;120.68
24/02/2026 18:45;120.68
24/02/2026 19:00;120.68
24/02/2026 19:15;120.68
24/02/2026 19:30;120.68
24/02/2026 19:45;120.68
24/02/2026 20:00;120.68
24/02/2026 20:15;120.68
24/02/2026 20:30;120.68
24/02/2026 20:45;120.68
24/02/2026 21:00;120.68
24/02/2026 21:15;120.66
24/02/2026 21:30;120.66
24/02/2026 21:45;120.66
24/02/2026 22:00;120.66
24/02/2026 22:15;120.66
24/02/2026 22:30;120.66
24/02/2026 22:45;120.66
24/02/2026 23:00;120.65
24/02/2026 23:15;120.66
24/02/2026 23:30;120.65
24/02/2026 23:45;120.65
25/02/2026 00:00;120.65
25/02/2026 00:15;120.65
25/02/2026 00:30;120.65
25/02/2026 00:45;120.65
25/02/2026 01:00;120.64
25/02/2026 01:15;120.64
25/02/2026 01:30;120.64
25/02/2026 01:45;120.64
25/02/2026 02:00;120.64
25/02/2026 02:15;120.64
25/02/2026 02:30;120.64
25/02/2026 02:45;120.64
25/02/2026 03:00;120.64
25/02/2026 03:15;120.64
25/02/2026 03:30;120.64
25/02/2026 03:45;120.64
25/02/2026 04:00;120.63
25/02/2026 04:15;120.63
25/02/2026 04:30;120.63
25/02/2026 04:45;120.63
25/02/2026 05:00;120.63
25/02/2026 05:15;120.63
25/02/2026 05:30;120.63
25/02/2026 05:45;120.62
25/02/2026 06:00;120.62
25/02/2026 06:15;120.62
25/02/2026 06:30;120.62
25/02/2026 06:45;120.62
25/02/2026 07:00;120.62
25/02/2026 07:15;120.61
25/02/2026 07:30;120.61
25/02/2026 07:45;120.61
25/02/2026 08:00;120.61
25/02/2026 08:15;120.61
25/02/2026 08:30;120.61
25/02/2026 08:45;120.61
25/02/2026 09:00;120.61
25/02/2026 09:15;120.61
25/02/2026 09:30;120.61
25/02/2026 09:45;120.61
25/02/2026 10:00;120.61
25/02/2026 10:15;120.61
25/02/2026 10:30;120.61
25/02/2026 10:45;120.61
25/02/2026 11:00;120.61
25/02/2026 11:15;120.61
25/02/2026 11:30;120.61
25/02/2026 11:45;120.61
25/02/2026 12:00;120.61
25/02/2026 12:15;120.61
25/02/2026 12:30;120.61
25/02/2026 12:45;120.61
25/02/2026 13:00;120.61
25/02/2026 13:15;120.61
25/02/2026 13:30;120.61
25/02/2026 13:45;120.61
25/02/2026 14:00;120.61
25/02/2026 14:15;120.61
25/02/2026 14:30;120.61
25/02/2026 14:45;120.61
25/02/2026 15:00;120.61
25/02/2026 15:15;120.61
25/02/2026 15:30;120.61
25/02/2026 15:45;120.61
25/02/2026 16:00;120.61
25/02/2026 16:15;120.61
25/02/2026 16:30;120.61
25/02/2026 16:45;120.61
25/02/2026 17:00;120.61
25/02/2026 17:15;120.59
25/02/2026 17:30;120.59
25/02/2026 17:45;120.58
25/02/2026 18:00;120.58
25/02/2026 18:15;120.56
25/02/2026 18:30;120.56
25/02/2026 18:45;120.56
25/02/2026 19:00;120.55
25/02/2026 19:15;120.55
25/02/2026 19:30;120.56
25/02/2026 19:45;120.57
25/02/2026 20:00;120.57
25/02/2026 20:15;120.58
25/02/2026 20:30;120.57
25/02/2026 20:45;120.58
25/02/2026 21:00;120.57
25/02/2026 21:15;120.57
25/02/2026 21:30;120.56
25/02/2026 21:45;120.57
25/02/2026 22:00;120.56
25/02/2026 22:15;120.55
25/02/2026 22:30;120.55
25/02/2026 22:45;120.55
25/02/2026 23:00;120.55
25/02/2026 23:15;120.54
25/02/2026 23:30;120.54
25/02/2026 23:45;120.54
26/02/2026 00:00;120.54
26/02/2026 00:15;120.54
26/02/2026 00:30;120.54
26/02/2026 00:45;120.54
26/02/2026 01:00;120.54
26/02/2026 01:15;120.52
26/02/2026 01:30;120.52
26/02/2026 01:45;120.52
26/02/2026 02:00;120.52
26/02/2026 02:15;120.52
26/02/2026 02:30;120.52
26/02/2026 02:45;120.52
26/02/2026 03:00;120.52
26/02/2026 03:15;120.52
26/02/2026 03:30;120.5
26/02/2026 03:45;120.5
26/02/2026 04:00;120.5
26/02/2026 04:15;120.5
26/02/2026 04:30;120.49
26/02/2026 04:45;120.49
26/02/2026 05:00;120.49
26/02/2026 05:15;120.49
26/02/2026 05:30;120.48
26/02/2026 05:45;120.48
26/02/2026 06:00;120.48
26/02/2026 06:15;120.48
26/02/2026 06:30;120.47
26/02/2026 06:45;120.47
26/02/2026 07:00;120.47
26/02/2026 07:15;120.46
26/02/2026 07:30;120.46
26/02/2026 07:45;120.46
26/02/2026 08:00;120.46
26/02/2026 08:15;120.46
26/02/2026 08:30;120.45
26/02/2026 08:45;120.45
26/02/2026 09:00;120.45
26/02/2026 09:15;120.45
26/02/2026 09:30;120.45
26/02/2026 09:45;120.45
26/02/2026 10:00;120.43
26/02/2026 10:15;120.45
26/02/2026 10:30;120.48
26/02/2026 10:45;120.46
26/02/2026 11:00;120.46
26/02/2026 11:15;120.46
26/02/2026 11:30;120.47
26/02/2026 11:45;120.46
26/02/2026 12:00;120.47
26/02/2026 12:15;120.47
26/02/2026 12:30;120.48
26/02/2026 12:45;120.48
26/02/2026 13:00;120.48
26/02/2026 13:15;120.48
26/02/2026 13:30;120.49
26/02/2026 13:45;120.5
26/02/2026 14:00;120.5
26/02/2026 14:15;120.52
26/02/2026 14:30;120.52
26/02/2026 14:45;120.52
26/02/2026 15:00;120.52
26/02/2026 15:15;120.54
26/02/2026 15:30;120.52
26/02/2026 15:45;120.54
26/02/2026 16:00;120.54
26/02/2026 16:15;120.54
26/02/2026 16:30;120.54
26/02/2026 16:45;120.55
26/02/2026 17:00;120.55
26/02/2026 17:15;120.52
26/02/2026 17:30;120.49
26/02/2026 17:45;120.5
26/02/2026 18:00;120.49
26/02/2026 18:15;120.49
26/02/2026 18:30;120.5
26/02/2026 18:45;120.52
26/02/2026 19:00;120.52
26/02/2026 19:15;120.54
26/02/2026 19:30;120.54
26/02/2026 19:45;120.54
26/02/2026 20:00;120.54
26/02/2026 20:15;120.52
26/02/2026 20:30;120.52
26/02/2026 20:45;120.52
26/02/2026 21:00;120.5
26/02/2026 21:15;120.49
26/02/2026 21:30;120.49
26/02/2026 21:45;120.48
26/02/2026 22:00;120.48
26/02/2026 22:15;120.47
26/02/2026 22:30;120.47
26/02/2026 22:45;120.47
26/02/2026 23:00;120.46
26/02/2026 23:15;120.46
26/02/2026 23:30;120.46
26/02/2026 23:45;120.45
27/02/2026 00:00;120.45
27/02/2026 00:15;120.45
27/02/2026 00:30;120.45
27/02/2026 00:45;120.45
27/02/2026 01:00;120.45
27/02/2026 01:15;120.45
27/02/2026 01:30;120.43
27/02/2026 01:45;120.43
27/02/2026 02:00;120.43
27/02/2026 02:15;120.43
27/02/2026 02:30;120.41
27/02/2026 02:45;120.41
27/02/2026 03:00;120.41
27/02/2026 03:15;120.4
27/02/2026 03:30;120.4
27/02/2026 03:45;120.4
27/02/2026 04:00;120.39
27/02/2026 04:15;120.39
27/02/2026 04:30;120.39
27/02/2026 04:45;120.39
27/02/2026 05:00;120.39
27/02/2026 05:15;120.38
27/02/2026 05:30;120.38
27/02/2026 05:45;120.37
27/02/2026 06:00;120.37
27/02/2026 06:15;120.37
27/02/2026 06:30;120.37
27/02/2026 06:45;120.36
27/02/2026 07:00;120.36
27/02/2026 07:15;120.36
27/02/2026 07:30;120.36
27/02/2026 07:45;120.36
27/02/2026 08:00;120.34
27/02/2026 08:15;120.34
27/02/2026 08:30;120.34
27/02/2026 08:45;120.34
27/02/2026 09:00;120.34
27/02/2026 09:15;120.34
27/02/2026 09:30;120.32
27/02/2026 09:45;120.32
27/02/2026 10:00;120.31
27/02/2026 10:15;120.34
27/02/2026 10:30;120.36
27/02/2026 10:45;120.34
27/02/2026 11:00;120.34
27/02/2026 11:15;120.34
27/02/2026 11:30;120.34
27/02/2026 11:45;120.34
27/02/2026 12:00;120.34
27/02/2026 12:15;120.34
27/02/2026 12:30;120.34
27/02/2026 12:45;120.34
27/02/2026 13:00;120.34
27/02/2026 13:15;120.36
27/02/2026 13:30;120.36
27/02/2026 13:45;120.36
27/02/2026 14:00;120.36
27/02/2026 14:15;120.36
27/02/2026 14:30;120.36
27/02/2026 14:45;120.38
27/02/2026 15:00;120.38
27/02/2026 15:15;120.38
27/02/2026 15:30;120.38
27/02/2026 15:45;120.39
27/02/2026 16:00;120.39
27/02/2026 16:15;120.39
27/02/2026 16:30;120.4
27/02/2026 16:45;120.4
27/02/2026 17:00;120.4
27/02/2026 17:15;120.37
27/02/2026 17:30;120.37
27/02/2026 17:45;120.37
27/02/2026 18:00;120.38
27/02/2026 18:15;120.38
27/02/2026 18:30;120.39
27/02/2026 18:45;120.39
27/02/2026 19:00;120.38
27/02/2026 19:15;120.37
27/02/2026 19:30;120.36
27/02/2026 19:45;120.36
27/02/2026 20:00;120.34
27/02/2026 20:15;120.34
27/02/2026 20:30;120.34
27/02/2026 20:45;120.36
27/02/2026 21:00;120.36
27/02/2026 21:15;120.37
27/02/2026 21:30;120.37
27/02/2026 21:45;120.37
27/02/2026 22:00;120.37
27/02/2026 22:15;120.36
27/02/2026 22:30;120.36
27/02/2026 22:45;120.36
27/02/2026 23:00;120.34
27/02/2026 23:15;120.34
27/02/2026 23:30;120.34
27/02/2026 23:45;120.34
28/02/2026 00:00;120.34
28/02/2026 00:15;120.34
28/02/2026 00:30;120.34
28/02/2026 00:45;120.34
28/02/2026 01:00;120.32
28/02/2026 01:15;120.34
28/02/2026 01:30;120.34
28/02/2026 01:45;120.34
28/02/2026 02:00;120.34
28/02/2026 02:15;120.34
28/02/2026 02:30;120.34
28/02/2026 02:45;120.34
28/02/2026 03:00;120.36
28/02/2026 03:15;120.36
28/02/2026 03:30;120.34
28/02/2026 03:45;120.34
28/02/2026 04:00;120.34
28/02/2026 04:15;120.34
28/02/2026 04:30;120.34
28/02/2026 04:45;120.34
28/02/2026 05:00;120.34
28/02/2026 05:15;120.34
28/02/2026 05:30;120.34
28/02/2026 05:45;120.36
28/02/2026 06:00;120.34
28/02/2026 06:15;120.36
28/02/2026 06:30;120.36
28/02/2026 06:45;120.36
28/02/2026 07:00;120.36
28/02/2026 07:15;120.36
28/02/2026 07:30;120.36
28/02/2026 07:45;120.36
28/02/2026 08:00;120.36
28/02/2026 08:15;120.36
28/02/2026 08:30;120.36
28/02/2026 08:45;120.36
28/02/2026 09:00;120.36
28/02/2026 09:15;120.36
28/02/2026 09:30;120.36
28/02/2026 09:45;120.36
28/02/2026 10:00;120.36
28/02/2026 10:15;120.37
28/02/2026 10:30;120.37
28/02/2026 10:45;120.37
28/02/2026 11:00;120.37
28/02/2026 11:15;120.38
28/02/2026 11:30;120.38
28/02/2026 11:45;120.38
28/02/2026 12:00;120.39
28/02/2026 12:15;120.39
28/02/2026 12:30;120.39
28/02/2026 12:45;120.39
28/02/2026 13:00;120.4
28/02/2026 13:15;120.4
28/02/2026 13:30;120.41
28/02/2026 13:45;120.41
28/02/2026 14:00;120.41
28/02/2026 14:15;120.41
28/02/2026 14:30;120.43
28/02/2026 14:45;120.43
28/02/2026 15:00;120.43
28/02/2026 15:15;120.43
28/02/2026 15:30;120.45
28/02/2026 15:45;120.45
28/02/2026 16:00;120.45
28/02/2026 16:15;120.45
28/02/2026 16:30;120.45
28/02/2026 16:45;120.45
28/02/2026 17:00;120.45
28/02/2026 17:15;120.43
28/02/2026 17:30;120.45
28/02/2026 17:45;120.45
28/02/2026 18:00;120.43
28/02/2026 18:15;120.43
28/02/2026 18:30;120.45
28/02/2026 18:45;120.43
28/02/2026 19:00;120.43
28/02/2026 19:15;120.45
28/02/2026 19:30;120.43
28/02/2026 19:45;120.43
28/02/2026 20:00;120.43
28/02/2026 20:15;120.43
28/02/2026 20:30;120.41
28/02/2026 20:45;120.43
28/02/2026 21:00;120.41
28/02/2026 21:15;120.4
28/02/2026 21:30;120.4
28/02/2026 21:45;120.4
28/02/2026 22:00;120.39
28/02/2026 22:15;120.39
28/02/2026 22:30;120.38
28/02/2026 22:45;120.37
28/02/2026 23:00;120.37
28/02/2026 23:15;120.37
28/02/2026 23:30;120.37
28/02/2026 23:45;120.37
01/03/2026 00:00;120.37
01/03/2026 00:15;120.37
01/03/2026 00:30;120.36
01/03/2026 00:45;120.36
01/03/2026 01:00;120.36
01/03/2026 01:15;120.36
01/03/2026 01:30;120.36
01/03/2026 01:45;120.36
01/03/2026 02:00;120.36
01/03/2026 02:15;120.36
01/03/2026 02:30;120.34
01/03/2026 02:45;120.34
01/03/2026 03:00;120.34
01/03/2026 03:15;120.34
01/03/2026 03:30;120.34
01/03/2026 03:45;120.34
01/03/2026 04:00;120.34
01/03/2026 04:15;120.34
01/03/2026 04:30;120.34
01/03/2026 04:45;120.34
01/03/2026 05:00;120.34
01/03/2026 05:15;120.34
01/03/2026 05:30;120.34
01/03/2026 05:45;120.34
01/03/2026 06:00;120.34
01/03/2026 06:15;120.34
01/03/2026 06:30;120.34
01/03/2026 06:45;120.34
01/03/2026 07:00;120.34
01/03/2026 07:15;120.34
01/03/2026 07:30;120.34
01/03/2026 07:45;120.34
01/03/2026 08:00;120.34
01/03/2026 08:15;120.34
01/03/2026 08:30;120.34
01/03/2026 08:45;120.34
01/03/2026 09:00;120.32
01/03/2026 09:15;120.34
01/03/2026 09:30;120.32
01/03/2026 09:45;120.34
01/03/2026 10:00;120.34
01/03/2026 10:15;120.34
01/03/2026 10:30;120.36
01/03/2026 10:45;120.34
01/03/2026 11:00;120.36
01/03/2026 11:15;120.36
01/03/2026 11:30;120.36
01/03/2026 11:45;120.34
01/03/2026 12:00;120.36
01/03/2026 12:15;120.34
01/03/2026 12:30;120.36
01/03/2026 12:45;120.36
01/03/2026 13:00;120.36
01/03/2026 13:15;120.36
01/03/2026 13:30;120.37
01/03/2026 13:45;120.37
01/03/2026 14:00;120.37
01/03/2026 14:15;120.38
01/03/2026 14:30;120.38
01/03/2026 14:45;120.38
01/03/2026 15:00;120.38
01/03/2026 15:15;120.39
01/03/2026 15:30;120.39
01/03/2026 15:45;120.4
01/03/2026 16:00;120.4
01/03/2026 16:15;120.41
01/03/2026 16:30;120.4
01/03/2026 16:45;120.41
01/03/2026 17:00;120.4
01/03/2026 17:15;120.39
01/03/2026 17:30;120.39
01/03/2026 17:45;120.39
01/03/2026 18:00;120.38
01/03/2026 18:15;120.36
01/03/2026 18:30;120.36
01/03/2026 18:45;120.34
01/03/2026 19:00;120.36
01/03/2026 19:15;120.36
01/03/2026 19:30;120.37
01/03/2026 19:45;120.37
01/03/2026 20:00;120.39
01/03/2026 20:15;120.39
01/03/2026 20:30;120.39
01/03/2026 20:45;120.4
01/03/2026 21:00;120.39
01/03/2026 21:15;120.38
01/03/2026 21:30;120.37
01/03/2026 21:45;120.37
01/03/2026 22:00;120.36
01/03/2026 22:15;120.37
01/03/2026 22:30;120.36
01/03/2026 22:45;120.36
01/03/2026 23:00;120.36
01/03/2026 23:15;120.37
01/03/2026 23:30;120.36
01/03/2026 23:45;120.37
02/03/2026 00:00;120.36
02/03/2026 00:15;120.36
02/03/2026 00:30;120.36
02/03/2026 00:45;120.36
02/03/2026 01:00;120.34
02/03/2026 01:15;120.34
02/03/2026 01:30;120.36
02/03/2026 01:45;120.34
02/03/2026 02:00;120.34
02/03/2026 02:15;120.34
02/03/2026 02:30;120.34
02/03/2026 02:45;120.34
02/03/2026 03:00;120.34
02/03/2026 03:15;120.32
02/03/2026 03:30;120.32
02/03/2026 03:45;120.34
02/03/2026 04:00;120.32
02/03/2026 04:15;120.32
02/03/2026 04:30;120.31
02/03/2026 04:45;120.32
02/03/2026 05:00;120.31
02/03/2026 05:15;120.32
02/03/2026 05:30;120.3
02/03/2026 05:45;120.31
02/03/2026 06:00;120.3
02/03/2026 06:15;120.3
02/03/2026 06:30;120.3
02/03/2026 06:45;120.3
02/03/2026 07:00;120.29
02/03/2026 07:15;120.29
02/03/2026 07:30;120.29
02/03/2026 07:45;120.29
02/03/2026 08:00;120.29
02/03/2026 08:15;120.29
02/03/2026 08:30;120.29
02/03/2026 08:45;120.29
02/03/2026 09:00;120.29
02/03/2026 09:15;120.27
02/03/2026 09:30;120.27
02/03/2026 09:45;120.29
02/03/2026 10:00;120.29
02/03/2026 10:15;120.29
02/03/2026 10:30;120.3
02/03/2026 10:45;120.3
02/03/2026 11:00;120.29
02/03/2026 11:15;120.3
02/03/2026 11:30;120.3
02/03/2026 11:45;120.29
02/03/2026 12:00;120.3
02/03/2026 12:15;120.3
02/03/2026 12:30;120.3
02/03/2026 12:45;120.3
02/03/2026 13:00;120.3
02/03/2026 13:15;120.31
02/03/2026 13:30;120.31
02/03/2026 13:45;120.32
02/03/2026 14:00;120.31
02/03/2026 14:15;120.3
02/03/2026 14:30;120.3
02/03/2026 14:45;120.29
02/03/2026 15:00;120.29
02/03/2026 15:15;120.31
02/03/2026 15:30;120.34
02/03/2026 15:45;120.36
02/03/2026 16:00;120.37
02/03/2026 16:15;120.37
02/03/2026 16:30;120.37
02/03/2026 16:45;120.37
02/03/2026 17:00;120.37
02/03/2026 17:15;120.36
02/03/2026 17:30;120.36
02/03/2026 17:45;120.34
02/03/2026 18:00;120.32
02/03/2026 18:15;120.31
02/03/2026 18:30;120.29
02/03/2026 18:45;120.3
02/03/2026 19:00;120.32
02/03/2026 19:15;120.34
02/03/2026 19:30;120.36
02/03/2026 19:45;120.37
02/03/2026 20:00;120.37
02/03/2026 20:15;120.37
02/03/2026 20:30;120.36
02/03/2026 20:45;120.36
02/03/2026 21:00;120.36
02/03/2026 21:15;120.36
02/03/2026 21:30;120.34
02/03/2026 21:45;120.34
02/03/2026 22:00;120.34
02/03/2026 22:15;120.32
02/03/2026 22:30;120.31
02/03/2026 22:45;120.31
02/03/2026 23:00;120.3
02/03/2026 23:15;120.3
02/03/2026 23:30;120.29
02/03/2026 23:45;120.29
03/03/2026 00:00;120.29
03/03/2026 00:15;120.29
03/03/2026 00:30;120.29
03/03/2026 00:45;120.29
03/03/2026 01:00;120.3
03/03/2026 01:15;120.3
03/03/2026 01:30;120.29
03/03/2026 01:45;120.29
03/03/2026 02:00;120.27
03/03/2026 02:15;120.27
03/03/2026 02:30;120.25
03/03/2026 02:45;120.27
03/03/2026 03:00;120.25
03/03/2026 03:15;120.25
03/03/2026 03:30;120.24
03/03/2026 03:45;120.24
03/03/2026 04:00;120.24
03/03/2026 04:15;120.24
03/03/2026 04:30;120.23
03/03/2026 04:45;120.22
03/03/2026 05:00;120.23
03/03/2026 05:15;120.23
03/03/2026 05:30;120.23
03/03/2026 05:45;120.23
03/03/2026 06:00;120.23
03/03/2026 06:15;120.21
03/03/2026 06:30;120.22
03/03/2026 06:45;120.21
03/03/2026 07:00;120.2
03/03/2026 07:15;120.2
03/03/2026 07:30;120.2
03/03/2026 07:45;120.2
03/03/2026 08:00;120.2
03/03/2026 08:15;120.2
03/03/2026 08:30;120.2
03/03/2026 08:45;120.18
03/03/2026 09:00;120.18
03/03/2026 09:15;120.18
03/03/2026 09:30;120.18
03/03/2026 09:45;120.18
03/03/2026 10:00;120.18
03/03/2026 10:15;120.18
03/03/2026 10:30;120.18
03/03/2026 10:45;120.18
03/03/2026 11:00;120.18
03/03/2026 11:15;120.18
03/03/2026 11:30;120.18
03/03/2026 11:45;120.18
03/03/2026 12:00;120.16
03/03/2026 12:15;120.2
03/03/2026 12:30;120.18
03/03/2026 12:45;120.2
03/03/2026 13:00;120.18
03/03/2026 13:15;120.2
03/03/2026 13:30;120.18
03/03/2026 13:45;120.2
03/03/2026 14:00;120.2
03/03/2026 14:15;120.2
03/03/2026 14:30;120.2
03/03/2026 14:45;120.2
03/03/2026 15:00;120.21
03/03/2026 15:15;120.21
03/03/2026 15:30;120.22
03/03/2026 15:45;120.2
03/03/2026 16:00;120.21
03/03/2026 16:15;120.21
03/03/2026 16:30;120.21
03/03/2026 16:45;120.2
03/03/2026 17:00;120.21
03/03/2026 17:15;120.2
03/03/2026 17:30;120.2
03/03/2026 17:45;120.2
03/03/2026 18:00;120.21
03/03/2026 18:15;120.2
03/03/2026 18:30;120.2
03/03/2026 18:45;120.2
03/03/2026 19:00;120.2
03/03/2026 19:15;120.18
03/03/2026 19:30;120.2
03/03/2026 19:45;120.18
03/03/2026 20:00;120.18
03/03/2026 20:15;120.18
03/03/2026 20:30;120.18
03/03/2026 20:45;120.16
03/03/2026 21:00;120.18
03/03/2026 21:15;120.16
03/03/2026 21:30;120.16
03/03/2026 21:45;120.15
03/03/2026 22:00;120.15
03/03/2026 22:15;120.14
03/03/2026 22:30;120.14
03/03/2026 22:45;120.14
03/03/2026 23:00;120.13
03/03/2026 23:15;120.14
03/03/2026 23:30;120.13
03/03/2026 23:45;120.13
04/03/2026 00:00;120.12
04/03/2026 00:15;120.13
04/03/2026 00:30;120.11
04/03/2026 00:45;120.11
04/03/2026 01:00;120.11
04/03/2026 01:15;120.11
04/03/2026 01:30;120.09
04/03/2026 01:45;120.11
04/03/2026 02:00;120.09
04/03/2026 02:15;120.09
04/03/2026 02:30;120.09
04/03/2026 02:45;120.09
04/03/2026 03:00;120.07
04/03/2026 03:15;120.07
04/03/2026 03:30;120.07
04/03/2026 03:45;120.06
04/03/2026 04:00;120.06
04/03/2026 04:15;120.05
04/03/2026 04:30;120.05
04/03/2026 04:45;120.04
04/03/2026 05:00;120.05
04/03/2026 05:15;120.04
04/03/2026 05:30;120.04
04/03/2026 05:45;120.04
04/03/2026 06:00;120.04
04/03/2026 06:15;120.04
04/03/2026 06:30;120.04
04/03/2026 06:45;120.02
04/03/2026 07:00;120.02
04/03/2026 07:15;120.02
04/03/2026 07:30;120.02
04/03/2026 07:45;120.02
04/03/2026 08:00;120
04/03/2026 08:15;120.02
04/03/2026 08:30;119.99
04/03/2026 08:45;120
04/03/2026 09:00;119.99
04/03/2026 09:15;120
04/03/2026 09:30;119.98
04/03/2026 09:45;119.98
04/03/2026 10:00;119.98
04/03/2026 10:15;119.98
04/03/2026 10:30;119.97
04/03/2026 10:45;119.97
04/03/2026 11:00;119.97
04/03/2026 11:15;119.99
04/03/2026 11:30;120.02
04/03/2026 11:45;119.99
04/03/2026 12:00;120.02
04/03/2026 12:15;119.99
04/03/2026 12:30;120
04/03/2026 12:45;119.98
04/03/2026 13:00;120.02
04/03/2026 13:15;119.99
04/03/2026 13:30;120.02
04/03/2026 13:45;120
04/03/2026 14:00;120.02
04/03/2026 14:15;120
04/03/2026 14:30;120.02
04/03/2026 14:45;120.02
04/03/2026 15:00;120.02
04/03/2026 15:15;120.04
04/03/2026 15:30;120.02
04/03/2026 15:45;120.02
04/03/2026 16:00;119.98
04/03/2026 16:15;120.02
04/03/2026 16:30;119.99
04/03/2026 16:45;120.02
04/03/2026 17:00;120
04/03/2026 17:15;120.02
04/03/2026 17:30;120
04/03/2026 17:45;120.02
04/03/2026 18:00;120
04/03/2026 18:15;120
04/03/2026 18:30;119.99
04/03/2026 18:45;119.99
04/03/2026 19:00;119.99
04/03/2026 19:15;119.97
04/03/2026 19:30;119.99
04/03/2026 19:45;119.97
04/03/2026 20:00;119.98
04/03/2026 20:15;119.97
04/03/2026 20:30;119.97
04/03/2026 20:45;119.95
04/03/2026 21:00;119.96
04/03/2026 21:15;119.95
04/03/2026 21:30;119.95
04/03/2026 21:45;119.95
04/03/2026 22:00;119.95
04/03/2026 22:15;119.95
04/03/2026 22:30;119.93
04/03/2026 22:45;119.95
04/03/2026 23:00;119.93
04/03/2026 23:15;119.93
04/03/2026 23:30;119.93
04/03/2026 23:45;119.93
05/03/2026 00:00;119.91
05/03/2026 00:15;119.93
05/03/2026 00:30;119.93
05/03/2026 00:45;119.93
05/03/2026 01:00;119.93
05/03/2026 01:15;119.93
05/03/2026 01:30;119.93
05/03/2026 01:45;119.91
05/03/2026 02:00;119.93
05/03/2026 02:15;119.93
05/03/2026 02:30;119.93
05/03/2026 02:45;119.91
05/03/2026 03:00;119.93
05/03/2026 03:15;119.93
05/03/2026 03:30;119.93
05/03/2026 03:45;119.93
05/03/2026 04:00;119.93
05/03/2026 04:15;119.93
05/03/2026 04:30;119.95
05/03/2026 04:45;119.95
05/03/2026 05:00;119.93
05/03/2026 05:15;119.95
05/03/2026 05:30;119.95
05/03/2026 05:45;119.95
05/03/2026 06:00;119.95
05/03/2026 06:15;119.95
05/03/2026 06:30;119.95
05/03/2026 06:45;119.95
05/03/2026 07:00;119.95
05/03/2026 07:15;119.95
05/03/2026 07:30;119.95
05/03/2026 07:45;119.93
05/03/2026 08:00;119.93
05/03/2026 08:15;119.93
05/03/2026 08:30;119.93
05/03/2026 08:45;119.93
05/03/2026 09:00;119.93
05/03/2026 09:15;119.93
05/03/2026 09:30;119.93
05/03/2026 09:45;119.93
05/03/2026 10:00;119.93
05/03/2026 10:15;119.93
05/03/2026 10:30;119.95
05/03/2026 10:45;119.95
05/03/2026 11:00;119.93
05/03/2026 11:15;119.95
05/03/2026 11:30;119.95
05/03/2026 11:45;119.95
05/03/2026 12:00;119.95
05/03/2026 12:15;119.95
05/03/2026 12:30;119.95
05/03/2026 12:45;119.93
05/03/2026 13:00;119.95
05/03/2026 13:15;119.95
05/03/2026 13:30;119.95
05/03/2026 13:45;119.95
05/03/2026 14:00;119.95
05/03/2026 14:15;119.95
05/03/2026 14:30;119.97
05/03/2026 14:45;119.97
05/03/2026 15:00;119.97
05/03/2026 15:15;119.98
05/03/2026 15:30;119.99
05/03/2026 15:45;119.99
05/03/2026 16:00;119.99
05/03/2026 16:15;120
05/03/2026 16:30;120.02
05/03/2026 16:45;120.02
05/03/2026 17:00;120.02
05/03/2026 17:15;119.99
05/03/2026 17:30;119.99
05/03/2026 17:45;119.99
05/03/2026 18:00;119.98
05/03/2026 18:15;119.97
05/03/2026 18:30;119.98
05/03/2026 18:45;119.98
05/03/2026 19:00;119.97
05/03/2026 19:15;119.98
05/03/2026 19:30;119.98
05/03/2026 19:45;119.98
05/03/2026 20:00;119.98
05/03/2026 20:15;119.98
05/03/2026 20:30;119.97
05/03/2026 20:45;119.97
05/03/2026 21:00;119.97
05/03/2026 21:15;119.97
05/03/2026 21:30;119.97
05/03/2026 21:45;119.97
05/03/2026 22:00;119.96
05/03/2026 22:15;119.95
05/03/2026 22:30;119.96
05/03/2026 22:45;119.95
05/03/2026 23:00;119.95
05/03/2026 23:15;119.95
05/03/2026 23:30;119.95
05/03/2026 23:45;119.95
06/03/2026 00:00;119.95
06/03/2026 00:15;119.95
06/03/2026 00:30;119.95
06/03/2026 00:45;119.95
06/03/2026 01:00;119.95
06/03/2026 01:15;119.96
06/03/2026 01:30;119.95
06/03/2026 01:45;119.95
06/03/2026 02:00;119.95
06/03/2026 02:15;119.95
06/03/2026 02:30;119.95
06/03/2026 02:45;119.95
06/03/2026 03:00;119.95
06/03/2026 03:15;119.96
06/03/2026 03:30;119.97
06/03/2026 03:45;119.97
06/03/2026 04:00;119.97
06/03/2026 04:15;119.98
06/03/2026 04:30;119.97
06/03/2026 04:45;119.98
06/03/2026 05:00;119.97
06/03/2026 05:15;119.99
06/03/2026 05:30;119.99
06/03/2026 05:45;119.99
06/03/2026 06:00;119.99
06/03/2026 06:15;119.98
06/03/2026 06:30;119.97
06/03/2026 06:45;119.96
06/03/2026 07:00;119.97
06/03/2026 07:15;119.96
06/03/2026 07:30;119.97
06/03/2026 07:45;119.97
06/03/2026 08:00;119.97
06/03/2026 08:15;119.97
06/03/2026 08:30;119.97
06/03/2026 08:45;119.96
06/03/2026 09:00;119.97
06/03/2026 09:15;119.97
06/03/2026 09:30;119.96
06/03/2026 09:45;119.97
06/03/2026 10:00;119.97
06/03/2026 10:15;119.96
06/03/2026 10:30;119.95
06/03/2026 10:45;119.95
06/03/2026 11:00;119.95
06/03/2026 11:15;119.96
06/03/2026 11:30;119.96
06/03/2026 11:45;119.96
06/03/2026 12:00;119.95
06/03/2026 12:15;119.95
06/03/2026 12:30;119.95
06/03/2026 12:45;119.95
06/03/2026 13:00;119.95
06/03/2026 13:15;119.95
06/03/2026 13:30;119.95
06/03/2026 13:45;119.95
06/03/2026 14:00;119.97
06/03/2026 14:15;119.96
06/03/2026 14:30;119.97
06/03/2026 14:45;119.96
06/03/2026 15:00;119.96
06/03/2026 15:15;119.96
06/03/2026 15:30;119.97
06/03/2026 15:45;119.95
06/03/2026 16:00;119.96
06/03/2026 16:15;119.96
06/03/2026 16:30;119.96
06/03/2026 16:45;119.96
06/03/2026 17:00;119.96
06/03/2026 17:15;119.95
06/03/2026 17:30;119.95
06/03/2026 17:45;119.95
06/03/2026 18:00;119.95
06/03/2026 18:15;119.93
06/03/2026 18:30;119.95
06/03/2026 18:45;119.93
06/03/2026 19:00;119.93
06/03/2026 19:15;119.95
06/03/2026 19:30;119.93
06/03/2026 19:45;119.95
06/03/2026 20:00;119.93
06/03/2026 20:15;119.93
06/03/2026 20:30;119.93
06/03/2026 20:45;119.93
06/03/2026 21:00;119.91
06/03/2026 21:15;119.93
06/03/2026 21:30;119.91
06/03/2026 21:45;119.91
06/03/2026 22:00;119.9
06/03/2026 22:15;119.9
06/03/2026 22:30;119.9
06/03/2026 22:45;119.89
06/03/2026 23:00;119.89
06/03/2026 23:15;119.88
06/03/2026 23:30;119.89
06/03/2026 23:45;119.88
07/03/2026 00:00;119.88
07/03/2026 00:15;119.9
07/03/2026 00:30;119.91
07/03/2026 00:45;119.9
07/03/2026 01:00;119.9
07/03/2026 01:15;119.9
07/03/2026 01:30;119.9
07/03/2026 01:45;119.88
07/03/2026 02:00;119.9
07/03/2026 02:15;119.89
07/03/2026 02:30;119.9
07/03/2026 02:45;119.89
07/03/2026 03:00;119.9
07/03/2026 03:15;119.9
07/03/2026 03:30;119.91
07/03/2026 03:45;119.91
07/03/2026 04:00;119.91
07/03/2026 04:15;119.91
07/03/2026 04:30;119.91
07/03/2026 04:45;119.91
07/03/2026 05:00;119.93
07/03/2026 05:15;119.93
07/03/2026 05:30;119.93
07/03/2026 05:45;119.95
07/03/2026 06:00;119.95
07/03/2026 06:15;119.95
07/03/2026 06:30;119.95
07/03/2026 06:45;119.95
07/03/2026 07:00;119.95
07/03/2026 07:15;119.95
07/03/2026 07:30;119.95
07/03/2026 07:45;119.95
07/03/2026 08:00;119.95
07/03/2026 08:15;119.95
07/03/2026 08:30;119.96
07/03/2026 08:45;119.96
07/03/2026 09:00;119.96
07/03/2026 09:15;119.97
07/03/2026 09:30;119.98
07/03/2026 09:45;119.97
07/03/2026 10:00;119.98
07/03/2026 10:15;119.98
07/03/2026 10:30;119.99
07/03/2026 10:45;119.99
07/03/2026 11:00;120.02
07/03/2026 11:15;120
07/03/2026 11:30;120.02
07/03/2026 11:45;120.02
07/03/2026 12:00;120.02
07/03/2026 12:15;120.02
07/03/2026 12:30;120.02
07/03/2026 12:45;120.04
07/03/2026 13:00;120.04
07/03/2026 13:15;120.04
07/03/2026 13:30;120.04
07/03/2026 13:45;120.04
07/03/2026 14:00;120.05
07/03/2026 14:15;120.06
07/03/2026 14:30;120.05
07/03/2026 14:45;120.07
07/03/2026 15:00;120.07
07/03/2026 15:15;120.07
07/03/2026 15:30;120.07
07/03/2026 15:45;120.09
07/03/2026 16:00;120.09
07/03/2026 16:15;120.11
07/03/2026 16:30;120.11
07/03/2026 16:45;120.11
07/03/2026 17:00;120.11
07/03/2026 17:15;120.11
07/03/2026 17:30;120.11
07/03/2026 17:45;120.11
07/03/2026 18:00;120.11
07/03/2026 18:15;120.09
07/03/2026 18:30;120.11
07/03/2026 18:45;120.11
07/03/2026 19:00;120.11
07/03/2026 19:15;120.11
07/03/2026 19:30;120.11
07/03/2026 19:45;120.11
07/03/2026 20:00;120.11
07/03/2026 20:15;120.11
07/03/2026 20:30;120.11
07/03/2026 20:45;120.11
07/03/2026 21:00;120.11
07/03/2026 21:15;120.11
07/03/2026 21:30;120.09
07/03/2026 21:45;120.11
07/03/2026 22:00;120.09
07/03/2026 22:15;120.09
07/03/2026 22:30;120.09
07/03/2026 22:45;120.09
07/03/2026 23:00;120.09
07/03/2026 23:15;120.09
07/03/2026 23:30;120.07
07/03/2026 23:45;120.07
08/03/2026 00:00;120.07
08/03/2026 00:15;120.09
08/03/2026 00:30;120.09
08/03/2026 00:45;120.09
08/03/2026 01:00;120.09
08/03/2026 01:15;120.09
08/03/2026 01:30;120.09
08/03/2026 01:45;120.09
08/03/2026 02:00;120.09
08/03/2026 02:15;120.09
08/03/2026 02:30;120.11
08/03/2026 02:45;120.09
08/03/2026 03:00;120.11
08/03/2026 03:15;120.09
08/03/2026 03:30;120.11
08/03/2026 03:45;120.11
08/03/2026 04:00;120.11
08/03/2026 04:15;120.11
08/03/2026 04:30;120.11
08/03/2026 04:45;120.11
08/03/2026 05:00;120.12
08/03/2026 05:15;120.11
08/03/2026 05:30;120.11
08/03/2026 05:45;120.12
08/03/2026 06:00;120.12
08/03/2026 06:15;120.13
08/03/2026 06:30;120.13
08/03/2026 06:45;120.14
08/03/2026 07:00;120.13
08/03/2026 07:15;120.14
08/03/2026 07:30;120.13
08/03/2026 07:45;120.14
08/03/2026 08:00;120.14
08/03/2026 08:15;120.14
08/03/2026 08:30;120.14
08/03/2026 08:45;120.15
08/03/2026 09:00;120.15
08/03/2026 09:15;120.18
08/03/2026 09:30;120.18
08/03/2026 09:45;120.18
08/03/2026 10:00;120.18
08/03/2026 10:15;120.18
08/03/2026 10:30;120.2
08/03/2026 10:45;120.2
08/03/2026 11:00;120.2
08/03/2026 11:15;120.2
08/03/2026 11:30;120.21
08/03/2026 11:45;120.21
08/03/2026 12:00;120.22
08/03/2026 12:15;120.22
08/03/2026 12:30;120.23
08/03/2026 12:45;120.23
08/03/2026 13:00;120.24
08/03/2026 13:15;120.25
08/03/2026 13:30;120.25
08/03/2026 13:45;120.27
08/03/2026 14:00;120.27
08/03/2026 14:15;120.27
08/03/2026 14:30;120.27
08/03/2026 14:45;120.29
08/03/2026 15:00;120.29
08/03/2026 15:15;120.3
08/03/2026 15:30;120.3
08/03/2026 15:45;120.31
08/03/2026 16:00;120.31
08/03/2026 16:15;120.31
08/03/2026 16:30;120.32
08/03/2026 16:45;120.34
08/03/2026 17:00;120.34
08/03/2026 17:15;120.34
08/03/2026 17:30;120.34
08/03/2026 17:45;120.36
08/03/2026 18:00;120.36
08/03/2026 18:15;120.36
08/03/2026 18:30;120.34
08/03/2026 18:45;120.34
08/03/2026 19:00;120.36
08/03/2026 19:15;120.34
08/03/2026 19:30;120.36
08/03/2026 19:45;120.36
08/03/2026 20:00;120.36
08/03/2026 20:15;120.36
08/03/2026 20:30;120.36
08/03/2026 20:45;120.36
08/03/2026 21:00;120.37
08/03/2026 21:15;120.37
08/03/2026 21:30;120.37
08/03/2026 21:45;120.37
08/03/2026 22:00;120.37
08/03/2026 22:15;120.37
08/03/2026 22:30;120.37
08/03/2026 22:45;120.37
08/03/2026 23:00;120.37
08/03/2026 23:15;120.37
08/03/2026 23:30;120.37
08/03/2026 23:45;120.36
09/03/2026 00:00;120.36
09/03/2026 00:15;120.39
09/03/2026 00:30;120.39
09/03/2026 00:45;120.4
09/03/2026 01:00;120.4
09/03/2026 01:15;120.4
09/03/2026 01:30;120.4
09/03/2026 01:45;120.4
09/03/2026 02:00;120.43
09/03/2026 02:15;120.41
09/03/2026 02:30;120.43
09/03/2026 02:45;120.43
09/03/2026 03:00;120.43
09/03/2026 03:15;120.43
09/03/2026 03:30;120.45
09/03/2026 03:45;120.45
09/03/2026 04:00;120.46
09/03/2026 04:15;120.47
09/03/2026 04:30;120.47
09/03/2026 04:45;120.48
09/03/2026 05:00;120.49
09/03/2026 05:15;120.5
09/03/2026 05:30;120.5
09/03/2026 05:45;120.52
09/03/2026 06:00;120.5
09/03/2026 06:15;120.49
09/03/2026 06:30;120.49
09/03/2026 06:45;120.5
09/03/2026 07:00;120.5
09/03/2026 07:15;120.52
09/03/2026 07:30;120.52
09/03/2026 07:45;120.52
09/03/2026 08:00;120.52
09/03/2026 08:15;120.52
09/03/2026 08:30;120.52
09/03/2026 08:45;120.54
09/03/2026 09:00;120.54
09/03/2026 09:15;120.54
09/03/2026 09:30;120.54
09/03/2026 09:45;120.54
09/03/2026 10:00;120.54
09/03/2026 10:15;120.57
09/03/2026 10:30;120.57
09/03/2026 10:45;120.57
09/03/2026 11:00;120.58
09/03/2026 11:15;120.58
09/03/2026 11:30;120.58
09/03/2026 11:45;120.58
09/03/2026 12:00;120.61
09/03/2026 12:15;120.61
09/03/2026 12:30;120.62
09/03/2026 12:45;120.61
09/03/2026 13:00;120.64
09/03/2026 13:15;120.63
09/03/2026 13:30;120.65
09/03/2026 13:45;120.65
09/03/2026 14:00;120.66
09/03/2026 14:15;120.68
09/03/2026 14:30;120.68
09/03/2026 14:45;120.68
09/03/2026 15:00;120.7
09/03/2026 15:15;120.7
09/03/2026 15:30;120.7
09/03/2026 15:45;120.71
09/03/2026 16:00;120.72
09/03/2026 16:15;120.73
09/03/2026 16:30;120.73
09/03/2026 16:45;120.74
09/03/2026 17:00;120.74
09/03/2026 17:15;120.77
09/03/2026 17:30;120.74
09/03/2026 17:45;120.75
09/03/2026 18:00;120.75
09/03/2026 18:15;120.75
09/03/2026 18:30;120.77
09/03/2026 18:45;120.77
09/03/2026 19:00;120.77
09/03/2026 19:15;120.77
09/03/2026 19:30;120.79
09/03/2026 19:45;120.79
09/03/2026 20:00;120.79
09/03/2026 20:15;120.79
09/03/2026 20:30;120.79
09/03/2026 20:45;120.79
09/03/2026 21:00;120.8
09/03/2026 21:15;120.8
09/03/2026 21:30;120.8
09/03/2026 21:45;120.8
09/03/2026 22:00;120.81
09/03/2026 22:15;120.81
09/03/2026 22:30;120.81
09/03/2026 22:45;120.81
09/03/2026 23:00;120.81
09/03/2026 23:15;120.82
09/03/2026 23:30;120.82
09/03/2026 23:45;120.83
10/03/2026 00:00;120.83
10/03/2026 00:15;120.84
10/03/2026 00:30;120.83
10/03/2026 00:45;120.84
10/03/2026 01:00;120.84
10/03/2026 01:15;120.86
10/03/2026 01:30;120.84
10/03/2026 01:45;120.86
10/03/2026 02:00;120.86
10/03/2026 02:15;120.86
10/03/2026 02:30;120.86
10/03/2026 02:45;120.86
10/03/2026 03:00;120.86
10/03/2026 03:15;120.86
10/03/2026 03:30;120.87
10/03/2026 03:45;120.87
10/03/2026 04:00;120.88
10/03/2026 04:15;120.87
10/03/2026 04:30;120.88
10/03/2026 04:45;120.89
10/03/2026 05:00;120.89
10/03/2026 05:15;120.89
10/03/2026 05:30;120.89
10/03/2026 05:45;120.89
10/03/2026 06:00;120.89
10/03/2026 06:15;120.9
10/03/2026 06:30;120.9
10/03/2026 06:45;120.91
10/03/2026 07:00;120.91
10/03/2026 07:15;120.91
10/03/2026 07:30;120.91
10/03/2026 07:45;120.93
10/03/2026 08:00;120.93
10/03/2026 08:15;120.93
10/03/2026 08:30;120.93
10/03/2026 08:45;120.93
10/03/2026 09:00;120.93
10/03/2026 09:15;120.93
10/03/2026 09:30;120.93
10/03/2026 09:45;120.95
10/03/2026 10:00;120.95
10/03/2026 10:15;120.95
10/03/2026 10:30;120.95
10/03/2026 10:45;120.95
10/03/2026 11:00;120.95
10/03/2026 11:15;120.95
10/03/2026 11:30;120.96
10/03/2026 11:45;120.96
10/03/2026 12:00;120.96
10/03/2026 12:15;120.97
10/03/2026 12:30;120.97
10/03/2026 12:45;120.97
10/03/2026 13:00;120.97
10/03/2026 13:15;120.95
10/03/2026 13:30;120.93
10/03/2026 13:45;120.95
10/03/2026 14:00;120.95
10/03/2026 14:15;120.95
10/03/2026 14:30;120.93
10/03/2026 14:45;120.95
10/03/2026 15:00;120.93
10/03/2026 15:15;120.93
10/03/2026 15:30;120.93
10/03/2026 15:45;120.93
10/03/2026 16:00;120.91
10/03/2026 16:15;120.91
10/03/2026 16:30;120.89
10/03/2026 16:45;120.89
10/03/2026 17:00;120.89
10/03/2026 17:15;120.88
10/03/2026 17:30;120.88
10/03/2026 17:45;120.87
10/03/2026 18:00;120.86
10/03/2026 18:15;120.86
10/03/2026 18:30;120.86
10/03/2026 18:45;120.84
10/03/2026 19:00;120.84
10/03/2026 19:15;120.82
10/03/2026 19:30;120.82
10/03/2026 19:45;120.81
10/03/2026 20:00;120.81
10/03/2026 20:15;120.8
10/03/2026 20:30;120.8
10/03/2026 20:45;120.79
10/03/2026 21:00;120.79
10/03/2026 21:15;120.79
10/03/2026 21:30;120.77
10/03/2026 21:45;120.77
10/03/2026 22:00;120.77
10/03/2026 22:15;120.77
10/03/2026 22:30;120.75
10/03/2026 22:45;120.74
10/03/2026 23:00;120.74
10/03/2026 23:15;120.73
10/03/2026 23:30;120.72
10/03/2026 23:45;120.72
11/03/2026 00:00;120.71
11/03/2026 00:15;120.71
11/03/2026 00:30;120.7
11/03/2026 00:45;120.7
11/03/2026 01:00;120.7
11/03/2026 01:15;120.68
11/03/2026 01:30;120.68
11/03/2026 01:45;120.68
11/03/2026 02:00;120.66
11/03/2026 02:15;120.66
11/03/2026 02:30;120.65
11/03/2026 02:45;120.64
11/03/2026 03:00;120.64
11/03/2026 03:15;120.63
11/03/2026 03:30;120.63
11/03/2026 03:45;120.62
11/03/2026 04:00;120.61
11/03/2026 04:15;120.61
11/03/2026 04:30;120.61
11/03/2026 04:45;120.59
11/03/2026 05:00;120.58
11/03/2026 05:15;120.58
11/03/2026 05:30;120.57
11/03/2026 05:45;120.56
11/03/2026 06:00;120.55
11/03/2026 06:15;120.55
11/03/2026 06:30;120.54
11/03/2026 06:45;120.54
11/03/2026 07:00;120.54
11/03/2026 07:15;120.52
11/03/2026 07:30;120.52
11/03/2026 07:45;120.52
11/03/2026 08:00;120.52
11/03/2026 08:15;120.5
11/03/2026 08:30;120.49
11/03/2026 08:45;120.49
11/03/2026 09:00;120.47
11/03/2026 09:15;120.47
11/03/2026 09:30;120.46
11/03/2026 09:45;120.46
11/03/2026 10:00;120.45
11/03/2026 10:15;120.45
11/03/2026 10:30;120.45
11/03/2026 10:45;120.43
11/03/2026 11:00;120.43
11/03/2026 11:15;120.43
11/03/2026 11:30;120.41
11/03/2026 11:45;120.4
11/03/2026 12:00;120.4
11/03/2026 12:15;120.39
11/03/2026 12:30;120.38
11/03/2026 12:45;120.37
11/03/2026 13:00;120.37
11/03/2026 13:15;120.36
11/03/2026 13:30;120.36
11/03/2026 13:45;120.34
11/03/2026 14:00;120.34
11/03/2026 14:15;120.34
11/03/2026 14:30;120.32
11/03/2026 14:45;120.31
11/03/2026 15:00;120.31
11/03/2026 15:15;120.3
11/03/2026 15:30;120.29
11/03/2026 15:45;120.29
11/03/2026 16:00;120.29
11/03/2026 16:15;120.27
11/03/2026 16:30;120.27
11/03/2026 16:45;120.27
11/03/2026 17:00;120.25
11/03/2026 17:15;120.27
11/03/2026 17:30;120.29
11/03/2026 17:45;120.27
11/03/2026 18:00;120.27
11/03/2026 18:15;120.27
11/03/2026 18:30;120.25
11/03/2026 18:45;120.24
11/03/2026 19:00;120.25
11/03/2026 19:15;120.24
11/03/2026 19:30;120.24
11/03/2026 19:45;120.23
11/03/2026 20:00;120.23
11/03/2026 20:15;120.23
11/03/2026 20:30;120.24
11/03/2026 20:45;120.24
11/03/2026 21:00;120.24
11/03/2026 21:15;120.24
11/03/2026 21:30;120.24
11/03/2026 21:45;120.24
11/03/2026 22:00;120.24
11/03/2026 22:15;120.25
11/03/2026 22:30;120.24
11/03/2026 22:45;120.24
11/03/2026 23:00;120.24
11/03/2026 23:15;120.24
11/03/2026 23:30;120.24
11/03/2026 23:45;120.24
12/03/2026 00:00;120.24
12/03/2026 00:15;120.24
12/03/2026 00:30;120.24
12/03/2026 00:45;120.24
12/03/2026 01:00;120.24
12/03/2026 01:15;120.23
12/03/2026 01:30;120.23
12/03/2026 01:45;120.23
12/03/2026 02:00;120.23
12/03/2026 02:15;120.23
12/03/2026 02:30;120.23
12/03/2026 02:45;120.23
12/03/2026 03:00;120.24
12/03/2026 03:15;120.23
12/03/2026 03:30;120.23
12/03/2026 03:45;120.23
12/03/2026 04:00;120.23
12/03/2026 04:15;120.23
12/03/2026 04:30;120.23
12/03/2026 04:45;120.23
12/03/2026 05:00;120.23
12/03/2026 05:15;120.23
12/03/2026 05:30;120.22
12/03/2026 05:45;120.22
12/03/2026 06:00;120.22
12/03/2026 06:15;120.22
12/03/2026 06:30;120.22
12/03/2026 06:45;120.22
12/03/2026 07:00;120.22
12/03/2026 07:15;120.22
12/03/2026 07:30;120.22
12/03/2026 07:45;120.22
12/03/2026 08:00;120.22
12/03/2026 08:15;120.22
12/03/2026 08:30;120.21
12/03/2026 08:45;120.22
12/03/2026 09:00;120.22
12/03/2026 09:15;120.23
12/03/2026 09:30;120.22
12/03/2026 09:45;120.23
12/03/2026 10:00;120.22
12/03/2026 10:15;120.22
12/03/2026 10:30;120.22
12/03/2026 10:45;120.22
12/03/2026 11:00;120.23
12/03/2026 11:15;120.23
12/03/2026 11:30;120.23
12/03/2026 11:45;120.23
12/03/2026 12:00;120.24
12/03/2026 12:15;120.24
12/03/2026 12:30;120.24
12/03/2026 12:45;120.24
12/03/2026 13:00;120.25
12/03/2026 13:15;120.24
12/03/2026 13:30;120.24
12/03/2026 13:45;120.25
12/03/2026 14:00;120.25
12/03/2026 14:15;120.27
12/03/2026 14:30;120.25
12/03/2026 14:45;120.25
12/03/2026 15:00;120.24
12/03/2026 15:15;120.25
12/03/2026 15:30;120.24
12/03/2026 15:45;120.25
12/03/2026 16:00;120.27
12/03/2026 16:15;120.27
12/03/2026 16:30;120.27
12/03/2026 16:45;120.27
12/03/2026 17:00;120.27
12/03/2026 17:15;120.27
12/03/2026 17:30;120.27
12/03/2026 17:45;120.27
12/03/2026 18:00;120.29
12/03/2026 18:15;120.27
12/03/2026 18:30;120.27
12/03/2026 18:45;120.25
12/03/2026 19:00;120.27
12/03/2026 19:15;120.27
12/03/2026 19:30;120.27
12/03/2026 19:45;120.27
12/03/2026 20:00;120.27
12/03/2026 20:15;120.27
12/03/2026 20:30;120.27
12/03/2026 20:45;120.27
12/03/2026 21:00;120.27
12/03/2026 21:15;120.27
12/03/2026 21:30;120.27
12/03/2026 21:45;120.27
12/03/2026 22:00;120.27
12/03/2026 22:15;120.29
12/03/2026 22:30;120.29
12/03/2026 22:45;120.27
12/03/2026 23:00;120.29
12/03/2026 23:15;120.29
12/03/2026 23:30;120.29
12/03/2026 23:45;120.27
13/03/2026 00:00;120.29
13/03/2026 00:15;120.29
13/03/2026 00:30;120.29
13/03/2026 00:45;120.29
13/03/2026 01:00;120.29
13/03/2026 01:15;120.29
13/03/2026 01:30;120.3
13/03/2026 01:45;120.3
13/03/2026 02:00;120.3
13/03/2026 02:15;120.31
13/03/2026 02:30;120.31
13/03/2026 02:45;120.34
13/03/2026 03:00;120.34
13/03/2026 03:15;120.34
13/03/2026 03:30;120.36
13/03/2026 03:45;120.36
13/03/2026 04:00;120.36
13/03/2026 04:15;120.36
13/03/2026 04:30;120.37
13/03/2026 04:45;120.36
13/03/2026 05:00;120.38
13/03/2026 05:15;120.38
13/03/2026 05:30;120.39
13/03/2026 05:45;120.39
13/03/2026 06:00;120.4
13/03/2026 06:15;120.4
13/03/2026 06:30;120.41
13/03/2026 06:45;120.43
13/03/2026 07:00;120.43
13/03/2026 07:15;120.43
13/03/2026 07:30;120.45
13/03/2026 07:45;120.45
13/03/2026 08:00;120.45
13/03/2026 08:15;120.46
13/03/2026 08:30;120.46
13/03/2026 08:45;120.47
13/03/2026 09:00;120.48
13/03/2026 09:15;120.48
13/03/2026 09:30;120.48
13/03/2026 09:45;120.49
13/03/2026 10:00;120.49
13/03/2026 10:15;120.5
13/03/2026 10:30;120.5
13/03/2026 10:45;120.52
13/03/2026 11:00;120.52
13/03/2026 11:15;120.52
13/03/2026 11:30;120.54
13/03/2026 11:45;120.54
13/03/2026 12:00;120.54
13/03/2026 12:15;120.55
13/03/2026 12:30;120.55
13/03/2026 12:45;120.56
13/03/2026 13:00;120.56
13/03/2026 13:15;120.57
13/03/2026 13:30;120.57
13/03/2026 13:45;120.58
13/03/2026 14:00;120.58
13/03/2026 14:15;120.59
13/03/2026 14:30;120.59
13/03/2026 14:45;120.61
