sep=;
FECHA_GRUPO;VALOR (msnm)
13/03/2025 00:15;582.62
13/03/2025 00:30;582.62
13/03/2025 00:45;582.62
13/03/2025 01:00;582.62
13/03/2025 01:15;582.62
13/03/2025 01:30;582.63
13/03/2025 01:45;582.63
13/03/2025 02:00;582.63
13/03/2025 02:15;582.63
13/03/2025 02:30;582.63
13/03/2025 02:45;582.63
13/03/2025 03:00;582.63
13/03/2025 03:15;582.63
13/03/2025 03:30;582.64
13/03/2025 03:45;582.63
13/03/2025 04:00;582.64
13/03/2025 04:15;582.63
13/03/2025 04:30;582.64
13/03/2025 04:45;582.64
13/03/2025 05:00;582.64
13/03/2025 05:15;582.64
13/03/2025 05:30;582.65
13/03/2025 05:45;582.65
13/03/2025 06:00;582.64
13/03/2025 06:15;582.65
13/03/2025 06:30;582.65
13/03/2025 06:45;582.64
13/03/2025 07:00;582.65
13/03/2025 07:15;582.65
13/03/2025 07:30;582.65
13/03/2025 07:45;582.64
13/03/2025 08:00;582.64
13/03/2025 08:15;582.65
13/03/2025 08:30;582.64
13/03/2025 08:45;582.65
13/03/2025 09:00;582.65
13/03/2025 09:15;582.66
13/03/2025 09:30;582.64
13/03/2025 09:45;582.66
13/03/2025 10:00;582.66
13/03/2025 10:15;582.65
13/03/2025 10:30;582.66
13/03/2025 10:45;582.66
13/03/2025 11:00;582.65
13/03/2025 11:15;582.65
13/03/2025 11:30;582.66
13/03/2025 11:45;582.65
13/03/2025 12:00;582.66
13/03/2025 12:15;582.66
13/03/2025 12:30;582.66
13/03/2025 12:45;582.66
13/03/2025 13:00;582.66
13/03/2025 13:15;582.67
13/03/2025 13:30;582.66
13/03/2025 13:45;582.67
13/03/2025 14:00;582.66
13/03/2025 14:15;582.66
13/03/2025 14:30;582.67
13/03/2025 14:45;582.67
13/03/2025 15:00;582.67
13/03/2025 15:15;582.67
13/03/2025 15:30;582.67
13/03/2025 15:45;582.67
13/03/2025 16:00;582.67
13/03/2025 16:15;582.67
13/03/2025 16:30;582.67
13/03/2025 16:45;582.67
13/03/2025 17:00;582.67
13/03/2025 17:15;582.67
13/03/2025 17:30;582.67
13/03/2025 17:45;582.67
13/03/2025 18:00;582.69
13/03/2025 18:15;582.69
13/03/2025 18:30;582.69
13/03/2025 18:45;582.69
13/03/2025 19:00;582.69
13/03/2025 19:15;582.69
13/03/2025 19:30;582.69
13/03/2025 19:45;582.69
13/03/2025 20:00;582.69
13/03/2025 20:15;582.69
13/03/2025 20:30;582.69
13/03/2025 20:45;582.69
13/03/2025 21:00;582.69
13/03/2025 21:15;582.69
13/03/2025 21:30;582.69
13/03/2025 21:45;582.69
13/03/2025 22:00;582.69
13/03/2025 22:15;582.69
13/03/2025 22:30;582.69
13/03/2025 22:45;582.69
13/03/2025 23:00;582.69
13/03/2025 23:15;582.69
13/03/2025 23:30;582.69
13/03/2025 23:45;582.69
14/03/2025 00:00;582.69
14/03/2025 00:15;582.69
14/03/2025 00:30;582.69
14/03/2025 00:45;582.69
14/03/2025 01:00;582.69
14/03/2025 01:15;582.69
14/03/2025 01:30;582.69
14/03/2025 01:45;582.7
14/03/2025 02:00;582.69
14/03/2025 02:15;582.7
14/03/2025 02:30;582.7
14/03/2025 02:45;582.7
14/03/2025 03:00;582.69
14/03/2025 03:15;582.7
14/03/2025 03:30;582.7
14/03/2025 03:45;582.71
14/03/2025 04:00;582.71
14/03/2025 04:15;582.7
14/03/2025 04:30;582.71
14/03/2025 04:45;582.71
14/03/2025 05:00;582.7
14/03/2025 05:15;582.71
14/03/2025 05:30;582.71
14/03/2025 05:45;582.71
14/03/2025 06:00;582.71
14/03/2025 06:15;582.71
14/03/2025 06:30;582.71
14/03/2025 06:45;582.71
14/03/2025 07:00;582.72
14/03/2025 07:15;582.71
14/03/2025 07:30;582.71
14/03/2025 07:45;582.71
14/03/2025 08:00;582.71
14/03/2025 08:15;582.71
14/03/2025 08:30;582.71
14/03/2025 08:45;582.71
14/03/2025 09:00;582.71
14/03/2025 09:15;582.72
14/03/2025 09:30;582.71
14/03/2025 09:45;582.72
14/03/2025 10:00;582.72
14/03/2025 10:15;582.72
14/03/2025 10:30;582.72
14/03/2025 10:45;582.72
14/03/2025 11:00;582.72
14/03/2025 11:15;582.72
14/03/2025 11:30;582.72
14/03/2025 11:45;582.73
14/03/2025 12:00;582.73
14/03/2025 12:15;582.72
14/03/2025 12:30;582.73
14/03/2025 12:45;582.73
14/03/2025 13:00;582.73
14/03/2025 13:15;582.73
14/03/2025 13:30;582.73
14/03/2025 13:45;582.73
14/03/2025 14:00;582.73
14/03/2025 14:15;582.74
14/03/2025 14:30;582.74
14/03/2025 14:45;582.74
14/03/2025 15:00;582.74
14/03/2025 15:15;582.74
14/03/2025 15:30;582.75
14/03/2025 15:45;582.74
14/03/2025 16:00;582.75
14/03/2025 16:15;582.74
14/03/2025 16:30;582.74
14/03/2025 16:45;582.75
14/03/2025 17:00;582.75
14/03/2025 17:15;582.75
14/03/2025 17:30;582.75
14/03/2025 17:45;582.74
14/03/2025 18:00;582.75
14/03/2025 18:15;582.75
14/03/2025 18:30;582.75
14/03/2025 18:45;582.75
14/03/2025 19:00;582.75
14/03/2025 19:15;582.75
14/03/2025 19:30;582.75
14/03/2025 19:45;582.75
14/03/2025 20:00;582.75
14/03/2025 20:15;582.75
14/03/2025 20:30;582.75
14/03/2025 20:45;582.75
14/03/2025 21:00;582.75
14/03/2025 21:15;582.75
14/03/2025 21:30;582.75
14/03/2025 21:45;582.75
14/03/2025 22:00;582.75
14/03/2025 22:15;582.75
14/03/2025 22:30;582.75
14/03/2025 22:45;582.75
14/03/2025 23:00;582.75
14/03/2025 23:15;582.76
14/03/2025 23:30;582.75
14/03/2025 23:45;582.76
15/03/2025 00:00;582.76
15/03/2025 00:15;582.76
15/03/2025 00:30;582.76
15/03/2025 00:45;582.76
15/03/2025 01:00;582.76
15/03/2025 01:15;582.76
15/03/2025 01:30;582.76
15/03/2025 01:45;582.76
15/03/2025 02:00;582.75
15/03/2025 02:15;582.75
15/03/2025 02:30;582.75
15/03/2025 02:45;582.76
15/03/2025 03:00;582.77
15/03/2025 03:15;582.76
15/03/2025 03:30;582.76
15/03/2025 03:45;582.76
15/03/2025 04:00;582.77
15/03/2025 04:15;582.77
15/03/2025 04:30;582.77
15/03/2025 04:45;582.77
15/03/2025 05:00;582.77
15/03/2025 05:15;582.77
15/03/2025 05:30;582.77
15/03/2025 05:45;582.77
15/03/2025 06:00;582.77
15/03/2025 06:15;582.77
15/03/2025 06:30;582.77
15/03/2025 06:45;582.77
15/03/2025 07:00;582.76
15/03/2025 07:15;582.76
15/03/2025 07:30;582.77
15/03/2025 07:45;582.77
15/03/2025 08:00;582.77
15/03/2025 08:15;582.77
15/03/2025 08:30;582.77
15/03/2025 08:45;582.77
15/03/2025 09:00;582.77
15/03/2025 09:15;582.77
15/03/2025 09:30;582.77
15/03/2025 09:45;582.78
15/03/2025 10:00;582.77
15/03/2025 10:15;582.77
15/03/2025 10:30;582.77
15/03/2025 10:45;582.77
15/03/2025 11:00;582.77
15/03/2025 11:15;582.77
15/03/2025 11:30;582.78
15/03/2025 11:45;582.78
15/03/2025 12:00;582.78
15/03/2025 12:15;582.78
15/03/2025 12:30;582.78
15/03/2025 12:45;582.78
15/03/2025 13:00;582.78
15/03/2025 13:15;582.78
15/03/2025 13:30;582.8
15/03/2025 13:45;582.78
15/03/2025 14:00;582.78
15/03/2025 14:15;582.8
15/03/2025 14:30;582.78
15/03/2025 14:45;582.8
15/03/2025 15:00;582.8
15/03/2025 15:15;582.8
15/03/2025 15:30;582.8
15/03/2025 15:45;582.8
15/03/2025 16:00;582.8
15/03/2025 16:15;582.8
15/03/2025 16:30;582.8
15/03/2025 16:45;582.8
15/03/2025 17:00;582.8
15/03/2025 17:15;582.8
15/03/2025 17:30;582.8
15/03/2025 17:45;582.8
15/03/2025 18:00;582.8
15/03/2025 18:15;582.8
15/03/2025 18:30;582.8
15/03/2025 18:45;582.8
15/03/2025 19:00;582.8
15/03/2025 19:15;582.8
15/03/2025 19:30;582.8
15/03/2025 19:45;582.8
15/03/2025 20:00;582.8
15/03/2025 20:15;582.8
15/03/2025 20:30;582.8
15/03/2025 20:45;582.8
15/03/2025 21:00;582.8
15/03/2025 21:15;582.8
15/03/2025 21:30;582.8
15/03/2025 21:45;582.8
15/03/2025 22:00;582.8
15/03/2025 22:15;582.8
15/03/2025 22:30;582.81
15/03/2025 22:45;582.8
15/03/2025 23:00;582.81
15/03/2025 23:15;582.8
15/03/2025 23:30;582.8
15/03/2025 23:45;582.81
16/03/2025 00:00;582.81
16/03/2025 00:15;582.81
16/03/2025 00:30;582.8
16/03/2025 00:45;582.81
16/03/2025 01:00;582.81
16/03/2025 01:15;582.81
16/03/2025 01:30;582.81
16/03/2025 01:45;582.81
16/03/2025 02:00;582.81
16/03/2025 02:15;582.81
16/03/2025 02:30;582.81
16/03/2025 02:45;582.81
16/03/2025 03:00;582.81
16/03/2025 03:15;582.81
16/03/2025 03:30;582.81
16/03/2025 03:45;582.81
16/03/2025 04:00;582.81
16/03/2025 04:15;582.81
16/03/2025 04:30;582.81
16/03/2025 04:45;582.81
16/03/2025 05:00;582.81
16/03/2025 05:15;582.81
16/03/2025 05:30;582.81
16/03/2025 05:45;582.81
16/03/2025 06:00;582.81
16/03/2025 06:15;582.81
16/03/2025 06:30;582.81
16/03/2025 06:45;582.81
16/03/2025 07:00;582.81
16/03/2025 07:15;582.81
16/03/2025 07:30;582.82
16/03/2025 07:45;582.81
16/03/2025 08:00;582.81
16/03/2025 08:15;582.82
16/03/2025 08:30;582.8
16/03/2025 08:45;582.82
16/03/2025 09:00;582.81
16/03/2025 09:15;582.82
16/03/2025 09:30;582.82
16/03/2025 09:45;582.82
16/03/2025 10:00;582.82
16/03/2025 10:15;582.81
16/03/2025 10:30;582.82
16/03/2025 10:45;582.82
16/03/2025 11:00;582.82
16/03/2025 11:15;582.82
16/03/2025 11:30;582.83
16/03/2025 11:45;582.82
16/03/2025 12:00;582.82
16/03/2025 12:15;582.81
16/03/2025 12:30;582.83
16/03/2025 12:45;582.83
16/03/2025 13:00;582.83
16/03/2025 13:15;582.83
16/03/2025 13:30;582.82
16/03/2025 13:45;582.83
16/03/2025 14:00;582.82
16/03/2025 14:15;582.82
16/03/2025 14:30;582.82
16/03/2025 14:45;582.82
16/03/2025 15:00;582.82
16/03/2025 15:15;582.82
16/03/2025 15:30;582.82
16/03/2025 15:45;582.83
16/03/2025 16:00;582.83
16/03/2025 16:15;582.83
16/03/2025 16:30;582.83
16/03/2025 16:45;582.83
16/03/2025 17:00;582.83
16/03/2025 17:15;582.83
16/03/2025 17:30;582.83
16/03/2025 17:45;582.83
16/03/2025 18:00;582.84
16/03/2025 18:15;582.83
16/03/2025 18:30;582.83
16/03/2025 18:45;582.83
16/03/2025 19:00;582.83
16/03/2025 19:15;582.83
16/03/2025 19:30;582.83
16/03/2025 19:45;582.83
16/03/2025 20:00;582.83
16/03/2025 20:15;582.83
16/03/2025 20:30;582.83
16/03/2025 20:45;582.83
16/03/2025 21:00;582.83
16/03/2025 21:15;582.83
16/03/2025 21:30;582.84
16/03/2025 21:45;582.83
16/03/2025 22:00;582.83
16/03/2025 22:15;582.83
16/03/2025 22:30;582.83
16/03/2025 22:45;582.83
16/03/2025 23:00;582.83
16/03/2025 23:15;582.83
16/03/2025 23:30;582.83
16/03/2025 23:45;582.83
17/03/2025 00:00;582.84
17/03/2025 00:15;582.84
17/03/2025 00:30;582.84
17/03/2025 00:45;582.83
17/03/2025 01:00;582.84
17/03/2025 01:15;582.84
17/03/2025 01:30;582.84
17/03/2025 01:45;582.83
17/03/2025 02:00;582.84
17/03/2025 02:15;582.84
17/03/2025 02:30;582.84
17/03/2025 02:45;582.84
17/03/2025 03:00;582.84
17/03/2025 03:15;582.84
17/03/2025 03:30;582.84
17/03/2025 03:45;582.84
17/03/2025 04:00;582.84
17/03/2025 04:15;582.83
17/03/2025 04:30;582.84
17/03/2025 04:45;582.83
17/03/2025 05:00;582.84
17/03/2025 05:15;582.83
17/03/2025 05:30;582.84
17/03/2025 05:45;582.84
17/03/2025 06:00;582.84
17/03/2025 06:15;582.84
17/03/2025 06:30;582.84
17/03/2025 06:45;582.84
17/03/2025 07:00;582.83
17/03/2025 07:15;582.84
17/03/2025 07:30;582.83
17/03/2025 07:45;582.84
17/03/2025 08:00;582.83
17/03/2025 08:15;582.83
17/03/2025 08:30;582.83
17/03/2025 08:45;582.83
17/03/2025 09:00;582.83
17/03/2025 09:15;582.83
17/03/2025 09:30;582.83
17/03/2025 09:45;582.83
17/03/2025 10:00;582.83
17/03/2025 10:15;582.83
17/03/2025 10:30;582.83
17/03/2025 10:45;582.83
17/03/2025 11:00;582.84
17/03/2025 11:15;582.83
17/03/2025 11:30;582.83
17/03/2025 11:45;582.84
17/03/2025 12:00;582.83
17/03/2025 12:15;582.84
17/03/2025 12:30;582.84
17/03/2025 12:45;582.84
17/03/2025 13:00;582.83
17/03/2025 13:15;582.84
17/03/2025 13:30;582.84
17/03/2025 13:45;582.84
17/03/2025 14:00;582.84
17/03/2025 14:15;582.84
17/03/2025 14:30;582.84
17/03/2025 14:45;582.84
17/03/2025 15:00;582.84
17/03/2025 15:15;582.84
17/03/2025 15:30;582.84
17/03/2025 15:45;582.84
17/03/2025 16:00;582.84
17/03/2025 16:15;582.84
17/03/2025 16:30;582.83
17/03/2025 16:45;582.83
17/03/2025 17:00;582.84
17/03/2025 17:15;582.84
17/03/2025 17:30;582.84
17/03/2025 17:45;582.83
17/03/2025 18:00;582.83
17/03/2025 18:15;582.83
17/03/2025 18:30;582.84
17/03/2025 18:45;582.83
17/03/2025 19:00;582.84
17/03/2025 19:15;582.83
17/03/2025 19:30;582.83
17/03/2025 19:45;582.83
17/03/2025 20:00;582.83
17/03/2025 20:15;582.83
17/03/2025 20:30;582.84
17/03/2025 20:45;582.83
17/03/2025 21:00;582.83
17/03/2025 21:15;582.83
17/03/2025 21:30;582.83
17/03/2025 21:45;582.83
17/03/2025 22:00;582.83
17/03/2025 22:15;582.83
17/03/2025 22:30;582.83
17/03/2025 22:45;582.83
17/03/2025 23:00;582.83
17/03/2025 23:15;582.83
17/03/2025 23:30;582.83
17/03/2025 23:45;582.83
18/03/2025 00:00;582.84
18/03/2025 00:15;582.83
18/03/2025 00:30;582.84
18/03/2025 00:45;582.83
18/03/2025 01:00;582.83
18/03/2025 01:15;582.83
18/03/2025 01:30;582.84
18/03/2025 01:45;582.84
18/03/2025 02:00;582.84
18/03/2025 02:15;582.83
18/03/2025 02:30;582.84
18/03/2025 02:45;582.84
18/03/2025 03:00;582.84
18/03/2025 03:15;582.84
18/03/2025 03:30;582.84
18/03/2025 03:45;582.84
18/03/2025 04:00;582.84
18/03/2025 04:15;582.84
18/03/2025 04:30;582.84
18/03/2025 04:45;582.84
18/03/2025 05:00;582.85
18/03/2025 05:15;582.85
18/03/2025 05:30;582.85
18/03/2025 05:45;582.85
18/03/2025 06:00;582.85
18/03/2025 06:15;582.85
18/03/2025 06:30;582.85
18/03/2025 06:45;582.85
18/03/2025 07:00;582.85
18/03/2025 07:15;582.85
18/03/2025 07:30;582.85
18/03/2025 07:45;582.85
18/03/2025 08:00;582.85
18/03/2025 08:15;582.85
18/03/2025 08:30;582.85
18/03/2025 08:45;582.85
18/03/2025 09:00;582.84
18/03/2025 09:15;582.85
18/03/2025 09:30;582.85
18/03/2025 09:45;582.85
18/03/2025 10:00;582.85
18/03/2025 10:15;582.84
18/03/2025 10:30;582.84
18/03/2025 10:45;582.85
18/03/2025 11:00;582.85
18/03/2025 11:15;582.85
18/03/2025 11:30;582.85
18/03/2025 11:45;582.85
18/03/2025 12:00;582.85
18/03/2025 12:15;582.85
18/03/2025 12:30;582.85
18/03/2025 12:45;582.85
18/03/2025 13:00;582.85
18/03/2025 13:15;582.85
18/03/2025 13:30;582.85
18/03/2025 13:45;582.85
18/03/2025 14:00;582.85
18/03/2025 14:15;582.85
18/03/2025 14:30;582.85
18/03/2025 14:45;582.85
18/03/2025 15:00;582.85
18/03/2025 15:15;582.85
18/03/2025 15:30;582.85
18/03/2025 15:45;582.85
18/03/2025 16:00;582.85
18/03/2025 16:15;582.85
18/03/2025 16:30;582.85
18/03/2025 16:45;582.85
18/03/2025 17:00;582.87
18/03/2025 17:15;582.85
18/03/2025 17:30;582.85
18/03/2025 17:45;582.85
18/03/2025 18:00;582.85
18/03/2025 18:15;582.85
18/03/2025 18:30;582.87
18/03/2025 18:45;582.87
18/03/2025 19:00;582.87
18/03/2025 19:15;582.87
18/03/2025 19:30;582.87
18/03/2025 19:45;582.87
18/03/2025 20:00;582.87
18/03/2025 20:15;582.87
18/03/2025 20:30;582.87
18/03/2025 20:45;582.85
18/03/2025 21:00;582.85
18/03/2025 21:15;582.85
18/03/2025 21:30;582.87
18/03/2025 21:45;582.85
18/03/2025 22:00;582.87
18/03/2025 22:15;582.87
18/03/2025 22:30;582.87
18/03/2025 22:45;582.87
18/03/2025 23:00;582.87
18/03/2025 23:15;582.85
18/03/2025 23:30;582.87
18/03/2025 23:45;582.85
19/03/2025 00:00;582.87
19/03/2025 00:15;582.87
19/03/2025 00:30;582.87
19/03/2025 00:45;582.87
19/03/2025 01:00;582.88
19/03/2025 01:15;582.88
19/03/2025 01:30;582.87
19/03/2025 01:45;582.87
19/03/2025 02:00;582.87
19/03/2025 02:15;582.87
19/03/2025 02:30;582.87
19/03/2025 02:45;582.88
19/03/2025 03:00;582.88
19/03/2025 03:15;582.88
19/03/2025 03:30;582.88
19/03/2025 03:45;582.88
19/03/2025 04:00;582.87
19/03/2025 04:15;582.88
19/03/2025 04:30;582.88
19/03/2025 04:45;582.88
19/03/2025 05:00;582.88
19/03/2025 05:15;582.88
19/03/2025 05:30;582.88
19/03/2025 05:45;582.88
19/03/2025 06:00;582.88
19/03/2025 06:15;582.88
19/03/2025 06:30;582.88
19/03/2025 06:45;582.88
19/03/2025 07:00;582.88
19/03/2025 07:15;582.88
19/03/2025 07:30;582.88
19/03/2025 07:45;582.88
19/03/2025 08:00;582.88
19/03/2025 08:15;582.88
19/03/2025 08:30;582.88
19/03/2025 08:45;582.88
19/03/2025 09:00;582.88
19/03/2025 09:15;582.88
19/03/2025 09:30;582.88
19/03/2025 09:45;582.88
19/03/2025 10:00;582.88
19/03/2025 10:15;582.88
19/03/2025 10:30;582.88
19/03/2025 10:45;582.88
19/03/2025 11:00;582.88
19/03/2025 11:15;582.88
19/03/2025 11:30;582.89
19/03/2025 11:45;582.89
19/03/2025 12:00;582.89
19/03/2025 12:15;582.89
19/03/2025 12:30;582.89
19/03/2025 12:45;582.89
19/03/2025 13:00;582.9
19/03/2025 13:15;582.9
19/03/2025 13:30;582.89
19/03/2025 13:45;582.9
19/03/2025 14:00;582.9
19/03/2025 14:15;582.9
19/03/2025 14:30;582.9
19/03/2025 14:45;582.9
19/03/2025 15:00;582.9
19/03/2025 15:15;582.9
19/03/2025 15:30;582.9
19/03/2025 15:45;582.9
19/03/2025 16:00;582.91
19/03/2025 16:15;582.91
19/03/2025 16:30;582.91
19/03/2025 16:45;582.91
19/03/2025 17:00;582.91
19/03/2025 17:15;582.91
19/03/2025 17:30;582.9
19/03/2025 17:45;582.91
19/03/2025 18:00;582.91
19/03/2025 18:15;582.91
19/03/2025 18:30;582.91
19/03/2025 18:45;582.91
19/03/2025 19:00;582.91
19/03/2025 19:15;582.92
19/03/2025 19:30;582.91
19/03/2025 19:45;582.92
19/03/2025 20:00;582.92
19/03/2025 20:15;582.92
19/03/2025 20:30;582.92
19/03/2025 20:45;582.92
19/03/2025 21:00;582.91
19/03/2025 21:15;582.92
19/03/2025 21:30;582.91
19/03/2025 21:45;582.91
19/03/2025 22:00;582.91
19/03/2025 22:15;582.91
19/03/2025 22:30;582.92
19/03/2025 22:45;582.92
19/03/2025 23:00;582.91
19/03/2025 23:15;582.92
19/03/2025 23:30;582.92
19/03/2025 23:45;582.92
20/03/2025 00:00;582.92
20/03/2025 00:15;582.92
20/03/2025 00:30;582.92
20/03/2025 00:45;582.92
20/03/2025 01:00;582.92
20/03/2025 01:15;582.92
20/03/2025 01:30;582.93
20/03/2025 01:45;582.93
20/03/2025 02:00;582.92
20/03/2025 02:15;582.92
20/03/2025 02:30;582.93
20/03/2025 02:45;582.92
20/03/2025 03:00;582.93
20/03/2025 03:15;582.93
20/03/2025 03:30;582.93
20/03/2025 03:45;582.93
20/03/2025 04:00;582.93
20/03/2025 04:15;582.93
20/03/2025 04:30;582.93
20/03/2025 04:45;582.93
20/03/2025 05:00;582.92
20/03/2025 05:15;582.93
20/03/2025 05:30;582.93
20/03/2025 05:45;582.93
20/03/2025 06:00;582.93
20/03/2025 06:15;582.94
20/03/2025 06:30;582.93
20/03/2025 06:45;582.93
20/03/2025 07:00;582.94
20/03/2025 07:15;582.93
20/03/2025 07:30;582.94
20/03/2025 07:45;582.94
20/03/2025 08:00;582.95
20/03/2025 08:15;582.94
20/03/2025 08:30;582.94
20/03/2025 08:45;582.95
20/03/2025 09:00;582.95
20/03/2025 09:15;582.95
20/03/2025 09:30;582.95
20/03/2025 09:45;582.95
20/03/2025 10:00;582.95
20/03/2025 10:15;582.94
20/03/2025 10:30;582.95
20/03/2025 10:45;582.95
20/03/2025 11:00;582.95
20/03/2025 11:15;582.95
20/03/2025 11:30;582.95
20/03/2025 11:45;582.95
20/03/2025 12:00;582.95
20/03/2025 12:15;582.95
20/03/2025 12:30;582.95
20/03/2025 12:45;582.95
20/03/2025 13:00;582.95
20/03/2025 13:15;582.95
20/03/2025 13:30;582.95
20/03/2025 13:45;582.95
20/03/2025 14:00;582.96
20/03/2025 14:15;582.95
20/03/2025 14:30;582.95
20/03/2025 14:45;582.95
20/03/2025 15:00;582.96
20/03/2025 15:15;582.95
20/03/2025 15:30;582.96
20/03/2025 15:45;582.96
20/03/2025 16:00;582.96
20/03/2025 16:15;582.96
20/03/2025 16:30;582.95
20/03/2025 16:45;582.96
20/03/2025 17:00;582.95
20/03/2025 17:15;582.95
20/03/2025 17:30;582.96
20/03/2025 17:45;582.95
20/03/2025 18:00;582.95
20/03/2025 18:15;582.95
20/03/2025 18:30;582.95
20/03/2025 18:45;582.96
20/03/2025 19:00;582.96
20/03/2025 19:15;582.96
20/03/2025 19:30;582.96
20/03/2025 19:45;582.95
20/03/2025 20:00;582.95
20/03/2025 20:15;582.95
20/03/2025 20:30;582.95
20/03/2025 20:45;582.96
20/03/2025 21:00;582.96
20/03/2025 21:15;582.96
20/03/2025 21:30;582.95
20/03/2025 21:45;582.95
20/03/2025 22:00;582.95
20/03/2025 22:15;582.96
20/03/2025 22:30;582.95
20/03/2025 22:45;582.95
20/03/2025 23:00;582.95
20/03/2025 23:15;582.96
20/03/2025 23:30;582.96
20/03/2025 23:45;582.96
21/03/2025 00:00;582.96
21/03/2025 00:15;582.96
21/03/2025 00:30;582.96
21/03/2025 00:45;582.96
21/03/2025 01:00;582.96
21/03/2025 01:15;582.96
21/03/2025 01:30;582.98
21/03/2025 01:45;582.96
21/03/2025 02:00;582.96
21/03/2025 02:15;582.96
21/03/2025 02:30;582.98
21/03/2025 02:45;582.95
21/03/2025 03:00;582.98
21/03/2025 03:15;582.96
21/03/2025 03:30;582.98
21/03/2025 03:45;582.98
21/03/2025 04:00;582.98
21/03/2025 04:15;582.98
21/03/2025 04:30;582.98
21/03/2025 04:45;582.99
21/03/2025 05:00;582.98
21/03/2025 05:15;582.98
21/03/2025 05:30;582.98
21/03/2025 05:45;582.98
21/03/2025 06:00;582.98
21/03/2025 06:15;582.98
21/03/2025 06:30;582.98
21/03/2025 06:45;582.98
21/03/2025 07:00;582.98
21/03/2025 07:15;582.98
21/03/2025 07:30;583
21/03/2025 07:45;582.99
21/03/2025 08:00;582.99
21/03/2025 08:15;582.99
21/03/2025 08:30;583
21/03/2025 08:45;582.98
21/03/2025 09:00;583
21/03/2025 09:15;582.99
21/03/2025 09:30;582.99
21/03/2025 09:45;582.99
21/03/2025 10:00;582.99
21/03/2025 10:15;583
21/03/2025 10:30;582.99
21/03/2025 10:45;583.01
21/03/2025 11:00;583
21/03/2025 11:15;583
21/03/2025 11:30;583
21/03/2025 11:45;583
21/03/2025 12:00;583
21/03/2025 12:15;583
21/03/2025 12:30;583
21/03/2025 12:45;583.01
21/03/2025 13:00;583.01
21/03/2025 13:15;583.01
21/03/2025 13:30;583.01
21/03/2025 13:45;583
21/03/2025 14:00;583
21/03/2025 14:15;583
21/03/2025 14:30;583.01
21/03/2025 14:45;583.01
21/03/2025 15:00;583.01
21/03/2025 15:15;583.01
21/03/2025 15:30;583.01
21/03/2025 15:45;583.01
21/03/2025 16:00;583.02
21/03/2025 16:15;583.01
21/03/2025 16:30;583.02
21/03/2025 16:45;583.02
21/03/2025 17:00;583.01
21/03/2025 17:15;583.02
21/03/2025 17:30;583.01
21/03/2025 17:45;583.02
21/03/2025 18:00;583.02
21/03/2025 18:15;583.03
21/03/2025 18:30;583.02
21/03/2025 18:45;583.03
21/03/2025 19:00;583.02
21/03/2025 19:15;583.02
21/03/2025 19:30;583.03
21/03/2025 19:45;583.02
21/03/2025 20:00;583.02
21/03/2025 20:15;583.02
21/03/2025 20:30;583.02
21/03/2025 20:45;583.02
21/03/2025 21:00;583.03
21/03/2025 21:15;583.02
21/03/2025 21:30;583.03
21/03/2025 21:45;583.02
21/03/2025 22:00;583.03
21/03/2025 22:15;583.02
21/03/2025 22:30;583.03
21/03/2025 22:45;583.02
21/03/2025 23:00;583.03
21/03/2025 23:15;583.03
21/03/2025 23:30;583.03
21/03/2025 23:45;583.02
22/03/2025 00:00;583.03
22/03/2025 00:15;583.03
22/03/2025 00:30;583.03
22/03/2025 00:45;583.03
22/03/2025 01:00;583.03
22/03/2025 01:15;583.03
22/03/2025 01:30;583.03
22/03/2025 01:45;583.03
22/03/2025 02:00;583.03
22/03/2025 02:15;583.03
22/03/2025 02:30;583.03
22/03/2025 02:45;583.05
22/03/2025 03:00;583.03
22/03/2025 03:15;583.03
22/03/2025 03:30;583.03
22/03/2025 03:45;583.05
22/03/2025 04:00;583.05
22/03/2025 04:15;583.05
22/03/2025 04:30;583.05
22/03/2025 04:45;583.05
22/03/2025 05:00;583.03
22/03/2025 05:15;583.05
22/03/2025 05:30;583.05
22/03/2025 05:45;583.05
22/03/2025 06:00;583.05
22/03/2025 06:15;583.05
22/03/2025 06:30;583.05
22/03/2025 06:45;583.05
22/03/2025 07:00;583.06
22/03/2025 07:15;583.05
22/03/2025 07:30;583.05
22/03/2025 07:45;583.06
22/03/2025 08:00;583.06
22/03/2025 08:15;583.06
22/03/2025 08:30;583.06
22/03/2025 08:45;583.06
22/03/2025 09:00;583.06
22/03/2025 09:15;583.06
22/03/2025 09:30;583.06
22/03/2025 09:45;583.06
22/03/2025 10:00;583.06
22/03/2025 10:15;583.06
22/03/2025 10:30;583.06
22/03/2025 10:45;583.06
22/03/2025 11:00;583.06
22/03/2025 11:15;583.06
22/03/2025 11:30;583.06
22/03/2025 11:45;583.06
22/03/2025 12:00;583.07
22/03/2025 12:15;583.06
22/03/2025 12:30;583.07
22/03/2025 12:45;583.07
22/03/2025 13:00;583.07
22/03/2025 13:15;583.07
22/03/2025 13:30;583.07
22/03/2025 13:45;583.06
22/03/2025 14:00;583.07
22/03/2025 14:15;583.07
22/03/2025 14:30;583.07
22/03/2025 14:45;583.07
22/03/2025 15:00;583.07
22/03/2025 15:15;583.08
22/03/2025 15:30;583.08
22/03/2025 15:45;583.08
22/03/2025 16:00;583.08
22/03/2025 16:15;583.08
22/03/2025 16:30;583.08
22/03/2025 16:45;583.08
22/03/2025 17:00;583.08
22/03/2025 17:15;583.09
22/03/2025 17:30;583.09
22/03/2025 17:45;583.09
22/03/2025 18:00;583.09
22/03/2025 18:15;583.09
22/03/2025 18:30;583.09
22/03/2025 18:45;583.09
22/03/2025 19:00;583.1
22/03/2025 19:15;583.1
22/03/2025 19:30;583.09
22/03/2025 19:45;583.1
22/03/2025 20:00;583.1
22/03/2025 20:15;583.1
22/03/2025 20:30;583.1
22/03/2025 20:45;583.1
22/03/2025 21:00;583.1
22/03/2025 21:15;583.1
22/03/2025 21:30;583.1
22/03/2025 21:45;583.1
22/03/2025 22:00;583.1
22/03/2025 22:15;583.1
22/03/2025 22:30;583.1
22/03/2025 22:45;583.1
22/03/2025 23:00;583.11
22/03/2025 23:15;583.11
22/03/2025 23:30;583.11
22/03/2025 23:45;583.11
23/03/2025 00:00;583.11
23/03/2025 00:15;583.11
23/03/2025 00:30;583.11
23/03/2025 00:45;583.11
23/03/2025 01:00;583.11
23/03/2025 01:15;583.12
23/03/2025 01:30;583.11
23/03/2025 01:45;583.12
23/03/2025 02:00;583.12
23/03/2025 02:15;583.12
23/03/2025 02:30;583.12
23/03/2025 02:45;583.12
23/03/2025 03:00;583.12
23/03/2025 03:15;583.12
23/03/2025 03:30;583.12
23/03/2025 03:45;583.13
23/03/2025 04:00;583.13
23/03/2025 04:15;583.12
23/03/2025 04:30;583.13
23/03/2025 04:45;583.13
23/03/2025 05:00;583.13
23/03/2025 05:15;583.13
23/03/2025 05:30;583.13
23/03/2025 05:45;583.13
23/03/2025 06:00;583.13
23/03/2025 06:15;583.13
23/03/2025 06:30;583.13
23/03/2025 06:45;583.13
23/03/2025 07:00;583.13
23/03/2025 07:15;583.13
23/03/2025 07:30;583.13
23/03/2025 07:45;583.14
23/03/2025 08:00;583.13
23/03/2025 08:15;583.13
23/03/2025 08:30;583.14
23/03/2025 08:45;583.14
23/03/2025 09:00;583.13
23/03/2025 09:15;583.14
23/03/2025 09:30;583.13
23/03/2025 09:45;583.14
23/03/2025 10:00;583.14
23/03/2025 10:15;583.14
23/03/2025 10:30;583.14
23/03/2025 10:45;583.14
23/03/2025 11:00;583.14
23/03/2025 11:15;583.16
23/03/2025 11:30;583.16
23/03/2025 11:45;583.16
23/03/2025 12:00;583.16
23/03/2025 12:15;583.16
23/03/2025 12:30;583.16
23/03/2025 12:45;583.16
23/03/2025 13:00;583.16
23/03/2025 13:15;583.16
23/03/2025 13:30;583.16
23/03/2025 13:45;583.16
23/03/2025 14:00;583.16
23/03/2025 14:15;583.17
23/03/2025 14:30;583.16
23/03/2025 14:45;583.17
23/03/2025 15:00;583.17
23/03/2025 15:15;583.17
23/03/2025 15:30;583.17
23/03/2025 15:45;583.17
23/03/2025 16:00;583.17
23/03/2025 16:15;583.17
23/03/2025 16:30;583.18
23/03/2025 16:45;583.18
23/03/2025 17:00;583.18
23/03/2025 17:15;583.17
23/03/2025 17:30;583.18
23/03/2025 17:45;583.19
23/03/2025 18:00;583.19
23/03/2025 18:15;583.19
23/03/2025 18:30;583.18
23/03/2025 18:45;583.18
23/03/2025 19:00;583.18
23/03/2025 19:15;583.19
23/03/2025 19:30;583.19
23/03/2025 19:45;583.18
23/03/2025 20:00;583.18
23/03/2025 20:15;583.18
23/03/2025 20:30;583.18
23/03/2025 20:45;583.18
23/03/2025 21:00;583.18
23/03/2025 21:15;583.2
23/03/2025 21:30;583.2
23/03/2025 21:45;583.19
23/03/2025 22:00;583.19
23/03/2025 22:15;583.19
23/03/2025 22:30;583.19
23/03/2025 22:45;583.19
23/03/2025 23:00;583.19
23/03/2025 23:15;583.19
23/03/2025 23:30;583.19
23/03/2025 23:45;583.19
24/03/2025 00:00;583.19
24/03/2025 00:15;583.19
24/03/2025 00:30;583.19
24/03/2025 00:45;583.19
24/03/2025 01:00;583.19
24/03/2025 01:15;583.19
24/03/2025 01:30;583.19
24/03/2025 01:45;583.2
24/03/2025 02:00;583.2
24/03/2025 02:15;583.2
24/03/2025 02:30;583.2
24/03/2025 02:45;583.2
24/03/2025 03:00;583.2
24/03/2025 03:15;583.21
24/03/2025 03:30;583.21
24/03/2025 03:45;583.21
24/03/2025 04:00;583.21
24/03/2025 04:15;583.21
24/03/2025 04:30;583.21
24/03/2025 04:45;583.21
24/03/2025 05:00;583.21
24/03/2025 05:15;583.21
24/03/2025 05:30;583.21
24/03/2025 05:45;583.21
24/03/2025 06:00;583.21
24/03/2025 06:15;583.21
24/03/2025 06:30;583.21
24/03/2025 06:45;583.21
24/03/2025 07:00;583.21
24/03/2025 07:15;583.21
24/03/2025 07:30;583.21
24/03/2025 07:45;583.21
24/03/2025 08:00;583.21
24/03/2025 08:15;583.21
24/03/2025 08:30;583.21
24/03/2025 08:45;583.21
24/03/2025 09:00;583.21
24/03/2025 09:15;583.21
24/03/2025 09:30;583.21
24/03/2025 09:45;583.23
24/03/2025 10:00;583.23
24/03/2025 10:15;583.23
24/03/2025 10:30;583.23
24/03/2025 10:45;583.23
24/03/2025 11:00;583.23
24/03/2025 11:15;583.24
24/03/2025 11:30;583.24
24/03/2025 11:45;583.24
24/03/2025 12:00;583.24
24/03/2025 12:15;583.24
24/03/2025 12:30;583.24
24/03/2025 12:45;583.24
24/03/2025 13:00;583.24
24/03/2025 13:15;583.25
24/03/2025 13:30;583.24
24/03/2025 13:45;583.24
24/03/2025 14:00;583.24
24/03/2025 14:15;583.24
24/03/2025 14:30;583.25
24/03/2025 14:45;583.26
24/03/2025 15:00;583.25
24/03/2025 15:15;583.25
24/03/2025 15:30;583.26
24/03/2025 15:45;583.26
24/03/2025 16:00;583.26
24/03/2025 16:15;583.26
24/03/2025 16:30;583.26
24/03/2025 16:45;583.27
24/03/2025 17:00;583.27
24/03/2025 17:15;583.28
24/03/2025 17:30;583.27
24/03/2025 17:45;583.28
24/03/2025 18:00;583.29
24/03/2025 18:15;583.29
24/03/2025 18:30;583.29
24/03/2025 18:45;583.29
24/03/2025 19:00;583.3
24/03/2025 19:15;583.3
24/03/2025 19:30;583.3
24/03/2025 19:45;583.3
24/03/2025 20:00;583.31
24/03/2025 20:15;583.31
24/03/2025 20:30;583.31
24/03/2025 20:45;583.31
24/03/2025 21:00;583.31
24/03/2025 21:15;583.31
24/03/2025 21:30;583.31
24/03/2025 21:45;583.32
24/03/2025 22:00;583.31
24/03/2025 22:15;583.32
24/03/2025 22:30;583.32
24/03/2025 22:45;583.34
24/03/2025 23:00;583.34
24/03/2025 23:15;583.34
24/03/2025 23:30;583.34
24/03/2025 23:45;583.34
25/03/2025 00:00;583.34
25/03/2025 00:15;583.34
25/03/2025 00:30;583.35
25/03/2025 00:45;583.35
25/03/2025 01:00;583.35
25/03/2025 01:15;583.35
25/03/2025 01:30;583.36
25/03/2025 01:45;583.36
25/03/2025 02:00;583.36
25/03/2025 02:15;583.36
25/03/2025 02:30;583.36
25/03/2025 02:45;583.37
25/03/2025 03:00;583.37
25/03/2025 03:15;583.37
25/03/2025 03:30;583.37
25/03/2025 03:45;583.38
25/03/2025 04:00;583.38
25/03/2025 04:15;583.38
25/03/2025 04:30;583.38
25/03/2025 04:45;583.38
25/03/2025 05:00;583.39
25/03/2025 05:15;583.39
25/03/2025 05:30;583.39
25/03/2025 05:45;583.39
25/03/2025 06:00;583.39
25/03/2025 06:15;583.39
25/03/2025 06:30;583.41
25/03/2025 06:45;583.41
25/03/2025 07:00;583.39
25/03/2025 07:15;583.41
25/03/2025 07:30;583.41
25/03/2025 07:45;583.41
25/03/2025 08:00;583.41
25/03/2025 08:15;583.41
25/03/2025 08:30;583.42
25/03/2025 08:45;583.42
25/03/2025 09:00;583.41
25/03/2025 09:15;583.42
25/03/2025 09:30;583.42
25/03/2025 09:45;583.42
25/03/2025 10:00;583.42
25/03/2025 10:15;583.42
25/03/2025 10:30;583.42
25/03/2025 10:45;583.43
25/03/2025 11:00;583.43
25/03/2025 11:15;583.43
25/03/2025 11:30;583.44
25/03/2025 11:45;583.44
25/03/2025 12:00;583.44
25/03/2025 12:15;583.45
25/03/2025 12:30;583.45
25/03/2025 12:45;583.45
25/03/2025 13:00;583.45
25/03/2025 13:15;583.46
25/03/2025 13:30;583.46
25/03/2025 13:45;583.46
25/03/2025 14:00;583.45
25/03/2025 14:15;583.46
25/03/2025 14:30;583.46
25/03/2025 14:45;583.46
25/03/2025 15:00;583.46
25/03/2025 15:15;583.47
25/03/2025 15:30;583.47
25/03/2025 15:45;583.47
25/03/2025 16:00;583.47
25/03/2025 16:15;583.48
25/03/2025 16:30;583.48
25/03/2025 16:45;583.48
25/03/2025 17:00;583.48
25/03/2025 17:15;583.48
25/03/2025 17:30;583.49
25/03/2025 17:45;583.49
25/03/2025 18:00;583.49
25/03/2025 18:15;583.49
25/03/2025 18:30;583.49
25/03/2025 18:45;583.49
25/03/2025 19:00;583.49
25/03/2025 19:15;583.5
25/03/2025 19:30;583.5
25/03/2025 19:45;583.5
25/03/2025 20:00;583.5
25/03/2025 20:15;583.5
25/03/2025 20:30;583.5
25/03/2025 20:45;583.5
25/03/2025 21:00;583.5
25/03/2025 21:15;583.5
25/03/2025 21:30;583.5
25/03/2025 21:45;583.5
25/03/2025 22:00;583.5
25/03/2025 22:15;583.5
25/03/2025 22:30;583.5
25/03/2025 22:45;583.5
25/03/2025 23:00;583.5
25/03/2025 23:15;583.5
25/03/2025 23:30;583.5
25/03/2025 23:45;583.5
26/03/2025 00:00;583.5
26/03/2025 00:15;583.5
26/03/2025 00:30;583.5
26/03/2025 00:45;583.5
26/03/2025 01:00;583.5
26/03/2025 01:15;583.5
26/03/2025 01:30;583.52
26/03/2025 01:45;583.5
26/03/2025 02:00;583.52
26/03/2025 02:15;583.5
26/03/2025 02:30;583.52
26/03/2025 02:45;583.52
26/03/2025 03:00;583.52
26/03/2025 03:15;583.52
26/03/2025 03:30;583.52
26/03/2025 03:45;583.52
26/03/2025 04:00;583.53
26/03/2025 04:15;583.52
26/03/2025 04:30;583.52
26/03/2025 04:45;583.52
26/03/2025 05:00;583.53
26/03/2025 05:15;583.52
26/03/2025 05:30;583.53
26/03/2025 05:45;583.53
26/03/2025 06:00;583.53
26/03/2025 06:15;583.52
26/03/2025 06:30;583.53
26/03/2025 06:45;583.53
26/03/2025 07:00;583.53
26/03/2025 07:15;583.53
26/03/2025 07:30;583.53
26/03/2025 07:45;583.53
26/03/2025 08:00;583.54
26/03/2025 08:15;583.54
26/03/2025 08:30;583.54
26/03/2025 08:45;583.54
26/03/2025 09:00;583.54
26/03/2025 09:15;583.55
26/03/2025 09:30;583.54
26/03/2025 09:45;583.55
26/03/2025 10:00;583.55
26/03/2025 10:15;583.55
26/03/2025 10:30;583.55
26/03/2025 10:45;583.56
26/03/2025 11:00;583.56
26/03/2025 11:15;583.56
26/03/2025 11:30;583.57
26/03/2025 11:45;583.56
26/03/2025 12:00;583.57
26/03/2025 12:15;583.57
26/03/2025 12:30;583.57
26/03/2025 12:45;583.57
26/03/2025 13:00;583.57
26/03/2025 13:15;583.57
26/03/2025 13:30;583.57
26/03/2025 13:45;583.57
26/03/2025 14:00;583.57
26/03/2025 14:15;583.57
26/03/2025 14:30;583.57
26/03/2025 14:45;583.57
26/03/2025 15:00;583.59
26/03/2025 15:15;583.59
26/03/2025 15:30;583.59
26/03/2025 15:45;583.6
26/03/2025 16:00;583.6
26/03/2025 16:15;583.6
26/03/2025 16:30;583.6
26/03/2025 16:45;583.6
26/03/2025 17:00;583.6
26/03/2025 17:15;583.6
26/03/2025 17:30;583.6
26/03/2025 17:45;583.6
26/03/2025 18:00;583.6
26/03/2025 18:15;583.6
26/03/2025 18:30;583.61
26/03/2025 18:45;583.61
26/03/2025 19:00;583.6
26/03/2025 19:15;583.61
26/03/2025 19:30;583.61
26/03/2025 19:45;583.61
26/03/2025 20:00;583.61
26/03/2025 20:15;583.61
26/03/2025 20:30;583.61
26/03/2025 20:45;583.61
26/03/2025 21:00;583.63
26/03/2025 21:15;583.61
26/03/2025 21:30;583.61
26/03/2025 21:45;583.63
26/03/2025 22:00;583.61
26/03/2025 22:15;583.63
26/03/2025 22:30;583.63
26/03/2025 22:45;583.63
26/03/2025 23:00;583.63
26/03/2025 23:15;583.63
26/03/2025 23:30;583.63
26/03/2025 23:45;583.63
27/03/2025 00:00;583.61
27/03/2025 00:15;583.63
27/03/2025 00:30;583.63
27/03/2025 00:45;583.63
27/03/2025 01:00;583.63
27/03/2025 01:15;583.63
27/03/2025 01:30;583.63
27/03/2025 01:45;583.63
27/03/2025 02:00;583.63
27/03/2025 02:15;583.63
27/03/2025 02:30;583.63
27/03/2025 02:45;583.63
27/03/2025 03:00;583.63
27/03/2025 03:15;583.63
27/03/2025 03:30;583.63
27/03/2025 03:45;583.63
27/03/2025 04:00;583.63
27/03/2025 04:15;583.63
27/03/2025 04:30;583.63
27/03/2025 04:45;583.63
27/03/2025 05:00;583.63
27/03/2025 05:15;583.63
27/03/2025 05:30;583.63
27/03/2025 05:45;583.64
27/03/2025 06:00;583.63
27/03/2025 06:15;583.63
27/03/2025 06:30;583.63
27/03/2025 06:45;583.64
27/03/2025 07:00;583.63
27/03/2025 07:15;583.63
27/03/2025 07:30;583.63
27/03/2025 07:45;583.63
27/03/2025 08:00;583.63
27/03/2025 08:15;583.63
27/03/2025 08:30;583.64
27/03/2025 08:45;583.64
27/03/2025 09:00;583.63
27/03/2025 09:15;583.63
27/03/2025 09:30;583.63
27/03/2025 09:45;583.63
27/03/2025 10:00;583.64
27/03/2025 10:15;583.64
27/03/2025 10:30;583.64
27/03/2025 10:45;583.64
27/03/2025 11:00;583.65
27/03/2025 11:15;583.64
27/03/2025 11:30;583.65
27/03/2025 11:45;583.65
27/03/2025 12:00;583.65
27/03/2025 12:15;583.65
27/03/2025 12:30;583.66
27/03/2025 12:45;583.66
27/03/2025 13:00;583.66
27/03/2025 13:15;583.66
27/03/2025 13:30;583.67
27/03/2025 13:45;583.67
27/03/2025 14:00;583.67
27/03/2025 14:15;583.66
27/03/2025 14:30;583.67
27/03/2025 14:45;583.67
27/03/2025 15:00;583.68
27/03/2025 15:15;583.67
27/03/2025 15:30;583.67
27/03/2025 15:45;583.67
27/03/2025 16:00;583.68
27/03/2025 16:15;583.68
27/03/2025 16:30;583.68
27/03/2025 16:45;583.68
27/03/2025 17:00;583.68
27/03/2025 17:15;583.68
27/03/2025 17:30;583.68
27/03/2025 17:45;583.68
27/03/2025 18:00;583.68
27/03/2025 18:15;583.68
27/03/2025 18:30;583.7
27/03/2025 18:45;583.68
27/03/2025 19:00;583.68
27/03/2025 19:15;583.68
27/03/2025 19:30;583.68
27/03/2025 19:45;583.68
27/03/2025 20:00;583.68
27/03/2025 20:15;583.68
27/03/2025 20:30;583.7
27/03/2025 20:45;583.68
27/03/2025 21:00;583.68
27/03/2025 21:15;583.68
27/03/2025 21:30;583.68
27/03/2025 21:45;583.68
27/03/2025 22:00;583.68
27/03/2025 22:15;583.7
27/03/2025 22:30;583.68
27/03/2025 22:45;583.7
27/03/2025 23:00;583.68
27/03/2025 23:15;583.7
27/03/2025 23:30;583.7
27/03/2025 23:45;583.68
28/03/2025 00:00;583.68
28/03/2025 00:15;583.68
28/03/2025 00:30;583.7
28/03/2025 00:45;583.68
28/03/2025 01:00;583.68
28/03/2025 01:15;583.7
28/03/2025 01:30;583.68
28/03/2025 01:45;583.68
28/03/2025 02:00;583.68
28/03/2025 02:15;583.68
28/03/2025 02:30;583.7
28/03/2025 02:45;583.7
28/03/2025 03:00;583.7
28/03/2025 03:15;583.7
28/03/2025 03:30;583.7
28/03/2025 03:45;583.7
28/03/2025 04:00;583.7
28/03/2025 04:15;583.7
28/03/2025 04:30;583.7
28/03/2025 04:45;583.7
28/03/2025 05:00;583.7
28/03/2025 05:15;583.7
28/03/2025 05:30;583.7
28/03/2025 05:45;583.7
28/03/2025 06:00;583.7
28/03/2025 06:15;583.7
28/03/2025 06:30;583.7
28/03/2025 06:45;583.7
28/03/2025 07:00;583.7
28/03/2025 07:15;583.7
28/03/2025 07:30;583.7
28/03/2025 07:45;583.7
28/03/2025 08:00;583.7
28/03/2025 08:15;583.7
28/03/2025 08:30;583.7
28/03/2025 08:45;583.7
28/03/2025 09:00;583.7
28/03/2025 09:15;583.7
28/03/2025 09:30;583.71
28/03/2025 09:45;583.71
28/03/2025 10:00;583.71
28/03/2025 10:15;583.71
28/03/2025 10:30;583.72
28/03/2025 10:45;583.72
28/03/2025 11:00;583.72
28/03/2025 11:15;583.72
28/03/2025 11:30;583.72
28/03/2025 11:45;583.72
28/03/2025 12:00;583.72
28/03/2025 12:15;583.72
28/03/2025 12:30;583.73
28/03/2025 12:45;583.73
28/03/2025 13:00;583.73
28/03/2025 13:15;583.73
28/03/2025 13:30;583.73
28/03/2025 13:45;583.73
28/03/2025 14:00;583.73
28/03/2025 14:15;583.74
28/03/2025 14:30;583.73
28/03/2025 14:45;583.74
28/03/2025 15:00;583.73
28/03/2025 15:15;583.74
28/03/2025 15:30;583.74
28/03/2025 15:45;583.74
28/03/2025 16:00;583.74
28/03/2025 16:15;583.74
28/03/2025 16:30;583.74
28/03/2025 16:45;583.73
28/03/2025 17:00;583.74
28/03/2025 17:15;583.74
28/03/2025 17:30;583.75
28/03/2025 17:45;583.75
28/03/2025 18:00;583.74
28/03/2025 18:15;583.75
28/03/2025 18:30;583.75
28/03/2025 18:45;583.75
28/03/2025 19:00;583.75
28/03/2025 19:15;583.75
28/03/2025 19:30;583.75
28/03/2025 19:45;583.75
28/03/2025 20:00;583.74
28/03/2025 20:15;583.74
28/03/2025 20:30;583.74
28/03/2025 20:45;583.74
28/03/2025 21:00;583.74
28/03/2025 21:15;583.74
28/03/2025 21:30;583.73
28/03/2025 21:45;583.73
28/03/2025 22:00;583.73
28/03/2025 22:15;583.73
28/03/2025 22:30;583.73
28/03/2025 22:45;583.73
28/03/2025 23:00;583.73
28/03/2025 23:15;583.73
28/03/2025 23:30;583.73
28/03/2025 23:45;583.73
29/03/2025 00:00;583.73
29/03/2025 00:15;583.73
29/03/2025 00:30;583.73
29/03/2025 00:45;583.74
29/03/2025 01:00;583.74
29/03/2025 01:15;583.74
29/03/2025 01:30;583.74
29/03/2025 01:45;583.74
29/03/2025 02:00;583.74
29/03/2025 02:15;583.73
29/03/2025 02:30;583.74
29/03/2025 02:45;583.75
29/03/2025 03:00;583.74
29/03/2025 03:15;583.74
29/03/2025 03:30;583.74
29/03/2025 03:45;583.74
29/03/2025 04:00;583.75
29/03/2025 04:15;583.74
29/03/2025 04:30;583.75
29/03/2025 04:45;583.75
29/03/2025 05:00;583.75
29/03/2025 05:15;583.75
29/03/2025 05:30;583.75
29/03/2025 05:45;583.75
29/03/2025 06:00;583.75
29/03/2025 06:15;583.75
29/03/2025 06:30;583.75
29/03/2025 06:45;583.75
29/03/2025 07:00;583.75
29/03/2025 07:15;583.75
29/03/2025 07:30;583.77
29/03/2025 07:45;583.77
29/03/2025 08:00;583.75
29/03/2025 08:15;583.78
29/03/2025 08:30;583.77
29/03/2025 08:45;583.77
29/03/2025 09:00;583.77
29/03/2025 09:15;583.78
29/03/2025 09:30;583.77
29/03/2025 09:45;583.78
29/03/2025 10:00;583.78
29/03/2025 10:15;583.78
29/03/2025 10:30;583.78
29/03/2025 10:45;583.78
29/03/2025 11:00;583.78
29/03/2025 11:15;583.78
29/03/2025 11:30;583.78
29/03/2025 11:45;583.79
29/03/2025 12:00;583.78
29/03/2025 12:15;583.79
29/03/2025 12:30;583.78
29/03/2025 12:45;583.79
29/03/2025 13:00;583.78
29/03/2025 13:15;583.79
29/03/2025 13:30;583.79
29/03/2025 13:45;583.79
29/03/2025 14:00;583.79
29/03/2025 14:15;583.78
29/03/2025 14:30;583.79
29/03/2025 14:45;583.78
29/03/2025 15:00;583.81
29/03/2025 15:15;583.79
29/03/2025 15:30;583.79
29/03/2025 15:45;583.81
29/03/2025 16:00;583.81
29/03/2025 16:15;583.79
29/03/2025 16:30;583.81
29/03/2025 16:45;583.81
29/03/2025 17:00;583.81
29/03/2025 17:15;583.81
29/03/2025 17:30;583.81
29/03/2025 17:45;583.81
29/03/2025 18:00;583.81
29/03/2025 18:15;583.81
29/03/2025 18:30;583.81
29/03/2025 18:45;583.81
29/03/2025 19:00;583.81
29/03/2025 19:15;583.81
29/03/2025 19:30;583.81
29/03/2025 19:45;583.81
29/03/2025 20:00;583.81
29/03/2025 20:15;583.79
29/03/2025 20:30;583.79
29/03/2025 20:45;583.79
29/03/2025 21:00;583.81
29/03/2025 21:15;583.81
29/03/2025 21:30;583.79
29/03/2025 21:45;583.79
29/03/2025 22:00;583.81
29/03/2025 22:15;583.79
29/03/2025 22:30;583.78
29/03/2025 22:45;583.81
29/03/2025 23:00;583.79
29/03/2025 23:15;583.81
29/03/2025 23:30;583.81
29/03/2025 23:45;583.81
30/03/2025 00:00;583.81
30/03/2025 00:15;583.79
30/03/2025 00:30;583.79
30/03/2025 00:45;583.79
30/03/2025 01:00;583.79
30/03/2025 01:15;583.81
30/03/2025 01:30;583.79
30/03/2025 01:45;583.81
30/03/2025 02:00;583.81
30/03/2025 02:15;583.81
30/03/2025 02:30;583.81
30/03/2025 02:45;583.81
30/03/2025 03:00;583.81
30/03/2025 03:15;583.81
30/03/2025 03:30;583.81
30/03/2025 03:45;583.82
30/03/2025 04:00;583.82
30/03/2025 04:15;583.81
30/03/2025 04:30;583.82
30/03/2025 04:45;583.81
30/03/2025 05:00;583.81
30/03/2025 05:15;583.82
30/03/2025 05:30;583.82
30/03/2025 05:45;583.82
30/03/2025 06:00;583.82
30/03/2025 06:15;583.83
30/03/2025 06:30;583.82
30/03/2025 06:45;583.82
30/03/2025 07:00;583.83
30/03/2025 07:15;583.83
30/03/2025 07:30;583.83
30/03/2025 07:45;583.83
30/03/2025 08:00;583.83
30/03/2025 08:15;583.83
30/03/2025 08:30;583.83
30/03/2025 08:45;583.84
30/03/2025 09:00;583.84
30/03/2025 09:15;583.84
30/03/2025 09:30;583.84
30/03/2025 09:45;583.84
30/03/2025 10:00;583.84
30/03/2025 10:15;583.85
30/03/2025 10:30;583.85
30/03/2025 10:45;583.85
30/03/2025 11:00;583.85
30/03/2025 11:15;583.85
30/03/2025 11:30;583.85
30/03/2025 11:45;583.86
30/03/2025 12:00;583.85
30/03/2025 12:15;583.85
30/03/2025 12:30;583.85
30/03/2025 12:45;583.85
30/03/2025 13:00;583.85
30/03/2025 13:15;583.85
30/03/2025 13:30;583.85
30/03/2025 13:45;583.86
30/03/2025 14:00;583.86
30/03/2025 14:15;583.86
30/03/2025 14:30;583.86
30/03/2025 14:45;583.86
30/03/2025 15:00;583.86
30/03/2025 15:15;583.86
30/03/2025 15:30;583.86
30/03/2025 15:45;583.86
30/03/2025 16:00;583.86
30/03/2025 16:15;583.86
30/03/2025 16:30;583.86
30/03/2025 16:45;583.86
30/03/2025 17:00;583.86
30/03/2025 17:15;583.86
30/03/2025 17:30;583.86
30/03/2025 17:45;583.88
30/03/2025 18:00;583.88
30/03/2025 18:15;583.88
30/03/2025 18:30;583.88
30/03/2025 18:45;583.88
30/03/2025 19:00;583.88
30/03/2025 19:15;583.88
30/03/2025 19:30;583.88
30/03/2025 19:45;583.88
30/03/2025 20:00;583.88
30/03/2025 20:15;583.88
30/03/2025 20:30;583.88
30/03/2025 20:45;583.88
30/03/2025 21:00;583.88
30/03/2025 21:15;583.88
30/03/2025 21:30;583.88
30/03/2025 21:45;583.88
30/03/2025 22:00;583.88
30/03/2025 22:15;583.88
30/03/2025 22:30;583.88
30/03/2025 22:45;583.88
30/03/2025 23:00;583.88
30/03/2025 23:15;583.88
30/03/2025 23:30;583.89
30/03/2025 23:45;583.88
31/03/2025 00:00;583.88
31/03/2025 00:15;583.88
31/03/2025 00:30;583.89
31/03/2025 00:45;583.89
31/03/2025 01:00;583.9
31/03/2025 01:15;583.9
31/03/2025 01:30;583.89
31/03/2025 01:45;583.89
31/03/2025 02:00;583.9
31/03/2025 02:15;583.9
31/03/2025 02:30;583.9
31/03/2025 02:45;583.9
31/03/2025 03:00;583.91
31/03/2025 03:15;583.9
31/03/2025 03:30;583.89
31/03/2025 03:45;583.9
31/03/2025 04:00;583.91
31/03/2025 04:15;583.91
31/03/2025 04:30;583.9
31/03/2025 04:45;583.9
31/03/2025 05:00;583.91
31/03/2025 05:15;583.9
31/03/2025 05:30;583.91
31/03/2025 05:45;583.9
31/03/2025 06:00;583.91
31/03/2025 06:15;583.91
31/03/2025 06:30;583.92
31/03/2025 06:45;583.92
31/03/2025 07:00;583.91
31/03/2025 07:15;583.92
31/03/2025 07:30;583.92
31/03/2025 07:45;583.92
31/03/2025 08:00;583.92
31/03/2025 08:15;583.92
31/03/2025 08:30;583.92
31/03/2025 08:45;583.92
31/03/2025 09:00;583.92
31/03/2025 09:15;583.91
31/03/2025 09:30;583.92
31/03/2025 09:45;583.92
31/03/2025 10:00;583.92
31/03/2025 10:15;583.93
31/03/2025 10:30;583.93
31/03/2025 10:45;583.93
31/03/2025 11:00;583.93
31/03/2025 11:15;583.93
31/03/2025 11:30;583.93
31/03/2025 11:45;583.93
31/03/2025 12:00;583.94
31/03/2025 12:15;583.94
31/03/2025 12:30;583.94
31/03/2025 12:45;583.94
31/03/2025 13:00;583.94
31/03/2025 13:15;583.94
31/03/2025 13:30;583.94
31/03/2025 13:45;583.95
31/03/2025 14:00;583.94
31/03/2025 14:15;583.94
31/03/2025 14:30;583.95
31/03/2025 14:45;583.95
31/03/2025 15:00;583.95
31/03/2025 15:15;583.95
31/03/2025 15:30;583.95
31/03/2025 15:45;583.95
31/03/2025 16:00;583.95
31/03/2025 16:15;583.95
31/03/2025 16:30;583.95
31/03/2025 16:45;583.95
31/03/2025 17:00;583.95
31/03/2025 17:15;583.96
31/03/2025 17:30;583.95
31/03/2025 17:45;583.96
31/03/2025 18:00;583.95
31/03/2025 18:15;583.96
31/03/2025 18:30;583.96
31/03/2025 18:45;583.96
31/03/2025 19:00;583.96
31/03/2025 19:15;583.96
31/03/2025 19:30;583.96
31/03/2025 19:45;583.96
31/03/2025 20:00;583.96
31/03/2025 20:15;583.96
31/03/2025 20:30;583.96
31/03/2025 20:45;583.96
31/03/2025 21:00;583.96
31/03/2025 21:15;583.96
31/03/2025 21:30;583.95
31/03/2025 21:45;583.96
31/03/2025 22:00;583.96
31/03/2025 22:15;583.96
31/03/2025 22:30;583.96
31/03/2025 22:45;583.96
31/03/2025 23:00;583.96
31/03/2025 23:15;583.95
31/03/2025 23:30;583.96
31/03/2025 23:45;583.95
01/04/2025 00:00;583.96
01/04/2025 00:15;583.95
01/04/2025 00:30;583.95
01/04/2025 00:45;583.96
01/04/2025 01:00;583.96
01/04/2025 01:15;583.96
01/04/2025 01:30;583.96
01/04/2025 01:45;583.95
01/04/2025 02:00;583.95
01/04/2025 02:15;583.95
01/04/2025 02:30;583.95
01/04/2025 02:45;583.96
01/04/2025 03:00;583.94
01/04/2025 03:15;583.95
01/04/2025 03:30;583.95
01/04/2025 03:45;583.95
01/04/2025 04:00;583.95
01/04/2025 04:15;583.95
01/04/2025 04:30;583.95
01/04/2025 04:45;583.95
01/04/2025 05:00;583.95
01/04/2025 05:15;583.95
01/04/2025 05:30;583.95
01/04/2025 05:45;583.95
01/04/2025 06:00;583.95
01/04/2025 06:15;583.95
01/04/2025 06:30;583.95
01/04/2025 06:45;583.94
01/04/2025 07:00;583.94
01/04/2025 07:15;583.94
01/04/2025 07:30;583.94
01/04/2025 07:45;583.95
01/04/2025 08:00;583.94
01/04/2025 08:15;583.94
01/04/2025 08:30;583.94
01/04/2025 08:45;583.94
01/04/2025 09:00;583.94
01/04/2025 09:15;583.94
01/04/2025 09:30;583.95
01/04/2025 09:45;583.95
01/04/2025 10:00;583.95
01/04/2025 10:15;583.95
01/04/2025 10:30;583.95
01/04/2025 10:45;583.95
01/04/2025 11:00;583.96
01/04/2025 11:15;583.95
01/04/2025 11:30;583.96
01/04/2025 11:45;583.95
01/04/2025 12:00;583.95
01/04/2025 12:15;583.96
01/04/2025 12:30;583.96
01/04/2025 12:45;583.95
01/04/2025 13:00;583.96
01/04/2025 13:15;583.96
01/04/2025 13:30;583.96
01/04/2025 13:45;583.96
01/04/2025 14:00;583.96
01/04/2025 14:15;583.96
01/04/2025 14:30;583.96
01/04/2025 14:45;583.96
01/04/2025 15:00;583.96
01/04/2025 15:15;583.96
01/04/2025 15:30;583.96
01/04/2025 15:45;583.96
01/04/2025 16:00;583.96
01/04/2025 16:15;583.96
01/04/2025 16:30;583.96
01/04/2025 16:45;583.97
01/04/2025 17:00;583.97
01/04/2025 17:15;583.97
01/04/2025 17:30;583.97
01/04/2025 17:45;583.97
01/04/2025 18:00;583.97
01/04/2025 18:15;583.97
01/04/2025 18:30;583.97
01/04/2025 18:45;583.99
01/04/2025 19:00;583.99
01/04/2025 19:15;583.99
01/04/2025 19:30;583.99
01/04/2025 19:45;583.99
01/04/2025 20:00;583.97
01/04/2025 20:15;583.97
01/04/2025 20:30;583.97
01/04/2025 20:45;583.97
01/04/2025 21:00;583.97
01/04/2025 21:15;583.97
01/04/2025 21:30;583.97
01/04/2025 21:45;583.97
01/04/2025 22:00;583.96
01/04/2025 22:15;583.97
01/04/2025 22:30;583.96
01/04/2025 22:45;583.96
01/04/2025 23:00;583.96
01/04/2025 23:15;583.97
01/04/2025 23:30;583.96
01/04/2025 23:45;583.96
02/04/2025 00:00;583.96
02/04/2025 00:15;583.96
02/04/2025 00:30;583.96
02/04/2025 00:45;583.96
02/04/2025 01:00;583.96
02/04/2025 01:15;583.96
02/04/2025 01:30;583.96
02/04/2025 01:45;583.96
02/04/2025 02:00;583.97
02/04/2025 02:15;583.96
02/04/2025 02:30;583.97
02/04/2025 02:45;583.96
02/04/2025 03:00;583.97
02/04/2025 03:15;583.96
02/04/2025 03:30;583.97
02/04/2025 03:45;583.96
02/04/2025 04:00;583.97
02/04/2025 04:15;583.96
02/04/2025 04:30;583.96
02/04/2025 04:45;583.97
02/04/2025 05:00;583.96
02/04/2025 05:15;583.97
02/04/2025 05:30;583.96
02/04/2025 05:45;583.97
02/04/2025 06:00;583.96
02/04/2025 06:15;583.96
02/04/2025 06:30;583.96
02/04/2025 06:45;583.97
02/04/2025 07:00;583.97
02/04/2025 07:15;583.97
02/04/2025 07:30;583.97
02/04/2025 07:45;583.97
02/04/2025 08:00;583.96
02/04/2025 08:15;583.97
02/04/2025 08:30;583.97
02/04/2025 08:45;583.97
02/04/2025 09:00;583.96
02/04/2025 09:15;583.97
02/04/2025 09:30;583.97
02/04/2025 09:45;583.97
02/04/2025 10:00;583.97
02/04/2025 10:15;583.97
02/04/2025 10:30;583.97
02/04/2025 10:45;583.97
02/04/2025 11:00;583.97
02/04/2025 11:15;583.99
02/04/2025 11:30;583.99
02/04/2025 11:45;583.99
02/04/2025 12:00;583.99
02/04/2025 12:15;583.99
02/04/2025 12:30;583.99
02/04/2025 12:45;583.99
02/04/2025 13:00;583.99
02/04/2025 13:15;583.99
02/04/2025 13:30;583.99
02/04/2025 13:45;583.99
02/04/2025 14:00;583.99
02/04/2025 14:15;583.99
02/04/2025 14:30;583.99
02/04/2025 14:45;583.99
02/04/2025 15:00;583.99
02/04/2025 15:15;583.99
02/04/2025 15:30;583.99
02/04/2025 15:45;583.99
02/04/2025 16:00;583.99
02/04/2025 16:15;583.99
02/04/2025 16:30;584
02/04/2025 16:45;584
02/04/2025 17:00;584
02/04/2025 17:15;584
02/04/2025 17:30;583.99
02/04/2025 17:45;584
02/04/2025 18:00;584
02/04/2025 18:15;584
02/04/2025 18:30;584
02/04/2025 18:45;584
02/04/2025 19:00;584
02/04/2025 19:15;584
02/04/2025 19:30;584.01
02/04/2025 19:45;584
02/04/2025 20:00;584
02/04/2025 20:15;584.01
02/04/2025 20:30;584
02/04/2025 20:45;584.01
02/04/2025 21:00;584.01
02/04/2025 21:15;584
02/04/2025 21:30;584
02/04/2025 21:45;584.01
02/04/2025 22:00;584.01
02/04/2025 22:15;584.01
02/04/2025 22:30;584
02/04/2025 22:45;584.01
02/04/2025 23:00;584
02/04/2025 23:15;584
02/04/2025 23:30;584
02/04/2025 23:45;584.01
03/04/2025 00:00;584.01
03/04/2025 00:15;584.01
03/04/2025 00:30;584
03/04/2025 00:45;584.01
03/04/2025 01:00;584.01
03/04/2025 01:15;584.01
03/04/2025 01:30;584.01
03/04/2025 01:45;584
03/04/2025 02:00;584.01
03/04/2025 02:15;584.01
03/04/2025 02:30;584.01
03/04/2025 02:45;583.99
03/04/2025 03:00;584.01
03/04/2025 03:15;584.01
03/04/2025 03:30;584
03/04/2025 03:45;584.02
03/04/2025 04:00;584.01
03/04/2025 04:15;584.01
03/04/2025 04:30;584.01
03/04/2025 04:45;584.02
03/04/2025 05:00;584.01
03/04/2025 05:15;584.02
03/04/2025 05:30;584.01
03/04/2025 05:45;584.02
03/04/2025 06:00;584.02
03/04/2025 06:15;584.02
03/04/2025 06:30;584.02
03/04/2025 06:45;584.02
03/04/2025 07:00;584.03
03/04/2025 07:15;584.01
03/04/2025 07:30;584.02
03/04/2025 07:45;584.01
03/04/2025 08:00;584.02
03/04/2025 08:15;584.01
03/04/2025 08:30;584.02
03/04/2025 08:45;584.01
03/04/2025 09:00;584.01
03/04/2025 09:15;584.01
03/04/2025 09:30;584
03/04/2025 09:45;584.01
03/04/2025 10:00;584.01
03/04/2025 10:15;584.01
03/04/2025 10:30;584.02
03/04/2025 10:45;584.02
03/04/2025 11:00;584.02
03/04/2025 11:15;584.02
03/04/2025 11:30;584.02
03/04/2025 11:45;584.02
03/04/2025 12:00;584.02
03/04/2025 12:15;584.02
03/04/2025 12:30;584.02
03/04/2025 12:45;584.02
03/04/2025 13:00;584.03
03/04/2025 13:15;584.02
03/04/2025 13:30;584.03
03/04/2025 13:45;584.03
03/04/2025 14:00;584.03
03/04/2025 14:15;584.03
03/04/2025 14:30;584.04
03/04/2025 14:45;584.04
03/04/2025 15:00;584.04
03/04/2025 15:15;584.04
03/04/2025 15:30;584.04
03/04/2025 15:45;584.04
03/04/2025 16:00;584.04
03/04/2025 16:15;584.04
03/04/2025 16:30;584.04
03/04/2025 16:45;584.04
03/04/2025 17:00;584.04
03/04/2025 17:15;584.04
03/04/2025 17:30;584.04
03/04/2025 17:45;584.04
03/04/2025 18:00;584.04
03/04/2025 18:15;584.04
03/04/2025 18:30;584.06
03/04/2025 18:45;584.06
03/04/2025 19:00;584.04
03/04/2025 19:15;584.06
03/04/2025 19:30;584.06
03/04/2025 19:45;584.06
03/04/2025 20:00;584.06
03/04/2025 20:15;584.06
03/04/2025 20:30;584.06
03/04/2025 20:45;584.06
03/04/2025 21:00;584.06
03/04/2025 21:15;584.04
03/04/2025 21:30;584.04
03/04/2025 21:45;584.04
03/04/2025 22:00;584.06
03/04/2025 22:15;584.06
03/04/2025 22:30;584.06
03/04/2025 22:45;584.06
03/04/2025 23:00;584.06
03/04/2025 23:15;584.06
03/04/2025 23:30;584.06
03/04/2025 23:45;584.06
04/04/2025 00:00;584.06
04/04/2025 00:15;584.06
04/04/2025 00:30;584.06
04/04/2025 00:45;584.06
04/04/2025 01:00;584.06
04/04/2025 01:15;584.06
04/04/2025 01:30;584.06
04/04/2025 01:45;584.06
04/04/2025 02:00;584.06
04/04/2025 02:15;584.06
04/04/2025 02:30;584.06
04/04/2025 02:45;584.06
04/04/2025 03:00;584.06
04/04/2025 03:15;584.06
04/04/2025 03:30;584.06
04/04/2025 03:45;584.06
04/04/2025 04:00;584.07
04/04/2025 04:15;584.06
04/04/2025 04:30;584.06
04/04/2025 04:45;584.06
04/04/2025 05:00;584.06
04/04/2025 05:15;584.07
04/04/2025 05:30;584.06
04/04/2025 05:45;584.06
04/04/2025 06:00;584.06
04/04/2025 06:15;584.07
04/04/2025 06:30;584.07
04/04/2025 06:45;584.07
04/04/2025 07:00;584.07
04/04/2025 07:15;584.07
04/04/2025 07:30;584.06
04/04/2025 07:45;584.07
04/04/2025 08:00;584.07
04/04/2025 08:15;584.07
04/04/2025 08:30;584.07
04/04/2025 08:45;584.07
04/04/2025 09:00;584.07
04/04/2025 09:15;584.07
04/04/2025 09:30;584.07
04/04/2025 09:45;584.07
04/04/2025 10:00;584.08
04/04/2025 10:15;584.07
04/04/2025 10:30;584.08
04/04/2025 10:45;584.08
04/04/2025 11:00;584.08
04/04/2025 11:15;584.08
04/04/2025 11:30;584.08
04/04/2025 11:45;584.07
04/04/2025 12:00;584.09
04/04/2025 12:15;584.08
04/04/2025 12:30;584.08
04/04/2025 12:45;584.09
04/04/2025 13:00;584.09
04/04/2025 13:15;584.09
04/04/2025 13:30;584.09
04/04/2025 13:45;584.1
04/04/2025 14:00;584.09
04/04/2025 14:15;584.1
04/04/2025 14:30;584.09
04/04/2025 14:45;584.1
04/04/2025 15:00;584.09
04/04/2025 15:15;584.1
04/04/2025 15:30;584.1
04/04/2025 15:45;584.1
04/04/2025 16:00;584.1
04/04/2025 16:15;584.1
04/04/2025 16:30;584.1
04/04/2025 16:45;584.1
04/04/2025 17:00;584.11
04/04/2025 17:15;584.1
04/04/2025 17:30;584.11
04/04/2025 17:45;584.11
04/04/2025 18:00;584.1
04/04/2025 18:15;584.1
04/04/2025 18:30;584.11
04/04/2025 18:45;584.11
04/04/2025 19:00;584.11
04/04/2025 19:15;584.11
04/04/2025 19:30;584.11
04/04/2025 19:45;584.11
04/04/2025 20:00;584.11
04/04/2025 20:15;584.12
04/04/2025 20:30;584.11
04/04/2025 20:45;584.11
04/04/2025 21:00;584.11
04/04/2025 21:15;584.11
04/04/2025 21:30;584.11
04/04/2025 21:45;584.11
04/04/2025 22:00;584.11
04/04/2025 22:15;584.11
04/04/2025 22:30;584.11
04/04/2025 22:45;584.11
04/04/2025 23:00;584.11
04/04/2025 23:15;584.11
04/04/2025 23:30;584.11
04/04/2025 23:45;584.12
05/04/2025 00:00;584.12
05/04/2025 00:15;584.13
05/04/2025 00:30;584.12
05/04/2025 00:45;584.12
05/04/2025 01:00;584.12
05/04/2025 01:15;584.12
05/04/2025 01:30;584.12
05/04/2025 01:45;584.12
05/04/2025 02:00;584.12
05/04/2025 02:15;584.12
05/04/2025 02:30;584.13
05/04/2025 02:45;584.12
05/04/2025 03:00;584.13
05/04/2025 03:15;584.13
05/04/2025 03:30;584.13
05/04/2025 03:45;584.13
05/04/2025 04:00;584.13
05/04/2025 04:15;584.13
05/04/2025 04:30;584.13
05/04/2025 04:45;584.13
05/04/2025 05:00;584.13
05/04/2025 05:15;584.13
05/04/2025 05:30;584.13
05/04/2025 05:45;584.14
05/04/2025 06:00;584.14
05/04/2025 06:15;584.14
05/04/2025 06:30;584.14
05/04/2025 06:45;584.14
05/04/2025 07:00;584.14
05/04/2025 07:15;584.14
05/04/2025 07:30;584.14
05/04/2025 07:45;584.14
05/04/2025 08:00;584.14
05/04/2025 08:15;584.14
05/04/2025 08:30;584.14
05/04/2025 08:45;584.14
05/04/2025 09:00;584.14
05/04/2025 09:15;584.14
05/04/2025 09:30;584.14
05/04/2025 09:45;584.14
05/04/2025 10:00;584.15
05/04/2025 10:15;584.15
05/04/2025 10:30;584.15
05/04/2025 10:45;584.15
05/04/2025 11:00;584.15
05/04/2025 11:15;584.17
05/04/2025 11:30;584.15
05/04/2025 11:45;584.15
05/04/2025 12:00;584.17
05/04/2025 12:15;584.17
05/04/2025 12:30;584.17
05/04/2025 12:45;584.17
05/04/2025 13:00;584.17
05/04/2025 13:15;584.17
05/04/2025 13:30;584.17
05/04/2025 13:45;584.17
05/04/2025 14:00;584.17
05/04/2025 14:15;584.17
05/04/2025 14:30;584.17
05/04/2025 14:45;584.17
05/04/2025 15:00;584.17
05/04/2025 15:15;584.17
05/04/2025 15:30;584.17
05/04/2025 15:45;584.18
05/04/2025 16:00;584.17
05/04/2025 16:15;584.18
05/04/2025 16:30;584.18
05/04/2025 16:45;584.17
05/04/2025 17:00;584.17
05/04/2025 17:15;584.18
05/04/2025 17:30;584.18
05/04/2025 17:45;584.18
05/04/2025 18:00;584.18
05/04/2025 18:15;584.18
05/04/2025 18:30;584.18
05/04/2025 18:45;584.18
05/04/2025 19:00;584.18
05/04/2025 19:15;584.19
05/04/2025 19:30;584.18
05/04/2025 19:45;584.18
05/04/2025 20:00;584.19
05/04/2025 20:15;584.18
05/04/2025 20:30;584.19
05/04/2025 20:45;584.18
05/04/2025 21:00;584.18
05/04/2025 21:15;584.19
05/04/2025 21:30;584.18
05/04/2025 21:45;584.18
05/04/2025 22:00;584.18
05/04/2025 22:15;584.18
05/04/2025 22:30;584.18
05/04/2025 22:45;584.18
05/04/2025 23:00;584.18
05/04/2025 23:15;584.18
05/04/2025 23:30;584.18
05/04/2025 23:45;584.18
06/04/2025 00:00;584.18
06/04/2025 00:15;584.18
06/04/2025 00:30;584.18
06/04/2025 00:45;584.18
06/04/2025 01:00;584.18
06/04/2025 01:15;584.18
06/04/2025 01:30;584.18
06/04/2025 01:45;584.18
06/04/2025 02:00;584.18
06/04/2025 02:15;584.18
06/04/2025 02:30;584.18
06/04/2025 02:45;584.18
06/04/2025 03:00;584.19
06/04/2025 03:15;584.18
06/04/2025 03:30;584.19
06/04/2025 03:45;584.19
06/04/2025 04:00;584.19
06/04/2025 04:15;584.19
06/04/2025 04:30;584.19
06/04/2025 04:45;584.19
06/04/2025 05:00;584.19
06/04/2025 05:15;584.19
06/04/2025 05:30;584.2
06/04/2025 05:45;584.2
06/04/2025 06:00;584.2
06/04/2025 06:15;584.2
06/04/2025 06:30;584.2
06/04/2025 06:45;584.2
06/04/2025 07:00;584.2
06/04/2025 07:15;584.2
06/04/2025 07:30;584.2
06/04/2025 07:45;584.2
06/04/2025 08:00;584.2
06/04/2025 08:15;584.21
06/04/2025 08:30;584.21
06/04/2025 08:45;584.21
06/04/2025 09:00;584.21
06/04/2025 09:15;584.21
06/04/2025 09:30;584.21
06/04/2025 09:45;584.21
06/04/2025 10:00;584.21
06/04/2025 10:15;584.22
06/04/2025 10:30;584.22
06/04/2025 10:45;584.22
06/04/2025 11:00;584.22
06/04/2025 11:15;584.21
06/04/2025 11:30;584.22
06/04/2025 11:45;584.22
06/04/2025 12:00;584.22
06/04/2025 12:15;584.22
06/04/2025 12:30;584.22
06/04/2025 12:45;584.22
06/04/2025 13:00;584.22
06/04/2025 13:15;584.22
06/04/2025 13:30;584.22
06/04/2025 13:45;584.22
06/04/2025 14:00;584.22
06/04/2025 14:15;584.22
06/04/2025 14:30;584.22
06/04/2025 14:45;584.22
06/04/2025 15:00;584.22
06/04/2025 15:15;584.22
06/04/2025 15:30;584.22
06/04/2025 15:45;584.22
06/04/2025 16:00;584.24
06/04/2025 16:15;584.24
06/04/2025 16:30;584.24
06/04/2025 16:45;584.24
06/04/2025 17:00;584.24
06/04/2025 17:15;584.24
06/04/2025 17:30;584.24
06/04/2025 17:45;584.24
06/04/2025 18:00;584.24
06/04/2025 18:15;584.24
06/04/2025 18:30;584.24
06/04/2025 18:45;584.24
06/04/2025 19:00;584.25
06/04/2025 19:15;584.24
06/04/2025 19:30;584.25
06/04/2025 19:45;584.25
06/04/2025 20:00;584.25
06/04/2025 20:15;584.25
06/04/2025 20:30;584.25
06/04/2025 20:45;584.25
06/04/2025 21:00;584.25
06/04/2025 21:15;584.25
06/04/2025 21:30;584.25
06/04/2025 21:45;584.25
06/04/2025 22:00;584.24
06/04/2025 22:15;584.25
06/04/2025 22:30;584.24
06/04/2025 22:45;584.25
06/04/2025 23:00;584.24
06/04/2025 23:15;584.24
06/04/2025 23:30;584.24
06/04/2025 23:45;584.24
07/04/2025 00:00;584.24
07/04/2025 00:15;584.24
07/04/2025 00:30;584.24
07/04/2025 00:45;584.24
07/04/2025 01:00;584.24
07/04/2025 01:15;584.24
07/04/2025 01:30;584.24
07/04/2025 01:45;584.24
07/04/2025 02:00;584.24
07/04/2025 02:15;584.24
07/04/2025 02:30;584.24
07/04/2025 02:45;584.24
07/04/2025 03:00;584.24
07/04/2025 03:15;584.24
07/04/2025 03:30;584.24
07/04/2025 03:45;584.24
07/04/2025 04:00;584.24
07/04/2025 04:15;584.24
07/04/2025 04:30;584.24
07/04/2025 04:45;584.24
07/04/2025 05:00;584.24
07/04/2025 05:15;584.24
07/04/2025 05:30;584.24
07/04/2025 05:45;584.24
07/04/2025 06:00;584.24
07/04/2025 06:15;584.24
07/04/2025 06:30;584.24
07/04/2025 06:45;584.24
07/04/2025 07:00;584.24
07/04/2025 07:15;584.22
07/04/2025 07:30;584.22
07/04/2025 07:45;584.24
07/04/2025 08:00;584.22
07/04/2025 08:15;584.22
07/04/2025 08:30;584.22
07/04/2025 08:45;584.24
07/04/2025 09:00;584.22
07/04/2025 09:15;584.22
07/04/2025 09:30;584.22
07/04/2025 09:45;584.22
07/04/2025 10:00;584.22
07/04/2025 10:15;584.24
07/04/2025 10:30;584.22
07/04/2025 10:45;584.22
07/04/2025 11:00;584.24
07/04/2025 11:15;584.24
07/04/2025 11:30;584.24
07/04/2025 11:45;584.24
07/04/2025 12:00;584.24
07/04/2025 12:15;584.24
07/04/2025 12:30;584.24
07/04/2025 12:45;584.24
07/04/2025 13:00;584.25
07/04/2025 13:15;584.25
07/04/2025 13:30;584.25
07/04/2025 13:45;584.25
07/04/2025 14:00;584.25
07/04/2025 14:15;584.25
07/04/2025 14:30;584.25
07/04/2025 14:45;584.25
07/04/2025 15:00;584.25
07/04/2025 15:15;584.25
07/04/2025 15:30;584.25
07/04/2025 15:45;584.25
07/04/2025 16:00;584.25
07/04/2025 16:15;584.25
07/04/2025 16:30;584.25
07/04/2025 16:45;584.25
07/04/2025 17:00;584.26
07/04/2025 17:15;584.26
07/04/2025 17:30;584.26
07/04/2025 17:45;584.25
07/04/2025 18:00;584.26
07/04/2025 18:15;584.25
07/04/2025 18:30;584.26
07/04/2025 18:45;584.25
07/04/2025 19:00;584.25
07/04/2025 19:15;584.26
07/04/2025 19:30;584.26
07/04/2025 19:45;584.25
07/04/2025 20:00;584.25
07/04/2025 20:15;584.25
07/04/2025 20:30;584.25
07/04/2025 20:45;584.25
07/04/2025 21:00;584.25
07/04/2025 21:15;584.25
07/04/2025 21:30;584.25
07/04/2025 21:45;584.25
07/04/2025 22:00;584.25
07/04/2025 22:15;584.25
07/04/2025 22:30;584.25
07/04/2025 22:45;584.25
07/04/2025 23:00;584.25
07/04/2025 23:15;584.25
07/04/2025 23:30;584.25
07/04/2025 23:45;584.25
08/04/2025 00:00;584.25
08/04/2025 00:15;584.25
08/04/2025 00:30;584.25
08/04/2025 00:45;584.25
08/04/2025 01:00;584.25
08/04/2025 01:15;584.25
08/04/2025 01:30;584.25
08/04/2025 01:45;584.25
08/04/2025 02:00;584.25
08/04/2025 02:15;584.25
08/04/2025 02:30;584.25
08/04/2025 02:45;584.25
08/04/2025 03:00;584.24
08/04/2025 03:15;584.24
08/04/2025 03:30;584.24
08/04/2025 03:45;584.24
08/04/2025 04:00;584.24
08/04/2025 04:15;584.24
08/04/2025 04:30;584.24
08/04/2025 04:45;584.24
08/04/2025 05:00;584.24
08/04/2025 05:15;584.24
08/04/2025 05:30;584.24
08/04/2025 05:45;584.24
08/04/2025 06:00;584.24
08/04/2025 06:15;584.24
08/04/2025 06:30;584.24
08/04/2025 06:45;584.22
08/04/2025 07:00;584.24
08/04/2025 07:15;584.22
08/04/2025 07:30;584.22
08/04/2025 07:45;584.22
08/04/2025 08:00;584.22
08/04/2025 08:15;584.22
08/04/2025 08:30;584.22
08/04/2025 08:45;584.24
08/04/2025 09:00;584.22
08/04/2025 09:15;584.24
08/04/2025 09:30;584.22
08/04/2025 09:45;584.22
08/04/2025 10:00;584.22
08/04/2025 10:15;584.22
08/04/2025 10:30;584.22
08/04/2025 10:45;584.22
08/04/2025 11:00;584.22
08/04/2025 11:15;584.22
08/04/2025 11:30;584.22
08/04/2025 11:45;584.24
08/04/2025 12:00;584.24
08/04/2025 12:15;584.24
08/04/2025 12:30;584.24
08/04/2025 12:45;584.24
08/04/2025 13:00;584.24
08/04/2025 13:15;584.24
08/04/2025 13:30;584.24
08/04/2025 13:45;584.24
08/04/2025 14:00;584.25
08/04/2025 14:15;584.24
08/04/2025 14:30;584.25
08/04/2025 14:45;584.25
08/04/2025 15:00;584.25
08/04/2025 15:15;584.25
08/04/2025 15:30;584.25
08/04/2025 15:45;584.25
08/04/2025 16:00;584.25
08/04/2025 16:15;584.25
08/04/2025 16:30;584.25
08/04/2025 16:45;584.25
08/04/2025 17:00;584.25
08/04/2025 17:15;584.25
08/04/2025 17:30;584.25
08/04/2025 17:45;584.25
08/04/2025 18:00;584.25
08/04/2025 18:15;584.25
08/04/2025 18:30;584.25
08/04/2025 18:45;584.25
08/04/2025 19:00;584.26
08/04/2025 19:15;584.26
08/04/2025 19:30;584.26
08/04/2025 19:45;584.26
08/04/2025 20:00;584.26
08/04/2025 20:15;584.26
08/04/2025 20:30;584.26
08/04/2025 20:45;584.26
08/04/2025 21:00;584.25
08/04/2025 21:15;584.25
08/04/2025 21:30;584.25
08/04/2025 21:45;584.25
08/04/2025 22:00;584.25
08/04/2025 22:15;584.25
08/04/2025 22:30;584.25
08/04/2025 22:45;584.25
08/04/2025 23:00;584.25
08/04/2025 23:15;584.25
08/04/2025 23:30;584.25
08/04/2025 23:45;584.25
09/04/2025 00:00;584.25
09/04/2025 00:15;584.25
09/04/2025 00:30;584.25
09/04/2025 00:45;584.25
09/04/2025 01:00;584.25
09/04/2025 01:15;584.25
09/04/2025 01:30;584.25
09/04/2025 01:45;584.25
09/04/2025 02:00;584.25
09/04/2025 02:15;584.25
09/04/2025 02:30;584.25
09/04/2025 02:45;584.25
09/04/2025 03:00;584.25
09/04/2025 03:15;584.25
09/04/2025 03:30;584.25
09/04/2025 03:45;584.25
09/04/2025 04:00;584.25
09/04/2025 04:15;584.25
09/04/2025 04:30;584.25
09/04/2025 04:45;584.25
09/04/2025 05:00;584.25
09/04/2025 05:15;584.25
09/04/2025 05:30;584.25
09/04/2025 05:45;584.25
09/04/2025 06:00;584.25
09/04/2025 06:15;584.25
09/04/2025 06:30;584.25
09/04/2025 06:45;584.25
09/04/2025 07:00;584.25
09/04/2025 07:15;584.25
09/04/2025 07:30;584.24
09/04/2025 07:45;584.25
09/04/2025 08:00;584.24
09/04/2025 08:15;584.24
09/04/2025 08:30;584.24
09/04/2025 08:45;584.24
09/04/2025 09:00;584.24
09/04/2025 09:15;584.24
09/04/2025 09:30;584.24
09/04/2025 09:45;584.24
09/04/2025 10:00;584.24
09/04/2025 10:15;584.25
09/04/2025 10:30;584.24
09/04/2025 10:45;584.25
09/04/2025 11:00;584.25
09/04/2025 11:15;584.25
09/04/2025 11:30;584.25
09/04/2025 11:45;584.25
09/04/2025 12:00;584.25
09/04/2025 12:15;584.25
09/04/2025 12:30;584.25
09/04/2025 12:45;584.25
09/04/2025 13:00;584.25
09/04/2025 13:15;584.25
09/04/2025 13:30;584.25
09/04/2025 13:45;584.25
09/04/2025 14:00;584.25
09/04/2025 14:15;584.25
09/04/2025 14:30;584.25
09/04/2025 14:45;584.25
09/04/2025 15:00;584.25
09/04/2025 15:15;584.25
09/04/2025 15:30;584.25
09/04/2025 15:45;584.25
09/04/2025 16:00;584.26
09/04/2025 16:15;584.26
09/04/2025 16:30;584.26
09/04/2025 16:45;584.26
09/04/2025 17:00;584.26
09/04/2025 17:15;584.26
09/04/2025 17:30;584.26
09/04/2025 17:45;584.27
09/04/2025 18:00;584.26
09/04/2025 18:15;584.26
09/04/2025 18:30;584.27
09/04/2025 18:45;584.27
09/04/2025 19:00;584.26
09/04/2025 19:15;584.27
09/04/2025 19:30;584.27
09/04/2025 19:45;584.26
09/04/2025 20:00;584.27
09/04/2025 20:15;584.26
09/04/2025 20:30;584.27
09/04/2025 20:45;584.26
09/04/2025 21:00;584.26
09/04/2025 21:15;584.26
09/04/2025 21:30;584.26
09/04/2025 21:45;584.26
09/04/2025 22:00;584.26
09/04/2025 22:15;584.26
09/04/2025 22:30;584.26
09/04/2025 22:45;584.26
09/04/2025 23:00;584.25
09/04/2025 23:15;584.25
09/04/2025 23:30;584.25
09/04/2025 23:45;584.25
10/04/2025 00:00;584.25
10/04/2025 00:15;584.26
10/04/2025 00:30;584.26
10/04/2025 00:45;584.25
10/04/2025 01:00;584.25
10/04/2025 01:15;584.25
10/04/2025 01:30;584.26
10/04/2025 01:45;584.26
10/04/2025 02:00;584.25
10/04/2025 02:15;584.25
10/04/2025 02:30;584.26
10/04/2025 02:45;584.25
10/04/2025 03:00;584.26
10/04/2025 03:15;584.25
10/04/2025 03:30;584.26
10/04/2025 03:45;584.25
10/04/2025 04:00;584.26
10/04/2025 04:15;584.25
10/04/2025 04:30;584.26
10/04/2025 04:45;584.25
10/04/2025 05:00;584.26
10/04/2025 05:15;584.26
10/04/2025 05:30;584.26
10/04/2025 05:45;584.26
10/04/2025 06:00;584.25
10/04/2025 06:15;584.26
10/04/2025 06:30;584.26
10/04/2025 06:45;584.26
10/04/2025 07:00;584.26
10/04/2025 07:15;584.26
10/04/2025 07:30;584.26
10/04/2025 07:45;584.25
10/04/2025 08:00;584.26
10/04/2025 08:15;584.26
10/04/2025 08:30;584.26
10/04/2025 08:45;584.26
10/04/2025 09:00;584.26
10/04/2025 09:15;584.26
10/04/2025 09:30;584.26
10/04/2025 09:45;584.26
10/04/2025 10:00;584.26
10/04/2025 10:15;584.26
10/04/2025 10:30;584.26
10/04/2025 10:45;584.26
10/04/2025 11:00;584.26
10/04/2025 11:15;584.26
10/04/2025 11:30;584.26
10/04/2025 11:45;584.26
10/04/2025 12:00;584.26
10/04/2025 12:15;584.26
10/04/2025 12:30;584.26
10/04/2025 12:45;584.26
10/04/2025 13:00;584.26
10/04/2025 13:15;584.26
10/04/2025 13:30;584.27
10/04/2025 13:45;584.27
10/04/2025 14:00;584.27
10/04/2025 14:15;584.27
10/04/2025 14:30;584.27
10/04/2025 14:45;584.27
10/04/2025 15:00;584.28
10/04/2025 15:15;584.28
10/04/2025 15:30;584.28
10/04/2025 15:45;584.27
10/04/2025 16:00;584.27
10/04/2025 16:15;584.27
10/04/2025 16:30;584.27
10/04/2025 16:45;584.28
10/04/2025 17:00;584.27
10/04/2025 17:15;584.27
10/04/2025 17:30;584.28
10/04/2025 17:45;584.28
10/04/2025 18:00;584.28
10/04/2025 18:15;584.27
10/04/2025 18:30;584.29
10/04/2025 18:45;584.28
10/04/2025 19:00;584.28
10/04/2025 19:15;584.29
10/04/2025 19:30;584.29
10/04/2025 19:45;584.29
10/04/2025 20:00;584.28
10/04/2025 20:15;584.28
10/04/2025 20:30;584.29
10/04/2025 20:45;584.29
10/04/2025 21:00;584.29
10/04/2025 21:15;584.29
10/04/2025 21:30;584.28
10/04/2025 21:45;584.29
10/04/2025 22:00;584.28
10/04/2025 22:15;584.27
10/04/2025 22:30;584.27
10/04/2025 22:45;584.28
10/04/2025 23:00;584.28
10/04/2025 23:15;584.27
10/04/2025 23:30;584.28
10/04/2025 23:45;584.28
11/04/2025 00:00;584.28
11/04/2025 00:15;584.29
11/04/2025 00:30;584.27
11/04/2025 00:45;584.29
11/04/2025 01:00;584.27
11/04/2025 01:15;584.28
11/04/2025 01:30;584.28
11/04/2025 01:45;584.28
11/04/2025 02:00;584.28
11/04/2025 02:15;584.29
11/04/2025 02:30;584.29
11/04/2025 02:45;584.29
11/04/2025 03:00;584.28
11/04/2025 03:15;584.29
11/04/2025 03:30;584.28
11/04/2025 03:45;584.28
11/04/2025 04:00;584.28
11/04/2025 04:15;584.28
11/04/2025 04:30;584.28
11/04/2025 04:45;584.29
11/04/2025 05:00;584.3
11/04/2025 05:15;584.29
11/04/2025 05:30;584.29
11/04/2025 05:45;584.29
11/04/2025 06:00;584.29
11/04/2025 06:15;584.29
11/04/2025 06:30;584.3
11/04/2025 06:45;584.3
11/04/2025 07:00;584.29
11/04/2025 07:15;584.3
11/04/2025 07:30;584.29
11/04/2025 07:45;584.3
11/04/2025 08:00;584.3
11/04/2025 08:15;584.29
11/04/2025 08:30;584.29
11/04/2025 08:45;584.29
11/04/2025 09:00;584.29
11/04/2025 09:15;584.29
11/04/2025 09:30;584.3
11/04/2025 09:45;584.29
11/04/2025 10:00;584.3
11/04/2025 10:15;584.29
11/04/2025 10:30;584.3
11/04/2025 10:45;584.29
11/04/2025 11:00;584.3
11/04/2025 11:15;584.29
11/04/2025 11:30;584.3
11/04/2025 11:45;584.3
11/04/2025 12:00;584.3
11/04/2025 12:15;584.3
11/04/2025 12:30;584.3
11/04/2025 12:45;584.3
11/04/2025 13:00;584.3
11/04/2025 13:15;584.3
11/04/2025 13:30;584.3
11/04/2025 13:45;584.3
11/04/2025 14:00;584.3
11/04/2025 14:15;584.3
11/04/2025 14:30;584.3
11/04/2025 14:45;584.3
11/04/2025 15:00;584.3
11/04/2025 15:15;584.3
11/04/2025 15:30;584.3
11/04/2025 15:45;584.3
11/04/2025 16:00;584.31
11/04/2025 16:15;584.3
11/04/2025 16:30;584.31
11/04/2025 16:45;584.31
11/04/2025 17:00;584.31
11/04/2025 17:15;584.31
11/04/2025 17:30;584.31
11/04/2025 17:45;584.31
11/04/2025 18:00;584.31
11/04/2025 18:15;584.31
11/04/2025 18:30;584.31
11/04/2025 18:45;584.31
11/04/2025 19:00;584.32
11/04/2025 19:15;584.31
11/04/2025 19:30;584.32
11/04/2025 19:45;584.31
11/04/2025 20:00;584.32
11/04/2025 20:15;584.31
11/04/2025 20:30;584.31
11/04/2025 20:45;584.3
11/04/2025 21:00;584.3
11/04/2025 21:15;584.3
11/04/2025 21:30;584.3
11/04/2025 21:45;584.29
11/04/2025 22:00;584.29
11/04/2025 22:15;584.29
11/04/2025 22:30;584.28
11/04/2025 22:45;584.28
11/04/2025 23:00;584.29
11/04/2025 23:15;584.29
11/04/2025 23:30;584.28
11/04/2025 23:45;584.28
12/04/2025 00:00;584.29
12/04/2025 00:15;584.29
12/04/2025 00:30;584.28
12/04/2025 00:45;584.29
12/04/2025 01:00;584.29
12/04/2025 01:15;584.28
12/04/2025 01:30;584.29
12/04/2025 01:45;584.29
12/04/2025 02:00;584.29
12/04/2025 02:15;584.3
12/04/2025 02:30;584.29
12/04/2025 02:45;584.3
12/04/2025 03:00;584.29
12/04/2025 03:15;584.29
12/04/2025 03:30;584.29
12/04/2025 03:45;584.29
12/04/2025 04:00;584.29
12/04/2025 04:15;584.29
12/04/2025 04:30;584.3
12/04/2025 04:45;584.29
12/04/2025 05:00;584.29
12/04/2025 05:15;584.29
12/04/2025 05:30;584.29
12/04/2025 05:45;584.29
12/04/2025 06:00;584.29
12/04/2025 06:15;584.29
12/04/2025 06:30;584.29
12/04/2025 06:45;584.29
12/04/2025 07:00;584.29
12/04/2025 07:15;584.29
12/04/2025 07:30;584.29
12/04/2025 07:45;584.3
12/04/2025 08:00;584.29
12/04/2025 08:15;584.29
12/04/2025 08:30;584.29
12/04/2025 08:45;584.29
12/04/2025 09:00;584.29
12/04/2025 09:15;584.29
12/04/2025 09:30;584.29
12/04/2025 09:45;584.29
12/04/2025 10:00;584.29
12/04/2025 10:15;584.29
12/04/2025 10:30;584.29
12/04/2025 10:45;584.29
12/04/2025 11:00;584.3
12/04/2025 11:15;584.29
12/04/2025 11:30;584.29
12/04/2025 11:45;584.29
12/04/2025 12:00;584.3
12/04/2025 12:15;584.3
12/04/2025 12:30;584.3
12/04/2025 12:45;584.3
12/04/2025 13:00;584.3
12/04/2025 13:15;584.3
12/04/2025 13:30;584.3
12/04/2025 13:45;584.3
12/04/2025 14:00;584.3
12/04/2025 14:15;584.31
12/04/2025 14:30;584.31
12/04/2025 14:45;584.3
12/04/2025 15:00;584.3
12/04/2025 15:15;584.31
12/04/2025 15:30;584.31
12/04/2025 15:45;584.31
12/04/2025 16:00;584.31
12/04/2025 16:15;584.31
12/04/2025 16:30;584.31
12/04/2025 16:45;584.31
12/04/2025 17:00;584.31
12/04/2025 17:15;584.31
12/04/2025 17:30;584.32
12/04/2025 17:45;584.31
12/04/2025 18:00;584.32
12/04/2025 18:15;584.32
12/04/2025 18:30;584.32
12/04/2025 18:45;584.32
12/04/2025 19:00;584.32
12/04/2025 19:15;584.32
12/04/2025 19:30;584.32
12/04/2025 19:45;584.32
12/04/2025 20:00;584.31
12/04/2025 20:15;584.32
12/04/2025 20:30;584.31
12/04/2025 20:45;584.32
12/04/2025 21:00;584.31
12/04/2025 21:15;584.32
12/04/2025 21:30;584.32
12/04/2025 21:45;584.32
12/04/2025 22:00;584.32
12/04/2025 22:15;584.31
12/04/2025 22:30;584.32
12/04/2025 22:45;584.32
12/04/2025 23:00;584.32
12/04/2025 23:15;584.32
12/04/2025 23:30;584.32
12/04/2025 23:45;584.32
13/04/2025 00:00;584.32
13/04/2025 00:15;584.32
13/04/2025 00:30;584.32
13/04/2025 00:45;584.32
13/04/2025 01:00;584.32
13/04/2025 01:15;584.32
13/04/2025 01:30;584.32
13/04/2025 01:45;584.32
13/04/2025 02:00;584.33
13/04/2025 02:15;584.33
13/04/2025 02:30;584.33
13/04/2025 02:45;584.33
13/04/2025 03:00;584.33
13/04/2025 03:15;584.32
13/04/2025 03:30;584.33
13/04/2025 03:45;584.33
13/04/2025 04:00;584.33
13/04/2025 04:15;584.35
13/04/2025 04:30;584.32
13/04/2025 04:45;584.33
13/04/2025 05:00;584.33
13/04/2025 05:15;584.33
13/04/2025 05:30;584.33
13/04/2025 05:45;584.33
13/04/2025 06:00;584.35
13/04/2025 06:15;584.35
13/04/2025 06:30;584.33
13/04/2025 06:45;584.35
13/04/2025 07:00;584.35
13/04/2025 07:15;584.35
13/04/2025 07:30;584.35
13/04/2025 07:45;584.35
13/04/2025 08:00;584.35
13/04/2025 08:15;584.35
13/04/2025 08:30;584.35
13/04/2025 08:45;584.35
13/04/2025 09:00;584.35
13/04/2025 09:15;584.35
13/04/2025 09:30;584.35
13/04/2025 09:45;584.36
13/04/2025 10:00;584.36
13/04/2025 10:15;584.36
13/04/2025 10:30;584.36
13/04/2025 10:45;584.36
13/04/2025 11:00;584.36
13/04/2025 11:15;584.37
13/04/2025 11:30;584.37
13/04/2025 11:45;584.37
13/04/2025 12:00;584.37
13/04/2025 12:15;584.37
13/04/2025 12:30;584.37
13/04/2025 12:45;584.37
13/04/2025 13:00;584.38
13/04/2025 13:15;584.38
13/04/2025 13:30;584.38
13/04/2025 13:45;584.38
13/04/2025 14:00;584.37
13/04/2025 14:15;584.38
13/04/2025 14:30;584.39
13/04/2025 14:45;584.39
13/04/2025 15:00;584.39
13/04/2025 15:15;584.38
13/04/2025 15:30;584.38
13/04/2025 15:45;584.38
13/04/2025 16:00;584.39
13/04/2025 16:15;584.39
13/04/2025 16:30;584.39
13/04/2025 16:45;584.4
13/04/2025 17:00;584.4
13/04/2025 17:15;584.39
13/04/2025 17:30;584.39
13/04/2025 17:45;584.4
13/04/2025 18:00;584.39
13/04/2025 18:15;584.4
13/04/2025 18:30;584.39
13/04/2025 18:45;584.4
13/04/2025 19:00;584.4
13/04/2025 19:15;584.4
13/04/2025 19:30;584.4
13/04/2025 19:45;584.4
13/04/2025 20:00;584.4
13/04/2025 20:15;584.4
13/04/2025 20:30;584.4
13/04/2025 20:45;584.4
13/04/2025 21:00;584.4
13/04/2025 21:15;584.39
13/04/2025 21:30;584.4
13/04/2025 21:45;584.39
13/04/2025 22:00;584.38
13/04/2025 22:15;584.39
13/04/2025 22:30;584.39
13/04/2025 22:45;584.38
13/04/2025 23:00;584.37
13/04/2025 23:15;584.38
13/04/2025 23:30;584.38
13/04/2025 23:45;584.38
14/04/2025 00:00;584.38
14/04/2025 00:15;584.37
14/04/2025 00:30;584.38
14/04/2025 00:45;584.37
14/04/2025 01:00;584.38
14/04/2025 01:15;584.39
14/04/2025 01:30;584.39
14/04/2025 01:45;584.38
14/04/2025 02:00;584.39
14/04/2025 02:15;584.39
14/04/2025 02:30;584.39
14/04/2025 02:45;584.39
14/04/2025 03:00;584.39
14/04/2025 03:15;584.39
14/04/2025 03:30;584.39
14/04/2025 03:45;584.38
14/04/2025 04:00;584.39
14/04/2025 04:15;584.39
14/04/2025 04:30;584.38
14/04/2025 04:45;584.38
14/04/2025 05:00;584.39
14/04/2025 05:15;584.39
14/04/2025 05:30;584.38
14/04/2025 05:45;584.39
14/04/2025 06:00;584.39
14/04/2025 06:15;584.39
14/04/2025 06:30;584.39
14/04/2025 06:45;584.38
14/04/2025 07:00;584.39
14/04/2025 07:15;584.4
14/04/2025 07:30;584.39
14/04/2025 07:45;584.39
14/04/2025 08:00;584.39
14/04/2025 08:15;584.39
14/04/2025 08:30;584.39
14/04/2025 08:45;584.38
14/04/2025 09:00;584.39
14/04/2025 09:15;584.39
14/04/2025 09:30;584.4
14/04/2025 09:45;584.38
14/04/2025 10:00;584.38
14/04/2025 10:15;584.4
14/04/2025 10:30;584.39
14/04/2025 10:45;584.39
14/04/2025 11:00;584.38
14/04/2025 11:15;584.4
14/04/2025 11:30;584.4
14/04/2025 11:45;584.39
14/04/2025 12:00;584.39
14/04/2025 12:15;584.39
14/04/2025 12:30;584.4
14/04/2025 12:45;584.4
14/04/2025 13:00;584.39
14/04/2025 13:15;584.39
14/04/2025 13:30;584.4
14/04/2025 13:45;584.39
14/04/2025 14:00;584.4
14/04/2025 14:15;584.4
14/04/2025 14:30;584.4
14/04/2025 14:45;584.4
14/04/2025 15:00;584.4
14/04/2025 15:15;584.4
14/04/2025 15:30;584.4
14/04/2025 15:45;584.4
14/04/2025 16:00;584.4
14/04/2025 16:15;584.4
14/04/2025 16:30;584.42
14/04/2025 16:45;584.4
14/04/2025 17:00;584.42
14/04/2025 17:15;584.42
14/04/2025 17:30;584.42
14/04/2025 17:45;584.42
14/04/2025 18:00;584.42
14/04/2025 18:15;584.43
14/04/2025 18:30;584.42
14/04/2025 18:45;584.43
14/04/2025 19:00;584.42
14/04/2025 19:15;584.43
14/04/2025 19:30;584.43
14/04/2025 19:45;584.43
14/04/2025 20:00;584.43
14/04/2025 20:15;584.43
14/04/2025 20:30;584.43
14/04/2025 20:45;584.43
14/04/2025 21:00;584.43
14/04/2025 21:15;584.43
14/04/2025 21:30;584.43
14/04/2025 21:45;584.43
14/04/2025 22:00;584.43
14/04/2025 22:15;584.43
14/04/2025 22:30;584.43
14/04/2025 22:45;584.43
14/04/2025 23:00;584.43
14/04/2025 23:15;584.43
14/04/2025 23:30;584.43
14/04/2025 23:45;584.43
15/04/2025 00:00;584.43
15/04/2025 00:15;584.43
15/04/2025 00:30;584.44
15/04/2025 00:45;584.44
15/04/2025 01:00;584.44
15/04/2025 01:15;584.44
15/04/2025 01:30;584.44
15/04/2025 01:45;584.44
15/04/2025 02:00;584.44
15/04/2025 02:15;584.45
15/04/2025 02:30;584.45
15/04/2025 02:45;584.45
15/04/2025 03:00;584.44
15/04/2025 03:15;584.45
15/04/2025 03:30;584.44
15/04/2025 03:45;584.45
15/04/2025 04:00;584.45
15/04/2025 04:15;584.45
15/04/2025 04:30;584.45
15/04/2025 04:45;584.45
15/04/2025 05:00;584.46
15/04/2025 05:15;584.46
15/04/2025 05:30;584.46
15/04/2025 05:45;584.47
15/04/2025 06:00;584.47
15/04/2025 06:15;584.47
15/04/2025 06:30;584.48
15/04/2025 06:45;584.48
15/04/2025 07:00;584.48
15/04/2025 07:15;584.48
15/04/2025 07:30;584.48
15/04/2025 07:45;584.48
15/04/2025 08:00;584.48
15/04/2025 08:15;584.49
15/04/2025 08:30;584.49
15/04/2025 08:45;584.49
15/04/2025 09:00;584.49
15/04/2025 09:15;584.49
15/04/2025 09:30;584.5
15/04/2025 09:45;584.5
15/04/2025 10:00;584.5
15/04/2025 10:15;584.51
15/04/2025 10:30;584.5
15/04/2025 10:45;584.51
15/04/2025 11:00;584.51
15/04/2025 11:15;584.53
15/04/2025 11:30;584.53
15/04/2025 11:45;584.53
15/04/2025 12:00;584.54
15/04/2025 12:15;584.54
15/04/2025 12:30;584.55
15/04/2025 12:45;584.56
15/04/2025 13:00;584.57
15/04/2025 13:15;584.58
15/04/2025 13:30;584.58
15/04/2025 13:45;584.58
15/04/2025 14:00;584.58
15/04/2025 14:15;584.6
15/04/2025 14:30;584.6
15/04/2025 14:45;584.61
15/04/2025 15:00;584.61
15/04/2025 15:15;584.62
15/04/2025 15:30;584.62
15/04/2025 15:45;584.62
15/04/2025 16:00;584.63
15/04/2025 16:15;584.65
15/04/2025 16:30;584.65
15/04/2025 16:45;584.64
15/04/2025 17:00;584.65
15/04/2025 17:15;584.66
15/04/2025 17:30;584.65
15/04/2025 17:45;584.66
15/04/2025 18:00;584.68
15/04/2025 18:15;584.66
15/04/2025 18:30;584.67
15/04/2025 18:45;584.68
15/04/2025 19:00;584.68
15/04/2025 19:15;584.69
15/04/2025 19:30;584.68
15/04/2025 19:45;584.69
15/04/2025 20:00;584.69
15/04/2025 20:15;584.71
15/04/2025 20:30;584.71
15/04/2025 20:45;584.71
15/04/2025 21:00;584.71
15/04/2025 21:15;584.71
15/04/2025 21:30;584.72
15/04/2025 21:45;584.73
15/04/2025 22:00;584.72
15/04/2025 22:15;584.73
15/04/2025 22:30;584.74
15/04/2025 22:45;584.74
15/04/2025 23:00;584.74
15/04/2025 23:15;584.74
15/04/2025 23:30;584.75
15/04/2025 23:45;584.74
16/04/2025 00:00;584.75
16/04/2025 00:15;584.76
16/04/2025 00:30;584.76
16/04/2025 00:45;584.76
16/04/2025 01:00;584.78
16/04/2025 01:15;584.78
16/04/2025 01:30;584.79
16/04/2025 01:45;584.78
16/04/2025 02:00;584.79
16/04/2025 02:15;584.79
16/04/2025 02:30;584.79
16/04/2025 02:45;584.79
16/04/2025 03:00;584.79
16/04/2025 03:15;584.79
16/04/2025 03:30;584.8
16/04/2025 03:45;584.8
16/04/2025 04:00;584.8
16/04/2025 04:15;584.81
16/04/2025 04:30;584.81
16/04/2025 04:45;584.81
16/04/2025 05:00;584.82
16/04/2025 05:15;584.82
16/04/2025 05:30;584.82
16/04/2025 05:45;584.83
16/04/2025 06:00;584.83
16/04/2025 06:15;584.83
16/04/2025 06:30;584.83
16/04/2025 06:45;584.84
16/04/2025 07:00;584.84
16/04/2025 07:15;584.84
16/04/2025 07:30;584.84
16/04/2025 07:45;584.85
16/04/2025 08:00;584.85
16/04/2025 08:15;584.85
16/04/2025 08:30;584.86
16/04/2025 08:45;584.86
16/04/2025 09:00;584.86
16/04/2025 09:15;584.86
16/04/2025 09:30;584.87
16/04/2025 09:45;584.87
16/04/2025 10:00;584.87
16/04/2025 10:15;584.87
16/04/2025 10:30;584.87
16/04/2025 10:45;584.87
16/04/2025 11:00;584.89
16/04/2025 11:15;584.87
16/04/2025 11:30;584.87
16/04/2025 11:45;584.89
16/04/2025 12:00;584.89
16/04/2025 12:15;584.89
16/04/2025 12:30;584.89
16/04/2025 12:45;584.89
16/04/2025 13:00;584.89
16/04/2025 13:15;584.89
16/04/2025 13:30;584.89
16/04/2025 13:45;584.9
16/04/2025 14:00;584.91
16/04/2025 14:15;584.91
16/04/2025 14:30;584.9
16/04/2025 14:45;584.91
16/04/2025 15:00;584.91
16/04/2025 15:15;584.91
16/04/2025 15:30;584.92
16/04/2025 15:45;584.92
16/04/2025 16:00;584.92
16/04/2025 16:15;584.92
16/04/2025 16:30;584.92
16/04/2025 16:45;584.93
16/04/2025 17:00;584.92
16/04/2025 17:15;584.93
16/04/2025 17:30;584.93
16/04/2025 17:45;584.93
16/04/2025 18:00;584.94
16/04/2025 18:15;584.94
16/04/2025 18:30;584.94
16/04/2025 18:45;584.94
16/04/2025 19:00;584.94
16/04/2025 19:15;584.94
16/04/2025 19:30;584.94
16/04/2025 19:45;584.94
16/04/2025 20:00;584.94
16/04/2025 20:15;584.94
16/04/2025 20:30;584.94
16/04/2025 20:45;584.96
16/04/2025 21:00;584.96
16/04/2025 21:15;584.96
16/04/2025 21:30;584.96
16/04/2025 21:45;584.96
16/04/2025 22:00;584.96
16/04/2025 22:15;584.96
16/04/2025 22:30;584.97
16/04/2025 22:45;584.96
16/04/2025 23:00;584.97
16/04/2025 23:15;584.97
16/04/2025 23:30;584.98
16/04/2025 23:45;584.97
17/04/2025 00:00;584.97
17/04/2025 00:15;584.97
17/04/2025 00:30;584.97
17/04/2025 00:45;584.97
17/04/2025 01:00;584.97
17/04/2025 01:15;584.97
17/04/2025 01:30;584.97
17/04/2025 01:45;584.97
17/04/2025 02:00;584.97
17/04/2025 02:15;584.97
17/04/2025 02:30;584.98
17/04/2025 02:45;584.98
17/04/2025 03:00;584.98
17/04/2025 03:15;584.98
17/04/2025 03:30;584.99
17/04/2025 03:45;584.99
17/04/2025 04:00;584.98
17/04/2025 04:15;584.99
17/04/2025 04:30;584.99
17/04/2025 04:45;584.99
17/04/2025 05:00;584.99
17/04/2025 05:15;584.99
17/04/2025 05:30;585
17/04/2025 05:45;585
17/04/2025 06:00;584.99
17/04/2025 06:15;584.99
17/04/2025 06:30;584.99
17/04/2025 06:45;584.99
17/04/2025 07:00;584.99
17/04/2025 07:15;585.01
17/04/2025 07:30;585
17/04/2025 07:45;585
17/04/2025 08:00;585
17/04/2025 08:15;585
17/04/2025 08:30;585
17/04/2025 08:45;585.01
17/04/2025 09:00;585
17/04/2025 09:15;585.01
17/04/2025 09:30;585.01
17/04/2025 09:45;585.01
17/04/2025 10:00;585.01
17/04/2025 10:15;585.01
17/04/2025 10:30;585.02
17/04/2025 10:45;585.02
17/04/2025 11:00;585.02
17/04/2025 11:15;585.02
17/04/2025 11:30;585.02
17/04/2025 11:45;585.02
17/04/2025 12:00;585.03
17/04/2025 12:15;585.03
17/04/2025 12:30;585.03
17/04/2025 12:45;585.03
17/04/2025 13:00;585.03
17/04/2025 13:15;585.04
17/04/2025 13:30;585.04
17/04/2025 13:45;585.04
17/04/2025 14:00;585.04
17/04/2025 14:15;585.04
17/04/2025 14:30;585.04
17/04/2025 14:45;585.05
17/04/2025 15:00;585.05
17/04/2025 15:15;585.05
17/04/2025 15:30;585.05
17/04/2025 15:45;585.05
17/04/2025 16:00;585.05
17/04/2025 16:15;585.05
17/04/2025 16:30;585.05
17/04/2025 16:45;585.05
17/04/2025 17:00;585.05
17/04/2025 17:15;585.05
17/04/2025 17:30;585.05
17/04/2025 17:45;585.05
17/04/2025 18:00;585.05
17/04/2025 18:15;585.05
17/04/2025 18:30;585.05
17/04/2025 18:45;585.05
17/04/2025 19:00;585.05
17/04/2025 19:15;585.07
17/04/2025 19:30;585.07
17/04/2025 19:45;585.07
17/04/2025 20:00;585.07
17/04/2025 20:15;585.07
17/04/2025 20:30;585.07
17/04/2025 20:45;585.07
17/04/2025 21:00;585.07
17/04/2025 21:15;585.07
17/04/2025 21:30;585.05
17/04/2025 21:45;585.07
17/04/2025 22:00;585.07
17/04/2025 22:15;585.07
17/04/2025 22:30;585.07
17/04/2025 22:45;585.07
17/04/2025 23:00;585.07
17/04/2025 23:15;585.07
17/04/2025 23:30;585.07
17/04/2025 23:45;585.07
18/04/2025 00:00;585.07
18/04/2025 00:15;585.07
18/04/2025 00:30;585.07
18/04/2025 00:45;585.07
18/04/2025 01:00;585.07
18/04/2025 01:15;585.07
18/04/2025 01:30;585.07
18/04/2025 01:45;585.07
18/04/2025 02:00;585.07
18/04/2025 02:15;585.07
18/04/2025 02:30;585.07
18/04/2025 02:45;585.07
18/04/2025 03:00;585.07
18/04/2025 03:15;585.07
18/04/2025 03:30;585.07
18/04/2025 03:45;585.07
18/04/2025 04:00;585.07
18/04/2025 04:15;585.07
18/04/2025 04:30;585.07
18/04/2025 04:45;585.07
18/04/2025 05:00;585.07
18/04/2025 05:15;585.07
18/04/2025 05:30;585.07
18/04/2025 05:45;585.07
18/04/2025 06:00;585.07
18/04/2025 06:15;585.07
18/04/2025 06:30;585.07
18/04/2025 06:45;585.07
18/04/2025 07:00;585.07
18/04/2025 07:15;585.07
18/04/2025 07:30;585.07
18/04/2025 07:45;585.07
18/04/2025 08:00;585.07
18/04/2025 08:15;585.07
18/04/2025 08:30;585.07
18/04/2025 08:45;585.07
18/04/2025 09:00;585.07
18/04/2025 09:15;585.07
18/04/2025 09:30;585.07
18/04/2025 09:45;585.07
18/04/2025 10:00;585.08
18/04/2025 10:15;585.08
18/04/2025 10:30;585.08
18/04/2025 10:45;585.09
18/04/2025 11:00;585.08
18/04/2025 11:15;585.08
18/04/2025 11:30;585.08
18/04/2025 11:45;585.09
18/04/2025 12:00;585.09
18/04/2025 12:15;585.09
18/04/2025 12:30;585.1
18/04/2025 12:45;585.1
18/04/2025 13:00;585.1
18/04/2025 13:15;585.1
18/04/2025 13:30;585.1
18/04/2025 13:45;585.1
18/04/2025 14:00;585.11
18/04/2025 14:15;585.09
18/04/2025 14:30;585.1
18/04/2025 14:45;585.1
18/04/2025 15:00;585.1
18/04/2025 15:15;585.1
18/04/2025 15:30;585.1
18/04/2025 15:45;585.1
18/04/2025 16:00;585.11
18/04/2025 16:15;585.1
18/04/2025 16:30;585.11
18/04/2025 16:45;585.1
18/04/2025 17:00;585.11
18/04/2025 17:15;585.11
18/04/2025 17:30;585.1
18/04/2025 17:45;585.11
18/04/2025 18:00;585.11
18/04/2025 18:15;585.11
18/04/2025 18:30;585.12
18/04/2025 18:45;585.12
18/04/2025 19:00;585.12
18/04/2025 19:15;585.11
18/04/2025 19:30;585.12
18/04/2025 19:45;585.12
18/04/2025 20:00;585.12
18/04/2025 20:15;585.12
18/04/2025 20:30;585.12
18/04/2025 20:45;585.12
18/04/2025 21:00;585.12
18/04/2025 21:15;585.12
18/04/2025 21:30;585.12
18/04/2025 21:45;585.12
18/04/2025 22:00;585.12
18/04/2025 22:15;585.12
18/04/2025 22:30;585.12
18/04/2025 22:45;585.12
18/04/2025 23:00;585.12
18/04/2025 23:15;585.12
18/04/2025 23:30;585.12
18/04/2025 23:45;585.12
19/04/2025 00:00;585.12
19/04/2025 00:15;585.12
19/04/2025 00:30;585.12
19/04/2025 00:45;585.12
19/04/2025 01:00;585.12
19/04/2025 01:15;585.12
19/04/2025 01:30;585.14
19/04/2025 01:45;585.14
19/04/2025 02:00;585.14
19/04/2025 02:15;585.14
19/04/2025 02:30;585.14
19/04/2025 02:45;585.14
19/04/2025 03:00;585.15
19/04/2025 03:15;585.15
19/04/2025 03:30;585.15
19/04/2025 03:45;585.15
19/04/2025 04:00;585.15
19/04/2025 04:15;585.15
19/04/2025 04:30;585.15
19/04/2025 04:45;585.15
19/04/2025 05:00;585.15
19/04/2025 05:15;585.15
19/04/2025 05:30;585.15
19/04/2025 05:45;585.15
19/04/2025 06:00;585.16
19/04/2025 06:15;585.16
19/04/2025 06:30;585.15
19/04/2025 06:45;585.16
19/04/2025 07:00;585.18
19/04/2025 07:15;585.15
19/04/2025 07:30;585.16
19/04/2025 07:45;585.16
19/04/2025 08:00;585.18
19/04/2025 08:15;585.18
19/04/2025 08:30;585.16
19/04/2025 08:45;585.18
19/04/2025 09:00;585.18
19/04/2025 09:15;585.18
19/04/2025 09:30;585.18
19/04/2025 09:45;585.18
19/04/2025 10:00;585.18
19/04/2025 10:15;585.18
19/04/2025 10:30;585.18
19/04/2025 10:45;585.18
19/04/2025 11:00;585.18
19/04/2025 11:15;585.18
19/04/2025 11:30;585.19
19/04/2025 11:45;585.19
19/04/2025 12:00;585.19
19/04/2025 12:15;585.19
19/04/2025 12:30;585.19
19/04/2025 12:45;585.2
19/04/2025 13:00;585.2
19/04/2025 13:15;585.2
19/04/2025 13:30;585.2
19/04/2025 13:45;585.2
19/04/2025 14:00;585.21
19/04/2025 14:15;585.21
19/04/2025 14:30;585.21
19/04/2025 14:45;585.21
19/04/2025 15:00;585.22
19/04/2025 15:15;585.22
19/04/2025 15:30;585.22
19/04/2025 15:45;585.22
19/04/2025 16:00;585.22
19/04/2025 16:15;585.23
19/04/2025 16:30;585.23
19/04/2025 16:45;585.23
19/04/2025 17:00;585.23
19/04/2025 17:15;585.25
19/04/2025 17:30;585.25
19/04/2025 17:45;585.25
19/04/2025 18:00;585.25
19/04/2025 18:15;585.26
19/04/2025 18:30;585.26
19/04/2025 18:45;585.26
19/04/2025 19:00;585.27
19/04/2025 19:15;585.28
19/04/2025 19:30;585.27
19/04/2025 19:45;585.28
19/04/2025 20:00;585.28
19/04/2025 20:15;585.29
19/04/2025 20:30;585.29
19/04/2025 20:45;585.29
19/04/2025 21:00;585.3
19/04/2025 21:15;585.3
19/04/2025 21:30;585.31
19/04/2025 21:45;585.31
19/04/2025 22:00;585.32
19/04/2025 22:15;585.32
19/04/2025 22:30;585.32
19/04/2025 22:45;585.32
19/04/2025 23:00;585.33
19/04/2025 23:15;585.33
19/04/2025 23:30;585.33
19/04/2025 23:45;585.33
20/04/2025 00:00;585.34
20/04/2025 00:15;585.34
20/04/2025 00:30;585.36
20/04/2025 00:45;585.36
20/04/2025 01:00;585.36
20/04/2025 01:15;585.36
20/04/2025 01:30;585.36
20/04/2025 01:45;585.37
20/04/2025 02:00;585.37
20/04/2025 02:15;585.37
20/04/2025 02:30;585.37
20/04/2025 02:45;585.38
20/04/2025 03:00;585.38
20/04/2025 03:15;585.39
20/04/2025 03:30;585.39
20/04/2025 03:45;585.39
20/04/2025 04:00;585.39
20/04/2025 04:15;585.4
20/04/2025 04:30;585.4
20/04/2025 04:45;585.41
20/04/2025 05:00;585.41
20/04/2025 05:15;585.41
20/04/2025 05:30;585.41
20/04/2025 05:45;585.43
20/04/2025 06:00;585.43
20/04/2025 06:15;585.43
20/04/2025 06:30;585.43
20/04/2025 06:45;585.43
20/04/2025 07:00;585.43
20/04/2025 07:15;585.44
20/04/2025 07:30;585.44
20/04/2025 07:45;585.45
20/04/2025 08:00;585.45
20/04/2025 08:15;585.46
20/04/2025 08:30;585.46
20/04/2025 08:45;585.47
20/04/2025 09:00;585.47
20/04/2025 09:15;585.48
20/04/2025 09:30;585.48
20/04/2025 09:45;585.49
20/04/2025 10:00;585.48
20/04/2025 10:15;585.49
20/04/2025 10:30;585.49
20/04/2025 10:45;585.5
20/04/2025 11:00;585.49
20/04/2025 11:15;585.5
20/04/2025 11:30;585.5
20/04/2025 11:45;585.5
20/04/2025 12:00;585.51
20/04/2025 12:15;585.51
20/04/2025 12:30;585.51
20/04/2025 12:45;585.51
20/04/2025 13:00;585.52
20/04/2025 13:15;585.52
20/04/2025 13:30;585.54
20/04/2025 13:45;585.54
20/04/2025 14:00;585.54
20/04/2025 14:15;585.54
20/04/2025 14:30;585.54
20/04/2025 14:45;585.54
20/04/2025 15:00;585.54
20/04/2025 15:15;585.55
20/04/2025 15:30;585.55
20/04/2025 15:45;585.56
20/04/2025 16:00;585.56
20/04/2025 16:15;585.57
20/04/2025 16:30;585.57
20/04/2025 16:45;585.57
20/04/2025 17:00;585.58
20/04/2025 17:15;585.58
20/04/2025 17:30;585.59
20/04/2025 17:45;585.59
20/04/2025 18:00;585.59
20/04/2025 18:15;585.59
20/04/2025 18:30;585.59
20/04/2025 18:45;585.59
20/04/2025 19:00;585.59
20/04/2025 19:15;585.61
20/04/2025 19:30;585.61
20/04/2025 19:45;585.61
20/04/2025 20:00;585.62
20/04/2025 20:15;585.62
20/04/2025 20:30;585.62
20/04/2025 20:45;585.62
20/04/2025 21:00;585.62
20/04/2025 21:15;585.62
20/04/2025 21:30;585.62
20/04/2025 21:45;585.63
20/04/2025 22:00;585.63
20/04/2025 22:15;585.63
20/04/2025 22:30;585.63
20/04/2025 22:45;585.64
20/04/2025 23:00;585.64
20/04/2025 23:15;585.63
20/04/2025 23:30;585.64
20/04/2025 23:45;585.64
21/04/2025 00:00;585.64
21/04/2025 00:15;585.65
21/04/2025 00:30;585.65
21/04/2025 00:45;585.66
21/04/2025 01:00;585.66
21/04/2025 01:15;585.65
21/04/2025 01:30;585.66
21/04/2025 01:45;585.65
21/04/2025 02:00;585.66
21/04/2025 02:15;585.66
21/04/2025 02:30;585.67
21/04/2025 02:45;585.67
21/04/2025 03:00;585.67
21/04/2025 03:15;585.67
21/04/2025 03:30;585.67
21/04/2025 03:45;585.67
21/04/2025 04:00;585.68
21/04/2025 04:15;585.68
21/04/2025 04:30;585.68
21/04/2025 04:45;585.68
21/04/2025 05:00;585.69
21/04/2025 05:15;585.69
21/04/2025 05:30;585.69
21/04/2025 05:45;585.69
21/04/2025 06:00;585.69
21/04/2025 06:15;585.69
21/04/2025 06:30;585.69
21/04/2025 06:45;585.69
21/04/2025 07:00;585.69
21/04/2025 07:15;585.7
21/04/2025 07:30;585.69
21/04/2025 07:45;585.7
21/04/2025 08:00;585.7
21/04/2025 08:15;585.7
21/04/2025 08:30;585.7
21/04/2025 08:45;585.7
21/04/2025 09:00;585.72
21/04/2025 09:15;585.72
21/04/2025 09:30;585.72
21/04/2025 09:45;585.72
21/04/2025 10:00;585.72
21/04/2025 10:15;585.72
21/04/2025 10:30;585.72
21/04/2025 10:45;585.72
21/04/2025 11:00;585.72
21/04/2025 11:15;585.73
21/04/2025 11:30;585.73
21/04/2025 11:45;585.73
21/04/2025 12:00;585.74
21/04/2025 12:15;585.74
21/04/2025 12:30;585.74
21/04/2025 12:45;585.75
21/04/2025 13:00;585.75
21/04/2025 13:15;585.75
21/04/2025 13:30;585.75
21/04/2025 13:45;585.75
21/04/2025 14:00;585.76
21/04/2025 14:15;585.76
21/04/2025 14:30;585.76
21/04/2025 14:45;585.76
21/04/2025 15:00;585.77
21/04/2025 15:15;585.77
21/04/2025 15:30;585.77
21/04/2025 15:45;585.77
21/04/2025 16:00;585.77
21/04/2025 16:15;585.79
21/04/2025 16:30;585.79
21/04/2025 16:45;585.79
21/04/2025 17:00;585.8
21/04/2025 17:15;585.8
21/04/2025 17:30;585.8
21/04/2025 17:45;585.8
21/04/2025 18:00;585.8
21/04/2025 18:15;585.8
21/04/2025 18:30;585.8
21/04/2025 18:45;585.8
21/04/2025 19:00;585.8
21/04/2025 19:15;585.8
21/04/2025 19:30;585.8
21/04/2025 19:45;585.8
21/04/2025 20:00;585.8
21/04/2025 20:15;585.8
21/04/2025 20:30;585.81
21/04/2025 20:45;585.8
21/04/2025 21:00;585.81
21/04/2025 21:15;585.81
21/04/2025 21:30;585.81
21/04/2025 21:45;585.81
21/04/2025 22:00;585.81
21/04/2025 22:15;585.81
21/04/2025 22:30;585.82
21/04/2025 22:45;585.82
21/04/2025 23:00;585.82
21/04/2025 23:15;585.82
21/04/2025 23:30;585.82
21/04/2025 23:45;585.82
22/04/2025 00:00;585.82
22/04/2025 00:15;585.82
22/04/2025 00:30;585.82
22/04/2025 00:45;585.82
22/04/2025 01:00;585.82
22/04/2025 01:15;585.82
22/04/2025 01:30;585.82
22/04/2025 01:45;585.82
22/04/2025 02:00;585.82
22/04/2025 02:15;585.82
22/04/2025 02:30;585.82
22/04/2025 02:45;585.82
22/04/2025 03:00;585.83
22/04/2025 03:15;585.82
22/04/2025 03:30;585.82
22/04/2025 03:45;585.82
22/04/2025 04:00;585.82
22/04/2025 04:15;585.83
22/04/2025 04:30;585.82
22/04/2025 04:45;585.82
22/04/2025 05:00;585.82
22/04/2025 05:15;585.83
22/04/2025 05:30;585.83
22/04/2025 05:45;585.82
22/04/2025 06:00;585.83
22/04/2025 06:15;585.82
22/04/2025 06:30;585.82
22/04/2025 06:45;585.83
22/04/2025 07:00;585.83
22/04/2025 07:15;585.83
22/04/2025 07:30;585.83
22/04/2025 07:45;585.83
22/04/2025 08:00;585.83
22/04/2025 08:15;585.83
22/04/2025 08:30;585.83
22/04/2025 08:45;585.83
22/04/2025 09:00;585.82
22/04/2025 09:15;585.83
22/04/2025 09:30;585.82
22/04/2025 09:45;585.83
22/04/2025 10:00;585.83
22/04/2025 10:15;585.83
22/04/2025 10:30;585.83
22/04/2025 10:45;585.83
22/04/2025 11:00;585.83
22/04/2025 11:15;585.82
22/04/2025 11:30;585.83
22/04/2025 11:45;585.83
22/04/2025 12:00;585.83
22/04/2025 12:15;585.83
22/04/2025 12:30;585.83
22/04/2025 12:45;585.84
22/04/2025 13:00;585.83
22/04/2025 13:15;585.84
22/04/2025 13:30;585.84
22/04/2025 13:45;585.84
22/04/2025 14:00;585.84
22/04/2025 14:15;585.85
22/04/2025 14:30;585.85
22/04/2025 14:45;585.85
22/04/2025 15:00;585.85
22/04/2025 15:15;585.85
22/04/2025 15:30;585.86
22/04/2025 15:45;585.86
22/04/2025 16:00;585.87
22/04/2025 16:15;585.87
22/04/2025 16:30;585.86
22/04/2025 16:45;585.87
22/04/2025 17:00;585.87
22/04/2025 17:15;585.87
22/04/2025 17:30;585.87
22/04/2025 17:45;585.87
22/04/2025 18:00;585.87
22/04/2025 18:15;585.87
22/04/2025 18:30;585.87
22/04/2025 18:45;585.87
22/04/2025 19:00;585.87
22/04/2025 19:15;585.88
22/04/2025 19:30;585.88
22/04/2025 19:45;585.9
22/04/2025 20:00;585.9
22/04/2025 20:15;585.9
22/04/2025 20:30;585.9
22/04/2025 20:45;585.9
22/04/2025 21:00;585.9
22/04/2025 21:15;585.9
22/04/2025 21:30;585.9
22/04/2025 21:45;585.9
22/04/2025 22:00;585.9
22/04/2025 22:15;585.9
22/04/2025 22:30;585.9
22/04/2025 22:45;585.9
22/04/2025 23:00;585.9
22/04/2025 23:15;585.9
22/04/2025 23:30;585.9
22/04/2025 23:45;585.9
23/04/2025 00:00;585.9
23/04/2025 00:15;585.9
23/04/2025 00:30;585.9
23/04/2025 00:45;585.9
23/04/2025 01:00;585.9
23/04/2025 01:15;585.9
23/04/2025 01:30;585.9
23/04/2025 01:45;585.9
23/04/2025 02:00;585.9
23/04/2025 02:15;585.9
23/04/2025 02:30;585.9
23/04/2025 02:45;585.9
23/04/2025 03:00;585.9
23/04/2025 03:15;585.9
23/04/2025 03:30;585.9
23/04/2025 03:45;585.9
23/04/2025 04:00;585.9
23/04/2025 04:15;585.9
23/04/2025 04:30;585.9
23/04/2025 04:45;585.9
23/04/2025 05:00;585.9
23/04/2025 05:15;585.9
23/04/2025 05:30;585.9
23/04/2025 05:45;585.9
23/04/2025 06:00;585.9
23/04/2025 06:15;585.9
23/04/2025 06:30;585.9
23/04/2025 06:45;585.88
23/04/2025 07:00;585.88
23/04/2025 07:15;585.88
23/04/2025 07:30;585.88
23/04/2025 07:45;585.88
23/04/2025 08:00;585.88
23/04/2025 08:15;585.88
23/04/2025 08:30;585.88
23/04/2025 08:45;585.88
23/04/2025 09:00;585.87
23/04/2025 09:15;585.88
23/04/2025 09:30;585.88
23/04/2025 09:45;585.88
23/04/2025 10:00;585.88
23/04/2025 10:15;585.88
23/04/2025 10:30;585.88
23/04/2025 10:45;585.88
23/04/2025 11:00;585.88
23/04/2025 11:15;585.9
23/04/2025 11:30;585.9
23/04/2025 11:45;585.9
23/04/2025 12:00;585.9
23/04/2025 12:15;585.9
23/04/2025 12:30;585.9
23/04/2025 12:45;585.9
23/04/2025 13:00;585.91
23/04/2025 13:15;585.9
23/04/2025 13:30;585.91
23/04/2025 13:45;585.9
23/04/2025 14:00;585.9
23/04/2025 14:15;585.91
23/04/2025 14:30;585.92
23/04/2025 14:45;585.92
23/04/2025 15:00;585.92
23/04/2025 15:15;585.91
23/04/2025 15:30;585.92
23/04/2025 15:45;585.92
23/04/2025 16:00;585.92
23/04/2025 16:15;585.92
23/04/2025 16:30;585.92
23/04/2025 16:45;585.92
23/04/2025 17:00;585.93
23/04/2025 17:15;585.93
23/04/2025 17:30;585.93
23/04/2025 17:45;585.93
23/04/2025 18:00;585.94
23/04/2025 18:15;585.94
23/04/2025 18:30;585.94
23/04/2025 18:45;585.94
23/04/2025 19:00;585.94
23/04/2025 19:15;585.94
23/04/2025 19:30;585.94
23/04/2025 19:45;585.95
23/04/2025 20:00;585.94
23/04/2025 20:15;585.95
23/04/2025 20:30;585.95
23/04/2025 20:45;585.95
23/04/2025 21:00;585.95
23/04/2025 21:15;585.95
23/04/2025 21:30;585.95
23/04/2025 21:45;585.95
23/04/2025 22:00;585.95
23/04/2025 22:15;585.95
23/04/2025 22:30;585.95
23/04/2025 22:45;585.95
23/04/2025 23:00;585.95
23/04/2025 23:15;585.95
23/04/2025 23:30;585.95
23/04/2025 23:45;585.95
24/04/2025 00:00;585.95
24/04/2025 00:15;585.94
24/04/2025 00:30;585.95
24/04/2025 00:45;585.95
24/04/2025 01:00;585.95
24/04/2025 01:15;585.95
24/04/2025 01:30;585.95
24/04/2025 01:45;585.95
24/04/2025 02:00;585.94
24/04/2025 02:15;585.95
24/04/2025 02:30;585.94
24/04/2025 02:45;585.95
24/04/2025 03:00;585.95
24/04/2025 03:15;585.95
24/04/2025 03:30;585.94
24/04/2025 03:45;585.94
24/04/2025 04:00;585.94
24/04/2025 04:15;585.94
24/04/2025 04:30;585.94
24/04/2025 04:45;585.94
24/04/2025 05:00;585.94
24/04/2025 05:15;585.94
24/04/2025 05:30;585.94
24/04/2025 05:45;585.94
24/04/2025 06:00;585.94
24/04/2025 06:15;585.94
24/04/2025 06:30;585.94
24/04/2025 06:45;585.94
24/04/2025 07:00;585.93
24/04/2025 07:15;585.93
24/04/2025 07:30;585.93
24/04/2025 07:45;585.93
24/04/2025 08:00;585.93
24/04/2025 08:15;585.93
24/04/2025 08:30;585.93
24/04/2025 08:45;585.93
24/04/2025 09:00;585.92
24/04/2025 09:15;585.93
24/04/2025 09:30;585.93
24/04/2025 09:45;585.93
24/04/2025 10:00;585.93
24/04/2025 10:15;585.93
24/04/2025 10:30;585.93
24/04/2025 10:45;585.93
24/04/2025 11:00;585.93
24/04/2025 11:15;585.94
24/04/2025 11:30;585.94
24/04/2025 11:45;585.94
24/04/2025 12:00;585.94
24/04/2025 12:15;585.94
24/04/2025 12:30;585.94
24/04/2025 12:45;585.95
24/04/2025 13:00;585.95
24/04/2025 13:15;585.95
24/04/2025 13:30;585.95
24/04/2025 13:45;585.95
24/04/2025 14:00;585.95
24/04/2025 14:15;585.95
24/04/2025 14:30;585.95
24/04/2025 14:45;585.95
24/04/2025 15:00;585.95
24/04/2025 15:15;585.95
24/04/2025 15:30;585.95
24/04/2025 15:45;585.95
24/04/2025 16:00;585.95
24/04/2025 16:15;585.95
24/04/2025 16:30;585.97
24/04/2025 16:45;585.97
24/04/2025 17:00;585.97
24/04/2025 17:15;585.97
24/04/2025 17:30;585.97
24/04/2025 17:45;585.97
24/04/2025 18:00;585.97
24/04/2025 18:15;585.97
24/04/2025 18:30;585.97
24/04/2025 18:45;585.97
24/04/2025 19:00;585.97
24/04/2025 19:15;585.97
24/04/2025 19:30;585.98
24/04/2025 19:45;585.97
24/04/2025 20:00;585.97
24/04/2025 20:15;585.97
24/04/2025 20:30;585.97
24/04/2025 20:45;585.95
24/04/2025 21:00;585.95
24/04/2025 21:15;585.95
24/04/2025 21:30;585.95
24/04/2025 21:45;585.95
24/04/2025 22:00;585.95
24/04/2025 22:15;585.94
24/04/2025 22:30;585.94
24/04/2025 22:45;585.94
24/04/2025 23:00;585.93
24/04/2025 23:15;585.93
24/04/2025 23:30;585.93
24/04/2025 23:45;585.93
25/04/2025 00:00;585.93
25/04/2025 00:15;585.93
25/04/2025 00:30;585.93
25/04/2025 00:45;585.92
25/04/2025 01:00;585.93
25/04/2025 01:15;585.93
25/04/2025 01:30;585.93
25/04/2025 01:45;585.92
25/04/2025 02:00;585.92
25/04/2025 02:15;585.93
25/04/2025 02:30;585.92
25/04/2025 02:45;585.91
25/04/2025 03:00;585.91
25/04/2025 03:15;585.92
25/04/2025 03:30;585.92
25/04/2025 03:45;585.92
25/04/2025 04:00;585.92
25/04/2025 04:15;585.91
25/04/2025 04:30;585.91
25/04/2025 04:45;585.91
25/04/2025 05:00;585.91
25/04/2025 05:15;585.91
25/04/2025 05:30;585.9
25/04/2025 05:45;585.9
25/04/2025 06:00;585.9
25/04/2025 06:15;585.9
25/04/2025 06:30;585.9
25/04/2025 06:45;585.9
25/04/2025 07:00;585.9
25/04/2025 07:15;585.9
25/04/2025 07:30;585.9
25/04/2025 07:45;585.9
25/04/2025 08:00;585.9
25/04/2025 08:15;585.9
25/04/2025 08:30;585.9
25/04/2025 08:45;585.9
25/04/2025 09:00;585.9
25/04/2025 09:15;585.88
25/04/2025 09:30;585.88
25/04/2025 09:45;585.88
25/04/2025 10:00;585.88
25/04/2025 10:15;585.88
25/04/2025 10:30;585.88
25/04/2025 10:45;585.88
25/04/2025 11:00;585.88
25/04/2025 11:15;585.9
25/04/2025 11:30;585.9
25/04/2025 11:45;585.9
25/04/2025 12:00;585.9
25/04/2025 12:15;585.9
25/04/2025 12:30;585.9
25/04/2025 12:45;585.9
25/04/2025 13:00;585.9
25/04/2025 13:15;585.9
25/04/2025 13:30;585.9
25/04/2025 13:45;585.9
25/04/2025 14:00;585.9
25/04/2025 14:15;585.9
25/04/2025 14:30;585.91
25/04/2025 14:45;585.91
25/04/2025 15:00;585.91
25/04/2025 15:15;585.91
25/04/2025 15:30;585.91
25/04/2025 15:45;585.91
25/04/2025 16:00;585.91
25/04/2025 16:15;585.92
25/04/2025 16:30;585.92
25/04/2025 16:45;585.92
25/04/2025 17:00;585.92
25/04/2025 17:15;585.93
25/04/2025 17:30;585.92
25/04/2025 17:45;585.92
25/04/2025 18:00;585.93
25/04/2025 18:15;585.92
25/04/2025 18:30;585.93
25/04/2025 18:45;585.93
25/04/2025 19:00;585.93
25/04/2025 19:15;585.93
25/04/2025 19:30;585.94
25/04/2025 19:45;585.93
25/04/2025 20:00;585.94
25/04/2025 20:15;585.93
25/04/2025 20:30;585.93
25/04/2025 20:45;585.93
25/04/2025 21:00;585.93
25/04/2025 21:15;585.92
25/04/2025 21:30;585.92
25/04/2025 21:45;585.92
25/04/2025 22:00;585.92
25/04/2025 22:15;585.92
25/04/2025 22:30;585.91
25/04/2025 22:45;585.91
25/04/2025 23:00;585.91
25/04/2025 23:15;585.91
25/04/2025 23:30;585.9
25/04/2025 23:45;585.91
26/04/2025 00:00;585.9
26/04/2025 00:15;585.9
26/04/2025 00:30;585.9
26/04/2025 00:45;585.91
26/04/2025 01:00;585.9
26/04/2025 01:15;585.92
26/04/2025 01:30;585.91
26/04/2025 01:45;585.92
26/04/2025 02:00;585.91
26/04/2025 02:15;585.91
26/04/2025 02:30;585.91
26/04/2025 02:45;585.91
26/04/2025 03:00;585.92
26/04/2025 03:15;585.91
26/04/2025 03:30;585.93
26/04/2025 03:45;585.92
26/04/2025 04:00;585.92
26/04/2025 04:15;585.93
26/04/2025 04:30;585.92
26/04/2025 04:45;585.93
26/04/2025 05:00;585.93
26/04/2025 05:15;585.93
26/04/2025 05:30;585.93
26/04/2025 05:45;585.93
26/04/2025 06:00;585.93
26/04/2025 06:15;585.93
26/04/2025 06:30;585.93
26/04/2025 06:45;585.93
26/04/2025 07:00;585.93
26/04/2025 07:15;585.94
26/04/2025 07:30;585.94
26/04/2025 07:45;585.94
26/04/2025 08:00;585.94
26/04/2025 08:15;585.94
26/04/2025 08:30;585.94
26/04/2025 08:45;585.94
26/04/2025 09:00;585.95
26/04/2025 09:15;585.94
26/04/2025 09:30;585.95
26/04/2025 09:45;585.95
26/04/2025 10:00;585.95
26/04/2025 10:15;585.95
26/04/2025 10:30;585.95
26/04/2025 10:45;585.95
26/04/2025 11:00;585.95
26/04/2025 11:15;585.95
26/04/2025 11:30;585.95
26/04/2025 11:45;585.97
26/04/2025 12:00;585.95
26/04/2025 12:15;585.97
26/04/2025 12:30;585.95
26/04/2025 12:45;585.97
26/04/2025 13:00;585.97
26/04/2025 13:15;585.97
26/04/2025 13:30;585.98
26/04/2025 13:45;585.97
26/04/2025 14:00;585.98
26/04/2025 14:15;585.98
26/04/2025 14:30;585.98
26/04/2025 14:45;585.98
26/04/2025 15:00;585.97
26/04/2025 15:15;585.97
26/04/2025 15:30;585.98
26/04/2025 15:45;585.98
26/04/2025 16:00;585.98
26/04/2025 16:15;585.98
26/04/2025 16:30;585.98
26/04/2025 16:45;585.98
26/04/2025 17:00;585.98
26/04/2025 17:15;585.98
26/04/2025 17:30;585.98
26/04/2025 17:45;585.98
26/04/2025 18:00;585.98
26/04/2025 18:15;585.99
26/04/2025 18:30;585.99
26/04/2025 18:45;585.99
26/04/2025 19:00;586
26/04/2025 19:15;585.99
26/04/2025 19:30;585.99
26/04/2025 19:45;586
26/04/2025 20:00;586
26/04/2025 20:15;586
26/04/2025 20:30;586.01
26/04/2025 20:45;586
26/04/2025 21:00;586.01
26/04/2025 21:15;586.01
26/04/2025 21:30;586.01
26/04/2025 21:45;586.01
26/04/2025 22:00;586.01
26/04/2025 22:15;586.02
26/04/2025 22:30;586.02
26/04/2025 22:45;586.03
26/04/2025 23:00;586.03
26/04/2025 23:15;586.02
26/04/2025 23:30;586.03
26/04/2025 23:45;586.03
27/04/2025 00:00;586.04
27/04/2025 00:15;586.03
27/04/2025 00:30;586.04
27/04/2025 00:45;586.03
27/04/2025 01:00;586.04
27/04/2025 01:15;586.04
27/04/2025 01:30;586.05
27/04/2025 01:45;586.05
27/04/2025 02:00;586.05
27/04/2025 02:15;586.05
27/04/2025 02:30;586.05
27/04/2025 02:45;586.06
27/04/2025 03:00;586.06
27/04/2025 03:15;586.08
27/04/2025 03:30;586.08
27/04/2025 03:45;586.08
27/04/2025 04:00;586.08
27/04/2025 04:15;586.09
27/04/2025 04:30;586.09
27/04/2025 04:45;586.1
27/04/2025 05:00;586.11
27/04/2025 05:15;586.12
27/04/2025 05:30;586.13
27/04/2025 05:45;586.13
27/04/2025 06:00;586.16
27/04/2025 06:15;586.16
27/04/2025 06:30;586.16
27/04/2025 06:45;586.18
27/04/2025 07:00;586.19
27/04/2025 07:15;586.19
27/04/2025 07:30;586.21
27/04/2025 07:45;586.22
27/04/2025 08:00;586.24
27/04/2025 08:15;586.24
27/04/2025 08:30;586.26
27/04/2025 08:45;586.26
27/04/2025 09:00;586.28
27/04/2025 09:15;586.29
27/04/2025 09:30;586.31
27/04/2025 09:45;586.31
27/04/2025 10:00;586.31
27/04/2025 10:15;586.34
27/04/2025 10:30;586.35
27/04/2025 10:45;586.35
27/04/2025 11:00;586.37
27/04/2025 11:15;586.38
27/04/2025 11:30;586.39
27/04/2025 11:45;586.41
27/04/2025 12:00;586.42
27/04/2025 12:15;586.42
27/04/2025 12:30;586.44
27/04/2025 12:45;586.45
27/04/2025 13:00;586.46
27/04/2025 13:15;586.47
27/04/2025 13:30;586.48
27/04/2025 13:45;586.49
27/04/2025 14:00;586.49
27/04/2025 14:15;586.52
27/04/2025 14:30;586.52
27/04/2025 14:45;586.52
27/04/2025 15:00;586.53
27/04/2025 15:15;586.55
27/04/2025 15:30;586.55
27/04/2025 15:45;586.57
27/04/2025 16:00;586.58
27/04/2025 16:15;586.58
27/04/2025 16:30;586.59
27/04/2025 16:45;586.6
27/04/2025 17:00;586.62
27/04/2025 17:15;586.62
27/04/2025 17:30;586.63
27/04/2025 17:45;586.63
27/04/2025 18:00;586.64
27/04/2025 18:15;586.66
27/04/2025 18:30;586.67
27/04/2025 18:45;586.67
27/04/2025 19:00;586.69
27/04/2025 19:15;586.69
27/04/2025 19:30;586.7
27/04/2025 19:45;586.71
27/04/2025 20:00;586.73
27/04/2025 20:15;586.73
27/04/2025 20:30;586.73
27/04/2025 20:45;586.74
27/04/2025 21:00;586.75
27/04/2025 21:15;586.76
27/04/2025 21:30;586.76
27/04/2025 21:45;586.77
27/04/2025 22:00;586.78
27/04/2025 22:15;586.78
27/04/2025 22:30;586.78
27/04/2025 22:45;586.8
27/04/2025 23:00;586.8
27/04/2025 23:15;586.8
27/04/2025 23:30;586.81
27/04/2025 23:45;586.82
28/04/2025 00:00;586.82
28/04/2025 00:15;586.83
28/04/2025 00:30;586.83
28/04/2025 00:45;586.83
28/04/2025 01:00;586.85
28/04/2025 01:15;586.86
28/04/2025 01:30;586.85
28/04/2025 01:45;586.86
28/04/2025 02:00;586.87
28/04/2025 02:15;586.87
28/04/2025 02:30;586.88
28/04/2025 02:45;586.88
28/04/2025 03:00;586.88
28/04/2025 03:15;586.91
28/04/2025 03:30;586.91
28/04/2025 03:45;586.91
28/04/2025 04:00;586.91
28/04/2025 04:15;586.91
28/04/2025 04:30;586.92
28/04/2025 04:45;586.93
28/04/2025 05:00;586.93
28/04/2025 05:15;586.94
28/04/2025 05:30;586.95
28/04/2025 05:45;586.95
28/04/2025 06:00;586.96
28/04/2025 06:15;586.96
28/04/2025 06:30;586.96
28/04/2025 06:45;586.96
28/04/2025 07:00;586.96
28/04/2025 07:15;586.98
28/04/2025 07:30;586.98
28/04/2025 07:45;586.99
28/04/2025 08:00;586.99
28/04/2025 08:15;586.99
28/04/2025 08:30;586.99
28/04/2025 08:45;586.99
28/04/2025 09:00;587
28/04/2025 09:15;587.01
28/04/2025 09:30;587.01
28/04/2025 09:45;587.02
28/04/2025 10:00;587.01
28/04/2025 10:15;587.02
28/04/2025 10:30;587.02
28/04/2025 10:45;587.03
28/04/2025 11:00;587.04
28/04/2025 11:15;587.05
28/04/2025 11:30;587.05
28/04/2025 11:45;587.05
28/04/2025 12:00;587.06
28/04/2025 12:15;587.06
28/04/2025 12:30;587.06
28/04/2025 12:45;587.06
28/04/2025 13:00;587.06
28/04/2025 13:15;587.06
28/04/2025 13:30;587.06
28/04/2025 13:45;587.06
28/04/2025 14:00;587.07
28/04/2025 14:15;587.07
28/04/2025 14:30;587.06
28/04/2025 14:45;587.07
28/04/2025 15:00;587.07
28/04/2025 15:15;587.07
28/04/2025 15:30;587.09
28/04/2025 15:45;587.09
28/04/2025 16:00;587.09
28/04/2025 16:15;587.09
28/04/2025 16:30;587.09
28/04/2025 16:45;587.09
28/04/2025 17:00;587.09
28/04/2025 17:15;587.09
28/04/2025 17:30;587.09
28/04/2025 17:45;587.09
28/04/2025 18:00;587.09
28/04/2025 18:15;587.09
28/04/2025 18:30;587.09
28/04/2025 18:45;587.09
28/04/2025 19:00;587.09
28/04/2025 19:15;587.1
28/04/2025 19:30;587.1
28/04/2025 19:45;587.1
28/04/2025 20:00;587.1
28/04/2025 20:15;587.11
28/04/2025 20:30;587.1
28/04/2025 20:45;587.11
28/04/2025 21:00;587.11
28/04/2025 21:15;587.11
28/04/2025 21:30;587.11
28/04/2025 21:45;587.11
28/04/2025 22:00;587.11
28/04/2025 22:15;587.11
28/04/2025 22:30;587.11
28/04/2025 22:45;587.11
28/04/2025 23:00;587.1
28/04/2025 23:15;587.1
28/04/2025 23:30;587.1
28/04/2025 23:45;587.11
29/04/2025 00:00;587.11
29/04/2025 00:15;587.1
29/04/2025 00:30;587.11
29/04/2025 00:45;587.12
29/04/2025 01:00;587.11
29/04/2025 01:15;587.12
29/04/2025 01:30;587.11
29/04/2025 01:45;587.12
29/04/2025 02:00;587.11
29/04/2025 02:15;587.11
29/04/2025 02:30;587.12
29/04/2025 02:45;587.12
29/04/2025 03:00;587.12
29/04/2025 03:15;587.13
29/04/2025 03:30;587.13
29/04/2025 03:45;587.13
29/04/2025 04:00;587.12
29/04/2025 04:15;587.13
29/04/2025 04:30;587.13
29/04/2025 04:45;587.14
29/04/2025 05:00;587.13
29/04/2025 05:15;587.14
29/04/2025 05:30;587.13
29/04/2025 05:45;587.13
29/04/2025 06:00;587.13
29/04/2025 06:15;587.14
29/04/2025 06:30;587.14
29/04/2025 06:45;587.14
29/04/2025 07:00;587.14
29/04/2025 07:15;587.14
29/04/2025 07:30;587.14
29/04/2025 07:45;587.14
29/04/2025 08:00;587.14
29/04/2025 08:15;587.14
29/04/2025 08:30;587.14
29/04/2025 08:45;587.14
29/04/2025 09:00;587.14
29/04/2025 09:15;587.14
29/04/2025 09:30;587.14
29/04/2025 09:45;587.14
29/04/2025 10:00;587.16
29/04/2025 10:15;587.16
29/04/2025 10:30;587.14
29/04/2025 10:45;587.16
29/04/2025 11:00;587.16
29/04/2025 11:15;587.16
29/04/2025 11:30;587.14
29/04/2025 11:45;587.14
29/04/2025 12:00;587.14
29/04/2025 12:15;587.14
29/04/2025 12:30;587.16
29/04/2025 12:45;587.16
29/04/2025 13:00;587.16
29/04/2025 13:15;587.16
29/04/2025 13:30;587.14
29/04/2025 13:45;587.14
29/04/2025 14:00;587.16
29/04/2025 14:15;587.14
29/04/2025 14:30;587.16
29/04/2025 14:45;587.14
29/04/2025 15:00;587.14
29/04/2025 15:15;587.14
29/04/2025 15:30;587.16
29/04/2025 15:45;587.16
29/04/2025 16:00;587.16
29/04/2025 16:15;587.16
29/04/2025 16:30;587.14
29/04/2025 16:45;587.14
29/04/2025 17:00;587.14
29/04/2025 17:15;587.14
29/04/2025 17:30;587.14
29/04/2025 17:45;587.14
29/04/2025 18:00;587.14
29/04/2025 18:15;587.13
29/04/2025 18:30;587.13
29/04/2025 18:45;587.13
29/04/2025 19:00;587.12
29/04/2025 19:15;587.12
29/04/2025 19:30;587.13
29/04/2025 19:45;587.12
29/04/2025 20:00;587.12
29/04/2025 20:15;587.12
29/04/2025 20:30;587.12
29/04/2025 20:45;587.12
29/04/2025 21:00;587.12
29/04/2025 21:15;587.12
29/04/2025 21:30;587.11
29/04/2025 21:45;587.11
29/04/2025 22:00;587.11
29/04/2025 22:15;587.12
29/04/2025 22:30;587.12
29/04/2025 22:45;587.12
29/04/2025 23:00;587.12
29/04/2025 23:15;587.11
29/04/2025 23:30;587.11
29/04/2025 23:45;587.12
30/04/2025 00:00;587.11
30/04/2025 00:15;587.11
30/04/2025 00:30;587.12
30/04/2025 00:45;587.11
30/04/2025 01:00;587.11
30/04/2025 01:15;587.11
30/04/2025 01:30;587.11
30/04/2025 01:45;587.11
30/04/2025 02:00;587.1
30/04/2025 02:15;587.1
30/04/2025 02:30;587.1
30/04/2025 02:45;587.1
30/04/2025 03:00;587.1
30/04/2025 03:15;587.09
30/04/2025 03:30;587.09
30/04/2025 03:45;587.09
30/04/2025 04:00;587.09
30/04/2025 04:15;587.09
30/04/2025 04:30;587.09
30/04/2025 04:45;587.09
30/04/2025 05:00;587.09
30/04/2025 05:15;587.09
30/04/2025 05:30;587.09
30/04/2025 05:45;587.09
30/04/2025 06:00;587.09
30/04/2025 06:15;587.07
30/04/2025 06:30;587.07
30/04/2025 06:45;587.07
30/04/2025 07:00;587.06
30/04/2025 07:15;587.07
30/04/2025 07:30;587.06
30/04/2025 07:45;587.06
30/04/2025 08:00;587.06
30/04/2025 08:15;587.06
30/04/2025 08:30;587.06
30/04/2025 08:45;587.06
30/04/2025 09:00;587.06
30/04/2025 09:15;587.06
30/04/2025 09:30;587.06
30/04/2025 09:45;587.06
30/04/2025 10:00;587.06
30/04/2025 10:15;587.06
30/04/2025 10:30;587.06
30/04/2025 10:45;587.06
30/04/2025 11:00;587.06
30/04/2025 11:15;587.06
30/04/2025 11:30;587.06
30/04/2025 11:45;587.06
30/04/2025 12:00;587.06
30/04/2025 12:15;587.06
30/04/2025 12:30;587.06
30/04/2025 12:45;587.06
30/04/2025 13:00;587.06
30/04/2025 13:15;587.06
30/04/2025 13:30;587.06
30/04/2025 13:45;587.06
30/04/2025 14:00;587.06
30/04/2025 14:15;587.06
30/04/2025 14:30;587.06
30/04/2025 14:45;587.06
30/04/2025 15:00;587.06
30/04/2025 15:15;587.06
30/04/2025 15:30;587.06
30/04/2025 15:45;587.06
30/04/2025 16:00;587.06
30/04/2025 16:15;587.06
30/04/2025 16:30;587.06
30/04/2025 16:45;587.06
30/04/2025 17:00;587.06
30/04/2025 17:15;587.06
30/04/2025 17:30;587.06
30/04/2025 17:45;587.06
30/04/2025 18:00;587.06
30/04/2025 18:15;587.06
30/04/2025 18:30;587.06
30/04/2025 18:45;587.06
30/04/2025 19:00;587.06
30/04/2025 19:15;587.06
30/04/2025 19:30;587.06
30/04/2025 19:45;587.06
30/04/2025 20:00;587.06
30/04/2025 20:15;587.06
30/04/2025 20:30;587.06
30/04/2025 20:45;587.06
30/04/2025 21:00;587.06
30/04/2025 21:15;587.06
30/04/2025 21:30;587.06
30/04/2025 21:45;587.06
30/04/2025 22:00;587.06
30/04/2025 22:15;587.06
30/04/2025 22:30;587.05
30/04/2025 22:45;587.05
30/04/2025 23:00;587.04
30/04/2025 23:15;587.04
30/04/2025 23:30;587.04
30/04/2025 23:45;587.03
01/05/2025 00:00;587.03
01/05/2025 00:15;587.03
01/05/2025 00:30;587.02
01/05/2025 00:45;587.02
01/05/2025 01:00;587.02
01/05/2025 01:15;587.02
01/05/2025 01:30;587.02
01/05/2025 01:45;587.02
01/05/2025 02:00;587.02
01/05/2025 02:15;587.03
01/05/2025 02:30;587.01
01/05/2025 02:45;587.01
01/05/2025 03:00;587.01
01/05/2025 03:15;587.01
01/05/2025 03:30;587.01
01/05/2025 03:45;587.01
01/05/2025 04:00;587.01
01/05/2025 04:15;587.01
01/05/2025 04:30;587.01
01/05/2025 04:45;587.01
01/05/2025 05:00;587.01
01/05/2025 05:15;587.01
01/05/2025 05:30;587.01
01/05/2025 05:45;587
01/05/2025 06:00;587
01/05/2025 06:15;587.01
01/05/2025 06:30;587
01/05/2025 06:45;587.01
01/05/2025 07:00;587.01
01/05/2025 07:15;587
01/05/2025 07:30;587.01
01/05/2025 07:45;587
01/05/2025 08:00;587.01
01/05/2025 08:15;586.99
01/05/2025 08:30;586.99
01/05/2025 08:45;587
01/05/2025 09:00;586.99
01/05/2025 09:15;587
01/05/2025 09:30;587
01/05/2025 09:45;587
01/05/2025 10:00;587
01/05/2025 10:15;587
01/05/2025 10:30;587
01/05/2025 10:45;587
01/05/2025 11:00;587
01/05/2025 11:15;587
01/05/2025 11:30;587
01/05/2025 11:45;587
01/05/2025 12:00;587
01/05/2025 12:15;586.99
01/05/2025 12:30;587
01/05/2025 12:45;587
01/05/2025 13:00;587
01/05/2025 13:15;587
01/05/2025 13:30;587.01
01/05/2025 13:45;587
01/05/2025 14:00;587.01
01/05/2025 14:15;587
01/05/2025 14:30;587.01
01/05/2025 14:45;587.01
01/05/2025 15:00;587
01/05/2025 15:15;587
01/05/2025 15:30;587.01
01/05/2025 15:45;587
01/05/2025 16:00;587.01
01/05/2025 16:15;587.01
01/05/2025 16:30;587
01/05/2025 16:45;587
01/05/2025 17:00;587.01
01/05/2025 17:15;587
01/05/2025 17:30;586.99
01/05/2025 17:45;586.99
01/05/2025 18:00;587
01/05/2025 18:15;587
01/05/2025 18:30;587
01/05/2025 18:45;587
01/05/2025 19:00;587
01/05/2025 19:15;587
01/05/2025 19:30;587.01
01/05/2025 19:45;587.01
01/05/2025 20:00;587.01
01/05/2025 20:15;587
01/05/2025 20:30;587
01/05/2025 20:45;587.01
01/05/2025 21:00;587
01/05/2025 21:15;587
01/05/2025 21:30;587
01/05/2025 21:45;586.99
01/05/2025 22:00;586.99
01/05/2025 22:15;586.99
01/05/2025 22:30;586.99
01/05/2025 22:45;586.98
01/05/2025 23:00;586.98
01/05/2025 23:15;586.98
01/05/2025 23:30;586.98
01/05/2025 23:45;586.96
02/05/2025 00:00;586.96
02/05/2025 00:15;586.96
02/05/2025 00:30;586.96
02/05/2025 00:45;586.96
02/05/2025 01:00;586.96
02/05/2025 01:15;586.96
02/05/2025 01:30;586.96
02/05/2025 01:45;586.96
02/05/2025 02:00;586.96
02/05/2025 02:15;586.96
02/05/2025 02:30;586.96
02/05/2025 02:45;586.96
02/05/2025 03:00;586.96
02/05/2025 03:15;586.96
02/05/2025 03:30;586.96
02/05/2025 03:45;586.96
02/05/2025 04:00;586.96
02/05/2025 04:15;586.96
02/05/2025 04:30;586.96
02/05/2025 04:45;586.96
02/05/2025 05:00;586.96
02/05/2025 05:15;586.96
02/05/2025 05:30;586.96
02/05/2025 05:45;586.96
02/05/2025 06:00;586.96
02/05/2025 06:15;586.96
02/05/2025 06:30;586.96
02/05/2025 06:45;586.96
02/05/2025 07:00;586.96
02/05/2025 07:15;586.96
02/05/2025 07:30;586.96
02/05/2025 07:45;586.96
02/05/2025 08:00;586.96
02/05/2025 08:15;586.96
02/05/2025 08:30;586.96
02/05/2025 08:45;586.96
02/05/2025 09:00;586.95
02/05/2025 09:15;586.95
02/05/2025 09:30;586.95
02/05/2025 09:45;586.96
02/05/2025 10:00;586.95
02/05/2025 10:15;586.96
02/05/2025 10:30;586.95
02/05/2025 10:45;586.95
02/05/2025 11:00;586.96
02/05/2025 11:15;586.96
02/05/2025 11:30;586.96
02/05/2025 11:45;586.96
02/05/2025 12:00;586.95
02/05/2025 12:15;586.96
02/05/2025 12:30;586.95
02/05/2025 12:45;586.96
02/05/2025 13:00;586.96
02/05/2025 13:15;586.96
02/05/2025 13:30;586.96
02/05/2025 13:45;586.96
02/05/2025 14:00;586.96
02/05/2025 14:15;586.96
02/05/2025 14:30;586.96
02/05/2025 14:45;586.96
02/05/2025 15:00;586.96
02/05/2025 15:15;586.96
02/05/2025 15:30;586.96
02/05/2025 15:45;586.96
02/05/2025 16:00;586.96
02/05/2025 16:15;586.96
02/05/2025 16:30;586.96
02/05/2025 16:45;586.96
02/05/2025 17:00;586.96
02/05/2025 17:15;586.96
02/05/2025 17:30;586.96
02/05/2025 17:45;586.96
02/05/2025 18:00;586.96
02/05/2025 18:15;586.96
02/05/2025 18:30;586.96
02/05/2025 18:45;586.96
02/05/2025 19:00;586.96
02/05/2025 19:15;586.96
02/05/2025 19:30;586.98
02/05/2025 19:45;586.96
02/05/2025 20:00;586.96
02/05/2025 20:15;586.96
02/05/2025 20:30;586.96
02/05/2025 20:45;586.96
02/05/2025 21:00;586.96
02/05/2025 21:15;586.96
02/05/2025 21:30;586.96
02/05/2025 21:45;586.96
02/05/2025 22:00;586.95
02/05/2025 22:15;586.95
02/05/2025 22:30;586.94
02/05/2025 22:45;586.95
02/05/2025 23:00;586.94
02/05/2025 23:15;586.94
02/05/2025 23:30;586.94
02/05/2025 23:45;586.94
03/05/2025 00:00;586.93
03/05/2025 00:15;586.93
03/05/2025 00:30;586.93
03/05/2025 00:45;586.94
03/05/2025 01:00;586.94
03/05/2025 01:15;586.94
03/05/2025 01:30;586.94
03/05/2025 01:45;586.94
03/05/2025 02:00;586.93
03/05/2025 02:15;586.94
03/05/2025 02:30;586.93
03/05/2025 02:45;586.94
03/05/2025 03:00;586.93
03/05/2025 03:15;586.94
03/05/2025 03:30;586.94
03/05/2025 03:45;586.94
03/05/2025 04:00;586.94
03/05/2025 04:15;586.94
03/05/2025 04:30;586.94
03/05/2025 04:45;586.94
03/05/2025 05:00;586.94
03/05/2025 05:15;586.94
03/05/2025 05:30;586.94
03/05/2025 05:45;586.94
03/05/2025 06:00;586.94
03/05/2025 06:15;586.94
03/05/2025 06:30;586.95
03/05/2025 06:45;586.94
03/05/2025 07:00;586.94
03/05/2025 07:15;586.94
03/05/2025 07:30;586.94
03/05/2025 07:45;586.94
03/05/2025 08:00;586.94
03/05/2025 08:15;586.94
03/05/2025 08:30;586.94
03/05/2025 08:45;586.94
03/05/2025 09:00;586.94
03/05/2025 09:15;586.94
03/05/2025 09:30;586.94
03/05/2025 09:45;586.94
03/05/2025 10:00;586.94
03/05/2025 10:15;586.95
03/05/2025 10:30;586.94
03/05/2025 10:45;586.94
03/05/2025 11:00;586.95
03/05/2025 11:15;586.94
03/05/2025 11:30;586.94
03/05/2025 11:45;586.94
03/05/2025 12:00;586.95
03/05/2025 12:15;586.95
03/05/2025 12:30;586.95
03/05/2025 12:45;586.95
03/05/2025 13:00;586.95
03/05/2025 13:15;586.95
03/05/2025 13:30;586.94
03/05/2025 13:45;586.95
03/05/2025 14:00;586.95
03/05/2025 14:15;586.95
03/05/2025 14:30;586.94
03/05/2025 14:45;586.94
03/05/2025 15:00;586.94
03/05/2025 15:15;586.95
03/05/2025 15:30;586.95
03/05/2025 15:45;586.95
03/05/2025 16:00;586.95
03/05/2025 16:15;586.94
03/05/2025 16:30;586.94
03/05/2025 16:45;586.95
03/05/2025 17:00;586.95
03/05/2025 17:15;586.94
03/05/2025 17:30;586.95
03/05/2025 17:45;586.94
03/05/2025 18:00;586.95
03/05/2025 18:15;586.94
03/05/2025 18:30;586.95
03/05/2025 18:45;586.95
03/05/2025 19:00;586.94
03/05/2025 19:15;586.95
03/05/2025 19:30;586.94
03/05/2025 19:45;586.94
03/05/2025 20:00;586.94
03/05/2025 20:15;586.94
03/05/2025 20:30;586.94
03/05/2025 20:45;586.94
03/05/2025 21:00;586.94
03/05/2025 21:15;586.94
03/05/2025 21:30;586.94
03/05/2025 21:45;586.93
03/05/2025 22:00;586.93
03/05/2025 22:15;586.93
03/05/2025 22:30;586.92
03/05/2025 22:45;586.92
03/05/2025 23:00;586.92
03/05/2025 23:15;586.91
03/05/2025 23:30;586.91
03/05/2025 23:45;586.91
04/05/2025 00:00;586.91
04/05/2025 00:15;586.91
04/05/2025 00:30;586.91
04/05/2025 00:45;586.91
04/05/2025 01:00;586.91
04/05/2025 01:15;586.89
04/05/2025 01:30;586.91
04/05/2025 01:45;586.91
04/05/2025 02:00;586.91
04/05/2025 02:15;586.89
04/05/2025 02:30;586.89
04/05/2025 02:45;586.91
04/05/2025 03:00;586.89
04/05/2025 03:15;586.89
04/05/2025 03:30;586.91
04/05/2025 03:45;586.89
04/05/2025 04:00;586.89
04/05/2025 04:15;586.88
04/05/2025 04:30;586.89
04/05/2025 04:45;586.89
04/05/2025 05:00;586.88
04/05/2025 05:15;586.88
04/05/2025 05:30;586.89
04/05/2025 05:45;586.88
04/05/2025 06:00;586.89
04/05/2025 06:15;586.88
04/05/2025 06:30;586.88
04/05/2025 06:45;586.88
04/05/2025 07:00;586.89
04/05/2025 07:15;586.89
04/05/2025 07:30;586.89
04/05/2025 07:45;586.89
04/05/2025 08:00;586.88
04/05/2025 08:15;586.89
04/05/2025 08:30;586.89
04/05/2025 08:45;586.89
04/05/2025 09:00;586.88
04/05/2025 09:15;586.89
04/05/2025 09:30;586.89
04/05/2025 09:45;586.88
04/05/2025 10:00;586.88
04/05/2025 10:15;586.89
04/05/2025 10:30;586.89
04/05/2025 10:45;586.89
04/05/2025 11:00;586.88
04/05/2025 11:15;586.89
04/05/2025 11:30;586.89
04/05/2025 11:45;586.89
04/05/2025 12:00;586.89
04/05/2025 12:15;586.89
04/05/2025 12:30;586.88
04/05/2025 12:45;586.89
04/05/2025 13:00;586.89
04/05/2025 13:15;586.89
04/05/2025 13:30;586.88
04/05/2025 13:45;586.88
04/05/2025 14:00;586.89
04/05/2025 14:15;586.88
04/05/2025 14:30;586.89
04/05/2025 14:45;586.88
04/05/2025 15:00;586.89
04/05/2025 15:15;586.88
04/05/2025 15:30;586.89
04/05/2025 15:45;586.88
04/05/2025 16:00;586.89
04/05/2025 16:15;586.89
04/05/2025 16:30;586.89
04/05/2025 16:45;586.88
04/05/2025 17:00;586.89
04/05/2025 17:15;586.88
04/05/2025 17:30;586.88
04/05/2025 17:45;586.88
04/05/2025 18:00;586.88
04/05/2025 18:15;586.88
04/05/2025 18:30;586.88
04/05/2025 18:45;586.89
04/05/2025 19:00;586.88
04/05/2025 19:15;586.88
04/05/2025 19:30;586.88
04/05/2025 19:45;586.89
04/05/2025 20:00;586.88
04/05/2025 20:15;586.88
04/05/2025 20:30;586.88
04/05/2025 20:45;586.88
04/05/2025 21:00;586.88
04/05/2025 21:15;586.88
04/05/2025 21:30;586.88
04/05/2025 21:45;586.88
04/05/2025 22:00;586.88
04/05/2025 22:15;586.88
04/05/2025 22:30;586.88
04/05/2025 22:45;586.88
04/05/2025 23:00;586.88
04/05/2025 23:15;586.88
04/05/2025 23:30;586.88
04/05/2025 23:45;586.88
05/05/2025 00:00;586.88
05/05/2025 00:15;586.87
05/05/2025 00:30;586.87
05/05/2025 00:45;586.87
05/05/2025 01:00;586.87
05/05/2025 01:15;586.87
05/05/2025 01:30;586.87
05/05/2025 01:45;586.87
05/05/2025 02:00;586.86
05/05/2025 02:15;586.87
05/05/2025 02:30;586.86
05/05/2025 02:45;586.87
05/05/2025 03:00;586.86
05/05/2025 03:15;586.87
05/05/2025 03:30;586.87
05/05/2025 03:45;586.87
05/05/2025 04:00;586.86
05/05/2025 04:15;586.87
05/05/2025 04:30;586.86
05/05/2025 04:45;586.86
05/05/2025 05:00;586.87
05/05/2025 05:15;586.86
05/05/2025 05:30;586.86
05/05/2025 05:45;586.87
05/05/2025 06:00;586.86
05/05/2025 06:15;586.86
05/05/2025 06:30;586.86
05/05/2025 06:45;586.86
05/05/2025 07:00;586.86
05/05/2025 07:15;586.86
05/05/2025 07:30;586.86
05/05/2025 07:45;586.86
05/05/2025 08:00;586.86
05/05/2025 08:15;586.86
05/05/2025 08:30;586.86
05/05/2025 08:45;586.86
05/05/2025 09:00;586.85
05/05/2025 09:15;586.85
05/05/2025 09:30;586.86
05/05/2025 09:45;586.86
05/05/2025 10:00;586.86
05/05/2025 10:15;586.86
05/05/2025 10:30;586.86
05/05/2025 10:45;586.86
05/05/2025 11:00;586.86
05/05/2025 11:15;586.86
05/05/2025 11:30;586.86
05/05/2025 11:45;586.86
05/05/2025 12:00;586.86
05/05/2025 12:15;586.86
05/05/2025 12:30;586.86
05/05/2025 12:45;586.87
05/05/2025 13:00;586.86
05/05/2025 13:15;586.86
05/05/2025 13:30;586.86
05/05/2025 13:45;586.86
05/05/2025 14:00;586.87
05/05/2025 14:15;586.87
05/05/2025 14:30;586.87
05/05/2025 14:45;586.86
05/05/2025 15:00;586.86
05/05/2025 15:15;586.86
05/05/2025 15:30;586.87
05/05/2025 15:45;586.86
05/05/2025 16:00;586.87
05/05/2025 16:15;586.86
05/05/2025 16:30;586.86
05/05/2025 16:45;586.86
05/05/2025 17:00;586.86
05/05/2025 17:15;586.87
05/05/2025 17:30;586.86
05/05/2025 17:45;586.86
05/05/2025 18:00;586.86
05/05/2025 18:15;586.86
05/05/2025 18:30;586.86
05/05/2025 18:45;586.87
05/05/2025 19:00;586.87
05/05/2025 19:15;586.87
05/05/2025 19:30;586.87
05/05/2025 19:45;586.87
05/05/2025 20:00;586.87
05/05/2025 20:15;586.86
05/05/2025 20:30;586.87
05/05/2025 20:45;586.86
05/05/2025 21:00;586.86
05/05/2025 21:15;586.86
05/05/2025 21:30;586.86
05/05/2025 21:45;586.87
05/05/2025 22:00;586.86
05/05/2025 22:15;586.86
05/05/2025 22:30;586.86
05/05/2025 22:45;586.87
05/05/2025 23:00;586.86
05/05/2025 23:15;586.87
05/05/2025 23:30;586.86
05/05/2025 23:45;586.87
06/05/2025 00:00;586.86
06/05/2025 00:15;586.86
06/05/2025 00:30;586.87
06/05/2025 00:45;586.86
06/05/2025 01:00;586.86
06/05/2025 01:15;586.86
06/05/2025 01:30;586.86
06/05/2025 01:45;586.86
06/05/2025 02:00;586.86
06/05/2025 02:15;586.86
06/05/2025 02:30;586.86
06/05/2025 02:45;586.86
06/05/2025 03:00;586.86
06/05/2025 03:15;586.86
06/05/2025 03:30;586.87
06/05/2025 03:45;586.86
06/05/2025 04:00;586.86
06/05/2025 04:15;586.86
06/05/2025 04:30;586.86
06/05/2025 04:45;586.86
06/05/2025 05:00;586.85
06/05/2025 05:15;586.86
06/05/2025 05:30;586.86
06/05/2025 05:45;586.86
06/05/2025 06:00;586.85
06/05/2025 06:15;586.85
06/05/2025 06:30;586.85
06/05/2025 06:45;586.86
06/05/2025 07:00;586.85
06/05/2025 07:15;586.85
06/05/2025 07:30;586.85
06/05/2025 07:45;586.85
06/05/2025 08:00;586.84
06/05/2025 08:15;586.84
06/05/2025 08:30;586.85
06/05/2025 08:45;586.85
06/05/2025 09:00;586.85
06/05/2025 09:15;586.85
06/05/2025 09:30;586.85
06/05/2025 09:45;586.85
06/05/2025 10:00;586.85
06/05/2025 10:15;586.85
06/05/2025 10:30;586.86
06/05/2025 10:45;586.86
06/05/2025 11:00;586.85
06/05/2025 11:15;586.85
06/05/2025 11:30;586.86
06/05/2025 11:45;586.86
06/05/2025 12:00;586.86
06/05/2025 12:15;586.87
06/05/2025 12:30;586.87
06/05/2025 12:45;586.86
06/05/2025 13:00;586.86
06/05/2025 13:15;586.86
06/05/2025 13:30;586.86
06/05/2025 13:45;586.87
06/05/2025 14:00;586.87
06/05/2025 14:15;586.87
06/05/2025 14:30;586.87
06/05/2025 14:45;586.87
06/05/2025 15:00;586.88
06/05/2025 15:15;586.87
06/05/2025 15:30;586.87
06/05/2025 15:45;586.87
06/05/2025 16:00;586.87
06/05/2025 16:15;586.88
06/05/2025 16:30;586.88
06/05/2025 16:45;586.88
06/05/2025 17:00;586.87
06/05/2025 17:15;586.88
06/05/2025 17:30;586.88
06/05/2025 17:45;586.88
06/05/2025 18:00;586.88
06/05/2025 18:15;586.88
06/05/2025 18:30;586.88
06/05/2025 18:45;586.88
06/05/2025 19:00;586.88
06/05/2025 19:15;586.88
06/05/2025 19:30;586.88
06/05/2025 19:45;586.88
06/05/2025 20:00;586.88
06/05/2025 20:15;586.88
06/05/2025 20:30;586.88
06/05/2025 20:45;586.88
06/05/2025 21:00;586.88
06/05/2025 21:15;586.88
06/05/2025 21:30;586.88
06/05/2025 21:45;586.88
06/05/2025 22:00;586.88
06/05/2025 22:15;586.88
06/05/2025 22:30;586.88
06/05/2025 22:45;586.88
06/05/2025 23:00;586.88
06/05/2025 23:15;586.88
06/05/2025 23:30;586.88
06/05/2025 23:45;586.88
07/05/2025 00:00;586.88
07/05/2025 00:15;586.88
07/05/2025 00:30;586.88
07/05/2025 00:45;586.88
07/05/2025 01:00;586.88
07/05/2025 01:15;586.88
07/05/2025 01:30;586.88
07/05/2025 01:45;586.88
07/05/2025 02:00;586.88
07/05/2025 02:15;586.88
07/05/2025 02:30;586.88
07/05/2025 02:45;586.88
07/05/2025 03:00;586.88
07/05/2025 03:15;586.88
07/05/2025 03:30;586.88
07/05/2025 03:45;586.88
07/05/2025 04:00;586.89
07/05/2025 04:15;586.89
07/05/2025 04:30;586.89
07/05/2025 04:45;586.89
07/05/2025 05:00;586.89
07/05/2025 05:15;586.89
07/05/2025 05:30;586.89
07/05/2025 05:45;586.89
07/05/2025 06:00;586.91
07/05/2025 06:15;586.89
07/05/2025 06:30;586.89
07/05/2025 06:45;586.89
07/05/2025 07:00;586.89
07/05/2025 07:15;586.91
07/05/2025 07:30;586.91
07/05/2025 07:45;586.91
07/05/2025 08:00;586.91
07/05/2025 08:15;586.91
07/05/2025 08:30;586.89
07/05/2025 08:45;586.91
07/05/2025 09:00;586.91
07/05/2025 09:15;586.91
07/05/2025 09:30;586.91
07/05/2025 09:45;586.91
07/05/2025 10:00;586.91
07/05/2025 10:15;586.91
07/05/2025 10:30;586.91
07/05/2025 10:45;586.91
07/05/2025 11:00;586.91
07/05/2025 11:15;586.91
07/05/2025 11:30;586.91
07/05/2025 11:45;586.91
07/05/2025 12:00;586.91
07/05/2025 12:15;586.91
07/05/2025 12:30;586.91
07/05/2025 12:45;586.91
07/05/2025 13:00;586.92
07/05/2025 13:15;586.91
07/05/2025 13:30;586.91
07/05/2025 13:45;586.91
07/05/2025 14:00;586.91
07/05/2025 14:15;586.92
07/05/2025 14:30;586.92
07/05/2025 14:45;586.92
07/05/2025 15:00;586.92
07/05/2025 15:15;586.92
07/05/2025 15:30;586.92
07/05/2025 15:45;586.92
07/05/2025 16:00;586.92
07/05/2025 16:15;586.92
07/05/2025 16:30;586.92
07/05/2025 16:45;586.92
07/05/2025 17:00;586.92
07/05/2025 17:15;586.92
07/05/2025 17:30;586.93
07/05/2025 17:45;586.92
07/05/2025 18:00;586.93
07/05/2025 18:15;586.93
07/05/2025 18:30;586.93
07/05/2025 18:45;586.93
07/05/2025 19:00;586.93
07/05/2025 19:15;586.93
07/05/2025 19:30;586.93
07/05/2025 19:45;586.93
07/05/2025 20:00;586.93
07/05/2025 20:15;586.94
07/05/2025 20:30;586.93
07/05/2025 20:45;586.93
07/05/2025 21:00;586.93
07/05/2025 21:15;586.93
07/05/2025 21:30;586.93
07/05/2025 21:45;586.92
07/05/2025 22:00;586.93
07/05/2025 22:15;586.92
07/05/2025 22:30;586.92
07/05/2025 22:45;586.92
07/05/2025 23:00;586.92
07/05/2025 23:15;586.91
07/05/2025 23:30;586.91
07/05/2025 23:45;586.91
08/05/2025 00:00;586.91
08/05/2025 00:15;586.91
08/05/2025 00:30;586.91
08/05/2025 00:45;586.91
08/05/2025 01:00;586.91
08/05/2025 01:15;586.91
08/05/2025 01:30;586.91
08/05/2025 01:45;586.91
08/05/2025 02:00;586.91
08/05/2025 02:15;586.91
08/05/2025 02:30;586.92
08/05/2025 02:45;586.91
08/05/2025 03:00;586.91
08/05/2025 03:15;586.91
08/05/2025 03:30;586.92
08/05/2025 03:45;586.91
08/05/2025 04:00;586.92
08/05/2025 04:15;586.92
08/05/2025 04:30;586.92
08/05/2025 04:45;586.92
08/05/2025 05:00;586.92
08/05/2025 05:15;586.92
08/05/2025 05:30;586.92
08/05/2025 05:45;586.92
08/05/2025 06:00;586.92
08/05/2025 06:15;586.93
08/05/2025 06:30;586.93
08/05/2025 06:45;586.93
08/05/2025 07:00;586.93
08/05/2025 07:15;586.93
08/05/2025 07:30;586.93
08/05/2025 07:45;586.93
08/05/2025 08:00;586.93
08/05/2025 08:15;586.93
08/05/2025 08:30;586.93
08/05/2025 08:45;586.93
08/05/2025 09:00;586.93
08/05/2025 09:15;586.93
08/05/2025 09:30;586.93
08/05/2025 09:45;586.94
08/05/2025 10:00;586.94
08/05/2025 10:15;586.93
08/05/2025 10:30;586.94
08/05/2025 10:45;586.94
08/05/2025 11:00;586.94
08/05/2025 11:15;586.94
08/05/2025 11:30;586.94
08/05/2025 11:45;586.94
08/05/2025 12:00;586.94
08/05/2025 12:15;586.94
08/05/2025 12:30;586.94
08/05/2025 12:45;586.94
08/05/2025 13:00;586.94
08/05/2025 13:15;586.95
08/05/2025 13:30;586.95
08/05/2025 13:45;586.94
08/05/2025 14:00;586.95
08/05/2025 14:15;586.95
08/05/2025 14:30;586.95
08/05/2025 14:45;586.95
08/05/2025 15:00;586.95
08/05/2025 15:15;586.95
08/05/2025 15:30;586.95
08/05/2025 15:45;586.95
08/05/2025 16:00;586.95
08/05/2025 16:15;586.95
08/05/2025 16:30;586.95
08/05/2025 16:45;586.95
08/05/2025 17:00;586.96
08/05/2025 17:15;586.95
08/05/2025 17:30;586.95
08/05/2025 17:45;586.96
08/05/2025 18:00;586.96
08/05/2025 18:15;586.96
08/05/2025 18:30;586.96
08/05/2025 18:45;586.96
08/05/2025 19:00;586.96
08/05/2025 19:15;586.96
08/05/2025 19:30;586.96
08/05/2025 19:45;586.95
08/05/2025 20:00;586.95
08/05/2025 20:15;586.96
08/05/2025 20:30;586.96
08/05/2025 20:45;586.95
08/05/2025 21:00;586.96
08/05/2025 21:15;586.95
08/05/2025 21:30;586.95
08/05/2025 21:45;586.94
08/05/2025 22:00;586.94
08/05/2025 22:15;586.94
08/05/2025 22:30;586.94
08/05/2025 22:45;586.94
08/05/2025 23:00;586.93
08/05/2025 23:15;586.93
08/05/2025 23:30;586.93
08/05/2025 23:45;586.93
09/05/2025 00:00;586.93
09/05/2025 00:15;586.93
09/05/2025 00:30;586.93
09/05/2025 00:45;586.92
09/05/2025 01:00;586.93
09/05/2025 01:15;586.93
09/05/2025 01:30;586.93
09/05/2025 01:45;586.93
09/05/2025 02:00;586.93
09/05/2025 02:15;586.93
09/05/2025 02:30;586.93
09/05/2025 02:45;586.93
09/05/2025 03:00;586.93
09/05/2025 03:15;586.93
09/05/2025 03:30;586.93
09/05/2025 03:45;586.94
09/05/2025 04:00;586.93
09/05/2025 04:15;586.94
09/05/2025 04:30;586.94
09/05/2025 04:45;586.94
09/05/2025 05:00;586.94
09/05/2025 05:15;586.94
09/05/2025 05:30;586.94
09/05/2025 05:45;586.94
09/05/2025 06:00;586.94
09/05/2025 06:15;586.94
09/05/2025 06:30;586.94
09/05/2025 06:45;586.94
09/05/2025 07:00;586.93
09/05/2025 07:15;586.93
09/05/2025 07:30;586.93
09/05/2025 07:45;586.93
09/05/2025 08:00;586.93
09/05/2025 08:15;586.93
09/05/2025 08:30;586.93
09/05/2025 08:45;586.93
09/05/2025 09:00;586.93
09/05/2025 09:15;586.93
09/05/2025 09:30;586.93
09/05/2025 09:45;586.94
09/05/2025 10:00;586.94
09/05/2025 10:15;586.94
09/05/2025 10:30;586.94
09/05/2025 10:45;586.94
09/05/2025 11:00;586.94
09/05/2025 11:15;586.94
09/05/2025 11:30;586.94
09/05/2025 11:45;586.94
09/05/2025 12:00;586.94
09/05/2025 12:15;586.94
09/05/2025 12:30;586.94
09/05/2025 12:45;586.94
09/05/2025 13:00;586.94
09/05/2025 13:15;586.94
09/05/2025 13:30;586.94
09/05/2025 13:45;586.94
09/05/2025 14:00;586.94
09/05/2025 14:15;586.94
09/05/2025 14:30;586.94
09/05/2025 14:45;586.94
09/05/2025 15:00;586.94
09/05/2025 15:15;586.95
09/05/2025 15:30;586.95
09/05/2025 15:45;586.95
09/05/2025 16:00;586.94
09/05/2025 16:15;586.95
09/05/2025 16:30;586.95
09/05/2025 16:45;586.95
09/05/2025 17:00;586.95
09/05/2025 17:15;586.94
09/05/2025 17:30;586.95
09/05/2025 17:45;586.95
09/05/2025 18:00;586.94
09/05/2025 18:15;586.95
09/05/2025 18:30;586.94
09/05/2025 18:45;586.94
09/05/2025 19:00;586.93
09/05/2025 19:15;586.94
09/05/2025 19:30;586.93
09/05/2025 19:45;586.93
09/05/2025 20:00;586.93
09/05/2025 20:15;586.92
09/05/2025 20:30;586.93
09/05/2025 20:45;586.92
09/05/2025 21:00;586.94
09/05/2025 21:15;586.92
09/05/2025 21:30;586.93
09/05/2025 21:45;586.91
09/05/2025 22:00;586.91
09/05/2025 22:15;586.91
09/05/2025 22:30;586.91
09/05/2025 22:45;586.91
09/05/2025 23:00;586.91
09/05/2025 23:15;586.91
09/05/2025 23:30;586.89
09/05/2025 23:45;586.89
10/05/2025 00:00;586.88
10/05/2025 00:15;586.91
10/05/2025 00:30;586.88
10/05/2025 00:45;586.89
10/05/2025 01:00;586.88
10/05/2025 01:15;586.88
10/05/2025 01:30;586.89
10/05/2025 01:45;586.88
10/05/2025 02:00;586.88
10/05/2025 02:15;586.88
10/05/2025 02:30;586.88
10/05/2025 02:45;586.88
10/05/2025 03:00;586.88
10/05/2025 03:15;586.88
10/05/2025 03:30;586.88
10/05/2025 03:45;586.88
10/05/2025 04:00;586.87
10/05/2025 04:15;586.88
10/05/2025 04:30;586.87
10/05/2025 04:45;586.88
10/05/2025 05:00;586.87
10/05/2025 05:15;586.88
10/05/2025 05:30;586.87
10/05/2025 05:45;586.87
10/05/2025 06:00;586.86
10/05/2025 06:15;586.87
10/05/2025 06:30;586.87
10/05/2025 06:45;586.86
10/05/2025 07:00;586.87
10/05/2025 07:15;586.86
10/05/2025 07:30;586.86
10/05/2025 07:45;586.86
10/05/2025 08:00;586.86
10/05/2025 08:15;586.86
10/05/2025 08:30;586.86
10/05/2025 08:45;586.85
10/05/2025 09:00;586.86
10/05/2025 09:15;586.85
10/05/2025 09:30;586.85
10/05/2025 09:45;586.85
10/05/2025 10:00;586.86
10/05/2025 10:15;586.85
10/05/2025 10:30;586.85
10/05/2025 10:45;586.85
10/05/2025 11:00;586.85
10/05/2025 11:15;586.85
10/05/2025 11:30;586.85
10/05/2025 11:45;586.85
10/05/2025 12:00;586.84
10/05/2025 12:15;586.85
10/05/2025 12:30;586.85
10/05/2025 12:45;586.85
10/05/2025 13:00;586.84
10/05/2025 13:15;586.84
10/05/2025 13:30;586.85
10/05/2025 13:45;586.86
10/05/2025 14:00;586.87
10/05/2025 14:15;586.88
10/05/2025 14:30;586.88
10/05/2025 14:45;586.87
10/05/2025 15:00;586.88
10/05/2025 15:15;586.88
10/05/2025 15:30;586.88
10/05/2025 15:45;586.88
10/05/2025 16:00;586.89
10/05/2025 16:15;586.89
10/05/2025 16:30;586.91
10/05/2025 16:45;586.91
10/05/2025 17:00;586.91
10/05/2025 17:15;586.91
10/05/2025 17:30;586.91
10/05/2025 17:45;586.91
10/05/2025 18:00;586.92
10/05/2025 18:15;586.92
10/05/2025 18:30;586.93
10/05/2025 18:45;586.93
10/05/2025 19:00;586.94
10/05/2025 19:15;586.94
10/05/2025 19:30;586.95
10/05/2025 19:45;586.95
10/05/2025 20:00;586.96
10/05/2025 20:15;586.98
10/05/2025 20:30;586.99
10/05/2025 20:45;586.99
10/05/2025 21:00;586.99
10/05/2025 21:15;587
10/05/2025 21:30;587.01
10/05/2025 21:45;587.02
10/05/2025 22:00;587.03
10/05/2025 22:15;587.05
10/05/2025 22:30;587.05
10/05/2025 22:45;587.06
10/05/2025 23:00;587.06
10/05/2025 23:15;587.09
10/05/2025 23:30;587.07
10/05/2025 23:45;587.1
11/05/2025 00:00;587.11
11/05/2025 00:15;587.13
11/05/2025 00:30;587.14
11/05/2025 00:45;587.16
11/05/2025 01:00;587.17
11/05/2025 01:15;587.17
11/05/2025 01:30;587.19
11/05/2025 01:45;587.2
11/05/2025 02:00;587.22
11/05/2025 02:15;587.23
11/05/2025 02:30;587.24
11/05/2025 02:45;587.25
11/05/2025 03:00;587.27
11/05/2025 03:15;587.28
11/05/2025 03:30;587.28
11/05/2025 03:45;587.3
11/05/2025 04:00;587.31
11/05/2025 04:15;587.34
11/05/2025 04:30;587.34
11/05/2025 04:45;587.35
11/05/2025 05:00;587.36
11/05/2025 05:15;587.38
11/05/2025 05:30;587.39
11/05/2025 05:45;587.4
11/05/2025 06:00;587.41
11/05/2025 06:15;587.42
11/05/2025 06:30;587.43
11/05/2025 06:45;587.45
11/05/2025 07:00;587.45
11/05/2025 07:15;587.46
11/05/2025 07:30;587.47
11/05/2025 07:45;587.48
11/05/2025 08:00;587.5
11/05/2025 08:15;587.5
11/05/2025 08:30;587.5
11/05/2025 08:45;587.52
11/05/2025 09:00;587.53
11/05/2025 09:15;587.53
11/05/2025 09:30;587.55
11/05/2025 09:45;587.55
11/05/2025 10:00;587.56
11/05/2025 10:15;587.57
11/05/2025 10:30;587.58
11/05/2025 10:45;587.59
11/05/2025 11:00;587.6
11/05/2025 11:15;587.61
11/05/2025 11:30;587.61
11/05/2025 11:45;587.61
11/05/2025 12:00;587.61
11/05/2025 12:15;587.63
11/05/2025 12:30;587.63
11/05/2025 12:45;587.63
11/05/2025 13:00;587.64
11/05/2025 13:15;587.65
11/05/2025 13:30;587.66
11/05/2025 13:45;587.67
11/05/2025 14:00;587.66
11/05/2025 14:15;587.67
11/05/2025 14:30;587.67
11/05/2025 14:45;587.67
11/05/2025 15:00;587.67
11/05/2025 15:15;587.68
11/05/2025 15:30;587.68
11/05/2025 15:45;587.68
11/05/2025 16:00;587.68
11/05/2025 16:15;587.68
11/05/2025 16:30;587.68
11/05/2025 16:45;587.7
11/05/2025 17:00;587.7
11/05/2025 17:15;587.7
11/05/2025 17:30;587.71
11/05/2025 17:45;587.7
11/05/2025 18:00;587.7
11/05/2025 18:15;587.71
11/05/2025 18:30;587.71
11/05/2025 18:45;587.71
11/05/2025 19:00;587.71
11/05/2025 19:15;587.71
11/05/2025 19:30;587.71
11/05/2025 19:45;587.72
11/05/2025 20:00;587.71
11/05/2025 20:15;587.72
11/05/2025 20:30;587.71
11/05/2025 20:45;587.72
11/05/2025 21:00;587.71
11/05/2025 21:15;587.71
11/05/2025 21:30;587.72
11/05/2025 21:45;587.72
11/05/2025 22:00;587.72
11/05/2025 22:15;587.72
11/05/2025 22:30;587.73
11/05/2025 22:45;587.72
11/05/2025 23:00;587.73
11/05/2025 23:15;587.72
11/05/2025 23:30;587.72
11/05/2025 23:45;587.72
12/05/2025 00:00;587.72
12/05/2025 00:15;587.73
12/05/2025 00:30;587.72
12/05/2025 00:45;587.72
12/05/2025 01:00;587.72
12/05/2025 01:15;587.73
12/05/2025 01:30;587.73
12/05/2025 01:45;587.73
12/05/2025 02:00;587.73
12/05/2025 02:15;587.73
12/05/2025 02:30;587.73
12/05/2025 02:45;587.73
12/05/2025 03:00;587.73
12/05/2025 03:15;587.73
12/05/2025 03:30;587.73
12/05/2025 03:45;587.73
12/05/2025 04:00;587.73
12/05/2025 04:15;587.73
12/05/2025 04:30;587.73
12/05/2025 04:45;587.73
12/05/2025 05:00;587.73
12/05/2025 05:15;587.73
12/05/2025 05:30;587.73
12/05/2025 05:45;587.73
12/05/2025 06:00;587.73
12/05/2025 06:15;587.73
12/05/2025 06:30;587.72
12/05/2025 06:45;587.73
12/05/2025 07:00;587.73
12/05/2025 07:15;587.72
12/05/2025 07:30;587.72
12/05/2025 07:45;587.73
12/05/2025 08:00;587.72
12/05/2025 08:15;587.71
12/05/2025 08:30;587.71
12/05/2025 08:45;587.72
12/05/2025 09:00;587.72
12/05/2025 09:15;587.72
12/05/2025 09:30;587.72
12/05/2025 09:45;587.73
12/05/2025 10:00;587.73
12/05/2025 10:15;587.74
12/05/2025 10:30;587.74
12/05/2025 10:45;587.74
12/05/2025 11:00;587.75
12/05/2025 11:15;587.75
12/05/2025 11:30;587.75
12/05/2025 11:45;587.75
12/05/2025 12:00;587.76
12/05/2025 12:15;587.76
12/05/2025 12:30;587.76
12/05/2025 12:45;587.77
12/05/2025 13:00;587.77
12/05/2025 13:15;587.77
12/05/2025 13:30;587.78
12/05/2025 13:45;587.78
12/05/2025 14:00;587.78
12/05/2025 14:15;587.79
12/05/2025 14:30;587.79
12/05/2025 14:45;587.79
12/05/2025 15:00;587.79
12/05/2025 15:15;587.8
12/05/2025 15:30;587.8
12/05/2025 15:45;587.8
12/05/2025 16:00;587.8
12/05/2025 16:15;587.81
12/05/2025 16:30;587.81
12/05/2025 16:45;587.81
12/05/2025 17:00;587.81
12/05/2025 17:15;587.82
12/05/2025 17:30;587.82
12/05/2025 17:45;587.82
12/05/2025 18:00;587.82
12/05/2025 18:15;587.83
12/05/2025 18:30;587.83
12/05/2025 18:45;587.83
12/05/2025 19:00;587.84
12/05/2025 19:15;587.84
12/05/2025 19:30;587.84
12/05/2025 19:45;587.85
12/05/2025 20:00;587.85
12/05/2025 20:15;587.85
12/05/2025 20:30;587.86
12/05/2025 20:45;587.86
12/05/2025 21:00;587.86
12/05/2025 21:15;587.87
12/05/2025 21:30;587.87
12/05/2025 21:45;587.87
12/05/2025 22:00;587.88
12/05/2025 22:15;587.88
12/05/2025 22:30;587.88
12/05/2025 22:45;587.89
12/05/2025 23:00;587.89
12/05/2025 23:15;587.89
12/05/2025 23:30;587.89
12/05/2025 23:45;587.9
13/05/2025 00:00;587.9
13/05/2025 00:15;587.9
13/05/2025 00:30;587.91
13/05/2025 00:45;587.91
13/05/2025 01:00;587.91
13/05/2025 01:15;587.92
13/05/2025 01:30;587.92
13/05/2025 01:45;587.92
13/05/2025 02:00;587.93
13/05/2025 02:15;587.93
13/05/2025 02:30;587.93
13/05/2025 02:45;587.94
13/05/2025 03:00;587.94
13/05/2025 03:15;587.94
13/05/2025 03:30;587.94
13/05/2025 03:45;587.95
13/05/2025 04:00;587.95
13/05/2025 04:15;587.95
13/05/2025 04:30;587.96
13/05/2025 04:45;587.96
13/05/2025 05:00;587.96
13/05/2025 05:15;587.96
13/05/2025 05:30;587.97
13/05/2025 05:45;587.97
13/05/2025 06:00;587.97
13/05/2025 06:15;587.97
13/05/2025 06:30;587.98
13/05/2025 06:45;587.98
13/05/2025 07:00;587.98
13/05/2025 07:15;587.99
13/05/2025 07:30;587.99
13/05/2025 07:45;587.99
13/05/2025 08:00;588
13/05/2025 08:15;588
13/05/2025 08:30;588
13/05/2025 08:45;588
13/05/2025 09:00;588
13/05/2025 09:15;588.01
13/05/2025 09:30;588.01
13/05/2025 09:45;588.01
13/05/2025 10:00;588.01
13/05/2025 10:15;588.02
13/05/2025 10:30;588.02
13/05/2025 10:45;588.02
13/05/2025 11:00;588.02
13/05/2025 11:15;588.02
13/05/2025 11:30;588.02
13/05/2025 11:45;588.02
13/05/2025 12:00;588.02
13/05/2025 12:15;588.03
13/05/2025 12:30;588.03
13/05/2025 12:45;588.03
13/05/2025 13:00;588.03
13/05/2025 13:15;588.03
13/05/2025 13:30;588.03
13/05/2025 13:45;588.03
13/05/2025 14:00;588.03
13/05/2025 14:15;588.03
13/05/2025 14:30;588.04
13/05/2025 14:45;588.04
13/05/2025 15:00;588.04
13/05/2025 15:15;588.04
13/05/2025 15:30;588.04
13/05/2025 15:45;588.04
13/05/2025 16:00;588.04
13/05/2025 16:15;588.04
13/05/2025 16:30;588.04
13/05/2025 16:45;588.05
13/05/2025 17:00;588.05
13/05/2025 17:15;588.05
13/05/2025 17:30;588.05
13/05/2025 17:45;588.05
13/05/2025 18:00;588.06
13/05/2025 18:15;588.06
13/05/2025 18:30;588.06
13/05/2025 18:45;588.06
13/05/2025 19:00;588.07
13/05/2025 19:15;588.06
13/05/2025 19:30;588.07
13/05/2025 19:45;588.07
13/05/2025 20:00;588.07
13/05/2025 20:15;588.07
13/05/2025 20:30;588.07
13/05/2025 20:45;588.07
13/05/2025 21:00;588.07
13/05/2025 21:15;588.06
13/05/2025 21:30;588.06
13/05/2025 21:45;588.07
13/05/2025 22:00;588.06
13/05/2025 22:15;588.06
13/05/2025 22:30;588.06
13/05/2025 22:45;588.06
13/05/2025 23:00;588.06
13/05/2025 23:15;588.05
13/05/2025 23:30;588.05
13/05/2025 23:45;588.05
14/05/2025 00:00;588.05
14/05/2025 00:15;588.05
14/05/2025 00:30;588.04
14/05/2025 00:45;588.05
14/05/2025 01:00;588.04
14/05/2025 01:15;588.05
14/05/2025 01:30;588.04
14/05/2025 01:45;588.04
14/05/2025 02:00;588.04
14/05/2025 02:15;588.04
14/05/2025 02:30;588.04
14/05/2025 02:45;588.04
14/05/2025 03:00;588.04
14/05/2025 03:15;588.03
14/05/2025 03:30;588.03
14/05/2025 03:45;588.03
14/05/2025 04:00;588.03
14/05/2025 04:15;588.03
14/05/2025 04:30;588.03
14/05/2025 04:45;588.03
14/05/2025 05:00;588.03
14/05/2025 05:15;588.03
14/05/2025 05:30;588.03
14/05/2025 05:45;588.03
14/05/2025 06:00;588.03
14/05/2025 06:15;588.03
14/05/2025 06:30;588.03
14/05/2025 06:45;588.03
14/05/2025 07:00;588.03
14/05/2025 07:15;588.03
14/05/2025 07:30;588.03
14/05/2025 07:45;588.03
14/05/2025 08:00;588.03
14/05/2025 08:15;588.03
14/05/2025 08:30;588.03
14/05/2025 08:45;588.03
14/05/2025 09:00;588.03
14/05/2025 09:15;588.03
14/05/2025 09:30;588.03
14/05/2025 09:45;588.03
14/05/2025 10:00;588.03
14/05/2025 10:15;588.03
14/05/2025 10:30;588.03
14/05/2025 10:45;588.03
14/05/2025 11:00;588.03
14/05/2025 11:15;588.03
14/05/2025 11:30;588.03
14/05/2025 11:45;588.03
14/05/2025 12:00;588.03
14/05/2025 12:15;588.03
14/05/2025 12:30;588.01
14/05/2025 12:45;588.03
14/05/2025 13:00;588.01
14/05/2025 13:15;588.01
14/05/2025 13:30;588.01
14/05/2025 13:45;588.01
14/05/2025 14:00;588.01
14/05/2025 14:15;588.01
14/05/2025 14:30;588.01
14/05/2025 14:45;588.01
14/05/2025 15:00;588.01
14/05/2025 15:15;588.01
14/05/2025 15:30;588.01
14/05/2025 15:45;588.01
14/05/2025 16:00;588
14/05/2025 16:15;588.01
14/05/2025 16:30;588
14/05/2025 16:45;588
14/05/2025 17:00;588
14/05/2025 17:15;588
14/05/2025 17:30;588
14/05/2025 17:45;588
14/05/2025 18:00;588
14/05/2025 18:15;588
14/05/2025 18:30;588
14/05/2025 18:45;588
14/05/2025 19:00;588
14/05/2025 19:15;588
14/05/2025 19:30;588
14/05/2025 19:45;587.99
14/05/2025 20:00;587.99
14/05/2025 20:15;587.99
14/05/2025 20:30;587.97
14/05/2025 20:45;587.97
14/05/2025 21:00;587.97
14/05/2025 21:15;587.97
14/05/2025 21:30;587.97
14/05/2025 21:45;587.97
14/05/2025 22:00;587.97
14/05/2025 22:15;587.96
14/05/2025 22:30;587.96
14/05/2025 22:45;587.96
14/05/2025 23:00;587.95
14/05/2025 23:15;587.95
14/05/2025 23:30;587.95
14/05/2025 23:45;587.95
15/05/2025 00:00;587.94
15/05/2025 00:15;587.94
15/05/2025 00:30;587.93
15/05/2025 00:45;587.93
15/05/2025 01:00;587.93
15/05/2025 01:15;587.92
15/05/2025 01:30;587.92
15/05/2025 01:45;587.92
15/05/2025 02:00;587.92
15/05/2025 02:15;587.92
15/05/2025 02:30;587.92
15/05/2025 02:45;587.92
15/05/2025 03:00;587.92
15/05/2025 03:15;587.92
15/05/2025 03:30;587.9
15/05/2025 03:45;587.9
15/05/2025 04:00;587.9
15/05/2025 04:15;587.9
15/05/2025 04:30;587.9
15/05/2025 04:45;587.89
15/05/2025 05:00;587.89
15/05/2025 05:15;587.89
15/05/2025 05:30;587.88
15/05/2025 05:45;587.88
15/05/2025 06:00;587.88
15/05/2025 06:15;587.87
15/05/2025 06:30;587.87
15/05/2025 06:45;587.87
15/05/2025 07:00;587.87
15/05/2025 07:15;587.86
15/05/2025 07:30;587.86
15/05/2025 07:45;587.86
15/05/2025 08:00;587.86
15/05/2025 08:15;587.86
15/05/2025 08:30;587.85
15/05/2025 08:45;587.85
15/05/2025 09:00;587.85
15/05/2025 09:15;587.84
15/05/2025 09:30;587.84
15/05/2025 09:45;587.84
15/05/2025 10:00;587.83
15/05/2025 10:15;587.83
15/05/2025 10:30;587.83
15/05/2025 10:45;587.83
15/05/2025 11:00;587.83
15/05/2025 11:15;587.82
15/05/2025 11:30;587.82
15/05/2025 11:45;587.82
15/05/2025 12:00;587.82
15/05/2025 12:15;587.82
15/05/2025 12:30;587.82
15/05/2025 12:45;587.82
15/05/2025 13:00;587.82
15/05/2025 13:15;587.82
15/05/2025 13:30;587.82
15/05/2025 13:45;587.82
15/05/2025 14:00;587.82
15/05/2025 14:15;587.81
15/05/2025 14:30;587.82
15/05/2025 14:45;587.81
15/05/2025 15:00;587.82
15/05/2025 15:15;587.81
15/05/2025 15:30;587.81
15/05/2025 15:45;587.81
15/05/2025 16:00;587.81
15/05/2025 16:15;587.81
15/05/2025 16:30;587.79
15/05/2025 16:45;587.79
15/05/2025 17:00;587.79
15/05/2025 17:15;587.79
15/05/2025 17:30;587.79
15/05/2025 17:45;587.79
15/05/2025 18:00;587.79
15/05/2025 18:15;587.79
15/05/2025 18:30;587.79
15/05/2025 18:45;587.78
15/05/2025 19:00;587.78
15/05/2025 19:15;587.78
15/05/2025 19:30;587.77
15/05/2025 19:45;587.77
15/05/2025 20:00;587.76
15/05/2025 20:15;587.75
15/05/2025 20:30;587.75
15/05/2025 20:45;587.75
15/05/2025 21:00;587.75
15/05/2025 21:15;587.75
15/05/2025 21:30;587.74
15/05/2025 21:45;587.74
15/05/2025 22:00;587.74
15/05/2025 22:15;587.72
15/05/2025 22:30;587.72
15/05/2025 22:45;587.72
15/05/2025 23:00;587.71
15/05/2025 23:15;587.71
15/05/2025 23:30;587.71
15/05/2025 23:45;587.7
16/05/2025 00:00;587.69
16/05/2025 00:15;587.7
16/05/2025 00:30;587.69
16/05/2025 00:45;587.69
16/05/2025 01:00;587.68
16/05/2025 01:15;587.68
16/05/2025 01:30;587.67
16/05/2025 01:45;587.67
16/05/2025 02:00;587.67
16/05/2025 02:15;587.66
16/05/2025 02:30;587.66
16/05/2025 02:45;587.66
16/05/2025 03:00;587.65
16/05/2025 03:15;587.65
16/05/2025 03:30;587.65
16/05/2025 03:45;587.65
16/05/2025 04:00;587.64
16/05/2025 04:15;587.65
16/05/2025 04:30;587.64
16/05/2025 04:45;587.64
16/05/2025 05:00;587.64
16/05/2025 05:15;587.64
16/05/2025 05:30;587.63
16/05/2025 05:45;587.63
16/05/2025 06:00;587.63
16/05/2025 06:15;587.61
16/05/2025 06:30;587.61
16/05/2025 06:45;587.61
16/05/2025 07:00;587.61
16/05/2025 07:15;587.61
16/05/2025 07:30;587.61
16/05/2025 07:45;587.61
16/05/2025 08:00;587.6
16/05/2025 08:15;587.6
16/05/2025 08:30;587.6
16/05/2025 08:45;587.6
16/05/2025 09:00;587.59
16/05/2025 09:15;587.59
16/05/2025 09:30;587.58
16/05/2025 09:45;587.58
16/05/2025 10:00;587.58
16/05/2025 10:15;587.59
16/05/2025 10:30;587.58
16/05/2025 10:45;587.58
16/05/2025 11:00;587.57
16/05/2025 11:15;587.57
16/05/2025 11:30;587.57
16/05/2025 11:45;587.56
16/05/2025 12:00;587.56
16/05/2025 12:15;587.56
16/05/2025 12:30;587.56
16/05/2025 12:45;587.56
16/05/2025 13:00;587.56
16/05/2025 13:15;587.56
16/05/2025 13:30;587.56
16/05/2025 13:45;587.56
16/05/2025 14:00;587.56
16/05/2025 14:15;587.56
16/05/2025 14:30;587.56
16/05/2025 14:45;587.56
16/05/2025 15:00;587.56
16/05/2025 15:15;587.56
16/05/2025 15:30;587.56
16/05/2025 15:45;587.56
16/05/2025 16:00;587.56
16/05/2025 16:15;587.56
16/05/2025 16:30;587.56
16/05/2025 16:45;587.56
16/05/2025 17:00;587.56
16/05/2025 17:15;587.56
16/05/2025 17:30;587.56
16/05/2025 17:45;587.56
16/05/2025 18:00;587.57
16/05/2025 18:15;587.57
16/05/2025 18:30;587.57
16/05/2025 18:45;587.57
16/05/2025 19:00;587.57
16/05/2025 19:15;587.57
16/05/2025 19:30;587.57
16/05/2025 19:45;587.56
16/05/2025 20:00;587.57
16/05/2025 20:15;587.56
16/05/2025 20:30;587.56
16/05/2025 20:45;587.56
16/05/2025 21:00;587.56
16/05/2025 21:15;587.56
16/05/2025 21:30;587.56
16/05/2025 21:45;587.56
16/05/2025 22:00;587.54
16/05/2025 22:15;587.54
16/05/2025 22:30;587.54
16/05/2025 22:45;587.53
16/05/2025 23:00;587.54
16/05/2025 23:15;587.53
16/05/2025 23:30;587.53
16/05/2025 23:45;587.53
17/05/2025 00:00;587.53
17/05/2025 00:15;587.53
17/05/2025 00:30;587.53
17/05/2025 00:45;587.53
17/05/2025 01:00;587.53
17/05/2025 01:15;587.53
17/05/2025 01:30;587.53
17/05/2025 01:45;587.53
17/05/2025 02:00;587.53
17/05/2025 02:15;587.53
17/05/2025 02:30;587.53
17/05/2025 02:45;587.53
17/05/2025 03:00;587.53
17/05/2025 03:15;587.53
17/05/2025 03:30;587.53
17/05/2025 03:45;587.53
17/05/2025 04:00;587.53
17/05/2025 04:15;587.53
17/05/2025 04:30;587.53
17/05/2025 04:45;587.53
17/05/2025 05:00;587.53
17/05/2025 05:15;587.53
17/05/2025 05:30;587.53
17/05/2025 05:45;587.53
17/05/2025 06:00;587.53
17/05/2025 06:15;587.53
17/05/2025 06:30;587.53
17/05/2025 06:45;587.53
17/05/2025 07:00;587.53
17/05/2025 07:15;587.53
17/05/2025 07:30;587.54
17/05/2025 07:45;587.54
17/05/2025 08:00;587.54
17/05/2025 08:15;587.54
17/05/2025 08:30;587.53
17/05/2025 08:45;587.54
17/05/2025 09:00;587.54
17/05/2025 09:15;587.54
17/05/2025 09:30;587.53
17/05/2025 09:45;587.54
17/05/2025 10:00;587.54
17/05/2025 10:15;587.54
17/05/2025 10:30;587.56
17/05/2025 10:45;587.54
17/05/2025 11:00;587.54
17/05/2025 11:15;587.54
17/05/2025 11:30;587.54
17/05/2025 11:45;587.54
17/05/2025 12:00;587.54
17/05/2025 12:15;587.54
17/05/2025 12:30;587.54
17/05/2025 12:45;587.56
17/05/2025 13:00;587.56
17/05/2025 13:15;587.56
17/05/2025 13:30;587.56
17/05/2025 13:45;587.56
17/05/2025 14:00;587.56
17/05/2025 14:15;587.56
17/05/2025 14:30;587.56
17/05/2025 14:45;587.56
17/05/2025 15:00;587.56
17/05/2025 15:15;587.56
17/05/2025 15:30;587.56
17/05/2025 15:45;587.56
17/05/2025 16:00;587.56
17/05/2025 16:15;587.56
17/05/2025 16:30;587.56
17/05/2025 16:45;587.56
17/05/2025 17:00;587.56
17/05/2025 17:15;587.56
17/05/2025 17:30;587.56
17/05/2025 17:45;587.56
17/05/2025 18:00;587.57
17/05/2025 18:15;587.56
17/05/2025 18:30;587.56
17/05/2025 18:45;587.56
17/05/2025 19:00;587.56
17/05/2025 19:15;587.57
17/05/2025 19:30;587.57
17/05/2025 19:45;587.57
17/05/2025 20:00;587.57
17/05/2025 20:15;587.57
17/05/2025 20:30;587.57
17/05/2025 20:45;587.56
17/05/2025 21:00;587.56
17/05/2025 21:15;587.56
17/05/2025 21:30;587.56
17/05/2025 21:45;587.56
17/05/2025 22:00;587.56
17/05/2025 22:15;587.56
17/05/2025 22:30;587.56
17/05/2025 22:45;587.54
17/05/2025 23:00;587.54
17/05/2025 23:15;587.53
17/05/2025 23:30;587.53
17/05/2025 23:45;587.53
18/05/2025 00:00;587.53
18/05/2025 00:15;587.53
18/05/2025 00:30;587.53
18/05/2025 00:45;587.53
18/05/2025 01:00;587.53
18/05/2025 01:15;587.53
18/05/2025 01:30;587.53
18/05/2025 01:45;587.53
18/05/2025 02:00;587.53
18/05/2025 02:15;587.53
18/05/2025 02:30;587.53
18/05/2025 02:45;587.53
18/05/2025 03:00;587.53
18/05/2025 03:15;587.53
18/05/2025 03:30;587.53
18/05/2025 03:45;587.54
18/05/2025 04:00;587.54
18/05/2025 04:15;587.54
18/05/2025 04:30;587.54
18/05/2025 04:45;587.53
18/05/2025 05:00;587.54
18/05/2025 05:15;587.54
18/05/2025 05:30;587.54
18/05/2025 05:45;587.54
18/05/2025 06:00;587.53
18/05/2025 06:15;587.53
18/05/2025 06:30;587.54
18/05/2025 06:45;587.53
18/05/2025 07:00;587.53
18/05/2025 07:15;587.53
18/05/2025 07:30;587.54
18/05/2025 07:45;587.54
18/05/2025 08:00;587.53
18/05/2025 08:15;587.54
18/05/2025 08:30;587.54
18/05/2025 08:45;587.54
18/05/2025 09:00;587.54
18/05/2025 09:15;587.54
18/05/2025 09:30;587.56
18/05/2025 09:45;587.54
18/05/2025 10:00;587.54
18/05/2025 10:15;587.54
18/05/2025 10:30;587.54
18/05/2025 10:45;587.54
18/05/2025 11:00;587.53
18/05/2025 11:15;587.53
18/05/2025 11:30;587.53
18/05/2025 11:45;587.53
18/05/2025 12:00;587.53
18/05/2025 12:15;587.53
18/05/2025 12:30;587.53
18/05/2025 12:45;587.53
18/05/2025 13:00;587.53
18/05/2025 13:15;587.53
18/05/2025 13:30;587.53
18/05/2025 13:45;587.54
18/05/2025 14:00;587.53
18/05/2025 14:15;587.53
18/05/2025 14:30;587.53
18/05/2025 14:45;587.53
18/05/2025 15:00;587.53
18/05/2025 15:15;587.53
18/05/2025 15:30;587.53
18/05/2025 15:45;587.53
18/05/2025 16:00;587.53
18/05/2025 16:15;587.53
18/05/2025 16:30;587.53
18/05/2025 16:45;587.53
18/05/2025 17:00;587.53
18/05/2025 17:15;587.53
18/05/2025 17:30;587.53
18/05/2025 17:45;587.52
18/05/2025 18:00;587.52
18/05/2025 18:15;587.52
18/05/2025 18:30;587.51
18/05/2025 18:45;587.51
18/05/2025 19:00;587.51
18/05/2025 19:15;587.51
18/05/2025 19:30;587.5
18/05/2025 19:45;587.51
18/05/2025 20:00;587.5
18/05/2025 20:15;587.5
18/05/2025 20:30;587.5
18/05/2025 20:45;587.5
18/05/2025 21:00;587.49
18/05/2025 21:15;587.48
18/05/2025 21:30;587.47
18/05/2025 21:45;587.47
18/05/2025 22:00;587.46
18/05/2025 22:15;587.46
18/05/2025 22:30;587.45
18/05/2025 22:45;587.43
18/05/2025 23:00;587.43
18/05/2025 23:15;587.43
18/05/2025 23:30;587.43
18/05/2025 23:45;587.42
19/05/2025 00:00;587.42
19/05/2025 00:15;587.42
19/05/2025 00:30;587.41
19/05/2025 00:45;587.4
19/05/2025 01:00;587.4
19/05/2025 01:15;587.4
19/05/2025 01:30;587.39
19/05/2025 01:45;587.39
19/05/2025 02:00;587.39
19/05/2025 02:15;587.38
19/05/2025 02:30;587.39
19/05/2025 02:45;587.38
19/05/2025 03:00;587.38
19/05/2025 03:15;587.38
19/05/2025 03:30;587.38
19/05/2025 03:45;587.36
19/05/2025 04:00;587.38
19/05/2025 04:15;587.38
19/05/2025 04:30;587.36
19/05/2025 04:45;587.36
19/05/2025 05:00;587.36
19/05/2025 05:15;587.36
19/05/2025 05:30;587.35
19/05/2025 05:45;587.35
19/05/2025 06:00;587.35
19/05/2025 06:15;587.35
19/05/2025 06:30;587.35
19/05/2025 06:45;587.35
19/05/2025 07:00;587.35
19/05/2025 07:15;587.34
19/05/2025 07:30;587.34
19/05/2025 07:45;587.34
19/05/2025 08:00;587.34
19/05/2025 08:15;587.33
19/05/2025 08:30;587.33
19/05/2025 08:45;587.33
19/05/2025 09:00;587.32
19/05/2025 09:15;587.32
19/05/2025 09:30;587.32
19/05/2025 09:45;587.32
19/05/2025 10:00;587.32
19/05/2025 10:15;587.32
19/05/2025 10:30;587.32
19/05/2025 10:45;587.32
19/05/2025 11:00;587.31
19/05/2025 11:15;587.31
19/05/2025 11:30;587.3
19/05/2025 11:45;587.3
19/05/2025 12:00;587.3
19/05/2025 12:15;587.29
19/05/2025 12:30;587.29
19/05/2025 12:45;587.29
19/05/2025 13:00;587.29
19/05/2025 13:15;587.28
19/05/2025 13:30;587.28
19/05/2025 13:45;587.28
19/05/2025 14:00;587.28
19/05/2025 14:15;587.28
19/05/2025 14:30;587.28
19/05/2025 14:45;587.28
19/05/2025 15:00;587.27
19/05/2025 15:15;587.28
19/05/2025 15:30;587.27
19/05/2025 15:45;587.28
19/05/2025 16:00;587.27
19/05/2025 16:15;587.28
19/05/2025 16:30;587.28
19/05/2025 16:45;587.28
19/05/2025 17:00;587.28
19/05/2025 17:15;587.28
19/05/2025 17:30;587.28
19/05/2025 17:45;587.28
19/05/2025 18:00;587.28
19/05/2025 18:15;587.28
19/05/2025 18:30;587.28
19/05/2025 18:45;587.28
19/05/2025 19:00;587.28
19/05/2025 19:15;587.28
19/05/2025 19:30;587.28
19/05/2025 19:45;587.28
19/05/2025 20:00;587.28
19/05/2025 20:15;587.28
19/05/2025 20:30;587.29
19/05/2025 20:45;587.28
19/05/2025 21:00;587.28
19/05/2025 21:15;587.28
19/05/2025 21:30;587.28
19/05/2025 21:45;587.28
19/05/2025 22:00;587.28
19/05/2025 22:15;587.28
19/05/2025 22:30;587.28
19/05/2025 22:45;587.28
19/05/2025 23:00;587.28
19/05/2025 23:15;587.28
19/05/2025 23:30;587.28
19/05/2025 23:45;587.28
20/05/2025 00:00;587.28
20/05/2025 00:15;587.28
20/05/2025 00:30;587.28
20/05/2025 00:45;587.27
20/05/2025 01:00;587.28
20/05/2025 01:15;587.27
20/05/2025 01:30;587.27
20/05/2025 01:45;587.28
20/05/2025 02:00;587.27
20/05/2025 02:15;587.28
20/05/2025 02:30;587.28
20/05/2025 02:45;587.27
20/05/2025 03:00;587.28
20/05/2025 03:15;587.28
20/05/2025 03:30;587.27
20/05/2025 03:45;587.28
20/05/2025 04:00;587.28
20/05/2025 04:15;587.28
20/05/2025 04:30;587.28
20/05/2025 04:45;587.28
20/05/2025 05:00;587.28
20/05/2025 05:15;587.28
20/05/2025 05:30;587.28
20/05/2025 05:45;587.28
20/05/2025 06:00;587.28
20/05/2025 06:15;587.28
20/05/2025 06:30;587.28
20/05/2025 06:45;587.29
20/05/2025 07:00;587.29
20/05/2025 07:15;587.29
20/05/2025 07:30;587.29
20/05/2025 07:45;587.29
20/05/2025 08:00;587.29
20/05/2025 08:15;587.29
20/05/2025 08:30;587.3
20/05/2025 08:45;587.29
20/05/2025 09:00;587.3
20/05/2025 09:15;587.3
20/05/2025 09:30;587.3
20/05/2025 09:45;587.3
20/05/2025 10:00;587.31
20/05/2025 10:15;587.3
20/05/2025 10:30;587.31
20/05/2025 10:45;587.31
20/05/2025 11:00;587.31
20/05/2025 11:15;587.31
20/05/2025 11:30;587.31
20/05/2025 11:45;587.31
20/05/2025 12:00;587.31
20/05/2025 12:15;587.31
20/05/2025 12:30;587.31
20/05/2025 12:45;587.31
20/05/2025 13:00;587.31
20/05/2025 13:15;587.32
20/05/2025 13:30;587.32
20/05/2025 13:45;587.32
20/05/2025 14:00;587.32
20/05/2025 14:15;587.32
20/05/2025 14:30;587.32
20/05/2025 14:45;587.32
20/05/2025 15:00;587.32
20/05/2025 15:15;587.32
20/05/2025 15:30;587.32
20/05/2025 15:45;587.32
20/05/2025 16:00;587.32
20/05/2025 16:15;587.33
20/05/2025 16:30;587.32
20/05/2025 16:45;587.33
20/05/2025 17:00;587.32
20/05/2025 17:15;587.32
20/05/2025 17:30;587.32
20/05/2025 17:45;587.33
20/05/2025 18:00;587.33
20/05/2025 18:15;587.33
20/05/2025 18:30;587.33
20/05/2025 18:45;587.33
20/05/2025 19:00;587.33
20/05/2025 19:15;587.33
20/05/2025 19:30;587.34
20/05/2025 19:45;587.33
20/05/2025 20:00;587.34
20/05/2025 20:15;587.34
20/05/2025 20:30;587.34
20/05/2025 20:45;587.34
20/05/2025 21:00;587.34
20/05/2025 21:15;587.34
20/05/2025 21:30;587.35
20/05/2025 21:45;587.35
20/05/2025 22:00;587.35
20/05/2025 22:15;587.35
20/05/2025 22:30;587.35
20/05/2025 22:45;587.35
20/05/2025 23:00;587.35
20/05/2025 23:15;587.35
20/05/2025 23:30;587.35
20/05/2025 23:45;587.35
21/05/2025 00:00;587.35
21/05/2025 00:15;587.35
21/05/2025 00:30;587.35
21/05/2025 00:45;587.35
21/05/2025 01:00;587.35
21/05/2025 01:15;587.35
21/05/2025 01:30;587.35
21/05/2025 01:45;587.35
21/05/2025 02:00;587.35
21/05/2025 02:15;587.35
21/05/2025 02:30;587.35
21/05/2025 02:45;587.35
21/05/2025 03:00;587.35
21/05/2025 03:15;587.35
21/05/2025 03:30;587.35
21/05/2025 03:45;587.35
21/05/2025 04:00;587.35
21/05/2025 04:15;587.35
21/05/2025 04:30;587.35
21/05/2025 04:45;587.35
21/05/2025 05:00;587.35
21/05/2025 05:15;587.35
21/05/2025 05:30;587.35
21/05/2025 05:45;587.35
21/05/2025 06:00;587.35
21/05/2025 06:15;587.35
21/05/2025 06:30;587.35
21/05/2025 06:45;587.35
21/05/2025 07:00;587.35
21/05/2025 07:15;587.35
21/05/2025 07:30;587.35
21/05/2025 07:45;587.35
21/05/2025 08:00;587.35
21/05/2025 08:15;587.35
21/05/2025 08:30;587.35
21/05/2025 08:45;587.36
21/05/2025 09:00;587.36
21/05/2025 09:15;587.36
21/05/2025 09:30;587.36
21/05/2025 09:45;587.36
21/05/2025 10:00;587.36
21/05/2025 10:15;587.38
21/05/2025 10:30;587.38
21/05/2025 10:45;587.38
21/05/2025 11:00;587.38
21/05/2025 11:15;587.38
21/05/2025 11:30;587.38
21/05/2025 11:45;587.38
21/05/2025 12:00;587.38
21/05/2025 12:15;587.38
21/05/2025 12:30;587.38
21/05/2025 12:45;587.38
21/05/2025 13:00;587.38
21/05/2025 13:15;587.38
21/05/2025 13:30;587.38
21/05/2025 13:45;587.38
21/05/2025 14:00;587.39
21/05/2025 14:15;587.38
21/05/2025 14:30;587.39
21/05/2025 14:45;587.39
21/05/2025 15:00;587.39
21/05/2025 15:15;587.39
21/05/2025 15:30;587.39
21/05/2025 15:45;587.39
21/05/2025 16:00;587.39
21/05/2025 16:15;587.39
21/05/2025 16:30;587.4
21/05/2025 16:45;587.4
21/05/2025 17:00;587.4
21/05/2025 17:15;587.4
21/05/2025 17:30;587.4
21/05/2025 17:45;587.4
21/05/2025 18:00;587.4
21/05/2025 18:15;587.41
21/05/2025 18:30;587.41
21/05/2025 18:45;587.41
21/05/2025 19:00;587.41
21/05/2025 19:15;587.41
21/05/2025 19:30;587.41
21/05/2025 19:45;587.41
21/05/2025 20:00;587.41
21/05/2025 20:15;587.41
21/05/2025 20:30;587.42
21/05/2025 20:45;587.41
21/05/2025 21:00;587.42
21/05/2025 21:15;587.41
21/05/2025 21:30;587.41
21/05/2025 21:45;587.4
21/05/2025 22:00;587.41
21/05/2025 22:15;587.41
21/05/2025 22:30;587.4
21/05/2025 22:45;587.4
21/05/2025 23:00;587.4
21/05/2025 23:15;587.4
21/05/2025 23:30;587.39
21/05/2025 23:45;587.4
22/05/2025 00:00;587.39
22/05/2025 00:15;587.39
22/05/2025 00:30;587.39
22/05/2025 00:45;587.39
22/05/2025 01:00;587.39
22/05/2025 01:15;587.39
22/05/2025 01:30;587.39
22/05/2025 01:45;587.39
22/05/2025 02:00;587.39
22/05/2025 02:15;587.39
22/05/2025 02:30;587.4
22/05/2025 02:45;587.39
22/05/2025 03:00;587.39
22/05/2025 03:15;587.39
22/05/2025 03:30;587.39
22/05/2025 03:45;587.39
22/05/2025 04:00;587.39
22/05/2025 04:15;587.4
22/05/2025 04:30;587.4
22/05/2025 04:45;587.4
22/05/2025 05:00;587.4
22/05/2025 05:15;587.4
22/05/2025 05:30;587.4
22/05/2025 05:45;587.4
22/05/2025 06:00;587.4
22/05/2025 06:15;587.4
22/05/2025 06:30;587.41
22/05/2025 06:45;587.41
22/05/2025 07:00;587.4
22/05/2025 07:15;587.41
22/05/2025 07:30;587.41
22/05/2025 07:45;587.41
22/05/2025 08:00;587.41
22/05/2025 08:15;587.41
22/05/2025 08:30;587.42
22/05/2025 08:45;587.42
22/05/2025 09:00;587.41
22/05/2025 09:15;587.41
22/05/2025 09:30;587.42
22/05/2025 09:45;587.42
22/05/2025 10:00;587.42
22/05/2025 10:15;587.42
22/05/2025 10:30;587.42
22/05/2025 10:45;587.42
22/05/2025 11:00;587.42
22/05/2025 11:15;587.42
22/05/2025 11:30;587.42
22/05/2025 11:45;587.42
22/05/2025 12:00;587.42
22/05/2025 12:15;587.42
22/05/2025 12:30;587.42
22/05/2025 12:45;587.42
22/05/2025 13:00;587.43
22/05/2025 13:15;587.42
22/05/2025 13:30;587.43
22/05/2025 13:45;587.42
22/05/2025 14:00;587.43
22/05/2025 14:15;587.43
22/05/2025 14:30;587.43
22/05/2025 14:45;587.43
22/05/2025 15:00;587.43
22/05/2025 15:15;587.43
22/05/2025 15:30;587.43
22/05/2025 15:45;587.43
22/05/2025 16:00;587.43
22/05/2025 16:15;587.43
22/05/2025 16:30;587.43
22/05/2025 16:45;587.43
22/05/2025 17:00;587.43
22/05/2025 17:15;587.43
22/05/2025 17:30;587.43
22/05/2025 17:45;587.43
22/05/2025 18:00;587.43
22/05/2025 18:15;587.43
22/05/2025 18:30;587.43
22/05/2025 18:45;587.43
22/05/2025 19:00;587.43
22/05/2025 19:15;587.43
22/05/2025 19:30;587.43
22/05/2025 19:45;587.43
22/05/2025 20:00;587.43
22/05/2025 20:15;587.42
22/05/2025 20:30;587.42
22/05/2025 20:45;587.42
22/05/2025 21:00;587.42
22/05/2025 21:15;587.41
22/05/2025 21:30;587.41
22/05/2025 21:45;587.41
22/05/2025 22:00;587.41
22/05/2025 22:15;587.4
22/05/2025 22:30;587.4
22/05/2025 22:45;587.4
22/05/2025 23:00;587.39
22/05/2025 23:15;587.39
22/05/2025 23:30;587.4
22/05/2025 23:45;587.4
23/05/2025 00:00;587.4
23/05/2025 00:15;587.39
23/05/2025 00:30;587.4
23/05/2025 00:45;587.4
23/05/2025 01:00;587.39
23/05/2025 01:15;587.39
23/05/2025 01:30;587.4
23/05/2025 01:45;587.39
23/05/2025 02:00;587.39
23/05/2025 02:15;587.39
23/05/2025 02:30;587.39
23/05/2025 02:45;587.4
23/05/2025 03:00;587.39
23/05/2025 03:15;587.39
23/05/2025 03:30;587.39
23/05/2025 03:45;587.39
23/05/2025 04:00;587.39
23/05/2025 04:15;587.39
23/05/2025 04:30;587.39
23/05/2025 04:45;587.38
23/05/2025 05:00;587.38
23/05/2025 05:15;587.38
23/05/2025 05:30;587.39
23/05/2025 05:45;587.39
23/05/2025 06:00;587.38
23/05/2025 06:15;587.39
23/05/2025 06:30;587.39
23/05/2025 06:45;587.39
23/05/2025 07:00;587.38
23/05/2025 07:15;587.38
23/05/2025 07:30;587.38
23/05/2025 07:45;587.38
23/05/2025 08:00;587.39
23/05/2025 08:15;587.38
23/05/2025 08:30;587.39
23/05/2025 08:45;587.38
23/05/2025 09:00;587.38
23/05/2025 09:15;587.38
23/05/2025 09:30;587.39
23/05/2025 09:45;587.39
23/05/2025 10:00;587.39
23/05/2025 10:15;587.38
23/05/2025 10:30;587.38
23/05/2025 10:45;587.39
23/05/2025 11:00;587.38
23/05/2025 11:15;587.38
23/05/2025 11:30;587.39
23/05/2025 11:45;587.39
23/05/2025 12:00;587.39
23/05/2025 12:15;587.39
23/05/2025 12:30;587.38
23/05/2025 12:45;587.39
23/05/2025 13:00;587.39
23/05/2025 13:15;587.38
23/05/2025 13:30;587.39
23/05/2025 13:45;587.38
23/05/2025 14:00;587.38
23/05/2025 14:15;587.38
23/05/2025 14:30;587.38
23/05/2025 14:45;587.38
23/05/2025 15:00;587.39
23/05/2025 15:15;587.38
23/05/2025 15:30;587.38
23/05/2025 15:45;587.38
23/05/2025 16:00;587.38
23/05/2025 16:15;587.38
23/05/2025 16:30;587.38
23/05/2025 16:45;587.36
23/05/2025 17:00;587.38
23/05/2025 17:15;587.38
23/05/2025 17:30;587.38
23/05/2025 17:45;587.38
23/05/2025 18:00;587.38
23/05/2025 18:15;587.38
23/05/2025 18:30;587.38
23/05/2025 18:45;587.38
23/05/2025 19:00;587.38
23/05/2025 19:15;587.38
23/05/2025 19:30;587.38
23/05/2025 19:45;587.38
23/05/2025 20:00;587.38
23/05/2025 20:15;587.38
23/05/2025 20:30;587.38
23/05/2025 20:45;587.36
23/05/2025 21:00;587.36
23/05/2025 21:15;587.36
23/05/2025 21:30;587.35
23/05/2025 21:45;587.35
23/05/2025 22:00;587.35
23/05/2025 22:15;587.35
23/05/2025 22:30;587.35
23/05/2025 22:45;587.35
23/05/2025 23:00;587.35
23/05/2025 23:15;587.34
23/05/2025 23:30;587.34
23/05/2025 23:45;587.34
24/05/2025 00:00;587.34
24/05/2025 00:15;587.35
24/05/2025 00:30;587.34
24/05/2025 00:45;587.35
24/05/2025 01:00;587.35
24/05/2025 01:15;587.35
24/05/2025 01:30;587.34
24/05/2025 01:45;587.35
24/05/2025 02:00;587.35
24/05/2025 02:15;587.35
24/05/2025 02:30;587.35
24/05/2025 02:45;587.35
24/05/2025 03:00;587.35
24/05/2025 03:15;587.35
24/05/2025 03:30;587.35
24/05/2025 03:45;587.35
24/05/2025 04:00;587.35
24/05/2025 04:15;587.35
24/05/2025 04:30;587.35
24/05/2025 04:45;587.35
24/05/2025 05:00;587.35
24/05/2025 05:15;587.35
24/05/2025 05:30;587.35
24/05/2025 05:45;587.35
24/05/2025 06:00;587.35
24/05/2025 06:15;587.35
24/05/2025 06:30;587.35
24/05/2025 06:45;587.35
24/05/2025 07:00;587.35
24/05/2025 07:15;587.35
24/05/2025 07:30;587.35
24/05/2025 07:45;587.35
24/05/2025 08:00;587.35
24/05/2025 08:15;587.35
24/05/2025 08:30;587.35
24/05/2025 08:45;587.35
24/05/2025 09:00;587.35
24/05/2025 09:15;587.35
24/05/2025 09:30;587.35
24/05/2025 09:45;587.35
24/05/2025 10:00;587.35
24/05/2025 10:15;587.35
24/05/2025 10:30;587.35
24/05/2025 10:45;587.35
24/05/2025 11:00;587.36
24/05/2025 11:15;587.35
24/05/2025 11:30;587.35
24/05/2025 11:45;587.35
24/05/2025 12:00;587.35
24/05/2025 12:15;587.35
24/05/2025 12:30;587.35
24/05/2025 12:45;587.35
24/05/2025 13:00;587.34
24/05/2025 13:15;587.35
24/05/2025 13:30;587.35
24/05/2025 13:45;587.35
24/05/2025 14:00;587.35
24/05/2025 14:15;587.35
24/05/2025 14:30;587.35
24/05/2025 14:45;587.35
24/05/2025 15:00;587.35
24/05/2025 15:15;587.35
24/05/2025 15:30;587.35
24/05/2025 15:45;587.35
24/05/2025 16:00;587.35
24/05/2025 16:15;587.35
24/05/2025 16:30;587.35
24/05/2025 16:45;587.35
24/05/2025 17:00;587.35
24/05/2025 17:15;587.35
24/05/2025 17:30;587.35
24/05/2025 17:45;587.35
24/05/2025 18:00;587.35
24/05/2025 18:15;587.35
24/05/2025 18:30;587.35
24/05/2025 18:45;587.35
24/05/2025 19:00;587.35
24/05/2025 19:15;587.35
24/05/2025 19:30;587.35
24/05/2025 19:45;587.35
24/05/2025 20:00;587.35
24/05/2025 20:15;587.34
24/05/2025 20:30;587.34
24/05/2025 20:45;587.34
24/05/2025 21:00;587.34
24/05/2025 21:15;587.34
24/05/2025 21:30;587.34
24/05/2025 21:45;587.34
24/05/2025 22:00;587.33
24/05/2025 22:15;587.33
24/05/2025 22:30;587.33
24/05/2025 22:45;587.33
24/05/2025 23:00;587.34
24/05/2025 23:15;587.33
24/05/2025 23:30;587.33
24/05/2025 23:45;587.33
25/05/2025 00:00;587.32
25/05/2025 00:15;587.33
25/05/2025 00:30;587.33
25/05/2025 00:45;587.33
25/05/2025 01:00;587.34
25/05/2025 01:15;587.33
25/05/2025 01:30;587.33
25/05/2025 01:45;587.34
25/05/2025 02:00;587.34
25/05/2025 02:15;587.33
25/05/2025 02:30;587.34
25/05/2025 02:45;587.33
25/05/2025 03:00;587.33
25/05/2025 03:15;587.33
25/05/2025 03:30;587.33
25/05/2025 03:45;587.34
25/05/2025 04:00;587.33
25/05/2025 04:15;587.33
25/05/2025 04:30;587.34
25/05/2025 04:45;587.34
25/05/2025 05:00;587.34
25/05/2025 05:15;587.34
25/05/2025 05:30;587.34
25/05/2025 05:45;587.34
25/05/2025 06:00;587.34
25/05/2025 06:15;587.33
25/05/2025 06:30;587.33
25/05/2025 06:45;587.33
25/05/2025 07:00;587.33
25/05/2025 07:15;587.34
25/05/2025 07:30;587.34
25/05/2025 07:45;587.33
25/05/2025 08:00;587.33
25/05/2025 08:15;587.33
25/05/2025 08:30;587.34
25/05/2025 08:45;587.34
25/05/2025 09:00;587.34
25/05/2025 09:15;587.35
25/05/2025 09:30;587.34
25/05/2025 09:45;587.34
25/05/2025 10:00;587.34
25/05/2025 10:15;587.34
25/05/2025 10:30;587.34
25/05/2025 10:45;587.34
25/05/2025 11:00;587.34
25/05/2025 11:15;587.34
25/05/2025 11:30;587.34
25/05/2025 11:45;587.34
25/05/2025 12:00;587.33
25/05/2025 12:15;587.34
25/05/2025 12:30;587.33
25/05/2025 12:45;587.34
25/05/2025 13:00;587.33
25/05/2025 13:15;587.34
25/05/2025 13:30;587.33
25/05/2025 13:45;587.33
25/05/2025 14:00;587.33
25/05/2025 14:15;587.32
25/05/2025 14:30;587.33
25/05/2025 14:45;587.33
25/05/2025 15:00;587.32
25/05/2025 15:15;587.32
25/05/2025 15:30;587.33
25/05/2025 15:45;587.33
25/05/2025 16:00;587.32
25/05/2025 16:15;587.33
25/05/2025 16:30;587.32
25/05/2025 16:45;587.32
25/05/2025 17:00;587.33
25/05/2025 17:15;587.34
25/05/2025 17:30;587.32
25/05/2025 17:45;587.33
25/05/2025 18:00;587.32
25/05/2025 18:15;587.33
25/05/2025 18:30;587.33
25/05/2025 18:45;587.34
25/05/2025 19:00;587.33
25/05/2025 19:15;587.33
25/05/2025 19:30;587.33
25/05/2025 19:45;587.32
25/05/2025 20:00;587.33
25/05/2025 20:15;587.32
25/05/2025 20:30;587.32
25/05/2025 20:45;587.32
25/05/2025 21:00;587.31
25/05/2025 21:15;587.31
25/05/2025 21:30;587.31
25/05/2025 21:45;587.3
25/05/2025 22:00;587.3
25/05/2025 22:15;587.3
25/05/2025 22:30;587.3
25/05/2025 22:45;587.3
25/05/2025 23:00;587.3
25/05/2025 23:15;587.3
25/05/2025 23:30;587.29
25/05/2025 23:45;587.29
26/05/2025 00:00;587.29
26/05/2025 00:15;587.29
26/05/2025 00:30;587.29
26/05/2025 00:45;587.29
26/05/2025 01:00;587.29
26/05/2025 01:15;587.29
26/05/2025 01:30;587.29
26/05/2025 01:45;587.29
26/05/2025 02:00;587.29
26/05/2025 02:15;587.28
26/05/2025 02:30;587.28
26/05/2025 02:45;587.28
26/05/2025 03:00;587.28
26/05/2025 03:15;587.28
26/05/2025 03:30;587.28
26/05/2025 03:45;587.28
26/05/2025 04:00;587.28
26/05/2025 04:15;587.28
26/05/2025 04:30;587.28
26/05/2025 04:45;587.28
26/05/2025 05:00;587.28
26/05/2025 05:15;587.28
26/05/2025 05:30;587.28
26/05/2025 05:45;587.28
26/05/2025 06:00;587.28
26/05/2025 06:15;587.28
26/05/2025 06:30;587.28
26/05/2025 06:45;587.28
26/05/2025 07:00;587.28
26/05/2025 07:15;587.28
26/05/2025 07:30;587.28
26/05/2025 07:45;587.28
26/05/2025 08:00;587.28
26/05/2025 08:15;587.28
26/05/2025 08:30;587.28
26/05/2025 08:45;587.28
26/05/2025 09:00;587.27
26/05/2025 09:15;587.28
26/05/2025 09:30;587.28
26/05/2025 09:45;587.28
26/05/2025 10:00;587.28
26/05/2025 10:15;587.28
26/05/2025 10:30;587.28
26/05/2025 10:45;587.28
26/05/2025 11:00;587.28
26/05/2025 11:15;587.28
26/05/2025 11:30;587.28
26/05/2025 11:45;587.27
26/05/2025 12:00;587.27
26/05/2025 12:15;587.28
26/05/2025 12:30;587.27
26/05/2025 12:45;587.27
26/05/2025 13:00;587.27
26/05/2025 13:15;587.27
26/05/2025 13:30;587.25
26/05/2025 13:45;587.25
26/05/2025 14:00;587.25
26/05/2025 14:15;587.25
26/05/2025 14:30;587.27
26/05/2025 14:45;587.25
26/05/2025 15:00;587.25
26/05/2025 15:15;587.25
26/05/2025 15:30;587.25
26/05/2025 15:45;587.25
26/05/2025 16:00;587.25
26/05/2025 16:15;587.27
26/05/2025 16:30;587.25
26/05/2025 16:45;587.27
26/05/2025 17:00;587.25
26/05/2025 17:15;587.27
26/05/2025 17:30;587.27
26/05/2025 17:45;587.25
26/05/2025 18:00;587.25
26/05/2025 18:15;587.25
26/05/2025 18:30;587.27
26/05/2025 18:45;587.27
26/05/2025 19:00;587.25
26/05/2025 19:15;587.25
26/05/2025 19:30;587.25
26/05/2025 19:45;587.27
26/05/2025 20:00;587.25
26/05/2025 20:15;587.25
26/05/2025 20:30;587.25
26/05/2025 20:45;587.25
26/05/2025 21:00;587.25
26/05/2025 21:15;587.25
26/05/2025 21:30;587.25
26/05/2025 21:45;587.25
26/05/2025 22:00;587.25
26/05/2025 22:15;587.25
26/05/2025 22:30;587.24
26/05/2025 22:45;587.24
26/05/2025 23:00;587.24
26/05/2025 23:15;587.23
26/05/2025 23:30;587.23
26/05/2025 23:45;587.23
27/05/2025 00:00;587.22
27/05/2025 00:15;587.23
27/05/2025 00:30;587.22
27/05/2025 00:45;587.22
27/05/2025 01:00;587.21
27/05/2025 01:15;587.21
27/05/2025 01:30;587.21
27/05/2025 01:45;587.22
27/05/2025 02:00;587.21
27/05/2025 02:15;587.21
27/05/2025 02:30;587.21
27/05/2025 02:45;587.2
27/05/2025 03:00;587.2
27/05/2025 03:15;587.2
27/05/2025 03:30;587.2
27/05/2025 03:45;587.2
27/05/2025 04:00;587.2
27/05/2025 04:15;587.2
27/05/2025 04:30;587.2
27/05/2025 04:45;587.18
27/05/2025 05:00;587.18
27/05/2025 05:15;587.18
27/05/2025 05:30;587.18
27/05/2025 05:45;587.18
27/05/2025 06:00;587.17
27/05/2025 06:15;587.17
27/05/2025 06:30;587.17
27/05/2025 06:45;587.17
27/05/2025 07:00;587.16
27/05/2025 07:15;587.16
27/05/2025 07:30;587.16
27/05/2025 07:45;587.16
27/05/2025 08:00;587.15
27/05/2025 08:15;587.15
27/05/2025 08:30;587.15
27/05/2025 08:45;587.14
27/05/2025 09:00;587.14
27/05/2025 09:15;587.14
27/05/2025 09:30;587.14
27/05/2025 09:45;587.14
27/05/2025 10:00;587.14
27/05/2025 10:15;587.14
27/05/2025 10:30;587.14
27/05/2025 10:45;587.14
27/05/2025 11:00;587.14
27/05/2025 11:15;587.14
27/05/2025 11:30;587.14
27/05/2025 11:45;587.14
27/05/2025 12:00;587.14
27/05/2025 12:15;587.14
27/05/2025 12:30;587.14
27/05/2025 12:45;587.14
27/05/2025 13:00;587.14
27/05/2025 13:15;587.14
27/05/2025 13:30;587.15
27/05/2025 13:45;587.14
27/05/2025 14:00;587.15
27/05/2025 14:15;587.14
27/05/2025 14:30;587.15
27/05/2025 14:45;587.15
27/05/2025 15:00;587.15
27/05/2025 15:15;587.15
27/05/2025 15:30;587.15
27/05/2025 15:45;587.15
27/05/2025 16:00;587.15
27/05/2025 16:15;587.15
27/05/2025 16:30;587.15
27/05/2025 16:45;587.15
27/05/2025 17:00;587.15
27/05/2025 17:15;587.15
27/05/2025 17:30;587.15
27/05/2025 17:45;587.15
27/05/2025 18:00;587.15
27/05/2025 18:15;587.15
27/05/2025 18:30;587.15
27/05/2025 18:45;587.15
27/05/2025 19:00;587.15
27/05/2025 19:15;587.15
27/05/2025 19:30;587.15
27/05/2025 19:45;587.15
27/05/2025 20:00;587.16
27/05/2025 20:15;587.15
27/05/2025 20:30;587.14
27/05/2025 20:45;587.14
27/05/2025 21:00;587.14
27/05/2025 21:15;587.13
27/05/2025 21:30;587.13
27/05/2025 21:45;587.12
27/05/2025 22:00;587.12
27/05/2025 22:15;587.12
27/05/2025 22:30;587.11
27/05/2025 22:45;587.11
27/05/2025 23:00;587.1
27/05/2025 23:15;587.1
27/05/2025 23:30;587.1
27/05/2025 23:45;587.1
28/05/2025 00:00;587.1
28/05/2025 00:15;587.1
28/05/2025 00:30;587.09
28/05/2025 00:45;587.09
28/05/2025 01:00;587.09
28/05/2025 01:15;587.09
28/05/2025 01:30;587.09
28/05/2025 01:45;587.07
28/05/2025 02:00;587.07
28/05/2025 02:15;587.07
28/05/2025 02:30;587.07
28/05/2025 02:45;587.07
28/05/2025 03:00;587.07
28/05/2025 03:15;587.07
28/05/2025 03:30;587.06
28/05/2025 03:45;587.06
28/05/2025 04:00;587.06
28/05/2025 04:15;587.06
28/05/2025 04:30;587.05
28/05/2025 04:45;587.06
28/05/2025 05:00;587.06
28/05/2025 05:15;587.04
28/05/2025 05:30;587.05
28/05/2025 05:45;587.04
28/05/2025 06:00;587.04
28/05/2025 06:15;587.03
28/05/2025 06:30;587.03
28/05/2025 06:45;587.02
28/05/2025 07:00;587.02
28/05/2025 07:15;587.02
28/05/2025 07:30;587.02
28/05/2025 07:45;587
28/05/2025 08:00;587
28/05/2025 08:15;587
28/05/2025 08:30;586.99
28/05/2025 08:45;586.99
28/05/2025 09:00;586.99
28/05/2025 09:15;586.99
28/05/2025 09:30;586.99
28/05/2025 09:45;586.99
28/05/2025 10:00;586.99
28/05/2025 10:15;586.99
28/05/2025 10:30;586.99
28/05/2025 10:45;586.99
28/05/2025 11:00;586.99
28/05/2025 11:15;586.99
28/05/2025 11:30;586.99
28/05/2025 11:45;586.99
28/05/2025 12:00;586.99
28/05/2025 12:15;586.99
28/05/2025 12:30;586.99
28/05/2025 12:45;586.99
28/05/2025 13:00;586.99
28/05/2025 13:15;586.99
28/05/2025 13:30;586.99
28/05/2025 13:45;586.99
28/05/2025 14:00;586.99
28/05/2025 14:15;586.99
28/05/2025 14:30;586.99
28/05/2025 14:45;586.99
28/05/2025 15:00;586.99
28/05/2025 15:15;586.98
28/05/2025 15:30;586.99
28/05/2025 15:45;586.99
28/05/2025 16:00;586.99
28/05/2025 16:15;586.98
28/05/2025 16:30;586.98
28/05/2025 16:45;586.98
28/05/2025 17:00;586.98
28/05/2025 17:15;586.99
28/05/2025 17:30;586.99
28/05/2025 17:45;586.99
28/05/2025 18:00;586.98
28/05/2025 18:15;586.99
28/05/2025 18:30;586.98
28/05/2025 18:45;586.98
28/05/2025 19:00;586.98
28/05/2025 19:15;586.98
28/05/2025 19:30;586.98
28/05/2025 19:45;586.98
28/05/2025 20:00;586.98
28/05/2025 20:15;586.99
28/05/2025 20:30;586.98
28/05/2025 20:45;586.97
28/05/2025 21:00;586.97
28/05/2025 21:15;586.97
28/05/2025 21:30;586.96
28/05/2025 21:45;586.95
28/05/2025 22:00;586.95
28/05/2025 22:15;586.95
28/05/2025 22:30;586.94
28/05/2025 22:45;586.94
28/05/2025 23:00;586.94
28/05/2025 23:15;586.94
28/05/2025 23:30;586.93
28/05/2025 23:45;586.93
29/05/2025 00:00;586.92
29/05/2025 00:15;586.92
29/05/2025 00:30;586.92
29/05/2025 00:45;586.91
29/05/2025 01:00;586.91
29/05/2025 01:15;586.91
29/05/2025 01:30;586.91
29/05/2025 01:45;586.91
29/05/2025 02:00;586.89
29/05/2025 02:15;586.89
29/05/2025 02:30;586.89
29/05/2025 02:45;586.89
29/05/2025 03:00;586.89
29/05/2025 03:15;586.89
29/05/2025 03:30;586.89
29/05/2025 03:45;586.89
29/05/2025 04:00;586.88
29/05/2025 04:15;586.88
29/05/2025 04:30;586.87
29/05/2025 04:45;586.87
29/05/2025 05:00;586.87
29/05/2025 05:15;586.86
29/05/2025 05:30;586.86
29/05/2025 05:45;586.85
29/05/2025 06:00;586.84
29/05/2025 06:15;586.84
29/05/2025 06:30;586.84
29/05/2025 06:45;586.84
29/05/2025 07:00;586.84
29/05/2025 07:15;586.84
29/05/2025 07:30;586.82
29/05/2025 07:45;586.82
29/05/2025 08:00;586.81
29/05/2025 08:15;586.81
29/05/2025 08:30;586.81
29/05/2025 08:45;586.81
29/05/2025 09:00;586.81
29/05/2025 09:15;586.81
29/05/2025 09:30;586.81
29/05/2025 09:45;586.81
29/05/2025 10:00;586.81
29/05/2025 10:15;586.81
29/05/2025 10:30;586.81
29/05/2025 10:45;586.81
29/05/2025 11:00;586.81
29/05/2025 11:15;586.81
29/05/2025 11:30;586.81
29/05/2025 11:45;586.81
29/05/2025 12:00;586.81
29/05/2025 12:15;586.81
29/05/2025 12:30;586.81
29/05/2025 12:45;586.81
29/05/2025 13:00;586.81
29/05/2025 13:15;586.81
29/05/2025 13:30;586.81
29/05/2025 13:45;586.81
29/05/2025 14:00;586.8
29/05/2025 14:15;586.8
29/05/2025 14:30;586.8
29/05/2025 14:45;586.8
29/05/2025 15:00;586.8
29/05/2025 15:15;586.8
29/05/2025 15:30;586.8
29/05/2025 15:45;586.78
29/05/2025 16:00;586.78
29/05/2025 16:15;586.78
29/05/2025 16:30;586.78
29/05/2025 16:45;586.78
29/05/2025 17:00;586.78
29/05/2025 17:15;586.78
29/05/2025 17:30;586.78
29/05/2025 17:45;586.78
29/05/2025 18:00;586.78
29/05/2025 18:15;586.78
29/05/2025 18:30;586.78
29/05/2025 18:45;586.78
29/05/2025 19:00;586.78
29/05/2025 19:15;586.78
29/05/2025 19:30;586.78
29/05/2025 19:45;586.78
29/05/2025 20:00;586.78
29/05/2025 20:15;586.77
29/05/2025 20:30;586.78
29/05/2025 20:45;586.77
29/05/2025 21:00;586.77
29/05/2025 21:15;586.77
29/05/2025 21:30;586.76
29/05/2025 21:45;586.76
29/05/2025 22:00;586.75
29/05/2025 22:15;586.74
29/05/2025 22:30;586.74
29/05/2025 22:45;586.74
29/05/2025 23:00;586.73
29/05/2025 23:15;586.73
29/05/2025 23:30;586.73
29/05/2025 23:45;586.73
30/05/2025 00:00;586.73
30/05/2025 00:15;586.71
30/05/2025 00:30;586.71
30/05/2025 00:45;586.71
30/05/2025 01:00;586.71
30/05/2025 01:15;586.71
30/05/2025 01:30;586.71
30/05/2025 01:45;586.71
30/05/2025 02:00;586.71
30/05/2025 02:15;586.71
30/05/2025 02:30;586.7
30/05/2025 02:45;586.7
30/05/2025 03:00;586.7
30/05/2025 03:15;586.69
30/05/2025 03:30;586.69
30/05/2025 03:45;586.69
30/05/2025 04:00;586.68
30/05/2025 04:15;586.67
30/05/2025 04:30;586.67
30/05/2025 04:45;586.67
30/05/2025 05:00;586.67
30/05/2025 05:15;586.66
30/05/2025 05:30;586.66
30/05/2025 05:45;586.66
30/05/2025 06:00;586.66
30/05/2025 06:15;586.66
30/05/2025 06:30;586.64
30/05/2025 06:45;586.64
30/05/2025 07:00;586.63
30/05/2025 07:15;586.63
30/05/2025 07:30;586.63
30/05/2025 07:45;586.63
30/05/2025 08:00;586.62
30/05/2025 08:15;586.63
30/05/2025 08:30;586.6
30/05/2025 08:45;586.6
30/05/2025 09:00;586.6
30/05/2025 09:15;586.6
30/05/2025 09:30;586.6
30/05/2025 09:45;586.6
30/05/2025 10:00;586.6
30/05/2025 10:15;586.6
30/05/2025 10:30;586.6
30/05/2025 10:45;586.6
30/05/2025 11:00;586.62
30/05/2025 11:15;586.6
30/05/2025 11:30;586.62
30/05/2025 11:45;586.62
30/05/2025 12:00;586.62
30/05/2025 12:15;586.6
30/05/2025 12:30;586.6
30/05/2025 12:45;586.6
30/05/2025 13:00;586.6
30/05/2025 13:15;586.6
30/05/2025 13:30;586.6
30/05/2025 13:45;586.6
30/05/2025 14:00;586.6
30/05/2025 14:15;586.6
30/05/2025 14:30;586.59
30/05/2025 14:45;586.59
30/05/2025 15:00;586.59
30/05/2025 15:15;586.59
30/05/2025 15:30;586.59
30/05/2025 15:45;586.59
30/05/2025 16:00;586.59
30/05/2025 16:15;586.59
30/05/2025 16:30;586.59
30/05/2025 16:45;586.59
30/05/2025 17:00;586.59
30/05/2025 17:15;586.59
30/05/2025 17:30;586.59
30/05/2025 17:45;586.59
30/05/2025 18:00;586.58
30/05/2025 18:15;586.59
30/05/2025 18:30;586.59
30/05/2025 18:45;586.59
30/05/2025 19:00;586.59
30/05/2025 19:15;586.59
30/05/2025 19:30;586.58
30/05/2025 19:45;586.58
30/05/2025 20:00;586.58
30/05/2025 20:15;586.57
30/05/2025 20:30;586.58
30/05/2025 20:45;586.57
30/05/2025 21:00;586.56
30/05/2025 21:15;586.56
30/05/2025 21:30;586.56
30/05/2025 21:45;586.56
30/05/2025 22:00;586.56
30/05/2025 22:15;586.55
30/05/2025 22:30;586.55
30/05/2025 22:45;586.55
30/05/2025 23:00;586.53
30/05/2025 23:15;586.53
30/05/2025 23:30;586.53
30/05/2025 23:45;586.53
31/05/2025 00:00;586.53
31/05/2025 00:15;586.53
31/05/2025 00:30;586.52
31/05/2025 00:45;586.52
31/05/2025 01:00;586.51
31/05/2025 01:15;586.51
31/05/2025 01:30;586.52
31/05/2025 01:45;586.51
31/05/2025 02:00;586.5
31/05/2025 02:15;586.51
31/05/2025 02:30;586.51
31/05/2025 02:45;586.49
31/05/2025 03:00;586.5
31/05/2025 03:15;586.49
31/05/2025 03:30;586.49
31/05/2025 03:45;586.48
31/05/2025 04:00;586.48
31/05/2025 04:15;586.47
31/05/2025 04:30;586.47
31/05/2025 04:45;586.47
31/05/2025 05:00;586.46
31/05/2025 05:15;586.46
31/05/2025 05:30;586.46
31/05/2025 05:45;586.45
31/05/2025 06:00;586.45
31/05/2025 06:15;586.45
31/05/2025 06:30;586.45
31/05/2025 06:45;586.45
31/05/2025 07:00;586.44
31/05/2025 07:15;586.44
31/05/2025 07:30;586.44
31/05/2025 07:45;586.42
31/05/2025 08:00;586.42
31/05/2025 08:15;586.42
31/05/2025 08:30;586.42
31/05/2025 08:45;586.42
31/05/2025 09:00;586.42
31/05/2025 09:15;586.42
31/05/2025 09:30;586.42
31/05/2025 09:45;586.42
31/05/2025 10:00;586.42
31/05/2025 10:15;586.42
31/05/2025 10:30;586.42
31/05/2025 10:45;586.42
31/05/2025 11:00;586.42
31/05/2025 11:15;586.42
31/05/2025 11:30;586.42
31/05/2025 11:45;586.42
31/05/2025 12:00;586.42
31/05/2025 12:15;586.42
31/05/2025 12:30;586.42
31/05/2025 12:45;586.42
31/05/2025 13:00;586.42
31/05/2025 13:15;586.42
31/05/2025 13:30;586.42
31/05/2025 13:45;586.41
31/05/2025 14:00;586.41
31/05/2025 14:15;586.41
31/05/2025 14:30;586.41
31/05/2025 14:45;586.4
31/05/2025 15:00;586.4
31/05/2025 15:15;586.4
31/05/2025 15:30;586.4
31/05/2025 15:45;586.41
31/05/2025 16:00;586.4
31/05/2025 16:15;586.41
31/05/2025 16:30;586.4
31/05/2025 16:45;586.4
31/05/2025 17:00;586.4
31/05/2025 17:15;586.4
31/05/2025 17:30;586.4
31/05/2025 17:45;586.4
31/05/2025 18:00;586.4
31/05/2025 18:15;586.4
31/05/2025 18:30;586.4
31/05/2025 18:45;586.4
31/05/2025 19:00;586.41
31/05/2025 19:15;586.4
31/05/2025 19:30;586.4
31/05/2025 19:45;586.4
31/05/2025 20:00;586.39
31/05/2025 20:15;586.4
31/05/2025 20:30;586.4
31/05/2025 20:45;586.4
31/05/2025 21:00;586.39
31/05/2025 21:15;586.39
31/05/2025 21:30;586.38
31/05/2025 21:45;586.38
31/05/2025 22:00;586.38
31/05/2025 22:15;586.38
31/05/2025 22:30;586.37
31/05/2025 22:45;586.37
31/05/2025 23:00;586.37
31/05/2025 23:15;586.37
31/05/2025 23:30;586.35
31/05/2025 23:45;586.37
01/06/2025 00:00;586.35
01/06/2025 00:15;586.35
01/06/2025 00:30;586.35
01/06/2025 00:45;586.35
01/06/2025 01:00;586.35
01/06/2025 01:15;586.35
01/06/2025 01:30;586.35
01/06/2025 01:45;586.35
01/06/2025 02:00;586.35
01/06/2025 02:15;586.35
01/06/2025 02:30;586.34
01/06/2025 02:45;586.35
01/06/2025 03:00;586.35
01/06/2025 03:15;586.35
01/06/2025 03:30;586.34
01/06/2025 03:45;586.35
01/06/2025 04:00;586.34
01/06/2025 04:15;586.34
01/06/2025 04:30;586.34
01/06/2025 04:45;586.33
01/06/2025 05:00;586.33
01/06/2025 05:15;586.33
01/06/2025 05:30;586.33
01/06/2025 05:45;586.32
01/06/2025 06:00;586.32
01/06/2025 06:15;586.31
01/06/2025 06:30;586.31
01/06/2025 06:45;586.31
01/06/2025 07:00;586.3
01/06/2025 07:15;586.3
01/06/2025 07:30;586.3
01/06/2025 07:45;586.3
01/06/2025 08:00;586.3
01/06/2025 08:15;586.29
01/06/2025 08:30;586.28
01/06/2025 08:45;586.29
01/06/2025 09:00;586.28
01/06/2025 09:15;586.29
01/06/2025 09:30;586.29
01/06/2025 09:45;586.28
01/06/2025 10:00;586.28
01/06/2025 10:15;586.29
01/06/2025 10:30;586.29
01/06/2025 10:45;586.29
01/06/2025 11:00;586.29
01/06/2025 11:15;586.28
01/06/2025 11:30;586.29
01/06/2025 11:45;586.28
01/06/2025 12:00;586.28
01/06/2025 12:15;586.28
01/06/2025 12:30;586.28
01/06/2025 12:45;586.28
01/06/2025 13:00;586.29
01/06/2025 13:15;586.29
01/06/2025 13:30;586.28
01/06/2025 13:45;586.28
01/06/2025 14:00;586.28
01/06/2025 14:15;586.28
01/06/2025 14:30;586.28
01/06/2025 14:45;586.29
01/06/2025 15:00;586.29
01/06/2025 15:15;586.28
01/06/2025 15:30;586.28
01/06/2025 15:45;586.29
01/06/2025 16:00;586.29
01/06/2025 16:15;586.29
01/06/2025 16:30;586.29
01/06/2025 16:45;586.28
01/06/2025 17:00;586.29
01/06/2025 17:15;586.29
01/06/2025 17:30;586.29
01/06/2025 17:45;586.28
01/06/2025 18:00;586.28
01/06/2025 18:15;586.29
01/06/2025 18:30;586.28
01/06/2025 18:45;586.28
01/06/2025 19:00;586.29
01/06/2025 19:15;586.28
01/06/2025 19:30;586.3
01/06/2025 19:45;586.27
01/06/2025 20:00;586.28
01/06/2025 20:15;586.28
01/06/2025 20:30;586.29
01/06/2025 20:45;586.28
01/06/2025 21:00;586.27
01/06/2025 21:15;586.27
01/06/2025 21:30;586.28
01/06/2025 21:45;586.27
01/06/2025 22:00;586.27
01/06/2025 22:15;586.27
01/06/2025 22:30;586.27
01/06/2025 22:45;586.26
01/06/2025 23:00;586.26
01/06/2025 23:15;586.27
01/06/2025 23:30;586.24
01/06/2025 23:45;586.24
02/06/2025 00:00;586.24
02/06/2025 00:15;586.24
02/06/2025 00:30;586.24
02/06/2025 00:45;586.24
02/06/2025 01:00;586.24
02/06/2025 01:15;586.24
02/06/2025 01:30;586.26
02/06/2025 01:45;586.23
02/06/2025 02:00;586.26
02/06/2025 02:15;586.24
02/06/2025 02:30;586.24
02/06/2025 02:45;586.23
02/06/2025 03:00;586.24
02/06/2025 03:15;586.24
02/06/2025 03:30;586.24
02/06/2025 03:45;586.24
02/06/2025 04:00;586.24
02/06/2025 04:15;586.24
02/06/2025 04:30;586.23
02/06/2025 04:45;586.24
02/06/2025 05:00;586.23
02/06/2025 05:15;586.24
02/06/2025 05:30;586.24
02/06/2025 05:45;586.24
02/06/2025 06:00;586.23
02/06/2025 06:15;586.23
02/06/2025 06:30;586.23
02/06/2025 06:45;586.22
02/06/2025 07:00;586.21
02/06/2025 07:15;586.22
02/06/2025 07:30;586.22
02/06/2025 07:45;586.22
02/06/2025 08:00;586.21
02/06/2025 08:15;586.22
02/06/2025 08:30;586.2
02/06/2025 08:45;586.22
02/06/2025 09:00;586.2
02/06/2025 09:15;586.22
02/06/2025 09:30;586.2
02/06/2025 09:45;586.21
02/06/2025 10:00;586.21
02/06/2025 10:15;586.21
02/06/2025 10:30;586.21
02/06/2025 10:45;586.21
02/06/2025 11:00;586.22
02/06/2025 11:15;586.2
02/06/2025 11:30;586.22
02/06/2025 11:45;586.21
02/06/2025 12:00;586.22
02/06/2025 12:15;586.2
02/06/2025 12:30;586.22
02/06/2025 12:45;586.21
02/06/2025 13:00;586.2
02/06/2025 13:15;586.21
02/06/2025 13:30;586.21
02/06/2025 13:45;586.21
02/06/2025 14:00;586.21
02/06/2025 14:15;586.22
02/06/2025 14:30;586.21
02/06/2025 14:45;586.22
02/06/2025 15:00;586.22
02/06/2025 15:15;586.22
02/06/2025 15:30;586.22
02/06/2025 15:45;586.22
02/06/2025 16:00;586.23
02/06/2025 16:15;586.22
02/06/2025 16:30;586.22
02/06/2025 16:45;586.22
02/06/2025 17:00;586.22
02/06/2025 17:15;586.22
02/06/2025 17:30;586.22
02/06/2025 17:45;586.22
02/06/2025 18:00;586.22
02/06/2025 18:15;586.23
02/06/2025 18:30;586.22
02/06/2025 18:45;586.23
02/06/2025 19:00;586.22
02/06/2025 19:15;586.23
02/06/2025 19:30;586.22
02/06/2025 19:45;586.22
02/06/2025 20:00;586.22
02/06/2025 20:15;586.23
02/06/2025 20:30;586.23
02/06/2025 20:45;586.22
02/06/2025 21:00;586.22
02/06/2025 21:15;586.22
02/06/2025 21:30;586.22
02/06/2025 21:45;586.21
02/06/2025 22:00;586.21
02/06/2025 22:15;586.21
02/06/2025 22:30;586.21
02/06/2025 22:45;586.2
02/06/2025 23:00;586.19
02/06/2025 23:15;586.19
02/06/2025 23:30;586.2
02/06/2025 23:45;586.19
03/06/2025 00:00;586.19
03/06/2025 00:15;586.19
03/06/2025 00:30;586.19
03/06/2025 00:45;586.19
03/06/2025 01:00;586.19
03/06/2025 01:15;586.17
03/06/2025 01:30;586.17
03/06/2025 01:45;586.17
03/06/2025 02:00;586.17
03/06/2025 02:15;586.17
03/06/2025 02:30;586.17
03/06/2025 02:45;586.17
03/06/2025 03:00;586.17
03/06/2025 03:15;586.16
03/06/2025 03:30;586.17
03/06/2025 03:45;586.16
03/06/2025 04:00;586.16
03/06/2025 04:15;586.16
03/06/2025 04:30;586.16
03/06/2025 04:45;586.16
03/06/2025 05:00;586.15
03/06/2025 05:15;586.16
03/06/2025 05:30;586.15
03/06/2025 05:45;586.15
03/06/2025 06:00;586.14
03/06/2025 06:15;586.14
03/06/2025 06:30;586.13
03/06/2025 06:45;586.14
03/06/2025 07:00;586.12
03/06/2025 07:15;586.13
03/06/2025 07:30;586.12
03/06/2025 07:45;586.12
03/06/2025 08:00;586.11
03/06/2025 08:15;586.11
03/06/2025 08:30;586.1
03/06/2025 08:45;586.09
03/06/2025 09:00;586.09
03/06/2025 09:15;586.09
03/06/2025 09:30;586.09
03/06/2025 09:45;586.09
03/06/2025 10:00;586.09
03/06/2025 10:15;586.09
03/06/2025 10:30;586.09
03/06/2025 10:45;586.09
03/06/2025 11:00;586.09
03/06/2025 11:15;586.09
03/06/2025 11:30;586.09
03/06/2025 11:45;586.09
03/06/2025 12:00;586.09
03/06/2025 12:15;586.09
03/06/2025 12:30;586.1
03/06/2025 12:45;586.09
03/06/2025 13:00;586.1
03/06/2025 13:15;586.09
03/06/2025 13:30;586.1
03/06/2025 13:45;586.09
03/06/2025 14:00;586.1
03/06/2025 14:15;586.1
03/06/2025 14:30;586.09
03/06/2025 14:45;586.1
03/06/2025 15:00;586.1
03/06/2025 15:15;586.1
03/06/2025 15:30;586.1
03/06/2025 15:45;586.1
03/06/2025 16:00;586.1
03/06/2025 16:15;586.1
03/06/2025 16:30;586.1
03/06/2025 16:45;586.1
03/06/2025 17:00;586.1
03/06/2025 17:15;586.1
03/06/2025 17:30;586.1
03/06/2025 17:45;586.1
03/06/2025 18:00;586.1
03/06/2025 18:15;586.1
03/06/2025 18:30;586.1
03/06/2025 18:45;586.1
03/06/2025 19:00;586.1
03/06/2025 19:15;586.1
03/06/2025 19:30;586.1
03/06/2025 19:45;586.1
03/06/2025 20:00;586.1
03/06/2025 20:15;586.1
03/06/2025 20:30;586.09
03/06/2025 20:45;586.09
03/06/2025 21:00;586.09
03/06/2025 21:15;586.09
03/06/2025 21:30;586.09
03/06/2025 21:45;586.09
03/06/2025 22:00;586.09
03/06/2025 22:15;586.09
03/06/2025 22:30;586.08
03/06/2025 22:45;586.08
03/06/2025 23:00;586.08
03/06/2025 23:15;586.08
03/06/2025 23:30;586.06
03/06/2025 23:45;586.06
04/06/2025 00:00;586.06
04/06/2025 00:15;586.06
04/06/2025 00:30;586.06
04/06/2025 00:45;586.06
04/06/2025 01:00;586.06
04/06/2025 01:15;586.06
04/06/2025 01:30;586.06
04/06/2025 01:45;586.06
04/06/2025 02:00;586.05
04/06/2025 02:15;586.05
04/06/2025 02:30;586.05
04/06/2025 02:45;586.05
04/06/2025 03:00;586.04
04/06/2025 03:15;586.04
04/06/2025 03:30;586.04
04/06/2025 03:45;586.03
04/06/2025 04:00;586.04
04/06/2025 04:15;586.03
04/06/2025 04:30;586.03
04/06/2025 04:45;586.02
04/06/2025 05:00;586.02
04/06/2025 05:15;586.02
04/06/2025 05:30;586.02
04/06/2025 05:45;586.01
04/06/2025 06:00;586.01
04/06/2025 06:15;586.01
04/06/2025 06:30;586.01
04/06/2025 06:45;585.99
04/06/2025 07:00;586.01
04/06/2025 07:15;585.99
04/06/2025 07:30;585.99
04/06/2025 07:45;585.98
04/06/2025 08:00;585.98
04/06/2025 08:15;585.98
04/06/2025 08:30;585.98
04/06/2025 08:45;585.98
04/06/2025 09:00;585.98
04/06/2025 09:15;585.98
04/06/2025 09:30;585.98
04/06/2025 09:45;585.98
04/06/2025 10:00;585.98
04/06/2025 10:15;585.98
04/06/2025 10:30;585.98
04/06/2025 10:45;585.98
04/06/2025 11:00;585.98
04/06/2025 11:15;585.98
04/06/2025 11:30;585.98
04/06/2025 11:45;585.98
04/06/2025 12:00;585.98
04/06/2025 12:15;585.98
04/06/2025 12:30;585.98
04/06/2025 12:45;585.98
04/06/2025 13:00;585.98
04/06/2025 13:15;585.98
04/06/2025 13:30;585.98
04/06/2025 13:45;585.98
04/06/2025 14:00;585.98
04/06/2025 14:15;585.98
04/06/2025 14:30;585.98
04/06/2025 14:45;585.98
04/06/2025 15:00;585.98
04/06/2025 15:15;585.98
04/06/2025 15:30;585.98
04/06/2025 15:45;585.98
04/06/2025 16:00;585.98
04/06/2025 16:15;585.98
04/06/2025 16:30;585.98
04/06/2025 16:45;585.98
04/06/2025 17:00;585.98
04/06/2025 17:15;585.98
04/06/2025 17:30;585.98
04/06/2025 17:45;585.98
04/06/2025 18:00;585.98
04/06/2025 18:15;585.98
04/06/2025 18:30;585.98
04/06/2025 18:45;585.98
04/06/2025 19:00;585.98
04/06/2025 19:15;585.98
04/06/2025 19:30;585.98
04/06/2025 19:45;585.98
04/06/2025 20:00;585.97
04/06/2025 20:15;585.97
04/06/2025 20:30;585.97
04/06/2025 20:45;585.97
04/06/2025 21:00;585.96
04/06/2025 21:15;585.96
04/06/2025 21:30;585.97
04/06/2025 21:45;585.96
04/06/2025 22:00;585.95
04/06/2025 22:15;585.96
04/06/2025 22:30;585.95
04/06/2025 22:45;585.95
04/06/2025 23:00;585.95
04/06/2025 23:15;585.95
04/06/2025 23:30;585.94
04/06/2025 23:45;585.94
05/06/2025 00:00;585.94
05/06/2025 00:15;585.93
05/06/2025 00:30;585.93
05/06/2025 00:45;585.93
05/06/2025 01:00;585.92
05/06/2025 01:15;585.92
05/06/2025 01:30;585.92
05/06/2025 01:45;585.91
05/06/2025 02:00;585.91
05/06/2025 02:15;585.91
05/06/2025 02:30;585.91
05/06/2025 02:45;585.91
05/06/2025 03:00;585.91
05/06/2025 03:15;585.9
05/06/2025 03:30;585.91
05/06/2025 03:45;585.9
05/06/2025 04:00;585.9
05/06/2025 04:15;585.91
05/06/2025 04:30;585.9
05/06/2025 04:45;585.9
05/06/2025 05:00;585.9
05/06/2025 05:15;585.88
05/06/2025 05:30;585.88
05/06/2025 05:45;585.88
05/06/2025 06:00;585.88
05/06/2025 06:15;585.88
05/06/2025 06:30;585.88
05/06/2025 06:45;585.87
05/06/2025 07:00;585.86
05/06/2025 07:15;585.86
05/06/2025 07:30;585.85
05/06/2025 07:45;585.85
05/06/2025 08:00;585.86
05/06/2025 08:15;585.85
05/06/2025 08:30;585.85
05/06/2025 08:45;585.84
05/06/2025 09:00;585.84
05/06/2025 09:15;585.84
05/06/2025 09:30;585.84
05/06/2025 09:45;585.84
05/06/2025 10:00;585.84
05/06/2025 10:15;585.84
05/06/2025 10:30;585.83
05/06/2025 10:45;585.84
05/06/2025 11:00;585.84
05/06/2025 11:15;585.84
05/06/2025 11:30;585.84
05/06/2025 11:45;585.84
05/06/2025 12:00;585.84
05/06/2025 12:15;585.85
05/06/2025 12:30;585.84
05/06/2025 12:45;585.84
05/06/2025 13:00;585.84
05/06/2025 13:15;585.85
05/06/2025 13:30;585.84
05/06/2025 13:45;585.84
05/06/2025 14:00;585.84
05/06/2025 14:15;585.85
05/06/2025 14:30;585.84
05/06/2025 14:45;585.84
05/06/2025 15:00;585.84
05/06/2025 15:15;585.84
05/06/2025 15:30;585.84
05/06/2025 15:45;585.84
05/06/2025 16:00;585.84
05/06/2025 16:15;585.84
05/06/2025 16:30;585.84
05/06/2025 16:45;585.85
05/06/2025 17:00;585.83
05/06/2025 17:15;585.84
05/06/2025 17:30;585.84
05/06/2025 17:45;585.84
05/06/2025 18:00;585.85
05/06/2025 18:15;585.84
05/06/2025 18:30;585.84
05/06/2025 18:45;585.84
05/06/2025 19:00;585.84
05/06/2025 19:15;585.84
05/06/2025 19:30;585.84
05/06/2025 19:45;585.84
05/06/2025 20:00;585.84
05/06/2025 20:15;585.84
05/06/2025 20:30;585.84
05/06/2025 20:45;585.83
05/06/2025 21:00;585.83
05/06/2025 21:15;585.83
05/06/2025 21:30;585.83
05/06/2025 21:45;585.83
05/06/2025 22:00;585.83
05/06/2025 22:15;585.83
05/06/2025 22:30;585.83
05/06/2025 22:45;585.83
05/06/2025 23:00;585.83
05/06/2025 23:15;585.83
05/06/2025 23:30;585.83
05/06/2025 23:45;585.83
06/06/2025 00:00;585.83
06/06/2025 00:15;585.83
06/06/2025 00:30;585.83
06/06/2025 00:45;585.83
06/06/2025 01:00;585.83
06/06/2025 01:15;585.83
06/06/2025 01:30;585.83
06/06/2025 01:45;585.83
06/06/2025 02:00;585.83
06/06/2025 02:15;585.81
06/06/2025 02:30;585.81
06/06/2025 02:45;585.81
06/06/2025 03:00;585.81
06/06/2025 03:15;585.81
06/06/2025 03:30;585.81
06/06/2025 03:45;585.81
06/06/2025 04:00;585.81
06/06/2025 04:15;585.81
06/06/2025 04:30;585.81
06/06/2025 04:45;585.8
06/06/2025 05:00;585.81
06/06/2025 05:15;585.81
06/06/2025 05:30;585.8
06/06/2025 05:45;585.8
06/06/2025 06:00;585.8
06/06/2025 06:15;585.8
06/06/2025 06:30;585.8
06/06/2025 06:45;585.8
06/06/2025 07:00;585.8
06/06/2025 07:15;585.79
06/06/2025 07:30;585.79
06/06/2025 07:45;585.79
06/06/2025 08:00;585.8
06/06/2025 08:15;585.79
06/06/2025 08:30;585.79
06/06/2025 08:45;585.78
06/06/2025 09:00;585.79
06/06/2025 09:15;585.79
06/06/2025 09:30;585.79
06/06/2025 09:45;585.79
06/06/2025 10:00;585.79
06/06/2025 10:15;585.79
06/06/2025 10:30;585.79
06/06/2025 10:45;585.78
06/06/2025 11:00;585.79
06/06/2025 11:15;585.79
06/06/2025 11:30;585.79
06/06/2025 11:45;585.79
06/06/2025 12:00;585.79
06/06/2025 12:15;585.79
06/06/2025 12:30;585.78
06/06/2025 12:45;585.79
06/06/2025 13:00;585.79
06/06/2025 13:15;585.79
06/06/2025 13:30;585.79
06/06/2025 13:45;585.78
06/06/2025 14:00;585.79
06/06/2025 14:15;585.78
06/06/2025 14:30;585.79
06/06/2025 14:45;585.79
06/06/2025 15:00;585.79
06/06/2025 15:15;585.79
06/06/2025 15:30;585.79
06/06/2025 15:45;585.79
06/06/2025 16:00;585.79
06/06/2025 16:15;585.79
06/06/2025 16:30;585.79
06/06/2025 16:45;585.79
06/06/2025 17:00;585.79
06/06/2025 17:15;585.79
06/06/2025 17:30;585.78
06/06/2025 17:45;585.79
06/06/2025 18:00;585.79
06/06/2025 18:15;585.79
06/06/2025 18:30;585.78
06/06/2025 18:45;585.79
06/06/2025 19:00;585.78
06/06/2025 19:15;585.79
06/06/2025 19:30;585.79
06/06/2025 19:45;585.79
06/06/2025 20:00;585.78
06/06/2025 20:15;585.78
06/06/2025 20:30;585.78
06/06/2025 20:45;585.78
06/06/2025 21:00;585.78
06/06/2025 21:15;585.77
06/06/2025 21:30;585.77
06/06/2025 21:45;585.76
06/06/2025 22:00;585.76
06/06/2025 22:15;585.75
06/06/2025 22:30;585.75
06/06/2025 22:45;585.74
06/06/2025 23:00;585.74
06/06/2025 23:15;585.74
06/06/2025 23:30;585.73
06/06/2025 23:45;585.74
07/06/2025 00:00;585.73
07/06/2025 00:15;585.73
07/06/2025 00:30;585.73
07/06/2025 00:45;585.73
07/06/2025 01:00;585.73
07/06/2025 01:15;585.73
07/06/2025 01:30;585.72
07/06/2025 01:45;585.72
07/06/2025 02:00;585.72
07/06/2025 02:15;585.7
07/06/2025 02:30;585.7
07/06/2025 02:45;585.7
07/06/2025 03:00;585.7
07/06/2025 03:15;585.7
07/06/2025 03:30;585.7
07/06/2025 03:45;585.7
07/06/2025 04:00;585.69
07/06/2025 04:15;585.7
07/06/2025 04:30;585.69
07/06/2025 04:45;585.69
07/06/2025 05:00;585.69
07/06/2025 05:15;585.69
07/06/2025 05:30;585.68
07/06/2025 05:45;585.68
07/06/2025 06:00;585.67
07/06/2025 06:15;585.68
07/06/2025 06:30;585.67
07/06/2025 06:45;585.67
07/06/2025 07:00;585.66
07/06/2025 07:15;585.66
07/06/2025 07:30;585.65
07/06/2025 07:45;585.65
07/06/2025 08:00;585.65
07/06/2025 08:15;585.65
07/06/2025 08:30;585.65
07/06/2025 08:45;585.65
07/06/2025 09:00;585.65
07/06/2025 09:15;585.65
07/06/2025 09:30;585.65
07/06/2025 09:45;585.65
07/06/2025 10:00;585.65
07/06/2025 10:15;585.65
07/06/2025 10:30;585.65
07/06/2025 10:45;585.65
07/06/2025 11:00;585.65
07/06/2025 11:15;585.65
07/06/2025 11:30;585.65
07/06/2025 11:45;585.65
07/06/2025 12:00;585.65
07/06/2025 12:15;585.63
07/06/2025 12:30;585.65
07/06/2025 12:45;585.65
07/06/2025 13:00;585.65
07/06/2025 13:15;585.65
07/06/2025 13:30;585.65
07/06/2025 13:45;585.65
07/06/2025 14:00;585.65
07/06/2025 14:15;585.65
07/06/2025 14:30;585.65
07/06/2025 14:45;585.63
07/06/2025 15:00;585.63
07/06/2025 15:15;585.65
07/06/2025 15:30;585.65
07/06/2025 15:45;585.65
07/06/2025 16:00;585.65
07/06/2025 16:15;585.65
07/06/2025 16:30;585.65
07/06/2025 16:45;585.65
07/06/2025 17:00;585.65
07/06/2025 17:15;585.65
07/06/2025 17:30;585.65
07/06/2025 17:45;585.65
07/06/2025 18:00;585.65
07/06/2025 18:15;585.65
07/06/2025 18:30;585.65
07/06/2025 18:45;585.65
07/06/2025 19:00;585.63
07/06/2025 19:15;585.63
07/06/2025 19:30;585.63
07/06/2025 19:45;585.65
07/06/2025 20:00;585.63
07/06/2025 20:15;585.63
07/06/2025 20:30;585.62
07/06/2025 20:45;585.62
07/06/2025 21:00;585.62
07/06/2025 21:15;585.62
07/06/2025 21:30;585.62
07/06/2025 21:45;585.62
07/06/2025 22:00;585.62
07/06/2025 22:15;585.62
07/06/2025 22:30;585.61
07/06/2025 22:45;585.61
07/06/2025 23:00;585.61
07/06/2025 23:15;585.6
07/06/2025 23:30;585.6
07/06/2025 23:45;585.6
08/06/2025 00:00;585.59
08/06/2025 00:15;585.59
08/06/2025 00:30;585.59
08/06/2025 00:45;585.58
08/06/2025 01:00;585.58
08/06/2025 01:15;585.58
08/06/2025 01:30;585.58
08/06/2025 01:45;585.58
08/06/2025 02:00;585.57
08/06/2025 02:15;585.57
08/06/2025 02:30;585.57
08/06/2025 02:45;585.58
08/06/2025 03:00;585.57
08/06/2025 03:15;585.57
08/06/2025 03:30;585.57
08/06/2025 03:45;585.57
08/06/2025 04:00;585.57
08/06/2025 04:15;585.56
08/06/2025 04:30;585.57
08/06/2025 04:45;585.57
08/06/2025 05:00;585.56
08/06/2025 05:15;585.57
08/06/2025 05:30;585.56
08/06/2025 05:45;585.56
08/06/2025 06:00;585.56
08/06/2025 06:15;585.56
08/06/2025 06:30;585.55
08/06/2025 06:45;585.55
08/06/2025 07:00;585.55
08/06/2025 07:15;585.54
08/06/2025 07:30;585.54
08/06/2025 07:45;585.54
08/06/2025 08:00;585.54
08/06/2025 08:15;585.54
08/06/2025 08:30;585.54
08/06/2025 08:45;585.54
08/06/2025 09:00;585.54
08/06/2025 09:15;585.54
08/06/2025 09:30;585.54
08/06/2025 09:45;585.54
08/06/2025 10:00;585.54
08/06/2025 10:15;585.54
08/06/2025 10:30;585.54
08/06/2025 10:45;585.54
08/06/2025 11:00;585.54
08/06/2025 11:15;585.54
08/06/2025 11:30;585.54
08/06/2025 11:45;585.54
08/06/2025 12:00;585.54
08/06/2025 12:15;585.54
08/06/2025 12:30;585.54
08/06/2025 12:45;585.54
08/06/2025 13:00;585.54
08/06/2025 13:15;585.54
08/06/2025 13:30;585.54
08/06/2025 13:45;585.54
08/06/2025 14:00;585.54
08/06/2025 14:15;585.52
08/06/2025 14:30;585.52
08/06/2025 14:45;585.52
08/06/2025 15:00;585.52
08/06/2025 15:15;585.52
08/06/2025 15:30;585.52
08/06/2025 15:45;585.52
08/06/2025 16:00;585.52
08/06/2025 16:15;585.52
08/06/2025 16:30;585.52
08/06/2025 16:45;585.52
08/06/2025 17:00;585.52
08/06/2025 17:15;585.52
08/06/2025 17:30;585.52
08/06/2025 17:45;585.52
08/06/2025 18:00;585.54
08/06/2025 18:15;585.52
08/06/2025 18:30;585.52
08/06/2025 18:45;585.52
08/06/2025 19:00;585.52
08/06/2025 19:15;585.52
08/06/2025 19:30;585.52
08/06/2025 19:45;585.52
08/06/2025 20:00;585.52
08/06/2025 20:15;585.52
08/06/2025 20:30;585.52
08/06/2025 20:45;585.52
08/06/2025 21:00;585.52
08/06/2025 21:15;585.52
08/06/2025 21:30;585.52
08/06/2025 21:45;585.51
08/06/2025 22:00;585.51
08/06/2025 22:15;585.5
08/06/2025 22:30;585.5
08/06/2025 22:45;585.49
08/06/2025 23:00;585.49
08/06/2025 23:15;585.48
08/06/2025 23:30;585.48
08/06/2025 23:45;585.47
09/06/2025 00:00;585.47
09/06/2025 00:15;585.47
09/06/2025 00:30;585.47
09/06/2025 00:45;585.47
09/06/2025 01:00;585.45
09/06/2025 01:15;585.47
09/06/2025 01:30;585.45
09/06/2025 01:45;585.45
09/06/2025 02:00;585.45
09/06/2025 02:15;585.45
09/06/2025 02:30;585.45
09/06/2025 02:45;585.44
09/06/2025 03:00;585.44
09/06/2025 03:15;585.44
09/06/2025 03:30;585.44
09/06/2025 03:45;585.44
09/06/2025 04:00;585.44
09/06/2025 04:15;585.43
09/06/2025 04:30;585.43
09/06/2025 04:45;585.43
09/06/2025 05:00;585.43
09/06/2025 05:15;585.42
09/06/2025 05:30;585.42
09/06/2025 05:45;585.41
09/06/2025 06:00;585.41
09/06/2025 06:15;585.41
09/06/2025 06:30;585.41
09/06/2025 06:45;585.4
09/06/2025 07:00;585.4
09/06/2025 07:15;585.39
09/06/2025 07:30;585.39
09/06/2025 07:45;585.38
09/06/2025 08:00;585.37
09/06/2025 08:15;585.37
09/06/2025 08:30;585.37
09/06/2025 08:45;585.37
09/06/2025 09:00;585.37
09/06/2025 09:15;585.37
09/06/2025 09:30;585.37
09/06/2025 09:45;585.37
09/06/2025 10:00;585.37
09/06/2025 10:15;585.37
09/06/2025 10:30;585.38
09/06/2025 10:45;585.37
09/06/2025 11:00;585.38
09/06/2025 11:15;585.37
09/06/2025 11:30;585.38
09/06/2025 11:45;585.37
09/06/2025 12:00;585.38
09/06/2025 12:15;585.38
09/06/2025 12:30;585.38
09/06/2025 12:45;585.37
09/06/2025 13:00;585.37
09/06/2025 13:15;585.37
09/06/2025 13:30;585.37
09/06/2025 13:45;585.38
09/06/2025 14:00;585.37
09/06/2025 14:15;585.37
09/06/2025 14:30;585.37
09/06/2025 14:45;585.37
09/06/2025 15:00;585.36
09/06/2025 15:15;585.37
09/06/2025 15:30;585.37
09/06/2025 15:45;585.37
09/06/2025 16:00;585.37
09/06/2025 16:15;585.36
09/06/2025 16:30;585.37
09/06/2025 16:45;585.36
09/06/2025 17:00;585.36
09/06/2025 17:15;585.37
09/06/2025 17:30;585.37
09/06/2025 17:45;585.36
09/06/2025 18:00;585.36
09/06/2025 18:15;585.36
09/06/2025 18:30;585.37
09/06/2025 18:45;585.36
09/06/2025 19:00;585.37
09/06/2025 19:15;585.37
09/06/2025 19:30;585.36
09/06/2025 19:45;585.37
09/06/2025 20:00;585.36
09/06/2025 20:15;585.36
09/06/2025 20:30;585.36
09/06/2025 20:45;585.37
09/06/2025 21:00;585.36
09/06/2025 21:15;585.36
09/06/2025 21:30;585.36
09/06/2025 21:45;585.34
09/06/2025 22:00;585.34
09/06/2025 22:15;585.34
09/06/2025 22:30;585.34
09/06/2025 22:45;585.34
09/06/2025 23:00;585.33
09/06/2025 23:15;585.33
09/06/2025 23:30;585.32
09/06/2025 23:45;585.33
10/06/2025 00:00;585.31
10/06/2025 00:15;585.31
10/06/2025 00:30;585.3
10/06/2025 00:45;585.3
10/06/2025 01:00;585.3
10/06/2025 01:15;585.3
10/06/2025 01:30;585.3
10/06/2025 01:45;585.29
10/06/2025 02:00;585.3
10/06/2025 02:15;585.29
10/06/2025 02:30;585.3
10/06/2025 02:45;585.29
10/06/2025 03:00;585.29
10/06/2025 03:15;585.29
10/06/2025 03:30;585.29
10/06/2025 03:45;585.29
10/06/2025 04:00;585.29
10/06/2025 04:15;585.29
10/06/2025 04:30;585.27
10/06/2025 04:45;585.27
10/06/2025 05:00;585.26
10/06/2025 05:15;585.26
10/06/2025 05:30;585.26
10/06/2025 05:45;585.26
10/06/2025 06:00;585.26
10/06/2025 06:15;585.26
10/06/2025 06:30;585.25
10/06/2025 06:45;585.25
10/06/2025 07:00;585.23
10/06/2025 07:15;585.23
10/06/2025 07:30;585.23
10/06/2025 07:45;585.23
10/06/2025 08:00;585.22
10/06/2025 08:15;585.22
10/06/2025 08:30;585.22
10/06/2025 08:45;585.21
10/06/2025 09:00;585.21
10/06/2025 09:15;585.21
10/06/2025 09:30;585.21
10/06/2025 09:45;585.21
10/06/2025 10:00;585.21
10/06/2025 10:15;585.21
10/06/2025 10:30;585.21
10/06/2025 10:45;585.21
10/06/2025 11:00;585.21
10/06/2025 11:15;585.21
10/06/2025 11:30;585.21
10/06/2025 11:45;585.21
10/06/2025 12:00;585.21
10/06/2025 12:15;585.21
10/06/2025 12:30;585.21
10/06/2025 12:45;585.2
10/06/2025 13:00;585.2
10/06/2025 13:15;585.2
10/06/2025 13:30;585.2
10/06/2025 13:45;585.2
10/06/2025 14:00;585.19
10/06/2025 14:15;585.2
10/06/2025 14:30;585.19
10/06/2025 14:45;585.19
10/06/2025 15:00;585.19
10/06/2025 15:15;585.2
10/06/2025 15:30;585.2
10/06/2025 15:45;585.2
10/06/2025 16:00;585.2
10/06/2025 16:15;585.19
10/06/2025 16:30;585.19
10/06/2025 16:45;585.19
10/06/2025 17:00;585.2
10/06/2025 17:15;585.2
10/06/2025 17:30;585.2
10/06/2025 17:45;585.19
10/06/2025 18:00;585.19
10/06/2025 18:15;585.19
10/06/2025 18:30;585.19
10/06/2025 18:45;585.19
10/06/2025 19:00;585.19
10/06/2025 19:15;585.19
10/06/2025 19:30;585.19
10/06/2025 19:45;585.19
10/06/2025 20:00;585.19
10/06/2025 20:15;585.19
10/06/2025 20:30;585.19
10/06/2025 20:45;585.19
10/06/2025 21:00;585.19
10/06/2025 21:15;585.18
10/06/2025 21:30;585.18
10/06/2025 21:45;585.18
10/06/2025 22:00;585.18
10/06/2025 22:15;585.18
10/06/2025 22:30;585.16
10/06/2025 22:45;585.16
10/06/2025 23:00;585.16
10/06/2025 23:15;585.15
10/06/2025 23:30;585.15
10/06/2025 23:45;585.14
11/06/2025 00:00;585.14
11/06/2025 00:15;585.14
11/06/2025 00:30;585.13
11/06/2025 00:45;585.13
11/06/2025 01:00;585.14
11/06/2025 01:15;585.13
11/06/2025 01:30;585.13
11/06/2025 01:45;585.14
11/06/2025 02:00;585.14
11/06/2025 02:15;585.14
11/06/2025 02:30;585.13
11/06/2025 02:45;585.14
11/06/2025 03:00;585.14
11/06/2025 03:15;585.14
11/06/2025 03:30;585.14
11/06/2025 03:45;585.13
11/06/2025 04:00;585.13
11/06/2025 04:15;585.13
11/06/2025 04:30;585.13
11/06/2025 04:45;585.13
11/06/2025 05:00;585.13
11/06/2025 05:15;585.13
11/06/2025 05:30;585.13
11/06/2025 05:45;585.12
11/06/2025 06:00;585.12
11/06/2025 06:15;585.12
11/06/2025 06:30;585.12
11/06/2025 06:45;585.11
11/06/2025 07:00;585.11
11/06/2025 07:15;585.11
11/06/2025 07:30;585.1
11/06/2025 07:45;585.1
11/06/2025 08:00;585.1
11/06/2025 08:15;585.1
11/06/2025 08:30;585.1
11/06/2025 08:45;585.09
11/06/2025 09:00;585.09
11/06/2025 09:15;585.1
11/06/2025 09:30;585.1
11/06/2025 09:45;585.09
11/06/2025 10:00;585.1
11/06/2025 10:15;585.09
11/06/2025 10:30;585.09
11/06/2025 10:45;585.09
11/06/2025 11:00;585.09
11/06/2025 11:15;585.08
11/06/2025 11:30;585.09
11/06/2025 11:45;585.08
11/06/2025 12:00;585.09
11/06/2025 12:15;585.09
11/06/2025 12:30;585.09
11/06/2025 12:45;585.08
11/06/2025 13:00;585.08
11/06/2025 13:15;585.08
11/06/2025 13:30;585.09
11/06/2025 13:45;585.08
11/06/2025 14:00;585.08
11/06/2025 14:15;585.08
11/06/2025 14:30;585.08
11/06/2025 14:45;585.08
11/06/2025 15:00;585.08
11/06/2025 15:15;585.08
11/06/2025 15:30;585.08
11/06/2025 15:45;585.08
11/06/2025 16:00;585.08
11/06/2025 16:15;585.08
11/06/2025 16:30;585.08
11/06/2025 16:45;585.08
11/06/2025 17:00;585.08
11/06/2025 17:15;585.08
11/06/2025 17:30;585.08
11/06/2025 17:45;585.08
11/06/2025 18:00;585.08
11/06/2025 18:15;585.08
11/06/2025 18:30;585.08
11/06/2025 18:45;585.08
11/06/2025 19:00;585.08
11/06/2025 19:15;585.08
11/06/2025 19:30;585.08
11/06/2025 19:45;585.08
11/06/2025 20:00;585.08
11/06/2025 20:15;585.08
11/06/2025 20:30;585.08
11/06/2025 20:45;585.08
11/06/2025 21:00;585.07
11/06/2025 21:15;585.07
11/06/2025 21:30;585.07
11/06/2025 21:45;585.07
11/06/2025 22:00;585.05
11/06/2025 22:15;585.05
11/06/2025 22:30;585.08
11/06/2025 22:45;585.05
11/06/2025 23:00;585.07
11/06/2025 23:15;585.04
11/06/2025 23:30;585.05
11/06/2025 23:45;585.05
12/06/2025 00:00;585.04
12/06/2025 00:15;585.05
12/06/2025 00:30;585.04
12/06/2025 00:45;585.05
12/06/2025 01:00;585.04
12/06/2025 01:15;585.05
12/06/2025 01:30;585.04
12/06/2025 01:45;585.05
12/06/2025 02:00;585.05
12/06/2025 02:15;585.04
12/06/2025 02:30;585.05
12/06/2025 02:45;585.04
12/06/2025 03:00;585.05
12/06/2025 03:15;585.04
12/06/2025 03:30;585.05
12/06/2025 03:45;585.05
12/06/2025 04:00;585.04
12/06/2025 04:15;585.05
12/06/2025 04:30;585.04
12/06/2025 04:45;585.05
12/06/2025 05:00;585.04
12/06/2025 05:15;585.05
12/06/2025 05:30;585.04
12/06/2025 05:45;585.04
12/06/2025 06:00;585.04
12/06/2025 06:15;585.03
12/06/2025 06:30;585.04
12/06/2025 06:45;585.04
12/06/2025 07:00;585.03
12/06/2025 07:15;585.02
12/06/2025 07:30;585.03
12/06/2025 07:45;585.03
12/06/2025 08:00;585.02
12/06/2025 08:15;585.03
12/06/2025 08:30;585.01
12/06/2025 08:45;585.02
12/06/2025 09:00;585.02
12/06/2025 09:15;585.02
12/06/2025 09:30;585.02
12/06/2025 09:45;585.02
12/06/2025 10:00;585
12/06/2025 10:15;585.02
12/06/2025 10:30;585.01
12/06/2025 10:45;585.02
12/06/2025 11:00;585.01
12/06/2025 11:15;585.02
12/06/2025 11:30;585.02
12/06/2025 11:45;585.01
12/06/2025 12:00;585.02
12/06/2025 12:15;585.02
12/06/2025 12:30;585.02
12/06/2025 12:45;585.01
12/06/2025 13:00;585.01
12/06/2025 13:15;585.01
12/06/2025 13:30;585.02
12/06/2025 13:45;585
12/06/2025 14:00;585.01
12/06/2025 14:15;585.01
12/06/2025 14:30;585.01
12/06/2025 14:45;585.02
12/06/2025 15:00;585.01
12/06/2025 15:15;585.01
12/06/2025 15:30;585.01
12/06/2025 15:45;585.01
12/06/2025 16:00;585
12/06/2025 16:15;585.01
12/06/2025 16:30;585
12/06/2025 16:45;585
12/06/2025 17:00;585.02
12/06/2025 17:15;585.01
12/06/2025 17:30;585
12/06/2025 17:45;585.01
12/06/2025 18:00;585.01
12/06/2025 18:15;585.01
12/06/2025 18:30;585.01
12/06/2025 18:45;585.01
12/06/2025 19:00;585.01
12/06/2025 19:15;585.01
12/06/2025 19:30;585.01
12/06/2025 19:45;585.01
12/06/2025 20:00;585.01
12/06/2025 20:15;585.01
12/06/2025 20:30;585.01
12/06/2025 20:45;585.01
12/06/2025 21:00;585.01
12/06/2025 21:15;585.01
12/06/2025 21:30;585.01
12/06/2025 21:45;585.01
12/06/2025 22:00;585.01
12/06/2025 22:15;585.01
12/06/2025 22:30;585
12/06/2025 22:45;585
12/06/2025 23:00;585
12/06/2025 23:15;585
12/06/2025 23:30;585
12/06/2025 23:45;585
13/06/2025 00:00;585
13/06/2025 00:15;585
13/06/2025 00:30;585
13/06/2025 00:45;585
13/06/2025 01:00;585
13/06/2025 01:15;585
13/06/2025 01:30;585
13/06/2025 01:45;585
13/06/2025 02:00;585.01
13/06/2025 02:15;585
13/06/2025 02:30;585
13/06/2025 02:45;585
13/06/2025 03:00;585
13/06/2025 03:15;585
13/06/2025 03:30;585
13/06/2025 03:45;585
13/06/2025 04:00;585
13/06/2025 04:15;585
13/06/2025 04:30;585
13/06/2025 04:45;585
13/06/2025 05:00;585
13/06/2025 05:15;585
13/06/2025 05:30;585
13/06/2025 05:45;585
13/06/2025 06:00;585
13/06/2025 06:15;585
13/06/2025 06:30;585
13/06/2025 06:45;585
13/06/2025 07:00;584.98
13/06/2025 07:15;584.98
13/06/2025 07:30;584.98
13/06/2025 07:45;584.98
13/06/2025 08:00;584.98
13/06/2025 08:15;584.98
13/06/2025 08:30;584.98
13/06/2025 08:45;584.98
13/06/2025 09:00;584.98
13/06/2025 09:15;584.98
13/06/2025 09:30;584.97
13/06/2025 09:45;584.98
13/06/2025 10:00;584.97
13/06/2025 10:15;584.98
13/06/2025 10:30;584.98
13/06/2025 10:45;584.97
13/06/2025 11:00;584.98
13/06/2025 11:15;584.98
13/06/2025 11:30;584.98
13/06/2025 11:45;584.97
13/06/2025 12:00;584.97
13/06/2025 12:15;584.98
13/06/2025 12:30;584.98
13/06/2025 12:45;584.97
13/06/2025 13:00;584.97
13/06/2025 13:15;584.98
13/06/2025 13:30;584.98
13/06/2025 13:45;584.98
13/06/2025 14:00;584.97
13/06/2025 14:15;584.97
13/06/2025 14:30;584.98
13/06/2025 14:45;584.97
13/06/2025 15:00;584.98
13/06/2025 15:15;584.97
13/06/2025 15:30;584.98
13/06/2025 15:45;584.97
13/06/2025 16:00;584.98
13/06/2025 16:15;584.98
13/06/2025 16:30;584.96
13/06/2025 16:45;584.97
13/06/2025 17:00;584.97
13/06/2025 17:15;584.97
13/06/2025 17:30;584.97
13/06/2025 17:45;584.97
13/06/2025 18:00;584.96
13/06/2025 18:15;584.97
13/06/2025 18:30;584.96
13/06/2025 18:45;584.98
13/06/2025 19:00;584.97
13/06/2025 19:15;584.97
13/06/2025 19:30;584.96
13/06/2025 19:45;584.97
13/06/2025 20:00;584.97
13/06/2025 20:15;584.97
13/06/2025 20:30;584.97
13/06/2025 20:45;584.96
13/06/2025 21:00;584.97
13/06/2025 21:15;584.95
13/06/2025 21:30;584.96
13/06/2025 21:45;584.95
13/06/2025 22:00;584.95
13/06/2025 22:15;584.95
13/06/2025 22:30;584.95
13/06/2025 22:45;584.94
13/06/2025 23:00;584.94
13/06/2025 23:15;584.94
13/06/2025 23:30;584.93
13/06/2025 23:45;584.94
14/06/2025 00:00;584.93
14/06/2025 00:15;584.94
14/06/2025 00:30;584.93
14/06/2025 00:45;584.93
14/06/2025 01:00;584.93
14/06/2025 01:15;584.93
14/06/2025 01:30;584.93
14/06/2025 01:45;584.93
14/06/2025 02:00;584.94
14/06/2025 02:15;584.93
14/06/2025 02:30;584.94
14/06/2025 02:45;584.93
14/06/2025 03:00;584.93
14/06/2025 03:15;584.93
14/06/2025 03:30;584.93
14/06/2025 03:45;584.93
14/06/2025 04:00;584.93
14/06/2025 04:15;584.93
14/06/2025 04:30;584.93
14/06/2025 04:45;584.93
14/06/2025 05:00;584.93
14/06/2025 05:15;584.93
14/06/2025 05:30;584.92
14/06/2025 05:45;584.92
14/06/2025 06:00;584.92
14/06/2025 06:15;584.92
14/06/2025 06:30;584.91
14/06/2025 06:45;584.92
14/06/2025 07:00;584.91
14/06/2025 07:15;584.92
14/06/2025 07:30;584.91
14/06/2025 07:45;584.91
14/06/2025 08:00;584.9
14/06/2025 08:15;584.91
14/06/2025 08:30;584.91
14/06/2025 08:45;584.9
14/06/2025 09:00;584.9
14/06/2025 09:15;584.9
14/06/2025 09:30;584.9
14/06/2025 09:45;584.9
14/06/2025 10:00;584.9
14/06/2025 10:15;584.9
14/06/2025 10:30;584.9
14/06/2025 10:45;584.9
14/06/2025 11:00;584.9
14/06/2025 11:15;584.9
14/06/2025 11:30;584.9
14/06/2025 11:45;584.9
14/06/2025 12:00;584.9
14/06/2025 12:15;584.9
14/06/2025 12:30;584.9
14/06/2025 12:45;584.9
14/06/2025 13:00;584.9
14/06/2025 13:15;584.9
14/06/2025 13:30;584.9
14/06/2025 13:45;584.9
14/06/2025 14:00;584.9
14/06/2025 14:15;584.9
14/06/2025 14:30;584.9
14/06/2025 14:45;584.9
14/06/2025 15:00;584.9
14/06/2025 15:15;584.9
14/06/2025 15:30;584.9
14/06/2025 15:45;584.9
14/06/2025 16:00;584.9
14/06/2025 16:15;584.9
14/06/2025 16:30;584.9
14/06/2025 16:45;584.9
14/06/2025 17:00;584.9
14/06/2025 17:15;584.9
14/06/2025 17:30;584.9
14/06/2025 17:45;584.9
14/06/2025 18:00;584.9
14/06/2025 18:15;584.9
14/06/2025 18:30;584.9
14/06/2025 18:45;584.9
14/06/2025 19:00;584.9
14/06/2025 19:15;584.9
14/06/2025 19:30;584.91
14/06/2025 19:45;584.9
14/06/2025 20:00;584.9
14/06/2025 20:15;584.91
14/06/2025 20:30;584.9
14/06/2025 20:45;584.9
14/06/2025 21:00;584.9
14/06/2025 21:15;584.9
14/06/2025 21:30;584.89
14/06/2025 21:45;584.89
14/06/2025 22:00;584.87
14/06/2025 22:15;584.87
14/06/2025 22:30;584.87
14/06/2025 22:45;584.89
14/06/2025 23:00;584.87
14/06/2025 23:15;584.87
14/06/2025 23:30;584.86
14/06/2025 23:45;584.86
15/06/2025 00:00;584.86
15/06/2025 00:15;584.85
15/06/2025 00:30;584.85
15/06/2025 00:45;584.86
15/06/2025 01:00;584.86
15/06/2025 01:15;584.86
15/06/2025 01:30;584.87
15/06/2025 01:45;584.86
15/06/2025 02:00;584.85
15/06/2025 02:15;584.85
15/06/2025 02:30;584.85
15/06/2025 02:45;584.86
15/06/2025 03:00;584.86
15/06/2025 03:15;584.86
15/06/2025 03:30;584.86
15/06/2025 03:45;584.87
15/06/2025 04:00;584.86
15/06/2025 04:15;584.87
15/06/2025 04:30;584.85
15/06/2025 04:45;584.86
15/06/2025 05:00;584.86
15/06/2025 05:15;584.86
15/06/2025 05:30;584.86
15/06/2025 05:45;584.84
15/06/2025 06:00;584.85
15/06/2025 06:15;584.85
15/06/2025 06:30;584.84
15/06/2025 06:45;584.84
15/06/2025 07:00;584.84
15/06/2025 07:15;584.84
15/06/2025 07:30;584.83
15/06/2025 07:45;584.84
15/06/2025 08:00;584.82
15/06/2025 08:15;584.83
15/06/2025 08:30;584.83
15/06/2025 08:45;584.83
15/06/2025 09:00;584.82
15/06/2025 09:15;584.82
15/06/2025 09:30;584.82
15/06/2025 09:45;584.83
15/06/2025 10:00;584.83
15/06/2025 10:15;584.82
15/06/2025 10:30;584.82
15/06/2025 10:45;584.82
15/06/2025 11:00;584.83
15/06/2025 11:15;584.83
15/06/2025 11:30;584.82
15/06/2025 11:45;584.83
15/06/2025 12:00;584.83
15/06/2025 12:15;584.82
15/06/2025 12:30;584.82
15/06/2025 12:45;584.83
15/06/2025 13:00;584.82
15/06/2025 13:15;584.83
15/06/2025 13:30;584.82
15/06/2025 13:45;584.82
15/06/2025 14:00;584.83
15/06/2025 14:15;584.82
15/06/2025 14:30;584.83
15/06/2025 14:45;584.83
15/06/2025 15:00;584.82
15/06/2025 15:15;584.83
15/06/2025 15:30;584.82
15/06/2025 15:45;584.83
15/06/2025 16:00;584.82
15/06/2025 16:15;584.83
15/06/2025 16:30;584.82
15/06/2025 16:45;584.82
15/06/2025 17:00;584.82
15/06/2025 17:15;584.83
15/06/2025 17:30;584.83
15/06/2025 17:45;584.83
15/06/2025 18:00;584.82
15/06/2025 18:15;584.83
15/06/2025 18:30;584.82
15/06/2025 18:45;584.82
15/06/2025 19:00;584.83
15/06/2025 19:15;584.82
15/06/2025 19:30;584.83
15/06/2025 19:45;584.82
15/06/2025 20:00;584.82
15/06/2025 20:15;584.82
15/06/2025 20:30;584.82
15/06/2025 20:45;584.85
15/06/2025 21:00;584.82
15/06/2025 21:15;584.82
15/06/2025 21:30;584.82
15/06/2025 21:45;584.82
15/06/2025 22:00;584.82
15/06/2025 22:15;584.82
15/06/2025 22:30;584.79
15/06/2025 22:45;584.79
15/06/2025 23:00;584.8
15/06/2025 23:15;584.8
15/06/2025 23:30;584.79
15/06/2025 23:45;584.79
16/06/2025 00:00;584.79
16/06/2025 00:15;584.8
16/06/2025 00:30;584.79
16/06/2025 00:45;584.79
16/06/2025 01:00;584.79
16/06/2025 01:15;584.79
16/06/2025 01:30;584.79
16/06/2025 01:45;584.79
16/06/2025 02:00;584.79
16/06/2025 02:15;584.79
16/06/2025 02:30;584.8
16/06/2025 02:45;584.79
16/06/2025 03:00;584.8
16/06/2025 03:15;584.79
16/06/2025 03:30;584.79
16/06/2025 03:45;584.78
16/06/2025 04:00;584.79
16/06/2025 04:15;584.78
16/06/2025 04:30;584.79
16/06/2025 04:45;584.78
16/06/2025 05:00;584.78
16/06/2025 05:15;584.79
16/06/2025 05:30;584.79
16/06/2025 05:45;584.78
16/06/2025 06:00;584.77
16/06/2025 06:15;584.77
16/06/2025 06:30;584.78
16/06/2025 06:45;584.78
16/06/2025 07:00;584.78
16/06/2025 07:15;584.78
16/06/2025 07:30;584.78
16/06/2025 07:45;584.75
16/06/2025 08:00;584.77
16/06/2025 08:15;584.77
16/06/2025 08:30;584.77
16/06/2025 08:45;584.76
16/06/2025 09:00;584.75
16/06/2025 09:15;584.77
16/06/2025 09:30;584.74
16/06/2025 09:45;584.76
16/06/2025 10:00;584.75
16/06/2025 10:15;584.75
16/06/2025 10:30;584.75
16/06/2025 10:45;584.77
16/06/2025 11:00;584.76
16/06/2025 11:15;584.77
16/06/2025 11:30;584.76
16/06/2025 11:45;584.75
16/06/2025 12:00;584.76
16/06/2025 12:15;584.74
16/06/2025 12:30;584.76
16/06/2025 12:45;584.76
16/06/2025 13:00;584.76
16/06/2025 13:15;584.77
16/06/2025 13:30;584.75
16/06/2025 13:45;584.76
16/06/2025 14:00;584.76
16/06/2025 14:15;584.75
16/06/2025 14:30;584.75
16/06/2025 14:45;584.76
16/06/2025 15:00;584.74
16/06/2025 15:15;584.76
16/06/2025 15:30;584.75
16/06/2025 15:45;584.74
16/06/2025 16:00;584.76
16/06/2025 16:15;584.75
16/06/2025 16:30;584.75
16/06/2025 16:45;584.74
16/06/2025 17:00;584.75
16/06/2025 17:15;584.74
16/06/2025 17:30;584.74
16/06/2025 17:45;584.75
16/06/2025 18:00;584.74
16/06/2025 18:15;584.75
16/06/2025 18:30;584.75
16/06/2025 18:45;584.75
16/06/2025 19:00;584.75
16/06/2025 19:15;584.73
16/06/2025 19:30;584.73
16/06/2025 19:45;584.74
16/06/2025 20:00;584.74
16/06/2025 20:15;584.73
16/06/2025 20:30;584.73
16/06/2025 20:45;584.73
16/06/2025 21:00;584.73
16/06/2025 21:15;584.72
16/06/2025 21:30;584.73
16/06/2025 21:45;584.72
16/06/2025 22:00;584.72
16/06/2025 22:15;584.72
16/06/2025 22:30;584.72
16/06/2025 22:45;584.71
16/06/2025 23:00;584.71
16/06/2025 23:15;584.69
16/06/2025 23:30;584.69
16/06/2025 23:45;584.69
17/06/2025 00:00;584.69
17/06/2025 00:15;584.69
17/06/2025 00:30;584.69
17/06/2025 00:45;584.69
17/06/2025 01:00;584.69
17/06/2025 01:15;584.69
17/06/2025 01:30;584.69
17/06/2025 01:45;584.68
17/06/2025 02:00;584.68
17/06/2025 02:15;584.69
17/06/2025 02:30;584.69
17/06/2025 02:45;584.68
17/06/2025 03:00;584.68
17/06/2025 03:15;584.68
17/06/2025 03:30;584.68
17/06/2025 03:45;584.68
17/06/2025 04:00;584.69
17/06/2025 04:15;584.69
17/06/2025 04:30;584.68
17/06/2025 04:45;584.68
17/06/2025 05:00;584.68
17/06/2025 05:15;584.68
17/06/2025 05:30;584.67
17/06/2025 05:45;584.67
17/06/2025 06:00;584.67
17/06/2025 06:15;584.67
17/06/2025 06:30;584.66
17/06/2025 06:45;584.66
17/06/2025 07:00;584.66
17/06/2025 07:15;584.66
17/06/2025 07:30;584.65
17/06/2025 07:45;584.65
17/06/2025 08:00;584.65
17/06/2025 08:15;584.64
17/06/2025 08:30;584.64
17/06/2025 08:45;584.64
17/06/2025 09:00;584.64
17/06/2025 09:15;584.64
17/06/2025 09:30;584.64
17/06/2025 09:45;584.64
17/06/2025 10:00;584.64
17/06/2025 10:15;584.62
17/06/2025 10:30;584.64
17/06/2025 10:45;584.64
17/06/2025 11:00;584.62
17/06/2025 11:15;584.64
17/06/2025 11:30;584.64
17/06/2025 11:45;584.64
17/06/2025 12:00;584.62
17/06/2025 12:15;584.62
17/06/2025 12:30;584.62
17/06/2025 12:45;584.62
17/06/2025 13:00;584.61
17/06/2025 13:15;584.62
17/06/2025 13:30;584.61
17/06/2025 13:45;584.62
17/06/2025 14:00;584.61
17/06/2025 14:15;584.62
17/06/2025 14:30;584.62
17/06/2025 14:45;584.62
17/06/2025 15:00;584.62
17/06/2025 15:15;584.62
17/06/2025 15:30;584.62
17/06/2025 15:45;584.62
17/06/2025 16:00;584.61
17/06/2025 16:15;584.61
17/06/2025 16:30;584.61
17/06/2025 16:45;584.61
17/06/2025 17:00;584.61
17/06/2025 17:15;584.61
17/06/2025 17:30;584.61
17/06/2025 17:45;584.61
17/06/2025 18:00;584.61
17/06/2025 18:15;584.61
17/06/2025 18:30;584.61
17/06/2025 18:45;584.61
17/06/2025 19:00;584.61
17/06/2025 19:15;584.61
17/06/2025 19:30;584.61
17/06/2025 19:45;584.6
17/06/2025 20:00;584.61
17/06/2025 20:15;584.6
17/06/2025 20:30;584.6
17/06/2025 20:45;584.59
17/06/2025 21:00;584.58
17/06/2025 21:15;584.58
17/06/2025 21:30;584.58
17/06/2025 21:45;584.58
17/06/2025 22:00;584.57
17/06/2025 22:15;584.57
17/06/2025 22:30;584.56
17/06/2025 22:45;584.55
17/06/2025 23:00;584.56
17/06/2025 23:15;584.56
17/06/2025 23:30;584.56
17/06/2025 23:45;584.55
18/06/2025 00:00;584.55
18/06/2025 00:15;584.55
18/06/2025 00:30;584.55
18/06/2025 00:45;584.54
18/06/2025 01:00;584.54
18/06/2025 01:15;584.54
18/06/2025 01:30;584.54
18/06/2025 01:45;584.54
18/06/2025 02:00;584.53
18/06/2025 02:15;584.54
18/06/2025 02:30;584.54
18/06/2025 02:45;584.53
18/06/2025 03:00;584.53
18/06/2025 03:15;584.53
18/06/2025 03:30;584.53
18/06/2025 03:45;584.53
18/06/2025 04:00;584.53
18/06/2025 04:15;584.51
18/06/2025 04:30;584.51
18/06/2025 04:45;584.51
18/06/2025 05:00;584.51
18/06/2025 05:15;584.51
18/06/2025 05:30;584.51
18/06/2025 05:45;584.51
18/06/2025 06:00;584.51
18/06/2025 06:15;584.51
18/06/2025 06:30;584.5
18/06/2025 06:45;584.5
18/06/2025 07:00;584.49
18/06/2025 07:15;584.49
18/06/2025 07:30;584.49
18/06/2025 07:45;584.49
18/06/2025 08:00;584.48
18/06/2025 08:15;584.48
18/06/2025 08:30;584.48
18/06/2025 08:45;584.48
18/06/2025 09:00;584.47
18/06/2025 09:15;584.47
18/06/2025 09:30;584.46
18/06/2025 09:45;584.46
18/06/2025 10:00;584.47
18/06/2025 10:15;584.46
18/06/2025 10:30;584.46
18/06/2025 10:45;584.46
18/06/2025 11:00;584.46
18/06/2025 11:15;584.46
18/06/2025 11:30;584.46
18/06/2025 11:45;584.46
18/06/2025 12:00;584.46
18/06/2025 12:15;584.46
18/06/2025 12:30;584.46
18/06/2025 12:45;584.46
18/06/2025 13:00;584.46
18/06/2025 13:15;584.46
18/06/2025 13:30;584.46
18/06/2025 13:45;584.46
18/06/2025 14:00;584.46
18/06/2025 14:15;584.44
18/06/2025 14:30;584.46
18/06/2025 14:45;584.44
18/06/2025 15:00;584.44
18/06/2025 15:15;584.44
18/06/2025 15:30;584.44
18/06/2025 15:45;584.44
18/06/2025 16:00;584.44
18/06/2025 16:15;584.44
18/06/2025 16:30;584.44
18/06/2025 16:45;584.44
18/06/2025 17:00;584.44
18/06/2025 17:15;584.44
18/06/2025 17:30;584.44
18/06/2025 17:45;584.43
18/06/2025 18:00;584.43
18/06/2025 18:15;584.43
18/06/2025 18:30;584.43
18/06/2025 18:45;584.43
18/06/2025 19:00;584.43
18/06/2025 19:15;584.43
18/06/2025 19:30;584.42
18/06/2025 19:45;584.42
18/06/2025 20:00;584.43
18/06/2025 20:15;584.41
18/06/2025 20:30;584.41
18/06/2025 20:45;584.4
18/06/2025 21:00;584.41
18/06/2025 21:15;584.41
18/06/2025 21:30;584.4
18/06/2025 21:45;584.41
18/06/2025 22:00;584.39
18/06/2025 22:15;584.39
18/06/2025 22:30;584.39
18/06/2025 22:45;584.39
18/06/2025 23:00;584.38
18/06/2025 23:15;584.38
18/06/2025 23:30;584.38
18/06/2025 23:45;584.37
19/06/2025 00:00;584.37
19/06/2025 00:15;584.37
19/06/2025 00:30;584.36
19/06/2025 00:45;584.36
19/06/2025 01:00;584.36
19/06/2025 01:15;584.36
19/06/2025 01:30;584.36
19/06/2025 01:45;584.36
19/06/2025 02:00;584.36
19/06/2025 02:15;584.36
19/06/2025 02:30;584.36
19/06/2025 02:45;584.35
19/06/2025 03:00;584.36
19/06/2025 03:15;584.36
19/06/2025 03:30;584.36
19/06/2025 03:45;584.35
19/06/2025 04:00;584.35
19/06/2025 04:15;584.36
19/06/2025 04:30;584.35
19/06/2025 04:45;584.35
19/06/2025 05:00;584.35
19/06/2025 05:15;584.33
19/06/2025 05:30;584.33
19/06/2025 05:45;584.33
19/06/2025 06:00;584.33
19/06/2025 06:15;584.33
19/06/2025 06:30;584.32
19/06/2025 06:45;584.32
19/06/2025 07:00;584.32
19/06/2025 07:15;584.31
19/06/2025 07:30;584.31
19/06/2025 07:45;584.31
19/06/2025 08:00;584.3
19/06/2025 08:15;584.3
19/06/2025 08:30;584.31
19/06/2025 08:45;584.31
19/06/2025 09:00;584.3
19/06/2025 09:15;584.3
19/06/2025 09:30;584.28
19/06/2025 09:45;584.29
19/06/2025 10:00;584.29
19/06/2025 10:15;584.28
19/06/2025 10:30;584.28
19/06/2025 10:45;584.28
19/06/2025 11:00;584.28
19/06/2025 11:15;584.28
19/06/2025 11:30;584.28
19/06/2025 11:45;584.28
19/06/2025 12:00;584.28
19/06/2025 12:15;584.28
19/06/2025 12:30;584.28
19/06/2025 12:45;584.28
19/06/2025 13:00;584.28
19/06/2025 13:15;584.28
19/06/2025 13:30;584.28
19/06/2025 13:45;584.28
19/06/2025 14:00;584.26
19/06/2025 14:15;584.28
19/06/2025 14:30;584.26
19/06/2025 14:45;584.26
19/06/2025 15:00;584.26
19/06/2025 15:15;584.26
19/06/2025 15:30;584.26
19/06/2025 15:45;584.26
19/06/2025 16:00;584.26
19/06/2025 16:15;584.26
19/06/2025 16:30;584.26
19/06/2025 16:45;584.26
19/06/2025 17:00;584.26
19/06/2025 17:15;584.26
19/06/2025 17:30;584.26
19/06/2025 17:45;584.26
19/06/2025 18:00;584.25
19/06/2025 18:15;584.25
19/06/2025 18:30;584.25
19/06/2025 18:45;584.25
19/06/2025 19:00;584.25
19/06/2025 19:15;584.24
19/06/2025 19:30;584.25
19/06/2025 19:45;584.23
19/06/2025 20:00;584.23
19/06/2025 20:15;584.23
19/06/2025 20:30;584.23
19/06/2025 20:45;584.22
19/06/2025 21:00;584.22
19/06/2025 21:15;584.22
19/06/2025 21:30;584.21
19/06/2025 21:45;584.21
19/06/2025 22:00;584.2
19/06/2025 22:15;584.2
19/06/2025 22:30;584.19
19/06/2025 22:45;584.19
19/06/2025 23:00;584.19
19/06/2025 23:15;584.19
19/06/2025 23:30;584.19
19/06/2025 23:45;584.18
20/06/2025 00:00;584.18
20/06/2025 00:15;584.17
20/06/2025 00:30;584.17
20/06/2025 00:45;584.17
20/06/2025 01:00;584.17
20/06/2025 01:15;584.17
20/06/2025 01:30;584.17
20/06/2025 01:45;584.17
20/06/2025 02:00;584.17
20/06/2025 02:15;584.17
20/06/2025 02:30;584.17
20/06/2025 02:45;584.17
20/06/2025 03:00;584.17
20/06/2025 03:15;584.15
20/06/2025 03:30;584.15
20/06/2025 03:45;584.15
20/06/2025 04:00;584.15
20/06/2025 04:15;584.15
20/06/2025 04:30;584.17
20/06/2025 04:45;584.15
20/06/2025 05:00;584.15
20/06/2025 05:15;584.14
20/06/2025 05:30;584.15
20/06/2025 05:45;584.13
20/06/2025 06:00;584.14
20/06/2025 06:15;584.13
20/06/2025 06:30;584.13
20/06/2025 06:45;584.12
20/06/2025 07:00;584.13
20/06/2025 07:15;584.12
20/06/2025 07:30;584.12
20/06/2025 07:45;584.11
20/06/2025 08:00;584.11
20/06/2025 08:15;584.1
20/06/2025 08:30;584.1
20/06/2025 08:45;584.1
20/06/2025 09:00;584.1
20/06/2025 09:15;584.1
20/06/2025 09:30;584.1
20/06/2025 09:45;584.08
20/06/2025 10:00;584.08
20/06/2025 10:15;584.08
20/06/2025 10:30;584.08
20/06/2025 10:45;584.07
20/06/2025 11:00;584.08
20/06/2025 11:15;584.08
20/06/2025 11:30;584.08
20/06/2025 11:45;584.08
20/06/2025 12:00;584.07
20/06/2025 12:15;584.07
20/06/2025 12:30;584.07
20/06/2025 12:45;584.07
20/06/2025 13:00;584.07
20/06/2025 13:15;584.07
20/06/2025 13:30;584.07
20/06/2025 13:45;584.07
20/06/2025 14:00;584.07
20/06/2025 14:15;584.07
20/06/2025 14:30;584.07
20/06/2025 14:45;584.07
20/06/2025 15:00;584.07
20/06/2025 15:15;584.07
20/06/2025 15:30;584.06
20/06/2025 15:45;584.06
20/06/2025 16:00;584.06
20/06/2025 16:15;584.06
20/06/2025 16:30;584.06
20/06/2025 16:45;584.06
20/06/2025 17:00;584.06
20/06/2025 17:15;584.05
20/06/2025 17:30;584.05
20/06/2025 17:45;584.05
20/06/2025 18:00;584.05
20/06/2025 18:15;584.05
20/06/2025 18:30;584.04
20/06/2025 18:45;584.04
20/06/2025 19:00;584.04
20/06/2025 19:15;584.04
20/06/2025 19:30;584.03
20/06/2025 19:45;584.03
20/06/2025 20:00;584.03
20/06/2025 20:15;584.01
20/06/2025 20:30;584.01
20/06/2025 20:45;584.01
20/06/2025 21:00;584.01
20/06/2025 21:15;584
20/06/2025 21:30;584
20/06/2025 21:45;584
20/06/2025 22:00;584
20/06/2025 22:15;583.99
20/06/2025 22:30;583.99
20/06/2025 22:45;583.99
20/06/2025 23:00;583.99
20/06/2025 23:15;583.99
20/06/2025 23:30;583.97
20/06/2025 23:45;583.99
21/06/2025 00:00;583.97
21/06/2025 00:15;583.97
21/06/2025 00:30;583.97
21/06/2025 00:45;583.97
21/06/2025 01:00;583.97
21/06/2025 01:15;583.97
21/06/2025 01:30;583.97
21/06/2025 01:45;583.97
21/06/2025 02:00;583.97
21/06/2025 02:15;583.97
21/06/2025 02:30;583.97
21/06/2025 02:45;583.97
21/06/2025 03:00;583.96
21/06/2025 03:15;583.97
21/06/2025 03:30;583.97
21/06/2025 03:45;583.96
21/06/2025 04:00;583.96
21/06/2025 04:15;583.96
21/06/2025 04:30;583.96
21/06/2025 04:45;583.96
21/06/2025 05:00;583.96
21/06/2025 05:15;583.95
21/06/2025 05:30;583.95
21/06/2025 05:45;583.95
21/06/2025 06:00;583.94
21/06/2025 06:15;583.94
21/06/2025 06:30;583.93
21/06/2025 06:45;583.93
21/06/2025 07:00;583.93
21/06/2025 07:15;583.92
21/06/2025 07:30;583.92
21/06/2025 07:45;583.92
21/06/2025 08:00;583.92
21/06/2025 08:15;583.92
21/06/2025 08:30;583.9
21/06/2025 08:45;583.92
21/06/2025 09:00;583.92
21/06/2025 09:15;583.9
21/06/2025 09:30;583.9
21/06/2025 09:45;583.9
21/06/2025 10:00;583.89
21/06/2025 10:15;583.89
21/06/2025 10:30;583.89
21/06/2025 10:45;583.89
21/06/2025 11:00;583.89
21/06/2025 11:15;583.89
21/06/2025 11:30;583.89
21/06/2025 11:45;583.89
21/06/2025 12:00;583.89
21/06/2025 12:15;583.89
21/06/2025 12:30;583.89
21/06/2025 12:45;583.89
21/06/2025 13:00;583.89
21/06/2025 13:15;583.88
21/06/2025 13:30;583.89
21/06/2025 13:45;583.88
21/06/2025 14:00;583.88
21/06/2025 14:15;583.89
21/06/2025 14:30;583.88
21/06/2025 14:45;583.88
21/06/2025 15:00;583.88
21/06/2025 15:15;583.88
21/06/2025 15:30;583.86
21/06/2025 15:45;583.86
21/06/2025 16:00;583.86
21/06/2025 16:15;583.86
21/06/2025 16:30;583.88
21/06/2025 16:45;583.86
21/06/2025 17:00;583.86
21/06/2025 17:15;583.86
21/06/2025 17:30;583.86
21/06/2025 17:45;583.86
21/06/2025 18:00;583.86
21/06/2025 18:15;583.86
21/06/2025 18:30;583.86
21/06/2025 18:45;583.86
21/06/2025 19:00;583.86
21/06/2025 19:15;583.85
21/06/2025 19:30;583.85
21/06/2025 19:45;583.84
21/06/2025 20:00;583.84
21/06/2025 20:15;583.84
21/06/2025 20:30;583.84
21/06/2025 20:45;583.83
21/06/2025 21:00;583.83
21/06/2025 21:15;583.82
21/06/2025 21:30;583.82
21/06/2025 21:45;583.81
21/06/2025 22:00;583.81
21/06/2025 22:15;583.81
21/06/2025 22:30;583.81
21/06/2025 22:45;583.81
21/06/2025 23:00;583.81
21/06/2025 23:15;583.81
21/06/2025 23:30;583.79
21/06/2025 23:45;583.79
22/06/2025 00:00;583.79
22/06/2025 00:15;583.79
22/06/2025 00:30;583.79
22/06/2025 00:45;583.79
22/06/2025 01:00;583.79
22/06/2025 01:15;583.79
22/06/2025 01:30;583.78
22/06/2025 01:45;583.78
22/06/2025 02:00;583.78
22/06/2025 02:15;583.78
22/06/2025 02:30;583.78
22/06/2025 02:45;583.78
22/06/2025 03:00;583.78
22/06/2025 03:15;583.78
22/06/2025 03:30;583.77
22/06/2025 03:45;583.77
22/06/2025 04:00;583.76
22/06/2025 04:15;583.77
22/06/2025 04:30;583.76
22/06/2025 04:45;583.76
22/06/2025 05:00;583.76
22/06/2025 05:15;583.75
22/06/2025 05:30;583.75
22/06/2025 05:45;583.75
22/06/2025 06:00;583.75
22/06/2025 06:15;583.75
22/06/2025 06:30;583.74
22/06/2025 06:45;583.74
22/06/2025 07:00;583.74
22/06/2025 07:15;583.74
22/06/2025 07:30;583.72
22/06/2025 07:45;583.74
22/06/2025 08:00;583.72
22/06/2025 08:15;583.72
22/06/2025 08:30;583.71
22/06/2025 08:45;583.71
22/06/2025 09:00;583.71
22/06/2025 09:15;583.71
22/06/2025 09:30;583.71
22/06/2025 09:45;583.71
22/06/2025 10:00;583.71
22/06/2025 10:15;583.71
22/06/2025 10:30;583.71
22/06/2025 10:45;583.71
22/06/2025 11:00;583.7
22/06/2025 11:15;583.7
22/06/2025 11:30;583.7
22/06/2025 11:45;583.7
22/06/2025 12:00;583.7
22/06/2025 12:15;583.7
22/06/2025 12:30;583.7
22/06/2025 12:45;583.7
22/06/2025 13:00;583.68
22/06/2025 13:15;583.7
22/06/2025 13:30;583.68
22/06/2025 13:45;583.68
22/06/2025 14:00;583.68
22/06/2025 14:15;583.68
22/06/2025 14:30;583.68
22/06/2025 14:45;583.68
22/06/2025 15:00;583.68
22/06/2025 15:15;583.68
22/06/2025 15:30;583.68
22/06/2025 15:45;583.68
22/06/2025 16:00;583.68
22/06/2025 16:15;583.68
22/06/2025 16:30;583.68
22/06/2025 16:45;583.68
22/06/2025 17:00;583.68
22/06/2025 17:15;583.68
22/06/2025 17:30;583.67
22/06/2025 17:45;583.67
22/06/2025 18:00;583.67
22/06/2025 18:15;583.67
22/06/2025 18:30;583.67
22/06/2025 18:45;583.67
22/06/2025 19:00;583.67
22/06/2025 19:15;583.67
22/06/2025 19:30;583.67
22/06/2025 19:45;583.66
22/06/2025 20:00;583.66
22/06/2025 20:15;583.66
22/06/2025 20:30;583.66
22/06/2025 20:45;583.65
22/06/2025 21:00;583.65
22/06/2025 21:15;583.64
22/06/2025 21:30;583.64
22/06/2025 21:45;583.63
22/06/2025 22:00;583.64
22/06/2025 22:15;583.64
22/06/2025 22:30;583.63
22/06/2025 22:45;583.63
22/06/2025 23:00;583.63
22/06/2025 23:15;583.63
22/06/2025 23:30;583.63
22/06/2025 23:45;583.63
23/06/2025 00:00;583.63
23/06/2025 00:15;583.61
23/06/2025 00:30;583.63
23/06/2025 00:45;583.61
23/06/2025 01:00;583.61
23/06/2025 01:15;583.61
23/06/2025 01:30;583.61
23/06/2025 01:45;583.61
23/06/2025 02:00;583.61
23/06/2025 02:15;583.61
23/06/2025 02:30;583.61
23/06/2025 02:45;583.61
23/06/2025 03:00;583.6
23/06/2025 03:15;583.61
23/06/2025 03:30;583.6
23/06/2025 03:45;583.61
23/06/2025 04:00;583.6
23/06/2025 04:15;583.6
23/06/2025 04:30;583.6
23/06/2025 04:45;583.59
23/06/2025 05:00;583.6
23/06/2025 05:15;583.59
23/06/2025 05:30;583.59
23/06/2025 05:45;583.58
23/06/2025 06:00;583.58
23/06/2025 06:15;583.58
23/06/2025 06:30;583.57
23/06/2025 06:45;583.57
23/06/2025 07:00;583.57
23/06/2025 07:15;583.56
23/06/2025 07:30;583.56
23/06/2025 07:45;583.55
23/06/2025 08:00;583.55
23/06/2025 08:15;583.55
23/06/2025 08:30;583.54
23/06/2025 08:45;583.55
23/06/2025 09:00;583.54
23/06/2025 09:15;583.54
23/06/2025 09:30;583.53
23/06/2025 09:45;583.53
23/06/2025 10:00;583.53
23/06/2025 10:15;583.53
23/06/2025 10:30;583.53
23/06/2025 10:45;583.53
23/06/2025 11:00;583.53
23/06/2025 11:15;583.52
23/06/2025 11:30;583.53
23/06/2025 11:45;583.53
23/06/2025 12:00;583.53
23/06/2025 12:15;583.53
23/06/2025 12:30;583.53
23/06/2025 12:45;583.53
23/06/2025 13:00;583.52
23/06/2025 13:15;583.53
23/06/2025 13:30;583.52
23/06/2025 13:45;583.52
23/06/2025 14:00;583.52
23/06/2025 14:15;583.52
23/06/2025 14:30;583.52
23/06/2025 14:45;583.52
23/06/2025 15:00;583.52
23/06/2025 15:15;583.52
23/06/2025 15:30;583.5
23/06/2025 15:45;583.5
23/06/2025 16:00;583.5
23/06/2025 16:15;583.5
23/06/2025 16:30;583.5
23/06/2025 16:45;583.5
23/06/2025 17:00;583.5
23/06/2025 17:15;583.5
23/06/2025 17:30;583.5
23/06/2025 17:45;583.5
23/06/2025 18:00;583.5
23/06/2025 18:15;583.5
23/06/2025 18:30;583.49
23/06/2025 18:45;583.49
23/06/2025 19:00;583.5
23/06/2025 19:15;583.48
23/06/2025 19:30;583.49
23/06/2025 19:45;583.48
23/06/2025 20:00;583.48
23/06/2025 20:15;583.48
23/06/2025 20:30;583.47
23/06/2025 20:45;583.47
23/06/2025 21:00;583.47
23/06/2025 21:15;583.46
23/06/2025 21:30;583.46
23/06/2025 21:45;583.45
23/06/2025 22:00;583.45
23/06/2025 22:15;583.45
23/06/2025 22:30;583.45
23/06/2025 22:45;583.45
23/06/2025 23:00;583.43
23/06/2025 23:15;583.43
23/06/2025 23:30;583.43
23/06/2025 23:45;583.43
24/06/2025 00:00;583.42
24/06/2025 00:15;583.42
24/06/2025 00:30;583.42
24/06/2025 00:45;583.42
24/06/2025 01:00;583.42
24/06/2025 01:15;583.42
24/06/2025 01:30;583.42
24/06/2025 01:45;583.42
24/06/2025 02:00;583.42
24/06/2025 02:15;583.41
24/06/2025 02:30;583.41
24/06/2025 02:45;583.41
24/06/2025 03:00;583.41
24/06/2025 03:15;583.41
24/06/2025 03:30;583.41
24/06/2025 03:45;583.41
24/06/2025 04:00;583.4
24/06/2025 04:15;583.4
24/06/2025 04:30;583.4
24/06/2025 04:45;583.39
24/06/2025 05:00;583.39
24/06/2025 05:15;583.38
24/06/2025 05:30;583.38
24/06/2025 05:45;583.38
24/06/2025 06:00;583.37
24/06/2025 06:15;583.38
24/06/2025 06:30;583.38
24/06/2025 06:45;583.36
24/06/2025 07:00;583.37
24/06/2025 07:15;583.36
24/06/2025 07:30;583.36
24/06/2025 07:45;583.36
24/06/2025 08:00;583.35
24/06/2025 08:15;583.35
24/06/2025 08:30;583.35
24/06/2025 08:45;583.35
24/06/2025 09:00;583.34
24/06/2025 09:15;583.34
24/06/2025 09:30;583.34
24/06/2025 09:45;583.32
24/06/2025 10:00;583.32
24/06/2025 10:15;583.32
24/06/2025 10:30;583.32
24/06/2025 10:45;583.32
24/06/2025 11:00;583.32
24/06/2025 11:15;583.32
24/06/2025 11:30;583.32
24/06/2025 11:45;583.32
24/06/2025 12:00;583.32
24/06/2025 12:15;583.32
24/06/2025 12:30;583.32
24/06/2025 12:45;583.32
24/06/2025 13:00;583.32
24/06/2025 13:15;583.32
24/06/2025 13:30;583.32
24/06/2025 13:45;583.32
24/06/2025 14:00;583.32
24/06/2025 14:15;583.32
24/06/2025 14:30;583.32
24/06/2025 14:45;583.31
24/06/2025 15:00;583.31
24/06/2025 15:15;583.31
24/06/2025 15:30;583.31
24/06/2025 15:45;583.31
24/06/2025 16:00;583.31
24/06/2025 16:15;583.31
24/06/2025 16:30;583.31
24/06/2025 16:45;583.31
24/06/2025 17:00;583.31
24/06/2025 17:15;583.3
24/06/2025 17:30;583.3
24/06/2025 17:45;583.3
24/06/2025 18:00;583.3
24/06/2025 18:15;583.3
24/06/2025 18:30;583.29
24/06/2025 18:45;583.29
24/06/2025 19:00;583.29
24/06/2025 19:15;583.28
24/06/2025 19:30;583.28
24/06/2025 19:45;583.28
24/06/2025 20:00;583.27
24/06/2025 20:15;583.27
24/06/2025 20:30;583.27
24/06/2025 20:45;583.27
24/06/2025 21:00;583.27
24/06/2025 21:15;583.27
24/06/2025 21:30;583.25
24/06/2025 21:45;583.25
24/06/2025 22:00;583.25
24/06/2025 22:15;583.24
24/06/2025 22:30;583.24
24/06/2025 22:45;583.24
24/06/2025 23:00;583.24
24/06/2025 23:15;583.24
24/06/2025 23:30;583.23
24/06/2025 23:45;583.23
25/06/2025 00:00;583.22
25/06/2025 00:15;583.22
25/06/2025 00:30;583.22
25/06/2025 00:45;583.21
25/06/2025 01:00;583.21
25/06/2025 01:15;583.21
25/06/2025 01:30;583.21
25/06/2025 01:45;583.2
25/06/2025 02:00;583.21
25/06/2025 02:15;583.21
25/06/2025 02:30;583.2
25/06/2025 02:45;583.2
25/06/2025 03:00;583.2
25/06/2025 03:15;583.2
25/06/2025 03:30;583.2
25/06/2025 03:45;583.2
25/06/2025 04:00;583.2
25/06/2025 04:15;583.19
25/06/2025 04:30;583.19
25/06/2025 04:45;583.18
25/06/2025 05:00;583.18
25/06/2025 05:15;583.18
25/06/2025 05:30;583.17
25/06/2025 05:45;583.17
25/06/2025 06:00;583.17
25/06/2025 06:15;583.17
25/06/2025 06:30;583.17
25/06/2025 06:45;583.17
25/06/2025 07:00;583.16
25/06/2025 07:15;583.17
25/06/2025 07:30;583.16
25/06/2025 07:45;583.14
25/06/2025 08:00;583.14
25/06/2025 08:15;583.14
25/06/2025 08:30;583.14
25/06/2025 08:45;583.14
25/06/2025 09:00;583.14
25/06/2025 09:15;583.13
25/06/2025 09:30;583.13
25/06/2025 09:45;583.13
25/06/2025 10:00;583.12
25/06/2025 10:15;583.12
25/06/2025 10:30;583.12
25/06/2025 10:45;583.12
25/06/2025 11:00;583.12
25/06/2025 11:15;583.12
25/06/2025 11:30;583.11
25/06/2025 11:45;583.11
25/06/2025 12:00;583.12
25/06/2025 12:15;583.11
25/06/2025 12:30;583.11
25/06/2025 12:45;583.11
25/06/2025 13:00;583.11
25/06/2025 13:15;583.11
25/06/2025 13:30;583.11
25/06/2025 13:45;583.11
25/06/2025 14:00;583.11
25/06/2025 14:15;583.11
25/06/2025 14:30;583.1
25/06/2025 14:45;583.11
25/06/2025 15:00;583.1
25/06/2025 15:15;583.1
25/06/2025 15:30;583.11
25/06/2025 15:45;583.1
25/06/2025 16:00;583.1
25/06/2025 16:15;583.1
25/06/2025 16:30;583.1
25/06/2025 16:45;583.1
25/06/2025 17:00;583.09
25/06/2025 17:15;583.09
25/06/2025 17:30;583.09
25/06/2025 17:45;583.1
25/06/2025 18:00;583.09
25/06/2025 18:15;583.09
25/06/2025 18:30;583.1
25/06/2025 18:45;583.09
25/06/2025 19:00;583.09
25/06/2025 19:15;583.09
25/06/2025 19:30;583.09
25/06/2025 19:45;583.09
25/06/2025 20:00;583.07
25/06/2025 20:15;583.07
25/06/2025 20:30;583.06
25/06/2025 20:45;583.06
25/06/2025 21:00;583.06
25/06/2025 21:15;583.06
25/06/2025 21:30;583.05
25/06/2025 21:45;583.05
25/06/2025 22:00;583.05
25/06/2025 22:15;583.05
25/06/2025 22:30;583.04
25/06/2025 22:45;583.04
25/06/2025 23:00;583.04
25/06/2025 23:15;583.04
25/06/2025 23:30;583.04
25/06/2025 23:45;583.03
26/06/2025 00:00;583.02
26/06/2025 00:15;583.03
26/06/2025 00:30;583.03
26/06/2025 00:45;583.02
26/06/2025 01:00;583.02
26/06/2025 01:15;583.02
26/06/2025 01:30;583.01
26/06/2025 01:45;583.01
26/06/2025 02:00;583.01
26/06/2025 02:15;583.01
26/06/2025 02:30;583
26/06/2025 02:45;583
26/06/2025 03:00;583.01
26/06/2025 03:15;583
26/06/2025 03:30;583
26/06/2025 03:45;583
26/06/2025 04:00;583
26/06/2025 04:15;583
26/06/2025 04:30;582.99
26/06/2025 04:45;582.99
26/06/2025 05:00;582.99
26/06/2025 05:15;582.99
26/06/2025 05:30;582.99
26/06/2025 05:45;582.99
26/06/2025 06:00;582.99
26/06/2025 06:15;582.99
26/06/2025 06:30;582.99
26/06/2025 06:45;582.99
26/06/2025 07:00;582.99
26/06/2025 07:15;582.98
26/06/2025 07:30;582.98
26/06/2025 07:45;582.96
26/06/2025 08:00;582.96
26/06/2025 08:15;582.96
26/06/2025 08:30;582.96
26/06/2025 08:45;582.96
26/06/2025 09:00;582.96
26/06/2025 09:15;582.96
26/06/2025 09:30;582.95
26/06/2025 09:45;582.95
26/06/2025 10:00;582.95
26/06/2025 10:15;582.95
26/06/2025 10:30;582.94
26/06/2025 10:45;582.95
26/06/2025 11:00;582.94
26/06/2025 11:15;582.94
26/06/2025 11:30;582.94
26/06/2025 11:45;582.94
26/06/2025 12:00;582.94
26/06/2025 12:15;582.94
26/06/2025 12:30;582.94
26/06/2025 12:45;582.93
26/06/2025 13:00;582.93
26/06/2025 13:15;582.94
26/06/2025 13:30;582.93
26/06/2025 13:45;582.94
26/06/2025 14:00;582.94
26/06/2025 14:15;582.92
26/06/2025 14:30;582.93
26/06/2025 14:45;582.92
26/06/2025 15:00;582.93
26/06/2025 15:15;582.93
26/06/2025 15:30;582.92
26/06/2025 15:45;582.92
26/06/2025 16:00;582.92
26/06/2025 16:15;582.92
26/06/2025 16:30;582.92
26/06/2025 16:45;582.92
26/06/2025 17:00;582.91
26/06/2025 17:15;582.92
26/06/2025 17:30;582.91
26/06/2025 17:45;582.91
26/06/2025 18:00;582.91
26/06/2025 18:15;582.91
26/06/2025 18:30;582.91
26/06/2025 18:45;582.91
26/06/2025 19:00;582.91
26/06/2025 19:15;582.91
26/06/2025 19:30;582.89
26/06/2025 19:45;582.89
26/06/2025 20:00;582.88
26/06/2025 20:15;582.88
26/06/2025 20:30;582.88
26/06/2025 20:45;582.88
26/06/2025 21:00;582.87
26/06/2025 21:15;582.87
26/06/2025 21:30;582.86
26/06/2025 21:45;582.87
26/06/2025 22:00;582.86
26/06/2025 22:15;582.86
26/06/2025 22:30;582.86
26/06/2025 22:45;582.85
26/06/2025 23:00;582.85
26/06/2025 23:15;582.85
26/06/2025 23:30;582.85
26/06/2025 23:45;582.84
27/06/2025 00:00;582.84
27/06/2025 00:15;582.83
27/06/2025 00:30;582.82
27/06/2025 00:45;582.82
27/06/2025 01:00;582.82
27/06/2025 01:15;582.82
27/06/2025 01:30;582.82
27/06/2025 01:45;582.82
27/06/2025 02:00;582.81
27/06/2025 02:15;582.82
27/06/2025 02:30;582.81
27/06/2025 02:45;582.81
27/06/2025 03:00;582.81
27/06/2025 03:15;582.81
27/06/2025 03:30;582.81
27/06/2025 03:45;582.8
27/06/2025 04:00;582.8
27/06/2025 04:15;582.8
27/06/2025 04:30;582.8
27/06/2025 04:45;582.8
27/06/2025 05:00;582.8
27/06/2025 05:15;582.78
27/06/2025 05:30;582.78
27/06/2025 05:45;582.78
27/06/2025 06:00;582.78
27/06/2025 06:15;582.78
27/06/2025 06:30;582.78
27/06/2025 06:45;582.77
27/06/2025 07:00;582.78
27/06/2025 07:15;582.76
27/06/2025 07:30;582.77
27/06/2025 07:45;582.76
27/06/2025 08:00;582.76
27/06/2025 08:15;582.76
27/06/2025 08:30;582.75
27/06/2025 08:45;582.75
27/06/2025 09:00;582.74
27/06/2025 09:15;582.74
27/06/2025 09:30;582.74
27/06/2025 09:45;582.73
27/06/2025 10:00;582.73
27/06/2025 10:15;582.73
27/06/2025 10:30;582.73
27/06/2025 10:45;582.73
27/06/2025 11:00;582.73
27/06/2025 11:15;582.73
27/06/2025 11:30;582.73
27/06/2025 11:45;582.73
27/06/2025 12:00;582.71
27/06/2025 12:15;582.73
27/06/2025 12:30;582.73
27/06/2025 12:45;582.71
27/06/2025 13:00;582.71
27/06/2025 13:15;582.71
27/06/2025 13:30;582.71
27/06/2025 13:45;582.73
27/06/2025 14:00;582.71
27/06/2025 14:15;582.73
27/06/2025 14:30;582.71
27/06/2025 14:45;582.71
27/06/2025 15:00;582.71
27/06/2025 15:15;582.7
27/06/2025 15:30;582.71
27/06/2025 15:45;582.71
27/06/2025 16:00;582.71
27/06/2025 16:15;582.7
27/06/2025 16:30;582.7
27/06/2025 16:45;582.7
27/06/2025 17:00;582.7
27/06/2025 17:15;582.7
27/06/2025 17:30;582.7
27/06/2025 17:45;582.7
27/06/2025 18:00;582.7
27/06/2025 18:15;582.7
27/06/2025 18:30;582.69
27/06/2025 18:45;582.69
27/06/2025 19:00;582.68
27/06/2025 19:15;582.68
27/06/2025 19:30;582.68
27/06/2025 19:45;582.67
27/06/2025 20:00;582.67
27/06/2025 20:15;582.66
27/06/2025 20:30;582.66
27/06/2025 20:45;582.65
27/06/2025 21:00;582.65
27/06/2025 21:15;582.64
27/06/2025 21:30;582.65
27/06/2025 21:45;582.64
27/06/2025 22:00;582.64
27/06/2025 22:15;582.63
27/06/2025 22:30;582.63
27/06/2025 22:45;582.63
27/06/2025 23:00;582.62
27/06/2025 23:15;582.62
27/06/2025 23:30;582.62
27/06/2025 23:45;582.62
28/06/2025 00:00;582.62
28/06/2025 00:15;582.6
28/06/2025 00:30;582.62
28/06/2025 00:45;582.6
28/06/2025 01:00;582.6
28/06/2025 01:15;582.6
28/06/2025 01:30;582.6
28/06/2025 01:45;582.6
28/06/2025 02:00;582.6
28/06/2025 02:15;582.59
28/06/2025 02:30;582.6
28/06/2025 02:45;582.6
28/06/2025 03:00;582.59
28/06/2025 03:15;582.59
28/06/2025 03:30;582.59
28/06/2025 03:45;582.6
28/06/2025 04:00;582.59
28/06/2025 04:15;582.59
28/06/2025 04:30;582.59
28/06/2025 04:45;582.58
28/06/2025 05:00;582.58
28/06/2025 05:15;582.58
28/06/2025 05:30;582.58
28/06/2025 05:45;582.57
28/06/2025 06:00;582.57
28/06/2025 06:15;582.57
28/06/2025 06:30;582.56
28/06/2025 06:45;582.56
28/06/2025 07:00;582.56
28/06/2025 07:15;582.56
28/06/2025 07:30;582.55
28/06/2025 07:45;582.55
28/06/2025 08:00;582.55
28/06/2025 08:15;582.55
28/06/2025 08:30;582.55
28/06/2025 08:45;582.55
28/06/2025 09:00;582.55
28/06/2025 09:15;582.53
28/06/2025 09:30;582.53
28/06/2025 09:45;582.53
28/06/2025 10:00;582.53
28/06/2025 10:15;582.53
28/06/2025 10:30;582.53
28/06/2025 10:45;582.53
28/06/2025 11:00;582.53
28/06/2025 11:15;582.53
28/06/2025 11:30;582.53
28/06/2025 11:45;582.53
28/06/2025 12:00;582.52
28/06/2025 12:15;582.53
28/06/2025 12:30;582.53
28/06/2025 12:45;582.52
28/06/2025 13:00;582.52
28/06/2025 13:15;582.53
28/06/2025 13:30;582.53
28/06/2025 13:45;582.53
28/06/2025 14:00;582.53
28/06/2025 14:15;582.53
28/06/2025 14:30;582.53
28/06/2025 14:45;582.53
28/06/2025 15:00;582.53
28/06/2025 15:15;582.53
28/06/2025 15:30;582.53
28/06/2025 15:45;582.53
28/06/2025 16:00;582.53
28/06/2025 16:15;582.53
28/06/2025 16:30;582.53
28/06/2025 16:45;582.53
28/06/2025 17:00;582.52
28/06/2025 17:15;582.52
28/06/2025 17:30;582.52
28/06/2025 17:45;582.52
28/06/2025 18:00;582.52
28/06/2025 18:15;582.52
28/06/2025 18:30;582.52
28/06/2025 18:45;582.52
28/06/2025 19:00;582.52
28/06/2025 19:15;582.52
28/06/2025 19:30;582.52
28/06/2025 19:45;582.51
28/06/2025 20:00;582.51
28/06/2025 20:15;582.51
28/06/2025 20:30;582.49
28/06/2025 20:45;582.49
28/06/2025 21:00;582.49
28/06/2025 21:15;582.49
28/06/2025 21:30;582.49
28/06/2025 21:45;582.49
28/06/2025 22:00;582.48
28/06/2025 22:15;582.48
28/06/2025 22:30;582.48
28/06/2025 22:45;582.48
28/06/2025 23:00;582.47
28/06/2025 23:15;582.48
28/06/2025 23:30;582.47
28/06/2025 23:45;582.47
29/06/2025 00:00;582.47
29/06/2025 00:15;582.47
29/06/2025 00:30;582.46
29/06/2025 00:45;582.46
29/06/2025 01:00;582.46
29/06/2025 01:15;582.45
29/06/2025 01:30;582.45
29/06/2025 01:45;582.44
29/06/2025 02:00;582.44
29/06/2025 02:15;582.44
29/06/2025 02:30;582.44
29/06/2025 02:45;582.44
29/06/2025 03:00;582.44
29/06/2025 03:15;582.44
29/06/2025 03:30;582.44
29/06/2025 03:45;582.44
29/06/2025 04:00;582.44
29/06/2025 04:15;582.44
29/06/2025 04:30;582.42
29/06/2025 04:45;582.42
29/06/2025 05:00;582.42
29/06/2025 05:15;582.42
29/06/2025 05:30;582.42
29/06/2025 05:45;582.42
29/06/2025 06:00;582.42
29/06/2025 06:15;582.41
29/06/2025 06:30;582.41
29/06/2025 06:45;582.41
29/06/2025 07:00;582.4
29/06/2025 07:15;582.4
29/06/2025 07:30;582.4
29/06/2025 07:45;582.4
29/06/2025 08:00;582.39
29/06/2025 08:15;582.39
29/06/2025 08:30;582.38
29/06/2025 08:45;582.39
29/06/2025 09:00;582.39
29/06/2025 09:15;582.38
29/06/2025 09:30;582.38
29/06/2025 09:45;582.38
29/06/2025 10:00;582.38
29/06/2025 10:15;582.37
29/06/2025 10:30;582.37
29/06/2025 10:45;582.38
29/06/2025 11:00;582.37
29/06/2025 11:15;582.38
29/06/2025 11:30;582.37
29/06/2025 11:45;582.37
29/06/2025 12:00;582.37
29/06/2025 12:15;582.38
29/06/2025 12:30;582.37
29/06/2025 12:45;582.38
29/06/2025 13:00;582.37
29/06/2025 13:15;582.37
29/06/2025 13:30;582.37
29/06/2025 13:45;582.37
29/06/2025 14:00;582.37
29/06/2025 14:15;582.37
29/06/2025 14:30;582.38
29/06/2025 14:45;582.37
29/06/2025 15:00;582.37
29/06/2025 15:15;582.37
29/06/2025 15:30;582.37
29/06/2025 15:45;582.38
29/06/2025 16:00;582.37
29/06/2025 16:15;582.37
29/06/2025 16:30;582.37
29/06/2025 16:45;582.37
29/06/2025 17:00;582.37
29/06/2025 17:15;582.37
29/06/2025 17:30;582.37
29/06/2025 17:45;582.37
29/06/2025 18:00;582.37
29/06/2025 18:15;582.35
29/06/2025 18:30;582.37
29/06/2025 18:45;582.35
29/06/2025 19:00;582.35
29/06/2025 19:15;582.35
29/06/2025 19:30;582.35
29/06/2025 19:45;582.34
29/06/2025 20:00;582.34
29/06/2025 20:15;582.34
29/06/2025 20:30;582.34
29/06/2025 20:45;582.34
29/06/2025 21:00;582.33
29/06/2025 21:15;582.33
29/06/2025 21:30;582.31
29/06/2025 21:45;582.31
29/06/2025 22:00;582.33
29/06/2025 22:15;582.31
29/06/2025 22:30;582.31
29/06/2025 22:45;582.31
29/06/2025 23:00;582.31
29/06/2025 23:15;582.31
29/06/2025 23:30;582.31
29/06/2025 23:45;582.3
30/06/2025 00:00;582.3
30/06/2025 00:15;582.3
30/06/2025 00:30;582.3
30/06/2025 00:45;582.3
30/06/2025 01:00;582.3
30/06/2025 01:15;582.3
30/06/2025 01:30;582.29
30/06/2025 01:45;582.29
30/06/2025 02:00;582.29
30/06/2025 02:15;582.28
30/06/2025 02:30;582.28
30/06/2025 02:45;582.28
30/06/2025 03:00;582.27
30/06/2025 03:15;582.27
30/06/2025 03:30;582.28
30/06/2025 03:45;582.27
30/06/2025 04:00;582.26
30/06/2025 04:15;582.26
30/06/2025 04:30;582.27
30/06/2025 04:45;582.26
30/06/2025 05:00;582.26
30/06/2025 05:15;582.26
30/06/2025 05:30;582.24
30/06/2025 05:45;582.26
30/06/2025 06:00;582.26
30/06/2025 06:15;582.24
30/06/2025 06:30;582.24
30/06/2025 06:45;582.24
30/06/2025 07:00;582.24
30/06/2025 07:15;582.23
30/06/2025 07:30;582.23
30/06/2025 07:45;582.23
30/06/2025 08:00;582.23
30/06/2025 08:15;582.22
30/06/2025 08:30;582.23
30/06/2025 08:45;582.22
30/06/2025 09:00;582.22
30/06/2025 09:15;582.22
30/06/2025 09:30;582.22
30/06/2025 09:45;582.22
30/06/2025 10:00;582.21
30/06/2025 10:15;582.21
30/06/2025 10:30;582.21
30/06/2025 10:45;582.21
30/06/2025 11:00;582.21
30/06/2025 11:15;582.21
30/06/2025 11:30;582.21
30/06/2025 11:45;582.21
30/06/2025 12:00;582.21
30/06/2025 12:15;582.2
30/06/2025 12:30;582.2
30/06/2025 12:45;582.2
30/06/2025 13:00;582.2
30/06/2025 13:15;582.2
30/06/2025 13:30;582.2
30/06/2025 13:45;582.19
30/06/2025 14:00;582.2
30/06/2025 14:15;582.2
30/06/2025 14:30;582.19
30/06/2025 14:45;582.19
30/06/2025 15:00;582.19
30/06/2025 15:15;582.19
30/06/2025 15:30;582.19
30/06/2025 15:45;582.19
30/06/2025 16:00;582.19
30/06/2025 16:15;582.19
30/06/2025 16:30;582.19
30/06/2025 16:45;582.18
30/06/2025 17:00;582.18
30/06/2025 17:15;582.18
30/06/2025 17:30;582.17
30/06/2025 17:45;582.17
30/06/2025 18:00;582.17
30/06/2025 18:15;582.16
30/06/2025 18:30;582.16
30/06/2025 18:45;582.16
30/06/2025 19:00;582.15
30/06/2025 19:15;582.15
30/06/2025 19:30;582.15
30/06/2025 19:45;582.15
30/06/2025 20:00;582.13
30/06/2025 20:15;582.13
30/06/2025 20:30;582.13
30/06/2025 20:45;582.13
30/06/2025 21:00;582.13
30/06/2025 21:15;582.13
30/06/2025 21:30;582.12
30/06/2025 21:45;582.12
30/06/2025 22:00;582.11
30/06/2025 22:15;582.11
30/06/2025 22:30;582.11
30/06/2025 22:45;582.1
30/06/2025 23:00;582.1
30/06/2025 23:15;582.09
30/06/2025 23:30;582.1
30/06/2025 23:45;582.09
01/07/2025 00:00;582.09
01/07/2025 00:15;582.08
01/07/2025 00:30;582.08
01/07/2025 00:45;582.08
01/07/2025 01:00;582.08
01/07/2025 01:15;582.08
01/07/2025 01:30;582.06
01/07/2025 01:45;582.06
01/07/2025 02:00;582.06
01/07/2025 02:15;582.06
01/07/2025 02:30;582.06
01/07/2025 02:45;582.05
01/07/2025 03:00;582.06
01/07/2025 03:15;582.05
01/07/2025 03:30;582.05
01/07/2025 03:45;582.04
01/07/2025 04:00;582.04
01/07/2025 04:15;582.04
01/07/2025 04:30;582.04
01/07/2025 04:45;582.03
01/07/2025 05:00;582.03
01/07/2025 05:15;582.03
01/07/2025 05:30;582.02
01/07/2025 05:45;582.02
01/07/2025 06:00;582.01
01/07/2025 06:15;582.01
01/07/2025 06:30;582
01/07/2025 06:45;582
01/07/2025 07:00;582
01/07/2025 07:15;582
01/07/2025 07:30;581.98
01/07/2025 07:45;581.98
01/07/2025 08:00;581.98
01/07/2025 08:15;581.98
01/07/2025 08:30;581.98
01/07/2025 08:45;581.98
01/07/2025 09:00;581.98
01/07/2025 09:15;581.98
01/07/2025 09:30;581.97
01/07/2025 09:45;581.97
01/07/2025 10:00;581.94
01/07/2025 10:15;581.94
01/07/2025 10:30;581.94
01/07/2025 10:45;581.94
01/07/2025 11:00;581.94
01/07/2025 11:15;581.94
01/07/2025 11:30;581.94
01/07/2025 11:45;581.94
01/07/2025 12:00;581.94
01/07/2025 12:15;581.94
01/07/2025 12:30;581.94
01/07/2025 12:45;581.94
01/07/2025 13:00;581.94
01/07/2025 13:15;581.94
01/07/2025 13:30;581.94
01/07/2025 13:45;581.94
01/07/2025 14:00;581.94
01/07/2025 14:15;581.94
01/07/2025 14:30;581.94
01/07/2025 14:45;581.94
01/07/2025 15:00;581.94
01/07/2025 15:15;581.94
01/07/2025 15:30;581.93
01/07/2025 15:45;581.94
01/07/2025 16:00;581.94
01/07/2025 16:15;581.93
01/07/2025 16:30;581.93
01/07/2025 16:45;581.92
01/07/2025 17:00;581.92
01/07/2025 17:15;581.92
01/07/2025 17:30;581.91
01/07/2025 17:45;581.91
01/07/2025 18:00;581.91
01/07/2025 18:15;581.9
01/07/2025 18:30;581.9
01/07/2025 18:45;581.9
01/07/2025 19:00;581.9
01/07/2025 19:15;581.9
01/07/2025 19:30;581.9
01/07/2025 19:45;581.87
01/07/2025 20:00;581.87
01/07/2025 20:15;581.87
01/07/2025 20:30;581.87
01/07/2025 20:45;581.87
01/07/2025 21:00;581.87
01/07/2025 21:15;581.87
01/07/2025 21:30;581.87
01/07/2025 21:45;581.86
01/07/2025 22:00;581.86
01/07/2025 22:15;581.85
01/07/2025 22:30;581.84
01/07/2025 22:45;581.84
01/07/2025 23:00;581.84
01/07/2025 23:15;581.83
01/07/2025 23:30;581.83
01/07/2025 23:45;581.82
02/07/2025 00:00;581.83
02/07/2025 00:15;581.82
02/07/2025 00:30;581.82
02/07/2025 00:45;581.82
02/07/2025 01:00;581.82
02/07/2025 01:15;581.82
02/07/2025 01:30;581.8
02/07/2025 01:45;581.8
02/07/2025 02:00;581.8
02/07/2025 02:15;581.8
02/07/2025 02:30;581.8
02/07/2025 02:45;581.8
02/07/2025 03:00;581.8
02/07/2025 03:15;581.8
02/07/2025 03:30;581.79
02/07/2025 03:45;581.79
02/07/2025 04:00;581.79
02/07/2025 04:15;581.79
02/07/2025 04:30;581.77
02/07/2025 04:45;581.77
02/07/2025 05:00;581.77
02/07/2025 05:15;581.77
02/07/2025 05:30;581.76
02/07/2025 05:45;581.76
02/07/2025 06:00;581.75
02/07/2025 06:15;581.75
02/07/2025 06:30;581.75
02/07/2025 06:45;581.73
02/07/2025 07:00;581.73
02/07/2025 07:15;581.73
02/07/2025 07:30;581.73
02/07/2025 07:45;581.72
02/07/2025 08:00;581.72
02/07/2025 08:15;581.72
02/07/2025 08:30;581.72
02/07/2025 08:45;581.72
02/07/2025 09:00;581.72
02/07/2025 09:15;581.72
02/07/2025 09:30;581.72
02/07/2025 09:45;581.72
02/07/2025 10:00;581.69
02/07/2025 10:15;581.69
02/07/2025 10:30;581.69
02/07/2025 10:45;581.69
02/07/2025 11:00;581.69
02/07/2025 11:15;581.69
02/07/2025 11:30;581.69
02/07/2025 11:45;581.69
02/07/2025 12:00;581.69
02/07/2025 12:15;581.69
02/07/2025 12:30;581.69
02/07/2025 12:45;581.69
02/07/2025 13:00;581.69
02/07/2025 13:15;581.69
02/07/2025 13:30;581.69
02/07/2025 13:45;581.69
02/07/2025 14:00;581.69
02/07/2025 14:15;581.69
02/07/2025 14:30;581.69
02/07/2025 14:45;581.69
02/07/2025 15:00;581.69
02/07/2025 15:15;581.69
02/07/2025 15:30;581.69
02/07/2025 15:45;581.68
02/07/2025 16:00;581.68
02/07/2025 16:15;581.68
02/07/2025 16:30;581.68
02/07/2025 16:45;581.68
02/07/2025 17:00;581.68
02/07/2025 17:15;581.68
02/07/2025 17:30;581.67
02/07/2025 17:45;581.67
02/07/2025 18:00;581.66
02/07/2025 18:15;581.66
02/07/2025 18:30;581.65
02/07/2025 18:45;581.66
02/07/2025 19:00;581.64
02/07/2025 19:15;581.65
02/07/2025 19:30;581.62
02/07/2025 19:45;581.64
02/07/2025 20:00;581.62
02/07/2025 20:15;581.62
02/07/2025 20:30;581.62
02/07/2025 20:45;581.62
02/07/2025 21:00;581.62
02/07/2025 21:15;581.62
02/07/2025 21:30;581.61
02/07/2025 21:45;581.61
02/07/2025 22:00;581.61
02/07/2025 22:15;581.59
02/07/2025 22:30;581.59
02/07/2025 22:45;581.59
02/07/2025 23:00;581.59
02/07/2025 23:15;581.59
02/07/2025 23:30;581.58
02/07/2025 23:45;581.58
03/07/2025 00:00;581.57
03/07/2025 00:15;581.58
03/07/2025 00:30;581.57
03/07/2025 00:45;581.57
03/07/2025 01:00;581.57
03/07/2025 01:15;581.55
03/07/2025 01:30;581.55
03/07/2025 01:45;581.55
03/07/2025 02:00;581.55
03/07/2025 02:15;581.55
03/07/2025 02:30;581.55
03/07/2025 02:45;581.54
03/07/2025 03:00;581.54
03/07/2025 03:15;581.54
03/07/2025 03:30;581.54
03/07/2025 03:45;581.54
03/07/2025 04:00;581.52
03/07/2025 04:15;581.54
03/07/2025 04:30;581.52
03/07/2025 04:45;581.52
03/07/2025 05:00;581.51
03/07/2025 05:15;581.51
03/07/2025 05:30;581.51
03/07/2025 05:45;581.51
03/07/2025 06:00;581.51
03/07/2025 06:15;581.51
03/07/2025 06:30;581.5
03/07/2025 06:45;581.5
03/07/2025 07:00;581.48
03/07/2025 07:15;581.48
03/07/2025 07:30;581.48
03/07/2025 07:45;581.48
03/07/2025 08:00;581.48
03/07/2025 08:15;581.47
03/07/2025 08:30;581.47
03/07/2025 08:45;581.46
03/07/2025 09:00;581.46
03/07/2025 09:15;581.46
03/07/2025 09:30;581.46
03/07/2025 09:45;581.44
03/07/2025 10:00;581.44
03/07/2025 10:15;581.44
03/07/2025 10:30;581.44
03/07/2025 10:45;581.43
03/07/2025 11:00;581.44
03/07/2025 11:15;581.44
03/07/2025 11:30;581.44
03/07/2025 11:45;581.44
03/07/2025 12:00;581.44
03/07/2025 12:15;581.44
03/07/2025 12:30;581.44
03/07/2025 12:45;581.44
03/07/2025 13:00;581.43
03/07/2025 13:15;581.43
03/07/2025 13:30;581.43
03/07/2025 13:45;581.43
03/07/2025 14:00;581.43
03/07/2025 14:15;581.43
03/07/2025 14:30;581.43
03/07/2025 14:45;581.43
03/07/2025 15:00;581.43
03/07/2025 15:15;581.43
03/07/2025 15:30;581.43
03/07/2025 15:45;581.41
03/07/2025 16:00;581.41
03/07/2025 16:15;581.41
03/07/2025 16:30;581.41
03/07/2025 16:45;581.41
03/07/2025 17:00;581.41
03/07/2025 17:15;581.41
03/07/2025 17:30;581.4
03/07/2025 17:45;581.4
03/07/2025 18:00;581.39
03/07/2025 18:15;581.39
03/07/2025 18:30;581.37
03/07/2025 18:45;581.37
03/07/2025 19:00;581.37
03/07/2025 19:15;581.37
03/07/2025 19:30;581.37
03/07/2025 19:45;581.37
03/07/2025 20:00;581.36
03/07/2025 20:15;581.36
03/07/2025 20:30;581.36
03/07/2025 20:45;581.34
03/07/2025 21:00;581.34
03/07/2025 21:15;581.33
03/07/2025 21:30;581.33
03/07/2025 21:45;581.33
03/07/2025 22:00;581.33
03/07/2025 22:15;581.33
03/07/2025 22:30;581.33
03/07/2025 22:45;581.33
03/07/2025 23:00;581.33
03/07/2025 23:15;581.32
03/07/2025 23:30;581.32
03/07/2025 23:45;581.3
04/07/2025 00:00;581.3
04/07/2025 00:15;581.3
04/07/2025 00:30;581.3
04/07/2025 00:45;581.3
04/07/2025 01:00;581.29
04/07/2025 01:15;581.29
04/07/2025 01:30;581.29
04/07/2025 01:45;581.29
04/07/2025 02:00;581.28
04/07/2025 02:15;581.28
04/07/2025 02:30;581.28
04/07/2025 02:45;581.27
04/07/2025 03:00;581.28
04/07/2025 03:15;581.27
04/07/2025 03:30;581.27
04/07/2025 03:45;581.27
04/07/2025 04:00;581.27
04/07/2025 04:15;581.26
04/07/2025 04:30;581.26
04/07/2025 04:45;581.25
04/07/2025 05:00;581.25
04/07/2025 05:15;581.25
04/07/2025 05:30;581.25
04/07/2025 05:45;581.25
04/07/2025 06:00;581.23
04/07/2025 06:15;581.23
04/07/2025 06:30;581.23
04/07/2025 06:45;581.23
04/07/2025 07:00;581.23
04/07/2025 07:15;581.23
04/07/2025 07:30;581.23
04/07/2025 07:45;581.22
04/07/2025 08:00;581.21
04/07/2025 08:15;581.22
04/07/2025 08:30;581.21
04/07/2025 08:45;581.19
04/07/2025 09:00;581.19
04/07/2025 09:15;581.19
04/07/2025 09:30;581.19
04/07/2025 09:45;581.19
04/07/2025 10:00;581.19
04/07/2025 10:15;581.18
04/07/2025 10:30;581.18
04/07/2025 10:45;581.18
04/07/2025 11:00;581.19
04/07/2025 11:15;581.18
04/07/2025 11:30;581.18
04/07/2025 11:45;581.18
04/07/2025 12:00;581.18
04/07/2025 12:15;581.18
04/07/2025 12:30;581.18
04/07/2025 12:45;581.18
04/07/2025 13:00;581.18
04/07/2025 13:15;581.18
04/07/2025 13:30;581.18
04/07/2025 13:45;581.18
04/07/2025 14:00;581.18
04/07/2025 14:15;581.18
04/07/2025 14:30;581.18
04/07/2025 14:45;581.18
04/07/2025 15:00;581.18
04/07/2025 15:15;581.16
04/07/2025 15:30;581.16
04/07/2025 15:45;581.16
04/07/2025 16:00;581.16
04/07/2025 16:15;581.16
04/07/2025 16:30;581.16
04/07/2025 16:45;581.15
04/07/2025 17:00;581.15
04/07/2025 17:15;581.15
04/07/2025 17:30;581.15
04/07/2025 17:45;581.15
04/07/2025 18:00;581.14
04/07/2025 18:15;581.14
04/07/2025 18:30;581.12
04/07/2025 18:45;581.12
04/07/2025 19:00;581.12
04/07/2025 19:15;581.12
04/07/2025 19:30;581.12
04/07/2025 19:45;581.12
04/07/2025 20:00;581.12
04/07/2025 20:15;581.11
04/07/2025 20:30;581.11
04/07/2025 20:45;581.1
04/07/2025 21:00;581.09
04/07/2025 21:15;581.09
04/07/2025 21:30;581.08
04/07/2025 21:45;581.08
04/07/2025 22:00;581.08
04/07/2025 22:15;581.07
04/07/2025 22:30;581.07
04/07/2025 22:45;581.07
04/07/2025 23:00;581.07
04/07/2025 23:15;581.05
04/07/2025 23:30;581.07
04/07/2025 23:45;581.05
05/07/2025 00:00;581.05
05/07/2025 00:15;581.05
05/07/2025 00:30;581.05
05/07/2025 00:45;581.05
05/07/2025 01:00;581.05
05/07/2025 01:15;581.05
05/07/2025 01:30;581.04
05/07/2025 01:45;581.04
05/07/2025 02:00;581.03
05/07/2025 02:15;581.03
05/07/2025 02:30;581.03
05/07/2025 02:45;581.03
05/07/2025 03:00;581.02
05/07/2025 03:15;581.01
05/07/2025 03:30;581.01
05/07/2025 03:45;581.01
05/07/2025 04:00;581.01
05/07/2025 04:15;581
05/07/2025 04:30;581
05/07/2025 04:45;581
05/07/2025 05:00;581
05/07/2025 05:15;581
05/07/2025 05:30;581
05/07/2025 05:45;581
05/07/2025 06:00;580.98
05/07/2025 06:15;580.97
05/07/2025 06:30;580.97
05/07/2025 06:45;580.97
05/07/2025 07:00;580.97
05/07/2025 07:15;580.97
05/07/2025 07:30;580.96
05/07/2025 07:45;580.96
05/07/2025 08:00;580.96
05/07/2025 08:15;580.96
05/07/2025 08:30;580.94
05/07/2025 08:45;580.94
05/07/2025 09:00;580.94
05/07/2025 09:15;580.94
05/07/2025 09:30;580.94
05/07/2025 09:45;580.93
05/07/2025 10:00;580.93
05/07/2025 10:15;580.93
05/07/2025 10:30;580.93
05/07/2025 10:45;580.92
05/07/2025 11:00;580.92
05/07/2025 11:15;580.93
05/07/2025 11:30;580.92
05/07/2025 11:45;580.92
05/07/2025 12:00;580.92
05/07/2025 12:15;580.92
05/07/2025 12:30;580.91
05/07/2025 12:45;580.91
05/07/2025 13:00;580.91
05/07/2025 13:15;580.91
05/07/2025 13:30;580.91
05/07/2025 13:45;580.92
05/07/2025 14:00;580.91
05/07/2025 14:15;580.9
05/07/2025 14:30;580.9
05/07/2025 14:45;580.9
05/07/2025 15:00;580.9
05/07/2025 15:15;580.9
05/07/2025 15:30;580.89
05/07/2025 15:45;580.89
05/07/2025 16:00;580.89
05/07/2025 16:15;580.89
05/07/2025 16:30;580.89
05/07/2025 16:45;580.89
05/07/2025 17:00;580.89
05/07/2025 17:15;580.89
05/07/2025 17:30;580.89
05/07/2025 17:45;580.89
05/07/2025 18:00;580.89
05/07/2025 18:15;580.87
05/07/2025 18:30;580.87
05/07/2025 18:45;580.87
05/07/2025 19:00;580.87
05/07/2025 19:15;580.87
05/07/2025 19:30;580.86
05/07/2025 19:45;580.86
05/07/2025 20:00;580.85
05/07/2025 20:15;580.85
05/07/2025 20:30;580.84
05/07/2025 20:45;580.84
05/07/2025 21:00;580.83
05/07/2025 21:15;580.83
05/07/2025 21:30;580.82
05/07/2025 21:45;580.83
05/07/2025 22:00;580.82
05/07/2025 22:15;580.8
05/07/2025 22:30;580.8
05/07/2025 22:45;580.8
05/07/2025 23:00;580.8
05/07/2025 23:15;580.8
05/07/2025 23:30;580.79
05/07/2025 23:45;580.79
06/07/2025 00:00;580.79
06/07/2025 00:15;580.79
06/07/2025 00:30;580.79
06/07/2025 00:45;580.79
06/07/2025 01:00;580.79
06/07/2025 01:15;580.78
06/07/2025 01:30;580.78
06/07/2025 01:45;580.79
06/07/2025 02:00;580.78
06/07/2025 02:15;580.78
06/07/2025 02:30;580.78
06/07/2025 02:45;580.78
06/07/2025 03:00;580.76
06/07/2025 03:15;580.78
06/07/2025 03:30;580.76
06/07/2025 03:45;580.76
06/07/2025 04:00;580.76
06/07/2025 04:15;580.75
06/07/2025 04:30;580.75
06/07/2025 04:45;580.73
06/07/2025 05:00;580.73
06/07/2025 05:15;580.73
06/07/2025 05:30;580.73
06/07/2025 05:45;580.73
06/07/2025 06:00;580.73
06/07/2025 06:15;580.73
06/07/2025 06:30;580.72
06/07/2025 06:45;580.72
06/07/2025 07:00;580.71
06/07/2025 07:15;580.71
06/07/2025 07:30;580.71
06/07/2025 07:45;580.71
06/07/2025 08:00;580.71
06/07/2025 08:15;580.69
06/07/2025 08:30;580.69
06/07/2025 08:45;580.69
06/07/2025 09:00;580.69
06/07/2025 09:15;580.69
06/07/2025 09:30;580.68
06/07/2025 09:45;580.69
06/07/2025 10:00;580.68
06/07/2025 10:15;580.67
06/07/2025 10:30;580.68
06/07/2025 10:45;580.68
06/07/2025 11:00;580.68
06/07/2025 11:15;580.67
06/07/2025 11:30;580.67
06/07/2025 11:45;580.67
06/07/2025 12:00;580.67
06/07/2025 12:15;580.67
06/07/2025 12:30;580.67
06/07/2025 12:45;580.67
06/07/2025 13:00;580.67
06/07/2025 13:15;580.66
06/07/2025 13:30;580.66
06/07/2025 13:45;580.66
06/07/2025 14:00;580.66
06/07/2025 14:15;580.65
06/07/2025 14:30;580.65
06/07/2025 14:45;580.65
06/07/2025 15:00;580.65
06/07/2025 15:15;580.65
06/07/2025 15:30;580.65
06/07/2025 15:45;580.64
06/07/2025 16:00;580.64
06/07/2025 16:15;580.62
06/07/2025 16:30;580.64
06/07/2025 16:45;580.64
06/07/2025 17:00;580.62
06/07/2025 17:15;580.62
06/07/2025 17:30;580.62
06/07/2025 17:45;580.62
06/07/2025 18:00;580.62
06/07/2025 18:15;580.62
06/07/2025 18:30;580.62
06/07/2025 18:45;580.62
06/07/2025 19:00;580.62
06/07/2025 19:15;580.62
06/07/2025 19:30;580.62
06/07/2025 19:45;580.62
06/07/2025 20:00;580.62
06/07/2025 20:15;580.61
06/07/2025 20:30;580.61
06/07/2025 20:45;580.61
06/07/2025 21:00;580.61
06/07/2025 21:15;580.61
06/07/2025 21:30;580.61
06/07/2025 21:45;580.6
06/07/2025 22:00;580.6
06/07/2025 22:15;580.6
06/07/2025 22:30;580.58
06/07/2025 22:45;580.58
06/07/2025 23:00;580.58
06/07/2025 23:15;580.58
06/07/2025 23:30;580.57
06/07/2025 23:45;580.57
07/07/2025 00:00;580.55
07/07/2025 00:15;580.57
07/07/2025 00:30;580.57
07/07/2025 00:45;580.55
07/07/2025 01:00;580.55
07/07/2025 01:15;580.55
07/07/2025 01:30;580.55
07/07/2025 01:45;580.55
07/07/2025 02:00;580.55
07/07/2025 02:15;580.55
07/07/2025 02:30;580.55
07/07/2025 02:45;580.55
07/07/2025 03:00;580.55
07/07/2025 03:15;580.55
07/07/2025 03:30;580.54
07/07/2025 03:45;580.53
07/07/2025 04:00;580.53
07/07/2025 04:15;580.53
07/07/2025 04:30;580.53
07/07/2025 04:45;580.53
07/07/2025 05:00;580.51
07/07/2025 05:15;580.51
07/07/2025 05:30;580.51
07/07/2025 05:45;580.51
07/07/2025 06:00;580.51
07/07/2025 06:15;580.5
07/07/2025 06:30;580.5
07/07/2025 06:45;580.5
07/07/2025 07:00;580.5
07/07/2025 07:15;580.48
07/07/2025 07:30;580.48
07/07/2025 07:45;580.48
07/07/2025 08:00;580.48
07/07/2025 08:15;580.48
07/07/2025 08:30;580.48
07/07/2025 08:45;580.48
07/07/2025 09:00;580.47
07/07/2025 09:15;580.48
07/07/2025 09:30;580.47
07/07/2025 09:45;580.47
07/07/2025 10:00;580.46
07/07/2025 10:15;580.47
07/07/2025 10:30;580.47
07/07/2025 10:45;580.46
07/07/2025 11:00;580.47
07/07/2025 11:15;580.47
07/07/2025 11:30;580.47
07/07/2025 11:45;580.47
07/07/2025 12:00;580.46
07/07/2025 12:15;580.46
07/07/2025 12:30;580.47
07/07/2025 12:45;580.47
07/07/2025 13:00;580.47
07/07/2025 13:15;580.46
07/07/2025 13:30;580.47
07/07/2025 13:45;580.47
07/07/2025 14:00;580.47
07/07/2025 14:15;580.47
07/07/2025 14:30;580.46
07/07/2025 14:45;580.46
07/07/2025 15:00;580.46
07/07/2025 15:15;580.46
07/07/2025 15:30;580.44
07/07/2025 15:45;580.44
07/07/2025 16:00;580.44
07/07/2025 16:15;580.44
07/07/2025 16:30;580.44
07/07/2025 16:45;580.44
07/07/2025 17:00;580.44
07/07/2025 17:15;580.44
07/07/2025 17:30;580.44
07/07/2025 17:45;580.44
07/07/2025 18:00;580.44
07/07/2025 18:15;580.43
07/07/2025 18:30;580.43
07/07/2025 18:45;580.43
07/07/2025 19:00;580.43
07/07/2025 19:15;580.43
07/07/2025 19:30;580.43
07/07/2025 19:45;580.42
07/07/2025 20:00;580.42
07/07/2025 20:15;580.4
07/07/2025 20:30;580.4
07/07/2025 20:45;580.4
07/07/2025 21:00;580.4
07/07/2025 21:15;580.4
07/07/2025 21:30;580.39
07/07/2025 21:45;580.39
07/07/2025 22:00;580.39
07/07/2025 22:15;580.37
07/07/2025 22:30;580.37
07/07/2025 22:45;580.37
07/07/2025 23:00;580.37
07/07/2025 23:15;580.37
07/07/2025 23:30;580.37
07/07/2025 23:45;580.37
08/07/2025 00:00;580.37
08/07/2025 00:15;580.37
08/07/2025 00:30;580.37
08/07/2025 00:45;580.37
08/07/2025 01:00;580.37
08/07/2025 01:15;580.37
08/07/2025 01:30;580.36
08/07/2025 01:45;580.37
08/07/2025 02:00;580.37
08/07/2025 02:15;580.37
08/07/2025 02:30;580.36
08/07/2025 02:45;580.36
08/07/2025 03:00;580.37
08/07/2025 03:15;580.36
08/07/2025 03:30;580.36
08/07/2025 03:45;580.36
08/07/2025 04:00;580.35
08/07/2025 04:15;580.35
08/07/2025 04:30;580.35
08/07/2025 04:45;580.35
08/07/2025 05:00;580.33
08/07/2025 05:15;580.33
08/07/2025 05:30;580.32
08/07/2025 05:45;580.32
08/07/2025 06:00;580.32
08/07/2025 06:15;580.32
08/07/2025 06:30;580.32
08/07/2025 06:45;580.32
08/07/2025 07:00;580.3
08/07/2025 07:15;580.3
08/07/2025 07:30;580.3
08/07/2025 07:45;580.3
08/07/2025 08:00;580.3
08/07/2025 08:15;580.3
08/07/2025 08:30;580.29
08/07/2025 08:45;580.29
08/07/2025 09:00;580.28
08/07/2025 09:15;580.28
08/07/2025 09:30;580.28
08/07/2025 09:45;580.27
08/07/2025 10:00;580.27
08/07/2025 10:15;580.26
08/07/2025 10:30;580.26
08/07/2025 10:45;580.26
08/07/2025 11:00;580.25
08/07/2025 11:15;580.25
08/07/2025 11:30;580.25
08/07/2025 11:45;580.25
08/07/2025 12:00;580.25
08/07/2025 12:15;580.25
08/07/2025 12:30;580.25
08/07/2025 12:45;580.25
08/07/2025 13:00;580.25
08/07/2025 13:15;580.25
08/07/2025 13:30;580.25
08/07/2025 13:45;580.25
08/07/2025 14:00;580.25
08/07/2025 14:15;580.25
08/07/2025 14:30;580.25
08/07/2025 14:45;580.25
08/07/2025 15:00;580.23
08/07/2025 15:15;580.23
08/07/2025 15:30;580.23
08/07/2025 15:45;580.23
08/07/2025 16:00;580.23
08/07/2025 16:15;580.23
08/07/2025 16:30;580.23
08/07/2025 16:45;580.23
08/07/2025 17:00;580.23
08/07/2025 17:15;580.22
08/07/2025 17:30;580.22
08/07/2025 17:45;580.22
08/07/2025 18:00;580.22
08/07/2025 18:15;580.22
08/07/2025 18:30;580.22
08/07/2025 18:45;580.22
08/07/2025 19:00;580.22
08/07/2025 19:15;580.22
08/07/2025 19:30;580.22
08/07/2025 19:45;580.21
08/07/2025 20:00;580.19
08/07/2025 20:15;580.21
08/07/2025 20:30;580.19
08/07/2025 20:45;580.19
08/07/2025 21:00;580.19
08/07/2025 21:15;580.18
08/07/2025 21:30;580.18
08/07/2025 21:45;580.18
08/07/2025 22:00;580.17
08/07/2025 22:15;580.17
08/07/2025 22:30;580.17
08/07/2025 22:45;580.15
08/07/2025 23:00;580.15
08/07/2025 23:15;580.15
08/07/2025 23:30;580.14
08/07/2025 23:45;580.14
09/07/2025 00:00;580.14
09/07/2025 00:15;580.14
09/07/2025 00:30;580.14
09/07/2025 00:45;580.14
09/07/2025 01:00;580.14
09/07/2025 01:15;580.14
09/07/2025 01:30;580.14
09/07/2025 01:45;580.14
09/07/2025 02:00;580.12
09/07/2025 02:15;580.12
09/07/2025 02:30;580.12
09/07/2025 02:45;580.12
09/07/2025 03:00;580.12
09/07/2025 03:15;580.12
09/07/2025 03:30;580.12
09/07/2025 03:45;580.11
09/07/2025 04:00;580.11
09/07/2025 04:15;580.1
09/07/2025 04:30;580.1
09/07/2025 04:45;580.1
09/07/2025 05:00;580.1
09/07/2025 05:15;580.09
09/07/2025 05:30;580.09
09/07/2025 05:45;580.08
09/07/2025 06:00;580.08
09/07/2025 06:15;580.08
09/07/2025 06:30;580.07
09/07/2025 06:45;580.07
09/07/2025 07:00;580.05
09/07/2025 07:15;580.07
09/07/2025 07:30;580.05
09/07/2025 07:45;580.05
09/07/2025 08:00;580.05
09/07/2025 08:15;580.04
09/07/2025 08:30;580.05
09/07/2025 08:45;580.04
09/07/2025 09:00;580.04
09/07/2025 09:15;580.04
09/07/2025 09:30;580.04
09/07/2025 09:45;580.04
09/07/2025 10:00;580.03
09/07/2025 10:15;580.03
09/07/2025 10:30;580.02
09/07/2025 10:45;580.02
09/07/2025 11:00;580.01
09/07/2025 11:15;580.01
09/07/2025 11:30;580.01
09/07/2025 11:45;580
09/07/2025 12:00;580
09/07/2025 12:15;580
09/07/2025 12:30;580
09/07/2025 12:45;580
09/07/2025 13:00;580
09/07/2025 13:15;580
09/07/2025 13:30;580
09/07/2025 13:45;579.98
09/07/2025 14:00;579.98
09/07/2025 14:15;579.98
09/07/2025 14:30;579.98
09/07/2025 14:45;579.98
09/07/2025 15:00;579.98
09/07/2025 15:15;579.98
09/07/2025 15:30;579.98
09/07/2025 15:45;579.98
09/07/2025 16:00;579.98
09/07/2025 16:15;579.98
09/07/2025 16:30;579.98
09/07/2025 16:45;579.98
09/07/2025 17:00;579.98
09/07/2025 17:15;579.98
09/07/2025 17:30;579.98
09/07/2025 17:45;579.97
09/07/2025 18:00;579.97
09/07/2025 18:15;579.98
09/07/2025 18:30;579.97
09/07/2025 18:45;579.98
09/07/2025 19:00;579.97
09/07/2025 19:15;579.96
09/07/2025 19:30;579.97
09/07/2025 19:45;579.96
09/07/2025 20:00;579.96
09/07/2025 20:15;579.96
09/07/2025 20:30;579.96
09/07/2025 20:45;579.96
09/07/2025 21:00;579.94
09/07/2025 21:15;579.94
09/07/2025 21:30;579.94
09/07/2025 21:45;579.94
09/07/2025 22:00;579.93
09/07/2025 22:15;579.93
09/07/2025 22:30;579.92
09/07/2025 22:45;579.92
09/07/2025 23:00;579.92
09/07/2025 23:15;579.92
09/07/2025 23:30;579.91
09/07/2025 23:45;579.9
10/07/2025 00:00;579.9
10/07/2025 00:15;579.89
10/07/2025 00:30;579.89
10/07/2025 00:45;579.89
10/07/2025 01:00;579.89
10/07/2025 01:15;579.89
10/07/2025 01:30;579.89
10/07/2025 01:45;579.87
10/07/2025 02:00;579.87
10/07/2025 02:15;579.87
10/07/2025 02:30;579.87
10/07/2025 02:45;579.87
10/07/2025 03:00;579.87
10/07/2025 03:15;579.87
10/07/2025 03:30;579.87
10/07/2025 03:45;579.87
10/07/2025 04:00;579.87
10/07/2025 04:15;579.86
10/07/2025 04:30;579.86
10/07/2025 04:45;579.86
10/07/2025 05:00;579.86
10/07/2025 05:15;579.85
10/07/2025 05:30;579.85
10/07/2025 05:45;579.84
10/07/2025 06:00;579.84
10/07/2025 06:15;579.84
10/07/2025 06:30;579.83
10/07/2025 06:45;579.84
10/07/2025 07:00;579.82
10/07/2025 07:15;579.83
10/07/2025 07:30;579.82
10/07/2025 07:45;579.82
10/07/2025 08:00;579.8
10/07/2025 08:15;579.8
10/07/2025 08:30;579.8
10/07/2025 08:45;579.8
10/07/2025 09:00;579.8
10/07/2025 09:15;579.79
10/07/2025 09:30;579.79
10/07/2025 09:45;579.78
10/07/2025 10:00;579.78
10/07/2025 10:15;579.78
10/07/2025 10:30;579.78
10/07/2025 10:45;579.78
10/07/2025 11:00;579.77
10/07/2025 11:15;579.77
10/07/2025 11:30;579.78
10/07/2025 11:45;579.77
10/07/2025 12:00;579.77
10/07/2025 12:15;579.75
10/07/2025 12:30;579.75
10/07/2025 12:45;579.75
10/07/2025 13:00;579.75
10/07/2025 13:15;579.75
10/07/2025 13:30;579.75
10/07/2025 13:45;579.75
10/07/2025 14:00;579.73
10/07/2025 14:15;579.73
10/07/2025 14:30;579.73
10/07/2025 14:45;579.73
10/07/2025 15:00;579.73
10/07/2025 15:15;579.73
10/07/2025 15:30;579.72
10/07/2025 15:45;579.72
10/07/2025 16:00;579.73
10/07/2025 16:15;579.72
10/07/2025 16:30;579.72
10/07/2025 16:45;579.73
10/07/2025 17:00;579.72
10/07/2025 17:15;579.73
10/07/2025 17:30;579.73
10/07/2025 17:45;579.72
10/07/2025 18:00;579.72
10/07/2025 18:15;579.71
10/07/2025 18:30;579.71
10/07/2025 18:45;579.71
10/07/2025 19:00;579.71
10/07/2025 19:15;579.71
10/07/2025 19:30;579.71
10/07/2025 19:45;579.69
10/07/2025 20:00;579.71
10/07/2025 20:15;579.69
10/07/2025 20:30;579.69
10/07/2025 20:45;579.71
10/07/2025 21:00;579.71
10/07/2025 21:15;579.69
10/07/2025 21:30;579.69
10/07/2025 21:45;579.69
10/07/2025 22:00;579.69
10/07/2025 22:15;579.69
10/07/2025 22:30;579.68
10/07/2025 22:45;579.68
10/07/2025 23:00;579.68
10/07/2025 23:15;579.68
10/07/2025 23:30;579.68
10/07/2025 23:45;579.67
11/07/2025 00:00;579.66
11/07/2025 00:15;579.66
11/07/2025 00:30;579.66
11/07/2025 00:45;579.65
11/07/2025 01:00;579.66
11/07/2025 01:15;579.65
11/07/2025 01:30;579.65
11/07/2025 01:45;579.64
11/07/2025 02:00;579.64
11/07/2025 02:15;579.62
11/07/2025 02:30;579.62
11/07/2025 02:45;579.62
11/07/2025 03:00;579.62
11/07/2025 03:15;579.62
11/07/2025 03:30;579.61
11/07/2025 03:45;579.61
11/07/2025 04:00;579.6
11/07/2025 04:15;579.6
11/07/2025 04:30;579.6
11/07/2025 04:45;579.6
11/07/2025 05:00;579.6
11/07/2025 05:15;579.6
11/07/2025 05:30;579.6
11/07/2025 05:45;579.59
11/07/2025 06:00;579.59
11/07/2025 06:15;579.59
11/07/2025 06:30;579.57
11/07/2025 06:45;579.57
11/07/2025 07:00;579.57
11/07/2025 07:15;579.57
11/07/2025 07:30;579.55
11/07/2025 07:45;579.55
11/07/2025 08:00;579.55
11/07/2025 08:15;579.55
11/07/2025 08:30;579.55
11/07/2025 08:45;579.54
11/07/2025 09:00;579.55
11/07/2025 09:15;579.54
11/07/2025 09:30;579.54
11/07/2025 09:45;579.54
11/07/2025 10:00;579.54
11/07/2025 10:15;579.54
11/07/2025 10:30;579.54
11/07/2025 10:45;579.54
11/07/2025 11:00;579.54
11/07/2025 11:15;579.54
11/07/2025 11:30;579.54
11/07/2025 11:45;579.53
11/07/2025 12:00;579.53
11/07/2025 12:15;579.53
11/07/2025 12:30;579.52
11/07/2025 12:45;579.52
11/07/2025 13:00;579.52
11/07/2025 13:15;579.52
11/07/2025 13:30;579.52
11/07/2025 13:45;579.52
11/07/2025 14:00;579.5
11/07/2025 14:15;579.5
11/07/2025 14:30;579.5
11/07/2025 14:45;579.5
11/07/2025 15:00;579.5
11/07/2025 15:15;579.5
11/07/2025 15:30;579.5
11/07/2025 15:45;579.5
11/07/2025 16:00;579.5
11/07/2025 16:15;579.5
11/07/2025 16:30;579.5
11/07/2025 16:45;579.5
11/07/2025 17:00;579.48
11/07/2025 17:15;579.48
11/07/2025 17:30;579.5
11/07/2025 17:45;579.48
11/07/2025 18:00;579.48
11/07/2025 18:15;579.48
11/07/2025 18:30;579.48
11/07/2025 18:45;579.48
11/07/2025 19:00;579.48
11/07/2025 19:15;579.48
11/07/2025 19:30;579.48
11/07/2025 19:45;579.48
11/07/2025 20:00;579.48
11/07/2025 20:15;579.48
11/07/2025 20:30;579.48
11/07/2025 20:45;579.47
11/07/2025 21:00;579.46
11/07/2025 21:15;579.46
11/07/2025 21:30;579.44
11/07/2025 21:45;579.46
11/07/2025 22:00;579.46
11/07/2025 22:15;579.46
11/07/2025 22:30;579.46
11/07/2025 22:45;579.44
11/07/2025 23:00;579.46
11/07/2025 23:15;579.43
11/07/2025 23:30;579.44
11/07/2025 23:45;579.43
12/07/2025 00:00;579.43
12/07/2025 00:15;579.43
12/07/2025 00:30;579.43
12/07/2025 00:45;579.43
12/07/2025 01:00;579.42
12/07/2025 01:15;579.43
12/07/2025 01:30;579.42
12/07/2025 01:45;579.44
12/07/2025 02:00;579.42
12/07/2025 02:15;579.42
12/07/2025 02:30;579.42
12/07/2025 02:45;579.42
12/07/2025 03:00;579.42
12/07/2025 03:15;579.41
12/07/2025 03:30;579.41
12/07/2025 03:45;579.39
12/07/2025 04:00;579.39
12/07/2025 04:15;579.39
12/07/2025 04:30;579.39
12/07/2025 04:45;579.39
12/07/2025 05:00;579.39
12/07/2025 05:15;579.39
12/07/2025 05:30;579.37
12/07/2025 05:45;579.37
12/07/2025 06:00;579.37
12/07/2025 06:15;579.37
12/07/2025 06:30;579.36
12/07/2025 06:45;579.37
12/07/2025 07:00;579.36
12/07/2025 07:15;579.36
12/07/2025 07:30;579.35
12/07/2025 07:45;579.35
12/07/2025 08:00;579.35
12/07/2025 08:15;579.34
12/07/2025 08:30;579.34
12/07/2025 08:45;579.34
12/07/2025 09:00;579.34
12/07/2025 09:15;579.32
12/07/2025 09:30;579.34
12/07/2025 09:45;579.32
12/07/2025 10:00;579.34
12/07/2025 10:15;579.32
12/07/2025 10:30;579.34
12/07/2025 10:45;579.32
12/07/2025 11:00;579.32
12/07/2025 11:15;579.34
12/07/2025 11:30;579.32
12/07/2025 11:45;579.32
12/07/2025 12:00;579.32
12/07/2025 12:15;579.32
12/07/2025 12:30;579.32
12/07/2025 12:45;579.32
12/07/2025 13:00;579.32
12/07/2025 13:15;579.32
12/07/2025 13:30;579.32
12/07/2025 13:45;579.32
12/07/2025 14:00;579.32
12/07/2025 14:15;579.32
12/07/2025 14:30;579.34
12/07/2025 14:45;579.32
12/07/2025 15:00;579.32
12/07/2025 15:15;579.32
12/07/2025 15:30;579.32
12/07/2025 15:45;579.32
12/07/2025 16:00;579.34
12/07/2025 16:15;579.32
12/07/2025 16:30;579.32
12/07/2025 16:45;579.32
12/07/2025 17:00;579.32
12/07/2025 17:15;579.32
12/07/2025 17:30;579.32
12/07/2025 17:45;579.32
12/07/2025 18:00;579.32
12/07/2025 18:15;579.32
12/07/2025 18:30;579.32
12/07/2025 18:45;579.32
12/07/2025 19:00;579.32
12/07/2025 19:15;579.32
12/07/2025 19:30;579.32
12/07/2025 19:45;579.32
12/07/2025 20:00;579.34
12/07/2025 20:15;579.32
12/07/2025 20:30;579.32
12/07/2025 20:45;579.32
12/07/2025 21:00;579.3
12/07/2025 21:15;579.32
12/07/2025 21:30;579.3
12/07/2025 21:45;579.32
12/07/2025 22:00;579.3
12/07/2025 22:15;579.3
12/07/2025 22:30;579.3
12/07/2025 22:45;579.3
12/07/2025 23:00;579.3
12/07/2025 23:15;579.3
12/07/2025 23:30;579.29
12/07/2025 23:45;579.29
13/07/2025 00:00;579.29
13/07/2025 00:15;579.29
13/07/2025 00:30;579.29
13/07/2025 00:45;579.29
13/07/2025 01:00;579.29
13/07/2025 01:15;579.29
13/07/2025 01:30;579.29
13/07/2025 01:45;579.29
13/07/2025 02:00;579.29
13/07/2025 02:15;579.28
13/07/2025 02:30;579.28
13/07/2025 02:45;579.29
13/07/2025 03:00;579.28
13/07/2025 03:15;579.28
13/07/2025 03:30;579.28
13/07/2025 03:45;579.28
13/07/2025 04:00;579.28
13/07/2025 04:15;579.28
13/07/2025 04:30;579.28
13/07/2025 04:45;579.28
13/07/2025 05:00;579.28
13/07/2025 05:15;579.28
13/07/2025 05:30;579.28
13/07/2025 05:45;579.28
13/07/2025 06:00;579.28
13/07/2025 06:15;579.28
13/07/2025 06:30;579.27
13/07/2025 06:45;579.27
13/07/2025 07:00;579.27
13/07/2025 07:15;579.27
13/07/2025 07:30;579.27
13/07/2025 07:45;579.27
13/07/2025 08:00;579.26
13/07/2025 08:15;579.26
13/07/2025 08:30;579.26
13/07/2025 08:45;579.26
13/07/2025 09:00;579.25
13/07/2025 09:15;579.25
13/07/2025 09:30;579.25
13/07/2025 09:45;579.25
13/07/2025 10:00;579.25
13/07/2025 10:15;579.25
13/07/2025 10:30;579.25
13/07/2025 10:45;579.25
13/07/2025 11:00;579.25
13/07/2025 11:15;579.25
13/07/2025 11:30;579.25
13/07/2025 11:45;579.25
13/07/2025 12:00;579.25
13/07/2025 12:15;579.25
13/07/2025 12:30;579.25
13/07/2025 12:45;579.25
13/07/2025 13:00;579.25
13/07/2025 13:15;579.25
13/07/2025 13:30;579.25
13/07/2025 13:45;579.25
13/07/2025 14:00;579.25
13/07/2025 14:15;579.25
13/07/2025 14:30;579.25
13/07/2025 14:45;579.25
13/07/2025 15:00;579.25
13/07/2025 15:15;579.25
13/07/2025 15:30;579.25
13/07/2025 15:45;579.25
13/07/2025 16:00;579.25
13/07/2025 16:15;579.25
13/07/2025 16:30;579.25
13/07/2025 16:45;579.25
13/07/2025 17:00;579.25
13/07/2025 17:15;579.25
13/07/2025 17:30;579.25
13/07/2025 17:45;579.25
13/07/2025 18:00;579.25
13/07/2025 18:15;579.25
13/07/2025 18:30;579.25
13/07/2025 18:45;579.26
13/07/2025 19:00;579.26
13/07/2025 19:15;579.26
13/07/2025 19:30;579.25
13/07/2025 19:45;579.23
13/07/2025 20:00;579.23
13/07/2025 20:15;579.23
13/07/2025 20:30;579.23
13/07/2025 20:45;579.23
13/07/2025 21:00;579.23
13/07/2025 21:15;579.23
13/07/2025 21:30;579.23
13/07/2025 21:45;579.23
13/07/2025 22:00;579.23
13/07/2025 22:15;579.21
13/07/2025 22:30;579.21
13/07/2025 22:45;579.21
13/07/2025 23:00;579.21
13/07/2025 23:15;579.21
13/07/2025 23:30;579.21
13/07/2025 23:45;579.21
14/07/2025 00:00;579.21
14/07/2025 00:15;579.21
14/07/2025 00:30;579.21
14/07/2025 00:45;579.19
14/07/2025 01:00;579.21
14/07/2025 01:15;579.21
14/07/2025 01:30;579.19
14/07/2025 01:45;579.21
14/07/2025 02:00;579.19
14/07/2025 02:15;579.21
14/07/2025 02:30;579.21
14/07/2025 02:45;579.21
14/07/2025 03:00;579.21
14/07/2025 03:15;579.19
14/07/2025 03:30;579.21
14/07/2025 03:45;579.19
14/07/2025 04:00;579.21
14/07/2025 04:15;579.21
14/07/2025 04:30;579.19
14/07/2025 04:45;579.19
14/07/2025 05:00;579.19
14/07/2025 05:15;579.19
14/07/2025 05:30;579.19
14/07/2025 05:45;579.19
14/07/2025 06:00;579.19
14/07/2025 06:15;579.19
14/07/2025 06:30;579.19
14/07/2025 06:45;579.18
14/07/2025 07:00;579.18
14/07/2025 07:15;579.18
14/07/2025 07:30;579.17
14/07/2025 07:45;579.17
14/07/2025 08:00;579.17
14/07/2025 08:15;579.16
14/07/2025 08:30;579.16
14/07/2025 08:45;579.16
14/07/2025 09:00;579.16
14/07/2025 09:15;579.16
14/07/2025 09:30;579.16
14/07/2025 09:45;579.16
14/07/2025 10:00;579.16
14/07/2025 10:15;579.17
14/07/2025 10:30;579.16
14/07/2025 10:45;579.16
14/07/2025 11:00;579.16
14/07/2025 11:15;579.16
14/07/2025 11:30;579.16
14/07/2025 11:45;579.16
14/07/2025 12:00;579.16
14/07/2025 12:15;579.16
14/07/2025 12:30;579.16
14/07/2025 12:45;579.16
14/07/2025 13:00;579.16
14/07/2025 13:15;579.16
14/07/2025 13:30;579.16
14/07/2025 13:45;579.16
14/07/2025 14:00;579.16
14/07/2025 14:15;579.16
14/07/2025 14:30;579.16
14/07/2025 14:45;579.16
14/07/2025 15:00;579.16
14/07/2025 15:15;579.16
14/07/2025 15:30;579.16
14/07/2025 15:45;579.16
14/07/2025 16:00;579.17
14/07/2025 16:15;579.16
14/07/2025 16:30;579.17
14/07/2025 16:45;579.16
14/07/2025 17:00;579.16
14/07/2025 17:15;579.16
14/07/2025 17:30;579.16
14/07/2025 17:45;579.16
14/07/2025 18:00;579.16
14/07/2025 18:15;579.16
14/07/2025 18:30;579.16
14/07/2025 18:45;579.16
14/07/2025 19:00;579.16
14/07/2025 19:15;579.16
14/07/2025 19:30;579.16
14/07/2025 19:45;579.16
14/07/2025 20:00;579.16
14/07/2025 20:15;579.16
14/07/2025 20:30;579.16
14/07/2025 20:45;579.16
14/07/2025 21:00;579.14
14/07/2025 21:15;579.14
14/07/2025 21:30;579.12
14/07/2025 21:45;579.14
14/07/2025 22:00;579.12
14/07/2025 22:15;579.12
14/07/2025 22:30;579.12
14/07/2025 22:45;579.12
14/07/2025 23:00;579.12
14/07/2025 23:15;579.12
14/07/2025 23:30;579.12
14/07/2025 23:45;579.12
15/07/2025 00:00;579.12
15/07/2025 00:15;579.12
15/07/2025 00:30;579.12
15/07/2025 00:45;579.12
15/07/2025 01:00;579.12
15/07/2025 01:15;579.12
15/07/2025 01:30;579.12
15/07/2025 01:45;579.12
15/07/2025 02:00;579.12
15/07/2025 02:15;579.12
15/07/2025 02:30;579.11
15/07/2025 02:45;579.12
15/07/2025 03:00;579.12
15/07/2025 03:15;579.12
15/07/2025 03:30;579.12
15/07/2025 03:45;579.11
15/07/2025 04:00;579.11
15/07/2025 04:15;579.11
15/07/2025 04:30;579.11
15/07/2025 04:45;579.11
15/07/2025 05:00;579.12
15/07/2025 05:15;579.11
15/07/2025 05:30;579.11
15/07/2025 05:45;579.1
15/07/2025 06:00;579.1
15/07/2025 06:15;579.1
15/07/2025 06:30;579.1
15/07/2025 06:45;579.1
15/07/2025 07:00;579.09
15/07/2025 07:15;579.09
15/07/2025 07:30;579.08
15/07/2025 07:45;579.09
15/07/2025 08:00;579.09
15/07/2025 08:15;579.08
15/07/2025 08:30;579.08
15/07/2025 08:45;579.07
15/07/2025 09:00;579.08
15/07/2025 09:15;579.07
15/07/2025 09:30;579.08
15/07/2025 09:45;579.07
15/07/2025 10:00;579.08
15/07/2025 10:15;579.07
15/07/2025 10:30;579.07
15/07/2025 10:45;579.07
15/07/2025 11:00;579.07
15/07/2025 11:15;579.05
15/07/2025 11:30;579.07
15/07/2025 11:45;579.05
15/07/2025 12:00;579.07
15/07/2025 12:15;579.07
15/07/2025 12:30;579.07
15/07/2025 12:45;579.07
15/07/2025 13:00;579.07
15/07/2025 13:15;579.07
15/07/2025 13:30;579.07
15/07/2025 13:45;579.05
15/07/2025 14:00;579.05
15/07/2025 14:15;579.07
15/07/2025 14:30;579.05
15/07/2025 14:45;579.05
15/07/2025 15:00;579.05
15/07/2025 15:15;579.05
15/07/2025 15:30;579.05
15/07/2025 15:45;579.05
15/07/2025 16:00;579.05
15/07/2025 16:15;579.05
15/07/2025 16:30;579.05
15/07/2025 16:45;579.05
15/07/2025 17:00;579.05
15/07/2025 17:15;579.05
15/07/2025 17:30;579.05
15/07/2025 17:45;579.05
15/07/2025 18:00;579.05
15/07/2025 18:15;579.05
15/07/2025 18:30;579.05
15/07/2025 18:45;579.05
15/07/2025 19:00;579.05
15/07/2025 19:15;579.05
15/07/2025 19:30;579.05
15/07/2025 19:45;579.05
15/07/2025 20:00;579.05
15/07/2025 20:15;579.05
15/07/2025 20:30;579.03
15/07/2025 20:45;579.03
15/07/2025 21:00;579.03
15/07/2025 21:15;579.03
15/07/2025 21:30;579.03
15/07/2025 21:45;579.02
15/07/2025 22:00;579.03
15/07/2025 22:15;579.03
15/07/2025 22:30;579.02
15/07/2025 22:45;579.02
15/07/2025 23:00;579.02
15/07/2025 23:15;579.01
15/07/2025 23:30;579.01
15/07/2025 23:45;579.01
16/07/2025 00:00;579
16/07/2025 00:15;579
16/07/2025 00:30;579
16/07/2025 00:45;579
16/07/2025 01:00;579
16/07/2025 01:15;579
16/07/2025 01:30;579
16/07/2025 01:45;579
16/07/2025 02:00;579
16/07/2025 02:15;579
16/07/2025 02:30;579
16/07/2025 02:45;578.98
16/07/2025 03:00;578.98
16/07/2025 03:15;578.98
16/07/2025 03:30;578.98
16/07/2025 03:45;578.98
16/07/2025 04:00;578.98
16/07/2025 04:15;579
16/07/2025 04:30;578.98
16/07/2025 04:45;578.98
16/07/2025 05:00;578.98
16/07/2025 05:15;578.98
16/07/2025 05:30;578.98
16/07/2025 05:45;578.98
16/07/2025 06:00;578.98
16/07/2025 06:15;578.98
16/07/2025 06:30;578.96
16/07/2025 06:45;578.96
16/07/2025 07:00;578.94
16/07/2025 07:15;578.94
16/07/2025 07:30;578.94
16/07/2025 07:45;578.94
16/07/2025 08:00;578.94
16/07/2025 08:15;578.94
16/07/2025 08:30;578.94
16/07/2025 08:45;578.94
16/07/2025 09:00;578.94
16/07/2025 09:15;578.94
16/07/2025 09:30;578.94
16/07/2025 09:45;578.94
16/07/2025 10:00;578.94
16/07/2025 10:15;578.93
16/07/2025 10:30;578.93
16/07/2025 10:45;578.93
16/07/2025 11:00;578.92
16/07/2025 11:15;578.93
16/07/2025 11:30;578.93
16/07/2025 11:45;578.92
16/07/2025 12:00;578.93
16/07/2025 12:15;578.92
16/07/2025 12:30;578.92
16/07/2025 12:45;578.93
16/07/2025 13:00;578.92
16/07/2025 13:15;578.93
16/07/2025 13:30;578.92
16/07/2025 13:45;578.93
16/07/2025 14:00;578.92
16/07/2025 14:15;578.92
16/07/2025 14:30;578.92
16/07/2025 14:45;578.93
16/07/2025 15:00;578.93
16/07/2025 15:15;578.93
16/07/2025 15:30;578.92
16/07/2025 15:45;578.93
16/07/2025 16:00;578.92
16/07/2025 16:15;578.93
16/07/2025 16:30;578.92
16/07/2025 16:45;578.92
16/07/2025 17:00;578.91
16/07/2025 17:15;578.92
16/07/2025 17:30;578.92
16/07/2025 17:45;578.91
16/07/2025 18:00;578.91
16/07/2025 18:15;578.91
16/07/2025 18:30;578.9
16/07/2025 18:45;578.9
16/07/2025 19:00;578.89
16/07/2025 19:15;578.89
16/07/2025 19:30;578.89
16/07/2025 19:45;578.89
16/07/2025 20:00;578.87
16/07/2025 20:15;578.87
16/07/2025 20:30;578.87
16/07/2025 20:45;578.87
16/07/2025 21:00;578.87
16/07/2025 21:15;578.87
16/07/2025 21:30;578.87
16/07/2025 21:45;578.87
16/07/2025 22:00;578.87
16/07/2025 22:15;578.87
16/07/2025 22:30;578.85
16/07/2025 22:45;578.85
16/07/2025 23:00;578.85
16/07/2025 23:15;578.85
16/07/2025 23:30;578.85
16/07/2025 23:45;578.85
17/07/2025 00:00;578.84
17/07/2025 00:15;578.84
17/07/2025 00:30;578.84
17/07/2025 00:45;578.84
17/07/2025 01:00;578.83
17/07/2025 01:15;578.83
17/07/2025 01:30;578.83
17/07/2025 01:45;578.82
17/07/2025 02:00;578.8
17/07/2025 02:15;578.8
17/07/2025 02:30;578.82
17/07/2025 02:45;578.8
17/07/2025 03:00;578.8
17/07/2025 03:15;578.8
17/07/2025 03:30;578.8
17/07/2025 03:45;578.8
17/07/2025 04:00;578.8
17/07/2025 04:15;578.8
17/07/2025 04:30;578.8
17/07/2025 04:45;578.8
17/07/2025 05:00;578.8
17/07/2025 05:15;578.8
17/07/2025 05:30;578.78
17/07/2025 05:45;578.78
17/07/2025 06:00;578.78
17/07/2025 06:15;578.77
17/07/2025 06:30;578.77
17/07/2025 06:45;578.77
17/07/2025 07:00;578.77
17/07/2025 07:15;578.77
17/07/2025 07:30;578.77
17/07/2025 07:45;578.77
17/07/2025 08:00;578.76
17/07/2025 08:15;578.77
17/07/2025 08:30;578.76
17/07/2025 08:45;578.76
17/07/2025 09:00;578.75
17/07/2025 09:15;578.75
17/07/2025 09:30;578.75
17/07/2025 09:45;578.73
17/07/2025 10:00;578.73
17/07/2025 10:15;578.73
17/07/2025 10:30;578.73
17/07/2025 10:45;578.73
17/07/2025 11:00;578.73
17/07/2025 11:15;578.73
17/07/2025 11:30;578.73
17/07/2025 11:45;578.73
17/07/2025 12:00;578.73
17/07/2025 12:15;578.73
17/07/2025 12:30;578.73
17/07/2025 12:45;578.73
17/07/2025 13:00;578.73
17/07/2025 13:15;578.73
17/07/2025 13:30;578.73
17/07/2025 13:45;578.73
17/07/2025 14:00;578.73
17/07/2025 14:15;578.73
17/07/2025 14:30;578.73
17/07/2025 14:45;578.73
17/07/2025 15:00;578.73
17/07/2025 15:15;578.73
17/07/2025 15:30;578.73
17/07/2025 15:45;578.73
17/07/2025 16:00;578.73
17/07/2025 16:15;578.73
17/07/2025 16:30;578.73
17/07/2025 16:45;578.73
17/07/2025 17:00;578.73
17/07/2025 17:15;578.73
17/07/2025 17:30;578.73
17/07/2025 17:45;578.72
17/07/2025 18:00;578.72
17/07/2025 18:15;578.72
17/07/2025 18:30;578.71
17/07/2025 18:45;578.72
17/07/2025 19:00;578.71
17/07/2025 19:15;578.69
17/07/2025 19:30;578.71
17/07/2025 19:45;578.69
17/07/2025 20:00;578.69
17/07/2025 20:15;578.69
17/07/2025 20:30;578.69
17/07/2025 20:45;578.69
17/07/2025 21:00;578.69
17/07/2025 21:15;578.69
17/07/2025 21:30;578.69
17/07/2025 21:45;578.67
17/07/2025 22:00;578.67
17/07/2025 22:15;578.67
17/07/2025 22:30;578.67
17/07/2025 22:45;578.67
17/07/2025 23:00;578.67
17/07/2025 23:15;578.66
17/07/2025 23:30;578.66
17/07/2025 23:45;578.66
18/07/2025 00:00;578.66
18/07/2025 00:15;578.65
18/07/2025 00:30;578.65
18/07/2025 00:45;578.65
18/07/2025 01:00;578.64
18/07/2025 01:15;578.64
18/07/2025 01:30;578.62
18/07/2025 01:45;578.62
18/07/2025 02:00;578.62
18/07/2025 02:15;578.62
18/07/2025 02:30;578.62
18/07/2025 02:45;578.62
18/07/2025 03:00;578.62
18/07/2025 03:15;578.62
18/07/2025 03:30;578.62
18/07/2025 03:45;578.6
18/07/2025 04:00;578.6
18/07/2025 04:15;578.6
18/07/2025 04:30;578.6
18/07/2025 04:45;578.59
18/07/2025 05:00;578.6
18/07/2025 05:15;578.59
18/07/2025 05:30;578.59
18/07/2025 05:45;578.59
18/07/2025 06:00;578.59
18/07/2025 06:15;578.59
18/07/2025 06:30;578.58
18/07/2025 06:45;578.58
18/07/2025 07:00;578.57
18/07/2025 07:15;578.57
18/07/2025 07:30;578.57
18/07/2025 07:45;578.55
18/07/2025 08:00;578.55
18/07/2025 08:15;578.55
18/07/2025 08:30;578.55
18/07/2025 08:45;578.55
18/07/2025 09:00;578.54
18/07/2025 09:15;578.55
18/07/2025 09:30;578.53
18/07/2025 09:45;578.53
18/07/2025 10:00;578.54
18/07/2025 10:15;578.53
18/07/2025 10:30;578.53
18/07/2025 10:45;578.54
18/07/2025 11:00;578.53
18/07/2025 11:15;578.54
18/07/2025 11:30;578.53
18/07/2025 11:45;578.54
18/07/2025 12:00;578.53
18/07/2025 12:15;578.53
18/07/2025 12:30;578.53
18/07/2025 12:45;578.53
18/07/2025 13:00;578.53
18/07/2025 13:15;578.53
18/07/2025 13:30;578.52
18/07/2025 13:45;578.52
18/07/2025 14:00;578.53
18/07/2025 14:15;578.52
18/07/2025 14:30;578.52
18/07/2025 14:45;578.52
18/07/2025 15:00;578.52
18/07/2025 15:15;578.52
18/07/2025 15:30;578.52
18/07/2025 15:45;578.52
18/07/2025 16:00;578.52
18/07/2025 16:15;578.51
18/07/2025 16:30;578.51
18/07/2025 16:45;578.51
18/07/2025 17:00;578.51
18/07/2025 17:15;578.48
18/07/2025 17:30;578.48
18/07/2025 17:45;578.48
18/07/2025 18:00;578.48
18/07/2025 18:15;578.48
18/07/2025 18:30;578.48
18/07/2025 18:45;578.48
18/07/2025 19:00;578.48
18/07/2025 19:15;578.47
18/07/2025 19:30;578.48
18/07/2025 19:45;578.47
18/07/2025 20:00;578.47
18/07/2025 20:15;578.46
18/07/2025 20:30;578.46
18/07/2025 20:45;578.44
18/07/2025 21:00;578.44
18/07/2025 21:15;578.44
18/07/2025 21:30;578.44
18/07/2025 21:45;578.44
18/07/2025 22:00;578.44
18/07/2025 22:15;578.44
18/07/2025 22:30;578.42
18/07/2025 22:45;578.42
18/07/2025 23:00;578.41
18/07/2025 23:15;578.42
18/07/2025 23:30;578.41
18/07/2025 23:45;578.41
19/07/2025 00:00;578.41
19/07/2025 00:15;578.41
19/07/2025 00:30;578.41
19/07/2025 00:45;578.4
19/07/2025 01:00;578.4
19/07/2025 01:15;578.4
19/07/2025 01:30;578.4
19/07/2025 01:45;578.4
19/07/2025 02:00;578.37
19/07/2025 02:15;578.37
19/07/2025 02:30;578.37
19/07/2025 02:45;578.37
19/07/2025 03:00;578.37
19/07/2025 03:15;578.37
19/07/2025 03:30;578.37
19/07/2025 03:45;578.37
19/07/2025 04:00;578.36
19/07/2025 04:15;578.37
19/07/2025 04:30;578.36
19/07/2025 04:45;578.36
19/07/2025 05:00;578.35
19/07/2025 05:15;578.35
19/07/2025 05:30;578.35
19/07/2025 05:45;578.34
19/07/2025 06:00;578.34
19/07/2025 06:15;578.33
19/07/2025 06:30;578.33
19/07/2025 06:45;578.33
19/07/2025 07:00;578.33
19/07/2025 07:15;578.33
19/07/2025 07:30;578.33
19/07/2025 07:45;578.33
19/07/2025 08:00;578.33
19/07/2025 08:15;578.3
19/07/2025 08:30;578.3
19/07/2025 08:45;578.3
19/07/2025 09:00;578.3
19/07/2025 09:15;578.3
19/07/2025 09:30;578.3
19/07/2025 09:45;578.3
19/07/2025 10:00;578.29
19/07/2025 10:15;578.29
19/07/2025 10:30;578.29
19/07/2025 10:45;578.28
19/07/2025 11:00;578.28
19/07/2025 11:15;578.28
19/07/2025 11:30;578.28
19/07/2025 11:45;578.28
19/07/2025 12:00;578.27
19/07/2025 12:15;578.28
19/07/2025 12:30;578.27
19/07/2025 12:45;578.27
19/07/2025 13:00;578.26
19/07/2025 13:15;578.26
19/07/2025 13:30;578.26
19/07/2025 13:45;578.26
19/07/2025 14:00;578.26
19/07/2025 14:15;578.26
19/07/2025 14:30;578.26
19/07/2025 14:45;578.26
19/07/2025 15:00;578.26
19/07/2025 15:15;578.26
19/07/2025 15:30;578.26
19/07/2025 15:45;578.26
19/07/2025 16:00;578.26
19/07/2025 16:15;578.26
19/07/2025 16:30;578.26
19/07/2025 16:45;578.26
19/07/2025 17:00;578.26
19/07/2025 17:15;578.26
19/07/2025 17:30;578.23
19/07/2025 17:45;578.23
19/07/2025 18:00;578.23
19/07/2025 18:15;578.23
19/07/2025 18:30;578.23
19/07/2025 18:45;578.23
19/07/2025 19:00;578.23
19/07/2025 19:15;578.23
19/07/2025 19:30;578.22
19/07/2025 19:45;578.23
19/07/2025 20:00;578.22
19/07/2025 20:15;578.19
19/07/2025 20:30;578.19
19/07/2025 20:45;578.19
19/07/2025 21:00;578.19
19/07/2025 21:15;578.19
19/07/2025 21:30;578.19
19/07/2025 21:45;578.19
19/07/2025 22:00;578.19
19/07/2025 22:15;578.19
19/07/2025 22:30;578.18
19/07/2025 22:45;578.18
19/07/2025 23:00;578.17
19/07/2025 23:15;578.17
19/07/2025 23:30;578.16
19/07/2025 23:45;578.17
20/07/2025 00:00;578.16
20/07/2025 00:15;578.16
20/07/2025 00:30;578.16
20/07/2025 00:45;578.15
20/07/2025 01:00;578.15
20/07/2025 01:15;578.15
20/07/2025 01:30;578.15
20/07/2025 01:45;578.12
20/07/2025 02:00;578.12
20/07/2025 02:15;578.12
20/07/2025 02:30;578.12
20/07/2025 02:45;578.12
20/07/2025 03:00;578.12
20/07/2025 03:15;578.12
20/07/2025 03:30;578.11
20/07/2025 03:45;578.11
20/07/2025 04:00;578.11
20/07/2025 04:15;578.11
20/07/2025 04:30;578.11
20/07/2025 04:45;578.1
20/07/2025 05:00;578.1
20/07/2025 05:15;578.09
20/07/2025 05:30;578.09
20/07/2025 05:45;578.09
20/07/2025 06:00;578.08
20/07/2025 06:15;578.08
20/07/2025 06:30;578.07
20/07/2025 06:45;578.07
20/07/2025 07:00;578.07
20/07/2025 07:15;578.05
20/07/2025 07:30;578.05
20/07/2025 07:45;578.05
20/07/2025 08:00;578.05
20/07/2025 08:15;578.05
20/07/2025 08:30;578.05
20/07/2025 08:45;578.05
20/07/2025 09:00;578.05
20/07/2025 09:15;578.05
20/07/2025 09:30;578.05
20/07/2025 09:45;578.05
20/07/2025 10:00;578.05
20/07/2025 10:15;578.05
20/07/2025 10:30;578.05
20/07/2025 10:45;578.05
20/07/2025 11:00;578.05
20/07/2025 11:15;578.05
20/07/2025 11:30;578.04
20/07/2025 11:45;578.04
20/07/2025 12:00;578.04
20/07/2025 12:15;578.02
20/07/2025 12:30;578.02
20/07/2025 12:45;578.02
20/07/2025 13:00;578.02
20/07/2025 13:15;578.02
20/07/2025 13:30;578.01
20/07/2025 13:45;578.01
20/07/2025 14:00;578
20/07/2025 14:15;577.98
20/07/2025 14:30;577.98
20/07/2025 14:45;578
20/07/2025 15:00;578
20/07/2025 15:15;578
20/07/2025 15:30;577.98
20/07/2025 15:45;577.98
20/07/2025 16:00;578
20/07/2025 16:15;577.98
20/07/2025 16:30;578
20/07/2025 16:45;577.98
20/07/2025 17:00;577.98
20/07/2025 17:15;577.98
20/07/2025 17:30;577.98
20/07/2025 17:45;577.98
20/07/2025 18:00;577.98
20/07/2025 18:15;577.98
20/07/2025 18:30;577.98
20/07/2025 18:45;577.98
20/07/2025 19:00;577.98
20/07/2025 19:15;577.98
20/07/2025 19:30;577.98
20/07/2025 19:45;577.98
20/07/2025 20:00;577.98
20/07/2025 20:15;577.98
20/07/2025 20:30;577.97
20/07/2025 20:45;577.97
20/07/2025 21:00;577.97
20/07/2025 21:15;577.97
20/07/2025 21:30;577.94
20/07/2025 21:45;577.94
20/07/2025 22:00;577.94
20/07/2025 22:15;577.94
20/07/2025 22:30;577.94
20/07/2025 22:45;577.94
20/07/2025 23:00;577.94
20/07/2025 23:15;577.94
20/07/2025 23:30;577.94
20/07/2025 23:45;577.93
21/07/2025 00:00;577.92
21/07/2025 00:15;577.92
21/07/2025 00:30;577.92
21/07/2025 00:45;577.91
21/07/2025 01:00;577.91
21/07/2025 01:15;577.91
21/07/2025 01:30;577.91
21/07/2025 01:45;577.9
21/07/2025 02:00;577.91
21/07/2025 02:15;577.9
21/07/2025 02:30;577.9
21/07/2025 02:45;577.89
21/07/2025 03:00;577.89
21/07/2025 03:15;577.87
21/07/2025 03:30;577.87
21/07/2025 03:45;577.87
21/07/2025 04:00;577.87
21/07/2025 04:15;577.87
21/07/2025 04:30;577.87
21/07/2025 04:45;577.87
21/07/2025 05:00;577.87
21/07/2025 05:15;577.86
21/07/2025 05:30;577.86
21/07/2025 05:45;577.84
21/07/2025 06:00;577.86
21/07/2025 06:15;577.84
21/07/2025 06:30;577.84
21/07/2025 06:45;577.84
21/07/2025 07:00;577.84
21/07/2025 07:15;577.84
21/07/2025 07:30;577.83
21/07/2025 07:45;577.83
21/07/2025 08:00;577.82
21/07/2025 08:15;577.82
21/07/2025 08:30;577.82
21/07/2025 08:45;577.8
21/07/2025 09:00;577.8
21/07/2025 09:15;577.8
21/07/2025 09:30;577.8
21/07/2025 09:45;577.8
21/07/2025 10:00;577.8
21/07/2025 10:15;577.8
21/07/2025 10:30;577.8
21/07/2025 10:45;577.8
21/07/2025 11:00;577.79
21/07/2025 11:15;577.79
21/07/2025 11:30;577.79
21/07/2025 11:45;577.79
21/07/2025 12:00;577.79
21/07/2025 12:15;577.79
21/07/2025 12:30;577.79
21/07/2025 12:45;577.79
21/07/2025 13:00;577.79
21/07/2025 13:15;577.79
21/07/2025 13:30;577.79
21/07/2025 13:45;577.79
21/07/2025 14:00;577.79
21/07/2025 14:15;577.79
21/07/2025 14:30;577.79
21/07/2025 14:45;577.77
21/07/2025 15:00;577.79
21/07/2025 15:15;577.79
21/07/2025 15:30;577.79
21/07/2025 15:45;577.79
21/07/2025 16:00;577.77
21/07/2025 16:15;577.77
21/07/2025 16:30;577.77
21/07/2025 16:45;577.77
21/07/2025 17:00;577.77
21/07/2025 17:15;577.77
21/07/2025 17:30;577.76
21/07/2025 17:45;577.76
21/07/2025 18:00;577.76
21/07/2025 18:15;577.76
21/07/2025 18:30;577.75
21/07/2025 18:45;577.75
21/07/2025 19:00;577.73
21/07/2025 19:15;577.73
21/07/2025 19:30;577.73
21/07/2025 19:45;577.73
21/07/2025 20:00;577.73
21/07/2025 20:15;577.73
21/07/2025 20:30;577.73
21/07/2025 20:45;577.73
21/07/2025 21:00;577.72
21/07/2025 21:15;577.72
21/07/2025 21:30;577.71
21/07/2025 21:45;577.69
21/07/2025 22:00;577.71
21/07/2025 22:15;577.69
21/07/2025 22:30;577.69
21/07/2025 22:45;577.69
21/07/2025 23:00;577.69
21/07/2025 23:15;577.69
21/07/2025 23:30;577.68
21/07/2025 23:45;577.68
22/07/2025 00:00;577.69
22/07/2025 00:15;577.68
22/07/2025 00:30;577.68
22/07/2025 00:45;577.68
22/07/2025 01:00;577.68
22/07/2025 01:15;577.66
22/07/2025 01:30;577.66
22/07/2025 01:45;577.66
22/07/2025 02:00;577.66
22/07/2025 02:15;577.66
22/07/2025 02:30;577.66
22/07/2025 02:45;577.66
22/07/2025 03:00;577.65
22/07/2025 03:15;577.64
22/07/2025 03:30;577.64
22/07/2025 03:45;577.62
22/07/2025 04:00;577.62
22/07/2025 04:15;577.62
22/07/2025 04:30;577.62
22/07/2025 04:45;577.62
22/07/2025 05:00;577.62
22/07/2025 05:15;577.62
22/07/2025 05:30;577.62
22/07/2025 05:45;577.61
22/07/2025 06:00;577.61
22/07/2025 06:15;577.61
22/07/2025 06:30;577.61
22/07/2025 06:45;577.61
22/07/2025 07:00;577.59
22/07/2025 07:15;577.59
22/07/2025 07:30;577.59
22/07/2025 07:45;577.58
22/07/2025 08:00;577.58
22/07/2025 08:15;577.58
22/07/2025 08:30;577.58
22/07/2025 08:45;577.58
22/07/2025 09:00;577.58
22/07/2025 09:15;577.58
22/07/2025 09:30;577.57
22/07/2025 09:45;577.57
22/07/2025 10:00;577.55
22/07/2025 10:15;577.55
22/07/2025 10:30;577.55
22/07/2025 10:45;577.55
22/07/2025 11:00;577.55
22/07/2025 11:15;577.55
22/07/2025 11:30;577.55
22/07/2025 11:45;577.55
22/07/2025 12:00;577.55
22/07/2025 12:15;577.55
22/07/2025 12:30;577.55
22/07/2025 12:45;577.55
22/07/2025 13:00;577.55
22/07/2025 13:15;577.54
22/07/2025 13:30;577.54
22/07/2025 13:45;577.55
22/07/2025 14:00;577.55
22/07/2025 14:15;577.54
22/07/2025 14:30;577.54
22/07/2025 14:45;577.54
22/07/2025 15:00;577.54
22/07/2025 15:15;577.53
22/07/2025 15:30;577.53
22/07/2025 15:45;577.53
22/07/2025 16:00;577.53
22/07/2025 16:15;577.53
22/07/2025 16:30;577.53
22/07/2025 16:45;577.53
22/07/2025 17:00;577.53
22/07/2025 17:15;577.52
22/07/2025 17:30;577.52
22/07/2025 17:45;577.52
22/07/2025 18:00;577.52
22/07/2025 18:15;577.52
22/07/2025 18:30;577.52
22/07/2025 18:45;577.52
22/07/2025 19:00;577.51
22/07/2025 19:15;577.51
22/07/2025 19:30;577.51
22/07/2025 19:45;577.51
22/07/2025 20:00;577.5
22/07/2025 20:15;577.5
22/07/2025 20:30;577.48
22/07/2025 20:45;577.48
22/07/2025 21:00;577.48
22/07/2025 21:15;577.48
22/07/2025 21:30;577.48
22/07/2025 21:45;577.48
22/07/2025 22:00;577.47
22/07/2025 22:15;577.47
22/07/2025 22:30;577.46
22/07/2025 22:45;577.47
22/07/2025 23:00;577.46
22/07/2025 23:15;577.44
22/07/2025 23:30;577.46
22/07/2025 23:45;577.44
23/07/2025 00:00;577.44
23/07/2025 00:15;577.44
23/07/2025 00:30;577.44
23/07/2025 00:45;577.43
23/07/2025 01:00;577.43
23/07/2025 01:15;577.43
23/07/2025 01:30;577.43
23/07/2025 01:45;577.41
23/07/2025 02:00;577.41
23/07/2025 02:15;577.41
23/07/2025 02:30;577.41
23/07/2025 02:45;577.4
23/07/2025 03:00;577.4
23/07/2025 03:15;577.4
23/07/2025 03:30;577.4
23/07/2025 03:45;577.39
23/07/2025 04:00;577.39
23/07/2025 04:15;577.37
23/07/2025 04:30;577.37
23/07/2025 04:45;577.37
23/07/2025 05:00;577.37
23/07/2025 05:15;577.37
23/07/2025 05:30;577.36
23/07/2025 05:45;577.36
23/07/2025 06:00;577.36
23/07/2025 06:15;577.35
23/07/2025 06:30;577.35
23/07/2025 06:45;577.35
23/07/2025 07:00;577.35
23/07/2025 07:15;577.34
23/07/2025 07:30;577.34
23/07/2025 07:45;577.34
23/07/2025 08:00;577.33
23/07/2025 08:15;577.33
23/07/2025 08:30;577.33
23/07/2025 08:45;577.33
23/07/2025 09:00;577.32
23/07/2025 09:15;577.32
23/07/2025 09:30;577.3
23/07/2025 09:45;577.3
23/07/2025 10:00;577.3
23/07/2025 10:15;577.3
23/07/2025 10:30;577.3
23/07/2025 10:45;577.3
23/07/2025 11:00;577.3
23/07/2025 11:15;577.3
23/07/2025 11:30;577.3
23/07/2025 11:45;577.3
23/07/2025 12:00;577.3
23/07/2025 12:15;577.3
23/07/2025 12:30;577.3
23/07/2025 12:45;577.3
23/07/2025 13:00;577.29
23/07/2025 13:15;577.29
23/07/2025 13:30;577.29
23/07/2025 13:45;577.3
23/07/2025 14:00;577.3
23/07/2025 14:15;577.29
23/07/2025 14:30;577.3
23/07/2025 14:45;577.29
23/07/2025 15:00;577.29
23/07/2025 15:15;577.29
23/07/2025 15:30;577.29
23/07/2025 15:45;577.29
23/07/2025 16:00;577.29
23/07/2025 16:15;577.29
23/07/2025 16:30;577.28
23/07/2025 16:45;577.28
23/07/2025 17:00;577.27
23/07/2025 17:15;577.27
23/07/2025 17:30;577.26
23/07/2025 17:45;577.26
23/07/2025 18:00;577.26
23/07/2025 18:15;577.25
23/07/2025 18:30;577.25
23/07/2025 18:45;577.25
23/07/2025 19:00;577.25
23/07/2025 19:15;577.23
23/07/2025 19:30;577.25
23/07/2025 19:45;577.25
23/07/2025 20:00;577.22
23/07/2025 20:15;577.23
23/07/2025 20:30;577.22
23/07/2025 20:45;577.22
23/07/2025 21:00;577.22
23/07/2025 21:15;577.22
23/07/2025 21:30;577.21
23/07/2025 21:45;577.21
23/07/2025 22:00;577.19
23/07/2025 22:15;577.19
23/07/2025 22:30;577.19
23/07/2025 22:45;577.19
23/07/2025 23:00;577.19
23/07/2025 23:15;577.19
23/07/2025 23:30;577.19
23/07/2025 23:45;577.18
24/07/2025 00:00;577.19
24/07/2025 00:15;577.18
24/07/2025 00:30;577.17
24/07/2025 00:45;577.17
24/07/2025 01:00;577.16
24/07/2025 01:15;577.15
24/07/2025 01:30;577.15
24/07/2025 01:45;577.15
24/07/2025 02:00;577.14
24/07/2025 02:15;577.14
24/07/2025 02:30;577.14
24/07/2025 02:45;577.14
24/07/2025 03:00;577.14
24/07/2025 03:15;577.14
24/07/2025 03:30;577.12
24/07/2025 03:45;577.12
24/07/2025 04:00;577.12
24/07/2025 04:15;577.12
24/07/2025 04:30;577.12
24/07/2025 04:45;577.11
24/07/2025 05:00;577.11
24/07/2025 05:15;577.11
24/07/2025 05:30;577.1
24/07/2025 05:45;577.09
24/07/2025 06:00;577.1
24/07/2025 06:15;577.09
24/07/2025 06:30;577.09
24/07/2025 06:45;577.09
24/07/2025 07:00;577.07
24/07/2025 07:15;577.07
24/07/2025 07:30;577.08
24/07/2025 07:45;577.07
24/07/2025 08:00;577.07
24/07/2025 08:15;577.07
24/07/2025 08:30;577.05
24/07/2025 08:45;577.05
24/07/2025 09:00;577.05
24/07/2025 09:15;577.04
24/07/2025 09:30;577.04
24/07/2025 09:45;577.04
24/07/2025 10:00;577.04
24/07/2025 10:15;577.04
24/07/2025 10:30;577.04
24/07/2025 10:45;577.04
24/07/2025 11:00;577.04
24/07/2025 11:15;577.04
24/07/2025 11:30;577.04
24/07/2025 11:45;577.03
24/07/2025 12:00;577.03
24/07/2025 12:15;577.03
24/07/2025 12:30;577.03
24/07/2025 12:45;577.04
24/07/2025 13:00;577.03
24/07/2025 13:15;577.03
24/07/2025 13:30;577.03
24/07/2025 13:45;577.03
24/07/2025 14:00;577.03
24/07/2025 14:15;577.03
24/07/2025 14:30;577.01
24/07/2025 14:45;577.01
24/07/2025 15:00;577.01
24/07/2025 15:15;577.01
24/07/2025 15:30;577.01
24/07/2025 15:45;577.01
24/07/2025 16:00;577.01
24/07/2025 16:15;577.01
24/07/2025 16:30;577.01
24/07/2025 16:45;577.01
24/07/2025 17:00;577
24/07/2025 17:15;577
24/07/2025 17:30;577.01
24/07/2025 17:45;577.01
24/07/2025 18:00;577
24/07/2025 18:15;577
24/07/2025 18:30;577
24/07/2025 18:45;576.98
24/07/2025 19:00;577
24/07/2025 19:15;576.98
24/07/2025 19:30;576.98
24/07/2025 19:45;576.98
24/07/2025 20:00;576.98
24/07/2025 20:15;576.98
24/07/2025 20:30;576.97
24/07/2025 20:45;576.97
24/07/2025 21:00;576.96
24/07/2025 21:15;576.96
24/07/2025 21:30;576.96
24/07/2025 21:45;576.96
24/07/2025 22:00;576.96
24/07/2025 22:15;576.96
24/07/2025 22:30;576.96
24/07/2025 22:45;576.94
24/07/2025 23:00;576.94
24/07/2025 23:15;576.94
24/07/2025 23:30;576.94
24/07/2025 23:45;576.94
25/07/2025 00:00;576.94
25/07/2025 00:15;576.93
25/07/2025 00:30;576.93
25/07/2025 00:45;576.93
25/07/2025 01:00;576.91
25/07/2025 01:15;576.92
25/07/2025 01:30;576.91
25/07/2025 01:45;576.91
25/07/2025 02:00;576.91
25/07/2025 02:15;576.9
25/07/2025 02:30;576.9
25/07/2025 02:45;576.9
25/07/2025 03:00;576.89
25/07/2025 03:15;576.89
25/07/2025 03:30;576.89
25/07/2025 03:45;576.89
25/07/2025 04:00;576.87
25/07/2025 04:15;576.89
25/07/2025 04:30;576.87
25/07/2025 04:45;576.87
25/07/2025 05:00;576.87
25/07/2025 05:15;576.86
25/07/2025 05:30;576.86
25/07/2025 05:45;576.86
25/07/2025 06:00;576.86
25/07/2025 06:15;576.85
25/07/2025 06:30;576.85
25/07/2025 06:45;576.83
25/07/2025 07:00;576.83
25/07/2025 07:15;576.83
25/07/2025 07:30;576.83
25/07/2025 07:45;576.83
25/07/2025 08:00;576.82
25/07/2025 08:15;576.83
25/07/2025 08:30;576.82
25/07/2025 08:45;576.82
25/07/2025 09:00;576.82
25/07/2025 09:15;576.82
25/07/2025 09:30;576.8
25/07/2025 09:45;576.8
25/07/2025 10:00;576.8
25/07/2025 10:15;576.8
25/07/2025 10:30;576.8
25/07/2025 10:45;576.8
25/07/2025 11:00;576.8
25/07/2025 11:15;576.8
25/07/2025 11:30;576.8
25/07/2025 11:45;576.8
25/07/2025 12:00;576.8
25/07/2025 12:15;576.8
25/07/2025 12:30;576.8
25/07/2025 12:45;576.79
25/07/2025 13:00;576.8
25/07/2025 13:15;576.79
25/07/2025 13:30;576.79
25/07/2025 13:45;576.79
25/07/2025 14:00;576.78
25/07/2025 14:15;576.78
25/07/2025 14:30;576.78
25/07/2025 14:45;576.78
25/07/2025 15:00;576.78
25/07/2025 15:15;576.78
25/07/2025 15:30;576.76
25/07/2025 15:45;576.76
25/07/2025 16:00;576.76
25/07/2025 16:15;576.76
25/07/2025 16:30;576.76
25/07/2025 16:45;576.76
25/07/2025 17:00;576.76
25/07/2025 17:15;576.76
25/07/2025 17:30;576.76
25/07/2025 17:45;576.76
25/07/2025 18:00;576.76
25/07/2025 18:15;576.76
25/07/2025 18:30;576.76
25/07/2025 18:45;576.76
25/07/2025 19:00;576.76
25/07/2025 19:15;576.76
25/07/2025 19:30;576.76
25/07/2025 19:45;576.75
25/07/2025 20:00;576.75
25/07/2025 20:15;576.75
25/07/2025 20:30;576.73
25/07/2025 20:45;576.73
25/07/2025 21:00;576.73
25/07/2025 21:15;576.73
25/07/2025 21:30;576.73
25/07/2025 21:45;576.72
25/07/2025 22:00;576.72
25/07/2025 22:15;576.72
25/07/2025 22:30;576.71
25/07/2025 22:45;576.71
25/07/2025 23:00;576.71
25/07/2025 23:15;576.71
25/07/2025 23:30;576.69
25/07/2025 23:45;576.69
26/07/2025 00:00;576.69
26/07/2025 00:15;576.69
26/07/2025 00:30;576.69
26/07/2025 00:45;576.68
26/07/2025 01:00;576.68
26/07/2025 01:15;576.68
26/07/2025 01:30;576.68
26/07/2025 01:45;576.68
26/07/2025 02:00;576.67
26/07/2025 02:15;576.67
26/07/2025 02:30;576.67
26/07/2025 02:45;576.65
26/07/2025 03:00;576.65
26/07/2025 03:15;576.65
26/07/2025 03:30;576.65
26/07/2025 03:45;576.65
26/07/2025 04:00;576.65
26/07/2025 04:15;576.64
26/07/2025 04:30;576.64
26/07/2025 04:45;576.62
26/07/2025 05:00;576.62
26/07/2025 05:15;576.62
26/07/2025 05:30;576.62
26/07/2025 05:45;576.62
26/07/2025 06:00;576.61
26/07/2025 06:15;576.61
26/07/2025 06:30;576.6
26/07/2025 06:45;576.6
26/07/2025 07:00;576.6
26/07/2025 07:15;576.6
26/07/2025 07:30;576.6
26/07/2025 07:45;576.6
26/07/2025 08:00;576.6
26/07/2025 08:15;576.58
26/07/2025 08:30;576.58
26/07/2025 08:45;576.58
26/07/2025 09:00;576.58
26/07/2025 09:15;576.58
26/07/2025 09:30;576.58
26/07/2025 09:45;576.58
26/07/2025 10:00;576.58
26/07/2025 10:15;576.58
26/07/2025 10:30;576.57
26/07/2025 10:45;576.57
26/07/2025 11:00;576.57
26/07/2025 11:15;576.57
26/07/2025 11:30;576.57
26/07/2025 11:45;576.57
26/07/2025 12:00;576.57
26/07/2025 12:15;576.57
26/07/2025 12:30;576.55
26/07/2025 12:45;576.55
26/07/2025 13:00;576.55
26/07/2025 13:15;576.55
26/07/2025 13:30;576.55
26/07/2025 13:45;576.54
26/07/2025 14:00;576.55
26/07/2025 14:15;576.54
26/07/2025 14:30;576.54
26/07/2025 14:45;576.54
26/07/2025 15:00;576.53
26/07/2025 15:15;576.53
26/07/2025 15:30;576.52
26/07/2025 15:45;576.51
26/07/2025 16:00;576.51
26/07/2025 16:15;576.51
26/07/2025 16:30;576.51
26/07/2025 16:45;576.51
26/07/2025 17:00;576.5
26/07/2025 17:15;576.5
26/07/2025 17:30;576.5
26/07/2025 17:45;576.5
26/07/2025 18:00;576.5
26/07/2025 18:15;576.48
26/07/2025 18:30;576.48
26/07/2025 18:45;576.48
26/07/2025 19:00;576.48
26/07/2025 19:15;576.5
26/07/2025 19:30;576.48
26/07/2025 19:45;576.48
26/07/2025 20:00;576.47
26/07/2025 20:15;576.47
26/07/2025 20:30;576.47
26/07/2025 20:45;576.47
26/07/2025 21:00;576.46
26/07/2025 21:15;576.46
26/07/2025 21:30;576.46
26/07/2025 21:45;576.44
26/07/2025 22:00;576.44
26/07/2025 22:15;576.44
26/07/2025 22:30;576.44
26/07/2025 22:45;576.43
26/07/2025 23:00;576.43
26/07/2025 23:15;576.43
26/07/2025 23:30;576.42
26/07/2025 23:45;576.43
27/07/2025 00:00;576.42
27/07/2025 00:15;576.42
27/07/2025 00:30;576.42
27/07/2025 00:45;576.42
27/07/2025 01:00;576.42
27/07/2025 01:15;576.4
27/07/2025 01:30;576.4
27/07/2025 01:45;576.4
27/07/2025 02:00;576.39
27/07/2025 02:15;576.39
27/07/2025 02:30;576.39
27/07/2025 02:45;576.39
27/07/2025 03:00;576.39
27/07/2025 03:15;576.37
27/07/2025 03:30;576.37
27/07/2025 03:45;576.36
27/07/2025 04:00;576.37
27/07/2025 04:15;576.37
27/07/2025 04:30;576.37
27/07/2025 04:45;576.36
27/07/2025 05:00;576.36
27/07/2025 05:15;576.35
27/07/2025 05:30;576.35
27/07/2025 05:45;576.34
27/07/2025 06:00;576.34
27/07/2025 06:15;576.33
27/07/2025 06:30;576.33
27/07/2025 06:45;576.32
27/07/2025 07:00;576.32
27/07/2025 07:15;576.32
27/07/2025 07:30;576.32
27/07/2025 07:45;576.32
27/07/2025 08:00;576.32
27/07/2025 08:15;576.3
27/07/2025 08:30;576.32
27/07/2025 08:45;576.3
27/07/2025 09:00;576.3
27/07/2025 09:15;576.3
27/07/2025 09:30;576.29
27/07/2025 09:45;576.29
27/07/2025 10:00;576.29
27/07/2025 10:15;576.29
27/07/2025 10:30;576.29
27/07/2025 10:45;576.29
27/07/2025 11:00;576.29
27/07/2025 11:15;576.29
27/07/2025 11:30;576.29
27/07/2025 11:45;576.29
27/07/2025 12:00;576.29
27/07/2025 12:15;576.29
27/07/2025 12:30;576.29
27/07/2025 12:45;576.28
27/07/2025 13:00;576.28
27/07/2025 13:15;576.28
27/07/2025 13:30;576.27
27/07/2025 13:45;576.27
27/07/2025 14:00;576.26
27/07/2025 14:15;576.26
27/07/2025 14:30;576.25
27/07/2025 14:45;576.25
27/07/2025 15:00;576.25
27/07/2025 15:15;576.25
27/07/2025 15:30;576.23
27/07/2025 15:45;576.23
27/07/2025 16:00;576.23
27/07/2025 16:15;576.23
27/07/2025 16:30;576.22
27/07/2025 16:45;576.22
27/07/2025 17:00;576.22
27/07/2025 17:15;576.22
27/07/2025 17:30;576.22
27/07/2025 17:45;576.22
27/07/2025 18:00;576.22
27/07/2025 18:15;576.21
27/07/2025 18:30;576.21
27/07/2025 18:45;576.21
27/07/2025 19:00;576.21
27/07/2025 19:15;576.21
27/07/2025 19:30;576.21
27/07/2025 19:45;576.21
27/07/2025 20:00;576.21
27/07/2025 20:15;576.21
27/07/2025 20:30;576.19
27/07/2025 20:45;576.19
27/07/2025 21:00;576.19
27/07/2025 21:15;576.19
27/07/2025 21:30;576.19
27/07/2025 21:45;576.19
27/07/2025 22:00;576.19
27/07/2025 22:15;576.18
27/07/2025 22:30;576.18
27/07/2025 22:45;576.17
27/07/2025 23:00;576.17
27/07/2025 23:15;576.17
27/07/2025 23:30;576.16
27/07/2025 23:45;576.16
28/07/2025 00:00;576.15
28/07/2025 00:15;576.16
28/07/2025 00:30;576.14
28/07/2025 00:45;576.15
28/07/2025 01:00;576.14
28/07/2025 01:15;576.14
28/07/2025 01:30;576.14
28/07/2025 01:45;576.14
28/07/2025 02:00;576.12
28/07/2025 02:15;576.12
28/07/2025 02:30;576.12
28/07/2025 02:45;576.12
28/07/2025 03:00;576.11
28/07/2025 03:15;576.11
28/07/2025 03:30;576.11
28/07/2025 03:45;576.11
28/07/2025 04:00;576.1
28/07/2025 04:15;576.1
28/07/2025 04:30;576.1
28/07/2025 04:45;576.1
28/07/2025 05:00;576.09
28/07/2025 05:15;576.09
28/07/2025 05:30;576.08
28/07/2025 05:45;576.08
28/07/2025 06:00;576.08
28/07/2025 06:15;576.07
28/07/2025 06:30;576.07
28/07/2025 06:45;576.05
28/07/2025 07:00;576.05
28/07/2025 07:15;576.05
28/07/2025 07:30;576.05
28/07/2025 07:45;576.05
28/07/2025 08:00;576.05
28/07/2025 08:15;576.04
28/07/2025 08:30;576.04
28/07/2025 08:45;576.04
28/07/2025 09:00;576.04
28/07/2025 09:15;576.03
28/07/2025 09:30;576.03
28/07/2025 09:45;576.03
28/07/2025 10:00;576.03
28/07/2025 10:15;576.03
28/07/2025 10:30;576.02
28/07/2025 10:45;576.02
28/07/2025 11:00;576.02
28/07/2025 11:15;576.02
28/07/2025 11:30;576.02
28/07/2025 11:45;576.01
28/07/2025 12:00;576.01
28/07/2025 12:15;576.01
28/07/2025 12:30;576.01
28/07/2025 12:45;576.01
28/07/2025 13:00;576.01
28/07/2025 13:15;576.01
28/07/2025 13:30;576.01
28/07/2025 13:45;576.01
28/07/2025 14:00;576.01
28/07/2025 14:15;576.01
28/07/2025 14:30;576.01
28/07/2025 14:45;576
28/07/2025 15:00;576
28/07/2025 15:15;576
28/07/2025 15:30;576
28/07/2025 15:45;576
28/07/2025 16:00;575.98
28/07/2025 16:15;575.98
28/07/2025 16:30;575.98
28/07/2025 16:45;575.98
28/07/2025 17:00;575.98
28/07/2025 17:15;575.98
28/07/2025 17:30;575.98
28/07/2025 17:45;576
28/07/2025 18:00;575.98
28/07/2025 18:15;575.98
28/07/2025 18:30;575.98
28/07/2025 18:45;575.98
28/07/2025 19:00;575.98
28/07/2025 19:15;575.98
28/07/2025 19:30;575.98
28/07/2025 19:45;575.98
28/07/2025 20:00;575.97
28/07/2025 20:15;575.98
28/07/2025 20:30;575.98
28/07/2025 20:45;575.97
28/07/2025 21:00;575.97
28/07/2025 21:15;575.96
28/07/2025 21:30;575.96
28/07/2025 21:45;575.96
28/07/2025 22:00;575.96
28/07/2025 22:15;575.96
28/07/2025 22:30;575.96
28/07/2025 22:45;575.94
28/07/2025 23:00;575.96
28/07/2025 23:15;575.94
28/07/2025 23:30;575.94
28/07/2025 23:45;575.93
29/07/2025 00:00;575.93
29/07/2025 00:15;575.93
29/07/2025 00:30;575.93
29/07/2025 00:45;575.93
29/07/2025 01:00;575.93
29/07/2025 01:15;575.93
29/07/2025 01:30;575.93
29/07/2025 01:45;575.93
29/07/2025 02:00;575.93
29/07/2025 02:15;575.93
29/07/2025 02:30;575.92
29/07/2025 02:45;575.92
29/07/2025 03:00;575.92
29/07/2025 03:15;575.91
29/07/2025 03:30;575.91
29/07/2025 03:45;575.9
29/07/2025 04:00;575.9
29/07/2025 04:15;575.89
29/07/2025 04:30;575.89
29/07/2025 04:45;575.89
29/07/2025 05:00;575.89
29/07/2025 05:15;575.89
29/07/2025 05:30;575.87
29/07/2025 05:45;575.87
29/07/2025 06:00;575.87
29/07/2025 06:15;575.87
29/07/2025 06:30;575.87
29/07/2025 06:45;575.87
29/07/2025 07:00;575.87
29/07/2025 07:15;575.86
29/07/2025 07:30;575.86
29/07/2025 07:45;575.85
29/07/2025 08:00;575.86
29/07/2025 08:15;575.85
29/07/2025 08:30;575.85
29/07/2025 08:45;575.85
29/07/2025 09:00;575.85
29/07/2025 09:15;575.85
29/07/2025 09:30;575.85
29/07/2025 09:45;575.84
29/07/2025 10:00;575.83
29/07/2025 10:15;575.84
29/07/2025 10:30;575.84
29/07/2025 10:45;575.83
29/07/2025 11:00;575.83
29/07/2025 11:15;575.84
29/07/2025 11:30;575.83
29/07/2025 11:45;575.83
29/07/2025 12:00;575.84
29/07/2025 12:15;575.83
29/07/2025 12:30;575.84
29/07/2025 12:45;575.83
29/07/2025 13:00;575.83
29/07/2025 13:15;575.84
29/07/2025 13:30;575.84
29/07/2025 13:45;575.83
29/07/2025 14:00;575.83
29/07/2025 14:15;575.83
29/07/2025 14:30;575.82
29/07/2025 14:45;575.83
29/07/2025 15:00;575.82
29/07/2025 15:15;575.8
29/07/2025 15:30;575.8
29/07/2025 15:45;575.8
29/07/2025 16:00;575.8
29/07/2025 16:15;575.8
29/07/2025 16:30;575.8
29/07/2025 16:45;575.8
29/07/2025 17:00;575.8
29/07/2025 17:15;575.8
29/07/2025 17:30;575.8
29/07/2025 17:45;575.8
29/07/2025 18:00;575.8
29/07/2025 18:15;575.79
29/07/2025 18:30;575.79
29/07/2025 18:45;575.79
29/07/2025 19:00;575.79
29/07/2025 19:15;575.79
29/07/2025 19:30;575.79
29/07/2025 19:45;575.78
29/07/2025 20:00;575.79
29/07/2025 20:15;575.78
29/07/2025 20:30;575.78
29/07/2025 20:45;575.77
29/07/2025 21:00;575.77
29/07/2025 21:15;575.77
29/07/2025 21:30;575.77
29/07/2025 21:45;575.77
29/07/2025 22:00;575.77
29/07/2025 22:15;575.77
29/07/2025 22:30;575.75
29/07/2025 22:45;575.75
29/07/2025 23:00;575.75
29/07/2025 23:15;575.75
29/07/2025 23:30;575.75
29/07/2025 23:45;575.75
30/07/2025 00:00;575.75
30/07/2025 00:15;575.75
30/07/2025 00:30;575.73
30/07/2025 00:45;575.73
30/07/2025 01:00;575.73
30/07/2025 01:15;575.73
30/07/2025 01:30;575.73
30/07/2025 01:45;575.72
30/07/2025 02:00;575.73
30/07/2025 02:15;575.72
30/07/2025 02:30;575.72
30/07/2025 02:45;575.72
30/07/2025 03:00;575.72
30/07/2025 03:15;575.72
30/07/2025 03:30;575.71
30/07/2025 03:45;575.71
30/07/2025 04:00;575.71
30/07/2025 04:15;575.69
30/07/2025 04:30;575.69
30/07/2025 04:45;575.68
30/07/2025 05:00;575.68
30/07/2025 05:15;575.68
30/07/2025 05:30;575.67
30/07/2025 05:45;575.67
30/07/2025 06:00;575.67
30/07/2025 06:15;575.67
30/07/2025 06:30;575.67
30/07/2025 06:45;575.67
30/07/2025 07:00;575.66
30/07/2025 07:15;575.67
30/07/2025 07:30;575.66
30/07/2025 07:45;575.66
30/07/2025 08:00;575.65
30/07/2025 08:15;575.65
30/07/2025 08:30;575.65
30/07/2025 08:45;575.64
30/07/2025 09:00;575.64
30/07/2025 09:15;575.64
30/07/2025 09:30;575.62
30/07/2025 09:45;575.62
30/07/2025 10:00;575.62
30/07/2025 10:15;575.62
30/07/2025 10:30;575.62
30/07/2025 10:45;575.62
30/07/2025 11:00;575.62
30/07/2025 11:15;575.62
30/07/2025 11:30;575.62
30/07/2025 11:45;575.62
30/07/2025 12:00;575.62
30/07/2025 12:15;575.62
30/07/2025 12:30;575.62
30/07/2025 12:45;575.62
30/07/2025 13:00;575.62
30/07/2025 13:15;575.62
30/07/2025 13:30;575.62
30/07/2025 13:45;575.62
30/07/2025 14:00;575.62
30/07/2025 14:15;575.61
30/07/2025 14:30;575.61
30/07/2025 14:45;575.61
30/07/2025 15:00;575.61
30/07/2025 15:15;575.61
30/07/2025 15:30;575.59
30/07/2025 15:45;575.59
30/07/2025 16:00;575.6
30/07/2025 16:15;575.59
30/07/2025 16:30;575.59
30/07/2025 16:45;575.59
30/07/2025 17:00;575.59
30/07/2025 17:15;575.59
30/07/2025 17:30;575.59
30/07/2025 17:45;575.59
30/07/2025 18:00;575.59
30/07/2025 18:15;575.59
30/07/2025 18:30;575.59
30/07/2025 18:45;575.59
30/07/2025 19:00;575.59
30/07/2025 19:15;575.57
30/07/2025 19:30;575.57
30/07/2025 19:45;575.57
30/07/2025 20:00;575.57
30/07/2025 20:15;575.57
30/07/2025 20:30;575.55
30/07/2025 20:45;575.55
30/07/2025 21:00;575.55
30/07/2025 21:15;575.55
30/07/2025 21:30;575.55
30/07/2025 21:45;575.55
30/07/2025 22:00;575.55
30/07/2025 22:15;575.55
30/07/2025 22:30;575.55
30/07/2025 22:45;575.55
30/07/2025 23:00;575.55
30/07/2025 23:15;575.54
30/07/2025 23:30;575.54
30/07/2025 23:45;575.54
31/07/2025 00:00;575.54
31/07/2025 00:15;575.54
31/07/2025 00:30;575.53
31/07/2025 00:45;575.53
31/07/2025 01:00;575.52
31/07/2025 01:15;575.52
31/07/2025 01:30;575.52
31/07/2025 01:45;575.52
31/07/2025 02:00;575.52
31/07/2025 02:15;575.52
31/07/2025 02:30;575.52
31/07/2025 02:45;575.52
31/07/2025 03:00;575.48
31/07/2025 03:15;575.5
31/07/2025 03:30;575.48
31/07/2025 03:45;575.48
31/07/2025 04:00;575.48
31/07/2025 04:15;575.48
31/07/2025 04:30;575.48
31/07/2025 04:45;575.48
31/07/2025 05:00;575.46
31/07/2025 05:15;575.46
31/07/2025 05:30;575.46
31/07/2025 05:45;575.46
31/07/2025 06:00;575.46
31/07/2025 06:15;575.46
31/07/2025 06:30;575.44
31/07/2025 06:45;575.44
31/07/2025 07:00;575.44
31/07/2025 07:15;575.44
31/07/2025 07:30;575.44
31/07/2025 07:45;575.44
31/07/2025 08:00;575.43
31/07/2025 08:15;575.43
31/07/2025 08:30;575.42
31/07/2025 08:45;575.42
31/07/2025 09:00;575.41
31/07/2025 09:15;575.41
31/07/2025 09:30;575.41
31/07/2025 09:45;575.41
31/07/2025 10:00;575.41
31/07/2025 10:15;575.41
31/07/2025 10:30;575.41
31/07/2025 10:45;575.41
31/07/2025 11:00;575.41
31/07/2025 11:15;575.41
31/07/2025 11:30;575.41
31/07/2025 11:45;575.41
31/07/2025 12:00;575.41
31/07/2025 12:15;575.41
31/07/2025 12:30;575.41
31/07/2025 12:45;575.41
31/07/2025 13:00;575.41
31/07/2025 13:15;575.41
31/07/2025 13:30;575.39
31/07/2025 13:45;575.39
31/07/2025 14:00;575.39
31/07/2025 14:15;575.39
31/07/2025 14:30;575.39
31/07/2025 14:45;575.39
31/07/2025 15:00;575.37
31/07/2025 15:15;575.37
31/07/2025 15:30;575.39
31/07/2025 15:45;575.37
31/07/2025 16:00;575.37
31/07/2025 16:15;575.37
31/07/2025 16:30;575.37
31/07/2025 16:45;575.37
31/07/2025 17:00;575.37
31/07/2025 17:15;575.37
31/07/2025 17:30;575.37
31/07/2025 17:45;575.37
31/07/2025 18:00;575.36
31/07/2025 18:15;575.36
31/07/2025 18:30;575.36
31/07/2025 18:45;575.35
31/07/2025 19:00;575.35
31/07/2025 19:15;575.34
31/07/2025 19:30;575.34
31/07/2025 19:45;575.34
31/07/2025 20:00;575.34
31/07/2025 20:15;575.33
31/07/2025 20:30;575.33
31/07/2025 20:45;575.33
31/07/2025 21:00;575.32
31/07/2025 21:15;575.33
31/07/2025 21:30;575.32
31/07/2025 21:45;575.32
31/07/2025 22:00;575.32
31/07/2025 22:15;575.3
31/07/2025 22:30;575.3
31/07/2025 22:45;575.3
31/07/2025 23:00;575.3
31/07/2025 23:15;575.3
31/07/2025 23:30;575.3
31/07/2025 23:45;575.3
01/08/2025 00:00;575.3
01/08/2025 00:15;575.3
01/08/2025 00:30;575.28
01/08/2025 00:45;575.28
01/08/2025 01:00;575.28
01/08/2025 01:15;575.28
01/08/2025 01:30;575.28
01/08/2025 01:45;575.28
01/08/2025 02:00;575.28
01/08/2025 02:15;575.27
01/08/2025 02:30;575.27
01/08/2025 02:45;575.26
01/08/2025 03:00;575.26
01/08/2025 03:15;575.26
01/08/2025 03:30;575.25
01/08/2025 03:45;575.25
01/08/2025 04:00;575.25
01/08/2025 04:15;575.23
01/08/2025 04:30;575.23
01/08/2025 04:45;575.23
01/08/2025 05:00;575.23
01/08/2025 05:15;575.23
01/08/2025 05:30;575.23
01/08/2025 05:45;575.23
01/08/2025 06:00;575.23
01/08/2025 06:15;575.21
01/08/2025 06:30;575.21
01/08/2025 06:45;575.21
01/08/2025 07:00;575.21
01/08/2025 07:15;575.21
01/08/2025 07:30;575.21
01/08/2025 07:45;575.19
01/08/2025 08:00;575.19
01/08/2025 08:15;575.19
01/08/2025 08:30;575.19
01/08/2025 08:45;575.19
01/08/2025 09:00;575.19
01/08/2025 09:15;575.19
01/08/2025 09:30;575.18
01/08/2025 09:45;575.19
01/08/2025 10:00;575.17
01/08/2025 10:15;575.18
01/08/2025 10:30;575.17
01/08/2025 10:45;575.17
01/08/2025 11:00;575.17
01/08/2025 11:15;575.17
01/08/2025 11:30;575.18
01/08/2025 11:45;575.17
01/08/2025 12:00;575.16
01/08/2025 12:15;575.17
01/08/2025 12:30;575.18
01/08/2025 12:45;575.17
01/08/2025 13:00;575.17
01/08/2025 13:15;575.17
01/08/2025 13:30;575.17
01/08/2025 13:45;575.16
01/08/2025 14:00;575.16
01/08/2025 14:15;575.15
01/08/2025 14:30;575.15
01/08/2025 14:45;575.14
01/08/2025 15:00;575.12
01/08/2025 15:15;575.12
01/08/2025 15:30;575.12
01/08/2025 15:45;575.12
01/08/2025 16:00;575.12
01/08/2025 16:15;575.12
01/08/2025 16:30;575.12
01/08/2025 16:45;575.12
01/08/2025 17:00;575.12
01/08/2025 17:15;575.12
01/08/2025 17:30;575.12
01/08/2025 17:45;575.12
01/08/2025 18:00;575.12
01/08/2025 18:15;575.12
01/08/2025 18:30;575.1
01/08/2025 18:45;575.1
01/08/2025 19:00;575.1
01/08/2025 19:15;575.1
01/08/2025 19:30;575.1
01/08/2025 19:45;575.1
01/08/2025 20:00;575.09
01/08/2025 20:15;575.09
01/08/2025 20:30;575.08
01/08/2025 20:45;575.08
01/08/2025 21:00;575.08
01/08/2025 21:15;575.05
01/08/2025 21:30;575.05
01/08/2025 21:45;575.05
01/08/2025 22:00;575.05
01/08/2025 22:15;575.05
01/08/2025 22:30;575.05
01/08/2025 22:45;575.05
01/08/2025 23:00;575.05
01/08/2025 23:15;575.05
01/08/2025 23:30;575.05
01/08/2025 23:45;575.03
02/08/2025 00:00;575.03
02/08/2025 00:15;575.03
02/08/2025 00:30;575.02
02/08/2025 00:45;575.02
02/08/2025 01:00;575.02
02/08/2025 01:15;575.02
02/08/2025 01:30;575.02
02/08/2025 01:45;575.01
02/08/2025 02:00;575.01
02/08/2025 02:15;575
02/08/2025 02:30;575
02/08/2025 02:45;575
02/08/2025 03:00;574.98
02/08/2025 03:15;574.98
02/08/2025 03:30;574.98
02/08/2025 03:45;574.98
02/08/2025 04:00;574.98
02/08/2025 04:15;574.97
02/08/2025 04:30;574.97
02/08/2025 04:45;574.97
02/08/2025 05:00;574.97
02/08/2025 05:15;574.96
02/08/2025 05:30;574.94
02/08/2025 05:45;574.96
02/08/2025 06:00;574.94
02/08/2025 06:15;574.94
02/08/2025 06:30;574.94
02/08/2025 06:45;574.94
02/08/2025 07:00;574.94
02/08/2025 07:15;574.94
02/08/2025 07:30;574.94
02/08/2025 07:45;574.94
02/08/2025 08:00;574.94
02/08/2025 08:15;574.92
02/08/2025 08:30;574.92
02/08/2025 08:45;574.92
02/08/2025 09:00;574.92
02/08/2025 09:15;574.92
02/08/2025 09:30;574.92
02/08/2025 09:45;574.92
02/08/2025 10:00;574.91
02/08/2025 10:15;574.91
02/08/2025 10:30;574.91
02/08/2025 10:45;574.91
02/08/2025 11:00;574.91
02/08/2025 11:15;574.9
02/08/2025 11:30;574.9
02/08/2025 11:45;574.91
02/08/2025 12:00;574.9
02/08/2025 12:15;574.9
02/08/2025 12:30;574.9
02/08/2025 12:45;574.9
02/08/2025 13:00;574.89
02/08/2025 13:15;574.89
02/08/2025 13:30;574.89
02/08/2025 13:45;574.89
02/08/2025 14:00;574.89
02/08/2025 14:15;574.87
02/08/2025 14:30;574.87
02/08/2025 14:45;574.87
02/08/2025 15:00;574.87
02/08/2025 15:15;574.87
02/08/2025 15:30;574.87
02/08/2025 15:45;574.85
02/08/2025 16:00;574.84
02/08/2025 16:15;574.85
02/08/2025 16:30;574.84
02/08/2025 16:45;574.84
02/08/2025 17:00;574.83
02/08/2025 17:15;574.84
02/08/2025 17:30;574.84
02/08/2025 17:45;574.84
02/08/2025 18:00;574.84
02/08/2025 18:15;574.84
02/08/2025 18:30;574.84
02/08/2025 18:45;574.84
02/08/2025 19:00;574.83
02/08/2025 19:15;574.83
02/08/2025 19:30;574.83
02/08/2025 19:45;574.82
02/08/2025 20:00;574.82
02/08/2025 20:15;574.8
02/08/2025 20:30;574.8
02/08/2025 20:45;574.8
02/08/2025 21:00;574.8
02/08/2025 21:15;574.8
02/08/2025 21:30;574.79
02/08/2025 21:45;574.79
02/08/2025 22:00;574.79
02/08/2025 22:15;574.79
02/08/2025 22:30;574.78
02/08/2025 22:45;574.77
02/08/2025 23:00;574.78
02/08/2025 23:15;574.78
02/08/2025 23:30;574.77
02/08/2025 23:45;574.77
03/08/2025 00:00;574.77
03/08/2025 00:15;574.77
03/08/2025 00:30;574.76
03/08/2025 00:45;574.76
03/08/2025 01:00;574.73
03/08/2025 01:15;574.73
03/08/2025 01:30;574.73
03/08/2025 01:45;574.73
03/08/2025 02:00;574.73
03/08/2025 02:15;574.73
03/08/2025 02:30;574.73
03/08/2025 02:45;574.72
03/08/2025 03:00;574.73
03/08/2025 03:15;574.72
03/08/2025 03:30;574.72
03/08/2025 03:45;574.71
03/08/2025 04:00;574.71
03/08/2025 04:15;574.71
03/08/2025 04:30;574.69
03/08/2025 04:45;574.69
03/08/2025 05:00;574.69
03/08/2025 05:15;574.69
03/08/2025 05:30;574.69
03/08/2025 05:45;574.69
03/08/2025 06:00;574.69
03/08/2025 06:15;574.69
03/08/2025 06:30;574.67
03/08/2025 06:45;574.67
03/08/2025 07:00;574.66
03/08/2025 07:15;574.66
03/08/2025 07:30;574.66
03/08/2025 07:45;574.66
03/08/2025 08:00;574.65
03/08/2025 08:15;574.65
03/08/2025 08:30;574.65
03/08/2025 08:45;574.65
03/08/2025 09:00;574.64
03/08/2025 09:15;574.64
03/08/2025 09:30;574.64
03/08/2025 09:45;574.64
03/08/2025 10:00;574.64
03/08/2025 10:15;574.64
03/08/2025 10:30;574.64
03/08/2025 10:45;574.64
03/08/2025 11:00;574.62
03/08/2025 11:15;574.62
03/08/2025 11:30;574.62
03/08/2025 11:45;574.62
03/08/2025 12:00;574.62
03/08/2025 12:15;574.62
03/08/2025 12:30;574.62
03/08/2025 12:45;574.62
03/08/2025 13:00;574.61
03/08/2025 13:15;574.61
03/08/2025 13:30;574.61
03/08/2025 13:45;574.6
03/08/2025 14:00;574.6
03/08/2025 14:15;574.6
03/08/2025 14:30;574.59
03/08/2025 14:45;574.59
03/08/2025 15:00;574.58
03/08/2025 15:15;574.58
03/08/2025 15:30;574.58
03/08/2025 15:45;574.58
03/08/2025 16:00;574.55
03/08/2025 16:15;574.55
03/08/2025 16:30;574.55
03/08/2025 16:45;574.55
03/08/2025 17:00;574.55
03/08/2025 17:15;574.55
03/08/2025 17:30;574.55
03/08/2025 17:45;574.55
03/08/2025 18:00;574.55
03/08/2025 18:15;574.55
03/08/2025 18:30;574.55
03/08/2025 18:45;574.55
03/08/2025 19:00;574.55
03/08/2025 19:15;574.55
03/08/2025 19:30;574.55
03/08/2025 19:45;574.55
03/08/2025 20:00;574.55
03/08/2025 20:15;574.55
03/08/2025 20:30;574.54
03/08/2025 20:45;574.54
03/08/2025 21:00;574.53
03/08/2025 21:15;574.52
03/08/2025 21:30;574.52
03/08/2025 21:45;574.52
03/08/2025 22:00;574.51
03/08/2025 22:15;574.51
03/08/2025 22:30;574.51
03/08/2025 22:45;574.51
03/08/2025 23:00;574.51
03/08/2025 23:15;574.51
03/08/2025 23:30;574.51
03/08/2025 23:45;574.48
04/08/2025 00:00;574.48
04/08/2025 00:15;574.48
04/08/2025 00:30;574.48
04/08/2025 00:45;574.48
04/08/2025 01:00;574.48
04/08/2025 01:15;574.48
04/08/2025 01:30;574.47
04/08/2025 01:45;574.47
04/08/2025 02:00;574.46
04/08/2025 02:15;574.47
04/08/2025 02:30;574.46
04/08/2025 02:45;574.46
04/08/2025 03:00;574.44
04/08/2025 03:15;574.44
04/08/2025 03:30;574.44
04/08/2025 03:45;574.43
04/08/2025 04:00;574.43
04/08/2025 04:15;574.43
04/08/2025 04:30;574.42
04/08/2025 04:45;574.42
04/08/2025 05:00;574.41
04/08/2025 05:15;574.41
04/08/2025 05:30;574.4
04/08/2025 05:45;574.41
04/08/2025 06:00;574.4
04/08/2025 06:15;574.4
04/08/2025 06:30;574.4
04/08/2025 06:45;574.4
04/08/2025 07:00;574.4
04/08/2025 07:15;574.37
04/08/2025 07:30;574.37
04/08/2025 07:45;574.37
04/08/2025 08:00;574.37
04/08/2025 08:15;574.37
04/08/2025 08:30;574.37
04/08/2025 08:45;574.36
04/08/2025 09:00;574.37
04/08/2025 09:15;574.37
04/08/2025 09:30;574.36
04/08/2025 09:45;574.36
04/08/2025 10:00;574.35
04/08/2025 10:15;574.35
04/08/2025 10:30;574.35
04/08/2025 10:45;574.35
04/08/2025 11:00;574.35
04/08/2025 11:15;574.35
04/08/2025 11:30;574.35
04/08/2025 11:45;574.35
04/08/2025 12:00;574.34
04/08/2025 12:15;574.34
04/08/2025 12:30;574.34
04/08/2025 12:45;574.34
04/08/2025 13:00;574.34
04/08/2025 13:15;574.34
04/08/2025 13:30;574.34
04/08/2025 13:45;574.34
04/08/2025 14:00;574.34
04/08/2025 14:15;574.33
04/08/2025 14:30;574.33
04/08/2025 14:45;574.33
04/08/2025 15:00;574.33
04/08/2025 15:15;574.3
04/08/2025 15:30;574.3
04/08/2025 15:45;574.3
04/08/2025 16:00;574.3
04/08/2025 16:15;574.3
04/08/2025 16:30;574.3
04/08/2025 16:45;574.3
04/08/2025 17:00;574.3
04/08/2025 17:15;574.3
04/08/2025 17:30;574.3
04/08/2025 17:45;574.3
04/08/2025 18:00;574.3
04/08/2025 18:15;574.3
04/08/2025 18:30;574.3
04/08/2025 18:45;574.29
04/08/2025 19:00;574.28
04/08/2025 19:15;574.28
04/08/2025 19:30;574.28
04/08/2025 19:45;574.27
04/08/2025 20:00;574.27
04/08/2025 20:15;574.26
04/08/2025 20:30;574.26
04/08/2025 20:45;574.26
04/08/2025 21:00;574.25
04/08/2025 21:15;574.25
04/08/2025 21:30;574.25
04/08/2025 21:45;574.25
04/08/2025 22:00;574.23
04/08/2025 22:15;574.23
04/08/2025 22:30;574.23
04/08/2025 22:45;574.23
04/08/2025 23:00;574.23
04/08/2025 23:15;574.22
04/08/2025 23:30;574.22
04/08/2025 23:45;574.22
05/08/2025 00:00;574.22
05/08/2025 00:15;574.22
05/08/2025 00:30;574.22
05/08/2025 00:45;574.19
05/08/2025 01:00;574.19
05/08/2025 01:15;574.19
05/08/2025 01:30;574.19
05/08/2025 01:45;574.19
05/08/2025 02:00;574.19
05/08/2025 02:15;574.19
05/08/2025 02:30;574.19
05/08/2025 02:45;574.18
05/08/2025 03:00;574.18
05/08/2025 03:15;574.17
05/08/2025 03:30;574.16
05/08/2025 03:45;574.16
05/08/2025 04:00;574.15
05/08/2025 04:15;574.15
05/08/2025 04:30;574.15
05/08/2025 04:45;574.15
05/08/2025 05:00;574.12
05/08/2025 05:15;574.12
05/08/2025 05:30;574.15
05/08/2025 05:45;574.12
05/08/2025 06:00;574.12
05/08/2025 06:15;574.12
05/08/2025 06:30;574.12
05/08/2025 06:45;574.12
05/08/2025 07:00;574.12
05/08/2025 07:15;574.11
05/08/2025 07:30;574.11
05/08/2025 07:45;574.09
05/08/2025 08:00;574.09
05/08/2025 08:15;574.09
05/08/2025 08:30;574.09
05/08/2025 08:45;574.09
05/08/2025 09:00;574.08
05/08/2025 09:15;574.09
05/08/2025 09:30;574.07
05/08/2025 09:45;574.07
05/08/2025 10:00;574.08
05/08/2025 10:15;574.07
05/08/2025 10:30;574.08
05/08/2025 10:45;574.09
05/08/2025 11:00;574.08
05/08/2025 11:15;574.08
05/08/2025 11:30;574.08
05/08/2025 11:45;574.07
05/08/2025 12:00;574.07
05/08/2025 12:15;574.08
05/08/2025 12:30;574.07
05/08/2025 12:45;574.05
05/08/2025 13:00;574.05
05/08/2025 13:15;574.07
05/08/2025 13:30;574.05
05/08/2025 13:45;574.05
05/08/2025 14:00;574.05
05/08/2025 14:15;574.05
05/08/2025 14:30;574.05
05/08/2025 14:45;574.04
05/08/2025 15:00;574.05
05/08/2025 15:15;574.04
05/08/2025 15:30;574.04
05/08/2025 15:45;574.04
05/08/2025 16:00;574.02
05/08/2025 16:15;574.02
05/08/2025 16:30;574.02
05/08/2025 16:45;574.02
05/08/2025 17:00;574.02
05/08/2025 17:15;574.02
05/08/2025 17:30;574.02
05/08/2025 17:45;574.02
05/08/2025 18:00;574.02
05/08/2025 18:15;574.01
05/08/2025 18:30;574.02
05/08/2025 18:45;574.01
05/08/2025 19:00;574.01
05/08/2025 19:15;574.01
05/08/2025 19:30;574.01
05/08/2025 19:45;574
05/08/2025 20:00;574
05/08/2025 20:15;573.98
05/08/2025 20:30;573.98
05/08/2025 20:45;573.98
05/08/2025 21:00;573.98
05/08/2025 21:15;573.98
05/08/2025 21:30;573.98
05/08/2025 21:45;573.97
05/08/2025 22:00;573.97
05/08/2025 22:15;573.97
05/08/2025 22:30;573.97
05/08/2025 22:45;573.97
05/08/2025 23:00;573.94
05/08/2025 23:15;573.94
05/08/2025 23:30;573.94
05/08/2025 23:45;573.94
06/08/2025 00:00;573.94
06/08/2025 00:15;573.94
06/08/2025 00:30;573.94
06/08/2025 00:45;573.94
06/08/2025 01:00;573.93
06/08/2025 01:15;573.91
06/08/2025 01:30;573.91
06/08/2025 01:45;573.91
06/08/2025 02:00;573.91
06/08/2025 02:15;573.91
06/08/2025 02:30;573.9
06/08/2025 02:45;573.9
06/08/2025 03:00;573.9
06/08/2025 03:15;573.89
06/08/2025 03:30;573.89
06/08/2025 03:45;573.87
06/08/2025 04:00;573.87
06/08/2025 04:15;573.87
06/08/2025 04:30;573.87
06/08/2025 04:45;573.86
06/08/2025 05:00;573.86
06/08/2025 05:15;573.86
06/08/2025 05:30;573.84
06/08/2025 05:45;573.84
06/08/2025 06:00;573.84
06/08/2025 06:15;573.84
06/08/2025 06:30;573.84
06/08/2025 06:45;573.84
06/08/2025 07:00;573.83
06/08/2025 07:15;573.83
06/08/2025 07:30;573.83
06/08/2025 07:45;573.82
06/08/2025 08:00;573.82
06/08/2025 08:15;573.82
06/08/2025 08:30;573.8
06/08/2025 08:45;573.8
06/08/2025 09:00;573.8
06/08/2025 09:15;573.8
06/08/2025 09:30;573.8
06/08/2025 09:45;573.79
06/08/2025 10:00;573.79
06/08/2025 10:15;573.79
06/08/2025 10:30;573.79
06/08/2025 10:45;573.79
06/08/2025 11:00;573.79
06/08/2025 11:15;573.78
06/08/2025 11:30;573.79
06/08/2025 11:45;573.78
06/08/2025 12:00;573.78
06/08/2025 12:15;573.78
06/08/2025 12:30;573.78
06/08/2025 12:45;573.77
06/08/2025 13:00;573.77
06/08/2025 13:15;573.76
06/08/2025 13:30;573.76
06/08/2025 13:45;573.76
06/08/2025 14:00;573.76
06/08/2025 14:15;573.76
06/08/2025 14:30;573.76
06/08/2025 14:45;573.75
06/08/2025 15:00;573.75
06/08/2025 15:15;573.75
06/08/2025 15:30;573.73
06/08/2025 15:45;573.73
06/08/2025 16:00;573.73
06/08/2025 16:15;573.73
06/08/2025 16:30;573.73
06/08/2025 16:45;573.72
06/08/2025 17:00;573.72
06/08/2025 17:15;573.72
06/08/2025 17:30;573.71
06/08/2025 17:45;573.71
06/08/2025 18:00;573.69
06/08/2025 18:15;573.69
06/08/2025 18:30;573.69
06/08/2025 18:45;573.69
06/08/2025 19:00;573.69
06/08/2025 19:15;573.68
06/08/2025 19:30;573.69
06/08/2025 19:45;573.68
06/08/2025 20:00;573.68
06/08/2025 20:15;573.68
06/08/2025 20:30;573.68
06/08/2025 20:45;573.66
06/08/2025 21:00;573.66
06/08/2025 21:15;573.66
06/08/2025 21:30;573.66
06/08/2025 21:45;573.65
06/08/2025 22:00;573.65
06/08/2025 22:15;573.65
06/08/2025 22:30;573.65
06/08/2025 22:45;573.64
06/08/2025 23:00;573.65
06/08/2025 23:15;573.62
06/08/2025 23:30;573.64
06/08/2025 23:45;573.64
07/08/2025 00:00;573.62
07/08/2025 00:15;573.62
07/08/2025 00:30;573.62
07/08/2025 00:45;573.62
07/08/2025 01:00;573.61
07/08/2025 01:15;573.61
07/08/2025 01:30;573.61
07/08/2025 01:45;573.6
07/08/2025 02:00;573.6
07/08/2025 02:15;573.59
07/08/2025 02:30;573.6
07/08/2025 02:45;573.59
07/08/2025 03:00;573.58
07/08/2025 03:15;573.58
07/08/2025 03:30;573.58
07/08/2025 03:45;573.58
07/08/2025 04:00;573.57
07/08/2025 04:15;573.57
07/08/2025 04:30;573.57
07/08/2025 04:45;573.55
07/08/2025 05:00;573.55
07/08/2025 05:15;573.55
07/08/2025 05:30;573.55
07/08/2025 05:45;573.54
07/08/2025 06:00;573.54
07/08/2025 06:15;573.54
07/08/2025 06:30;573.53
07/08/2025 06:45;573.53
07/08/2025 07:00;573.52
07/08/2025 07:15;573.53
07/08/2025 07:30;573.52
07/08/2025 07:45;573.52
07/08/2025 08:00;573.51
07/08/2025 08:15;573.51
07/08/2025 08:30;573.5
07/08/2025 08:45;573.5
07/08/2025 09:00;573.5
07/08/2025 09:15;573.5
07/08/2025 09:30;573.5
07/08/2025 09:45;573.48
07/08/2025 10:00;573.5
07/08/2025 10:15;573.47
07/08/2025 10:30;573.48
07/08/2025 10:45;573.47
07/08/2025 11:00;573.47
07/08/2025 11:15;573.47
07/08/2025 11:30;573.47
07/08/2025 11:45;573.47
07/08/2025 12:00;573.44
07/08/2025 12:15;573.46
07/08/2025 12:30;573.46
07/08/2025 12:45;573.46
07/08/2025 13:00;573.44
07/08/2025 13:15;573.46
07/08/2025 13:30;573.46
07/08/2025 13:45;573.46
07/08/2025 14:00;573.46
07/08/2025 14:15;573.44
07/08/2025 14:30;573.44
07/08/2025 14:45;573.44
07/08/2025 15:00;573.44
07/08/2025 15:15;573.44
07/08/2025 15:30;573.44
07/08/2025 15:45;573.44
07/08/2025 16:00;573.44
07/08/2025 16:15;573.43
07/08/2025 16:30;573.43
07/08/2025 16:45;573.42
07/08/2025 17:00;573.42
07/08/2025 17:15;573.42
07/08/2025 17:30;573.41
07/08/2025 17:45;573.42
07/08/2025 18:00;573.41
07/08/2025 18:15;573.41
07/08/2025 18:30;573.4
07/08/2025 18:45;573.4
07/08/2025 19:00;573.4
07/08/2025 19:15;573.4
07/08/2025 19:30;573.39
07/08/2025 19:45;573.39
07/08/2025 20:00;573.39
07/08/2025 20:15;573.37
07/08/2025 20:30;573.37
07/08/2025 20:45;573.37
07/08/2025 21:00;573.37
07/08/2025 21:15;573.37
07/08/2025 21:30;573.36
07/08/2025 21:45;573.36
07/08/2025 22:00;573.35
07/08/2025 22:15;573.36
07/08/2025 22:30;573.35
07/08/2025 22:45;573.35
07/08/2025 23:00;573.34
07/08/2025 23:15;573.33
07/08/2025 23:30;573.34
07/08/2025 23:45;573.33
08/08/2025 00:00;573.33
08/08/2025 00:15;573.32
08/08/2025 00:30;573.32
08/08/2025 00:45;573.32
08/08/2025 01:00;573.32
08/08/2025 01:15;573.32
08/08/2025 01:30;573.3
08/08/2025 01:45;573.29
08/08/2025 02:00;573.3
08/08/2025 02:15;573.29
08/08/2025 02:30;573.29
08/08/2025 02:45;573.29
08/08/2025 03:00;573.28
08/08/2025 03:15;573.29
08/08/2025 03:30;573.27
08/08/2025 03:45;573.27
08/08/2025 04:00;573.27
08/08/2025 04:15;573.26
08/08/2025 04:30;573.27
08/08/2025 04:45;573.27
08/08/2025 05:00;573.26
08/08/2025 05:15;573.25
08/08/2025 05:30;573.25
08/08/2025 05:45;573.23
08/08/2025 06:00;573.23
08/08/2025 06:15;573.23
08/08/2025 06:30;573.22
08/08/2025 06:45;573.23
08/08/2025 07:00;573.22
08/08/2025 07:15;573.22
08/08/2025 07:30;573.23
08/08/2025 07:45;573.22
08/08/2025 08:00;573.22
08/08/2025 08:15;573.22
08/08/2025 08:30;573.22
08/08/2025 08:45;573.19
08/08/2025 09:00;573.19
08/08/2025 09:15;573.19
08/08/2025 09:30;573.19
08/08/2025 09:45;573.19
08/08/2025 10:00;573.19
08/08/2025 10:15;573.19
08/08/2025 10:30;573.19
08/08/2025 10:45;573.17
08/08/2025 11:00;573.17
08/08/2025 11:15;573.18
08/08/2025 11:30;573.17
08/08/2025 11:45;573.17
08/08/2025 12:00;573.17
08/08/2025 12:15;573.17
08/08/2025 12:30;573.17
08/08/2025 12:45;573.17
08/08/2025 13:00;573.16
08/08/2025 13:15;573.18
08/08/2025 13:30;573.16
08/08/2025 13:45;573.16
08/08/2025 14:00;573.16
08/08/2025 14:15;573.15
08/08/2025 14:30;573.14
08/08/2025 14:45;573.14
08/08/2025 15:00;573.14
08/08/2025 15:15;573.14
08/08/2025 15:30;573.14
08/08/2025 15:45;573.14
08/08/2025 16:00;573.12
08/08/2025 16:15;573.12
08/08/2025 16:30;573.12
08/08/2025 16:45;573.12
08/08/2025 17:00;573.12
08/08/2025 17:15;573.12
08/08/2025 17:30;573.11
08/08/2025 17:45;573.11
08/08/2025 18:00;573.11
08/08/2025 18:15;573.11
08/08/2025 18:30;573.11
08/08/2025 18:45;573.1
08/08/2025 19:00;573.1
08/08/2025 19:15;573.1
08/08/2025 19:30;573.09
08/08/2025 19:45;573.09
08/08/2025 20:00;573.09
08/08/2025 20:15;573.08
08/08/2025 20:30;573.07
08/08/2025 20:45;573.08
08/08/2025 21:00;573.05
08/08/2025 21:15;573.05
08/08/2025 21:30;573.05
08/08/2025 21:45;573.05
08/08/2025 22:00;573.05
08/08/2025 22:15;573.05
08/08/2025 22:30;573.04
08/08/2025 22:45;573.04
08/08/2025 23:00;573.04
08/08/2025 23:15;573.03
08/08/2025 23:30;573.03
08/08/2025 23:45;573.03
09/08/2025 00:00;573.03
09/08/2025 00:15;573.03
09/08/2025 00:30;573.01
09/08/2025 00:45;573.03
09/08/2025 01:00;573.01
09/08/2025 01:15;573.01
09/08/2025 01:30;573.01
09/08/2025 01:45;573.01
09/08/2025 02:00;573
09/08/2025 02:15;573
09/08/2025 02:30;572.98
09/08/2025 02:45;572.98
09/08/2025 03:00;572.98
09/08/2025 03:15;572.98
09/08/2025 03:30;572.98
09/08/2025 03:45;572.97
09/08/2025 04:00;572.96
09/08/2025 04:15;572.97
09/08/2025 04:30;572.96
09/08/2025 04:45;572.96
09/08/2025 05:00;572.96
09/08/2025 05:15;572.96
09/08/2025 05:30;572.96
09/08/2025 05:45;572.94
09/08/2025 06:00;572.94
09/08/2025 06:15;572.93
09/08/2025 06:30;572.93
09/08/2025 06:45;572.93
09/08/2025 07:00;572.93
09/08/2025 07:15;572.92
09/08/2025 07:30;572.92
09/08/2025 07:45;572.92
09/08/2025 08:00;572.92
09/08/2025 08:15;572.9
09/08/2025 08:30;572.9
09/08/2025 08:45;572.9
09/08/2025 09:00;572.9
09/08/2025 09:15;572.9
09/08/2025 09:30;572.89
09/08/2025 09:45;572.89
09/08/2025 10:00;572.89
09/08/2025 10:15;572.87
09/08/2025 10:30;572.87
09/08/2025 10:45;572.87
09/08/2025 11:00;572.87
09/08/2025 11:15;572.87
09/08/2025 11:30;572.87
09/08/2025 11:45;572.87
09/08/2025 12:00;572.87
09/08/2025 12:15;572.87
09/08/2025 12:30;572.87
09/08/2025 12:45;572.87
09/08/2025 13:00;572.87
09/08/2025 13:15;572.86
09/08/2025 13:30;572.86
09/08/2025 13:45;572.85
09/08/2025 14:00;572.85
09/08/2025 14:15;572.85
09/08/2025 14:30;572.85
09/08/2025 14:45;572.85
09/08/2025 15:00;572.83
09/08/2025 15:15;572.83
09/08/2025 15:30;572.83
09/08/2025 15:45;572.83
09/08/2025 16:00;572.82
09/08/2025 16:15;572.82
09/08/2025 16:30;572.82
09/08/2025 16:45;572.82
09/08/2025 17:00;572.8
09/08/2025 17:15;572.8
09/08/2025 17:30;572.8
09/08/2025 17:45;572.8
09/08/2025 18:00;572.8
09/08/2025 18:15;572.8
09/08/2025 18:30;572.79
09/08/2025 18:45;572.79
09/08/2025 19:00;572.79
09/08/2025 19:15;572.78
09/08/2025 19:30;572.78
09/08/2025 19:45;572.78
09/08/2025 20:00;572.78
09/08/2025 20:15;572.76
09/08/2025 20:30;572.76
09/08/2025 20:45;572.75
09/08/2025 21:00;572.75
09/08/2025 21:15;572.75
09/08/2025 21:30;572.75
09/08/2025 21:45;572.75
09/08/2025 22:00;572.75
09/08/2025 22:15;572.73
09/08/2025 22:30;572.73
09/08/2025 22:45;572.73
09/08/2025 23:00;572.72
09/08/2025 23:15;572.72
09/08/2025 23:30;572.72
09/08/2025 23:45;572.72
10/08/2025 00:00;572.72
10/08/2025 00:15;572.71
10/08/2025 00:30;572.71
10/08/2025 00:45;572.71
10/08/2025 01:00;572.69
10/08/2025 01:15;572.69
10/08/2025 01:30;572.69
10/08/2025 01:45;572.69
10/08/2025 02:00;572.69
10/08/2025 02:15;572.68
10/08/2025 02:30;572.69
10/08/2025 02:45;572.68
10/08/2025 03:00;572.68
10/08/2025 03:15;572.67
10/08/2025 03:30;572.67
10/08/2025 03:45;572.67
10/08/2025 04:00;572.67
10/08/2025 04:15;572.65
10/08/2025 04:30;572.65
10/08/2025 04:45;572.65
10/08/2025 05:00;572.65
10/08/2025 05:15;572.64
10/08/2025 05:30;572.65
10/08/2025 05:45;572.64
10/08/2025 06:00;572.64
10/08/2025 06:15;572.62
10/08/2025 06:30;572.62
10/08/2025 06:45;572.62
10/08/2025 07:00;572.62
10/08/2025 07:15;572.62
10/08/2025 07:30;572.62
10/08/2025 07:45;572.61
10/08/2025 08:00;572.61
10/08/2025 08:15;572.6
10/08/2025 08:30;572.6
10/08/2025 08:45;572.6
10/08/2025 09:00;572.58
10/08/2025 09:15;572.58
10/08/2025 09:30;572.58
10/08/2025 09:45;572.58
10/08/2025 10:00;572.58
10/08/2025 10:15;572.6
10/08/2025 10:30;572.58
10/08/2025 10:45;572.6
10/08/2025 11:00;572.57
10/08/2025 11:15;572.57
10/08/2025 11:30;572.58
10/08/2025 11:45;572.57
10/08/2025 12:00;572.57
10/08/2025 12:15;572.57
10/08/2025 12:30;572.57
10/08/2025 12:45;572.57
10/08/2025 13:00;572.55
10/08/2025 13:15;572.55
10/08/2025 13:30;572.54
10/08/2025 13:45;572.54
10/08/2025 14:00;572.54
10/08/2025 14:15;572.54
10/08/2025 14:30;572.53
10/08/2025 14:45;572.53
10/08/2025 15:00;572.54
10/08/2025 15:15;572.52
10/08/2025 15:30;572.52
10/08/2025 15:45;572.52
10/08/2025 16:00;572.52
10/08/2025 16:15;572.52
10/08/2025 16:30;572.52
10/08/2025 16:45;572.51
10/08/2025 17:00;572.51
10/08/2025 17:15;572.51
10/08/2025 17:30;572.51
10/08/2025 17:45;572.51
10/08/2025 18:00;572.51
10/08/2025 18:15;572.5
10/08/2025 18:30;572.5
10/08/2025 18:45;572.5
10/08/2025 19:00;572.48
10/08/2025 19:15;572.48
10/08/2025 19:30;572.48
10/08/2025 19:45;572.47
10/08/2025 20:00;572.48
10/08/2025 20:15;572.47
10/08/2025 20:30;572.47
10/08/2025 20:45;572.47
10/08/2025 21:00;572.47
10/08/2025 21:15;572.47
10/08/2025 21:30;572.46
10/08/2025 21:45;572.46
10/08/2025 22:00;572.46
10/08/2025 22:15;572.44
10/08/2025 22:30;572.44
10/08/2025 22:45;572.44
10/08/2025 23:00;572.44
10/08/2025 23:15;572.43
10/08/2025 23:30;572.43
10/08/2025 23:45;572.42
11/08/2025 00:00;572.42
11/08/2025 00:15;572.41
11/08/2025 00:30;572.42
11/08/2025 00:45;572.41
11/08/2025 01:00;572.41
11/08/2025 01:15;572.4
11/08/2025 01:30;572.4
11/08/2025 01:45;572.39
11/08/2025 02:00;572.39
11/08/2025 02:15;572.39
11/08/2025 02:30;572.39
11/08/2025 02:45;572.39
11/08/2025 03:00;572.37
11/08/2025 03:15;572.37
11/08/2025 03:30;572.36
11/08/2025 03:45;572.37
11/08/2025 04:00;572.36
11/08/2025 04:15;572.36
11/08/2025 04:30;572.36
11/08/2025 04:45;572.35
11/08/2025 05:00;572.36
11/08/2025 05:15;572.35
11/08/2025 05:30;572.35
11/08/2025 05:45;572.34
11/08/2025 06:00;572.34
11/08/2025 06:15;572.33
11/08/2025 06:30;572.32
11/08/2025 06:45;572.32
11/08/2025 07:00;572.32
11/08/2025 07:15;572.3
11/08/2025 07:30;572.3
11/08/2025 07:45;572.3
11/08/2025 08:00;572.3
11/08/2025 08:15;572.3
11/08/2025 08:30;572.3
11/08/2025 08:45;572.29
11/08/2025 09:00;572.29
11/08/2025 09:15;572.29
11/08/2025 09:30;572.29
11/08/2025 09:45;572.28
11/08/2025 10:00;572.28
11/08/2025 10:15;572.28
11/08/2025 10:30;572.27
11/08/2025 10:45;572.27
11/08/2025 11:00;572.27
11/08/2025 11:15;572.26
11/08/2025 11:30;572.26
11/08/2025 11:45;572.25
11/08/2025 12:00;572.25
11/08/2025 12:15;572.26
11/08/2025 12:30;572.26
11/08/2025 12:45;572.26
11/08/2025 13:00;572.25
11/08/2025 13:15;572.25
11/08/2025 13:30;572.25
11/08/2025 13:45;572.25
11/08/2025 14:00;572.23
11/08/2025 14:15;572.23
11/08/2025 14:30;572.23
11/08/2025 14:45;572.23
11/08/2025 15:00;572.23
11/08/2025 15:15;572.23
11/08/2025 15:30;572.23
11/08/2025 15:45;572.23
11/08/2025 16:00;572.23
11/08/2025 16:15;572.23
11/08/2025 16:30;572.23
11/08/2025 16:45;572.22
11/08/2025 17:00;572.22
11/08/2025 17:15;572.22
11/08/2025 17:30;572.21
11/08/2025 17:45;572.21
11/08/2025 18:00;572.21
11/08/2025 18:15;572.19
11/08/2025 18:30;572.21
11/08/2025 18:45;572.21
11/08/2025 19:00;572.18
11/08/2025 19:15;572.19
11/08/2025 19:30;572.18
11/08/2025 19:45;572.18
11/08/2025 20:00;572.18
11/08/2025 20:15;572.18
11/08/2025 20:30;572.17
11/08/2025 20:45;572.17
11/08/2025 21:00;572.16
11/08/2025 21:15;572.16
11/08/2025 21:30;572.16
11/08/2025 21:45;572.15
11/08/2025 22:00;572.15
11/08/2025 22:15;572.15
11/08/2025 22:30;572.15
11/08/2025 22:45;572.12
11/08/2025 23:00;572.12
11/08/2025 23:15;572.14
11/08/2025 23:30;572.12
11/08/2025 23:45;572.12
12/08/2025 00:00;572.12
12/08/2025 00:15;572.12
12/08/2025 00:30;572.11
12/08/2025 00:45;572.11
12/08/2025 01:00;572.1
12/08/2025 01:15;572.1
12/08/2025 01:30;572.1
12/08/2025 01:45;572.1
12/08/2025 02:00;572.09
12/08/2025 02:15;572.09
12/08/2025 02:30;572.08
12/08/2025 02:45;572.08
12/08/2025 03:00;572.07
12/08/2025 03:15;572.07
12/08/2025 03:30;572.07
12/08/2025 03:45;572.05
12/08/2025 04:00;572.05
12/08/2025 04:15;572.05
12/08/2025 04:30;572.04
12/08/2025 04:45;572.04
12/08/2025 05:00;572.04
12/08/2025 05:15;572.03
12/08/2025 05:30;572.04
12/08/2025 05:45;572.03
12/08/2025 06:00;572.03
12/08/2025 06:15;572.03
12/08/2025 06:30;572.03
12/08/2025 06:45;572.02
12/08/2025 07:00;572
12/08/2025 07:15;572
12/08/2025 07:30;572
12/08/2025 07:45;572
12/08/2025 08:00;572
12/08/2025 08:15;572
12/08/2025 08:30;571.98
12/08/2025 08:45;571.98
12/08/2025 09:00;571.98
12/08/2025 09:15;571.98
12/08/2025 09:30;571.97
12/08/2025 09:45;571.97
12/08/2025 10:00;571.97
12/08/2025 10:15;571.96
12/08/2025 10:30;571.96
12/08/2025 10:45;571.94
12/08/2025 11:00;571.94
12/08/2025 11:15;571.94
12/08/2025 11:30;571.94
12/08/2025 11:45;571.93
12/08/2025 12:00;571.93
12/08/2025 12:15;571.93
12/08/2025 12:30;571.92
12/08/2025 12:45;571.93
12/08/2025 13:00;571.92
12/08/2025 13:15;571.93
12/08/2025 13:30;571.93
12/08/2025 13:45;571.92
12/08/2025 14:00;571.93
12/08/2025 14:15;571.92
12/08/2025 14:30;571.92
12/08/2025 14:45;571.92
12/08/2025 15:00;571.92
12/08/2025 15:15;571.92
12/08/2025 15:30;571.92
12/08/2025 15:45;571.92
12/08/2025 16:00;571.92
12/08/2025 16:15;571.91
12/08/2025 16:30;571.91
12/08/2025 16:45;571.9
12/08/2025 17:00;571.9
12/08/2025 17:15;571.89
12/08/2025 17:30;571.89
12/08/2025 17:45;571.89
12/08/2025 18:00;571.87
12/08/2025 18:15;571.87
12/08/2025 18:30;571.87
12/08/2025 18:45;571.87
12/08/2025 19:00;571.87
12/08/2025 19:15;571.85
12/08/2025 19:30;571.87
12/08/2025 19:45;571.85
12/08/2025 20:00;571.86
12/08/2025 20:15;571.85
12/08/2025 20:30;571.85
12/08/2025 20:45;571.85
12/08/2025 21:00;571.84
12/08/2025 21:15;571.84
12/08/2025 21:30;571.82
12/08/2025 21:45;571.82
12/08/2025 22:00;571.82
12/08/2025 22:15;571.82
12/08/2025 22:30;571.82
12/08/2025 22:45;571.82
12/08/2025 23:00;571.8
12/08/2025 23:15;571.8
12/08/2025 23:30;571.79
12/08/2025 23:45;571.79
13/08/2025 00:00;571.79
13/08/2025 00:15;571.79
13/08/2025 00:30;571.78
13/08/2025 00:45;571.78
13/08/2025 01:00;571.77
13/08/2025 01:15;571.78
13/08/2025 01:30;571.77
13/08/2025 01:45;571.77
13/08/2025 02:00;571.77
13/08/2025 02:15;571.77
13/08/2025 02:30;571.77
13/08/2025 02:45;571.75
13/08/2025 03:00;571.75
13/08/2025 03:15;571.73
13/08/2025 03:30;571.73
13/08/2025 03:45;571.73
13/08/2025 04:00;571.73
13/08/2025 04:15;571.73
13/08/2025 04:30;571.73
13/08/2025 04:45;571.72
13/08/2025 05:00;571.72
13/08/2025 05:15;571.69
13/08/2025 05:30;571.71
13/08/2025 05:45;571.71
13/08/2025 06:00;571.69
13/08/2025 06:15;571.69
13/08/2025 06:30;571.69
13/08/2025 06:45;571.68
13/08/2025 07:00;571.68
13/08/2025 07:15;571.67
13/08/2025 07:30;571.67
13/08/2025 07:45;571.67
13/08/2025 08:00;571.66
13/08/2025 08:15;571.67
13/08/2025 08:30;571.66
13/08/2025 08:45;571.66
13/08/2025 09:00;571.66
13/08/2025 09:15;571.66
13/08/2025 09:30;571.64
13/08/2025 09:45;571.64
13/08/2025 10:00;571.64
13/08/2025 10:15;571.64
13/08/2025 10:30;571.64
13/08/2025 10:45;571.62
13/08/2025 11:00;571.62
13/08/2025 11:15;571.62
13/08/2025 11:30;571.62
13/08/2025 11:45;571.62
13/08/2025 12:00;571.61
13/08/2025 12:15;571.61
13/08/2025 12:30;571.62
13/08/2025 12:45;571.61
13/08/2025 13:00;571.6
13/08/2025 13:15;571.61
13/08/2025 13:30;571.61
13/08/2025 13:45;571.61
13/08/2025 14:00;571.61
13/08/2025 14:15;571.61
13/08/2025 14:30;571.61
13/08/2025 14:45;571.6
13/08/2025 15:00;571.6
13/08/2025 15:15;571.59
13/08/2025 15:30;571.59
13/08/2025 15:45;571.59
13/08/2025 16:00;571.59
13/08/2025 16:15;571.59
13/08/2025 16:30;571.57
13/08/2025 16:45;571.55
13/08/2025 17:00;571.55
13/08/2025 17:15;571.57
13/08/2025 17:30;571.55
13/08/2025 17:45;571.55
13/08/2025 18:00;571.55
13/08/2025 18:15;571.55
13/08/2025 18:30;571.55
13/08/2025 18:45;571.55
13/08/2025 19:00;571.55
13/08/2025 19:15;571.55
13/08/2025 19:30;571.54
13/08/2025 19:45;571.54
13/08/2025 20:00;571.53
13/08/2025 20:15;571.53
13/08/2025 20:30;571.52
13/08/2025 20:45;571.52
13/08/2025 21:00;571.52
13/08/2025 21:15;571.51
13/08/2025 21:30;571.5
13/08/2025 21:45;571.5
13/08/2025 22:00;571.5
13/08/2025 22:15;571.5
13/08/2025 22:30;571.48
13/08/2025 22:45;571.48
13/08/2025 23:00;571.48
13/08/2025 23:15;571.48
13/08/2025 23:30;571.48
13/08/2025 23:45;571.48
14/08/2025 00:00;571.48
14/08/2025 00:15;571.46
14/08/2025 00:30;571.46
14/08/2025 00:45;571.46
14/08/2025 01:00;571.46
14/08/2025 01:15;571.44
14/08/2025 01:30;571.46
14/08/2025 01:45;571.44
14/08/2025 02:00;571.44
14/08/2025 02:15;571.44
14/08/2025 02:30;571.44
14/08/2025 02:45;571.44
14/08/2025 03:00;571.43
14/08/2025 03:15;571.43
14/08/2025 03:30;571.43
14/08/2025 03:45;571.42
14/08/2025 04:00;571.42
14/08/2025 04:15;571.41
14/08/2025 04:30;571.41
14/08/2025 04:45;571.41
14/08/2025 05:00;571.41
14/08/2025 05:15;571.41
14/08/2025 05:30;571.39
14/08/2025 05:45;571.41
14/08/2025 06:00;571.39
14/08/2025 06:15;571.39
14/08/2025 06:30;571.37
14/08/2025 06:45;571.37
14/08/2025 07:00;571.37
14/08/2025 07:15;571.37
14/08/2025 07:30;571.37
14/08/2025 07:45;571.37
14/08/2025 08:00;571.37
14/08/2025 08:15;571.35
14/08/2025 08:30;571.35
14/08/2025 08:45;571.35
14/08/2025 09:00;571.34
14/08/2025 09:15;571.34
14/08/2025 09:30;571.34
14/08/2025 09:45;571.33
14/08/2025 10:00;571.33
14/08/2025 10:15;571.32
14/08/2025 10:30;571.32
14/08/2025 10:45;571.3
14/08/2025 11:00;571.3
14/08/2025 11:15;571.3
14/08/2025 11:30;571.3
14/08/2025 11:45;571.3
14/08/2025 12:00;571.3
14/08/2025 12:15;571.3
14/08/2025 12:30;571.3
14/08/2025 12:45;571.28
14/08/2025 13:00;571.28
14/08/2025 13:15;571.28
14/08/2025 13:30;571.28
14/08/2025 13:45;571.28
14/08/2025 14:00;571.28
14/08/2025 14:15;571.28
14/08/2025 14:30;571.28
14/08/2025 14:45;571.28
14/08/2025 15:00;571.27
14/08/2025 15:15;571.27
14/08/2025 15:30;571.26
14/08/2025 15:45;571.27
14/08/2025 16:00;571.26
14/08/2025 16:15;571.26
14/08/2025 16:30;571.25
14/08/2025 16:45;571.25
14/08/2025 17:00;571.23
14/08/2025 17:15;571.23
14/08/2025 17:30;571.23
14/08/2025 17:45;571.23
14/08/2025 18:00;571.23
14/08/2025 18:15;571.21
14/08/2025 18:30;571.21
14/08/2025 18:45;571.21
14/08/2025 19:00;571.21
14/08/2025 19:15;571.19
14/08/2025 19:30;571.19
14/08/2025 19:45;571.19
14/08/2025 20:00;571.19
14/08/2025 20:15;571.19
14/08/2025 20:30;571.17
14/08/2025 20:45;571.17
14/08/2025 21:00;571.17
14/08/2025 21:15;571.17
14/08/2025 21:30;571.16
14/08/2025 21:45;571.17
14/08/2025 22:00;571.16
14/08/2025 22:15;571.16
14/08/2025 22:30;571.15
14/08/2025 22:45;571.15
14/08/2025 23:00;571.14
14/08/2025 23:15;571.12
14/08/2025 23:30;571.12
14/08/2025 23:45;571.12
15/08/2025 00:00;571.12
15/08/2025 00:15;571.12
15/08/2025 00:30;571.12
15/08/2025 00:45;571.1
15/08/2025 01:00;571.1
15/08/2025 01:15;571.1
15/08/2025 01:30;571.1
15/08/2025 01:45;571.1
15/08/2025 02:00;571.1
15/08/2025 02:15;571.09
15/08/2025 02:30;571.09
15/08/2025 02:45;571.08
15/08/2025 03:00;571.07
15/08/2025 03:15;571.07
15/08/2025 03:30;571.05
15/08/2025 03:45;571.05
15/08/2025 04:00;571.05
15/08/2025 04:15;571.05
15/08/2025 04:30;571.05
15/08/2025 04:45;571.04
15/08/2025 05:00;571.04
15/08/2025 05:15;571.03
15/08/2025 05:30;571.02
15/08/2025 05:45;571.02
15/08/2025 06:00;571.02
15/08/2025 06:15;571.02
15/08/2025 06:30;571.01
15/08/2025 06:45;571.01
15/08/2025 07:00;571.01
15/08/2025 07:15;570.98
15/08/2025 07:30;570.98
15/08/2025 07:45;570.98
15/08/2025 08:00;570.98
15/08/2025 08:15;570.98
15/08/2025 08:30;570.97
15/08/2025 08:45;570.97
15/08/2025 09:00;570.96
15/08/2025 09:15;570.96
15/08/2025 09:30;570.96
15/08/2025 09:45;570.96
15/08/2025 10:00;570.94
15/08/2025 10:15;570.94
15/08/2025 10:30;570.94
15/08/2025 10:45;570.94
15/08/2025 11:00;570.94
15/08/2025 11:15;570.94
15/08/2025 11:30;570.94
15/08/2025 11:45;570.94
15/08/2025 12:00;570.94
15/08/2025 12:15;570.94
15/08/2025 12:30;570.94
15/08/2025 12:45;570.94
15/08/2025 13:00;570.94
15/08/2025 13:15;570.94
15/08/2025 13:30;570.92
15/08/2025 13:45;570.92
15/08/2025 14:00;570.92
15/08/2025 14:15;570.92
15/08/2025 14:30;570.92
15/08/2025 14:45;570.92
15/08/2025 15:00;570.92
15/08/2025 15:15;570.92
15/08/2025 15:30;570.91
15/08/2025 15:45;570.91
15/08/2025 16:00;570.91
15/08/2025 16:15;570.91
15/08/2025 16:30;570.9
15/08/2025 16:45;570.89
15/08/2025 17:00;570.9
15/08/2025 17:15;570.87
15/08/2025 17:30;570.89
15/08/2025 17:45;570.89
15/08/2025 18:00;570.87
15/08/2025 18:15;570.87
15/08/2025 18:30;570.87
15/08/2025 18:45;570.86
15/08/2025 19:00;570.85
15/08/2025 19:15;570.85
15/08/2025 19:30;570.84
15/08/2025 19:45;570.84
15/08/2025 20:00;570.84
15/08/2025 20:15;570.84
15/08/2025 20:30;570.83
15/08/2025 20:45;570.83
15/08/2025 21:00;570.83
15/08/2025 21:15;570.83
15/08/2025 21:30;570.8
15/08/2025 21:45;570.8
15/08/2025 22:00;570.8
15/08/2025 22:15;570.8
15/08/2025 22:30;570.79
15/08/2025 22:45;570.79
15/08/2025 23:00;570.78
15/08/2025 23:15;570.79
15/08/2025 23:30;570.78
15/08/2025 23:45;570.78
16/08/2025 00:00;570.77
16/08/2025 00:15;570.76
16/08/2025 00:30;570.76
16/08/2025 00:45;570.76
16/08/2025 01:00;570.76
16/08/2025 01:15;570.73
16/08/2025 01:30;570.73
16/08/2025 01:45;570.73
16/08/2025 02:00;570.73
16/08/2025 02:15;570.73
16/08/2025 02:30;570.73
16/08/2025 02:45;570.73
16/08/2025 03:00;570.72
16/08/2025 03:15;570.72
16/08/2025 03:30;570.71
16/08/2025 03:45;570.69
16/08/2025 04:00;570.69
16/08/2025 04:15;570.69
16/08/2025 04:30;570.69
16/08/2025 04:45;570.69
16/08/2025 05:00;570.69
16/08/2025 05:15;570.68
16/08/2025 05:30;570.67
16/08/2025 05:45;570.67
16/08/2025 06:00;570.67
16/08/2025 06:15;570.66
16/08/2025 06:30;570.66
16/08/2025 06:45;570.66
16/08/2025 07:00;570.66
16/08/2025 07:15;570.65
16/08/2025 07:30;570.65
16/08/2025 07:45;570.62
16/08/2025 08:00;570.62
16/08/2025 08:15;570.62
16/08/2025 08:30;570.62
16/08/2025 08:45;570.62
16/08/2025 09:00;570.62
16/08/2025 09:15;570.61
16/08/2025 09:30;570.61
16/08/2025 09:45;570.6
16/08/2025 10:00;570.59
16/08/2025 10:15;570.59
16/08/2025 10:30;570.58
16/08/2025 10:45;570.58
16/08/2025 11:00;570.58
16/08/2025 11:15;570.58
16/08/2025 11:30;570.58
16/08/2025 11:45;570.58
16/08/2025 12:00;570.58
16/08/2025 12:15;570.58
16/08/2025 12:30;570.58
16/08/2025 12:45;570.58
16/08/2025 13:00;570.55
16/08/2025 13:15;570.55
16/08/2025 13:30;570.55
16/08/2025 13:45;570.55
16/08/2025 14:00;570.55
16/08/2025 14:15;570.55
16/08/2025 14:30;570.55
16/08/2025 14:45;570.54
16/08/2025 15:00;570.54
16/08/2025 15:15;570.53
16/08/2025 15:30;570.53
16/08/2025 15:45;570.52
16/08/2025 16:00;570.52
16/08/2025 16:15;570.51
16/08/2025 16:30;570.52
16/08/2025 16:45;570.52
16/08/2025 17:00;570.52
16/08/2025 17:15;570.51
16/08/2025 17:30;570.51
16/08/2025 17:45;570.48
16/08/2025 18:00;570.48
16/08/2025 18:15;570.48
16/08/2025 18:30;570.48
16/08/2025 18:45;570.48
16/08/2025 19:00;570.48
16/08/2025 19:15;570.47
16/08/2025 19:30;570.47
16/08/2025 19:45;570.44
16/08/2025 20:00;570.44
16/08/2025 20:15;570.44
16/08/2025 20:30;570.44
16/08/2025 20:45;570.44
16/08/2025 21:00;570.44
16/08/2025 21:15;570.44
16/08/2025 21:30;570.44
16/08/2025 21:45;570.43
16/08/2025 22:00;570.42
16/08/2025 22:15;570.42
16/08/2025 22:30;570.41
16/08/2025 22:45;570.41
16/08/2025 23:00;570.4
16/08/2025 23:15;570.4
16/08/2025 23:30;570.4
16/08/2025 23:45;570.37
17/08/2025 00:00;570.37
17/08/2025 00:15;570.37
17/08/2025 00:30;570.37
17/08/2025 00:45;570.37
17/08/2025 01:00;570.37
17/08/2025 01:15;570.37
17/08/2025 01:30;570.37
17/08/2025 01:45;570.36
17/08/2025 02:00;570.35
17/08/2025 02:15;570.35
17/08/2025 02:30;570.34
17/08/2025 02:45;570.33
17/08/2025 03:00;570.34
17/08/2025 03:15;570.34
17/08/2025 03:30;570.33
17/08/2025 03:45;570.32
17/08/2025 04:00;570.32
17/08/2025 04:15;570.3
17/08/2025 04:30;570.3
17/08/2025 04:45;570.3
17/08/2025 05:00;570.3
17/08/2025 05:15;570.29
17/08/2025 05:30;570.29
17/08/2025 05:45;570.29
17/08/2025 06:00;570.27
17/08/2025 06:15;570.29
17/08/2025 06:30;570.27
17/08/2025 06:45;570.27
17/08/2025 07:00;570.27
17/08/2025 07:15;570.27
17/08/2025 07:30;570.26
17/08/2025 07:45;570.25
17/08/2025 08:00;570.26
17/08/2025 08:15;570.23
17/08/2025 08:30;570.25
17/08/2025 08:45;570.23
17/08/2025 09:00;570.23
17/08/2025 09:15;570.23
17/08/2025 09:30;570.22
17/08/2025 09:45;570.22
17/08/2025 10:00;570.22
17/08/2025 10:15;570.22
17/08/2025 10:30;570.22
17/08/2025 10:45;570.22
17/08/2025 11:00;570.19
17/08/2025 11:15;570.19
17/08/2025 11:30;570.19
17/08/2025 11:45;570.19
17/08/2025 12:00;570.19
17/08/2025 12:15;570.19
17/08/2025 12:30;570.18
17/08/2025 12:45;570.18
17/08/2025 13:00;570.17
17/08/2025 13:15;570.17
17/08/2025 13:30;570.17
17/08/2025 13:45;570.16
17/08/2025 14:00;570.16
17/08/2025 14:15;570.15
17/08/2025 14:30;570.15
17/08/2025 14:45;570.14
17/08/2025 15:00;570.14
17/08/2025 15:15;570.14
17/08/2025 15:30;570.12
17/08/2025 15:45;570.12
17/08/2025 16:00;570.12
17/08/2025 16:15;570.12
17/08/2025 16:30;570.12
17/08/2025 16:45;570.12
17/08/2025 17:00;570.12
17/08/2025 17:15;570.12
17/08/2025 17:30;570.12
17/08/2025 17:45;570.12
17/08/2025 18:00;570.11
17/08/2025 18:15;570.11
17/08/2025 18:30;570.11
17/08/2025 18:45;570.11
17/08/2025 19:00;570.09
17/08/2025 19:15;570.09
17/08/2025 19:30;570.09
17/08/2025 19:45;570.08
17/08/2025 20:00;570.07
17/08/2025 20:15;570.07
17/08/2025 20:30;570.05
17/08/2025 20:45;570.07
17/08/2025 21:00;570.05
17/08/2025 21:15;570.05
17/08/2025 21:30;570.05
17/08/2025 21:45;570.04
17/08/2025 22:00;570.05
17/08/2025 22:15;570.04
17/08/2025 22:30;570.04
17/08/2025 22:45;570.02
17/08/2025 23:00;570.02
17/08/2025 23:15;570.02
17/08/2025 23:30;570.01
17/08/2025 23:45;570.02
18/08/2025 00:00;570.01
18/08/2025 00:15;570.01
18/08/2025 00:30;570
18/08/2025 00:45;570
18/08/2025 01:00;570
18/08/2025 01:15;569.98
18/08/2025 01:30;569.98
18/08/2025 01:45;569.98
18/08/2025 02:00;569.97
18/08/2025 02:15;569.97
18/08/2025 02:30;569.97
18/08/2025 02:45;569.96
18/08/2025 03:00;569.96
18/08/2025 03:15;569.96
18/08/2025 03:30;569.94
18/08/2025 03:45;569.94
18/08/2025 04:00;569.94
18/08/2025 04:15;569.93
18/08/2025 04:30;569.93
18/08/2025 04:45;569.93
18/08/2025 05:00;569.93
18/08/2025 05:15;569.91
18/08/2025 05:30;569.91
18/08/2025 05:45;569.91
18/08/2025 06:00;569.91
18/08/2025 06:15;569.9
18/08/2025 06:30;569.89
18/08/2025 06:45;569.9
18/08/2025 07:00;569.89
18/08/2025 07:15;569.87
18/08/2025 07:30;569.87
18/08/2025 07:45;569.87
18/08/2025 08:00;569.87
18/08/2025 08:15;569.86
18/08/2025 08:30;569.86
18/08/2025 08:45;569.86
18/08/2025 09:00;569.86
18/08/2025 09:15;569.86
18/08/2025 09:30;569.84
18/08/2025 09:45;569.84
18/08/2025 10:00;569.83
18/08/2025 10:15;569.83
18/08/2025 10:30;569.83
18/08/2025 10:45;569.83
18/08/2025 11:00;569.82
18/08/2025 11:15;569.8
18/08/2025 11:30;569.8
18/08/2025 11:45;569.8
18/08/2025 12:00;569.8
18/08/2025 12:15;569.8
18/08/2025 12:30;569.8
18/08/2025 12:45;569.8
18/08/2025 13:00;569.8
18/08/2025 13:15;569.8
18/08/2025 13:30;569.8
18/08/2025 13:45;569.8
18/08/2025 14:00;569.8
18/08/2025 14:15;569.79
18/08/2025 14:30;569.79
18/08/2025 14:45;569.79
18/08/2025 15:00;569.79
18/08/2025 15:15;569.79
18/08/2025 15:30;569.78
18/08/2025 15:45;569.77
18/08/2025 16:00;569.77
18/08/2025 16:15;569.76
18/08/2025 16:30;569.76
18/08/2025 16:45;569.75
18/08/2025 17:00;569.75
18/08/2025 17:15;569.75
18/08/2025 17:30;569.75
18/08/2025 17:45;569.71
18/08/2025 18:00;569.75
18/08/2025 18:15;569.73
18/08/2025 18:30;569.72
18/08/2025 18:45;569.72
18/08/2025 19:00;569.72
18/08/2025 19:15;569.72
18/08/2025 19:30;569.69
18/08/2025 19:45;569.71
18/08/2025 20:00;569.69
18/08/2025 20:15;569.69
18/08/2025 20:30;569.68
18/08/2025 20:45;569.68
18/08/2025 21:00;569.69
18/08/2025 21:15;569.67
18/08/2025 21:30;569.67
18/08/2025 21:45;569.66
18/08/2025 22:00;569.66
18/08/2025 22:15;569.65
18/08/2025 22:30;569.65
18/08/2025 22:45;569.65
18/08/2025 23:00;569.64
18/08/2025 23:15;569.65
18/08/2025 23:30;569.64
18/08/2025 23:45;569.62
19/08/2025 00:00;569.62
19/08/2025 00:15;569.62
19/08/2025 00:30;569.62
19/08/2025 00:45;569.62
19/08/2025 01:00;569.62
19/08/2025 01:15;569.62
19/08/2025 01:30;569.61
19/08/2025 01:45;569.61
19/08/2025 02:00;569.61
19/08/2025 02:15;569.61
19/08/2025 02:30;569.61
19/08/2025 02:45;569.6
19/08/2025 03:00;569.59
19/08/2025 03:15;569.59
19/08/2025 03:30;569.58
19/08/2025 03:45;569.58
19/08/2025 04:00;569.58
19/08/2025 04:15;569.58
19/08/2025 04:30;569.57
19/08/2025 04:45;569.57
19/08/2025 05:00;569.57
19/08/2025 05:15;569.55
19/08/2025 05:30;569.55
19/08/2025 05:45;569.55
19/08/2025 06:00;569.54
19/08/2025 06:15;569.54
19/08/2025 06:30;569.53
19/08/2025 06:45;569.53
19/08/2025 07:00;569.52
19/08/2025 07:15;569.52
19/08/2025 07:30;569.52
19/08/2025 07:45;569.51
19/08/2025 08:00;569.51
19/08/2025 08:15;569.5
19/08/2025 08:30;569.5
19/08/2025 08:45;569.48
19/08/2025 09:00;569.48
19/08/2025 09:15;569.48
19/08/2025 09:30;569.47
19/08/2025 09:45;569.47
19/08/2025 10:00;569.47
19/08/2025 10:15;569.47
19/08/2025 10:30;569.47
19/08/2025 10:45;569.47
19/08/2025 11:00;569.46
19/08/2025 11:15;569.46
19/08/2025 11:30;569.44
19/08/2025 11:45;569.44
19/08/2025 12:00;569.44
19/08/2025 12:15;569.44
19/08/2025 12:30;569.44
19/08/2025 12:45;569.44
19/08/2025 13:00;569.44
19/08/2025 13:15;569.44
19/08/2025 13:30;569.44
19/08/2025 13:45;569.44
19/08/2025 14:00;569.43
19/08/2025 14:15;569.43
19/08/2025 14:30;569.43
19/08/2025 14:45;569.42
19/08/2025 15:00;569.43
19/08/2025 15:15;569.42
19/08/2025 15:30;569.42
19/08/2025 15:45;569.42
19/08/2025 16:00;569.42
19/08/2025 16:15;569.42
19/08/2025 16:30;569.41
19/08/2025 16:45;569.41
19/08/2025 17:00;569.4
19/08/2025 17:15;569.39
19/08/2025 17:30;569.4
19/08/2025 17:45;569.4
19/08/2025 18:00;569.39
19/08/2025 18:15;569.39
19/08/2025 18:30;569.39
19/08/2025 18:45;569.37
19/08/2025 19:00;569.37
19/08/2025 19:15;569.36
19/08/2025 19:30;569.36
19/08/2025 19:45;569.36
19/08/2025 20:00;569.36
19/08/2025 20:15;569.35
19/08/2025 20:30;569.35
19/08/2025 20:45;569.35
19/08/2025 21:00;569.34
19/08/2025 21:15;569.34
19/08/2025 21:30;569.33
19/08/2025 21:45;569.32
19/08/2025 22:00;569.32
19/08/2025 22:15;569.32
19/08/2025 22:30;569.3
19/08/2025 22:45;569.3
19/08/2025 23:00;569.3
19/08/2025 23:15;569.3
19/08/2025 23:30;569.3
19/08/2025 23:45;569.29
20/08/2025 00:00;569.3
20/08/2025 00:15;569.29
20/08/2025 00:30;569.29
20/08/2025 00:45;569.29
20/08/2025 01:00;569.29
20/08/2025 01:15;569.28
20/08/2025 01:30;569.28
20/08/2025 01:45;569.26
20/08/2025 02:00;569.28
20/08/2025 02:15;569.26
20/08/2025 02:30;569.26
20/08/2025 02:45;569.26
20/08/2025 03:00;569.25
20/08/2025 03:15;569.25
20/08/2025 03:30;569.23
20/08/2025 03:45;569.23
20/08/2025 04:00;569.23
20/08/2025 04:15;569.23
20/08/2025 04:30;569.23
20/08/2025 04:45;569.23
20/08/2025 05:00;569.22
20/08/2025 05:15;569.22
20/08/2025 05:30;569.21
20/08/2025 05:45;569.21
20/08/2025 06:00;569.21
20/08/2025 06:15;569.21
20/08/2025 06:30;569.19
20/08/2025 06:45;569.21
20/08/2025 07:00;569.18
20/08/2025 07:15;569.19
20/08/2025 07:30;569.18
20/08/2025 07:45;569.18
20/08/2025 08:00;569.18
20/08/2025 08:15;569.18
20/08/2025 08:30;569.18
20/08/2025 08:45;569.17
20/08/2025 09:00;569.16
20/08/2025 09:15;569.16
20/08/2025 09:30;569.16
20/08/2025 09:45;569.16
20/08/2025 10:00;569.15
20/08/2025 10:15;569.16
20/08/2025 10:30;569.15
20/08/2025 10:45;569.14
20/08/2025 11:00;569.15
20/08/2025 11:15;569.14
20/08/2025 11:30;569.14
20/08/2025 11:45;569.14
20/08/2025 12:00;569.14
20/08/2025 12:15;569.12
20/08/2025 12:30;569.12
20/08/2025 12:45;569.12
20/08/2025 13:00;569.12
20/08/2025 13:15;569.12
20/08/2025 13:30;569.12
20/08/2025 13:45;569.12
20/08/2025 14:00;569.12
20/08/2025 14:15;569.12
20/08/2025 14:30;569.12
20/08/2025 14:45;569.12
20/08/2025 15:00;569.12
20/08/2025 15:15;569.11
20/08/2025 15:30;569.11
20/08/2025 15:45;569.11
20/08/2025 16:00;569.11
20/08/2025 16:15;569.11
20/08/2025 16:30;569.11
20/08/2025 16:45;569.11
20/08/2025 17:00;569.11
20/08/2025 17:15;569.11
20/08/2025 17:30;569.11
20/08/2025 17:45;569.11
20/08/2025 18:00;569.1
20/08/2025 18:15;569.1
20/08/2025 18:30;569.1
20/08/2025 18:45;569.08
20/08/2025 19:00;569.1
20/08/2025 19:15;569.08
20/08/2025 19:30;569.08
20/08/2025 19:45;569.08
20/08/2025 20:00;569.08
20/08/2025 20:15;569.07
20/08/2025 20:30;569.07
20/08/2025 20:45;569.07
20/08/2025 21:00;569.05
20/08/2025 21:15;569.05
20/08/2025 21:30;569.04
20/08/2025 21:45;569.04
20/08/2025 22:00;569.03
20/08/2025 22:15;569.03
20/08/2025 22:30;569.03
20/08/2025 22:45;569.03
20/08/2025 23:00;569.01
20/08/2025 23:15;569.01
20/08/2025 23:30;569
20/08/2025 23:45;569
21/08/2025 00:00;569
21/08/2025 00:15;569
21/08/2025 00:30;568.98
21/08/2025 00:45;569
21/08/2025 01:00;568.98
21/08/2025 01:15;568.98
21/08/2025 01:30;568.98
21/08/2025 01:45;568.98
21/08/2025 02:00;568.98
21/08/2025 02:15;568.97
21/08/2025 02:30;568.97
21/08/2025 02:45;568.96
21/08/2025 03:00;568.96
21/08/2025 03:15;568.94
21/08/2025 03:30;568.94
21/08/2025 03:45;568.94
21/08/2025 04:00;568.94
21/08/2025 04:15;568.94
21/08/2025 04:30;568.94
21/08/2025 04:45;568.94
21/08/2025 05:00;568.93
21/08/2025 05:15;568.93
21/08/2025 05:30;568.93
21/08/2025 05:45;568.93
21/08/2025 06:00;568.92
21/08/2025 06:15;568.93
21/08/2025 06:30;568.92
21/08/2025 06:45;568.92
21/08/2025 07:00;568.9
21/08/2025 07:15;568.9
21/08/2025 07:30;568.9
21/08/2025 07:45;568.9
21/08/2025 08:00;568.89
21/08/2025 08:15;568.89
21/08/2025 08:30;568.87
21/08/2025 08:45;568.87
21/08/2025 09:00;568.87
21/08/2025 09:15;568.87
21/08/2025 09:30;568.87
21/08/2025 09:45;568.87
21/08/2025 10:00;568.87
21/08/2025 10:15;568.87
21/08/2025 10:30;568.87
21/08/2025 10:45;568.87
21/08/2025 11:00;568.86
21/08/2025 11:15;568.86
21/08/2025 11:30;568.86
21/08/2025 11:45;568.86
21/08/2025 12:00;568.86
21/08/2025 12:15;568.86
21/08/2025 12:30;568.86
21/08/2025 12:45;568.86
21/08/2025 13:00;568.86
21/08/2025 13:15;568.85
21/08/2025 13:30;568.85
21/08/2025 13:45;568.85
21/08/2025 14:00;568.85
21/08/2025 14:15;568.83
21/08/2025 14:30;568.83
21/08/2025 14:45;568.83
21/08/2025 15:00;568.83
21/08/2025 15:15;568.82
21/08/2025 15:30;568.82
21/08/2025 15:45;568.82
21/08/2025 16:00;568.82
21/08/2025 16:15;568.82
21/08/2025 16:30;568.82
21/08/2025 16:45;568.8
21/08/2025 17:00;568.8
21/08/2025 17:15;568.8
21/08/2025 17:30;568.82
21/08/2025 17:45;568.82
21/08/2025 18:00;568.8
21/08/2025 18:15;568.8
21/08/2025 18:30;568.8
21/08/2025 18:45;568.8
21/08/2025 19:00;568.8
21/08/2025 19:15;568.8
21/08/2025 19:30;568.79
21/08/2025 19:45;568.79
21/08/2025 20:00;568.78
21/08/2025 20:15;568.78
21/08/2025 20:30;568.77
21/08/2025 20:45;568.78
21/08/2025 21:00;568.76
21/08/2025 21:15;568.76
21/08/2025 21:30;568.77
21/08/2025 21:45;568.76
21/08/2025 22:00;568.75
21/08/2025 22:15;568.75
21/08/2025 22:30;568.75
21/08/2025 22:45;568.75
21/08/2025 23:00;568.73
21/08/2025 23:15;568.73
21/08/2025 23:30;568.73
21/08/2025 23:45;568.73
22/08/2025 00:00;568.73
22/08/2025 00:15;568.73
22/08/2025 00:30;568.72
22/08/2025 00:45;568.72
22/08/2025 01:00;568.72
22/08/2025 01:15;568.72
22/08/2025 01:30;568.72
22/08/2025 01:45;568.71
22/08/2025 02:00;568.71
22/08/2025 02:15;568.71
22/08/2025 02:30;568.71
22/08/2025 02:45;568.71
22/08/2025 03:00;568.69
22/08/2025 03:15;568.69
22/08/2025 03:30;568.69
22/08/2025 03:45;568.69
22/08/2025 04:00;568.69
22/08/2025 04:15;568.69
22/08/2025 04:30;568.68
22/08/2025 04:45;568.68
22/08/2025 05:00;568.67
22/08/2025 05:15;568.67
22/08/2025 05:30;568.67
22/08/2025 05:45;568.67
22/08/2025 06:00;568.65
22/08/2025 06:15;568.65
22/08/2025 06:30;568.64
22/08/2025 06:45;568.65
22/08/2025 07:00;568.65
22/08/2025 07:15;568.64
22/08/2025 07:30;568.64
22/08/2025 07:45;568.64
22/08/2025 08:00;568.64
22/08/2025 08:15;568.62
22/08/2025 08:30;568.61
22/08/2025 08:45;568.61
22/08/2025 09:00;568.61
22/08/2025 09:15;568.61
22/08/2025 09:30;568.61
22/08/2025 09:45;568.61
22/08/2025 10:00;568.6
22/08/2025 10:15;568.6
22/08/2025 10:30;568.6
22/08/2025 10:45;568.6
22/08/2025 11:00;568.6
22/08/2025 11:15;568.6
22/08/2025 11:30;568.59
22/08/2025 11:45;568.6
22/08/2025 12:00;568.6
22/08/2025 12:15;568.59
22/08/2025 12:30;568.59
22/08/2025 12:45;568.59
22/08/2025 13:00;568.59
22/08/2025 13:15;568.59
22/08/2025 13:30;568.58
22/08/2025 13:45;568.58
22/08/2025 14:00;568.58
22/08/2025 14:15;568.58
22/08/2025 14:30;568.58
22/08/2025 14:45;568.58
22/08/2025 15:00;568.58
22/08/2025 15:15;568.57
22/08/2025 15:30;568.57
22/08/2025 15:45;568.57
22/08/2025 16:00;568.57
22/08/2025 16:15;568.57
22/08/2025 16:30;568.55
22/08/2025 16:45;568.57
22/08/2025 17:00;568.57
22/08/2025 17:15;568.55
22/08/2025 17:30;568.55
22/08/2025 17:45;568.55
22/08/2025 18:00;568.54
22/08/2025 18:15;568.54
22/08/2025 18:30;568.55
22/08/2025 18:45;568.54
22/08/2025 19:00;568.54
22/08/2025 19:15;568.53
22/08/2025 19:30;568.52
22/08/2025 19:45;568.53
22/08/2025 20:00;568.53
22/08/2025 20:15;568.52
22/08/2025 20:30;568.52
22/08/2025 20:45;568.51
22/08/2025 21:00;568.5
22/08/2025 21:15;568.5
22/08/2025 21:30;568.5
22/08/2025 21:45;568.48
22/08/2025 22:00;568.48
22/08/2025 22:15;568.48
22/08/2025 22:30;568.48
22/08/2025 22:45;568.48
22/08/2025 23:00;568.47
22/08/2025 23:15;568.47
22/08/2025 23:30;568.46
22/08/2025 23:45;568.46
23/08/2025 00:00;568.46
23/08/2025 00:15;568.46
23/08/2025 00:30;568.44
23/08/2025 00:45;568.44
23/08/2025 01:00;568.44
23/08/2025 01:15;568.43
23/08/2025 01:30;568.43
23/08/2025 01:45;568.43
23/08/2025 02:00;568.43
23/08/2025 02:15;568.42
23/08/2025 02:30;568.42
23/08/2025 02:45;568.41
23/08/2025 03:00;568.41
23/08/2025 03:15;568.41
23/08/2025 03:30;568.4
23/08/2025 03:45;568.4
23/08/2025 04:00;568.39
23/08/2025 04:15;568.37
23/08/2025 04:30;568.37
23/08/2025 04:45;568.37
23/08/2025 05:00;568.37
23/08/2025 05:15;568.37
23/08/2025 05:30;568.37
23/08/2025 05:45;568.36
23/08/2025 06:00;568.36
23/08/2025 06:15;568.36
23/08/2025 06:30;568.36
23/08/2025 06:45;568.36
23/08/2025 07:00;568.35
23/08/2025 07:15;568.35
23/08/2025 07:30;568.34
23/08/2025 07:45;568.35
23/08/2025 08:00;568.33
23/08/2025 08:15;568.34
23/08/2025 08:30;568.33
23/08/2025 08:45;568.32
23/08/2025 09:00;568.32
23/08/2025 09:15;568.32
23/08/2025 09:30;568.32
23/08/2025 09:45;568.3
23/08/2025 10:00;568.3
23/08/2025 10:15;568.3
23/08/2025 10:30;568.3
23/08/2025 10:45;568.3
23/08/2025 11:00;568.3
23/08/2025 11:15;568.3
23/08/2025 11:30;568.3
23/08/2025 11:45;568.29
23/08/2025 12:00;568.29
23/08/2025 12:15;568.29
23/08/2025 12:30;568.29
23/08/2025 12:45;568.29
23/08/2025 13:00;568.29
23/08/2025 13:15;568.29
23/08/2025 13:30;568.28
23/08/2025 13:45;568.28
23/08/2025 14:00;568.28
23/08/2025 14:15;568.28
23/08/2025 14:30;568.28
23/08/2025 14:45;568.28
23/08/2025 15:00;568.28
23/08/2025 15:15;568.28
23/08/2025 15:30;568.28
23/08/2025 15:45;568.28
23/08/2025 16:00;568.28
23/08/2025 16:15;568.28
23/08/2025 16:30;568.28
23/08/2025 16:45;568.28
23/08/2025 17:00;568.27
23/08/2025 17:15;568.28
23/08/2025 17:30;568.27
23/08/2025 17:45;568.27
23/08/2025 18:00;568.27
23/08/2025 18:15;568.25
23/08/2025 18:30;568.25
23/08/2025 18:45;568.25
23/08/2025 19:00;568.25
23/08/2025 19:15;568.25
23/08/2025 19:30;568.23
23/08/2025 19:45;568.23
23/08/2025 20:00;568.23
23/08/2025 20:15;568.23
23/08/2025 20:30;568.23
23/08/2025 20:45;568.22
23/08/2025 21:00;568.22
23/08/2025 21:15;568.21
23/08/2025 21:30;568.22
23/08/2025 21:45;568.21
23/08/2025 22:00;568.19
23/08/2025 22:15;568.19
23/08/2025 22:30;568.19
23/08/2025 22:45;568.19
23/08/2025 23:00;568.19
23/08/2025 23:15;568.18
23/08/2025 23:30;568.18
23/08/2025 23:45;568.18
24/08/2025 00:00;568.18
24/08/2025 00:15;568.17
24/08/2025 00:30;568.18
24/08/2025 00:45;568.17
24/08/2025 01:00;568.15
24/08/2025 01:15;568.16
24/08/2025 01:30;568.15
24/08/2025 01:45;568.15
24/08/2025 02:00;568.14
24/08/2025 02:15;568.14
24/08/2025 02:30;568.14
24/08/2025 02:45;568.12
24/08/2025 03:00;568.12
24/08/2025 03:15;568.12
24/08/2025 03:30;568.12
24/08/2025 03:45;568.12
24/08/2025 04:00;568.11
24/08/2025 04:15;568.1
24/08/2025 04:30;568.11
24/08/2025 04:45;568.1
24/08/2025 05:00;568.1
24/08/2025 05:15;568.1
24/08/2025 05:30;568.09
24/08/2025 05:45;568.09
24/08/2025 06:00;568.07
24/08/2025 06:15;568.07
24/08/2025 06:30;568.07
24/08/2025 06:45;568.07
24/08/2025 07:00;568.07
24/08/2025 07:15;568.05
24/08/2025 07:30;568.05
24/08/2025 07:45;568.05
24/08/2025 08:00;568.05
24/08/2025 08:15;568.04
24/08/2025 08:30;568.05
24/08/2025 08:45;568.04
24/08/2025 09:00;568.04
24/08/2025 09:15;568.03
24/08/2025 09:30;568.03
24/08/2025 09:45;568.02
24/08/2025 10:00;568.02
24/08/2025 10:15;568.02
24/08/2025 10:30;568.02
24/08/2025 10:45;568.02
24/08/2025 11:00;568.02
24/08/2025 11:15;568.02
24/08/2025 11:30;568.02
24/08/2025 11:45;568.02
24/08/2025 12:00;568
24/08/2025 12:15;568
24/08/2025 12:30;568
24/08/2025 12:45;567.98
24/08/2025 13:00;568
24/08/2025 13:15;567.98
24/08/2025 13:30;567.98
24/08/2025 13:45;567.98
24/08/2025 14:00;567.98
24/08/2025 14:15;567.98
24/08/2025 14:30;567.98
24/08/2025 14:45;567.98
24/08/2025 15:00;567.98
24/08/2025 15:15;567.98
24/08/2025 15:30;567.98
24/08/2025 15:45;567.98
24/08/2025 16:00;567.98
24/08/2025 16:15;567.98
24/08/2025 16:30;567.98
24/08/2025 16:45;567.97
24/08/2025 17:00;567.97
24/08/2025 17:15;567.97
24/08/2025 17:30;567.97
24/08/2025 17:45;567.97
24/08/2025 18:00;567.97
24/08/2025 18:15;567.96
24/08/2025 18:30;567.96
24/08/2025 18:45;567.96
24/08/2025 19:00;567.94
24/08/2025 19:15;567.94
24/08/2025 19:30;567.94
24/08/2025 19:45;567.94
24/08/2025 20:00;567.94
24/08/2025 20:15;567.94
24/08/2025 20:30;567.93
24/08/2025 20:45;567.93
24/08/2025 21:00;567.92
24/08/2025 21:15;567.93
24/08/2025 21:30;567.92
24/08/2025 21:45;567.92
24/08/2025 22:00;567.92
24/08/2025 22:15;567.91
24/08/2025 22:30;567.91
24/08/2025 22:45;567.91
24/08/2025 23:00;567.89
24/08/2025 23:15;567.89
24/08/2025 23:30;567.89
24/08/2025 23:45;567.89
25/08/2025 00:00;567.89
25/08/2025 00:15;567.87
25/08/2025 00:30;567.87
25/08/2025 00:45;567.87
25/08/2025 01:00;567.87
25/08/2025 01:15;567.87
25/08/2025 01:30;567.86
25/08/2025 01:45;567.85
25/08/2025 02:00;567.85
25/08/2025 02:15;567.84
25/08/2025 02:30;567.84
25/08/2025 02:45;567.84
25/08/2025 03:00;567.84
25/08/2025 03:15;567.84
25/08/2025 03:30;567.84
25/08/2025 03:45;567.82
25/08/2025 04:00;567.82
25/08/2025 04:15;567.82
25/08/2025 04:30;567.8
25/08/2025 04:45;567.8
25/08/2025 05:00;567.8
25/08/2025 05:15;567.8
25/08/2025 05:30;567.8
25/08/2025 05:45;567.8
25/08/2025 06:00;567.79
25/08/2025 06:15;567.78
25/08/2025 06:30;567.78
25/08/2025 06:45;567.78
25/08/2025 07:00;567.78
25/08/2025 07:15;567.77
25/08/2025 07:30;567.77
25/08/2025 07:45;567.76
25/08/2025 08:00;567.76
25/08/2025 08:15;567.75
25/08/2025 08:30;567.75
25/08/2025 08:45;567.75
25/08/2025 09:00;567.73
25/08/2025 09:15;567.73
25/08/2025 09:30;567.73
25/08/2025 09:45;567.73
25/08/2025 10:00;567.73
25/08/2025 10:15;567.73
25/08/2025 10:30;567.73
25/08/2025 10:45;567.73
25/08/2025 11:00;567.73
25/08/2025 11:15;567.73
25/08/2025 11:30;567.73
25/08/2025 11:45;567.73
25/08/2025 12:00;567.73
25/08/2025 12:15;567.71
25/08/2025 12:30;567.73
25/08/2025 12:45;567.73
25/08/2025 13:00;567.71
25/08/2025 13:15;567.73
25/08/2025 13:30;567.71
25/08/2025 13:45;567.73
25/08/2025 14:00;567.71
25/08/2025 14:15;567.71
25/08/2025 14:30;567.71
25/08/2025 14:45;567.71
25/08/2025 15:00;567.71
25/08/2025 15:15;567.71
25/08/2025 15:30;567.71
25/08/2025 15:45;567.71
25/08/2025 16:00;567.71
25/08/2025 16:15;567.71
25/08/2025 16:30;567.69
25/08/2025 16:45;567.69
25/08/2025 17:00;567.69
25/08/2025 17:15;567.69
25/08/2025 17:30;567.69
25/08/2025 17:45;567.69
25/08/2025 18:00;567.69
25/08/2025 18:15;567.69
25/08/2025 18:30;567.68
25/08/2025 18:45;567.68
25/08/2025 19:00;567.67
25/08/2025 19:15;567.67
25/08/2025 19:30;567.67
25/08/2025 19:45;567.67
25/08/2025 20:00;567.66
25/08/2025 20:15;567.66
25/08/2025 20:30;567.66
25/08/2025 20:45;567.66
25/08/2025 21:00;567.64
25/08/2025 21:15;567.64
25/08/2025 21:30;567.64
25/08/2025 21:45;567.62
25/08/2025 22:00;567.62
25/08/2025 22:15;567.62
25/08/2025 22:30;567.62
25/08/2025 22:45;567.62
25/08/2025 23:00;567.62
25/08/2025 23:15;567.62
25/08/2025 23:30;567.62
25/08/2025 23:45;567.62
26/08/2025 00:00;567.61
26/08/2025 00:15;567.61
26/08/2025 00:30;567.62
26/08/2025 00:45;567.61
26/08/2025 01:00;567.61
26/08/2025 01:15;567.6
26/08/2025 01:30;567.6
26/08/2025 01:45;567.6
26/08/2025 02:00;567.59
26/08/2025 02:15;567.59
26/08/2025 02:30;567.58
26/08/2025 02:45;567.57
26/08/2025 03:00;567.57
26/08/2025 03:15;567.57
26/08/2025 03:30;567.57
26/08/2025 03:45;567.55
26/08/2025 04:00;567.55
26/08/2025 04:15;567.55
26/08/2025 04:30;567.55
26/08/2025 04:45;567.55
26/08/2025 05:00;567.55
26/08/2025 05:15;567.55
26/08/2025 05:30;567.55
26/08/2025 05:45;567.55
26/08/2025 06:00;567.53
26/08/2025 06:15;567.53
26/08/2025 06:30;567.53
26/08/2025 06:45;567.53
26/08/2025 07:00;567.53
26/08/2025 07:15;567.52
26/08/2025 07:30;567.52
26/08/2025 07:45;567.52
26/08/2025 08:00;567.51
26/08/2025 08:15;567.52
26/08/2025 08:30;567.5
26/08/2025 08:45;567.5
26/08/2025 09:00;567.48
26/08/2025 09:15;567.48
26/08/2025 09:30;567.48
26/08/2025 09:45;567.48
26/08/2025 10:00;567.48
26/08/2025 10:15;567.48
26/08/2025 10:30;567.48
26/08/2025 10:45;567.48
26/08/2025 11:00;567.48
26/08/2025 11:15;567.48
26/08/2025 11:30;567.48
26/08/2025 11:45;567.48
26/08/2025 12:00;567.48
26/08/2025 12:15;567.48
26/08/2025 12:30;567.48
26/08/2025 12:45;567.48
26/08/2025 13:00;567.48
26/08/2025 13:15;567.48
26/08/2025 13:30;567.48
26/08/2025 13:45;567.48
26/08/2025 14:00;567.48
26/08/2025 14:15;567.48
26/08/2025 14:30;567.48
26/08/2025 14:45;567.48
26/08/2025 15:00;567.48
26/08/2025 15:15;567.48
26/08/2025 15:30;567.48
26/08/2025 15:45;567.46
26/08/2025 16:00;567.48
26/08/2025 16:15;567.48
26/08/2025 16:30;567.48
26/08/2025 16:45;567.46
26/08/2025 17:00;567.44
26/08/2025 17:15;567.44
26/08/2025 17:30;567.48
26/08/2025 17:45;567.44
26/08/2025 18:00;567.44
26/08/2025 18:15;567.44
26/08/2025 18:30;567.44
26/08/2025 18:45;567.44
26/08/2025 19:00;567.43
26/08/2025 19:15;567.44
26/08/2025 19:30;567.43
26/08/2025 19:45;567.44
26/08/2025 20:00;567.42
26/08/2025 20:15;567.42
26/08/2025 20:30;567.42
26/08/2025 20:45;567.41
26/08/2025 21:00;567.41
26/08/2025 21:15;567.41
26/08/2025 21:30;567.4
26/08/2025 21:45;567.4
26/08/2025 22:00;567.4
26/08/2025 22:15;567.39
26/08/2025 22:30;567.39
26/08/2025 22:45;567.37
26/08/2025 23:00;567.39
26/08/2025 23:15;567.37
26/08/2025 23:30;567.37
26/08/2025 23:45;567.37
27/08/2025 00:00;567.37
27/08/2025 00:15;567.37
27/08/2025 00:30;567.37
27/08/2025 00:45;567.37
27/08/2025 01:00;567.37
27/08/2025 01:15;567.35
27/08/2025 01:30;567.35
27/08/2025 01:45;567.35
27/08/2025 02:00;567.35
27/08/2025 02:15;567.35
27/08/2025 02:30;567.34
27/08/2025 02:45;567.34
27/08/2025 03:00;567.33
27/08/2025 03:15;567.33
27/08/2025 03:30;567.34
27/08/2025 03:45;567.33
27/08/2025 04:00;567.33
27/08/2025 04:15;567.32
27/08/2025 04:30;567.32
27/08/2025 04:45;567.3
27/08/2025 05:00;567.3
27/08/2025 05:15;567.3
27/08/2025 05:30;567.3
27/08/2025 05:45;567.3
27/08/2025 06:00;567.3
27/08/2025 06:15;567.3
27/08/2025 06:30;567.3
27/08/2025 06:45;567.28
27/08/2025 07:00;567.28
27/08/2025 07:15;567.28
27/08/2025 07:30;567.27
27/08/2025 07:45;567.28
27/08/2025 08:00;567.27
27/08/2025 08:15;567.27
27/08/2025 08:30;567.27
27/08/2025 08:45;567.27
27/08/2025 09:00;567.27
27/08/2025 09:15;567.26
27/08/2025 09:30;567.26
27/08/2025 09:45;567.25
27/08/2025 10:00;567.25
27/08/2025 10:15;567.25
27/08/2025 10:30;567.25
27/08/2025 10:45;567.25
27/08/2025 11:00;567.25
27/08/2025 11:15;567.25
27/08/2025 11:30;567.25
27/08/2025 11:45;567.25
27/08/2025 12:00;567.25
27/08/2025 12:15;567.25
27/08/2025 12:30;567.25
27/08/2025 12:45;567.25
27/08/2025 13:00;567.25
27/08/2025 13:15;567.23
27/08/2025 13:30;567.23
27/08/2025 13:45;567.23
27/08/2025 14:00;567.23
27/08/2025 14:15;567.23
27/08/2025 14:30;567.23
27/08/2025 14:45;567.23
27/08/2025 15:00;567.23
27/08/2025 15:15;567.23
27/08/2025 15:30;567.23
27/08/2025 15:45;567.23
27/08/2025 16:00;567.23
27/08/2025 16:15;567.23
27/08/2025 16:30;567.23
27/08/2025 16:45;567.23
27/08/2025 17:00;567.23
27/08/2025 17:15;567.23
27/08/2025 17:30;567.23
27/08/2025 17:45;567.23
27/08/2025 18:00;567.23
27/08/2025 18:15;567.22
27/08/2025 18:30;567.23
27/08/2025 18:45;567.23
27/08/2025 19:00;567.21
27/08/2025 19:15;567.22
27/08/2025 19:30;567.22
27/08/2025 19:45;567.21
27/08/2025 20:00;567.21
27/08/2025 20:15;567.19
27/08/2025 20:30;567.19
27/08/2025 20:45;567.19
27/08/2025 21:00;567.19
27/08/2025 21:15;567.19
27/08/2025 21:30;567.19
27/08/2025 21:45;567.19
27/08/2025 22:00;567.19
27/08/2025 22:15;567.19
27/08/2025 22:30;567.17
27/08/2025 22:45;567.17
27/08/2025 23:00;567.17
27/08/2025 23:15;567.17
27/08/2025 23:30;567.17
27/08/2025 23:45;567.17
28/08/2025 00:00;567.17
28/08/2025 00:15;567.16
28/08/2025 00:30;567.16
28/08/2025 00:45;567.16
28/08/2025 01:00;567.15
28/08/2025 01:15;567.15
28/08/2025 01:30;567.15
28/08/2025 01:45;567.14
28/08/2025 02:00;567.14
28/08/2025 02:15;567.14
28/08/2025 02:30;567.12
28/08/2025 02:45;567.12
28/08/2025 03:00;567.12
28/08/2025 03:15;567.12
28/08/2025 03:30;567.12
28/08/2025 03:45;567.12
28/08/2025 04:00;567.12
28/08/2025 04:15;567.12
28/08/2025 04:30;567.1
28/08/2025 04:45;567.1
28/08/2025 05:00;567.1
28/08/2025 05:15;567.1
28/08/2025 05:30;567.09
28/08/2025 05:45;567.09
28/08/2025 06:00;567.09
28/08/2025 06:15;567.09
28/08/2025 06:30;567.09
28/08/2025 06:45;567.08
28/08/2025 07:00;567.08
28/08/2025 07:15;567.08
28/08/2025 07:30;567.05
28/08/2025 07:45;567.05
28/08/2025 08:00;567.05
28/08/2025 08:15;567.05
28/08/2025 08:30;567.05
28/08/2025 08:45;567.05
28/08/2025 09:00;567.05
28/08/2025 09:15;567.05
28/08/2025 09:30;567.05
28/08/2025 09:45;567.04
28/08/2025 10:00;567.04
28/08/2025 10:15;567.04
28/08/2025 10:30;567.04
28/08/2025 10:45;567.04
28/08/2025 11:00;567.04
28/08/2025 11:15;567.03
28/08/2025 11:30;567.04
28/08/2025 11:45;567.03
28/08/2025 12:00;567.04
28/08/2025 12:15;567.03
28/08/2025 12:30;567.04
28/08/2025 12:45;567.03
28/08/2025 13:00;567.03
28/08/2025 13:15;567.03
28/08/2025 13:30;567.03
28/08/2025 13:45;567.03
28/08/2025 14:00;567.03
28/08/2025 14:15;567.03
28/08/2025 14:30;567.02
28/08/2025 14:45;567.02
28/08/2025 15:00;567.02
28/08/2025 15:15;567.02
28/08/2025 15:30;567.02
28/08/2025 15:45;567.02
28/08/2025 16:00;567.02
28/08/2025 16:15;567.02
28/08/2025 16:30;567.02
28/08/2025 16:45;567.02
28/08/2025 17:00;567.02
28/08/2025 17:15;567.02
28/08/2025 17:30;567.01
28/08/2025 17:45;567.01
28/08/2025 18:00;567.01
28/08/2025 18:15;567.01
28/08/2025 18:30;567.01
28/08/2025 18:45;567.01
28/08/2025 19:00;567.01
28/08/2025 19:15;567.01
28/08/2025 19:30;567.01
28/08/2025 19:45;567.01
28/08/2025 20:00;566.99
28/08/2025 20:15;566.99
28/08/2025 20:30;566.99
28/08/2025 20:45;566.99
28/08/2025 21:00;566.99
28/08/2025 21:15;566.99
28/08/2025 21:30;566.99
28/08/2025 21:45;566.97
28/08/2025 22:00;566.97
28/08/2025 22:15;566.97
28/08/2025 22:30;566.96
28/08/2025 22:45;566.96
28/08/2025 23:00;566.96
28/08/2025 23:15;566.96
28/08/2025 23:30;566.96
28/08/2025 23:45;566.95
29/08/2025 00:00;566.95
29/08/2025 00:15;566.92
29/08/2025 00:30;566.92
29/08/2025 00:45;566.95
29/08/2025 01:00;566.92
29/08/2025 01:15;566.92
29/08/2025 01:30;566.92
29/08/2025 01:45;566.92
29/08/2025 02:00;566.92
29/08/2025 02:15;566.92
29/08/2025 02:30;566.92
29/08/2025 02:45;566.92
29/08/2025 03:00;566.92
29/08/2025 03:15;566.92
29/08/2025 03:30;566.92
29/08/2025 03:45;566.92
29/08/2025 04:00;566.92
29/08/2025 04:15;566.92
29/08/2025 04:30;566.92
29/08/2025 04:45;566.92
29/08/2025 05:00;566.92
29/08/2025 05:15;566.92
29/08/2025 05:30;566.92
29/08/2025 05:45;566.92
29/08/2025 06:00;566.92
29/08/2025 06:15;566.92
29/08/2025 06:30;566.92
29/08/2025 06:45;566.91
29/08/2025 07:00;566.91
29/08/2025 07:15;566.91
29/08/2025 07:30;566.91
29/08/2025 07:45;566.9
29/08/2025 08:00;566.9
29/08/2025 08:15;566.9
29/08/2025 08:30;566.89
29/08/2025 08:45;566.89
29/08/2025 09:00;566.88
29/08/2025 09:15;566.88
29/08/2025 09:30;566.88
29/08/2025 09:45;566.88
29/08/2025 10:00;566.88
29/08/2025 10:15;566.88
29/08/2025 10:30;566.88
29/08/2025 10:45;566.88
29/08/2025 11:00;566.88
29/08/2025 11:15;566.88
29/08/2025 11:30;566.88
29/08/2025 11:45;566.88
29/08/2025 12:00;566.88
29/08/2025 12:15;566.88
29/08/2025 12:30;566.88
29/08/2025 12:45;566.88
29/08/2025 13:00;566.88
29/08/2025 13:15;566.88
29/08/2025 13:30;566.88
29/08/2025 13:45;566.85
29/08/2025 14:00;566.88
29/08/2025 14:15;566.85
29/08/2025 14:30;566.85
29/08/2025 14:45;566.85
29/08/2025 15:00;566.85
29/08/2025 15:15;566.85
29/08/2025 15:30;566.85
29/08/2025 15:45;566.85
29/08/2025 16:00;566.85
29/08/2025 16:15;566.85
29/08/2025 16:30;566.85
29/08/2025 16:45;566.85
29/08/2025 17:00;566.85
29/08/2025 17:15;566.85
29/08/2025 17:30;566.85
29/08/2025 17:45;566.85
29/08/2025 18:00;566.85
29/08/2025 18:15;566.85
29/08/2025 18:30;566.85
29/08/2025 18:45;566.85
29/08/2025 19:00;566.85
29/08/2025 19:15;566.85
29/08/2025 19:30;566.85
29/08/2025 19:45;566.85
29/08/2025 20:00;566.85
29/08/2025 20:15;566.85
29/08/2025 20:30;566.84
29/08/2025 20:45;566.84
29/08/2025 21:00;566.83
29/08/2025 21:15;566.84
29/08/2025 21:30;566.81
29/08/2025 21:45;566.83
29/08/2025 22:00;566.81
29/08/2025 22:15;566.81
29/08/2025 22:30;566.81
29/08/2025 22:45;566.81
29/08/2025 23:00;566.81
29/08/2025 23:15;566.8
29/08/2025 23:30;566.8
29/08/2025 23:45;566.79
30/08/2025 00:00;566.79
30/08/2025 00:15;566.79
30/08/2025 00:30;566.78
30/08/2025 00:45;566.78
30/08/2025 01:00;566.78
30/08/2025 01:15;566.78
30/08/2025 01:30;566.78
30/08/2025 01:45;566.78
30/08/2025 02:00;566.78
30/08/2025 02:15;566.78
30/08/2025 02:30;566.77
30/08/2025 02:45;566.77
30/08/2025 03:00;566.74
30/08/2025 03:15;566.74
30/08/2025 03:30;566.74
30/08/2025 03:45;566.74
30/08/2025 04:00;566.74
30/08/2025 04:15;566.73
30/08/2025 04:30;566.73
30/08/2025 04:45;566.73
30/08/2025 05:00;566.72
30/08/2025 05:15;566.72
30/08/2025 05:30;566.72
30/08/2025 05:45;566.72
30/08/2025 06:00;566.72
30/08/2025 06:15;566.71
30/08/2025 06:30;566.71
30/08/2025 06:45;566.71
30/08/2025 07:00;566.71
30/08/2025 07:15;566.7
30/08/2025 07:30;566.71
30/08/2025 07:45;566.7
30/08/2025 08:00;566.7
30/08/2025 08:15;566.7
30/08/2025 08:30;566.7
30/08/2025 08:45;566.7
30/08/2025 09:00;566.67
30/08/2025 09:15;566.67
30/08/2025 09:30;566.67
30/08/2025 09:45;566.67
30/08/2025 10:00;566.67
30/08/2025 10:15;566.67
30/08/2025 10:30;566.67
30/08/2025 10:45;566.67
30/08/2025 11:00;566.67
30/08/2025 11:15;566.67
30/08/2025 11:30;566.67
30/08/2025 11:45;566.67
30/08/2025 12:00;566.67
30/08/2025 12:15;566.67
30/08/2025 12:30;566.67
30/08/2025 12:45;566.67
30/08/2025 13:00;566.67
30/08/2025 13:15;566.67
30/08/2025 13:30;566.67
30/08/2025 13:45;566.67
30/08/2025 14:00;566.67
30/08/2025 14:15;566.67
30/08/2025 14:30;566.67
30/08/2025 14:45;566.67
30/08/2025 15:00;566.67
30/08/2025 15:15;566.67
30/08/2025 15:30;566.66
30/08/2025 15:45;566.66
30/08/2025 16:00;566.67
30/08/2025 16:15;566.67
30/08/2025 16:30;566.67
30/08/2025 16:45;566.66
30/08/2025 17:00;566.65
30/08/2025 17:15;566.66
30/08/2025 17:30;566.65
30/08/2025 17:45;566.65
30/08/2025 18:00;566.64
30/08/2025 18:15;566.64
30/08/2025 18:30;566.64
30/08/2025 18:45;566.64
30/08/2025 19:00;566.64
30/08/2025 19:15;566.64
30/08/2025 19:30;566.63
30/08/2025 19:45;566.63
30/08/2025 20:00;566.63
30/08/2025 20:15;566.63
30/08/2025 20:30;566.62
30/08/2025 20:45;566.62
30/08/2025 21:00;566.6
30/08/2025 21:15;566.6
30/08/2025 21:30;566.6
30/08/2025 21:45;566.6
30/08/2025 22:00;566.6
30/08/2025 22:15;566.6
30/08/2025 22:30;566.6
30/08/2025 22:45;566.6
30/08/2025 23:00;566.6
30/08/2025 23:15;566.6
30/08/2025 23:30;566.59
30/08/2025 23:45;566.59
31/08/2025 00:00;566.59
31/08/2025 00:15;566.56
31/08/2025 00:30;566.56
31/08/2025 00:45;566.56
31/08/2025 01:00;566.56
31/08/2025 01:15;566.56
31/08/2025 01:30;566.56
31/08/2025 01:45;566.56
31/08/2025 02:00;566.55
31/08/2025 02:15;566.55
31/08/2025 02:30;566.56
31/08/2025 02:45;566.55
31/08/2025 03:00;566.55
31/08/2025 03:15;566.54
31/08/2025 03:30;566.54
31/08/2025 03:45;566.54
31/08/2025 04:00;566.53
31/08/2025 04:15;566.53
31/08/2025 04:30;566.53
31/08/2025 04:45;566.53
31/08/2025 05:00;566.53
31/08/2025 05:15;566.53
31/08/2025 05:30;566.53
31/08/2025 05:45;566.52
31/08/2025 06:00;566.52
31/08/2025 06:15;566.52
31/08/2025 06:30;566.52
31/08/2025 06:45;566.52
31/08/2025 07:00;566.52
31/08/2025 07:15;566.52
31/08/2025 07:30;566.52
31/08/2025 07:45;566.52
31/08/2025 08:00;566.52
31/08/2025 08:15;566.52
31/08/2025 08:30;566.49
31/08/2025 08:45;566.49
31/08/2025 09:00;566.49
31/08/2025 09:15;566.49
31/08/2025 09:30;566.49
31/08/2025 09:45;566.49
31/08/2025 10:00;566.49
31/08/2025 10:15;566.49
31/08/2025 10:30;566.49
31/08/2025 10:45;566.49
31/08/2025 11:00;566.49
31/08/2025 11:15;566.49
31/08/2025 11:30;566.49
31/08/2025 11:45;566.49
31/08/2025 12:00;566.49
31/08/2025 12:15;566.49
31/08/2025 12:30;566.49
31/08/2025 12:45;566.49
31/08/2025 13:00;566.49
31/08/2025 13:15;566.49
31/08/2025 13:30;566.49
31/08/2025 13:45;566.49
31/08/2025 14:00;566.49
31/08/2025 14:15;566.48
31/08/2025 14:30;566.48
31/08/2025 14:45;566.48
31/08/2025 15:00;566.48
31/08/2025 15:15;566.48
31/08/2025 15:30;566.47
31/08/2025 15:45;566.47
31/08/2025 16:00;566.48
31/08/2025 16:15;566.48
31/08/2025 16:30;566.48
31/08/2025 16:45;566.48
31/08/2025 17:00;566.48
31/08/2025 17:15;566.47
31/08/2025 17:30;566.47
31/08/2025 17:45;566.47
31/08/2025 18:00;566.47
31/08/2025 18:15;566.47
31/08/2025 18:30;566.47
31/08/2025 18:45;566.46
31/08/2025 19:00;566.47
31/08/2025 19:15;566.46
31/08/2025 19:30;566.46
31/08/2025 19:45;566.46
31/08/2025 20:00;566.45
31/08/2025 20:15;566.45
31/08/2025 20:30;566.44
31/08/2025 20:45;566.45
31/08/2025 21:00;566.44
31/08/2025 21:15;566.42
31/08/2025 21:30;566.42
31/08/2025 21:45;566.42
31/08/2025 22:00;566.42
31/08/2025 22:15;566.42
31/08/2025 22:30;566.42
31/08/2025 22:45;566.42
31/08/2025 23:00;566.42
31/08/2025 23:15;566.41
31/08/2025 23:30;566.41
31/08/2025 23:45;566.39
01/09/2025 00:00;566.39
01/09/2025 00:15;566.39
01/09/2025 00:30;566.39
01/09/2025 00:45;566.39
01/09/2025 01:00;566.39
01/09/2025 01:15;566.38
01/09/2025 01:30;566.38
01/09/2025 01:45;566.38
01/09/2025 02:00;566.38
01/09/2025 02:15;566.37
01/09/2025 02:30;566.37
01/09/2025 02:45;566.37
01/09/2025 03:00;566.37
01/09/2025 03:15;566.35
01/09/2025 03:30;566.35
01/09/2025 03:45;566.35
01/09/2025 04:00;566.35
01/09/2025 04:15;566.35
01/09/2025 04:30;566.35
01/09/2025 04:45;566.35
01/09/2025 05:00;566.35
01/09/2025 05:15;566.35
01/09/2025 05:30;566.35
01/09/2025 05:45;566.34
01/09/2025 06:00;566.35
01/09/2025 06:15;566.34
01/09/2025 06:30;566.35
01/09/2025 06:45;566.34
01/09/2025 07:00;566.34
01/09/2025 07:15;566.34
01/09/2025 07:30;566.34
01/09/2025 07:45;566.34
01/09/2025 08:00;566.31
01/09/2025 08:15;566.34
01/09/2025 08:30;566.34
01/09/2025 08:45;566.34
01/09/2025 09:00;566.31
01/09/2025 09:15;566.31
01/09/2025 09:30;566.31
01/09/2025 09:45;566.31
01/09/2025 10:00;566.31
01/09/2025 10:15;566.31
01/09/2025 10:30;566.31
01/09/2025 10:45;566.31
01/09/2025 11:00;566.31
01/09/2025 11:15;566.31
01/09/2025 11:30;566.31
01/09/2025 11:45;566.31
01/09/2025 12:00;566.31
01/09/2025 12:15;566.31
01/09/2025 12:30;566.31
01/09/2025 12:45;566.3
01/09/2025 13:00;566.31
01/09/2025 13:15;566.3
01/09/2025 13:30;566.31
01/09/2025 13:45;566.3
01/09/2025 14:00;566.3
01/09/2025 14:15;566.3
01/09/2025 14:30;566.3
01/09/2025 14:45;566.3
01/09/2025 15:00;566.3
01/09/2025 15:15;566.3
01/09/2025 15:30;566.3
01/09/2025 15:45;566.3
01/09/2025 16:00;566.3
01/09/2025 16:15;566.3
01/09/2025 16:30;566.3
01/09/2025 16:45;566.29
01/09/2025 17:00;566.29
01/09/2025 17:15;566.3
01/09/2025 17:30;566.29
01/09/2025 17:45;566.29
01/09/2025 18:00;566.29
01/09/2025 18:15;566.29
01/09/2025 18:30;566.29
01/09/2025 18:45;566.29
01/09/2025 19:00;566.28
01/09/2025 19:15;566.28
01/09/2025 19:30;566.28
01/09/2025 19:45;566.27
01/09/2025 20:00;566.27
01/09/2025 20:15;566.27
01/09/2025 20:30;566.27
01/09/2025 20:45;566.27
01/09/2025 21:00;566.26
01/09/2025 21:15;566.26
01/09/2025 21:30;566.24
01/09/2025 21:45;566.24
01/09/2025 22:00;566.24
01/09/2025 22:15;566.24
01/09/2025 22:30;566.24
01/09/2025 22:45;566.24
01/09/2025 23:00;566.24
01/09/2025 23:15;566.23
01/09/2025 23:30;566.23
01/09/2025 23:45;566.21
02/09/2025 00:00;566.23
02/09/2025 00:15;566.21
02/09/2025 00:30;566.23
02/09/2025 00:45;566.21
02/09/2025 01:00;566.21
02/09/2025 01:15;566.21
02/09/2025 01:30;566.21
02/09/2025 01:45;566.21
02/09/2025 02:00;566.2
02/09/2025 02:15;566.2
02/09/2025 02:30;566.2
02/09/2025 02:45;566.19
02/09/2025 03:00;566.19
02/09/2025 03:15;566.19
02/09/2025 03:30;566.17
02/09/2025 03:45;566.17
02/09/2025 04:00;566.17
02/09/2025 04:15;566.17
02/09/2025 04:30;566.17
02/09/2025 04:45;566.17
02/09/2025 05:00;566.17
02/09/2025 05:15;566.17
02/09/2025 05:30;566.17
02/09/2025 05:45;566.17
02/09/2025 06:00;566.17
02/09/2025 06:15;566.17
02/09/2025 06:30;566.17
02/09/2025 06:45;566.17
02/09/2025 07:00;566.17
02/09/2025 07:15;566.17
02/09/2025 07:30;566.17
02/09/2025 07:45;566.17
02/09/2025 08:00;566.16
02/09/2025 08:15;566.16
02/09/2025 08:30;566.16
02/09/2025 08:45;566.16
02/09/2025 09:00;566.16
02/09/2025 09:15;566.14
02/09/2025 09:30;566.14
02/09/2025 09:45;566.14
02/09/2025 10:00;566.13
02/09/2025 10:15;566.13
02/09/2025 10:30;566.13
02/09/2025 10:45;566.13
02/09/2025 11:00;566.13
02/09/2025 11:15;566.13
02/09/2025 11:30;566.13
02/09/2025 11:45;566.13
02/09/2025 12:00;566.13
02/09/2025 12:15;566.13
02/09/2025 12:30;566.13
02/09/2025 12:45;566.13
02/09/2025 13:00;566.13
02/09/2025 13:15;566.12
02/09/2025 13:30;566.12
02/09/2025 13:45;566.13
02/09/2025 14:00;566.13
02/09/2025 14:15;566.12
02/09/2025 14:30;566.13
02/09/2025 14:45;566.13
02/09/2025 15:00;566.12
02/09/2025 15:15;566.12
02/09/2025 15:30;566.12
02/09/2025 15:45;566.1
02/09/2025 16:00;566.1
02/09/2025 16:15;566.1
02/09/2025 16:30;566.12
02/09/2025 16:45;566.12
02/09/2025 17:00;566.1
02/09/2025 17:15;566.12
02/09/2025 17:30;566.12
02/09/2025 17:45;566.12
02/09/2025 18:00;566.12
02/09/2025 18:15;566.12
02/09/2025 18:30;566.1
02/09/2025 18:45;566.1
02/09/2025 19:00;566.1
02/09/2025 19:15;566.1
02/09/2025 19:30;566.1
02/09/2025 19:45;566.1
02/09/2025 20:00;566.1
02/09/2025 20:15;566.09
02/09/2025 20:30;566.09
02/09/2025 20:45;566.09
02/09/2025 21:00;566.08
02/09/2025 21:15;566.08
02/09/2025 21:30;566.08
02/09/2025 21:45;566.08
02/09/2025 22:00;566.06
02/09/2025 22:15;566.06
02/09/2025 22:30;566.06
02/09/2025 22:45;566.06
02/09/2025 23:00;566.06
02/09/2025 23:15;566.06
02/09/2025 23:30;566.06
02/09/2025 23:45;566.06
03/09/2025 00:00;566.05
03/09/2025 00:15;566.06
03/09/2025 00:30;566.05
03/09/2025 00:45;566.05
03/09/2025 01:00;566.05
03/09/2025 01:15;566.03
03/09/2025 01:30;566.03
03/09/2025 01:45;566.03
03/09/2025 02:00;566.03
03/09/2025 02:15;566.03
03/09/2025 02:30;566.02
03/09/2025 02:45;566.02
03/09/2025 03:00;566.02
03/09/2025 03:15;566.01
03/09/2025 03:30;566.02
03/09/2025 03:45;566.01
03/09/2025 04:00;566.01
03/09/2025 04:15;566.01
03/09/2025 04:30;566.01
03/09/2025 04:45;566.01
03/09/2025 05:00;565.99
03/09/2025 05:15;566.01
03/09/2025 05:30;565.99
03/09/2025 05:45;565.99
03/09/2025 06:00;565.99
03/09/2025 06:15;565.99
03/09/2025 06:30;565.99
03/09/2025 06:45;565.99
03/09/2025 07:00;565.99
03/09/2025 07:15;565.99
03/09/2025 07:30;565.99
03/09/2025 07:45;565.99
03/09/2025 08:00;565.98
03/09/2025 08:15;565.98
03/09/2025 08:30;565.98
03/09/2025 08:45;565.98
03/09/2025 09:00;565.98
03/09/2025 09:15;565.96
03/09/2025 09:30;565.98
03/09/2025 09:45;565.96
03/09/2025 10:00;565.96
03/09/2025 10:15;565.96
03/09/2025 10:30;565.96
03/09/2025 10:45;565.95
03/09/2025 11:00;565.95
03/09/2025 11:15;565.95
03/09/2025 11:30;565.95
03/09/2025 11:45;565.96
03/09/2025 12:00;565.95
03/09/2025 12:15;565.95
03/09/2025 12:30;565.95
03/09/2025 12:45;565.95
03/09/2025 13:00;565.95
03/09/2025 13:15;565.95
03/09/2025 13:30;565.95
03/09/2025 13:45;565.95
03/09/2025 14:00;565.95
03/09/2025 14:15;565.95
03/09/2025 14:30;565.95
03/09/2025 14:45;565.95
03/09/2025 15:00;565.95
03/09/2025 15:15;565.95
03/09/2025 15:30;565.95
03/09/2025 15:45;565.94
03/09/2025 16:00;565.95
03/09/2025 16:15;565.95
03/09/2025 16:30;565.95
03/09/2025 16:45;565.95
03/09/2025 17:00;565.94
03/09/2025 17:15;565.95
03/09/2025 17:30;565.95
03/09/2025 17:45;565.94
03/09/2025 18:00;565.94
03/09/2025 18:15;565.94
03/09/2025 18:30;565.94
03/09/2025 18:45;565.94
03/09/2025 19:00;565.94
03/09/2025 19:15;565.94
03/09/2025 19:30;565.94
03/09/2025 19:45;565.92
03/09/2025 20:00;565.92
03/09/2025 20:15;565.92
03/09/2025 20:30;565.92
03/09/2025 20:45;565.92
03/09/2025 21:00;565.92
03/09/2025 21:15;565.91
03/09/2025 21:30;565.91
03/09/2025 21:45;565.91
03/09/2025 22:00;565.9
03/09/2025 22:15;565.9
03/09/2025 22:30;565.9
03/09/2025 22:45;565.9
03/09/2025 23:00;565.89
03/09/2025 23:15;565.88
03/09/2025 23:30;565.88
03/09/2025 23:45;565.88
04/09/2025 00:00;565.88
04/09/2025 00:15;565.87
04/09/2025 00:30;565.87
04/09/2025 00:45;565.87
04/09/2025 01:00;565.87
04/09/2025 01:15;565.87
04/09/2025 01:30;565.85
04/09/2025 01:45;565.85
04/09/2025 02:00;565.85
04/09/2025 02:15;565.85
04/09/2025 02:30;565.85
04/09/2025 02:45;565.85
04/09/2025 03:00;565.84
04/09/2025 03:15;565.85
04/09/2025 03:30;565.84
04/09/2025 03:45;565.84
04/09/2025 04:00;565.83
04/09/2025 04:15;565.83
04/09/2025 04:30;565.83
04/09/2025 04:45;565.81
04/09/2025 05:00;565.81
04/09/2025 05:15;565.81
04/09/2025 05:30;565.81
04/09/2025 05:45;565.81
04/09/2025 06:00;565.81
04/09/2025 06:15;565.81
04/09/2025 06:30;565.81
04/09/2025 06:45;565.81
04/09/2025 07:00;565.81
04/09/2025 07:15;565.8
04/09/2025 07:30;565.81
04/09/2025 07:45;565.8
04/09/2025 08:00;565.8
04/09/2025 08:15;565.8
04/09/2025 08:30;565.8
04/09/2025 08:45;565.8
04/09/2025 09:00;565.78
04/09/2025 09:15;565.8
04/09/2025 09:30;565.78
04/09/2025 09:45;565.78
04/09/2025 10:00;565.77
04/09/2025 10:15;565.77
04/09/2025 10:30;565.77
04/09/2025 10:45;565.77
04/09/2025 11:00;565.77
04/09/2025 11:15;565.77
04/09/2025 11:30;565.77
04/09/2025 11:45;565.77
04/09/2025 12:00;565.77
04/09/2025 12:15;565.77
04/09/2025 12:30;565.77
04/09/2025 12:45;565.77
04/09/2025 13:00;565.77
04/09/2025 13:15;565.76
04/09/2025 13:30;565.76
04/09/2025 13:45;565.76
04/09/2025 14:00;565.76
04/09/2025 14:15;565.76
04/09/2025 14:30;565.74
04/09/2025 14:45;565.74
04/09/2025 15:00;565.74
04/09/2025 15:15;565.74
04/09/2025 15:30;565.74
04/09/2025 15:45;565.74
04/09/2025 16:00;565.74
04/09/2025 16:15;565.74
04/09/2025 16:30;565.74
04/09/2025 16:45;565.74
04/09/2025 17:00;565.74
04/09/2025 17:15;565.74
04/09/2025 17:30;565.74
04/09/2025 17:45;565.74
04/09/2025 18:00;565.74
04/09/2025 18:15;565.74
04/09/2025 18:30;565.74
04/09/2025 18:45;565.74
04/09/2025 19:00;565.73
04/09/2025 19:15;565.73
04/09/2025 19:30;565.72
04/09/2025 19:45;565.72
04/09/2025 20:00;565.72
04/09/2025 20:15;565.72
04/09/2025 20:30;565.71
04/09/2025 20:45;565.71
04/09/2025 21:00;565.7
04/09/2025 21:15;565.7
04/09/2025 21:30;565.69
04/09/2025 21:45;565.69
04/09/2025 22:00;565.69
04/09/2025 22:15;565.69
04/09/2025 22:30;565.69
04/09/2025 22:45;565.67
04/09/2025 23:00;565.69
04/09/2025 23:15;565.67
04/09/2025 23:30;565.67
04/09/2025 23:45;565.67
05/09/2025 00:00;565.66
05/09/2025 00:15;565.67
05/09/2025 00:30;565.66
05/09/2025 00:45;565.66
05/09/2025 01:00;565.65
05/09/2025 01:15;565.65
05/09/2025 01:30;565.65
05/09/2025 01:45;565.64
05/09/2025 02:00;565.64
05/09/2025 02:15;565.64
05/09/2025 02:30;565.63
05/09/2025 02:45;565.63
05/09/2025 03:00;565.63
05/09/2025 03:15;565.63
05/09/2025 03:30;565.63
05/09/2025 03:45;565.63
05/09/2025 04:00;565.62
05/09/2025 04:15;565.63
05/09/2025 04:30;565.62
05/09/2025 04:45;565.62
05/09/2025 05:00;565.62
05/09/2025 05:15;565.62
05/09/2025 05:30;565.62
05/09/2025 05:45;565.62
05/09/2025 06:00;565.62
05/09/2025 06:15;565.62
05/09/2025 06:30;565.62
05/09/2025 06:45;565.62
05/09/2025 07:00;565.62
05/09/2025 07:15;565.62
05/09/2025 07:30;565.62
05/09/2025 07:45;565.6
05/09/2025 08:00;565.6
05/09/2025 08:15;565.6
05/09/2025 08:30;565.6
05/09/2025 08:45;565.59
05/09/2025 09:00;565.59
05/09/2025 09:15;565.59
05/09/2025 09:30;565.59
05/09/2025 09:45;565.59
05/09/2025 10:00;565.59
05/09/2025 10:15;565.58
05/09/2025 10:30;565.58
05/09/2025 10:45;565.56
05/09/2025 11:00;565.56
05/09/2025 11:15;565.56
05/09/2025 11:30;565.56
05/09/2025 11:45;565.56
05/09/2025 12:00;565.56
05/09/2025 12:15;565.56
05/09/2025 12:30;565.56
05/09/2025 12:45;565.56
05/09/2025 13:00;565.56
05/09/2025 13:15;565.56
05/09/2025 13:30;565.56
05/09/2025 13:45;565.56
05/09/2025 14:00;565.56
05/09/2025 14:15;565.56
05/09/2025 14:30;565.56
05/09/2025 14:45;565.56
05/09/2025 15:00;565.56
05/09/2025 15:15;565.56
05/09/2025 15:30;565.56
05/09/2025 15:45;565.56
05/09/2025 16:00;565.56
05/09/2025 16:15;565.56
05/09/2025 16:30;565.56
05/09/2025 16:45;565.56
05/09/2025 17:00;565.56
05/09/2025 17:15;565.56
05/09/2025 17:30;565.55
05/09/2025 17:45;565.55
05/09/2025 18:00;565.55
05/09/2025 18:15;565.55
05/09/2025 18:30;565.55
05/09/2025 18:45;565.54
05/09/2025 19:00;565.54
05/09/2025 19:15;565.53
05/09/2025 19:30;565.53
05/09/2025 19:45;565.53
05/09/2025 20:00;565.52
05/09/2025 20:15;565.52
05/09/2025 20:30;565.52
05/09/2025 20:45;565.51
05/09/2025 21:00;565.52
05/09/2025 21:15;565.51
05/09/2025 21:30;565.51
05/09/2025 21:45;565.51
05/09/2025 22:00;565.51
05/09/2025 22:15;565.51
05/09/2025 22:30;565.49
05/09/2025 22:45;565.49
05/09/2025 23:00;565.49
05/09/2025 23:15;565.49
05/09/2025 23:30;565.49
05/09/2025 23:45;565.49
06/09/2025 00:00;565.48
06/09/2025 00:15;565.48
06/09/2025 00:30;565.47
06/09/2025 00:45;565.47
06/09/2025 01:00;565.47
06/09/2025 01:15;565.46
06/09/2025 01:30;565.46
06/09/2025 01:45;565.46
06/09/2025 02:00;565.45
06/09/2025 02:15;565.45
06/09/2025 02:30;565.45
06/09/2025 02:45;565.44
06/09/2025 03:00;565.44
06/09/2025 03:15;565.44
06/09/2025 03:30;565.44
06/09/2025 03:45;565.42
06/09/2025 04:00;565.42
06/09/2025 04:15;565.42
06/09/2025 04:30;565.42
06/09/2025 04:45;565.42
06/09/2025 05:00;565.42
06/09/2025 05:15;565.41
06/09/2025 05:30;565.41
06/09/2025 05:45;565.41
06/09/2025 06:00;565.41
06/09/2025 06:15;565.41
06/09/2025 06:30;565.41
06/09/2025 06:45;565.41
06/09/2025 07:00;565.41
06/09/2025 07:15;565.41
06/09/2025 07:30;565.41
06/09/2025 07:45;565.41
06/09/2025 08:00;565.41
06/09/2025 08:15;565.41
06/09/2025 08:30;565.41
06/09/2025 08:45;565.4
06/09/2025 09:00;565.4
06/09/2025 09:15;565.38
06/09/2025 09:30;565.38
06/09/2025 09:45;565.38
06/09/2025 10:00;565.38
06/09/2025 10:15;565.38
06/09/2025 10:30;565.38
06/09/2025 10:45;565.37
06/09/2025 11:00;565.37
06/09/2025 11:15;565.37
06/09/2025 11:30;565.37
06/09/2025 11:45;565.37
06/09/2025 12:00;565.37
06/09/2025 12:15;565.37
06/09/2025 12:30;565.37
06/09/2025 12:45;565.37
06/09/2025 13:00;565.35
06/09/2025 13:15;565.35
06/09/2025 13:30;565.37
06/09/2025 13:45;565.37
06/09/2025 14:00;565.35
06/09/2025 14:15;565.35
06/09/2025 14:30;565.37
06/09/2025 14:45;565.35
06/09/2025 15:00;565.35
06/09/2025 15:15;565.35
06/09/2025 15:30;565.35
06/09/2025 15:45;565.35
06/09/2025 16:00;565.35
06/09/2025 16:15;565.35
06/09/2025 16:30;565.35
06/09/2025 16:45;565.35
06/09/2025 17:00;565.35
06/09/2025 17:15;565.35
06/09/2025 17:30;565.35
06/09/2025 17:45;565.35
06/09/2025 18:00;565.35
06/09/2025 18:15;565.35
06/09/2025 18:30;565.35
06/09/2025 18:45;565.35
06/09/2025 19:00;565.34
06/09/2025 19:15;565.34
06/09/2025 19:30;565.35
06/09/2025 19:45;565.34
06/09/2025 20:00;565.33
06/09/2025 20:15;565.33
06/09/2025 20:30;565.33
06/09/2025 20:45;565.33
06/09/2025 21:00;565.33
06/09/2025 21:15;565.31
06/09/2025 21:30;565.31
06/09/2025 21:45;565.31
06/09/2025 22:00;565.31
06/09/2025 22:15;565.31
06/09/2025 22:30;565.31
06/09/2025 22:45;565.3
06/09/2025 23:00;565.3
06/09/2025 23:15;565.3
06/09/2025 23:30;565.29
06/09/2025 23:45;565.29
07/09/2025 00:00;565.29
07/09/2025 00:15;565.28
07/09/2025 00:30;565.28
07/09/2025 00:45;565.28
07/09/2025 01:00;565.28
07/09/2025 01:15;565.28
07/09/2025 01:30;565.27
07/09/2025 01:45;565.27
07/09/2025 02:00;565.26
07/09/2025 02:15;565.26
07/09/2025 02:30;565.24
07/09/2025 02:45;565.24
07/09/2025 03:00;565.24
07/09/2025 03:15;565.24
07/09/2025 03:30;565.24
07/09/2025 03:45;565.24
07/09/2025 04:00;565.23
07/09/2025 04:15;565.24
07/09/2025 04:30;565.23
07/09/2025 04:45;565.23
07/09/2025 05:00;565.23
07/09/2025 05:15;565.23
07/09/2025 05:30;565.23
07/09/2025 05:45;565.23
07/09/2025 06:00;565.22
07/09/2025 06:15;565.22
07/09/2025 06:30;565.2
07/09/2025 06:45;565.2
07/09/2025 07:00;565.2
07/09/2025 07:15;565.2
07/09/2025 07:30;565.2
07/09/2025 07:45;565.2
07/09/2025 08:00;565.2
07/09/2025 08:15;565.2
07/09/2025 08:30;565.2
07/09/2025 08:45;565.19
07/09/2025 09:00;565.19
07/09/2025 09:15;565.17
07/09/2025 09:30;565.19
07/09/2025 09:45;565.17
07/09/2025 10:00;565.17
07/09/2025 10:15;565.19
07/09/2025 10:30;565.17
07/09/2025 10:45;565.17
07/09/2025 11:00;565.17
07/09/2025 11:15;565.17
07/09/2025 11:30;565.17
07/09/2025 11:45;565.17
07/09/2025 12:00;565.17
07/09/2025 12:15;565.17
07/09/2025 12:30;565.17
07/09/2025 12:45;565.17
07/09/2025 13:00;565.17
07/09/2025 13:15;565.17
07/09/2025 13:30;565.17
07/09/2025 13:45;565.17
07/09/2025 14:00;565.17
07/09/2025 14:15;565.17
07/09/2025 14:30;565.17
07/09/2025 14:45;565.17
07/09/2025 15:00;565.17
07/09/2025 15:15;565.16
07/09/2025 15:30;565.17
07/09/2025 15:45;565.17
07/09/2025 16:00;565.16
07/09/2025 16:15;565.16
07/09/2025 16:30;565.16
07/09/2025 16:45;565.16
07/09/2025 17:00;565.17
07/09/2025 17:15;565.16
07/09/2025 17:30;565.16
07/09/2025 17:45;565.16
07/09/2025 18:00;565.16
07/09/2025 18:15;565.16
07/09/2025 18:30;565.16
07/09/2025 18:45;565.16
07/09/2025 19:00;565.15
07/09/2025 19:15;565.15
07/09/2025 19:30;565.15
07/09/2025 19:45;565.15
07/09/2025 20:00;565.15
07/09/2025 20:15;565.13
07/09/2025 20:30;565.13
07/09/2025 20:45;565.13
07/09/2025 21:00;565.13
07/09/2025 21:15;565.13
07/09/2025 21:30;565.12
07/09/2025 21:45;565.13
07/09/2025 22:00;565.12
07/09/2025 22:15;565.12
07/09/2025 22:30;565.12
07/09/2025 22:45;565.12
07/09/2025 23:00;565.12
07/09/2025 23:15;565.12
07/09/2025 23:30;565.1
07/09/2025 23:45;565.1
08/09/2025 00:00;565.1
08/09/2025 00:15;565.1
08/09/2025 00:30;565.1
08/09/2025 00:45;565.09
08/09/2025 01:00;565.09
08/09/2025 01:15;565.08
08/09/2025 01:30;565.08
08/09/2025 01:45;565.08
08/09/2025 02:00;565.06
08/09/2025 02:15;565.08
08/09/2025 02:30;565.06
08/09/2025 02:45;565.06
08/09/2025 03:00;565.06
08/09/2025 03:15;565.05
08/09/2025 03:30;565.06
08/09/2025 03:45;565.05
08/09/2025 04:00;565.06
08/09/2025 04:15;565.05
08/09/2025 04:30;565.05
08/09/2025 04:45;565.05
08/09/2025 05:00;565.05
08/09/2025 05:15;565.05
08/09/2025 05:30;565.05
08/09/2025 05:45;565.05
08/09/2025 06:00;565.05
08/09/2025 06:15;565.05
08/09/2025 06:30;565.04
08/09/2025 06:45;565.05
08/09/2025 07:00;565.04
08/09/2025 07:15;565.04
08/09/2025 07:30;565.04
08/09/2025 07:45;565.02
08/09/2025 08:00;565.02
08/09/2025 08:15;565.02
08/09/2025 08:30;565.02
08/09/2025 08:45;565.02
08/09/2025 09:00;565.01
08/09/2025 09:15;565.01
08/09/2025 09:30;565.02
08/09/2025 09:45;565.01
08/09/2025 10:00;565.01
08/09/2025 10:15;564.99
08/09/2025 10:30;564.99
08/09/2025 10:45;564.99
08/09/2025 11:00;564.99
08/09/2025 11:15;564.99
08/09/2025 11:30;564.99
08/09/2025 11:45;564.99
08/09/2025 12:00;564.99
08/09/2025 12:15;564.98
08/09/2025 12:30;564.99
08/09/2025 12:45;564.98
08/09/2025 13:00;564.98
08/09/2025 13:15;564.98
08/09/2025 13:30;564.98
08/09/2025 13:45;564.98
08/09/2025 14:00;564.98
08/09/2025 14:15;564.98
08/09/2025 14:30;564.97
08/09/2025 14:45;564.98
08/09/2025 15:00;564.97
08/09/2025 15:15;564.97
08/09/2025 15:30;564.97
08/09/2025 15:45;564.97
08/09/2025 16:00;564.97
08/09/2025 16:15;564.97
08/09/2025 16:30;564.97
08/09/2025 16:45;564.97
08/09/2025 17:00;564.97
08/09/2025 17:15;564.97
08/09/2025 17:30;564.97
08/09/2025 17:45;564.97
08/09/2025 18:00;564.97
08/09/2025 18:15;564.97
08/09/2025 18:30;564.97
08/09/2025 18:45;564.97
08/09/2025 19:00;564.97
08/09/2025 19:15;564.97
08/09/2025 19:30;564.95
08/09/2025 19:45;564.97
08/09/2025 20:00;564.95
08/09/2025 20:15;564.95
08/09/2025 20:30;564.97
08/09/2025 20:45;564.95
08/09/2025 21:00;564.94
08/09/2025 21:15;564.95
08/09/2025 21:30;564.94
08/09/2025 21:45;564.94
08/09/2025 22:00;564.94
08/09/2025 22:15;564.94
08/09/2025 22:30;564.92
08/09/2025 22:45;564.92
08/09/2025 23:00;564.92
08/09/2025 23:15;564.92
08/09/2025 23:30;564.92
08/09/2025 23:45;564.92
09/09/2025 00:00;564.92
09/09/2025 00:15;564.91
09/09/2025 00:30;564.91
09/09/2025 00:45;564.91
09/09/2025 01:00;564.9
09/09/2025 01:15;564.9
09/09/2025 01:30;564.9
09/09/2025 01:45;564.9
09/09/2025 02:00;564.89
09/09/2025 02:15;564.88
09/09/2025 02:30;564.89
09/09/2025 02:45;564.88
09/09/2025 03:00;564.88
09/09/2025 03:15;564.87
09/09/2025 03:30;564.87
09/09/2025 03:45;564.87
09/09/2025 04:00;564.87
09/09/2025 04:15;564.87
09/09/2025 04:30;564.87
09/09/2025 04:45;564.87
09/09/2025 05:00;564.87
09/09/2025 05:15;564.87
09/09/2025 05:30;564.87
09/09/2025 05:45;564.87
09/09/2025 06:00;564.87
09/09/2025 06:15;564.87
09/09/2025 06:30;564.87
09/09/2025 06:45;564.87
09/09/2025 07:00;564.85
09/09/2025 07:15;564.87
09/09/2025 07:30;564.87
09/09/2025 07:45;564.85
09/09/2025 08:00;564.85
09/09/2025 08:15;564.85
09/09/2025 08:30;564.84
09/09/2025 08:45;564.84
09/09/2025 09:00;564.84
09/09/2025 09:15;564.84
09/09/2025 09:30;564.83
09/09/2025 09:45;564.83
09/09/2025 10:00;564.81
09/09/2025 10:15;564.81
09/09/2025 10:30;564.81
09/09/2025 10:45;564.81
09/09/2025 11:00;564.81
09/09/2025 11:15;564.81
09/09/2025 11:30;564.81
09/09/2025 11:45;564.81
09/09/2025 12:00;564.81
09/09/2025 12:15;564.81
09/09/2025 12:30;564.81
09/09/2025 12:45;564.8
09/09/2025 13:00;564.8
09/09/2025 13:15;564.81
09/09/2025 13:30;564.81
09/09/2025 13:45;564.8
09/09/2025 14:00;564.8
09/09/2025 14:15;564.81
09/09/2025 14:30;564.81
09/09/2025 14:45;564.8
09/09/2025 15:00;564.81
09/09/2025 15:15;564.81
09/09/2025 15:30;564.81
09/09/2025 15:45;564.8
09/09/2025 16:00;564.8
09/09/2025 16:15;564.8
09/09/2025 16:30;564.8
09/09/2025 16:45;564.8
09/09/2025 17:00;564.8
09/09/2025 17:15;564.8
09/09/2025 17:30;564.8
09/09/2025 17:45;564.8
09/09/2025 18:00;564.79
09/09/2025 18:15;564.79
09/09/2025 18:30;564.8
09/09/2025 18:45;564.79
09/09/2025 19:00;564.79
09/09/2025 19:15;564.79
09/09/2025 19:30;564.79
09/09/2025 19:45;564.79
09/09/2025 20:00;564.79
09/09/2025 20:15;564.77
09/09/2025 20:30;564.77
09/09/2025 20:45;564.76
09/09/2025 21:00;564.76
09/09/2025 21:15;564.76
09/09/2025 21:30;564.76
09/09/2025 21:45;564.76
09/09/2025 22:00;564.74
09/09/2025 22:15;564.74
09/09/2025 22:30;564.74
09/09/2025 22:45;564.74
09/09/2025 23:00;564.74
09/09/2025 23:15;564.74
09/09/2025 23:30;564.74
09/09/2025 23:45;564.73
10/09/2025 00:00;564.73
10/09/2025 00:15;564.73
10/09/2025 00:30;564.72
10/09/2025 00:45;564.72
10/09/2025 01:00;564.71
10/09/2025 01:15;564.71
10/09/2025 01:30;564.71
10/09/2025 01:45;564.7
10/09/2025 02:00;564.7
10/09/2025 02:15;564.71
10/09/2025 02:30;564.7
10/09/2025 02:45;564.69
10/09/2025 03:00;564.69
10/09/2025 03:15;564.69
10/09/2025 03:30;564.69
10/09/2025 03:45;564.69
10/09/2025 04:00;564.69
10/09/2025 04:15;564.69
10/09/2025 04:30;564.69
10/09/2025 04:45;564.69
10/09/2025 05:00;564.69
10/09/2025 05:15;564.69
10/09/2025 05:30;564.69
10/09/2025 05:45;564.67
10/09/2025 06:00;564.67
10/09/2025 06:15;564.67
10/09/2025 06:30;564.67
10/09/2025 06:45;564.67
10/09/2025 07:00;564.67
10/09/2025 07:15;564.66
10/09/2025 07:30;564.66
10/09/2025 07:45;564.66
10/09/2025 08:00;564.66
10/09/2025 08:15;564.66
10/09/2025 08:30;564.66
10/09/2025 08:45;564.65
10/09/2025 09:00;564.65
10/09/2025 09:15;564.65
10/09/2025 09:30;564.64
10/09/2025 09:45;564.64
10/09/2025 10:00;564.64
10/09/2025 10:15;564.64
10/09/2025 10:30;564.63
10/09/2025 10:45;564.63
10/09/2025 11:00;564.64
10/09/2025 11:15;564.64
10/09/2025 11:30;564.63
10/09/2025 11:45;564.64
10/09/2025 12:00;564.64
10/09/2025 12:15;564.64
10/09/2025 12:30;564.63
10/09/2025 12:45;564.63
10/09/2025 13:00;564.63
10/09/2025 13:15;564.63
10/09/2025 13:30;564.63
10/09/2025 13:45;564.63
10/09/2025 14:00;564.63
10/09/2025 14:15;564.63
10/09/2025 14:30;564.62
10/09/2025 14:45;564.62
10/09/2025 15:00;564.62
10/09/2025 15:15;564.6
10/09/2025 15:30;564.62
10/09/2025 15:45;564.6
10/09/2025 16:00;564.6
10/09/2025 16:15;564.6
10/09/2025 16:30;564.6
10/09/2025 16:45;564.6
10/09/2025 17:00;564.6
10/09/2025 17:15;564.6
10/09/2025 17:30;564.6
10/09/2025 17:45;564.6
10/09/2025 18:00;564.6
10/09/2025 18:15;564.6
10/09/2025 18:30;564.59
10/09/2025 18:45;564.59
10/09/2025 19:00;564.59
10/09/2025 19:15;564.59
10/09/2025 19:30;564.58
10/09/2025 19:45;564.59
10/09/2025 20:00;564.58
10/09/2025 20:15;564.58
10/09/2025 20:30;564.58
10/09/2025 20:45;564.58
10/09/2025 21:00;564.56
10/09/2025 21:15;564.58
10/09/2025 21:30;564.56
10/09/2025 21:45;564.56
10/09/2025 22:00;564.56
10/09/2025 22:15;564.56
10/09/2025 22:30;564.56
10/09/2025 22:45;564.55
10/09/2025 23:00;564.55
10/09/2025 23:15;564.55
10/09/2025 23:30;564.55
10/09/2025 23:45;564.54
11/09/2025 00:00;564.54
11/09/2025 00:15;564.54
11/09/2025 00:30;564.53
11/09/2025 00:45;564.53
11/09/2025 01:00;564.52
11/09/2025 01:15;564.53
11/09/2025 01:30;564.53
11/09/2025 01:45;564.52
11/09/2025 02:00;564.51
11/09/2025 02:15;564.49
11/09/2025 02:30;564.49
11/09/2025 02:45;564.49
11/09/2025 03:00;564.48
11/09/2025 03:15;564.49
11/09/2025 03:30;564.48
11/09/2025 03:45;564.48
11/09/2025 04:00;564.48
11/09/2025 04:15;564.48
11/09/2025 04:30;564.48
11/09/2025 04:45;564.48
11/09/2025 05:00;564.48
11/09/2025 05:15;564.48
11/09/2025 05:30;564.48
11/09/2025 05:45;564.48
11/09/2025 06:00;564.48
11/09/2025 06:15;564.48
11/09/2025 06:30;564.48
11/09/2025 06:45;564.48
11/09/2025 07:00;564.48
11/09/2025 07:15;564.48
11/09/2025 07:30;564.47
11/09/2025 07:45;564.48
11/09/2025 08:00;564.48
11/09/2025 08:15;564.47
11/09/2025 08:30;564.47
11/09/2025 08:45;564.47
11/09/2025 09:00;564.46
11/09/2025 09:15;564.46
11/09/2025 09:30;564.45
11/09/2025 09:45;564.45
11/09/2025 10:00;564.45
11/09/2025 10:15;564.45
11/09/2025 10:30;564.45
11/09/2025 10:45;564.45
11/09/2025 11:00;564.45
11/09/2025 11:15;564.44
11/09/2025 11:30;564.44
11/09/2025 11:45;564.44
11/09/2025 12:00;564.44
11/09/2025 12:15;564.44
11/09/2025 12:30;564.44
11/09/2025 12:45;564.44
11/09/2025 13:00;564.44
11/09/2025 13:15;564.42
11/09/2025 13:30;564.44
11/09/2025 13:45;564.42
11/09/2025 14:00;564.42
11/09/2025 14:15;564.42
11/09/2025 14:30;564.42
11/09/2025 14:45;564.42
11/09/2025 15:00;564.44
11/09/2025 15:15;564.44
11/09/2025 15:30;564.44
11/09/2025 15:45;564.42
11/09/2025 16:00;564.42
11/09/2025 16:15;564.42
11/09/2025 16:30;564.42
11/09/2025 16:45;564.42
11/09/2025 17:00;564.42
11/09/2025 17:15;564.42
11/09/2025 17:30;564.42
11/09/2025 17:45;564.42
11/09/2025 18:00;564.42
11/09/2025 18:15;564.42
11/09/2025 18:30;564.42
11/09/2025 18:45;564.42
11/09/2025 19:00;564.42
11/09/2025 19:15;564.42
11/09/2025 19:30;564.41
11/09/2025 19:45;564.41
11/09/2025 20:00;564.41
11/09/2025 20:15;564.41
11/09/2025 20:30;564.4
11/09/2025 20:45;564.4
11/09/2025 21:00;564.4
11/09/2025 21:15;564.4
11/09/2025 21:30;564.4
11/09/2025 21:45;564.39
11/09/2025 22:00;564.39
11/09/2025 22:15;564.38
11/09/2025 22:30;564.38
11/09/2025 22:45;564.38
11/09/2025 23:00;564.37
11/09/2025 23:15;564.37
11/09/2025 23:30;564.37
11/09/2025 23:45;564.37
12/09/2025 00:00;564.37
12/09/2025 00:15;564.35
12/09/2025 00:30;564.35
12/09/2025 00:45;564.35
12/09/2025 01:00;564.35
12/09/2025 01:15;564.34
12/09/2025 01:30;564.34
12/09/2025 01:45;564.34
12/09/2025 02:00;564.33
12/09/2025 02:15;564.33
12/09/2025 02:30;564.31
12/09/2025 02:45;564.33
12/09/2025 03:00;564.31
12/09/2025 03:15;564.33
12/09/2025 03:30;564.31
12/09/2025 03:45;564.31
12/09/2025 04:00;564.31
12/09/2025 04:15;564.31
12/09/2025 04:30;564.31
12/09/2025 04:45;564.31
12/09/2025 05:00;564.31
12/09/2025 05:15;564.31
12/09/2025 05:30;564.31
12/09/2025 05:45;564.31
12/09/2025 06:00;564.31
12/09/2025 06:15;564.31
12/09/2025 06:30;564.31
12/09/2025 06:45;564.31
12/09/2025 07:00;564.3
12/09/2025 07:15;564.31
12/09/2025 07:30;564.3
12/09/2025 07:45;564.3
12/09/2025 08:00;564.3
12/09/2025 08:15;564.3
12/09/2025 08:30;564.3
12/09/2025 08:45;564.3
12/09/2025 09:00;564.29
12/09/2025 09:15;564.29
12/09/2025 09:30;564.28
12/09/2025 09:45;564.28
12/09/2025 10:00;564.27
12/09/2025 10:15;564.27
12/09/2025 10:30;564.27
12/09/2025 10:45;564.26
12/09/2025 11:00;564.26
12/09/2025 11:15;564.26
12/09/2025 11:30;564.26
12/09/2025 11:45;564.26
12/09/2025 12:00;564.24
12/09/2025 12:15;564.26
12/09/2025 12:30;564.26
12/09/2025 12:45;564.24
12/09/2025 13:00;564.24
12/09/2025 13:15;564.26
12/09/2025 13:30;564.24
12/09/2025 13:45;564.26
12/09/2025 14:00;564.24
12/09/2025 14:15;564.26
12/09/2025 14:30;564.26
12/09/2025 14:45;564.24
12/09/2025 15:00;564.24
12/09/2025 15:15;564.24
12/09/2025 15:30;564.24
12/09/2025 15:45;564.24
12/09/2025 16:00;564.24
12/09/2025 16:15;564.24
12/09/2025 16:30;564.24
12/09/2025 16:45;564.24
12/09/2025 17:00;564.24
12/09/2025 17:15;564.24
12/09/2025 17:30;564.24
12/09/2025 17:45;564.24
12/09/2025 18:00;564.24
12/09/2025 18:15;564.24
12/09/2025 18:30;564.24
12/09/2025 18:45;564.24
12/09/2025 19:00;564.24
12/09/2025 19:15;564.24
12/09/2025 19:30;564.24
12/09/2025 19:45;564.23
12/09/2025 20:00;564.23
12/09/2025 20:15;564.23
12/09/2025 20:30;564.22
12/09/2025 20:45;564.22
12/09/2025 21:00;564.22
12/09/2025 21:15;564.22
12/09/2025 21:30;564.22
12/09/2025 21:45;564.21
12/09/2025 22:00;564.21
12/09/2025 22:15;564.22
12/09/2025 22:30;564.19
12/09/2025 22:45;564.21
12/09/2025 23:00;564.19
12/09/2025 23:15;564.19
12/09/2025 23:30;564.19
12/09/2025 23:45;564.19
13/09/2025 00:00;564.19
13/09/2025 00:15;564.19
13/09/2025 00:30;564.17
13/09/2025 00:45;564.17
13/09/2025 01:00;564.17
13/09/2025 01:15;564.17
13/09/2025 01:30;564.16
13/09/2025 01:45;564.16
13/09/2025 02:00;564.16
13/09/2025 02:15;564.16
13/09/2025 02:30;564.15
13/09/2025 02:45;564.15
13/09/2025 03:00;564.14
13/09/2025 03:15;564.14
13/09/2025 03:30;564.14
13/09/2025 03:45;564.14
13/09/2025 04:00;564.14
13/09/2025 04:15;564.14
13/09/2025 04:30;564.14
13/09/2025 04:45;564.14
13/09/2025 05:00;564.14
13/09/2025 05:15;564.14
13/09/2025 05:30;564.14
13/09/2025 05:45;564.12
13/09/2025 06:00;564.14
13/09/2025 06:15;564.12
13/09/2025 06:30;564.14
13/09/2025 06:45;564.12
13/09/2025 07:00;564.12
13/09/2025 07:15;564.12
13/09/2025 07:30;564.12
13/09/2025 07:45;564.12
13/09/2025 08:00;564.12
13/09/2025 08:15;564.12
13/09/2025 08:30;564.1
13/09/2025 08:45;564.1
13/09/2025 09:00;564.1
13/09/2025 09:15;564.1
13/09/2025 09:30;564.1
13/09/2025 09:45;564.09
13/09/2025 10:00;564.09
13/09/2025 10:15;564.09
13/09/2025 10:30;564.1
13/09/2025 10:45;564.09
13/09/2025 11:00;564.09
13/09/2025 11:15;564.09
13/09/2025 11:30;564.08
13/09/2025 11:45;564.09
13/09/2025 12:00;564.09
13/09/2025 12:15;564.09
13/09/2025 12:30;564.09
13/09/2025 12:45;564.08
13/09/2025 13:00;564.08
13/09/2025 13:15;564.09
13/09/2025 13:30;564.08
13/09/2025 13:45;564.08
13/09/2025 14:00;564.06
13/09/2025 14:15;564.06
13/09/2025 14:30;564.06
13/09/2025 14:45;564.06
13/09/2025 15:00;564.06
13/09/2025 15:15;564.06
13/09/2025 15:30;564.06
13/09/2025 15:45;564.06
13/09/2025 16:00;564.06
13/09/2025 16:15;564.06
13/09/2025 16:30;564.06
13/09/2025 16:45;564.06
13/09/2025 17:00;564.05
13/09/2025 17:15;564.05
13/09/2025 17:30;564.05
13/09/2025 17:45;564.05
13/09/2025 18:00;564.05
13/09/2025 18:15;564.05
13/09/2025 18:30;564.05
13/09/2025 18:45;564.05
13/09/2025 19:00;564.05
13/09/2025 19:15;564.05
13/09/2025 19:30;564.04
13/09/2025 19:45;564.04
13/09/2025 20:00;564.04
13/09/2025 20:15;564.04
13/09/2025 20:30;564.04
13/09/2025 20:45;564.03
13/09/2025 21:00;564.03
13/09/2025 21:15;564.03
13/09/2025 21:30;564.03
13/09/2025 21:45;564.03
13/09/2025 22:00;564.01
13/09/2025 22:15;564.01
13/09/2025 22:30;564.01
13/09/2025 22:45;564.01
13/09/2025 23:00;564.01
13/09/2025 23:15;563.99
13/09/2025 23:30;563.99
13/09/2025 23:45;563.99
14/09/2025 00:00;563.99
14/09/2025 00:15;563.99
14/09/2025 00:30;563.98
14/09/2025 00:45;563.98
14/09/2025 01:00;563.97
14/09/2025 01:15;563.97
14/09/2025 01:30;563.97
14/09/2025 01:45;563.97
14/09/2025 02:00;563.97
14/09/2025 02:15;563.96
14/09/2025 02:30;563.96
14/09/2025 02:45;563.96
14/09/2025 03:00;563.96
14/09/2025 03:15;563.96
14/09/2025 03:30;563.96
14/09/2025 03:45;563.96
14/09/2025 04:00;563.96
14/09/2025 04:15;563.96
14/09/2025 04:30;563.96
14/09/2025 04:45;563.96
14/09/2025 05:00;563.96
14/09/2025 05:15;563.96
14/09/2025 05:30;563.94
14/09/2025 05:45;563.94
14/09/2025 06:00;563.96
14/09/2025 06:15;563.94
14/09/2025 06:30;563.94
14/09/2025 06:45;563.94
14/09/2025 07:00;563.94
14/09/2025 07:15;563.94
14/09/2025 07:30;563.94
14/09/2025 07:45;563.94
14/09/2025 08:00;563.93
14/09/2025 08:15;563.93
14/09/2025 08:30;563.93
14/09/2025 08:45;563.93
14/09/2025 09:00;563.92
14/09/2025 09:15;563.92
14/09/2025 09:30;563.92
14/09/2025 09:45;563.91
14/09/2025 10:00;563.91
14/09/2025 10:15;563.91
14/09/2025 10:30;563.91
14/09/2025 10:45;563.91
14/09/2025 11:00;563.91
14/09/2025 11:15;563.91
14/09/2025 11:30;563.91
14/09/2025 11:45;563.9
14/09/2025 12:00;563.9
14/09/2025 12:15;563.9
14/09/2025 12:30;563.89
14/09/2025 12:45;563.89
14/09/2025 13:00;563.89
14/09/2025 13:15;563.88
14/09/2025 13:30;563.88
14/09/2025 13:45;563.87
14/09/2025 14:00;563.87
14/09/2025 14:15;563.87
14/09/2025 14:30;563.87
14/09/2025 14:45;563.87
14/09/2025 15:00;563.87
14/09/2025 15:15;563.87
14/09/2025 15:30;563.87
14/09/2025 15:45;563.87
14/09/2025 16:00;563.87
14/09/2025 16:15;563.87
14/09/2025 16:30;563.87
14/09/2025 16:45;563.87
14/09/2025 17:00;563.87
14/09/2025 17:15;563.86
14/09/2025 17:30;563.86
14/09/2025 17:45;563.87
14/09/2025 18:00;563.87
14/09/2025 18:15;563.86
14/09/2025 18:30;563.86
14/09/2025 18:45;563.86
14/09/2025 19:00;563.87
14/09/2025 19:15;563.86
14/09/2025 19:30;563.86
14/09/2025 19:45;563.86
14/09/2025 20:00;563.86
14/09/2025 20:15;563.86
14/09/2025 20:30;563.86
14/09/2025 20:45;563.86
14/09/2025 21:00;563.85
14/09/2025 21:15;563.83
14/09/2025 21:30;563.83
14/09/2025 21:45;563.83
14/09/2025 22:00;563.83
14/09/2025 22:15;563.83
14/09/2025 22:30;563.82
14/09/2025 22:45;563.82
14/09/2025 23:00;563.81
14/09/2025 23:15;563.82
14/09/2025 23:30;563.81
14/09/2025 23:45;563.82
15/09/2025 00:00;563.8
15/09/2025 00:15;563.79
15/09/2025 00:30;563.8
15/09/2025 00:45;563.8
15/09/2025 01:00;563.8
15/09/2025 01:15;563.79
15/09/2025 01:30;563.79
15/09/2025 01:45;563.78
15/09/2025 02:00;563.78
15/09/2025 02:15;563.78
15/09/2025 02:30;563.78
15/09/2025 02:45;563.76
15/09/2025 03:00;563.76
15/09/2025 03:15;563.76
15/09/2025 03:30;563.76
15/09/2025 03:45;563.76
15/09/2025 04:00;563.76
15/09/2025 04:15;563.76
15/09/2025 04:30;563.76
15/09/2025 04:45;563.76
15/09/2025 05:00;563.76
15/09/2025 05:15;563.76
15/09/2025 05:30;563.76
15/09/2025 05:45;563.76
15/09/2025 06:00;563.76
15/09/2025 06:15;563.75
15/09/2025 06:30;563.76
15/09/2025 06:45;563.76
15/09/2025 07:00;563.76
15/09/2025 07:15;563.75
15/09/2025 07:30;563.75
15/09/2025 07:45;563.75
15/09/2025 08:00;563.75
15/09/2025 08:15;563.75
15/09/2025 08:30;563.74
15/09/2025 08:45;563.74
15/09/2025 09:00;563.74
15/09/2025 09:15;563.73
15/09/2025 09:30;563.73
15/09/2025 09:45;563.73
15/09/2025 10:00;563.72
15/09/2025 10:15;563.72
15/09/2025 10:30;563.71
15/09/2025 10:45;563.72
15/09/2025 11:00;563.7
15/09/2025 11:15;563.7
15/09/2025 11:30;563.71
15/09/2025 11:45;563.71
15/09/2025 12:00;563.71
15/09/2025 12:15;563.7
15/09/2025 12:30;563.71
15/09/2025 12:45;563.7
15/09/2025 13:00;563.71
15/09/2025 13:15;563.71
15/09/2025 13:30;563.7
15/09/2025 13:45;563.7
15/09/2025 14:00;563.71
15/09/2025 14:15;563.69
15/09/2025 14:30;563.71
15/09/2025 14:45;563.71
15/09/2025 15:00;563.71
15/09/2025 15:15;563.7
15/09/2025 15:30;563.71
15/09/2025 15:45;563.71
15/09/2025 16:00;563.7
15/09/2025 16:15;563.71
15/09/2025 16:30;563.7
15/09/2025 16:45;563.7
15/09/2025 17:00;563.7
15/09/2025 17:15;563.7
15/09/2025 17:30;563.7
15/09/2025 17:45;563.69
15/09/2025 18:00;563.7
15/09/2025 18:15;563.7
15/09/2025 18:30;563.7
15/09/2025 18:45;563.69
15/09/2025 19:00;563.69
15/09/2025 19:15;563.7
15/09/2025 19:30;563.68
15/09/2025 19:45;563.69
15/09/2025 20:00;563.68
15/09/2025 20:15;563.68
15/09/2025 20:30;563.68
15/09/2025 20:45;563.68
15/09/2025 21:00;563.68
15/09/2025 21:15;563.67
15/09/2025 21:30;563.67
15/09/2025 21:45;563.67
15/09/2025 22:00;563.65
15/09/2025 22:15;563.65
15/09/2025 22:30;563.65
15/09/2025 22:45;563.65
15/09/2025 23:00;563.64
15/09/2025 23:15;563.64
15/09/2025 23:30;563.65
15/09/2025 23:45;563.64
16/09/2025 00:00;563.64
16/09/2025 00:15;563.64
16/09/2025 00:30;563.63
16/09/2025 00:45;563.63
16/09/2025 01:00;563.62
16/09/2025 01:15;563.62
16/09/2025 01:30;563.61
16/09/2025 01:45;563.61
16/09/2025 02:00;563.61
16/09/2025 02:15;563.6
16/09/2025 02:30;563.61
16/09/2025 02:45;563.6
16/09/2025 03:00;563.6
16/09/2025 03:15;563.6
16/09/2025 03:30;563.6
16/09/2025 03:45;563.6
16/09/2025 04:00;563.6
16/09/2025 04:15;563.6
16/09/2025 04:30;563.6
16/09/2025 04:45;563.6
16/09/2025 05:00;563.6
16/09/2025 05:15;563.58
16/09/2025 05:30;563.57
16/09/2025 05:45;563.58
16/09/2025 06:00;563.6
16/09/2025 06:15;563.58
16/09/2025 06:30;563.58
16/09/2025 06:45;563.58
16/09/2025 07:00;563.58
16/09/2025 07:15;563.57
16/09/2025 07:30;563.57
16/09/2025 07:45;563.57
16/09/2025 08:00;563.57
16/09/2025 08:15;563.57
16/09/2025 08:30;563.56
16/09/2025 08:45;563.56
16/09/2025 09:00;563.56
16/09/2025 09:15;563.55
16/09/2025 09:30;563.54
16/09/2025 09:45;563.54
16/09/2025 10:00;563.54
16/09/2025 10:15;563.55
16/09/2025 10:30;563.54
16/09/2025 10:45;563.53
16/09/2025 11:00;563.53
16/09/2025 11:15;563.53
16/09/2025 11:30;563.53
16/09/2025 11:45;563.53
16/09/2025 12:00;563.53
16/09/2025 12:15;563.53
16/09/2025 12:30;563.53
16/09/2025 12:45;563.53
16/09/2025 13:00;563.53
16/09/2025 13:15;563.52
16/09/2025 13:30;563.53
16/09/2025 13:45;563.53
16/09/2025 14:00;563.52
16/09/2025 14:15;563.53
16/09/2025 14:30;563.53
16/09/2025 14:45;563.52
16/09/2025 15:00;563.52
16/09/2025 15:15;563.52
16/09/2025 15:30;563.52
16/09/2025 15:45;563.52
16/09/2025 16:00;563.52
16/09/2025 16:15;563.52
16/09/2025 16:30;563.52
16/09/2025 16:45;563.52
16/09/2025 17:00;563.52
16/09/2025 17:15;563.52
16/09/2025 17:30;563.52
16/09/2025 17:45;563.52
16/09/2025 18:00;563.51
16/09/2025 18:15;563.51
16/09/2025 18:30;563.51
16/09/2025 18:45;563.51
16/09/2025 19:00;563.51
16/09/2025 19:15;563.51
16/09/2025 19:30;563.51
16/09/2025 19:45;563.5
16/09/2025 20:00;563.5
16/09/2025 20:15;563.5
16/09/2025 20:30;563.5
16/09/2025 20:45;563.5
16/09/2025 21:00;563.49
16/09/2025 21:15;563.49
16/09/2025 21:30;563.49
16/09/2025 21:45;563.49
16/09/2025 22:00;563.47
16/09/2025 22:15;563.47
16/09/2025 22:30;563.47
16/09/2025 22:45;563.47
16/09/2025 23:00;563.47
16/09/2025 23:15;563.47
16/09/2025 23:30;563.46
16/09/2025 23:45;563.46
17/09/2025 00:00;563.46
17/09/2025 00:15;563.45
17/09/2025 00:30;563.45
17/09/2025 00:45;563.44
17/09/2025 01:00;563.45
17/09/2025 01:15;563.44
17/09/2025 01:30;563.44
17/09/2025 01:45;563.43
17/09/2025 02:00;563.42
17/09/2025 02:15;563.43
17/09/2025 02:30;563.42
17/09/2025 02:45;563.42
17/09/2025 03:00;563.42
17/09/2025 03:15;563.42
17/09/2025 03:30;563.42
17/09/2025 03:45;563.42
17/09/2025 04:00;563.42
17/09/2025 04:15;563.42
17/09/2025 04:30;563.42
17/09/2025 04:45;563.42
17/09/2025 05:00;563.42
17/09/2025 05:15;563.42
17/09/2025 05:30;563.42
17/09/2025 05:45;563.4
17/09/2025 06:00;563.4
17/09/2025 06:15;563.42
17/09/2025 06:30;563.4
17/09/2025 06:45;563.42
17/09/2025 07:00;563.4
17/09/2025 07:15;563.4
17/09/2025 07:30;563.4
17/09/2025 07:45;563.39
17/09/2025 08:00;563.39
17/09/2025 08:15;563.39
17/09/2025 08:30;563.39
17/09/2025 08:45;563.39
17/09/2025 09:00;563.39
17/09/2025 09:15;563.38
17/09/2025 09:30;563.38
17/09/2025 09:45;563.38
17/09/2025 10:00;563.38
17/09/2025 10:15;563.37
17/09/2025 10:30;563.37
17/09/2025 10:45;563.37
17/09/2025 11:00;563.36
17/09/2025 11:15;563.36
17/09/2025 11:30;563.36
17/09/2025 11:45;563.36
17/09/2025 12:00;563.36
17/09/2025 12:15;563.36
17/09/2025 12:30;563.35
17/09/2025 12:45;563.35
17/09/2025 13:00;563.35
17/09/2025 13:15;563.35
17/09/2025 13:30;563.35
17/09/2025 13:45;563.35
17/09/2025 14:00;563.35
17/09/2025 14:15;563.35
17/09/2025 14:30;563.35
17/09/2025 14:45;563.35
17/09/2025 15:00;563.35
17/09/2025 15:15;563.35
17/09/2025 15:30;563.35
17/09/2025 15:45;563.35
17/09/2025 16:00;563.35
17/09/2025 16:15;563.34
17/09/2025 16:30;563.34
17/09/2025 16:45;563.34
17/09/2025 17:00;563.34
17/09/2025 17:15;563.34
17/09/2025 17:30;563.34
17/09/2025 17:45;563.34
17/09/2025 18:00;563.34
17/09/2025 18:15;563.34
17/09/2025 18:30;563.34
17/09/2025 18:45;563.34
17/09/2025 19:00;563.34
17/09/2025 19:15;563.34
17/09/2025 19:30;563.33
17/09/2025 19:45;563.32
17/09/2025 20:00;563.32
17/09/2025 20:15;563.33
17/09/2025 20:30;563.33
17/09/2025 20:45;563.33
17/09/2025 21:00;563.32
17/09/2025 21:15;563.32
17/09/2025 21:30;563.32
17/09/2025 21:45;563.32
17/09/2025 22:00;563.32
17/09/2025 22:15;563.31
17/09/2025 22:30;563.29
17/09/2025 22:45;563.29
17/09/2025 23:00;563.29
17/09/2025 23:15;563.29
17/09/2025 23:30;563.29
17/09/2025 23:45;563.28
18/09/2025 00:00;563.28
18/09/2025 00:15;563.27
18/09/2025 00:30;563.27
18/09/2025 00:45;563.27
18/09/2025 01:00;563.27
18/09/2025 01:15;563.27
18/09/2025 01:30;563.27
18/09/2025 01:45;563.26
18/09/2025 02:00;563.26
18/09/2025 02:15;563.25
18/09/2025 02:30;563.25
18/09/2025 02:45;563.24
18/09/2025 03:00;563.24
18/09/2025 03:15;563.24
18/09/2025 03:30;563.24
18/09/2025 03:45;563.24
18/09/2025 04:00;563.24
18/09/2025 04:15;563.24
18/09/2025 04:30;563.24
18/09/2025 04:45;563.24
18/09/2025 05:00;563.24
18/09/2025 05:15;563.24
18/09/2025 05:30;563.24
18/09/2025 05:45;563.24
18/09/2025 06:00;563.24
18/09/2025 06:15;563.24
18/09/2025 06:30;563.24
18/09/2025 06:45;563.24
18/09/2025 07:00;563.22
18/09/2025 07:15;563.22
18/09/2025 07:30;563.22
18/09/2025 07:45;563.21
18/09/2025 08:00;563.22
18/09/2025 08:15;563.21
18/09/2025 08:30;563.21
18/09/2025 08:45;563.21
18/09/2025 09:00;563.21
18/09/2025 09:15;563.21
18/09/2025 09:30;563.2
18/09/2025 09:45;563.2
18/09/2025 10:00;563.2
18/09/2025 10:15;563.19
18/09/2025 10:30;563.19
18/09/2025 10:45;563.18
18/09/2025 11:00;563.18
18/09/2025 11:15;563.18
18/09/2025 11:30;563.18
18/09/2025 11:45;563.18
18/09/2025 12:00;563.18
18/09/2025 12:15;563.18
18/09/2025 12:30;563.18
18/09/2025 12:45;563.18
18/09/2025 13:00;563.17
18/09/2025 13:15;563.17
18/09/2025 13:30;563.17
18/09/2025 13:45;563.17
18/09/2025 14:00;563.17
18/09/2025 14:15;563.17
18/09/2025 14:30;563.17
18/09/2025 14:45;563.17
18/09/2025 15:00;563.17
18/09/2025 15:15;563.17
18/09/2025 15:30;563.17
18/09/2025 15:45;563.17
18/09/2025 16:00;563.17
18/09/2025 16:15;563.17
18/09/2025 16:30;563.16
18/09/2025 16:45;563.16
18/09/2025 17:00;563.16
18/09/2025 17:15;563.16
18/09/2025 17:30;563.16
18/09/2025 17:45;563.16
18/09/2025 18:00;563.16
18/09/2025 18:15;563.16
18/09/2025 18:30;563.16
18/09/2025 18:45;563.16
18/09/2025 19:00;563.16
18/09/2025 19:15;563.16
18/09/2025 19:30;563.15
18/09/2025 19:45;563.16
18/09/2025 20:00;563.15
18/09/2025 20:15;563.15
18/09/2025 20:30;563.15
18/09/2025 20:45;563.14
18/09/2025 21:00;563.14
18/09/2025 21:15;563.14
18/09/2025 21:30;563.13
18/09/2025 21:45;563.13
18/09/2025 22:00;563.13
18/09/2025 22:15;563.13
18/09/2025 22:30;563.13
18/09/2025 22:45;563.11
18/09/2025 23:00;563.11
18/09/2025 23:15;563.11
18/09/2025 23:30;563.11
18/09/2025 23:45;563.11
19/09/2025 00:00;563.11
19/09/2025 00:15;563.1
19/09/2025 00:30;563.11
19/09/2025 00:45;563.1
19/09/2025 01:00;563.09
19/09/2025 01:15;563.09
19/09/2025 01:30;563.09
19/09/2025 01:45;563.09
19/09/2025 02:00;563.09
19/09/2025 02:15;563.08
19/09/2025 02:30;563.08
19/09/2025 02:45;563.08
19/09/2025 03:00;563.08
19/09/2025 03:15;563.08
19/09/2025 03:30;563.08
19/09/2025 03:45;563.08
19/09/2025 04:00;563.08
19/09/2025 04:15;563.08
19/09/2025 04:30;563.08
19/09/2025 04:45;563.08
19/09/2025 05:00;563.08
19/09/2025 05:15;563.07
19/09/2025 05:30;563.07
19/09/2025 05:45;563.07
19/09/2025 06:00;563.07
19/09/2025 06:15;563.07
19/09/2025 06:30;563.07
19/09/2025 06:45;563.07
19/09/2025 07:00;563.07
19/09/2025 07:15;563.06
19/09/2025 07:30;563.06
19/09/2025 07:45;563.06
19/09/2025 08:00;563.06
19/09/2025 08:15;563.06
19/09/2025 08:30;563.04
19/09/2025 08:45;563.06
19/09/2025 09:00;563.04
19/09/2025 09:15;563.03
19/09/2025 09:30;563.03
19/09/2025 09:45;563.03
19/09/2025 10:00;563.03
19/09/2025 10:15;563.03
19/09/2025 10:30;563.03
19/09/2025 10:45;563.03
19/09/2025 11:00;563.02
19/09/2025 11:15;563.02
19/09/2025 11:30;563.02
19/09/2025 11:45;563.02
19/09/2025 12:00;563.02
19/09/2025 12:15;563.02
19/09/2025 12:30;563.02
19/09/2025 12:45;563.02
19/09/2025 13:00;563.02
19/09/2025 13:15;563.02
19/09/2025 13:30;563.01
19/09/2025 13:45;563.02
19/09/2025 14:00;563.01
19/09/2025 14:15;563.02
19/09/2025 14:30;563.01
19/09/2025 14:45;563.01
19/09/2025 15:00;563.01
19/09/2025 15:15;563.01
19/09/2025 15:30;563.01
19/09/2025 15:45;563.01
19/09/2025 16:00;563.01
19/09/2025 16:15;563
19/09/2025 16:30;563
19/09/2025 16:45;563
19/09/2025 17:00;563
19/09/2025 17:15;563
19/09/2025 17:30;563
19/09/2025 17:45;563
19/09/2025 18:00;563
19/09/2025 18:15;563
19/09/2025 18:30;563
19/09/2025 18:45;563
19/09/2025 19:00;563
19/09/2025 19:15;562.99
19/09/2025 19:30;562.99
19/09/2025 19:45;562.99
19/09/2025 20:00;562.99
19/09/2025 20:15;562.98
19/09/2025 20:30;562.98
19/09/2025 20:45;562.98
19/09/2025 21:00;562.97
19/09/2025 21:15;562.98
19/09/2025 21:30;562.97
19/09/2025 21:45;562.96
19/09/2025 22:00;562.97
19/09/2025 22:15;562.97
19/09/2025 22:30;562.96
19/09/2025 22:45;562.96
19/09/2025 23:00;562.95
19/09/2025 23:15;562.95
19/09/2025 23:30;562.95
19/09/2025 23:45;562.95
20/09/2025 00:00;562.95
20/09/2025 00:15;562.93
20/09/2025 00:30;562.93
20/09/2025 00:45;562.93
20/09/2025 01:00;562.93
20/09/2025 01:15;562.93
20/09/2025 01:30;562.93
20/09/2025 01:45;562.93
20/09/2025 02:00;562.92
20/09/2025 02:15;562.92
20/09/2025 02:30;562.92
20/09/2025 02:45;562.92
20/09/2025 03:00;562.92
20/09/2025 03:15;562.92
20/09/2025 03:30;562.92
20/09/2025 03:45;562.92
20/09/2025 04:00;562.92
20/09/2025 04:15;562.91
20/09/2025 04:30;562.91
20/09/2025 04:45;562.91
20/09/2025 05:00;562.91
20/09/2025 05:15;562.91
20/09/2025 05:30;562.9
20/09/2025 05:45;562.91
20/09/2025 06:00;562.9
20/09/2025 06:15;562.91
20/09/2025 06:30;562.9
20/09/2025 06:45;562.9
20/09/2025 07:00;562.9
20/09/2025 07:15;562.89
20/09/2025 07:30;562.9
20/09/2025 07:45;562.89
20/09/2025 08:00;562.89
20/09/2025 08:15;562.89
20/09/2025 08:30;562.89
20/09/2025 08:45;562.88
20/09/2025 09:00;562.88
20/09/2025 09:15;562.88
20/09/2025 09:30;562.88
20/09/2025 09:45;562.88
20/09/2025 10:00;562.88
20/09/2025 10:15;562.88
20/09/2025 10:30;562.88
20/09/2025 10:45;562.88
20/09/2025 11:00;562.88
20/09/2025 11:15;562.88
20/09/2025 11:30;562.88
20/09/2025 11:45;562.88
20/09/2025 12:00;562.88
20/09/2025 12:15;562.88
20/09/2025 12:30;562.88
20/09/2025 12:45;562.88
20/09/2025 13:00;562.88
20/09/2025 13:15;562.86
20/09/2025 13:30;562.86
20/09/2025 13:45;562.85
20/09/2025 14:00;562.85
20/09/2025 14:15;562.85
20/09/2025 14:30;562.85
20/09/2025 14:45;562.85
20/09/2025 15:00;562.85
20/09/2025 15:15;562.85
20/09/2025 15:30;562.85
20/09/2025 15:45;562.85
20/09/2025 16:00;562.85
20/09/2025 16:15;562.85
20/09/2025 16:30;562.85
20/09/2025 16:45;562.85
20/09/2025 17:00;562.85
20/09/2025 17:15;562.85
20/09/2025 17:30;562.85
20/09/2025 17:45;562.85
20/09/2025 18:00;562.84
20/09/2025 18:15;562.84
20/09/2025 18:30;562.84
20/09/2025 18:45;562.84
20/09/2025 19:00;562.84
20/09/2025 19:15;562.84
20/09/2025 19:30;562.84
20/09/2025 19:45;562.84
20/09/2025 20:00;562.84
20/09/2025 20:15;562.84
20/09/2025 20:30;562.82
20/09/2025 20:45;562.82
20/09/2025 21:00;562.82
20/09/2025 21:15;562.82
20/09/2025 21:30;562.82
20/09/2025 21:45;562.82
20/09/2025 22:00;562.82
20/09/2025 22:15;562.82
20/09/2025 22:30;562.81
20/09/2025 22:45;562.81
20/09/2025 23:00;562.81
20/09/2025 23:15;562.8
20/09/2025 23:30;562.8
20/09/2025 23:45;562.8
21/09/2025 00:00;562.82
21/09/2025 00:15;562.81
21/09/2025 00:30;562.82
21/09/2025 00:45;562.81
21/09/2025 01:00;562.81
21/09/2025 01:15;562.81
21/09/2025 01:30;562.8
21/09/2025 01:45;562.81
21/09/2025 02:00;562.81
21/09/2025 02:15;562.8
21/09/2025 02:30;562.81
21/09/2025 02:45;562.8
21/09/2025 03:00;562.82
21/09/2025 03:15;562.8
21/09/2025 03:30;562.81
21/09/2025 03:45;562.8
21/09/2025 04:00;562.8
21/09/2025 04:15;562.8
21/09/2025 04:30;562.79
21/09/2025 04:45;562.8
21/09/2025 05:00;562.79
21/09/2025 05:15;562.8
21/09/2025 05:30;562.79
21/09/2025 05:45;562.8
21/09/2025 06:00;562.79
21/09/2025 06:15;562.79
21/09/2025 06:30;562.79
21/09/2025 06:45;562.79
21/09/2025 07:00;562.79
21/09/2025 07:15;562.79
21/09/2025 07:30;562.78
21/09/2025 07:45;562.78
21/09/2025 08:00;562.78
21/09/2025 08:15;562.77
21/09/2025 08:30;562.77
21/09/2025 08:45;562.77
21/09/2025 09:00;562.77
21/09/2025 09:15;562.77
21/09/2025 09:30;562.77
21/09/2025 09:45;562.77
21/09/2025 10:00;562.75
21/09/2025 10:15;562.77
21/09/2025 10:30;562.75
21/09/2025 10:45;562.75
21/09/2025 11:00;562.75
21/09/2025 11:15;562.75
21/09/2025 11:30;562.75
21/09/2025 11:45;562.75
21/09/2025 12:00;562.75
21/09/2025 12:15;562.75
21/09/2025 12:30;562.75
21/09/2025 12:45;562.75
21/09/2025 13:00;562.75
21/09/2025 13:15;562.75
21/09/2025 13:30;562.75
21/09/2025 13:45;562.75
21/09/2025 14:00;562.75
21/09/2025 14:15;562.75
21/09/2025 14:30;562.75
21/09/2025 14:45;562.75
21/09/2025 15:00;562.75
21/09/2025 15:15;562.75
21/09/2025 15:30;562.75
21/09/2025 15:45;562.75
21/09/2025 16:00;562.75
21/09/2025 16:15;562.75
21/09/2025 16:30;562.75
21/09/2025 16:45;562.75
21/09/2025 17:00;562.74
21/09/2025 17:15;562.75
21/09/2025 17:30;562.74
21/09/2025 17:45;562.75
21/09/2025 18:00;562.74
21/09/2025 18:15;562.74
21/09/2025 18:30;562.74
21/09/2025 18:45;562.74
21/09/2025 19:00;562.74
21/09/2025 19:15;562.74
21/09/2025 19:30;562.73
21/09/2025 19:45;562.73
21/09/2025 20:00;562.74
21/09/2025 20:15;562.73
21/09/2025 20:30;562.72
21/09/2025 20:45;562.73
21/09/2025 21:00;562.72
21/09/2025 21:15;562.72
21/09/2025 21:30;562.71
21/09/2025 21:45;562.71
21/09/2025 22:00;562.71
21/09/2025 22:15;562.7
21/09/2025 22:30;562.7
21/09/2025 22:45;562.71
21/09/2025 23:00;562.7
21/09/2025 23:15;562.7
21/09/2025 23:30;562.7
21/09/2025 23:45;562.7
22/09/2025 00:00;562.7
22/09/2025 00:15;562.7
22/09/2025 00:30;562.7
22/09/2025 00:45;562.7
22/09/2025 01:00;562.7
22/09/2025 01:15;562.7
22/09/2025 01:30;562.7
22/09/2025 01:45;562.7
22/09/2025 02:00;562.7
22/09/2025 02:15;562.7
22/09/2025 02:30;562.7
22/09/2025 02:45;562.7
22/09/2025 03:00;562.7
22/09/2025 03:15;562.7
22/09/2025 03:30;562.7
22/09/2025 03:45;562.68
22/09/2025 04:00;562.7
22/09/2025 04:15;562.68
22/09/2025 04:30;562.68
22/09/2025 04:45;562.68
22/09/2025 05:00;562.68
22/09/2025 05:15;562.68
22/09/2025 05:30;562.68
22/09/2025 05:45;562.68
22/09/2025 06:00;562.68
22/09/2025 06:15;562.68
22/09/2025 06:30;562.68
22/09/2025 06:45;562.67
22/09/2025 07:00;562.67
22/09/2025 07:15;562.68
22/09/2025 07:30;562.68
22/09/2025 07:45;562.67
22/09/2025 08:00;562.67
22/09/2025 08:15;562.67
22/09/2025 08:30;562.67
22/09/2025 08:45;562.67
22/09/2025 09:00;562.67
22/09/2025 09:15;562.66
22/09/2025 09:30;562.64
22/09/2025 09:45;562.64
22/09/2025 10:00;562.64
22/09/2025 10:15;562.64
22/09/2025 10:30;562.64
22/09/2025 10:45;562.64
22/09/2025 11:00;562.64
22/09/2025 11:15;562.64
22/09/2025 11:30;562.64
22/09/2025 11:45;562.64
22/09/2025 12:00;562.64
22/09/2025 12:15;562.64
22/09/2025 12:30;562.64
22/09/2025 12:45;562.64
22/09/2025 13:00;562.64
22/09/2025 13:15;562.64
22/09/2025 13:30;562.64
22/09/2025 13:45;562.64
22/09/2025 14:00;562.64
22/09/2025 14:15;562.63
22/09/2025 14:30;562.63
22/09/2025 14:45;562.63
22/09/2025 15:00;562.63
22/09/2025 15:15;562.63
22/09/2025 15:30;562.63
22/09/2025 15:45;562.63
22/09/2025 16:00;562.63
22/09/2025 16:15;562.63
22/09/2025 16:30;562.63
22/09/2025 16:45;562.63
22/09/2025 17:00;562.63
22/09/2025 17:15;562.62
22/09/2025 17:30;562.63
22/09/2025 17:45;562.62
22/09/2025 18:00;562.63
22/09/2025 18:15;562.62
22/09/2025 18:30;562.62
22/09/2025 18:45;562.63
22/09/2025 19:00;562.63
22/09/2025 19:15;562.62
22/09/2025 19:30;562.61
22/09/2025 19:45;562.62
22/09/2025 20:00;562.6
22/09/2025 20:15;562.6
22/09/2025 20:30;562.6
22/09/2025 20:45;562.6
22/09/2025 21:00;562.59
22/09/2025 21:15;562.59
22/09/2025 21:30;562.59
22/09/2025 21:45;562.59
22/09/2025 22:00;562.59
22/09/2025 22:15;562.59
22/09/2025 22:30;562.59
22/09/2025 22:45;562.59
22/09/2025 23:00;562.59
22/09/2025 23:15;562.59
22/09/2025 23:30;562.59
22/09/2025 23:45;562.59
23/09/2025 00:00;562.57
23/09/2025 00:15;562.57
23/09/2025 00:30;562.57
23/09/2025 00:45;562.57
23/09/2025 01:00;562.57
23/09/2025 01:15;562.57
23/09/2025 01:30;562.57
23/09/2025 01:45;562.57
23/09/2025 02:00;562.57
23/09/2025 02:15;562.57
23/09/2025 02:30;562.57
23/09/2025 02:45;562.57
23/09/2025 03:00;562.57
23/09/2025 03:15;562.57
23/09/2025 03:30;562.57
23/09/2025 03:45;562.57
23/09/2025 04:00;562.57
23/09/2025 04:15;562.57
23/09/2025 04:30;562.57
23/09/2025 04:45;562.56
23/09/2025 05:00;562.56
23/09/2025 05:15;562.57
23/09/2025 05:30;562.56
23/09/2025 05:45;562.57
23/09/2025 06:00;562.57
23/09/2025 06:15;562.57
23/09/2025 06:30;562.56
23/09/2025 06:45;562.57
23/09/2025 07:00;562.56
23/09/2025 07:15;562.55
23/09/2025 07:30;562.56
23/09/2025 07:45;562.55
23/09/2025 08:00;562.55
23/09/2025 08:15;562.55
23/09/2025 08:30;562.54
23/09/2025 08:45;562.54
23/09/2025 09:00;562.53
23/09/2025 09:15;562.53
23/09/2025 09:30;562.53
23/09/2025 09:45;562.52
23/09/2025 10:00;562.52
23/09/2025 10:15;562.52
23/09/2025 10:30;562.52
23/09/2025 10:45;562.52
23/09/2025 11:00;562.52
23/09/2025 11:15;562.52
23/09/2025 11:30;562.52
23/09/2025 11:45;562.51
23/09/2025 12:00;562.52
23/09/2025 12:15;562.51
23/09/2025 12:30;562.51
23/09/2025 12:45;562.51
23/09/2025 13:00;562.52
23/09/2025 13:15;562.51
23/09/2025 13:30;562.51
23/09/2025 13:45;562.51
23/09/2025 14:00;562.52
23/09/2025 14:15;562.51
23/09/2025 14:30;562.51
23/09/2025 14:45;562.52
23/09/2025 15:00;562.5
23/09/2025 15:15;562.51
23/09/2025 15:30;562.51
23/09/2025 15:45;562.51
23/09/2025 16:00;562.5
23/09/2025 16:15;562.5
23/09/2025 16:30;562.51
23/09/2025 16:45;562.51
23/09/2025 17:00;562.51
23/09/2025 17:15;562.51
23/09/2025 17:30;562.5
23/09/2025 17:45;562.51
23/09/2025 18:00;562.5
23/09/2025 18:15;562.5
23/09/2025 18:30;562.5
23/09/2025 18:45;562.5
23/09/2025 19:00;562.5
23/09/2025 19:15;562.5
23/09/2025 19:30;562.5
23/09/2025 19:45;562.49
23/09/2025 20:00;562.49
23/09/2025 20:15;562.49
23/09/2025 20:30;562.48
23/09/2025 20:45;562.48
23/09/2025 21:00;562.48
23/09/2025 21:15;562.48
23/09/2025 21:30;562.46
23/09/2025 21:45;562.46
23/09/2025 22:00;562.46
23/09/2025 22:15;562.46
23/09/2025 22:30;562.46
23/09/2025 22:45;562.46
23/09/2025 23:00;562.45
23/09/2025 23:15;562.46
23/09/2025 23:30;562.45
23/09/2025 23:45;562.45
24/09/2025 00:00;562.44
24/09/2025 00:15;562.45
24/09/2025 00:30;562.45
24/09/2025 00:45;562.45
24/09/2025 01:00;562.44
24/09/2025 01:15;562.44
24/09/2025 01:30;562.44
24/09/2025 01:45;562.44
24/09/2025 02:00;562.44
24/09/2025 02:15;562.44
24/09/2025 02:30;562.44
24/09/2025 02:45;562.44
24/09/2025 03:00;562.44
24/09/2025 03:15;562.44
24/09/2025 03:30;562.44
24/09/2025 03:45;562.44
24/09/2025 04:00;562.43
24/09/2025 04:15;562.43
24/09/2025 04:30;562.43
24/09/2025 04:45;562.43
24/09/2025 05:00;562.43
24/09/2025 05:15;562.43
24/09/2025 05:30;562.43
24/09/2025 05:45;562.43
24/09/2025 06:00;562.43
24/09/2025 06:15;562.43
24/09/2025 06:30;562.43
24/09/2025 06:45;562.43
24/09/2025 07:00;562.43
24/09/2025 07:15;562.42
24/09/2025 07:30;562.42
24/09/2025 07:45;562.41
24/09/2025 08:00;562.41
24/09/2025 08:15;562.41
24/09/2025 08:30;562.41
24/09/2025 08:45;562.41
24/09/2025 09:00;562.41
24/09/2025 09:15;562.41
24/09/2025 09:30;562.41
24/09/2025 09:45;562.41
24/09/2025 10:00;562.39
24/09/2025 10:15;562.39
24/09/2025 10:30;562.39
24/09/2025 10:45;562.39
24/09/2025 11:00;562.39
24/09/2025 11:15;562.39
24/09/2025 11:30;562.39
24/09/2025 11:45;562.39
24/09/2025 12:00;562.39
24/09/2025 12:15;562.39
24/09/2025 12:30;562.39
24/09/2025 12:45;562.39
24/09/2025 13:00;562.39
24/09/2025 13:15;562.39
24/09/2025 13:30;562.39
24/09/2025 13:45;562.39
24/09/2025 14:00;562.39
24/09/2025 14:15;562.38
24/09/2025 14:30;562.39
24/09/2025 14:45;562.38
24/09/2025 15:00;562.38
24/09/2025 15:15;562.38
24/09/2025 15:30;562.38
24/09/2025 15:45;562.38
24/09/2025 16:00;562.38
24/09/2025 16:15;562.38
24/09/2025 16:30;562.37
24/09/2025 16:45;562.37
24/09/2025 17:00;562.37
24/09/2025 17:15;562.36
24/09/2025 17:30;562.36
24/09/2025 17:45;562.37
24/09/2025 18:00;562.36
24/09/2025 18:15;562.36
24/09/2025 18:30;562.36
24/09/2025 18:45;562.36
24/09/2025 19:00;562.36
24/09/2025 19:15;562.36
24/09/2025 19:30;562.35
24/09/2025 19:45;562.35
24/09/2025 20:00;562.34
24/09/2025 20:15;562.34
24/09/2025 20:30;562.34
24/09/2025 20:45;562.34
24/09/2025 21:00;562.33
24/09/2025 21:15;562.33
24/09/2025 21:30;562.33
24/09/2025 21:45;562.32
24/09/2025 22:00;562.32
24/09/2025 22:15;562.31
24/09/2025 22:30;562.31
24/09/2025 22:45;562.31
24/09/2025 23:00;562.31
24/09/2025 23:15;562.31
24/09/2025 23:30;562.31
24/09/2025 23:45;562.31
25/09/2025 00:00;562.31
25/09/2025 00:15;562.31
25/09/2025 00:30;562.31
25/09/2025 00:45;562.31
25/09/2025 01:00;562.31
25/09/2025 01:15;562.3
25/09/2025 01:30;562.31
25/09/2025 01:45;562.3
25/09/2025 02:00;562.31
25/09/2025 02:15;562.3
25/09/2025 02:30;562.3
25/09/2025 02:45;562.3
25/09/2025 03:00;562.3
25/09/2025 03:15;562.3
25/09/2025 03:30;562.3
25/09/2025 03:45;562.3
25/09/2025 04:00;562.3
25/09/2025 04:15;562.28
25/09/2025 04:30;562.3
25/09/2025 04:45;562.3
25/09/2025 05:00;562.28
25/09/2025 05:15;562.3
25/09/2025 05:30;562.3
25/09/2025 05:45;562.28
25/09/2025 06:00;562.3
25/09/2025 06:15;562.28
25/09/2025 06:30;562.28
25/09/2025 06:45;562.28
25/09/2025 07:00;562.28
25/09/2025 07:15;562.28
25/09/2025 07:30;562.28
25/09/2025 07:45;562.28
25/09/2025 08:00;562.28
25/09/2025 08:15;562.27
25/09/2025 08:30;562.27
25/09/2025 08:45;562.27
25/09/2025 09:00;562.26
25/09/2025 09:15;562.26
25/09/2025 09:30;562.25
25/09/2025 09:45;562.25
25/09/2025 10:00;562.25
25/09/2025 10:15;562.25
25/09/2025 10:30;562.25
25/09/2025 10:45;562.25
25/09/2025 11:00;562.24
25/09/2025 11:15;562.24
25/09/2025 11:30;562.24
25/09/2025 11:45;562.24
25/09/2025 12:00;562.24
25/09/2025 12:15;562.24
25/09/2025 12:30;562.24
25/09/2025 12:45;562.24
25/09/2025 13:00;562.24
25/09/2025 13:15;562.24
25/09/2025 13:30;562.25
25/09/2025 13:45;562.24
25/09/2025 14:00;562.24
25/09/2025 14:15;562.24
25/09/2025 14:30;562.24
25/09/2025 14:45;562.23
25/09/2025 15:00;562.23
25/09/2025 15:15;562.23
25/09/2025 15:30;562.24
25/09/2025 15:45;562.23
25/09/2025 16:00;562.23
25/09/2025 16:15;562.23
25/09/2025 16:30;562.23
25/09/2025 16:45;562.24
25/09/2025 17:00;562.23
25/09/2025 17:15;562.23
25/09/2025 17:30;562.23
25/09/2025 17:45;562.23
25/09/2025 18:00;562.23
25/09/2025 18:15;562.23
25/09/2025 18:30;562.21
25/09/2025 18:45;562.21
25/09/2025 19:00;562.21
25/09/2025 19:15;562.21
25/09/2025 19:30;562.2
25/09/2025 19:45;562.2
25/09/2025 20:00;562.2
25/09/2025 20:15;562.2
25/09/2025 20:30;562.2
25/09/2025 20:45;562.2
25/09/2025 21:00;562.19
25/09/2025 21:15;562.19
25/09/2025 21:30;562.18
25/09/2025 21:45;562.18
25/09/2025 22:00;562.18
25/09/2025 22:15;562.18
25/09/2025 22:30;562.17
25/09/2025 22:45;562.17
25/09/2025 23:00;562.17
25/09/2025 23:15;562.17
25/09/2025 23:30;562.16
25/09/2025 23:45;562.16
26/09/2025 00:00;562.16
26/09/2025 00:15;562.16
26/09/2025 00:30;562.16
26/09/2025 00:45;562.16
26/09/2025 01:00;562.16
26/09/2025 01:15;562.16
26/09/2025 01:30;562.16
26/09/2025 01:45;562.15
26/09/2025 02:00;562.15
26/09/2025 02:15;562.15
26/09/2025 02:30;562.15
26/09/2025 02:45;562.15
26/09/2025 03:00;562.15
26/09/2025 03:15;562.15
26/09/2025 03:30;562.15
26/09/2025 03:45;562.15
26/09/2025 04:00;562.15
26/09/2025 04:15;562.14
26/09/2025 04:30;562.14
26/09/2025 04:45;562.14
26/09/2025 05:00;562.14
26/09/2025 05:15;562.14
26/09/2025 05:30;562.14
26/09/2025 05:45;562.14
26/09/2025 06:00;562.14
26/09/2025 06:15;562.13
26/09/2025 06:30;562.13
26/09/2025 06:45;562.13
26/09/2025 07:00;562.13
26/09/2025 07:15;562.13
26/09/2025 07:30;562.13
26/09/2025 07:45;562.13
26/09/2025 08:00;562.13
26/09/2025 08:15;562.13
26/09/2025 08:30;562.1
26/09/2025 08:45;562.12
26/09/2025 09:00;562.12
26/09/2025 09:15;562.1
26/09/2025 09:30;562.1
26/09/2025 09:45;562.1
26/09/2025 10:00;562.1
26/09/2025 10:15;562.1
26/09/2025 10:30;562.1
26/09/2025 10:45;562.1
26/09/2025 11:00;562.1
26/09/2025 11:15;562.1
26/09/2025 11:30;562.1
26/09/2025 11:45;562.1
26/09/2025 12:00;562.1
26/09/2025 12:15;562.1
26/09/2025 12:30;562.09
26/09/2025 12:45;562.09
26/09/2025 13:00;562.1
26/09/2025 13:15;562.09
26/09/2025 13:30;562.09
26/09/2025 13:45;562.09
26/09/2025 14:00;562.09
26/09/2025 14:15;562.09
26/09/2025 14:30;562.09
26/09/2025 14:45;562.1
26/09/2025 15:00;562.08
26/09/2025 15:15;562.08
26/09/2025 15:30;562.09
26/09/2025 15:45;562.08
29/09/2025 13:45;561.63
29/09/2025 14:00;561.62
29/09/2025 14:15;561.61
29/09/2025 14:30;561.61
29/09/2025 14:45;561.62
29/09/2025 15:00;561.62
29/09/2025 15:15;561.6
29/09/2025 15:30;561.61
29/09/2025 15:45;561.61
29/09/2025 16:00;561.62
29/09/2025 16:15;561.61
29/09/2025 16:30;561.62
29/09/2025 16:45;561.6
29/09/2025 17:00;561.6
29/09/2025 17:15;561.6
29/09/2025 17:30;561.61
29/09/2025 17:45;561.61
29/09/2025 18:00;561.6
29/09/2025 18:15;561.61
29/09/2025 18:30;561.61
29/09/2025 18:45;561.61
29/09/2025 19:00;561.62
29/09/2025 19:15;561.59
29/09/2025 19:30;561.59
29/09/2025 19:45;561.6
29/09/2025 20:00;561.59
29/09/2025 20:15;561.58
29/09/2025 20:30;561.59
29/09/2025 20:45;561.59
29/09/2025 21:00;561.58
29/09/2025 21:15;561.58
29/09/2025 21:30;561.58
29/09/2025 21:45;561.58
29/09/2025 22:00;561.56
29/09/2025 22:15;561.58
29/09/2025 22:30;561.58
29/09/2025 22:45;561.56
29/09/2025 23:00;561.56
29/09/2025 23:15;561.56
29/09/2025 23:30;561.56
29/09/2025 23:45;561.56
30/09/2025 00:00;561.56
30/09/2025 00:15;561.55
30/09/2025 00:30;561.56
30/09/2025 00:45;561.56
30/09/2025 01:00;561.58
30/09/2025 01:15;561.56
30/09/2025 01:30;561.56
30/09/2025 01:45;561.56
30/09/2025 02:00;561.56
30/09/2025 02:15;561.56
30/09/2025 02:30;561.56
30/09/2025 02:45;561.55
30/09/2025 03:00;561.56
30/09/2025 03:15;561.55
30/09/2025 03:30;561.55
30/09/2025 03:45;561.56
30/09/2025 04:00;561.54
30/09/2025 04:15;561.55
30/09/2025 04:30;561.54
30/09/2025 04:45;561.55
30/09/2025 05:00;561.55
30/09/2025 05:15;561.54
30/09/2025 05:30;561.54
30/09/2025 05:45;561.56
30/09/2025 06:00;561.55
30/09/2025 06:15;561.54
30/09/2025 06:30;561.55
30/09/2025 06:45;561.54
30/09/2025 07:00;561.55
30/09/2025 07:15;561.55
30/09/2025 07:30;561.53
30/09/2025 07:45;561.53
30/09/2025 08:00;561.53
30/09/2025 08:15;561.52
30/09/2025 08:30;561.53
30/09/2025 08:45;561.53
30/09/2025 09:00;561.51
30/09/2025 09:15;561.52
30/09/2025 09:30;561.51
30/09/2025 09:45;561.51
30/09/2025 10:00;561.52
30/09/2025 10:15;561.51
30/09/2025 10:30;561.51
30/09/2025 10:45;561.51
30/09/2025 11:00;561.51
30/09/2025 11:15;561.51
30/09/2025 11:30;561.51
30/09/2025 11:45;561.52
30/09/2025 12:00;561.51
30/09/2025 12:15;561.51
30/09/2025 12:30;561.51
30/09/2025 12:45;561.51
30/09/2025 13:00;561.51
30/09/2025 13:15;561.51
30/09/2025 13:30;561.51
30/09/2025 13:45;561.51
30/09/2025 14:00;561.51
30/09/2025 14:15;561.51
30/09/2025 14:30;561.51
30/09/2025 14:45;561.51
30/09/2025 15:00;561.51
30/09/2025 15:15;561.51
30/09/2025 15:30;561.51
30/09/2025 15:45;561.51
30/09/2025 16:00;561.51
30/09/2025 16:15;561.52
30/09/2025 16:30;561.51
30/09/2025 16:45;561.51
30/09/2025 17:00;561.51
30/09/2025 17:15;561.51
30/09/2025 17:30;561.51
30/09/2025 17:45;561.51
30/09/2025 18:00;561.51
30/09/2025 18:15;561.51
30/09/2025 18:30;561.49
30/09/2025 18:45;561.51
30/09/2025 19:00;561.51
30/09/2025 19:15;561.51
30/09/2025 19:30;561.49
30/09/2025 19:45;561.49
30/09/2025 20:00;561.48
30/09/2025 20:15;561.48
30/09/2025 20:30;561.48
30/09/2025 20:45;561.48
30/09/2025 21:00;561.48
30/09/2025 21:15;561.47
30/09/2025 21:30;561.47
30/09/2025 21:45;561.47
30/09/2025 22:00;561.45
30/09/2025 22:15;561.47
30/09/2025 22:30;561.47
30/09/2025 22:45;561.47
30/09/2025 23:00;561.45
30/09/2025 23:15;561.47
30/09/2025 23:30;561.47
30/09/2025 23:45;561.45
01/10/2025 00:00;561.45
01/10/2025 00:15;561.45
01/10/2025 00:30;561.45
01/10/2025 00:45;561.45
01/10/2025 01:00;561.45
01/10/2025 01:15;561.45
01/10/2025 01:30;561.45
01/10/2025 01:45;561.45
01/10/2025 02:00;561.45
01/10/2025 02:15;561.44
01/10/2025 02:30;561.45
01/10/2025 02:45;561.45
01/10/2025 03:00;561.45
01/10/2025 03:15;561.45
01/10/2025 03:30;561.45
01/10/2025 03:45;561.45
01/10/2025 04:00;561.44
01/10/2025 04:15;561.44
01/10/2025 04:30;561.44
01/10/2025 04:45;561.44
01/10/2025 05:00;561.44
01/10/2025 05:15;561.44
01/10/2025 05:30;561.44
01/10/2025 05:45;561.44
01/10/2025 06:00;561.44
01/10/2025 06:15;561.43
01/10/2025 06:30;561.43
01/10/2025 06:45;561.43
01/10/2025 07:00;561.43
01/10/2025 07:15;561.42
01/10/2025 07:30;561.42
01/10/2025 07:45;561.42
01/10/2025 08:00;561.41
01/10/2025 08:15;561.42
01/10/2025 08:30;561.42
01/10/2025 08:45;561.41
01/10/2025 09:00;561.41
01/10/2025 09:15;561.4
01/10/2025 09:30;561.4
01/10/2025 09:45;561.4
01/10/2025 10:00;561.4
01/10/2025 10:15;561.4
01/10/2025 10:30;561.4
01/10/2025 10:45;561.4
01/10/2025 11:00;561.4
01/10/2025 11:15;561.4
01/10/2025 11:30;561.4
01/10/2025 11:45;561.4
01/10/2025 12:00;561.4
01/10/2025 12:15;561.4
01/10/2025 12:30;561.4
01/10/2025 12:45;561.4
01/10/2025 13:00;561.4
01/10/2025 13:15;561.4
01/10/2025 13:30;561.4
01/10/2025 13:45;561.4
01/10/2025 14:00;561.4
01/10/2025 14:15;561.4
01/10/2025 14:30;561.4
01/10/2025 14:45;561.38
01/10/2025 15:00;561.38
01/10/2025 15:15;561.38
01/10/2025 15:30;561.38
01/10/2025 15:45;561.4
01/10/2025 16:00;561.38
01/10/2025 16:15;561.38
01/10/2025 16:30;561.38
01/10/2025 16:45;561.38
01/10/2025 17:00;561.38
01/10/2025 17:15;561.38
01/10/2025 17:30;561.38
01/10/2025 17:45;561.38
01/10/2025 18:00;561.38
01/10/2025 18:15;561.38
01/10/2025 18:30;561.38
01/10/2025 18:45;561.38
01/10/2025 19:00;561.38
01/10/2025 19:15;561.38
01/10/2025 19:30;561.37
01/10/2025 19:45;561.37
01/10/2025 20:00;561.36
01/10/2025 20:15;561.36
01/10/2025 20:30;561.36
01/10/2025 20:45;561.36
01/10/2025 21:00;561.36
01/10/2025 21:15;561.35
01/10/2025 21:30;561.35
01/10/2025 21:45;561.34
01/10/2025 22:00;561.35
01/10/2025 22:15;561.34
01/10/2025 22:30;561.33
01/10/2025 22:45;561.34
01/10/2025 23:00;561.33
01/10/2025 23:15;561.34
01/10/2025 23:30;561.34
01/10/2025 23:45;561.33
02/10/2025 00:00;561.33
02/10/2025 00:15;561.33
02/10/2025 00:30;561.33
02/10/2025 00:45;561.33
02/10/2025 01:00;561.33
02/10/2025 01:15;561.33
02/10/2025 01:30;561.33
02/10/2025 01:45;561.33
02/10/2025 02:00;561.33
02/10/2025 02:15;561.33
02/10/2025 02:30;561.33
02/10/2025 02:45;561.33
02/10/2025 03:00;561.33
02/10/2025 03:15;561.33
02/10/2025 03:30;561.33
02/10/2025 03:45;561.33
02/10/2025 04:00;561.31
02/10/2025 04:15;561.31
02/10/2025 04:30;561.31
02/10/2025 04:45;561.31
02/10/2025 05:00;561.31
02/10/2025 05:15;561.31
02/10/2025 05:30;561.31
02/10/2025 05:45;561.31
02/10/2025 06:00;561.31
02/10/2025 06:15;561.31
02/10/2025 06:30;561.31
02/10/2025 06:45;561.3
02/10/2025 07:00;561.3
02/10/2025 07:15;561.31
02/10/2025 07:30;561.3
02/10/2025 07:45;561.3
02/10/2025 08:00;561.3
02/10/2025 08:15;561.3
02/10/2025 08:30;561.3
02/10/2025 08:45;561.29
02/10/2025 09:00;561.29
02/10/2025 09:15;561.27
02/10/2025 09:30;561.27
02/10/2025 09:45;561.27
02/10/2025 10:00;561.27
02/10/2025 10:15;561.27
02/10/2025 10:30;561.27
02/10/2025 10:45;561.27
02/10/2025 11:00;561.27
02/10/2025 11:15;561.27
02/10/2025 11:30;561.27
02/10/2025 11:45;561.27
02/10/2025 12:00;561.27
02/10/2025 12:15;561.26
02/10/2025 12:30;561.26
02/10/2025 12:45;561.26
02/10/2025 13:00;561.27
02/10/2025 13:15;561.26
02/10/2025 13:30;561.26
02/10/2025 13:45;561.26
02/10/2025 14:00;561.26
02/10/2025 14:15;561.26
02/10/2025 14:30;561.26
02/10/2025 14:45;561.26
02/10/2025 15:00;561.26
02/10/2025 15:15;561.26
02/10/2025 15:30;561.26
02/10/2025 15:45;561.26
02/10/2025 16:00;561.26
02/10/2025 16:15;561.25
02/10/2025 16:30;561.26
02/10/2025 16:45;561.26
02/10/2025 17:00;561.25
02/10/2025 17:15;561.25
02/10/2025 17:30;561.25
02/10/2025 17:45;561.25
02/10/2025 18:00;561.26
02/10/2025 18:15;561.26
02/10/2025 18:30;561.25
02/10/2025 18:45;561.25
02/10/2025 19:00;561.24
02/10/2025 19:15;561.24
02/10/2025 19:30;561.24
02/10/2025 19:45;561.24
02/10/2025 20:00;561.23
02/10/2025 20:15;561.23
02/10/2025 20:30;561.22
02/10/2025 20:45;561.23
02/10/2025 21:00;561.22
02/10/2025 21:15;561.22
02/10/2025 21:30;561.22
02/10/2025 21:45;561.22
02/10/2025 22:00;561.2
02/10/2025 22:15;561.2
02/10/2025 22:30;561.2
02/10/2025 22:45;561.2
02/10/2025 23:00;561.2
02/10/2025 23:15;561.2
02/10/2025 23:30;561.2
02/10/2025 23:45;561.2
03/10/2025 00:00;561.2
03/10/2025 00:15;561.2
03/10/2025 00:30;561.2
03/10/2025 00:45;561.2
03/10/2025 01:00;561.2
03/10/2025 01:15;561.2
03/10/2025 01:30;561.2
03/10/2025 01:45;561.2
03/10/2025 02:00;561.19
03/10/2025 02:15;561.2
03/10/2025 02:30;561.19
03/10/2025 02:45;561.19
03/10/2025 03:00;561.19
03/10/2025 03:15;561.19
03/10/2025 03:30;561.2
03/10/2025 03:45;561.19
03/10/2025 04:00;561.19
03/10/2025 04:15;561.19
03/10/2025 04:30;561.19
03/10/2025 04:45;561.19
03/10/2025 05:00;561.19
03/10/2025 05:15;561.19
03/10/2025 05:30;561.19
03/10/2025 05:45;561.18
03/10/2025 06:00;561.18
03/10/2025 06:15;561.18
03/10/2025 06:30;561.18
03/10/2025 06:45;561.18
03/10/2025 07:00;561.17
03/10/2025 07:15;561.17
03/10/2025 07:30;561.16
03/10/2025 07:45;561.16
03/10/2025 08:00;561.15
03/10/2025 08:15;561.15
03/10/2025 08:30;561.14
03/10/2025 08:45;561.15
03/10/2025 09:00;561.14
03/10/2025 09:15;561.14
03/10/2025 09:30;561.14
03/10/2025 09:45;561.12
03/10/2025 10:00;561.12
03/10/2025 10:15;561.13
03/10/2025 10:30;561.12
03/10/2025 10:45;561.13
03/10/2025 11:00;561.12
03/10/2025 11:15;561.12
03/10/2025 11:30;561.12
03/10/2025 11:45;561.12
03/10/2025 12:00;561.12
03/10/2025 12:15;561.12
03/10/2025 12:30;561.12
03/10/2025 12:45;561.12
03/10/2025 13:00;561.12
03/10/2025 13:15;561.12
03/10/2025 13:30;561.12
03/10/2025 13:45;561.12
03/10/2025 14:00;561.12
03/10/2025 14:15;561.12
03/10/2025 14:30;561.12
03/10/2025 14:45;561.12
03/10/2025 15:00;561.12
03/10/2025 15:15;561.12
03/10/2025 15:30;561.12
03/10/2025 15:45;561.11
03/10/2025 16:00;561.11
03/10/2025 16:15;561.11
03/10/2025 16:30;561.11
03/10/2025 16:45;561.11
03/10/2025 17:00;561.11
03/10/2025 17:15;561.11
03/10/2025 17:30;561.09
03/10/2025 17:45;561.09
03/10/2025 18:00;561.09
03/10/2025 18:15;561.09
03/10/2025 18:30;561.09
03/10/2025 18:45;561.09
03/10/2025 19:00;561.09
03/10/2025 19:15;561.08
03/10/2025 19:30;561.08
03/10/2025 19:45;561.08
03/10/2025 20:00;561.07
03/10/2025 20:15;561.07
03/10/2025 20:30;561.07
03/10/2025 20:45;561.07
03/10/2025 21:00;561.06
03/10/2025 21:15;561.06
03/10/2025 21:30;561.06
03/10/2025 21:45;561.05
03/10/2025 22:00;561.05
03/10/2025 22:15;561.05
03/10/2025 22:30;561.05
03/10/2025 22:45;561.05
03/10/2025 23:00;561.05
03/10/2025 23:15;561.04
03/10/2025 23:30;561.04
03/10/2025 23:45;561.04
04/10/2025 00:00;561.04
04/10/2025 00:15;561.04
04/10/2025 00:30;561.04
04/10/2025 00:45;561.04
04/10/2025 01:00;561.04
04/10/2025 01:15;561.04
04/10/2025 01:30;561.04
04/10/2025 01:45;561.04
04/10/2025 02:00;561.04
04/10/2025 02:15;561.04
04/10/2025 02:30;561.04
04/10/2025 02:45;561.04
04/10/2025 03:00;561.04
04/10/2025 03:15;561.04
04/10/2025 03:30;561.04
04/10/2025 03:45;561.02
04/10/2025 04:00;561.04
04/10/2025 04:15;561.04
04/10/2025 04:30;561.02
04/10/2025 04:45;561.02
04/10/2025 05:00;561.02
04/10/2025 05:15;561.04
04/10/2025 05:30;561.02
04/10/2025 05:45;561.02
04/10/2025 06:00;561.02
04/10/2025 06:15;561.02
04/10/2025 06:30;561.02
04/10/2025 06:45;561.02
04/10/2025 07:00;561.02
04/10/2025 07:15;561.02
04/10/2025 07:30;561.02
04/10/2025 07:45;561.02
04/10/2025 08:00;561.02
04/10/2025 08:15;561.01
04/10/2025 08:30;561.01
04/10/2025 08:45;561
04/10/2025 09:00;561
04/10/2025 09:15;560.99
04/10/2025 09:30;560.99
04/10/2025 09:45;560.99
04/10/2025 10:00;560.99
04/10/2025 10:15;560.98
04/10/2025 10:30;560.98
04/10/2025 10:45;560.98
04/10/2025 11:00;560.98
04/10/2025 11:15;560.99
04/10/2025 11:30;560.97
04/10/2025 11:45;560.97
04/10/2025 12:00;560.97
04/10/2025 12:15;560.97
04/10/2025 12:30;560.97
04/10/2025 12:45;560.97
04/10/2025 13:00;560.96
04/10/2025 13:15;560.95
04/10/2025 13:30;560.95
04/10/2025 13:45;560.95
04/10/2025 14:00;560.95
04/10/2025 14:15;560.95
04/10/2025 14:30;560.95
04/10/2025 14:45;560.95
04/10/2025 15:00;560.94
04/10/2025 15:15;560.95
04/10/2025 15:30;560.95
04/10/2025 15:45;560.94
04/10/2025 16:00;560.95
04/10/2025 16:15;560.95
04/10/2025 16:30;560.95
04/10/2025 16:45;560.94
04/10/2025 17:00;560.94
04/10/2025 17:15;560.94
04/10/2025 17:30;560.94
04/10/2025 17:45;560.94
04/10/2025 18:00;560.94
04/10/2025 18:15;560.94
04/10/2025 18:30;560.94
04/10/2025 18:45;560.94
04/10/2025 19:00;560.94
04/10/2025 19:15;560.94
04/10/2025 19:30;560.94
04/10/2025 19:45;560.93
04/10/2025 20:00;560.93
04/10/2025 20:15;560.91
04/10/2025 20:30;560.91
04/10/2025 20:45;560.91
04/10/2025 21:00;560.91
04/10/2025 21:15;560.91
04/10/2025 21:30;560.91
04/10/2025 21:45;560.9
04/10/2025 22:00;560.91
04/10/2025 22:15;560.91
04/10/2025 22:30;560.9
04/10/2025 22:45;560.9
04/10/2025 23:00;560.9
04/10/2025 23:15;560.9
04/10/2025 23:30;560.9
04/10/2025 23:45;560.9
05/10/2025 00:00;560.9
05/10/2025 00:15;560.9
05/10/2025 00:30;560.9
05/10/2025 00:45;560.9
05/10/2025 01:00;560.89
05/10/2025 01:15;560.9
05/10/2025 01:30;560.9
05/10/2025 01:45;560.9
05/10/2025 02:00;560.89
05/10/2025 02:15;560.89
05/10/2025 02:30;560.89
05/10/2025 02:45;560.89
05/10/2025 03:00;560.89
05/10/2025 03:15;560.89
05/10/2025 03:30;560.88
05/10/2025 03:45;560.88
05/10/2025 04:00;560.88
05/10/2025 04:15;560.88
05/10/2025 04:30;560.88
05/10/2025 04:45;560.88
05/10/2025 05:00;560.88
05/10/2025 05:15;560.87
05/10/2025 05:30;560.88
05/10/2025 05:45;560.87
05/10/2025 06:00;560.88
05/10/2025 06:15;560.87
05/10/2025 06:30;560.87
05/10/2025 06:45;560.88
05/10/2025 07:00;560.88
05/10/2025 07:15;560.86
05/10/2025 07:30;560.86
05/10/2025 07:45;560.86
05/10/2025 08:00;560.86
05/10/2025 08:15;560.86
05/10/2025 08:30;560.86
05/10/2025 08:45;560.86
05/10/2025 09:00;560.84
05/10/2025 09:15;560.84
05/10/2025 09:30;560.84
05/10/2025 09:45;560.84
05/10/2025 10:00;560.84
05/10/2025 10:15;560.84
05/10/2025 10:30;560.83
05/10/2025 10:45;560.84
05/10/2025 11:00;560.83
05/10/2025 11:15;560.84
05/10/2025 11:30;560.83
05/10/2025 11:45;560.84
05/10/2025 12:00;560.83
05/10/2025 12:15;560.83
05/10/2025 12:30;560.83
05/10/2025 12:45;560.83
05/10/2025 13:00;560.83
05/10/2025 13:15;560.83
05/10/2025 13:30;560.83
05/10/2025 13:45;560.83
05/10/2025 14:00;560.82
05/10/2025 14:15;560.83
05/10/2025 14:30;560.82
05/10/2025 14:45;560.82
05/10/2025 15:00;560.82
05/10/2025 15:15;560.82
05/10/2025 15:30;560.82
05/10/2025 15:45;560.82
05/10/2025 16:00;560.82
05/10/2025 16:15;560.82
05/10/2025 16:30;560.81
05/10/2025 16:45;560.81
05/10/2025 17:00;560.82
05/10/2025 17:15;560.82
05/10/2025 17:30;560.81
05/10/2025 17:45;560.81
05/10/2025 18:00;560.81
05/10/2025 18:15;560.81
05/10/2025 18:30;560.81
05/10/2025 18:45;560.81
05/10/2025 19:00;560.81
05/10/2025 19:15;560.81
05/10/2025 19:30;560.79
05/10/2025 19:45;560.8
05/10/2025 20:00;560.79
05/10/2025 20:15;560.79
05/10/2025 20:30;560.78
05/10/2025 20:45;560.78
05/10/2025 21:00;560.78
05/10/2025 21:15;560.77
05/10/2025 21:30;560.77
05/10/2025 21:45;560.76
05/10/2025 22:00;560.76
05/10/2025 22:15;560.76
05/10/2025 22:30;560.76
05/10/2025 22:45;560.76
05/10/2025 23:00;560.76
05/10/2025 23:15;560.76
05/10/2025 23:30;560.76
05/10/2025 23:45;560.76
06/10/2025 00:00;560.76
06/10/2025 00:15;560.76
06/10/2025 00:30;560.76
06/10/2025 00:45;560.76
06/10/2025 01:00;560.76
06/10/2025 01:15;560.76
06/10/2025 01:30;560.76
06/10/2025 01:45;560.76
06/10/2025 02:00;560.76
06/10/2025 02:15;560.75
06/10/2025 02:30;560.76
06/10/2025 02:45;560.76
06/10/2025 03:00;560.76
06/10/2025 03:15;560.76
06/10/2025 03:30;560.76
06/10/2025 03:45;560.76
06/10/2025 04:00;560.75
06/10/2025 04:15;560.75
06/10/2025 04:30;560.75
06/10/2025 04:45;560.75
06/10/2025 05:00;560.75
06/10/2025 05:15;560.75
06/10/2025 05:30;560.75
06/10/2025 05:45;560.75
06/10/2025 06:00;560.73
06/10/2025 06:15;560.73
06/10/2025 06:30;560.73
06/10/2025 06:45;560.73
06/10/2025 07:00;560.73
06/10/2025 07:15;560.73
06/10/2025 07:30;560.73
06/10/2025 07:45;560.73
06/10/2025 08:00;560.73
06/10/2025 08:15;560.72
06/10/2025 08:30;560.71
06/10/2025 08:45;560.71
06/10/2025 09:00;560.71
06/10/2025 09:15;560.7
06/10/2025 09:30;560.71
06/10/2025 09:45;560.7
06/10/2025 10:00;560.7
06/10/2025 10:15;560.7
06/10/2025 10:30;560.7
06/10/2025 10:45;560.69
06/10/2025 11:00;560.69
06/10/2025 11:15;560.69
06/10/2025 11:30;560.69
06/10/2025 11:45;560.69
06/10/2025 12:00;560.69
06/10/2025 12:15;560.69
06/10/2025 12:30;560.69
06/10/2025 12:45;560.69
06/10/2025 13:00;560.69
06/10/2025 13:15;560.69
06/10/2025 13:30;560.69
06/10/2025 13:45;560.69
06/10/2025 14:00;560.68
06/10/2025 14:15;560.68
06/10/2025 14:30;560.69
06/10/2025 14:45;560.68
06/10/2025 15:00;560.68
06/10/2025 15:15;560.68
06/10/2025 15:30;560.68
06/10/2025 15:45;560.68
06/10/2025 16:00;560.68
06/10/2025 16:15;560.68
06/10/2025 16:30;560.68
06/10/2025 16:45;560.68
06/10/2025 17:00;560.68
06/10/2025 17:15;560.68
06/10/2025 17:30;560.68
06/10/2025 17:45;560.68
06/10/2025 18:00;560.68
06/10/2025 18:15;560.68
06/10/2025 18:30;560.68
06/10/2025 18:45;560.68
06/10/2025 19:00;560.68
06/10/2025 19:15;560.66
06/10/2025 19:30;560.66
06/10/2025 19:45;560.66
06/10/2025 20:00;560.65
06/10/2025 20:15;560.65
06/10/2025 20:30;560.65
06/10/2025 20:45;560.65
06/10/2025 21:00;560.64
06/10/2025 21:15;560.64
06/10/2025 21:30;560.65
06/10/2025 21:45;560.64
06/10/2025 22:00;560.64
06/10/2025 22:15;560.64
06/10/2025 22:30;560.64
06/10/2025 22:45;560.64
06/10/2025 23:00;560.63
06/10/2025 23:15;560.63
06/10/2025 23:30;560.63
06/10/2025 23:45;560.63
07/10/2025 00:00;560.63
07/10/2025 00:15;560.63
07/10/2025 00:30;560.63
07/10/2025 00:45;560.63
07/10/2025 01:00;560.63
07/10/2025 01:15;560.62
07/10/2025 01:30;560.62
07/10/2025 01:45;560.62
07/10/2025 02:00;560.62
07/10/2025 02:15;560.62
07/10/2025 02:30;560.62
07/10/2025 02:45;560.62
07/10/2025 03:00;560.62
07/10/2025 03:15;560.61
07/10/2025 03:30;560.61
07/10/2025 03:45;560.62
07/10/2025 04:00;560.61
07/10/2025 04:15;560.61
07/10/2025 04:30;560.61
07/10/2025 04:45;560.61
07/10/2025 05:00;560.61
07/10/2025 05:15;560.6
07/10/2025 05:30;560.6
07/10/2025 05:45;560.6
07/10/2025 06:00;560.6
07/10/2025 06:15;560.6
07/10/2025 06:30;560.6
07/10/2025 06:45;560.6
07/10/2025 07:00;560.6
07/10/2025 07:15;560.59
07/10/2025 07:30;560.59
07/10/2025 07:45;560.59
07/10/2025 08:00;560.6
07/10/2025 08:15;560.59
07/10/2025 08:30;560.59
07/10/2025 08:45;560.58
07/10/2025 09:00;560.58
07/10/2025 09:15;560.58
07/10/2025 09:30;560.58
07/10/2025 09:45;560.58
07/10/2025 10:00;560.58
07/10/2025 10:15;560.58
07/10/2025 10:30;560.57
07/10/2025 10:45;560.58
07/10/2025 11:00;560.58
07/10/2025 11:15;560.58
07/10/2025 11:30;560.57
07/10/2025 11:45;560.57
07/10/2025 12:00;560.57
07/10/2025 12:15;560.55
07/10/2025 12:30;560.55
07/10/2025 12:45;560.55
07/10/2025 13:00;560.55
07/10/2025 13:15;560.55
07/10/2025 13:30;560.55
07/10/2025 13:45;560.55
07/10/2025 14:00;560.55
07/10/2025 14:15;560.55
07/10/2025 14:30;560.54
07/10/2025 14:45;560.54
07/10/2025 15:00;560.54
07/10/2025 15:15;560.54
07/10/2025 15:30;560.54
07/10/2025 15:45;560.54
07/10/2025 16:00;560.54
07/10/2025 16:15;560.54
07/10/2025 16:30;560.54
07/10/2025 16:45;560.54
07/10/2025 17:00;560.54
07/10/2025 17:15;560.53
07/10/2025 17:30;560.54
07/10/2025 17:45;560.53
07/10/2025 18:00;560.53
07/10/2025 18:15;560.53
07/10/2025 18:30;560.53
07/10/2025 18:45;560.53
07/10/2025 19:00;560.53
07/10/2025 19:15;560.54
07/10/2025 19:30;560.53
07/10/2025 19:45;560.53
07/10/2025 20:00;560.52
07/10/2025 20:15;560.52
07/10/2025 20:30;560.52
07/10/2025 20:45;560.51
07/10/2025 21:00;560.51
07/10/2025 21:15;560.5
07/10/2025 21:30;560.5
07/10/2025 21:45;560.5
07/10/2025 22:00;560.5
07/10/2025 22:15;560.5
07/10/2025 22:30;560.5
07/10/2025 22:45;560.5
07/10/2025 23:00;560.48
07/10/2025 23:15;560.5
07/10/2025 23:30;560.48
07/10/2025 23:45;560.47
08/10/2025 00:00;560.47
08/10/2025 00:15;560.47
08/10/2025 00:30;560.47
08/10/2025 00:45;560.47
08/10/2025 01:00;560.48
08/10/2025 01:15;560.48
08/10/2025 01:30;560.47
08/10/2025 01:45;560.47
08/10/2025 02:00;560.47
08/10/2025 02:15;560.47
08/10/2025 02:30;560.47
08/10/2025 02:45;560.47
08/10/2025 03:00;560.47
08/10/2025 03:15;560.47
08/10/2025 03:30;560.47
08/10/2025 03:45;560.47
08/10/2025 04:00;560.47
08/10/2025 04:15;560.47
08/10/2025 04:30;560.47
08/10/2025 04:45;560.47
08/10/2025 05:00;560.47
08/10/2025 05:15;560.47
08/10/2025 05:30;560.47
08/10/2025 05:45;560.46
08/10/2025 06:00;560.46
08/10/2025 06:15;560.46
08/10/2025 06:30;560.46
08/10/2025 06:45;560.46
08/10/2025 07:00;560.46
08/10/2025 07:15;560.46
08/10/2025 07:30;560.45
08/10/2025 07:45;560.45
08/10/2025 08:00;560.44
08/10/2025 08:15;560.44
08/10/2025 08:30;560.43
08/10/2025 08:45;560.43
08/10/2025 09:00;560.42
08/10/2025 09:15;560.42
08/10/2025 09:30;560.42
08/10/2025 09:45;560.42
08/10/2025 10:00;560.42
08/10/2025 10:15;560.42
08/10/2025 10:30;560.42
08/10/2025 10:45;560.42
08/10/2025 11:00;560.41
08/10/2025 11:15;560.41
08/10/2025 11:30;560.41
08/10/2025 11:45;560.41
08/10/2025 12:00;560.41
08/10/2025 12:15;560.41
08/10/2025 12:30;560.41
08/10/2025 12:45;560.41
08/10/2025 13:00;560.41
08/10/2025 13:15;560.41
08/10/2025 13:30;560.41
08/10/2025 13:45;560.41
08/10/2025 14:00;560.41
08/10/2025 14:15;560.41
08/10/2025 14:30;560.41
08/10/2025 14:45;560.41
08/10/2025 15:00;560.4
08/10/2025 15:15;560.4
08/10/2025 15:30;560.4
08/10/2025 15:45;560.4
08/10/2025 16:00;560.39
08/10/2025 16:15;560.39
08/10/2025 16:30;560.39
08/10/2025 16:45;560.39
08/10/2025 17:00;560.39
08/10/2025 17:15;560.39
08/10/2025 17:30;560.39
08/10/2025 17:45;560.39
08/10/2025 18:00;560.39
08/10/2025 18:15;560.39
08/10/2025 18:30;560.39
08/10/2025 18:45;560.39
08/10/2025 19:00;560.39
08/10/2025 19:15;560.39
08/10/2025 19:30;560.37
08/10/2025 19:45;560.37
08/10/2025 20:00;560.37
08/10/2025 20:15;560.37
08/10/2025 20:30;560.37
08/10/2025 20:45;560.37
08/10/2025 21:00;560.37
08/10/2025 21:15;560.35
08/10/2025 21:30;560.36
08/10/2025 21:45;560.35
08/10/2025 22:00;560.35
08/10/2025 22:15;560.35
08/10/2025 22:30;560.34
08/10/2025 22:45;560.34
08/10/2025 23:00;560.34
08/10/2025 23:15;560.33
08/10/2025 23:30;560.33
08/10/2025 23:45;560.33
09/10/2025 00:00;560.33
09/10/2025 00:15;560.33
09/10/2025 00:30;560.33
09/10/2025 00:45;560.33
09/10/2025 01:00;560.33
09/10/2025 01:15;560.33
09/10/2025 01:30;560.34
09/10/2025 01:45;560.33
09/10/2025 02:00;560.33
09/10/2025 02:15;560.32
09/10/2025 02:30;560.32
09/10/2025 02:45;560.32
09/10/2025 03:00;560.32
09/10/2025 03:15;560.32
09/10/2025 03:30;560.32
09/10/2025 03:45;560.32
09/10/2025 04:00;560.32
09/10/2025 04:15;560.32
09/10/2025 04:30;560.32
09/10/2025 04:45;560.32
09/10/2025 05:00;560.32
09/10/2025 05:15;560.32
09/10/2025 05:30;560.32
09/10/2025 05:45;560.32
09/10/2025 06:00;560.32
09/10/2025 06:15;560.32
09/10/2025 06:30;560.32
09/10/2025 06:45;560.3
09/10/2025 07:00;560.32
09/10/2025 07:15;560.32
09/10/2025 07:30;560.32
09/10/2025 07:45;560.3
09/10/2025 08:00;560.3
09/10/2025 08:15;560.29
09/10/2025 08:30;560.29
09/10/2025 08:45;560.29
09/10/2025 09:00;560.29
09/10/2025 09:15;560.28
09/10/2025 09:30;560.29
09/10/2025 09:45;560.28
09/10/2025 10:00;560.28
09/10/2025 10:15;560.28
09/10/2025 10:30;560.27
09/10/2025 10:45;560.27
09/10/2025 11:00;560.27
09/10/2025 11:15;560.27
09/10/2025 11:30;560.27
09/10/2025 11:45;560.27
09/10/2025 12:00;560.27
09/10/2025 12:15;560.27
09/10/2025 12:30;560.27
09/10/2025 12:45;560.27
09/10/2025 13:00;560.26
09/10/2025 13:15;560.27
09/10/2025 13:30;560.26
09/10/2025 13:45;560.26
09/10/2025 14:00;560.26
09/10/2025 14:15;560.26
09/10/2025 14:30;560.25
09/10/2025 14:45;560.25
09/10/2025 15:00;560.25
09/10/2025 15:15;560.25
09/10/2025 15:30;560.25
09/10/2025 15:45;560.26
09/10/2025 16:00;560.25
09/10/2025 16:15;560.26
09/10/2025 16:30;560.26
09/10/2025 16:45;560.25
09/10/2025 17:00;560.25
09/10/2025 17:15;560.25
09/10/2025 17:30;560.25
09/10/2025 17:45;560.26
09/10/2025 18:00;560.25
09/10/2025 18:15;560.24
09/10/2025 18:30;560.25
09/10/2025 18:45;560.25
09/10/2025 19:00;560.25
09/10/2025 19:15;560.24
09/10/2025 19:30;560.24
09/10/2025 19:45;560.23
09/10/2025 20:00;560.23
09/10/2025 20:15;560.23
09/10/2025 20:30;560.22
09/10/2025 20:45;560.22
09/10/2025 21:00;560.22
09/10/2025 21:15;560.22
09/10/2025 21:30;560.21
09/10/2025 21:45;560.21
09/10/2025 22:00;560.21
09/10/2025 22:15;560.21
09/10/2025 22:30;560.21
09/10/2025 22:45;560.19
09/10/2025 23:00;560.19
09/10/2025 23:15;560.19
09/10/2025 23:30;560.19
09/10/2025 23:45;560.21
10/10/2025 00:00;560.21
10/10/2025 00:15;560.19
10/10/2025 00:30;560.21
10/10/2025 00:45;560.19
10/10/2025 01:00;560.21
10/10/2025 01:15;560.21
10/10/2025 01:30;560.19
10/10/2025 01:45;560.19
10/10/2025 02:00;560.19
10/10/2025 02:15;560.19
10/10/2025 02:30;560.19
10/10/2025 02:45;560.19
10/10/2025 03:00;560.19
10/10/2025 03:15;560.19
10/10/2025 03:30;560.19
10/10/2025 03:45;560.19
10/10/2025 04:00;560.19
10/10/2025 04:15;560.19
10/10/2025 04:30;560.19
10/10/2025 04:45;560.19
10/10/2025 05:00;560.19
10/10/2025 05:15;560.19
10/10/2025 05:30;560.19
10/10/2025 05:45;560.19
10/10/2025 06:00;560.19
10/10/2025 06:15;560.19
10/10/2025 06:30;560.18
10/10/2025 06:45;560.18
10/10/2025 07:00;560.18
10/10/2025 07:15;560.18
10/10/2025 07:30;560.18
10/10/2025 07:45;560.17
10/10/2025 08:00;560.16
10/10/2025 08:15;560.16
10/10/2025 08:30;560.16
10/10/2025 08:45;560.15
10/10/2025 09:00;560.14
10/10/2025 09:15;560.14
10/10/2025 09:30;560.15
10/10/2025 09:45;560.14
10/10/2025 10:00;560.14
10/10/2025 10:15;560.14
10/10/2025 10:30;560.14
10/10/2025 10:45;560.14
10/10/2025 11:00;560.14
10/10/2025 11:15;560.14
10/10/2025 11:30;560.14
10/10/2025 11:45;560.14
10/10/2025 12:00;560.14
10/10/2025 12:15;560.14
10/10/2025 12:30;560.14
10/10/2025 12:45;560.14
10/10/2025 13:00;560.14
10/10/2025 13:15;560.14
10/10/2025 13:30;560.14
10/10/2025 13:45;560.12
10/10/2025 14:00;560.12
10/10/2025 14:15;560.14
10/10/2025 14:30;560.12
10/10/2025 14:45;560.12
10/10/2025 15:00;560.12
10/10/2025 15:15;560.12
10/10/2025 15:30;560.12
10/10/2025 15:45;560.12
10/10/2025 16:00;560.12
10/10/2025 16:15;560.11
10/10/2025 16:30;560.12
10/10/2025 16:45;560.12
10/10/2025 17:00;560.11
10/10/2025 17:15;560.11
10/10/2025 17:30;560.11
10/10/2025 17:45;560.11
10/10/2025 18:00;560.11
10/10/2025 18:15;560.11
10/10/2025 18:30;560.11
10/10/2025 18:45;560.11
10/10/2025 19:00;560.11
10/10/2025 19:15;560.1
10/10/2025 19:30;560.1
10/10/2025 19:45;560.1
10/10/2025 20:00;560.1
10/10/2025 20:15;560.08
10/10/2025 20:30;560.08
10/10/2025 20:45;560.08
10/10/2025 21:00;560.08
10/10/2025 21:15;560.08
10/10/2025 21:30;560.08
10/10/2025 21:45;560.08
10/10/2025 22:00;560.07
10/10/2025 22:15;560.07
10/10/2025 22:30;560.07
10/10/2025 22:45;560.07
10/10/2025 23:00;560.07
10/10/2025 23:15;560.07
10/10/2025 23:30;560.07
10/10/2025 23:45;560.06
11/10/2025 00:00;560.06
11/10/2025 00:15;560.06
11/10/2025 00:30;560.06
11/10/2025 00:45;560.06
11/10/2025 01:00;560.06
11/10/2025 01:15;560.06
11/10/2025 01:30;560.06
11/10/2025 01:45;560.06
11/10/2025 02:00;560.05
11/10/2025 02:15;560.05
11/10/2025 02:30;560.05
11/10/2025 02:45;560.05
11/10/2025 03:00;560.05
11/10/2025 03:15;560.05
11/10/2025 03:30;560.05
11/10/2025 03:45;560.05
11/10/2025 04:00;560.04
11/10/2025 04:15;560.05
11/10/2025 04:30;560.05
11/10/2025 04:45;560.04
11/10/2025 05:00;560.04
11/10/2025 05:15;560.04
11/10/2025 05:30;560.04
11/10/2025 05:45;560.04
11/10/2025 06:00;560.04
11/10/2025 06:15;560.04
11/10/2025 06:30;560.04
11/10/2025 06:45;560.03
11/10/2025 07:00;560.04
11/10/2025 07:15;560.03
11/10/2025 07:30;560.03
11/10/2025 07:45;560.03
11/10/2025 08:00;560.03
11/10/2025 08:15;560.03
11/10/2025 08:30;560.01
11/10/2025 08:45;560.01
11/10/2025 09:00;560.01
11/10/2025 09:15;560.01
11/10/2025 09:30;560.01
11/10/2025 09:45;560.01
11/10/2025 10:00;560
11/10/2025 10:15;560
11/10/2025 10:30;560
11/10/2025 10:45;560
11/10/2025 11:00;559.99
11/10/2025 11:15;559.99
11/10/2025 11:30;559.99
11/10/2025 11:45;560.01
11/10/2025 12:00;560
11/10/2025 12:15;559.99
11/10/2025 12:30;559.99
11/10/2025 12:45;559.99
11/10/2025 13:00;559.99
11/10/2025 13:15;559.99
11/10/2025 13:30;560
11/10/2025 13:45;559.99
11/10/2025 14:00;559.99
11/10/2025 14:15;559.99
11/10/2025 14:30;559.99
11/10/2025 14:45;559.99
11/10/2025 15:00;559.99
11/10/2025 15:15;559.99
11/10/2025 15:30;559.98
11/10/2025 15:45;559.99
11/10/2025 16:00;559.99
11/10/2025 16:15;559.98
11/10/2025 16:30;559.98
11/10/2025 16:45;559.99
11/10/2025 17:00;559.98
11/10/2025 17:15;559.98
11/10/2025 17:30;559.99
11/10/2025 17:45;559.98
11/10/2025 18:00;559.98
11/10/2025 18:15;559.98
11/10/2025 18:30;559.98
11/10/2025 18:45;559.97
11/10/2025 19:00;559.98
11/10/2025 19:15;559.98
11/10/2025 19:30;559.98
11/10/2025 19:45;559.97
11/10/2025 20:00;559.96
11/10/2025 20:15;559.96
11/10/2025 20:30;559.96
11/10/2025 20:45;559.96
11/10/2025 21:00;559.96
11/10/2025 21:15;559.94
11/10/2025 21:30;559.94
11/10/2025 21:45;559.94
11/10/2025 22:00;559.93
11/10/2025 22:15;559.94
11/10/2025 22:30;559.93
11/10/2025 22:45;559.93
11/10/2025 23:00;559.93
11/10/2025 23:15;559.93
11/10/2025 23:30;559.93
11/10/2025 23:45;559.93
12/10/2025 00:00;559.93
12/10/2025 00:15;559.93
12/10/2025 00:30;559.93
12/10/2025 00:45;559.93
12/10/2025 01:00;559.93
12/10/2025 01:15;559.93
12/10/2025 01:30;559.92
12/10/2025 01:45;559.93
12/10/2025 02:00;559.93
12/10/2025 02:15;559.92
12/10/2025 02:30;559.93
12/10/2025 02:45;559.92
12/10/2025 03:00;559.93
12/10/2025 03:15;559.93
12/10/2025 03:30;559.93
12/10/2025 03:45;559.93
12/10/2025 04:00;559.93
12/10/2025 04:15;559.93
12/10/2025 04:30;559.92
12/10/2025 04:45;559.92
12/10/2025 05:00;559.92
12/10/2025 05:15;559.92
12/10/2025 05:30;559.92
12/10/2025 05:45;559.92
12/10/2025 06:00;559.92
12/10/2025 06:15;559.9
12/10/2025 06:30;559.9
12/10/2025 06:45;559.9
12/10/2025 07:00;559.9
12/10/2025 07:15;559.9
12/10/2025 07:30;559.89
12/10/2025 07:45;559.89
12/10/2025 08:00;559.88
12/10/2025 08:15;559.89
12/10/2025 08:30;559.88
12/10/2025 08:45;559.87
12/10/2025 09:00;559.88
12/10/2025 09:15;559.87
12/10/2025 09:30;559.86
12/10/2025 09:45;559.86
12/10/2025 10:00;559.86
12/10/2025 10:15;559.86
12/10/2025 10:30;559.86
12/10/2025 10:45;559.86
12/10/2025 11:00;559.86
12/10/2025 11:15;559.86
12/10/2025 11:30;559.86
12/10/2025 11:45;559.85
12/10/2025 12:00;559.86
12/10/2025 12:15;559.85
12/10/2025 12:30;559.85
12/10/2025 12:45;559.85
12/10/2025 13:00;559.85
12/10/2025 13:15;559.85
12/10/2025 13:30;559.85
12/10/2025 13:45;559.85
12/10/2025 14:00;559.85
12/10/2025 14:15;559.85
12/10/2025 14:30;559.85
12/10/2025 14:45;559.85
12/10/2025 15:00;559.85
12/10/2025 15:15;559.85
12/10/2025 15:30;559.85
12/10/2025 15:45;559.85
12/10/2025 16:00;559.85
12/10/2025 16:15;559.85
12/10/2025 16:30;559.85
12/10/2025 16:45;559.85
12/10/2025 17:00;559.85
12/10/2025 17:15;559.85
12/10/2025 17:30;559.85
12/10/2025 17:45;559.83
12/10/2025 18:00;559.83
12/10/2025 18:15;559.83
12/10/2025 18:30;559.83
12/10/2025 18:45;559.83
12/10/2025 19:00;559.83
12/10/2025 19:15;559.83
12/10/2025 19:30;559.83
12/10/2025 19:45;559.83
12/10/2025 20:00;559.82
12/10/2025 20:15;559.83
12/10/2025 20:30;559.83
12/10/2025 20:45;559.81
12/10/2025 21:00;559.82
12/10/2025 21:15;559.81
12/10/2025 21:30;559.81
12/10/2025 21:45;559.81
12/10/2025 22:00;559.8
12/10/2025 22:15;559.8
12/10/2025 22:30;559.8
12/10/2025 22:45;559.8
12/10/2025 23:00;559.79
12/10/2025 23:15;559.79
12/10/2025 23:30;559.79
12/10/2025 23:45;559.79
13/10/2025 00:00;559.79
13/10/2025 00:15;559.79
13/10/2025 00:30;559.79
13/10/2025 00:45;559.79
13/10/2025 01:00;559.79
13/10/2025 01:15;559.79
13/10/2025 01:30;559.79
13/10/2025 01:45;559.79
13/10/2025 02:00;559.78
13/10/2025 02:15;559.79
13/10/2025 02:30;559.78
13/10/2025 02:45;559.78
13/10/2025 03:00;559.78
13/10/2025 03:15;559.78
13/10/2025 03:30;559.78
13/10/2025 03:45;559.78
13/10/2025 04:00;559.78
13/10/2025 04:15;559.77
13/10/2025 04:30;559.77
13/10/2025 04:45;559.77
13/10/2025 05:00;559.77
13/10/2025 05:15;559.77
13/10/2025 05:30;559.77
13/10/2025 05:45;559.77
13/10/2025 06:00;559.77
13/10/2025 06:15;559.77
13/10/2025 06:30;559.76
13/10/2025 06:45;559.75
13/10/2025 07:00;559.76
13/10/2025 07:15;559.75
13/10/2025 07:30;559.75
13/10/2025 07:45;559.75
13/10/2025 08:00;559.75
13/10/2025 08:15;559.75
13/10/2025 08:30;559.75
13/10/2025 08:45;559.74
13/10/2025 09:00;559.74
13/10/2025 09:15;559.74
13/10/2025 09:30;559.74
13/10/2025 09:45;559.72
13/10/2025 10:00;559.72
13/10/2025 10:15;559.72
13/10/2025 10:30;559.72
13/10/2025 10:45;559.72
13/10/2025 11:00;559.72
13/10/2025 11:15;559.72
13/10/2025 11:30;559.72
13/10/2025 11:45;559.72
13/10/2025 12:00;559.72
13/10/2025 12:15;559.72
13/10/2025 12:30;559.72
13/10/2025 12:45;559.72
13/10/2025 13:00;559.72
13/10/2025 13:15;559.72
13/10/2025 13:30;559.72
13/10/2025 13:45;559.72
13/10/2025 14:00;559.72
13/10/2025 14:15;559.72
13/10/2025 14:30;559.72
13/10/2025 14:45;559.72
13/10/2025 15:00;559.72
13/10/2025 15:15;559.72
13/10/2025 15:30;559.72
13/10/2025 15:45;559.72
13/10/2025 16:00;559.72
13/10/2025 16:15;559.72
13/10/2025 16:30;559.72
13/10/2025 16:45;559.72
13/10/2025 17:00;559.72
13/10/2025 17:15;559.72
13/10/2025 17:30;559.72
13/10/2025 17:45;559.72
13/10/2025 18:00;559.72
13/10/2025 18:15;559.72
13/10/2025 18:30;559.72
13/10/2025 18:45;559.72
13/10/2025 19:00;559.72
13/10/2025 19:15;559.72
13/10/2025 19:30;559.72
13/10/2025 19:45;559.72
13/10/2025 20:00;559.72
13/10/2025 20:15;559.71
13/10/2025 20:30;559.71
13/10/2025 20:45;559.71
13/10/2025 21:00;559.71
13/10/2025 21:15;559.71
13/10/2025 21:30;559.71
13/10/2025 21:45;559.7
13/10/2025 22:00;559.7
13/10/2025 22:15;559.7
13/10/2025 22:30;559.71
13/10/2025 22:45;559.7
13/10/2025 23:00;559.71
13/10/2025 23:15;559.7
13/10/2025 23:30;559.71
13/10/2025 23:45;559.71
14/10/2025 00:00;559.71
14/10/2025 00:15;559.7
14/10/2025 00:30;559.7
14/10/2025 00:45;559.7
14/10/2025 01:00;559.7
14/10/2025 01:15;559.71
14/10/2025 01:30;559.7
14/10/2025 01:45;559.71
14/10/2025 02:00;559.71
14/10/2025 02:15;559.71
14/10/2025 02:30;559.71
14/10/2025 02:45;559.71
14/10/2025 03:00;559.7
14/10/2025 03:15;559.71
14/10/2025 03:30;559.7
14/10/2025 03:45;559.71
14/10/2025 04:00;559.7
14/10/2025 04:15;559.71
14/10/2025 04:30;559.71
14/10/2025 04:45;559.71
14/10/2025 05:00;559.71
14/10/2025 05:15;559.71
14/10/2025 05:30;559.7
14/10/2025 05:45;559.71
14/10/2025 06:00;559.7
14/10/2025 06:15;559.71
14/10/2025 06:30;559.71
14/10/2025 06:45;559.7
14/10/2025 07:00;559.7
14/10/2025 07:15;559.7
14/10/2025 07:30;559.7
14/10/2025 07:45;559.7
14/10/2025 08:00;559.71
14/10/2025 08:15;559.7
14/10/2025 08:30;559.71
14/10/2025 08:45;559.7
14/10/2025 09:00;559.7
14/10/2025 09:15;559.69
14/10/2025 09:30;559.69
14/10/2025 09:45;559.69
14/10/2025 10:00;559.69
14/10/2025 10:15;559.68
14/10/2025 10:30;559.68
14/10/2025 10:45;559.685
14/10/2025 11:00;559.69
14/10/2025 11:15;559.69
14/10/2025 11:30;559.69
14/10/2025 11:45;559.69
14/10/2025 12:00;559.69
14/10/2025 12:15;559.69
14/10/2025 12:30;559.69
14/10/2025 12:45;559.69
14/10/2025 13:00;559.69
14/10/2025 13:15;559.69
14/10/2025 13:30;559.69
14/10/2025 13:45;559.7
14/10/2025 14:00;559.69
14/10/2025 14:15;559.7
14/10/2025 14:30;559.7
14/10/2025 14:45;559.7
14/10/2025 15:00;559.69
14/10/2025 15:15;559.7
14/10/2025 15:30;559.7
14/10/2025 15:45;559.7
14/10/2025 16:00;559.69
14/10/2025 16:15;559.69
14/10/2025 16:30;559.69
14/10/2025 16:45;559.69
14/10/2025 17:00;559.69
14/10/2025 17:15;559.69
14/10/2025 17:30;559.69
14/10/2025 17:45;559.69
14/10/2025 18:00;559.68
14/10/2025 18:15;559.69
14/10/2025 18:30;559.69
14/10/2025 18:45;559.68
14/10/2025 19:00;559.68
14/10/2025 19:15;559.67
14/10/2025 19:30;559.67
14/10/2025 19:45;559.67
14/10/2025 20:00;559.67
14/10/2025 20:15;559.67
14/10/2025 20:30;559.67
14/10/2025 20:45;559.65
14/10/2025 21:00;559.65
14/10/2025 21:15;559.65
14/10/2025 21:30;559.65
14/10/2025 21:45;559.65
14/10/2025 22:00;559.65
14/10/2025 22:15;559.65
14/10/2025 22:30;559.65
14/10/2025 22:45;559.65
14/10/2025 23:00;559.65
14/10/2025 23:15;559.65
14/10/2025 23:30;559.65
14/10/2025 23:45;559.65
15/10/2025 00:00;559.65
15/10/2025 00:15;559.65
15/10/2025 00:30;559.65
15/10/2025 00:45;559.65
15/10/2025 01:00;559.65
15/10/2025 01:15;559.65
15/10/2025 01:30;559.65
15/10/2025 01:45;559.65
15/10/2025 02:00;559.65
15/10/2025 02:15;559.65
15/10/2025 02:30;559.65
15/10/2025 02:45;559.65
15/10/2025 03:00;559.65
15/10/2025 03:15;559.65
15/10/2025 03:30;559.65
15/10/2025 03:45;559.65
15/10/2025 04:00;559.64
15/10/2025 04:15;559.65
15/10/2025 04:30;559.65
15/10/2025 04:45;559.64
15/10/2025 05:00;559.65
15/10/2025 05:15;559.65
15/10/2025 05:30;559.65
15/10/2025 05:45;559.65
15/10/2025 06:00;559.64
15/10/2025 06:15;559.65
15/10/2025 06:30;559.65
15/10/2025 06:45;559.64
15/10/2025 07:00;559.65
15/10/2025 07:15;559.64
15/10/2025 07:30;559.64
15/10/2025 07:45;559.64
15/10/2025 08:00;559.63
15/10/2025 08:15;559.63
15/10/2025 08:30;559.62
15/10/2025 08:45;559.62
15/10/2025 09:00;559.62
15/10/2025 09:15;559.62
15/10/2025 09:30;559.62
15/10/2025 09:45;559.61
15/10/2025 10:00;559.61
15/10/2025 10:15;559.61
15/10/2025 10:30;559.61
15/10/2025 10:45;559.61
15/10/2025 11:00;559.61
15/10/2025 11:15;559.61
15/10/2025 11:30;559.62
15/10/2025 11:45;559.61
15/10/2025 12:00;559.62
15/10/2025 12:15;559.61
15/10/2025 12:30;559.61
15/10/2025 12:45;559.61
15/10/2025 13:00;559.61
15/10/2025 13:15;559.61
15/10/2025 13:30;559.61
15/10/2025 13:45;559.61
15/10/2025 14:00;559.62
15/10/2025 14:15;559.62
15/10/2025 14:30;559.62
15/10/2025 14:45;559.62
15/10/2025 15:00;559.62
15/10/2025 15:15;559.62
15/10/2025 15:30;559.62
15/10/2025 15:45;559.62
15/10/2025 16:00;559.62
15/10/2025 16:15;559.62
15/10/2025 16:30;559.62
15/10/2025 16:45;559.63
15/10/2025 17:00;559.62
15/10/2025 17:15;559.62
15/10/2025 17:30;559.62
15/10/2025 17:45;559.62
15/10/2025 18:00;559.62
15/10/2025 18:15;559.62
15/10/2025 18:30;559.62
15/10/2025 18:45;559.62
15/10/2025 19:00;559.62
15/10/2025 19:15;559.62
15/10/2025 19:30;559.62
15/10/2025 19:45;559.62
15/10/2025 20:00;559.62
15/10/2025 20:15;559.62
15/10/2025 20:30;559.61
15/10/2025 20:45;559.61
15/10/2025 21:00;559.61
15/10/2025 21:15;559.6
15/10/2025 21:30;559.6
15/10/2025 21:45;559.61
15/10/2025 22:00;559.6
15/10/2025 22:15;559.6
15/10/2025 22:30;559.6
15/10/2025 22:45;559.6
15/10/2025 23:00;559.61
15/10/2025 23:15;559.61
15/10/2025 23:30;559.61
15/10/2025 23:45;559.61
16/10/2025 00:00;559.6
16/10/2025 00:15;559.61
16/10/2025 00:30;559.61
16/10/2025 00:45;559.61
16/10/2025 01:00;559.6
16/10/2025 01:15;559.61
16/10/2025 01:30;559.61
16/10/2025 01:45;559.6
16/10/2025 02:00;559.61
16/10/2025 02:15;559.6
16/10/2025 02:30;559.61
16/10/2025 02:45;559.61
16/10/2025 03:00;559.61
16/10/2025 03:15;559.61
16/10/2025 03:30;559.61
16/10/2025 03:45;559.61
16/10/2025 04:00;559.6
16/10/2025 04:15;559.61
16/10/2025 04:30;559.61
16/10/2025 04:45;559.61
16/10/2025 05:00;559.61
16/10/2025 05:15;559.61
16/10/2025 05:30;559.61
16/10/2025 05:45;559.61
16/10/2025 06:00;559.61
16/10/2025 06:15;559.61
16/10/2025 06:30;559.61
16/10/2025 06:45;559.61
16/10/2025 07:00;559.61
16/10/2025 07:15;559.61
16/10/2025 07:30;559.61
16/10/2025 07:45;559.6
16/10/2025 08:00;559.6
16/10/2025 08:15;559.6
16/10/2025 08:30;559.6
16/10/2025 08:45;559.59
16/10/2025 09:00;559.59
16/10/2025 09:15;559.59
16/10/2025 09:30;559.59
16/10/2025 09:45;559.59
16/10/2025 10:00;559.58
16/10/2025 10:15;559.59
16/10/2025 10:30;559.58
16/10/2025 10:45;559.58
16/10/2025 11:00;559.59
16/10/2025 11:15;559.59
16/10/2025 11:30;559.59
16/10/2025 11:45;559.58
16/10/2025 12:00;559.59
16/10/2025 12:15;559.59
16/10/2025 12:30;559.59
16/10/2025 12:45;559.59
16/10/2025 13:00;559.58
16/10/2025 13:15;559.59
16/10/2025 13:30;559.59
16/10/2025 13:45;559.59
16/10/2025 14:00;559.59
16/10/2025 14:15;559.59
16/10/2025 14:30;559.59
16/10/2025 14:45;559.58
16/10/2025 15:00;559.59
16/10/2025 15:15;559.59
16/10/2025 15:30;559.59
16/10/2025 15:45;559.58
16/10/2025 16:00;559.59
16/10/2025 16:15;559.6
16/10/2025 16:30;559.59
16/10/2025 16:45;559.59
16/10/2025 17:00;559.59
16/10/2025 17:15;559.6
16/10/2025 17:30;559.6
16/10/2025 17:45;559.59
16/10/2025 18:00;559.6
16/10/2025 18:15;559.59
16/10/2025 18:30;559.6
16/10/2025 18:45;559.59
16/10/2025 19:00;559.59
16/10/2025 19:15;559.6
16/10/2025 19:30;559.58
16/10/2025 19:45;559.59
16/10/2025 20:00;559.58
16/10/2025 20:15;559.58
16/10/2025 20:30;559.58
16/10/2025 20:45;559.58
16/10/2025 21:00;559.57
16/10/2025 21:15;559.58
16/10/2025 21:30;559.57
16/10/2025 21:45;559.58
16/10/2025 22:00;559.58
16/10/2025 22:15;559.58
16/10/2025 22:30;559.58
16/10/2025 22:45;559.58
16/10/2025 23:00;559.58
16/10/2025 23:15;559.58
16/10/2025 23:30;559.57
16/10/2025 23:45;559.58
17/10/2025 00:00;559.58
17/10/2025 00:15;559.57
17/10/2025 00:30;559.58
17/10/2025 00:45;559.58
17/10/2025 01:00;559.58
17/10/2025 01:15;559.58
17/10/2025 01:30;559.58
17/10/2025 01:45;559.58
17/10/2025 02:00;559.58
17/10/2025 02:15;559.57
17/10/2025 02:30;559.58
17/10/2025 02:45;559.57
17/10/2025 03:00;559.58
17/10/2025 03:15;559.58
17/10/2025 03:30;559.58
17/10/2025 03:45;559.58
17/10/2025 04:00;559.58
17/10/2025 04:15;559.58
17/10/2025 04:30;559.57
17/10/2025 04:45;559.58
17/10/2025 05:00;559.57
17/10/2025 05:15;559.58
17/10/2025 05:30;559.58
17/10/2025 05:45;559.58
17/10/2025 06:00;559.58
17/10/2025 06:15;559.58
17/10/2025 06:30;559.57
17/10/2025 06:45;559.57
17/10/2025 07:00;559.57
17/10/2025 07:15;559.57
17/10/2025 07:30;559.57
17/10/2025 07:45;559.57
17/10/2025 08:00;559.57
17/10/2025 08:15;559.56
17/10/2025 08:30;559.56
17/10/2025 08:45;559.56
17/10/2025 09:00;559.56
17/10/2025 09:15;559.56
17/10/2025 09:30;559.54
17/10/2025 09:45;559.54
17/10/2025 10:00;559.54
17/10/2025 10:15;559.54
17/10/2025 10:30;559.54
17/10/2025 10:45;559.54
17/10/2025 11:00;559.54
17/10/2025 11:15;559.54
17/10/2025 11:30;559.54
17/10/2025 11:45;559.54
17/10/2025 12:00;559.54
17/10/2025 12:15;559.54
17/10/2025 12:30;559.54
17/10/2025 12:45;559.54
17/10/2025 13:00;559.54
17/10/2025 13:15;559.54
17/10/2025 13:30;559.56
17/10/2025 13:45;559.54
17/10/2025 14:00;559.54
17/10/2025 14:15;559.54
17/10/2025 14:30;559.54
17/10/2025 14:45;559.54
17/10/2025 15:00;559.54
17/10/2025 15:15;559.54
17/10/2025 15:30;559.54
17/10/2025 15:45;559.54
17/10/2025 16:00;559.56
17/10/2025 16:15;559.54
17/10/2025 16:30;559.54
17/10/2025 16:45;559.54
17/10/2025 17:00;559.54
17/10/2025 17:15;559.54
17/10/2025 17:30;559.54
17/10/2025 17:45;559.54
17/10/2025 18:00;559.54
17/10/2025 18:15;559.54
17/10/2025 18:30;559.54
17/10/2025 18:45;559.54
17/10/2025 19:00;559.54
17/10/2025 19:15;559.54
17/10/2025 19:30;559.54
17/10/2025 19:45;559.54
17/10/2025 20:00;559.54
17/10/2025 20:15;559.54
17/10/2025 20:30;559.53
17/10/2025 20:45;559.54
17/10/2025 21:00;559.53
17/10/2025 21:15;559.53
17/10/2025 21:30;559.53
17/10/2025 21:45;559.53
17/10/2025 22:00;559.53
17/10/2025 22:15;559.53
17/10/2025 22:30;559.53
17/10/2025 22:45;559.53
17/10/2025 23:00;559.53
17/10/2025 23:15;559.53
17/10/2025 23:30;559.53
17/10/2025 23:45;559.53
18/10/2025 00:00;559.53
18/10/2025 00:15;559.53
18/10/2025 00:30;559.53
18/10/2025 00:45;559.53
18/10/2025 01:00;559.53
18/10/2025 01:15;559.53
18/10/2025 01:30;559.53
18/10/2025 01:45;559.53
18/10/2025 02:00;559.54
18/10/2025 02:15;559.53
18/10/2025 02:30;559.53
18/10/2025 02:45;559.53
18/10/2025 03:00;559.54
18/10/2025 03:15;559.54
18/10/2025 03:30;559.54
18/10/2025 03:45;559.54
18/10/2025 04:00;559.53
18/10/2025 04:15;559.54
18/10/2025 04:30;559.53
18/10/2025 04:45;559.54
18/10/2025 05:00;559.54
18/10/2025 05:15;559.54
18/10/2025 05:30;559.54
18/10/2025 05:45;559.54
18/10/2025 06:00;559.53
18/10/2025 06:15;559.53
18/10/2025 06:30;559.54
18/10/2025 06:45;559.54
18/10/2025 07:00;559.54
18/10/2025 07:15;559.53
18/10/2025 07:30;559.53
18/10/2025 07:45;559.53
18/10/2025 08:00;559.53
18/10/2025 08:15;559.52
18/10/2025 08:30;559.52
18/10/2025 08:45;559.51
18/10/2025 09:00;559.51
18/10/2025 09:15;559.51
18/10/2025 09:30;559.51
18/10/2025 09:45;559.5
18/10/2025 10:00;559.5
18/10/2025 10:15;559.5
18/10/2025 10:30;559.5
18/10/2025 10:45;559.5
18/10/2025 11:00;559.5
18/10/2025 11:15;559.5
18/10/2025 11:30;559.5
18/10/2025 11:45;559.49
18/10/2025 12:00;559.49
18/10/2025 12:15;559.49
18/10/2025 12:30;559.49
18/10/2025 12:45;559.49
18/10/2025 13:00;559.49
18/10/2025 13:15;559.49
18/10/2025 13:30;559.5
18/10/2025 13:45;559.49
18/10/2025 14:00;559.49
18/10/2025 14:15;559.49
18/10/2025 14:30;559.49
18/10/2025 14:45;559.49
18/10/2025 15:00;559.49
18/10/2025 15:15;559.49
18/10/2025 15:30;559.5
18/10/2025 15:45;559.5
18/10/2025 16:00;559.49
18/10/2025 16:15;559.49
18/10/2025 16:30;559.49
18/10/2025 16:45;559.49
18/10/2025 17:00;559.49
18/10/2025 17:15;559.49
18/10/2025 17:30;559.49
18/10/2025 17:45;559.49
18/10/2025 18:00;559.49
18/10/2025 18:15;559.5
18/10/2025 18:30;559.5
18/10/2025 18:45;559.49
18/10/2025 19:00;559.49
18/10/2025 19:15;559.49
18/10/2025 19:30;559.49
18/10/2025 19:45;559.49
18/10/2025 20:00;559.49
18/10/2025 20:15;559.49
18/10/2025 20:30;559.49
18/10/2025 20:45;559.49
18/10/2025 21:00;559.49
18/10/2025 21:15;559.47
18/10/2025 21:30;559.47
18/10/2025 21:45;559.49
18/10/2025 22:00;559.49
18/10/2025 22:15;559.49
18/10/2025 22:30;559.47
18/10/2025 22:45;559.49
18/10/2025 23:00;559.49
18/10/2025 23:15;559.49
18/10/2025 23:30;559.47
18/10/2025 23:45;559.47
19/10/2025 00:00;559.49
19/10/2025 00:15;559.49
19/10/2025 00:30;559.49
19/10/2025 00:45;559.49
19/10/2025 01:00;559.49
19/10/2025 01:15;559.49
19/10/2025 01:30;559.49
19/10/2025 01:45;559.49
19/10/2025 02:00;559.49
19/10/2025 02:15;559.49
19/10/2025 02:30;559.49
19/10/2025 02:45;559.49
19/10/2025 03:00;559.49
19/10/2025 03:15;559.49
19/10/2025 03:30;559.49
19/10/2025 03:45;559.49
19/10/2025 04:00;559.49
19/10/2025 04:15;559.49
19/10/2025 04:30;559.49
19/10/2025 04:45;559.49
19/10/2025 05:00;559.49
19/10/2025 05:15;559.49
19/10/2025 05:30;559.47
19/10/2025 05:45;559.49
19/10/2025 06:00;559.49
19/10/2025 06:15;559.49
19/10/2025 06:30;559.49
19/10/2025 06:45;559.49
19/10/2025 07:00;559.49
19/10/2025 07:15;559.49
19/10/2025 07:30;559.49
19/10/2025 07:45;559.49
19/10/2025 08:00;559.49
19/10/2025 08:15;559.49
19/10/2025 08:30;559.47
19/10/2025 08:45;559.49
19/10/2025 09:00;559.47
19/10/2025 09:15;559.47
19/10/2025 09:30;559.46
19/10/2025 09:45;559.46
19/10/2025 10:00;559.46
19/10/2025 10:15;559.46
19/10/2025 10:30;559.46
19/10/2025 10:45;559.46
19/10/2025 11:00;559.46
19/10/2025 11:15;559.46
19/10/2025 11:30;559.46
19/10/2025 11:45;559.46
19/10/2025 12:00;559.46
19/10/2025 12:15;559.46
19/10/2025 12:30;559.46
19/10/2025 12:45;559.46
19/10/2025 13:00;559.46
19/10/2025 13:15;559.46
19/10/2025 13:30;559.46
19/10/2025 13:45;559.46
19/10/2025 14:00;559.46
19/10/2025 14:15;559.46
19/10/2025 14:30;559.47
19/10/2025 14:45;559.46
19/10/2025 15:00;559.47
19/10/2025 15:15;559.46
19/10/2025 15:30;559.46
19/10/2025 15:45;559.46
19/10/2025 16:00;559.47
19/10/2025 16:15;559.46
19/10/2025 16:30;559.47
19/10/2025 16:45;559.47
19/10/2025 17:00;559.47
19/10/2025 17:15;559.47
19/10/2025 17:30;559.46
19/10/2025 17:45;559.46
19/10/2025 18:00;559.47
19/10/2025 18:15;559.47
19/10/2025 18:30;559.47
19/10/2025 18:45;559.46
19/10/2025 19:00;559.46
19/10/2025 19:15;559.46
19/10/2025 19:30;559.46
19/10/2025 19:45;559.46
19/10/2025 20:00;559.46
19/10/2025 20:15;559.46
19/10/2025 20:30;559.46
19/10/2025 20:45;559.45
19/10/2025 21:00;559.45
19/10/2025 21:15;559.45
19/10/2025 21:30;559.45
19/10/2025 21:45;559.45
19/10/2025 22:00;559.45
19/10/2025 22:15;559.45
19/10/2025 22:30;559.45
19/10/2025 22:45;559.45
19/10/2025 23:00;559.46
19/10/2025 23:15;559.46
19/10/2025 23:30;559.46
19/10/2025 23:45;559.46
20/10/2025 00:00;559.46
20/10/2025 00:15;559.46
20/10/2025 00:30;559.46
20/10/2025 00:45;559.46
20/10/2025 01:00;559.46
20/10/2025 01:15;559.46
20/10/2025 01:30;559.46
20/10/2025 01:45;559.46
20/10/2025 02:00;559.46
20/10/2025 02:15;559.46
20/10/2025 02:30;559.46
20/10/2025 02:45;559.46
20/10/2025 03:00;559.46
20/10/2025 03:15;559.46
20/10/2025 03:30;559.46
20/10/2025 03:45;559.46
20/10/2025 04:00;559.46
20/10/2025 04:15;559.46
20/10/2025 04:30;559.46
20/10/2025 04:45;559.46
20/10/2025 05:00;559.46
20/10/2025 05:15;559.46
20/10/2025 05:30;559.46
20/10/2025 05:45;559.46
20/10/2025 06:00;559.46
20/10/2025 06:15;559.46
20/10/2025 06:30;559.46
20/10/2025 06:45;559.46
20/10/2025 07:00;559.46
20/10/2025 07:15;559.46
20/10/2025 07:30;559.46
20/10/2025 07:45;559.46
20/10/2025 08:00;559.46
20/10/2025 08:15;559.46
20/10/2025 08:30;559.46
20/10/2025 08:45;559.46
20/10/2025 09:00;559.46
20/10/2025 09:15;559.46
20/10/2025 09:30;559.46
20/10/2025 09:45;559.46
20/10/2025 10:00;559.46
20/10/2025 10:15;559.46
20/10/2025 10:30;559.46
20/10/2025 10:45;559.46
20/10/2025 11:00;559.46
20/10/2025 11:15;559.46
20/10/2025 11:30;559.46
20/10/2025 11:45;559.46
20/10/2025 12:00;559.46
20/10/2025 12:15;559.46
20/10/2025 12:30;559.46
20/10/2025 12:45;559.46
20/10/2025 13:00;559.47
20/10/2025 13:15;559.47
20/10/2025 13:30;559.46
20/10/2025 13:45;559.46
20/10/2025 14:00;559.46
20/10/2025 14:15;559.47
20/10/2025 14:30;559.46
20/10/2025 14:45;559.46
20/10/2025 15:00;559.46
20/10/2025 15:15;559.46
20/10/2025 15:30;559.46
20/10/2025 15:45;559.46
20/10/2025 16:00;559.46
20/10/2025 16:15;559.46
20/10/2025 16:30;559.46
20/10/2025 16:45;559.46
20/10/2025 17:00;559.46
20/10/2025 17:15;559.46
20/10/2025 17:30;559.46
20/10/2025 17:45;559.46
20/10/2025 18:00;559.46
20/10/2025 18:15;559.46
20/10/2025 18:30;559.46
20/10/2025 18:45;559.46
20/10/2025 19:00;559.46
20/10/2025 19:15;559.46
20/10/2025 19:30;559.46
20/10/2025 19:45;559.46
20/10/2025 20:00;559.46
20/10/2025 20:15;559.46
20/10/2025 20:30;559.45
20/10/2025 20:45;559.45
20/10/2025 21:00;559.45
20/10/2025 21:15;559.45
20/10/2025 21:30;559.45
20/10/2025 21:45;559.45
20/10/2025 22:00;559.45
20/10/2025 22:15;559.44
20/10/2025 22:30;559.45
20/10/2025 22:45;559.45
20/10/2025 23:00;559.45
20/10/2025 23:15;559.44
20/10/2025 23:30;559.45
20/10/2025 23:45;559.44
21/10/2025 00:00;559.44
21/10/2025 00:15;559.44
21/10/2025 00:30;559.44
21/10/2025 00:45;559.44
21/10/2025 01:00;559.44
21/10/2025 01:15;559.44
21/10/2025 01:30;559.44
21/10/2025 01:45;559.44
21/10/2025 02:00;559.44
21/10/2025 02:15;559.44
21/10/2025 02:30;559.44
21/10/2025 02:45;559.43
21/10/2025 03:00;559.43
21/10/2025 03:15;559.44
21/10/2025 03:30;559.44
21/10/2025 03:45;559.43
21/10/2025 04:00;559.43
21/10/2025 04:15;559.43
21/10/2025 04:30;559.44
21/10/2025 04:45;559.44
21/10/2025 05:00;559.43
21/10/2025 05:15;559.43
21/10/2025 05:30;559.43
21/10/2025 05:45;559.43
21/10/2025 06:00;559.43
21/10/2025 06:15;559.44
21/10/2025 06:30;559.43
21/10/2025 06:45;559.43
21/10/2025 07:00;559.43
21/10/2025 07:15;559.43
21/10/2025 07:30;559.44
21/10/2025 07:45;559.43
21/10/2025 08:00;559.44
21/10/2025 08:15;559.42
21/10/2025 08:30;559.43
21/10/2025 08:45;559.43
21/10/2025 09:00;559.42
21/10/2025 09:15;559.43
21/10/2025 09:30;559.43
21/10/2025 09:45;559.42
21/10/2025 10:00;559.43
21/10/2025 10:15;559.43
21/10/2025 10:30;559.44
21/10/2025 10:45;559.42
21/10/2025 11:00;559.43
21/10/2025 11:15;559.43
21/10/2025 11:30;559.44
21/10/2025 11:45;559.42
21/10/2025 12:00;559.43
21/10/2025 12:15;559.43
21/10/2025 12:30;559.43
21/10/2025 12:45;559.42
21/10/2025 13:00;559.43
21/10/2025 13:15;559.42
21/10/2025 13:30;559.42
21/10/2025 13:45;559.43
21/10/2025 14:00;559.42
21/10/2025 14:15;559.42
21/10/2025 14:30;559.43
21/10/2025 14:45;559.43
21/10/2025 15:00;559.42
21/10/2025 15:15;559.43
21/10/2025 15:30;559.43
21/10/2025 15:45;559.43
21/10/2025 16:00;559.43
21/10/2025 16:15;559.43
21/10/2025 16:30;559.43
21/10/2025 16:45;559.43
21/10/2025 17:00;559.43
21/10/2025 17:15;559.42
21/10/2025 17:30;559.43
21/10/2025 17:45;559.42
21/10/2025 18:00;559.43
21/10/2025 18:15;559.42
21/10/2025 18:30;559.42
21/10/2025 18:45;559.42
21/10/2025 19:00;559.42
21/10/2025 19:15;559.42
21/10/2025 19:30;559.42
21/10/2025 19:45;559.42
21/10/2025 20:00;559.42
21/10/2025 20:15;559.41
21/10/2025 20:30;559.41
21/10/2025 20:45;559.4
21/10/2025 21:00;559.4
21/10/2025 21:15;559.39
21/10/2025 21:30;559.39
21/10/2025 21:45;559.39
21/10/2025 22:00;559.39
21/10/2025 22:15;559.39
21/10/2025 22:30;559.39
21/10/2025 22:45;559.38
21/10/2025 23:00;559.38
21/10/2025 23:15;559.38
21/10/2025 23:30;559.38
21/10/2025 23:45;559.38
22/10/2025 00:00;559.36
22/10/2025 00:15;559.36
22/10/2025 00:30;559.36
22/10/2025 00:45;559.38
22/10/2025 01:00;559.36
22/10/2025 01:15;559.36
22/10/2025 01:30;559.38
22/10/2025 01:45;559.36
22/10/2025 02:00;559.36
22/10/2025 02:15;559.36
22/10/2025 02:30;559.36
22/10/2025 02:45;559.38
22/10/2025 03:00;559.36
22/10/2025 03:15;559.36
22/10/2025 03:30;559.36
22/10/2025 03:45;559.36
22/10/2025 04:00;559.36
22/10/2025 04:15;559.36
22/10/2025 04:30;559.36
22/10/2025 04:45;559.36
22/10/2025 05:00;559.36
22/10/2025 05:15;559.36
22/10/2025 05:30;559.36
22/10/2025 05:45;559.36
22/10/2025 06:00;559.36
22/10/2025 06:15;559.36
22/10/2025 06:30;559.36
22/10/2025 06:45;559.36
22/10/2025 07:00;559.36
22/10/2025 07:15;559.36
22/10/2025 07:30;559.36
22/10/2025 07:45;559.36
22/10/2025 08:00;559.36
22/10/2025 08:15;559.36
22/10/2025 08:30;559.36
22/10/2025 08:45;559.36
22/10/2025 09:00;559.36
22/10/2025 09:15;559.36
22/10/2025 09:30;559.36
22/10/2025 09:45;559.36
22/10/2025 10:00;559.36
22/10/2025 10:15;559.36
22/10/2025 10:30;559.36
22/10/2025 10:45;559.36
22/10/2025 11:00;559.36
22/10/2025 11:15;559.36
22/10/2025 11:30;559.36
22/10/2025 11:45;559.36
22/10/2025 12:00;559.36
22/10/2025 12:15;559.36
22/10/2025 12:30;559.36
22/10/2025 12:45;559.36
22/10/2025 13:00;559.36
22/10/2025 13:15;559.36
22/10/2025 13:30;559.35
22/10/2025 13:45;559.35
22/10/2025 14:00;559.35
22/10/2025 14:15;559.36
22/10/2025 14:30;559.35
22/10/2025 14:45;559.35
22/10/2025 15:00;559.35
22/10/2025 15:15;559.36
22/10/2025 15:30;559.35
22/10/2025 15:45;559.35
22/10/2025 16:00;559.35
22/10/2025 16:15;559.35
22/10/2025 16:30;559.35
22/10/2025 16:45;559.35
22/10/2025 17:00;559.35
22/10/2025 17:15;559.34
22/10/2025 17:30;559.34
22/10/2025 17:45;559.33
22/10/2025 18:00;559.33
22/10/2025 18:15;559.33
22/10/2025 18:30;559.32
22/10/2025 18:45;559.32
22/10/2025 19:00;559.32
22/10/2025 19:15;559.32
22/10/2025 19:30;559.32
22/10/2025 19:45;559.32
22/10/2025 20:00;559.31
22/10/2025 20:15;559.32
22/10/2025 20:30;559.31
22/10/2025 20:45;559.32
22/10/2025 21:00;559.32
22/10/2025 21:15;559.32
22/10/2025 21:30;559.33
22/10/2025 21:45;559.32
22/10/2025 22:00;559.32
22/10/2025 22:15;559.32
22/10/2025 22:30;559.32
22/10/2025 22:45;559.32
22/10/2025 23:00;559.31
22/10/2025 23:15;559.32
22/10/2025 23:30;559.32
22/10/2025 23:45;559.32
23/10/2025 00:00;559.32
23/10/2025 00:15;559.31
23/10/2025 00:30;559.31
23/10/2025 00:45;559.32
23/10/2025 01:00;559.32
23/10/2025 01:15;559.32
23/10/2025 01:30;559.31
23/10/2025 01:45;559.31
23/10/2025 02:00;559.31
23/10/2025 02:15;559.31
23/10/2025 02:30;559.31
23/10/2025 02:45;559.31
23/10/2025 03:00;559.32
23/10/2025 03:15;559.32
23/10/2025 03:30;559.32
23/10/2025 03:45;559.31
23/10/2025 04:00;559.31
23/10/2025 04:15;559.31
23/10/2025 04:30;559.32
23/10/2025 04:45;559.32
23/10/2025 05:00;559.32
23/10/2025 05:15;559.31
23/10/2025 05:30;559.31
23/10/2025 05:45;559.32
23/10/2025 06:00;559.31
23/10/2025 06:15;559.31
23/10/2025 06:30;559.31
23/10/2025 06:45;559.32
23/10/2025 07:00;559.31
23/10/2025 07:15;559.31
23/10/2025 07:30;559.32
23/10/2025 07:45;559.32
23/10/2025 08:00;559.32
23/10/2025 08:15;559.31
23/10/2025 08:30;559.32
23/10/2025 08:45;559.32
23/10/2025 09:00;559.32
23/10/2025 09:15;559.31
23/10/2025 09:30;559.32
23/10/2025 09:45;559.31
23/10/2025 10:00;559.32
23/10/2025 10:15;559.32
23/10/2025 10:30;559.32
23/10/2025 10:45;559.31
23/10/2025 11:00;559.31
23/10/2025 11:15;559.31
23/10/2025 11:30;559.31
23/10/2025 11:45;559.32
23/10/2025 12:00;559.32
23/10/2025 12:15;559.32
23/10/2025 12:30;559.32
23/10/2025 12:45;559.31
23/10/2025 13:00;559.32
23/10/2025 13:15;559.32
23/10/2025 13:30;559.31
23/10/2025 13:45;559.31
23/10/2025 14:00;559.32
23/10/2025 14:15;559.32
23/10/2025 14:30;559.31
23/10/2025 14:45;559.31
23/10/2025 15:00;559.31
23/10/2025 15:15;559.31
23/10/2025 15:30;559.31
23/10/2025 15:45;559.31
23/10/2025 16:00;559.31
23/10/2025 16:15;559.31
23/10/2025 16:30;559.31
23/10/2025 16:45;559.31
23/10/2025 17:00;559.31
23/10/2025 17:15;559.31
23/10/2025 17:30;559.31
23/10/2025 17:45;559.31
23/10/2025 18:00;559.31
23/10/2025 18:15;559.31
23/10/2025 18:30;559.31
23/10/2025 18:45;559.31
23/10/2025 19:00;559.31
23/10/2025 19:15;559.31
23/10/2025 19:30;559.31
23/10/2025 19:45;559.29
23/10/2025 20:00;559.29
23/10/2025 20:15;559.29
23/10/2025 20:30;559.29
23/10/2025 20:45;559.28
23/10/2025 21:00;559.28
23/10/2025 21:15;559.28
23/10/2025 21:30;559.28
23/10/2025 21:45;559.27
23/10/2025 22:00;559.28
23/10/2025 22:15;559.27
23/10/2025 22:30;559.27
23/10/2025 22:45;559.27
23/10/2025 23:00;559.28
23/10/2025 23:15;559.27
23/10/2025 23:30;559.28
23/10/2025 23:45;559.28
24/10/2025 00:00;559.28
24/10/2025 00:15;559.27
24/10/2025 00:30;559.27
24/10/2025 00:45;559.27
24/10/2025 01:00;559.27
24/10/2025 01:15;559.27
24/10/2025 01:30;559.28
24/10/2025 01:45;559.27
24/10/2025 02:00;559.27
24/10/2025 02:15;559.28
24/10/2025 02:30;559.27
24/10/2025 02:45;559.27
24/10/2025 03:00;559.28
24/10/2025 03:15;559.27
24/10/2025 03:30;559.28
24/10/2025 03:45;559.28
24/10/2025 04:00;559.27
24/10/2025 04:15;559.28
24/10/2025 04:30;559.28
24/10/2025 04:45;559.27
24/10/2025 05:00;559.27
24/10/2025 05:15;559.26
24/10/2025 05:30;559.27
24/10/2025 05:45;559.26
24/10/2025 06:00;559.26
24/10/2025 06:15;559.27
24/10/2025 06:30;559.27
24/10/2025 06:45;559.26
24/10/2025 07:00;559.27
24/10/2025 07:15;559.27
24/10/2025 07:30;559.27
24/10/2025 07:45;559.26
24/10/2025 08:00;559.27
24/10/2025 08:15;559.26
24/10/2025 08:30;559.27
24/10/2025 08:45;559.27
24/10/2025 09:00;559.26
24/10/2025 09:15;559.27
24/10/2025 09:30;559.27
24/10/2025 09:45;559.27
24/10/2025 10:00;559.26
24/10/2025 10:15;559.27
24/10/2025 10:30;559.27
24/10/2025 10:45;559.27
24/10/2025 11:00;559.27
24/10/2025 11:15;559.26
24/10/2025 11:30;559.26
24/10/2025 11:45;559.26
24/10/2025 12:00;559.26
24/10/2025 12:15;559.26
24/10/2025 12:30;559.26
24/10/2025 12:45;559.26
24/10/2025 13:00;559.26
24/10/2025 13:15;559.26
24/10/2025 13:30;559.26
24/10/2025 13:45;559.26
24/10/2025 14:00;559.26
24/10/2025 14:15;559.26
24/10/2025 14:30;559.26
24/10/2025 14:45;559.25
24/10/2025 15:00;559.26
24/10/2025 15:15;559.26
24/10/2025 15:30;559.26
24/10/2025 15:45;559.26
24/10/2025 16:00;559.26
24/10/2025 16:15;559.26
24/10/2025 16:30;559.26
24/10/2025 16:45;559.26
24/10/2025 17:00;559.26
24/10/2025 17:15;559.26
24/10/2025 17:30;559.26
24/10/2025 17:45;559.26
24/10/2025 18:00;559.26
24/10/2025 18:15;559.25
24/10/2025 18:30;559.25
24/10/2025 18:45;559.24
24/10/2025 19:00;559.24
24/10/2025 19:15;559.24
24/10/2025 19:30;559.24
24/10/2025 19:45;559.24
24/10/2025 20:00;559.23
24/10/2025 20:15;559.22
24/10/2025 20:30;559.22
24/10/2025 20:45;559.22
24/10/2025 21:00;559.22
24/10/2025 21:15;559.22
24/10/2025 21:30;559.21
24/10/2025 21:45;559.21
24/10/2025 22:00;559.21
24/10/2025 22:15;559.21
24/10/2025 22:30;559.21
24/10/2025 22:45;559.21
24/10/2025 23:00;559.21
24/10/2025 23:15;559.2
24/10/2025 23:30;559.21
24/10/2025 23:45;559.21
25/10/2025 00:00;559.21
25/10/2025 00:15;559.21
25/10/2025 00:30;559.21
25/10/2025 00:45;559.21
25/10/2025 01:00;559.21
25/10/2025 01:15;559.21
25/10/2025 01:30;559.21
25/10/2025 01:45;559.21
25/10/2025 02:00;559.21
25/10/2025 02:15;559.2
25/10/2025 02:30;559.21
25/10/2025 02:45;559.2
25/10/2025 03:00;559.21
25/10/2025 03:15;559.2
25/10/2025 03:30;559.21
25/10/2025 03:45;559.2
25/10/2025 04:00;559.21
25/10/2025 04:15;559.2
25/10/2025 04:30;559.21
25/10/2025 04:45;559.2
25/10/2025 05:00;559.2
25/10/2025 05:15;559.2
25/10/2025 05:30;559.2
25/10/2025 05:45;559.2
25/10/2025 06:00;559.2
25/10/2025 06:15;559.21
25/10/2025 06:30;559.2
25/10/2025 06:45;559.2
25/10/2025 07:00;559.2
25/10/2025 07:15;559.2
25/10/2025 07:30;559.2
25/10/2025 07:45;559.2
25/10/2025 08:00;559.2
25/10/2025 08:15;559.2
25/10/2025 08:30;559.2
25/10/2025 08:45;559.2
25/10/2025 09:00;559.2
25/10/2025 09:15;559.2
25/10/2025 09:30;559.2
25/10/2025 09:45;559.2
25/10/2025 10:00;559.2
25/10/2025 10:15;559.2
25/10/2025 10:30;559.18
25/10/2025 10:45;559.2
25/10/2025 11:00;559.2
25/10/2025 11:15;559.2
25/10/2025 11:30;559.2
25/10/2025 11:45;559.18
25/10/2025 12:00;559.18
25/10/2025 12:15;559.2
25/10/2025 12:30;559.2
25/10/2025 12:45;559.18
25/10/2025 13:00;559.18
25/10/2025 13:15;559.18
25/10/2025 13:30;559.18
25/10/2025 13:45;559.18
25/10/2025 14:00;559.18
25/10/2025 14:15;559.18
25/10/2025 14:30;559.18
25/10/2025 14:45;559.18
25/10/2025 15:00;559.18
25/10/2025 15:15;559.18
25/10/2025 15:30;559.18
25/10/2025 15:45;559.18
25/10/2025 16:00;559.18
25/10/2025 16:15;559.17
25/10/2025 16:30;559.17
25/10/2025 16:45;559.17
25/10/2025 17:00;559.18
25/10/2025 17:15;559.18
25/10/2025 17:30;559.17
25/10/2025 17:45;559.17
25/10/2025 18:00;559.17
25/10/2025 18:15;559.18
25/10/2025 18:30;559.17
25/10/2025 18:45;559.17
25/10/2025 19:00;559.17
25/10/2025 19:15;559.17
25/10/2025 19:30;559.17
25/10/2025 19:45;559.16
25/10/2025 20:00;559.16
25/10/2025 20:15;559.16
25/10/2025 20:30;559.15
25/10/2025 20:45;559.16
25/10/2025 21:00;559.15
25/10/2025 21:15;559.15
25/10/2025 21:30;559.15
25/10/2025 21:45;559.14
25/10/2025 22:00;559.14
25/10/2025 22:15;559.14
25/10/2025 22:30;559.13
25/10/2025 22:45;559.14
25/10/2025 23:00;559.13
25/10/2025 23:15;559.13
25/10/2025 23:30;559.13
25/10/2025 23:45;559.13
26/10/2025 00:00;559.13
26/10/2025 00:15;559.13
26/10/2025 00:30;559.13
26/10/2025 00:45;559.13
26/10/2025 01:00;559.13
26/10/2025 01:15;559.13
26/10/2025 01:30;559.13
26/10/2025 01:45;559.13
26/10/2025 02:00;559.13
26/10/2025 02:15;559.13
26/10/2025 02:30;559.13
26/10/2025 02:45;559.13
26/10/2025 03:00;559.13
26/10/2025 03:15;559.13
26/10/2025 03:30;559.13
26/10/2025 03:45;559.13
26/10/2025 04:00;559.13
26/10/2025 04:15;559.13
26/10/2025 04:30;559.13
26/10/2025 04:45;559.13
26/10/2025 05:00;559.13
26/10/2025 05:15;559.13
26/10/2025 05:30;559.13
26/10/2025 05:45;559.13
26/10/2025 06:00;559.13
26/10/2025 06:15;559.13
26/10/2025 06:30;559.13
26/10/2025 06:45;559.13
26/10/2025 07:00;559.13
26/10/2025 07:15;559.13
26/10/2025 07:30;559.13
26/10/2025 07:45;559.13
26/10/2025 08:00;559.13
26/10/2025 08:15;559.13
26/10/2025 08:30;559.13
26/10/2025 08:45;559.13
26/10/2025 09:00;559.13
26/10/2025 09:15;559.13
26/10/2025 09:30;559.13
26/10/2025 09:45;559.13
26/10/2025 10:00;559.11
26/10/2025 10:15;559.13
26/10/2025 10:30;559.13
26/10/2025 10:45;559.13
26/10/2025 11:00;559.11
26/10/2025 11:15;559.13
26/10/2025 11:30;559.13
26/10/2025 11:45;559.13
26/10/2025 12:00;559.13
26/10/2025 12:15;559.13
26/10/2025 12:30;559.13
26/10/2025 12:45;559.13
26/10/2025 13:00;559.13
26/10/2025 13:15;559.13
26/10/2025 13:30;559.13
26/10/2025 13:45;559.13
26/10/2025 14:00;559.13
26/10/2025 14:15;559.11
26/10/2025 14:30;559.13
26/10/2025 14:45;559.11
26/10/2025 15:00;559.13
26/10/2025 15:15;559.11
26/10/2025 15:30;559.13
26/10/2025 15:45;559.11
26/10/2025 16:00;559.11
26/10/2025 16:15;559.11
26/10/2025 16:30;559.11
26/10/2025 16:45;559.11
26/10/2025 17:00;559.11
26/10/2025 17:15;559.13
26/10/2025 17:30;559.13
26/10/2025 17:45;559.11
26/10/2025 18:00;559.11
26/10/2025 18:15;559.13
26/10/2025 18:30;559.13
26/10/2025 18:45;559.1
26/10/2025 19:00;559.1
26/10/2025 19:15;559.11
26/10/2025 19:30;559.1
26/10/2025 19:45;559.1
26/10/2025 20:00;559.1
26/10/2025 20:15;559.1
26/10/2025 20:30;559.1
26/10/2025 20:45;559.1
26/10/2025 21:00;559.09
26/10/2025 21:15;559.09
26/10/2025 21:30;559.09
26/10/2025 21:45;559.09
26/10/2025 22:00;559.08
26/10/2025 22:15;559.08
26/10/2025 22:30;559.08
26/10/2025 22:45;559.08
26/10/2025 23:00;559.08
26/10/2025 23:15;559.08
26/10/2025 23:30;559.08
26/10/2025 23:45;559.07
27/10/2025 00:00;559.08
27/10/2025 00:15;559.07
27/10/2025 00:30;559.08
27/10/2025 00:45;559.07
27/10/2025 01:00;559.07
27/10/2025 01:15;559.07
27/10/2025 01:30;559.07
27/10/2025 01:45;559.07
27/10/2025 02:00;559.07
27/10/2025 02:15;559.07
27/10/2025 02:30;559.07
27/10/2025 02:45;559.07
27/10/2025 03:00;559.07
27/10/2025 03:15;559.07
27/10/2025 03:30;559.07
27/10/2025 03:45;559.07
27/10/2025 04:00;559.07
27/10/2025 04:15;559.07
27/10/2025 04:30;559.07
27/10/2025 04:45;559.07
27/10/2025 05:00;559.06
27/10/2025 05:15;559.07
27/10/2025 05:30;559.07
27/10/2025 05:45;559.07
27/10/2025 06:00;559.07
27/10/2025 06:15;559.06
27/10/2025 06:30;559.07
27/10/2025 06:45;559.07
27/10/2025 07:00;559.07
27/10/2025 07:15;559.07
27/10/2025 07:30;559.06
27/10/2025 07:45;559.07
27/10/2025 08:00;559.06
27/10/2025 08:15;559.07
27/10/2025 08:30;559.07
27/10/2025 08:45;559.06
27/10/2025 09:00;559.06
27/10/2025 09:15;559.06
27/10/2025 09:30;559.07
27/10/2025 09:45;559.06
27/10/2025 10:00;559.07
27/10/2025 10:15;559.07
27/10/2025 10:30;559.07
27/10/2025 10:45;559.07
27/10/2025 11:00;559.07
27/10/2025 11:15;559.06
27/10/2025 11:30;559.06
27/10/2025 11:45;559.06
27/10/2025 12:00;559.06
27/10/2025 12:15;559.06
27/10/2025 12:30;559.07
27/10/2025 12:45;559.07
27/10/2025 13:00;559.06
27/10/2025 13:15;559.06
27/10/2025 13:30;559.06
27/10/2025 13:45;559.06
27/10/2025 14:00;559.06
27/10/2025 14:15;559.06
27/10/2025 14:30;559.06
27/10/2025 14:45;559.07
27/10/2025 15:00;559.06
27/10/2025 15:15;559.06
27/10/2025 15:30;559.06
27/10/2025 15:45;559.06
27/10/2025 16:00;559.06
27/10/2025 16:15;559.06
27/10/2025 16:30;559.06
27/10/2025 16:45;559.05
27/10/2025 17:00;559.06
27/10/2025 17:15;559.06
27/10/2025 17:30;559.05
27/10/2025 17:45;559.06
27/10/2025 18:00;559.05
27/10/2025 18:15;559.05
27/10/2025 18:30;559.05
27/10/2025 18:45;559.06
27/10/2025 19:00;559.05
27/10/2025 19:15;559.05
27/10/2025 19:30;559.05
27/10/2025 19:45;559.05
27/10/2025 20:00;559.04
27/10/2025 20:15;559.05
27/10/2025 20:30;559.04
27/10/2025 20:45;559.04
27/10/2025 21:00;559.03
27/10/2025 21:15;559.03
27/10/2025 21:30;559.03
27/10/2025 21:45;559.03
27/10/2025 22:00;559.03
27/10/2025 22:15;559.03
27/10/2025 22:30;559.03
27/10/2025 22:45;559.03
27/10/2025 23:00;559.02
27/10/2025 23:15;559.03
27/10/2025 23:30;559.03
27/10/2025 23:45;559.03
28/10/2025 00:00;559.02
28/10/2025 00:15;559.02
28/10/2025 00:30;559.02
28/10/2025 00:45;559.02
28/10/2025 01:00;559.02
28/10/2025 01:15;559.02
28/10/2025 01:30;559.02
28/10/2025 01:45;559.02
28/10/2025 02:00;559.02
28/10/2025 02:15;559.02
28/10/2025 02:30;559.02
28/10/2025 02:45;559.02
28/10/2025 03:00;559.02
28/10/2025 03:15;559.02
28/10/2025 03:30;559.02
28/10/2025 03:45;559.02
28/10/2025 04:00;559.02
28/10/2025 04:15;559.02
28/10/2025 04:30;559.02
28/10/2025 04:45;559.02
28/10/2025 05:00;559.02
28/10/2025 05:15;559.02
28/10/2025 05:30;559
28/10/2025 05:45;559
28/10/2025 06:00;559.02
28/10/2025 06:15;559
28/10/2025 06:30;559.02
28/10/2025 06:45;559
28/10/2025 07:00;559.02
28/10/2025 07:15;559.02
28/10/2025 07:30;559.02
28/10/2025 07:45;559.02
28/10/2025 08:00;559
28/10/2025 08:15;559
28/10/2025 08:30;559
28/10/2025 08:45;559
28/10/2025 09:00;559
28/10/2025 09:15;559
28/10/2025 09:30;559.02
28/10/2025 09:45;559
28/10/2025 10:00;559
28/10/2025 10:15;559
28/10/2025 10:30;559
28/10/2025 10:45;559
28/10/2025 11:00;559.02
28/10/2025 11:15;559
28/10/2025 11:30;559
28/10/2025 11:45;559
28/10/2025 12:00;559.02
28/10/2025 12:15;559
28/10/2025 12:30;559
28/10/2025 12:45;558.99
28/10/2025 13:00;558.99
28/10/2025 13:15;558.99
28/10/2025 13:30;559
28/10/2025 13:45;559
28/10/2025 14:00;558.99
28/10/2025 14:15;558.99
28/10/2025 14:30;558.99
28/10/2025 14:45;558.99
28/10/2025 15:00;558.99
28/10/2025 15:15;558.99
28/10/2025 15:30;558.99
28/10/2025 15:45;558.99
28/10/2025 16:00;558.98
28/10/2025 16:15;558.99
28/10/2025 16:30;558.99
28/10/2025 16:45;558.99
28/10/2025 17:00;558.99
28/10/2025 17:15;558.99
28/10/2025 17:30;558.99
28/10/2025 17:45;558.98
28/10/2025 18:00;558.99
28/10/2025 18:15;558.99
28/10/2025 18:30;558.99
28/10/2025 18:45;558.99
28/10/2025 19:00;558.98
28/10/2025 19:15;558.99
28/10/2025 19:30;558.98
28/10/2025 19:45;558.98
28/10/2025 20:00;558.97
28/10/2025 20:15;558.97
28/10/2025 20:30;558.96
28/10/2025 20:45;558.96
28/10/2025 21:00;558.96
28/10/2025 21:15;558.95
28/10/2025 21:30;558.95
28/10/2025 21:45;558.95
28/10/2025 22:00;558.95
28/10/2025 22:15;558.95
28/10/2025 22:30;558.95
28/10/2025 22:45;558.95
28/10/2025 23:00;558.95
28/10/2025 23:15;558.95
28/10/2025 23:30;558.95
28/10/2025 23:45;558.95
29/10/2025 00:00;558.95
29/10/2025 00:15;558.95
29/10/2025 00:30;558.95
29/10/2025 00:45;558.95
29/10/2025 01:00;558.95
29/10/2025 01:15;558.95
29/10/2025 01:30;558.95
29/10/2025 01:45;558.93
29/10/2025 02:00;558.95
29/10/2025 02:15;558.95
29/10/2025 02:30;558.95
29/10/2025 02:45;558.95
29/10/2025 03:00;558.93
29/10/2025 03:15;558.95
29/10/2025 03:30;558.95
29/10/2025 03:45;558.95
29/10/2025 04:00;558.95
29/10/2025 04:15;558.93
29/10/2025 04:30;558.95
29/10/2025 04:45;558.93
29/10/2025 05:00;558.93
29/10/2025 05:15;558.93
29/10/2025 05:30;558.93
29/10/2025 05:45;558.93
29/10/2025 06:00;558.93
29/10/2025 06:15;558.93
29/10/2025 06:30;558.93
29/10/2025 06:45;558.93
29/10/2025 07:00;558.93
29/10/2025 07:15;558.93
29/10/2025 07:30;558.93
29/10/2025 07:45;558.93
29/10/2025 08:00;558.93
29/10/2025 08:15;558.93
29/10/2025 08:30;558.93
29/10/2025 08:45;558.92
29/10/2025 09:00;558.93
29/10/2025 09:15;558.93
29/10/2025 09:30;558.93
29/10/2025 09:45;558.93
29/10/2025 10:00;558.93
29/10/2025 10:15;558.93
29/10/2025 10:30;558.93
29/10/2025 10:45;558.93
29/10/2025 11:00;558.93
29/10/2025 11:15;558.93
29/10/2025 11:30;558.93
29/10/2025 11:45;558.93
29/10/2025 12:00;558.93
29/10/2025 12:15;558.93
29/10/2025 12:30;558.93
29/10/2025 12:45;558.92
29/10/2025 13:00;558.92
29/10/2025 13:15;558.92
29/10/2025 13:30;558.92
29/10/2025 13:45;558.92
29/10/2025 14:00;558.91
29/10/2025 14:15;558.92
29/10/2025 14:30;558.91
29/10/2025 14:45;558.92
29/10/2025 15:00;558.91
29/10/2025 15:15;558.92
29/10/2025 15:30;558.91
29/10/2025 15:45;558.91
29/10/2025 16:00;558.92
29/10/2025 16:15;558.91
29/10/2025 16:30;558.91
29/10/2025 16:45;558.91
29/10/2025 17:00;558.91
29/10/2025 17:15;558.91
29/10/2025 17:30;558.91
29/10/2025 17:45;558.91
29/10/2025 18:00;558.91
29/10/2025 18:15;558.91
29/10/2025 18:30;558.91
29/10/2025 18:45;558.91
29/10/2025 19:00;558.91
29/10/2025 19:15;558.91
29/10/2025 19:30;558.91
29/10/2025 19:45;558.9
29/10/2025 20:00;558.91
29/10/2025 20:15;558.89
29/10/2025 20:30;558.89
29/10/2025 20:45;558.9
29/10/2025 21:00;558.88
29/10/2025 21:15;558.89
29/10/2025 21:30;558.89
29/10/2025 21:45;558.88
29/10/2025 22:00;558.89
29/10/2025 22:15;558.88
29/10/2025 22:30;558.88
29/10/2025 22:45;558.89
29/10/2025 23:00;558.88
29/10/2025 23:15;558.89
29/10/2025 23:30;558.88
29/10/2025 23:45;558.89
30/10/2025 00:00;558.89
30/10/2025 00:15;558.88
30/10/2025 00:30;558.88
30/10/2025 00:45;558.88
30/10/2025 01:00;558.87
30/10/2025 01:15;558.88
30/10/2025 01:30;558.88
30/10/2025 01:45;558.88
30/10/2025 02:00;558.87
30/10/2025 02:15;558.87
30/10/2025 02:30;558.88
30/10/2025 02:45;558.88
30/10/2025 03:00;558.88
30/10/2025 03:15;558.88
30/10/2025 03:30;558.88
30/10/2025 03:45;558.88
30/10/2025 04:00;558.88
30/10/2025 04:15;558.88
30/10/2025 04:30;558.88
30/10/2025 04:45;558.87
30/10/2025 05:00;558.88
30/10/2025 05:15;558.88
30/10/2025 05:30;558.88
30/10/2025 05:45;558.88
30/10/2025 06:00;558.87
30/10/2025 06:15;558.88
30/10/2025 06:30;558.88
30/10/2025 06:45;558.88
30/10/2025 07:00;558.88
30/10/2025 07:15;558.88
30/10/2025 07:30;558.88
30/10/2025 07:45;558.88
30/10/2025 08:00;558.88
30/10/2025 08:15;558.88
30/10/2025 08:30;558.88
30/10/2025 08:45;558.88
30/10/2025 09:00;558.87
30/10/2025 09:15;558.87
30/10/2025 09:30;558.88
30/10/2025 09:45;558.88
30/10/2025 10:00;558.87
30/10/2025 10:15;558.87
30/10/2025 10:30;558.87
30/10/2025 10:45;558.88
30/10/2025 11:00;558.87
30/10/2025 11:15;558.87
30/10/2025 11:30;558.87
30/10/2025 11:45;558.87
30/10/2025 12:00;558.87
30/10/2025 12:15;558.87
30/10/2025 12:30;558.87
30/10/2025 12:45;558.87
30/10/2025 13:00;558.87
30/10/2025 13:15;558.87
30/10/2025 13:30;558.87
30/10/2025 13:45;558.87
30/10/2025 14:00;558.87
30/10/2025 14:15;558.87
30/10/2025 14:30;558.87
30/10/2025 14:45;558.88
30/10/2025 15:00;558.87
30/10/2025 15:15;558.87
30/10/2025 15:30;558.87
30/10/2025 15:45;558.87
30/10/2025 16:00;558.87
30/10/2025 16:15;558.87
30/10/2025 16:30;558.87
30/10/2025 16:45;558.87
30/10/2025 17:00;558.87
30/10/2025 17:15;558.87
30/10/2025 17:30;558.87
30/10/2025 17:45;558.87
30/10/2025 18:00;558.87
30/10/2025 18:15;558.87
30/10/2025 18:30;558.87
30/10/2025 18:45;558.87
30/10/2025 19:00;558.87
30/10/2025 19:15;558.86
30/10/2025 19:30;558.86
30/10/2025 19:45;558.86
30/10/2025 20:00;558.85
30/10/2025 20:15;558.85
30/10/2025 20:30;558.84
30/10/2025 20:45;558.84
30/10/2025 21:00;558.84
30/10/2025 21:15;558.84
30/10/2025 21:30;558.84
30/10/2025 21:45;558.84
30/10/2025 22:00;558.84
30/10/2025 22:15;558.84
30/10/2025 22:30;558.84
30/10/2025 22:45;558.84
30/10/2025 23:00;558.84
30/10/2025 23:15;558.84
30/10/2025 23:30;558.84
30/10/2025 23:45;558.84
31/10/2025 00:00;558.84
31/10/2025 00:15;558.84
31/10/2025 00:30;558.84
31/10/2025 00:45;558.84
31/10/2025 01:00;558.84
31/10/2025 01:15;558.84
31/10/2025 01:30;558.84
31/10/2025 01:45;558.84
31/10/2025 02:00;558.84
31/10/2025 02:15;558.84
31/10/2025 02:30;558.84
31/10/2025 02:45;558.84
31/10/2025 03:00;558.84
31/10/2025 03:15;558.84
31/10/2025 03:30;558.84
31/10/2025 03:45;558.84
31/10/2025 04:00;558.84
31/10/2025 04:15;558.84
31/10/2025 04:30;558.84
31/10/2025 04:45;558.84
31/10/2025 05:00;558.84
31/10/2025 05:15;558.84
31/10/2025 05:30;558.84
31/10/2025 05:45;558.84
31/10/2025 06:00;558.84
31/10/2025 06:15;558.84
31/10/2025 06:30;558.84
31/10/2025 06:45;558.84
31/10/2025 07:00;558.82
31/10/2025 07:15;558.84
31/10/2025 07:30;558.84
31/10/2025 07:45;558.84
31/10/2025 08:00;558.84
31/10/2025 08:15;558.84
31/10/2025 08:30;558.84
31/10/2025 08:45;558.84
31/10/2025 09:00;558.84
31/10/2025 09:15;558.84
31/10/2025 09:30;558.84
31/10/2025 09:45;558.82
31/10/2025 10:00;558.84
31/10/2025 10:15;558.82
31/10/2025 10:30;558.84
31/10/2025 10:45;558.84
31/10/2025 11:00;558.84
31/10/2025 11:15;558.82
31/10/2025 11:30;558.84
31/10/2025 11:45;558.82
31/10/2025 12:00;558.82
31/10/2025 12:15;558.82
31/10/2025 12:30;558.82
31/10/2025 12:45;558.82
31/10/2025 13:00;558.82
31/10/2025 13:15;558.82
31/10/2025 13:30;558.84
31/10/2025 13:45;558.82
31/10/2025 14:00;558.82
31/10/2025 14:15;558.84
31/10/2025 14:30;558.82
31/10/2025 14:45;558.84
31/10/2025 15:00;558.82
31/10/2025 15:15;558.82
31/10/2025 15:30;558.84
31/10/2025 15:45;558.82
31/10/2025 16:00;558.84
31/10/2025 16:15;558.82
31/10/2025 16:30;558.84
31/10/2025 16:45;558.84
31/10/2025 17:00;558.82
31/10/2025 17:15;558.82
31/10/2025 17:30;558.84
31/10/2025 17:45;558.84
31/10/2025 18:00;558.82
31/10/2025 18:15;558.82
31/10/2025 18:30;558.82
31/10/2025 18:45;558.82
31/10/2025 19:00;558.84
31/10/2025 19:15;558.82
31/10/2025 19:30;558.82
31/10/2025 19:45;558.82
31/10/2025 20:00;558.82
31/10/2025 20:15;558.81
31/10/2025 20:30;558.81
31/10/2025 20:45;558.81
31/10/2025 21:00;558.8
31/10/2025 21:15;558.81
31/10/2025 21:30;558.81
31/10/2025 21:45;558.81
31/10/2025 22:00;558.81
31/10/2025 22:15;558.81
31/10/2025 22:30;558.81
31/10/2025 22:45;558.81
31/10/2025 23:00;558.81
31/10/2025 23:15;558.81
31/10/2025 23:30;558.81
31/10/2025 23:45;558.81
01/11/2025 00:00;558.8
01/11/2025 00:15;558.8
01/11/2025 00:30;558.81
01/11/2025 00:45;558.8
01/11/2025 01:00;558.81
01/11/2025 01:15;558.8
01/11/2025 01:30;558.8
01/11/2025 01:45;558.8
01/11/2025 02:00;558.8
01/11/2025 02:15;558.8
01/11/2025 02:30;558.8
01/11/2025 02:45;558.8
01/11/2025 03:00;558.8
01/11/2025 03:15;558.8
01/11/2025 03:30;558.8
01/11/2025 03:45;558.79
01/11/2025 04:00;558.8
01/11/2025 04:15;558.8
01/11/2025 04:30;558.79
01/11/2025 04:45;558.8
01/11/2025 05:00;558.8
01/11/2025 05:15;558.8
01/11/2025 05:30;558.79
01/11/2025 05:45;558.8
01/11/2025 06:00;558.8
01/11/2025 06:15;558.8
01/11/2025 06:30;558.8
01/11/2025 06:45;558.8
01/11/2025 07:00;558.79
01/11/2025 07:15;558.8
01/11/2025 07:30;558.79
01/11/2025 07:45;558.8
01/11/2025 08:00;558.79
01/11/2025 08:15;558.8
01/11/2025 08:30;558.8
01/11/2025 08:45;558.79
01/11/2025 09:00;558.79
01/11/2025 09:15;558.79
01/11/2025 09:30;558.79
01/11/2025 09:45;558.79
01/11/2025 10:00;558.79
01/11/2025 10:15;558.79
01/11/2025 10:30;558.79
01/11/2025 10:45;558.79
01/11/2025 11:00;558.78
01/11/2025 11:15;558.79
01/11/2025 11:30;558.79
01/11/2025 11:45;558.79
01/11/2025 12:00;558.79
01/11/2025 12:15;558.79
01/11/2025 12:30;558.79
01/11/2025 12:45;558.79
01/11/2025 13:00;558.79
01/11/2025 13:15;558.79
01/11/2025 13:30;558.79
01/11/2025 13:45;558.79
01/11/2025 14:00;558.79
01/11/2025 14:15;558.79
01/11/2025 14:30;558.79
01/11/2025 14:45;558.79
01/11/2025 15:00;558.79
01/11/2025 15:15;558.78
01/11/2025 15:30;558.79
01/11/2025 15:45;558.78
01/11/2025 16:00;558.79
01/11/2025 16:15;558.78
01/11/2025 16:30;558.79
01/11/2025 16:45;558.78
01/11/2025 17:00;558.79
01/11/2025 17:15;558.78
01/11/2025 17:30;558.78
01/11/2025 17:45;558.79
01/11/2025 18:00;558.79
01/11/2025 18:15;558.78
01/11/2025 18:30;558.79
01/11/2025 18:45;558.79
01/11/2025 19:00;558.78
01/11/2025 19:15;558.78
01/11/2025 19:30;558.79
01/11/2025 19:45;558.77
01/11/2025 20:00;558.78
01/11/2025 20:15;558.77
01/11/2025 20:30;558.77
01/11/2025 20:45;558.77
01/11/2025 21:00;558.77
01/11/2025 21:15;558.77
01/11/2025 21:30;558.77
01/11/2025 21:45;558.77
01/11/2025 22:00;558.77
01/11/2025 22:15;558.75
01/11/2025 22:30;558.77
01/11/2025 22:45;558.77
01/11/2025 23:00;558.77
01/11/2025 23:15;558.77
01/11/2025 23:30;558.77
01/11/2025 23:45;558.77
02/11/2025 00:00;558.77
02/11/2025 00:15;558.77
02/11/2025 00:30;558.77
02/11/2025 00:45;558.77
02/11/2025 01:00;558.77
02/11/2025 01:15;558.77
02/11/2025 01:30;558.77
02/11/2025 01:45;558.77
02/11/2025 02:00;558.75
02/11/2025 02:15;558.77
02/11/2025 02:30;558.77
02/11/2025 02:45;558.75
02/11/2025 03:00;558.77
02/11/2025 03:15;558.77
02/11/2025 03:30;558.77
02/11/2025 03:45;558.77
02/11/2025 04:00;558.77
02/11/2025 04:15;558.77
02/11/2025 04:30;558.77
02/11/2025 04:45;558.77
02/11/2025 05:00;558.77
02/11/2025 05:15;558.77
02/11/2025 05:30;558.77
02/11/2025 05:45;558.77
02/11/2025 06:00;558.77
02/11/2025 06:15;558.77
02/11/2025 06:30;558.77
02/11/2025 06:45;558.75
02/11/2025 07:00;558.75
02/11/2025 07:15;558.75
02/11/2025 07:30;558.75
02/11/2025 07:45;558.75
02/11/2025 08:00;558.75
02/11/2025 08:15;558.77
02/11/2025 08:30;558.75
02/11/2025 08:45;558.75
02/11/2025 09:00;558.75
02/11/2025 09:15;558.75
02/11/2025 09:30;558.75
02/11/2025 09:45;558.77
02/11/2025 10:00;558.75
02/11/2025 10:15;558.75
02/11/2025 10:30;558.75
02/11/2025 10:45;558.75
02/11/2025 11:00;558.75
02/11/2025 11:15;558.75
02/11/2025 11:30;558.75
02/11/2025 11:45;558.75
02/11/2025 12:00;558.75
02/11/2025 12:15;558.75
02/11/2025 12:30;558.75
02/11/2025 12:45;558.75
02/11/2025 13:00;558.75
02/11/2025 13:15;558.75
02/11/2025 13:30;558.75
02/11/2025 13:45;558.75
02/11/2025 14:00;558.75
02/11/2025 14:15;558.75
02/11/2025 14:30;558.75
02/11/2025 14:45;558.75
02/11/2025 15:00;558.75
02/11/2025 15:15;558.75
02/11/2025 15:30;558.75
02/11/2025 15:45;558.75
02/11/2025 16:00;558.75
02/11/2025 16:15;558.75
02/11/2025 16:30;558.75
02/11/2025 16:45;558.75
02/11/2025 17:00;558.74
02/11/2025 17:15;558.75
02/11/2025 17:30;558.74
02/11/2025 17:45;558.74
02/11/2025 18:00;558.74
02/11/2025 18:15;558.74
02/11/2025 18:30;558.74
02/11/2025 18:45;558.74
02/11/2025 19:00;558.74
02/11/2025 19:15;558.74
02/11/2025 19:30;558.74
02/11/2025 19:45;558.74
02/11/2025 20:00;558.74
02/11/2025 20:15;558.74
02/11/2025 20:30;558.74
02/11/2025 20:45;558.74
02/11/2025 21:00;558.73
02/11/2025 21:15;558.73
02/11/2025 21:30;558.73
02/11/2025 21:45;558.73
02/11/2025 22:00;558.71
02/11/2025 22:15;558.71
02/11/2025 22:30;558.71
02/11/2025 22:45;558.71
02/11/2025 23:00;558.71
02/11/2025 23:15;558.71
02/11/2025 23:30;558.71
02/11/2025 23:45;558.71
03/11/2025 00:00;558.71
03/11/2025 00:15;558.71
03/11/2025 00:30;558.71
03/11/2025 00:45;558.71
03/11/2025 01:00;558.71
03/11/2025 01:15;558.71
03/11/2025 01:30;558.71
03/11/2025 01:45;558.71
03/11/2025 02:00;558.71
03/11/2025 02:15;558.71
03/11/2025 02:30;558.71
03/11/2025 02:45;558.71
03/11/2025 03:00;558.71
03/11/2025 03:15;558.71
03/11/2025 03:30;558.71
03/11/2025 03:45;558.71
03/11/2025 04:00;558.71
03/11/2025 04:15;558.71
03/11/2025 04:30;558.71
03/11/2025 04:45;558.71
03/11/2025 05:00;558.71
03/11/2025 05:15;558.71
03/11/2025 05:30;558.71
03/11/2025 05:45;558.71
03/11/2025 06:00;558.71
03/11/2025 06:15;558.71
03/11/2025 06:30;558.71
03/11/2025 06:45;558.71
03/11/2025 07:00;558.71
03/11/2025 07:15;558.71
03/11/2025 07:30;558.71
03/11/2025 07:45;558.71
03/11/2025 08:00;558.71
03/11/2025 08:15;558.71
03/11/2025 08:30;558.7
03/11/2025 08:45;558.71
03/11/2025 09:00;558.71
03/11/2025 09:15;558.71
03/11/2025 09:30;558.71
03/11/2025 09:45;558.71
03/11/2025 10:00;558.71
03/11/2025 10:15;558.7
03/11/2025 10:30;558.71
03/11/2025 10:45;558.71
03/11/2025 11:00;558.71
03/11/2025 11:15;558.71
03/11/2025 11:30;558.71
03/11/2025 11:45;558.71
03/11/2025 12:00;558.71
03/11/2025 12:15;558.7
03/11/2025 12:30;558.7
03/11/2025 12:45;558.7
03/11/2025 13:00;558.71
03/11/2025 13:15;558.7
03/11/2025 13:30;558.7
03/11/2025 13:45;558.7
03/11/2025 14:00;558.7
03/11/2025 14:15;558.71
03/11/2025 14:30;558.7
03/11/2025 14:45;558.7
03/11/2025 15:00;558.7
03/11/2025 15:15;558.7
03/11/2025 15:30;558.7
03/11/2025 15:45;558.7
03/11/2025 16:00;558.7
03/11/2025 16:15;558.7
03/11/2025 16:30;558.7
03/11/2025 16:45;558.7
03/11/2025 17:00;558.7
03/11/2025 17:15;558.7
03/11/2025 17:30;558.7
03/11/2025 17:45;558.7
03/11/2025 18:00;558.7
03/11/2025 18:15;558.7
03/11/2025 18:30;558.7
03/11/2025 18:45;558.7
03/11/2025 19:00;558.7
03/11/2025 19:15;558.7
03/11/2025 19:30;558.7
03/11/2025 19:45;558.7
03/11/2025 20:00;558.7
03/11/2025 20:15;558.7
03/11/2025 20:30;558.7
03/11/2025 20:45;558.69
03/11/2025 21:00;558.7
03/11/2025 21:15;558.7
03/11/2025 21:30;558.7
03/11/2025 21:45;558.7
03/11/2025 22:00;558.7
03/11/2025 22:15;558.7
03/11/2025 22:30;558.7
03/11/2025 22:45;558.7
03/11/2025 23:00;558.69
03/11/2025 23:15;558.69
03/11/2025 23:30;558.69
03/11/2025 23:45;558.69
04/11/2025 00:00;558.69
04/11/2025 00:15;558.69
04/11/2025 00:30;558.69
04/11/2025 00:45;558.69
04/11/2025 01:00;558.69
04/11/2025 01:15;558.69
04/11/2025 01:30;558.69
04/11/2025 01:45;558.69
04/11/2025 02:00;558.69
04/11/2025 02:15;558.69
04/11/2025 02:30;558.69
04/11/2025 02:45;558.69
04/11/2025 03:00;558.69
04/11/2025 03:15;558.69
04/11/2025 03:30;558.7
04/11/2025 03:45;558.69
04/11/2025 04:00;558.69
04/11/2025 04:15;558.69
04/11/2025 04:30;558.69
04/11/2025 04:45;558.69
04/11/2025 05:00;558.69
04/11/2025 05:15;558.68
04/11/2025 05:30;558.69
04/11/2025 05:45;558.69
04/11/2025 06:00;558.69
04/11/2025 06:15;558.69
04/11/2025 06:30;558.69
04/11/2025 06:45;558.69
04/11/2025 07:00;558.69
04/11/2025 07:15;558.69
04/11/2025 07:30;558.69
04/11/2025 07:45;558.68
04/11/2025 08:00;558.68
04/11/2025 08:15;558.68
04/11/2025 08:30;558.68
04/11/2025 08:45;558.68
04/11/2025 09:00;558.69
04/11/2025 09:15;558.68
04/11/2025 09:30;558.68
04/11/2025 09:45;558.68
04/11/2025 10:00;558.69
04/11/2025 10:15;558.68
04/11/2025 10:30;558.68
04/11/2025 10:45;558.68
04/11/2025 11:00;558.69
04/11/2025 11:15;558.68
04/11/2025 11:30;558.69
04/11/2025 11:45;558.68
04/11/2025 12:00;558.68
04/11/2025 12:15;558.69
04/11/2025 12:30;558.68
04/11/2025 12:45;558.68
04/11/2025 13:00;558.68
04/11/2025 13:15;558.68
04/11/2025 13:30;558.68
04/11/2025 13:45;558.68
04/11/2025 14:00;558.69
04/11/2025 14:15;558.68
04/11/2025 14:30;558.68
04/11/2025 14:45;558.68
04/11/2025 15:00;558.68
04/11/2025 15:15;558.67
04/11/2025 15:30;558.68
04/11/2025 15:45;558.68
04/11/2025 16:00;558.68
04/11/2025 16:15;558.68
04/11/2025 16:30;558.69
04/11/2025 16:45;558.67
04/11/2025 17:00;558.68
04/11/2025 17:15;558.68
04/11/2025 17:30;558.67
04/11/2025 17:45;558.68
04/11/2025 18:00;558.68
04/11/2025 18:15;558.68
04/11/2025 18:30;558.68
04/11/2025 18:45;558.67
04/11/2025 19:00;558.68
04/11/2025 19:15;558.68
04/11/2025 19:30;558.68
04/11/2025 19:45;558.67
04/11/2025 20:00;558.67
04/11/2025 20:15;558.68
04/11/2025 20:30;558.68
04/11/2025 20:45;558.67
04/11/2025 21:00;558.67
04/11/2025 21:15;558.67
04/11/2025 21:30;558.67
04/11/2025 21:45;558.67
04/11/2025 22:00;558.68
04/11/2025 22:15;558.67
04/11/2025 22:30;558.67
04/11/2025 22:45;558.67
04/11/2025 23:00;558.67
04/11/2025 23:15;558.67
04/11/2025 23:30;558.67
04/11/2025 23:45;558.67
05/11/2025 00:00;558.67
05/11/2025 00:15;558.67
05/11/2025 00:30;558.67
05/11/2025 00:45;558.67
05/11/2025 01:00;558.67
05/11/2025 01:15;558.66
05/11/2025 01:30;558.67
05/11/2025 01:45;558.67
05/11/2025 02:00;558.67
05/11/2025 02:15;558.67
05/11/2025 02:30;558.66
05/11/2025 02:45;558.66
05/11/2025 03:00;558.67
05/11/2025 03:15;558.66
05/11/2025 03:30;558.66
05/11/2025 03:45;558.67
05/11/2025 04:00;558.66
05/11/2025 04:15;558.67
05/11/2025 04:30;558.66
05/11/2025 04:45;558.67
05/11/2025 05:00;558.66
05/11/2025 05:15;558.67
05/11/2025 05:30;558.67
05/11/2025 05:45;558.67
05/11/2025 06:00;558.66
05/11/2025 06:15;558.67
05/11/2025 06:30;558.67
05/11/2025 06:45;558.66
05/11/2025 07:00;558.66
05/11/2025 07:15;558.66
05/11/2025 07:30;558.67
05/11/2025 07:45;558.66
05/11/2025 08:00;558.66
05/11/2025 08:15;558.67
05/11/2025 08:30;558.66
05/11/2025 08:45;558.67
05/11/2025 09:00;558.66
05/11/2025 09:15;558.66
05/11/2025 09:30;558.66
05/11/2025 09:45;558.66
05/11/2025 10:00;558.66
05/11/2025 10:15;558.67
05/11/2025 10:30;558.66
05/11/2025 10:45;558.66
05/11/2025 11:00;558.66
05/11/2025 11:15;558.66
05/11/2025 11:30;558.66
05/11/2025 11:45;558.66
05/11/2025 12:00;558.66
05/11/2025 12:15;558.66
05/11/2025 12:30;558.66
05/11/2025 12:45;558.66
05/11/2025 13:00;558.66
05/11/2025 13:15;558.66
05/11/2025 13:30;558.66
05/11/2025 13:45;558.66
05/11/2025 14:00;558.66
05/11/2025 14:15;558.66
05/11/2025 14:30;558.66
05/11/2025 14:45;558.66
05/11/2025 15:00;558.66
05/11/2025 15:15;558.66
05/11/2025 15:30;558.66
05/11/2025 15:45;558.66
05/11/2025 16:00;558.66
05/11/2025 16:15;558.66
05/11/2025 16:30;558.66
05/11/2025 16:45;558.66
05/11/2025 17:00;558.66
05/11/2025 17:15;558.64
05/11/2025 17:30;558.66
05/11/2025 17:45;558.66
05/11/2025 18:00;558.66
05/11/2025 18:15;558.66
05/11/2025 18:30;558.66
05/11/2025 18:45;558.66
05/11/2025 19:00;558.66
05/11/2025 19:15;558.66
05/11/2025 19:30;558.66
05/11/2025 19:45;558.66
05/11/2025 20:00;558.66
05/11/2025 20:15;558.66
05/11/2025 20:30;558.66
05/11/2025 20:45;558.66
05/11/2025 21:00;558.66
05/11/2025 21:15;558.66
05/11/2025 21:30;558.66
05/11/2025 21:45;558.66
05/11/2025 22:00;558.66
05/11/2025 22:15;558.66
05/11/2025 22:30;558.66
05/11/2025 22:45;558.66
05/11/2025 23:00;558.66
05/11/2025 23:15;558.66
05/11/2025 23:30;558.66
05/11/2025 23:45;558.66
06/11/2025 00:00;558.66
06/11/2025 00:15;558.66
06/11/2025 00:30;558.66
06/11/2025 00:45;558.66
06/11/2025 01:00;558.66
06/11/2025 01:15;558.66
06/11/2025 01:30;558.66
06/11/2025 01:45;558.66
06/11/2025 02:00;558.66
06/11/2025 02:15;558.64
06/11/2025 02:30;558.66
06/11/2025 02:45;558.66
06/11/2025 03:00;558.66
06/11/2025 03:15;558.66
06/11/2025 03:30;558.66
06/11/2025 03:45;558.66
06/11/2025 04:00;558.66
06/11/2025 04:15;558.66
06/11/2025 04:30;558.66
06/11/2025 04:45;558.66
06/11/2025 05:00;558.66
06/11/2025 05:15;558.66
06/11/2025 05:30;558.66
06/11/2025 05:45;558.66
06/11/2025 06:00;558.66
06/11/2025 06:15;558.66
06/11/2025 06:30;558.66
06/11/2025 06:45;558.66
06/11/2025 07:00;558.66
06/11/2025 07:15;558.66
06/11/2025 07:30;558.66
06/11/2025 07:45;558.66
06/11/2025 08:00;558.66
06/11/2025 08:15;558.66
06/11/2025 08:30;558.66
06/11/2025 08:45;558.66
06/11/2025 09:00;558.66
06/11/2025 09:15;558.66
06/11/2025 09:30;558.66
06/11/2025 09:45;558.66
06/11/2025 10:00;558.64
06/11/2025 10:15;558.64
06/11/2025 10:30;558.66
06/11/2025 10:45;558.64
06/11/2025 11:00;558.66
06/11/2025 11:15;558.64
06/11/2025 11:30;558.66
06/11/2025 11:45;558.64
06/11/2025 12:00;558.64
06/11/2025 12:15;558.64
06/11/2025 12:30;558.64
06/11/2025 12:45;558.66
06/11/2025 13:00;558.66
06/11/2025 13:15;558.64
06/11/2025 13:30;558.66
06/11/2025 13:45;558.64
06/11/2025 14:00;558.66
06/11/2025 14:15;558.64
06/11/2025 14:30;558.64
06/11/2025 14:45;558.64
06/11/2025 15:00;558.64
06/11/2025 15:15;558.64
06/11/2025 15:30;558.64
06/11/2025 15:45;558.64
06/11/2025 16:00;558.64
06/11/2025 16:15;558.64
06/11/2025 16:30;558.64
06/11/2025 16:45;558.64
06/11/2025 17:00;558.64
06/11/2025 17:15;558.64
06/11/2025 17:30;558.64
06/11/2025 17:45;558.64
06/11/2025 18:00;558.64
06/11/2025 18:15;558.64
06/11/2025 18:30;558.64
06/11/2025 18:45;558.64
06/11/2025 19:00;558.64
06/11/2025 19:15;558.64
06/11/2025 19:30;558.64
06/11/2025 19:45;558.64
06/11/2025 20:00;558.64
06/11/2025 20:15;558.64
06/11/2025 20:30;558.64
06/11/2025 20:45;558.64
06/11/2025 21:00;558.64
06/11/2025 21:15;558.64
06/11/2025 21:30;558.64
06/11/2025 21:45;558.64
06/11/2025 22:00;558.64
06/11/2025 22:15;558.64
06/11/2025 22:30;558.64
06/11/2025 22:45;558.64
06/11/2025 23:00;558.64
06/11/2025 23:15;558.64
06/11/2025 23:30;558.64
06/11/2025 23:45;558.64
07/11/2025 00:00;558.64
07/11/2025 00:15;558.64
07/11/2025 00:30;558.64
07/11/2025 00:45;558.64
07/11/2025 01:00;558.64
07/11/2025 01:15;558.64
07/11/2025 01:30;558.64
07/11/2025 01:45;558.64
07/11/2025 02:00;558.64
07/11/2025 02:15;558.64
07/11/2025 02:30;558.64
07/11/2025 02:45;558.64
07/11/2025 03:00;558.64
07/11/2025 03:15;558.64
07/11/2025 03:30;558.64
07/11/2025 03:45;558.64
07/11/2025 04:00;558.64
07/11/2025 04:15;558.64
07/11/2025 04:30;558.64
07/11/2025 04:45;558.64
07/11/2025 05:00;558.64
07/11/2025 05:15;558.64
07/11/2025 05:30;558.64
07/11/2025 05:45;558.64
07/11/2025 06:00;558.64
07/11/2025 06:15;558.64
07/11/2025 06:30;558.64
07/11/2025 06:45;558.64
07/11/2025 07:00;558.64
07/11/2025 07:15;558.64
07/11/2025 07:30;558.64
07/11/2025 07:45;558.64
07/11/2025 08:00;558.64
07/11/2025 08:15;558.64
07/11/2025 08:30;558.64
07/11/2025 08:45;558.64
07/11/2025 09:00;558.64
07/11/2025 09:15;558.64
07/11/2025 09:30;558.64
07/11/2025 09:45;558.64
07/11/2025 10:00;558.64
07/11/2025 10:15;558.64
07/11/2025 10:30;558.64
07/11/2025 10:45;558.64
07/11/2025 11:00;558.64
07/11/2025 11:15;558.64
07/11/2025 11:30;558.64
07/11/2025 11:45;558.63
07/11/2025 12:00;558.64
07/11/2025 12:15;558.63
07/11/2025 12:30;558.64
07/11/2025 12:45;558.63
07/11/2025 13:00;558.64
07/11/2025 13:15;558.64
07/11/2025 13:30;558.64
07/11/2025 13:45;558.64
07/11/2025 14:00;558.63
07/11/2025 14:15;558.64
07/11/2025 14:30;558.64
07/11/2025 14:45;558.64
07/11/2025 15:00;558.63
07/11/2025 15:15;558.63
07/11/2025 15:30;558.63
07/11/2025 15:45;558.64
07/11/2025 16:00;558.63
07/11/2025 16:15;558.64
07/11/2025 16:30;558.63
07/11/2025 16:45;558.63
07/11/2025 17:00;558.63
07/11/2025 17:15;558.64
07/11/2025 17:30;558.64
07/11/2025 17:45;558.63
07/11/2025 18:00;558.63
07/11/2025 18:15;558.63
07/11/2025 18:30;558.64
07/11/2025 18:45;558.63
07/11/2025 19:00;558.63
07/11/2025 19:15;558.64
07/11/2025 19:30;558.64
07/11/2025 19:45;558.63
07/11/2025 20:00;558.64
07/11/2025 20:15;558.63
07/11/2025 20:30;558.63
07/11/2025 20:45;558.64
07/11/2025 21:00;558.64
07/11/2025 21:15;558.63
07/11/2025 21:30;558.63
07/11/2025 21:45;558.63
07/11/2025 22:00;558.63
07/11/2025 22:15;558.63
07/11/2025 22:30;558.63
07/11/2025 22:45;558.63
07/11/2025 23:00;558.63
07/11/2025 23:15;558.63
07/11/2025 23:30;558.63
07/11/2025 23:45;558.63
08/11/2025 00:00;558.64
08/11/2025 00:15;558.64
08/11/2025 00:30;558.64
08/11/2025 00:45;558.64
08/11/2025 01:00;558.64
08/11/2025 01:15;558.64
08/11/2025 01:30;558.64
08/11/2025 01:45;558.64
08/11/2025 02:00;558.64
08/11/2025 02:15;558.64
08/11/2025 02:30;558.64
08/11/2025 02:45;558.64
08/11/2025 03:00;558.63
08/11/2025 03:15;558.64
08/11/2025 03:30;558.64
08/11/2025 03:45;558.64
08/11/2025 04:00;558.64
08/11/2025 04:15;558.64
08/11/2025 04:30;558.64
08/11/2025 04:45;558.64
08/11/2025 05:00;558.64
08/11/2025 05:15;558.64
08/11/2025 05:30;558.64
08/11/2025 05:45;558.64
08/11/2025 06:00;558.64
08/11/2025 06:15;558.64
08/11/2025 06:30;558.64
08/11/2025 06:45;558.64
08/11/2025 07:00;558.64
08/11/2025 07:15;558.64
08/11/2025 07:30;558.64
08/11/2025 07:45;558.64
08/11/2025 08:00;558.64
08/11/2025 08:15;558.64
08/11/2025 08:30;558.64
08/11/2025 08:45;558.64
08/11/2025 09:00;558.64
08/11/2025 09:15;558.64
08/11/2025 09:30;558.64
08/11/2025 09:45;558.63
08/11/2025 10:00;558.64
08/11/2025 10:15;558.64
08/11/2025 10:30;558.64
08/11/2025 10:45;558.64
08/11/2025 11:00;558.64
08/11/2025 11:15;558.64
08/11/2025 11:30;558.64
08/11/2025 11:45;558.64
08/11/2025 12:00;558.64
08/11/2025 12:15;558.64
08/11/2025 12:30;558.64
08/11/2025 12:45;558.64
08/11/2025 13:00;558.64
08/11/2025 13:15;558.64
08/11/2025 13:30;558.64
08/11/2025 13:45;558.64
08/11/2025 14:00;558.64
08/11/2025 14:15;558.64
08/11/2025 14:30;558.64
08/11/2025 14:45;558.64
08/11/2025 15:00;558.64
08/11/2025 15:15;558.64
08/11/2025 15:30;558.64
08/11/2025 15:45;558.64
08/11/2025 16:00;558.64
08/11/2025 16:15;558.64
08/11/2025 16:30;558.63
08/11/2025 16:45;558.64
08/11/2025 17:00;558.64
08/11/2025 17:15;558.64
08/11/2025 17:30;558.64
08/11/2025 17:45;558.64
08/11/2025 18:00;558.64
08/11/2025 18:15;558.64
08/11/2025 18:30;558.64
08/11/2025 18:45;558.64
08/11/2025 19:00;558.64
08/11/2025 19:15;558.64
08/11/2025 19:30;558.64
08/11/2025 19:45;558.64
08/11/2025 20:00;558.64
08/11/2025 20:15;558.64
08/11/2025 20:30;558.64
08/11/2025 20:45;558.64
08/11/2025 21:00;558.64
08/11/2025 21:15;558.64
08/11/2025 21:30;558.64
08/11/2025 21:45;558.64
08/11/2025 22:00;558.64
08/11/2025 22:15;558.64
08/11/2025 22:30;558.64
08/11/2025 22:45;558.64
08/11/2025 23:00;558.64
08/11/2025 23:15;558.64
08/11/2025 23:30;558.64
08/11/2025 23:45;558.64
09/11/2025 00:00;558.64
09/11/2025 00:15;558.64
09/11/2025 00:30;558.64
09/11/2025 00:45;558.64
09/11/2025 01:00;558.64
09/11/2025 01:15;558.64
09/11/2025 01:30;558.66
09/11/2025 01:45;558.64
09/11/2025 02:00;558.66
09/11/2025 02:15;558.66
09/11/2025 02:30;558.66
09/11/2025 02:45;558.64
09/11/2025 03:00;558.64
09/11/2025 03:15;558.64
09/11/2025 03:30;558.66
09/11/2025 03:45;558.66
09/11/2025 04:00;558.66
09/11/2025 04:15;558.66
09/11/2025 04:30;558.66
09/11/2025 04:45;558.66
09/11/2025 05:00;558.66
09/11/2025 05:15;558.66
09/11/2025 05:30;558.66
09/11/2025 05:45;558.66
09/11/2025 06:00;558.66
09/11/2025 06:15;558.66
09/11/2025 06:30;558.66
09/11/2025 06:45;558.66
09/11/2025 07:00;558.66
09/11/2025 07:15;558.66
09/11/2025 07:30;558.66
09/11/2025 07:45;558.66
09/11/2025 08:00;558.66
09/11/2025 08:15;558.66
09/11/2025 08:30;558.66
09/11/2025 08:45;558.66
09/11/2025 09:00;558.66
09/11/2025 09:15;558.66
09/11/2025 09:30;558.66
09/11/2025 09:45;558.66
09/11/2025 10:00;558.66
09/11/2025 10:15;558.66
09/11/2025 10:30;558.66
09/11/2025 10:45;558.66
09/11/2025 11:00;558.66
09/11/2025 11:15;558.66
09/11/2025 11:30;558.66
09/11/2025 11:45;558.66
09/11/2025 12:00;558.66
09/11/2025 12:15;558.66
09/11/2025 12:30;558.66
09/11/2025 12:45;558.66
09/11/2025 13:00;558.67
09/11/2025 13:15;558.66
09/11/2025 13:30;558.66
09/11/2025 13:45;558.66
09/11/2025 14:00;558.67
09/11/2025 14:15;558.66
09/11/2025 14:30;558.67
09/11/2025 14:45;558.67
09/11/2025 15:00;558.67
09/11/2025 15:15;558.67
09/11/2025 15:30;558.66
09/11/2025 15:45;558.67
09/11/2025 16:00;558.67
09/11/2025 16:15;558.67
09/11/2025 16:30;558.67
09/11/2025 16:45;558.66
09/11/2025 17:00;558.66
09/11/2025 17:15;558.66
09/11/2025 17:30;558.67
09/11/2025 17:45;558.67
09/11/2025 18:00;558.67
09/11/2025 18:15;558.66
09/11/2025 18:30;558.66
09/11/2025 18:45;558.67
09/11/2025 19:00;558.67
09/11/2025 19:15;558.67
09/11/2025 19:30;558.67
09/11/2025 19:45;558.67
09/11/2025 20:00;558.67
09/11/2025 20:15;558.68
09/11/2025 20:30;558.67
09/11/2025 20:45;558.68
09/11/2025 21:00;558.68
09/11/2025 21:15;558.66
09/11/2025 21:30;558.67
09/11/2025 21:45;558.67
09/11/2025 22:00;558.67
09/11/2025 22:15;558.66
09/11/2025 22:30;558.67
09/11/2025 22:45;558.66
09/11/2025 23:00;558.66
09/11/2025 23:15;558.67
09/11/2025 23:30;558.67
09/11/2025 23:45;558.66
10/11/2025 00:00;558.67
10/11/2025 00:15;558.66
10/11/2025 00:30;558.67
10/11/2025 00:45;558.66
10/11/2025 01:00;558.66
10/11/2025 01:15;558.67
10/11/2025 01:30;558.67
10/11/2025 01:45;558.67
10/11/2025 02:00;558.68
10/11/2025 02:15;558.67
10/11/2025 02:30;558.66
10/11/2025 02:45;558.68
10/11/2025 03:00;558.67
10/11/2025 03:15;558.68
10/11/2025 03:30;558.67
10/11/2025 03:45;558.67
10/11/2025 04:00;558.67
10/11/2025 04:15;558.68
10/11/2025 04:30;558.67
10/11/2025 04:45;558.68
10/11/2025 05:00;558.68
10/11/2025 05:15;558.67
10/11/2025 05:30;558.67
10/11/2025 05:45;558.67
10/11/2025 06:00;558.67
10/11/2025 06:15;558.67
10/11/2025 06:30;558.66
10/11/2025 06:45;558.67
10/11/2025 07:00;558.67
10/11/2025 07:15;558.67
10/11/2025 07:30;558.67
10/11/2025 07:45;558.67
10/11/2025 08:00;558.67
10/11/2025 08:15;558.67
10/11/2025 08:30;558.68
10/11/2025 08:45;558.67
10/11/2025 09:00;558.67
10/11/2025 09:15;558.67
10/11/2025 09:30;558.68
10/11/2025 09:45;558.67
10/11/2025 10:00;558.66
10/11/2025 10:15;558.67
10/11/2025 10:30;558.67
10/11/2025 10:45;558.68
10/11/2025 11:00;558.67
10/11/2025 11:15;558.67
10/11/2025 11:30;558.67
10/11/2025 11:45;558.67
10/11/2025 12:00;558.67
10/11/2025 12:15;558.67
10/11/2025 12:30;558.66
10/11/2025 12:45;558.67
10/11/2025 13:00;558.67
10/11/2025 13:15;558.67
10/11/2025 13:30;558.67
10/11/2025 13:45;558.66
10/11/2025 14:00;558.67
10/11/2025 14:15;558.67
10/11/2025 14:30;558.67
10/11/2025 14:45;558.66
10/11/2025 15:00;558.66
10/11/2025 15:15;558.67
10/11/2025 15:30;558.66
10/11/2025 15:45;558.66
10/11/2025 16:00;558.67
10/11/2025 16:15;558.67
10/11/2025 16:30;558.67
10/11/2025 16:45;558.67
10/11/2025 17:00;558.66
10/11/2025 17:15;558.67
10/11/2025 17:30;558.67
10/11/2025 17:45;558.67
10/11/2025 18:00;558.66
10/11/2025 18:15;558.67
10/11/2025 18:30;558.67
10/11/2025 18:45;558.67
10/11/2025 19:00;558.67
10/11/2025 19:15;558.66
10/11/2025 19:30;558.66
10/11/2025 19:45;558.66
10/11/2025 20:00;558.67
10/11/2025 20:15;558.66
10/11/2025 20:30;558.67
10/11/2025 20:45;558.66
10/11/2025 21:00;558.66
10/11/2025 21:15;558.67
10/11/2025 21:30;558.66
10/11/2025 21:45;558.66
10/11/2025 22:00;558.66
10/11/2025 22:15;558.66
10/11/2025 22:30;558.66
10/11/2025 22:45;558.66
10/11/2025 23:00;558.66
10/11/2025 23:15;558.66
10/11/2025 23:30;558.66
10/11/2025 23:45;558.66
11/11/2025 00:00;558.66
11/11/2025 00:15;558.67
11/11/2025 00:30;558.67
11/11/2025 00:45;558.66
11/11/2025 01:00;558.66
11/11/2025 01:15;558.66
11/11/2025 01:30;558.66
11/11/2025 01:45;558.66
11/11/2025 02:00;558.67
11/11/2025 02:15;558.66
11/11/2025 02:30;558.66
11/11/2025 02:45;558.66
11/11/2025 03:00;558.66
11/11/2025 03:15;558.66
11/11/2025 03:30;558.66
11/11/2025 03:45;558.66
11/11/2025 04:00;558.66
11/11/2025 04:15;558.66
11/11/2025 04:30;558.66
11/11/2025 04:45;558.66
11/11/2025 05:00;558.67
11/11/2025 05:15;558.66
11/11/2025 05:30;558.66
11/11/2025 05:45;558.66
11/11/2025 06:00;558.66
11/11/2025 06:15;558.66
11/11/2025 06:30;558.66
11/11/2025 06:45;558.66
11/11/2025 07:00;558.66
11/11/2025 07:15;558.66
11/11/2025 07:30;558.66
11/11/2025 07:45;558.66
11/11/2025 08:00;558.66
11/11/2025 08:15;558.66
11/11/2025 08:30;558.66
11/11/2025 08:45;558.66
11/11/2025 09:00;558.66
11/11/2025 09:15;558.66
11/11/2025 09:30;558.66
11/11/2025 09:45;558.66
11/11/2025 10:00;558.66
11/11/2025 10:15;558.66
11/11/2025 10:30;558.66
11/11/2025 10:45;558.66
11/11/2025 11:00;558.66
11/11/2025 11:15;558.66
11/11/2025 11:30;558.66
11/11/2025 11:45;558.66
11/11/2025 12:00;558.66
11/11/2025 12:15;558.66
11/11/2025 12:30;558.66
11/11/2025 12:45;558.66
11/11/2025 13:00;558.66
11/11/2025 13:15;558.66
11/11/2025 13:30;558.66
11/11/2025 13:45;558.66
11/11/2025 14:00;558.66
11/11/2025 14:15;558.66
11/11/2025 14:30;558.66
11/11/2025 14:45;558.66
11/11/2025 15:00;558.66
11/11/2025 15:15;558.66
11/11/2025 15:30;558.66
11/11/2025 15:45;558.66
11/11/2025 16:00;558.66
11/11/2025 16:15;558.66
11/11/2025 16:30;558.66
11/11/2025 16:45;558.66
11/11/2025 17:00;558.66
11/11/2025 17:15;558.66
11/11/2025 17:30;558.66
11/11/2025 17:45;558.66
11/11/2025 18:00;558.66
11/11/2025 18:15;558.66
11/11/2025 18:30;558.66
11/11/2025 18:45;558.66
11/11/2025 19:00;558.66
11/11/2025 19:15;558.66
11/11/2025 19:30;558.66
11/11/2025 19:45;558.66
11/11/2025 20:00;558.66
11/11/2025 20:15;558.66
11/11/2025 20:30;558.66
11/11/2025 20:45;558.66
11/11/2025 21:00;558.66
11/11/2025 21:15;558.66
11/11/2025 21:30;558.66
11/11/2025 21:45;558.66
11/11/2025 22:00;558.66
11/11/2025 22:15;558.64
11/11/2025 22:30;558.66
11/11/2025 22:45;558.66
11/11/2025 23:00;558.64
11/11/2025 23:15;558.64
11/11/2025 23:30;558.64
11/11/2025 23:45;558.64
12/11/2025 00:00;558.64
12/11/2025 00:15;558.64
12/11/2025 00:30;558.64
12/11/2025 00:45;558.64
12/11/2025 01:00;558.64
12/11/2025 01:15;558.64
12/11/2025 01:30;558.64
12/11/2025 01:45;558.64
12/11/2025 02:00;558.64
12/11/2025 02:15;558.64
12/11/2025 02:30;558.64
12/11/2025 02:45;558.64
12/11/2025 03:00;558.64
12/11/2025 03:15;558.64
12/11/2025 03:30;558.64
12/11/2025 03:45;558.64
12/11/2025 04:00;558.64
12/11/2025 04:15;558.64
12/11/2025 04:30;558.64
12/11/2025 04:45;558.64
12/11/2025 05:00;558.64
12/11/2025 05:15;558.64
12/11/2025 05:30;558.64
12/11/2025 05:45;558.64
12/11/2025 06:00;558.64
12/11/2025 06:15;558.64
12/11/2025 06:30;558.64
12/11/2025 06:45;558.64
12/11/2025 07:00;558.64
12/11/2025 07:15;558.64
12/11/2025 07:30;558.64
12/11/2025 07:45;558.64
12/11/2025 08:00;558.64
12/11/2025 08:15;558.64
12/11/2025 08:30;558.64
12/11/2025 08:45;558.64
12/11/2025 09:00;558.64
12/11/2025 09:15;558.64
12/11/2025 09:30;558.64
12/11/2025 09:45;558.64
12/11/2025 10:00;558.64
12/11/2025 10:15;558.64
12/11/2025 10:30;558.64
12/11/2025 10:45;558.64
12/11/2025 11:00;558.64
12/11/2025 11:15;558.64
12/11/2025 11:30;558.64
12/11/2025 11:45;558.64
12/11/2025 12:00;558.64
12/11/2025 12:15;558.64
12/11/2025 12:30;558.64
12/11/2025 12:45;558.64
12/11/2025 13:00;558.64
12/11/2025 13:15;558.64
12/11/2025 13:30;558.64
12/11/2025 13:45;558.64
12/11/2025 14:00;558.64
12/11/2025 14:15;558.64
12/11/2025 14:30;558.64
12/11/2025 14:45;558.64
12/11/2025 15:00;558.64
12/11/2025 15:15;558.64
12/11/2025 15:30;558.64
12/11/2025 15:45;558.64
12/11/2025 16:00;558.64
12/11/2025 16:15;558.64
12/11/2025 16:30;558.64
12/11/2025 16:45;558.64
12/11/2025 17:00;558.64
12/11/2025 17:15;558.64
12/11/2025 17:30;558.64
12/11/2025 17:45;558.64
12/11/2025 18:00;558.64
12/11/2025 18:15;558.64
12/11/2025 18:30;558.64
12/11/2025 18:45;558.64
12/11/2025 19:00;558.63
12/11/2025 19:15;558.64
12/11/2025 19:30;558.63
12/11/2025 19:45;558.64
12/11/2025 20:00;558.64
12/11/2025 20:15;558.64
12/11/2025 20:30;558.64
12/11/2025 20:45;558.64
12/11/2025 21:00;558.64
12/11/2025 21:15;558.63
12/11/2025 21:30;558.64
12/11/2025 21:45;558.64
12/11/2025 22:00;558.64
12/11/2025 22:15;558.64
12/11/2025 22:30;558.63
12/11/2025 22:45;558.63
12/11/2025 23:00;558.64
12/11/2025 23:15;558.64
12/11/2025 23:30;558.64
12/11/2025 23:45;558.63
13/11/2025 00:00;558.63
13/11/2025 00:15;558.63
13/11/2025 00:30;558.63
13/11/2025 00:45;558.63
13/11/2025 01:00;558.63
13/11/2025 01:15;558.63
13/11/2025 01:30;558.63
13/11/2025 01:45;558.63
13/11/2025 02:00;558.63
13/11/2025 02:15;558.63
13/11/2025 02:30;558.63
13/11/2025 02:45;558.63
13/11/2025 03:00;558.63
13/11/2025 03:15;558.63
13/11/2025 03:30;558.63
13/11/2025 03:45;558.63
13/11/2025 04:00;558.63
13/11/2025 04:15;558.63
13/11/2025 04:30;558.63
13/11/2025 04:45;558.62
13/11/2025 05:00;558.63
13/11/2025 05:15;558.63
13/11/2025 05:30;558.62
13/11/2025 05:45;558.62
13/11/2025 06:00;558.62
13/11/2025 06:15;558.63
13/11/2025 06:30;558.64
13/11/2025 06:45;558.62
13/11/2025 07:00;558.64
13/11/2025 07:15;558.62
13/11/2025 07:30;558.63
13/11/2025 07:45;558.63
13/11/2025 08:00;558.62
13/11/2025 08:15;558.62
13/11/2025 08:30;558.62
13/11/2025 08:45;558.63
13/11/2025 09:00;558.62
13/11/2025 09:15;558.62
13/11/2025 09:30;558.62
13/11/2025 09:45;558.62
13/11/2025 10:00;558.61
13/11/2025 10:15;558.63
13/11/2025 10:30;558.63
13/11/2025 10:45;558.62
13/11/2025 11:00;558.62
13/11/2025 11:15;558.63
13/11/2025 11:30;558.63
13/11/2025 11:45;558.63
13/11/2025 12:00;558.62
13/11/2025 12:15;558.62
13/11/2025 12:30;558.62
13/11/2025 12:45;558.62
13/11/2025 13:00;558.62
13/11/2025 13:15;558.63
13/11/2025 13:30;558.62
13/11/2025 13:45;558.62
13/11/2025 14:00;558.61
13/11/2025 14:15;558.62
13/11/2025 14:30;558.62
13/11/2025 14:45;558.61
13/11/2025 15:00;558.62
13/11/2025 15:15;558.61
13/11/2025 15:30;558.61
13/11/2025 15:45;558.61
13/11/2025 16:00;558.61
13/11/2025 16:15;558.62
13/11/2025 16:30;558.62
13/11/2025 16:45;558.61
13/11/2025 17:00;558.61
13/11/2025 17:15;558.62
13/11/2025 17:30;558.61
13/11/2025 17:45;558.62
13/11/2025 18:00;558.61
13/11/2025 18:15;558.62
13/11/2025 18:30;558.61
13/11/2025 18:45;558.61
13/11/2025 19:00;558.6
13/11/2025 19:15;558.62
13/11/2025 19:30;558.62
13/11/2025 19:45;558.62
13/11/2025 20:00;558.61
13/11/2025 20:15;558.6
13/11/2025 20:30;558.61
13/11/2025 20:45;558.61
13/11/2025 21:00;558.62
13/11/2025 21:15;558.62
13/11/2025 21:30;558.62
13/11/2025 21:45;558.61
13/11/2025 22:00;558.6
13/11/2025 22:15;558.61
13/11/2025 22:30;558.61
13/11/2025 22:45;558.61
13/11/2025 23:00;558.61
13/11/2025 23:15;558.61
13/11/2025 23:30;558.61
13/11/2025 23:45;558.61
14/11/2025 00:00;558.61
14/11/2025 00:15;558.61
14/11/2025 00:30;558.61
14/11/2025 00:45;558.61
14/11/2025 01:00;558.61
14/11/2025 01:15;558.6
14/11/2025 01:30;558.61
14/11/2025 01:45;558.61
14/11/2025 02:00;558.6
14/11/2025 02:15;558.6
14/11/2025 02:30;558.6
14/11/2025 02:45;558.61
14/11/2025 03:00;558.59
14/11/2025 03:15;558.6
14/11/2025 03:30;558.61
14/11/2025 03:45;558.61
14/11/2025 04:00;558.61
14/11/2025 04:15;558.6
14/11/2025 04:30;558.6
14/11/2025 04:45;558.6
14/11/2025 05:00;558.6
14/11/2025 05:15;558.61
14/11/2025 05:30;558.6
14/11/2025 05:45;558.61
14/11/2025 06:00;558.6
14/11/2025 06:15;558.61
14/11/2025 06:30;558.61
14/11/2025 06:45;558.6
14/11/2025 07:00;558.61
14/11/2025 07:15;558.62
14/11/2025 07:30;558.61
14/11/2025 07:45;558.61
14/11/2025 08:00;558.61
14/11/2025 08:15;558.61
14/11/2025 08:30;558.61
14/11/2025 08:45;558.61
14/11/2025 09:00;558.62
14/11/2025 09:15;558.62
14/11/2025 09:30;558.61
14/11/2025 09:45;558.61
14/11/2025 10:00;558.61
14/11/2025 10:15;558.6
14/11/2025 10:30;558.61
14/11/2025 10:45;558.6
14/11/2025 11:00;558.61
14/11/2025 11:15;558.6
14/11/2025 11:30;558.61
14/11/2025 11:45;558.6
14/11/2025 12:00;558.61
14/11/2025 12:15;558.6
14/11/2025 12:30;558.6
14/11/2025 12:45;558.61
14/11/2025 13:00;558.61
14/11/2025 13:15;558.6
14/11/2025 13:30;558.6
14/11/2025 13:45;558.6
14/11/2025 14:00;558.61
14/11/2025 14:15;558.61
14/11/2025 14:30;558.61
14/11/2025 14:45;558.6
14/11/2025 15:00;558.61
14/11/2025 15:15;558.6
14/11/2025 15:30;558.6
14/11/2025 15:45;558.59
14/11/2025 16:00;558.6
14/11/2025 16:15;558.6
14/11/2025 16:30;558.61
14/11/2025 16:45;558.6
14/11/2025 17:00;558.6
14/11/2025 17:15;558.6
14/11/2025 17:30;558.6
14/11/2025 17:45;558.6
14/11/2025 18:00;558.6
14/11/2025 18:15;558.6
14/11/2025 18:30;558.6
14/11/2025 18:45;558.6
14/11/2025 19:00;558.6
14/11/2025 19:15;558.6
14/11/2025 19:30;558.59
14/11/2025 19:45;558.6
14/11/2025 20:00;558.6
14/11/2025 20:15;558.6
14/11/2025 20:30;558.6
14/11/2025 20:45;558.6
14/11/2025 21:00;558.6
14/11/2025 21:15;558.6
14/11/2025 21:30;558.6
14/11/2025 21:45;558.6
14/11/2025 22:00;558.6
14/11/2025 22:15;558.6
14/11/2025 22:30;558.6
14/11/2025 22:45;558.6
14/11/2025 23:00;558.6
14/11/2025 23:15;558.6
14/11/2025 23:30;558.6
14/11/2025 23:45;558.6
15/11/2025 00:00;558.6
15/11/2025 00:15;558.6
15/11/2025 00:30;558.6
15/11/2025 00:45;558.6
15/11/2025 01:00;558.59
15/11/2025 01:15;558.61
15/11/2025 01:30;558.6
15/11/2025 01:45;558.6
15/11/2025 02:00;558.6
15/11/2025 02:15;558.61
15/11/2025 02:30;558.6
15/11/2025 02:45;558.61
15/11/2025 03:00;558.6
15/11/2025 03:15;558.61
15/11/2025 03:30;558.61
15/11/2025 03:45;558.6
15/11/2025 04:00;558.6
15/11/2025 04:15;558.61
15/11/2025 04:30;558.6
15/11/2025 04:45;558.61
15/11/2025 05:00;558.61
15/11/2025 05:15;558.61
15/11/2025 05:30;558.6
15/11/2025 05:45;558.6
15/11/2025 06:00;558.6
15/11/2025 06:15;558.6
15/11/2025 06:30;558.61
15/11/2025 06:45;558.61
15/11/2025 07:00;558.61
15/11/2025 07:15;558.6
15/11/2025 07:30;558.61
15/11/2025 07:45;558.61
15/11/2025 08:00;558.61
15/11/2025 08:15;558.61
15/11/2025 08:30;558.6
15/11/2025 08:45;558.6
15/11/2025 09:00;558.6
15/11/2025 09:15;558.59
15/11/2025 09:30;558.59
15/11/2025 09:45;558.59
15/11/2025 10:00;558.59
15/11/2025 10:15;558.59
15/11/2025 10:30;558.59
15/11/2025 10:45;558.59
15/11/2025 11:00;558.59
15/11/2025 11:15;558.59
15/11/2025 11:30;558.59
15/11/2025 11:45;558.59
15/11/2025 12:00;558.59
15/11/2025 12:15;558.59
15/11/2025 12:30;558.59
15/11/2025 12:45;558.59
15/11/2025 13:00;558.59
15/11/2025 13:15;558.59
15/11/2025 13:30;558.59
15/11/2025 13:45;558.59
15/11/2025 14:00;558.59
15/11/2025 14:15;558.59
15/11/2025 14:30;558.59
15/11/2025 14:45;558.59
15/11/2025 15:00;558.59
15/11/2025 15:15;558.59
15/11/2025 15:30;558.59
15/11/2025 15:45;558.6
15/11/2025 16:00;558.59
15/11/2025 16:15;558.6
15/11/2025 16:30;558.59
15/11/2025 16:45;558.6
15/11/2025 17:00;558.59
15/11/2025 17:15;558.6
15/11/2025 17:30;558.6
15/11/2025 17:45;558.6
15/11/2025 18:00;558.6
15/11/2025 18:15;558.6
15/11/2025 18:30;558.61
15/11/2025 18:45;558.6
15/11/2025 19:00;558.6
15/11/2025 19:15;558.6
15/11/2025 19:30;558.6
15/11/2025 19:45;558.59
15/11/2025 20:00;558.59
15/11/2025 20:15;558.59
15/11/2025 20:30;558.59
15/11/2025 20:45;558.59
15/11/2025 21:00;558.59
15/11/2025 21:15;558.59
15/11/2025 21:30;558.59
15/11/2025 21:45;558.59
15/11/2025 22:00;558.59
15/11/2025 22:15;558.59
15/11/2025 22:30;558.59
15/11/2025 22:45;558.59
15/11/2025 23:00;558.59
15/11/2025 23:15;558.59
15/11/2025 23:30;558.6
15/11/2025 23:45;558.6
16/11/2025 00:00;558.6
16/11/2025 00:15;558.6
16/11/2025 00:30;558.6
16/11/2025 00:45;558.61
16/11/2025 01:00;558.6
16/11/2025 01:15;558.6
16/11/2025 01:30;558.61
16/11/2025 01:45;558.61
16/11/2025 02:00;558.61
16/11/2025 02:15;558.6
16/11/2025 02:30;558.61
16/11/2025 02:45;558.6
16/11/2025 03:00;558.61
16/11/2025 03:15;558.61
16/11/2025 03:30;558.61
16/11/2025 03:45;558.61
16/11/2025 04:00;558.61
16/11/2025 04:15;558.61
16/11/2025 04:30;558.61
16/11/2025 04:45;558.61
16/11/2025 05:00;558.61
16/11/2025 05:15;558.61
16/11/2025 05:30;558.61
16/11/2025 05:45;558.62
16/11/2025 06:00;558.61
16/11/2025 06:15;558.61
16/11/2025 06:30;558.61
16/11/2025 06:45;558.62
16/11/2025 07:00;558.62
16/11/2025 07:15;558.62
16/11/2025 07:30;558.61
16/11/2025 07:45;558.62
16/11/2025 08:00;558.61
16/11/2025 08:15;558.61
16/11/2025 08:30;558.61
16/11/2025 08:45;558.61
16/11/2025 09:00;558.61
16/11/2025 09:15;558.6
16/11/2025 09:30;558.59
16/11/2025 09:45;558.6
16/11/2025 10:00;558.59
16/11/2025 10:15;558.59
16/11/2025 10:30;558.59
16/11/2025 10:45;558.6
16/11/2025 11:00;558.6
16/11/2025 11:15;558.6
16/11/2025 11:30;558.6
16/11/2025 11:45;558.6
16/11/2025 12:00;558.6
16/11/2025 12:15;558.6
16/11/2025 12:30;558.6
16/11/2025 12:45;558.6
16/11/2025 13:00;558.6
16/11/2025 13:15;558.6
16/11/2025 13:30;558.6
16/11/2025 13:45;558.61
16/11/2025 14:00;558.6
16/11/2025 14:15;558.6
16/11/2025 14:30;558.61
16/11/2025 14:45;558.61
16/11/2025 15:00;558.61
16/11/2025 15:15;558.61
16/11/2025 15:30;558.61
16/11/2025 15:45;558.61
16/11/2025 16:00;558.61
16/11/2025 16:15;558.61
16/11/2025 16:30;558.62
16/11/2025 16:45;558.61
16/11/2025 17:00;558.61
16/11/2025 17:15;558.61
16/11/2025 17:30;558.62
16/11/2025 17:45;558.61
16/11/2025 18:00;558.61
16/11/2025 18:15;558.62
16/11/2025 18:30;558.62
16/11/2025 18:45;558.62
16/11/2025 19:00;558.62
16/11/2025 19:15;558.61
16/11/2025 19:30;558.62
16/11/2025 19:45;558.62
16/11/2025 20:00;558.6
16/11/2025 20:15;558.61
16/11/2025 20:30;558.61
16/11/2025 20:45;558.61
16/11/2025 21:00;558.6
16/11/2025 21:15;558.6
16/11/2025 21:30;558.6
16/11/2025 21:45;558.61
16/11/2025 22:00;558.6
16/11/2025 22:15;558.61
16/11/2025 22:30;558.61
16/11/2025 22:45;558.61
16/11/2025 23:00;558.61
16/11/2025 23:15;558.61
16/11/2025 23:30;558.61
16/11/2025 23:45;558.61
17/11/2025 00:00;558.61
17/11/2025 00:15;558.6
17/11/2025 00:30;558.6
17/11/2025 00:45;558.62
17/11/2025 01:00;558.61
17/11/2025 01:15;558.62
17/11/2025 01:30;558.61
17/11/2025 01:45;558.61
17/11/2025 02:00;558.61
17/11/2025 02:15;558.61
17/11/2025 02:30;558.62
17/11/2025 02:45;558.61
17/11/2025 03:00;558.62
17/11/2025 03:15;558.61
17/11/2025 03:30;558.62
17/11/2025 03:45;558.62
17/11/2025 04:00;558.62
17/11/2025 04:15;558.61
17/11/2025 04:30;558.62
17/11/2025 04:45;558.61
17/11/2025 05:00;558.61
17/11/2025 05:15;558.62
17/11/2025 05:30;558.62
17/11/2025 05:45;558.61
17/11/2025 06:00;558.62
17/11/2025 06:15;558.62
17/11/2025 06:30;558.62
17/11/2025 06:45;558.61
17/11/2025 07:00;558.63
17/11/2025 07:15;558.62
17/11/2025 07:30;558.63
17/11/2025 07:45;558.62
17/11/2025 08:00;558.62
17/11/2025 08:15;558.63
17/11/2025 08:30;558.62
17/11/2025 08:45;558.62
17/11/2025 09:00;558.63
17/11/2025 09:15;558.62
17/11/2025 09:30;558.62
17/11/2025 09:45;558.62
17/11/2025 10:00;558.63
17/11/2025 10:15;558.62
17/11/2025 10:30;558.63
17/11/2025 10:45;558.62
17/11/2025 11:00;558.63
17/11/2025 11:15;558.62
17/11/2025 11:30;558.63
17/11/2025 11:45;558.62
17/11/2025 12:00;558.62
17/11/2025 12:15;558.63
17/11/2025 12:30;558.62
17/11/2025 12:45;558.62
17/11/2025 13:00;558.62
17/11/2025 13:15;558.61
17/11/2025 13:30;558.61
17/11/2025 13:45;558.61
17/11/2025 14:00;558.6
17/11/2025 14:15;558.61
17/11/2025 14:30;558.6
17/11/2025 14:45;558.6
17/11/2025 15:00;558.61
17/11/2025 15:15;558.61
17/11/2025 15:30;558.61
17/11/2025 15:45;558.61
17/11/2025 16:00;558.6
17/11/2025 16:15;558.6
17/11/2025 16:30;558.6
17/11/2025 16:45;558.6
17/11/2025 17:00;558.61
17/11/2025 17:15;558.61
17/11/2025 17:30;558.61
17/11/2025 17:45;558.61
17/11/2025 18:00;558.61
17/11/2025 18:15;558.61
17/11/2025 18:30;558.61
17/11/2025 18:45;558.61
17/11/2025 19:00;558.61
17/11/2025 19:15;558.61
17/11/2025 19:30;558.6
17/11/2025 19:45;558.61
17/11/2025 20:00;558.61
17/11/2025 20:15;558.61
17/11/2025 20:30;558.61
17/11/2025 20:45;558.61
17/11/2025 21:00;558.6
17/11/2025 21:15;558.61
17/11/2025 21:30;558.61
17/11/2025 21:45;558.62
17/11/2025 22:00;558.62
17/11/2025 22:15;558.61
17/11/2025 22:30;558.61
17/11/2025 22:45;558.61
17/11/2025 23:00;558.62
17/11/2025 23:15;558.62
17/11/2025 23:30;558.62
17/11/2025 23:45;558.62
18/11/2025 00:00;558.62
18/11/2025 00:15;558.61
18/11/2025 00:30;558.62
18/11/2025 00:45;558.61
18/11/2025 01:00;558.63
18/11/2025 01:15;558.62
18/11/2025 01:30;558.63
18/11/2025 01:45;558.63
18/11/2025 02:00;558.62
18/11/2025 02:15;558.63
18/11/2025 02:30;558.62
18/11/2025 02:45;558.63
18/11/2025 03:00;558.62
18/11/2025 03:15;558.63
18/11/2025 03:30;558.64
18/11/2025 03:45;558.64
18/11/2025 04:00;558.62
18/11/2025 04:15;558.64
18/11/2025 04:30;558.64
18/11/2025 04:45;558.63
18/11/2025 05:00;558.63
18/11/2025 05:15;558.62
18/11/2025 05:30;558.63
18/11/2025 05:45;558.63
18/11/2025 06:00;558.63
18/11/2025 06:15;558.63
18/11/2025 06:30;558.63
18/11/2025 06:45;558.63
18/11/2025 07:00;558.62
18/11/2025 07:15;558.64
18/11/2025 07:30;558.62
18/11/2025 07:45;558.63
18/11/2025 08:00;558.63
18/11/2025 08:15;558.63
18/11/2025 08:30;558.63
18/11/2025 08:45;558.64
18/11/2025 09:00;558.63
18/11/2025 09:15;558.64
18/11/2025 09:30;558.64
18/11/2025 09:45;558.64
18/11/2025 10:00;558.63
18/11/2025 10:15;558.62
18/11/2025 10:30;558.64
18/11/2025 10:45;558.63
18/11/2025 11:00;558.63
18/11/2025 11:15;558.63
18/11/2025 11:30;558.63
18/11/2025 11:45;558.64
18/11/2025 12:00;558.64
18/11/2025 12:15;558.64
18/11/2025 12:30;558.64
18/11/2025 12:45;558.64
18/11/2025 13:00;558.63
18/11/2025 13:15;558.64
18/11/2025 13:30;558.63
18/11/2025 13:45;558.64
18/11/2025 14:00;558.63
18/11/2025 14:15;558.64
18/11/2025 14:30;558.64
18/11/2025 14:45;558.64
18/11/2025 15:00;558.64
18/11/2025 15:15;558.64
18/11/2025 15:30;558.64
18/11/2025 15:45;558.64
18/11/2025 16:00;558.64
18/11/2025 16:15;558.64
18/11/2025 16:30;558.64
18/11/2025 16:45;558.64
18/11/2025 17:00;558.64
18/11/2025 17:15;558.64
18/11/2025 17:30;558.64
18/11/2025 17:45;558.64
18/11/2025 18:00;558.64
18/11/2025 18:15;558.64
18/11/2025 18:30;558.64
18/11/2025 18:45;558.64
18/11/2025 19:00;558.64
18/11/2025 19:15;558.64
18/11/2025 19:30;558.64
18/11/2025 19:45;558.64
18/11/2025 20:00;558.64
18/11/2025 20:15;558.64
18/11/2025 20:30;558.64
18/11/2025 20:45;558.64
18/11/2025 21:00;558.64
18/11/2025 21:15;558.64
18/11/2025 21:30;558.64
18/11/2025 21:45;558.64
18/11/2025 22:00;558.64
18/11/2025 22:15;558.64
18/11/2025 22:30;558.64
18/11/2025 22:45;558.64
18/11/2025 23:00;558.64
18/11/2025 23:15;558.64
18/11/2025 23:30;558.64
18/11/2025 23:45;558.64
19/11/2025 00:00;558.64
19/11/2025 00:15;558.64
19/11/2025 00:30;558.64
19/11/2025 00:45;558.64
19/11/2025 01:00;558.64
19/11/2025 01:15;558.64
19/11/2025 01:30;558.64
19/11/2025 01:45;558.64
19/11/2025 02:00;558.64
19/11/2025 02:15;558.64
19/11/2025 02:30;558.64
19/11/2025 02:45;558.64
19/11/2025 03:00;558.64
19/11/2025 03:15;558.64
19/11/2025 03:30;558.64
19/11/2025 03:45;558.66
19/11/2025 04:00;558.64
19/11/2025 04:15;558.64
19/11/2025 04:30;558.64
19/11/2025 04:45;558.64
19/11/2025 05:00;558.66
19/11/2025 05:15;558.66
19/11/2025 05:30;558.66
19/11/2025 05:45;558.66
19/11/2025 06:00;558.66
19/11/2025 06:15;558.66
19/11/2025 06:30;558.66
19/11/2025 06:45;558.66
19/11/2025 07:00;558.66
19/11/2025 07:15;558.66
19/11/2025 07:30;558.66
19/11/2025 07:45;558.66
19/11/2025 08:00;558.66
19/11/2025 08:15;558.66
19/11/2025 08:30;558.66
19/11/2025 08:45;558.66
19/11/2025 09:00;558.66
19/11/2025 09:15;558.66
19/11/2025 09:30;558.66
19/11/2025 09:45;558.66
19/11/2025 10:00;558.66
19/11/2025 10:15;558.66
19/11/2025 10:30;558.66
19/11/2025 10:45;558.66
19/11/2025 11:00;558.66
19/11/2025 11:15;558.66
19/11/2025 11:30;558.66
19/11/2025 11:45;558.66
19/11/2025 12:00;558.66
19/11/2025 12:15;558.66
19/11/2025 12:30;558.66
19/11/2025 12:45;558.66
19/11/2025 13:00;558.66
19/11/2025 13:15;558.66
19/11/2025 13:30;558.66
19/11/2025 13:45;558.66
19/11/2025 14:00;558.66
19/11/2025 14:15;558.66
19/11/2025 14:30;558.66
19/11/2025 14:45;558.66
19/11/2025 15:00;558.66
19/11/2025 15:15;558.66
19/11/2025 15:30;558.66
19/11/2025 15:45;558.66
19/11/2025 16:00;558.66
19/11/2025 16:15;558.66
19/11/2025 16:30;558.66
19/11/2025 16:45;558.66
19/11/2025 17:00;558.66
19/11/2025 17:15;558.66
19/11/2025 17:30;558.66
19/11/2025 17:45;558.66
19/11/2025 18:00;558.66
19/11/2025 18:15;558.66
19/11/2025 18:30;558.66
19/11/2025 18:45;558.66
19/11/2025 19:00;558.66
19/11/2025 19:15;558.66
19/11/2025 19:30;558.67
19/11/2025 19:45;558.67
19/11/2025 20:00;558.67
19/11/2025 20:15;558.67
19/11/2025 20:30;558.67
19/11/2025 20:45;558.66
19/11/2025 21:00;558.67
19/11/2025 21:15;558.67
19/11/2025 21:30;558.67
19/11/2025 21:45;558.67
19/11/2025 22:00;558.67
19/11/2025 22:15;558.67
19/11/2025 22:30;558.67
19/11/2025 22:45;558.67
19/11/2025 23:00;558.67
19/11/2025 23:15;558.68
19/11/2025 23:30;558.68
19/11/2025 23:45;558.68
20/11/2025 00:00;558.68
20/11/2025 00:15;558.68
20/11/2025 00:30;558.68
20/11/2025 00:45;558.69
20/11/2025 01:00;558.68
20/11/2025 01:15;558.67
20/11/2025 01:30;558.68
20/11/2025 01:45;558.68
20/11/2025 02:00;558.68
20/11/2025 02:15;558.68
20/11/2025 02:30;558.69
20/11/2025 02:45;558.68
20/11/2025 03:00;558.69
20/11/2025 03:15;558.68
20/11/2025 03:30;558.68
20/11/2025 03:45;558.69
20/11/2025 04:00;558.68
20/11/2025 04:15;558.68
20/11/2025 04:30;558.69
20/11/2025 04:45;558.68
20/11/2025 05:00;558.69
20/11/2025 05:15;558.69
20/11/2025 05:30;558.69
20/11/2025 05:45;558.69
20/11/2025 06:00;558.69
20/11/2025 06:15;558.69
20/11/2025 06:30;558.69
20/11/2025 06:45;558.69
20/11/2025 07:00;558.7
20/11/2025 07:15;558.69
20/11/2025 07:30;558.69
20/11/2025 07:45;558.69
20/11/2025 08:00;558.69
20/11/2025 08:15;558.69
20/11/2025 08:30;558.69
20/11/2025 08:45;558.69
20/11/2025 09:00;558.69
20/11/2025 09:15;558.7
20/11/2025 09:30;558.69
20/11/2025 09:45;558.7
20/11/2025 10:00;558.7
20/11/2025 10:15;558.7
20/11/2025 10:30;558.71
20/11/2025 10:45;558.7
20/11/2025 11:00;558.7
20/11/2025 11:15;558.7
20/11/2025 11:30;558.7
20/11/2025 11:45;558.71
20/11/2025 12:00;558.71
20/11/2025 12:15;558.71
20/11/2025 12:30;558.71
20/11/2025 12:45;558.71
20/11/2025 13:00;558.71
20/11/2025 13:15;558.71
20/11/2025 13:30;558.71
20/11/2025 13:45;558.71
20/11/2025 14:00;558.71
20/11/2025 14:15;558.71
20/11/2025 14:30;558.71
20/11/2025 14:45;558.71
20/11/2025 15:00;558.71
20/11/2025 15:15;558.71
20/11/2025 15:30;558.71
20/11/2025 15:45;558.71
20/11/2025 16:00;558.73
20/11/2025 16:15;558.73
20/11/2025 16:30;558.73
20/11/2025 16:45;558.73
20/11/2025 17:00;558.73
20/11/2025 17:15;558.73
20/11/2025 17:30;558.73
20/11/2025 17:45;558.73
20/11/2025 18:00;558.73
20/11/2025 18:15;558.73
20/11/2025 18:30;558.73
20/11/2025 18:45;558.73
20/11/2025 19:00;558.74
20/11/2025 19:15;558.74
20/11/2025 19:30;558.73
20/11/2025 19:45;558.74
20/11/2025 20:00;558.74
20/11/2025 20:15;558.73
20/11/2025 20:30;558.74
20/11/2025 20:45;558.74
20/11/2025 21:00;558.74
20/11/2025 21:15;558.74
20/11/2025 21:30;558.74
20/11/2025 21:45;558.74
20/11/2025 22:00;558.74
20/11/2025 22:15;558.74
20/11/2025 22:30;558.74
20/11/2025 22:45;558.74
20/11/2025 23:00;558.74
20/11/2025 23:15;558.74
20/11/2025 23:30;558.74
20/11/2025 23:45;558.74
21/11/2025 00:00;558.75
21/11/2025 00:15;558.74
21/11/2025 00:30;558.74
21/11/2025 00:45;558.75
21/11/2025 01:00;558.74
21/11/2025 01:15;558.75
21/11/2025 01:30;558.75
21/11/2025 01:45;558.75
21/11/2025 02:00;558.75
21/11/2025 02:15;558.75
21/11/2025 02:30;558.75
21/11/2025 02:45;558.75
21/11/2025 03:00;558.77
21/11/2025 03:15;558.77
21/11/2025 03:30;558.77
21/11/2025 03:45;558.77
21/11/2025 04:00;558.77
21/11/2025 04:15;558.77
21/11/2025 04:30;558.77
21/11/2025 04:45;558.77
21/11/2025 05:00;558.77
21/11/2025 05:15;558.77
21/11/2025 05:30;558.77
21/11/2025 05:45;558.77
21/11/2025 06:00;558.77
21/11/2025 06:15;558.77
21/11/2025 06:30;558.77
21/11/2025 06:45;558.77
21/11/2025 07:00;558.77
21/11/2025 07:15;558.77
21/11/2025 07:30;558.77
21/11/2025 07:45;558.77
21/11/2025 08:00;558.77
21/11/2025 08:15;558.77
21/11/2025 08:30;558.77
21/11/2025 08:45;558.78
21/11/2025 09:00;558.78
21/11/2025 09:15;558.78
21/11/2025 09:30;558.78
21/11/2025 09:45;558.78
21/11/2025 10:00;558.78
21/11/2025 10:15;558.78
21/11/2025 10:30;558.78
21/11/2025 10:45;558.78
21/11/2025 11:00;558.78
21/11/2025 11:15;558.79
21/11/2025 11:30;558.79
21/11/2025 11:45;558.79
21/11/2025 12:00;558.79
21/11/2025 12:15;558.79
21/11/2025 12:30;558.79
21/11/2025 12:45;558.79
21/11/2025 13:00;558.79
21/11/2025 13:15;558.79
21/11/2025 13:30;558.79
21/11/2025 13:45;558.79
21/11/2025 14:00;558.79
21/11/2025 14:15;558.8
21/11/2025 14:30;558.8
21/11/2025 14:45;558.79
21/11/2025 15:00;558.8
21/11/2025 15:15;558.8
21/11/2025 15:30;558.8
21/11/2025 15:45;558.8
21/11/2025 16:00;558.79
21/11/2025 16:15;558.8
21/11/2025 16:30;558.79
21/11/2025 16:45;558.8
21/11/2025 17:00;558.8
21/11/2025 17:15;558.79
21/11/2025 17:30;558.79
21/11/2025 17:45;558.79
21/11/2025 18:00;558.8
21/11/2025 18:15;558.8
21/11/2025 18:30;558.8
21/11/2025 18:45;558.8
21/11/2025 19:00;558.8
21/11/2025 19:15;558.8
21/11/2025 19:30;558.8
21/11/2025 19:45;558.8
21/11/2025 20:00;558.8
21/11/2025 20:15;558.8
21/11/2025 20:30;558.8
21/11/2025 20:45;558.8
21/11/2025 21:00;558.8
21/11/2025 21:15;558.8
21/11/2025 21:30;558.8
21/11/2025 21:45;558.79
21/11/2025 22:00;558.79
21/11/2025 22:15;558.8
21/11/2025 22:30;558.8
21/11/2025 22:45;558.8
21/11/2025 23:00;558.81
21/11/2025 23:15;558.8
21/11/2025 23:30;558.8
21/11/2025 23:45;558.8
22/11/2025 00:00;558.8
22/11/2025 00:15;558.8
22/11/2025 00:30;558.8
22/11/2025 00:45;558.8
22/11/2025 01:00;558.8
22/11/2025 01:15;558.81
22/11/2025 01:30;558.81
22/11/2025 01:45;558.81
22/11/2025 02:00;558.8
22/11/2025 02:15;558.81
22/11/2025 02:30;558.81
22/11/2025 02:45;558.81
22/11/2025 03:00;558.81
22/11/2025 03:15;558.81
22/11/2025 03:30;558.81
22/11/2025 03:45;558.81
22/11/2025 04:00;558.81
22/11/2025 04:15;558.81
22/11/2025 04:30;558.81
22/11/2025 04:45;558.81
22/11/2025 05:00;558.82
22/11/2025 05:15;558.82
22/11/2025 05:30;558.82
22/11/2025 05:45;558.82
22/11/2025 06:00;558.82
22/11/2025 06:15;558.82
22/11/2025 06:30;558.82
22/11/2025 06:45;558.82
22/11/2025 07:00;558.82
22/11/2025 07:15;558.82
22/11/2025 07:30;558.82
22/11/2025 07:45;558.82
22/11/2025 08:00;558.82
22/11/2025 08:15;558.82
22/11/2025 08:30;558.82
22/11/2025 08:45;558.82
22/11/2025 09:00;558.82
22/11/2025 09:15;558.82
22/11/2025 09:30;558.82
22/11/2025 09:45;558.82
22/11/2025 10:00;558.82
22/11/2025 10:15;558.82
22/11/2025 10:30;558.82
22/11/2025 10:45;558.82
22/11/2025 11:00;558.82
22/11/2025 11:15;558.82
22/11/2025 11:30;558.82
22/11/2025 11:45;558.82
22/11/2025 12:00;558.82
22/11/2025 12:15;558.82
22/11/2025 12:30;558.82
22/11/2025 12:45;558.82
22/11/2025 13:00;558.82
22/11/2025 13:15;558.82
22/11/2025 13:30;558.82
22/11/2025 13:45;558.82
22/11/2025 14:00;558.84
22/11/2025 14:15;558.82
22/11/2025 14:30;558.82
22/11/2025 14:45;558.82
22/11/2025 15:00;558.84
22/11/2025 15:15;558.82
22/11/2025 15:30;558.84
22/11/2025 15:45;558.84
22/11/2025 16:00;558.84
22/11/2025 16:15;558.84
22/11/2025 16:30;558.84
22/11/2025 16:45;558.84
22/11/2025 17:00;558.84
22/11/2025 17:15;558.84
22/11/2025 17:30;558.84
22/11/2025 17:45;558.84
22/11/2025 18:00;558.84
22/11/2025 18:15;558.84
22/11/2025 18:30;558.84
22/11/2025 18:45;558.84
22/11/2025 19:00;558.84
22/11/2025 19:15;558.84
22/11/2025 19:30;558.84
22/11/2025 19:45;558.84
22/11/2025 20:00;558.84
22/11/2025 20:15;558.84
22/11/2025 20:30;558.84
22/11/2025 20:45;558.84
22/11/2025 21:00;558.84
22/11/2025 21:15;558.84
22/11/2025 21:30;558.84
22/11/2025 21:45;558.84
22/11/2025 22:00;558.84
22/11/2025 22:15;558.84
22/11/2025 22:30;558.84
22/11/2025 22:45;558.84
22/11/2025 23:00;558.84
22/11/2025 23:15;558.84
22/11/2025 23:30;558.84
22/11/2025 23:45;558.84
23/11/2025 00:00;558.84
23/11/2025 00:15;558.84
23/11/2025 00:30;558.84
23/11/2025 00:45;558.85
23/11/2025 01:00;558.84
23/11/2025 01:15;558.85
23/11/2025 01:30;558.85
23/11/2025 01:45;558.85
23/11/2025 02:00;558.85
23/11/2025 02:15;558.85
23/11/2025 02:30;558.85
23/11/2025 02:45;558.84
23/11/2025 03:00;558.84
23/11/2025 03:15;558.85
23/11/2025 03:30;558.84
23/11/2025 03:45;558.85
23/11/2025 04:00;558.85
23/11/2025 04:15;558.86
23/11/2025 04:30;558.85
23/11/2025 04:45;558.86
23/11/2025 05:00;558.85
23/11/2025 05:15;558.85
23/11/2025 05:30;558.86
23/11/2025 05:45;558.85
23/11/2025 06:00;558.85
23/11/2025 06:15;558.86
23/11/2025 06:30;558.85
23/11/2025 06:45;558.85
23/11/2025 07:00;558.86
23/11/2025 07:15;558.86
23/11/2025 07:30;558.86
23/11/2025 07:45;558.86
23/11/2025 08:00;558.86
23/11/2025 08:15;558.86
23/11/2025 08:30;558.87
23/11/2025 08:45;558.86
23/11/2025 09:00;558.87
23/11/2025 09:15;558.86
23/11/2025 09:30;558.86
23/11/2025 09:45;558.87
23/11/2025 10:00;558.86
23/11/2025 10:15;558.87
23/11/2025 10:30;558.87
23/11/2025 10:45;558.87
23/11/2025 11:00;558.87
23/11/2025 11:15;558.87
23/11/2025 11:30;558.87
23/11/2025 11:45;558.87
23/11/2025 12:00;558.87
23/11/2025 12:15;558.87
23/11/2025 12:30;558.87
23/11/2025 12:45;558.87
23/11/2025 13:00;558.87
23/11/2025 13:15;558.88
23/11/2025 13:30;558.88
23/11/2025 13:45;558.88
23/11/2025 14:00;558.88
23/11/2025 14:15;558.88
23/11/2025 14:30;558.88
23/11/2025 14:45;558.88
23/11/2025 15:00;558.88
23/11/2025 15:15;558.89
23/11/2025 15:30;558.89
23/11/2025 15:45;558.89
23/11/2025 16:00;558.89
23/11/2025 16:15;558.89
23/11/2025 16:30;558.89
23/11/2025 16:45;558.89
23/11/2025 17:00;558.89
23/11/2025 17:15;558.9
23/11/2025 17:30;558.9
23/11/2025 17:45;558.9
23/11/2025 18:00;558.9
23/11/2025 18:15;558.9
23/11/2025 18:30;558.91
23/11/2025 18:45;558.91
23/11/2025 19:00;558.9
23/11/2025 19:15;558.9
23/11/2025 19:30;558.9
23/11/2025 19:45;558.9
23/11/2025 20:00;558.91
23/11/2025 20:15;558.91
23/11/2025 20:30;558.92
23/11/2025 20:45;558.91
23/11/2025 21:00;558.91
23/11/2025 21:15;558.91
23/11/2025 21:30;558.91
23/11/2025 21:45;558.92
23/11/2025 22:00;558.92
23/11/2025 22:15;558.92
23/11/2025 22:30;558.92
23/11/2025 22:45;558.92
23/11/2025 23:00;558.92
23/11/2025 23:15;558.92
23/11/2025 23:30;558.92
23/11/2025 23:45;558.92
24/11/2025 00:00;558.92
24/11/2025 00:15;558.92
24/11/2025 00:30;558.93
24/11/2025 00:45;558.93
24/11/2025 01:00;558.93
24/11/2025 01:15;558.93
24/11/2025 01:30;558.93
24/11/2025 01:45;558.95
24/11/2025 02:00;558.95
24/11/2025 02:15;558.95
24/11/2025 02:30;558.95
24/11/2025 02:45;558.95
24/11/2025 03:00;558.95
24/11/2025 03:15;558.95
24/11/2025 03:30;558.95
24/11/2025 03:45;558.95
24/11/2025 04:00;558.95
24/11/2025 04:15;558.96
24/11/2025 04:30;558.95
24/11/2025 04:45;558.96
24/11/2025 05:00;558.96
24/11/2025 05:15;558.96
24/11/2025 05:30;558.96
24/11/2025 05:45;558.97
24/11/2025 06:00;558.96
24/11/2025 06:15;558.97
24/11/2025 06:30;558.97
24/11/2025 06:45;558.97
24/11/2025 07:00;558.97
24/11/2025 07:15;558.97
24/11/2025 07:30;558.98
24/11/2025 07:45;558.98
24/11/2025 08:00;558.98
24/11/2025 08:15;558.98
24/11/2025 08:30;558.99
24/11/2025 08:45;558.98
24/11/2025 09:00;558.98
24/11/2025 09:15;558.98
24/11/2025 09:30;558.98
24/11/2025 09:45;558.98
24/11/2025 10:00;558.98
24/11/2025 10:15;558.99
24/11/2025 10:30;558.99
24/11/2025 10:45;558.99
24/11/2025 11:00;558.99
24/11/2025 11:15;558.99
24/11/2025 11:30;559
24/11/2025 11:45;559
24/11/2025 12:00;559
24/11/2025 12:15;559
24/11/2025 12:30;559
24/11/2025 12:45;559.02
24/11/2025 13:00;559.02
24/11/2025 13:15;559.02
24/11/2025 13:30;559.02
24/11/2025 13:45;559.02
24/11/2025 14:00;559.03
24/11/2025 14:15;559.03
24/11/2025 14:30;559.03
24/11/2025 14:45;559.03
24/11/2025 15:00;559.03
24/11/2025 15:15;559.03
24/11/2025 15:30;559.03
24/11/2025 15:45;559.03
24/11/2025 16:00;559.04
24/11/2025 16:15;559.04
24/11/2025 16:30;559.04
24/11/2025 16:45;559.05
24/11/2025 17:00;559.05
24/11/2025 17:15;559.06
24/11/2025 17:30;559.06
24/11/2025 17:45;559.06
24/11/2025 18:00;559.06
24/11/2025 18:15;559.06
24/11/2025 18:30;559.07
24/11/2025 18:45;559.07
24/11/2025 19:00;559.07
24/11/2025 19:15;559.08
24/11/2025 19:30;559.08
24/11/2025 19:45;559.09
24/11/2025 20:00;559.09
24/11/2025 20:15;559.1
24/11/2025 20:30;559.09
24/11/2025 20:45;559.1
24/11/2025 21:00;559.1
24/11/2025 21:15;559.1
24/11/2025 21:30;559.1
24/11/2025 21:45;559.11
24/11/2025 22:00;559.11
24/11/2025 22:15;559.11
24/11/2025 22:30;559.11
24/11/2025 22:45;559.13
24/11/2025 23:00;559.13
24/11/2025 23:15;559.13
24/11/2025 23:30;559.13
24/11/2025 23:45;559.14
25/11/2025 00:00;559.14
25/11/2025 00:15;559.14
25/11/2025 00:30;559.15
25/11/2025 00:45;559.15
25/11/2025 01:00;559.16
25/11/2025 01:15;559.16
25/11/2025 01:30;559.17
25/11/2025 01:45;559.18
25/11/2025 02:00;559.18
25/11/2025 02:15;559.18
25/11/2025 02:30;559.18
25/11/2025 02:45;559.18
25/11/2025 03:00;559.18
25/11/2025 03:15;559.18
25/11/2025 03:30;559.2
25/11/2025 03:45;559.2
25/11/2025 04:00;559.21
25/11/2025 04:15;559.21
25/11/2025 04:30;559.21
25/11/2025 04:45;559.22
25/11/2025 05:00;559.23
25/11/2025 05:15;559.23
25/11/2025 05:30;559.23
25/11/2025 05:45;559.24
25/11/2025 06:00;559.24
25/11/2025 06:15;559.24
25/11/2025 06:30;559.25
25/11/2025 06:45;559.26
25/11/2025 07:00;559.26
25/11/2025 07:15;559.27
25/11/2025 07:30;559.27
25/11/2025 07:45;559.27
25/11/2025 08:00;559.28
25/11/2025 08:15;559.28
25/11/2025 08:30;559.29
25/11/2025 08:45;559.29
25/11/2025 09:00;559.31
25/11/2025 09:15;559.31
25/11/2025 09:30;559.31
25/11/2025 09:45;559.31
25/11/2025 10:00;559.32
25/11/2025 10:15;559.33
25/11/2025 10:30;559.33
25/11/2025 10:45;559.33
25/11/2025 11:00;559.33
25/11/2025 11:15;559.35
25/11/2025 11:30;559.34
25/11/2025 11:45;559.36
25/11/2025 12:00;559.36
25/11/2025 12:15;559.36
25/11/2025 12:30;559.36
25/11/2025 12:45;559.38
25/11/2025 13:00;559.39
25/11/2025 13:15;559.39
25/11/2025 13:30;559.39
25/11/2025 13:45;559.39
25/11/2025 14:00;559.4
25/11/2025 14:15;559.41
25/11/2025 14:30;559.41
25/11/2025 14:45;559.41
25/11/2025 15:00;559.43
25/11/2025 15:15;559.43
25/11/2025 15:30;559.44
25/11/2025 15:45;559.44
25/11/2025 16:00;559.44
25/11/2025 16:15;559.45
25/11/2025 16:30;559.46
25/11/2025 16:45;559.46
25/11/2025 17:00;559.46
25/11/2025 17:15;559.46
25/11/2025 17:30;559.49
25/11/2025 17:45;559.49
25/11/2025 18:00;559.49
25/11/2025 18:15;559.49
25/11/2025 18:30;559.49
25/11/2025 18:45;559.5
25/11/2025 19:00;559.52
25/11/2025 19:15;559.52
25/11/2025 19:30;559.52
25/11/2025 19:45;559.52
25/11/2025 20:00;559.54
25/11/2025 20:15;559.54
25/11/2025 20:30;559.56
25/11/2025 20:45;559.56
25/11/2025 21:00;559.57
25/11/2025 21:15;559.57
25/11/2025 21:30;559.57
25/11/2025 21:45;559.57
25/11/2025 22:00;559.57
25/11/2025 22:15;559.57
25/11/2025 22:30;559.59
25/11/2025 22:45;559.6
25/11/2025 23:00;559.6
25/11/2025 23:15;559.61
25/11/2025 23:30;559.61
25/11/2025 23:45;559.62
26/11/2025 00:00;559.63
26/11/2025 00:15;559.63
26/11/2025 00:30;559.64
26/11/2025 00:45;559.65
26/11/2025 01:00;559.65
26/11/2025 01:15;559.67
26/11/2025 01:30;559.67
26/11/2025 01:45;559.67
26/11/2025 02:00;559.67
26/11/2025 02:15;559.68
26/11/2025 02:30;559.69
26/11/2025 02:45;559.7
26/11/2025 03:00;559.71
26/11/2025 03:15;559.72
26/11/2025 03:30;559.72
26/11/2025 03:45;559.74
26/11/2025 04:00;559.75
26/11/2025 04:15;559.75
26/11/2025 04:30;559.75
26/11/2025 04:45;559.76
26/11/2025 05:00;559.76
26/11/2025 05:15;559.78
26/11/2025 05:30;559.79
26/11/2025 05:45;559.79
26/11/2025 06:00;559.79
26/11/2025 06:15;559.8
26/11/2025 06:30;559.81
26/11/2025 06:45;559.82
26/11/2025 07:00;559.83
26/11/2025 07:15;559.83
26/11/2025 07:30;559.83
26/11/2025 07:45;559.83
26/11/2025 08:00;559.85
26/11/2025 08:15;559.85
26/11/2025 08:30;559.85
26/11/2025 08:45;559.85
26/11/2025 09:00;559.86
26/11/2025 09:15;559.87
26/11/2025 09:30;559.88
26/11/2025 09:45;559.88
26/11/2025 10:00;559.89
26/11/2025 10:15;559.88
26/11/2025 10:30;559.89
26/11/2025 10:45;559.9
26/11/2025 11:00;559.9
26/11/2025 11:15;559.9
26/11/2025 11:30;559.9
26/11/2025 11:45;559.92
26/11/2025 12:00;559.93
26/11/2025 12:15;559.93
26/11/2025 12:30;559.93
26/11/2025 12:45;559.93
26/11/2025 13:00;559.94
26/11/2025 13:15;559.94
26/11/2025 13:30;559.96
26/11/2025 13:45;559.96
26/11/2025 14:00;559.96
26/11/2025 14:15;559.96
26/11/2025 14:30;559.96
26/11/2025 14:45;559.96
26/11/2025 15:00;559.97
26/11/2025 15:15;559.97
26/11/2025 15:30;559.98
26/11/2025 15:45;559.98
26/11/2025 16:00;559.99
26/11/2025 16:15;559.99
26/11/2025 16:30;559.99
26/11/2025 16:45;560
26/11/2025 17:00;560
26/11/2025 17:15;560
26/11/2025 17:30;560
26/11/2025 17:45;560
26/11/2025 18:00;560.01
26/11/2025 18:15;560.01
26/11/2025 18:30;560.01
26/11/2025 18:45;560.01
26/11/2025 19:00;560.01
26/11/2025 19:15;560.01
26/11/2025 19:30;560.03
26/11/2025 19:45;560.03
26/11/2025 20:00;560.03
26/11/2025 20:15;560.03
26/11/2025 20:30;560.03
26/11/2025 20:45;560.04
26/11/2025 21:00;560.04
26/11/2025 21:15;560.05
26/11/2025 21:30;560.05
26/11/2025 21:45;560.05
26/11/2025 22:00;560.05
26/11/2025 22:15;560.06
26/11/2025 22:30;560.06
26/11/2025 22:45;560.06
26/11/2025 23:00;560.06
26/11/2025 23:15;560.07
26/11/2025 23:30;560.07
26/11/2025 23:45;560.07
27/11/2025 00:00;560.07
27/11/2025 00:15;560.08
27/11/2025 00:30;560.08
27/11/2025 00:45;560.08
27/11/2025 01:00;560.08
27/11/2025 01:15;560.08
27/11/2025 01:30;560.1
27/11/2025 01:45;560.1
27/11/2025 02:00;560.1
27/11/2025 02:15;560.11
27/11/2025 02:30;560.11
27/11/2025 02:45;560.11
27/11/2025 03:00;560.11
27/11/2025 03:15;560.11
27/11/2025 03:30;560.11
27/11/2025 03:45;560.11
27/11/2025 04:00;560.11
27/11/2025 04:15;560.12
27/11/2025 04:30;560.12
27/11/2025 04:45;560.14
27/11/2025 05:00;560.12
27/11/2025 05:15;560.12
27/11/2025 05:30;560.14
27/11/2025 05:45;560.14
27/11/2025 06:00;560.14
27/11/2025 06:15;560.14
27/11/2025 06:30;560.14
27/11/2025 06:45;560.14
27/11/2025 07:00;560.15
27/11/2025 07:15;560.15
27/11/2025 07:30;560.15
27/11/2025 07:45;560.15
27/11/2025 08:00;560.15
27/11/2025 08:15;560.15
27/11/2025 08:30;560.16
27/11/2025 08:45;560.16
27/11/2025 09:00;560.17
27/11/2025 09:15;560.17
27/11/2025 09:30;560.17
27/11/2025 09:45;560.17
27/11/2025 10:00;560.17
27/11/2025 10:15;560.17
27/11/2025 10:30;560.17
27/11/2025 10:45;560.18
27/11/2025 11:00;560.17
27/11/2025 11:15;560.18
27/11/2025 11:30;560.18
27/11/2025 11:45;560.18
27/11/2025 12:00;560.18
27/11/2025 12:15;560.19
27/11/2025 12:30;560.19
27/11/2025 12:45;560.19
27/11/2025 13:00;560.19
27/11/2025 13:15;560.19
27/11/2025 13:30;560.19
27/11/2025 13:45;560.19
27/11/2025 14:00;560.19
27/11/2025 14:15;560.21
27/11/2025 14:30;560.21
27/11/2025 14:45;560.21
27/11/2025 15:00;560.21
27/11/2025 15:15;560.21
27/11/2025 15:30;560.21
27/11/2025 15:45;560.21
27/11/2025 16:00;560.21
27/11/2025 16:15;560.21
27/11/2025 16:30;560.21
27/11/2025 16:45;560.21
27/11/2025 17:00;560.21
27/11/2025 17:15;560.21
27/11/2025 17:30;560.22
27/11/2025 17:45;560.21
27/11/2025 18:00;560.22
27/11/2025 18:15;560.22
27/11/2025 18:30;560.22
27/11/2025 18:45;560.22
27/11/2025 19:00;560.23
27/11/2025 19:15;560.22
27/11/2025 19:30;560.22
27/11/2025 19:45;560.23
27/11/2025 20:00;560.23
27/11/2025 20:15;560.23
27/11/2025 20:30;560.23
27/11/2025 20:45;560.23
27/11/2025 21:00;560.23
27/11/2025 21:15;560.24
27/11/2025 21:30;560.23
27/11/2025 21:45;560.24
27/11/2025 22:00;560.24
27/11/2025 22:15;560.24
27/11/2025 22:30;560.25
27/11/2025 22:45;560.25
27/11/2025 23:00;560.25
27/11/2025 23:15;560.25
27/11/2025 23:30;560.25
27/11/2025 23:45;560.26
28/11/2025 00:00;560.25
28/11/2025 00:15;560.26
28/11/2025 00:30;560.26
28/11/2025 00:45;560.26
28/11/2025 01:00;560.26
28/11/2025 01:15;560.27
28/11/2025 01:30;560.27
28/11/2025 01:45;560.27
28/11/2025 02:00;560.27
28/11/2025 02:15;560.27
28/11/2025 02:30;560.27
28/11/2025 02:45;560.28
28/11/2025 03:00;560.27
28/11/2025 03:15;560.28
28/11/2025 03:30;560.27
28/11/2025 03:45;560.28
28/11/2025 04:00;560.28
28/11/2025 04:15;560.29
28/11/2025 04:30;560.28
28/11/2025 04:45;560.28
28/11/2025 05:00;560.29
28/11/2025 05:15;560.29
28/11/2025 05:30;560.29
28/11/2025 05:45;560.29
28/11/2025 06:00;560.29
28/11/2025 06:15;560.29
28/11/2025 06:30;560.29
28/11/2025 06:45;560.29
28/11/2025 07:00;560.29
28/11/2025 07:15;560.29
28/11/2025 07:30;560.29
28/11/2025 07:45;560.29
28/11/2025 08:00;560.29
28/11/2025 08:15;560.29
28/11/2025 08:30;560.3
28/11/2025 08:45;560.3
28/11/2025 09:00;560.3
28/11/2025 09:15;560.3
28/11/2025 09:30;560.3
28/11/2025 09:45;560.3
28/11/2025 10:00;560.3
28/11/2025 10:15;560.3
28/11/2025 10:30;560.32
28/11/2025 10:45;560.3
28/11/2025 11:00;560.32
28/11/2025 11:15;560.32
28/11/2025 11:30;560.32
28/11/2025 11:45;560.32
28/11/2025 12:00;560.32
28/11/2025 12:15;560.32
28/11/2025 12:30;560.32
28/11/2025 12:45;560.32
28/11/2025 13:00;560.32
28/11/2025 13:15;560.32
28/11/2025 13:30;560.32
28/11/2025 13:45;560.32
28/11/2025 14:00;560.33
28/11/2025 14:15;560.32
28/11/2025 14:30;560.32
28/11/2025 14:45;560.32
28/11/2025 15:00;560.32
28/11/2025 15:15;560.32
28/11/2025 15:30;560.32
28/11/2025 15:45;560.33
28/11/2025 16:00;560.32
28/11/2025 16:15;560.32
28/11/2025 16:30;560.33
28/11/2025 16:45;560.33
28/11/2025 17:00;560.33
28/11/2025 17:15;560.33
28/11/2025 17:30;560.33
28/11/2025 17:45;560.34
28/11/2025 18:00;560.33
28/11/2025 18:15;560.33
28/11/2025 18:30;560.33
28/11/2025 18:45;560.34
28/11/2025 19:00;560.34
28/11/2025 19:15;560.34
28/11/2025 19:30;560.34
28/11/2025 19:45;560.34
28/11/2025 20:00;560.34
28/11/2025 20:15;560.35
28/11/2025 20:30;560.34
28/11/2025 20:45;560.35
28/11/2025 21:00;560.35
28/11/2025 21:15;560.35
28/11/2025 21:30;560.35
28/11/2025 21:45;560.35
28/11/2025 22:00;560.36
28/11/2025 22:15;560.36
28/11/2025 22:30;560.36
28/11/2025 22:45;560.36
28/11/2025 23:00;560.36
28/11/2025 23:15;560.37
28/11/2025 23:30;560.37
28/11/2025 23:45;560.37
29/11/2025 00:00;560.37
29/11/2025 00:15;560.37
29/11/2025 00:30;560.37
29/11/2025 00:45;560.37
29/11/2025 01:00;560.37
29/11/2025 01:15;560.37
29/11/2025 01:30;560.37
29/11/2025 01:45;560.37
29/11/2025 02:00;560.39
29/11/2025 02:15;560.39
29/11/2025 02:30;560.39
29/11/2025 02:45;560.39
29/11/2025 03:00;560.37
29/11/2025 03:15;560.39
29/11/2025 03:30;560.39
29/11/2025 03:45;560.39
29/11/2025 04:00;560.39
29/11/2025 04:15;560.39
29/11/2025 04:30;560.39
29/11/2025 04:45;560.39
29/11/2025 05:00;560.39
29/11/2025 05:15;560.39
29/11/2025 05:30;560.39
29/11/2025 05:45;560.39
29/11/2025 06:00;560.39
29/11/2025 06:15;560.39
29/11/2025 06:30;560.39
29/11/2025 06:45;560.4
29/11/2025 07:00;560.4
29/11/2025 07:15;560.4
29/11/2025 07:30;560.4
29/11/2025 07:45;560.4
29/11/2025 08:00;560.4
29/11/2025 08:15;560.41
29/11/2025 08:30;560.41
29/11/2025 08:45;560.41
29/11/2025 09:00;560.41
29/11/2025 09:15;560.41
29/11/2025 09:30;560.41
29/11/2025 09:45;560.42
29/11/2025 10:00;560.42
29/11/2025 10:15;560.42
29/11/2025 10:30;560.42
29/11/2025 10:45;560.42
29/11/2025 11:00;560.42
29/11/2025 11:15;560.41
29/11/2025 11:30;560.43
29/11/2025 11:45;560.43
29/11/2025 12:00;560.43
29/11/2025 12:15;560.43
29/11/2025 12:30;560.43
29/11/2025 12:45;560.42
29/11/2025 13:00;560.43
29/11/2025 13:15;560.42
29/11/2025 13:30;560.42
29/11/2025 13:45;560.42
29/11/2025 14:00;560.42
29/11/2025 14:15;560.42
29/11/2025 14:30;560.42
29/11/2025 14:45;560.42
29/11/2025 15:00;560.42
29/11/2025 15:15;560.43
29/11/2025 15:30;560.43
29/11/2025 15:45;560.43
29/11/2025 16:00;560.43
29/11/2025 16:15;560.43
29/11/2025 16:30;560.44
29/11/2025 16:45;560.44
29/11/2025 17:00;560.44
29/11/2025 17:15;560.44
29/11/2025 17:30;560.44
29/11/2025 17:45;560.44
29/11/2025 18:00;560.45
29/11/2025 18:15;560.44
29/11/2025 18:30;560.45
29/11/2025 18:45;560.44
29/11/2025 19:00;560.45
29/11/2025 19:15;560.45
29/11/2025 19:30;560.45
29/11/2025 19:45;560.45
29/11/2025 20:00;560.45
29/11/2025 20:15;560.45
29/11/2025 20:30;560.45
29/11/2025 20:45;560.45
29/11/2025 21:00;560.46
29/11/2025 21:15;560.46
29/11/2025 21:30;560.46
29/11/2025 21:45;560.46
29/11/2025 22:00;560.46
29/11/2025 22:15;560.46
29/11/2025 22:30;560.46
29/11/2025 22:45;560.47
29/11/2025 23:00;560.47
29/11/2025 23:15;560.47
29/11/2025 23:30;560.47
29/11/2025 23:45;560.47
30/11/2025 00:00;560.47
30/11/2025 00:15;560.47
30/11/2025 00:30;560.47
30/11/2025 00:45;560.47
30/11/2025 01:00;560.47
30/11/2025 01:15;560.47
30/11/2025 01:30;560.47
30/11/2025 01:45;560.47
30/11/2025 02:00;560.48
30/11/2025 02:15;560.48
30/11/2025 02:30;560.47
30/11/2025 02:45;560.48
30/11/2025 03:00;560.48
30/11/2025 03:15;560.48
30/11/2025 03:30;560.48
30/11/2025 03:45;560.5
30/11/2025 04:00;560.48
30/11/2025 04:15;560.5
30/11/2025 04:30;560.5
30/11/2025 04:45;560.5
30/11/2025 05:00;560.5
30/11/2025 05:15;560.5
30/11/2025 05:30;560.51
30/11/2025 05:45;560.51
30/11/2025 06:00;560.51
30/11/2025 06:15;560.51
30/11/2025 06:30;560.51
30/11/2025 06:45;560.5
30/11/2025 07:00;560.51
30/11/2025 07:15;560.51
30/11/2025 07:30;560.51
30/11/2025 07:45;560.52
30/11/2025 08:00;560.51
30/11/2025 08:15;560.51
30/11/2025 08:30;560.51
30/11/2025 08:45;560.51
30/11/2025 09:00;560.51
30/11/2025 09:15;560.52
30/11/2025 09:30;560.52
30/11/2025 09:45;560.52
30/11/2025 10:00;560.52
30/11/2025 10:15;560.52
30/11/2025 10:30;560.53
30/11/2025 10:45;560.53
30/11/2025 11:00;560.53
30/11/2025 11:15;560.54
30/11/2025 11:30;560.54
30/11/2025 11:45;560.54
30/11/2025 12:00;560.54
30/11/2025 12:15;560.54
30/11/2025 12:30;560.54
30/11/2025 12:45;560.53
30/11/2025 13:00;560.54
30/11/2025 13:15;560.54
30/11/2025 13:30;560.54
30/11/2025 13:45;560.53
30/11/2025 14:00;560.53
30/11/2025 14:15;560.53
30/11/2025 14:30;560.54
30/11/2025 14:45;560.54
30/11/2025 15:00;560.54
30/11/2025 15:15;560.55
30/11/2025 15:30;560.55
30/11/2025 15:45;560.55
30/11/2025 16:00;560.55
30/11/2025 16:15;560.55
30/11/2025 16:30;560.55
30/11/2025 16:45;560.55
30/11/2025 17:00;560.55
30/11/2025 17:15;560.55
30/11/2025 17:30;560.55
30/11/2025 17:45;560.55
30/11/2025 18:00;560.57
30/11/2025 18:15;560.57
30/11/2025 18:30;560.58
30/11/2025 18:45;560.58
30/11/2025 19:00;560.58
30/11/2025 19:15;560.58
30/11/2025 19:30;560.58
30/11/2025 19:45;560.58
30/11/2025 20:00;560.58
30/11/2025 20:15;560.58
30/11/2025 20:30;560.59
30/11/2025 20:45;560.59
30/11/2025 21:00;560.59
30/11/2025 21:15;560.59
30/11/2025 21:30;560.59
30/11/2025 21:45;560.6
30/11/2025 22:00;560.6
30/11/2025 22:15;560.61
30/11/2025 22:30;560.6
30/11/2025 22:45;560.6
30/11/2025 23:00;560.62
30/11/2025 23:15;560.62
30/11/2025 23:30;560.61
30/11/2025 23:45;560.61
01/12/2025 00:00;560.62
01/12/2025 00:15;560.62
01/12/2025 00:30;560.61
01/12/2025 00:45;560.62
01/12/2025 01:00;560.63
01/12/2025 01:15;560.62
01/12/2025 01:30;560.63
01/12/2025 01:45;560.63
01/12/2025 02:00;560.63
01/12/2025 02:15;560.63
01/12/2025 02:30;560.63
01/12/2025 02:45;560.64
01/12/2025 03:00;560.64
01/12/2025 03:15;560.64
01/12/2025 03:30;560.64
01/12/2025 03:45;560.65
01/12/2025 04:00;560.65
01/12/2025 04:15;560.65
01/12/2025 04:30;560.65
01/12/2025 04:45;560.65
01/12/2025 05:00;560.65
01/12/2025 05:15;560.65
01/12/2025 05:30;560.65
01/12/2025 05:45;560.65
01/12/2025 06:00;560.65
01/12/2025 06:15;560.66
01/12/2025 06:30;560.66
01/12/2025 06:45;560.66
01/12/2025 07:00;560.66
01/12/2025 07:15;560.66
01/12/2025 07:30;560.66
01/12/2025 07:45;560.68
01/12/2025 08:00;560.68
01/12/2025 08:15;560.68
01/12/2025 08:30;560.68
01/12/2025 08:45;560.68
01/12/2025 09:00;560.68
01/12/2025 09:15;560.68
01/12/2025 09:30;560.68
01/12/2025 09:45;560.68
01/12/2025 10:00;560.68
01/12/2025 10:15;560.68
01/12/2025 10:30;560.69
01/12/2025 10:45;560.69
01/12/2025 11:00;560.69
01/12/2025 11:15;560.7
01/12/2025 11:30;560.7
01/12/2025 11:45;560.7
01/12/2025 12:00;560.7
01/12/2025 12:15;560.7
01/12/2025 12:30;560.7
01/12/2025 12:45;560.7
01/12/2025 13:00;560.7
01/12/2025 13:15;560.69
01/12/2025 13:30;560.69
01/12/2025 13:45;560.69
01/12/2025 14:00;560.69
01/12/2025 14:15;560.69
01/12/2025 14:30;560.69
01/12/2025 14:45;560.7
01/12/2025 15:00;560.7
01/12/2025 15:15;560.7
01/12/2025 15:30;560.7
01/12/2025 15:45;560.7
01/12/2025 16:00;560.7
01/12/2025 16:15;560.7
01/12/2025 16:30;560.7
01/12/2025 16:45;560.71
01/12/2025 17:00;560.72
01/12/2025 17:15;560.71
01/12/2025 17:30;560.72
01/12/2025 17:45;560.72
01/12/2025 18:00;560.72
01/12/2025 18:15;560.72
01/12/2025 18:30;560.72
01/12/2025 18:45;560.72
01/12/2025 19:00;560.73
01/12/2025 19:15;560.72
01/12/2025 19:30;560.73
01/12/2025 19:45;560.73
01/12/2025 20:00;560.73
01/12/2025 20:15;560.73
01/12/2025 20:30;560.73
01/12/2025 20:45;560.73
01/12/2025 21:00;560.73
01/12/2025 21:15;560.73
01/12/2025 21:30;560.73
01/12/2025 21:45;560.73
01/12/2025 22:00;560.75
01/12/2025 22:15;560.75
01/12/2025 22:30;560.75
01/12/2025 22:45;560.75
01/12/2025 23:00;560.75
01/12/2025 23:15;560.75
01/12/2025 23:30;560.76
01/12/2025 23:45;560.76
02/12/2025 00:00;560.76
02/12/2025 00:15;560.76
02/12/2025 00:30;560.76
02/12/2025 00:45;560.76
02/12/2025 01:00;560.76
02/12/2025 01:15;560.76
02/12/2025 01:30;560.76
02/12/2025 01:45;560.76
02/12/2025 02:00;560.76
02/12/2025 02:15;560.76
02/12/2025 02:30;560.77
02/12/2025 02:45;560.77
02/12/2025 03:00;560.76
02/12/2025 03:15;560.76
02/12/2025 03:30;560.77
02/12/2025 03:45;560.77
02/12/2025 04:00;560.77
02/12/2025 04:15;560.77
02/12/2025 04:30;560.77
02/12/2025 04:45;560.78
02/12/2025 05:00;560.77
02/12/2025 05:15;560.78
02/12/2025 05:30;560.77
02/12/2025 05:45;560.78
02/12/2025 06:00;560.78
02/12/2025 06:15;560.78
02/12/2025 06:30;560.78
02/12/2025 06:45;560.79
02/12/2025 07:00;560.79
02/12/2025 07:15;560.79
02/12/2025 07:30;560.79
02/12/2025 07:45;560.79
02/12/2025 08:00;560.79
02/12/2025 08:15;560.8
02/12/2025 08:30;560.8
02/12/2025 08:45;560.8
02/12/2025 09:00;560.8
02/12/2025 09:15;560.8
02/12/2025 09:30;560.81
02/12/2025 09:45;560.8
02/12/2025 10:00;560.81
02/12/2025 10:15;560.81
02/12/2025 10:30;560.81
02/12/2025 10:45;560.81
02/12/2025 11:00;560.82
02/12/2025 11:15;560.81
02/12/2025 11:30;560.81
02/12/2025 11:45;560.82
02/12/2025 12:00;560.82
02/12/2025 12:15;560.81
02/12/2025 12:30;560.82
02/12/2025 12:45;560.81
02/12/2025 13:00;560.81
02/12/2025 13:15;560.81
02/12/2025 13:30;560.81
02/12/2025 13:45;560.8
02/12/2025 14:00;560.8
02/12/2025 14:15;560.8
02/12/2025 14:30;560.8
02/12/2025 14:45;560.8
02/12/2025 15:00;560.8
02/12/2025 15:15;560.8
02/12/2025 15:30;560.8
02/12/2025 15:45;560.8
02/12/2025 16:00;560.81
02/12/2025 16:15;560.81
02/12/2025 16:30;560.81
02/12/2025 16:45;560.81
02/12/2025 17:00;560.81
02/12/2025 17:15;560.81
02/12/2025 17:30;560.82
02/12/2025 17:45;560.82
02/12/2025 18:00;560.82
02/12/2025 18:15;560.82
02/12/2025 18:30;560.81
02/12/2025 18:45;560.82
02/12/2025 19:00;560.82
02/12/2025 19:15;560.82
02/12/2025 19:30;560.82
02/12/2025 19:45;560.83
02/12/2025 20:00;560.82
02/12/2025 20:15;560.82
02/12/2025 20:30;560.82
02/12/2025 20:45;560.83
02/12/2025 21:00;560.83
02/12/2025 21:15;560.83
02/12/2025 21:30;560.83
02/12/2025 21:45;560.83
02/12/2025 22:00;560.83
02/12/2025 22:15;560.83
02/12/2025 22:30;560.83
02/12/2025 22:45;560.83
02/12/2025 23:00;560.84
02/12/2025 23:15;560.83
02/12/2025 23:30;560.83
02/12/2025 23:45;560.83
03/12/2025 00:00;560.83
03/12/2025 00:15;560.83
03/12/2025 00:30;560.83
03/12/2025 00:45;560.83
03/12/2025 01:00;560.84
03/12/2025 01:15;560.84
03/12/2025 01:30;560.84
03/12/2025 01:45;560.84
03/12/2025 02:00;560.84
03/12/2025 02:15;560.84
03/12/2025 02:30;560.86
03/12/2025 02:45;560.86
03/12/2025 03:00;560.86
03/12/2025 03:15;560.86
03/12/2025 03:30;560.86
03/12/2025 03:45;560.86
03/12/2025 04:00;560.86
03/12/2025 04:15;560.86
03/12/2025 04:30;560.86
03/12/2025 04:45;560.86
03/12/2025 05:00;560.86
03/12/2025 05:15;560.86
03/12/2025 05:30;560.86
03/12/2025 05:45;560.87
03/12/2025 06:00;560.87
03/12/2025 06:15;560.87
03/12/2025 06:30;560.87
03/12/2025 06:45;560.87
03/12/2025 07:00;560.86
03/12/2025 07:15;560.87
03/12/2025 07:30;560.88
03/12/2025 07:45;560.87
03/12/2025 08:00;560.87
03/12/2025 08:15;560.88
03/12/2025 08:30;560.88
03/12/2025 08:45;560.88
03/12/2025 09:00;560.89
03/12/2025 09:15;560.87
03/12/2025 09:30;560.89
03/12/2025 09:45;560.89
03/12/2025 10:00;560.88
03/12/2025 10:15;560.89
03/12/2025 10:30;560.89
03/12/2025 10:45;560.89
03/12/2025 11:00;560.89
03/12/2025 11:15;560.89
03/12/2025 11:30;560.89
03/12/2025 11:45;560.89
03/12/2025 12:00;560.89
03/12/2025 12:15;560.89
03/12/2025 12:30;560.89
03/12/2025 12:45;560.89
03/12/2025 13:00;560.88
03/12/2025 13:15;560.88
03/12/2025 13:30;560.89
03/12/2025 13:45;560.88
03/12/2025 14:00;560.89
03/12/2025 14:15;560.87
03/12/2025 14:30;560.87
03/12/2025 14:45;560.88
03/12/2025 15:00;560.88
03/12/2025 15:15;560.87
03/12/2025 15:30;560.88
03/12/2025 15:45;560.88
03/12/2025 16:00;560.88
03/12/2025 16:15;560.88
03/12/2025 16:30;560.88
03/12/2025 16:45;560.88
03/12/2025 17:00;560.89
03/12/2025 17:15;560.88
03/12/2025 17:30;560.88
03/12/2025 17:45;560.88
03/12/2025 18:00;560.89
03/12/2025 18:15;560.89
03/12/2025 18:30;560.89
03/12/2025 18:45;560.9
03/12/2025 19:00;560.89
03/12/2025 19:15;560.89
03/12/2025 19:30;560.9
03/12/2025 19:45;560.9
03/12/2025 20:00;560.9
03/12/2025 20:15;560.9
03/12/2025 20:30;560.9
03/12/2025 20:45;560.9
03/12/2025 21:00;560.9
03/12/2025 21:15;560.91
03/12/2025 21:30;560.91
03/12/2025 21:45;560.91
03/12/2025 22:00;560.91
03/12/2025 22:15;560.91
03/12/2025 22:30;560.91
03/12/2025 22:45;560.91
03/12/2025 23:00;560.91
03/12/2025 23:15;560.91
03/12/2025 23:30;560.91
03/12/2025 23:45;560.91
04/12/2025 00:00;560.91
04/12/2025 00:15;560.91
04/12/2025 00:30;560.91
04/12/2025 00:45;560.91
04/12/2025 01:00;560.91
04/12/2025 01:15;560.91
04/12/2025 01:30;560.91
04/12/2025 01:45;560.91
04/12/2025 02:00;560.93
04/12/2025 02:15;560.93
04/12/2025 02:30;560.93
04/12/2025 02:45;560.93
04/12/2025 03:00;560.93
04/12/2025 03:15;560.93
04/12/2025 03:30;560.93
04/12/2025 03:45;560.93
04/12/2025 04:00;560.94
04/12/2025 04:15;560.94
04/12/2025 04:30;560.93
04/12/2025 04:45;560.94
04/12/2025 05:00;560.93
04/12/2025 05:15;560.94
04/12/2025 05:30;560.94
04/12/2025 05:45;560.94
04/12/2025 06:00;560.94
04/12/2025 06:15;560.94
04/12/2025 06:30;560.94
04/12/2025 06:45;560.94
04/12/2025 07:00;560.94
04/12/2025 07:15;560.94
04/12/2025 07:30;560.94
04/12/2025 07:45;560.94
04/12/2025 08:00;560.94
04/12/2025 08:15;560.95
04/12/2025 08:30;560.95
04/12/2025 08:45;560.95
04/12/2025 09:00;560.95
04/12/2025 09:15;560.96
04/12/2025 09:30;560.96
04/12/2025 09:45;560.96
04/12/2025 10:00;560.96
04/12/2025 10:15;560.96
04/12/2025 10:30;560.96
04/12/2025 10:45;560.97
04/12/2025 11:00;560.96
04/12/2025 11:15;560.97
04/12/2025 11:30;560.97
04/12/2025 11:45;560.97
04/12/2025 12:00;560.97
04/12/2025 12:15;560.96
04/12/2025 12:30;560.97
04/12/2025 12:45;560.98
04/12/2025 13:00;560.98
04/12/2025 13:15;560.98
04/12/2025 13:30;560.98
04/12/2025 13:45;560.98
04/12/2025 14:00;560.97
04/12/2025 14:15;560.98
04/12/2025 14:30;560.99
04/12/2025 14:45;560.98
04/12/2025 15:00;560.99
04/12/2025 15:15;560.99
04/12/2025 15:30;560.98
04/12/2025 15:45;561
04/12/2025 16:00;560.99
04/12/2025 16:15;560.99
04/12/2025 16:30;561
04/12/2025 16:45;560.99
04/12/2025 17:00;561
04/12/2025 17:15;561
04/12/2025 17:30;561
04/12/2025 17:45;561
04/12/2025 18:00;561.01
04/12/2025 18:15;561.01
04/12/2025 18:30;561.01
04/12/2025 18:45;561.01
04/12/2025 19:00;561.02
04/12/2025 19:15;561.02
04/12/2025 19:30;561.02
04/12/2025 19:45;561.02
04/12/2025 20:00;561.02
04/12/2025 20:15;561.02
04/12/2025 20:30;561.02
04/12/2025 20:45;561.04
04/12/2025 21:00;561.04
04/12/2025 21:15;561.04
04/12/2025 21:30;561.04
04/12/2025 21:45;561.04
04/12/2025 22:00;561.04
04/12/2025 22:15;561.04
04/12/2025 22:30;561.04
04/12/2025 22:45;561.04
04/12/2025 23:00;561.05
04/12/2025 23:15;561.05
04/12/2025 23:30;561.05
04/12/2025 23:45;561.05
05/12/2025 00:00;561.06
05/12/2025 00:15;561.06
05/12/2025 00:30;561.06
05/12/2025 00:45;561.06
05/12/2025 01:00;561.07
05/12/2025 01:15;561.07
05/12/2025 01:30;561.07
05/12/2025 01:45;561.08
05/12/2025 02:00;561.08
05/12/2025 02:15;561.08
05/12/2025 02:30;561.08
05/12/2025 02:45;561.08
05/12/2025 03:00;561.09
05/12/2025 03:15;561.09
05/12/2025 03:30;561.09
05/12/2025 03:45;561.09
05/12/2025 04:00;561.09
05/12/2025 04:15;561.09
05/12/2025 04:30;561.09
05/12/2025 04:45;561.09
05/12/2025 05:00;561.11
05/12/2025 05:15;561.11
05/12/2025 05:30;561.11
05/12/2025 05:45;561.11
05/12/2025 06:00;561.12
05/12/2025 06:15;561.12
05/12/2025 06:30;561.12
05/12/2025 06:45;561.12
05/12/2025 07:00;561.12
05/12/2025 07:15;561.12
05/12/2025 07:30;561.12
05/12/2025 07:45;561.13
05/12/2025 08:00;561.13
05/12/2025 08:15;561.14
05/12/2025 08:30;561.14
05/12/2025 08:45;561.14
05/12/2025 09:00;561.15
05/12/2025 09:15;561.15
05/12/2025 09:30;561.15
05/12/2025 09:45;561.15
05/12/2025 10:00;561.15
05/12/2025 10:15;561.15
05/12/2025 10:30;561.16
05/12/2025 10:45;561.16
05/12/2025 11:00;561.16
05/12/2025 11:15;561.17
05/12/2025 11:30;561.17
05/12/2025 11:45;561.18
05/12/2025 12:00;561.18
05/12/2025 12:15;561.19
05/12/2025 12:30;561.19
05/12/2025 12:45;561.19
05/12/2025 13:00;561.2
05/12/2025 13:15;561.2
05/12/2025 13:30;561.2
05/12/2025 13:45;561.2
05/12/2025 14:00;561.2
05/12/2025 14:15;561.2
05/12/2025 14:30;561.2
05/12/2025 14:45;561.2
05/12/2025 15:00;561.22
05/12/2025 15:15;561.22
05/12/2025 15:30;561.22
05/12/2025 15:45;561.22
05/12/2025 16:00;561.22
05/12/2025 16:15;561.23
05/12/2025 16:30;561.23
05/12/2025 16:45;561.24
05/12/2025 17:00;561.24
05/12/2025 17:15;561.25
05/12/2025 17:30;561.25
05/12/2025 17:45;561.25
05/12/2025 18:00;561.26
05/12/2025 18:15;561.26
05/12/2025 18:30;561.26
05/12/2025 18:45;561.27
05/12/2025 19:00;561.27
05/12/2025 19:15;561.27
05/12/2025 19:30;561.27
05/12/2025 19:45;561.27
05/12/2025 20:00;561.27
05/12/2025 20:15;561.27
05/12/2025 20:30;561.29
05/12/2025 20:45;561.29
05/12/2025 21:00;561.3
05/12/2025 21:15;561.3
05/12/2025 21:30;561.3
05/12/2025 21:45;561.3
05/12/2025 22:00;561.3
05/12/2025 22:15;561.3
05/12/2025 22:30;561.31
05/12/2025 22:45;561.31
05/12/2025 23:00;561.31
05/12/2025 23:15;561.31
05/12/2025 23:30;561.33
05/12/2025 23:45;561.33
06/12/2025 00:00;561.31
06/12/2025 00:15;561.33
06/12/2025 00:30;561.33
06/12/2025 00:45;561.33
06/12/2025 01:00;561.33
06/12/2025 01:15;561.33
06/12/2025 01:30;561.34
06/12/2025 01:45;561.34
06/12/2025 02:00;561.34
06/12/2025 02:15;561.34
06/12/2025 02:30;561.35
06/12/2025 02:45;561.35
06/12/2025 03:00;561.36
06/12/2025 03:15;561.36
06/12/2025 03:30;561.36
06/12/2025 03:45;561.36
06/12/2025 04:00;561.37
06/12/2025 04:15;561.37
06/12/2025 04:30;561.37
06/12/2025 04:45;561.36
06/12/2025 05:00;561.37
06/12/2025 05:15;561.38
06/12/2025 05:30;561.38
06/12/2025 05:45;561.38
06/12/2025 06:00;561.38
06/12/2025 06:15;561.38
06/12/2025 06:30;561.38
06/12/2025 06:45;561.38
06/12/2025 07:00;561.4
06/12/2025 07:15;561.38
06/12/2025 07:30;561.4
06/12/2025 07:45;561.4
06/12/2025 08:00;561.4
06/12/2025 08:15;561.4
06/12/2025 08:30;561.4
06/12/2025 08:45;561.4
06/12/2025 09:00;561.4
06/12/2025 09:15;561.41
06/12/2025 09:30;561.41
06/12/2025 09:45;561.41
06/12/2025 10:00;561.41
06/12/2025 10:15;561.42
06/12/2025 10:30;561.42
06/12/2025 10:45;561.42
06/12/2025 11:00;561.42
06/12/2025 11:15;561.43
06/12/2025 11:30;561.43
06/12/2025 11:45;561.43
06/12/2025 12:00;561.43
06/12/2025 12:15;561.43
06/12/2025 12:30;561.43
06/12/2025 12:45;561.44
06/12/2025 13:00;561.44
06/12/2025 13:15;561.44
06/12/2025 13:30;561.44
06/12/2025 13:45;561.45
06/12/2025 14:00;561.45
06/12/2025 14:15;561.45
06/12/2025 14:30;561.45
06/12/2025 14:45;561.45
06/12/2025 15:00;561.45
06/12/2025 15:15;561.45
06/12/2025 15:30;561.47
06/12/2025 15:45;561.47
06/12/2025 16:00;561.47
06/12/2025 16:15;561.48
06/12/2025 16:30;561.48
06/12/2025 16:45;561.48
06/12/2025 17:00;561.48
06/12/2025 17:15;561.48
06/12/2025 17:30;561.48
06/12/2025 17:45;561.48
06/12/2025 18:00;561.48
06/12/2025 18:15;561.48
06/12/2025 18:30;561.49
06/12/2025 18:45;561.48
06/12/2025 19:00;561.48
06/12/2025 19:15;561.49
06/12/2025 19:30;561.49
06/12/2025 19:45;561.49
06/12/2025 20:00;561.49
06/12/2025 20:15;561.51
06/12/2025 20:30;561.51
06/12/2025 20:45;561.51
06/12/2025 21:00;561.51
06/12/2025 21:15;561.51
06/12/2025 21:30;561.51
06/12/2025 21:45;561.51
06/12/2025 22:00;561.51
06/12/2025 22:15;561.51
06/12/2025 22:30;561.51
06/12/2025 22:45;561.52
06/12/2025 23:00;561.51
06/12/2025 23:15;561.53
06/12/2025 23:30;561.53
06/12/2025 23:45;561.53
07/12/2025 00:00;561.53
07/12/2025 00:15;561.53
07/12/2025 00:30;561.53
07/12/2025 00:45;561.53
07/12/2025 01:00;561.53
07/12/2025 01:15;561.53
07/12/2025 01:30;561.55
07/12/2025 01:45;561.55
07/12/2025 02:00;561.54
07/12/2025 02:15;561.56
07/12/2025 02:30;561.55
07/12/2025 02:45;561.55
07/12/2025 03:00;561.55
07/12/2025 03:15;561.56
07/12/2025 03:30;561.56
07/12/2025 03:45;561.56
07/12/2025 04:00;561.56
07/12/2025 04:15;561.56
07/12/2025 04:30;561.56
07/12/2025 04:45;561.56
07/12/2025 05:00;561.58
07/12/2025 05:15;561.58
07/12/2025 05:30;561.56
07/12/2025 05:45;561.58
07/12/2025 06:00;561.58
07/12/2025 06:15;561.58
07/12/2025 06:30;561.58
07/12/2025 06:45;561.58
07/12/2025 07:00;561.58
07/12/2025 07:15;561.59
07/12/2025 07:30;561.59
07/12/2025 07:45;561.58
07/12/2025 08:00;561.58
07/12/2025 08:15;561.59
07/12/2025 08:30;561.59
07/12/2025 08:45;561.6
07/12/2025 09:00;561.59
07/12/2025 09:15;561.59
07/12/2025 09:30;561.6
07/12/2025 09:45;561.61
07/12/2025 10:00;561.61
07/12/2025 10:15;561.6
07/12/2025 10:30;561.61
07/12/2025 10:45;561.62
07/12/2025 11:00;561.61
07/12/2025 11:15;561.62
07/12/2025 11:30;561.62
07/12/2025 11:45;561.63
07/12/2025 12:00;561.62
07/12/2025 12:15;561.61
07/12/2025 12:30;561.61
07/12/2025 12:45;561.63
07/12/2025 13:00;561.63
07/12/2025 13:15;561.63
07/12/2025 13:30;561.64
07/12/2025 13:45;561.64
07/12/2025 14:00;561.64
07/12/2025 14:15;561.63
07/12/2025 14:30;561.65
07/12/2025 14:45;561.65
07/12/2025 15:00;561.65
07/12/2025 15:15;561.64
07/12/2025 15:30;561.64
07/12/2025 15:45;561.65
07/12/2025 16:00;561.65
07/12/2025 16:15;561.66
07/12/2025 16:30;561.66
07/12/2025 16:45;561.65
07/12/2025 17:00;561.65
07/12/2025 17:15;561.66
07/12/2025 17:30;561.66
07/12/2025 17:45;561.66
07/12/2025 18:00;561.66
07/12/2025 18:15;561.66
07/12/2025 18:30;561.66
07/12/2025 18:45;561.66
07/12/2025 19:00;561.66
07/12/2025 19:15;561.67
07/12/2025 19:30;561.67
07/12/2025 19:45;561.67
07/12/2025 20:00;561.67
07/12/2025 20:15;561.67
07/12/2025 20:30;561.69
07/12/2025 20:45;561.69
07/12/2025 21:00;561.69
07/12/2025 21:15;561.69
07/12/2025 21:30;561.69
07/12/2025 21:45;561.69
07/12/2025 22:00;561.69
07/12/2025 22:15;561.69
07/12/2025 22:30;561.69
07/12/2025 22:45;561.69
07/12/2025 23:00;561.69
07/12/2025 23:15;561.7
07/12/2025 23:30;561.7
07/12/2025 23:45;561.7
08/12/2025 00:00;561.7
08/12/2025 00:15;561.71
08/12/2025 00:30;561.7
08/12/2025 00:45;561.7
08/12/2025 01:00;561.71
08/12/2025 01:15;561.7
08/12/2025 01:30;561.71
08/12/2025 01:45;561.71
08/12/2025 02:00;561.71
08/12/2025 02:15;561.71
08/12/2025 02:30;561.72
08/12/2025 02:45;561.72
08/12/2025 03:00;561.72
08/12/2025 03:15;561.72
08/12/2025 03:30;561.72
08/12/2025 03:45;561.72
08/12/2025 04:00;561.73
08/12/2025 04:15;561.73
08/12/2025 04:30;561.73
08/12/2025 04:45;561.74
08/12/2025 05:00;561.74
08/12/2025 05:15;561.74
08/12/2025 05:30;561.74
08/12/2025 05:45;561.74
08/12/2025 06:00;561.74
08/12/2025 06:15;561.74
08/12/2025 06:30;561.74
08/12/2025 06:45;561.74
08/12/2025 07:00;561.74
08/12/2025 07:15;561.74
08/12/2025 07:30;561.76
08/12/2025 07:45;561.76
08/12/2025 08:00;561.74
08/12/2025 08:15;561.74
08/12/2025 08:30;561.76
08/12/2025 08:45;561.76
08/12/2025 09:00;561.76
08/12/2025 09:15;561.76
08/12/2025 09:30;561.76
08/12/2025 09:45;561.76
08/12/2025 10:00;561.76
08/12/2025 10:15;561.76
08/12/2025 10:30;561.76
08/12/2025 10:45;561.76
08/12/2025 11:00;561.77
08/12/2025 11:15;561.77
08/12/2025 11:30;561.77
08/12/2025 11:45;561.77
08/12/2025 12:00;561.77
08/12/2025 12:15;561.77
08/12/2025 12:30;561.77
08/12/2025 12:45;561.78
08/12/2025 13:00;561.78
08/12/2025 13:15;561.78
08/12/2025 13:30;561.78
08/12/2025 13:45;561.79
08/12/2025 14:00;561.78
08/12/2025 14:15;561.79
08/12/2025 14:30;561.79
08/12/2025 14:45;561.79
08/12/2025 15:00;561.79
08/12/2025 15:15;561.79
08/12/2025 15:30;561.8
08/12/2025 15:45;561.79
08/12/2025 16:00;561.8
08/12/2025 16:15;561.8
08/12/2025 16:30;561.8
08/12/2025 16:45;561.81
08/12/2025 17:00;561.81
08/12/2025 17:15;561.8
08/12/2025 17:30;561.81
08/12/2025 17:45;561.81
08/12/2025 18:00;561.81
08/12/2025 18:15;561.81
08/12/2025 18:30;561.81
08/12/2025 18:45;561.81
08/12/2025 19:00;561.82
08/12/2025 19:15;561.81
08/12/2025 19:30;561.82
08/12/2025 19:45;561.82
08/12/2025 20:00;561.82
08/12/2025 20:15;561.82
08/12/2025 20:30;561.82
08/12/2025 20:45;561.82
08/12/2025 21:00;561.82
08/12/2025 21:15;561.82
08/12/2025 21:30;561.83
08/12/2025 21:45;561.83
08/12/2025 22:00;561.83
08/12/2025 22:15;561.83
08/12/2025 22:30;561.83
08/12/2025 22:45;561.84
08/12/2025 23:00;561.84
08/12/2025 23:15;561.84
08/12/2025 23:30;561.84
08/12/2025 23:45;561.84
09/12/2025 00:00;561.84
09/12/2025 00:15;561.84
09/12/2025 00:30;561.84
09/12/2025 00:45;561.84
09/12/2025 01:00;561.84
09/12/2025 01:15;561.84
09/12/2025 01:30;561.84
09/12/2025 01:45;561.84
09/12/2025 02:00;561.85
09/12/2025 02:15;561.85
09/12/2025 02:30;561.85
09/12/2025 02:45;561.85
09/12/2025 03:00;561.85
09/12/2025 03:15;561.84
09/12/2025 03:30;561.85
09/12/2025 03:45;561.87
09/12/2025 04:00;561.85
09/12/2025 04:15;561.87
09/12/2025 04:30;561.87
09/12/2025 04:45;561.85
09/12/2025 05:00;561.87
09/12/2025 05:15;561.85
09/12/2025 05:30;561.87
09/12/2025 05:45;561.87
09/12/2025 06:00;561.87
09/12/2025 06:15;561.87
09/12/2025 06:30;561.87
09/12/2025 06:45;561.87
09/12/2025 07:00;561.87
09/12/2025 07:15;561.87
09/12/2025 07:30;561.87
09/12/2025 07:45;561.87
09/12/2025 08:00;561.87
09/12/2025 08:15;561.87
09/12/2025 08:30;561.88
09/12/2025 08:45;561.88
09/12/2025 09:00;561.88
09/12/2025 09:15;561.88
09/12/2025 09:30;561.88
09/12/2025 09:45;561.88
09/12/2025 10:00;561.88
09/12/2025 10:15;561.88
09/12/2025 10:30;561.88
09/12/2025 10:45;561.89
09/12/2025 11:00;561.88
09/12/2025 11:15;561.88
09/12/2025 11:30;561.89
09/12/2025 11:45;561.89
09/12/2025 12:00;561.89
09/12/2025 12:15;561.89
09/12/2025 12:30;561.9
09/12/2025 12:45;561.89
09/12/2025 13:00;561.9
09/12/2025 13:15;561.9
09/12/2025 13:30;561.9
09/12/2025 13:45;561.91
09/12/2025 14:00;561.91
09/12/2025 14:15;561.91
09/12/2025 14:30;561.91
09/12/2025 14:45;561.91
09/12/2025 15:00;561.91
09/12/2025 15:15;561.91
09/12/2025 15:30;561.91
09/12/2025 15:45;561.91
09/12/2025 16:00;561.92
09/12/2025 16:15;561.92
09/12/2025 16:30;561.91
09/12/2025 16:45;561.91
09/12/2025 17:00;561.92
09/12/2025 17:15;561.92
09/12/2025 17:30;561.91
09/12/2025 17:45;561.92
09/12/2025 18:00;561.92
09/12/2025 18:15;561.92
09/12/2025 18:30;561.92
09/12/2025 18:45;561.92
09/12/2025 19:00;561.92
09/12/2025 19:15;561.92
09/12/2025 19:30;561.92
09/12/2025 19:45;561.92
09/12/2025 20:00;561.92
09/12/2025 20:15;561.92
09/12/2025 20:30;561.92
09/12/2025 20:45;561.94
09/12/2025 21:00;561.94
09/12/2025 21:15;561.94
09/12/2025 21:30;561.94
09/12/2025 21:45;561.94
09/12/2025 22:00;561.94
09/12/2025 22:15;561.95
09/12/2025 22:30;561.95
09/12/2025 22:45;561.95
09/12/2025 23:00;561.95
09/12/2025 23:15;561.95
09/12/2025 23:30;561.95
09/12/2025 23:45;561.95
10/12/2025 00:00;561.95
10/12/2025 00:15;561.95
10/12/2025 00:30;561.95
10/12/2025 00:45;561.95
10/12/2025 01:00;561.95
10/12/2025 01:15;561.95
10/12/2025 01:30;561.96
10/12/2025 01:45;561.95
10/12/2025 02:00;561.96
10/12/2025 02:15;561.96
10/12/2025 02:30;561.97
10/12/2025 02:45;561.96
10/12/2025 03:00;561.97
10/12/2025 03:15;561.97
10/12/2025 03:30;561.97
10/12/2025 03:45;561.96
10/12/2025 04:00;561.97
10/12/2025 04:15;561.96
10/12/2025 04:30;561.98
10/12/2025 04:45;561.97
10/12/2025 05:00;561.97
10/12/2025 05:15;561.98
10/12/2025 05:30;561.97
10/12/2025 05:45;561.98
10/12/2025 06:00;561.97
10/12/2025 06:15;561.98
10/12/2025 06:30;561.97
10/12/2025 06:45;561.98
10/12/2025 07:00;561.98
10/12/2025 07:15;561.98
10/12/2025 07:30;561.99
10/12/2025 07:45;561.98
10/12/2025 08:00;561.99
10/12/2025 08:15;561.99
10/12/2025 08:30;561.99
10/12/2025 08:45;562
10/12/2025 09:00;561.99
10/12/2025 09:15;562
10/12/2025 09:30;562
10/12/2025 09:45;562
10/12/2025 10:00;562
10/12/2025 10:15;562
10/12/2025 10:30;562.01
10/12/2025 10:45;562.01
10/12/2025 11:00;562.01
10/12/2025 11:15;562.01
10/12/2025 11:30;562.01
10/12/2025 11:45;562.01
10/12/2025 12:00;562.01
10/12/2025 12:15;562.02
10/12/2025 12:30;562.02
10/12/2025 12:45;562.02
10/12/2025 13:00;562.02
10/12/2025 13:15;562.02
10/12/2025 13:30;562.02
10/12/2025 13:45;562.02
10/12/2025 14:00;562.02
10/12/2025 14:15;562.02
10/12/2025 14:30;562.02
10/12/2025 14:45;562.02
10/12/2025 15:00;562.02
10/12/2025 15:15;562.02
10/12/2025 15:30;562.02
10/12/2025 15:45;562.03
10/12/2025 16:00;562.03
10/12/2025 16:15;562.03
10/12/2025 16:30;562.03
10/12/2025 16:45;562.03
10/12/2025 17:00;562.03
10/12/2025 17:15;562.03
10/12/2025 17:30;562.05
10/12/2025 17:45;562.05
10/12/2025 18:00;562.05
10/12/2025 18:15;562.05
10/12/2025 18:30;562.05
10/12/2025 18:45;562.05
10/12/2025 19:00;562.05
10/12/2025 19:15;562.05
10/12/2025 19:30;562.05
10/12/2025 19:45;562.05
10/12/2025 20:00;562.05
10/12/2025 20:15;562.06
10/12/2025 20:30;562.06
10/12/2025 20:45;562.05
10/12/2025 21:00;562.06
10/12/2025 21:15;562.07
10/12/2025 21:30;562.07
10/12/2025 21:45;562.07
10/12/2025 22:00;562.07
10/12/2025 22:15;562.07
10/12/2025 22:30;562.07
10/12/2025 22:45;562.07
10/12/2025 23:00;562.08
10/12/2025 23:15;562.08
10/12/2025 23:30;562.07
10/12/2025 23:45;562.08
11/12/2025 00:00;562.08
11/12/2025 00:15;562.08
11/12/2025 00:30;562.08
11/12/2025 00:45;562.09
11/12/2025 01:00;562.08
11/12/2025 01:15;562.09
11/12/2025 01:30;562.09
11/12/2025 01:45;562.09
11/12/2025 02:00;562.09
11/12/2025 02:15;562.09
11/12/2025 02:30;562.09
11/12/2025 02:45;562.09
11/12/2025 03:00;562.09
11/12/2025 03:15;562.1
11/12/2025 03:30;562.1
11/12/2025 03:45;562.1
11/12/2025 04:00;562.1
11/12/2025 04:15;562.1
11/12/2025 04:30;562.1
11/12/2025 04:45;562.1
11/12/2025 05:00;562.1
11/12/2025 05:15;562.1
11/12/2025 05:30;562.1
11/12/2025 05:45;562.1
11/12/2025 06:00;562.12
11/12/2025 06:15;562.12
11/12/2025 06:30;562.12
11/12/2025 06:45;562.12
11/12/2025 07:00;562.12
11/12/2025 07:15;562.13
11/12/2025 07:30;562.13
11/12/2025 07:45;562.13
11/12/2025 08:00;562.13
11/12/2025 08:15;562.13
11/12/2025 08:30;562.13
11/12/2025 08:45;562.13
11/12/2025 09:00;562.13
11/12/2025 09:15;562.13
11/12/2025 09:30;562.13
11/12/2025 09:45;562.13
11/12/2025 10:00;562.14
11/12/2025 10:15;562.14
11/12/2025 10:30;562.14
11/12/2025 10:45;562.14
11/12/2025 11:00;562.14
11/12/2025 11:15;562.13
11/12/2025 11:30;562.14
11/12/2025 11:45;562.14
11/12/2025 12:00;562.14
11/12/2025 12:15;562.14
11/12/2025 12:30;562.14
11/12/2025 12:45;562.15
11/12/2025 13:00;562.15
11/12/2025 13:15;562.15
11/12/2025 13:30;562.15
11/12/2025 13:45;562.15
11/12/2025 14:00;562.16
11/12/2025 14:15;562.16
11/12/2025 14:30;562.16
11/12/2025 14:45;562.16
11/12/2025 15:00;562.16
11/12/2025 15:15;562.16
11/12/2025 15:30;562.17
11/12/2025 15:45;562.17
11/12/2025 16:00;562.17
11/12/2025 16:15;562.17
11/12/2025 16:30;562.18
11/12/2025 16:45;562.18
11/12/2025 17:00;562.18
11/12/2025 17:15;562.18
11/12/2025 17:30;562.18
11/12/2025 17:45;562.19
11/12/2025 18:00;562.19
11/12/2025 18:15;562.19
11/12/2025 18:30;562.19
11/12/2025 18:45;562.19
11/12/2025 19:00;562.19
11/12/2025 19:15;562.19
11/12/2025 19:30;562.19
11/12/2025 19:45;562.19
11/12/2025 20:00;562.2
11/12/2025 20:15;562.2
11/12/2025 20:30;562.19
11/12/2025 20:45;562.2
11/12/2025 21:00;562.2
11/12/2025 21:15;562.2
11/12/2025 21:30;562.2
11/12/2025 21:45;562.2
11/12/2025 22:00;562.2
11/12/2025 22:15;562.2
11/12/2025 22:30;562.21
11/12/2025 22:45;562.2
11/12/2025 23:00;562.2
11/12/2025 23:15;562.2
11/12/2025 23:30;562.2
11/12/2025 23:45;562.21
12/12/2025 00:00;562.21
12/12/2025 00:15;562.21
12/12/2025 00:30;562.21
12/12/2025 00:45;562.21
12/12/2025 01:00;562.23
12/12/2025 01:15;562.23
12/12/2025 01:30;562.23
12/12/2025 01:45;562.23
12/12/2025 02:00;562.23
12/12/2025 02:15;562.23
12/12/2025 02:30;562.23
12/12/2025 02:45;562.23
12/12/2025 03:00;562.23
12/12/2025 03:15;562.23
12/12/2025 03:30;562.23
12/12/2025 03:45;562.23
12/12/2025 04:00;562.24
12/12/2025 04:15;562.24
12/12/2025 04:30;562.24
12/12/2025 04:45;562.24
12/12/2025 05:00;562.24
12/12/2025 05:15;562.25
12/12/2025 05:30;562.24
12/12/2025 05:45;562.25
12/12/2025 06:00;562.24
12/12/2025 06:15;562.25
12/12/2025 06:30;562.25
12/12/2025 06:45;562.25
12/12/2025 07:00;562.25
12/12/2025 07:15;562.25
12/12/2025 07:30;562.25
12/12/2025 07:45;562.25
12/12/2025 08:00;562.26
12/12/2025 08:15;562.26
12/12/2025 08:30;562.26
12/12/2025 08:45;562.26
12/12/2025 09:00;562.26
12/12/2025 09:15;562.26
12/12/2025 09:30;562.26
12/12/2025 09:45;562.27
12/12/2025 10:00;562.27
12/12/2025 10:15;562.27
12/12/2025 10:30;562.27
12/12/2025 10:45;562.27
12/12/2025 11:00;562.27
12/12/2025 11:15;562.28
12/12/2025 11:30;562.28
12/12/2025 11:45;562.28
12/12/2025 12:00;562.28
12/12/2025 12:15;562.28
12/12/2025 12:30;562.28
12/12/2025 12:45;562.28
12/12/2025 13:00;562.28
12/12/2025 13:15;562.28
12/12/2025 13:30;562.28
12/12/2025 13:45;562.28
12/12/2025 14:00;562.28
12/12/2025 14:15;562.28
12/12/2025 14:30;562.3
12/12/2025 14:45;562.3
12/12/2025 15:00;562.3
12/12/2025 15:15;562.3
12/12/2025 15:30;562.28
12/12/2025 15:45;562.31
12/12/2025 16:00;562.3
12/12/2025 16:15;562.3
12/12/2025 16:30;562.3
12/12/2025 16:45;562.3
12/12/2025 17:00;562.31
12/12/2025 17:15;562.3
12/12/2025 17:30;562.31
12/12/2025 17:45;562.31
12/12/2025 18:00;562.31
12/12/2025 18:15;562.31
12/12/2025 18:30;562.31
12/12/2025 18:45;562.31
12/12/2025 19:00;562.31
12/12/2025 19:15;562.31
12/12/2025 19:30;562.31
12/12/2025 19:45;562.31
12/12/2025 20:00;562.31
12/12/2025 20:15;562.31
12/12/2025 20:30;562.31
12/12/2025 20:45;562.32
12/12/2025 21:00;562.32
12/12/2025 21:15;562.32
12/12/2025 21:30;562.32
12/12/2025 21:45;562.32
12/12/2025 22:00;562.32
12/12/2025 22:15;562.32
12/12/2025 22:30;562.33
12/12/2025 22:45;562.33
12/12/2025 23:00;562.33
12/12/2025 23:15;562.33
12/12/2025 23:30;562.33
12/12/2025 23:45;562.33
13/12/2025 00:00;562.33
13/12/2025 00:15;562.34
13/12/2025 00:30;562.34
13/12/2025 00:45;562.34
13/12/2025 01:00;562.34
13/12/2025 01:15;562.34
13/12/2025 01:30;562.34
13/12/2025 01:45;562.34
13/12/2025 02:00;562.35
13/12/2025 02:15;562.34
13/12/2025 02:30;562.35
13/12/2025 02:45;562.34
13/12/2025 03:00;562.36
13/12/2025 03:15;562.35
13/12/2025 03:30;562.36
13/12/2025 03:45;562.36
13/12/2025 04:00;562.35
13/12/2025 04:15;562.35
13/12/2025 04:30;562.36
13/12/2025 04:45;562.35
13/12/2025 05:00;562.35
13/12/2025 05:15;562.36
13/12/2025 05:30;562.37
13/12/2025 05:45;562.36
13/12/2025 06:00;562.36
13/12/2025 06:15;562.36
13/12/2025 06:30;562.37
13/12/2025 06:45;562.36
13/12/2025 07:00;562.36
13/12/2025 07:15;562.37
13/12/2025 07:30;562.37
13/12/2025 07:45;562.37
13/12/2025 08:00;562.37
13/12/2025 08:15;562.37
13/12/2025 08:30;562.37
13/12/2025 08:45;562.37
13/12/2025 09:00;562.38
13/12/2025 09:15;562.38
13/12/2025 09:30;562.38
13/12/2025 09:45;562.38
13/12/2025 10:00;562.38
13/12/2025 10:15;562.38
13/12/2025 10:30;562.38
13/12/2025 10:45;562.38
13/12/2025 11:00;562.38
13/12/2025 11:15;562.39
13/12/2025 11:30;562.39
13/12/2025 11:45;562.39
13/12/2025 12:00;562.39
13/12/2025 12:15;562.39
13/12/2025 12:30;562.39
13/12/2025 12:45;562.39
13/12/2025 13:00;562.39
13/12/2025 13:15;562.39
13/12/2025 13:30;562.39
13/12/2025 13:45;562.39
13/12/2025 14:00;562.39
13/12/2025 14:15;562.39
13/12/2025 14:30;562.41
13/12/2025 14:45;562.41
13/12/2025 15:00;562.41
13/12/2025 15:15;562.41
13/12/2025 15:30;562.41
13/12/2025 15:45;562.41
13/12/2025 16:00;562.41
13/12/2025 16:15;562.41
13/12/2025 16:30;562.41
13/12/2025 16:45;562.41
13/12/2025 17:00;562.41
13/12/2025 17:15;562.41
13/12/2025 17:30;562.41
13/12/2025 17:45;562.41
13/12/2025 18:00;562.41
13/12/2025 18:15;562.41
13/12/2025 18:30;562.41
13/12/2025 18:45;562.41
13/12/2025 19:00;562.41
13/12/2025 19:15;562.41
13/12/2025 19:30;562.41
13/12/2025 19:45;562.42
13/12/2025 20:00;562.42
13/12/2025 20:15;562.42
13/12/2025 20:30;562.42
13/12/2025 20:45;562.42
13/12/2025 21:00;562.42
13/12/2025 21:15;562.42
13/12/2025 21:30;562.42
13/12/2025 21:45;562.43
13/12/2025 22:00;562.43
13/12/2025 22:15;562.43
13/12/2025 22:30;562.43
13/12/2025 22:45;562.43
13/12/2025 23:00;562.43
13/12/2025 23:15;562.43
13/12/2025 23:30;562.43
13/12/2025 23:45;562.43
14/12/2025 00:00;562.44
14/12/2025 00:15;562.44
14/12/2025 00:30;562.44
14/12/2025 00:45;562.44
14/12/2025 01:00;562.44
14/12/2025 01:15;562.44
14/12/2025 01:30;562.44
14/12/2025 01:45;562.45
14/12/2025 02:00;562.45
14/12/2025 02:15;562.45
14/12/2025 02:30;562.45
14/12/2025 02:45;562.45
14/12/2025 03:00;562.45
14/12/2025 03:15;562.45
14/12/2025 03:30;562.45
14/12/2025 03:45;562.45
14/12/2025 04:00;562.45
14/12/2025 04:15;562.46
14/12/2025 04:30;562.46
14/12/2025 04:45;562.46
14/12/2025 05:00;562.46
14/12/2025 05:15;562.46
14/12/2025 05:30;562.46
14/12/2025 05:45;562.46
14/12/2025 06:00;562.46
14/12/2025 06:15;562.46
14/12/2025 06:30;562.46
14/12/2025 06:45;562.46
14/12/2025 07:00;562.46
14/12/2025 07:15;562.46
14/12/2025 07:30;562.46
14/12/2025 07:45;562.46
14/12/2025 08:00;562.46
14/12/2025 08:15;562.46
14/12/2025 08:30;562.46
14/12/2025 08:45;562.46
14/12/2025 09:00;562.48
14/12/2025 09:15;562.48
14/12/2025 09:30;562.48
14/12/2025 09:45;562.48
14/12/2025 10:00;562.46
14/12/2025 10:15;562.48
14/12/2025 10:30;562.48
14/12/2025 10:45;562.48
14/12/2025 11:00;562.48
14/12/2025 11:15;562.48
14/12/2025 11:30;562.48
14/12/2025 11:45;562.48
14/12/2025 12:00;562.48
14/12/2025 12:15;562.49
14/12/2025 12:30;562.49
14/12/2025 12:45;562.49
14/12/2025 13:00;562.48
14/12/2025 13:15;562.49
14/12/2025 13:30;562.49
14/12/2025 13:45;562.49
14/12/2025 14:00;562.49
14/12/2025 14:15;562.49
14/12/2025 14:30;562.49
14/12/2025 14:45;562.49
14/12/2025 15:00;562.49
14/12/2025 15:15;562.49
14/12/2025 15:30;562.49
14/12/2025 15:45;562.49
14/12/2025 16:00;562.49
14/12/2025 16:15;562.49
14/12/2025 16:30;562.5
14/12/2025 16:45;562.5
14/12/2025 17:00;562.5
14/12/2025 17:15;562.5
14/12/2025 17:30;562.5
14/12/2025 17:45;562.51
14/12/2025 18:00;562.51
14/12/2025 18:15;562.51
14/12/2025 18:30;562.51
14/12/2025 18:45;562.51
14/12/2025 19:00;562.51
14/12/2025 19:15;562.51
14/12/2025 19:30;562.51
14/12/2025 19:45;562.51
14/12/2025 20:00;562.51
14/12/2025 20:15;562.52
14/12/2025 20:30;562.52
14/12/2025 20:45;562.52
14/12/2025 21:00;562.52
14/12/2025 21:15;562.52
14/12/2025 21:30;562.52
14/12/2025 21:45;562.52
14/12/2025 22:00;562.52
14/12/2025 22:15;562.52
14/12/2025 22:30;562.53
14/12/2025 22:45;562.53
14/12/2025 23:00;562.53
14/12/2025 23:15;562.53
14/12/2025 23:30;562.53
14/12/2025 23:45;562.53
15/12/2025 00:00;562.53
15/12/2025 00:15;562.53
15/12/2025 00:30;562.53
15/12/2025 00:45;562.54
15/12/2025 01:00;562.53
15/12/2025 01:15;562.53
15/12/2025 01:30;562.53
15/12/2025 01:45;562.53
15/12/2025 02:00;562.53
15/12/2025 02:15;562.53
15/12/2025 02:30;562.53
15/12/2025 02:45;562.54
15/12/2025 03:00;562.54
15/12/2025 03:15;562.54
15/12/2025 03:30;562.54
15/12/2025 03:45;562.54
15/12/2025 04:00;562.54
15/12/2025 04:15;562.54
15/12/2025 04:30;562.54
15/12/2025 04:45;562.55
15/12/2025 05:00;562.55
15/12/2025 05:15;562.54
15/12/2025 05:30;562.55
15/12/2025 05:45;562.55
15/12/2025 06:00;562.55
15/12/2025 06:15;562.55
15/12/2025 06:30;562.55
15/12/2025 06:45;562.55
15/12/2025 07:00;562.56
15/12/2025 07:15;562.56
15/12/2025 07:30;562.56
15/12/2025 07:45;562.56
15/12/2025 08:00;562.56
15/12/2025 08:15;562.56
15/12/2025 08:30;562.56
15/12/2025 08:45;562.56
15/12/2025 09:00;562.56
15/12/2025 09:15;562.57
15/12/2025 09:30;562.57
15/12/2025 09:45;562.56
15/12/2025 10:00;562.57
15/12/2025 10:15;562.57
15/12/2025 10:30;562.57
15/12/2025 10:45;562.57
15/12/2025 11:00;562.57
15/12/2025 11:15;562.57
15/12/2025 11:30;562.57
15/12/2025 11:45;562.57
15/12/2025 12:00;562.57
15/12/2025 12:15;562.57
15/12/2025 12:30;562.57
15/12/2025 12:45;562.57
15/12/2025 13:00;562.57
15/12/2025 13:15;562.57
15/12/2025 13:30;562.57
15/12/2025 13:45;562.59
15/12/2025 14:00;562.57
15/12/2025 14:15;562.59
15/12/2025 14:30;562.57
15/12/2025 14:45;562.59
15/12/2025 15:00;562.59
15/12/2025 15:15;562.59
15/12/2025 15:30;562.57
15/12/2025 15:45;562.57
15/12/2025 16:00;562.59
15/12/2025 16:15;562.59
15/12/2025 16:30;562.59
15/12/2025 16:45;562.59
15/12/2025 17:00;562.59
15/12/2025 17:15;562.59
15/12/2025 17:30;562.59
15/12/2025 17:45;562.59
15/12/2025 18:00;562.59
15/12/2025 18:15;562.59
15/12/2025 18:30;562.59
15/12/2025 18:45;562.59
15/12/2025 19:00;562.59
15/12/2025 19:15;562.59
15/12/2025 19:30;562.59
15/12/2025 19:45;562.6
15/12/2025 20:00;562.59
15/12/2025 20:15;562.6
15/12/2025 20:30;562.6
15/12/2025 20:45;562.6
15/12/2025 21:00;562.6
15/12/2025 21:15;562.6
15/12/2025 21:30;562.6
15/12/2025 21:45;562.6
15/12/2025 22:00;562.61
15/12/2025 22:15;562.61
15/12/2025 22:30;562.61
15/12/2025 22:45;562.61
15/12/2025 23:00;562.61
15/12/2025 23:15;562.61
15/12/2025 23:30;562.61
15/12/2025 23:45;562.62
16/12/2025 00:00;562.61
16/12/2025 00:15;562.62
16/12/2025 00:30;562.62
16/12/2025 00:45;562.62
16/12/2025 01:00;562.62
16/12/2025 01:15;562.62
16/12/2025 01:30;562.62
16/12/2025 01:45;562.62
16/12/2025 02:00;562.62
16/12/2025 02:15;562.62
16/12/2025 02:30;562.62
16/12/2025 02:45;562.62
16/12/2025 03:00;562.63
16/12/2025 03:15;562.63
16/12/2025 03:30;562.63
16/12/2025 03:45;562.63
16/12/2025 04:00;562.63
16/12/2025 04:15;562.64
16/12/2025 04:30;562.64
16/12/2025 04:45;562.63
16/12/2025 05:00;562.63
16/12/2025 05:15;562.63
16/12/2025 05:30;562.63
16/12/2025 05:45;562.64
16/12/2025 06:00;562.64
16/12/2025 06:15;562.64
16/12/2025 06:30;562.64
16/12/2025 06:45;562.64
16/12/2025 07:00;562.64
16/12/2025 07:15;562.64
16/12/2025 07:30;562.64
16/12/2025 07:45;562.64
16/12/2025 08:00;562.64
16/12/2025 08:15;562.64
16/12/2025 08:30;562.64
16/12/2025 08:45;562.64
16/12/2025 09:00;562.64
16/12/2025 09:15;562.64
16/12/2025 09:30;562.64
16/12/2025 09:45;562.64
16/12/2025 10:00;562.64
16/12/2025 10:15;562.64
16/12/2025 10:30;562.64
16/12/2025 10:45;562.64
16/12/2025 11:00;562.64
16/12/2025 11:15;562.64
16/12/2025 11:30;562.64
16/12/2025 11:45;562.66
16/12/2025 12:00;562.66
16/12/2025 12:15;562.66
16/12/2025 12:30;562.66
16/12/2025 12:45;562.66
16/12/2025 13:00;562.66
16/12/2025 13:15;562.66
16/12/2025 13:30;562.66
16/12/2025 13:45;562.67
16/12/2025 14:00;562.66
16/12/2025 14:15;562.67
16/12/2025 14:30;562.67
16/12/2025 14:45;562.67
16/12/2025 15:00;562.67
16/12/2025 15:15;562.67
16/12/2025 15:30;562.67
16/12/2025 15:45;562.67
16/12/2025 16:00;562.67
16/12/2025 16:15;562.67
16/12/2025 16:30;562.67
16/12/2025 16:45;562.67
16/12/2025 17:00;562.67
16/12/2025 17:15;562.67
16/12/2025 17:30;562.67
16/12/2025 17:45;562.67
16/12/2025 18:00;562.67
16/12/2025 18:15;562.68
16/12/2025 18:30;562.68
16/12/2025 18:45;562.67
16/12/2025 19:00;562.68
16/12/2025 19:15;562.68
16/12/2025 19:30;562.68
16/12/2025 19:45;562.67
16/12/2025 20:00;562.67
16/12/2025 20:15;562.67
16/12/2025 20:30;562.67
16/12/2025 20:45;562.68
16/12/2025 21:00;562.68
16/12/2025 21:15;562.68
16/12/2025 21:30;562.7
16/12/2025 21:45;562.7
16/12/2025 22:00;562.7
16/12/2025 22:15;562.7
16/12/2025 22:30;562.7
16/12/2025 22:45;562.68
16/12/2025 23:00;562.7
16/12/2025 23:15;562.7
16/12/2025 23:30;562.7
16/12/2025 23:45;562.7
17/12/2025 00:00;562.7
17/12/2025 00:15;562.7
17/12/2025 00:30;562.7
17/12/2025 00:45;562.7
17/12/2025 01:00;562.7
17/12/2025 01:15;562.7
17/12/2025 01:30;562.7
17/12/2025 01:45;562.7
17/12/2025 02:00;562.7
17/12/2025 02:15;562.7
17/12/2025 02:30;562.7
17/12/2025 02:45;562.7
17/12/2025 03:00;562.7
17/12/2025 03:15;562.7
17/12/2025 03:30;562.7
17/12/2025 03:45;562.7
17/12/2025 04:00;562.7
17/12/2025 04:15;562.7
17/12/2025 04:30;562.7
17/12/2025 04:45;562.71
17/12/2025 05:00;562.71
17/12/2025 05:15;562.71
17/12/2025 05:30;562.71
17/12/2025 05:45;562.71
17/12/2025 06:00;562.71
17/12/2025 06:15;562.71
17/12/2025 06:30;562.71
17/12/2025 06:45;562.71
17/12/2025 07:00;562.71
17/12/2025 07:15;562.71
17/12/2025 07:30;562.72
17/12/2025 07:45;562.72
17/12/2025 08:00;562.72
17/12/2025 08:15;562.72
17/12/2025 08:30;562.72
17/12/2025 08:45;562.72
17/12/2025 09:00;562.72
17/12/2025 09:15;562.72
17/12/2025 09:30;562.72
17/12/2025 09:45;562.72
17/12/2025 10:00;562.72
17/12/2025 10:15;562.72
17/12/2025 10:30;562.72
17/12/2025 10:45;562.72
17/12/2025 11:00;562.72
17/12/2025 11:15;562.72
17/12/2025 11:30;562.73
17/12/2025 11:45;562.72
17/12/2025 12:00;562.73
17/12/2025 12:15;562.73
17/12/2025 12:30;562.73
17/12/2025 12:45;562.73
17/12/2025 13:00;562.73
17/12/2025 13:15;562.73
17/12/2025 13:30;562.73
17/12/2025 13:45;562.73
17/12/2025 14:00;562.73
17/12/2025 14:15;562.73
17/12/2025 14:30;562.74
17/12/2025 14:45;562.73
17/12/2025 15:00;562.74
17/12/2025 15:15;562.74
17/12/2025 15:30;562.74
17/12/2025 15:45;562.74
17/12/2025 16:00;562.73
17/12/2025 16:15;562.74
17/12/2025 16:30;562.75
17/12/2025 16:45;562.74
17/12/2025 17:00;562.75
17/12/2025 17:15;562.74
17/12/2025 17:30;562.75
17/12/2025 17:45;562.74
17/12/2025 18:00;562.74
17/12/2025 18:15;562.73
17/12/2025 18:30;562.74
17/12/2025 18:45;562.73
17/12/2025 19:00;562.74
17/12/2025 19:15;562.73
17/12/2025 19:30;562.74
17/12/2025 19:45;562.74
17/12/2025 20:00;562.74
17/12/2025 20:15;562.74
17/12/2025 20:30;562.74
17/12/2025 20:45;562.73
17/12/2025 21:00;562.74
17/12/2025 21:15;562.75
17/12/2025 21:30;562.74
17/12/2025 21:45;562.74
17/12/2025 22:00;562.74
17/12/2025 22:15;562.74
17/12/2025 22:30;562.74
17/12/2025 22:45;562.74
17/12/2025 23:00;562.74
17/12/2025 23:15;562.74
17/12/2025 23:30;562.74
17/12/2025 23:45;562.74
18/12/2025 00:00;562.74
18/12/2025 00:15;562.75
18/12/2025 00:30;562.75
18/12/2025 00:45;562.75
18/12/2025 01:00;562.75
18/12/2025 01:15;562.75
18/12/2025 01:30;562.75
18/12/2025 01:45;562.75
18/12/2025 02:00;562.75
18/12/2025 02:15;562.75
18/12/2025 02:30;562.75
18/12/2025 02:45;562.75
18/12/2025 03:00;562.75
18/12/2025 03:15;562.75
18/12/2025 03:30;562.75
18/12/2025 03:45;562.75
18/12/2025 04:00;562.75
18/12/2025 04:15;562.75
18/12/2025 04:30;562.75
18/12/2025 04:45;562.75
18/12/2025 05:00;562.75
18/12/2025 05:15;562.75
18/12/2025 05:30;562.75
18/12/2025 05:45;562.75
18/12/2025 06:00;562.75
18/12/2025 06:15;562.75
18/12/2025 06:30;562.75
18/12/2025 06:45;562.75
18/12/2025 07:00;562.75
18/12/2025 07:15;562.75
18/12/2025 07:30;562.75
18/12/2025 07:45;562.75
18/12/2025 08:00;562.75
18/12/2025 08:15;562.75
18/12/2025 08:30;562.75
18/12/2025 08:45;562.77
18/12/2025 09:00;562.77
18/12/2025 09:15;562.77
18/12/2025 09:30;562.77
18/12/2025 09:45;562.77
18/12/2025 10:00;562.77
18/12/2025 10:15;562.77
18/12/2025 10:30;562.77
18/12/2025 10:45;562.77
18/12/2025 11:00;562.77
18/12/2025 11:15;562.77
18/12/2025 11:30;562.77
18/12/2025 11:45;562.77
18/12/2025 12:00;562.77
18/12/2025 12:15;562.77
18/12/2025 12:30;562.77
18/12/2025 12:45;562.77
18/12/2025 13:00;562.77
18/12/2025 13:15;562.77
18/12/2025 13:30;562.77
18/12/2025 13:45;562.77
18/12/2025 14:00;562.77
18/12/2025 14:15;562.77
18/12/2025 14:30;562.77
18/12/2025 14:45;562.77
18/12/2025 15:00;562.78
18/12/2025 15:15;562.77
18/12/2025 15:30;562.77
18/12/2025 15:45;562.78
18/12/2025 16:00;562.78
18/12/2025 16:15;562.78
18/12/2025 16:30;562.77
18/12/2025 16:45;562.77
18/12/2025 17:00;562.78
18/12/2025 17:15;562.78
18/12/2025 17:30;562.78
18/12/2025 17:45;562.78
18/12/2025 18:00;562.78
18/12/2025 18:15;562.78
18/12/2025 18:30;562.78
18/12/2025 18:45;562.77
18/12/2025 19:00;562.77
18/12/2025 19:15;562.77
18/12/2025 19:30;562.77
18/12/2025 19:45;562.77
18/12/2025 20:00;562.77
18/12/2025 20:15;562.77
18/12/2025 20:30;562.77
18/12/2025 20:45;562.77
18/12/2025 21:00;562.77
18/12/2025 21:15;562.77
18/12/2025 21:30;562.77
18/12/2025 21:45;562.77
18/12/2025 22:00;562.77
18/12/2025 22:15;562.77
18/12/2025 22:30;562.77
18/12/2025 22:45;562.77
18/12/2025 23:00;562.77
18/12/2025 23:15;562.77
18/12/2025 23:30;562.77
18/12/2025 23:45;562.77
19/12/2025 00:00;562.77
19/12/2025 00:15;562.78
19/12/2025 00:30;562.78
19/12/2025 00:45;562.78
19/12/2025 01:00;562.78
19/12/2025 01:15;562.78
19/12/2025 01:30;562.78
19/12/2025 01:45;562.78
19/12/2025 02:00;562.78
19/12/2025 02:15;562.78
19/12/2025 02:30;562.78
19/12/2025 02:45;562.79
19/12/2025 03:00;562.78
19/12/2025 03:15;562.79
19/12/2025 03:30;562.79
19/12/2025 03:45;562.79
19/12/2025 04:00;562.79
19/12/2025 04:15;562.79
19/12/2025 04:30;562.79
19/12/2025 04:45;562.79
19/12/2025 05:00;562.79
19/12/2025 05:15;562.79
19/12/2025 05:30;562.79
19/12/2025 05:45;562.79
19/12/2025 06:00;562.79
19/12/2025 06:15;562.8
19/12/2025 06:30;562.8
19/12/2025 06:45;562.8
19/12/2025 07:00;562.8
19/12/2025 07:15;562.8
19/12/2025 07:30;562.8
19/12/2025 07:45;562.79
19/12/2025 08:00;562.8
19/12/2025 08:15;562.8
19/12/2025 08:30;562.8
19/12/2025 08:45;562.8
19/12/2025 09:00;562.8
19/12/2025 09:15;562.8
19/12/2025 09:30;562.79
19/12/2025 09:45;562.8
19/12/2025 10:00;562.8
19/12/2025 10:15;562.8
19/12/2025 10:30;562.8
19/12/2025 10:45;562.81
19/12/2025 11:00;562.8
19/12/2025 11:15;562.81
19/12/2025 11:30;562.8
19/12/2025 11:45;562.8
19/12/2025 12:00;562.8
19/12/2025 12:15;562.81
19/12/2025 12:30;562.8
19/12/2025 12:45;562.8
19/12/2025 13:00;562.8
19/12/2025 13:15;562.8
19/12/2025 13:30;562.8
19/12/2025 13:45;562.8
19/12/2025 14:00;562.79
19/12/2025 14:15;562.8
19/12/2025 14:30;562.8
19/12/2025 14:45;562.79
19/12/2025 15:00;562.79
19/12/2025 15:15;562.8
19/12/2025 15:30;562.79
19/12/2025 15:45;562.8
19/12/2025 16:00;562.79
19/12/2025 16:15;562.8
19/12/2025 16:30;562.8
19/12/2025 16:45;562.79
19/12/2025 17:00;562.8
19/12/2025 17:15;562.79
19/12/2025 17:30;562.79
19/12/2025 17:45;562.8
19/12/2025 18:00;562.8
19/12/2025 18:15;562.8
19/12/2025 18:30;562.8
19/12/2025 18:45;562.8
19/12/2025 19:00;562.8
19/12/2025 19:15;562.8
19/12/2025 19:30;562.81
19/12/2025 19:45;562.81
19/12/2025 20:00;562.8
19/12/2025 20:15;562.81
19/12/2025 20:30;562.8
19/12/2025 20:45;562.81
19/12/2025 21:00;562.8
19/12/2025 21:15;562.8
19/12/2025 21:30;562.8
19/12/2025 21:45;562.81
19/12/2025 22:00;562.81
19/12/2025 22:15;562.81
19/12/2025 22:30;562.81
19/12/2025 22:45;562.81
19/12/2025 23:00;562.81
19/12/2025 23:15;562.81
19/12/2025 23:30;562.81
19/12/2025 23:45;562.81
20/12/2025 00:00;562.81
20/12/2025 00:15;562.81
20/12/2025 00:30;562.81
20/12/2025 00:45;562.82
20/12/2025 01:00;562.82
20/12/2025 01:15;562.82
20/12/2025 01:30;562.82
20/12/2025 01:45;562.82
20/12/2025 02:00;562.82
20/12/2025 02:15;562.82
20/12/2025 02:30;562.82
20/12/2025 02:45;562.82
20/12/2025 03:00;562.82
20/12/2025 03:15;562.82
20/12/2025 03:30;562.82
20/12/2025 03:45;562.82
20/12/2025 04:00;562.82
20/12/2025 04:15;562.82
20/12/2025 04:30;562.82
20/12/2025 04:45;562.82
20/12/2025 05:00;562.82
20/12/2025 05:15;562.82
20/12/2025 05:30;562.82
20/12/2025 05:45;562.82
20/12/2025 06:00;562.82
20/12/2025 06:15;562.82
20/12/2025 06:30;562.82
20/12/2025 06:45;562.82
20/12/2025 07:00;562.82
20/12/2025 07:15;562.82
20/12/2025 07:30;562.82
20/12/2025 07:45;562.82
20/12/2025 08:00;562.82
20/12/2025 08:15;562.82
20/12/2025 08:30;562.82
20/12/2025 08:45;562.84
20/12/2025 09:00;562.84
20/12/2025 09:15;562.84
20/12/2025 09:30;562.84
20/12/2025 09:45;562.84
20/12/2025 10:00;562.84
20/12/2025 10:15;562.84
20/12/2025 10:30;562.84
20/12/2025 10:45;562.84
20/12/2025 11:00;562.84
20/12/2025 11:15;562.84
20/12/2025 11:30;562.85
20/12/2025 11:45;562.85
20/12/2025 12:00;562.85
20/12/2025 12:15;562.85
20/12/2025 12:30;562.85
20/12/2025 12:45;562.85
20/12/2025 13:00;562.85
20/12/2025 13:15;562.84
20/12/2025 13:30;562.85
20/12/2025 13:45;562.84
20/12/2025 14:00;562.85
20/12/2025 14:15;562.84
20/12/2025 14:30;562.84
20/12/2025 14:45;562.84
20/12/2025 15:00;562.84
20/12/2025 15:15;562.84
20/12/2025 15:30;562.82
20/12/2025 15:45;562.82
20/12/2025 16:00;562.82
20/12/2025 16:15;562.82
20/12/2025 16:30;562.82
20/12/2025 16:45;562.82
20/12/2025 17:00;562.82
20/12/2025 17:15;562.82
20/12/2025 17:30;562.84
20/12/2025 17:45;562.82
20/12/2025 18:00;562.84
20/12/2025 18:15;562.82
20/12/2025 18:30;562.84
20/12/2025 18:45;562.84
20/12/2025 19:00;562.84
20/12/2025 19:15;562.84
20/12/2025 19:30;562.84
20/12/2025 19:45;562.84
20/12/2025 20:00;562.84
20/12/2025 20:15;562.84
20/12/2025 20:30;562.84
20/12/2025 20:45;562.84
20/12/2025 21:00;562.84
20/12/2025 21:15;562.84
20/12/2025 21:30;562.84
20/12/2025 21:45;562.84
20/12/2025 22:00;562.84
20/12/2025 22:15;562.85
20/12/2025 22:30;562.85
20/12/2025 22:45;562.85
20/12/2025 23:00;562.85
20/12/2025 23:15;562.85
20/12/2025 23:30;562.85
20/12/2025 23:45;562.85
21/12/2025 00:00;562.85
21/12/2025 00:15;562.85
21/12/2025 00:30;562.85
21/12/2025 00:45;562.84
21/12/2025 01:00;562.85
21/12/2025 01:15;562.85
21/12/2025 01:30;562.85
21/12/2025 01:45;562.85
21/12/2025 02:00;562.85
21/12/2025 02:15;562.85
21/12/2025 02:30;562.85
21/12/2025 02:45;562.85
21/12/2025 03:00;562.85
21/12/2025 03:15;562.85
21/12/2025 03:30;562.85
21/12/2025 03:45;562.85
21/12/2025 04:00;562.85
21/12/2025 04:15;562.85
21/12/2025 04:30;562.85
21/12/2025 04:45;562.85
21/12/2025 05:00;562.85
21/12/2025 05:15;562.85
21/12/2025 05:30;562.85
21/12/2025 05:45;562.85
21/12/2025 06:00;562.85
21/12/2025 06:15;562.85
21/12/2025 06:30;562.86
21/12/2025 06:45;562.85
21/12/2025 07:00;562.86
21/12/2025 07:15;562.86
21/12/2025 07:30;562.86
21/12/2025 07:45;562.85
21/12/2025 08:00;562.85
21/12/2025 08:15;562.85
21/12/2025 08:30;562.86
21/12/2025 08:45;562.86
21/12/2025 09:00;562.86
21/12/2025 09:15;562.86
21/12/2025 09:30;562.86
21/12/2025 09:45;562.86
21/12/2025 10:00;562.86
21/12/2025 10:15;562.86
21/12/2025 10:30;562.86
21/12/2025 10:45;562.88
21/12/2025 11:00;562.88
21/12/2025 11:15;562.88
21/12/2025 11:30;562.88
21/12/2025 11:45;562.88
21/12/2025 12:00;562.88
21/12/2025 12:15;562.88
21/12/2025 12:30;562.88
21/12/2025 12:45;562.88
21/12/2025 13:00;562.88
21/12/2025 13:15;562.88
21/12/2025 13:30;562.89
21/12/2025 13:45;562.88
21/12/2025 14:00;562.89
21/12/2025 14:15;562.89
21/12/2025 14:30;562.89
21/12/2025 14:45;562.89
21/12/2025 15:00;562.9
21/12/2025 15:15;562.89
21/12/2025 15:30;562.89
21/12/2025 15:45;562.89
21/12/2025 16:00;562.89
21/12/2025 16:15;562.89
21/12/2025 16:30;562.89
21/12/2025 16:45;562.89
21/12/2025 17:00;562.89
21/12/2025 17:15;562.88
21/12/2025 17:30;562.89
21/12/2025 17:45;562.89
21/12/2025 18:00;562.89
21/12/2025 18:15;562.9
21/12/2025 18:30;562.89
21/12/2025 18:45;562.9
21/12/2025 19:00;562.9
21/12/2025 19:15;562.9
21/12/2025 19:30;562.9
21/12/2025 19:45;562.91
21/12/2025 20:00;562.91
21/12/2025 20:15;562.91
21/12/2025 20:30;562.91
21/12/2025 20:45;562.91
21/12/2025 21:00;562.92
21/12/2025 21:15;562.92
21/12/2025 21:30;562.92
21/12/2025 21:45;562.93
21/12/2025 22:00;562.93
21/12/2025 22:15;562.93
21/12/2025 22:30;562.93
21/12/2025 22:45;562.93
21/12/2025 23:00;562.93
21/12/2025 23:15;562.93
21/12/2025 23:30;562.95
21/12/2025 23:45;562.95
22/12/2025 00:00;562.95
22/12/2025 00:15;562.95
22/12/2025 00:30;562.95
22/12/2025 00:45;562.95
22/12/2025 01:00;562.96
22/12/2025 01:15;562.96
22/12/2025 01:30;562.95
22/12/2025 01:45;562.95
22/12/2025 02:00;562.96
22/12/2025 02:15;562.96
22/12/2025 02:30;562.97
22/12/2025 02:45;562.97
22/12/2025 03:00;562.97
22/12/2025 03:15;562.97
22/12/2025 03:30;562.97
22/12/2025 03:45;562.98
22/12/2025 04:00;562.98
22/12/2025 04:15;562.98
22/12/2025 04:30;562.98
22/12/2025 04:45;562.99
22/12/2025 05:00;562.99
22/12/2025 05:15;562.99
22/12/2025 05:30;562.99
22/12/2025 05:45;562.99
22/12/2025 06:00;563
22/12/2025 06:15;563
22/12/2025 06:30;563
22/12/2025 06:45;563
22/12/2025 07:00;563.01
22/12/2025 07:15;563.01
22/12/2025 07:30;563.01
22/12/2025 07:45;563.01
22/12/2025 08:00;563.01
22/12/2025 08:15;563.02
22/12/2025 08:30;563.02
22/12/2025 08:45;563.02
22/12/2025 09:00;563.02
22/12/2025 09:15;563.02
22/12/2025 09:30;563.02
22/12/2025 09:45;563.02
22/12/2025 10:00;563.02
22/12/2025 10:15;563.03
22/12/2025 10:30;563.03
22/12/2025 10:45;563.03
22/12/2025 11:00;563.03
22/12/2025 11:15;563.03
22/12/2025 11:30;563.03
22/12/2025 11:45;563.03
22/12/2025 12:00;563.03
22/12/2025 12:15;563.03
22/12/2025 12:30;563.03
22/12/2025 12:45;563.03
22/12/2025 13:00;563.03
22/12/2025 13:15;563.03
22/12/2025 13:30;563.03
22/12/2025 13:45;563.03
22/12/2025 14:00;563.03
22/12/2025 14:15;563.03
22/12/2025 14:30;563.03
22/12/2025 14:45;563.03
22/12/2025 15:00;563.03
22/12/2025 15:15;563.03
22/12/2025 15:30;563.03
22/12/2025 15:45;563.03
22/12/2025 16:00;563.03
22/12/2025 16:15;563.03
22/12/2025 16:30;563.03
22/12/2025 16:45;563.04
22/12/2025 17:00;563.03
22/12/2025 17:15;563.04
22/12/2025 17:30;563.04
22/12/2025 17:45;563.04
22/12/2025 18:00;563.04
22/12/2025 18:15;563.04
22/12/2025 18:30;563.06
22/12/2025 18:45;563.06
22/12/2025 19:00;563.06
22/12/2025 19:15;563.06
22/12/2025 19:30;563.06
22/12/2025 19:45;563.06
22/12/2025 20:00;563.06
22/12/2025 20:15;563.06
22/12/2025 20:30;563.06
22/12/2025 20:45;563.06
22/12/2025 21:00;563.06
22/12/2025 21:15;563.06
22/12/2025 21:30;563.07
22/12/2025 21:45;563.06
22/12/2025 22:00;563.06
22/12/2025 22:15;563.07
22/12/2025 22:30;563.07
22/12/2025 22:45;563.07
22/12/2025 23:00;563.07
22/12/2025 23:15;563.07
22/12/2025 23:30;563.08
22/12/2025 23:45;563.08
23/12/2025 00:00;563.07
23/12/2025 00:15;563.07
23/12/2025 00:30;563.08
23/12/2025 00:45;563.09
23/12/2025 01:00;563.08
23/12/2025 01:15;563.08
23/12/2025 01:30;563.08
23/12/2025 01:45;563.08
23/12/2025 02:00;563.08
23/12/2025 02:15;563.09
23/12/2025 02:30;563.09
23/12/2025 02:45;563.09
23/12/2025 03:00;563.09
23/12/2025 03:15;563.09
23/12/2025 03:30;563.09
23/12/2025 03:45;563.09
23/12/2025 04:00;563.09
23/12/2025 04:15;563.1
23/12/2025 04:30;563.1
23/12/2025 04:45;563.1
23/12/2025 05:00;563.1
23/12/2025 05:15;563.1
23/12/2025 05:30;563.1
23/12/2025 05:45;563.11
23/12/2025 06:00;563.11
23/12/2025 06:15;563.11
23/12/2025 06:30;563.11
23/12/2025 06:45;563.11
23/12/2025 07:00;563.11
23/12/2025 07:15;563.11
23/12/2025 07:30;563.11
23/12/2025 07:45;563.11
23/12/2025 08:00;563.11
23/12/2025 08:15;563.11
23/12/2025 08:30;563.11
23/12/2025 08:45;563.11
23/12/2025 09:00;563.11
23/12/2025 09:15;563.11
23/12/2025 09:30;563.11
23/12/2025 09:45;563.13
23/12/2025 10:00;563.13
23/12/2025 10:15;563.13
23/12/2025 10:30;563.13
23/12/2025 10:45;563.13
23/12/2025 11:00;563.13
23/12/2025 11:15;563.13
23/12/2025 11:30;563.13
23/12/2025 11:45;563.13
23/12/2025 12:00;563.13
23/12/2025 12:15;563.13
23/12/2025 12:30;563.13
23/12/2025 12:45;563.13
23/12/2025 13:00;563.13
23/12/2025 13:15;563.13
23/12/2025 13:30;563.13
23/12/2025 13:45;563.13
23/12/2025 14:00;563.13
23/12/2025 14:15;563.14
23/12/2025 14:30;563.14
23/12/2025 14:45;563.14
23/12/2025 15:00;563.14
23/12/2025 15:15;563.14
23/12/2025 15:30;563.15
23/12/2025 15:45;563.14
23/12/2025 16:00;563.15
23/12/2025 16:15;563.15
23/12/2025 16:30;563.15
23/12/2025 16:45;563.16
23/12/2025 17:00;563.15
23/12/2025 17:15;563.16
23/12/2025 17:30;563.16
23/12/2025 17:45;563.16
23/12/2025 18:00;563.16
23/12/2025 18:15;563.17
23/12/2025 18:30;563.17
23/12/2025 18:45;563.17
23/12/2025 19:00;563.17
23/12/2025 19:15;563.17
23/12/2025 19:30;563.18
23/12/2025 19:45;563.18
23/12/2025 20:00;563.19
23/12/2025 20:15;563.19
23/12/2025 20:30;563.19
23/12/2025 20:45;563.19
23/12/2025 21:00;563.18
23/12/2025 21:15;563.19
23/12/2025 21:30;563.19
23/12/2025 21:45;563.19
23/12/2025 22:00;563.19
23/12/2025 22:15;563.21
23/12/2025 22:30;563.2
23/12/2025 22:45;563.21
23/12/2025 23:00;563.21
23/12/2025 23:15;563.21
23/12/2025 23:30;563.21
23/12/2025 23:45;563.21
24/12/2025 00:00;563.21
24/12/2025 00:15;563.21
24/12/2025 00:30;563.22
24/12/2025 00:45;563.22
24/12/2025 01:00;563.22
24/12/2025 01:15;563.24
24/12/2025 01:30;563.22
24/12/2025 01:45;563.24
24/12/2025 02:00;563.24
24/12/2025 02:15;563.24
24/12/2025 02:30;563.24
24/12/2025 02:45;563.25
24/12/2025 03:00;563.25
24/12/2025 03:15;563.25
24/12/2025 03:30;563.26
24/12/2025 03:45;563.25
24/12/2025 04:00;563.26
24/12/2025 04:15;563.26
24/12/2025 04:30;563.26
24/12/2025 04:45;563.27
24/12/2025 05:00;563.27
24/12/2025 05:15;563.27
24/12/2025 05:30;563.27
24/12/2025 05:45;563.28
24/12/2025 06:00;563.28
24/12/2025 06:15;563.28
24/12/2025 06:30;563.29
24/12/2025 06:45;563.29
24/12/2025 07:00;563.29
24/12/2025 07:15;563.29
24/12/2025 07:30;563.29
24/12/2025 07:45;563.29
24/12/2025 08:00;563.29
24/12/2025 08:15;563.31
24/12/2025 08:30;563.31
24/12/2025 08:45;563.31
24/12/2025 09:00;563.31
24/12/2025 09:15;563.32
24/12/2025 09:30;563.32
24/12/2025 09:45;563.32
24/12/2025 10:00;563.32
24/12/2025 10:15;563.32
24/12/2025 10:30;563.32
24/12/2025 10:45;563.32
24/12/2025 11:00;563.32
24/12/2025 11:15;563.32
24/12/2025 11:30;563.33
24/12/2025 11:45;563.33
24/12/2025 12:00;563.33
24/12/2025 12:15;563.34
24/12/2025 12:30;563.34
24/12/2025 12:45;563.34
24/12/2025 13:00;563.34
24/12/2025 13:15;563.34
24/12/2025 13:30;563.35
24/12/2025 13:45;563.34
24/12/2025 14:00;563.35
24/12/2025 14:15;563.35
24/12/2025 14:30;563.36
24/12/2025 14:45;563.35
24/12/2025 15:00;563.36
24/12/2025 15:15;563.36
24/12/2025 15:30;563.37
24/12/2025 15:45;563.36
24/12/2025 16:00;563.36
24/12/2025 16:15;563.36
24/12/2025 16:30;563.37
24/12/2025 16:45;563.37
24/12/2025 17:00;563.37
24/12/2025 17:15;563.37
24/12/2025 17:30;563.38
24/12/2025 17:45;563.38
24/12/2025 18:00;563.38
24/12/2025 18:15;563.39
24/12/2025 18:30;563.39
24/12/2025 18:45;563.39
24/12/2025 19:00;563.39
24/12/2025 19:15;563.39
24/12/2025 19:30;563.39
24/12/2025 19:45;563.39
24/12/2025 20:00;563.39
24/12/2025 20:15;563.39
24/12/2025 20:30;563.39
24/12/2025 20:45;563.4
24/12/2025 21:00;563.4
24/12/2025 21:15;563.4
24/12/2025 21:30;563.4
24/12/2025 21:45;563.4
24/12/2025 22:00;563.4
24/12/2025 22:15;563.42
24/12/2025 22:30;563.42
24/12/2025 22:45;563.42
24/12/2025 23:00;563.42
24/12/2025 23:15;563.42
24/12/2025 23:30;563.42
24/12/2025 23:45;563.42
25/12/2025 00:00;563.42
25/12/2025 00:15;563.42
25/12/2025 00:30;563.42
25/12/2025 00:45;563.42
25/12/2025 01:00;563.42
25/12/2025 01:15;563.42
25/12/2025 01:30;563.42
25/12/2025 01:45;563.42
25/12/2025 02:00;563.44
25/12/2025 02:15;563.43
25/12/2025 02:30;563.43
25/12/2025 02:45;563.43
25/12/2025 03:00;563.43
25/12/2025 03:15;563.43
25/12/2025 03:30;563.43
25/12/2025 03:45;563.43
25/12/2025 04:00;563.44
25/12/2025 04:15;563.44
25/12/2025 04:30;563.44
25/12/2025 04:45;563.44
25/12/2025 05:00;563.44
25/12/2025 05:15;563.45
25/12/2025 05:30;563.45
25/12/2025 05:45;563.45
25/12/2025 06:00;563.45
25/12/2025 06:15;563.45
25/12/2025 06:30;563.46
25/12/2025 06:45;563.46
25/12/2025 07:00;563.46
25/12/2025 07:15;563.45
25/12/2025 07:30;563.46
25/12/2025 07:45;563.45
25/12/2025 08:00;563.46
25/12/2025 08:15;563.47
25/12/2025 08:30;563.47
25/12/2025 08:45;563.47
25/12/2025 09:00;563.47
25/12/2025 09:15;563.47
25/12/2025 09:30;563.47
25/12/2025 09:45;563.47
25/12/2025 10:00;563.47
25/12/2025 10:15;563.47
25/12/2025 10:30;563.47
25/12/2025 10:45;563.47
25/12/2025 11:00;563.47
25/12/2025 11:15;563.47
25/12/2025 11:30;563.47
25/12/2025 11:45;563.47
25/12/2025 12:00;563.47
25/12/2025 12:15;563.47
25/12/2025 12:30;563.47
25/12/2025 12:45;563.49
25/12/2025 13:00;563.49
25/12/2025 13:15;563.49
25/12/2025 13:30;563.49
25/12/2025 13:45;563.49
25/12/2025 14:00;563.49
25/12/2025 14:15;563.49
25/12/2025 14:30;563.5
25/12/2025 14:45;563.5
25/12/2025 15:00;563.5
25/12/2025 15:15;563.5
25/12/2025 15:30;563.5
25/12/2025 15:45;563.5
25/12/2025 16:00;563.5
25/12/2025 16:15;563.5
25/12/2025 16:30;563.5
25/12/2025 16:45;563.5
25/12/2025 17:00;563.5
25/12/2025 17:15;563.51
25/12/2025 17:30;563.51
25/12/2025 17:45;563.51
25/12/2025 18:00;563.51
25/12/2025 18:15;563.51
25/12/2025 18:30;563.51
25/12/2025 18:45;563.51
25/12/2025 19:00;563.51
25/12/2025 19:15;563.52
25/12/2025 19:30;563.52
25/12/2025 19:45;563.52
25/12/2025 20:00;563.52
25/12/2025 20:15;563.52
25/12/2025 20:30;563.52
25/12/2025 20:45;563.52
25/12/2025 21:00;563.53
25/12/2025 21:15;563.52
25/12/2025 21:30;563.52
25/12/2025 21:45;563.52
25/12/2025 22:00;563.53
25/12/2025 22:15;563.53
25/12/2025 22:30;563.53
25/12/2025 22:45;563.53
25/12/2025 23:00;563.53
25/12/2025 23:15;563.53
25/12/2025 23:30;563.53
25/12/2025 23:45;563.54
26/12/2025 00:00;563.54
26/12/2025 00:15;563.54
26/12/2025 00:30;563.54
26/12/2025 00:45;563.54
26/12/2025 01:00;563.54
26/12/2025 01:15;563.55
26/12/2025 01:30;563.55
26/12/2025 01:45;563.55
26/12/2025 02:00;563.55
26/12/2025 02:15;563.55
26/12/2025 02:30;563.55
26/12/2025 02:45;563.56
26/12/2025 03:00;563.56
26/12/2025 03:15;563.56
26/12/2025 03:30;563.56
26/12/2025 03:45;563.56
26/12/2025 04:00;563.56
26/12/2025 04:15;563.56
26/12/2025 04:30;563.57
26/12/2025 04:45;563.56
26/12/2025 05:00;563.57
26/12/2025 05:15;563.57
26/12/2025 05:30;563.57
26/12/2025 05:45;563.57
26/12/2025 06:00;563.57
26/12/2025 06:15;563.57
26/12/2025 06:30;563.57
26/12/2025 06:45;563.57
26/12/2025 07:00;563.57
26/12/2025 07:15;563.57
26/12/2025 07:30;563.57
26/12/2025 07:45;563.57
26/12/2025 08:00;563.57
26/12/2025 08:15;563.57
26/12/2025 08:30;563.57
26/12/2025 08:45;563.57
26/12/2025 09:00;563.58
26/12/2025 09:15;563.58
26/12/2025 09:30;563.57
26/12/2025 09:45;563.58
26/12/2025 10:00;563.58
26/12/2025 10:15;563.58
26/12/2025 10:30;563.58
26/12/2025 10:45;563.58
26/12/2025 11:00;563.6
26/12/2025 11:15;563.58
26/12/2025 11:30;563.58
26/12/2025 11:45;563.6
26/12/2025 12:00;563.6
26/12/2025 12:15;563.6
26/12/2025 12:30;563.6
26/12/2025 12:45;563.6
26/12/2025 13:00;563.6
26/12/2025 13:15;563.6
26/12/2025 13:30;563.6
26/12/2025 13:45;563.6
26/12/2025 14:00;563.6
26/12/2025 14:15;563.6
26/12/2025 14:30;563.6
26/12/2025 14:45;563.6
26/12/2025 15:00;563.61
26/12/2025 15:15;563.61
26/12/2025 15:30;563.61
26/12/2025 15:45;563.61
26/12/2025 16:00;563.61
26/12/2025 16:15;563.62
26/12/2025 16:30;563.61
26/12/2025 16:45;563.62
26/12/2025 17:00;563.62
26/12/2025 17:15;563.62
26/12/2025 17:30;563.62
26/12/2025 17:45;563.62
26/12/2025 18:00;563.62
26/12/2025 18:15;563.62
26/12/2025 18:30;563.62
26/12/2025 18:45;563.62
26/12/2025 19:00;563.63
26/12/2025 19:15;563.63
26/12/2025 19:30;563.63
26/12/2025 19:45;563.62
26/12/2025 20:00;563.63
26/12/2025 20:15;563.63
26/12/2025 20:30;563.63
26/12/2025 20:45;563.63
26/12/2025 21:00;563.63
26/12/2025 21:15;563.63
26/12/2025 21:30;563.63
26/12/2025 21:45;563.63
26/12/2025 22:00;563.63
26/12/2025 22:15;563.63
26/12/2025 22:30;563.64
26/12/2025 22:45;563.64
26/12/2025 23:00;563.64
26/12/2025 23:15;563.64
26/12/2025 23:30;563.64
26/12/2025 23:45;563.64
27/12/2025 00:00;563.64
27/12/2025 00:15;563.65
27/12/2025 00:30;563.65
27/12/2025 00:45;563.65
27/12/2025 01:00;563.65
27/12/2025 01:15;563.65
27/12/2025 01:30;563.65
27/12/2025 01:45;563.65
27/12/2025 02:00;563.65
27/12/2025 02:15;563.65
27/12/2025 02:30;563.65
27/12/2025 02:45;563.65
27/12/2025 03:00;563.65
27/12/2025 03:15;563.65
27/12/2025 03:30;563.65
27/12/2025 03:45;563.67
27/12/2025 04:00;563.67
27/12/2025 04:15;563.67
27/12/2025 04:30;563.67
27/12/2025 04:45;563.67
27/12/2025 05:00;563.67
27/12/2025 05:15;563.67
27/12/2025 05:30;563.67
27/12/2025 05:45;563.68
27/12/2025 06:00;563.68
27/12/2025 06:15;563.68
27/12/2025 06:30;563.67
27/12/2025 06:45;563.68
27/12/2025 07:00;563.68
27/12/2025 07:15;563.68
27/12/2025 07:30;563.68
27/12/2025 07:45;563.68
27/12/2025 08:00;563.68
27/12/2025 08:15;563.68
27/12/2025 08:30;563.68
27/12/2025 08:45;563.68
27/12/2025 09:00;563.68
27/12/2025 09:15;563.68
27/12/2025 09:30;563.68
27/12/2025 09:45;563.68
27/12/2025 10:00;563.68
27/12/2025 10:15;563.68
27/12/2025 10:30;563.69
27/12/2025 10:45;563.69
27/12/2025 11:00;563.69
27/12/2025 11:15;563.69
27/12/2025 11:30;563.69
27/12/2025 11:45;563.68
27/12/2025 12:00;563.68
27/12/2025 12:15;563.69
27/12/2025 12:30;563.68
27/12/2025 12:45;563.69
27/12/2025 13:00;563.69
27/12/2025 13:15;563.69
27/12/2025 13:30;563.69
27/12/2025 13:45;563.69
27/12/2025 14:00;563.69
27/12/2025 14:15;563.7
27/12/2025 14:30;563.69
27/12/2025 14:45;563.7
27/12/2025 15:00;563.7
27/12/2025 15:15;563.7
27/12/2025 15:30;563.7
27/12/2025 15:45;563.7
27/12/2025 16:00;563.7
27/12/2025 16:15;563.7
27/12/2025 16:30;563.7
27/12/2025 16:45;563.7
27/12/2025 17:00;563.7
27/12/2025 17:15;563.71
27/12/2025 17:30;563.71
27/12/2025 17:45;563.71
27/12/2025 18:00;563.71
27/12/2025 18:15;563.71
27/12/2025 18:30;563.71
27/12/2025 18:45;563.71
27/12/2025 19:00;563.72
27/12/2025 19:15;563.71
27/12/2025 19:30;563.72
27/12/2025 19:45;563.72
27/12/2025 20:00;563.72
27/12/2025 20:15;563.72
27/12/2025 20:30;563.72
27/12/2025 20:45;563.72
27/12/2025 21:00;563.72
27/12/2025 21:15;563.72
27/12/2025 21:30;563.72
27/12/2025 21:45;563.73
27/12/2025 22:00;563.72
27/12/2025 22:15;563.73
27/12/2025 22:30;563.73
27/12/2025 22:45;563.73
27/12/2025 23:00;563.73
27/12/2025 23:15;563.73
27/12/2025 23:30;563.72
27/12/2025 23:45;563.73
28/12/2025 00:00;563.73
28/12/2025 00:15;563.73
28/12/2025 00:30;563.73
28/12/2025 00:45;563.74
28/12/2025 01:00;563.73
28/12/2025 01:15;563.74
28/12/2025 01:30;563.73
28/12/2025 01:45;563.74
28/12/2025 02:00;563.73
28/12/2025 02:15;563.74
28/12/2025 02:30;563.73
28/12/2025 02:45;563.74
28/12/2025 03:00;563.74
28/12/2025 03:15;563.74
28/12/2025 03:30;563.75
28/12/2025 03:45;563.74
28/12/2025 04:00;563.75
28/12/2025 04:15;563.74
28/12/2025 04:30;563.74
28/12/2025 04:45;563.74
28/12/2025 05:00;563.75
28/12/2025 05:15;563.75
28/12/2025 05:30;563.75
28/12/2025 05:45;563.75
28/12/2025 06:00;563.75
28/12/2025 06:15;563.75
28/12/2025 06:30;563.75
28/12/2025 06:45;563.75
28/12/2025 07:00;563.75
28/12/2025 07:15;563.75
28/12/2025 07:30;563.75
28/12/2025 07:45;563.75
28/12/2025 08:00;563.75
28/12/2025 08:15;563.75
28/12/2025 08:30;563.75
28/12/2025 08:45;563.75
28/12/2025 09:00;563.75
28/12/2025 09:15;563.76
28/12/2025 09:30;563.76
28/12/2025 09:45;563.76
28/12/2025 10:00;563.76
28/12/2025 10:15;563.76
28/12/2025 10:30;563.76
28/12/2025 10:45;563.76
28/12/2025 11:00;563.76
28/12/2025 11:15;563.76
28/12/2025 11:30;563.76
28/12/2025 11:45;563.76
28/12/2025 12:00;563.76
28/12/2025 12:15;563.78
28/12/2025 12:30;563.78
28/12/2025 12:45;563.78
28/12/2025 13:00;563.78
28/12/2025 13:15;563.78
28/12/2025 13:30;563.78
28/12/2025 13:45;563.78
28/12/2025 14:00;563.78
28/12/2025 14:15;563.78
28/12/2025 14:30;563.78
28/12/2025 14:45;563.78
28/12/2025 15:00;563.78
28/12/2025 15:15;563.78
28/12/2025 15:30;563.78
28/12/2025 15:45;563.78
28/12/2025 16:00;563.78
28/12/2025 16:15;563.78
28/12/2025 16:30;563.78
28/12/2025 16:45;563.79
28/12/2025 17:00;563.79
28/12/2025 17:15;563.78
28/12/2025 17:30;563.79
28/12/2025 17:45;563.79
28/12/2025 18:00;563.79
28/12/2025 18:15;563.78
28/12/2025 18:30;563.79
28/12/2025 18:45;563.79
28/12/2025 19:00;563.8
28/12/2025 19:15;563.8
28/12/2025 19:30;563.8
28/12/2025 19:45;563.8
28/12/2025 20:00;563.79
28/12/2025 20:15;563.8
28/12/2025 20:30;563.79
28/12/2025 20:45;563.8
28/12/2025 21:00;563.79
28/12/2025 21:15;563.8
28/12/2025 21:30;563.8
28/12/2025 21:45;563.8
28/12/2025 22:00;563.8
28/12/2025 22:15;563.8
28/12/2025 22:30;563.8
28/12/2025 22:45;563.8
28/12/2025 23:00;563.8
28/12/2025 23:15;563.8
28/12/2025 23:30;563.8
28/12/2025 23:45;563.8
29/12/2025 00:00;563.8
29/12/2025 00:15;563.81
29/12/2025 00:30;563.81
29/12/2025 00:45;563.81
29/12/2025 01:00;563.81
29/12/2025 01:15;563.81
29/12/2025 01:30;563.81
29/12/2025 01:45;563.81
29/12/2025 02:00;563.81
29/12/2025 02:15;563.82
29/12/2025 02:30;563.81
29/12/2025 02:45;563.82
29/12/2025 03:00;563.81
29/12/2025 03:15;563.82
29/12/2025 03:30;563.82
29/12/2025 03:45;563.82
29/12/2025 04:00;563.82
29/12/2025 04:15;563.82
29/12/2025 04:30;563.82
29/12/2025 04:45;563.82
29/12/2025 05:00;563.82
29/12/2025 05:15;563.83
29/12/2025 05:30;563.83
29/12/2025 05:45;563.83
29/12/2025 06:00;563.83
29/12/2025 06:15;563.83
29/12/2025 06:30;563.83
29/12/2025 06:45;563.83
29/12/2025 07:00;563.83
29/12/2025 07:15;563.83
29/12/2025 07:30;563.83
29/12/2025 07:45;563.83
29/12/2025 08:00;563.83
29/12/2025 08:15;563.83
29/12/2025 08:30;563.83
29/12/2025 08:45;563.83
29/12/2025 09:00;563.83
29/12/2025 09:15;563.83
29/12/2025 09:30;563.83
29/12/2025 09:45;563.83
29/12/2025 10:00;563.83
29/12/2025 10:15;563.83
29/12/2025 10:30;563.83
29/12/2025 10:45;563.83
29/12/2025 11:00;563.85
29/12/2025 11:15;563.85
29/12/2025 11:30;563.85
29/12/2025 11:45;563.85
29/12/2025 12:00;563.85
29/12/2025 12:15;563.83
29/12/2025 12:30;563.85
29/12/2025 12:45;563.85
29/12/2025 13:00;563.86
29/12/2025 13:15;563.85
29/12/2025 13:30;563.85
29/12/2025 13:45;563.85
29/12/2025 14:00;563.86
29/12/2025 14:15;563.86
29/12/2025 14:30;563.86
29/12/2025 14:45;563.85
29/12/2025 15:00;563.86
29/12/2025 15:15;563.85
29/12/2025 15:30;563.86
29/12/2025 15:45;563.86
29/12/2025 16:00;563.86
29/12/2025 16:15;563.86
29/12/2025 16:30;563.86
29/12/2025 16:45;563.86
29/12/2025 17:00;563.86
29/12/2025 17:15;563.86
29/12/2025 17:30;563.86
29/12/2025 17:45;563.86
29/12/2025 18:00;563.86
29/12/2025 18:15;563.86
29/12/2025 18:30;563.86
29/12/2025 18:45;563.86
29/12/2025 19:00;563.86
29/12/2025 19:15;563.86
29/12/2025 19:30;563.86
29/12/2025 19:45;563.86
29/12/2025 20:00;563.86
29/12/2025 20:15;563.86
29/12/2025 20:30;563.87
29/12/2025 20:45;563.87
29/12/2025 21:00;563.87
29/12/2025 21:15;563.87
29/12/2025 21:30;563.87
29/12/2025 21:45;563.87
29/12/2025 22:00;563.87
29/12/2025 22:15;563.87
29/12/2025 22:30;563.87
29/12/2025 22:45;563.87
29/12/2025 23:00;563.88
29/12/2025 23:15;563.87
29/12/2025 23:30;563.88
29/12/2025 23:45;563.88
30/12/2025 00:00;563.88
30/12/2025 00:15;563.88
30/12/2025 00:30;563.88
30/12/2025 00:45;563.88
30/12/2025 01:00;563.88
30/12/2025 01:15;563.88
30/12/2025 01:30;563.89
30/12/2025 01:45;563.89
30/12/2025 02:00;563.89
30/12/2025 02:15;563.89
30/12/2025 02:30;563.89
30/12/2025 02:45;563.89
30/12/2025 03:00;563.89
30/12/2025 03:15;563.89
30/12/2025 03:30;563.89
30/12/2025 03:45;563.89
30/12/2025 04:00;563.89
30/12/2025 04:15;563.89
30/12/2025 04:30;563.89
30/12/2025 04:45;563.89
30/12/2025 05:00;563.9
30/12/2025 05:15;563.9
30/12/2025 05:30;563.9
30/12/2025 05:45;563.9
30/12/2025 06:00;563.9
30/12/2025 06:15;563.9
30/12/2025 06:30;563.9
30/12/2025 06:45;563.9
30/12/2025 07:00;563.9
30/12/2025 07:15;563.9
30/12/2025 07:30;563.9
30/12/2025 07:45;563.91
30/12/2025 08:00;563.91
30/12/2025 08:15;563.9
30/12/2025 08:30;563.9
30/12/2025 08:45;563.9
30/12/2025 09:00;563.9
30/12/2025 09:15;563.9
30/12/2025 09:30;563.9
30/12/2025 09:45;563.9
30/12/2025 10:00;563.9
30/12/2025 10:15;563.91
30/12/2025 10:30;563.91
30/12/2025 10:45;563.91
30/12/2025 11:00;563.91
30/12/2025 11:15;563.91
30/12/2025 11:30;563.91
30/12/2025 11:45;563.92
30/12/2025 12:00;563.91
30/12/2025 12:15;563.92
30/12/2025 12:30;563.91
30/12/2025 12:45;563.91
30/12/2025 13:00;563.92
30/12/2025 13:15;563.92
30/12/2025 13:30;563.92
30/12/2025 13:45;563.92
30/12/2025 14:00;563.93
30/12/2025 14:15;563.92
30/12/2025 14:30;563.92
30/12/2025 14:45;563.92
30/12/2025 15:00;563.92
30/12/2025 15:15;563.92
30/12/2025 15:30;563.92
30/12/2025 15:45;563.92
30/12/2025 16:00;563.93
30/12/2025 16:15;563.93
30/12/2025 16:30;563.93
30/12/2025 16:45;563.93
30/12/2025 17:00;563.93
30/12/2025 17:15;563.93
30/12/2025 17:30;563.93
30/12/2025 17:45;563.93
30/12/2025 18:00;563.93
30/12/2025 18:15;563.93
30/12/2025 18:30;563.94
30/12/2025 18:45;563.94
30/12/2025 19:00;563.94
30/12/2025 19:15;563.94
30/12/2025 19:30;563.94
30/12/2025 19:45;563.94
30/12/2025 20:00;563.94
30/12/2025 20:15;563.94
30/12/2025 20:30;563.94
30/12/2025 20:45;563.94
30/12/2025 21:00;563.94
30/12/2025 21:15;563.94
30/12/2025 21:30;563.94
30/12/2025 21:45;563.94
30/12/2025 22:00;563.94
30/12/2025 22:15;563.94
30/12/2025 22:30;563.94
30/12/2025 22:45;563.94
30/12/2025 23:00;563.94
30/12/2025 23:15;563.94
30/12/2025 23:30;563.94
30/12/2025 23:45;563.96
31/12/2025 00:00;563.94
31/12/2025 00:15;563.94
31/12/2025 00:30;563.96
31/12/2025 00:45;563.96
31/12/2025 01:00;563.96
31/12/2025 01:15;563.94
31/12/2025 01:30;563.96
31/12/2025 01:45;563.96
31/12/2025 02:00;563.96
31/12/2025 02:15;563.96
31/12/2025 02:30;563.94
31/12/2025 02:45;563.96
31/12/2025 03:00;563.94
31/12/2025 03:15;563.96
31/12/2025 03:30;563.94
31/12/2025 03:45;563.96
31/12/2025 04:00;563.96
31/12/2025 04:15;563.94
31/12/2025 04:30;563.96
31/12/2025 04:45;563.96
31/12/2025 05:00;563.94
31/12/2025 05:15;563.96
31/12/2025 05:30;563.96
31/12/2025 05:45;563.96
31/12/2025 06:00;563.96
31/12/2025 06:15;563.96
31/12/2025 06:30;563.96
31/12/2025 06:45;563.96
31/12/2025 07:00;563.96
31/12/2025 07:15;563.96
31/12/2025 07:30;563.96
31/12/2025 07:45;563.96
31/12/2025 08:00;563.96
31/12/2025 08:15;563.96
31/12/2025 08:30;563.96
31/12/2025 08:45;563.96
31/12/2025 09:00;563.96
31/12/2025 09:15;563.97
31/12/2025 09:30;563.96
31/12/2025 09:45;563.97
31/12/2025 10:00;563.96
31/12/2025 10:15;563.96
31/12/2025 10:30;563.96
31/12/2025 10:45;563.96
31/12/2025 11:00;563.97
31/12/2025 11:15;563.96
31/12/2025 11:30;563.96
31/12/2025 11:45;563.96
31/12/2025 12:00;563.96
31/12/2025 12:15;563.97
31/12/2025 12:30;563.97
31/12/2025 12:45;563.97
31/12/2025 13:00;563.97
31/12/2025 13:15;563.97
31/12/2025 13:30;563.97
31/12/2025 13:45;563.97
31/12/2025 14:00;563.97
31/12/2025 14:15;563.97
31/12/2025 14:30;563.97
31/12/2025 14:45;563.97
31/12/2025 15:00;563.97
31/12/2025 15:15;563.97
31/12/2025 15:30;563.97
31/12/2025 15:45;563.98
31/12/2025 16:00;563.98
31/12/2025 16:15;563.98
31/12/2025 16:30;563.98
31/12/2025 16:45;563.98
31/12/2025 17:00;563.98
31/12/2025 17:15;563.98
31/12/2025 17:30;563.98
31/12/2025 17:45;563.98
31/12/2025 18:00;563.98
31/12/2025 18:15;563.98
31/12/2025 18:30;563.99
31/12/2025 18:45;563.99
31/12/2025 19:00;563.99
31/12/2025 19:15;563.99
31/12/2025 19:30;563.99
31/12/2025 19:45;563.99
31/12/2025 20:00;563.99
31/12/2025 20:15;563.99
31/12/2025 20:30;563.99
31/12/2025 20:45;563.99
31/12/2025 21:00;563.99
31/12/2025 21:15;563.99
31/12/2025 21:30;563.99
31/12/2025 21:45;563.99
31/12/2025 22:00;563.99
31/12/2025 22:15;563.99
31/12/2025 22:30;563.99
31/12/2025 22:45;563.99
31/12/2025 23:00;563.99
31/12/2025 23:15;563.99
31/12/2025 23:30;563.99
31/12/2025 23:45;563.99
01/01/2026 00:00;563.99
01/01/2026 00:15;563.99
01/01/2026 00:30;563.99
01/01/2026 00:45;563.99
01/01/2026 01:00;563.99
01/01/2026 01:15;563.99
01/01/2026 01:30;564.01
01/01/2026 01:45;564.01
01/01/2026 02:00;563.99
01/01/2026 02:15;564.01
01/01/2026 02:30;564.01
01/01/2026 02:45;564.01
01/01/2026 03:00;564.01
01/01/2026 03:15;564.01
01/01/2026 03:30;564.01
01/01/2026 03:45;564.01
01/01/2026 04:00;564.01
01/01/2026 04:15;564.01
01/01/2026 04:30;564.01
01/01/2026 04:45;564.01
01/01/2026 05:00;564.01
01/01/2026 05:15;564.01
01/01/2026 05:30;564.01
01/01/2026 05:45;564.01
01/01/2026 06:00;564.01
01/01/2026 06:15;564.01
01/01/2026 06:30;564.01
01/01/2026 06:45;564.01
01/01/2026 07:00;564.01
01/01/2026 07:15;564.01
01/01/2026 07:30;564.01
01/01/2026 07:45;564.01
01/01/2026 08:00;564.01
01/01/2026 08:15;564.01
01/01/2026 08:30;564.01
01/01/2026 08:45;564.01
01/01/2026 09:00;564.01
01/01/2026 09:15;564.01
01/01/2026 09:30;564.01
01/01/2026 09:45;564.03
01/01/2026 10:00;564.01
01/01/2026 10:15;564.03
01/01/2026 10:30;564.01
01/01/2026 10:45;564.01
01/01/2026 11:00;564.01
01/01/2026 11:15;564.01
01/01/2026 11:30;564.01
01/01/2026 11:45;564.01
01/01/2026 12:00;564.03
01/01/2026 12:15;564.01
01/01/2026 12:30;564.03
01/01/2026 12:45;564.03
01/01/2026 13:00;564.03
01/01/2026 13:15;564.03
01/01/2026 13:30;564.03
01/01/2026 13:45;564.03
01/01/2026 14:00;564.03
01/01/2026 14:15;564.03
01/01/2026 14:30;564.03
01/01/2026 14:45;564.03
01/01/2026 15:00;564.04
01/01/2026 15:15;564.04
01/01/2026 15:30;564.04
01/01/2026 15:45;564.04
01/01/2026 16:00;564.04
01/01/2026 16:15;564.04
01/01/2026 16:30;564.04
01/01/2026 16:45;564.04
01/01/2026 17:00;564.04
01/01/2026 17:15;564.04
01/01/2026 17:30;564.04
01/01/2026 17:45;564.04
01/01/2026 18:00;564.04
01/01/2026 18:15;564.04
01/01/2026 18:30;564.04
01/01/2026 18:45;564.04
01/01/2026 19:00;564.04
01/01/2026 19:15;564.04
01/01/2026 19:30;564.04
01/01/2026 19:45;564.04
01/01/2026 20:00;564.04
01/01/2026 20:15;564.04
01/01/2026 20:30;564.04
01/01/2026 20:45;564.05
01/01/2026 21:00;564.05
01/01/2026 21:15;564.04
01/01/2026 21:30;564.05
01/01/2026 21:45;564.05
01/01/2026 22:00;564.05
01/01/2026 22:15;564.05
01/01/2026 22:30;564.05
01/01/2026 22:45;564.05
01/01/2026 23:00;564.05
01/01/2026 23:15;564.05
01/01/2026 23:30;564.05
01/01/2026 23:45;564.05
02/01/2026 00:00;564.05
02/01/2026 00:15;564.05
02/01/2026 00:30;564.05
02/01/2026 00:45;564.06
02/01/2026 01:00;564.05
02/01/2026 01:15;564.06
02/01/2026 01:30;564.05
02/01/2026 01:45;564.06
02/01/2026 02:00;564.06
02/01/2026 02:15;564.05
02/01/2026 02:30;564.06
02/01/2026 02:45;564.06
02/01/2026 03:00;564.06
02/01/2026 03:15;564.06
02/01/2026 03:30;564.06
02/01/2026 03:45;564.05
02/01/2026 04:00;564.06
02/01/2026 04:15;564.06
02/01/2026 04:30;564.06
02/01/2026 04:45;564.06
02/01/2026 05:00;564.06
02/01/2026 05:15;564.06
02/01/2026 05:30;564.06
02/01/2026 05:45;564.06
02/01/2026 06:00;564.06
02/01/2026 06:15;564.06
02/01/2026 06:30;564.06
02/01/2026 06:45;564.06
02/01/2026 07:00;564.06
02/01/2026 07:15;564.06
02/01/2026 07:30;564.06
02/01/2026 07:45;564.06
02/01/2026 08:00;564.06
02/01/2026 08:15;564.08
02/01/2026 08:30;564.06
02/01/2026 08:45;564.06
02/01/2026 09:00;564.08
02/01/2026 09:15;564.06
02/01/2026 09:30;564.08
02/01/2026 09:45;564.06
02/01/2026 10:00;564.08
02/01/2026 10:15;564.06
02/01/2026 10:30;564.06
02/01/2026 10:45;564.08
02/01/2026 11:00;564.08
02/01/2026 11:15;564.08
02/01/2026 11:30;564.08
02/01/2026 11:45;564.08
02/01/2026 12:00;564.08
02/01/2026 12:15;564.08
02/01/2026 12:30;564.08
02/01/2026 12:45;564.08
02/01/2026 13:00;564.09
02/01/2026 13:15;564.08
02/01/2026 13:30;564.08
02/01/2026 13:45;564.08
02/01/2026 14:00;564.09
02/01/2026 14:15;564.09
02/01/2026 14:30;564.09
02/01/2026 14:45;564.09
02/01/2026 15:00;564.09
02/01/2026 15:15;564.09
02/01/2026 15:30;564.09
02/01/2026 15:45;564.09
02/01/2026 16:00;564.09
02/01/2026 16:15;564.1
02/01/2026 16:30;564.09
02/01/2026 16:45;564.1
02/01/2026 17:00;564.09
02/01/2026 17:15;564.1
02/01/2026 17:30;564.1
02/01/2026 17:45;564.09
02/01/2026 18:00;564.1
02/01/2026 18:15;564.1
02/01/2026 18:30;564.1
02/01/2026 18:45;564.1
02/01/2026 19:00;564.1
02/01/2026 19:15;564.1
02/01/2026 19:30;564.1
02/01/2026 19:45;564.1
02/01/2026 20:00;564.1
02/01/2026 20:15;564.1
02/01/2026 20:30;564.1
02/01/2026 20:45;564.1
02/01/2026 21:00;564.1
02/01/2026 21:15;564.1
02/01/2026 21:30;564.1
02/01/2026 21:45;564.1
02/01/2026 22:00;564.1
02/01/2026 22:15;564.1
02/01/2026 22:30;564.1
02/01/2026 22:45;564.1
02/01/2026 23:00;564.1
02/01/2026 23:15;564.1
02/01/2026 23:30;564.1
02/01/2026 23:45;564.1
03/01/2026 00:00;564.12
03/01/2026 00:15;564.12
03/01/2026 00:30;564.12
03/01/2026 00:45;564.12
03/01/2026 01:00;564.12
03/01/2026 01:15;564.1
03/01/2026 01:30;564.12
03/01/2026 01:45;564.1
03/01/2026 02:00;564.12
03/01/2026 02:15;564.12
03/01/2026 02:30;564.12
03/01/2026 02:45;564.12
03/01/2026 03:00;564.12
03/01/2026 03:15;564.12
03/01/2026 03:30;564.12
03/01/2026 03:45;564.12
03/01/2026 04:00;564.12
03/01/2026 04:15;564.12
03/01/2026 04:30;564.12
03/01/2026 04:45;564.12
03/01/2026 05:00;564.12
03/01/2026 05:15;564.12
03/01/2026 05:30;564.12
03/01/2026 05:45;564.12
03/01/2026 06:00;564.12
03/01/2026 06:15;564.12
03/01/2026 06:30;564.12
03/01/2026 06:45;564.12
03/01/2026 07:00;564.12
03/01/2026 07:15;564.12
03/01/2026 07:30;564.12
03/01/2026 07:45;564.12
03/01/2026 08:00;564.14
03/01/2026 08:15;564.14
03/01/2026 08:30;564.14
03/01/2026 08:45;564.12
03/01/2026 09:00;564.12
03/01/2026 09:15;564.14
03/01/2026 09:30;564.14
03/01/2026 09:45;564.14
03/01/2026 10:00;564.14
03/01/2026 10:15;564.14
03/01/2026 10:30;564.14
03/01/2026 10:45;564.14
03/01/2026 11:00;564.14
03/01/2026 11:15;564.14
03/01/2026 11:30;564.14
03/01/2026 11:45;564.14
03/01/2026 12:00;564.14
03/01/2026 12:15;564.14
03/01/2026 12:30;564.14
03/01/2026 12:45;564.14
03/01/2026 13:00;564.14
03/01/2026 13:15;564.14
03/01/2026 13:30;564.14
03/01/2026 13:45;564.14
03/01/2026 14:00;564.14
03/01/2026 14:15;564.14
03/01/2026 14:30;564.15
03/01/2026 14:45;564.15
03/01/2026 15:00;564.15
03/01/2026 15:15;564.15
03/01/2026 15:30;564.15
03/01/2026 15:45;564.15
03/01/2026 16:00;564.15
03/01/2026 16:15;564.15
03/01/2026 16:30;564.15
03/01/2026 16:45;564.15
03/01/2026 17:00;564.15
03/01/2026 17:15;564.16
03/01/2026 17:30;564.16
03/01/2026 17:45;564.16
03/01/2026 18:00;564.16
03/01/2026 18:15;564.16
03/01/2026 18:30;564.16
03/01/2026 18:45;564.16
03/01/2026 19:00;564.16
03/01/2026 19:15;564.16
03/01/2026 19:30;564.16
03/01/2026 19:45;564.16
03/01/2026 20:00;564.16
03/01/2026 20:15;564.16
03/01/2026 20:30;564.16
03/01/2026 20:45;564.16
03/01/2026 21:00;564.16
03/01/2026 21:15;564.16
03/01/2026 21:30;564.17
03/01/2026 21:45;564.17
03/01/2026 22:00;564.16
03/01/2026 22:15;564.17
03/01/2026 22:30;564.17
03/01/2026 22:45;564.17
03/01/2026 23:00;564.16
03/01/2026 23:15;564.17
03/01/2026 23:30;564.17
03/01/2026 23:45;564.17
04/01/2026 00:00;564.17
04/01/2026 00:15;564.17
04/01/2026 00:30;564.17
04/01/2026 00:45;564.17
04/01/2026 01:00;564.17
04/01/2026 01:15;564.17
04/01/2026 01:30;564.17
04/01/2026 01:45;564.17
04/01/2026 02:00;564.17
04/01/2026 02:15;564.17
04/01/2026 02:30;564.17
04/01/2026 02:45;564.17
04/01/2026 03:00;564.17
04/01/2026 03:15;564.17
04/01/2026 03:30;564.17
04/01/2026 03:45;564.17
04/01/2026 04:00;564.17
04/01/2026 04:15;564.17
04/01/2026 04:30;564.17
04/01/2026 04:45;564.17
04/01/2026 05:00;564.17
04/01/2026 05:15;564.19
04/01/2026 05:30;564.17
04/01/2026 05:45;564.17
04/01/2026 06:00;564.17
04/01/2026 06:15;564.19
04/01/2026 06:30;564.17
04/01/2026 06:45;564.17
04/01/2026 07:00;564.19
04/01/2026 07:15;564.19
04/01/2026 07:30;564.19
04/01/2026 07:45;564.17
04/01/2026 08:00;564.19
04/01/2026 08:15;564.19
04/01/2026 08:30;564.19
04/01/2026 08:45;564.19
04/01/2026 09:00;564.19
04/01/2026 09:15;564.19
04/01/2026 09:30;564.19
04/01/2026 09:45;564.19
04/01/2026 10:00;564.19
04/01/2026 10:15;564.19
04/01/2026 10:30;564.19
04/01/2026 10:45;564.19
04/01/2026 11:00;564.19
04/01/2026 11:15;564.19
04/01/2026 11:30;564.19
04/01/2026 11:45;564.19
04/01/2026 12:00;564.19
04/01/2026 12:15;564.19
04/01/2026 12:30;564.19
04/01/2026 12:45;564.19
04/01/2026 13:00;564.21
04/01/2026 13:15;564.19
04/01/2026 13:30;564.19
04/01/2026 13:45;564.21
04/01/2026 14:00;564.19
04/01/2026 14:15;564.19
04/01/2026 14:30;564.19
04/01/2026 14:45;564.19
04/01/2026 15:00;564.21
04/01/2026 15:15;564.19
04/01/2026 15:30;564.21
04/01/2026 15:45;564.21
04/01/2026 16:00;564.19
04/01/2026 16:15;564.21
04/01/2026 16:30;564.21
04/01/2026 16:45;564.21
04/01/2026 17:00;564.21
04/01/2026 17:15;564.21
04/01/2026 17:30;564.21
04/01/2026 17:45;564.21
04/01/2026 18:00;564.21
04/01/2026 18:15;564.21
04/01/2026 18:30;564.21
04/01/2026 18:45;564.21
04/01/2026 19:00;564.21
04/01/2026 19:15;564.22
04/01/2026 19:30;564.22
04/01/2026 19:45;564.22
04/01/2026 20:00;564.21
04/01/2026 20:15;564.22
04/01/2026 20:30;564.22
04/01/2026 20:45;564.22
04/01/2026 21:00;564.22
04/01/2026 21:15;564.22
04/01/2026 21:30;564.22
04/01/2026 21:45;564.22
04/01/2026 22:00;564.22
04/01/2026 22:15;564.22
04/01/2026 22:30;564.22
04/01/2026 22:45;564.22
04/01/2026 23:00;564.22
04/01/2026 23:15;564.22
04/01/2026 23:30;564.22
04/01/2026 23:45;564.22
05/01/2026 00:00;564.22
05/01/2026 00:15;564.22
05/01/2026 00:30;564.22
05/01/2026 00:45;564.22
05/01/2026 01:00;564.22
05/01/2026 01:15;564.22
05/01/2026 01:30;564.22
05/01/2026 01:45;564.22
05/01/2026 02:00;564.22
05/01/2026 02:15;564.22
05/01/2026 02:30;564.22
05/01/2026 02:45;564.22
05/01/2026 03:00;564.22
05/01/2026 03:15;564.22
05/01/2026 03:30;564.22
05/01/2026 03:45;564.22
05/01/2026 04:00;564.22
05/01/2026 04:15;564.22
05/01/2026 04:30;564.22
05/01/2026 04:45;564.22
05/01/2026 05:00;564.22
05/01/2026 05:15;564.23
05/01/2026 05:30;564.22
05/01/2026 05:45;564.22
05/01/2026 06:00;564.22
05/01/2026 06:15;564.23
05/01/2026 06:30;564.23
05/01/2026 06:45;564.23
05/01/2026 07:00;564.23
05/01/2026 07:15;564.22
05/01/2026 07:30;564.23
05/01/2026 07:45;564.23
05/01/2026 08:00;564.22
05/01/2026 08:15;564.23
05/01/2026 08:30;564.23
05/01/2026 08:45;564.23
05/01/2026 09:00;564.24
05/01/2026 09:15;564.24
05/01/2026 09:30;564.23
05/01/2026 09:45;564.24
05/01/2026 10:00;564.24
05/01/2026 10:15;564.23
05/01/2026 10:30;564.24
05/01/2026 10:45;564.23
05/01/2026 11:00;564.24
05/01/2026 11:15;564.23
05/01/2026 11:30;564.24
05/01/2026 11:45;564.24
05/01/2026 12:00;564.23
05/01/2026 12:15;564.24
05/01/2026 12:30;564.24
05/01/2026 12:45;564.24
05/01/2026 13:00;564.24
05/01/2026 13:15;564.24
05/01/2026 13:30;564.24
05/01/2026 13:45;564.24
05/01/2026 14:00;564.24
05/01/2026 14:15;564.24
05/01/2026 14:30;564.24
05/01/2026 14:45;564.24
05/01/2026 15:00;564.24
05/01/2026 15:15;564.24
05/01/2026 15:30;564.24
05/01/2026 15:45;564.24
05/01/2026 16:00;564.23
05/01/2026 16:15;564.24
05/01/2026 16:30;564.24
05/01/2026 16:45;564.24
05/01/2026 17:00;564.24
05/01/2026 17:15;564.24
05/01/2026 17:30;564.24
05/01/2026 17:45;564.24
05/01/2026 18:00;564.24
05/01/2026 18:15;564.24
05/01/2026 18:30;564.24
05/01/2026 18:45;564.24
05/01/2026 19:00;564.24
05/01/2026 19:15;564.24
05/01/2026 19:30;564.24
05/01/2026 19:45;564.24
05/01/2026 20:00;564.24
05/01/2026 20:15;564.24
05/01/2026 20:30;564.24
05/01/2026 20:45;564.24
05/01/2026 21:00;564.24
05/01/2026 21:15;564.24
05/01/2026 21:30;564.24
05/01/2026 21:45;564.24
05/01/2026 22:00;564.24
05/01/2026 22:15;564.24
05/01/2026 22:30;564.24
05/01/2026 22:45;564.24
05/01/2026 23:00;564.24
05/01/2026 23:15;564.26
05/01/2026 23:30;564.24
05/01/2026 23:45;564.24
06/01/2026 00:00;564.24
06/01/2026 00:15;564.24
06/01/2026 00:30;564.24
06/01/2026 00:45;564.24
06/01/2026 01:00;564.24
06/01/2026 01:15;564.24
06/01/2026 01:30;564.24
06/01/2026 01:45;564.24
06/01/2026 02:00;564.24
06/01/2026 02:15;564.24
06/01/2026 02:30;564.24
06/01/2026 02:45;564.24
06/01/2026 03:00;564.24
06/01/2026 03:15;564.24
06/01/2026 03:30;564.24
06/01/2026 03:45;564.24
06/01/2026 04:00;564.24
06/01/2026 04:15;564.24
06/01/2026 04:30;564.24
06/01/2026 04:45;564.24
06/01/2026 05:00;564.24
06/01/2026 05:15;564.26
06/01/2026 05:30;564.26
06/01/2026 05:45;564.26
06/01/2026 06:00;564.26
06/01/2026 06:15;564.26
06/01/2026 06:30;564.26
06/01/2026 06:45;564.26
06/01/2026 07:00;564.26
06/01/2026 07:15;564.26
06/01/2026 07:30;564.26
06/01/2026 07:45;564.26
06/01/2026 08:00;564.26
06/01/2026 08:15;564.26
06/01/2026 08:30;564.27
06/01/2026 08:45;564.26
06/01/2026 09:00;564.26
06/01/2026 09:15;564.27
06/01/2026 09:30;564.27
06/01/2026 09:45;564.26
06/01/2026 10:00;564.26
06/01/2026 10:15;564.27
06/01/2026 10:30;564.27
06/01/2026 10:45;564.26
06/01/2026 11:00;564.26
06/01/2026 11:15;564.26
06/01/2026 11:30;564.24
06/01/2026 11:45;564.24
06/01/2026 12:00;564.24
06/01/2026 12:15;564.24
06/01/2026 12:30;564.24
06/01/2026 12:45;564.24
06/01/2026 13:00;564.24
06/01/2026 13:15;564.24
06/01/2026 13:30;564.24
06/01/2026 13:45;564.24
06/01/2026 14:00;564.24
06/01/2026 14:15;564.26
06/01/2026 14:30;564.26
06/01/2026 14:45;564.24
06/01/2026 15:00;564.24
06/01/2026 15:15;564.24
06/01/2026 15:30;564.24
06/01/2026 15:45;564.24
06/01/2026 16:00;564.24
06/01/2026 16:15;564.24
06/01/2026 16:30;564.24
06/01/2026 16:45;564.24
06/01/2026 17:00;564.24
06/01/2026 17:15;564.24
06/01/2026 17:30;564.24
06/01/2026 17:45;564.24
06/01/2026 18:00;564.24
06/01/2026 18:15;564.24
06/01/2026 18:30;564.24
06/01/2026 18:45;564.24
06/01/2026 19:00;564.24
06/01/2026 19:15;564.24
06/01/2026 19:30;564.24
06/01/2026 19:45;564.24
06/01/2026 20:00;564.24
06/01/2026 20:15;564.24
06/01/2026 20:30;564.24
06/01/2026 20:45;564.24
06/01/2026 21:00;564.24
06/01/2026 21:15;564.24
06/01/2026 21:30;564.24
06/01/2026 21:45;564.24
06/01/2026 22:00;564.24
06/01/2026 22:15;564.24
06/01/2026 22:30;564.24
06/01/2026 22:45;564.24
06/01/2026 23:00;564.24
06/01/2026 23:15;564.24
06/01/2026 23:30;564.24
06/01/2026 23:45;564.24
07/01/2026 00:00;564.24
07/01/2026 00:15;564.24
07/01/2026 00:30;564.26
07/01/2026 00:45;564.24
07/01/2026 01:00;564.26
07/01/2026 01:15;564.26
07/01/2026 01:30;564.26
07/01/2026 01:45;564.26
07/01/2026 02:00;564.26
07/01/2026 02:15;564.26
07/01/2026 02:30;564.26
07/01/2026 02:45;564.26
07/01/2026 03:00;564.26
07/01/2026 03:15;564.26
07/01/2026 03:30;564.26
07/01/2026 03:45;564.26
07/01/2026 04:00;564.26
07/01/2026 04:15;564.26
07/01/2026 04:30;564.27
07/01/2026 04:45;564.26
07/01/2026 05:00;564.27
07/01/2026 05:15;564.27
07/01/2026 05:30;564.26
07/01/2026 05:45;564.27
07/01/2026 06:00;564.27
07/01/2026 06:15;564.27
07/01/2026 06:30;564.27
07/01/2026 06:45;564.27
07/01/2026 07:00;564.27
07/01/2026 07:15;564.27
07/01/2026 07:30;564.27
07/01/2026 07:45;564.27
07/01/2026 08:00;564.27
07/01/2026 08:15;564.27
07/01/2026 08:30;564.27
07/01/2026 08:45;564.27
07/01/2026 09:00;564.27
07/01/2026 09:15;564.27
07/01/2026 09:30;564.28
07/01/2026 09:45;564.28
07/01/2026 10:00;564.28
07/01/2026 10:15;564.28
07/01/2026 10:30;564.28
07/01/2026 10:45;564.27
07/01/2026 11:00;564.28
07/01/2026 11:15;564.28
07/01/2026 11:30;564.28
07/01/2026 11:45;564.28
07/01/2026 12:00;564.28
07/01/2026 12:15;564.28
07/01/2026 12:30;564.28
07/01/2026 12:45;564.27
07/01/2026 13:00;564.27
07/01/2026 13:15;564.27
07/01/2026 13:30;564.26
07/01/2026 13:45;564.26
07/01/2026 14:00;564.26
07/01/2026 14:15;564.26
07/01/2026 14:30;564.26
07/01/2026 14:45;564.26
07/01/2026 15:00;564.26
07/01/2026 15:15;564.26
07/01/2026 15:30;564.26
07/01/2026 15:45;564.26
07/01/2026 16:00;564.27
07/01/2026 16:15;564.26
07/01/2026 16:30;564.27
07/01/2026 16:45;564.27
07/01/2026 17:00;564.27
07/01/2026 17:15;564.27
07/01/2026 17:30;564.27
07/01/2026 17:45;564.27
07/01/2026 18:00;564.27
07/01/2026 18:15;564.27
07/01/2026 18:30;564.28
07/01/2026 18:45;564.27
07/01/2026 19:00;564.27
07/01/2026 19:15;564.27
07/01/2026 19:30;564.28
07/01/2026 19:45;564.27
07/01/2026 20:00;564.28
07/01/2026 20:15;564.28
07/01/2026 20:30;564.28
07/01/2026 20:45;564.28
07/01/2026 21:00;564.28
07/01/2026 21:15;564.28
07/01/2026 21:30;564.28
07/01/2026 21:45;564.29
07/01/2026 22:00;564.28
07/01/2026 22:15;564.29
07/01/2026 22:30;564.28
07/01/2026 22:45;564.29
07/01/2026 23:00;564.29
07/01/2026 23:15;564.29
07/01/2026 23:30;564.29
07/01/2026 23:45;564.29
08/01/2026 00:00;564.29
08/01/2026 00:15;564.29
08/01/2026 00:30;564.29
08/01/2026 00:45;564.3
08/01/2026 01:00;564.3
08/01/2026 01:15;564.3
08/01/2026 01:30;564.29
08/01/2026 01:45;564.29
08/01/2026 02:00;564.3
08/01/2026 02:15;564.3
08/01/2026 02:30;564.3
08/01/2026 02:45;564.3
08/01/2026 03:00;564.3
08/01/2026 03:15;564.3
08/01/2026 03:30;564.3
08/01/2026 03:45;564.3
08/01/2026 04:00;564.3
08/01/2026 04:15;564.3
08/01/2026 04:30;564.3
08/01/2026 04:45;564.3
08/01/2026 05:00;564.3
08/01/2026 05:15;564.3
08/01/2026 05:30;564.3
08/01/2026 05:45;564.3
08/01/2026 06:00;564.3
08/01/2026 06:15;564.3
08/01/2026 06:30;564.3
08/01/2026 06:45;564.3
08/01/2026 07:00;564.3
08/01/2026 07:15;564.3
08/01/2026 07:30;564.3
08/01/2026 07:45;564.3
08/01/2026 08:00;564.3
08/01/2026 08:15;564.31
08/01/2026 08:30;564.31
08/01/2026 08:45;564.31
08/01/2026 09:00;564.31
08/01/2026 09:15;564.31
08/01/2026 09:30;564.31
08/01/2026 09:45;564.31
08/01/2026 10:00;564.31
08/01/2026 10:15;564.31
08/01/2026 10:30;564.31
08/01/2026 10:45;564.31
08/01/2026 11:00;564.31
08/01/2026 11:15;564.33
08/01/2026 11:30;564.33
08/01/2026 11:45;564.33
08/01/2026 12:00;564.33
08/01/2026 12:15;564.33
08/01/2026 12:30;564.34
08/01/2026 12:45;564.34
08/01/2026 13:00;564.33
08/01/2026 13:15;564.34
08/01/2026 13:30;564.34
08/01/2026 13:45;564.34
08/01/2026 14:00;564.35
08/01/2026 14:15;564.35
08/01/2026 14:30;564.35
08/01/2026 14:45;564.35
08/01/2026 15:00;564.35
08/01/2026 15:15;564.35
08/01/2026 15:30;564.35
08/01/2026 15:45;564.37
08/01/2026 16:00;564.37
08/01/2026 16:15;564.37
08/01/2026 16:30;564.38
08/01/2026 16:45;564.38
08/01/2026 17:00;564.38
08/01/2026 17:15;564.39
08/01/2026 17:30;564.39
08/01/2026 17:45;564.4
08/01/2026 18:00;564.39
08/01/2026 18:15;564.4
08/01/2026 18:30;564.4
08/01/2026 18:45;564.4
08/01/2026 19:00;564.4
08/01/2026 19:15;564.4
08/01/2026 19:30;564.41
08/01/2026 19:45;564.4
08/01/2026 20:00;564.41
08/01/2026 20:15;564.41
08/01/2026 20:30;564.42
08/01/2026 20:45;564.42
08/01/2026 21:00;564.42
08/01/2026 21:15;564.42
08/01/2026 21:30;564.42
08/01/2026 21:45;564.42
08/01/2026 22:00;564.42
08/01/2026 22:15;564.42
08/01/2026 22:30;564.44
08/01/2026 22:45;564.44
08/01/2026 23:00;564.45
08/01/2026 23:15;564.44
08/01/2026 23:30;564.44
08/01/2026 23:45;564.45
09/01/2026 00:00;564.46
09/01/2026 00:15;564.46
09/01/2026 00:30;564.46
09/01/2026 00:45;564.46
09/01/2026 01:00;564.47
09/01/2026 01:15;564.47
09/01/2026 01:30;564.47
09/01/2026 01:45;564.47
09/01/2026 02:00;564.48
09/01/2026 02:15;564.48
09/01/2026 02:30;564.48
09/01/2026 02:45;564.48
09/01/2026 03:00;564.49
09/01/2026 03:15;564.49
09/01/2026 03:30;564.49
09/01/2026 03:45;564.48
09/01/2026 04:00;564.51
09/01/2026 04:15;564.49
09/01/2026 04:30;564.51
09/01/2026 04:45;564.51
09/01/2026 05:00;564.51
09/01/2026 05:15;564.51
09/01/2026 05:30;564.51
09/01/2026 05:45;564.52
09/01/2026 06:00;564.52
09/01/2026 06:15;564.52
09/01/2026 06:30;564.52
09/01/2026 06:45;564.53
09/01/2026 07:00;564.53
09/01/2026 07:15;564.53
09/01/2026 07:30;564.54
09/01/2026 07:45;564.54
09/01/2026 08:00;564.55
09/01/2026 08:15;564.55
09/01/2026 08:30;564.56
09/01/2026 08:45;564.56
09/01/2026 09:00;564.56
09/01/2026 09:15;564.56
09/01/2026 09:30;564.56
09/01/2026 09:45;564.58
09/01/2026 10:00;564.58
09/01/2026 10:15;564.58
09/01/2026 10:30;564.59
09/01/2026 10:45;564.6
09/01/2026 11:00;564.6
09/01/2026 11:15;564.6
09/01/2026 11:30;564.6
09/01/2026 11:45;564.62
09/01/2026 12:00;564.62
09/01/2026 12:15;564.63
09/01/2026 12:30;564.64
09/01/2026 12:45;564.65
09/01/2026 13:00;564.65
09/01/2026 13:15;564.66
09/01/2026 13:30;564.67
09/01/2026 13:45;564.67
09/01/2026 14:00;564.67
09/01/2026 14:15;564.67
09/01/2026 14:30;564.69
09/01/2026 14:45;564.69
09/01/2026 15:00;564.7
09/01/2026 15:15;564.71
09/01/2026 15:30;564.71
09/01/2026 15:45;564.72
09/01/2026 16:00;564.73
09/01/2026 16:15;564.73
09/01/2026 16:30;564.73
09/01/2026 16:45;564.74
09/01/2026 17:00;564.74
09/01/2026 17:15;564.74
09/01/2026 17:30;564.76
09/01/2026 17:45;564.76
09/01/2026 18:00;564.76
09/01/2026 18:15;564.77
09/01/2026 18:30;564.79
09/01/2026 18:45;564.79
09/01/2026 19:00;564.79
09/01/2026 19:15;564.8
09/01/2026 19:30;564.8
09/01/2026 19:45;564.81
09/01/2026 20:00;564.81
09/01/2026 20:15;564.83
09/01/2026 20:30;564.83
09/01/2026 20:45;564.84
09/01/2026 21:00;564.84
09/01/2026 21:15;564.84
09/01/2026 21:30;564.85
09/01/2026 21:45;564.85
09/01/2026 22:00;564.87
09/01/2026 22:15;564.87
09/01/2026 22:30;564.88
09/01/2026 22:45;564.88
09/01/2026 23:00;564.89
09/01/2026 23:15;564.9
09/01/2026 23:30;564.9
09/01/2026 23:45;564.9
10/01/2026 00:00;564.91
10/01/2026 00:15;564.91
10/01/2026 00:30;564.92
10/01/2026 00:45;564.92
10/01/2026 01:00;564.94
10/01/2026 01:15;564.94
10/01/2026 01:30;564.94
10/01/2026 01:45;564.94
10/01/2026 02:00;564.95
10/01/2026 02:15;564.95
10/01/2026 02:30;564.97
10/01/2026 02:45;564.97
10/01/2026 03:00;564.97
10/01/2026 03:15;564.99
10/01/2026 03:30;564.98
10/01/2026 03:45;564.99
10/01/2026 04:00;564.99
10/01/2026 04:15;564.99
10/01/2026 04:30;565.01
10/01/2026 04:45;565.01
10/01/2026 05:00;565.02
10/01/2026 05:15;565.02
10/01/2026 05:30;565.02
10/01/2026 05:45;565.04
10/01/2026 06:00;565.05
10/01/2026 06:15;565.05
10/01/2026 06:30;565.05
10/01/2026 06:45;565.05
10/01/2026 07:00;565.05
10/01/2026 07:15;565.06
10/01/2026 07:30;565.06
10/01/2026 07:45;565.06
10/01/2026 08:00;565.08
10/01/2026 08:15;565.08
10/01/2026 08:30;565.09
10/01/2026 08:45;565.1
10/01/2026 09:00;565.1
10/01/2026 09:15;565.1
10/01/2026 09:30;565.1
10/01/2026 09:45;565.1
10/01/2026 10:00;565.1
10/01/2026 10:15;565.12
10/01/2026 10:30;565.12
10/01/2026 10:45;565.12
10/01/2026 11:00;565.13
10/01/2026 11:15;565.13
10/01/2026 11:30;565.15
10/01/2026 11:45;565.15
10/01/2026 12:00;565.16
10/01/2026 12:15;565.16
10/01/2026 12:30;565.16
10/01/2026 12:45;565.17
10/01/2026 13:00;565.17
10/01/2026 13:15;565.17
10/01/2026 13:30;565.19
10/01/2026 13:45;565.19
10/01/2026 14:00;565.2
10/01/2026 14:15;565.2
10/01/2026 14:30;565.2
10/01/2026 14:45;565.22
10/01/2026 15:00;565.22
10/01/2026 15:15;565.23
10/01/2026 15:30;565.23
10/01/2026 15:45;565.23
10/01/2026 16:00;565.23
10/01/2026 16:15;565.24
10/01/2026 16:30;565.24
10/01/2026 16:45;565.24
10/01/2026 17:00;565.26
10/01/2026 17:15;565.27
10/01/2026 17:30;565.27
10/01/2026 17:45;565.27
10/01/2026 18:00;565.28
10/01/2026 18:15;565.29
10/01/2026 18:30;565.29
10/01/2026 18:45;565.3
10/01/2026 19:00;565.31
10/01/2026 19:15;565.31
10/01/2026 19:30;565.31
10/01/2026 19:45;565.33
10/01/2026 20:00;565.33
10/01/2026 20:15;565.33
10/01/2026 20:30;565.35
10/01/2026 20:45;565.35
10/01/2026 21:00;565.35
10/01/2026 21:15;565.35
10/01/2026 21:30;565.37
10/01/2026 21:45;565.38
10/01/2026 22:00;565.38
10/01/2026 22:15;565.38
10/01/2026 22:30;565.4
10/01/2026 22:45;565.4
10/01/2026 23:00;565.41
10/01/2026 23:15;565.41
10/01/2026 23:30;565.42
10/01/2026 23:45;565.42
11/01/2026 00:00;565.44
11/01/2026 00:15;565.44
11/01/2026 00:30;565.45
11/01/2026 00:45;565.46
11/01/2026 01:00;565.46
11/01/2026 01:15;565.47
11/01/2026 01:30;565.48
11/01/2026 01:45;565.49
11/01/2026 02:00;565.49
11/01/2026 02:15;565.49
11/01/2026 02:30;565.49
11/01/2026 02:45;565.51
11/01/2026 03:00;565.51
11/01/2026 03:15;565.52
11/01/2026 03:30;565.53
11/01/2026 03:45;565.54
11/01/2026 04:00;565.55
11/01/2026 04:15;565.56
11/01/2026 04:30;565.55
11/01/2026 04:45;565.56
11/01/2026 05:00;565.56
11/01/2026 05:15;565.58
11/01/2026 05:30;565.59
11/01/2026 05:45;565.59
11/01/2026 06:00;565.6
11/01/2026 06:15;565.6
11/01/2026 06:30;565.6
11/01/2026 06:45;565.6
11/01/2026 07:00;565.62
11/01/2026 07:15;565.62
11/01/2026 07:30;565.63
11/01/2026 07:45;565.64
11/01/2026 08:00;565.64
11/01/2026 08:15;565.65
11/01/2026 08:30;565.65
11/01/2026 08:45;565.67
11/01/2026 09:00;565.67
11/01/2026 09:15;565.67
11/01/2026 09:30;565.67
11/01/2026 09:45;565.67
11/01/2026 10:00;565.69
11/01/2026 10:15;565.69
11/01/2026 10:30;565.69
11/01/2026 10:45;565.7
11/01/2026 11:00;565.7
11/01/2026 11:15;565.71
11/01/2026 11:30;565.71
11/01/2026 11:45;565.72
11/01/2026 12:00;565.72
11/01/2026 12:15;565.73
11/01/2026 12:30;565.74
11/01/2026 12:45;565.74
11/01/2026 13:00;565.74
11/01/2026 13:15;565.74
11/01/2026 13:30;565.76
11/01/2026 13:45;565.76
11/01/2026 14:00;565.77
11/01/2026 14:15;565.77
11/01/2026 14:30;565.77
11/01/2026 14:45;565.77
11/01/2026 15:00;565.77
11/01/2026 15:15;565.78
11/01/2026 15:30;565.78
11/01/2026 15:45;565.8
11/01/2026 16:00;565.8
11/01/2026 16:15;565.8
11/01/2026 16:30;565.8
11/01/2026 16:45;565.81
11/01/2026 17:00;565.81
11/01/2026 17:15;565.81
11/01/2026 17:30;565.81
11/01/2026 17:45;565.83
11/01/2026 18:00;565.81
11/01/2026 18:15;565.83
11/01/2026 18:30;565.83
11/01/2026 18:45;565.84
11/01/2026 19:00;565.84
11/01/2026 19:15;565.85
11/01/2026 19:30;565.85
11/01/2026 19:45;565.85
11/01/2026 20:00;565.85
11/01/2026 20:15;565.87
11/01/2026 20:30;565.87
11/01/2026 20:45;565.87
11/01/2026 21:00;565.87
11/01/2026 21:15;565.87
11/01/2026 21:30;565.88
11/01/2026 21:45;565.88
11/01/2026 22:00;565.88
11/01/2026 22:15;565.88
11/01/2026 22:30;565.89
11/01/2026 22:45;565.89
11/01/2026 23:00;565.9
11/01/2026 23:15;565.9
11/01/2026 23:30;565.91
11/01/2026 23:45;565.91
12/01/2026 00:00;565.92
12/01/2026 00:15;565.92
12/01/2026 00:30;565.92
12/01/2026 00:45;565.92
12/01/2026 01:00;565.92
12/01/2026 01:15;565.94
12/01/2026 01:30;565.94
12/01/2026 01:45;565.94
12/01/2026 02:00;565.95
12/01/2026 02:15;565.95
12/01/2026 02:30;565.95
12/01/2026 02:45;565.95
12/01/2026 03:00;565.96
12/01/2026 03:15;565.96
12/01/2026 03:30;565.96
12/01/2026 03:45;565.98
12/01/2026 04:00;565.98
12/01/2026 04:15;565.98
12/01/2026 04:30;565.98
12/01/2026 04:45;565.98
12/01/2026 05:00;565.98
12/01/2026 05:15;565.99
12/01/2026 05:30;565.99
12/01/2026 05:45;565.99
12/01/2026 06:00;565.99
12/01/2026 06:15;565.99
12/01/2026 06:30;566.01
12/01/2026 06:45;566.01
12/01/2026 07:00;566.02
12/01/2026 07:15;566.02
12/01/2026 07:30;566.02
12/01/2026 07:45;566.03
12/01/2026 08:00;566.03
12/01/2026 08:15;566.03
12/01/2026 08:30;566.03
12/01/2026 08:45;566.05
12/01/2026 09:00;566.05
12/01/2026 09:15;566.03
12/01/2026 09:30;566.05
12/01/2026 09:45;566.05
12/01/2026 10:00;566.06
12/01/2026 10:15;566.06
12/01/2026 10:30;566.06
12/01/2026 10:45;566.06
12/01/2026 11:00;566.06
12/01/2026 11:15;566.06
12/01/2026 11:30;566.06
12/01/2026 11:45;566.06
12/01/2026 12:00;566.06
12/01/2026 12:15;566.08
12/01/2026 12:30;566.08
12/01/2026 12:45;566.09
12/01/2026 13:00;566.09
12/01/2026 13:15;566.09
12/01/2026 13:30;566.1
12/01/2026 13:45;566.1
12/01/2026 14:00;566.1
12/01/2026 14:15;566.1
12/01/2026 14:30;566.1
12/01/2026 14:45;566.1
12/01/2026 15:00;566.1
12/01/2026 15:15;566.12
12/01/2026 15:30;566.12
12/01/2026 15:45;566.12
12/01/2026 16:00;566.12
12/01/2026 16:15;566.13
12/01/2026 16:30;566.13
12/01/2026 16:45;566.13
12/01/2026 17:00;566.13
12/01/2026 17:15;566.14
12/01/2026 17:30;566.14
12/01/2026 17:45;566.16
12/01/2026 18:00;566.16
12/01/2026 18:15;566.16
12/01/2026 18:30;566.14
12/01/2026 18:45;566.16
12/01/2026 19:00;566.16
12/01/2026 19:15;566.16
12/01/2026 19:30;566.16
12/01/2026 19:45;566.17
12/01/2026 20:00;566.17
12/01/2026 20:15;566.17
12/01/2026 20:30;566.17
12/01/2026 20:45;566.17
12/01/2026 21:00;566.17
12/01/2026 21:15;566.19
12/01/2026 21:30;566.19
12/01/2026 21:45;566.2
12/01/2026 22:00;566.2
12/01/2026 22:15;566.2
12/01/2026 22:30;566.21
12/01/2026 22:45;566.2
12/01/2026 23:00;566.21
12/01/2026 23:15;566.21
12/01/2026 23:30;566.21
12/01/2026 23:45;566.21
13/01/2026 00:00;566.23
13/01/2026 00:15;566.23
13/01/2026 00:30;566.24
13/01/2026 00:45;566.24
13/01/2026 01:00;566.24
13/01/2026 01:15;566.24
13/01/2026 01:30;566.24
13/01/2026 01:45;566.24
13/01/2026 02:00;566.24
13/01/2026 02:15;566.24
13/01/2026 02:30;566.26
13/01/2026 02:45;566.24
13/01/2026 03:00;566.26
13/01/2026 03:15;566.26
13/01/2026 03:30;566.27
13/01/2026 03:45;566.27
13/01/2026 04:00;566.28
13/01/2026 04:15;566.28
13/01/2026 04:30;566.28
13/01/2026 04:45;566.29
13/01/2026 05:00;566.29
13/01/2026 05:15;566.3
13/01/2026 05:30;566.3
13/01/2026 05:45;566.31
13/01/2026 06:00;566.3
13/01/2026 06:15;566.3
13/01/2026 06:30;566.31
13/01/2026 06:45;566.31
13/01/2026 07:00;566.31
13/01/2026 07:15;566.31
13/01/2026 07:30;566.31
13/01/2026 07:45;566.31
13/01/2026 08:00;566.31
13/01/2026 08:15;566.34
13/01/2026 08:30;566.34
13/01/2026 08:45;566.34
13/01/2026 09:00;566.34
13/01/2026 09:15;566.34
13/01/2026 09:30;566.35
13/01/2026 09:45;566.35
13/01/2026 10:00;566.35
13/01/2026 10:15;566.35
13/01/2026 10:30;566.35
13/01/2026 10:45;566.35
13/01/2026 11:00;566.37
13/01/2026 11:15;566.37
13/01/2026 11:30;566.37
13/01/2026 11:45;566.38
13/01/2026 12:00;566.37
13/01/2026 12:15;566.38
13/01/2026 12:30;566.38
13/01/2026 12:45;566.39
13/01/2026 13:00;566.39
13/01/2026 13:15;566.39
13/01/2026 13:30;566.39
13/01/2026 13:45;566.41
13/01/2026 14:00;566.41
13/01/2026 14:15;566.41
13/01/2026 14:30;566.41
13/01/2026 14:45;566.42
13/01/2026 15:00;566.42
13/01/2026 15:15;566.42
13/01/2026 15:30;566.42
13/01/2026 15:45;566.42
13/01/2026 16:00;566.42
13/01/2026 16:15;566.42
13/01/2026 16:30;566.42
13/01/2026 16:45;566.42
13/01/2026 17:00;566.42
13/01/2026 17:15;566.44
13/01/2026 17:30;566.44
13/01/2026 17:45;566.44
13/01/2026 18:00;566.45
13/01/2026 18:15;566.45
13/01/2026 18:30;566.46
13/01/2026 18:45;566.46
13/01/2026 19:00;566.46
13/01/2026 19:15;566.47
13/01/2026 19:30;566.47
13/01/2026 19:45;566.47
13/01/2026 20:00;566.46
13/01/2026 20:15;566.47
13/01/2026 20:30;566.47
13/01/2026 20:45;566.48
13/01/2026 21:00;566.48
13/01/2026 21:15;566.49
13/01/2026 21:30;566.49
13/01/2026 21:45;566.49
13/01/2026 22:00;566.49
13/01/2026 22:15;566.49
13/01/2026 22:30;566.49
13/01/2026 22:45;566.49
13/01/2026 23:00;566.49
13/01/2026 23:15;566.49
13/01/2026 23:30;566.52
13/01/2026 23:45;566.52
14/01/2026 00:00;566.52
14/01/2026 00:15;566.52
14/01/2026 00:30;566.52
14/01/2026 00:45;566.53
14/01/2026 01:00;566.52
14/01/2026 01:15;566.53
14/01/2026 01:30;566.53
14/01/2026 01:45;566.54
14/01/2026 02:00;566.54
14/01/2026 02:15;566.54
14/01/2026 02:30;566.54
14/01/2026 02:45;566.55
14/01/2026 03:00;566.55
14/01/2026 03:15;566.55
14/01/2026 03:30;566.56
14/01/2026 03:45;566.56
14/01/2026 04:00;566.56
14/01/2026 04:15;566.56
14/01/2026 04:30;566.56
14/01/2026 04:45;566.56
14/01/2026 05:00;566.56
14/01/2026 05:15;566.56
14/01/2026 05:30;566.56
14/01/2026 05:45;566.56
14/01/2026 06:00;566.59
14/01/2026 06:15;566.59
14/01/2026 06:30;566.59
14/01/2026 06:45;566.59
14/01/2026 07:00;566.6
14/01/2026 07:15;566.6
14/01/2026 07:30;566.6
14/01/2026 07:45;566.6
14/01/2026 08:00;566.6
14/01/2026 08:15;566.6
14/01/2026 08:30;566.6
14/01/2026 08:45;566.6
14/01/2026 09:00;566.62
14/01/2026 09:15;566.62
14/01/2026 09:30;566.62
14/01/2026 09:45;566.62
14/01/2026 10:00;566.63
14/01/2026 10:15;566.63
14/01/2026 10:30;566.63
14/01/2026 10:45;566.63
14/01/2026 11:00;566.63
14/01/2026 11:15;566.64
14/01/2026 11:30;566.64
14/01/2026 11:45;566.64
14/01/2026 12:00;566.64
14/01/2026 12:15;566.65
14/01/2026 12:30;566.65
14/01/2026 12:45;566.65
14/01/2026 13:00;566.66
14/01/2026 13:15;566.66
14/01/2026 13:30;566.66
14/01/2026 13:45;566.66
14/01/2026 14:00;566.67
14/01/2026 14:15;566.67
14/01/2026 14:30;566.67
14/01/2026 14:45;566.67
14/01/2026 15:00;566.67
14/01/2026 15:15;566.67
14/01/2026 15:30;566.67
14/01/2026 15:45;566.67
14/01/2026 16:00;566.67
14/01/2026 16:15;566.67
14/01/2026 16:30;566.67
14/01/2026 16:45;566.67
14/01/2026 17:00;566.7
14/01/2026 17:15;566.7
14/01/2026 17:30;566.7
14/01/2026 17:45;566.7
14/01/2026 18:00;566.7
14/01/2026 18:15;566.7
14/01/2026 18:30;566.7
14/01/2026 18:45;566.71
14/01/2026 19:00;566.71
14/01/2026 19:15;566.71
14/01/2026 19:30;566.72
14/01/2026 19:45;566.72
14/01/2026 20:00;566.72
14/01/2026 20:15;566.73
14/01/2026 20:30;566.73
14/01/2026 20:45;566.73
14/01/2026 21:00;566.73
14/01/2026 21:15;566.74
14/01/2026 21:30;566.74
14/01/2026 21:45;566.74
14/01/2026 22:00;566.74
14/01/2026 22:15;566.74
14/01/2026 22:30;566.74
14/01/2026 22:45;566.74
14/01/2026 23:00;566.74
14/01/2026 23:15;566.74
14/01/2026 23:30;566.74
14/01/2026 23:45;566.74
15/01/2026 00:00;566.74
15/01/2026 00:15;566.74
15/01/2026 00:30;566.74
15/01/2026 00:45;566.77
15/01/2026 01:00;566.77
15/01/2026 01:15;566.78
15/01/2026 01:30;566.78
15/01/2026 01:45;566.78
15/01/2026 02:00;566.78
15/01/2026 02:15;566.78
15/01/2026 02:30;566.78
15/01/2026 02:45;566.78
15/01/2026 03:00;566.78
15/01/2026 03:15;566.79
15/01/2026 03:30;566.79
15/01/2026 03:45;566.79
15/01/2026 04:00;566.79
15/01/2026 04:15;566.78
15/01/2026 04:30;566.79
15/01/2026 04:45;566.79
15/01/2026 05:00;566.8
15/01/2026 05:15;566.79
15/01/2026 05:30;566.8
15/01/2026 05:45;566.8
15/01/2026 06:00;566.8
15/01/2026 06:15;566.81
15/01/2026 06:30;566.81
15/01/2026 06:45;566.81
15/01/2026 07:00;566.81
15/01/2026 07:15;566.81
15/01/2026 07:30;566.81
15/01/2026 07:45;566.81
15/01/2026 08:00;566.81
15/01/2026 08:15;566.81
15/01/2026 08:30;566.83
15/01/2026 08:45;566.83
15/01/2026 09:00;566.83
15/01/2026 09:15;566.83
15/01/2026 09:30;566.84
15/01/2026 09:45;566.84
15/01/2026 10:00;566.84
15/01/2026 10:15;566.84
15/01/2026 10:30;566.84
15/01/2026 10:45;566.85
15/01/2026 11:00;566.85
15/01/2026 11:15;566.85
15/01/2026 11:30;566.84
15/01/2026 11:45;566.85
15/01/2026 12:00;566.85
15/01/2026 12:15;566.85
15/01/2026 12:30;566.85
15/01/2026 12:45;566.85
15/01/2026 13:00;566.85
15/01/2026 13:15;566.85
15/01/2026 13:30;566.85
15/01/2026 13:45;566.85
15/01/2026 14:00;566.85
15/01/2026 14:15;566.85
15/01/2026 14:30;566.85
15/01/2026 14:45;566.88
15/01/2026 15:00;566.88
15/01/2026 15:15;566.88
15/01/2026 15:30;566.88
15/01/2026 15:45;566.88
15/01/2026 16:00;566.88
15/01/2026 16:15;566.88
15/01/2026 16:30;566.88
15/01/2026 16:45;566.89
15/01/2026 17:00;566.89
15/01/2026 17:15;566.89
15/01/2026 17:30;566.89
15/01/2026 17:45;566.89
15/01/2026 18:00;566.9
15/01/2026 18:15;566.89
15/01/2026 18:30;566.9
15/01/2026 18:45;566.9
15/01/2026 19:00;566.9
15/01/2026 19:15;566.89
15/01/2026 19:30;566.9
15/01/2026 19:45;566.9
15/01/2026 20:00;566.91
15/01/2026 20:15;566.91
15/01/2026 20:30;566.91
15/01/2026 20:45;566.91
15/01/2026 21:00;566.91
15/01/2026 21:15;566.92
15/01/2026 21:30;566.92
15/01/2026 21:45;566.92
15/01/2026 22:00;566.92
15/01/2026 22:15;566.92
15/01/2026 22:30;566.92
15/01/2026 22:45;566.92
15/01/2026 23:00;566.92
15/01/2026 23:15;566.92
15/01/2026 23:30;566.92
15/01/2026 23:45;566.92
16/01/2026 00:00;566.92
16/01/2026 00:15;566.95
16/01/2026 00:30;566.95
16/01/2026 00:45;566.95
16/01/2026 01:00;566.95
16/01/2026 01:15;566.96
16/01/2026 01:30;566.96
16/01/2026 01:45;566.96
16/01/2026 02:00;566.96
16/01/2026 02:15;566.96
16/01/2026 02:30;566.96
16/01/2026 02:45;566.96
16/01/2026 03:00;566.96
16/01/2026 03:15;566.97
16/01/2026 03:30;566.96
16/01/2026 03:45;566.97
16/01/2026 04:00;566.96
16/01/2026 04:15;566.96
16/01/2026 04:30;566.97
16/01/2026 04:45;566.97
16/01/2026 05:00;566.97
16/01/2026 05:15;566.99
16/01/2026 05:30;566.99
16/01/2026 05:45;566.99
16/01/2026 06:00;566.99
16/01/2026 06:15;566.99
16/01/2026 06:30;566.99
16/01/2026 06:45;566.99
16/01/2026 07:00;566.99
16/01/2026 07:15;566.99
16/01/2026 07:30;566.99
16/01/2026 07:45;566.99
16/01/2026 08:00;566.99
16/01/2026 08:15;566.99
16/01/2026 08:30;567.01
16/01/2026 08:45;567.01
16/01/2026 09:00;567.01
16/01/2026 09:15;567.01
16/01/2026 09:30;567.01
16/01/2026 09:45;567.01
16/01/2026 10:00;567.02
16/01/2026 10:15;567.02
16/01/2026 10:30;567.02
16/01/2026 10:45;567.02
16/01/2026 11:00;567.03
16/01/2026 11:15;567.02
16/01/2026 11:30;567.03
16/01/2026 11:45;567.03
16/01/2026 12:00;567.03
16/01/2026 12:15;567.03
16/01/2026 12:30;567.03
16/01/2026 12:45;567.03
16/01/2026 13:00;567.03
16/01/2026 13:15;567.04
16/01/2026 13:30;567.04
16/01/2026 13:45;567.04
16/01/2026 14:00;567.04
16/01/2026 14:15;567.04
16/01/2026 14:30;567.04
16/01/2026 14:45;567.04
16/01/2026 15:00;567.04
16/01/2026 15:15;567.06
16/01/2026 15:30;567.06
16/01/2026 15:45;567.06
16/01/2026 16:00;567.06
16/01/2026 16:15;567.06
16/01/2026 16:30;567.06
16/01/2026 16:45;567.06
16/01/2026 17:00;567.06
16/01/2026 17:15;567.06
16/01/2026 17:30;567.06
16/01/2026 17:45;567.06
16/01/2026 18:00;567.06
16/01/2026 18:15;567.06
16/01/2026 18:30;567.08
16/01/2026 18:45;567.06
16/01/2026 19:00;567.08
16/01/2026 19:15;567.08
16/01/2026 19:30;567.08
16/01/2026 19:45;567.08
16/01/2026 20:00;567.09
16/01/2026 20:15;567.09
16/01/2026 20:30;567.1
16/01/2026 20:45;567.1
16/01/2026 21:00;567.1
16/01/2026 21:15;567.1
16/01/2026 21:30;567.1
16/01/2026 21:45;567.1
16/01/2026 22:00;567.1
16/01/2026 22:15;567.12
16/01/2026 22:30;567.12
16/01/2026 22:45;567.12
16/01/2026 23:00;567.12
16/01/2026 23:15;567.12
16/01/2026 23:30;567.13
16/01/2026 23:45;567.13
17/01/2026 00:00;567.13
17/01/2026 00:15;567.14
17/01/2026 00:30;567.13
17/01/2026 00:45;567.14
17/01/2026 01:00;567.14
17/01/2026 01:15;567.14
17/01/2026 01:30;567.14
17/01/2026 01:45;567.14
17/01/2026 02:00;567.14
17/01/2026 02:15;567.15
17/01/2026 02:30;567.15
17/01/2026 02:45;567.15
17/01/2026 03:00;567.17
17/01/2026 03:15;567.17
17/01/2026 03:30;567.17
17/01/2026 03:45;567.17
17/01/2026 04:00;567.17
17/01/2026 04:15;567.17
17/01/2026 04:30;567.17
17/01/2026 04:45;567.17
17/01/2026 05:00;567.17
17/01/2026 05:15;567.19
17/01/2026 05:30;567.19
17/01/2026 05:45;567.2
17/01/2026 06:00;567.2
17/01/2026 06:15;567.2
17/01/2026 06:30;567.21
17/01/2026 06:45;567.22
17/01/2026 07:00;567.22
17/01/2026 07:15;567.22
17/01/2026 07:30;567.22
17/01/2026 07:45;567.22
17/01/2026 08:00;567.24
17/01/2026 08:15;567.24
17/01/2026 08:30;567.24
17/01/2026 08:45;567.24
17/01/2026 09:00;567.24
17/01/2026 09:15;567.24
17/01/2026 09:30;567.24
17/01/2026 09:45;567.24
17/01/2026 10:00;567.24
17/01/2026 10:15;567.26
17/01/2026 10:30;567.26
17/01/2026 10:45;567.27
17/01/2026 11:00;567.27
17/01/2026 11:15;567.27
17/01/2026 11:30;567.28
17/01/2026 11:45;567.29
17/01/2026 12:00;567.29
17/01/2026 12:15;567.29
17/01/2026 12:30;567.29
17/01/2026 12:45;567.29
17/01/2026 13:00;567.3
17/01/2026 13:15;567.31
17/01/2026 13:30;567.31
17/01/2026 13:45;567.31
17/01/2026 14:00;567.31
17/01/2026 14:15;567.31
17/01/2026 14:30;567.31
17/01/2026 14:45;567.31
17/01/2026 15:00;567.33
17/01/2026 15:15;567.35
17/01/2026 15:30;567.35
17/01/2026 15:45;567.33
17/01/2026 16:00;567.35
17/01/2026 16:15;567.35
17/01/2026 16:30;567.35
17/01/2026 16:45;567.35
17/01/2026 17:00;567.35
17/01/2026 17:15;567.35
17/01/2026 17:30;567.37
17/01/2026 17:45;567.37
17/01/2026 18:00;567.37
17/01/2026 18:15;567.38
17/01/2026 18:30;567.39
17/01/2026 18:45;567.39
17/01/2026 19:00;567.39
17/01/2026 19:15;567.4
17/01/2026 19:30;567.4
17/01/2026 19:45;567.4
17/01/2026 20:00;567.4
17/01/2026 20:15;567.4
17/01/2026 20:30;567.4
17/01/2026 20:45;567.4
17/01/2026 21:00;567.42
17/01/2026 21:15;567.42
17/01/2026 21:30;567.42
17/01/2026 21:45;567.42
17/01/2026 22:00;567.42
17/01/2026 22:15;567.42
17/01/2026 22:30;567.42
17/01/2026 22:45;567.42
17/01/2026 23:00;567.44
17/01/2026 23:15;567.44
17/01/2026 23:30;567.45
17/01/2026 23:45;567.44
18/01/2026 00:00;567.45
18/01/2026 00:15;567.45
18/01/2026 00:30;567.46
18/01/2026 00:45;567.46
18/01/2026 01:00;567.46
18/01/2026 01:15;567.47
18/01/2026 01:30;567.47
18/01/2026 01:45;567.48
18/01/2026 02:00;567.48
18/01/2026 02:15;567.48
18/01/2026 02:30;567.49
18/01/2026 02:45;567.49
18/01/2026 03:00;567.49
18/01/2026 03:15;567.49
18/01/2026 03:30;567.49
18/01/2026 03:45;567.49
18/01/2026 04:00;567.49
18/01/2026 04:15;567.51
18/01/2026 04:30;567.51
18/01/2026 04:45;567.51
18/01/2026 05:00;567.53
18/01/2026 05:15;567.53
18/01/2026 05:30;567.53
18/01/2026 05:45;567.53
18/01/2026 06:00;567.54
18/01/2026 06:15;567.54
18/01/2026 06:30;567.55
18/01/2026 06:45;567.55
18/01/2026 07:00;567.55
18/01/2026 07:15;567.56
18/01/2026 07:30;567.56
18/01/2026 07:45;567.56
18/01/2026 08:00;567.56
18/01/2026 08:15;567.58
18/01/2026 08:30;567.56
18/01/2026 08:45;567.58
18/01/2026 09:00;567.58
18/01/2026 09:15;567.58
18/01/2026 09:30;567.58
18/01/2026 09:45;567.6
18/01/2026 10:00;567.6
18/01/2026 10:15;567.6
18/01/2026 10:30;567.6
18/01/2026 10:45;567.6
18/01/2026 11:00;567.6
18/01/2026 11:15;567.6
18/01/2026 11:30;567.62
18/01/2026 11:45;567.6
18/01/2026 12:00;567.63
18/01/2026 12:15;567.62
18/01/2026 12:30;567.63
18/01/2026 12:45;567.63
18/01/2026 13:00;567.64
18/01/2026 13:15;567.64
18/01/2026 13:30;567.65
18/01/2026 13:45;567.66
18/01/2026 14:00;567.66
18/01/2026 14:15;567.66
18/01/2026 14:30;567.67
18/01/2026 14:45;567.67
18/01/2026 15:00;567.67
18/01/2026 15:15;567.67
18/01/2026 15:30;567.67
18/01/2026 15:45;567.67
18/01/2026 16:00;567.67
18/01/2026 16:15;567.69
18/01/2026 16:30;567.69
18/01/2026 16:45;567.69
18/01/2026 17:00;567.71
18/01/2026 17:15;567.71
18/01/2026 17:30;567.71
18/01/2026 17:45;567.71
18/01/2026 18:00;567.72
18/01/2026 18:15;567.72
18/01/2026 18:30;567.72
18/01/2026 18:45;567.72
18/01/2026 19:00;567.73
18/01/2026 19:15;567.73
18/01/2026 19:30;567.73
18/01/2026 19:45;567.74
18/01/2026 20:00;567.74
18/01/2026 20:15;567.74
18/01/2026 20:30;567.74
18/01/2026 20:45;567.76
18/01/2026 21:00;567.76
18/01/2026 21:15;567.76
18/01/2026 21:30;567.76
18/01/2026 21:45;567.78
18/01/2026 22:00;567.78
18/01/2026 22:15;567.79
18/01/2026 22:30;567.79
18/01/2026 22:45;567.79
18/01/2026 23:00;567.79
18/01/2026 23:15;567.79
18/01/2026 23:30;567.79
18/01/2026 23:45;567.79
19/01/2026 00:00;567.79
19/01/2026 00:15;567.8
19/01/2026 00:30;567.8
19/01/2026 00:45;567.81
19/01/2026 01:00;567.81
19/01/2026 01:15;567.81
19/01/2026 01:30;567.81
19/01/2026 01:45;567.81
19/01/2026 02:00;567.83
19/01/2026 02:15;567.83
19/01/2026 02:30;567.84
19/01/2026 02:45;567.84
19/01/2026 03:00;567.84
19/01/2026 03:15;567.84
19/01/2026 03:30;567.84
19/01/2026 03:45;567.85
19/01/2026 04:00;567.85
19/01/2026 04:15;567.85
19/01/2026 04:30;567.85
19/01/2026 04:45;567.85
19/01/2026 05:00;567.85
19/01/2026 05:15;567.85
19/01/2026 05:30;567.87
19/01/2026 05:45;567.87
19/01/2026 06:00;567.87
19/01/2026 06:15;567.87
19/01/2026 06:30;567.89
19/01/2026 06:45;567.89
19/01/2026 07:00;567.89
19/01/2026 07:15;567.89
19/01/2026 07:30;567.89
19/01/2026 07:45;567.89
19/01/2026 08:00;567.9
19/01/2026 08:15;567.91
19/01/2026 08:30;567.9
19/01/2026 08:45;567.9
19/01/2026 09:00;567.91
19/01/2026 09:15;567.91
19/01/2026 09:30;567.92
19/01/2026 09:45;567.92
19/01/2026 10:00;567.92
19/01/2026 10:15;567.92
19/01/2026 10:30;567.92
19/01/2026 10:45;567.92
19/01/2026 11:00;567.92
19/01/2026 11:15;567.92
19/01/2026 11:30;567.92
19/01/2026 11:45;567.92
19/01/2026 12:00;567.92
19/01/2026 12:15;567.92
19/01/2026 12:30;567.92
19/01/2026 12:45;567.92
19/01/2026 13:00;567.92
19/01/2026 13:15;567.92
19/01/2026 13:30;567.92
19/01/2026 13:45;567.92
19/01/2026 14:00;567.92
19/01/2026 14:15;567.94
19/01/2026 14:30;567.92
19/01/2026 14:45;567.94
19/01/2026 15:00;567.94
19/01/2026 15:15;567.94
19/01/2026 15:30;567.94
19/01/2026 15:45;567.94
19/01/2026 16:00;567.96
19/01/2026 16:15;567.94
19/01/2026 16:30;567.96
19/01/2026 16:45;567.96
19/01/2026 17:00;567.97
19/01/2026 17:15;567.97
19/01/2026 17:30;567.97
19/01/2026 17:45;567.97
19/01/2026 18:00;567.97
19/01/2026 18:15;567.97
19/01/2026 18:30;567.97
19/01/2026 18:45;567.97
19/01/2026 19:00;567.98
19/01/2026 19:15;567.98
19/01/2026 19:30;567.98
19/01/2026 19:45;567.99
19/01/2026 20:00;567.99
19/01/2026 20:15;567.99
19/01/2026 20:30;567.99
19/01/2026 20:45;567.99
19/01/2026 21:00;567.99
19/01/2026 21:15;567.99
19/01/2026 21:30;568.01
19/01/2026 21:45;568.01
19/01/2026 22:00;567.99
19/01/2026 22:15;568.01
19/01/2026 22:30;568.01
19/01/2026 22:45;568.01
19/01/2026 23:00;568.02
19/01/2026 23:15;568.02
19/01/2026 23:30;568.02
19/01/2026 23:45;568.02
20/01/2026 00:00;568.03
20/01/2026 00:15;568.03
20/01/2026 00:30;568.03
20/01/2026 00:45;568.04
20/01/2026 01:00;568.04
20/01/2026 01:15;568.04
20/01/2026 01:30;568.05
20/01/2026 01:45;568.05
20/01/2026 02:00;568.05
20/01/2026 02:15;568.05
20/01/2026 02:30;568.05
20/01/2026 02:45;568.05
20/01/2026 03:00;568.05
20/01/2026 03:15;568.05
20/01/2026 03:30;568.06
20/01/2026 03:45;568.05
20/01/2026 04:00;568.06
20/01/2026 04:15;568.05
20/01/2026 04:30;568.06
20/01/2026 04:45;568.06
20/01/2026 05:00;568.06
20/01/2026 05:15;568.06
20/01/2026 05:30;568.06
20/01/2026 05:45;568.06
20/01/2026 06:00;568.08
20/01/2026 06:15;568.08
20/01/2026 06:30;568.08
20/01/2026 06:45;568.08
20/01/2026 07:00;568.09
20/01/2026 07:15;568.09
20/01/2026 07:30;568.09
20/01/2026 07:45;568.1
20/01/2026 08:00;568.1
20/01/2026 08:15;568.1
20/01/2026 08:30;568.1
20/01/2026 08:45;568.1
20/01/2026 09:00;568.1
20/01/2026 09:15;568.1
20/01/2026 09:30;568.1
20/01/2026 09:45;568.12
20/01/2026 10:00;568.12
20/01/2026 10:15;568.1
20/01/2026 10:30;568.12
20/01/2026 10:45;568.1
20/01/2026 11:00;568.1
20/01/2026 11:15;568.1
20/01/2026 11:30;568.1
20/01/2026 11:45;568.1
20/01/2026 12:00;568.12
20/01/2026 12:15;568.12
20/01/2026 12:30;568.12
20/01/2026 12:45;568.12
20/01/2026 13:00;568.12
20/01/2026 13:15;568.12
20/01/2026 13:30;568.12
20/01/2026 13:45;568.12
20/01/2026 14:00;568.12
20/01/2026 14:15;568.14
20/01/2026 14:30;568.14
20/01/2026 14:45;568.14
20/01/2026 15:00;568.14
20/01/2026 15:15;568.15
20/01/2026 15:30;568.14
20/01/2026 15:45;568.15
20/01/2026 16:00;568.15
20/01/2026 16:15;568.15
20/01/2026 16:30;568.15
20/01/2026 16:45;568.15
20/01/2026 17:00;568.15
20/01/2026 17:15;568.15
20/01/2026 17:30;568.16
20/01/2026 17:45;568.16
20/01/2026 18:00;568.16
20/01/2026 18:15;568.16
20/01/2026 18:30;568.17
20/01/2026 18:45;568.17
20/01/2026 19:00;568.17
20/01/2026 19:15;568.17
20/01/2026 19:30;568.17
20/01/2026 19:45;568.17
20/01/2026 20:00;568.17
20/01/2026 20:15;568.17
20/01/2026 20:30;568.17
20/01/2026 20:45;568.17
20/01/2026 21:00;568.17
20/01/2026 21:15;568.17
20/01/2026 21:30;568.19
20/01/2026 21:45;568.19
20/01/2026 22:00;568.19
20/01/2026 22:15;568.2
20/01/2026 22:30;568.19
20/01/2026 22:45;568.2
20/01/2026 23:00;568.2
20/01/2026 23:15;568.2
20/01/2026 23:30;568.2
20/01/2026 23:45;568.21
21/01/2026 00:00;568.21
21/01/2026 00:15;568.21
21/01/2026 00:30;568.21
21/01/2026 00:45;568.22
21/01/2026 01:00;568.22
21/01/2026 01:15;568.22
21/01/2026 01:30;568.22
21/01/2026 01:45;568.22
21/01/2026 02:00;568.23
21/01/2026 02:15;568.23
21/01/2026 02:30;568.23
21/01/2026 02:45;568.23
21/01/2026 03:00;568.23
21/01/2026 03:15;568.23
21/01/2026 03:30;568.23
21/01/2026 03:45;568.23
21/01/2026 04:00;568.23
21/01/2026 04:15;568.23
21/01/2026 04:30;568.23
21/01/2026 04:45;568.23
21/01/2026 05:00;568.23
21/01/2026 05:15;568.23
21/01/2026 05:30;568.24
21/01/2026 05:45;568.24
21/01/2026 06:00;568.24
21/01/2026 06:15;568.24
21/01/2026 06:30;568.24
21/01/2026 06:45;568.24
21/01/2026 07:00;568.24
21/01/2026 07:15;568.24
21/01/2026 07:30;568.24
21/01/2026 07:45;568.26
21/01/2026 08:00;568.26
21/01/2026 08:15;568.26
21/01/2026 08:30;568.26
21/01/2026 08:45;568.26
21/01/2026 09:00;568.26
21/01/2026 09:15;568.26
21/01/2026 09:30;568.26
21/01/2026 09:45;568.27
21/01/2026 10:00;568.27
21/01/2026 10:15;568.27
21/01/2026 10:30;568.28
21/01/2026 10:45;568.28
21/01/2026 11:00;568.27
21/01/2026 11:15;568.29
21/01/2026 11:30;568.28
21/01/2026 11:45;568.29
21/01/2026 12:00;568.28
21/01/2026 12:15;568.27
21/01/2026 12:30;568.29
21/01/2026 12:45;568.27
21/01/2026 13:00;568.28
21/01/2026 13:15;568.29
21/01/2026 13:30;568.28
21/01/2026 13:45;568.29
21/01/2026 14:00;568.3
21/01/2026 14:15;568.29
21/01/2026 14:30;568.29
21/01/2026 14:45;568.29
21/01/2026 15:00;568.29
21/01/2026 15:15;568.29
21/01/2026 15:30;568.29
21/01/2026 15:45;568.3
21/01/2026 16:00;568.29
21/01/2026 16:15;568.3
21/01/2026 16:30;568.29
21/01/2026 16:45;568.3
21/01/2026 17:00;568.29
21/01/2026 17:15;568.3
21/01/2026 17:30;568.29
21/01/2026 17:45;568.3
21/01/2026 18:00;568.3
21/01/2026 18:15;568.3
21/01/2026 18:30;568.3
21/01/2026 18:45;568.29
21/01/2026 19:00;568.3
21/01/2026 19:15;568.3
21/01/2026 19:30;568.3
21/01/2026 19:45;568.3
21/01/2026 20:00;568.3
21/01/2026 20:15;568.3
21/01/2026 20:30;568.3
21/01/2026 20:45;568.3
21/01/2026 21:00;568.3
21/01/2026 21:15;568.3
21/01/2026 21:30;568.31
21/01/2026 21:45;568.3
21/01/2026 22:00;568.31
21/01/2026 22:15;568.3
21/01/2026 22:30;568.31
21/01/2026 22:45;568.33
21/01/2026 23:00;568.33
21/01/2026 23:15;568.33
21/01/2026 23:30;568.33
21/01/2026 23:45;568.33
22/01/2026 00:00;568.31
22/01/2026 00:15;568.33
22/01/2026 00:30;568.33
22/01/2026 00:45;568.33
22/01/2026 01:00;568.33
22/01/2026 01:15;568.34
22/01/2026 01:30;568.33
22/01/2026 01:45;568.34
22/01/2026 02:00;568.34
22/01/2026 02:15;568.34
22/01/2026 02:30;568.35
22/01/2026 02:45;568.34
22/01/2026 03:00;568.35
22/01/2026 03:15;568.34
22/01/2026 03:30;568.34
22/01/2026 03:45;568.35
22/01/2026 04:00;568.35
22/01/2026 04:15;568.35
22/01/2026 04:30;568.35
22/01/2026 04:45;568.35
22/01/2026 05:00;568.35
22/01/2026 05:15;568.35
22/01/2026 05:30;568.35
22/01/2026 05:45;568.37
22/01/2026 06:00;568.37
22/01/2026 06:15;568.37
22/01/2026 06:30;568.37
22/01/2026 06:45;568.37
22/01/2026 07:00;568.38
22/01/2026 07:15;568.38
22/01/2026 07:30;568.38
22/01/2026 07:45;568.39
22/01/2026 08:00;568.38
22/01/2026 08:15;568.39
22/01/2026 08:30;568.39
22/01/2026 08:45;568.39
22/01/2026 09:00;568.4
22/01/2026 09:15;568.39
22/01/2026 09:30;568.4
22/01/2026 09:45;568.4
22/01/2026 10:00;568.4
22/01/2026 10:15;568.4
22/01/2026 10:30;568.41
22/01/2026 10:45;568.41
22/01/2026 11:00;568.41
22/01/2026 11:15;568.41
22/01/2026 11:30;568.41
22/01/2026 11:45;568.41
22/01/2026 12:00;568.41
22/01/2026 12:15;568.42
22/01/2026 12:30;568.42
22/01/2026 12:45;568.42
22/01/2026 13:00;568.42
22/01/2026 13:15;568.42
22/01/2026 13:30;568.42
22/01/2026 13:45;568.42
22/01/2026 14:00;568.44
22/01/2026 14:15;568.44
22/01/2026 14:30;568.42
22/01/2026 14:45;568.45
22/01/2026 15:00;568.45
22/01/2026 15:15;568.45
22/01/2026 15:30;568.45
22/01/2026 15:45;568.45
22/01/2026 16:00;568.45
22/01/2026 16:15;568.45
22/01/2026 16:30;568.45
22/01/2026 16:45;568.46
22/01/2026 17:00;568.45
22/01/2026 17:15;568.45
22/01/2026 17:30;568.46
22/01/2026 17:45;568.45
22/01/2026 18:00;568.45
22/01/2026 18:15;568.45
22/01/2026 18:30;568.46
22/01/2026 18:45;568.46
22/01/2026 19:00;568.46
22/01/2026 19:15;568.47
22/01/2026 19:30;568.47
22/01/2026 19:45;568.47
22/01/2026 20:00;568.47
22/01/2026 20:15;568.47
22/01/2026 20:30;568.48
22/01/2026 20:45;568.48
22/01/2026 21:00;568.48
22/01/2026 21:15;568.48
22/01/2026 21:30;568.48
22/01/2026 21:45;568.48
22/01/2026 22:00;568.49
22/01/2026 22:15;568.48
22/01/2026 22:30;568.48
22/01/2026 22:45;568.49
22/01/2026 23:00;568.49
22/01/2026 23:15;568.49
22/01/2026 23:30;568.51
22/01/2026 23:45;568.49
23/01/2026 00:00;568.51
23/01/2026 00:15;568.51
23/01/2026 00:30;568.51
23/01/2026 00:45;568.51
23/01/2026 01:00;568.51
23/01/2026 01:15;568.52
23/01/2026 01:30;568.51
23/01/2026 01:45;568.52
23/01/2026 02:00;568.52
23/01/2026 02:15;568.52
23/01/2026 02:30;568.52
23/01/2026 02:45;568.54
23/01/2026 03:00;568.54
23/01/2026 03:15;568.54
23/01/2026 03:30;568.54
23/01/2026 03:45;568.54
23/01/2026 04:00;568.54
23/01/2026 04:15;568.55
23/01/2026 04:30;568.55
23/01/2026 04:45;568.56
23/01/2026 05:00;568.55
23/01/2026 05:15;568.55
23/01/2026 05:30;568.56
23/01/2026 05:45;568.55
23/01/2026 06:00;568.56
23/01/2026 06:15;568.56
23/01/2026 06:30;568.56
23/01/2026 06:45;568.56
23/01/2026 07:00;568.56
23/01/2026 07:15;568.56
23/01/2026 07:30;568.56
23/01/2026 07:45;568.58
23/01/2026 08:00;568.58
23/01/2026 08:15;568.58
23/01/2026 08:30;568.58
23/01/2026 08:45;568.58
23/01/2026 09:00;568.58
23/01/2026 09:15;568.58
23/01/2026 09:30;568.59
23/01/2026 09:45;568.58
23/01/2026 10:00;568.59
23/01/2026 10:15;568.58
23/01/2026 10:30;568.58
23/01/2026 10:45;568.59
23/01/2026 11:00;568.59
23/01/2026 11:15;568.59
23/01/2026 11:30;568.59
23/01/2026 11:45;568.59
23/01/2026 12:00;568.59
23/01/2026 12:15;568.6
23/01/2026 12:30;568.6
23/01/2026 12:45;568.6
23/01/2026 13:00;568.6
23/01/2026 13:15;568.6
23/01/2026 13:30;568.6
23/01/2026 13:45;568.6
23/01/2026 14:00;568.6
23/01/2026 14:15;568.6
23/01/2026 14:30;568.6
23/01/2026 14:45;568.6
23/01/2026 15:00;568.62
23/01/2026 15:15;568.63
23/01/2026 15:30;568.62
23/01/2026 15:45;568.62
23/01/2026 16:00;568.63
23/01/2026 16:15;568.62
23/01/2026 16:30;568.63
23/01/2026 16:45;568.63
23/01/2026 17:00;568.64
23/01/2026 17:15;568.64
23/01/2026 17:30;568.64
23/01/2026 17:45;568.64
23/01/2026 18:00;568.64
23/01/2026 18:15;568.65
23/01/2026 18:30;568.64
23/01/2026 18:45;568.65
23/01/2026 19:00;568.65
23/01/2026 19:15;568.66
23/01/2026 19:30;568.66
23/01/2026 19:45;568.66
23/01/2026 20:00;568.66
23/01/2026 20:15;568.66
23/01/2026 20:30;568.66
23/01/2026 20:45;568.67
23/01/2026 21:00;568.67
23/01/2026 21:15;568.67
23/01/2026 21:30;568.67
23/01/2026 21:45;568.67
23/01/2026 22:00;568.67
23/01/2026 22:15;568.67
23/01/2026 22:30;568.67
23/01/2026 22:45;568.69
23/01/2026 23:00;568.67
23/01/2026 23:15;568.69
23/01/2026 23:30;568.69
23/01/2026 23:45;568.69
24/01/2026 00:00;568.69
24/01/2026 00:15;568.69
24/01/2026 00:30;568.69
24/01/2026 00:45;568.69
24/01/2026 01:00;568.7
24/01/2026 01:15;568.7
24/01/2026 01:30;568.72
24/01/2026 01:45;568.72
24/01/2026 02:00;568.72
24/01/2026 02:15;568.72
24/01/2026 02:30;568.72
24/01/2026 02:45;568.72
24/01/2026 03:00;568.72
24/01/2026 03:15;568.72
24/01/2026 03:30;568.72
24/01/2026 03:45;568.72
24/01/2026 04:00;568.73
24/01/2026 04:15;568.73
24/01/2026 04:30;568.73
24/01/2026 04:45;568.73
24/01/2026 05:00;568.73
24/01/2026 05:15;568.74
24/01/2026 05:30;568.73
24/01/2026 05:45;568.74
24/01/2026 06:00;568.74
24/01/2026 06:15;568.74
24/01/2026 06:30;568.74
24/01/2026 06:45;568.74
24/01/2026 07:00;568.76
24/01/2026 07:15;568.76
24/01/2026 07:30;568.76
24/01/2026 07:45;568.76
24/01/2026 08:00;568.76
24/01/2026 08:15;568.76
24/01/2026 08:30;568.76
24/01/2026 08:45;568.76
24/01/2026 09:00;568.76
24/01/2026 09:15;568.77
24/01/2026 09:30;568.76
24/01/2026 09:45;568.76
24/01/2026 10:00;568.76
24/01/2026 10:15;568.76
24/01/2026 10:30;568.77
24/01/2026 10:45;568.77
24/01/2026 11:00;568.77
24/01/2026 11:15;568.77
24/01/2026 11:30;568.77
24/01/2026 11:45;568.77
24/01/2026 12:00;568.77
24/01/2026 12:15;568.77
24/01/2026 12:30;568.77
24/01/2026 12:45;568.77
24/01/2026 13:00;568.77
24/01/2026 13:15;568.79
24/01/2026 13:30;568.79
24/01/2026 13:45;568.79
24/01/2026 14:00;568.8
24/01/2026 14:15;568.8
24/01/2026 14:30;568.8
24/01/2026 14:45;568.8
24/01/2026 15:00;568.8
24/01/2026 15:15;568.8
24/01/2026 15:30;568.8
24/01/2026 15:45;568.8
24/01/2026 16:00;568.8
24/01/2026 16:15;568.8
24/01/2026 16:30;568.8
24/01/2026 16:45;568.81
24/01/2026 17:00;568.81
24/01/2026 17:15;568.81
24/01/2026 17:30;568.81
24/01/2026 17:45;568.81
24/01/2026 18:00;568.81
24/01/2026 18:15;568.81
24/01/2026 18:30;568.81
24/01/2026 18:45;568.81
24/01/2026 19:00;568.81
24/01/2026 19:15;568.81
24/01/2026 19:30;568.83
24/01/2026 19:45;568.83
24/01/2026 20:00;568.83
24/01/2026 20:15;568.83
24/01/2026 20:30;568.83
24/01/2026 20:45;568.84
24/01/2026 21:00;568.85
24/01/2026 21:15;568.84
24/01/2026 21:30;568.84
24/01/2026 21:45;568.85
24/01/2026 22:00;568.85
24/01/2026 22:15;568.85
24/01/2026 22:30;568.85
24/01/2026 22:45;568.85
24/01/2026 23:00;568.85
24/01/2026 23:15;568.87
24/01/2026 23:30;568.87
24/01/2026 23:45;568.87
25/01/2026 00:00;568.87
25/01/2026 00:15;568.87
25/01/2026 00:30;568.87
25/01/2026 00:45;568.87
25/01/2026 01:00;568.87
25/01/2026 01:15;568.87
25/01/2026 01:30;568.87
25/01/2026 01:45;568.88
25/01/2026 02:00;568.88
25/01/2026 02:15;568.9
25/01/2026 02:30;568.88
25/01/2026 02:45;568.9
25/01/2026 03:00;568.9
25/01/2026 03:15;568.9
25/01/2026 03:30;568.9
25/01/2026 03:45;568.9
25/01/2026 04:00;568.9
25/01/2026 04:15;568.9
25/01/2026 04:30;568.9
25/01/2026 04:45;568.91
25/01/2026 05:00;568.91
25/01/2026 05:15;568.91
25/01/2026 05:30;568.91
25/01/2026 05:45;568.92
25/01/2026 06:00;568.92
25/01/2026 06:15;568.92
25/01/2026 06:30;568.92
25/01/2026 06:45;568.92
25/01/2026 07:00;568.92
25/01/2026 07:15;568.92
25/01/2026 07:30;568.94
25/01/2026 07:45;568.94
25/01/2026 08:00;568.94
25/01/2026 08:15;568.94
25/01/2026 08:30;568.94
25/01/2026 08:45;568.95
25/01/2026 09:00;568.94
25/01/2026 09:15;568.94
25/01/2026 09:30;568.92
25/01/2026 09:45;568.94
25/01/2026 10:00;568.95
25/01/2026 10:15;568.94
25/01/2026 10:30;568.94
25/01/2026 10:45;568.95
25/01/2026 11:00;568.95
25/01/2026 11:15;568.95
25/01/2026 11:30;568.95
25/01/2026 11:45;568.95
25/01/2026 12:00;568.95
25/01/2026 12:15;568.97
25/01/2026 12:30;568.97
25/01/2026 12:45;568.97
25/01/2026 13:00;568.97
25/01/2026 13:15;568.98
25/01/2026 13:30;568.98
25/01/2026 13:45;568.98
25/01/2026 14:00;568.98
25/01/2026 14:15;568.98
25/01/2026 14:30;568.98
25/01/2026 14:45;568.99
25/01/2026 15:00;568.99
25/01/2026 15:15;568.99
25/01/2026 15:30;568.99
25/01/2026 15:45;568.99
25/01/2026 16:00;568.99
25/01/2026 16:15;568.99
25/01/2026 16:30;568.99
25/01/2026 16:45;569.01
25/01/2026 17:00;569.02
25/01/2026 17:15;569.01
25/01/2026 17:30;569.02
25/01/2026 17:45;569.02
25/01/2026 18:00;569.02
25/01/2026 18:15;569.03
25/01/2026 18:30;569.04
25/01/2026 18:45;569.05
25/01/2026 19:00;569.04
25/01/2026 19:15;569.05
25/01/2026 19:30;569.04
25/01/2026 19:45;569.04
25/01/2026 20:00;569.05
25/01/2026 20:15;569.05
25/01/2026 20:30;569.05
25/01/2026 20:45;569.06
25/01/2026 21:00;569.06
25/01/2026 21:15;569.06
25/01/2026 21:30;569.06
25/01/2026 21:45;569.06
25/01/2026 22:00;569.08
25/01/2026 22:15;569.08
25/01/2026 22:30;569.09
25/01/2026 22:45;569.09
25/01/2026 23:00;569.1
25/01/2026 23:15;569.1
25/01/2026 23:30;569.1
25/01/2026 23:45;569.1
26/01/2026 00:00;569.1
26/01/2026 00:15;569.12
26/01/2026 00:30;569.12
26/01/2026 00:45;569.12
26/01/2026 01:00;569.13
26/01/2026 01:15;569.13
26/01/2026 01:30;569.13
26/01/2026 01:45;569.15
26/01/2026 02:00;569.15
26/01/2026 02:15;569.16
26/01/2026 02:30;569.16
26/01/2026 02:45;569.16
26/01/2026 03:00;569.17
26/01/2026 03:15;569.17
26/01/2026 03:30;569.17
26/01/2026 03:45;569.17
26/01/2026 04:00;569.17
26/01/2026 04:15;569.17
26/01/2026 04:30;569.19
26/01/2026 04:45;569.19
26/01/2026 05:00;569.21
26/01/2026 05:15;569.21
26/01/2026 05:30;569.22
26/01/2026 05:45;569.22
26/01/2026 06:00;569.23
26/01/2026 06:15;569.23
26/01/2026 06:30;569.23
26/01/2026 06:45;569.24
26/01/2026 07:00;569.26
26/01/2026 07:15;569.26
26/01/2026 07:30;569.27
26/01/2026 07:45;569.27
26/01/2026 08:00;569.28
26/01/2026 08:15;569.28
26/01/2026 08:30;569.29
26/01/2026 08:45;569.29
26/01/2026 09:00;569.31
26/01/2026 09:15;569.31
26/01/2026 09:30;569.31
26/01/2026 09:45;569.31
26/01/2026 10:00;569.31
26/01/2026 10:15;569.33
26/01/2026 10:30;569.34
26/01/2026 10:45;569.35
26/01/2026 11:00;569.35
26/01/2026 11:15;569.35
26/01/2026 11:30;569.37
26/01/2026 11:45;569.37
26/01/2026 12:00;569.38
26/01/2026 12:15;569.39
26/01/2026 12:30;569.4
26/01/2026 12:45;569.41
26/01/2026 13:00;569.42
26/01/2026 13:15;569.42
26/01/2026 13:30;569.44
26/01/2026 13:45;569.44
26/01/2026 14:00;569.44
26/01/2026 14:15;569.45
26/01/2026 14:30;569.45
26/01/2026 14:45;569.47
26/01/2026 15:00;569.48
26/01/2026 15:15;569.48
26/01/2026 15:30;569.49
26/01/2026 15:45;569.49
26/01/2026 16:00;569.49
26/01/2026 16:15;569.51
26/01/2026 16:30;569.52
26/01/2026 16:45;569.52
26/01/2026 17:00;569.53
26/01/2026 17:15;569.54
26/01/2026 17:30;569.55
26/01/2026 17:45;569.55
26/01/2026 18:00;569.55
26/01/2026 18:15;569.56
26/01/2026 18:30;569.56
26/01/2026 18:45;569.58
26/01/2026 19:00;569.59
26/01/2026 19:15;569.6
26/01/2026 19:30;569.6
26/01/2026 19:45;569.6
26/01/2026 20:00;569.62
26/01/2026 20:15;569.62
26/01/2026 20:30;569.63
26/01/2026 20:45;569.64
26/01/2026 21:00;569.64
26/01/2026 21:15;569.65
26/01/2026 21:30;569.66
26/01/2026 21:45;569.66
26/01/2026 22:00;569.67
26/01/2026 22:15;569.67
26/01/2026 22:30;569.69
26/01/2026 22:45;569.7
26/01/2026 23:00;569.7
26/01/2026 23:15;569.71
26/01/2026 23:30;569.71
26/01/2026 23:45;569.73
27/01/2026 00:00;569.73
27/01/2026 00:15;569.73
27/01/2026 00:30;569.74
27/01/2026 00:45;569.74
27/01/2026 01:00;569.76
27/01/2026 01:15;569.77
27/01/2026 01:30;569.77
27/01/2026 01:45;569.78
27/01/2026 02:00;569.78
27/01/2026 02:15;569.8
27/01/2026 02:30;569.8
27/01/2026 02:45;569.8
27/01/2026 03:00;569.81
27/01/2026 03:15;569.81
27/01/2026 03:30;569.83
27/01/2026 03:45;569.83
27/01/2026 04:00;569.84
27/01/2026 04:15;569.85
27/01/2026 04:30;569.85
27/01/2026 04:45;569.87
27/01/2026 05:00;569.88
27/01/2026 05:15;569.88
27/01/2026 05:30;569.88
27/01/2026 05:45;569.88
27/01/2026 06:00;569.89
27/01/2026 06:15;569.91
27/01/2026 06:30;569.91
27/01/2026 06:45;569.92
27/01/2026 07:00;569.92
27/01/2026 07:15;569.92
27/01/2026 07:30;569.92
27/01/2026 07:45;569.95
27/01/2026 08:00;569.96
27/01/2026 08:15;569.96
27/01/2026 08:30;569.96
27/01/2026 08:45;569.98
27/01/2026 09:00;569.98
27/01/2026 09:15;569.99
27/01/2026 09:30;569.99
27/01/2026 09:45;569.99
27/01/2026 10:00;570.01
27/01/2026 10:15;570.03
27/01/2026 10:30;570.02
27/01/2026 10:45;570.04
27/01/2026 11:00;570.06
27/01/2026 11:15;570.06
27/01/2026 11:30;570.06
27/01/2026 11:45;570.06
27/01/2026 12:00;570.09
27/01/2026 12:15;570.09
27/01/2026 12:30;570.1
27/01/2026 12:45;570.1
27/01/2026 13:00;570.13
27/01/2026 13:15;570.14
27/01/2026 13:30;570.14
27/01/2026 13:45;570.16
27/01/2026 14:00;570.16
27/01/2026 14:15;570.17
27/01/2026 14:30;570.17
27/01/2026 14:45;570.19
27/01/2026 15:00;570.2
27/01/2026 15:15;570.21
27/01/2026 15:30;570.23
27/01/2026 15:45;570.24
27/01/2026 16:00;570.24
27/01/2026 16:15;570.24
27/01/2026 16:30;570.27
27/01/2026 16:45;570.27
27/01/2026 17:00;570.29
27/01/2026 17:15;570.3
27/01/2026 17:30;570.31
27/01/2026 17:45;570.31
27/01/2026 18:00;570.31
27/01/2026 18:15;570.35
27/01/2026 18:30;570.35
27/01/2026 18:45;570.35
27/01/2026 19:00;570.37
27/01/2026 19:15;570.38
27/01/2026 19:30;570.4
27/01/2026 19:45;570.41
27/01/2026 20:00;570.42
27/01/2026 20:15;570.42
27/01/2026 20:30;570.42
27/01/2026 20:45;570.45
27/01/2026 21:00;570.45
27/01/2026 21:15;570.46
27/01/2026 21:30;570.46
27/01/2026 21:45;570.48
27/01/2026 22:00;570.48
27/01/2026 22:15;570.49
27/01/2026 22:30;570.49
27/01/2026 22:45;570.53
27/01/2026 23:00;570.53
27/01/2026 23:15;570.54
27/01/2026 23:30;570.55
27/01/2026 23:45;570.56
28/01/2026 00:00;570.56
28/01/2026 00:15;570.58
28/01/2026 00:30;570.59
28/01/2026 00:45;570.6
28/01/2026 01:00;570.6
28/01/2026 01:15;570.6
28/01/2026 01:30;570.63
28/01/2026 01:45;570.63
28/01/2026 02:00;570.64
28/01/2026 02:15;570.65
28/01/2026 02:30;570.66
28/01/2026 02:45;570.67
28/01/2026 03:00;570.67
28/01/2026 03:15;570.7
28/01/2026 03:30;570.7
28/01/2026 03:45;570.71
28/01/2026 04:00;570.71
28/01/2026 04:15;570.72
28/01/2026 04:30;570.73
28/01/2026 04:45;570.74
28/01/2026 05:00;570.74
28/01/2026 05:15;570.76
28/01/2026 05:30;570.76
28/01/2026 05:45;570.77
28/01/2026 06:00;570.78
28/01/2026 06:15;570.79
28/01/2026 06:30;570.79
28/01/2026 06:45;570.81
28/01/2026 07:00;570.81
28/01/2026 07:15;570.81
28/01/2026 07:30;570.81
28/01/2026 07:45;570.83
28/01/2026 08:00;570.83
28/01/2026 08:15;570.85
28/01/2026 08:30;570.85
28/01/2026 08:45;570.85
28/01/2026 09:00;570.85
28/01/2026 09:15;570.85
28/01/2026 09:30;570.85
28/01/2026 09:45;570.88
28/01/2026 10:00;570.89
28/01/2026 10:15;570.89
28/01/2026 10:30;570.9
28/01/2026 10:45;570.9
28/01/2026 11:00;570.92
28/01/2026 11:15;570.92
28/01/2026 11:30;570.92
28/01/2026 11:45;570.92
28/01/2026 12:00;570.94
28/01/2026 12:15;570.95
28/01/2026 12:30;570.95
28/01/2026 12:45;570.96
28/01/2026 13:00;570.96
28/01/2026 13:15;570.97
28/01/2026 13:30;570.97
28/01/2026 13:45;570.97
28/01/2026 14:00;570.99
28/01/2026 14:15;570.99
28/01/2026 14:30;570.99
28/01/2026 14:45;570.99
28/01/2026 15:00;571.01
28/01/2026 15:15;571.01
28/01/2026 15:30;571.02
28/01/2026 15:45;571.01
28/01/2026 16:00;571.03
28/01/2026 16:15;571.03
28/01/2026 16:30;571.03
28/01/2026 16:45;571.04
28/01/2026 17:00;571.04
28/01/2026 17:15;571.04
28/01/2026 17:30;571.06
28/01/2026 17:45;571.06
28/01/2026 18:00;571.06
28/01/2026 18:15;571.06
28/01/2026 18:30;571.06
28/01/2026 18:45;571.08
28/01/2026 19:00;571.08
28/01/2026 19:15;571.08
28/01/2026 19:30;571.1
28/01/2026 19:45;571.1
28/01/2026 20:00;571.1
28/01/2026 20:15;571.1
28/01/2026 20:30;571.1
28/01/2026 20:45;571.1
28/01/2026 21:00;571.12
28/01/2026 21:15;571.13
28/01/2026 21:30;571.13
28/01/2026 21:45;571.14
28/01/2026 22:00;571.14
28/01/2026 22:15;571.15
28/01/2026 22:30;571.15
28/01/2026 22:45;571.15
28/01/2026 23:00;571.15
28/01/2026 23:15;571.15
28/01/2026 23:30;571.15
28/01/2026 23:45;571.15
29/01/2026 00:00;571.17
29/01/2026 00:15;571.17
29/01/2026 00:30;571.17
29/01/2026 00:45;571.17
29/01/2026 01:00;571.17
29/01/2026 01:15;571.17
29/01/2026 01:30;571.19
29/01/2026 01:45;571.17
29/01/2026 02:00;571.19
29/01/2026 02:15;571.2
29/01/2026 02:30;571.2
29/01/2026 02:45;571.2
29/01/2026 03:00;571.21
29/01/2026 03:15;571.21
29/01/2026 03:30;571.22
29/01/2026 03:45;571.22
29/01/2026 04:00;571.22
29/01/2026 04:15;571.22
29/01/2026 04:30;571.22
29/01/2026 04:45;571.24
29/01/2026 05:00;571.24
29/01/2026 05:15;571.24
29/01/2026 05:30;571.24
29/01/2026 05:45;571.24
29/01/2026 06:00;571.24
29/01/2026 06:15;571.24
29/01/2026 06:30;571.24
29/01/2026 06:45;571.26
29/01/2026 07:00;571.26
29/01/2026 07:15;571.28
29/01/2026 07:30;571.28
29/01/2026 07:45;571.28
29/01/2026 08:00;571.28
29/01/2026 08:15;571.28
29/01/2026 08:30;571.29
29/01/2026 08:45;571.29
29/01/2026 09:00;571.29
29/01/2026 09:15;571.29
29/01/2026 09:30;571.3
29/01/2026 09:45;571.3
29/01/2026 10:00;571.3
29/01/2026 10:15;571.3
29/01/2026 10:30;571.31
29/01/2026 10:45;571.31
29/01/2026 11:00;571.31
29/01/2026 11:15;571.31
29/01/2026 11:30;571.31
29/01/2026 11:45;571.33
29/01/2026 12:00;571.33
29/01/2026 12:15;571.33
29/01/2026 12:30;571.33
29/01/2026 12:45;571.33
29/01/2026 13:00;571.35
29/01/2026 13:15;571.35
29/01/2026 13:30;571.35
29/01/2026 13:45;571.35
29/01/2026 14:00;571.35
29/01/2026 14:15;571.35
29/01/2026 14:30;571.35
29/01/2026 14:45;571.35
29/01/2026 15:00;571.35
29/01/2026 15:15;571.35
29/01/2026 15:30;571.35
29/01/2026 15:45;571.35
29/01/2026 16:00;571.37
29/01/2026 16:15;571.37
29/01/2026 16:30;571.38
29/01/2026 16:45;571.38
29/01/2026 17:00;571.38
29/01/2026 17:15;571.38
29/01/2026 17:30;571.39
29/01/2026 17:45;571.38
29/01/2026 18:00;571.4
29/01/2026 18:15;571.4
29/01/2026 18:30;571.39
29/01/2026 18:45;571.41
29/01/2026 19:00;571.4
29/01/2026 19:15;571.4
29/01/2026 19:30;571.41
29/01/2026 19:45;571.42
29/01/2026 20:00;571.41
29/01/2026 20:15;571.41
29/01/2026 20:30;571.42
29/01/2026 20:45;571.42
29/01/2026 21:00;571.42
29/01/2026 21:15;571.42
29/01/2026 21:30;571.42
29/01/2026 21:45;571.42
29/01/2026 22:00;571.42
29/01/2026 22:15;571.42
29/01/2026 22:30;571.42
29/01/2026 22:45;571.44
29/01/2026 23:00;571.44
29/01/2026 23:15;571.44
29/01/2026 23:30;571.46
29/01/2026 23:45;571.46
30/01/2026 00:00;571.46
30/01/2026 00:15;571.46
30/01/2026 00:30;571.46
30/01/2026 00:45;571.46
30/01/2026 01:00;571.46
30/01/2026 01:15;571.46
30/01/2026 01:30;571.46
30/01/2026 01:45;571.47
30/01/2026 02:00;571.47
30/01/2026 02:15;571.48
30/01/2026 02:30;571.47
30/01/2026 02:45;571.49
30/01/2026 03:00;571.48
30/01/2026 03:15;571.49
30/01/2026 03:30;571.49
30/01/2026 03:45;571.49
30/01/2026 04:00;571.49
30/01/2026 04:15;571.49
30/01/2026 04:30;571.51
30/01/2026 04:45;571.51
30/01/2026 05:00;571.51
30/01/2026 05:15;571.51
30/01/2026 05:30;571.51
30/01/2026 05:45;571.53
30/01/2026 06:00;571.51
30/01/2026 06:15;571.51
30/01/2026 06:30;571.53
30/01/2026 06:45;571.53
30/01/2026 07:00;571.53
30/01/2026 07:15;571.53
30/01/2026 07:30;571.54
30/01/2026 07:45;571.54
30/01/2026 08:00;571.55
30/01/2026 08:15;571.54
30/01/2026 08:30;571.55
30/01/2026 08:45;571.56
30/01/2026 09:00;571.56
30/01/2026 09:15;571.56
30/01/2026 09:30;571.56
30/01/2026 09:45;571.56
30/01/2026 10:00;571.56
30/01/2026 10:15;571.56
30/01/2026 10:30;571.56
30/01/2026 10:45;571.58
30/01/2026 11:00;571.58
30/01/2026 11:15;571.58
30/01/2026 11:30;571.59
30/01/2026 11:45;571.6
30/01/2026 12:00;571.6
30/01/2026 12:15;571.6
30/01/2026 12:30;571.6
30/01/2026 12:45;571.6
30/01/2026 13:00;571.6
30/01/2026 13:15;571.6
30/01/2026 13:30;571.6
30/01/2026 13:45;571.6
30/01/2026 14:00;571.62
30/01/2026 14:15;571.6
30/01/2026 14:30;571.62
30/01/2026 14:45;571.64
30/01/2026 15:00;571.62
30/01/2026 15:15;571.64
30/01/2026 15:30;571.64
30/01/2026 15:45;571.64
30/01/2026 16:00;571.64
30/01/2026 16:15;571.65
30/01/2026 16:30;571.66
30/01/2026 16:45;571.66
30/01/2026 17:00;571.66
30/01/2026 17:15;571.67
30/01/2026 17:30;571.67
30/01/2026 17:45;571.67
30/01/2026 18:00;571.67
30/01/2026 18:15;571.67
30/01/2026 18:30;571.67
30/01/2026 18:45;571.69
30/01/2026 19:00;571.69
30/01/2026 19:15;571.69
30/01/2026 19:30;571.69
30/01/2026 19:45;571.71
30/01/2026 20:00;571.71
30/01/2026 20:15;571.71
30/01/2026 20:30;571.72
30/01/2026 20:45;571.72
30/01/2026 21:00;571.72
30/01/2026 21:15;571.72
30/01/2026 21:30;571.72
30/01/2026 21:45;571.73
30/01/2026 22:00;571.73
30/01/2026 22:15;571.74
30/01/2026 22:30;571.73
30/01/2026 22:45;571.74
30/01/2026 23:00;571.74
30/01/2026 23:15;571.74
30/01/2026 23:30;571.74
30/01/2026 23:45;571.74
31/01/2026 00:00;571.74
31/01/2026 00:15;571.77
31/01/2026 00:30;571.77
31/01/2026 00:45;571.78
31/01/2026 01:00;571.78
31/01/2026 01:15;571.78
31/01/2026 01:30;571.79
31/01/2026 01:45;571.79
31/01/2026 02:00;571.79
31/01/2026 02:15;571.79
31/01/2026 02:30;571.79
31/01/2026 02:45;571.8
31/01/2026 03:00;571.81
31/01/2026 03:15;571.81
31/01/2026 03:30;571.81
31/01/2026 03:45;571.81
31/01/2026 04:00;571.83
31/01/2026 04:15;571.83
31/01/2026 04:30;571.84
31/01/2026 04:45;571.84
31/01/2026 05:00;571.84
31/01/2026 05:15;571.84
31/01/2026 05:30;571.85
31/01/2026 05:45;571.85
31/01/2026 06:00;571.87
31/01/2026 06:15;571.87
31/01/2026 06:30;571.87
31/01/2026 06:45;571.89
31/01/2026 07:00;571.89
31/01/2026 07:15;571.9
31/01/2026 07:30;571.89
31/01/2026 07:45;571.9
31/01/2026 08:00;571.9
31/01/2026 08:15;571.91
31/01/2026 08:30;571.91
31/01/2026 08:45;571.91
31/01/2026 09:00;571.92
31/01/2026 09:15;571.92
31/01/2026 09:30;571.92
31/01/2026 09:45;571.94
31/01/2026 10:00;571.95
31/01/2026 10:15;571.95
31/01/2026 10:30;571.95
31/01/2026 10:45;571.96
31/01/2026 11:00;571.96
31/01/2026 11:15;571.96
31/01/2026 11:30;571.97
31/01/2026 11:45;571.97
31/01/2026 12:00;571.98
31/01/2026 12:15;571.98
31/01/2026 12:30;571.99
31/01/2026 12:45;571.99
31/01/2026 13:00;572.01
31/01/2026 13:15;572.02
31/01/2026 13:30;572.02
31/01/2026 13:45;572.03
31/01/2026 14:00;572.03
31/01/2026 14:15;572.04
31/01/2026 14:30;572.04
31/01/2026 14:45;572.05
31/01/2026 15:00;572.05
31/01/2026 15:15;572.05
31/01/2026 15:30;572.05
31/01/2026 15:45;572.06
31/01/2026 16:00;572.06
31/01/2026 16:15;572.06
31/01/2026 16:30;572.08
31/01/2026 16:45;572.09
31/01/2026 17:00;572.09
31/01/2026 17:15;572.1
31/01/2026 17:30;572.1
31/01/2026 17:45;572.12
31/01/2026 18:00;572.12
31/01/2026 18:15;572.13
31/01/2026 18:30;572.13
31/01/2026 18:45;572.14
31/01/2026 19:00;572.14
31/01/2026 19:15;572.16
31/01/2026 19:30;572.16
31/01/2026 19:45;572.16
31/01/2026 20:00;572.17
31/01/2026 20:15;572.16
31/01/2026 20:30;572.17
31/01/2026 20:45;572.17
31/01/2026 21:00;572.19
31/01/2026 21:15;572.2
31/01/2026 21:30;572.22
31/01/2026 21:45;572.22
31/01/2026 22:00;572.23
31/01/2026 22:15;572.23
31/01/2026 22:30;572.24
31/01/2026 22:45;572.26
31/01/2026 23:00;572.26
31/01/2026 23:15;572.27
31/01/2026 23:30;572.27
31/01/2026 23:45;572.29
01/02/2026 00:00;572.3
01/02/2026 00:15;572.31
01/02/2026 00:30;572.31
01/02/2026 00:45;572.33
01/02/2026 01:00;572.34
01/02/2026 01:15;572.34
01/02/2026 01:30;572.34
01/02/2026 01:45;572.35
01/02/2026 02:00;572.35
01/02/2026 02:15;572.37
01/02/2026 02:30;572.38
01/02/2026 02:45;572.38
01/02/2026 03:00;572.39
01/02/2026 03:15;572.4
01/02/2026 03:30;572.41
01/02/2026 03:45;572.42
01/02/2026 04:00;572.42
01/02/2026 04:15;572.44
01/02/2026 04:30;572.44
01/02/2026 04:45;572.44
01/02/2026 05:00;572.45
01/02/2026 05:15;572.47
01/02/2026 05:30;572.47
01/02/2026 05:45;572.48
01/02/2026 06:00;572.49
01/02/2026 06:15;572.49
01/02/2026 06:30;572.49
01/02/2026 06:45;572.51
01/02/2026 07:00;572.51
01/02/2026 07:15;572.52
01/02/2026 07:30;572.52
01/02/2026 07:45;572.54
01/02/2026 08:00;572.54
01/02/2026 08:15;572.55
01/02/2026 08:30;572.55
01/02/2026 08:45;572.56
01/02/2026 09:00;572.56
01/02/2026 09:15;572.56
01/02/2026 09:30;572.58
01/02/2026 09:45;572.59
01/02/2026 10:00;572.59
01/02/2026 10:15;572.59
01/02/2026 10:30;572.6
01/02/2026 10:45;572.6
01/02/2026 11:00;572.62
01/02/2026 11:15;572.62
01/02/2026 11:30;572.62
01/02/2026 11:45;572.63
01/02/2026 12:00;572.65
01/02/2026 12:15;572.65
01/02/2026 12:30;572.65
01/02/2026 12:45;572.66
01/02/2026 13:00;572.66
01/02/2026 13:15;572.67
01/02/2026 13:30;572.67
01/02/2026 13:45;572.67
01/02/2026 14:00;572.69
01/02/2026 14:15;572.7
01/02/2026 14:30;572.7
01/02/2026 14:45;572.7
01/02/2026 15:00;572.72
01/02/2026 15:15;572.72
01/02/2026 15:30;572.72
01/02/2026 15:45;572.73
01/02/2026 16:00;572.73
01/02/2026 16:15;572.73
01/02/2026 16:30;572.74
01/02/2026 16:45;572.74
01/02/2026 17:00;572.74
01/02/2026 17:15;572.74
01/02/2026 17:30;572.77
01/02/2026 17:45;572.77
01/02/2026 18:00;572.78
01/02/2026 18:15;572.79
01/02/2026 18:30;572.79
01/02/2026 18:45;572.79
01/02/2026 19:00;572.8
01/02/2026 19:15;572.8
01/02/2026 19:30;572.8
01/02/2026 19:45;572.81
01/02/2026 20:00;572.81
01/02/2026 20:15;572.83
01/02/2026 20:30;572.83
01/02/2026 20:45;572.83
01/02/2026 21:00;572.83
01/02/2026 21:15;572.84
01/02/2026 21:30;572.84
01/02/2026 21:45;572.85
01/02/2026 22:00;572.85
01/02/2026 22:15;572.85
01/02/2026 22:30;572.87
01/02/2026 22:45;572.88
01/02/2026 23:00;572.88
01/02/2026 23:15;572.88
01/02/2026 23:30;572.9
01/02/2026 23:45;572.88
02/02/2026 00:00;572.9
02/02/2026 00:15;572.91
02/02/2026 00:30;572.9
02/02/2026 00:45;572.91
02/02/2026 01:00;572.91
02/02/2026 01:15;572.92
02/02/2026 01:30;572.92
02/02/2026 01:45;572.92
02/02/2026 02:00;572.94
02/02/2026 02:15;572.94
02/02/2026 02:30;572.94
02/02/2026 02:45;572.95
02/02/2026 03:00;572.96
02/02/2026 03:15;572.96
02/02/2026 03:30;572.97
02/02/2026 03:45;572.97
02/02/2026 04:00;572.98
02/02/2026 04:15;572.98
02/02/2026 04:30;572.98
02/02/2026 04:45;572.99
02/02/2026 05:00;572.99
02/02/2026 05:15;573.01
02/02/2026 05:30;573.02
02/02/2026 05:45;573.01
02/02/2026 06:00;573.01
02/02/2026 06:15;573.01
02/02/2026 06:30;573.02
02/02/2026 06:45;573.04
02/02/2026 07:00;573.02
02/02/2026 07:15;573.04
02/02/2026 07:30;573.06
02/02/2026 07:45;573.06
02/02/2026 08:00;573.06
02/02/2026 08:15;573.06
02/02/2026 08:30;573.06
02/02/2026 08:45;573.08
02/02/2026 09:00;573.09
02/02/2026 09:15;573.09
02/02/2026 09:30;573.09
02/02/2026 09:45;573.09
02/02/2026 10:00;573.09
02/02/2026 10:15;573.1
02/02/2026 10:30;573.1
02/02/2026 10:45;573.12
02/02/2026 11:00;573.1
02/02/2026 11:15;573.1
02/02/2026 11:30;573.12
02/02/2026 11:45;573.14
02/02/2026 12:00;573.13
02/02/2026 12:15;573.15
02/02/2026 12:30;573.16
02/02/2026 12:45;573.15
02/02/2026 13:00;573.16
02/02/2026 13:15;573.16
02/02/2026 13:30;573.17
02/02/2026 13:45;573.19
02/02/2026 14:00;573.19
02/02/2026 14:15;573.19
02/02/2026 14:30;573.2
02/02/2026 14:45;573.21
02/02/2026 15:00;573.22
02/02/2026 15:15;573.23
02/02/2026 15:30;573.23
02/02/2026 15:45;573.24
02/02/2026 16:00;573.24
02/02/2026 16:15;573.24
02/02/2026 16:30;573.27
02/02/2026 16:45;573.27
02/02/2026 17:00;573.28
02/02/2026 17:15;573.28
02/02/2026 17:30;573.29
02/02/2026 17:45;573.31
02/02/2026 18:00;573.31
02/02/2026 18:15;573.31
02/02/2026 18:30;573.33
02/02/2026 18:45;573.33
02/02/2026 19:00;573.34
02/02/2026 19:15;573.35
02/02/2026 19:30;573.34
02/02/2026 19:45;573.35
02/02/2026 20:00;573.37
02/02/2026 20:15;573.38
02/02/2026 20:30;573.37
02/02/2026 20:45;573.38
02/02/2026 21:00;573.39
02/02/2026 21:15;573.41
02/02/2026 21:30;573.42
02/02/2026 21:45;573.42
02/02/2026 22:00;573.42
02/02/2026 22:15;573.45
02/02/2026 22:30;573.45
02/02/2026 22:45;573.46
02/02/2026 23:00;573.47
02/02/2026 23:15;573.49
02/02/2026 23:30;573.49
02/02/2026 23:45;573.49
03/02/2026 00:00;573.52
03/02/2026 00:15;573.52
03/02/2026 00:30;573.53
03/02/2026 00:45;573.55
03/02/2026 01:00;573.55
03/02/2026 01:15;573.55
03/02/2026 01:30;573.56
03/02/2026 01:45;573.58
03/02/2026 02:00;573.59
03/02/2026 02:15;573.6
03/02/2026 02:30;573.6
03/02/2026 02:45;573.62
03/02/2026 03:00;573.63
03/02/2026 03:15;573.63
03/02/2026 03:30;573.64
03/02/2026 03:45;573.64
03/02/2026 04:00;573.65
03/02/2026 04:15;573.66
03/02/2026 04:30;573.67
03/02/2026 04:45;573.67
03/02/2026 05:00;573.69
03/02/2026 05:15;573.7
03/02/2026 05:30;573.71
03/02/2026 05:45;573.71
03/02/2026 06:00;573.71
03/02/2026 06:15;573.73
03/02/2026 06:30;573.73
03/02/2026 06:45;573.74
03/02/2026 07:00;573.74
03/02/2026 07:15;573.76
03/02/2026 07:30;573.76
03/02/2026 07:45;573.77
03/02/2026 08:00;573.78
03/02/2026 08:15;573.78
03/02/2026 08:30;573.78
03/02/2026 08:45;573.8
03/02/2026 09:00;573.8
03/02/2026 09:15;573.81
03/02/2026 09:30;573.81
03/02/2026 09:45;573.81
03/02/2026 10:00;573.81
03/02/2026 10:15;573.81
03/02/2026 10:30;573.81
03/02/2026 10:45;573.84
03/02/2026 11:00;573.84
03/02/2026 11:15;573.84
03/02/2026 11:30;573.85
03/02/2026 11:45;573.85
03/02/2026 12:00;573.85
03/02/2026 12:15;573.87
03/02/2026 12:30;573.88
03/02/2026 12:45;573.89
03/02/2026 13:00;573.89
03/02/2026 13:15;573.89
03/02/2026 13:30;573.89
03/02/2026 13:45;573.91
03/02/2026 14:00;573.91
03/02/2026 14:15;573.92
03/02/2026 14:30;573.92
03/02/2026 14:45;573.92
03/02/2026 15:00;573.92
03/02/2026 15:15;573.92
03/02/2026 15:30;573.94
03/02/2026 15:45;573.95
03/02/2026 16:00;573.95
03/02/2026 16:15;573.96
03/02/2026 16:30;573.96
03/02/2026 16:45;573.96
03/02/2026 17:00;573.99
03/02/2026 17:15;573.98
03/02/2026 17:30;573.99
03/02/2026 17:45;573.99
03/02/2026 18:00;573.99
03/02/2026 18:15;573.99
03/02/2026 18:30;573.99
03/02/2026 18:45;573.99
03/02/2026 19:00;574.02
03/02/2026 19:15;574.02
03/02/2026 19:30;574.02
03/02/2026 19:45;574.03
03/02/2026 20:00;574.03
03/02/2026 20:15;574.04
03/02/2026 20:30;574.04
03/02/2026 20:45;574.05
03/02/2026 21:00;574.05
03/02/2026 21:15;574.06
03/02/2026 21:30;574.06
03/02/2026 21:45;574.06
03/02/2026 22:00;574.06
03/02/2026 22:15;574.06
03/02/2026 22:30;574.06
03/02/2026 22:45;574.09
03/02/2026 23:00;574.09
03/02/2026 23:15;574.09
03/02/2026 23:30;574.09
03/02/2026 23:45;574.09
04/02/2026 00:00;574.1
04/02/2026 00:15;574.1
04/02/2026 00:30;574.1
04/02/2026 00:45;574.1
04/02/2026 01:00;574.1
04/02/2026 01:15;574.12
04/02/2026 01:30;574.12
04/02/2026 01:45;574.13
04/02/2026 02:00;574.13
04/02/2026 02:15;574.14
04/02/2026 02:30;574.14
04/02/2026 02:45;574.15
04/02/2026 03:00;574.15
04/02/2026 03:15;574.15
04/02/2026 03:30;574.15
04/02/2026 03:45;574.16
04/02/2026 04:00;574.17
04/02/2026 04:15;574.17
04/02/2026 04:30;574.17
04/02/2026 04:45;574.17
04/02/2026 05:00;574.17
04/02/2026 05:15;574.17
04/02/2026 05:30;574.2
04/02/2026 05:45;574.2
04/02/2026 06:00;574.2
04/02/2026 06:15;574.2
04/02/2026 06:30;574.2
04/02/2026 06:45;574.22
04/02/2026 07:00;574.21
04/02/2026 07:15;574.21
04/02/2026 07:30;574.23
04/02/2026 07:45;574.23
04/02/2026 08:00;574.23
04/02/2026 08:15;574.23
04/02/2026 08:30;574.24
04/02/2026 08:45;574.24
04/02/2026 09:00;574.24
04/02/2026 09:15;574.24
04/02/2026 09:30;574.24
04/02/2026 09:45;574.24
04/02/2026 10:00;574.24
04/02/2026 10:15;574.27
04/02/2026 10:30;574.27
04/02/2026 10:45;574.27
04/02/2026 11:00;574.27
04/02/2026 11:15;574.28
04/02/2026 11:30;574.29
04/02/2026 11:45;574.29
04/02/2026 12:00;574.3
04/02/2026 12:15;574.3
04/02/2026 12:30;574.31
04/02/2026 12:45;574.31
04/02/2026 13:00;574.31
04/02/2026 13:15;574.31
04/02/2026 13:30;574.31
04/02/2026 13:45;574.31
04/02/2026 14:00;574.33
04/02/2026 14:15;574.33
04/02/2026 14:30;574.34
04/02/2026 14:45;574.34
04/02/2026 15:00;574.34
04/02/2026 15:15;574.35
04/02/2026 15:30;574.35
04/02/2026 15:45;574.35
04/02/2026 16:00;574.35
04/02/2026 16:15;574.35
04/02/2026 16:30;574.38
04/02/2026 16:45;574.35
04/02/2026 17:00;574.38
04/02/2026 17:15;574.38
04/02/2026 17:30;574.38
04/02/2026 17:45;574.38
04/02/2026 18:00;574.39
04/02/2026 18:15;574.39
04/02/2026 18:30;574.4
04/02/2026 18:45;574.4
04/02/2026 19:00;574.4
04/02/2026 19:15;574.41
04/02/2026 19:30;574.41
04/02/2026 19:45;574.41
04/02/2026 20:00;574.41
04/02/2026 20:15;574.42
04/02/2026 20:30;574.42
04/02/2026 20:45;574.41
04/02/2026 21:00;574.41
04/02/2026 21:15;574.42
04/02/2026 21:30;574.42
04/02/2026 21:45;574.42
04/02/2026 22:00;574.42
04/02/2026 22:15;574.42
04/02/2026 22:30;574.42
04/02/2026 22:45;574.42
04/02/2026 23:00;574.45
04/02/2026 23:15;574.42
04/02/2026 23:30;574.45
04/02/2026 23:45;574.45
05/02/2026 00:00;574.46
05/02/2026 00:15;574.46
05/02/2026 00:30;574.46
05/02/2026 00:45;574.46
05/02/2026 01:00;574.46
05/02/2026 01:15;574.48
05/02/2026 01:30;574.47
05/02/2026 01:45;574.47
05/02/2026 02:00;574.48
05/02/2026 02:15;574.48
05/02/2026 02:30;574.49
05/02/2026 02:45;574.49
05/02/2026 03:00;574.49
05/02/2026 03:15;574.49
05/02/2026 03:30;574.51
05/02/2026 03:45;574.51
05/02/2026 04:00;574.51
05/02/2026 04:15;574.51
05/02/2026 04:30;574.52
05/02/2026 04:45;574.53
05/02/2026 05:00;574.53
05/02/2026 05:15;574.53
05/02/2026 05:30;574.53
05/02/2026 05:45;574.53
05/02/2026 06:00;574.53
05/02/2026 06:15;574.53
05/02/2026 06:30;574.56
05/02/2026 06:45;574.54
05/02/2026 07:00;574.56
05/02/2026 07:15;574.56
05/02/2026 07:30;574.56
05/02/2026 07:45;574.56
05/02/2026 08:00;574.56
05/02/2026 08:15;574.56
05/02/2026 08:30;574.56
05/02/2026 08:45;574.58
05/02/2026 09:00;574.58
05/02/2026 09:15;574.58
05/02/2026 09:30;574.59
05/02/2026 09:45;574.59
05/02/2026 10:00;574.59
05/02/2026 10:15;574.59
05/02/2026 10:30;574.6
05/02/2026 10:45;574.6
05/02/2026 11:00;574.6
05/02/2026 11:15;574.6
05/02/2026 11:30;574.63
05/02/2026 11:45;574.64
05/02/2026 12:00;574.64
05/02/2026 12:15;574.64
05/02/2026 12:30;574.64
05/02/2026 12:45;574.65
05/02/2026 13:00;574.65
05/02/2026 13:15;574.66
05/02/2026 13:30;574.67
05/02/2026 13:45;574.67
05/02/2026 14:00;574.67
05/02/2026 14:15;574.69
05/02/2026 14:30;574.7
05/02/2026 14:45;574.7
05/02/2026 15:00;574.71
05/02/2026 15:15;574.71
05/02/2026 15:30;574.72
05/02/2026 15:45;574.74
05/02/2026 16:00;574.74
05/02/2026 16:15;574.74
05/02/2026 16:30;574.74
05/02/2026 16:45;574.76
05/02/2026 17:00;574.77
05/02/2026 17:15;574.78
05/02/2026 17:30;574.78
05/02/2026 17:45;574.79
05/02/2026 18:00;574.81
05/02/2026 18:15;574.81
05/02/2026 18:30;574.81
05/02/2026 18:45;574.81
05/02/2026 19:00;574.84
05/02/2026 19:15;574.84
05/02/2026 19:30;574.85
05/02/2026 19:45;574.84
05/02/2026 20:00;574.85
05/02/2026 20:15;574.87
05/02/2026 20:30;574.87
05/02/2026 20:45;574.89
05/02/2026 21:00;574.89
05/02/2026 21:15;574.89
05/02/2026 21:30;574.9
05/02/2026 21:45;574.9
05/02/2026 22:00;574.92
05/02/2026 22:15;574.92
05/02/2026 22:30;574.92
05/02/2026 22:45;574.92
05/02/2026 23:00;574.94
05/02/2026 23:15;574.96
05/02/2026 23:30;574.96
05/02/2026 23:45;574.96
06/02/2026 00:00;574.97
06/02/2026 00:15;574.97
06/02/2026 00:30;574.99
06/02/2026 00:45;574.99
06/02/2026 01:00;574.99
06/02/2026 01:15;575.01
06/02/2026 01:30;575.02
06/02/2026 01:45;575.03
06/02/2026 02:00;575.03
06/02/2026 02:15;575.03
06/02/2026 02:30;575.04
06/02/2026 02:45;575.05
06/02/2026 03:00;575.06
06/02/2026 03:15;575.06
06/02/2026 03:30;575.06
06/02/2026 03:45;575.06
06/02/2026 04:00;575.08
06/02/2026 04:15;575.1
06/02/2026 04:30;575.1
06/02/2026 04:45;575.1
06/02/2026 05:00;575.1
06/02/2026 05:15;575.1
06/02/2026 05:30;575.12
06/02/2026 05:45;575.13
06/02/2026 06:00;575.13
06/02/2026 06:15;575.13
06/02/2026 06:30;575.14
06/02/2026 06:45;575.15
06/02/2026 07:00;575.17
06/02/2026 07:15;575.17
06/02/2026 07:30;575.17
06/02/2026 07:45;575.17
06/02/2026 08:00;575.17
06/02/2026 08:15;575.17
06/02/2026 08:30;575.19
06/02/2026 08:45;575.19
06/02/2026 09:00;575.2
06/02/2026 09:15;575.2
06/02/2026 09:30;575.21
06/02/2026 09:45;575.22
06/02/2026 10:00;575.22
06/02/2026 10:15;575.23
06/02/2026 10:30;575.24
06/02/2026 10:45;575.24
06/02/2026 11:00;575.24
06/02/2026 11:15;575.24
06/02/2026 11:30;575.26
06/02/2026 11:45;575.26
06/02/2026 12:00;575.26
06/02/2026 12:15;575.28
06/02/2026 12:30;575.28
06/02/2026 12:45;575.28
06/02/2026 13:00;575.29
06/02/2026 13:15;575.29
06/02/2026 13:30;575.29
06/02/2026 13:45;575.3
06/02/2026 14:00;575.3
06/02/2026 14:15;575.31
06/02/2026 14:30;575.31
06/02/2026 14:45;575.31
06/02/2026 15:00;575.33
06/02/2026 15:15;575.33
06/02/2026 15:30;575.33
06/02/2026 15:45;575.33
06/02/2026 16:00;575.35
06/02/2026 16:15;575.35
06/02/2026 16:30;575.35
06/02/2026 16:45;575.35
06/02/2026 17:00;575.35
06/02/2026 17:15;575.35
06/02/2026 17:30;575.37
06/02/2026 17:45;575.37
06/02/2026 18:00;575.39
06/02/2026 18:15;575.39
06/02/2026 18:30;575.39
06/02/2026 18:45;575.39
06/02/2026 19:00;575.4
06/02/2026 19:15;575.4
06/02/2026 19:30;575.4
06/02/2026 19:45;575.41
06/02/2026 20:00;575.41
06/02/2026 20:15;575.41
06/02/2026 20:30;575.41
06/02/2026 20:45;575.42
06/02/2026 21:00;575.42
06/02/2026 21:15;575.44
06/02/2026 21:30;575.44
06/02/2026 21:45;575.44
06/02/2026 22:00;575.46
06/02/2026 22:15;575.46
06/02/2026 22:30;575.46
06/02/2026 22:45;575.46
06/02/2026 23:00;575.46
06/02/2026 23:15;575.46
06/02/2026 23:30;575.47
06/02/2026 23:45;575.47
07/02/2026 00:00;575.48
07/02/2026 00:15;575.48
07/02/2026 00:30;575.48
07/02/2026 00:45;575.49
07/02/2026 01:00;575.49
07/02/2026 01:15;575.49
07/02/2026 01:30;575.49
07/02/2026 01:45;575.51
07/02/2026 02:00;575.51
07/02/2026 02:15;575.52
07/02/2026 02:30;575.51
07/02/2026 02:45;575.52
07/02/2026 03:00;575.52
07/02/2026 03:15;575.53
07/02/2026 03:30;575.54
07/02/2026 03:45;575.54
07/02/2026 04:00;575.54
07/02/2026 04:15;575.54
07/02/2026 04:30;575.54
07/02/2026 04:45;575.55
07/02/2026 05:00;575.55
07/02/2026 05:15;575.55
07/02/2026 05:30;575.56
07/02/2026 05:45;575.56
07/02/2026 06:00;575.56
07/02/2026 06:15;575.56
07/02/2026 06:30;575.56
07/02/2026 06:45;575.56
07/02/2026 07:00;575.58
07/02/2026 07:15;575.58
07/02/2026 07:30;575.58
07/02/2026 07:45;575.59
07/02/2026 08:00;575.59
07/02/2026 08:15;575.6
07/02/2026 08:30;575.6
07/02/2026 08:45;575.6
07/02/2026 09:00;575.6
07/02/2026 09:15;575.62
07/02/2026 09:30;575.62
07/02/2026 09:45;575.62
07/02/2026 10:00;575.62
07/02/2026 10:15;575.62
07/02/2026 10:30;575.62
07/02/2026 10:45;575.62
07/02/2026 11:00;575.64
07/02/2026 11:15;575.64
07/02/2026 11:30;575.64
07/02/2026 11:45;575.64
07/02/2026 12:00;575.64
07/02/2026 12:15;575.65
07/02/2026 12:30;575.65
07/02/2026 12:45;575.66
07/02/2026 13:00;575.66
07/02/2026 13:15;575.67
07/02/2026 13:30;575.67
07/02/2026 13:45;575.67
07/02/2026 14:00;575.67
07/02/2026 14:15;575.67
07/02/2026 14:30;575.67
07/02/2026 14:45;575.67
07/02/2026 15:00;575.67
07/02/2026 15:15;575.67
07/02/2026 15:30;575.69
07/02/2026 15:45;575.69
07/02/2026 16:00;575.69
07/02/2026 16:15;575.7
07/02/2026 16:30;575.7
07/02/2026 16:45;575.71
07/02/2026 17:00;575.71
07/02/2026 17:15;575.71
07/02/2026 17:30;575.72
07/02/2026 17:45;575.72
07/02/2026 18:00;575.72
07/02/2026 18:15;575.72
07/02/2026 18:30;575.72
07/02/2026 18:45;575.72
07/02/2026 19:00;575.72
07/02/2026 19:15;575.73
07/02/2026 19:30;575.73
07/02/2026 19:45;575.73
07/02/2026 20:00;575.74
07/02/2026 20:15;575.74
07/02/2026 20:30;575.74
07/02/2026 20:45;575.74
07/02/2026 21:00;575.74
07/02/2026 21:15;575.74
07/02/2026 21:30;575.74
07/02/2026 21:45;575.74
07/02/2026 22:00;575.76
07/02/2026 22:15;575.76
07/02/2026 22:30;575.76
07/02/2026 22:45;575.77
07/02/2026 23:00;575.77
07/02/2026 23:15;575.77
07/02/2026 23:30;575.77
07/02/2026 23:45;575.78
08/02/2026 00:00;575.78
08/02/2026 00:15;575.79
08/02/2026 00:30;575.79
08/02/2026 00:45;575.8
08/02/2026 01:00;575.8
08/02/2026 01:15;575.79
08/02/2026 01:30;575.8
08/02/2026 01:45;575.8
08/02/2026 02:00;575.8
08/02/2026 02:15;575.8
08/02/2026 02:30;575.8
08/02/2026 02:45;575.81
08/02/2026 03:00;575.81
08/02/2026 03:15;575.81
08/02/2026 03:30;575.81
08/02/2026 03:45;575.83
08/02/2026 04:00;575.83
08/02/2026 04:15;575.83
08/02/2026 04:30;575.83
08/02/2026 04:45;575.83
08/02/2026 05:00;575.83
08/02/2026 05:15;575.83
08/02/2026 05:30;575.83
08/02/2026 05:45;575.84
08/02/2026 06:00;575.84
08/02/2026 06:15;575.84
08/02/2026 06:30;575.84
08/02/2026 06:45;575.85
08/02/2026 07:00;575.85
08/02/2026 07:15;575.85
08/02/2026 07:30;575.85
08/02/2026 07:45;575.85
08/02/2026 08:00;575.85
08/02/2026 08:15;575.87
08/02/2026 08:30;575.87
08/02/2026 08:45;575.87
08/02/2026 09:00;575.88
08/02/2026 09:15;575.88
08/02/2026 09:30;575.88
08/02/2026 09:45;575.88
08/02/2026 10:00;575.89
08/02/2026 10:15;575.89
08/02/2026 10:30;575.89
08/02/2026 10:45;575.9
08/02/2026 11:00;575.89
08/02/2026 11:15;575.9
08/02/2026 11:30;575.9
08/02/2026 11:45;575.9
08/02/2026 12:00;575.9
08/02/2026 12:15;575.9
08/02/2026 12:30;575.9
08/02/2026 12:45;575.9
08/02/2026 13:00;575.91
08/02/2026 13:15;575.91
08/02/2026 13:30;575.91
08/02/2026 13:45;575.92
08/02/2026 14:00;575.92
08/02/2026 14:15;575.92
08/02/2026 14:30;575.92
08/02/2026 14:45;575.92
08/02/2026 15:00;575.92
08/02/2026 15:15;575.92
08/02/2026 15:30;575.92
08/02/2026 15:45;575.92
08/02/2026 16:00;575.94
08/02/2026 16:15;575.94
08/02/2026 16:30;575.95
08/02/2026 16:45;575.95
08/02/2026 17:00;575.96
08/02/2026 17:15;575.94
08/02/2026 17:30;575.95
08/02/2026 17:45;575.95
08/02/2026 18:00;575.96
08/02/2026 18:15;575.96
08/02/2026 18:30;575.96
08/02/2026 18:45;575.96
08/02/2026 19:00;575.96
08/02/2026 19:15;575.97
08/02/2026 19:30;575.97
08/02/2026 19:45;575.97
08/02/2026 20:00;575.98
08/02/2026 20:15;575.98
08/02/2026 20:30;575.98
08/02/2026 20:45;575.98
08/02/2026 21:00;575.98
08/02/2026 21:15;575.98
08/02/2026 21:30;575.98
08/02/2026 21:45;575.98
08/02/2026 22:00;575.99
08/02/2026 22:15;575.99
08/02/2026 22:30;576.01
08/02/2026 22:45;575.99
08/02/2026 23:00;576.01
08/02/2026 23:15;576.01
08/02/2026 23:30;576.01
08/02/2026 23:45;576.01
09/02/2026 00:00;576.02
09/02/2026 00:15;576.02
09/02/2026 00:30;576.02
09/02/2026 00:45;576.02
09/02/2026 01:00;576.02
09/02/2026 01:15;576.03
09/02/2026 01:30;576.03
09/02/2026 01:45;576.03
09/02/2026 02:00;576.04
09/02/2026 02:15;576.04
09/02/2026 02:30;576.05
09/02/2026 02:45;576.05
09/02/2026 03:00;576.05
09/02/2026 03:15;576.05
09/02/2026 03:30;576.06
09/02/2026 03:45;576.05
09/02/2026 04:00;576.06
09/02/2026 04:15;576.06
09/02/2026 04:30;576.06
09/02/2026 04:45;576.06
09/02/2026 05:00;576.06
09/02/2026 05:15;576.08
09/02/2026 05:30;576.08
09/02/2026 05:45;576.08
09/02/2026 06:00;576.08
09/02/2026 06:15;576.08
09/02/2026 06:30;576.08
09/02/2026 06:45;576.08
09/02/2026 07:00;576.09
09/02/2026 07:15;576.09
09/02/2026 07:30;576.1
09/02/2026 07:45;576.1
09/02/2026 08:00;576.1
09/02/2026 08:15;576.1
09/02/2026 08:30;576.1
09/02/2026 08:45;576.1
09/02/2026 09:00;576.1
09/02/2026 09:15;576.1
09/02/2026 09:30;576.1
09/02/2026 09:45;576.1
09/02/2026 10:00;576.12
09/02/2026 10:15;576.12
09/02/2026 10:30;576.13
09/02/2026 10:45;576.13
09/02/2026 11:00;576.14
09/02/2026 11:15;576.14
09/02/2026 11:30;576.14
09/02/2026 11:45;576.14
09/02/2026 12:00;576.15
09/02/2026 12:15;576.15
09/02/2026 12:30;576.16
09/02/2026 12:45;576.16
09/02/2026 13:00;576.16
09/02/2026 13:15;576.16
09/02/2026 13:30;576.16
09/02/2026 13:45;576.17
09/02/2026 14:00;576.17
09/02/2026 14:15;576.17
09/02/2026 14:30;576.17
09/02/2026 14:45;576.17
09/02/2026 15:00;576.19
09/02/2026 15:15;576.19
09/02/2026 15:30;576.19
09/02/2026 15:45;576.19
09/02/2026 16:00;576.19
09/02/2026 16:15;576.19
09/02/2026 16:30;576.2
09/02/2026 16:45;576.2
09/02/2026 17:00;576.21
09/02/2026 17:15;576.21
09/02/2026 17:30;576.22
09/02/2026 17:45;576.22
09/02/2026 18:00;576.22
09/02/2026 18:15;576.22
09/02/2026 18:30;576.22
09/02/2026 18:45;576.22
09/02/2026 19:00;576.24
09/02/2026 19:15;576.23
09/02/2026 19:30;576.24
09/02/2026 19:45;576.24
09/02/2026 20:00;576.24
09/02/2026 20:15;576.26
09/02/2026 20:30;576.24
09/02/2026 20:45;576.26
09/02/2026 21:00;576.26
09/02/2026 21:15;576.26
09/02/2026 21:30;576.26
09/02/2026 21:45;576.27
09/02/2026 22:00;576.27
09/02/2026 22:15;576.27
09/02/2026 22:30;576.29
09/02/2026 22:45;576.29
09/02/2026 23:00;576.3
09/02/2026 23:15;576.3
09/02/2026 23:30;576.31
09/02/2026 23:45;576.31
10/02/2026 00:00;576.31
10/02/2026 00:15;576.33
10/02/2026 00:30;576.34
10/02/2026 00:45;576.34
10/02/2026 01:00;576.34
10/02/2026 01:15;576.35
10/02/2026 01:30;576.37
10/02/2026 01:45;576.38
10/02/2026 02:00;576.38
10/02/2026 02:15;576.39
10/02/2026 02:30;576.4
10/02/2026 02:45;576.42
10/02/2026 03:00;576.44
10/02/2026 03:15;576.44
10/02/2026 03:30;576.45
10/02/2026 03:45;576.47
10/02/2026 04:00;576.47
10/02/2026 04:15;576.48
10/02/2026 04:30;576.49
10/02/2026 04:45;576.52
10/02/2026 05:00;576.54
10/02/2026 05:15;576.55
10/02/2026 05:30;576.55
10/02/2026 05:45;576.56
10/02/2026 06:00;576.6
10/02/2026 06:15;576.6
10/02/2026 06:30;576.63
10/02/2026 06:45;576.65
10/02/2026 07:00;576.65
10/02/2026 07:15;576.67
10/02/2026 07:30;576.7
10/02/2026 07:45;576.7
10/02/2026 08:00;576.73
10/02/2026 08:15;576.76
10/02/2026 08:30;576.76
10/02/2026 08:45;576.79
10/02/2026 09:00;576.81
10/02/2026 09:15;576.83
10/02/2026 09:30;576.84
10/02/2026 09:45;576.87
10/02/2026 10:00;576.88
10/02/2026 10:15;576.91
10/02/2026 10:30;576.94
10/02/2026 10:45;576.95
10/02/2026 11:00;576.98
10/02/2026 11:15;576.99
10/02/2026 11:30;577.02
10/02/2026 11:45;577.04
10/02/2026 12:00;577.05
10/02/2026 12:15;577.08
10/02/2026 12:30;577.09
10/02/2026 12:45;577.12
10/02/2026 13:00;577.14
10/02/2026 13:15;577.16
10/02/2026 13:30;577.17
10/02/2026 13:45;577.19
10/02/2026 14:00;577.2
10/02/2026 14:15;577.22
10/02/2026 14:30;577.24
10/02/2026 14:45;577.27
10/02/2026 15:00;577.3
10/02/2026 15:15;577.3
10/02/2026 15:30;577.31
10/02/2026 15:45;577.33
10/02/2026 16:00;577.35
10/02/2026 16:15;577.37
10/02/2026 16:30;577.38
10/02/2026 16:45;577.4
10/02/2026 17:00;577.42
10/02/2026 17:15;577.42
10/02/2026 17:30;577.45
10/02/2026 17:45;577.46
10/02/2026 18:00;577.48
10/02/2026 18:15;577.49
10/02/2026 18:30;577.51
10/02/2026 18:45;577.52
10/02/2026 19:00;577.53
10/02/2026 19:15;577.53
10/02/2026 19:30;577.56
10/02/2026 19:45;577.56
10/02/2026 20:00;577.59
10/02/2026 20:15;577.6
10/02/2026 20:30;577.63
10/02/2026 20:45;577.63
10/02/2026 21:00;577.64
10/02/2026 21:15;577.66
10/02/2026 21:30;577.67
10/02/2026 21:45;577.7
10/02/2026 22:00;577.71
10/02/2026 22:15;577.74
10/02/2026 22:30;577.74
10/02/2026 22:45;577.76
10/02/2026 23:00;577.77
10/02/2026 23:15;577.8
10/02/2026 23:30;577.81
10/02/2026 23:45;577.81
11/02/2026 00:00;577.84
11/02/2026 00:15;577.85
11/02/2026 00:30;577.87
11/02/2026 00:45;577.89
11/02/2026 01:00;577.91
11/02/2026 01:15;577.92
11/02/2026 01:30;577.92
11/02/2026 01:45;577.95
11/02/2026 02:00;577.97
11/02/2026 02:15;577.99
11/02/2026 02:30;577.99
11/02/2026 02:45;578.02
11/02/2026 03:00;578.02
11/02/2026 03:15;578.05
11/02/2026 03:30;578.06
11/02/2026 03:45;578.06
11/02/2026 04:00;578.09
11/02/2026 04:15;578.1
11/02/2026 04:30;578.13
11/02/2026 04:45;578.13
11/02/2026 05:00;578.14
11/02/2026 05:15;578.15
11/02/2026 05:30;578.17
11/02/2026 05:45;578.17
11/02/2026 06:00;578.2
11/02/2026 06:15;578.2
11/02/2026 06:30;578.22
11/02/2026 06:45;578.23
11/02/2026 07:00;578.24
11/02/2026 07:15;578.24
11/02/2026 07:30;578.27
11/02/2026 07:45;578.28
11/02/2026 08:00;578.29
11/02/2026 08:15;578.29
11/02/2026 08:30;578.31
11/02/2026 08:45;578.31
11/02/2026 09:00;578.34
11/02/2026 09:15;578.35
11/02/2026 09:30;578.35
11/02/2026 09:45;578.35
11/02/2026 10:00;578.38
11/02/2026 10:15;578.38
11/02/2026 10:30;578.4
11/02/2026 10:45;578.4
11/02/2026 11:00;578.41
11/02/2026 11:15;578.42
11/02/2026 11:30;578.44
11/02/2026 11:45;578.45
11/02/2026 12:00;578.45
11/02/2026 12:15;578.46
11/02/2026 12:30;578.47
11/02/2026 12:45;578.47
11/02/2026 13:00;578.49
11/02/2026 13:15;578.49
11/02/2026 13:30;578.51
11/02/2026 13:45;578.51
11/02/2026 14:00;578.52
11/02/2026 14:15;578.53
11/02/2026 14:30;578.54
11/02/2026 14:45;578.54
11/02/2026 15:00;578.56
11/02/2026 15:15;578.56
11/02/2026 15:30;578.56
11/02/2026 15:45;578.58
11/02/2026 16:00;578.59
11/02/2026 16:15;578.6
11/02/2026 16:30;578.6
11/02/2026 16:45;578.62
11/02/2026 17:00;578.62
11/02/2026 17:15;578.63
11/02/2026 17:30;578.64
11/02/2026 17:45;578.65
11/02/2026 18:00;578.67
11/02/2026 18:15;578.67
11/02/2026 18:30;578.67
11/02/2026 18:45;578.69
11/02/2026 19:00;578.67
11/02/2026 19:15;578.71
11/02/2026 19:30;578.71
11/02/2026 19:45;578.72
11/02/2026 20:00;578.74
11/02/2026 20:15;578.74
11/02/2026 20:30;578.74
11/02/2026 20:45;578.74
11/02/2026 21:00;578.76
11/02/2026 21:15;578.76
11/02/2026 21:30;578.77
11/02/2026 21:45;578.78
11/02/2026 22:00;578.8
11/02/2026 22:15;578.8
11/02/2026 22:30;578.81
11/02/2026 22:45;578.81
11/02/2026 23:00;578.81
11/02/2026 23:15;578.85
11/02/2026 23:30;578.85
11/02/2026 23:45;578.85
12/02/2026 00:00;578.85
12/02/2026 00:15;578.87
12/02/2026 00:30;578.88
12/02/2026 00:45;578.89
12/02/2026 01:00;578.9
12/02/2026 01:15;578.9
12/02/2026 01:30;578.92
12/02/2026 01:45;578.92
12/02/2026 02:00;578.92
12/02/2026 02:15;578.92
12/02/2026 02:30;578.95
12/02/2026 02:45;578.95
12/02/2026 03:00;578.96
12/02/2026 03:15;578.97
12/02/2026 03:30;578.98
12/02/2026 03:45;578.99
12/02/2026 04:00;578.99
12/02/2026 04:15;578.99
12/02/2026 04:30;578.99
12/02/2026 04:45;579.03
12/02/2026 05:00;579.03
12/02/2026 05:15;579.04
12/02/2026 05:30;579.05
12/02/2026 05:45;579.06
12/02/2026 06:00;579.06
12/02/2026 06:15;579.06
12/02/2026 06:30;579.08
12/02/2026 06:45;579.08
12/02/2026 07:00;579.1
12/02/2026 07:15;579.1
12/02/2026 07:30;579.1
12/02/2026 07:45;579.12
12/02/2026 08:00;579.13
12/02/2026 08:15;579.13
12/02/2026 08:30;579.13
12/02/2026 08:45;579.15
12/02/2026 09:00;579.16
12/02/2026 09:15;579.17
12/02/2026 09:30;579.17
12/02/2026 09:45;579.17
12/02/2026 10:00;579.19
12/02/2026 10:15;579.19
12/02/2026 10:30;579.19
12/02/2026 10:45;579.21
12/02/2026 11:00;579.21
12/02/2026 11:15;579.22
12/02/2026 11:30;579.22
12/02/2026 11:45;579.23
12/02/2026 12:00;579.23
12/02/2026 12:15;579.24
12/02/2026 12:30;579.24
12/02/2026 12:45;579.26
12/02/2026 13:00;579.26
12/02/2026 13:15;579.26
12/02/2026 13:30;579.28
12/02/2026 13:45;579.28
12/02/2026 14:00;579.29
12/02/2026 14:15;579.29
12/02/2026 14:30;579.29
12/02/2026 14:45;579.31
12/02/2026 15:00;579.31
12/02/2026 15:15;579.33
12/02/2026 15:30;579.31
12/02/2026 15:45;579.33
12/02/2026 16:00;579.34
12/02/2026 16:15;579.34
12/02/2026 16:30;579.35
12/02/2026 16:45;579.35
12/02/2026 17:00;579.35
12/02/2026 17:15;579.37
12/02/2026 17:30;579.37
12/02/2026 17:45;579.39
12/02/2026 18:00;579.39
12/02/2026 18:15;579.39
12/02/2026 18:30;579.39
12/02/2026 18:45;579.39
12/02/2026 19:00;579.4
12/02/2026 19:15;579.41
12/02/2026 19:30;579.41
12/02/2026 19:45;579.42
12/02/2026 20:00;579.42
12/02/2026 20:15;579.42
12/02/2026 20:30;579.42
12/02/2026 20:45;579.42
12/02/2026 21:00;579.44
12/02/2026 21:15;579.44
12/02/2026 21:30;579.44
12/02/2026 21:45;579.46
12/02/2026 22:00;579.47
12/02/2026 22:15;579.47
12/02/2026 22:30;579.47
12/02/2026 22:45;579.48
12/02/2026 23:00;579.48
12/02/2026 23:15;579.49
12/02/2026 23:30;579.49
12/02/2026 23:45;579.49
13/02/2026 00:00;579.49
13/02/2026 00:15;579.49
13/02/2026 00:30;579.51
13/02/2026 00:45;579.51
13/02/2026 01:00;579.52
13/02/2026 01:15;579.52
13/02/2026 01:30;579.53
13/02/2026 01:45;579.54
13/02/2026 02:00;579.54
13/02/2026 02:15;579.54
13/02/2026 02:30;579.55
13/02/2026 02:45;579.55
13/02/2026 03:00;579.55
13/02/2026 03:15;579.56
13/02/2026 03:30;579.56
13/02/2026 03:45;579.56
13/02/2026 04:00;579.56
13/02/2026 04:15;579.56
13/02/2026 04:30;579.58
13/02/2026 04:45;579.58
13/02/2026 05:00;579.59
13/02/2026 05:15;579.59
13/02/2026 05:30;579.6
13/02/2026 05:45;579.6
13/02/2026 06:00;579.6
13/02/2026 06:15;579.6
13/02/2026 06:30;579.6
13/02/2026 06:45;579.6
13/02/2026 07:00;579.62
13/02/2026 07:15;579.62
13/02/2026 07:30;579.62
13/02/2026 07:45;579.64
13/02/2026 08:00;579.64
13/02/2026 08:15;579.65
13/02/2026 08:30;579.65
13/02/2026 08:45;579.65
13/02/2026 09:00;579.65
13/02/2026 09:15;579.66
13/02/2026 09:30;579.66
13/02/2026 09:45;579.66
13/02/2026 10:00;579.67
13/02/2026 10:15;579.67
13/02/2026 10:30;579.67
13/02/2026 10:45;579.67
13/02/2026 11:00;579.69
13/02/2026 11:15;579.69
13/02/2026 11:30;579.7
13/02/2026 11:45;579.7
13/02/2026 12:00;579.71
13/02/2026 12:15;579.72
13/02/2026 12:30;579.71
13/02/2026 12:45;579.72
13/02/2026 13:00;579.73
13/02/2026 13:15;579.73
13/02/2026 13:30;579.73
13/02/2026 13:45;579.74
13/02/2026 14:00;579.74
13/02/2026 14:15;579.74
13/02/2026 14:30;579.76
13/02/2026 14:45;579.77
13/02/2026 15:00;579.77
13/02/2026 15:15;579.78
13/02/2026 15:30;579.77
13/02/2026 15:45;579.78
13/02/2026 16:00;579.79
13/02/2026 16:15;579.79
13/02/2026 16:30;579.8
13/02/2026 16:45;579.8
13/02/2026 17:00;579.81
13/02/2026 17:15;579.81
13/02/2026 17:30;579.83
13/02/2026 17:45;579.83
13/02/2026 18:00;579.83
13/02/2026 18:15;579.83
13/02/2026 18:30;579.83
13/02/2026 18:45;579.83
13/02/2026 19:00;579.84
13/02/2026 19:15;579.85
13/02/2026 19:30;579.85
13/02/2026 19:45;579.87
13/02/2026 20:00;579.87
13/02/2026 20:15;579.88
13/02/2026 20:30;579.89
13/02/2026 20:45;579.89
13/02/2026 21:00;579.9
13/02/2026 21:15;579.91
13/02/2026 21:30;579.91
13/02/2026 21:45;579.92
13/02/2026 22:00;579.92
13/02/2026 22:15;579.94
13/02/2026 22:30;579.95
13/02/2026 22:45;579.96
13/02/2026 23:00;579.97
13/02/2026 23:15;579.98
13/02/2026 23:30;579.99
13/02/2026 23:45;579.99
14/02/2026 00:00;580.01
14/02/2026 00:15;580.04
14/02/2026 00:30;580.04
14/02/2026 00:45;580.05
14/02/2026 01:00;580.06
14/02/2026 01:15;580.09
14/02/2026 01:30;580.1
14/02/2026 01:45;580.1
14/02/2026 02:00;580.13
14/02/2026 02:15;580.15
14/02/2026 02:30;580.16
14/02/2026 02:45;580.19
14/02/2026 03:00;580.19
14/02/2026 03:15;580.22
14/02/2026 03:30;580.22
14/02/2026 03:45;580.24
14/02/2026 04:00;580.26
14/02/2026 04:15;580.27
14/02/2026 04:30;580.3
14/02/2026 04:45;580.31
14/02/2026 05:00;580.33
14/02/2026 05:15;580.33
14/02/2026 05:30;580.35
14/02/2026 05:45;580.37
14/02/2026 06:00;580.4
14/02/2026 06:15;580.4
14/02/2026 06:30;580.42
14/02/2026 06:45;580.44
14/02/2026 07:00;580.45
14/02/2026 07:15;580.47
14/02/2026 07:30;580.48
14/02/2026 07:45;580.49
14/02/2026 08:00;580.51
14/02/2026 08:15;580.53
14/02/2026 08:30;580.54
14/02/2026 08:45;580.56
14/02/2026 09:00;580.58
14/02/2026 09:15;580.6
14/02/2026 09:30;580.6
14/02/2026 09:45;580.62
14/02/2026 10:00;580.63
14/02/2026 10:15;580.66
14/02/2026 10:30;580.66
14/02/2026 10:45;580.67
14/02/2026 11:00;580.69
14/02/2026 11:15;580.71
14/02/2026 11:30;580.73
14/02/2026 11:45;580.76
14/02/2026 12:00;580.76
14/02/2026 12:15;580.78
14/02/2026 12:30;580.8
14/02/2026 12:45;580.81
14/02/2026 13:00;580.84
14/02/2026 13:15;580.87
14/02/2026 13:30;580.87
14/02/2026 13:45;580.9
14/02/2026 14:00;580.92
14/02/2026 14:15;580.94
14/02/2026 14:30;580.95
14/02/2026 14:45;580.97
14/02/2026 15:00;580.99
14/02/2026 15:15;581.02
14/02/2026 15:30;581.02
14/02/2026 15:45;581.05
14/02/2026 16:00;581.08
14/02/2026 16:15;581.09
14/02/2026 16:30;581.12
14/02/2026 16:45;581.12
14/02/2026 17:00;581.14
14/02/2026 17:15;581.16
14/02/2026 17:30;581.19
14/02/2026 17:45;581.2
14/02/2026 18:00;581.23
14/02/2026 18:15;581.24
14/02/2026 18:30;581.26
14/02/2026 18:45;581.28
14/02/2026 19:00;581.3
14/02/2026 19:15;581.31
14/02/2026 19:30;581.34
14/02/2026 19:45;581.35
14/02/2026 20:00;581.38
14/02/2026 20:15;581.39
14/02/2026 20:30;581.41
14/02/2026 20:45;581.42
14/02/2026 21:00;581.44
14/02/2026 21:15;581.46
14/02/2026 21:30;581.48
14/02/2026 21:45;581.49
14/02/2026 22:00;581.52
14/02/2026 22:15;581.53
14/02/2026 22:30;581.55
14/02/2026 22:45;581.56
14/02/2026 23:00;581.56
14/02/2026 23:15;581.6
14/02/2026 23:30;581.62
14/02/2026 23:45;581.63
15/02/2026 00:00;581.66
15/02/2026 00:15;581.67
15/02/2026 00:30;581.67
15/02/2026 00:45;581.7
15/02/2026 01:00;581.71
15/02/2026 01:15;581.73
15/02/2026 01:30;581.74
15/02/2026 01:45;581.74
15/02/2026 02:00;581.78
15/02/2026 02:15;581.79
15/02/2026 02:30;581.81
15/02/2026 02:45;581.81
15/02/2026 03:00;581.84
15/02/2026 03:15;581.85
15/02/2026 03:30;581.85
15/02/2026 03:45;581.87
15/02/2026 04:00;581.89
15/02/2026 04:15;581.91
15/02/2026 04:30;581.91
15/02/2026 04:45;581.93
15/02/2026 05:00;581.93
15/02/2026 05:15;581.95
15/02/2026 05:30;581.97
15/02/2026 05:45;581.97
15/02/2026 06:00;581.99
15/02/2026 06:15;582
15/02/2026 06:30;582.02
15/02/2026 06:45;582.03
15/02/2026 07:00;582.03
15/02/2026 07:15;582.04
15/02/2026 07:30;582.06
15/02/2026 07:45;582.07
15/02/2026 08:00;582.09
15/02/2026 08:15;582.09
15/02/2026 08:30;582.1
15/02/2026 08:45;582.11
15/02/2026 09:00;582.13
15/02/2026 09:15;582.13
15/02/2026 09:30;582.15
15/02/2026 09:45;582.15
15/02/2026 10:00;582.16
15/02/2026 10:15;582.17
15/02/2026 10:30;582.17
15/02/2026 10:45;582.18
15/02/2026 11:00;582.2
15/02/2026 11:15;582.21
15/02/2026 11:30;582.22
15/02/2026 11:45;582.24
15/02/2026 12:00;582.24
15/02/2026 12:15;582.24
15/02/2026 12:30;582.25
15/02/2026 12:45;582.26
15/02/2026 13:00;582.28
15/02/2026 13:15;582.28
15/02/2026 13:30;582.29
15/02/2026 13:45;582.29
15/02/2026 14:00;582.29
15/02/2026 14:15;582.31
15/02/2026 14:30;582.32
15/02/2026 14:45;582.33
15/02/2026 15:00;582.34
15/02/2026 15:15;582.34
15/02/2026 15:30;582.35
15/02/2026 15:45;582.36
15/02/2026 16:00;582.36
15/02/2026 16:15;582.38
15/02/2026 16:30;582.39
15/02/2026 16:45;582.39
15/02/2026 17:00;582.39
15/02/2026 17:15;582.39
15/02/2026 17:30;582.42
15/02/2026 17:45;582.42
15/02/2026 18:00;582.42
15/02/2026 18:15;582.43
15/02/2026 18:30;582.44
15/02/2026 18:45;582.45
15/02/2026 19:00;582.46
15/02/2026 19:15;582.46
15/02/2026 19:30;582.47
15/02/2026 19:45;582.47
15/02/2026 20:00;582.49
15/02/2026 20:15;582.49
15/02/2026 20:30;582.5
15/02/2026 20:45;582.51
15/02/2026 21:00;582.51
15/02/2026 21:15;582.52
15/02/2026 21:30;582.52
15/02/2026 21:45;582.54
15/02/2026 22:00;582.55
15/02/2026 22:15;582.55
15/02/2026 22:30;582.56
15/02/2026 22:45;582.56
15/02/2026 23:00;582.57
15/02/2026 23:15;582.57
15/02/2026 23:30;582.58
15/02/2026 23:45;582.58
16/02/2026 00:00;582.6
16/02/2026 00:15;582.6
16/02/2026 00:30;582.61
16/02/2026 00:45;582.62
16/02/2026 01:00;582.62
16/02/2026 01:15;582.63
16/02/2026 01:30;582.64
16/02/2026 01:45;582.65
16/02/2026 02:00;582.65
16/02/2026 02:15;582.65
16/02/2026 02:30;582.67
16/02/2026 02:45;582.67
16/02/2026 03:00;582.67
16/02/2026 03:15;582.68
16/02/2026 03:30;582.69
16/02/2026 03:45;582.7
16/02/2026 04:00;582.71
16/02/2026 04:15;582.71
16/02/2026 04:30;582.72
16/02/2026 04:45;582.73
16/02/2026 05:00;582.73
16/02/2026 05:15;582.74
16/02/2026 05:30;582.75
16/02/2026 05:45;582.75
16/02/2026 06:00;582.76
16/02/2026 06:15;582.78
16/02/2026 06:30;582.78
16/02/2026 06:45;582.78
16/02/2026 07:00;582.79
16/02/2026 07:15;582.79
16/02/2026 07:30;582.8
16/02/2026 07:45;582.82
16/02/2026 08:00;582.82
16/02/2026 08:15;582.83
16/02/2026 08:30;582.83
16/02/2026 08:45;582.83
16/02/2026 09:00;582.85
16/02/2026 09:15;582.86
16/02/2026 09:30;582.86
16/02/2026 09:45;582.87
16/02/2026 10:00;582.88
16/02/2026 10:15;582.9
16/02/2026 10:30;582.9
16/02/2026 10:45;582.91
16/02/2026 11:00;582.92
16/02/2026 11:15;582.93
16/02/2026 11:30;582.94
16/02/2026 11:45;582.94
16/02/2026 12:00;582.96
16/02/2026 12:15;582.97
16/02/2026 12:30;582.98
16/02/2026 12:45;582.99
16/02/2026 13:00;583.01
16/02/2026 13:15;583.01
16/02/2026 13:30;583.03
16/02/2026 13:45;583.04
16/02/2026 14:00;583.05
16/02/2026 14:15;583.06
16/02/2026 14:30;583.08
16/02/2026 14:45;583.1
16/02/2026 15:00;583.1
16/02/2026 15:15;583.11
16/02/2026 15:30;583.14
16/02/2026 15:45;583.15
16/02/2026 16:00;583.16
16/02/2026 16:15;583.18
16/02/2026 16:30;583.19
16/02/2026 16:45;583.22
16/02/2026 17:00;583.22
16/02/2026 17:15;583.23
16/02/2026 17:30;583.26
16/02/2026 17:45;583.26
16/02/2026 18:00;583.28
16/02/2026 18:15;583.29
16/02/2026 18:30;583.32
16/02/2026 18:45;583.33
16/02/2026 19:00;583.35
16/02/2026 19:15;583.37
16/02/2026 19:30;583.37
16/02/2026 19:45;583.4
16/02/2026 20:00;583.41
16/02/2026 20:15;583.43
16/02/2026 20:30;583.45
16/02/2026 20:45;583.47
16/02/2026 21:00;583.48
16/02/2026 21:15;583.5
16/02/2026 21:30;583.51
16/02/2026 21:45;583.53
16/02/2026 22:00;583.55
16/02/2026 22:15;583.57
16/02/2026 22:30;583.59
16/02/2026 22:45;583.59
16/02/2026 23:00;583.63
16/02/2026 23:15;583.64
16/02/2026 23:30;583.66
16/02/2026 23:45;583.68
17/02/2026 00:00;583.7
17/02/2026 00:15;583.71
17/02/2026 00:30;583.73
17/02/2026 00:45;583.75
17/02/2026 01:00;583.76
17/02/2026 01:15;583.77
17/02/2026 01:30;583.8
17/02/2026 01:45;583.82
17/02/2026 02:00;583.83
17/02/2026 02:15;583.84
17/02/2026 02:30;583.86
17/02/2026 02:45;583.87
17/02/2026 03:00;583.9
17/02/2026 03:15;583.92
17/02/2026 03:30;583.94
17/02/2026 03:45;583.94
17/02/2026 04:00;583.97
17/02/2026 04:15;583.98
17/02/2026 04:30;583.99
17/02/2026 04:45;584.01
17/02/2026 05:00;584.02
17/02/2026 05:15;584.04
17/02/2026 05:30;584.06
17/02/2026 05:45;584.07
17/02/2026 06:00;584.1
17/02/2026 06:15;584.11
17/02/2026 06:30;584.12
17/02/2026 06:45;584.15
17/02/2026 07:00;584.15
17/02/2026 07:15;584.16
17/02/2026 07:30;584.18
17/02/2026 07:45;584.2
17/02/2026 08:00;584.2
17/02/2026 08:15;584.23
17/02/2026 08:30;584.24
17/02/2026 08:45;584.25
17/02/2026 09:00;584.26
17/02/2026 09:15;584.27
17/02/2026 09:30;584.29
17/02/2026 09:45;584.3
17/02/2026 10:00;584.31
17/02/2026 10:15;584.33
17/02/2026 10:30;584.34
17/02/2026 10:45;584.35
17/02/2026 11:00;584.37
17/02/2026 11:15;584.38
17/02/2026 11:30;584.38
17/02/2026 11:45;584.4
17/02/2026 12:00;584.41
17/02/2026 12:15;584.42
17/02/2026 12:30;584.42
17/02/2026 12:45;584.44
17/02/2026 13:00;584.46
17/02/2026 13:15;584.47
17/02/2026 13:30;584.48
17/02/2026 13:45;584.48
17/02/2026 14:00;584.49
17/02/2026 14:15;584.51
17/02/2026 14:30;584.52
17/02/2026 14:45;584.53
17/02/2026 15:00;584.53
17/02/2026 15:15;584.54
17/02/2026 15:30;584.56
17/02/2026 15:45;584.56
17/02/2026 16:00;584.58
17/02/2026 16:15;584.58
17/02/2026 16:30;584.59
17/02/2026 16:45;584.61
17/02/2026 17:00;584.6
17/02/2026 17:15;584.61
17/02/2026 17:30;584.64
17/02/2026 17:45;584.64
17/02/2026 18:00;584.64
17/02/2026 18:15;584.65
17/02/2026 18:30;584.65
17/02/2026 18:45;584.66
17/02/2026 19:00;584.67
17/02/2026 19:15;584.69
17/02/2026 19:30;584.67
17/02/2026 19:45;584.7
17/02/2026 20:00;584.7
17/02/2026 20:15;584.71
17/02/2026 20:30;584.71
17/02/2026 20:45;584.73
17/02/2026 21:00;584.74
17/02/2026 21:15;584.74
17/02/2026 21:30;584.76
17/02/2026 21:45;584.74
17/02/2026 22:00;584.76
17/02/2026 22:15;584.77
17/02/2026 22:30;584.77
17/02/2026 22:45;584.78
17/02/2026 23:00;584.78
17/02/2026 23:15;584.8
17/02/2026 23:30;584.79
17/02/2026 23:45;584.81
18/02/2026 00:00;584.81
18/02/2026 00:15;584.82
18/02/2026 00:30;584.82
18/02/2026 00:45;584.83
18/02/2026 01:00;584.84
18/02/2026 01:15;584.84
18/02/2026 01:30;584.85
18/02/2026 01:45;584.85
18/02/2026 02:00;584.85
18/02/2026 02:15;584.87
18/02/2026 02:30;584.87
18/02/2026 02:45;584.87
18/02/2026 03:00;584.87
18/02/2026 03:15;584.88
18/02/2026 03:30;584.89
18/02/2026 03:45;584.89
18/02/2026 04:00;584.9
18/02/2026 04:15;584.91
18/02/2026 04:30;584.9
18/02/2026 04:45;584.92
18/02/2026 05:00;584.92
18/02/2026 05:15;584.92
18/02/2026 05:30;584.94
18/02/2026 05:45;584.94
18/02/2026 06:00;584.95
18/02/2026 06:15;584.95
18/02/2026 06:30;584.95
18/02/2026 06:45;584.95
18/02/2026 07:00;584.96
18/02/2026 07:15;584.96
18/02/2026 07:30;584.96
18/02/2026 07:45;584.97
18/02/2026 08:00;584.98
18/02/2026 08:15;584.98
18/02/2026 08:30;584.99
18/02/2026 08:45;584.99
18/02/2026 09:00;585
18/02/2026 09:15;585
18/02/2026 09:30;585.01
18/02/2026 09:45;585.01
18/02/2026 10:00;585.01
18/02/2026 10:15;585.02
18/02/2026 10:30;585.03
18/02/2026 10:45;585.03
18/02/2026 11:00;585.03
18/02/2026 11:15;585.05
18/02/2026 11:30;585.05
18/02/2026 11:45;585.05
18/02/2026 12:00;585.06
18/02/2026 12:15;585.06
18/02/2026 12:30;585.06
18/02/2026 12:45;585.06
18/02/2026 13:00;585.07
18/02/2026 13:15;585.07
18/02/2026 13:30;585.08
18/02/2026 13:45;585.08
18/02/2026 14:00;585.09
18/02/2026 14:15;585.1
18/02/2026 14:30;585.1
18/02/2026 14:45;585.1
18/02/2026 15:00;585.1
18/02/2026 15:15;585.12
18/02/2026 15:30;585.13
18/02/2026 15:45;585.12
18/02/2026 16:00;585.12
18/02/2026 16:15;585.13
18/02/2026 16:30;585.13
18/02/2026 16:45;585.13
18/02/2026 17:00;585.14
18/02/2026 17:15;585.13
18/02/2026 17:30;585.16
18/02/2026 17:45;585.16
18/02/2026 18:00;585.16
18/02/2026 18:15;585.16
18/02/2026 18:30;585.17
18/02/2026 18:45;585.17
18/02/2026 19:00;585.18
18/02/2026 19:15;585.18
18/02/2026 19:30;585.18
18/02/2026 19:45;585.18
18/02/2026 20:00;585.19
18/02/2026 20:15;585.19
18/02/2026 20:30;585.19
18/02/2026 20:45;585.21
18/02/2026 21:00;585.2
18/02/2026 21:15;585.21
18/02/2026 21:30;585.21
18/02/2026 21:45;585.23
18/02/2026 22:00;585.23
18/02/2026 22:15;585.23
18/02/2026 22:30;585.23
18/02/2026 22:45;585.23
18/02/2026 23:00;585.23
18/02/2026 23:15;585.23
18/02/2026 23:30;585.24
18/02/2026 23:45;585.24
19/02/2026 00:00;585.25
19/02/2026 00:15;585.25
19/02/2026 00:30;585.27
19/02/2026 00:45;585.26
19/02/2026 01:00;585.27
19/02/2026 01:15;585.27
19/02/2026 01:30;585.28
19/02/2026 01:45;585.28
19/02/2026 02:00;585.29
19/02/2026 02:15;585.29
19/02/2026 02:30;585.29
19/02/2026 02:45;585.3
19/02/2026 03:00;585.3
19/02/2026 03:15;585.31
19/02/2026 03:30;585.3
19/02/2026 03:45;585.31
19/02/2026 04:00;585.31
19/02/2026 04:15;585.31
19/02/2026 04:30;585.32
19/02/2026 04:45;585.32
19/02/2026 05:00;585.34
19/02/2026 05:15;585.34
19/02/2026 05:30;585.34
19/02/2026 05:45;585.34
19/02/2026 06:00;585.34
19/02/2026 06:15;585.35
19/02/2026 06:30;585.35
19/02/2026 06:45;585.35
19/02/2026 07:00;585.35
19/02/2026 07:15;585.36
19/02/2026 07:30;585.37
19/02/2026 07:45;585.37
19/02/2026 08:00;585.37
19/02/2026 08:15;585.38
19/02/2026 08:30;585.38
19/02/2026 08:45;585.39
19/02/2026 09:00;585.39
19/02/2026 09:15;585.39
19/02/2026 09:30;585.39
19/02/2026 09:45;585.39
19/02/2026 10:00;585.39
19/02/2026 10:15;585.41
19/02/2026 10:30;585.41
19/02/2026 10:45;585.41
19/02/2026 11:00;585.41
19/02/2026 11:15;585.41
19/02/2026 11:30;585.41
19/02/2026 11:45;585.41
19/02/2026 12:00;585.41
19/02/2026 12:15;585.41
19/02/2026 12:30;585.41
19/02/2026 12:45;585.41
19/02/2026 13:00;585.41
19/02/2026 13:15;585.41
19/02/2026 13:30;585.41
19/02/2026 13:45;585.41
19/02/2026 14:00;585.41
19/02/2026 14:15;585.41
19/02/2026 14:30;585.41
19/02/2026 14:45;585.42
19/02/2026 15:00;585.41
19/02/2026 15:15;585.42
19/02/2026 15:30;585.42
19/02/2026 15:45;585.42
19/02/2026 16:00;585.41
19/02/2026 16:15;585.41
19/02/2026 16:30;585.42
19/02/2026 16:45;585.42
19/02/2026 17:00;585.42
19/02/2026 17:15;585.42
19/02/2026 17:30;585.42
19/02/2026 17:45;585.42
19/02/2026 18:00;585.42
19/02/2026 18:15;585.43
19/02/2026 18:30;585.42
19/02/2026 18:45;585.42
19/02/2026 19:00;585.42
19/02/2026 19:15;585.42
19/02/2026 19:30;585.41
19/02/2026 19:45;585.42
19/02/2026 20:00;585.41
19/02/2026 20:15;585.41
19/02/2026 20:30;585.41
19/02/2026 20:45;585.41
19/02/2026 21:00;585.41
19/02/2026 21:15;585.41
19/02/2026 21:30;585.41
19/02/2026 21:45;585.41
19/02/2026 22:00;585.41
19/02/2026 22:15;585.41
19/02/2026 22:30;585.41
19/02/2026 22:45;585.41
19/02/2026 23:00;585.41
19/02/2026 23:15;585.39
19/02/2026 23:30;585.41
19/02/2026 23:45;585.39
20/02/2026 00:00;585.39
20/02/2026 00:15;585.39
20/02/2026 00:30;585.39
20/02/2026 00:45;585.41
20/02/2026 01:00;585.41
20/02/2026 01:15;585.41
20/02/2026 01:30;585.41
20/02/2026 01:45;585.39
20/02/2026 02:00;585.41
20/02/2026 02:15;585.41
20/02/2026 02:30;585.41
20/02/2026 02:45;585.41
20/02/2026 03:00;585.41
20/02/2026 03:15;585.41
20/02/2026 03:30;585.41
20/02/2026 03:45;585.41
20/02/2026 04:00;585.41
20/02/2026 04:15;585.41
20/02/2026 04:30;585.41
20/02/2026 04:45;585.41
20/02/2026 05:00;585.42
20/02/2026 05:15;585.41
20/02/2026 05:30;585.42
20/02/2026 05:45;585.42
20/02/2026 06:00;585.42
20/02/2026 06:15;585.42
20/02/2026 06:30;585.42
20/02/2026 06:45;585.42
20/02/2026 07:00;585.42
20/02/2026 07:15;585.42
20/02/2026 07:30;585.42
20/02/2026 07:45;585.43
20/02/2026 08:00;585.42
20/02/2026 08:15;585.42
20/02/2026 08:30;585.42
20/02/2026 08:45;585.42
20/02/2026 09:00;585.42
20/02/2026 09:15;585.42
20/02/2026 09:30;585.42
20/02/2026 09:45;585.42
20/02/2026 10:00;585.42
20/02/2026 10:15;585.42
20/02/2026 10:30;585.43
20/02/2026 10:45;585.43
20/02/2026 11:00;585.44
20/02/2026 11:15;585.44
20/02/2026 11:30;585.44
20/02/2026 11:45;585.44
20/02/2026 12:00;585.45
20/02/2026 12:15;585.44
20/02/2026 12:30;585.45
20/02/2026 12:45;585.45
20/02/2026 13:00;585.45
20/02/2026 13:15;585.45
20/02/2026 13:30;585.46
20/02/2026 13:45;585.45
20/02/2026 14:00;585.45
20/02/2026 14:15;585.45
20/02/2026 14:30;585.45
20/02/2026 14:45;585.46
20/02/2026 15:00;585.46
20/02/2026 15:15;585.45
20/02/2026 15:30;585.46
20/02/2026 15:45;585.45
20/02/2026 16:00;585.46
20/02/2026 16:15;585.45
20/02/2026 16:30;585.46
20/02/2026 16:45;585.45
20/02/2026 17:00;585.45
20/02/2026 17:15;585.45
20/02/2026 17:30;585.45
20/02/2026 17:45;585.45
20/02/2026 18:00;585.45
20/02/2026 18:15;585.45
20/02/2026 18:30;585.45
20/02/2026 18:45;585.44
20/02/2026 19:00;585.44
20/02/2026 19:15;585.44
20/02/2026 19:30;585.43
20/02/2026 19:45;585.43
20/02/2026 20:00;585.43
20/02/2026 20:15;585.43
20/02/2026 20:30;585.42
20/02/2026 20:45;585.42
20/02/2026 21:00;585.42
20/02/2026 21:15;585.42
20/02/2026 21:30;585.41
20/02/2026 21:45;585.41
20/02/2026 22:00;585.41
20/02/2026 22:15;585.41
20/02/2026 22:30;585.41
20/02/2026 22:45;585.39
20/02/2026 23:00;585.39
20/02/2026 23:15;585.39
20/02/2026 23:30;585.39
20/02/2026 23:45;585.39
21/02/2026 00:00;585.39
21/02/2026 00:15;585.39
21/02/2026 00:30;585.39
21/02/2026 00:45;585.38
21/02/2026 01:00;585.37
21/02/2026 01:15;585.37
21/02/2026 01:30;585.37
21/02/2026 01:45;585.37
21/02/2026 02:00;585.36
21/02/2026 02:15;585.36
21/02/2026 02:30;585.35
21/02/2026 02:45;585.35
21/02/2026 03:00;585.36
21/02/2026 03:15;585.35
21/02/2026 03:30;585.35
21/02/2026 03:45;585.35
21/02/2026 04:00;585.34
21/02/2026 04:15;585.35
21/02/2026 04:30;585.34
21/02/2026 04:45;585.35
21/02/2026 05:00;585.34
21/02/2026 05:15;585.34
21/02/2026 05:30;585.34
21/02/2026 05:45;585.34
21/02/2026 06:00;585.34
21/02/2026 06:15;585.32
21/02/2026 06:30;585.34
21/02/2026 06:45;585.31
21/02/2026 07:00;585.31
21/02/2026 07:15;585.31
21/02/2026 07:30;585.31
21/02/2026 07:45;585.31
21/02/2026 08:00;585.31
21/02/2026 08:15;585.31
21/02/2026 08:30;585.29
21/02/2026 08:45;585.29
21/02/2026 09:00;585.3
21/02/2026 09:15;585.3
21/02/2026 09:30;585.3
21/02/2026 09:45;585.29
21/02/2026 10:00;585.29
21/02/2026 10:15;585.29
21/02/2026 10:30;585.29
21/02/2026 10:45;585.29
21/02/2026 11:00;585.29
21/02/2026 11:15;585.28
21/02/2026 11:30;585.29
21/02/2026 11:45;585.28
21/02/2026 12:00;585.28
21/02/2026 12:15;585.28
21/02/2026 12:30;585.28
21/02/2026 12:45;585.28
21/02/2026 13:00;585.27
21/02/2026 13:15;585.27
21/02/2026 13:30;585.27
21/02/2026 13:45;585.27
21/02/2026 14:00;585.27
21/02/2026 14:15;585.27
21/02/2026 14:30;585.26
21/02/2026 14:45;585.26
21/02/2026 15:00;585.26
21/02/2026 15:15;585.26
21/02/2026 15:30;585.25
21/02/2026 15:45;585.25
21/02/2026 16:00;585.25
21/02/2026 16:15;585.25
21/02/2026 16:30;585.25
21/02/2026 16:45;585.24
21/02/2026 17:00;585.24
21/02/2026 17:15;585.24
21/02/2026 17:30;585.24
21/02/2026 17:45;585.23
21/02/2026 18:00;585.24
21/02/2026 18:15;585.24
21/02/2026 18:30;585.23
21/02/2026 18:45;585.23
21/02/2026 19:00;585.23
21/02/2026 19:15;585.23
21/02/2026 19:30;585.23
21/02/2026 19:45;585.21
21/02/2026 20:00;585.21
21/02/2026 20:15;585.2
21/02/2026 20:30;585.19
21/02/2026 20:45;585.19
21/02/2026 21:00;585.19
21/02/2026 21:15;585.18
21/02/2026 21:30;585.17
21/02/2026 21:45;585.17
21/02/2026 22:00;585.16
21/02/2026 22:15;585.16
21/02/2026 22:30;585.16
21/02/2026 22:45;585.14
21/02/2026 23:00;585.14
21/02/2026 23:15;585.13
21/02/2026 23:30;585.13
21/02/2026 23:45;585.13
22/02/2026 00:00;585.13
22/02/2026 00:15;585.13
22/02/2026 00:30;585.12
22/02/2026 00:45;585.12
22/02/2026 01:00;585.1
22/02/2026 01:15;585.1
22/02/2026 01:30;585.1
22/02/2026 01:45;585.1
22/02/2026 02:00;585.1
22/02/2026 02:15;585.09
22/02/2026 02:30;585.08
22/02/2026 02:45;585.08
22/02/2026 03:00;585.08
22/02/2026 03:15;585.07
22/02/2026 03:30;585.07
22/02/2026 03:45;585.07
22/02/2026 04:00;585.06
22/02/2026 04:15;585.07
22/02/2026 04:30;585.07
22/02/2026 04:45;585.07
22/02/2026 05:00;585.06
22/02/2026 05:15;585.06
22/02/2026 05:30;585.06
22/02/2026 05:45;585.06
22/02/2026 06:00;585.05
22/02/2026 06:15;585.05
22/02/2026 06:30;585.05
22/02/2026 06:45;585.05
22/02/2026 07:00;585.05
22/02/2026 07:15;585.05
22/02/2026 07:30;585.03
22/02/2026 07:45;585.03
22/02/2026 08:00;585.03
22/02/2026 08:15;585.03
22/02/2026 08:30;585.03
22/02/2026 08:45;585.03
22/02/2026 09:00;585.03
22/02/2026 09:15;585.02
22/02/2026 09:30;585.03
22/02/2026 09:45;585.02
22/02/2026 10:00;585.01
22/02/2026 10:15;585.01
22/02/2026 10:30;585.02
22/02/2026 10:45;585.01
22/02/2026 11:00;585.01
22/02/2026 11:15;585.01
22/02/2026 11:30;585
22/02/2026 11:45;585
22/02/2026 12:00;585
22/02/2026 12:15;585
22/02/2026 12:30;584.99
22/02/2026 12:45;584.99
22/02/2026 13:00;584.98
22/02/2026 13:15;584.98
22/02/2026 13:30;584.98
22/02/2026 13:45;584.98
22/02/2026 14:00;584.97
22/02/2026 14:15;584.97
22/02/2026 14:30;584.97
22/02/2026 14:45;584.96
22/02/2026 15:00;584.97
22/02/2026 15:15;584.96
22/02/2026 15:30;584.96
22/02/2026 15:45;584.96
22/02/2026 16:00;584.95
22/02/2026 16:15;584.95
22/02/2026 16:30;584.95
22/02/2026 16:45;584.95
22/02/2026 17:00;584.95
22/02/2026 17:15;584.95
22/02/2026 17:30;584.95
22/02/2026 17:45;584.95
22/02/2026 18:00;584.94
22/02/2026 18:15;584.94
22/02/2026 18:30;584.94
22/02/2026 18:45;584.92
22/02/2026 19:00;584.92
22/02/2026 19:15;584.92
22/02/2026 19:30;584.91
22/02/2026 19:45;584.91
22/02/2026 20:00;584.91
22/02/2026 20:15;584.89
22/02/2026 20:30;584.9
22/02/2026 20:45;584.89
22/02/2026 21:00;584.88
22/02/2026 21:15;584.87
22/02/2026 21:30;584.87
22/02/2026 21:45;584.85
22/02/2026 22:00;584.85
22/02/2026 22:15;584.85
22/02/2026 22:30;584.85
22/02/2026 22:45;584.84
22/02/2026 23:00;584.84
22/02/2026 23:15;584.83
22/02/2026 23:30;584.83
22/02/2026 23:45;584.82
23/02/2026 00:00;584.81
23/02/2026 00:15;584.81
23/02/2026 00:30;584.81
23/02/2026 00:45;584.8
23/02/2026 01:00;584.8
23/02/2026 01:15;584.79
23/02/2026 01:30;584.79
23/02/2026 01:45;584.79
23/02/2026 02:00;584.78
23/02/2026 02:15;584.78
23/02/2026 02:30;584.78
23/02/2026 02:45;584.77
23/02/2026 03:00;584.77
23/02/2026 03:15;584.77
23/02/2026 03:30;584.77
23/02/2026 03:45;584.77
23/02/2026 04:00;584.77
23/02/2026 04:15;584.76
23/02/2026 04:30;584.76
23/02/2026 04:45;584.74
23/02/2026 05:00;584.76
23/02/2026 05:15;584.76
23/02/2026 05:30;584.74
23/02/2026 05:45;584.74
23/02/2026 06:00;584.74
23/02/2026 06:15;584.73
23/02/2026 06:30;584.72
23/02/2026 06:45;584.73
23/02/2026 07:00;584.73
23/02/2026 07:15;584.73
23/02/2026 07:30;584.71
23/02/2026 07:45;584.7
23/02/2026 08:00;584.71
23/02/2026 08:15;584.7
23/02/2026 08:30;584.69
23/02/2026 08:45;584.69
23/02/2026 09:00;584.69
23/02/2026 09:15;584.66
23/02/2026 09:30;584.67
23/02/2026 09:45;584.69
23/02/2026 10:00;584.66
23/02/2026 10:15;584.67
23/02/2026 10:30;584.66
23/02/2026 10:45;584.66
23/02/2026 11:00;584.66
23/02/2026 11:15;584.65
23/02/2026 11:30;584.65
23/02/2026 11:45;584.66
23/02/2026 12:00;584.64
23/02/2026 12:15;584.64
23/02/2026 12:30;584.65
23/02/2026 12:45;584.64
23/02/2026 13:00;584.64
23/02/2026 13:15;584.62
23/02/2026 13:30;584.63
23/02/2026 13:45;584.63
23/02/2026 14:00;584.61
23/02/2026 14:15;584.63
23/02/2026 14:30;584.61
23/02/2026 14:45;584.6
23/02/2026 15:00;584.61
23/02/2026 15:15;584.6
23/02/2026 15:30;584.6
23/02/2026 15:45;584.61
23/02/2026 16:00;584.59
23/02/2026 16:15;584.59
23/02/2026 16:30;584.59
23/02/2026 16:45;584.59
23/02/2026 17:00;584.59
23/02/2026 17:15;584.58
23/02/2026 17:30;584.58
23/02/2026 17:45;584.58
23/02/2026 18:00;584.58
23/02/2026 18:15;584.56
23/02/2026 18:30;584.56
23/02/2026 18:45;584.56
23/02/2026 19:00;584.55
23/02/2026 19:15;584.55
23/02/2026 19:30;584.54
23/02/2026 19:45;584.53
23/02/2026 20:00;584.52
23/02/2026 20:15;584.52
23/02/2026 20:30;584.52
23/02/2026 20:45;584.51
23/02/2026 21:00;584.51
23/02/2026 21:15;584.49
23/02/2026 21:30;584.48
23/02/2026 21:45;584.48
23/02/2026 22:00;584.48
23/02/2026 22:15;584.47
23/02/2026 22:30;584.47
23/02/2026 22:45;584.46
23/02/2026 23:00;584.45
23/02/2026 23:15;584.45
23/02/2026 23:30;584.44
23/02/2026 23:45;584.43
24/02/2026 00:00;584.43
24/02/2026 00:15;584.42
24/02/2026 00:30;584.42
24/02/2026 00:45;584.41
24/02/2026 01:00;584.41
24/02/2026 01:15;584.41
24/02/2026 01:30;584.41
24/02/2026 01:45;584.4
24/02/2026 02:00;584.4
24/02/2026 02:15;584.38
24/02/2026 02:30;584.38
24/02/2026 02:45;584.38
24/02/2026 03:00;584.38
24/02/2026 03:15;584.37
24/02/2026 03:30;584.37
24/02/2026 03:45;584.36
24/02/2026 04:00;584.37
24/02/2026 04:15;584.37
24/02/2026 04:30;584.36
24/02/2026 04:45;584.36
24/02/2026 05:00;584.35
24/02/2026 05:15;584.35
24/02/2026 05:30;584.34
24/02/2026 05:45;584.33
24/02/2026 06:00;584.33
24/02/2026 06:15;584.33
24/02/2026 06:30;584.33
24/02/2026 06:45;584.31
24/02/2026 07:00;584.31
24/02/2026 07:15;584.3
24/02/2026 07:30;584.3
24/02/2026 07:45;584.3
24/02/2026 08:00;584.29
24/02/2026 08:15;584.28
24/02/2026 08:30;584.28
24/02/2026 08:45;584.27
24/02/2026 09:00;584.26
24/02/2026 09:15;584.26
24/02/2026 09:30;584.25
24/02/2026 09:45;584.25
24/02/2026 10:00;584.25
24/02/2026 10:15;584.25
24/02/2026 10:30;584.24
24/02/2026 10:45;584.24
24/02/2026 11:00;584.24
24/02/2026 11:15;584.23
24/02/2026 11:30;584.23
24/02/2026 11:45;584.23
24/02/2026 12:00;584.23
24/02/2026 12:15;584.23
24/02/2026 12:30;584.22
24/02/2026 12:45;584.22
24/02/2026 13:00;584.22
24/02/2026 13:15;584.22
24/02/2026 13:30;584.2
24/02/2026 13:45;584.2
24/02/2026 14:00;584.2
24/02/2026 14:15;584.2
24/02/2026 14:30;584.2
24/02/2026 14:45;584.2
24/02/2026 15:00;584.19
24/02/2026 15:15;584.19
24/02/2026 15:30;584.18
24/02/2026 15:45;584.18
24/02/2026 16:00;584.17
24/02/2026 16:15;584.17
24/02/2026 16:30;584.17
24/02/2026 16:45;584.16
24/02/2026 17:00;584.16
24/02/2026 17:15;584.15
24/02/2026 17:30;584.15
24/02/2026 17:45;584.15
24/02/2026 18:00;584.15
24/02/2026 18:15;584.15
24/02/2026 18:30;584.15
24/02/2026 18:45;584.15
24/02/2026 19:00;584.15
24/02/2026 19:15;584.13
24/02/2026 19:30;584.13
24/02/2026 19:45;584.13
24/02/2026 20:00;584.12
24/02/2026 20:15;584.12
24/02/2026 20:30;584.12
24/02/2026 20:45;584.12
24/02/2026 21:00;584.12
24/02/2026 21:15;584.12
24/02/2026 21:30;584.11
24/02/2026 21:45;584.11
24/02/2026 22:00;584.1
24/02/2026 22:15;584.1
24/02/2026 22:30;584.09
24/02/2026 22:45;584.1
24/02/2026 23:00;584.09
24/02/2026 23:15;584.09
24/02/2026 23:30;584.09
24/02/2026 23:45;584.09
25/02/2026 00:00;584.09
25/02/2026 00:15;584.09
25/02/2026 00:30;584.09
25/02/2026 00:45;584.09
25/02/2026 01:00;584.09
25/02/2026 01:15;584.08
25/02/2026 01:30;584.1
25/02/2026 01:45;584.09
25/02/2026 02:00;584.1
25/02/2026 02:15;584.09
25/02/2026 02:30;584.09
25/02/2026 02:45;584.1
25/02/2026 03:00;584.09
25/02/2026 03:15;584.1
25/02/2026 03:30;584.09
25/02/2026 03:45;584.11
25/02/2026 04:00;584.1
25/02/2026 04:15;584.1
25/02/2026 04:30;584.1
25/02/2026 04:45;584.1
25/02/2026 05:00;584.11
25/02/2026 05:15;584.11
25/02/2026 05:30;584.11
25/02/2026 05:45;584.1
25/02/2026 06:00;584.11
25/02/2026 06:15;584.11
25/02/2026 06:30;584.11
25/02/2026 06:45;584.11
25/02/2026 07:00;584.12
25/02/2026 07:15;584.11
25/02/2026 07:30;584.1
25/02/2026 07:45;584.1
25/02/2026 08:00;584.1
25/02/2026 08:15;584.1
25/02/2026 08:30;584.1
25/02/2026 08:45;584.1
25/02/2026 09:00;584.1
25/02/2026 09:15;584.09
25/02/2026 09:30;584.09
25/02/2026 09:45;584.09
25/02/2026 10:00;584.1
25/02/2026 10:15;584.1
25/02/2026 10:30;584.1
25/02/2026 10:45;584.11
25/02/2026 11:00;584.1
25/02/2026 11:15;584.1
25/02/2026 11:30;584.1
25/02/2026 11:45;584.11
25/02/2026 12:00;584.1
25/02/2026 12:15;584.11
25/02/2026 12:30;584.11
25/02/2026 12:45;584.11
25/02/2026 13:00;584.11
25/02/2026 13:15;584.11
25/02/2026 13:30;584.11
25/02/2026 13:45;584.11
25/02/2026 14:00;584.11
25/02/2026 14:15;584.12
25/02/2026 14:30;584.12
25/02/2026 14:45;584.12
25/02/2026 15:00;584.12
25/02/2026 15:15;584.12
25/02/2026 15:30;584.12
25/02/2026 15:45;584.12
25/02/2026 16:00;584.12
25/02/2026 16:15;584.12
25/02/2026 16:30;584.12
25/02/2026 16:45;584.12
25/02/2026 17:00;584.12
25/02/2026 17:15;584.12
25/02/2026 17:30;584.12
25/02/2026 17:45;584.12
25/02/2026 18:00;584.12
25/02/2026 18:15;584.12
25/02/2026 18:30;584.12
25/02/2026 18:45;584.12
25/02/2026 19:00;584.12
25/02/2026 19:15;584.12
25/02/2026 19:30;584.12
25/02/2026 19:45;584.12
25/02/2026 20:00;584.12
25/02/2026 20:15;584.11
25/02/2026 20:30;584.11
25/02/2026 20:45;584.11
25/02/2026 21:00;584.11
25/02/2026 21:15;584.11
25/02/2026 21:30;584.1
25/02/2026 21:45;584.1
25/02/2026 22:00;584.1
25/02/2026 22:15;584.1
25/02/2026 22:30;584.1
25/02/2026 22:45;584.09
25/02/2026 23:00;584.09
25/02/2026 23:15;584.09
25/02/2026 23:30;584.09
25/02/2026 23:45;584.09
26/02/2026 00:00;584.09
26/02/2026 00:15;584.08
26/02/2026 00:30;584.09
26/02/2026 00:45;584.09
26/02/2026 01:00;584.08
26/02/2026 01:15;584.08
26/02/2026 01:30;584.08
26/02/2026 01:45;584.08
26/02/2026 02:00;584.08
26/02/2026 02:15;584.08
26/02/2026 02:30;584.08
26/02/2026 02:45;584.08
26/02/2026 03:00;584.09
26/02/2026 03:15;584.09
26/02/2026 03:30;584.09
26/02/2026 03:45;584.09
26/02/2026 04:00;584.09
26/02/2026 04:15;584.09
26/02/2026 04:30;584.08
26/02/2026 04:45;584.09
26/02/2026 05:00;584.09
26/02/2026 05:15;584.09
26/02/2026 05:30;584.09
26/02/2026 05:45;584.09
26/02/2026 06:00;584.1
26/02/2026 06:15;584.09
26/02/2026 06:30;584.09
26/02/2026 06:45;584.09
26/02/2026 07:00;584.09
26/02/2026 07:15;584.08
26/02/2026 07:30;584.09
26/02/2026 07:45;584.08
26/02/2026 08:00;584.08
26/02/2026 08:15;584.08
26/02/2026 08:30;584.07
26/02/2026 08:45;584.07
26/02/2026 09:00;584.07
26/02/2026 09:15;584.07
26/02/2026 09:30;584.07
26/02/2026 09:45;584.07
26/02/2026 10:00;584.07
26/02/2026 10:15;584.08
26/02/2026 10:30;584.08
26/02/2026 10:45;584.08
26/02/2026 11:00;584.08
26/02/2026 11:15;584.08
26/02/2026 11:30;584.08
26/02/2026 11:45;584.08
26/02/2026 12:00;584.08
26/02/2026 12:15;584.08
26/02/2026 12:30;584.08
26/02/2026 12:45;584.08
26/02/2026 13:00;584.09
26/02/2026 13:15;584.09
26/02/2026 13:30;584.09
26/02/2026 13:45;584.08
26/02/2026 14:00;584.09
26/02/2026 14:15;584.09
26/02/2026 14:30;584.09
26/02/2026 14:45;584.09
26/02/2026 15:00;584.09
26/02/2026 15:15;584.1
26/02/2026 15:30;584.09
26/02/2026 15:45;584.1
26/02/2026 16:00;584.1
26/02/2026 16:15;584.09
26/02/2026 16:30;584.09
26/02/2026 16:45;584.1
26/02/2026 17:00;584.09
26/02/2026 17:15;584.09
26/02/2026 17:30;584.1
26/02/2026 17:45;584.1
26/02/2026 18:00;584.1
26/02/2026 18:15;584.1
26/02/2026 18:30;584.1
26/02/2026 18:45;584.1
26/02/2026 19:00;584.1
26/02/2026 19:15;584.1
26/02/2026 19:30;584.1
26/02/2026 19:45;584.09
26/02/2026 20:00;584.09
26/02/2026 20:15;584.09
26/02/2026 20:30;584.09
26/02/2026 20:45;584.09
26/02/2026 21:00;584.08
26/02/2026 21:15;584.08
26/02/2026 21:30;584.08
26/02/2026 21:45;584.08
26/02/2026 22:00;584.08
26/02/2026 22:15;584.07
26/02/2026 22:30;584.07
26/02/2026 22:45;584.07
26/02/2026 23:00;584.07
26/02/2026 23:15;584.06
26/02/2026 23:30;584.06
26/02/2026 23:45;584.06
27/02/2026 00:00;584.06
27/02/2026 00:15;584.06
27/02/2026 00:30;584.06
27/02/2026 00:45;584.06
27/02/2026 01:00;584.06
27/02/2026 01:15;584.06
27/02/2026 01:30;584.06
27/02/2026 01:45;584.07
27/02/2026 02:00;584.06
27/02/2026 02:15;584.07
27/02/2026 02:30;584.07
27/02/2026 02:45;584.07
27/02/2026 03:00;584.07
27/02/2026 03:15;584.07
27/02/2026 03:30;584.07
27/02/2026 03:45;584.07
27/02/2026 04:00;584.07
27/02/2026 04:15;584.07
27/02/2026 04:30;584.07
27/02/2026 04:45;584.07
27/02/2026 05:00;584.07
27/02/2026 05:15;584.07
27/02/2026 05:30;584.07
27/02/2026 05:45;584.08
27/02/2026 06:00;584.07
27/02/2026 06:15;584.08
27/02/2026 06:30;584.08
27/02/2026 06:45;584.08
27/02/2026 07:00;584.08
27/02/2026 07:15;584.08
27/02/2026 07:30;584.07
27/02/2026 07:45;584.07
27/02/2026 08:00;584.07
27/02/2026 08:15;584.07
27/02/2026 08:30;584.07
27/02/2026 08:45;584.06
27/02/2026 09:00;584.06
27/02/2026 09:15;584.06
27/02/2026 09:30;584.06
27/02/2026 09:45;584.06
27/02/2026 10:00;584.07
27/02/2026 10:15;584.07
27/02/2026 10:30;584.07
27/02/2026 10:45;584.07
27/02/2026 11:00;584.07
27/02/2026 11:15;584.07
27/02/2026 11:30;584.07
27/02/2026 11:45;584.07
27/02/2026 12:00;584.07
27/02/2026 12:15;584.08
27/02/2026 12:30;584.07
27/02/2026 12:45;584.08
27/02/2026 13:00;584.08
27/02/2026 13:15;584.07
27/02/2026 13:30;584.08
27/02/2026 13:45;584.08
27/02/2026 14:00;584.08
27/02/2026 14:15;584.08
27/02/2026 14:30;584.08
27/02/2026 14:45;584.08
27/02/2026 15:00;584.08
27/02/2026 15:15;584.09
27/02/2026 15:30;584.09
27/02/2026 15:45;584.08
27/02/2026 16:00;584.08
27/02/2026 16:15;584.09
27/02/2026 16:30;584.09
27/02/2026 16:45;584.09
27/02/2026 17:00;584.09
27/02/2026 17:15;584.09
27/02/2026 17:30;584.09
27/02/2026 17:45;584.09
27/02/2026 18:00;584.09
27/02/2026 18:15;584.09
27/02/2026 18:30;584.09
27/02/2026 18:45;584.09
27/02/2026 19:00;584.09
27/02/2026 19:15;584.08
27/02/2026 19:30;584.08
27/02/2026 19:45;584.07
27/02/2026 20:00;584.07
27/02/2026 20:15;584.06
27/02/2026 20:30;584.06
27/02/2026 20:45;584.05
27/02/2026 21:00;584.05
27/02/2026 21:15;584.04
27/02/2026 21:30;584.04
27/02/2026 21:45;584.04
27/02/2026 22:00;584.04
27/02/2026 22:15;584.04
27/02/2026 22:30;584.02
27/02/2026 22:45;584.02
27/02/2026 23:00;584.02
27/02/2026 23:15;584.04
27/02/2026 23:30;584.02
27/02/2026 23:45;584.02
28/02/2026 00:00;584.02
28/02/2026 00:15;584.02
28/02/2026 00:30;584.02
28/02/2026 00:45;584.02
28/02/2026 01:00;584.02
28/02/2026 01:15;584.02
28/02/2026 01:30;584.02
28/02/2026 01:45;584.02
28/02/2026 02:00;584.02
28/02/2026 02:15;584.02
28/02/2026 02:30;584.02
28/02/2026 02:45;584.02
28/02/2026 03:00;584.02
28/02/2026 03:15;584.04
28/02/2026 03:30;584.02
28/02/2026 03:45;584.02
28/02/2026 04:00;584.02
28/02/2026 04:15;584.04
28/02/2026 04:30;584.04
28/02/2026 04:45;584.04
28/02/2026 05:00;584.04
28/02/2026 05:15;584.04
28/02/2026 05:30;584.04
28/02/2026 05:45;584.04
28/02/2026 06:00;584.04
28/02/2026 06:15;584.04
28/02/2026 06:30;584.04
28/02/2026 06:45;584.04
28/02/2026 07:00;584.04
28/02/2026 07:15;584.04
28/02/2026 07:30;584.04
28/02/2026 07:45;584.04
28/02/2026 08:00;584.04
28/02/2026 08:15;584.04
28/02/2026 08:30;584.04
28/02/2026 08:45;584.04
28/02/2026 09:00;584.04
28/02/2026 09:15;584.04
28/02/2026 09:30;584.04
28/02/2026 09:45;584.04
28/02/2026 10:00;584.04
28/02/2026 10:15;584.04
28/02/2026 10:30;584.04
28/02/2026 10:45;584.04
28/02/2026 11:00;584.04
28/02/2026 11:15;584.04
28/02/2026 11:30;584.04
28/02/2026 11:45;584.04
28/02/2026 12:00;584.04
28/02/2026 12:15;584.04
28/02/2026 12:30;584.04
28/02/2026 12:45;584.04
28/02/2026 13:00;584.04
28/02/2026 13:15;584.05
28/02/2026 13:30;584.04
28/02/2026 13:45;584.04
28/02/2026 14:00;584.04
28/02/2026 14:15;584.04
28/02/2026 14:30;584.04
28/02/2026 14:45;584.05
28/02/2026 15:00;584.04
28/02/2026 15:15;584.05
28/02/2026 15:30;584.04
28/02/2026 15:45;584.04
28/02/2026 16:00;584.04
28/02/2026 16:15;584.05
28/02/2026 16:30;584.05
28/02/2026 16:45;584.05
28/02/2026 17:00;584.05
28/02/2026 17:15;584.05
28/02/2026 17:30;584.05
28/02/2026 17:45;584.05
28/02/2026 18:00;584.05
28/02/2026 18:15;584.05
28/02/2026 18:30;584.05
28/02/2026 18:45;584.05
28/02/2026 19:00;584.05
28/02/2026 19:15;584.04
28/02/2026 19:30;584.04
28/02/2026 19:45;584.04
28/02/2026 20:00;584.02
28/02/2026 20:15;584.04
28/02/2026 20:30;584.02
28/02/2026 20:45;584.02
28/02/2026 21:00;584.02
28/02/2026 21:15;584.02
28/02/2026 21:30;584.01
28/02/2026 21:45;584.01
28/02/2026 22:00;584.01
28/02/2026 22:15;584.01
28/02/2026 22:30;584
28/02/2026 22:45;584.01
28/02/2026 23:00;584
28/02/2026 23:15;584
28/02/2026 23:30;584
28/02/2026 23:45;583.99
01/03/2026 00:00;584
01/03/2026 00:15;583.99
01/03/2026 00:30;583.99
01/03/2026 00:45;583.99
01/03/2026 01:00;583.99
01/03/2026 01:15;583.99
01/03/2026 01:30;583.99
01/03/2026 01:45;583.98
01/03/2026 02:00;583.98
01/03/2026 02:15;583.97
01/03/2026 02:30;583.98
01/03/2026 02:45;583.98
01/03/2026 03:00;583.97
01/03/2026 03:15;583.98
01/03/2026 03:30;583.98
01/03/2026 03:45;583.98
01/03/2026 04:00;583.98
01/03/2026 04:15;583.97
01/03/2026 04:30;583.97
01/03/2026 04:45;583.97
01/03/2026 05:00;583.97
01/03/2026 05:15;583.97
01/03/2026 05:30;583.97
01/03/2026 05:45;583.97
01/03/2026 06:00;583.97
01/03/2026 06:15;583.97
01/03/2026 06:30;583.97
01/03/2026 06:45;583.97
01/03/2026 07:00;583.97
01/03/2026 07:15;583.97
01/03/2026 07:30;583.97
01/03/2026 07:45;583.97
01/03/2026 08:00;583.97
01/03/2026 08:15;583.95
01/03/2026 08:30;583.97
01/03/2026 08:45;583.95
01/03/2026 09:00;583.95
01/03/2026 09:15;583.97
01/03/2026 09:30;583.97
01/03/2026 09:45;583.97
01/03/2026 10:00;583.97
01/03/2026 10:15;583.97
01/03/2026 10:30;583.97
01/03/2026 10:45;583.97
01/03/2026 11:00;583.97
01/03/2026 11:15;583.97
01/03/2026 11:30;583.97
01/03/2026 11:45;583.97
01/03/2026 12:00;583.97
01/03/2026 12:15;583.97
01/03/2026 12:30;583.97
01/03/2026 12:45;583.97
01/03/2026 13:00;583.97
01/03/2026 13:15;583.97
01/03/2026 13:30;583.97
01/03/2026 13:45;583.97
01/03/2026 14:00;583.97
01/03/2026 14:15;583.97
01/03/2026 14:30;583.97
01/03/2026 14:45;583.97
01/03/2026 15:00;583.97
01/03/2026 15:15;583.97
01/03/2026 15:30;583.97
01/03/2026 15:45;583.97
01/03/2026 16:00;583.97
01/03/2026 16:15;583.97
01/03/2026 16:30;583.97
01/03/2026 16:45;583.97
01/03/2026 17:00;583.97
01/03/2026 17:15;583.97
01/03/2026 17:30;583.97
01/03/2026 17:45;583.97
01/03/2026 18:00;583.97
01/03/2026 18:15;583.97
01/03/2026 18:30;583.97
01/03/2026 18:45;583.97
01/03/2026 19:00;583.97
01/03/2026 19:15;583.95
01/03/2026 19:30;583.95
01/03/2026 19:45;583.95
01/03/2026 20:00;583.94
01/03/2026 20:15;583.94
01/03/2026 20:30;583.94
01/03/2026 20:45;583.94
01/03/2026 21:00;583.94
01/03/2026 21:15;583.94
01/03/2026 21:30;583.94
01/03/2026 21:45;583.94
01/03/2026 22:00;583.94
01/03/2026 22:15;583.93
01/03/2026 22:30;583.93
01/03/2026 22:45;583.94
01/03/2026 23:00;583.94
01/03/2026 23:15;583.93
01/03/2026 23:30;583.93
01/03/2026 23:45;583.92
02/03/2026 00:00;583.94
02/03/2026 00:15;583.92
02/03/2026 00:30;583.94
02/03/2026 00:45;583.93
02/03/2026 01:00;583.93
02/03/2026 01:15;583.93
02/03/2026 01:30;583.94
02/03/2026 01:45;583.93
02/03/2026 02:00;583.93
02/03/2026 02:15;583.93
02/03/2026 02:30;583.93
02/03/2026 02:45;583.93
02/03/2026 03:00;583.94
02/03/2026 03:15;583.93
02/03/2026 03:30;583.94
02/03/2026 03:45;583.93
02/03/2026 04:00;583.94
02/03/2026 04:15;583.94
02/03/2026 04:30;583.93
02/03/2026 04:45;583.93
02/03/2026 05:00;583.93
02/03/2026 05:15;583.94
02/03/2026 05:30;583.93
02/03/2026 05:45;583.93
02/03/2026 06:00;583.93
02/03/2026 06:15;583.93
02/03/2026 06:30;583.93
02/03/2026 06:45;583.93
02/03/2026 07:00;583.93
02/03/2026 07:15;583.93
02/03/2026 07:30;583.93
02/03/2026 07:45;583.94
02/03/2026 08:00;583.93
02/03/2026 08:15;583.93
02/03/2026 08:30;583.92
02/03/2026 08:45;583.93
02/03/2026 09:00;583.93
02/03/2026 09:15;583.93
02/03/2026 09:30;583.93
02/03/2026 09:45;583.93
02/03/2026 10:00;583.93
02/03/2026 10:15;583.93
02/03/2026 10:30;583.93
02/03/2026 10:45;583.93
02/03/2026 11:00;583.92
02/03/2026 11:15;583.93
02/03/2026 11:30;583.93
02/03/2026 11:45;583.93
02/03/2026 12:00;583.93
02/03/2026 12:15;583.93
02/03/2026 12:30;583.93
02/03/2026 12:45;583.93
02/03/2026 13:00;583.93
02/03/2026 13:15;583.93
02/03/2026 13:30;583.93
02/03/2026 13:45;583.93
02/03/2026 14:00;583.93
02/03/2026 14:15;583.93
02/03/2026 14:30;583.93
02/03/2026 14:45;583.93
02/03/2026 15:00;583.93
02/03/2026 15:15;583.94
02/03/2026 15:30;583.93
02/03/2026 15:45;583.93
02/03/2026 16:00;583.93
02/03/2026 16:15;583.93
02/03/2026 16:30;583.93
02/03/2026 16:45;583.93
02/03/2026 17:00;583.93
02/03/2026 17:15;583.93
02/03/2026 17:30;583.93
02/03/2026 17:45;583.93
02/03/2026 18:00;583.93
02/03/2026 18:15;583.93
02/03/2026 18:30;583.93
02/03/2026 18:45;583.94
02/03/2026 19:00;583.94
02/03/2026 19:15;583.92
02/03/2026 19:30;583.92
02/03/2026 19:45;583.93
02/03/2026 20:00;583.92
02/03/2026 20:15;583.92
02/03/2026 20:30;583.92
02/03/2026 20:45;583.92
02/03/2026 21:00;583.92
02/03/2026 21:15;583.92
02/03/2026 21:30;583.91
02/03/2026 21:45;583.91
02/03/2026 22:00;583.91
02/03/2026 22:15;583.9
02/03/2026 22:30;583.9
02/03/2026 22:45;583.9
02/03/2026 23:00;583.9
02/03/2026 23:15;583.9
02/03/2026 23:30;583.89
02/03/2026 23:45;583.89
03/03/2026 00:00;583.89
03/03/2026 00:15;583.89
03/03/2026 00:30;583.88
03/03/2026 00:45;583.89
03/03/2026 01:00;583.88
03/03/2026 01:15;583.88
03/03/2026 01:30;583.88
03/03/2026 01:45;583.87
03/03/2026 02:00;583.88
03/03/2026 02:15;583.87
03/03/2026 02:30;583.86
03/03/2026 02:45;583.87
03/03/2026 03:00;583.87
03/03/2026 03:15;583.86
03/03/2026 03:30;583.87
03/03/2026 03:45;583.87
03/03/2026 04:00;583.86
03/03/2026 04:15;583.86
03/03/2026 04:30;583.86
03/03/2026 04:45;583.86
03/03/2026 05:00;583.86
03/03/2026 05:15;583.86
03/03/2026 05:30;583.86
03/03/2026 05:45;583.86
03/03/2026 06:00;583.86
03/03/2026 06:15;583.86
03/03/2026 06:30;583.86
03/03/2026 06:45;583.86
03/03/2026 07:00;583.86
03/03/2026 07:15;583.84
03/03/2026 07:30;583.84
03/03/2026 07:45;583.84
03/03/2026 08:00;583.84
03/03/2026 08:15;583.84
03/03/2026 08:30;583.84
03/03/2026 08:45;583.84
03/03/2026 09:00;583.83
03/03/2026 09:15;583.83
03/03/2026 09:30;583.83
03/03/2026 09:45;583.83
03/03/2026 10:00;583.83
03/03/2026 10:15;583.83
03/03/2026 10:30;583.83
03/03/2026 10:45;583.83
03/03/2026 11:00;583.84
03/03/2026 11:15;583.83
03/03/2026 11:30;583.83
03/03/2026 11:45;583.83
03/03/2026 12:00;583.83
03/03/2026 12:15;583.83
03/03/2026 12:30;583.83
03/03/2026 12:45;583.83
03/03/2026 13:00;583.83
03/03/2026 13:15;583.83
03/03/2026 13:30;583.83
03/03/2026 13:45;583.83
03/03/2026 14:00;583.83
03/03/2026 14:15;583.83
03/03/2026 14:30;583.84
03/03/2026 14:45;583.83
03/03/2026 15:00;583.84
03/03/2026 15:15;583.83
03/03/2026 15:30;583.84
03/03/2026 15:45;583.84
03/03/2026 16:00;583.84
03/03/2026 16:15;583.84
03/03/2026 16:30;583.84
03/03/2026 16:45;583.84
03/03/2026 17:00;583.84
03/03/2026 17:15;583.84
03/03/2026 17:30;583.84
03/03/2026 17:45;583.84
03/03/2026 18:00;583.84
03/03/2026 18:15;583.84
03/03/2026 18:30;583.83
03/03/2026 18:45;583.83
03/03/2026 19:00;583.83
03/03/2026 19:15;583.83
03/03/2026 19:30;583.82
03/03/2026 19:45;583.82
03/03/2026 20:00;583.81
03/03/2026 20:15;583.81
03/03/2026 20:30;583.81
03/03/2026 20:45;583.8
03/03/2026 21:00;583.8
03/03/2026 21:15;583.79
03/03/2026 21:30;583.79
03/03/2026 21:45;583.79
03/03/2026 22:00;583.79
03/03/2026 22:15;583.77
03/03/2026 22:30;583.77
03/03/2026 22:45;583.77
03/03/2026 23:00;583.76
03/03/2026 23:15;583.76
03/03/2026 23:30;583.77
03/03/2026 23:45;583.77
04/03/2026 00:00;583.76
04/03/2026 00:15;583.76
04/03/2026 00:30;583.76
04/03/2026 00:45;583.76
04/03/2026 01:00;583.76
04/03/2026 01:15;583.76
04/03/2026 01:30;583.76
04/03/2026 01:45;583.76
04/03/2026 02:00;583.75
04/03/2026 02:15;583.75
04/03/2026 02:30;583.75
04/03/2026 02:45;583.73
04/03/2026 03:00;583.73
04/03/2026 03:15;583.73
04/03/2026 03:30;583.73
04/03/2026 03:45;583.73
04/03/2026 04:00;583.73
04/03/2026 04:15;583.73
04/03/2026 04:30;583.72
04/03/2026 04:45;583.72
04/03/2026 05:00;583.72
04/03/2026 05:15;583.72
04/03/2026 05:30;583.71
04/03/2026 05:45;583.72
04/03/2026 06:00;583.71
04/03/2026 06:15;583.72
04/03/2026 06:30;583.71
04/03/2026 06:45;583.71
04/03/2026 07:00;583.71
04/03/2026 07:15;583.71
04/03/2026 07:30;583.7
04/03/2026 07:45;583.7
04/03/2026 08:00;583.7
04/03/2026 08:15;583.69
04/03/2026 08:30;583.69
04/03/2026 08:45;583.69
04/03/2026 09:00;583.69
04/03/2026 09:15;583.68
04/03/2026 09:30;583.68
04/03/2026 09:45;583.68
04/03/2026 10:00;583.68
04/03/2026 10:15;583.68
04/03/2026 10:30;583.68
04/03/2026 10:45;583.68
04/03/2026 11:00;583.68
04/03/2026 11:15;583.68
04/03/2026 11:30;583.68
04/03/2026 11:45;583.66
04/03/2026 12:00;583.68
04/03/2026 12:15;583.68
04/03/2026 12:30;583.68
04/03/2026 12:45;583.68
04/03/2026 13:00;583.68
04/03/2026 13:15;583.68
04/03/2026 13:30;583.68
04/03/2026 13:45;583.68
04/03/2026 14:00;583.68
04/03/2026 14:15;583.66
04/03/2026 14:30;583.68
04/03/2026 14:45;583.68
04/03/2026 15:00;583.68
04/03/2026 15:15;583.68
04/03/2026 15:30;583.68
04/03/2026 15:45;583.68
04/03/2026 16:00;583.68
04/03/2026 16:15;583.68
04/03/2026 16:30;583.68
04/03/2026 16:45;583.68
04/03/2026 17:00;583.68
04/03/2026 17:15;583.68
04/03/2026 17:30;583.68
04/03/2026 17:45;583.68
04/03/2026 18:00;583.66
04/03/2026 18:15;583.66
04/03/2026 18:30;583.66
04/03/2026 18:45;583.66
04/03/2026 19:00;583.66
04/03/2026 19:15;583.66
04/03/2026 19:30;583.66
04/03/2026 19:45;583.66
04/03/2026 20:00;583.66
04/03/2026 20:15;583.66
04/03/2026 20:30;583.66
04/03/2026 20:45;583.65
04/03/2026 21:00;583.65
04/03/2026 21:15;583.65
04/03/2026 21:30;583.64
04/03/2026 21:45;583.64
04/03/2026 22:00;583.63
04/03/2026 22:15;583.63
04/03/2026 22:30;583.62
04/03/2026 22:45;583.62
04/03/2026 23:00;583.62
04/03/2026 23:15;583.62
04/03/2026 23:30;583.61
04/03/2026 23:45;583.61
05/03/2026 00:00;583.61
05/03/2026 00:15;583.61
05/03/2026 00:30;583.61
05/03/2026 00:45;583.61
05/03/2026 01:00;583.61
05/03/2026 01:15;583.59
05/03/2026 01:30;583.59
05/03/2026 01:45;583.59
05/03/2026 02:00;583.59
05/03/2026 02:15;583.59
05/03/2026 02:30;583.59
05/03/2026 02:45;583.59
05/03/2026 03:00;583.59
05/03/2026 03:15;583.58
05/03/2026 03:30;583.58
05/03/2026 03:45;583.58
05/03/2026 04:00;583.58
05/03/2026 04:15;583.58
05/03/2026 04:30;583.58
05/03/2026 04:45;583.58
05/03/2026 05:00;583.57
05/03/2026 05:15;583.57
05/03/2026 05:30;583.57
05/03/2026 05:45;583.57
05/03/2026 06:00;583.55
05/03/2026 06:15;583.55
05/03/2026 06:30;583.55
05/03/2026 06:45;583.55
05/03/2026 07:00;583.55
05/03/2026 07:15;583.55
05/03/2026 07:30;583.54
05/03/2026 07:45;583.54
05/03/2026 08:00;583.55
05/03/2026 08:15;583.55
05/03/2026 08:30;583.54
05/03/2026 08:45;583.54
05/03/2026 09:00;583.54
05/03/2026 09:15;583.53
05/03/2026 09:30;583.53
05/03/2026 09:45;583.53
05/03/2026 10:00;583.53
05/03/2026 10:15;583.52
05/03/2026 10:30;583.52
05/03/2026 10:45;583.52
05/03/2026 11:00;583.52
05/03/2026 11:15;583.51
05/03/2026 11:30;583.51
05/03/2026 11:45;583.51
05/03/2026 12:00;583.51
05/03/2026 12:15;583.5
05/03/2026 12:30;583.5
05/03/2026 12:45;583.5
05/03/2026 13:00;583.5
05/03/2026 13:15;583.5
05/03/2026 13:30;583.5
05/03/2026 13:45;583.5
05/03/2026 14:00;583.5
05/03/2026 14:15;583.5
05/03/2026 14:30;583.5
05/03/2026 14:45;583.5
05/03/2026 15:00;583.5
05/03/2026 15:15;583.48
05/03/2026 15:30;583.48
05/03/2026 15:45;583.48
05/03/2026 16:00;583.48
05/03/2026 16:15;583.48
05/03/2026 16:30;583.48
05/03/2026 16:45;583.48
05/03/2026 17:00;583.48
05/03/2026 17:15;583.48
05/03/2026 17:30;583.48
05/03/2026 17:45;583.48
05/03/2026 18:00;583.47
05/03/2026 18:15;583.47
05/03/2026 18:30;583.47
05/03/2026 18:45;583.46
05/03/2026 19:00;583.46
05/03/2026 19:15;583.45
05/03/2026 19:30;583.45
05/03/2026 19:45;583.44
05/03/2026 20:00;583.43
05/03/2026 20:15;583.43
05/03/2026 20:30;583.42
05/03/2026 20:45;583.43
05/03/2026 21:00;583.43
05/03/2026 21:15;583.42
05/03/2026 21:30;583.42
05/03/2026 21:45;583.42
05/03/2026 22:00;583.41
05/03/2026 22:15;583.41
05/03/2026 22:30;583.41
05/03/2026 22:45;583.41
05/03/2026 23:00;583.4
05/03/2026 23:15;583.41
05/03/2026 23:30;583.4
05/03/2026 23:45;583.4
06/03/2026 00:00;583.4
06/03/2026 00:15;583.4
06/03/2026 00:30;583.4
06/03/2026 00:45;583.4
06/03/2026 01:00;583.4
06/03/2026 01:15;583.39
06/03/2026 01:30;583.39
06/03/2026 01:45;583.4
06/03/2026 02:00;583.39
06/03/2026 02:15;583.39
06/03/2026 02:30;583.37
06/03/2026 02:45;583.39
06/03/2026 03:00;583.37
06/03/2026 03:15;583.37
06/03/2026 03:30;583.37
06/03/2026 03:45;583.37
06/03/2026 04:00;583.37
06/03/2026 04:15;583.37
06/03/2026 04:30;583.37
06/03/2026 04:45;583.37
06/03/2026 05:00;583.37
06/03/2026 05:15;583.36
06/03/2026 05:30;583.36
06/03/2026 05:45;583.36
06/03/2026 06:00;583.36
06/03/2026 06:15;583.35
06/03/2026 06:30;583.35
06/03/2026 06:45;583.35
06/03/2026 07:00;583.35
06/03/2026 07:15;583.34
06/03/2026 07:30;583.34
06/03/2026 07:45;583.34
06/03/2026 08:00;583.34
06/03/2026 08:15;583.33
06/03/2026 08:30;583.33
06/03/2026 08:45;583.33
06/03/2026 09:00;583.32
06/03/2026 09:15;583.32
06/03/2026 09:30;583.32
06/03/2026 09:45;583.32
06/03/2026 10:00;583.33
06/03/2026 10:15;583.32
06/03/2026 10:30;583.32
06/03/2026 10:45;583.32
06/03/2026 11:00;583.32
06/03/2026 11:15;583.32
06/03/2026 11:30;583.32
06/03/2026 11:45;583.32
06/03/2026 12:00;583.32
06/03/2026 12:15;583.3
06/03/2026 12:30;583.3
06/03/2026 12:45;583.3
06/03/2026 13:00;583.29
06/03/2026 13:15;583.29
06/03/2026 13:30;583.29
06/03/2026 13:45;583.29
06/03/2026 14:00;583.29
06/03/2026 14:15;583.29
06/03/2026 14:30;583.29
06/03/2026 14:45;583.29
06/03/2026 15:00;583.29
06/03/2026 15:15;583.29
06/03/2026 15:30;583.29
06/03/2026 15:45;583.28
06/03/2026 16:00;583.28
06/03/2026 16:15;583.28
06/03/2026 16:30;583.27
06/03/2026 16:45;583.27
06/03/2026 17:00;583.27
06/03/2026 17:15;583.26
06/03/2026 17:30;583.26
06/03/2026 17:45;583.26
06/03/2026 18:00;583.25
06/03/2026 18:15;583.26
06/03/2026 18:30;583.26
06/03/2026 18:45;583.25
06/03/2026 19:00;583.25
06/03/2026 19:15;583.24
06/03/2026 19:30;583.24
06/03/2026 19:45;583.24
06/03/2026 20:00;583.23
06/03/2026 20:15;583.22
06/03/2026 20:30;583.22
06/03/2026 20:45;583.22
06/03/2026 21:00;583.22
06/03/2026 21:15;583.21
06/03/2026 21:30;583.22
06/03/2026 21:45;583.22
06/03/2026 22:00;583.22
06/03/2026 22:15;583.21
06/03/2026 22:30;583.22
06/03/2026 22:45;583.21
06/03/2026 23:00;583.21
06/03/2026 23:15;583.21
06/03/2026 23:30;583.21
06/03/2026 23:45;583.19
07/03/2026 00:00;583.19
07/03/2026 00:15;583.19
07/03/2026 00:30;583.19
07/03/2026 00:45;583.19
07/03/2026 01:00;583.19
07/03/2026 01:15;583.19
07/03/2026 01:30;583.19
07/03/2026 01:45;583.19
07/03/2026 02:00;583.18
07/03/2026 02:15;583.18
07/03/2026 02:30;583.17
07/03/2026 02:45;583.17
07/03/2026 03:00;583.17
07/03/2026 03:15;583.17
07/03/2026 03:30;583.17
07/03/2026 03:45;583.17
07/03/2026 04:00;583.16
07/03/2026 04:15;583.17
07/03/2026 04:30;583.16
07/03/2026 04:45;583.15
07/03/2026 05:00;583.16
07/03/2026 05:15;583.15
07/03/2026 05:30;583.16
07/03/2026 05:45;583.15
07/03/2026 06:00;583.14
07/03/2026 06:15;583.15
07/03/2026 06:30;583.15
07/03/2026 06:45;583.14
07/03/2026 07:00;583.14
07/03/2026 07:15;583.14
07/03/2026 07:30;583.14
07/03/2026 07:45;583.14
07/03/2026 08:00;583.14
07/03/2026 08:15;583.14
07/03/2026 08:30;583.14
07/03/2026 08:45;583.14
07/03/2026 09:00;583.12
07/03/2026 09:15;583.12
07/03/2026 09:30;583.12
07/03/2026 09:45;583.12
07/03/2026 10:00;583.11
07/03/2026 10:15;583.11
07/03/2026 10:30;583.11
07/03/2026 10:45;583.11
07/03/2026 11:00;583.11
07/03/2026 11:15;583.11
07/03/2026 11:30;583.11
07/03/2026 11:45;583.11
07/03/2026 12:00;583.11
07/03/2026 12:15;583.11
07/03/2026 12:30;583.11
07/03/2026 12:45;583.11
07/03/2026 13:00;583.11
07/03/2026 13:15;583.11
07/03/2026 13:30;583.11
07/03/2026 13:45;583.11
07/03/2026 14:00;583.11
07/03/2026 14:15;583.11
07/03/2026 14:30;583.11
07/03/2026 14:45;583.11
07/03/2026 15:00;583.11
07/03/2026 15:15;583.11
07/03/2026 15:30;583.11
07/03/2026 15:45;583.11
07/03/2026 16:00;583.11
07/03/2026 16:15;583.11
07/03/2026 16:30;583.11
07/03/2026 16:45;583.11
07/03/2026 17:00;583.09
07/03/2026 17:15;583.1
07/03/2026 17:30;583.1
07/03/2026 17:45;583.1
07/03/2026 18:00;583.09
07/03/2026 18:15;583.09
07/03/2026 18:30;583.09
07/03/2026 18:45;583.08
07/03/2026 19:00;583.08
07/03/2026 19:15;583.08
07/03/2026 19:30;583.07
07/03/2026 19:45;583.07
07/03/2026 20:00;583.06
07/03/2026 20:15;583.06
07/03/2026 20:30;583.05
07/03/2026 20:45;583.04
07/03/2026 21:00;583.05
07/03/2026 21:15;583.04
07/03/2026 21:30;583.05
07/03/2026 21:45;583.04
07/03/2026 22:00;583.04
07/03/2026 22:15;583.04
07/03/2026 22:30;583.04
07/03/2026 22:45;583.04
07/03/2026 23:00;583.04
07/03/2026 23:15;583.04
07/03/2026 23:30;583.04
07/03/2026 23:45;583.04
08/03/2026 00:00;583.03
08/03/2026 00:15;583.03
08/03/2026 00:30;583.03
08/03/2026 00:45;583.03
08/03/2026 01:00;583.03
08/03/2026 01:15;583.01
08/03/2026 01:30;583.01
08/03/2026 01:45;583.01
08/03/2026 02:00;583.01
08/03/2026 02:15;583.01
08/03/2026 02:30;583.01
08/03/2026 02:45;583.01
08/03/2026 03:00;583.01
08/03/2026 03:15;583.01
08/03/2026 03:30;583.01
08/03/2026 03:45;583.01
08/03/2026 04:00;583.01
08/03/2026 04:15;583
08/03/2026 04:30;583
08/03/2026 04:45;583
08/03/2026 05:00;583.01
08/03/2026 05:15;582.99
08/03/2026 05:30;582.99
08/03/2026 05:45;582.99
08/03/2026 06:00;582.99
08/03/2026 06:15;583
08/03/2026 06:30;582.99
08/03/2026 06:45;582.99
08/03/2026 07:00;582.99
08/03/2026 07:15;582.99
08/03/2026 07:30;582.99
08/03/2026 07:45;582.98
08/03/2026 08:00;582.98
08/03/2026 08:15;582.98
08/03/2026 08:30;582.97
08/03/2026 08:45;582.98
08/03/2026 09:00;582.97
08/03/2026 09:15;582.97
08/03/2026 09:30;582.97
08/03/2026 09:45;582.97
08/03/2026 10:00;582.97
08/03/2026 10:15;582.97
08/03/2026 10:30;582.96
08/03/2026 10:45;582.97
08/03/2026 11:00;582.96
08/03/2026 11:15;582.96
08/03/2026 11:30;582.97
08/03/2026 11:45;582.97
08/03/2026 12:00;582.97
08/03/2026 12:15;582.97
08/03/2026 12:30;582.98
08/03/2026 12:45;582.98
08/03/2026 13:00;582.98
08/03/2026 13:15;582.98
08/03/2026 13:30;582.98
08/03/2026 13:45;582.99
08/03/2026 14:00;582.99
08/03/2026 14:15;582.99
08/03/2026 14:30;582.99
08/03/2026 14:45;583
08/03/2026 15:00;582.99
08/03/2026 15:15;583
08/03/2026 15:30;583
08/03/2026 15:45;583
08/03/2026 16:00;583
08/03/2026 16:15;583
08/03/2026 16:30;583
08/03/2026 16:45;583
08/03/2026 17:00;583.01
08/03/2026 17:15;582.99
08/03/2026 17:30;583
08/03/2026 17:45;583
08/03/2026 18:00;583.01
08/03/2026 18:15;583
08/03/2026 18:30;583.01
08/03/2026 18:45;583.01
08/03/2026 19:00;583.01
08/03/2026 19:15;583
08/03/2026 19:30;583
08/03/2026 19:45;582.99
08/03/2026 20:00;583
08/03/2026 20:15;582.99
08/03/2026 20:30;583
08/03/2026 20:45;582.99
08/03/2026 21:00;582.99
08/03/2026 21:15;582.99
08/03/2026 21:30;582.99
08/03/2026 21:45;582.99
08/03/2026 22:00;582.99
08/03/2026 22:15;582.99
08/03/2026 22:30;582.99
08/03/2026 22:45;582.99
08/03/2026 23:00;582.99
08/03/2026 23:15;582.98
08/03/2026 23:30;582.99
08/03/2026 23:45;582.99
09/03/2026 00:00;582.99
09/03/2026 00:15;582.99
09/03/2026 00:30;582.98
09/03/2026 00:45;582.98
09/03/2026 01:00;582.98
09/03/2026 01:15;582.98
09/03/2026 01:30;582.98
09/03/2026 01:45;582.98
09/03/2026 02:00;582.98
09/03/2026 02:15;582.98
09/03/2026 02:30;582.98
09/03/2026 02:45;582.98
09/03/2026 03:00;582.98
09/03/2026 03:15;582.98
09/03/2026 03:30;582.98
09/03/2026 03:45;582.98
09/03/2026 04:00;582.97
09/03/2026 04:15;582.97
09/03/2026 04:30;582.97
09/03/2026 04:45;582.97
09/03/2026 05:00;582.97
09/03/2026 05:15;582.97
09/03/2026 05:30;582.97
09/03/2026 05:45;582.97
09/03/2026 06:00;582.97
09/03/2026 06:15;582.96
09/03/2026 06:30;582.97
09/03/2026 06:45;582.97
09/03/2026 07:00;582.97
09/03/2026 07:15;582.97
09/03/2026 07:30;582.96
09/03/2026 07:45;582.96
09/03/2026 08:00;582.96
09/03/2026 08:15;582.97
09/03/2026 08:30;582.96
09/03/2026 08:45;582.96
09/03/2026 09:00;582.96
09/03/2026 09:15;582.96
09/03/2026 09:30;582.96
09/03/2026 09:45;582.96
09/03/2026 10:00;582.96
09/03/2026 10:15;582.96
09/03/2026 10:30;582.96
09/03/2026 10:45;582.96
09/03/2026 11:00;582.96
09/03/2026 11:15;582.96
09/03/2026 11:30;582.96
09/03/2026 11:45;582.96
09/03/2026 12:00;582.96
09/03/2026 12:15;582.96
09/03/2026 12:30;582.96
09/03/2026 12:45;582.96
09/03/2026 13:00;582.96
09/03/2026 13:15;582.96
09/03/2026 13:30;582.96
09/03/2026 13:45;582.96
09/03/2026 14:00;582.96
09/03/2026 14:15;582.94
09/03/2026 14:30;582.94
09/03/2026 14:45;582.94
09/03/2026 15:00;582.94
09/03/2026 15:15;582.94
09/03/2026 15:30;582.94
09/03/2026 15:45;582.94
09/03/2026 16:00;582.94
09/03/2026 16:15;582.96
09/03/2026 16:30;582.94
09/03/2026 16:45;582.94
09/03/2026 17:00;582.94
09/03/2026 17:15;582.94
09/03/2026 17:30;582.94
09/03/2026 17:45;582.94
09/03/2026 18:00;582.94
09/03/2026 18:15;582.94
09/03/2026 18:30;582.93
09/03/2026 18:45;582.94
09/03/2026 19:00;582.93
09/03/2026 19:15;582.93
09/03/2026 19:30;582.93
09/03/2026 19:45;582.93
09/03/2026 20:00;582.93
09/03/2026 20:15;582.93
09/03/2026 20:30;582.93
09/03/2026 20:45;582.93
09/03/2026 21:00;582.92
09/03/2026 21:15;582.92
09/03/2026 21:30;582.91
09/03/2026 21:45;582.91
09/03/2026 22:00;582.91
09/03/2026 22:15;582.9
09/03/2026 22:30;582.9
09/03/2026 22:45;582.9
09/03/2026 23:00;582.9
09/03/2026 23:15;582.9
09/03/2026 23:30;582.9
09/03/2026 23:45;582.9
10/03/2026 00:00;582.9
10/03/2026 00:15;582.89
10/03/2026 00:30;582.89
10/03/2026 00:45;582.89
10/03/2026 01:00;582.89
10/03/2026 01:15;582.89
10/03/2026 01:30;582.89
10/03/2026 01:45;582.88
10/03/2026 02:00;582.87
10/03/2026 02:15;582.88
10/03/2026 02:30;582.88
10/03/2026 02:45;582.87
10/03/2026 03:00;582.87
10/03/2026 03:15;582.87
10/03/2026 03:30;582.87
10/03/2026 03:45;582.87
10/03/2026 04:00;582.87
10/03/2026 04:15;582.86
10/03/2026 04:30;582.86
10/03/2026 04:45;582.86
10/03/2026 05:00;582.86
10/03/2026 05:15;582.86
10/03/2026 05:30;582.86
10/03/2026 05:45;582.86
10/03/2026 06:00;582.86
10/03/2026 06:15;582.86
10/03/2026 06:30;582.85
10/03/2026 06:45;582.85
10/03/2026 07:00;582.85
10/03/2026 07:15;582.85
10/03/2026 07:30;582.83
10/03/2026 07:45;582.85
10/03/2026 08:00;582.85
10/03/2026 08:15;582.85
10/03/2026 08:30;582.83
10/03/2026 08:45;582.83
10/03/2026 09:00;582.83
10/03/2026 09:15;582.83
10/03/2026 09:30;582.83
10/03/2026 09:45;582.83
10/03/2026 10:00;582.83
10/03/2026 10:15;582.83
10/03/2026 10:30;582.83
10/03/2026 10:45;582.83
10/03/2026 11:00;582.83
10/03/2026 11:15;582.82
10/03/2026 11:30;582.82
10/03/2026 11:45;582.82
10/03/2026 12:00;582.82
10/03/2026 12:15;582.82
10/03/2026 12:30;582.81
10/03/2026 12:45;582.82
10/03/2026 13:00;582.81
10/03/2026 13:15;582.81
10/03/2026 13:30;582.81
10/03/2026 13:45;582.8
10/03/2026 14:00;582.8
10/03/2026 14:15;582.8
10/03/2026 14:30;582.8
10/03/2026 14:45;582.8
10/03/2026 15:00;582.8
10/03/2026 15:15;582.8
10/03/2026 15:30;582.79
10/03/2026 15:45;582.79
10/03/2026 16:00;582.79
10/03/2026 16:15;582.79
10/03/2026 16:30;582.78
10/03/2026 16:45;582.78
10/03/2026 17:00;582.78
10/03/2026 17:15;582.78
10/03/2026 17:30;582.78
10/03/2026 17:45;582.78
10/03/2026 18:00;582.78
10/03/2026 18:15;582.78
10/03/2026 18:30;582.78
10/03/2026 18:45;582.78
10/03/2026 19:00;582.78
10/03/2026 19:15;582.76
10/03/2026 19:30;582.76
10/03/2026 19:45;582.76
10/03/2026 20:00;582.76
10/03/2026 20:15;582.76
10/03/2026 20:30;582.75
10/03/2026 20:45;582.75
10/03/2026 21:00;582.75
10/03/2026 21:15;582.75
10/03/2026 21:30;582.74
10/03/2026 21:45;582.74
10/03/2026 22:00;582.73
10/03/2026 22:15;582.73
10/03/2026 22:30;582.73
10/03/2026 22:45;582.73
10/03/2026 23:00;582.73
10/03/2026 23:15;582.73
10/03/2026 23:30;582.72
10/03/2026 23:45;582.72
11/03/2026 00:00;582.72
11/03/2026 00:15;582.72
11/03/2026 00:30;582.72
11/03/2026 00:45;582.72
11/03/2026 01:00;582.72
11/03/2026 01:15;582.71
11/03/2026 01:30;582.71
11/03/2026 01:45;582.71
11/03/2026 02:00;582.71
11/03/2026 02:15;582.7
11/03/2026 02:30;582.7
11/03/2026 02:45;582.7
11/03/2026 03:00;582.7
11/03/2026 03:15;582.7
11/03/2026 03:30;582.69
11/03/2026 03:45;582.69
11/03/2026 04:00;582.69
11/03/2026 04:15;582.69
11/03/2026 04:30;582.69
11/03/2026 04:45;582.68
11/03/2026 05:00;582.68
11/03/2026 05:15;582.68
11/03/2026 05:30;582.68
11/03/2026 05:45;582.67
11/03/2026 06:00;582.67
11/03/2026 06:15;582.68
11/03/2026 06:30;582.67
11/03/2026 06:45;582.67
11/03/2026 07:00;582.67
11/03/2026 07:15;582.67
11/03/2026 07:30;582.67
11/03/2026 07:45;582.67
11/03/2026 08:00;582.67
11/03/2026 08:15;582.67
11/03/2026 08:30;582.67
11/03/2026 08:45;582.67
11/03/2026 09:00;582.65
11/03/2026 09:15;582.65
11/03/2026 09:30;582.65
11/03/2026 09:45;582.65
11/03/2026 10:00;582.65
11/03/2026 10:15;582.65
11/03/2026 10:30;582.65
11/03/2026 10:45;582.65
11/03/2026 11:00;582.65
11/03/2026 11:15;582.65
11/03/2026 11:30;582.64
11/03/2026 11:45;582.64
11/03/2026 12:00;582.64
11/03/2026 12:15;582.64
11/03/2026 12:30;582.64
11/03/2026 12:45;582.63
11/03/2026 13:00;582.63
11/03/2026 13:15;582.63
11/03/2026 13:30;582.63
11/03/2026 13:45;582.63
11/03/2026 14:00;582.63
11/03/2026 14:15;582.62
11/03/2026 14:30;582.62
11/03/2026 14:45;582.62
11/03/2026 15:00;582.62
11/03/2026 15:15;582.61
11/03/2026 15:30;582.61
11/03/2026 15:45;582.62
11/03/2026 16:00;582.62
11/03/2026 16:15;582.61
11/03/2026 16:30;582.61
11/03/2026 16:45;582.61
11/03/2026 17:00;582.61
11/03/2026 17:15;582.61
11/03/2026 17:30;582.6
11/03/2026 17:45;582.6
11/03/2026 18:00;582.6
11/03/2026 18:15;582.6
11/03/2026 18:30;582.6
11/03/2026 18:45;582.6
11/03/2026 19:00;582.6
11/03/2026 19:15;582.6
11/03/2026 19:30;582.6
11/03/2026 19:45;582.6
11/03/2026 20:00;582.6
11/03/2026 20:15;582.58
11/03/2026 20:30;582.57
11/03/2026 20:45;582.57
11/03/2026 21:00;582.57
11/03/2026 21:15;582.57
11/03/2026 21:30;582.56
11/03/2026 21:45;582.57
11/03/2026 22:00;582.55
11/03/2026 22:15;582.56
11/03/2026 22:30;582.56
11/03/2026 22:45;582.56
11/03/2026 23:00;582.55
11/03/2026 23:15;582.55
11/03/2026 23:30;582.55
11/03/2026 23:45;582.55
12/03/2026 00:00;582.55
12/03/2026 00:15;582.54
12/03/2026 00:30;582.54
12/03/2026 00:45;582.54
12/03/2026 01:00;582.54
12/03/2026 01:15;582.54
12/03/2026 01:30;582.54
12/03/2026 01:45;582.53
12/03/2026 02:00;582.53
12/03/2026 02:15;582.53
12/03/2026 02:30;582.52
12/03/2026 02:45;582.52
12/03/2026 03:00;582.52
12/03/2026 03:15;582.52
12/03/2026 03:30;582.51
12/03/2026 03:45;582.52
12/03/2026 04:00;582.51
12/03/2026 04:15;582.51
12/03/2026 04:30;582.51
12/03/2026 04:45;582.51
12/03/2026 05:00;582.51
12/03/2026 05:15;582.51
12/03/2026 05:30;582.51
12/03/2026 05:45;582.49
12/03/2026 06:00;582.51
12/03/2026 06:15;582.5
12/03/2026 06:30;582.49
12/03/2026 06:45;582.49
12/03/2026 07:00;582.5
12/03/2026 07:15;582.49
12/03/2026 07:30;582.49
12/03/2026 07:45;582.49
12/03/2026 08:00;582.49
12/03/2026 08:15;582.49
12/03/2026 08:30;582.49
12/03/2026 08:45;582.49
12/03/2026 09:00;582.49
12/03/2026 09:15;582.49
12/03/2026 09:30;582.47
12/03/2026 09:45;582.47
12/03/2026 10:00;582.47
12/03/2026 10:15;582.47
12/03/2026 10:30;582.47
12/03/2026 10:45;582.47
12/03/2026 11:00;582.47
12/03/2026 11:15;582.47
12/03/2026 11:30;582.47
12/03/2026 11:45;582.47
12/03/2026 12:00;582.47
12/03/2026 12:15;582.47
12/03/2026 12:30;582.47
12/03/2026 12:45;582.47
12/03/2026 13:00;582.49
12/03/2026 13:15;582.49
12/03/2026 13:30;582.49
12/03/2026 13:45;582.47
12/03/2026 14:00;582.49
12/03/2026 14:15;582.49
12/03/2026 14:30;582.49
12/03/2026 14:45;582.49
12/03/2026 15:00;582.49
12/03/2026 15:15;582.49
12/03/2026 15:30;582.49
12/03/2026 15:45;582.49
12/03/2026 16:00;582.49
12/03/2026 16:15;582.49
12/03/2026 16:30;582.49
12/03/2026 16:45;582.49
12/03/2026 17:00;582.49
12/03/2026 17:15;582.49
12/03/2026 17:30;582.49
12/03/2026 17:45;582.49
12/03/2026 18:00;582.49
12/03/2026 18:15;582.49
12/03/2026 18:30;582.49
12/03/2026 18:45;582.49
12/03/2026 19:00;582.49
12/03/2026 19:15;582.49
12/03/2026 19:30;582.47
12/03/2026 19:45;582.47
12/03/2026 20:00;582.47
12/03/2026 20:15;582.47
12/03/2026 20:30;582.47
12/03/2026 20:45;582.46
12/03/2026 21:00;582.46
12/03/2026 21:15;582.45
12/03/2026 21:30;582.45
12/03/2026 21:45;582.45
12/03/2026 22:00;582.45
12/03/2026 22:15;582.44
12/03/2026 22:30;582.44
12/03/2026 22:45;582.44
12/03/2026 23:00;582.44
12/03/2026 23:15;582.44
12/03/2026 23:30;582.44
12/03/2026 23:45;582.43
13/03/2026 00:00;582.43
13/03/2026 00:15;582.43
13/03/2026 00:30;582.42
13/03/2026 00:45;582.42
13/03/2026 01:00;582.42
13/03/2026 01:15;582.42
13/03/2026 01:30;582.42
13/03/2026 01:45;582.42
13/03/2026 02:00;582.42
13/03/2026 02:15;582.42
13/03/2026 02:30;582.42
13/03/2026 02:45;582.4
13/03/2026 03:00;582.42
13/03/2026 03:15;582.42
13/03/2026 03:30;582.4
13/03/2026 03:45;582.4
13/03/2026 04:00;582.4
13/03/2026 04:15;582.4
13/03/2026 04:30;582.4
13/03/2026 04:45;582.39
13/03/2026 05:00;582.39
13/03/2026 05:15;582.39
13/03/2026 05:30;582.39
13/03/2026 05:45;582.39
13/03/2026 06:00;582.39
13/03/2026 06:15;582.39
13/03/2026 06:30;582.39
13/03/2026 06:45;582.38
13/03/2026 07:00;582.38
13/03/2026 07:15;582.38
13/03/2026 07:30;582.38
13/03/2026 07:45;582.38
13/03/2026 08:00;582.38
13/03/2026 08:15;582.36
13/03/2026 08:30;582.36
13/03/2026 08:45;582.36
13/03/2026 09:00;582.36
13/03/2026 09:15;582.36
13/03/2026 09:30;582.36
13/03/2026 09:45;582.38
13/03/2026 10:00;582.38
13/03/2026 10:15;582.38
13/03/2026 10:30;582.38
13/03/2026 10:45;582.38
13/03/2026 11:00;582.38
13/03/2026 11:15;582.38
13/03/2026 11:30;582.38
13/03/2026 11:45;582.38
13/03/2026 12:00;582.38
13/03/2026 12:15;582.38
13/03/2026 12:30;582.39
13/03/2026 12:45;582.38
13/03/2026 13:00;582.39
13/03/2026 13:15;582.39
13/03/2026 13:30;582.39
13/03/2026 13:45;582.39
13/03/2026 14:00;582.39
13/03/2026 14:15;582.39
13/03/2026 14:30;582.39
13/03/2026 14:45;582.39
